@timestamp,@billedDuration,@duration,@initDuration,@memorySize
2026-05-29 12:27:06.498,3,2.13,,512000000
2026-05-29 12:27:06.291,2,1.64,,512000000
2026-05-29 12:27:05.787,3,2.06,,512000000
2026-05-29 12:27:04.331,2,1.77,,512000000
2026-05-29 12:27:04.307,3,2.01,,512000000
2026-05-29 12:27:03.310,3,2.49,,512000000
2026-05-29 12:27:02.734,3,2.09,,512000000
2026-05-29 12:27:02.040,2,1.74,,512000000
2026-05-29 12:27:02.026,31,30.86,,512000000
2026-05-29 12:27:00.820,2,1.7,,512000000
2026-05-29 12:27:00.573,3,2.25,,512000000
2026-05-29 12:26:59.988,2,1.99,,512000000
2026-05-29 12:26:59.203,2,1.68,,512000000
2026-05-29 12:26:59.138,3,2.05,,512000000
2026-05-29 12:26:58.930,2,1.66,,512000000
2026-05-29 12:26:58.672,2,1.69,,512000000
2026-05-29 12:26:58.361,2,1.83,,512000000
2026-05-29 12:26:57.862,2,1.98,,512000000
2026-05-29 12:26:57.141,2,1.51,,512000000
2026-05-29 12:26:56.764,2,1.8,,512000000
2026-05-29 12:26:56.659,2,1.66,,512000000
2026-05-29 12:26:56.621,2,1.79,,512000000
2026-05-29 12:26:55.993,2,1.91,,512000000
2026-05-29 12:26:55.636,2,1.8,,512000000
2026-05-29 12:26:54.556,3,2.07,,512000000
2026-05-29 12:26:54.548,2,1.81,,512000000
2026-05-29 12:26:54.354,3,2.14,,512000000
2026-05-29 12:26:53.727,2,1.95,,512000000
2026-05-29 12:26:53.475,2,1.81,,512000000
2026-05-29 12:26:52.521,2,1.81,,512000000
2026-05-29 12:26:52.477,3,2.08,,512000000
2026-05-29 12:26:52.300,2,1.61,,512000000
2026-05-29 12:26:52.164,2,1.66,,512000000
2026-05-29 12:26:51.865,2,1.85,,512000000
2026-05-29 12:26:50.734,2,1.98,,512000000
2026-05-29 12:26:50.471,2,1.88,,512000000
2026-05-29 12:26:50.400,2,1.84,,512000000
2026-05-29 12:26:50.360,2,1.9,,512000000
2026-05-29 12:26:49.826,2,1.8,,512000000
2026-05-29 12:26:49.066,2,1.95,,512000000
2026-05-29 12:26:48.828,2,1.67,,512000000
2026-05-29 12:26:48.538,2,1.8,,512000000
2026-05-29 12:26:48.490,3,2.22,,512000000
2026-05-29 12:26:48.264,3,2.13,,512000000
2026-05-29 12:26:47.433,2,1.88,,512000000
2026-05-29 12:26:47.053,2,1.72,,512000000
2026-05-29 12:26:46.926,2,1.97,,512000000
2026-05-29 12:26:46.348,3,2.03,,512000000
2026-05-29 12:26:46.253,2,1.8,,512000000
2026-05-29 12:26:45.892,3,2.24,,512000000
2026-05-29 12:26:45.668,2,1.73,,512000000
2026-05-29 12:26:44.875,2,1.73,,512000000
2026-05-29 12:26:44.786,22,21.91,,512000000
2026-05-29 12:26:44.762,2,2,,512000000
2026-05-29 12:26:44.288,2,1.76,,512000000
2026-05-29 12:26:43.992,2,1.88,,512000000
2026-05-29 12:26:43.196,4,3.45,,512000000
2026-05-29 12:26:42.937,3,2.67,,512000000
2026-05-29 12:26:42.684,2,1.97,,512000000
2026-05-29 12:26:42.298,36,35.44,,512000000
2026-05-29 12:26:42.272,42,41.29,,512000000
2026-05-29 12:26:41.111,2,1.84,,512000000
2026-05-29 12:26:41.023,3,2.57,,512000000
2026-05-29 12:26:40.987,2,2,,512000000
2026-05-29 12:26:40.469,3,2.23,,512000000
2026-05-29 12:26:40.381,3,2.01,,512000000
2026-05-29 12:26:39.510,3,2.1,,512000000
2026-05-29 12:26:39.169,2,1.87,,512000000
2026-05-29 12:26:38.693,2,1.78,,512000000
2026-05-29 12:26:38.669,2,1.97,,512000000
2026-05-29 12:26:38.289,3,2.73,,512000000
2026-05-29 12:26:37.940,2,1.98,,512000000
2026-05-29 12:26:36.919,2,1.7,,512000000
2026-05-29 12:26:36.800,2,1.58,,512000000
2026-05-29 12:26:36.541,3,2.02,,512000000
2026-05-29 12:26:36.182,2,1.79,,512000000
2026-05-29 12:26:36.022,2,1.88,,512000000
2026-05-29 12:26:35.560,2,1.71,,512000000
2026-05-29 12:26:35.308,2,1.73,,512000000
2026-05-29 12:26:35.056,2,1.77,,512000000
2026-05-29 12:26:34.745,3,2.06,,512000000
2026-05-29 12:26:34.548,2,1.76,,512000000
2026-05-29 12:26:34.006,3,2.24,,512000000
2026-05-29 12:26:33.488,3,2.35,,512000000
2026-05-29 12:26:33.221,2,1.98,,512000000
2026-05-29 12:26:32.392,3,2.01,,512000000
2026-05-29 12:26:32.219,3,2.34,,512000000
2026-05-29 12:26:32.007,19,18.14,,512000000
2026-05-29 12:26:31.679,2,1.9,,512000000
2026-05-29 12:26:31.312,9,8.09,,512000000
2026-05-29 12:26:30.320,2,1.77,,512000000
2026-05-29 12:26:30.083,2,1.89,,512000000
2026-05-29 12:26:30.041,2,1.61,,512000000
2026-05-29 12:26:29.551,3,2.01,,512000000
2026-05-29 12:26:29.327,2,1.62,,512000000
2026-05-29 12:26:28.875,2,1.93,,512000000
2026-05-29 12:26:28.410,2,1.69,,512000000
2026-05-29 12:26:28.081,2,1.78,,512000000
2026-05-29 12:26:27.888,2,1.67,,512000000
2026-05-29 12:26:27.867,2,1.75,,512000000
2026-05-29 12:26:27.233,3,2.11,,512000000
2026-05-29 12:26:26.634,2,1.62,,512000000
2026-05-29 12:26:26.278,2,1.75,,512000000
2026-05-29 12:26:26.046,2,1.99,,512000000
2026-05-29 12:26:25.802,3,2.08,,512000000
2026-05-29 12:26:25.168,2,1.74,,512000000
2026-05-29 12:26:25.043,3,2.24,,512000000
2026-05-29 12:26:24.645,2,1.98,,512000000
2026-05-29 12:26:24.616,2,1.55,,512000000
2026-05-29 12:26:23.634,2,1.6,,512000000
2026-05-29 12:26:23.421,2,1.93,,512000000
2026-05-29 12:26:23.282,3,2.11,,512000000
2026-05-29 12:26:23.066,2,1.68,,512000000
2026-05-29 12:26:22.498,2,1.5,,512000000
2026-05-29 12:26:22.046,2,1.99,,512000000
2026-05-29 12:26:21.649,2,1.93,,512000000
2026-05-29 12:26:21.579,2,1.93,,512000000
2026-05-29 12:26:21.565,2,1.93,,512000000
2026-05-29 12:26:20.510,2,1.82,,512000000
2026-05-29 12:26:20.394,30,29.22,,512000000
2026-05-29 12:26:20.220,2,1.99,,512000000
2026-05-29 12:26:20.102,3,2.16,,512000000
2026-05-29 12:26:19.312,2,1.81,,512000000
2026-05-29 12:26:18.737,2,1.95,,512000000
2026-05-29 12:26:18.568,3,2.13,,512000000
2026-05-29 12:26:18.410,2,1.7,,512000000
2026-05-29 12:26:18.006,2,1.76,,512000000
2026-05-29 12:26:17.511,2,1.84,,512000000
2026-05-29 12:26:16.714,2,1.93,,512000000
2026-05-29 12:26:16.500,3,2.16,,512000000
2026-05-29 12:26:16.438,2,1.97,,512000000
2026-05-29 12:26:16.085,2,1.62,,512000000
2026-05-29 12:26:16.017,2,1.6,,512000000
2026-05-29 12:26:15.273,4,3.76,,512000000
2026-05-29 12:26:15.084,4,3.89,,512000000
2026-05-29 12:26:14.511,3,2.37,,512000000
2026-05-29 12:26:14.496,3,2.01,,512000000
2026-05-29 12:26:13.801,3,2.1,,512000000
2026-05-29 12:26:13.571,2,1.88,,512000000
2026-05-29 12:26:13.091,15,14.04,,512000000
2026-05-29 12:26:12.908,3,2.18,,512000000
2026-05-29 12:26:12.739,4,3.46,,512000000
2026-05-29 12:26:12.154,2,1.99,,512000000
2026-05-29 12:26:11.652,14,13.11,,512000000
2026-05-29 12:26:11.225,9,8.9,,512000000
2026-05-29 12:26:11.206,3,2.11,,512000000
2026-05-29 12:26:10.909,2,1.66,,512000000
2026-05-29 12:26:09.808,2,1.72,,512000000
2026-05-29 12:26:09.798,3,2.1,,512000000
2026-05-29 12:26:09.747,2,1.61,,512000000
2026-05-29 12:26:09.595,2,1.77,,512000000
2026-05-29 12:26:09.309,2,1.86,,512000000
2026-05-29 12:26:08.319,2,1.56,,512000000
2026-05-29 12:26:08.206,2,1.62,,512000000
2026-05-29 12:26:07.719,2,1.94,,512000000
2026-05-29 12:26:07.606,28,27.07,,512000000
2026-05-29 12:26:07.365,3,3,,512000000
2026-05-29 12:26:06.544,2,1.77,,512000000
2026-05-29 12:26:06.306,10,9.94,,512000000
2026-05-29 12:26:05.774,2,1.63,,512000000
2026-05-29 12:26:05.646,12,11.17,,512000000
2026-05-29 12:26:05.252,2,1.91,,512000000
2026-05-29 12:26:04.781,3,2.81,,512000000
2026-05-29 12:26:04.339,2,1.67,,512000000
2026-05-29 12:26:04.255,2,1.69,,512000000
2026-05-29 12:26:03.941,2,1.71,,512000000
2026-05-29 12:26:03.033,3,2.05,,512000000
2026-05-29 12:26:02.959,2,1.67,,512000000
2026-05-29 12:26:02.800,2,1.82,,512000000
2026-05-29 12:26:02.625,3,2.16,,512000000
2026-05-29 12:26:02.493,2,1.62,,512000000
2026-05-29 12:26:01.400,2,1.92,,512000000
2026-05-29 12:26:01.253,22,21.8,,512000000
2026-05-29 12:26:00.738,2,1.78,,512000000
2026-05-29 12:26:00.705,3,2.02,,512000000
2026-05-29 12:26:00.431,2,1.88,,512000000
2026-05-29 12:26:00.091,13,12.67,,512000000
2026-05-29 12:25:59.368,2,1.66,,512000000
2026-05-29 12:25:59.234,2,1.86,,512000000
2026-05-29 12:25:59.078,3,2.11,,512000000
2026-05-29 12:25:58.371,3,2.18,,512000000
2026-05-29 12:25:57.981,2,1.63,,512000000
2026-05-29 12:25:57.844,2,1.73,,512000000
2026-05-29 12:25:57.485,2,1.96,,512000000
2026-05-29 12:25:57.431,11,10.07,,512000000
2026-05-29 12:25:56.086,3,2.34,,512000000
2026-05-29 12:25:55.864,2,1.62,,512000000
2026-05-29 12:25:55.775,2,1.89,,512000000
2026-05-29 12:25:55.676,3,2.01,,512000000
2026-05-29 12:25:55.243,2,1.86,,512000000
2026-05-29 12:25:53.909,2,1.86,,512000000
2026-05-29 12:25:53.876,2,1.92,,512000000
2026-05-29 12:25:53.791,3,2.29,,512000000
2026-05-29 12:25:53.765,2,1.6,,512000000
2026-05-29 12:25:53.290,2,1.7,,512000000
2026-05-29 12:25:52.127,2,1.99,,512000000
2026-05-29 12:25:51.989,2,1.77,,512000000
2026-05-29 12:25:51.970,2,1.71,,512000000
2026-05-29 12:25:51.898,3,2,,512000000
2026-05-29 12:25:51.499,2,1.77,,512000000
2026-05-29 12:25:50.595,2,1.97,,512000000
2026-05-29 12:25:50.581,3,2.08,,512000000
2026-05-29 12:25:50.140,2,1.87,,512000000
2026-05-29 12:25:50.053,3,2.03,,512000000
2026-05-29 12:25:50.052,2,1.99,,512000000
2026-05-29 12:25:49.178,2,1.7,,512000000
2026-05-29 12:25:49.009,2,1.92,,512000000
2026-05-29 12:25:48.477,2,1.79,,512000000
2026-05-29 12:25:48.316,2,1.7,,512000000
2026-05-29 12:25:48.059,3,2.02,,512000000
2026-05-29 12:25:47.361,2,1.97,,512000000
2026-05-29 12:25:47.356,2,1.53,,512000000
2026-05-29 12:25:46.870,2,1.77,,512000000
2026-05-29 12:25:46.391,3,2.29,,512000000
2026-05-29 12:25:46.135,3,2.05,,512000000
2026-05-29 12:25:45.340,2,1.65,,512000000
2026-05-29 12:25:45.238,2,1.71,,512000000
2026-05-29 12:25:45.234,3,2.35,,512000000
2026-05-29 12:25:45.130,2,1.6,,512000000
2026-05-29 12:25:44.261,2,1.94,,512000000
2026-05-29 12:25:43.779,3,2.05,,512000000
2026-05-29 12:25:43.719,3,2.04,,512000000
2026-05-29 12:25:43.409,3,2.39,,512000000
2026-05-29 12:25:43.255,2,2,,512000000
2026-05-29 12:25:42.672,2,1.91,,512000000
2026-05-29 12:25:41.695,2,1.68,,512000000
2026-05-29 12:25:41.639,3,2,,512000000
2026-05-29 12:25:41.568,2,1.63,,512000000
2026-05-29 12:25:41.148,3,2.18,,512000000
2026-05-29 12:25:40.902,2,1.63,,512000000
2026-05-29 12:25:40.073,2,1.59,,512000000
2026-05-29 12:25:40.057,2,1.99,,512000000
2026-05-29 12:25:39.573,24,23.53,,512000000
2026-05-29 12:25:38.892,2,1.92,,512000000
2026-05-29 12:25:38.775,4,3.77,,512000000
2026-05-29 12:25:38.192,3,2.27,,512000000
2026-05-29 12:25:37.951,2,1.81,,512000000
2026-05-29 12:25:37.871,2,1.67,,512000000
2026-05-29 12:25:36.770,2,1.71,,512000000
2026-05-29 12:25:36.746,2,1.92,,512000000
2026-05-29 12:25:36.703,2,1.86,,512000000
2026-05-29 12:25:36.553,6,5.36,,512000000
2026-05-29 12:25:35.783,2,1.72,,512000000
2026-05-29 12:25:35.255,2,1.67,,512000000
2026-05-29 12:25:34.842,2,1.6,,512000000
2026-05-29 12:25:34.605,2,1.95,,512000000
2026-05-29 12:25:34.468,5,4.43,,512000000
2026-05-29 12:25:34.408,4,3.14,,512000000
2026-05-29 12:25:33.817,2,1.95,,512000000
2026-05-29 12:25:33.079,2,1.67,,512000000
2026-05-29 12:25:33.000,2,1.81,,512000000
2026-05-29 12:25:32.954,3,2.65,,512000000
2026-05-29 12:25:32.803,3,2.09,,512000000
2026-05-29 12:25:32.176,2,1.87,,512000000
2026-05-29 12:25:31.531,4,3.18,,512000000
2026-05-29 12:25:31.367,2,1.67,,512000000
2026-05-29 12:25:31.357,3,2.1,,512000000
2026-05-29 12:25:30.958,10,9.32,,512000000
2026-05-29 12:25:30.081,2,1.59,,512000000
2026-05-29 12:25:30.066,26,25.71,,512000000
2026-05-29 12:25:29.589,2,1.9,,512000000
2026-05-29 12:25:29.311,45,44.77,,512000000
2026-05-29 12:25:28.959,3,2.05,,512000000
2026-05-29 12:25:28.129,2,1.78,,512000000
2026-05-29 12:25:28.101,2,1.71,,512000000
2026-05-29 12:25:27.984,2,1.82,,512000000
2026-05-29 12:25:27.690,2,1.85,,512000000
2026-05-29 12:25:27.422,3,2.05,,512000000
2026-05-29 12:25:26.233,2,1.67,,512000000
2026-05-29 12:25:26.079,2,1.74,,512000000
2026-05-29 12:25:26.000,3,2.17,,512000000
2026-05-29 12:25:25.915,3,2.09,,512000000
2026-05-29 12:25:25.504,2,1.89,,512000000
2026-05-29 12:25:24.358,2,1.69,,512000000
2026-05-29 12:25:24.298,2,1.55,,512000000
2026-05-29 12:25:24.045,2,1.65,,512000000
2026-05-29 12:25:23.808,2,1.63,,512000000
2026-05-29 12:25:23.554,2,1.9,,512000000
2026-05-29 12:25:22.439,2,1.63,,512000000
2026-05-29 12:25:22.374,2,1.63,,512000000
2026-05-29 12:25:22.225,3,2.08,,512000000
2026-05-29 12:25:21.969,2,1.61,,512000000
2026-05-29 12:25:21.388,2,1.93,,512000000
2026-05-29 12:25:21.246,2,1.71,,512000000
2026-05-29 12:25:20.630,3,2.07,,512000000
2026-05-29 12:25:20.599,3,2.11,,512000000
2026-05-29 12:25:19.732,3,2.19,,512000000
2026-05-29 12:25:19.635,2,1.94,,512000000
2026-05-29 12:25:19.352,3,2.02,,512000000
2026-05-29 12:25:19.212,2,1.81,,512000000
2026-05-29 12:25:18.778,2,1.82,,512000000
2026-05-29 12:25:17.964,2,1.83,,512000000
2026-05-29 12:25:17.670,3,2.52,,512000000
2026-05-29 12:25:17.600,2,1.66,,512000000
2026-05-29 12:25:16.870,20,19.61,,512000000
2026-05-29 12:25:16.832,3,2.13,,512000000
2026-05-29 12:25:16.222,3,2.23,,512000000
2026-05-29 12:25:15.433,2,1.8,,512000000
2026-05-29 12:25:15.323,3,2.11,,512000000
2026-05-29 12:25:15.274,2,1.83,,512000000
2026-05-29 12:25:14.668,2,1.66,,512000000
2026-05-29 12:25:14.553,3,2.13,,512000000
2026-05-29 12:25:13.849,3,2.04,,512000000
2026-05-29 12:25:13.279,2,1.95,,512000000
2026-05-29 12:25:13.255,3,2.03,,512000000
2026-05-29 12:25:13.088,2,1.76,,512000000
2026-05-29 12:25:12.602,3,2.16,,512000000
2026-05-29 12:25:11.881,2,1.68,,512000000
2026-05-29 12:25:11.727,19,18.8,,512000000
2026-05-29 12:25:11.333,3,2.19,,512000000
2026-05-29 12:25:10.917,3,2.17,,512000000
2026-05-29 12:25:10.429,2,1.9,,512000000
2026-05-29 12:25:10.263,2,1.83,,512000000
2026-05-29 12:25:10.158,3,2.21,,512000000
2026-05-29 12:25:09.624,2,1.69,,512000000
2026-05-29 12:25:08.946,13,12.08,,512000000
2026-05-29 12:25:08.658,2,1.96,,512000000
2026-05-29 12:25:08.643,2,1.96,,512000000
2026-05-29 12:25:08.271,2,1.84,,512000000
2026-05-29 12:25:08.136,15,14.75,,512000000
2026-05-29 12:25:07.309,3,2.06,,512000000
2026-05-29 12:25:06.861,2,1.73,,512000000
2026-05-29 12:25:06.513,3,2.1,,512000000
2026-05-29 12:25:06.462,2,1.78,,512000000
2026-05-29 12:25:06.016,2,1.6,,512000000
2026-05-29 12:25:05.101,4,3.24,,512000000
2026-05-29 12:25:04.714,2,1.86,,512000000
2026-05-29 12:25:04.615,2,1.91,,512000000
2026-05-29 12:25:04.470,2,1.68,,512000000
2026-05-29 12:25:03.703,2,1.75,,512000000
2026-05-29 12:25:02.910,3,2.41,,512000000
2026-05-29 12:25:02.828,2,1.89,,512000000
2026-05-29 12:25:02.673,2,1.94,,512000000
2026-05-29 12:25:02.358,3,2.22,,512000000
2026-05-29 12:25:01.460,2,1.85,,512000000
2026-05-29 12:25:01.272,2,1.64,,512000000
2026-05-29 12:25:00.981,3,2.09,,512000000
2026-05-29 12:25:00.890,2,1.65,,512000000
2026-05-29 12:25:00.657,2,1.94,,512000000
2026-05-29 12:24:59.361,3,2.1,,512000000
2026-05-29 12:24:59.158,2,1.75,,512000000
2026-05-29 12:24:59.150,3,2.07,,512000000
2026-05-29 12:24:59.105,3,2.09,,512000000
2026-05-29 12:24:58.440,3,2.12,,512000000
2026-05-29 12:24:57.669,2,1.7,,512000000
2026-05-29 12:24:57.605,2,1.96,,512000000
2026-05-29 12:24:57.271,2,1.9,,512000000
2026-05-29 12:24:57.252,2,1.65,,512000000
2026-05-29 12:24:56.291,3,2.13,,512000000
2026-05-29 12:24:56.003,2,1.69,,512000000
2026-05-29 12:24:55.902,3,2,,512000000
2026-05-29 12:24:55.270,2,1.59,,512000000
2026-05-29 12:24:55.230,2,1.99,,512000000
2026-05-29 12:24:54.896,2,1.98,,512000000
2026-05-29 12:24:53.955,2,1.74,,512000000
2026-05-29 12:24:53.831,2,1.79,,512000000
2026-05-29 12:24:53.665,3,2.19,,512000000
2026-05-29 12:24:53.562,2,1.75,,512000000
2026-05-29 12:24:53.491,2,1.85,,512000000
2026-05-29 12:24:52.799,3,2.03,,512000000
2026-05-29 12:24:52.125,6,5.13,,512000000
2026-05-29 12:24:52.103,2,1.81,,512000000
2026-05-29 12:24:52.074,2,1.86,,512000000
2026-05-29 12:24:51.797,3,2.32,,512000000
2026-05-29 12:24:50.726,2,1.85,,512000000
2026-05-29 12:24:50.652,3,2.75,,512000000
2026-05-29 12:24:50.448,3,2.03,,512000000
2026-05-29 12:24:50.227,2,1.77,,512000000
2026-05-29 12:24:49.535,2,1.92,,512000000
2026-05-29 12:24:49.094,2,2,,512000000
2026-05-29 12:24:48.726,2,1.66,,512000000
2026-05-29 12:24:48.711,4,3.94,,512000000
2026-05-29 12:24:48.257,3,2.01,,512000000
2026-05-29 12:24:47.737,3,2.13,,512000000
2026-05-29 12:24:47.014,2,1.98,,512000000
2026-05-29 12:24:46.849,2,1.78,,512000000
2026-05-29 12:24:46.395,3,2.12,,512000000
2026-05-29 12:24:46.290,2,1.79,,512000000
2026-05-29 12:24:45.743,2,1.75,,512000000
2026-05-29 12:24:45.519,2,1.74,,512000000
2026-05-29 12:24:45.278,2,1.97,,512000000
2026-05-29 12:24:44.989,3,2.12,,512000000
2026-05-29 12:24:44.904,3,2.04,,512000000
2026-05-29 12:24:43.783,3,2.12,,512000000
2026-05-29 12:24:43.516,2,1.67,,512000000
2026-05-29 12:24:43.349,2,1.62,,512000000
2026-05-29 12:24:43.290,2,1.95,,512000000
2026-05-29 12:24:43.281,2,1.75,,512000000
2026-05-29 12:24:41.905,2,1.86,,512000000
2026-05-29 12:24:41.865,3,2.08,,512000000
2026-05-29 12:24:41.662,2,1.96,,512000000
2026-05-29 12:24:41.260,2,2,,512000000
2026-05-29 12:24:41.183,2,1.76,,512000000
2026-05-29 12:24:40.239,2,1.7,,512000000
2026-05-29 12:24:40.237,3,2,,512000000
2026-05-29 12:24:39.608,2,1.75,,512000000
2026-05-29 12:24:39.428,2,1.92,,512000000
2026-05-29 12:24:39.250,2,1.56,,512000000
2026-05-29 12:24:38.257,3,2.14,,512000000
2026-05-29 12:24:38.208,2,1.84,,512000000
2026-05-29 12:24:37.812,2,1.98,,512000000
2026-05-29 12:24:37.246,2,1.5,,512000000
2026-05-29 12:24:37.224,2,1.95,,512000000
2026-05-29 12:24:36.976,2,1.65,,512000000
2026-05-29 12:24:36.279,2,1.85,,512000000
2026-05-29 12:24:35.779,3,2.09,,512000000
2026-05-29 12:24:35.142,2,2,,512000000
2026-05-29 12:24:34.843,2,1.88,,512000000
2026-05-29 12:24:34.823,5,4.27,,512000000
2026-05-29 12:24:34.455,3,2,,512000000
2026-05-29 12:24:34.145,2,1.74,,512000000
2026-05-29 12:24:33.973,2,1.73,,512000000
2026-05-29 12:24:33.281,2,1.93,,512000000
2026-05-29 12:24:32.922,2,1.84,,512000000
2026-05-29 12:24:32.814,2,1.83,,512000000
2026-05-29 12:24:32.443,2,1.69,,512000000
2026-05-29 12:24:31.683,2,1.84,,512000000
2026-05-29 12:24:31.554,2,1.74,,512000000
2026-05-29 12:24:31.105,2,1.66,,512000000
2026-05-29 12:24:31.080,2,1.76,,512000000
2026-05-29 12:24:30.318,3,2.14,,512000000
2026-05-29 12:24:29.849,2,1.94,,512000000
2026-05-29 12:24:29.706,7,6.27,,512000000
2026-05-29 12:24:29.485,2,1.69,,512000000
2026-05-29 12:24:29.471,2,1.75,,512000000
2026-05-29 12:24:28.525,2,1.89,,512000000
2026-05-29 12:24:28.249,2,1.94,,512000000
2026-05-29 12:24:27.538,2,1.91,,512000000
2026-05-29 12:24:27.350,2,1.67,,512000000
2026-05-29 12:24:27.254,2,1.9,,512000000
2026-05-29 12:24:26.816,2,1.92,,512000000
2026-05-29 12:24:26.656,2,1.84,,512000000
2026-05-29 12:24:25.802,2,1.84,,512000000
2026-05-29 12:24:25.514,2,1.74,,512000000
2026-05-29 12:24:24.992,2,1.68,,512000000
2026-05-29 12:24:24.908,3,2.21,,512000000
2026-05-29 12:24:24.456,2,1.87,,512000000
2026-05-29 12:24:23.597,2,1.99,,512000000
2026-05-29 12:24:23.569,2,1.65,,512000000
2026-05-29 12:24:23.175,3,2.03,,512000000
2026-05-29 12:24:22.625,2,1.98,,512000000
2026-05-29 12:24:22.108,2,1.76,,512000000
2026-05-29 12:24:22.079,17,16.03,,512000000
2026-05-29 12:24:21.895,3,2.03,,512000000
2026-05-29 12:24:21.107,4,3.35,,512000000
2026-05-29 12:24:20.745,2,1.91,,512000000
2026-05-29 12:24:20.658,2,1.79,,512000000
2026-05-29 12:24:19.702,2,1.67,,512000000
2026-05-29 12:24:19.662,2,1.88,,512000000
2026-05-29 12:24:19.246,14,13.84,,512000000
2026-05-29 12:24:18.998,3,2.19,,512000000
2026-05-29 12:24:18.898,2,1.92,,512000000
2026-05-29 12:24:17.810,2,1.93,,512000000
2026-05-29 12:24:17.775,2,1.78,,512000000
2026-05-29 12:24:17.398,2,1.77,,512000000
2026-05-29 12:24:17.168,2,1.7,,512000000
2026-05-29 12:24:16.954,3,2.22,,512000000
2026-05-29 12:24:16.336,2,1.98,,512000000
2026-05-29 12:24:15.586,2,1.82,,512000000
2026-05-29 12:24:15.455,2,1.92,,512000000
2026-05-29 12:24:15.179,2,1.99,,512000000
2026-05-29 12:24:14.766,2,1.82,,512000000
2026-05-29 12:24:14.200,3,2.09,,512000000
2026-05-29 12:24:13.739,2,1.67,,512000000
2026-05-29 12:24:13.692,2,1.88,,512000000
2026-05-29 12:24:13.249,2,1.69,,512000000
2026-05-29 12:24:12.500,3,2.13,,512000000
2026-05-29 12:24:12.178,20,19.45,,512000000
2026-05-29 12:24:11.878,3,2.02,,512000000
2026-05-29 12:24:11.750,2,1.69,,512000000
2026-05-29 12:24:11.208,3,2.09,,512000000
2026-05-29 12:24:10.741,2,1.99,,512000000
2026-05-29 12:24:10.498,2,1.71,,512000000
2026-05-29 12:24:10.454,3,2.28,,512000000
2026-05-29 12:24:10.080,5,4.4,,512000000
2026-05-29 12:24:09.686,2,1.95,,512000000
2026-05-29 12:24:08.915,3,2.97,,512000000
2026-05-29 12:24:08.901,3,2.02,,512000000
2026-05-29 12:24:08.895,2,1.67,,512000000
2026-05-29 12:24:08.662,2,1.77,,512000000
2026-05-29 12:24:08.050,3,2.05,,512000000
2026-05-29 12:24:07.568,3,2.02,,512000000
2026-05-29 12:24:06.847,18,17.83,,512000000
2026-05-29 12:24:06.790,5,4.8,,512000000
2026-05-29 12:24:06.758,3,2.18,,512000000
2026-05-29 12:24:06.437,2,1.67,,512000000
2026-05-29 12:24:06.331,2,1.95,,512000000
2026-05-29 12:24:04.747,2,1.95,,512000000
2026-05-29 12:24:04.706,2,1.9,,512000000
2026-05-29 12:24:04.607,2,1.85,,512000000
2026-05-29 12:24:04.503,2,1.88,,512000000
2026-05-29 12:24:04.474,3,2.08,,512000000
2026-05-29 12:24:03.094,3,2.18,,512000000
2026-05-29 12:24:02.948,3,2.12,,512000000
2026-05-29 12:24:02.633,3,2.04,,512000000
2026-05-29 12:24:02.537,2,1.85,,512000000
2026-05-29 12:24:02.119,2,1.86,,512000000
2026-05-29 12:24:01.093,2,1.8,,512000000
2026-05-29 12:24:01.000,2,1.69,,512000000
2026-05-29 12:24:00.961,3,2.12,,512000000
2026-05-29 12:24:00.756,2,1.83,,512000000
2026-05-29 12:24:00.617,3,2.12,,512000000
2026-05-29 12:23:59.512,2,1.64,,512000000
2026-05-29 12:23:59.480,3,2.03,,512000000
2026-05-29 12:23:59.271,2,1.97,,512000000
2026-05-29 12:23:59.133,2,1.92,,512000000
2026-05-29 12:23:58.517,3,2.13,,512000000
2026-05-29 12:23:57.741,2,1.86,,512000000
2026-05-29 12:23:57.688,2,1.93,,512000000
2026-05-29 12:23:57.627,2,1.89,,512000000
2026-05-29 12:23:57.318,3,2.21,,512000000
2026-05-29 12:23:56.366,2,1.87,,512000000
2026-05-29 12:23:56.266,2,1.82,,512000000
2026-05-29 12:23:55.657,2,1.99,,512000000
2026-05-29 12:23:55.574,2,1.74,,512000000
2026-05-29 12:23:55.531,2,1.74,,512000000
2026-05-29 12:23:55.021,2,1.74,,512000000
2026-05-29 12:23:53.987,2,1.66,,512000000
2026-05-29 12:23:53.945,14,13.46,,512000000
2026-05-29 12:23:53.840,2,1.93,,512000000
2026-05-29 12:23:53.503,2,1.89,,512000000
2026-05-29 12:23:53.246,9,8.9,,512000000
2026-05-29 12:23:52.448,2,1.56,,512000000
2026-05-29 12:23:52.098,3,2.27,,512000000
2026-05-29 12:23:51.599,2,1.85,,512000000
2026-05-29 12:23:51.486,3,2.05,,512000000
2026-05-29 12:23:50.968,2,1.76,,512000000
2026-05-29 12:23:50.546,2,1.58,,512000000
2026-05-29 12:23:50.391,3,2.03,,512000000
2026-05-29 12:23:50.176,2,1.76,,512000000
2026-05-29 12:23:49.738,2,1.8,,512000000
2026-05-29 12:23:49.432,2,1.96,,512000000
2026-05-29 12:23:49.091,3,2.18,,512000000
2026-05-29 12:23:48.910,2,1.84,,512000000
2026-05-29 12:23:48.560,3,2.8,,512000000
2026-05-29 12:23:47.776,2,1.84,,512000000
2026-05-29 12:23:47.653,2,1.95,,512000000
2026-05-29 12:23:47.563,2,1.96,,512000000
2026-05-29 12:23:47.371,2,1.97,,512000000
2026-05-29 12:23:46.260,2,1.64,,512000000
2026-05-29 12:23:46.223,3,2.1,,512000000
2026-05-29 12:23:46.124,5,4.96,,512000000
2026-05-29 12:23:46.110,2,1.99,,512000000
2026-05-29 12:23:45.538,3,2.01,,512000000
2026-05-29 12:23:44.895,2,1.74,,512000000
2026-05-29 12:23:44.675,3,2.02,,512000000
2026-05-29 12:23:44.578,2,1.71,,512000000
2026-05-29 12:23:44.255,4,3.14,,512000000
2026-05-29 12:23:43.967,2,1.7,,512000000
2026-05-29 12:23:43.235,3,2.06,,512000000
2026-05-29 12:23:42.970,2,1.94,,512000000
2026-05-29 12:23:42.558,2,1.76,,512000000
2026-05-29 12:23:42.368,2,1.94,,512000000
2026-05-29 12:23:41.976,3,2.36,,512000000
2026-05-29 12:23:41.686,2,2,,512000000
2026-05-29 12:23:41.205,2,1.86,,512000000
2026-05-29 12:23:40.901,3,2.18,,512000000
2026-05-29 12:23:40.838,5,4.77,,512000000
2026-05-29 12:23:39.753,2,1.76,,512000000
2026-05-29 12:23:39.721,2,1.83,,512000000
2026-05-29 12:23:39.683,2,1.75,,512000000
2026-05-29 12:23:38.864,2,1.67,,512000000
2026-05-29 12:23:38.647,2,1.97,,512000000
2026-05-29 12:23:38.129,2,1.98,,512000000
2026-05-29 12:23:37.761,2,1.88,,512000000
2026-05-29 12:23:37.499,3,2.15,,512000000
2026-05-29 12:23:36.967,3,2.15,,512000000
2026-05-29 12:23:36.735,2,1.76,,512000000
2026-05-29 12:23:36.620,2,1.94,,512000000
2026-05-29 12:23:36.271,2,1.91,,512000000
2026-05-29 12:23:35.517,2,1.7,,512000000
2026-05-29 12:23:35.038,2,1.63,,512000000
2026-05-29 12:23:34.880,4,3.3,,512000000
2026-05-29 12:23:34.817,3,2.21,,512000000
2026-05-29 12:23:34.014,2,1.9,,512000000
2026-05-29 12:23:34.003,3,2.27,,512000000
2026-05-29 12:23:33.288,3,2.12,,512000000
2026-05-29 12:23:33.227,2,1.6,,512000000
2026-05-29 12:23:32.827,2,1.72,,512000000
2026-05-29 12:23:32.537,3,2.53,,512000000
2026-05-29 12:23:31.722,5,4.08,,512000000
2026-05-29 12:23:31.311,2,1.74,,512000000
2026-05-29 12:23:31.192,2,1.75,,512000000
2026-05-29 12:23:31.113,2,1.73,,512000000
2026-05-29 12:23:31.035,2,1.97,,512000000
2026-05-29 12:23:30.044,2,1.94,,512000000
2026-05-29 12:23:29.666,2,1.86,,512000000
2026-05-29 12:23:29.604,2,1.99,,512000000
2026-05-29 12:23:29.557,41,40.24,,512000000
2026-05-29 12:23:29.128,2,1.82,,512000000
2026-05-29 12:23:28.680,2,1.82,,512000000
2026-05-29 12:23:28.041,2,1.67,,512000000
2026-05-29 12:23:27.541,2,1.71,,512000000
2026-05-29 12:23:27.518,4,3.71,,512000000
2026-05-29 12:23:26.969,3,2.15,,512000000
2026-05-29 12:23:26.767,2,1.85,,512000000
2026-05-29 12:23:25.909,3,2.09,,512000000
2026-05-29 12:23:25.826,3,2.07,,512000000
2026-05-29 12:23:25.230,2,1.84,,512000000
2026-05-29 12:23:25.123,3,2.07,,512000000
2026-05-29 12:23:24.661,3,2.06,,512000000
2026-05-29 12:23:24.134,3,2.13,,512000000
2026-05-29 12:23:23.923,4,3.1,,512000000
2026-05-29 12:23:23.696,2,1.58,,512000000
2026-05-29 12:23:23.297,16,15.44,,512000000
2026-05-29 12:23:23.102,3,2.19,,512000000
2026-05-29 12:23:22.252,3,2.02,,512000000
2026-05-29 12:23:21.713,3,2.06,,512000000
2026-05-29 12:23:21.549,2,1.97,,512000000
2026-05-29 12:23:21.514,3,2.12,,512000000
2026-05-29 12:23:20.764,3,2.03,,512000000
2026-05-29 12:23:20.283,14,13.38,,512000000
2026-05-29 12:23:20.113,2,1.96,,512000000
2026-05-29 12:23:19.820,2,1.83,,512000000
2026-05-29 12:23:19.730,2,1.92,,512000000
2026-05-29 12:23:19.175,2,1.76,,512000000
2026-05-29 12:23:18.594,3,2.11,,512000000
2026-05-29 12:23:18.450,2,1.96,,512000000
2026-05-29 12:23:17.954,3,2.14,,512000000
2026-05-29 12:23:17.634,3,2.08,,512000000
2026-05-29 12:23:17.225,3,2.22,,512000000
2026-05-29 12:23:16.719,2,1.89,,512000000
2026-05-29 12:23:16.193,3,2.24,,512000000
2026-05-29 12:23:15.928,3,2.02,,512000000
2026-05-29 12:23:15.658,2,1.73,,512000000
2026-05-29 12:23:15.290,2,1.93,,512000000
2026-05-29 12:23:15.120,2,1.8,,512000000
2026-05-29 12:23:14.358,2,1.81,,512000000
2026-05-29 12:23:14.156,2,1.94,,512000000
2026-05-29 12:23:13.753,3,2.21,,512000000
2026-05-29 12:23:13.461,6,5.68,,512000000
2026-05-29 12:23:13.130,2,1.72,,512000000
2026-05-29 12:23:12.693,2,1.88,,512000000
2026-05-29 12:23:12.188,2,1.65,,512000000
2026-05-29 12:23:11.693,2,1.98,,512000000
2026-05-29 12:23:11.604,3,2.03,,512000000
2026-05-29 12:23:10.978,3,2.02,,512000000
2026-05-29 12:23:10.958,2,1.92,,512000000
2026-05-29 12:23:10.941,3,2.24,,512000000
2026-05-29 12:23:10.149,3,2.11,,512000000
2026-05-29 12:23:09.793,2,1.95,,512000000
2026-05-29 12:23:09.776,5,4.87,,512000000
2026-05-29 12:23:09.033,3,2.2,,512000000
2026-05-29 12:23:08.753,3,2.14,,512000000
2026-05-29 12:23:07.860,14,13.25,,512000000
2026-05-29 12:23:07.695,3,2.05,,512000000
2026-05-29 12:23:07.588,2,1.92,,512000000
2026-05-29 12:23:07.342,3,2.01,,512000000
2026-05-29 12:23:07.163,6,5.53,,512000000
2026-05-29 12:23:06.060,2,1.75,,512000000
2026-05-29 12:23:05.967,2,1.69,,512000000
2026-05-29 12:23:05.740,5,4.86,,512000000
2026-05-29 12:23:05.471,3,2.23,,512000000
2026-05-29 12:23:05.369,3,2.26,,512000000
2026-05-29 12:23:04.567,3,2.05,,512000000
2026-05-29 12:23:03.728,3,2.51,,512000000
2026-05-29 12:23:03.653,2,1.98,,512000000
2026-05-29 12:23:03.648,2,1.8,,512000000
2026-05-29 12:23:03.433,4,3.03,,512000000
2026-05-29 12:23:02.319,2,1.88,,512000000
2026-05-29 12:23:02.084,2,1.74,,512000000
2026-05-29 12:23:01.868,2,1.94,,512000000
2026-05-29 12:23:01.816,3,2,,512000000
2026-05-29 12:23:01.604,2,1.74,,512000000
2026-05-29 12:23:00.785,2,1.8,,512000000
2026-05-29 12:23:00.659,2,1.84,,512000000
2026-05-29 12:22:59.954,2,1.63,,512000000
2026-05-29 12:22:59.592,2,1.55,,512000000
2026-05-29 12:22:59.457,2,1.86,,512000000
2026-05-29 12:22:59.015,2,1.76,,512000000
2026-05-29 12:22:58.840,2,1.67,,512000000
2026-05-29 12:22:58.145,2,1.92,,512000000
2026-05-29 12:22:57.958,3,2.03,,512000000
2026-05-29 12:22:57.856,2,1.82,,512000000
2026-05-29 12:22:57.751,3,2.03,,512000000
2026-05-29 12:22:57.081,2,1.75,,512000000
2026-05-29 12:22:56.507,2,1.91,,512000000
2026-05-29 12:22:56.505,2,1.51,,512000000
2026-05-29 12:22:56.186,3,2.15,,512000000
2026-05-29 12:22:55.839,2,1.59,,512000000
2026-05-29 12:22:55.542,2,1.71,,512000000
2026-05-29 12:22:54.764,2,1.94,,512000000
2026-05-29 12:22:54.705,2,1.96,,512000000
2026-05-29 12:22:54.411,2,1.9,,512000000
2026-05-29 12:22:54.353,3,2.11,,512000000
2026-05-29 12:22:53.720,2,1.7,,512000000
2026-05-29 12:22:52.936,2,1.6,,512000000
2026-05-29 12:22:52.628,2,1.7,,512000000
2026-05-29 12:22:52.486,2,1.96,,512000000
2026-05-29 12:22:52.383,2,1.64,,512000000
2026-05-29 12:22:52.131,2,1.83,,512000000
2026-05-29 12:22:50.868,2,1.7,,512000000
2026-05-29 12:22:50.807,2,1.6,,512000000
2026-05-29 12:22:50.305,2,1.94,,512000000
2026-05-29 12:22:50.230,2,1.88,,512000000
2026-05-29 12:22:50.130,2,1.67,,512000000
2026-05-29 12:22:49.318,2,1.66,,512000000
2026-05-29 12:22:48.801,2,1.95,,512000000
2026-05-29 12:22:48.483,2,1.81,,512000000
2026-05-29 12:22:48.172,2,1.79,,512000000
2026-05-29 12:22:47.875,2,1.75,,512000000
2026-05-29 12:22:47.401,3,2.21,,512000000
2026-05-29 12:22:46.960,2,1.79,,512000000
2026-05-29 12:22:46.906,2,1.57,,512000000
2026-05-29 12:22:46.723,4,3.97,,512000000
2026-05-29 12:22:45.929,2,1.94,,512000000
2026-05-29 12:22:45.908,2,1.64,,512000000
2026-05-29 12:22:45.471,3,2.05,,512000000
2026-05-29 12:22:44.952,3,2.01,,512000000
2026-05-29 12:22:44.692,2,1.82,,512000000
2026-05-29 12:22:44.326,2,1.88,,512000000
2026-05-29 12:22:43.808,2,1.77,,512000000
2026-05-29 12:22:43.619,2,1.99,,512000000
2026-05-29 12:22:43.207,2,1.84,,512000000
2026-05-29 12:22:42.610,2,1.83,,512000000
2026-05-29 12:22:42.257,2,1.9,,512000000
2026-05-29 12:22:42.198,2,1.71,,512000000
2026-05-29 12:22:42.131,2,1.88,,512000000
2026-05-29 12:22:41.529,3,2.03,,512000000
2026-05-29 12:22:40.919,3,2.16,,512000000
2026-05-29 12:22:40.794,2,1.84,,512000000
2026-05-29 12:22:40.544,2,1.78,,512000000
2026-05-29 12:22:40.463,2,1.72,,512000000
2026-05-29 12:22:39.429,2,1.77,,512000000
2026-05-29 12:22:39.349,2,1.88,,512000000
2026-05-29 12:22:38.781,2,1.7,,512000000
2026-05-29 12:22:38.710,2,1.84,,512000000
2026-05-29 12:22:38.582,3,2.01,,512000000
2026-05-29 12:22:37.888,3,2.04,,512000000
2026-05-29 12:22:37.472,2,1.72,,512000000
2026-05-29 12:22:37.382,2,1.79,,512000000
2026-05-29 12:22:37.301,2,1.82,,512000000
2026-05-29 12:22:37.185,5,4.67,,512000000
2026-05-29 12:22:36.055,2,1.86,,512000000
2026-05-29 12:22:35.885,3,2.06,,512000000
2026-05-29 12:22:35.496,2,1.65,,512000000
2026-05-29 12:22:35.448,4,3.07,,512000000
2026-05-29 12:22:35.009,2,1.8,,512000000
2026-05-29 12:22:34.370,2,1.77,,512000000
2026-05-29 12:22:33.756,3,2.54,,512000000
2026-05-29 12:22:33.718,4,3.41,,512000000
2026-05-29 12:22:33.711,2,1.92,,512000000
2026-05-29 12:22:33.682,2,1.94,,512000000
2026-05-29 12:22:33.477,26,25.46,,512000000
2026-05-29 12:22:33.144,2,1.74,,512000000
2026-05-29 12:22:33.015,2,1.78,,512000000
2026-05-29 12:22:32.953,3,2.3,,512000000
2026-05-29 12:22:32.797,2,1.82,,512000000
2026-05-29 12:22:32.590,2,1.87,,512000000
2026-05-29 12:22:32.535,3,2.07,,512000000
2026-05-29 12:22:32.317,2,1.85,,512000000
2026-05-29 12:22:32.292,2,1.9,,512000000
2026-05-29 12:22:32.162,15,14.95,,512000000
2026-05-29 12:22:32.148,2,1.68,,512000000
2026-05-29 12:22:32.127,2,1.82,,512000000
2026-05-29 12:22:32.018,2,1.97,,512000000
2026-05-29 12:22:31.893,2,1.74,,512000000
2026-05-29 12:22:31.805,3,2.07,,512000000
2026-05-29 12:22:31.632,2,1.78,,512000000
2026-05-29 12:22:31.599,2,1.94,,512000000
2026-05-29 12:22:31.578,10,9.49,,512000000
2026-05-29 12:22:31.559,6,5.58,,512000000
2026-05-29 12:22:31.467,2,1.71,,512000000
2026-05-29 12:22:31.269,2,1.89,,512000000
2026-05-29 12:22:31.161,3,2.28,,512000000
2026-05-29 12:22:31.143,3,2.01,,512000000
2026-05-29 12:22:31.060,2,1.94,,512000000
2026-05-29 12:22:30.846,3,2.01,,512000000
2026-05-29 12:22:30.806,2,1.6,,512000000
2026-05-29 12:22:30.787,3,3,,512000000
2026-05-29 12:22:30.593,2,1.97,,512000000
2026-05-29 12:22:30.586,2,1.7,,512000000
2026-05-29 12:22:30.467,2,1.93,,512000000
2026-05-29 12:22:30.294,3,2.05,,512000000
2026-05-29 12:22:30.262,2,1.68,,512000000
2026-05-29 12:22:30.152,2,1.86,,512000000
2026-05-29 12:22:30.126,2,1.83,,512000000
2026-05-29 12:22:30.118,13,12.53,,512000000
2026-05-29 12:22:30.099,2,1.82,,512000000
2026-05-29 12:22:30.053,2,1.71,,512000000
2026-05-29 12:22:30.024,2,1.9,,512000000
2026-05-29 12:22:29.997,3,2.15,,512000000
2026-05-29 12:22:29.955,2,1.59,,512000000
2026-05-29 12:22:29.878,2,1.8,,512000000
2026-05-29 12:22:29.850,2,1.65,,512000000
2026-05-29 12:22:29.821,4,3.24,,512000000
2026-05-29 12:22:29.757,3,2.06,,512000000
2026-05-29 12:22:29.719,2,1.71,,512000000
2026-05-29 12:22:29.693,2,1.96,,512000000
2026-05-29 12:22:29.682,2,1.84,,512000000
2026-05-29 12:22:29.638,2,1.85,,512000000
2026-05-29 12:22:29.615,2,1.67,,512000000
2026-05-29 12:22:29.370,2,1.66,,512000000
2026-05-29 12:22:29.178,2,1.89,,512000000
2026-05-29 12:22:29.156,5,4.6,,512000000
2026-05-29 12:22:29.144,3,2.01,,512000000
2026-05-29 12:22:29.143,2,1.78,,512000000
2026-05-29 12:22:29.126,4,3.86,,512000000
2026-05-29 12:22:29.121,3,2.06,,512000000
2026-05-29 12:22:28.998,3,2.32,,512000000
2026-05-29 12:22:28.914,3,2.15,,512000000
2026-05-29 12:22:28.912,2,1.97,,512000000
2026-05-29 12:22:28.871,2,1.97,,512000000
2026-05-29 12:22:28.850,2,1.91,,512000000
2026-05-29 12:22:28.784,2,1.72,,512000000
2026-05-29 12:22:28.737,2,1.86,,512000000
2026-05-29 12:22:28.684,3,2.14,,512000000
2026-05-29 12:22:28.509,2,1.7,,512000000
2026-05-29 12:22:28.501,3,2.04,,512000000
2026-05-29 12:22:28.471,2,1.74,,512000000
2026-05-29 12:22:28.467,12,11.76,,512000000
2026-05-29 12:22:28.222,2,1.82,,512000000
2026-05-29 12:22:28.204,2,1.86,,512000000
2026-05-29 12:22:28.172,2,1.7,,512000000
2026-05-29 12:22:28.150,3,2.19,,512000000
2026-05-29 12:22:28.143,2,1.85,,512000000
2026-05-29 12:22:28.120,2,1.81,,512000000
2026-05-29 12:22:28.068,2,1.81,,512000000
2026-05-29 12:22:28.053,4,3.31,,512000000
2026-05-29 12:22:28.047,3,2.04,,512000000
2026-05-29 12:22:28.045,2,1.99,,512000000
2026-05-29 12:22:28.021,2,1.87,,512000000
2026-05-29 12:22:27.852,2,1.76,,512000000
2026-05-29 12:22:27.843,2,1.92,,512000000
2026-05-29 12:22:27.842,2,1.73,,512000000
2026-05-29 12:22:27.818,2,1.58,,512000000
2026-05-29 12:22:27.728,2,1.85,,512000000
2026-05-29 12:22:27.600,2,1.74,,512000000
2026-05-29 12:22:27.577,2,1.82,,512000000
2026-05-29 12:22:27.509,2,1.67,,512000000
2026-05-29 12:22:27.433,2,1.71,,512000000
2026-05-29 12:22:27.418,25,24.9,,512000000
2026-05-29 12:22:27.374,4,3.08,,512000000
2026-05-29 12:22:27.358,3,2.12,,512000000
2026-05-29 12:22:27.343,2,1.73,,512000000
2026-05-29 12:22:27.284,2,1.86,,512000000
2026-05-29 12:22:27.274,3,2.18,,512000000
2026-05-29 12:22:27.270,2,1.83,,512000000
2026-05-29 12:22:27.177,2,1.74,,512000000
2026-05-29 12:22:27.147,2,1.83,,512000000
2026-05-29 12:22:27.146,3,2.1,,512000000
2026-05-29 12:22:27.143,2,1.7,,512000000
2026-05-29 12:22:27.135,2,1.72,,512000000
2026-05-29 12:22:27.011,2,1.69,,512000000
2026-05-29 12:22:26.981,2,1.75,,512000000
2026-05-29 12:22:26.933,2,1.74,,512000000
2026-05-29 12:22:26.907,2,1.73,,512000000
2026-05-29 12:22:26.871,2,1.88,,512000000
2026-05-29 12:22:26.853,2,1.81,,512000000
2026-05-29 12:22:26.847,2,1.8,,512000000
2026-05-29 12:22:26.843,2,1.75,,512000000
2026-05-29 12:22:26.800,2,1.75,,512000000
2026-05-29 12:22:26.785,2,1.98,,512000000
2026-05-29 12:22:26.658,2,1.91,,512000000
2026-05-29 12:22:26.653,3,2.03,,512000000
2026-05-29 12:22:26.575,3,2.03,,512000000
2026-05-29 12:22:26.466,2,1.74,,512000000
2026-05-29 12:22:26.447,2,1.75,,512000000
2026-05-29 12:22:26.443,2,1.73,,512000000
2026-05-29 12:22:26.395,2,1.85,,512000000
2026-05-29 12:22:26.390,3,2.25,,512000000
2026-05-29 12:22:26.357,8,7.51,,512000000
2026-05-29 12:22:26.339,2,1.95,,512000000
2026-05-29 12:22:26.291,2,1.65,,512000000
2026-05-29 12:22:26.254,3,2.19,,512000000
2026-05-29 12:22:26.189,3,2.29,,512000000
2026-05-29 12:22:26.165,2,1.76,,512000000
2026-05-29 12:22:26.163,2,1.84,,512000000
2026-05-29 12:22:26.128,3,2.02,,512000000
2026-05-29 12:22:26.126,2,1.77,,512000000
2026-05-29 12:22:26.100,2,1.73,,512000000
2026-05-29 12:22:26.062,2,1.77,,512000000
2026-05-29 12:22:26.036,2,1.77,,512000000
2026-05-29 12:22:26.012,2,1.83,,512000000
2026-05-29 12:22:25.937,8,7.3,,512000000
2026-05-29 12:22:25.918,3,2.01,,512000000
2026-05-29 12:22:25.915,2,1.86,,512000000
2026-05-29 12:22:25.889,2,1.9,,512000000
2026-05-29 12:22:25.822,3,2.01,,512000000
2026-05-29 12:22:25.796,3,2.17,,512000000
2026-05-29 12:22:25.794,3,2.23,,512000000
2026-05-29 12:22:25.787,2,1.7,,512000000
2026-05-29 12:22:25.765,2,1.82,,512000000
2026-05-29 12:22:25.738,2,1.89,,512000000
2026-05-29 12:22:25.678,2,1.84,,512000000
2026-05-29 12:22:25.657,2,1.95,,512000000
2026-05-29 12:22:25.622,2,1.73,,512000000
2026-05-29 12:22:25.597,2,1.91,,512000000
2026-05-29 12:22:25.518,2,1.6,,512000000
2026-05-29 12:22:25.452,2,1.76,,512000000
2026-05-29 12:22:25.445,3,2.02,,512000000
2026-05-29 12:22:25.392,3,2.11,,512000000
2026-05-29 12:22:25.386,2,1.82,,512000000
2026-05-29 12:22:25.263,2,1.63,,512000000
2026-05-29 12:22:25.254,2,1.98,,512000000
2026-05-29 12:22:25.182,16,15.22,,512000000
2026-05-29 12:22:25.123,3,2.16,,512000000
2026-05-29 12:22:25.118,2,1.86,,512000000
2026-05-29 12:22:25.114,2,1.75,,512000000
2026-05-29 12:22:25.087,2,1.75,,512000000
2026-05-29 12:22:25.024,2,1.66,,512000000
2026-05-29 12:22:24.998,2,1.61,,512000000
2026-05-29 12:22:24.986,2,1.75,,512000000
2026-05-29 12:22:24.978,2,1.69,,512000000
2026-05-29 12:22:24.947,13,12.8,,512000000
2026-05-29 12:22:24.929,2,1.69,,512000000
2026-05-29 12:22:24.910,2,1.76,,512000000
2026-05-29 12:22:24.886,2,1.84,,512000000
2026-05-29 12:22:24.883,2,1.8,,512000000
2026-05-29 12:22:24.821,2,1.61,,512000000
2026-05-29 12:22:24.806,2,1.7,,512000000
2026-05-29 12:22:24.793,2,1.72,,512000000
2026-05-29 12:22:24.770,2,1.66,,512000000
2026-05-29 12:22:24.760,2,1.79,,512000000
2026-05-29 12:22:24.754,2,1.98,,512000000
2026-05-29 12:22:24.750,2,1.65,,512000000
2026-05-29 12:22:24.652,2,1.75,,512000000
2026-05-29 12:22:24.604,2,1.83,,512000000
2026-05-29 12:22:24.552,2,1.99,,512000000
2026-05-29 12:22:24.548,2,1.97,,512000000
2026-05-29 12:22:24.518,3,2.27,,512000000
2026-05-29 12:22:24.517,3,2.04,,512000000
2026-05-29 12:22:24.444,3,2.03,,512000000
2026-05-29 12:22:24.402,2,1.87,,512000000
2026-05-29 12:22:24.345,2,1.61,,512000000
2026-05-29 12:22:24.345,2,1.99,,512000000
2026-05-29 12:22:24.263,16,15.08,,512000000
2026-05-29 12:22:24.261,2,1.99,,512000000
2026-05-29 12:22:24.254,2,1.76,,512000000
2026-05-29 12:22:24.206,2,1.92,,512000000
2026-05-29 12:22:24.204,2,1.9,,512000000
2026-05-29 12:22:24.174,2,1.89,,512000000
2026-05-29 12:22:24.168,3,2,,512000000
2026-05-29 12:22:24.161,2,1.81,,512000000
2026-05-29 12:22:24.141,2,1.73,,512000000
2026-05-29 12:22:24.088,2,1.79,,512000000
2026-05-29 12:22:24.083,2,1.94,,512000000
2026-05-29 12:22:24.042,2,1.86,,512000000
2026-05-29 12:22:24.024,2,1.99,,512000000
2026-05-29 12:22:24.012,2,1.96,,512000000
2026-05-29 12:22:24.008,2,1.96,,512000000
2026-05-29 12:22:23.986,2,1.6,,512000000
2026-05-29 12:22:23.972,3,2.06,,512000000
2026-05-29 12:22:23.957,2,1.92,,512000000
2026-05-29 12:22:23.940,2,1.73,,512000000
2026-05-29 12:22:23.932,2,1.72,,512000000
2026-05-29 12:22:23.839,2,1.92,,512000000
2026-05-29 12:22:23.818,3,2.33,,512000000
2026-05-29 12:22:23.746,2,1.78,,512000000
2026-05-29 12:22:23.737,11,10.97,,512000000
2026-05-29 12:22:23.718,2,1.99,,512000000
2026-05-29 12:22:23.689,2,1.99,,512000000
2026-05-29 12:22:23.617,23,22.64,,512000000
2026-05-29 12:22:23.565,2,1.86,,512000000
2026-05-29 12:22:23.556,2,1.96,,512000000
2026-05-29 12:22:23.538,2,1.81,,512000000
2026-05-29 12:22:23.538,2,1.75,,512000000
2026-05-29 12:22:23.536,2,1.87,,512000000
2026-05-29 12:22:23.510,2,1.81,,512000000
2026-05-29 12:22:23.490,2,1.9,,512000000
2026-05-29 12:22:23.482,2,1.97,,512000000
2026-05-29 12:22:23.405,2,1.91,,512000000
2026-05-29 12:22:23.368,2,1.85,,512000000
2026-05-29 12:22:23.317,2,1.85,,512000000
2026-05-29 12:22:23.290,2,1.83,,512000000
2026-05-29 12:22:23.275,2,1.77,,512000000
2026-05-29 12:22:23.218,2,1.7,,512000000
2026-05-29 12:22:23.180,32,31.62,,512000000
2026-05-29 12:22:23.164,2,1.97,,512000000
2026-05-29 12:22:23.162,2,1.81,,512000000
2026-05-29 12:22:23.158,2,1.69,,512000000
2026-05-29 12:22:23.150,3,2.15,,512000000
2026-05-29 12:22:23.147,2,1.87,,512000000
2026-05-29 12:22:23.136,2,1.69,,512000000
2026-05-29 12:22:23.125,3,2.09,,512000000
2026-05-29 12:22:23.122,2,1.94,,512000000
2026-05-29 12:22:23.083,3,2.06,,512000000
2026-05-29 12:22:23.066,3,2.14,,512000000
2026-05-29 12:22:23.005,2,1.75,,512000000
2026-05-29 12:22:22.997,3,2.1,,512000000
2026-05-29 12:22:22.963,2,1.86,,512000000
2026-05-29 12:22:22.939,2,1.77,,512000000
2026-05-29 12:22:22.929,2,1.53,,512000000
2026-05-29 12:22:22.891,2,1.93,,512000000
2026-05-29 12:22:22.842,2,1.86,,512000000
2026-05-29 12:22:22.835,2,1.96,,512000000
2026-05-29 12:22:22.818,2,1.74,,512000000
2026-05-29 12:22:22.755,2,1.76,,512000000
2026-05-29 12:22:22.626,2,1.79,,512000000
2026-05-29 12:22:22.610,2,1.69,,512000000
2026-05-29 12:22:22.586,2,1.81,,512000000
2026-05-29 12:22:22.581,4,3.79,,512000000
2026-05-29 12:22:22.563,2,1.63,,512000000
2026-05-29 12:22:22.549,2,1.88,,512000000
2026-05-29 12:22:22.520,2,1.64,,512000000
2026-05-29 12:22:22.505,3,2.01,,512000000
2026-05-29 12:22:22.489,2,1.78,,512000000
2026-05-29 12:22:22.458,7,6.18,,512000000
2026-05-29 12:22:22.419,2,1.73,,512000000
2026-05-29 12:22:22.387,2,1.95,,512000000
2026-05-29 12:22:22.364,2,1.8,,512000000
2026-05-29 12:22:22.316,2,1.94,,512000000
2026-05-29 12:22:22.282,2,1.99,,512000000
2026-05-29 12:22:22.269,2,1.89,,512000000
2026-05-29 12:22:22.263,2,1.94,,512000000
2026-05-29 12:22:22.250,2,1.65,,512000000
2026-05-29 12:22:22.246,3,2.19,,512000000
2026-05-29 12:22:22.237,2,1.99,,512000000
2026-05-29 12:22:22.217,19,18.63,,512000000
2026-05-29 12:22:22.152,2,1.99,,512000000
2026-05-29 12:22:22.077,3,2.66,,512000000
2026-05-29 12:22:22.065,3,2.5,,512000000
2026-05-29 12:22:22.063,3,2.08,,512000000
2026-05-29 12:22:22.061,2,1.89,,512000000
2026-05-29 12:22:22.053,2,1.99,,512000000
2026-05-29 12:22:22.048,2,1.63,,512000000
2026-05-29 12:22:22.038,2,1.91,,512000000
2026-05-29 12:22:22.035,3,2.01,,512000000
2026-05-29 12:22:22.014,2,1.71,,512000000
2026-05-29 12:22:22.011,3,2.03,,512000000
2026-05-29 12:22:21.991,2,1.74,,512000000
2026-05-29 12:22:21.990,3,2.22,,512000000
2026-05-29 12:22:21.986,2,1.9,,512000000
2026-05-29 12:22:21.942,2,1.88,,512000000
2026-05-29 12:22:21.910,2,1.74,,512000000
2026-05-29 12:22:21.884,2,1.67,,512000000
2026-05-29 12:22:21.834,2,1.68,,512000000
2026-05-29 12:22:21.827,3,2.07,,512000000
2026-05-29 12:22:21.810,2,1.76,,512000000
2026-05-29 12:22:21.774,3,2.1,,512000000
2026-05-29 12:22:21.736,2,1.88,,512000000
2026-05-29 12:22:21.710,3,2.49,,512000000
2026-05-29 12:22:21.678,2,1.79,,512000000
2026-05-29 12:22:21.604,2,1.74,,512000000
2026-05-29 12:22:21.584,3,2.19,,512000000
2026-05-29 12:22:21.578,3,2.13,,512000000
2026-05-29 12:22:21.509,2,1.85,,512000000
2026-05-29 12:22:21.506,2,1.84,,512000000
2026-05-29 12:22:21.496,2,1.92,,512000000
2026-05-29 12:22:21.494,2,1.94,,512000000
2026-05-29 12:22:21.436,2,1.95,,512000000
2026-05-29 12:22:21.430,2,1.86,,512000000
2026-05-29 12:22:21.410,2,1.79,,512000000
2026-05-29 12:22:21.405,3,2.02,,512000000
2026-05-29 12:22:21.384,2,1.73,,512000000
2026-05-29 12:22:21.363,2,1.69,,512000000
2026-05-29 12:22:21.306,5,4.97,,512000000
2026-05-29 12:22:21.287,2,1.89,,512000000
2026-05-29 12:22:21.268,2,1.74,,512000000
2026-05-29 12:22:21.252,3,2.12,,512000000
2026-05-29 12:22:21.247,23,22.35,,512000000
2026-05-29 12:22:21.230,2,1.7,,512000000
2026-05-29 12:22:21.205,3,2.12,,512000000
2026-05-29 12:22:21.198,3,2.96,,512000000
2026-05-29 12:22:21.191,2,1.78,,512000000
2026-05-29 12:22:21.188,3,2.08,,512000000
2026-05-29 12:22:21.151,3,2.02,,512000000
2026-05-29 12:22:21.062,2,1.74,,512000000
2026-05-29 12:22:21.007,2,1.74,,512000000
2026-05-29 12:22:20.966,2,1.92,,512000000
2026-05-29 12:22:20.957,35,34.43,,512000000
2026-05-29 12:22:20.949,2,1.91,,512000000
2026-05-29 12:22:20.936,3,2.02,,512000000
2026-05-29 12:22:20.911,2,1.86,,512000000
2026-05-29 12:22:20.904,2,1.79,,512000000
2026-05-29 12:22:20.836,2,1.77,,512000000
2026-05-29 12:22:20.785,3,2.12,,512000000
2026-05-29 12:22:20.778,2,1.94,,512000000
2026-05-29 12:22:20.769,2,1.93,,512000000
2026-05-29 12:22:20.656,2,1.84,,512000000
2026-05-29 12:22:20.644,2,1.68,,512000000
2026-05-29 12:22:20.616,3,2.25,,512000000
2026-05-29 12:22:20.611,2,1.98,,512000000
2026-05-29 12:22:20.592,3,2.05,,512000000
2026-05-29 12:22:20.587,2,1.88,,512000000
2026-05-29 12:22:20.538,2,1.87,,512000000
2026-05-29 12:22:20.536,2,1.78,,512000000
2026-05-29 12:22:20.527,26,25.23,,512000000
2026-05-29 12:22:20.526,2,1.93,,512000000
2026-05-29 12:22:20.518,2,1.99,,512000000
2026-05-29 12:22:20.481,2,1.95,,512000000
2026-05-29 12:22:20.479,3,2.16,,512000000
2026-05-29 12:22:20.445,2,1.79,,512000000
2026-05-29 12:22:20.445,3,2.11,,512000000
2026-05-29 12:22:20.437,2,1.79,,512000000
2026-05-29 12:22:20.401,2,1.9,,512000000
2026-05-29 12:22:20.372,2,2,,512000000
2026-05-29 12:22:20.368,3,2.13,,512000000
2026-05-29 12:22:20.277,2,1.86,,512000000
2026-05-29 12:22:20.268,2,1.66,,512000000
2026-05-29 12:22:20.263,2,1.58,,512000000
2026-05-29 12:22:20.255,3,2.06,,512000000
2026-05-29 12:22:20.191,4,3.87,,512000000
2026-05-29 12:22:20.178,11,10.51,,512000000
2026-05-29 12:22:20.160,2,1.89,,512000000
2026-05-29 12:22:20.147,2,1.83,,512000000
2026-05-29 12:22:20.116,2,1.91,,512000000
2026-05-29 12:22:20.111,2,1.9,,512000000
2026-05-29 12:22:20.109,2,1.88,,512000000
2026-05-29 12:22:20.104,2,1.73,,512000000
2026-05-29 12:22:20.070,2,1.69,,512000000
2026-05-29 12:22:20.056,3,2.95,,512000000
2026-05-29 12:22:20.029,2,1.79,,512000000
2026-05-29 12:22:20.026,2,1.8,,512000000
2026-05-29 12:22:20.001,3,2.04,,512000000
2026-05-29 12:22:19.949,2,1.86,,512000000
2026-05-29 12:22:19.945,2,1.7,,512000000
2026-05-29 12:22:19.941,2,1.72,,512000000
2026-05-29 12:22:19.865,2,1.92,,512000000
2026-05-29 12:22:19.858,3,2.1,,512000000
2026-05-29 12:22:19.832,2,1.85,,512000000
2026-05-29 12:22:19.799,2,1.78,,512000000
2026-05-29 12:22:19.788,2,1.71,,512000000
2026-05-29 12:22:19.772,2,1.69,,512000000
2026-05-29 12:22:19.761,2,1.79,,512000000
2026-05-29 12:22:19.757,3,2.15,,512000000
2026-05-29 12:22:19.664,2,1.82,,512000000
2026-05-29 12:22:19.626,2,1.95,,512000000
2026-05-29 12:22:19.531,3,2.05,,512000000
2026-05-29 12:22:19.492,2,1.81,,512000000
2026-05-29 12:22:19.460,2,1.75,,512000000
2026-05-29 12:22:19.449,2,1.75,,512000000
2026-05-29 12:22:19.435,2,1.93,,512000000
2026-05-29 12:22:19.426,2,1.85,,512000000
2026-05-29 12:22:19.415,2,1.73,,512000000
2026-05-29 12:22:19.404,3,2.02,,512000000
2026-05-29 12:22:19.384,2,1.95,,512000000
2026-05-29 12:22:19.378,2,1.87,,512000000
2026-05-29 12:22:19.371,3,2.06,,512000000
2026-05-29 12:22:19.360,2,1.9,,512000000
2026-05-29 12:22:19.345,2,1.97,,512000000
2026-05-29 12:22:19.337,2,1.84,,512000000
2026-05-29 12:22:19.298,2,1.89,,512000000
2026-05-29 12:22:19.297,3,2.16,,512000000
2026-05-29 12:22:19.296,7,6.66,,512000000
2026-05-29 12:22:19.286,2,1.79,,512000000
2026-05-29 12:22:19.278,2,1.68,,512000000
2026-05-29 12:22:19.276,2,1.89,,512000000
2026-05-29 12:22:19.272,2,1.76,,512000000
2026-05-29 12:22:19.239,3,2.05,,512000000
2026-05-29 12:22:19.181,2,1.9,,512000000
2026-05-29 12:22:19.163,3,2.25,,512000000
2026-05-29 12:22:19.137,13,12.76,,512000000
2026-05-29 12:22:19.119,2,1.86,,512000000
2026-05-29 12:22:19.119,2,1.61,,512000000
2026-05-29 12:22:19.117,9,8.7,,512000000
2026-05-29 12:22:19.105,3,2.27,,512000000
2026-05-29 12:22:19.101,2,1.76,,512000000
2026-05-29 12:22:19.094,2,1.93,,512000000
2026-05-29 12:22:19.090,2,1.98,,512000000
2026-05-29 12:22:19.089,2,1.74,,512000000
2026-05-29 12:22:19.075,2,1.99,,512000000
2026-05-29 12:22:19.043,3,2.02,,512000000
2026-05-29 12:22:19.031,2,1.7,,512000000
2026-05-29 12:22:19.000,2,1.77,,512000000
2026-05-29 12:22:18.974,2,1.76,,512000000
2026-05-29 12:22:18.946,2,1.74,,512000000
2026-05-29 12:22:18.935,2,1.91,,512000000
2026-05-29 12:22:18.929,2,1.79,,512000000
2026-05-29 12:22:18.895,8,7.05,,512000000
2026-05-29 12:22:18.870,2,1.88,,512000000
2026-05-29 12:22:18.834,2,1.62,,512000000
2026-05-29 12:22:18.817,2,1.71,,512000000
2026-05-29 12:22:18.813,2,1.94,,512000000
2026-05-29 12:22:18.809,2,1.8,,512000000
2026-05-29 12:22:18.787,2,1.96,,512000000
2026-05-29 12:22:18.777,3,2.03,,512000000
2026-05-29 12:22:18.682,2,1.86,,512000000
2026-05-29 12:22:18.645,2,1.68,,512000000
2026-05-29 12:22:18.640,2,1.87,,512000000
2026-05-29 12:22:18.626,2,1.69,,512000000
2026-05-29 12:22:18.609,2,1.69,,512000000
2026-05-29 12:22:18.592,2,1.71,,512000000
2026-05-29 12:22:18.571,2,1.76,,512000000
2026-05-29 12:22:18.570,2,1.81,,512000000
2026-05-29 12:22:18.547,2,1.96,,512000000
2026-05-29 12:22:18.537,2,1.79,,512000000
2026-05-29 12:22:18.535,2,1.89,,512000000
2026-05-29 12:22:18.520,2,1.86,,512000000
2026-05-29 12:22:18.515,3,2.5,,512000000
2026-05-29 12:22:18.442,4,3.82,,512000000
2026-05-29 12:22:18.433,2,1.76,,512000000
2026-05-29 12:22:18.422,2,1.79,,512000000
2026-05-29 12:22:18.344,2,1.74,,512000000
2026-05-29 12:22:18.343,2,1.9,,512000000
2026-05-29 12:22:18.337,2,1.97,,512000000
2026-05-29 12:22:18.316,2,1.81,,512000000
2026-05-29 12:22:18.218,27,26.12,,512000000
2026-05-29 12:22:18.172,2,1.61,,512000000
2026-05-29 12:22:18.159,24,23.1,,512000000
2026-05-29 12:22:18.140,2,1.8,,512000000
2026-05-29 12:22:18.127,2,1.91,,512000000
2026-05-29 12:22:18.108,3,2.18,,512000000
2026-05-29 12:22:18.089,2,1.73,,512000000
2026-05-29 12:22:18.086,2,1.91,,512000000
2026-05-29 12:22:18.076,3,2.64,,512000000
2026-05-29 12:22:18.071,2,1.98,,512000000
2026-05-29 12:22:18.070,4,3.17,,512000000
2026-05-29 12:22:18.061,2,1.67,,512000000
2026-05-29 12:22:18.012,2,1.7,,512000000
2026-05-29 12:22:17.990,2,1.68,,512000000
2026-05-29 12:22:17.973,2,1.72,,512000000
2026-05-29 12:22:17.923,2,1.75,,512000000
2026-05-29 12:22:17.916,6,5.92,,512000000
2026-05-29 12:22:17.907,2,1.78,,512000000
2026-05-29 12:22:17.901,2,1.84,,512000000
2026-05-29 12:22:17.899,3,2.38,,512000000
2026-05-29 12:22:17.896,2,1.91,,512000000
2026-05-29 12:22:17.889,3,2.79,,512000000
2026-05-29 12:22:17.888,2,1.89,,512000000
2026-05-29 12:22:17.846,3,2.47,,512000000
2026-05-29 12:22:17.830,2,1.75,,512000000
2026-05-29 12:22:17.818,5,4.53,,512000000
2026-05-29 12:22:17.817,12,11.77,,512000000
2026-05-29 12:22:17.803,2,1.94,,512000000
2026-05-29 12:22:17.799,2,1.68,,512000000
2026-05-29 12:22:17.797,2,1.76,,512000000
2026-05-29 12:22:17.787,2,1.66,,512000000
2026-05-29 12:22:17.732,2,1.71,,512000000
2026-05-29 12:22:17.710,2,1.62,,512000000
2026-05-29 12:22:17.640,2,1.78,,512000000
2026-05-29 12:22:17.634,3,2,,512000000
2026-05-29 12:22:17.625,2,1.87,,512000000
2026-05-29 12:22:17.598,2,1.64,,512000000
2026-05-29 12:22:17.596,2,1.96,,512000000
2026-05-29 12:22:17.583,2,1.96,,512000000
2026-05-29 12:22:17.557,2,1.94,,512000000
2026-05-29 12:22:17.521,3,2.37,,512000000
2026-05-29 12:22:17.521,2,1.62,,512000000
2026-05-29 12:22:17.518,2,1.88,,512000000
2026-05-29 12:22:17.516,2,1.8,,512000000
2026-05-29 12:22:17.513,3,2.06,,512000000
2026-05-29 12:22:17.457,3,2.23,,512000000
2026-05-29 12:22:17.456,2,1.97,,512000000
2026-05-29 12:22:17.450,2,1.75,,512000000
2026-05-29 12:22:17.399,2,1.64,,512000000
2026-05-29 12:22:17.335,2,1.85,,512000000
2026-05-29 12:22:17.324,2,1.76,,512000000
2026-05-29 12:22:17.322,3,2.12,,512000000
2026-05-29 12:22:17.312,2,1.75,,512000000
2026-05-29 12:22:17.310,3,2.15,,512000000
2026-05-29 12:22:17.291,2,1.76,,512000000
2026-05-29 12:22:17.289,3,2.02,,512000000
2026-05-29 12:22:17.282,2,1.65,,512000000
2026-05-29 12:22:17.273,2,1.77,,512000000
2026-05-29 12:22:17.216,3,2.03,,512000000
2026-05-29 12:22:17.197,3,2.25,,512000000
2026-05-29 12:22:17.195,2,1.84,,512000000
2026-05-29 12:22:17.164,2,1.89,,512000000
2026-05-29 12:22:17.164,2,1.78,,512000000
2026-05-29 12:22:17.091,2,2,,512000000
2026-05-29 12:22:17.088,2,1.77,,512000000
2026-05-29 12:22:17.085,2,1.7,,512000000
2026-05-29 12:22:17.075,2,1.73,,512000000
2026-05-29 12:22:17.045,2,1.79,,512000000
2026-05-29 12:22:17.037,2,1.77,,512000000
2026-05-29 12:22:16.992,2,1.85,,512000000
2026-05-29 12:22:16.986,43,42.62,,512000000
2026-05-29 12:22:16.985,2,1.75,,512000000
2026-05-29 12:22:16.937,3,2.35,,512000000
2026-05-29 12:22:16.915,3,2.04,,512000000
2026-05-29 12:22:16.910,2,1.83,,512000000
2026-05-29 12:22:16.879,2,1.68,,512000000
2026-05-29 12:22:16.866,2,1.78,,512000000
2026-05-29 12:22:16.865,2,1.96,,512000000
2026-05-29 12:22:16.814,2,1.73,,512000000
2026-05-29 12:22:16.801,2,1.71,,512000000
2026-05-29 12:22:16.774,3,2.02,,512000000
2026-05-29 12:22:16.755,2,1.94,,512000000
2026-05-29 12:22:16.747,2,1.94,,512000000
2026-05-29 12:22:16.743,3,2.1,,512000000
2026-05-29 12:22:16.728,3,2.05,,512000000
2026-05-29 12:22:16.726,2,1.94,,512000000
2026-05-29 12:22:16.706,2,1.92,,512000000
2026-05-29 12:22:16.683,2,1.81,,512000000
2026-05-29 12:22:16.682,4,3.2,,512000000
2026-05-29 12:22:16.621,3,2.48,,512000000
2026-05-29 12:22:16.618,3,2.02,,512000000
2026-05-29 12:22:16.612,3,2.61,,512000000
2026-05-29 12:22:16.607,2,1.67,,512000000
2026-05-29 12:22:16.604,2,1.91,,512000000
2026-05-29 12:22:16.598,2,1.87,,512000000
2026-05-29 12:22:16.589,2,1.73,,512000000
2026-05-29 12:22:16.571,2,1.8,,512000000
2026-05-29 12:22:16.569,4,3.05,,512000000
2026-05-29 12:22:16.551,2,1.82,,512000000
2026-05-29 12:22:16.546,2,1.8,,512000000
2026-05-29 12:22:16.485,3,2.33,,512000000
2026-05-29 12:22:16.478,2,1.87,,512000000
2026-05-29 12:22:16.477,2,1.85,,512000000
2026-05-29 12:22:16.477,2,1.68,,512000000
2026-05-29 12:22:16.409,2,1.84,,512000000
2026-05-29 12:22:16.408,2,1.9,,512000000
2026-05-29 12:22:16.408,2,1.73,,512000000
2026-05-29 12:22:16.403,2,1.8,,512000000
2026-05-29 12:22:16.391,2,1.66,,512000000
2026-05-29 12:22:16.377,2,1.71,,512000000
2026-05-29 12:22:16.351,2,1.62,,512000000
2026-05-29 12:22:16.351,2,1.91,,512000000
2026-05-29 12:22:16.282,2,1.8,,512000000
2026-05-29 12:22:16.276,49,48.58,,512000000
2026-05-29 12:22:16.256,2,2,,512000000
2026-05-29 12:22:16.231,2,1.56,,512000000
2026-05-29 12:22:16.215,2,1.8,,512000000
2026-05-29 12:22:16.213,2,1.76,,512000000
2026-05-29 12:22:16.209,2,1.75,,512000000
2026-05-29 12:22:16.172,2,1.67,,512000000
2026-05-29 12:22:16.172,2,1.81,,512000000
2026-05-29 12:22:16.144,2,1.78,,512000000
2026-05-29 12:22:16.134,2,1.88,,512000000
2026-05-29 12:22:16.089,2,1.73,,512000000
2026-05-29 12:22:16.071,2,1.75,,512000000
2026-05-29 12:22:16.067,3,2.03,,512000000
2026-05-29 12:22:16.045,2,1.83,,512000000
2026-05-29 12:22:16.037,2,1.88,,512000000
2026-05-29 12:22:16.029,3,2.99,,512000000
2026-05-29 12:22:15.987,2,2,,512000000
2026-05-29 12:22:15.981,2,1.78,,512000000
2026-05-29 12:22:15.976,2,1.85,,512000000
2026-05-29 12:22:15.960,3,2.17,,512000000
2026-05-29 12:22:15.958,2,1.83,,512000000
2026-05-29 12:22:15.942,3,2.01,,512000000
2026-05-29 12:22:15.878,2,1.73,,512000000
2026-05-29 12:22:15.872,2,1.91,,512000000
2026-05-29 12:22:15.872,2,1.8,,512000000
2026-05-29 12:22:15.826,2,1.63,,512000000
2026-05-29 12:22:15.815,2,1.79,,512000000
2026-05-29 12:22:15.814,2,1.76,,512000000
2026-05-29 12:22:15.813,2,1.84,,512000000
2026-05-29 12:22:15.812,2,1.84,,512000000
2026-05-29 12:22:15.807,2,1.72,,512000000
2026-05-29 12:22:15.784,2,1.64,,512000000
2026-05-29 12:22:15.759,2,1.72,,512000000
2026-05-29 12:22:15.742,2,1.98,,512000000
2026-05-29 12:22:15.734,2,1.7,,512000000
2026-05-29 12:22:15.695,2,1.79,,512000000
2026-05-29 12:22:15.683,2,1.93,,512000000
2026-05-29 12:22:15.681,2,1.67,,512000000
2026-05-29 12:22:15.678,2,1.78,,512000000
2026-05-29 12:22:15.675,2,1.89,,512000000
2026-05-29 12:22:15.629,2,1.92,,512000000
2026-05-29 12:22:15.593,3,2.01,,512000000
2026-05-29 12:22:15.581,2,1.85,,512000000
2026-05-29 12:22:15.567,4,3.66,,512000000
2026-05-29 12:22:15.557,3,2.08,,512000000
2026-05-29 12:22:15.532,2,1.68,,512000000
2026-05-29 12:22:15.511,5,4.12,,512000000
2026-05-29 12:22:15.478,2,1.71,,512000000
2026-05-29 12:22:15.462,2,1.66,,512000000
2026-05-29 12:22:15.457,2,1.82,,512000000
2026-05-29 12:22:15.416,2,1.69,,512000000
2026-05-29 12:22:15.387,3,2.17,,512000000
2026-05-29 12:22:15.382,2,1.89,,512000000
2026-05-29 12:22:15.379,2,1.8,,512000000
2026-05-29 12:22:15.347,2,1.74,,512000000
2026-05-29 12:22:15.324,2,1.88,,512000000
2026-05-29 12:22:15.295,2,1.78,,512000000
2026-05-29 12:22:15.283,2,1.75,,512000000
2026-05-29 12:22:15.277,2,1.85,,512000000
2026-05-29 12:22:15.250,3,2.17,,512000000
2026-05-29 12:22:15.217,2,1.96,,512000000
2026-05-29 12:22:15.203,2,1.86,,512000000
2026-05-29 12:22:15.193,2,1.92,,512000000
2026-05-29 12:22:15.190,2,1.89,,512000000
2026-05-29 12:22:15.174,2,1.77,,512000000
2026-05-29 12:22:15.150,2,1.85,,512000000
2026-05-29 12:22:15.138,2,1.81,,512000000
2026-05-29 12:22:15.114,2,1.71,,512000000
2026-05-29 12:22:15.061,2,1.92,,512000000
2026-05-29 12:22:15.008,2,1.88,,512000000
2026-05-29 12:22:14.993,2,1.77,,512000000
2026-05-29 12:22:14.984,2,1.93,,512000000
2026-05-29 12:22:14.958,4,3.81,,512000000
2026-05-29 12:22:14.939,2,1.79,,512000000
2026-05-29 12:22:14.938,2,1.73,,512000000
2026-05-29 12:22:14.936,3,2.07,,512000000
2026-05-29 12:22:14.918,6,5.24,,512000000
2026-05-29 12:22:14.916,4,3.71,,512000000
2026-05-29 12:22:14.905,3,2.15,,512000000
2026-05-29 12:22:14.895,2,1.68,,512000000
2026-05-29 12:22:14.868,4,3.15,,512000000
2026-05-29 12:22:14.844,2,1.63,,512000000
2026-05-29 12:22:14.839,2,1.76,,512000000
2026-05-29 12:22:14.788,2,1.8,,512000000
2026-05-29 12:22:14.775,3,2.01,,512000000
2026-05-29 12:22:14.775,2,1.54,,512000000
2026-05-29 12:22:14.760,3,2.25,,512000000
2026-05-29 12:22:14.758,2,1.8,,512000000
2026-05-29 12:22:14.755,3,2.01,,512000000
2026-05-29 12:22:14.746,2,1.7,,512000000
2026-05-29 12:22:14.732,3,2.08,,512000000
2026-05-29 12:22:14.710,2,1.87,,512000000
2026-05-29 12:22:14.708,2,1.75,,512000000
2026-05-29 12:22:14.705,2,1.74,,512000000
2026-05-29 12:22:14.703,2,1.66,,512000000
2026-05-29 12:22:14.694,3,2.04,,512000000
2026-05-29 12:22:14.684,4,3.29,,512000000
2026-05-29 12:22:14.646,2,1.95,,512000000
2026-05-29 12:22:14.599,3,2.17,,512000000
2026-05-29 12:22:14.599,2,1.97,,512000000
2026-05-29 12:22:14.586,2,1.72,,512000000
2026-05-29 12:22:14.556,2,1.7,,512000000
2026-05-29 12:22:14.499,2,1.79,,512000000
2026-05-29 12:22:14.461,2,1.74,,512000000
2026-05-29 12:22:14.458,3,2.17,,512000000
2026-05-29 12:22:14.436,13,12.55,,512000000
2026-05-29 12:22:14.430,2,1.69,,512000000
2026-05-29 12:22:14.427,2,1.74,,512000000
2026-05-29 12:22:14.418,2,1.74,,512000000
2026-05-29 12:22:14.418,2,1.75,,512000000
2026-05-29 12:22:14.404,2,1.75,,512000000
2026-05-29 12:22:14.395,3,2.1,,512000000
2026-05-29 12:22:14.391,3,2.09,,512000000
2026-05-29 12:22:14.356,11,10.7,,512000000
2026-05-29 12:22:14.344,3,2.14,,512000000
2026-05-29 12:22:14.339,2,1.72,,512000000
2026-05-29 12:22:14.326,2,1.76,,512000000
2026-05-29 12:22:14.312,2,1.72,,512000000
2026-05-29 12:22:14.312,2,1.63,,512000000
2026-05-29 12:22:14.284,2,1.76,,512000000
2026-05-29 12:22:14.278,2,1.86,,512000000
2026-05-29 12:22:14.257,2,1.78,,512000000
2026-05-29 12:22:14.201,6,5.96,,512000000
2026-05-29 12:22:14.200,3,2.11,,512000000
2026-05-29 12:22:14.198,5,4.97,,512000000
2026-05-29 12:22:14.188,3,2.05,,512000000
2026-05-29 12:22:14.176,3,2.11,,512000000
2026-05-29 12:22:14.176,2,2,,512000000
2026-05-29 12:22:14.163,2,1.81,,512000000
2026-05-29 12:22:14.161,2,1.87,,512000000
2026-05-29 12:22:14.147,3,2.09,,512000000
2026-05-29 12:22:14.133,2,1.88,,512000000
2026-05-29 12:22:14.130,2,1.66,,512000000
2026-05-29 12:22:14.121,3,2.05,,512000000
2026-05-29 12:22:14.118,2,1.67,,512000000
2026-05-29 12:22:14.106,6,5.81,,512000000
2026-05-29 12:22:14.096,5,4.81,,512000000
2026-05-29 12:22:14.090,2,1.81,,512000000
2026-05-29 12:22:14.079,2,1.7,,512000000
2026-05-29 12:22:14.058,6,5.16,,512000000
2026-05-29 12:22:14.016,2,1.97,,512000000
2026-05-29 12:22:14.004,2,1.8,,512000000
2026-05-29 12:22:13.946,2,1.93,,512000000
2026-05-29 12:22:13.944,2,1.85,,512000000
2026-05-29 12:22:13.879,3,2.02,,512000000
2026-05-29 12:22:13.857,7,6.09,,512000000
2026-05-29 12:22:13.839,2,1.88,,512000000
2026-05-29 12:22:13.805,2,1.73,,512000000
2026-05-29 12:22:13.770,2,1.72,,512000000
2026-05-29 12:22:13.767,2,1.72,,512000000
2026-05-29 12:22:13.756,2,1.84,,512000000
2026-05-29 12:22:13.718,2,1.95,,512000000
2026-05-29 12:22:13.707,3,2.05,,512000000
2026-05-29 12:22:13.703,2,1.91,,512000000
2026-05-29 12:22:13.641,2,1.8,,512000000
2026-05-29 12:22:13.631,2,2,,512000000
2026-05-29 12:22:13.608,2,1.86,,512000000
2026-05-29 12:22:13.597,2,1.71,,512000000
2026-05-29 12:22:13.596,2,1.83,,512000000
2026-05-29 12:22:13.586,3,2.08,,512000000
2026-05-29 12:22:13.581,2,1.62,,512000000
2026-05-29 12:22:13.572,2,1.66,,512000000
2026-05-29 12:22:13.547,2,1.91,,512000000
2026-05-29 12:22:13.543,2,1.7,,512000000
2026-05-29 12:22:13.528,2,1.96,,512000000
2026-05-29 12:22:13.525,3,2.04,,512000000
2026-05-29 12:22:13.524,2,1.69,,512000000
2026-05-29 12:22:13.520,3,2.04,,512000000
2026-05-29 12:22:13.507,2,1.82,,512000000
2026-05-29 12:22:13.503,3,2.29,,512000000
2026-05-29 12:22:13.475,2,1.76,,512000000
2026-05-29 12:22:13.463,2,1.79,,512000000
2026-05-29 12:22:13.442,2,1.8,,512000000
2026-05-29 12:22:13.438,2,1.74,,512000000
2026-05-29 12:22:13.429,3,2.04,,512000000
2026-05-29 12:22:13.409,2,1.81,,512000000
2026-05-29 12:22:13.391,3,2.03,,512000000
2026-05-29 12:22:13.344,3,2.21,,512000000
2026-05-29 12:22:13.317,3,2.25,,512000000
2026-05-29 12:22:13.293,2,1.68,,512000000
2026-05-29 12:22:13.277,3,2.07,,512000000
2026-05-29 12:22:13.277,7,6.09,,512000000
2026-05-29 12:22:13.257,5,4.6,,512000000
2026-05-29 12:22:13.246,2,1.82,,512000000
2026-05-29 12:22:13.222,2,1.77,,512000000
2026-05-29 12:22:13.198,2,1.87,,512000000
2026-05-29 12:22:13.193,3,2.11,,512000000
2026-05-29 12:22:13.176,2,1.95,,512000000
2026-05-29 12:22:13.172,3,2.05,,512000000
2026-05-29 12:22:13.153,3,2.05,,512000000
2026-05-29 12:22:13.121,2,1.92,,512000000
2026-05-29 12:22:13.093,3,2.05,,512000000
2026-05-29 12:22:13.063,2,1.84,,512000000
2026-05-29 12:22:13.061,7,6.84,,512000000
2026-05-29 12:22:13.039,2,1.79,,512000000
2026-05-29 12:22:13.030,2,1.98,,512000000
2026-05-29 12:22:13.018,2,1.87,,512000000
2026-05-29 12:22:13.001,2,1.77,,512000000
2026-05-29 12:22:12.989,2,1.87,,512000000
2026-05-29 12:22:12.988,62,61.57,,512000000
2026-05-29 12:22:12.969,3,2.07,,512000000
2026-05-29 12:22:12.955,3,2.02,,512000000
2026-05-29 12:22:12.941,5,4.02,,512000000
2026-05-29 12:22:12.936,2,1.8,,512000000
2026-05-29 12:22:12.932,2,1.73,,512000000
2026-05-29 12:22:12.915,2,1.69,,512000000
2026-05-29 12:22:12.903,2,1.84,,512000000
2026-05-29 12:22:12.879,6,5.96,,512000000
2026-05-29 12:22:12.875,2,1.72,,512000000
2026-05-29 12:22:12.842,6,5.61,,512000000
2026-05-29 12:22:12.840,2,1.75,,512000000
2026-05-29 12:22:12.838,28,27.61,,512000000
2026-05-29 12:22:12.836,6,5.65,,512000000
2026-05-29 12:22:12.828,3,2.1,,512000000
2026-05-29 12:22:12.826,2,1.64,,512000000
2026-05-29 12:22:12.822,2,1.6,,512000000
2026-05-29 12:22:12.812,2,1.91,,512000000
2026-05-29 12:22:12.805,3,2.03,,512000000
2026-05-29 12:22:12.800,5,4.82,,512000000
2026-05-29 12:22:12.796,2,1.82,,512000000
2026-05-29 12:22:12.762,3,2.17,,512000000
2026-05-29 12:22:12.739,2,1.97,,512000000
2026-05-29 12:22:12.723,2,1.91,,512000000
2026-05-29 12:22:12.694,2,1.89,,512000000
2026-05-29 12:22:12.691,2,1.84,,512000000
2026-05-29 12:22:12.687,2,1.79,,512000000
2026-05-29 12:22:12.657,9,8.31,,512000000
2026-05-29 12:22:12.645,2,1.94,,512000000
2026-05-29 12:22:12.638,2,1.88,,512000000
2026-05-29 12:22:12.631,3,2.92,,512000000
2026-05-29 12:22:12.614,2,1.84,,512000000
2026-05-29 12:22:12.600,4,3.19,,512000000
2026-05-29 12:22:12.594,3,2,,512000000
2026-05-29 12:22:12.552,3,2.27,,512000000
2026-05-29 12:22:12.549,2,1.73,,512000000
2026-05-29 12:22:12.506,2,1.74,,512000000
2026-05-29 12:22:12.500,2,1.66,,512000000
2026-05-29 12:22:12.477,2,1.69,,512000000
2026-05-29 12:22:12.467,2,1.73,,512000000
2026-05-29 12:22:12.459,2,1.95,,512000000
2026-05-29 12:22:12.429,2,1.86,,512000000
2026-05-29 12:22:12.415,2,1.76,,512000000
2026-05-29 12:22:12.406,3,2.01,,512000000
2026-05-29 12:22:12.321,2,1.82,,512000000
2026-05-29 12:22:12.316,3,2.21,,512000000
2026-05-29 12:22:12.313,2,1.9,,512000000
2026-05-29 12:22:12.312,3,2.56,,512000000
2026-05-29 12:22:12.284,3,2.58,,512000000
2026-05-29 12:22:12.278,3,2.12,,512000000
2026-05-29 12:22:12.277,3,2.02,,512000000
2026-05-29 12:22:12.270,2,1.76,,512000000
2026-05-29 12:22:12.267,3,2.66,,512000000
2026-05-29 12:22:12.236,16,15.56,,512000000
2026-05-29 12:22:12.215,2,1.8,,512000000
2026-05-29 12:22:12.198,2,1.7,,512000000
2026-05-29 12:22:12.197,52,51.09,,512000000
2026-05-29 12:22:12.187,3,2.12,,512000000
2026-05-29 12:22:12.181,2,1.69,,512000000
2026-05-29 12:22:12.174,2,1.98,,512000000
2026-05-29 12:22:12.155,2,1.94,,512000000
2026-05-29 12:22:12.154,2,1.88,,512000000
2026-05-29 12:22:12.119,3,2.26,,512000000
2026-05-29 12:22:12.112,2,1.97,,512000000
2026-05-29 12:22:12.110,3,2.02,,512000000
2026-05-29 12:22:12.105,2,1.95,,512000000
2026-05-29 12:22:12.085,2,1.65,,512000000
2026-05-29 12:22:12.080,2,1.87,,512000000
2026-05-29 12:22:12.077,10,9.22,,512000000
2026-05-29 12:22:12.077,2,1.67,,512000000
2026-05-29 12:22:12.058,12,11.56,,512000000
2026-05-29 12:22:12.043,2,1.7,,512000000
2026-05-29 12:22:12.043,2,1.82,,512000000
2026-05-29 12:22:12.024,2,1.82,,512000000
2026-05-29 12:22:12.022,2,1.82,,512000000
2026-05-29 12:22:12.019,3,2.15,,512000000
2026-05-29 12:22:12.014,2,1.7,,512000000
2026-05-29 12:22:12.002,2,1.91,,512000000
2026-05-29 12:22:11.974,2,1.63,,512000000
2026-05-29 12:22:11.969,2,1.88,,512000000
2026-05-29 12:22:11.967,2,1.86,,512000000
2026-05-29 12:22:11.966,2,1.69,,512000000
2026-05-29 12:22:11.943,71,70.4,,512000000
2026-05-29 12:22:11.933,3,2.07,,512000000
2026-05-29 12:22:11.930,3,2.29,,512000000
2026-05-29 12:22:11.927,2,1.65,,512000000
2026-05-29 12:22:11.906,2,1.72,,512000000
2026-05-29 12:22:11.843,16,15.22,,512000000
2026-05-29 12:22:11.804,2,1.6,,512000000
2026-05-29 12:22:11.791,2,1.91,,512000000
2026-05-29 12:22:11.791,2,1.85,,512000000
2026-05-29 12:22:11.758,2,1.64,,512000000
2026-05-29 12:22:11.741,2,1.69,,512000000
2026-05-29 12:22:11.731,2,1.83,,512000000
2026-05-29 12:22:11.718,2,1.99,,512000000
2026-05-29 12:22:11.697,3,2.04,,512000000
2026-05-29 12:22:11.687,3,2.23,,512000000
2026-05-29 12:22:11.651,2,1.78,,512000000
2026-05-29 12:22:11.641,2,1.69,,512000000
2026-05-29 12:22:11.641,5,4.21,,512000000
2026-05-29 12:22:11.638,2,1.9,,512000000
2026-05-29 12:22:11.610,2,1.76,,512000000
2026-05-29 12:22:11.600,2,1.76,,512000000
2026-05-29 12:22:11.595,2,1.95,,512000000
2026-05-29 12:22:11.579,2,1.92,,512000000
2026-05-29 12:22:11.571,2,1.91,,512000000
2026-05-29 12:22:11.568,3,2.02,,512000000
2026-05-29 12:22:11.566,2,1.77,,512000000
2026-05-29 12:22:11.517,3,2.22,,512000000
2026-05-29 12:22:11.499,2,1.7,,512000000
2026-05-29 12:22:11.497,4,3.14,,512000000
2026-05-29 12:22:11.492,2,1.86,,512000000
2026-05-29 12:22:11.487,63,62.86,,512000000
2026-05-29 12:22:11.454,2,1.84,,512000000
2026-05-29 12:22:11.437,6,5.35,,512000000
2026-05-29 12:22:11.415,9,8.37,,512000000
2026-05-29 12:22:11.396,8,7.48,,512000000
2026-05-29 12:22:11.382,2,1.65,,512000000
2026-05-29 12:22:11.377,3,2.15,,512000000
2026-05-29 12:22:11.356,2,1.67,,512000000
2026-05-29 12:22:11.345,9,8.07,,512000000
2026-05-29 12:22:11.331,3,2.11,,512000000
2026-05-29 12:22:11.322,2,1.73,,512000000
2026-05-29 12:22:11.319,2,1.75,,512000000
2026-05-29 12:22:11.283,2,1.71,,512000000
2026-05-29 12:22:11.281,2,1.71,,512000000
2026-05-29 12:22:11.267,2,1.92,,512000000
2026-05-29 12:22:11.265,2,1.79,,512000000
2026-05-29 12:22:11.256,2,1.76,,512000000
2026-05-29 12:22:11.218,2,1.95,,512000000
2026-05-29 12:22:11.208,2,1.87,,512000000
2026-05-29 12:22:11.206,2,1.92,,512000000
2026-05-29 12:22:11.205,4,3.12,,512000000
2026-05-29 12:22:11.200,2,1.8,,512000000
2026-05-29 12:22:11.192,2,1.64,,512000000
2026-05-29 12:22:11.190,2,1.82,,512000000
2026-05-29 12:22:11.172,2,1.64,,512000000
2026-05-29 12:22:11.154,2,1.8,,512000000
2026-05-29 12:22:11.135,2,1.8,,512000000
2026-05-29 12:22:11.124,2,1.82,,512000000
2026-05-29 12:22:11.095,5,4.62,,512000000
2026-05-29 12:22:11.079,2,1.88,,512000000
2026-05-29 12:22:11.073,2,1.82,,512000000
2026-05-29 12:22:11.053,2,1.69,,512000000
2026-05-29 12:22:11.052,3,2.58,,512000000
2026-05-29 12:22:11.026,3,2.12,,512000000
2026-05-29 12:22:11.006,2,1.93,,512000000
2026-05-29 12:22:11.003,2,1.67,,512000000
2026-05-29 12:22:11.000,2,1.93,,512000000
2026-05-29 12:22:10.990,2,1.85,,512000000
2026-05-29 12:22:10.985,6,5.37,,512000000
2026-05-29 12:22:10.962,2,1.81,,512000000
2026-05-29 12:22:10.942,6,5.19,,512000000
2026-05-29 12:22:10.937,3,2.2,,512000000
2026-05-29 12:22:10.936,2,1.89,,512000000
2026-05-29 12:22:10.927,27,26.49,,512000000
2026-05-29 12:22:10.913,2,1.76,,512000000
2026-05-29 12:22:10.896,5,4.73,,512000000
2026-05-29 12:22:10.880,2,1.79,,512000000
2026-05-29 12:22:10.879,2,1.95,,512000000
2026-05-29 12:22:10.872,2,1.63,,512000000
2026-05-29 12:22:10.848,2,1.97,,512000000
2026-05-29 12:22:10.847,11,10.01,,512000000
2026-05-29 12:22:10.832,2,1.94,,512000000
2026-05-29 12:22:10.827,2,1.72,,512000000
2026-05-29 12:22:10.813,3,2.92,,512000000
2026-05-29 12:22:10.810,3,2.5,,512000000
2026-05-29 12:22:10.805,2,1.69,,512000000
2026-05-29 12:22:10.741,6,5.39,,512000000
2026-05-29 12:22:10.725,2,1.83,,512000000
2026-05-29 12:22:10.693,2,1.72,,512000000
2026-05-29 12:22:10.682,2,1.79,,512000000
2026-05-29 12:22:10.682,22,21.66,,512000000
2026-05-29 12:22:10.675,6,5.47,,512000000
2026-05-29 12:22:10.661,2,1.86,,512000000
2026-05-29 12:22:10.657,2,1.78,,512000000
2026-05-29 12:22:10.618,3,2.02,,512000000
2026-05-29 12:22:10.614,2,1.71,,512000000
2026-05-29 12:22:10.590,2,1.88,,512000000
2026-05-29 12:22:10.579,2,1.89,,512000000
2026-05-29 12:22:10.552,8,7.13,,512000000
2026-05-29 12:22:10.551,2,1.96,,512000000
2026-05-29 12:22:10.540,2,1.78,,512000000
2026-05-29 12:22:10.536,2,1.89,,512000000
2026-05-29 12:22:10.535,2,1.68,,512000000
2026-05-29 12:22:10.522,2,1.66,,512000000
2026-05-29 12:22:10.495,2,1.7,,512000000
2026-05-29 12:22:10.486,2,1.92,,512000000
2026-05-29 12:22:10.469,2,1.95,,512000000
2026-05-29 12:22:10.466,2,1.58,,512000000
2026-05-29 12:22:10.466,2,1.84,,512000000
2026-05-29 12:22:10.452,2,1.72,,512000000
2026-05-29 12:22:10.437,2,1.74,,512000000
2026-05-29 12:22:10.412,2,1.6,,512000000
2026-05-29 12:22:10.399,2,1.76,,512000000
2026-05-29 12:22:10.392,2,1.98,,512000000
2026-05-29 12:22:10.384,2,1.69,,512000000
2026-05-29 12:22:10.364,2,1.7,,512000000
2026-05-29 12:22:10.347,2,1.71,,512000000
2026-05-29 12:22:10.342,3,2.1,,512000000
2026-05-29 12:22:10.341,3,2.11,,512000000
2026-05-29 12:22:10.332,2,1.9,,512000000
2026-05-29 12:22:10.307,2,1.75,,512000000
2026-05-29 12:22:10.303,2,1.67,,512000000
2026-05-29 12:22:10.288,2,1.72,,512000000
2026-05-29 12:22:10.284,5,4.65,,512000000
2026-05-29 12:22:10.257,3,2.09,,512000000
2026-05-29 12:22:10.250,2,1.75,,512000000
2026-05-29 12:22:10.231,2,1.68,,512000000
2026-05-29 12:22:10.230,2,1.76,,512000000
2026-05-29 12:22:10.174,2,1.94,,512000000
2026-05-29 12:22:10.171,2,1.97,,512000000
2026-05-29 12:22:10.166,2,1.84,,512000000
2026-05-29 12:22:10.149,2,1.75,,512000000
2026-05-29 12:22:10.128,2,1.75,,512000000
2026-05-29 12:22:10.125,4,3.22,,512000000
2026-05-29 12:22:10.091,2,1.73,,512000000
2026-05-29 12:22:10.089,2,1.97,,512000000
2026-05-29 12:22:10.084,2,1.86,,512000000
2026-05-29 12:22:10.073,2,1.82,,512000000
2026-05-29 12:22:10.040,2,1.61,,512000000
2026-05-29 12:22:10.033,2,1.83,,512000000
2026-05-29 12:22:10.026,10,9.75,,512000000
2026-05-29 12:22:10.025,2,1.83,,512000000
2026-05-29 12:22:09.976,2,1.76,,512000000
2026-05-29 12:22:09.964,39,38.6,,512000000
2026-05-29 12:22:09.951,2,1.64,,512000000
2026-05-29 12:22:09.918,2,1.73,,512000000
2026-05-29 12:22:09.900,2,1.82,,512000000
2026-05-29 12:22:09.867,5,4.14,,512000000
2026-05-29 12:22:09.861,2,1.86,,512000000
2026-05-29 12:22:09.861,2,1.68,,512000000
2026-05-29 12:22:09.848,2,1.96,,512000000
2026-05-29 12:22:09.846,2,1.64,,512000000
2026-05-29 12:22:09.844,2,1.8,,512000000
2026-05-29 12:22:09.840,2,1.74,,512000000
2026-05-29 12:22:09.816,2,1.87,,512000000
2026-05-29 12:22:09.804,2,1.81,,512000000
2026-05-29 12:22:09.800,2,1.62,,512000000
2026-05-29 12:22:09.799,2,1.64,,512000000
2026-05-29 12:22:09.784,2,1.9,,512000000
2026-05-29 12:22:09.781,2,1.7,,512000000
2026-05-29 12:22:09.780,2,1.66,,512000000
2026-05-29 12:22:09.744,2,1.73,,512000000
2026-05-29 12:22:09.740,7,6.92,,512000000
2026-05-29 12:22:09.739,2,1.72,,512000000
2026-05-29 12:22:09.716,9,8.12,,512000000
2026-05-29 12:22:09.697,2,1.85,,512000000
2026-05-29 12:22:09.690,2,1.89,,512000000
2026-05-29 12:22:09.672,2,1.89,,512000000
2026-05-29 12:22:09.663,2,1.68,,512000000
2026-05-29 12:22:09.646,2,1.9,,512000000
2026-05-29 12:22:09.637,5,4.95,,512000000
2026-05-29 12:22:09.628,2,1.62,,512000000
2026-05-29 12:22:09.626,3,2.08,,512000000
2026-05-29 12:22:09.622,2,1.69,,512000000
2026-05-29 12:22:09.615,2,1.76,,512000000
2026-05-29 12:22:09.602,2,1.82,,512000000
2026-05-29 12:22:09.560,2,1.93,,512000000
2026-05-29 12:22:09.550,2,1.77,,512000000
2026-05-29 12:22:09.508,2,1.84,,512000000
2026-05-29 12:22:09.507,2,1.65,,512000000
2026-05-29 12:22:09.501,2,1.96,,512000000
2026-05-29 12:22:09.473,2,1.81,,512000000
2026-05-29 12:22:09.466,2,1.66,,512000000
2026-05-29 12:22:09.464,3,2.2,,512000000
2026-05-29 12:22:09.453,3,2.02,,512000000
2026-05-29 12:22:09.447,2,1.92,,512000000
2026-05-29 12:22:09.414,2,1.75,,512000000
2026-05-29 12:22:09.414,2,1.73,,512000000
2026-05-29 12:22:09.403,4,3.63,,512000000
2026-05-29 12:22:09.395,8,7.22,,512000000
2026-05-29 12:22:09.394,2,1.51,,512000000
2026-05-29 12:22:09.392,3,2.17,,512000000
2026-05-29 12:22:09.386,2,1.7,,512000000
2026-05-29 12:22:09.384,14,13.58,,512000000
2026-05-29 12:22:09.382,2,1.79,,512000000
2026-05-29 12:22:09.358,2,1.81,,512000000
2026-05-29 12:22:09.357,2,1.71,,512000000
2026-05-29 12:22:09.337,4,3.73,,512000000
2026-05-29 12:22:09.331,2,1.7,,512000000
2026-05-29 12:22:09.311,2,1.66,,512000000
2026-05-29 12:22:09.310,3,2.65,,512000000
2026-05-29 12:22:09.276,13,12.52,,512000000
2026-05-29 12:22:09.265,11,10.12,,512000000
2026-05-29 12:22:09.261,2,1.76,,512000000
2026-05-29 12:22:09.257,3,2.46,,512000000
2026-05-29 12:22:09.236,2,1.61,,512000000
2026-05-29 12:22:09.232,2,1.73,,512000000
2026-05-29 12:22:09.221,2,1.93,,512000000
2026-05-29 12:22:09.190,2,1.73,,512000000
2026-05-29 12:22:09.185,9,8.31,,512000000
2026-05-29 12:22:09.180,2,1.7,,512000000
2026-05-29 12:22:09.180,2,1.87,,512000000
2026-05-29 12:22:09.167,2,1.78,,512000000
2026-05-29 12:22:09.144,3,2.26,,512000000
2026-05-29 12:22:09.129,2,1.7,,512000000
2026-05-29 12:22:09.107,2,1.7,,512000000
2026-05-29 12:22:09.082,2,1.68,,512000000
2026-05-29 12:22:09.077,2,1.79,,512000000
2026-05-29 12:22:09.077,2,1.82,,512000000
2026-05-29 12:22:09.064,2,1.68,,512000000
2026-05-29 12:22:09.019,2,1.65,,512000000
2026-05-29 12:22:09.015,2,1.91,,512000000
2026-05-29 12:22:09.011,2,1.99,,512000000
2026-05-29 12:22:08.982,3,2.17,,512000000
2026-05-29 12:22:08.979,2,1.62,,512000000
2026-05-29 12:22:08.972,2,1.76,,512000000
2026-05-29 12:22:08.965,2,1.64,,512000000
2026-05-29 12:22:08.951,2,1.78,,512000000
2026-05-29 12:22:08.945,2,1.83,,512000000
2026-05-29 12:22:08.936,2,1.93,,512000000
2026-05-29 12:22:08.923,2,1.78,,512000000
2026-05-29 12:22:08.908,3,2.07,,512000000
2026-05-29 12:22:08.901,11,10.98,,512000000
2026-05-29 12:22:08.864,3,2.11,,512000000
2026-05-29 12:22:08.862,15,14.62,,512000000
2026-05-29 12:22:08.855,2,1.83,,512000000
2026-05-29 12:22:08.830,2,1.77,,512000000
2026-05-29 12:22:08.829,2,1.62,,512000000
2026-05-29 12:22:08.819,2,1.91,,512000000
2026-05-29 12:22:08.812,6,5.9,,512000000
2026-05-29 12:22:08.793,2,1.76,,512000000
2026-05-29 12:22:08.788,2,1.74,,512000000
2026-05-29 12:22:08.775,6,5.24,,512000000
2026-05-29 12:22:08.771,2,1.77,,512000000
2026-05-29 12:22:08.726,2,1.71,,512000000
2026-05-29 12:22:08.714,2,1.89,,512000000
2026-05-29 12:22:08.701,3,2.14,,512000000
2026-05-29 12:22:08.679,2,1.74,,512000000
2026-05-29 12:22:08.673,2,1.85,,512000000
2026-05-29 12:22:08.672,2,1.82,,512000000
2026-05-29 12:22:08.651,2,1.85,,512000000
2026-05-29 12:22:08.635,2,1.74,,512000000
2026-05-29 12:22:08.633,2,1.72,,512000000
2026-05-29 12:22:08.618,2,1.8,,512000000
2026-05-29 12:22:08.595,2,1.99,,512000000
2026-05-29 12:22:08.580,2,1.75,,512000000
2026-05-29 12:22:08.560,2,1.69,,512000000
2026-05-29 12:22:08.560,2,1.76,,512000000
2026-05-29 12:22:08.541,2,1.9,,512000000
2026-05-29 12:22:08.538,2,1.76,,512000000
2026-05-29 12:22:08.517,2,1.71,,512000000
2026-05-29 12:22:08.512,26,25.47,,512000000
2026-05-29 12:22:08.493,2,1.66,,512000000
2026-05-29 12:22:08.488,2,1.82,,512000000
2026-05-29 12:22:08.472,6,5.95,,512000000
2026-05-29 12:22:08.470,2,1.76,,512000000
2026-05-29 12:22:08.463,2,1.9,,512000000
2026-05-29 12:22:08.455,2,1.82,,512000000
2026-05-29 12:22:08.455,2,1.69,,512000000
2026-05-29 12:22:08.430,2,1.91,,512000000
2026-05-29 12:22:08.388,2,1.69,,512000000
2026-05-29 12:22:08.374,2,1.65,,512000000
2026-05-29 12:22:08.372,2,1.84,,512000000
2026-05-29 12:22:08.357,2,1.72,,512000000
2026-05-29 12:22:08.322,2,1.65,,512000000
2026-05-29 12:22:08.316,12,11.11,,512000000
2026-05-29 12:22:08.310,2,1.74,,512000000
2026-05-29 12:22:08.298,2,1.81,,512000000
2026-05-29 12:22:08.295,2,1.81,,512000000
2026-05-29 12:22:08.289,3,2.98,,512000000
2026-05-29 12:22:08.286,34,33.22,,512000000
2026-05-29 12:22:08.284,2,1.62,,512000000
2026-05-29 12:22:08.282,2,1.75,,512000000
2026-05-29 12:22:08.282,3,2.02,,512000000
2026-05-29 12:22:08.282,2,1.8,,512000000
2026-05-29 12:22:08.268,2,1.82,,512000000
2026-05-29 12:22:08.245,2,1.93,,512000000
2026-05-29 12:22:08.241,2,1.72,,512000000
2026-05-29 12:22:08.236,2,1.89,,512000000
2026-05-29 12:22:08.231,2,1.89,,512000000
2026-05-29 12:22:08.225,2,1.94,,512000000
2026-05-29 12:22:08.219,2,1.81,,512000000
2026-05-29 12:22:08.210,2,1.76,,512000000
2026-05-29 12:22:08.172,2,1.97,,512000000
2026-05-29 12:22:08.134,2,1.84,,512000000
2026-05-29 12:22:08.105,3,2.04,,512000000
2026-05-29 12:22:08.103,2,1.64,,512000000
2026-05-29 12:22:08.097,2,1.89,,512000000
2026-05-29 12:22:08.097,2,1.85,,512000000
2026-05-29 12:22:08.042,10,9.17,,512000000
2026-05-29 12:22:08.031,2,1.63,,512000000
2026-05-29 12:22:08.026,2,1.6,,512000000
2026-05-29 12:22:08.015,2,1.72,,512000000
2026-05-29 12:22:08.010,2,1.64,,512000000
2026-05-29 12:22:07.979,2,1.68,,512000000
2026-05-29 12:22:07.960,2,1.66,,512000000
2026-05-29 12:22:07.956,3,2.05,,512000000
2026-05-29 12:22:07.955,2,1.9,,512000000
2026-05-29 12:22:07.952,2,1.82,,512000000
2026-05-29 12:22:07.942,2,1.77,,512000000
2026-05-29 12:22:07.915,2,1.87,,512000000
2026-05-29 12:22:07.896,2,1.75,,512000000
2026-05-29 12:22:07.868,2,1.88,,512000000
2026-05-29 12:22:07.868,2,1.77,,512000000
2026-05-29 12:22:07.856,4,3.12,,512000000
2026-05-29 12:22:07.856,2,1.67,,512000000
2026-05-29 12:22:07.841,2,1.81,,512000000
2026-05-29 12:22:07.839,2,1.87,,512000000
2026-05-29 12:22:07.809,2,1.76,,512000000
2026-05-29 12:22:07.802,2,1.87,,512000000
2026-05-29 12:22:07.802,2,1.8,,512000000
2026-05-29 12:22:07.800,2,1.69,,512000000
2026-05-29 12:22:07.778,2,1.87,,512000000
2026-05-29 12:22:07.769,2,1.72,,512000000
2026-05-29 12:22:07.728,2,1.91,,512000000
2026-05-29 12:22:07.727,2,1.65,,512000000
2026-05-29 12:22:07.726,3,2.13,,512000000
2026-05-29 12:22:07.697,15,14.4,,512000000
2026-05-29 12:22:07.683,18,17.71,,512000000
2026-05-29 12:22:07.676,2,1.95,,512000000
2026-05-29 12:22:07.673,2,1.85,,512000000
2026-05-29 12:22:07.659,3,2.08,,512000000
2026-05-29 12:22:07.657,2,1.9,,512000000
2026-05-29 12:22:07.652,2,1.9,,512000000
2026-05-29 12:22:07.627,2,1.69,,512000000
2026-05-29 12:22:07.612,2,1.66,,512000000
2026-05-29 12:22:07.600,2,1.82,,512000000
2026-05-29 12:22:07.592,2,2,,512000000
2026-05-29 12:22:07.588,32,31.37,,512000000
2026-05-29 12:22:07.572,3,2.15,,512000000
2026-05-29 12:22:07.565,8,7.16,,512000000
2026-05-29 12:22:07.547,2,1.66,,512000000
2026-05-29 12:22:07.531,2,1.85,,512000000
2026-05-29 12:22:07.531,2,1.8,,512000000
2026-05-29 12:22:07.515,13,12.47,,512000000
2026-05-29 12:22:07.498,2,1.78,,512000000
2026-05-29 12:22:07.497,3,2.01,,512000000
2026-05-29 12:22:07.492,2,1.83,,512000000
2026-05-29 12:22:07.482,2,1.87,,512000000
2026-05-29 12:22:07.471,2,1.85,,512000000
2026-05-29 12:22:07.445,2,1.61,,512000000
2026-05-29 12:22:07.445,2,1.76,,512000000
2026-05-29 12:22:07.444,56,55.71,,512000000
2026-05-29 12:22:07.441,2,1.85,,512000000
2026-05-29 12:22:07.439,2,1.79,,512000000
2026-05-29 12:22:07.407,2,1.83,,512000000
2026-05-29 12:22:07.389,3,2.09,,512000000
2026-05-29 12:22:07.386,6,5.41,,512000000
2026-05-29 12:22:07.369,2,1.71,,512000000
2026-05-29 12:22:07.369,2,1.93,,512000000
2026-05-29 12:22:07.369,2,1.9,,512000000
2026-05-29 12:22:07.361,3,2.45,,512000000
2026-05-29 12:22:07.335,3,2.12,,512000000
2026-05-29 12:22:07.334,2,1.81,,512000000
2026-05-29 12:22:07.328,2,1.78,,512000000
2026-05-29 12:22:07.322,2,1.85,,512000000
2026-05-29 12:22:07.298,4,3.63,,512000000
2026-05-29 12:22:07.295,4,3.64,,512000000
2026-05-29 12:22:07.287,2,1.99,,512000000
2026-05-29 12:22:07.284,2,1.69,,512000000
2026-05-29 12:22:07.260,3,2.03,,512000000
2026-05-29 12:22:07.252,2,1.93,,512000000
2026-05-29 12:22:07.247,2,1.77,,512000000
2026-05-29 12:22:07.190,2,1.94,,512000000
2026-05-29 12:22:07.188,3,2.77,,512000000
2026-05-29 12:22:07.183,3,2.62,,512000000
2026-05-29 12:22:07.181,8,7.69,,512000000
2026-05-29 12:22:07.180,3,2,,512000000
2026-05-29 12:22:07.163,18,17.09,,512000000
2026-05-29 12:22:07.162,10,9.54,,512000000
2026-05-29 12:22:07.146,3,2.83,,512000000
2026-05-29 12:22:07.142,3,2.35,,512000000
2026-05-29 12:22:07.132,4,3.54,,512000000
2026-05-29 12:22:07.117,23,22.42,,512000000
2026-05-29 12:22:07.103,17,16.47,,512000000
2026-05-29 12:22:07.095,2,1.93,,512000000
2026-05-29 12:22:07.076,3,2.97,,512000000
2026-05-29 12:22:07.064,3,2.34,,512000000
2026-05-29 12:22:07.058,3,2.11,,512000000
2026-05-29 12:22:07.055,2,1.7,,512000000
2026-05-29 12:22:07.024,2,1.77,,512000000
2026-05-29 12:22:07.016,2,1.71,,512000000
2026-05-29 12:22:07.001,2,1.64,,512000000
2026-05-29 12:22:07.001,4,3.19,,512000000
2026-05-29 12:22:07.000,3,2.1,,512000000
2026-05-29 12:22:06.996,2,1.88,,512000000
2026-05-29 12:22:06.991,2,1.84,,512000000
2026-05-29 12:22:06.965,2,1.91,,512000000
2026-05-29 12:22:06.955,2,1.92,,512000000
2026-05-29 12:22:06.871,2,1.69,,512000000
2026-05-29 12:22:06.860,2,1.69,,512000000
2026-05-29 12:22:06.819,3,2.16,,512000000
2026-05-29 12:22:06.818,2,1.64,,512000000
2026-05-29 12:22:06.817,2,1.98,,512000000
2026-05-29 12:22:06.813,2,1.77,,512000000
2026-05-29 12:22:06.803,2,1.65,,512000000
2026-05-29 12:22:06.795,2,1.97,,512000000
2026-05-29 12:22:06.758,2,1.91,,512000000
2026-05-29 12:22:06.752,2,1.84,,512000000
2026-05-29 12:22:06.746,2,1.71,,512000000
2026-05-29 12:22:06.741,2,1.94,,512000000
2026-05-29 12:22:06.719,16,15.83,,512000000
2026-05-29 12:22:06.666,2,1.68,,512000000
2026-05-29 12:22:06.655,2,1.7,,512000000
2026-05-29 12:22:06.629,3,2.06,,512000000
2026-05-29 12:22:06.619,2,1.69,,512000000
2026-05-29 12:22:06.613,5,4.33,,512000000
2026-05-29 12:22:06.609,8,7.62,,512000000
2026-05-29 12:22:06.604,2,1.76,,512000000
2026-05-29 12:22:06.588,2,1.74,,512000000
2026-05-29 12:22:06.588,2,1.91,,512000000
2026-05-29 12:22:06.552,12,11.45,,512000000
2026-05-29 12:22:06.535,2,1.74,,512000000
2026-05-29 12:22:06.530,2,1.6,,512000000
2026-05-29 12:22:06.494,2,1.83,,512000000
2026-05-29 12:22:06.490,2,1.65,,512000000
2026-05-29 12:22:06.475,14,13.36,,512000000
2026-05-29 12:22:06.456,2,1.76,,512000000
2026-05-29 12:22:06.455,13,12.17,,512000000
2026-05-29 12:22:06.448,2,1.8,,512000000
2026-05-29 12:22:06.437,2,1.77,,512000000
2026-05-29 12:22:06.395,9,8.99,,512000000
2026-05-29 12:22:06.389,2,1.69,,512000000
2026-05-29 12:22:06.380,2,1.78,,512000000
2026-05-29 12:22:06.364,2,1.73,,512000000
2026-05-29 12:22:06.354,2,1.78,,512000000
2026-05-29 12:22:06.351,2,1.71,,512000000
2026-05-29 12:22:06.349,2,1.76,,512000000
2026-05-29 12:22:06.347,2,1.92,,512000000
2026-05-29 12:22:06.338,2,1.64,,512000000
2026-05-29 12:22:06.336,2,1.71,,512000000
2026-05-29 12:22:06.324,2,1.67,,512000000
2026-05-29 12:22:06.321,2,1.93,,512000000
2026-05-29 12:22:06.319,9,8.74,,512000000
2026-05-29 12:22:06.305,2,1.69,,512000000
2026-05-29 12:22:06.302,2,1.81,,512000000
2026-05-29 12:22:06.283,2,1.77,,512000000
2026-05-29 12:22:06.280,41,40.29,,512000000
2026-05-29 12:22:06.262,2,1.84,,512000000
2026-05-29 12:22:06.255,6,5.79,,512000000
2026-05-29 12:22:06.238,2,1.62,,512000000
2026-05-29 12:22:06.236,3,2.89,,512000000
2026-05-29 12:22:06.229,2,1.82,,512000000
2026-05-29 12:22:06.204,3,2.02,,512000000
2026-05-29 12:22:06.203,2,1.75,,512000000
2026-05-29 12:22:06.201,2,1.77,,512000000
2026-05-29 12:22:06.199,2,1.67,,512000000
2026-05-29 12:22:06.197,2,1.67,,512000000
2026-05-29 12:22:06.167,2,1.89,,512000000
2026-05-29 12:22:06.163,2,1.7,,512000000
2026-05-29 12:22:06.157,12,11.24,,512000000
2026-05-29 12:22:06.155,2,1.78,,512000000
2026-05-29 12:22:06.138,11,10.39,,512000000
2026-05-29 12:22:06.138,2,1.74,,512000000
2026-05-29 12:22:06.135,2,1.65,,512000000
2026-05-29 12:22:06.120,3,2.19,,512000000
2026-05-29 12:22:06.093,2,1.89,,512000000
2026-05-29 12:22:06.078,2,1.98,,512000000
2026-05-29 12:22:06.074,2,1.75,,512000000
2026-05-29 12:22:06.073,2,1.87,,512000000
2026-05-29 12:22:06.060,2,1.78,,512000000
2026-05-29 12:22:06.017,2,1.81,,512000000
2026-05-29 12:22:06.011,2,1.82,,512000000
2026-05-29 12:22:06.011,2,1.94,,512000000
2026-05-29 12:22:05.979,2,1.64,,512000000
2026-05-29 12:22:05.974,2,1.83,,512000000
2026-05-29 12:22:05.970,3,2.85,,512000000
2026-05-29 12:22:05.970,2,1.65,,512000000
2026-05-29 12:22:05.956,2,1.88,,512000000
2026-05-29 12:22:05.953,2,1.74,,512000000
2026-05-29 12:22:05.923,3,2.04,,512000000
2026-05-29 12:22:05.920,2,1.89,,512000000
2026-05-29 12:22:05.920,2,1.86,,512000000
2026-05-29 12:22:05.916,2,1.71,,512000000
2026-05-29 12:22:05.910,2,1.87,,512000000
2026-05-29 12:22:05.901,2,1.78,,512000000
2026-05-29 12:22:05.885,3,2.13,,512000000
2026-05-29 12:22:05.876,2,1.58,,512000000
2026-05-29 12:22:05.873,2,1.76,,512000000
2026-05-29 12:22:05.854,3,2.06,,512000000
2026-05-29 12:22:05.847,2,1.87,,512000000
2026-05-29 12:22:05.784,2,1.8,,512000000
2026-05-29 12:22:05.762,5,4.23,,512000000
2026-05-29 12:22:05.746,2,1.67,,512000000
2026-05-29 12:22:05.737,4,3.75,,512000000
2026-05-29 12:22:05.733,3,2.01,,512000000
2026-05-29 12:22:05.724,3,2.05,,512000000
2026-05-29 12:22:05.723,2,1.84,,512000000
2026-05-29 12:22:05.715,2,1.83,,512000000
2026-05-29 12:22:05.706,2,1.86,,512000000
2026-05-29 12:22:05.697,2,1.82,,512000000
2026-05-29 12:22:05.683,2,1.79,,512000000
2026-05-29 12:22:05.675,2,1.87,,512000000
2026-05-29 12:22:05.661,2,1.92,,512000000
2026-05-29 12:22:05.637,9,8.51,,512000000
2026-05-29 12:22:05.626,2,1.74,,512000000
2026-05-29 12:22:05.625,2,1.85,,512000000
2026-05-29 12:22:05.622,2,1.94,,512000000
2026-05-29 12:22:05.597,2,1.78,,512000000
2026-05-29 12:22:05.586,3,2.02,,512000000
2026-05-29 12:22:05.582,2,1.95,,512000000
2026-05-29 12:22:05.555,2,1.9,,512000000
2026-05-29 12:22:05.545,2,1.81,,512000000
2026-05-29 12:22:05.522,2,1.82,,512000000
2026-05-29 12:22:05.516,14,13.22,,512000000
2026-05-29 12:22:05.498,2,1.74,,512000000
2026-05-29 12:22:05.477,2,1.75,,512000000
2026-05-29 12:22:05.468,2,1.65,,512000000
2026-05-29 12:22:05.456,2,1.88,,512000000
2026-05-29 12:22:05.451,3,2.69,,512000000
2026-05-29 12:22:05.437,3,2.23,,512000000
2026-05-29 12:22:05.434,2,1.76,,512000000
2026-05-29 12:22:05.432,2,1.79,,512000000
2026-05-29 12:22:05.415,2,1.83,,512000000
2026-05-29 12:22:05.411,2,1.69,,512000000
2026-05-29 12:22:05.408,2,1.75,,512000000
2026-05-29 12:22:05.397,2,1.78,,512000000
2026-05-29 12:22:05.394,2,1.79,,512000000
2026-05-29 12:22:05.390,3,2.31,,512000000
2026-05-29 12:22:05.358,9,8.08,,512000000
2026-05-29 12:22:05.350,2,1.81,,512000000
2026-05-29 12:22:05.350,2,1.92,,512000000
2026-05-29 12:22:05.344,3,2.02,,512000000
2026-05-29 12:22:05.342,3,2.12,,512000000
2026-05-29 12:22:05.315,2,1.95,,512000000
2026-05-29 12:22:05.314,2,1.96,,512000000
2026-05-29 12:22:05.307,2,1.94,,512000000
2026-05-29 12:22:05.289,2,1.86,,512000000
2026-05-29 12:22:05.287,19,18.43,,512000000
2026-05-29 12:22:05.281,2,1.63,,512000000
2026-05-29 12:22:05.271,2,1.7,,512000000
2026-05-29 12:22:05.271,2,1.79,,512000000
2026-05-29 12:22:05.225,2,1.89,,512000000
2026-05-29 12:22:05.223,2,1.7,,512000000
2026-05-29 12:22:05.200,2,1.72,,512000000
2026-05-29 12:22:05.191,2,1.71,,512000000
2026-05-29 12:22:05.166,2,1.94,,512000000
2026-05-29 12:22:05.163,2,1.89,,512000000
2026-05-29 12:22:05.160,2,1.66,,512000000
2026-05-29 12:22:05.151,2,1.77,,512000000
2026-05-29 12:22:05.146,2,1.69,,512000000
2026-05-29 12:22:05.133,2,1.77,,512000000
2026-05-29 12:22:05.131,2,1.65,,512000000
2026-05-29 12:22:05.096,2,1.8,,512000000
2026-05-29 12:22:05.093,2,1.8,,512000000
2026-05-29 12:22:05.066,2,1.83,,512000000
2026-05-29 12:22:05.055,2,1.92,,512000000
2026-05-29 12:22:05.052,5,4.64,,512000000
2026-05-29 12:22:05.043,2,1.62,,512000000
2026-05-29 12:22:05.035,2,1.72,,512000000
2026-05-29 12:22:05.030,2,1.69,,512000000
2026-05-29 12:22:05.028,2,1.89,,512000000
2026-05-29 12:22:05.028,2,1.65,,512000000
2026-05-29 12:22:05.013,2,1.76,,512000000
2026-05-29 12:22:05.011,2,1.67,,512000000
2026-05-29 12:22:04.982,2,1.91,,512000000
2026-05-29 12:22:04.922,2,1.77,,512000000
2026-05-29 12:22:04.908,2,1.73,,512000000
2026-05-29 12:22:04.903,2,1.81,,512000000
2026-05-29 12:22:04.892,2,1.81,,512000000
2026-05-29 12:22:04.875,2,1.71,,512000000
2026-05-29 12:22:04.873,3,2.08,,512000000
2026-05-29 12:22:04.859,2,1.81,,512000000
2026-05-29 12:22:04.843,3,2.11,,512000000
2026-05-29 12:22:04.843,2,1.7,,512000000
2026-05-29 12:22:04.838,7,6.14,,512000000
2026-05-29 12:22:04.837,2,1.85,,512000000
2026-05-29 12:22:04.836,3,2.07,,512000000
2026-05-29 12:22:04.834,3,2.13,,512000000
2026-05-29 12:22:04.822,3,2.25,,512000000
2026-05-29 12:22:04.819,3,2.29,,512000000
2026-05-29 12:22:04.813,2,1.91,,512000000
2026-05-29 12:22:04.778,3,2.01,,512000000
2026-05-29 12:22:04.777,2,1.83,,512000000
2026-05-29 12:22:04.763,2,1.95,,512000000
2026-05-29 12:22:04.760,5,4.65,,512000000
2026-05-29 12:22:04.751,2,1.94,,512000000
2026-05-29 12:22:04.744,2,1.78,,512000000
2026-05-29 12:22:04.744,2,1.94,,512000000
2026-05-29 12:22:04.723,2,1.9,,512000000
2026-05-29 12:22:04.719,2,1.69,,512000000
2026-05-29 12:22:04.709,3,2.1,,512000000
2026-05-29 12:22:04.702,2,1.96,,512000000
2026-05-29 12:22:04.677,3,2.19,,512000000
2026-05-29 12:22:04.672,2,1.87,,512000000
2026-05-29 12:22:04.671,3,2.06,,512000000
2026-05-29 12:22:04.650,2,1.99,,512000000
2026-05-29 12:22:04.643,2,1.61,,512000000
2026-05-29 12:22:04.627,2,1.71,,512000000
2026-05-29 12:22:04.616,5,4.7,,512000000
2026-05-29 12:22:04.603,2,1.75,,512000000
2026-05-29 12:22:04.595,2,1.86,,512000000
2026-05-29 12:22:04.584,2,1.86,,512000000
2026-05-29 12:22:04.576,2,1.79,,512000000
2026-05-29 12:22:04.569,2,1.76,,512000000
2026-05-29 12:22:04.561,2,1.83,,512000000
2026-05-29 12:22:04.549,2,1.83,,512000000
2026-05-29 12:22:04.549,2,1.61,,512000000
2026-05-29 12:22:04.546,2,2,,512000000
2026-05-29 12:22:04.544,2,1.75,,512000000
2026-05-29 12:22:04.536,5,4.3,,512000000
2026-05-29 12:22:04.518,2,1.85,,512000000
2026-05-29 12:22:04.518,7,6.8,,512000000
2026-05-29 12:22:04.504,2,1.85,,512000000
2026-05-29 12:22:04.493,3,2.39,,512000000
2026-05-29 12:22:04.486,6,5.46,,512000000
2026-05-29 12:22:04.475,3,2.11,,512000000
2026-05-29 12:22:04.474,3,2.15,,512000000
2026-05-29 12:22:04.471,2,1.69,,512000000
2026-05-29 12:22:04.468,2,1.86,,512000000
2026-05-29 12:22:04.447,2,1.76,,512000000
2026-05-29 12:22:04.443,2,1.85,,512000000
2026-05-29 12:22:04.441,2,1.87,,512000000
2026-05-29 12:22:04.440,3,2.05,,512000000
2026-05-29 12:22:04.438,2,1.82,,512000000
2026-05-29 12:22:04.433,2,2,,512000000
2026-05-29 12:22:04.427,2,1.73,,512000000
2026-05-29 12:22:04.406,3,2.42,,512000000
2026-05-29 12:22:04.406,2,1.71,,512000000
2026-05-29 12:22:04.373,2,1.76,,512000000
2026-05-29 12:22:04.326,6,5.96,,512000000
2026-05-29 12:22:04.322,5,4.73,,512000000
2026-05-29 12:22:04.298,2,1.69,,512000000
2026-05-29 12:22:04.296,3,2.35,,512000000
2026-05-29 12:22:04.238,31,30.94,,512000000
2026-05-29 12:22:04.234,2,1.7,,512000000
2026-05-29 12:22:04.211,3,2.04,,512000000
2026-05-29 12:22:04.206,13,12.91,,512000000
2026-05-29 12:22:04.187,2,1.94,,512000000
2026-05-29 12:22:04.161,3,2.44,,512000000
2026-05-29 12:22:04.148,2,1.75,,512000000
2026-05-29 12:22:04.143,3,2.18,,512000000
2026-05-29 12:22:04.137,2,1.9,,512000000
2026-05-29 12:22:04.133,3,2.02,,512000000
2026-05-29 12:22:04.124,2,1.85,,512000000
2026-05-29 12:22:04.099,2,1.78,,512000000
2026-05-29 12:22:04.090,2,1.9,,512000000
2026-05-29 12:22:04.089,2,1.75,,512000000
2026-05-29 12:22:04.075,2,1.66,,512000000
2026-05-29 12:22:04.053,2,1.84,,512000000
2026-05-29 12:22:03.993,2,1.74,,512000000
2026-05-29 12:22:03.989,3,2.07,,512000000
2026-05-29 12:22:03.983,3,2.57,,512000000
2026-05-29 12:22:03.963,3,2,,512000000
2026-05-29 12:22:03.957,3,2.23,,512000000
2026-05-29 12:22:03.956,2,1.72,,512000000
2026-05-29 12:22:03.952,2,1.69,,512000000
2026-05-29 12:22:03.934,2,1.78,,512000000
2026-05-29 12:22:03.927,3,2.21,,512000000
2026-05-29 12:22:03.922,3,2.09,,512000000
2026-05-29 12:22:03.917,3,2.81,,512000000
2026-05-29 12:22:03.906,3,2.47,,512000000
2026-05-29 12:22:03.872,3,2.09,,512000000
2026-05-29 12:22:03.867,2,1.8,,512000000
2026-05-29 12:22:03.847,2,1.78,,512000000
2026-05-29 12:22:03.837,2,1.81,,512000000
2026-05-29 12:22:03.831,2,1.79,,512000000
2026-05-29 12:22:03.831,2,1.96,,512000000
2026-05-29 12:22:03.810,2,1.66,,512000000
2026-05-29 12:22:03.810,2,1.82,,512000000
2026-05-29 12:22:03.809,3,2,,512000000
2026-05-29 12:22:03.807,2,1.67,,512000000
2026-05-29 12:22:03.802,6,5.05,,512000000
2026-05-29 12:22:03.752,2,1.76,,512000000
2026-05-29 12:22:03.746,2,2,,512000000
2026-05-29 12:22:03.727,2,1.66,,512000000
2026-05-29 12:22:03.722,2,1.77,,512000000
2026-05-29 12:22:03.708,2,1.82,,512000000
2026-05-29 12:22:03.703,2,1.71,,512000000
2026-05-29 12:22:03.688,3,2.27,,512000000
2026-05-29 12:22:03.683,11,10.95,,512000000
2026-05-29 12:22:03.648,2,1.67,,512000000
2026-05-29 12:22:03.645,20,19.19,,512000000
2026-05-29 12:22:03.640,2,1.82,,512000000
2026-05-29 12:22:03.638,25,24.21,,512000000
2026-05-29 12:22:03.617,2,1.99,,512000000
2026-05-29 12:22:03.617,3,2.05,,512000000
2026-05-29 12:22:03.615,2,1.83,,512000000
2026-05-29 12:22:03.601,3,2.08,,512000000
2026-05-29 12:22:03.597,2,1.8,,512000000
2026-05-29 12:22:03.597,3,2.19,,512000000
2026-05-29 12:22:03.595,2,1.79,,512000000
2026-05-29 12:22:03.592,2,1.71,,512000000
2026-05-29 12:22:03.556,2,1.82,,512000000
2026-05-29 12:22:03.553,2,1.76,,512000000
2026-05-29 12:22:03.539,2,1.73,,512000000
2026-05-29 12:22:03.533,3,2.01,,512000000
2026-05-29 12:22:03.530,2,1.74,,512000000
2026-05-29 12:22:03.527,10,9.55,,512000000
2026-05-29 12:22:03.521,2,1.79,,512000000
2026-05-29 12:22:03.508,29,28.72,,512000000
2026-05-29 12:22:03.507,2,1.97,,512000000
2026-05-29 12:22:03.473,2,1.93,,512000000
2026-05-29 12:22:03.467,8,7.23,,512000000
2026-05-29 12:22:03.456,4,3.02,,512000000
2026-05-29 12:22:03.454,2,1.86,,512000000
2026-05-29 12:22:03.397,2,1.82,,512000000
2026-05-29 12:22:03.391,3,2.04,,512000000
2026-05-29 12:22:03.374,2,1.73,,512000000
2026-05-29 12:22:03.365,3,2.68,,512000000
2026-05-29 12:22:03.343,21,20.55,,512000000
2026-05-29 12:22:03.303,2,1.7,,512000000
2026-05-29 12:22:03.300,3,2.2,,512000000
2026-05-29 12:22:03.300,2,1.89,,512000000
2026-05-29 12:22:03.297,4,3.4,,512000000
2026-05-29 12:22:03.295,2,1.76,,512000000
2026-05-29 12:22:03.285,2,1.72,,512000000
2026-05-29 12:22:03.258,3,2.61,,512000000
2026-05-29 12:22:03.247,2,1.73,,512000000
2026-05-29 12:22:03.241,3,2.14,,512000000
2026-05-29 12:22:03.236,3,2.39,,512000000
2026-05-29 12:22:03.212,8,7.5,,512000000
2026-05-29 12:22:03.199,2,1.8,,512000000
2026-05-29 12:22:03.198,2,1.72,,512000000
2026-05-29 12:22:03.182,3,2.44,,512000000
2026-05-29 12:22:03.179,2,1.75,,512000000
2026-05-29 12:22:03.158,2,1.74,,512000000
2026-05-29 12:22:03.157,5,4.8,,512000000
2026-05-29 12:22:03.154,2,1.77,,512000000
2026-05-29 12:22:03.153,2,1.75,,512000000
2026-05-29 12:22:03.147,2,1.74,,512000000
2026-05-29 12:22:03.146,2,1.81,,512000000
2026-05-29 12:22:03.126,2,1.73,,512000000
2026-05-29 12:22:03.103,2,1.7,,512000000
2026-05-29 12:22:03.099,2,1.7,,512000000
2026-05-29 12:22:03.096,5,4.72,,512000000
2026-05-29 12:22:03.083,2,1.99,,512000000
2026-05-29 12:22:03.079,2,1.83,,512000000
2026-05-29 12:22:03.061,2,1.86,,512000000
2026-05-29 12:22:03.060,4,3.32,,512000000
2026-05-29 12:22:03.059,2,1.85,,512000000
2026-05-29 12:22:03.059,2,1.64,,512000000
2026-05-29 12:22:03.024,2,1.76,,512000000
2026-05-29 12:22:03.023,2,1.77,,512000000
2026-05-29 12:22:03.008,2,1.82,,512000000
2026-05-29 12:22:02.990,2,1.81,,512000000
2026-05-29 12:22:02.979,2,1.72,,512000000
2026-05-29 12:22:02.956,2,1.72,,512000000
2026-05-29 12:22:02.947,2,1.8,,512000000
2026-05-29 12:22:02.945,2,1.84,,512000000
2026-05-29 12:22:02.897,2,1.76,,512000000
2026-05-29 12:22:02.887,3,2.12,,512000000
2026-05-29 12:22:02.882,2,1.74,,512000000
2026-05-29 12:22:02.868,3,2,,512000000
2026-05-29 12:22:02.863,2,1.71,,512000000
2026-05-29 12:22:02.860,2,1.75,,512000000
2026-05-29 12:22:02.852,8,7.64,,512000000
2026-05-29 12:22:02.839,2,1.78,,512000000
2026-05-29 12:22:02.837,2,1.76,,512000000
2026-05-29 12:22:02.836,2,1.62,,512000000
2026-05-29 12:22:02.833,3,2.91,,512000000
2026-05-29 12:22:02.816,2,1.77,,512000000
2026-05-29 12:22:02.797,2,1.76,,512000000
2026-05-29 12:22:02.790,2,1.69,,512000000
2026-05-29 12:22:02.766,2,1.66,,512000000
2026-05-29 12:22:02.765,2,1.95,,512000000
2026-05-29 12:22:02.763,17,16.96,,512000000
2026-05-29 12:22:02.712,2,1.93,,512000000
2026-05-29 12:22:02.709,3,2.24,,512000000
2026-05-29 12:22:02.708,2,1.71,,512000000
2026-05-29 12:22:02.691,2,1.78,,512000000
2026-05-29 12:22:02.678,6,5.39,,512000000
2026-05-29 12:22:02.673,2,1.59,,512000000
2026-05-29 12:22:02.665,2,1.72,,512000000
2026-05-29 12:22:02.660,2,1.78,,512000000
2026-05-29 12:22:02.659,2,1.55,,512000000
2026-05-29 12:22:02.652,2,1.54,,512000000
2026-05-29 12:22:02.644,2,1.86,,512000000
2026-05-29 12:22:02.642,2,1.75,,512000000
2026-05-29 12:22:02.640,10,9.8,,512000000
2026-05-29 12:22:02.624,2,1.84,,512000000
2026-05-29 12:22:02.622,2,1.69,,512000000
2026-05-29 12:22:02.618,2,1.86,,512000000
2026-05-29 12:22:02.591,2,1.67,,512000000
2026-05-29 12:22:02.578,3,2.01,,512000000
2026-05-29 12:22:02.577,2,1.71,,512000000
2026-05-29 12:22:02.572,2,1.99,,512000000
2026-05-29 12:22:02.557,2,1.75,,512000000
2026-05-29 12:22:02.534,2,1.86,,512000000
2026-05-29 12:22:02.532,2,1.64,,512000000
2026-05-29 12:22:02.503,3,2.36,,512000000
2026-05-29 12:22:02.500,2,1.69,,512000000
2026-05-29 12:22:02.494,2,1.8,,512000000
2026-05-29 12:22:02.472,8,7.59,,512000000
2026-05-29 12:22:02.459,2,1.6,,512000000
2026-05-29 12:22:02.456,2,1.65,,512000000
2026-05-29 12:22:02.450,2,1.67,,512000000
2026-05-29 12:22:02.431,6,5.66,,512000000
2026-05-29 12:22:02.426,2,1.96,,512000000
2026-05-29 12:22:02.423,2,1.75,,512000000
2026-05-29 12:22:02.410,2,1.82,,512000000
2026-05-29 12:22:02.374,26,25.43,,512000000
2026-05-29 12:22:02.361,2,1.76,,512000000
2026-05-29 12:22:02.341,2,1.74,,512000000
2026-05-29 12:22:02.338,2,1.74,,512000000
2026-05-29 12:22:02.321,3,2.48,,512000000
2026-05-29 12:22:02.320,2,1.99,,512000000
2026-05-29 12:22:02.320,2,1.72,,512000000
2026-05-29 12:22:02.319,2,1.94,,512000000
2026-05-29 12:22:02.303,2,1.83,,512000000
2026-05-29 12:22:02.284,18,17.82,,512000000
2026-05-29 12:22:02.255,6,5.68,,512000000
2026-05-29 12:22:02.238,2,1.62,,512000000
2026-05-29 12:22:02.236,6,5.9,,512000000
2026-05-29 12:22:02.227,2,1.68,,512000000
2026-05-29 12:22:02.190,2,1.79,,512000000
2026-05-29 12:22:02.173,2,1.76,,512000000
2026-05-29 12:22:02.172,2,1.86,,512000000
2026-05-29 12:22:02.170,2,1.71,,512000000
2026-05-29 12:22:02.161,2,1.74,,512000000
2026-05-29 12:22:02.116,5,4.42,,512000000
2026-05-29 12:22:02.105,2,1.68,,512000000
2026-05-29 12:22:02.104,2,1.79,,512000000
2026-05-29 12:22:02.104,3,2.22,,512000000
2026-05-29 12:22:02.103,2,1.77,,512000000
2026-05-29 12:22:02.100,2,1.71,,512000000
2026-05-29 12:22:02.098,2,1.85,,512000000
2026-05-29 12:22:02.098,2,1.62,,512000000
2026-05-29 12:22:02.094,2,1.94,,512000000
2026-05-29 12:22:02.045,7,6.51,,512000000
2026-05-29 12:22:02.038,2,1.64,,512000000
2026-05-29 12:22:02.009,2,1.71,,512000000
2026-05-29 12:22:02.002,2,1.79,,512000000
2026-05-29 12:22:01.969,2,1.68,,512000000
2026-05-29 12:22:01.943,6,5.92,,512000000
2026-05-29 12:22:01.920,2,1.56,,512000000
2026-05-29 12:22:01.919,2,1.74,,512000000
2026-05-29 12:22:01.912,12,11.84,,512000000
2026-05-29 12:22:01.901,2,1.96,,512000000
2026-05-29 12:22:01.893,2,1.86,,512000000
2026-05-29 12:22:01.879,2,1.72,,512000000
2026-05-29 12:22:01.879,3,2.2,,512000000
2026-05-29 12:22:01.864,13,12.94,,512000000
2026-05-29 12:22:01.861,2,1.51,,512000000
2026-05-29 12:22:01.847,2,1.68,,512000000
2026-05-29 12:22:01.845,2,1.74,,512000000
2026-05-29 12:22:01.829,2,1.88,,512000000
2026-05-29 12:22:01.812,2,1.69,,512000000
2026-05-29 12:22:01.811,2,1.82,,512000000
2026-05-29 12:22:01.810,2,1.95,,512000000
2026-05-29 12:22:01.794,2,1.91,,512000000
2026-05-29 12:22:01.779,2,1.6,,512000000
2026-05-29 12:22:01.766,2,1.64,,512000000
2026-05-29 12:22:01.732,4,3.65,,512000000
2026-05-29 12:22:01.731,2,1.86,,512000000
2026-05-29 12:22:01.708,2,1.86,,512000000
2026-05-29 12:22:01.696,2,1.65,,512000000
2026-05-29 12:22:01.692,3,2.29,,512000000
2026-05-29 12:22:01.687,2,1.95,,512000000
2026-05-29 12:22:01.683,2,1.8,,512000000
2026-05-29 12:22:01.676,2,1.8,,512000000
2026-05-29 12:22:01.668,2,1.97,,512000000
2026-05-29 12:22:01.656,2,1.38,,512000000
2026-05-29 12:22:01.655,2,1.85,,512000000
2026-05-29 12:22:01.649,2,1.66,,512000000
2026-05-29 12:22:01.647,2,1.99,,512000000
2026-05-29 12:22:01.628,24,23.29,,512000000
2026-05-29 12:22:01.622,3,2.09,,512000000
2026-05-29 12:22:01.621,3,2.08,,512000000
2026-05-29 12:22:01.604,2,1.71,,512000000
2026-05-29 12:22:01.576,2,1.87,,512000000
2026-05-29 12:22:01.561,2,1.71,,512000000
2026-05-29 12:22:01.560,3,2.3,,512000000
2026-05-29 12:22:01.555,2,1.99,,512000000
2026-05-29 12:22:01.551,2,1.76,,512000000
2026-05-29 12:22:01.543,3,2.35,,512000000
2026-05-29 12:22:01.537,3,2.28,,512000000
2026-05-29 12:22:01.536,2,1.76,,512000000
2026-05-29 12:22:01.513,2,1.56,,512000000
2026-05-29 12:22:01.501,2,1.77,,512000000
2026-05-29 12:22:01.500,2,1.74,,512000000
2026-05-29 12:22:01.480,2,1.76,,512000000
2026-05-29 12:22:01.472,2,1.83,,512000000
2026-05-29 12:22:01.455,3,2.15,,512000000
2026-05-29 12:22:01.421,2,1.87,,512000000
2026-05-29 12:22:01.385,2,1.72,,512000000
2026-05-29 12:22:01.371,2,1.96,,512000000
2026-05-29 12:22:01.358,2,1.69,,512000000
2026-05-29 12:22:01.345,2,1.72,,512000000
2026-05-29 12:22:01.323,8,7.13,,512000000
2026-05-29 12:22:01.320,3,2.22,,512000000
2026-05-29 12:22:01.320,2,1.92,,512000000
2026-05-29 12:22:01.316,3,2.02,,512000000
2026-05-29 12:22:01.312,2,1.8,,512000000
2026-05-29 12:22:01.306,2,1.98,,512000000
2026-05-29 12:22:01.296,2,1.62,,512000000
2026-05-29 12:22:01.292,2,1.71,,512000000
2026-05-29 12:22:01.288,2,1.93,,512000000
2026-05-29 12:22:01.285,2,1.62,,512000000
2026-05-29 12:22:01.277,2,1.77,,512000000
2026-05-29 12:22:01.274,2,1.87,,512000000
2026-05-29 12:22:01.232,5,4.92,,512000000
2026-05-29 12:22:01.227,2,1.83,,512000000
2026-05-29 12:22:01.212,6,5.07,,512000000
2026-05-29 12:22:01.211,2,1.77,,512000000
2026-05-29 12:22:01.201,2,1.8,,512000000
2026-05-29 12:22:01.185,2,1.68,,512000000
2026-05-29 12:22:01.178,2,1.79,,512000000
2026-05-29 12:22:01.173,3,2.05,,512000000
2026-05-29 12:22:01.165,2,1.78,,512000000
2026-05-29 12:22:01.133,2,1.85,,512000000
2026-05-29 12:22:01.115,3,2.52,,512000000
2026-05-29 12:22:01.102,2,1.59,,512000000
2026-05-29 12:22:01.090,2,1.7,,512000000
2026-05-29 12:22:01.076,2,1.91,,512000000
2026-05-29 12:22:01.054,2,1.6,,512000000
2026-05-29 12:22:01.049,2,1.68,,512000000
2026-05-29 12:22:01.048,2,1.67,,512000000
2026-05-29 12:22:01.034,2,1.72,,512000000
2026-05-29 12:22:01.024,2,1.89,,512000000
2026-05-29 12:22:01.015,2,1.67,,512000000
2026-05-29 12:22:01.005,2,1.95,,512000000
2026-05-29 12:22:00.997,2,1.98,,512000000
2026-05-29 12:22:00.956,2,1.91,,512000000
2026-05-29 12:22:00.906,2,1.92,,512000000
2026-05-29 12:22:00.897,10,9.49,,512000000
2026-05-29 12:22:00.878,9,8.65,,512000000
2026-05-29 12:22:00.874,2,1.68,,512000000
2026-05-29 12:22:00.861,3,2.01,,512000000
2026-05-29 12:22:00.846,2,1.91,,512000000
2026-05-29 12:22:00.823,2,1.9,,512000000
2026-05-29 12:22:00.823,2,1.68,,512000000
2026-05-29 12:22:00.807,2,1.81,,512000000
2026-05-29 12:22:00.806,3,2.14,,512000000
2026-05-29 12:22:00.793,3,2.08,,512000000
2026-05-29 12:22:00.792,2,1.67,,512000000
2026-05-29 12:22:00.789,2,1.73,,512000000
2026-05-29 12:22:00.773,3,2.02,,512000000
2026-05-29 12:22:00.772,3,2.18,,512000000
2026-05-29 12:22:00.763,2,1.7,,512000000
2026-05-29 12:22:00.754,2,1.64,,512000000
2026-05-29 12:22:00.751,2,1.72,,512000000
2026-05-29 12:22:00.751,2,1.68,,512000000
2026-05-29 12:22:00.750,2,1.87,,512000000
2026-05-29 12:22:00.743,2,1.91,,512000000
2026-05-29 12:22:00.676,3,2.11,,512000000
2026-05-29 12:22:00.676,2,2,,512000000
2026-05-29 12:22:00.663,2,1.89,,512000000
2026-05-29 12:22:00.656,5,4.32,,512000000
2026-05-29 12:22:00.647,3,2.02,,512000000
2026-05-29 12:22:00.640,2,1.88,,512000000
2026-05-29 12:22:00.625,3,2.31,,512000000
2026-05-29 12:22:00.623,3,2.15,,512000000
2026-05-29 12:22:00.621,2,1.66,,512000000
2026-05-29 12:22:00.621,2,1.98,,512000000
2026-05-29 12:22:00.618,2,1.7,,512000000
2026-05-29 12:22:00.618,2,1.86,,512000000
2026-05-29 12:22:00.603,2,1.59,,512000000
2026-05-29 12:22:00.594,2,1.97,,512000000
2026-05-29 12:22:00.573,2,1.78,,512000000
2026-05-29 12:22:00.559,2,1.82,,512000000
2026-05-29 12:22:00.556,2,1.97,,512000000
2026-05-29 12:22:00.554,2,1.9,,512000000
2026-05-29 12:22:00.553,2,1.99,,512000000
2026-05-29 12:22:00.551,2,1.69,,512000000
2026-05-29 12:22:00.527,2,1.77,,512000000
2026-05-29 12:22:00.489,3,2.03,,512000000
2026-05-29 12:22:00.473,2,1.7,,512000000
2026-05-29 12:22:00.468,2,1.63,,512000000
2026-05-29 12:22:00.460,2,1.71,,512000000
2026-05-29 12:22:00.441,2,1.69,,512000000
2026-05-29 12:22:00.426,2,1.8,,512000000
2026-05-29 12:22:00.384,3,2.25,,512000000
2026-05-29 12:22:00.377,31,30.09,,512000000
2026-05-29 12:22:00.370,2,1.75,,512000000
2026-05-29 12:22:00.351,14,13.26,,512000000
2026-05-29 12:22:00.342,7,6.21,,512000000
2026-05-29 12:22:00.340,2,1.81,,512000000
2026-05-29 12:22:00.331,5,4.68,,512000000
2026-05-29 12:22:00.328,2,1.9,,512000000
2026-05-29 12:22:00.327,2,1.96,,512000000
2026-05-29 12:22:00.321,2,1.84,,512000000
2026-05-29 12:22:00.321,3,2.02,,512000000
2026-05-29 12:22:00.305,2,1.64,,512000000
2026-05-29 12:22:00.284,2,1.7,,512000000
2026-05-29 12:22:00.268,2,1.98,,512000000
2026-05-29 12:22:00.261,2,1.91,,512000000
2026-05-29 12:22:00.255,2,1.77,,512000000
2026-05-29 12:22:00.249,2,1.98,,512000000
2026-05-29 12:22:00.224,2,1.88,,512000000
2026-05-29 12:22:00.206,2,1.79,,512000000
2026-05-29 12:22:00.205,4,3.05,,512000000
2026-05-29 12:22:00.176,6,5.56,,512000000
2026-05-29 12:22:00.170,2,1.76,,512000000
2026-05-29 12:22:00.162,2,1.82,,512000000
2026-05-29 12:22:00.148,2,1.97,,512000000
2026-05-29 12:22:00.147,3,2.71,,512000000
2026-05-29 12:22:00.136,2,1.84,,512000000
2026-05-29 12:22:00.114,2,1.7,,512000000
2026-05-29 12:22:00.111,6,5.4,,512000000
2026-05-29 12:22:00.099,4,3.6,,512000000
2026-05-29 12:22:00.096,2,1.64,,512000000
2026-05-29 12:22:00.095,2,1.66,,512000000
2026-05-29 12:22:00.088,2,1.78,,512000000
2026-05-29 12:22:00.087,2,1.71,,512000000
2026-05-29 12:22:00.083,2,1.72,,512000000
2026-05-29 12:22:00.067,12,11.13,,512000000
2026-05-29 12:22:00.050,2,1.98,,512000000
2026-05-29 12:22:00.044,20,19.57,,512000000
2026-05-29 12:22:00.035,2,1.77,,512000000
2026-05-29 12:22:00.034,2,1.77,,512000000
2026-05-29 12:22:00.031,2,1.81,,512000000
2026-05-29 12:21:59.993,3,2.05,,512000000
2026-05-29 12:21:59.969,2,1.94,,512000000
2026-05-29 12:21:59.928,2,1.85,,512000000
2026-05-29 12:21:59.926,2,1.85,,512000000
2026-05-29 12:21:59.920,3,2.04,,512000000
2026-05-29 12:21:59.918,3,2.35,,512000000
2026-05-29 12:21:59.904,2,1.81,,512000000
2026-05-29 12:21:59.900,2,1.81,,512000000
2026-05-29 12:21:59.896,3,2.03,,512000000
2026-05-29 12:21:59.893,2,1.99,,512000000
2026-05-29 12:21:59.881,2,1.69,,512000000
2026-05-29 12:21:59.839,3,2.09,,512000000
2026-05-29 12:21:59.837,2,1.81,,512000000
2026-05-29 12:21:59.837,2,1.77,,512000000
2026-05-29 12:21:59.836,2,1.91,,512000000
2026-05-29 12:21:59.832,2,1.7,,512000000
2026-05-29 12:21:59.810,3,2,,512000000
2026-05-29 12:21:59.797,2,1.82,,512000000
2026-05-29 12:21:59.794,3,2.35,,512000000
2026-05-29 12:21:59.781,2,1.97,,512000000
2026-05-29 12:21:59.780,3,2.86,,512000000
2026-05-29 12:21:59.769,3,2.43,,512000000
2026-05-29 12:21:59.762,3,2.01,,512000000
2026-05-29 12:21:59.732,2,1.73,,512000000
2026-05-29 12:21:59.717,2,1.69,,512000000
2026-05-29 12:21:59.716,2,1.85,,512000000
2026-05-29 12:21:59.689,2,1.76,,512000000
2026-05-29 12:21:59.678,21,20.57,,512000000
2026-05-29 12:21:59.654,2,1.85,,512000000
2026-05-29 12:21:59.652,3,2.03,,512000000
2026-05-29 12:21:59.619,2,1.82,,512000000
2026-05-29 12:21:59.611,8,7.16,,512000000
2026-05-29 12:21:59.602,3,2.05,,512000000
2026-05-29 12:21:59.597,2,1.76,,512000000
2026-05-29 12:21:59.594,2,1.71,,512000000
2026-05-29 12:21:59.567,2,2,,512000000
2026-05-29 12:21:59.558,2,1.73,,512000000
2026-05-29 12:21:59.549,2,1.87,,512000000
2026-05-29 12:21:59.543,2,1.92,,512000000
2026-05-29 12:21:59.535,2,1.75,,512000000
2026-05-29 12:21:59.534,2,1.71,,512000000
2026-05-29 12:21:59.502,2,1.8,,512000000
2026-05-29 12:21:59.497,2,1.96,,512000000
2026-05-29 12:21:59.484,2,1.94,,512000000
2026-05-29 12:21:59.474,3,2.06,,512000000
2026-05-29 12:21:59.468,2,1.75,,512000000
2026-05-29 12:21:59.434,2,1.78,,512000000
2026-05-29 12:21:59.424,2,1.79,,512000000
2026-05-29 12:21:59.411,2,1.85,,512000000
2026-05-29 12:21:59.410,3,2.06,,512000000
2026-05-29 12:21:59.410,3,2.45,,512000000
2026-05-29 12:21:59.395,3,2.17,,512000000
2026-05-29 12:21:59.353,2,1.94,,512000000
2026-05-29 12:21:59.328,2,1.89,,512000000
2026-05-29 12:21:59.321,3,2.21,,512000000
2026-05-29 12:21:59.320,2,1.73,,512000000
2026-05-29 12:21:59.318,5,4.27,,512000000
2026-05-29 12:21:59.305,2,1.89,,512000000
2026-05-29 12:21:59.305,3,2,,512000000
2026-05-29 12:21:59.305,3,2.1,,512000000
2026-05-29 12:21:59.294,2,1.98,,512000000
2026-05-29 12:21:59.253,2,1.9,,512000000
2026-05-29 12:21:59.251,2,1.75,,512000000
2026-05-29 12:21:59.182,5,4.11,,512000000
2026-05-29 12:21:59.170,2,1.86,,512000000
2026-05-29 12:21:59.168,2,1.76,,512000000
2026-05-29 12:21:59.162,2,1.76,,512000000
2026-05-29 12:21:59.149,2,1.82,,512000000
2026-05-29 12:21:59.132,2,1.92,,512000000
2026-05-29 12:21:59.111,2,1.91,,512000000
2026-05-29 12:21:59.092,2,1.76,,512000000
2026-05-29 12:21:59.081,2,1.92,,512000000
2026-05-29 12:21:59.080,2,1.73,,512000000
2026-05-29 12:21:59.079,2,1.95,,512000000
2026-05-29 12:21:59.078,2,1.73,,512000000
2026-05-29 12:21:59.043,10,9.16,,512000000
2026-05-29 12:21:59.036,3,2.85,,512000000
2026-05-29 12:21:59.028,2,1.89,,512000000
2026-05-29 12:21:59.026,3,2.91,,512000000
2026-05-29 12:21:59.025,3,2.23,,512000000
2026-05-29 12:21:59.011,3,2.03,,512000000
2026-05-29 12:21:58.983,2,1.97,,512000000
2026-05-29 12:21:58.970,2,1.97,,512000000
2026-05-29 12:21:58.969,2,1.86,,512000000
2026-05-29 12:21:58.966,2,1.82,,512000000
2026-05-29 12:21:58.943,2,1.75,,512000000
2026-05-29 12:21:58.940,2,1.81,,512000000
2026-05-29 12:21:58.926,2,1.87,,512000000
2026-05-29 12:21:58.925,2,1.82,,512000000
2026-05-29 12:21:58.919,2,1.99,,512000000
2026-05-29 12:21:58.916,2,1.84,,512000000
2026-05-29 12:21:58.914,2,1.86,,512000000
2026-05-29 12:21:58.903,3,2.14,,512000000
2026-05-29 12:21:58.898,7,6.47,,512000000
2026-05-29 12:21:58.885,3,2.52,,512000000
2026-05-29 12:21:58.883,2,1.97,,512000000
2026-05-29 12:21:58.882,2,1.7,,512000000
2026-05-29 12:21:58.877,3,2.32,,512000000
2026-05-29 12:21:58.868,2,1.9,,512000000
2026-05-29 12:21:58.859,2,1.84,,512000000
2026-05-29 12:21:58.832,2,1.96,,512000000
2026-05-29 12:21:58.828,2,1.7,,512000000
2026-05-29 12:21:58.827,2,1.92,,512000000
2026-05-29 12:21:58.823,2,1.76,,512000000
2026-05-29 12:21:58.817,2,1.84,,512000000
2026-05-29 12:21:58.811,2,1.75,,512000000
2026-05-29 12:21:58.809,2,1.78,,512000000
2026-05-29 12:21:58.795,2,1.74,,512000000
2026-05-29 12:21:58.761,3,2.12,,512000000
2026-05-29 12:21:58.757,4,3.24,,512000000
2026-05-29 12:21:58.757,2,1.84,,512000000
2026-05-29 12:21:58.743,6,5.31,,512000000
2026-05-29 12:21:58.715,2,1.92,,512000000
2026-05-29 12:21:58.710,2,1.72,,512000000
2026-05-29 12:21:58.698,2,1.86,,512000000
2026-05-29 12:21:58.691,2,1.68,,512000000
2026-05-29 12:21:58.685,2,1.88,,512000000
2026-05-29 12:21:58.677,3,2.15,,512000000
2026-05-29 12:21:58.640,2,1.81,,512000000
2026-05-29 12:21:58.616,2,1.68,,512000000
2026-05-29 12:21:58.608,3,2.04,,512000000
2026-05-29 12:21:58.590,3,2.1,,512000000
2026-05-29 12:21:58.589,2,1.77,,512000000
2026-05-29 12:21:58.587,2,2,,512000000
2026-05-29 12:21:58.578,2,1.88,,512000000
2026-05-29 12:21:58.577,3,2.03,,512000000
2026-05-29 12:21:58.573,2,1.92,,512000000
2026-05-29 12:21:58.540,2,1.74,,512000000
2026-05-29 12:21:58.532,2,1.81,,512000000
2026-05-29 12:21:58.526,2,1.87,,512000000
2026-05-29 12:21:58.508,2,1.72,,512000000
2026-05-29 12:21:58.503,4,3.04,,512000000
2026-05-29 12:21:58.471,2,1.93,,512000000
2026-05-29 12:21:58.466,2,1.78,,512000000
2026-05-29 12:21:58.460,2,1.92,,512000000
2026-05-29 12:21:58.458,3,2.29,,512000000
2026-05-29 12:21:58.442,2,1.69,,512000000
2026-05-29 12:21:58.415,2,1.84,,512000000
2026-05-29 12:21:58.411,2,1.82,,512000000
2026-05-29 12:21:58.408,3,2.11,,512000000
2026-05-29 12:21:58.399,2,1.91,,512000000
2026-05-29 12:21:58.396,2,1.73,,512000000
2026-05-29 12:21:58.348,2,1.97,,512000000
2026-05-29 12:21:58.343,2,1.93,,512000000
2026-05-29 12:21:58.285,2,1.62,,512000000
2026-05-29 12:21:58.274,2,1.91,,512000000
2026-05-29 12:21:58.270,2,1.96,,512000000
2026-05-29 12:21:58.258,2,1.71,,512000000
2026-05-29 12:21:58.234,2,1.71,,512000000
2026-05-29 12:21:58.217,2,1.91,,512000000
2026-05-29 12:21:58.214,2,1.9,,512000000
2026-05-29 12:21:58.211,2,1.75,,512000000
2026-05-29 12:21:58.210,2,1.72,,512000000
2026-05-29 12:21:58.182,3,2.02,,512000000
2026-05-29 12:21:58.179,2,1.87,,512000000
2026-05-29 12:21:58.177,2,1.9,,512000000
2026-05-29 12:21:58.177,2,1.9,,512000000
2026-05-29 12:21:58.153,2,1.82,,512000000
2026-05-29 12:21:58.138,3,2.7,,512000000
2026-05-29 12:21:58.122,16,15.8,,512000000
2026-05-29 12:21:58.107,2,1.87,,512000000
2026-05-29 12:21:58.100,2,1.82,,512000000
2026-05-29 12:21:58.090,2,1.93,,512000000
2026-05-29 12:21:58.086,2,1.83,,512000000
2026-05-29 12:21:58.066,3,2.06,,512000000
2026-05-29 12:21:58.033,3,2.62,,512000000
2026-05-29 12:21:58.025,3,2.16,,512000000
2026-05-29 12:21:58.004,2,1.89,,512000000
2026-05-29 12:21:58.001,2,1.7,,512000000
2026-05-29 12:21:57.995,2,1.87,,512000000
2026-05-29 12:21:57.979,2,1.88,,512000000
2026-05-29 12:21:57.976,3,2.31,,512000000
2026-05-29 12:21:57.956,3,2.07,,512000000
2026-05-29 12:21:57.946,9,8.45,,512000000
2026-05-29 12:21:57.936,2,1.81,,512000000
2026-05-29 12:21:57.931,2,1.94,,512000000
2026-05-29 12:21:57.930,2,1.8,,512000000
2026-05-29 12:21:57.919,3,2.31,,512000000
2026-05-29 12:21:57.915,2,1.73,,512000000
2026-05-29 12:21:57.914,5,4.47,,512000000
2026-05-29 12:21:57.906,2,1.85,,512000000
2026-05-29 12:21:57.896,2,1.94,,512000000
2026-05-29 12:21:57.875,3,2.04,,512000000
2026-05-29 12:21:57.869,2,1.71,,512000000
2026-05-29 12:21:57.867,2,1.82,,512000000
2026-05-29 12:21:57.864,2,2,,512000000
2026-05-29 12:21:57.863,2,1.75,,512000000
2026-05-29 12:21:57.859,3,2,,512000000
2026-05-29 12:21:57.844,2,1.76,,512000000
2026-05-29 12:21:57.778,2,1.76,,512000000
2026-05-29 12:21:57.774,2,1.68,,512000000
2026-05-29 12:21:57.770,2,1.78,,512000000
2026-05-29 12:21:57.751,2,1.72,,512000000
2026-05-29 12:21:57.724,2,1.76,,512000000
2026-05-29 12:21:57.714,4,3.88,,512000000
2026-05-29 12:21:57.693,2,1.93,,512000000
2026-05-29 12:21:57.686,3,2.11,,512000000
2026-05-29 12:21:57.630,2,1.98,,512000000
2026-05-29 12:21:57.629,2,1.83,,512000000
2026-05-29 12:21:57.614,2,1.73,,512000000
2026-05-29 12:21:57.610,3,2.38,,512000000
2026-05-29 12:21:57.602,2,1.82,,512000000
2026-05-29 12:21:57.597,2,1.76,,512000000
2026-05-29 12:21:57.595,3,2.05,,512000000
2026-05-29 12:21:57.591,5,4.59,,512000000
2026-05-29 12:21:57.570,4,3.16,,512000000
2026-05-29 12:21:57.563,9,8.85,,512000000
2026-05-29 12:21:57.551,2,1.66,,512000000
2026-05-29 12:21:57.549,4,3.37,,512000000
2026-05-29 12:21:57.548,4,3.04,,512000000
2026-05-29 12:21:57.547,3,2.1,,512000000
2026-05-29 12:21:57.545,3,2.11,,512000000
2026-05-29 12:21:57.532,2,1.94,,512000000
2026-05-29 12:21:57.531,2,1.77,,512000000
2026-05-29 12:21:57.509,2,1.81,,512000000
2026-05-29 12:21:57.502,3,2.31,,512000000
2026-05-29 12:21:57.479,4,3.96,,512000000
2026-05-29 12:21:57.463,2,1.8,,512000000
2026-05-29 12:21:57.445,9,8.49,,512000000
2026-05-29 12:21:57.423,8,7.57,,512000000
2026-05-29 12:21:57.417,2,1.86,,512000000
2026-05-29 12:21:57.407,2,1.93,,512000000
2026-05-29 12:21:57.405,4,3.5,,512000000
2026-05-29 12:21:57.397,10,9.36,,512000000
2026-05-29 12:21:57.394,2,1.68,,512000000
2026-05-29 12:21:57.392,2,1.73,,512000000
2026-05-29 12:21:57.389,3,2.01,,512000000
2026-05-29 12:21:57.379,2,1.74,,512000000
2026-05-29 12:21:57.374,2,1.88,,512000000
2026-05-29 12:21:57.371,3,2.77,,512000000
2026-05-29 12:21:57.352,10,9.71,,512000000
2026-05-29 12:21:57.347,2,1.96,,512000000
2026-05-29 12:21:57.336,2,1.79,,512000000
2026-05-29 12:21:57.300,2,1.79,,512000000
2026-05-29 12:21:57.300,2,1.68,,512000000
2026-05-29 12:21:57.271,2,1.76,,512000000
2026-05-29 12:21:57.268,2,1.64,,512000000
2026-05-29 12:21:57.266,2,1.93,,512000000
2026-05-29 12:21:57.249,2,1.86,,512000000
2026-05-29 12:21:57.245,2,1.77,,512000000
2026-05-29 12:21:57.222,2,1.81,,512000000
2026-05-29 12:21:57.202,2,1.71,,512000000
2026-05-29 12:21:57.178,3,2.13,,512000000
2026-05-29 12:21:57.161,2,1.85,,512000000
2026-05-29 12:21:57.161,3,2.04,,512000000
2026-05-29 12:21:57.157,2,1.73,,512000000
2026-05-29 12:21:57.157,2,1.82,,512000000
2026-05-29 12:21:57.148,2,1.93,,512000000
2026-05-29 12:21:57.148,2,1.8,,512000000
2026-05-29 12:21:57.141,2,1.68,,512000000
2026-05-29 12:21:57.140,2,1.84,,512000000
2026-05-29 12:21:57.104,2,1.97,,512000000
2026-05-29 12:21:57.100,2,1.77,,512000000
2026-05-29 12:21:57.080,2,1.78,,512000000
2026-05-29 12:21:57.077,3,2.08,,512000000
2026-05-29 12:21:57.071,2,1.99,,512000000
2026-05-29 12:21:57.059,3,2.05,,512000000
2026-05-29 12:21:57.056,2,1.58,,512000000
2026-05-29 12:21:57.055,2,1.69,,512000000
2026-05-29 12:21:57.053,2,1.75,,512000000
2026-05-29 12:21:57.049,2,1.87,,512000000
2026-05-29 12:21:57.021,3,2.15,,512000000
2026-05-29 12:21:57.002,2,1.78,,512000000
2026-05-29 12:21:57.000,6,5.6,,512000000
2026-05-29 12:21:56.998,3,2.1,,512000000
2026-05-29 12:21:56.992,2,1.82,,512000000
2026-05-29 12:21:56.961,12,11.12,,512000000
2026-05-29 12:21:56.949,5,4.81,,512000000
2026-05-29 12:21:56.943,2,1.82,,512000000
2026-05-29 12:21:56.942,2,1.99,,512000000
2026-05-29 12:21:56.935,2,1.67,,512000000
2026-05-29 12:21:56.897,2,1.74,,512000000
2026-05-29 12:21:56.884,2,1.69,,512000000
2026-05-29 12:21:56.881,2,1.59,,512000000
2026-05-29 12:21:56.879,3,2.03,,512000000
2026-05-29 12:21:56.857,11,10.19,,512000000
2026-05-29 12:21:56.852,2,1.83,,512000000
2026-05-29 12:21:56.842,3,2.02,,512000000
2026-05-29 12:21:56.842,2,1.85,,512000000
2026-05-29 12:21:56.840,2,1.65,,512000000
2026-05-29 12:21:56.838,2,1.84,,512000000
2026-05-29 12:21:56.824,2,1.86,,512000000
2026-05-29 12:21:56.816,2,1.88,,512000000
2026-05-29 12:21:56.796,2,1.91,,512000000
2026-05-29 12:21:56.782,10,9.72,,512000000
2026-05-29 12:21:56.740,2,1.64,,512000000
2026-05-29 12:21:56.734,3,2.06,,512000000
2026-05-29 12:21:56.656,3,2.05,,512000000
2026-05-29 12:21:56.643,2,1.72,,512000000
2026-05-29 12:21:56.638,2,1.95,,512000000
2026-05-29 12:21:56.622,2,1.99,,512000000
2026-05-29 12:21:56.617,2,1.99,,512000000
2026-05-29 12:21:56.581,7,6.05,,512000000
2026-05-29 12:21:56.580,2,1.8,,512000000
2026-05-29 12:21:56.562,4,3.64,,512000000
2026-05-29 12:21:56.561,3,2.01,,512000000
2026-05-29 12:21:56.554,2,1.7,,512000000
2026-05-29 12:21:56.542,2,1.75,,512000000
2026-05-29 12:21:56.507,2,1.68,,512000000
2026-05-29 12:21:56.497,2,1.89,,512000000
2026-05-29 12:21:56.486,2,1.86,,512000000
2026-05-29 12:21:56.461,2,1.78,,512000000
2026-05-29 12:21:56.460,2,1.7,,512000000
2026-05-29 12:21:56.441,2,1.69,,512000000
2026-05-29 12:21:56.435,2,1.93,,512000000
2026-05-29 12:21:56.430,2,1.9,,512000000
2026-05-29 12:21:56.430,2,1.93,,512000000
2026-05-29 12:21:56.413,6,5.37,,512000000
2026-05-29 12:21:56.393,2,1.95,,512000000
2026-05-29 12:21:56.391,2,1.56,,512000000
2026-05-29 12:21:56.389,2,1.93,,512000000
2026-05-29 12:21:56.384,2,1.74,,512000000
2026-05-29 12:21:56.384,2,1.92,,512000000
2026-05-29 12:21:56.342,69,68.06,,512000000
2026-05-29 12:21:56.335,2,1.74,,512000000
2026-05-29 12:21:56.317,2,1.97,,512000000
2026-05-29 12:21:56.312,3,2.18,,512000000
2026-05-29 12:21:56.311,3,2.23,,512000000
2026-05-29 12:21:56.305,2,1.9,,512000000
2026-05-29 12:21:56.302,2,1.66,,512000000
2026-05-29 12:21:56.280,2,1.89,,512000000
2026-05-29 12:21:56.273,2,1.79,,512000000
2026-05-29 12:21:56.240,2,1.76,,512000000
2026-05-29 12:21:56.221,3,2.11,,512000000
2026-05-29 12:21:56.221,3,2.08,,512000000
2026-05-29 12:21:56.218,2,1.77,,512000000
2026-05-29 12:21:56.209,2,1.81,,512000000
2026-05-29 12:21:56.209,2,1.77,,512000000
2026-05-29 12:21:56.206,2,1.68,,512000000
2026-05-29 12:21:56.202,2,1.98,,512000000
2026-05-29 12:21:56.188,2,1.87,,512000000
2026-05-29 12:21:56.187,2,1.82,,512000000
2026-05-29 12:21:56.187,3,2.39,,512000000
2026-05-29 12:21:56.145,2,1.98,,512000000
2026-05-29 12:21:56.145,3,2.3,,512000000
2026-05-29 12:21:56.133,2,1.76,,512000000
2026-05-29 12:21:56.125,2,1.75,,512000000
2026-05-29 12:21:56.116,2,1.8,,512000000
2026-05-29 12:21:56.090,2,1.66,,512000000
2026-05-29 12:21:56.078,9,8.54,,512000000
2026-05-29 12:21:56.062,2,1.81,,512000000
2026-05-29 12:21:56.062,2,1.97,,512000000
2026-05-29 12:21:56.050,2,1.6,,512000000
2026-05-29 12:21:56.028,2,1.92,,512000000
2026-05-29 12:21:56.019,3,2.07,,512000000
2026-05-29 12:21:56.015,3,2.21,,512000000
2026-05-29 12:21:56.012,3,2.16,,512000000
2026-05-29 12:21:56.005,4,4,,512000000
2026-05-29 12:21:55.998,2,1.7,,512000000
2026-05-29 12:21:55.997,2,1.89,,512000000
2026-05-29 12:21:55.963,2,1.76,,512000000
2026-05-29 12:21:55.958,2,1.96,,512000000
2026-05-29 12:21:55.942,2,1.87,,512000000
2026-05-29 12:21:55.935,2,1.91,,512000000
2026-05-29 12:21:55.933,2,1.93,,512000000
2026-05-29 12:21:55.905,2,1.66,,512000000
2026-05-29 12:21:55.903,3,2.07,,512000000
2026-05-29 12:21:55.900,3,2.12,,512000000
2026-05-29 12:21:55.897,2,1.91,,512000000
2026-05-29 12:21:55.897,2,1.88,,512000000
2026-05-29 12:21:55.896,2,1.87,,512000000
2026-05-29 12:21:55.889,3,2.17,,512000000
2026-05-29 12:21:55.876,3,2.26,,512000000
2026-05-29 12:21:55.871,3,2.22,,512000000
2026-05-29 12:21:55.868,3,2.08,,512000000
2026-05-29 12:21:55.834,3,2.36,,512000000
2026-05-29 12:21:55.814,2,1.85,,512000000
2026-05-29 12:21:55.813,3,2.14,,512000000
2026-05-29 12:21:55.807,7,6.95,,512000000
2026-05-29 12:21:55.790,3,2.34,,512000000
2026-05-29 12:21:55.787,2,1.71,,512000000
2026-05-29 12:21:55.787,3,2.19,,512000000
2026-05-29 12:21:55.776,2,1.74,,512000000
2026-05-29 12:21:55.767,2,1.67,,512000000
2026-05-29 12:21:55.762,3,2.23,,512000000
2026-05-29 12:21:55.752,2,1.72,,512000000
2026-05-29 12:21:55.727,3,2.09,,512000000
2026-05-29 12:21:55.727,2,1.92,,512000000
2026-05-29 12:21:55.723,12,11.28,,512000000
2026-05-29 12:21:55.691,2,1.82,,512000000
2026-05-29 12:21:55.678,2,1.79,,512000000
2026-05-29 12:21:55.677,3,2.56,,512000000
2026-05-29 12:21:55.663,13,12.24,,512000000
2026-05-29 12:21:55.659,2,2,,512000000
2026-05-29 12:21:55.630,3,2.33,,512000000
2026-05-29 12:21:55.628,3,2.05,,512000000
2026-05-29 12:21:55.626,2,1.88,,512000000
2026-05-29 12:21:55.625,3,2.01,,512000000
2026-05-29 12:21:55.611,3,2.06,,512000000
2026-05-29 12:21:55.586,2,1.77,,512000000
2026-05-29 12:21:55.577,6,5.48,,512000000
2026-05-29 12:21:55.563,2,1.77,,512000000
2026-05-29 12:21:55.555,2,1.75,,512000000
2026-05-29 12:21:55.534,3,2.4,,512000000
2026-05-29 12:21:55.533,2,1.83,,512000000
2026-05-29 12:21:55.500,2,1.76,,512000000
2026-05-29 12:21:55.475,2,1.92,,512000000
2026-05-29 12:21:55.461,2,1.83,,512000000
2026-05-29 12:21:55.457,2,1.87,,512000000
2026-05-29 12:21:55.451,3,2.17,,512000000
2026-05-29 12:21:55.422,7,6.69,,512000000
2026-05-29 12:21:55.418,2,1.79,,512000000
2026-05-29 12:21:55.412,8,7.07,,512000000
2026-05-29 12:21:55.412,2,1.72,,512000000
2026-05-29 12:21:55.404,2,1.79,,512000000
2026-05-29 12:21:55.399,2,1.77,,512000000
2026-05-29 12:21:55.397,2,1.77,,512000000
2026-05-29 12:21:55.373,9,8.77,,512000000
2026-05-29 12:21:55.368,2,1.91,,512000000
2026-05-29 12:21:55.356,2,1.72,,512000000
2026-05-29 12:21:55.355,2,1.89,,512000000
2026-05-29 12:21:55.337,2,1.84,,512000000
2026-05-29 12:21:55.336,2,1.85,,512000000
2026-05-29 12:21:55.311,2,1.79,,512000000
2026-05-29 12:21:55.310,2,1.96,,512000000
2026-05-29 12:21:55.308,2,1.74,,512000000
2026-05-29 12:21:55.307,2,1.77,,512000000
2026-05-29 12:21:55.294,2,1.75,,512000000
2026-05-29 12:21:55.294,2,1.78,,512000000
2026-05-29 12:21:55.266,3,2,,512000000
2026-05-29 12:21:55.260,2,1.76,,512000000
2026-05-29 12:21:55.249,2,1.8,,512000000
2026-05-29 12:21:55.222,2,1.83,,512000000
2026-05-29 12:21:55.199,2,1.78,,512000000
2026-05-29 12:21:55.198,3,2.01,,512000000
2026-05-29 12:21:55.177,2,1.92,,512000000
2026-05-29 12:21:55.177,2,1.77,,512000000
2026-05-29 12:21:55.156,2,1.73,,512000000
2026-05-29 12:21:55.154,3,2.41,,512000000
2026-05-29 12:21:55.142,2,1.97,,512000000
2026-05-29 12:21:55.136,3,2.01,,512000000
2026-05-29 12:21:55.117,2,1.67,,512000000
2026-05-29 12:21:55.095,2,1.82,,512000000
2026-05-29 12:21:55.091,2,1.86,,512000000
2026-05-29 12:21:55.081,2,1.68,,512000000
2026-05-29 12:21:55.068,2,1.87,,512000000
2026-05-29 12:21:55.037,2,1.62,,512000000
2026-05-29 12:21:55.017,2,1.72,,512000000
2026-05-29 12:21:54.991,2,1.65,,512000000
2026-05-29 12:21:54.972,2,1.73,,512000000
2026-05-29 12:21:54.950,2,1.79,,512000000
2026-05-29 12:21:54.950,2,1.8,,512000000
2026-05-29 12:21:54.925,2,1.76,,512000000
2026-05-29 12:21:54.921,2,1.77,,512000000
2026-05-29 12:21:54.897,9,8.91,,512000000
2026-05-29 12:21:54.878,9,8.11,,512000000
2026-05-29 12:21:54.868,2,1.75,,512000000
2026-05-29 12:21:54.861,2,1.72,,512000000
2026-05-29 12:21:54.840,3,2.01,,512000000
2026-05-29 12:21:54.839,2,1.77,,512000000
2026-05-29 12:21:54.839,2,1.71,,512000000
2026-05-29 12:21:54.838,2,1.74,,512000000
2026-05-29 12:21:54.819,2,1.8,,512000000
2026-05-29 12:21:54.818,2,1.89,,512000000
2026-05-29 12:21:54.798,3,2.22,,512000000
2026-05-29 12:21:54.773,2,1.72,,512000000
2026-05-29 12:21:54.769,2,1.99,,512000000
2026-05-29 12:21:54.769,4,3.88,,512000000
2026-05-29 12:21:54.721,2,1.96,,512000000
2026-05-29 12:21:54.705,2,1.72,,512000000
2026-05-29 12:21:54.686,2,1.98,,512000000
2026-05-29 12:21:54.678,3,2.03,,512000000
2026-05-29 12:21:54.662,2,1.74,,512000000
2026-05-29 12:21:54.641,14,13.54,,512000000
2026-05-29 12:21:54.620,2,1.9,,512000000
2026-05-29 12:21:54.617,3,2.03,,512000000
2026-05-29 12:21:54.601,3,2.18,,512000000
2026-05-29 12:21:54.600,2,1.99,,512000000
2026-05-29 12:21:54.594,2,1.82,,512000000
2026-05-29 12:21:54.594,2,1.69,,512000000
2026-05-29 12:21:54.593,2,1.49,,512000000
2026-05-29 12:21:54.592,3,2.15,,512000000
2026-05-29 12:21:54.579,2,1.66,,512000000
2026-05-29 12:21:54.577,2,1.73,,512000000
2026-05-29 12:21:54.575,2,1.83,,512000000
2026-05-29 12:21:54.570,2,1.62,,512000000
2026-05-29 12:21:54.569,2,1.65,,512000000
2026-05-29 12:21:54.553,3,2.12,,512000000
2026-05-29 12:21:54.538,2,1.69,,512000000
2026-05-29 12:21:54.537,3,2.23,,512000000
2026-05-29 12:21:54.523,2,1.66,,512000000
2026-05-29 12:21:54.521,3,2.11,,512000000
2026-05-29 12:21:54.518,2,1.64,,512000000
2026-05-29 12:21:54.513,2,1.99,,512000000
2026-05-29 12:21:54.512,7,6.85,,512000000
2026-05-29 12:21:54.509,2,1.78,,512000000
2026-05-29 12:21:54.497,2,1.71,,512000000
2026-05-29 12:21:54.496,2,1.82,,512000000
2026-05-29 12:21:54.476,2,1.75,,512000000
2026-05-29 12:21:54.460,2,1.72,,512000000
2026-05-29 12:21:54.453,2,1.87,,512000000
2026-05-29 12:21:54.428,2,1.84,,512000000
2026-05-29 12:21:54.427,3,2.17,,512000000
2026-05-29 12:21:54.421,3,2.21,,512000000
2026-05-29 12:21:54.410,2,1.69,,512000000
2026-05-29 12:21:54.409,2,1.65,,512000000
2026-05-29 12:21:54.408,2,1.84,,512000000
2026-05-29 12:21:54.408,2,1.69,,512000000
2026-05-29 12:21:54.384,2,1.81,,512000000
2026-05-29 12:21:54.354,2,1.87,,512000000
2026-05-29 12:21:54.353,2,1.52,,512000000
2026-05-29 12:21:54.344,2,1.65,,512000000
2026-05-29 12:21:54.340,2,1.69,,512000000
2026-05-29 12:21:54.338,5,4.3,,512000000
2026-05-29 12:21:54.323,2,1.8,,512000000
2026-05-29 12:21:54.315,2,1.78,,512000000
2026-05-29 12:21:54.305,2,1.84,,512000000
2026-05-29 12:21:54.303,2,1.77,,512000000
2026-05-29 12:21:54.302,2,1.62,,512000000
2026-05-29 12:21:54.301,2,1.82,,512000000
2026-05-29 12:21:54.271,2,1.96,,512000000
2026-05-29 12:21:54.242,3,2.15,,512000000
2026-05-29 12:21:54.229,2,1.72,,512000000
2026-05-29 12:21:54.217,2,1.89,,512000000
2026-05-29 12:21:54.202,2,1.79,,512000000
2026-05-29 12:21:54.190,2,1.87,,512000000
2026-05-29 12:21:54.178,7,6.12,,512000000
2026-05-29 12:21:54.163,2,1.68,,512000000
2026-05-29 12:21:54.159,2,1.7,,512000000
2026-05-29 12:21:54.148,3,2.06,,512000000
2026-05-29 12:21:54.148,2,1.72,,512000000
2026-05-29 12:21:54.147,2,1.86,,512000000
2026-05-29 12:21:54.134,2,1.7,,512000000
2026-05-29 12:21:54.114,2,1.66,,512000000
2026-05-29 12:21:54.101,3,2.18,,512000000
2026-05-29 12:21:54.096,4,3.69,,512000000
2026-05-29 12:21:54.084,3,2.3,,512000000
2026-05-29 12:21:54.066,2,1.82,,512000000
2026-05-29 12:21:54.045,2,1.73,,512000000
2026-05-29 12:21:54.043,2,1.97,,512000000
2026-05-29 12:21:54.041,2,1.62,,512000000
2026-05-29 12:21:54.033,2,1.91,,512000000
2026-05-29 12:21:54.033,3,2.62,,512000000
2026-05-29 12:21:54.022,2,1.99,,512000000
2026-05-29 12:21:53.996,9,8.88,,512000000
2026-05-29 12:21:53.992,2,1.85,,512000000
2026-05-29 12:21:53.988,3,2.08,,512000000
2026-05-29 12:21:53.984,2,1.74,,512000000
2026-05-29 12:21:53.977,7,6.82,,512000000
2026-05-29 12:21:53.970,2,1.99,,512000000
2026-05-29 12:21:53.965,4,3.39,,512000000
2026-05-29 12:21:53.960,2,1.87,,512000000
2026-05-29 12:21:53.947,2,1.73,,512000000
2026-05-29 12:21:53.881,6,5.33,,512000000
2026-05-29 12:21:53.804,2,2,,512000000
2026-05-29 12:21:53.801,2,1.93,,512000000
2026-05-29 12:21:53.799,2,1.68,,512000000
2026-05-29 12:21:53.796,2,1.9,,512000000
2026-05-29 12:21:53.780,2,1.76,,512000000
2026-05-29 12:21:53.777,3,2.15,,512000000
2026-05-29 12:21:53.763,2,1.89,,512000000
2026-05-29 12:21:53.761,2,1.82,,512000000
2026-05-29 12:21:53.756,3,2.01,,512000000
2026-05-29 12:21:53.749,2,1.97,,512000000
2026-05-29 12:21:53.735,2,1.73,,512000000
2026-05-29 12:21:53.735,2,1.68,,512000000
2026-05-29 12:21:53.716,6,5.21,,512000000
2026-05-29 12:21:53.714,2,1.75,,512000000
2026-05-29 12:21:53.695,2,1.81,,512000000
2026-05-29 12:21:53.670,2,1.86,,512000000
2026-05-29 12:21:53.656,2,1.8,,512000000
2026-05-29 12:21:53.654,2,1.81,,512000000
2026-05-29 12:21:53.639,9,8.75,,512000000
2026-05-29 12:21:53.616,3,2.01,,512000000
2026-05-29 12:21:53.612,2,1.94,,512000000
2026-05-29 12:21:53.597,2,1.81,,512000000
2026-05-29 12:21:53.595,2,1.92,,512000000
2026-05-29 12:21:53.592,3,2.17,,512000000
2026-05-29 12:21:53.589,2,1.88,,512000000
2026-05-29 12:21:53.554,2,1.43,,512000000
2026-05-29 12:21:53.546,2,1.69,,512000000
2026-05-29 12:21:53.537,2,1.96,,512000000
2026-05-29 12:21:53.533,2,1.99,,512000000
2026-05-29 12:21:53.513,2,1.96,,512000000
2026-05-29 12:21:53.507,2,1.99,,512000000
2026-05-29 12:21:53.500,2,1.92,,512000000
2026-05-29 12:21:53.491,2,1.86,,512000000
2026-05-29 12:21:53.478,3,2.13,,512000000
2026-05-29 12:21:53.472,3,2.22,,512000000
2026-05-29 12:21:53.461,2,1.79,,512000000
2026-05-29 12:21:53.457,3,2.11,,512000000
2026-05-29 12:21:53.409,3,2.04,,512000000
2026-05-29 12:21:53.407,2,2,,512000000
2026-05-29 12:21:53.388,3,2.16,,512000000
2026-05-29 12:21:53.372,2,1.79,,512000000
2026-05-29 12:21:53.371,2,1.48,,512000000
2026-05-29 12:21:53.362,2,1.62,,512000000
2026-05-29 12:21:53.355,2,1.76,,512000000
2026-05-29 12:21:53.347,2,1.87,,512000000
2026-05-29 12:21:53.347,2,1.84,,512000000
2026-05-29 12:21:53.327,2,1.93,,512000000
2026-05-29 12:21:53.298,2,1.61,,512000000
2026-05-29 12:21:53.297,13,12.86,,512000000
2026-05-29 12:21:53.291,2,1.88,,512000000
2026-05-29 12:21:53.290,2,1.74,,512000000
2026-05-29 12:21:53.290,2,1.99,,512000000
2026-05-29 12:21:53.289,3,2.54,,512000000
2026-05-29 12:21:53.283,2,1.68,,512000000
2026-05-29 12:21:53.277,12,11.35,,512000000
2026-05-29 12:21:53.258,3,2,,512000000
2026-05-29 12:21:53.254,3,2.28,,512000000
2026-05-29 12:21:53.243,3,2.22,,512000000
2026-05-29 12:21:53.229,3,2.1,,512000000
2026-05-29 12:21:53.211,2,1.65,,512000000
2026-05-29 12:21:53.197,3,2,,512000000
2026-05-29 12:21:53.183,2,1.86,,512000000
2026-05-29 12:21:53.165,2,1.83,,512000000
2026-05-29 12:21:53.162,5,4.74,,512000000
2026-05-29 12:21:53.159,2,1.97,,512000000
2026-05-29 12:21:53.139,2,1.84,,512000000
2026-05-29 12:21:53.136,2,1.71,,512000000
2026-05-29 12:21:53.107,2,1.83,,512000000
2026-05-29 12:21:53.104,2,1.74,,512000000
2026-05-29 12:21:53.080,2,1.97,,512000000
2026-05-29 12:21:53.073,2,1.73,,512000000
2026-05-29 12:21:53.063,2,1.77,,512000000
2026-05-29 12:21:53.053,2,1.78,,512000000
2026-05-29 12:21:53.052,3,2.14,,512000000
2026-05-29 12:21:53.047,3,2.12,,512000000
2026-05-29 12:21:53.031,2,1.79,,512000000
2026-05-29 12:21:53.030,2,1.96,,512000000
2026-05-29 12:21:52.981,8,7.52,,512000000
2026-05-29 12:21:52.977,5,4.69,,512000000
2026-05-29 12:21:52.975,2,1.65,,512000000
2026-05-29 12:21:52.961,2,1.78,,512000000
2026-05-29 12:21:52.958,2,1.82,,512000000
2026-05-29 12:21:52.957,7,6.62,,512000000
2026-05-29 12:21:52.946,2,1.72,,512000000
2026-05-29 12:21:52.944,2,1.8,,512000000
2026-05-29 12:21:52.913,2,1.76,,512000000
2026-05-29 12:21:52.907,2,1.77,,512000000
2026-05-29 12:21:52.881,2,1.87,,512000000
2026-05-29 12:21:52.860,2,1.94,,512000000
2026-05-29 12:21:52.858,2,1.93,,512000000
2026-05-29 12:21:52.847,3,2.02,,512000000
2026-05-29 12:21:52.844,2,1.73,,512000000
2026-05-29 12:21:52.840,2,1.93,,512000000
2026-05-29 12:21:52.816,2,1.7,,512000000
2026-05-29 12:21:52.816,2,1.84,,512000000
2026-05-29 12:21:52.798,2,1.86,,512000000
2026-05-29 12:21:52.793,5,4.3,,512000000
2026-05-29 12:21:52.788,2,1.71,,512000000
2026-05-29 12:21:52.780,2,1.81,,512000000
2026-05-29 12:21:52.777,2,1.99,,512000000
2026-05-29 12:21:52.766,2,1.77,,512000000
2026-05-29 12:21:52.761,2,1.74,,512000000
2026-05-29 12:21:52.760,2,1.84,,512000000
2026-05-29 12:21:52.743,2,1.74,,512000000
2026-05-29 12:21:52.725,2,1.82,,512000000
2026-05-29 12:21:52.704,2,1.71,,512000000
2026-05-29 12:21:52.693,2,1.64,,512000000
2026-05-29 12:21:52.687,2,1.8,,512000000
2026-05-29 12:21:52.674,2,1.72,,512000000
2026-05-29 12:21:52.668,2,1.8,,512000000
2026-05-29 12:21:52.665,2,1.95,,512000000
2026-05-29 12:21:52.664,2,1.74,,512000000
2026-05-29 12:21:52.633,2,1.97,,512000000
2026-05-29 12:21:52.626,3,2.04,,512000000
2026-05-29 12:21:52.580,2,1.7,,512000000
2026-05-29 12:21:52.577,11,10.09,,512000000
2026-05-29 12:21:52.577,3,2.1,,512000000
2026-05-29 12:21:52.573,2,1.92,,512000000
2026-05-29 12:21:52.571,2,1.79,,512000000
2026-05-29 12:21:52.535,2,1.89,,512000000
2026-05-29 12:21:52.535,3,2.06,,512000000
2026-05-29 12:21:52.534,2,1.83,,512000000
2026-05-29 12:21:52.531,3,2.01,,512000000
2026-05-29 12:21:52.508,2,1.89,,512000000
2026-05-29 12:21:52.489,2,1.9,,512000000
2026-05-29 12:21:52.481,2,1.95,,512000000
2026-05-29 12:21:52.454,2,1.87,,512000000
2026-05-29 12:21:52.441,2,1.89,,512000000
2026-05-29 12:21:52.439,3,2.34,,512000000
2026-05-29 12:21:52.427,5,4.97,,512000000
2026-05-29 12:21:52.425,2,1.82,,512000000
2026-05-29 12:21:52.393,2,1.78,,512000000
2026-05-29 12:21:52.391,2,1.98,,512000000
2026-05-29 12:21:52.375,2,1.87,,512000000
2026-05-29 12:21:52.374,6,5.23,,512000000
2026-05-29 12:21:52.343,2,1.96,,512000000
2026-05-29 12:21:52.329,3,2.06,,512000000
2026-05-29 12:21:52.325,2,1.72,,512000000
2026-05-29 12:21:52.315,2,1.79,,512000000
2026-05-29 12:21:52.314,2,1.81,,512000000
2026-05-29 12:21:52.279,3,2.06,,512000000
2026-05-29 12:21:52.252,16,15.4,,512000000
2026-05-29 12:21:52.241,2,1.74,,512000000
2026-05-29 12:21:52.236,2,1.94,,512000000
2026-05-29 12:21:52.226,2,1.7,,512000000
2026-05-29 12:21:52.224,20,19.89,,512000000
2026-05-29 12:21:52.222,2,1.81,,512000000
2026-05-29 12:21:52.222,2,1.89,,512000000
2026-05-29 12:21:52.205,2,1.76,,512000000
2026-05-29 12:21:52.203,2,1.86,,512000000
2026-05-29 12:21:52.179,2,1.88,,512000000
2026-05-29 12:21:52.161,4,3.95,,512000000
2026-05-29 12:21:52.147,2,1.91,,512000000
2026-05-29 12:21:52.129,3,2.03,,512000000
2026-05-29 12:21:52.127,2,1.73,,512000000
2026-05-29 12:21:52.118,3,2.04,,512000000
2026-05-29 12:21:52.117,2,1.84,,512000000
2026-05-29 12:21:52.116,2,1.87,,512000000
2026-05-29 12:21:52.115,2,1.71,,512000000
2026-05-29 12:21:52.108,2,1.64,,512000000
2026-05-29 12:21:52.092,2,1.76,,512000000
2026-05-29 12:21:52.090,2,1.84,,512000000
2026-05-29 12:21:52.079,2,1.83,,512000000
2026-05-29 12:21:52.073,3,2.01,,512000000
2026-05-29 12:21:52.071,2,1.72,,512000000
2026-05-29 12:21:52.064,2,1.74,,512000000
2026-05-29 12:21:52.058,3,2.03,,512000000
2026-05-29 12:21:52.052,2,1.72,,512000000
2026-05-29 12:21:52.048,3,2.04,,512000000
2026-05-29 12:21:52.018,10,9.4,,512000000
2026-05-29 12:21:52.007,2,1.98,,512000000
2026-05-29 12:21:52.001,2,1.92,,512000000
2026-05-29 12:21:52.001,2,1.68,,512000000
2026-05-29 12:21:51.981,2,1.96,,512000000
2026-05-29 12:21:51.977,2,1.71,,512000000
2026-05-29 12:21:51.957,28,27.72,,512000000
2026-05-29 12:21:51.955,2,1.81,,512000000
2026-05-29 12:21:51.949,2,1.8,,512000000
2026-05-29 12:21:51.938,2,1.88,,512000000
2026-05-29 12:21:51.920,3,2.03,,512000000
2026-05-29 12:21:51.881,2,1.84,,512000000
2026-05-29 12:21:51.881,3,2,,512000000
2026-05-29 12:21:51.871,2,1.79,,512000000
2026-05-29 12:21:51.857,4,3.54,,512000000
2026-05-29 12:21:51.850,2,1.89,,512000000
2026-05-29 12:21:51.840,2,1.99,,512000000
2026-05-29 12:21:51.835,2,1.67,,512000000
2026-05-29 12:21:51.831,2,1.84,,512000000
2026-05-29 12:21:51.825,2,1.89,,512000000
2026-05-29 12:21:51.816,5,4.88,,512000000
2026-05-29 12:21:51.815,2,1.89,,512000000
2026-05-29 12:21:51.815,2,1.82,,512000000
2026-05-29 12:21:51.812,2,1.7,,512000000
2026-05-29 12:21:51.770,3,2.03,,512000000
2026-05-29 12:21:51.768,3,2.06,,512000000
2026-05-29 12:21:51.764,2,1.71,,512000000
2026-05-29 12:21:51.726,3,2.11,,512000000
2026-05-29 12:21:51.717,5,4.22,,512000000
2026-05-29 12:21:51.689,4,3.36,,512000000
2026-05-29 12:21:51.682,3,2.2,,512000000
2026-05-29 12:21:51.645,2,1.71,,512000000
2026-05-29 12:21:51.631,2,1.76,,512000000
2026-05-29 12:21:51.624,4,3.12,,512000000
2026-05-29 12:21:51.613,2,1.93,,512000000
2026-05-29 12:21:51.610,2,1.64,,512000000
2026-05-29 12:21:51.595,3,2.09,,512000000
2026-05-29 12:21:51.593,2,1.9,,512000000
2026-05-29 12:21:51.580,2,1.77,,512000000
2026-05-29 12:21:51.543,2,1.78,,512000000
2026-05-29 12:21:51.537,3,2.09,,512000000
2026-05-29 12:21:51.536,3,2.16,,512000000
2026-05-29 12:21:51.531,3,2.04,,512000000
2026-05-29 12:21:51.521,2,1.72,,512000000
2026-05-29 12:21:51.513,6,5.06,,512000000
2026-05-29 12:21:51.505,2,1.92,,512000000
2026-05-29 12:21:51.491,7,6.8,,512000000
2026-05-29 12:21:51.479,12,11.84,,512000000
2026-05-29 12:21:51.471,2,1.94,,512000000
2026-05-29 12:21:51.457,12,11.96,,512000000
2026-05-29 12:21:51.439,2,1.75,,512000000
2026-05-29 12:21:51.423,2,1.8,,512000000
2026-05-29 12:21:51.423,2,1.79,,512000000
2026-05-29 12:21:51.397,2,1.87,,512000000
2026-05-29 12:21:51.381,2,1.83,,512000000
2026-05-29 12:21:51.377,15,14.17,,512000000
2026-05-29 12:21:51.367,2,1.8,,512000000
2026-05-29 12:21:51.363,2,1.94,,512000000
2026-05-29 12:21:51.356,2,1.79,,512000000
2026-05-29 12:21:51.330,2,1.99,,512000000
2026-05-29 12:21:51.324,2,1.7,,512000000
2026-05-29 12:21:51.319,3,2.05,,512000000
2026-05-29 12:21:51.317,7,6.09,,512000000
2026-05-29 12:21:51.314,2,1.73,,512000000
2026-05-29 12:21:51.303,2,1.86,,512000000
2026-05-29 12:21:51.297,2,1.81,,512000000
2026-05-29 12:21:51.296,2,1.87,,512000000
2026-05-29 12:21:51.266,2,1.83,,512000000
2026-05-29 12:21:51.264,2,1.86,,512000000
2026-05-29 12:21:51.257,2,1.86,,512000000
2026-05-29 12:21:51.249,2,1.81,,512000000
2026-05-29 12:21:51.229,2,1.84,,512000000
2026-05-29 12:21:51.197,3,2.13,,512000000
2026-05-29 12:21:51.184,2,1.77,,512000000
2026-05-29 12:21:51.180,13,12.46,,512000000
2026-05-29 12:21:51.157,5,4.09,,512000000
2026-05-29 12:21:51.145,3,2.03,,512000000
2026-05-29 12:21:51.138,8,7.17,,512000000
2026-05-29 12:21:51.125,3,2.78,,512000000
2026-05-29 12:21:51.123,2,2,,512000000
2026-05-29 12:21:51.105,3,2.35,,512000000
2026-05-29 12:21:51.090,2,1.76,,512000000
2026-05-29 12:21:51.086,6,5.6,,512000000
2026-05-29 12:21:51.068,2,1.88,,512000000
2026-05-29 12:21:51.055,2,1.71,,512000000
2026-05-29 12:21:51.002,7,6.19,,512000000
2026-05-29 12:21:50.992,2,1.89,,512000000
2026-05-29 12:21:50.974,2,1.77,,512000000
2026-05-29 12:21:50.968,2,1.65,,512000000
2026-05-29 12:21:50.963,3,2.11,,512000000
2026-05-29 12:21:50.958,2,1.85,,512000000
2026-05-29 12:21:50.955,2,1.65,,512000000
2026-05-29 12:21:50.937,5,4.18,,512000000
2026-05-29 12:21:50.936,4,3.89,,512000000
2026-05-29 12:21:50.927,2,1.81,,512000000
2026-05-29 12:21:50.920,2,1.75,,512000000
2026-05-29 12:21:50.906,2,1.59,,512000000
2026-05-29 12:21:50.899,2,1.7,,512000000
2026-05-29 12:21:50.896,6,5.11,,512000000
2026-05-29 12:21:50.893,12,11.75,,512000000
2026-05-29 12:21:50.892,2,1.8,,512000000
2026-05-29 12:21:50.881,3,2.3,,512000000
2026-05-29 12:21:50.876,5,4.15,,512000000
2026-05-29 12:21:50.875,2,1.99,,512000000
2026-05-29 12:21:50.858,2,1.82,,512000000
2026-05-29 12:21:50.857,2,1.78,,512000000
2026-05-29 12:21:50.853,7,6.38,,512000000
2026-05-29 12:21:50.839,2,1.68,,512000000
2026-05-29 12:21:50.821,2,1.82,,512000000
2026-05-29 12:21:50.814,3,2.31,,512000000
2026-05-29 12:21:50.814,2,1.61,,512000000
2026-05-29 12:21:50.807,2,1.87,,512000000
2026-05-29 12:21:50.777,9,8.37,,512000000
2026-05-29 12:21:50.764,3,2.11,,512000000
2026-05-29 12:21:50.763,2,1.96,,512000000
2026-05-29 12:21:50.761,2,1.82,,512000000
2026-05-29 12:21:50.760,2,1.75,,512000000
2026-05-29 12:21:50.753,6,5.32,,512000000
2026-05-29 12:21:50.735,2,1.58,,512000000
2026-05-29 12:21:50.722,2,1.73,,512000000
2026-05-29 12:21:50.722,2,1.62,,512000000
2026-05-29 12:21:50.716,2,1.65,,512000000
2026-05-29 12:21:50.716,2,1.51,,512000000
2026-05-29 12:21:50.707,2,1.61,,512000000
2026-05-29 12:21:50.701,2,1.79,,512000000
2026-05-29 12:21:50.696,2,1.75,,512000000
2026-05-29 12:21:50.677,2,1.78,,512000000
2026-05-29 12:21:50.645,2,1.5,,512000000
2026-05-29 12:21:50.632,2,1.65,,512000000
2026-05-29 12:21:50.631,2,1.69,,512000000
2026-05-29 12:21:50.626,3,2.18,,512000000
2026-05-29 12:21:50.626,2,1.89,,512000000
2026-05-29 12:21:50.625,2,1.66,,512000000
2026-05-29 12:21:50.622,8,7.23,,512000000
2026-05-29 12:21:50.620,3,2.02,,512000000
2026-05-29 12:21:50.607,2,1.99,,512000000
2026-05-29 12:21:50.605,2,1.7,,512000000
2026-05-29 12:21:50.601,2,1.72,,512000000
2026-05-29 12:21:50.601,2,1.58,,512000000
2026-05-29 12:21:50.585,2,1.75,,512000000
2026-05-29 12:21:50.579,2,1.93,,512000000
2026-05-29 12:21:50.577,2,1.72,,512000000
2026-05-29 12:21:50.574,3,2.11,,512000000
2026-05-29 12:21:50.572,4,3.47,,512000000
2026-05-29 12:21:50.554,2,1.72,,512000000
2026-05-29 12:21:50.518,2,1.94,,512000000
2026-05-29 12:21:50.469,2,1.62,,512000000
2026-05-29 12:21:50.465,17,16.1,,512000000
2026-05-29 12:21:50.448,2,1.93,,512000000
2026-05-29 12:21:50.448,2,1.74,,512000000
2026-05-29 12:21:50.443,16,15.56,,512000000
2026-05-29 12:21:50.441,3,2.13,,512000000
2026-05-29 12:21:50.432,11,10.54,,512000000
2026-05-29 12:21:50.414,2,1.78,,512000000
2026-05-29 12:21:50.388,2,1.63,,512000000
2026-05-29 12:21:50.388,2,1.9,,512000000
2026-05-29 12:21:50.381,2,1.78,,512000000
2026-05-29 12:21:50.370,2,1.61,,512000000
2026-05-29 12:21:50.335,2,1.71,,512000000
2026-05-29 12:21:50.320,3,2.62,,512000000
2026-05-29 12:21:50.320,2,1.63,,512000000
2026-05-29 12:21:50.285,3,2.1,,512000000
2026-05-29 12:21:50.263,2,1.67,,512000000
2026-05-29 12:21:50.263,3,2.96,,512000000
2026-05-29 12:21:50.260,3,2.06,,512000000
2026-05-29 12:21:50.198,3,2.41,,512000000
2026-05-29 12:21:50.178,2,1.92,,512000000
2026-05-29 12:21:50.173,3,2.13,,512000000
2026-05-29 12:21:50.168,3,2.38,,512000000
2026-05-29 12:21:50.128,3,2.02,,512000000
2026-05-29 12:21:50.112,8,7.41,,512000000
2026-05-29 12:21:50.101,10,9.6,,512000000
2026-05-29 12:21:50.098,3,2.22,,512000000
2026-05-29 12:21:50.098,2,1.66,,512000000
2026-05-29 12:21:50.078,8,7.32,,512000000
2026-05-29 12:21:50.078,2,1.65,,512000000
2026-05-29 12:21:50.060,4,4,,512000000
2026-05-29 12:21:50.051,2,1.58,,512000000
2026-05-29 12:21:50.040,2,1.71,,512000000
2026-05-29 12:21:50.020,2,1.65,,512000000
2026-05-29 12:21:49.997,27,26.56,,512000000
2026-05-29 12:21:49.994,2,1.72,,512000000
2026-05-29 12:21:49.976,3,2.9,,512000000
2026-05-29 12:21:49.974,2,1.72,,512000000
2026-05-29 12:21:49.972,6,5.76,,512000000
2026-05-29 12:21:49.962,5,4.18,,512000000
2026-05-29 12:21:49.959,2,1.69,,512000000
2026-05-29 12:21:49.958,23,22.64,,512000000
2026-05-29 12:21:49.957,2,1.84,,512000000
2026-05-29 12:21:49.949,2,1.56,,512000000
2026-05-29 12:21:49.929,2,1.82,,512000000
2026-05-29 12:21:49.923,3,2.13,,512000000
2026-05-29 12:21:49.912,2,1.77,,512000000
2026-05-29 12:21:49.901,2,1.77,,512000000
2026-05-29 12:21:49.857,2,1.74,,512000000
2026-05-29 12:21:49.833,2,1.76,,512000000
2026-05-29 12:21:49.808,19,18.91,,512000000
2026-05-29 12:21:49.804,4,3.31,,512000000
2026-05-29 12:21:49.796,2,1.79,,512000000
2026-05-29 12:21:49.795,2,1.69,,512000000
2026-05-29 12:21:49.778,2,1.8,,512000000
2026-05-29 12:21:49.759,2,1.85,,512000000
2026-05-29 12:21:49.754,2,1.63,,512000000
2026-05-29 12:21:49.742,2,1.73,,512000000
2026-05-29 12:21:49.720,2,1.8,,512000000
2026-05-29 12:21:49.676,2,1.82,,512000000
2026-05-29 12:21:49.670,2,1.68,,512000000
2026-05-29 12:21:49.659,2,1.71,,512000000
2026-05-29 12:21:49.652,2,1.71,,512000000
2026-05-29 12:21:49.642,2,1.99,,512000000
2026-05-29 12:21:49.637,2,1.89,,512000000
2026-05-29 12:21:49.604,2,1.78,,512000000
2026-05-29 12:21:49.597,2,1.7,,512000000
2026-05-29 12:21:49.577,2,1.67,,512000000
2026-05-29 12:21:49.570,2,1.83,,512000000
2026-05-29 12:21:49.568,2,1.66,,512000000
2026-05-29 12:21:49.559,2,1.76,,512000000
2026-05-29 12:21:49.551,5,4.72,,512000000
2026-05-29 12:21:49.550,2,1.9,,512000000
2026-05-29 12:21:49.544,3,2.12,,512000000
2026-05-29 12:21:49.537,10,9.23,,512000000
2026-05-29 12:21:49.537,3,2.08,,512000000
2026-05-29 12:21:49.534,2,1.75,,512000000
2026-05-29 12:21:49.519,2,1.76,,512000000
2026-05-29 12:21:49.479,2,1.78,,512000000
2026-05-29 12:21:49.459,2,1.74,,512000000
2026-05-29 12:21:49.458,2,1.59,,512000000
2026-05-29 12:21:49.457,2,1.76,,512000000
2026-05-29 12:21:49.456,2,1.97,,512000000
2026-05-29 12:21:49.455,2,1.91,,512000000
2026-05-29 12:21:49.425,2,1.76,,512000000
2026-05-29 12:21:49.419,3,2.16,,512000000
2026-05-29 12:21:49.400,2,1.9,,512000000
2026-05-29 12:21:49.399,3,2.14,,512000000
2026-05-29 12:21:49.397,4,3.14,,512000000
2026-05-29 12:21:49.385,2,1.81,,512000000
2026-05-29 12:21:49.345,2,1.79,,512000000
2026-05-29 12:21:49.337,2,1.63,,512000000
2026-05-29 12:21:49.328,2,1.97,,512000000
2026-05-29 12:21:49.325,2,1.93,,512000000
2026-05-29 12:21:49.321,3,2,,512000000
2026-05-29 12:21:49.316,6,5.46,,512000000
2026-05-29 12:21:49.313,2,1.9,,512000000
2026-05-29 12:21:49.299,8,7.48,,512000000
2026-05-29 12:21:49.288,2,2,,512000000
2026-05-29 12:21:49.282,2,1.79,,512000000
2026-05-29 12:21:49.279,2,1.78,,512000000
2026-05-29 12:21:49.276,2,1.89,,512000000
2026-05-29 12:21:49.270,3,2.03,,512000000
2026-05-29 12:21:49.261,2,1.93,,512000000
2026-05-29 12:21:49.249,2,1.93,,512000000
2026-05-29 12:21:49.237,7,6.69,,512000000
2026-05-29 12:21:49.233,2,1.84,,512000000
2026-05-29 12:21:49.220,2,1.87,,512000000
2026-05-29 12:21:49.218,6,5.93,,512000000
2026-05-29 12:21:49.212,4,3.03,,512000000
2026-05-29 12:21:49.210,2,1.79,,512000000
2026-05-29 12:21:49.205,3,2.13,,512000000
2026-05-29 12:21:49.195,2,1.7,,512000000
2026-05-29 12:21:49.180,3,2.5,,512000000
2026-05-29 12:21:49.167,2,1.97,,512000000
2026-05-29 12:21:49.156,3,2.05,,512000000
2026-05-29 12:21:49.151,2,1.84,,512000000
2026-05-29 12:21:49.123,23,22.09,,512000000
2026-05-29 12:21:49.113,2,1.96,,512000000
2026-05-29 12:21:49.100,2,1.69,,512000000
2026-05-29 12:21:49.094,4,3.67,,512000000
2026-05-29 12:21:49.091,3,2.12,,512000000
2026-05-29 12:21:49.088,3,2.45,,512000000
2026-05-29 12:21:49.067,2,1.89,,512000000
2026-05-29 12:21:49.044,2,1.83,,512000000
2026-05-29 12:21:49.033,2,1.99,,512000000
2026-05-29 12:21:49.028,2,1.76,,512000000
2026-05-29 12:21:49.017,2,1.92,,512000000
2026-05-29 12:21:48.994,2,1.74,,512000000
2026-05-29 12:21:48.991,3,2.2,,512000000
2026-05-29 12:21:48.974,2,1.87,,512000000
2026-05-29 12:21:48.964,10,9.71,,512000000
2026-05-29 12:21:48.949,2,1.84,,512000000
2026-05-29 12:21:48.937,2,1.8,,512000000
2026-05-29 12:21:48.926,2,1.7,,512000000
2026-05-29 12:21:48.922,6,5.64,,512000000
2026-05-29 12:21:48.918,2,1.87,,512000000
2026-05-29 12:21:48.907,2,1.74,,512000000
2026-05-29 12:21:48.899,9,8.41,,512000000
2026-05-29 12:21:48.889,3,2.03,,512000000
2026-05-29 12:21:48.885,2,1.78,,512000000
2026-05-29 12:21:48.881,2,1.67,,512000000
2026-05-29 12:21:48.876,2,1.98,,512000000
2026-05-29 12:21:48.870,2,1.73,,512000000
2026-05-29 12:21:48.863,2,1.98,,512000000
2026-05-29 12:21:48.856,9,8.42,,512000000
2026-05-29 12:21:48.856,2,1.94,,512000000
2026-05-29 12:21:48.839,3,2.13,,512000000
2026-05-29 12:21:48.837,2,1.89,,512000000
2026-05-29 12:21:48.819,2,1.68,,512000000
2026-05-29 12:21:48.819,3,2.39,,512000000
2026-05-29 12:21:48.818,2,1.91,,512000000
2026-05-29 12:21:48.818,4,3.46,,512000000
2026-05-29 12:21:48.808,4,3.26,,512000000
2026-05-29 12:21:48.802,2,1.95,,512000000
2026-05-29 12:21:48.800,2,1.93,,512000000
2026-05-29 12:21:48.792,2,1.78,,512000000
2026-05-29 12:21:48.783,2,1.83,,512000000
2026-05-29 12:21:48.749,3,2,,512000000
2026-05-29 12:21:48.723,2,1.75,,512000000
2026-05-29 12:21:48.712,3,2.78,,512000000
2026-05-29 12:21:48.703,2,1.8,,512000000
2026-05-29 12:21:48.689,2,1.83,,512000000
2026-05-29 12:21:48.686,2,1.74,,512000000
2026-05-29 12:21:48.682,2,1.79,,512000000
2026-05-29 12:21:48.661,3,2.64,,512000000
2026-05-29 12:21:48.652,2,1.71,,512000000
2026-05-29 12:21:48.628,2,1.79,,512000000
2026-05-29 12:21:48.595,2,1.74,,512000000
2026-05-29 12:21:48.589,2,1.78,,512000000
2026-05-29 12:21:48.582,2,1.71,,512000000
2026-05-29 12:21:48.577,2,1.69,,512000000
2026-05-29 12:21:48.576,3,2.06,,512000000
2026-05-29 12:21:48.561,2,1.79,,512000000
2026-05-29 12:21:48.555,5,4.64,,512000000
2026-05-29 12:21:48.532,2,1.77,,512000000
2026-05-29 12:21:48.530,2,1.72,,512000000
2026-05-29 12:21:48.502,2,1.76,,512000000
2026-05-29 12:21:48.497,5,4.88,,512000000
2026-05-29 12:21:48.485,2,1.81,,512000000
2026-05-29 12:21:48.420,2,1.69,,512000000
2026-05-29 12:21:48.405,16,15.24,,512000000
2026-05-29 12:21:48.398,2,1.72,,512000000
2026-05-29 12:21:48.397,5,4.9,,512000000
2026-05-29 12:21:48.381,2,1.83,,512000000
2026-05-29 12:21:48.367,3,2.11,,512000000
2026-05-29 12:21:48.366,5,4.99,,512000000
2026-05-29 12:21:48.353,2,1.94,,512000000
2026-05-29 12:21:48.345,2,1.79,,512000000
2026-05-29 12:21:48.337,3,2.5,,512000000
2026-05-29 12:21:48.323,2,1.79,,512000000
2026-05-29 12:21:48.283,2,1.86,,512000000
2026-05-29 12:21:48.236,2,1.85,,512000000
2026-05-29 12:21:48.231,3,2.11,,512000000
2026-05-29 12:21:48.230,2,1.84,,512000000
2026-05-29 12:21:48.209,3,2,,512000000
2026-05-29 12:21:48.190,2,1.77,,512000000
2026-05-29 12:21:48.166,2,1.77,,512000000
2026-05-29 12:21:48.157,2,1.72,,512000000
2026-05-29 12:21:48.150,3,2.14,,512000000
2026-05-29 12:21:48.097,14,13.31,,512000000
2026-05-29 12:21:48.096,3,2.12,,512000000
2026-05-29 12:21:48.084,2,1.87,,512000000
2026-05-29 12:21:48.083,2,1.85,,512000000
2026-05-29 12:21:48.082,3,2.07,,512000000
2026-05-29 12:21:48.078,2,1.9,,512000000
2026-05-29 12:21:48.077,2,1.61,,512000000
2026-05-29 12:21:48.067,2,1.94,,512000000
2026-05-29 12:21:48.065,2,1.82,,512000000
2026-05-29 12:21:48.054,3,2.07,,512000000
2026-05-29 12:21:48.042,2,1.89,,512000000
2026-05-29 12:21:48.034,3,2.07,,512000000
2026-05-29 12:21:48.029,2,1.96,,512000000
2026-05-29 12:21:47.997,2,1.95,,512000000
2026-05-29 12:21:47.993,3,2.19,,512000000
2026-05-29 12:21:47.975,8,7.74,,512000000
2026-05-29 12:21:47.975,11,10.4,,512000000
2026-05-29 12:21:47.958,2,1.89,,512000000
2026-05-29 12:21:47.953,2,1.82,,512000000
2026-05-29 12:21:47.936,2,1.86,,512000000
2026-05-29 12:21:47.926,2,1.76,,512000000
2026-05-29 12:21:47.919,2,1.73,,512000000
2026-05-29 12:21:47.916,2,1.73,,512000000
2026-05-29 12:21:47.884,2,1.84,,512000000
2026-05-29 12:21:47.876,11,10.61,,512000000
2026-05-29 12:21:47.857,2,1.87,,512000000
2026-05-29 12:21:47.844,2,1.99,,512000000
2026-05-29 12:21:47.835,11,10.63,,512000000
2026-05-29 12:21:47.833,3,2.02,,512000000
2026-05-29 12:21:47.826,2,1.69,,512000000
2026-05-29 12:21:47.818,2,1.81,,512000000
2026-05-29 12:21:47.817,2,1.82,,512000000
2026-05-29 12:21:47.816,3,2.26,,512000000
2026-05-29 12:21:47.813,3,2.11,,512000000
2026-05-29 12:21:47.792,3,2.07,,512000000
2026-05-29 12:21:47.754,8,7.21,,512000000
2026-05-29 12:21:47.732,2,1.73,,512000000
2026-05-29 12:21:47.708,2,1.75,,512000000
2026-05-29 12:21:47.702,2,1.95,,512000000
2026-05-29 12:21:47.698,2,1.92,,512000000
2026-05-29 12:21:47.690,2,1.77,,512000000
2026-05-29 12:21:47.606,3,2.66,,512000000
2026-05-29 12:21:47.601,3,2.31,,512000000
2026-05-29 12:21:47.593,3,2.04,,512000000
2026-05-29 12:21:47.585,2,1.83,,512000000
2026-05-29 12:21:47.583,3,2.22,,512000000
2026-05-29 12:21:47.578,3,2.14,,512000000
2026-05-29 12:21:47.563,2,1.83,,512000000
2026-05-29 12:21:47.562,3,2.15,,512000000
2026-05-29 12:21:47.557,2,1.88,,512000000
2026-05-29 12:21:47.551,2,1.9,,512000000
2026-05-29 12:21:47.540,2,1.63,,512000000
2026-05-29 12:21:47.539,2,1.81,,512000000
2026-05-29 12:21:47.533,3,2.05,,512000000
2026-05-29 12:21:47.532,2,1.91,,512000000
2026-05-29 12:21:47.500,3,2.59,,512000000
2026-05-29 12:21:47.497,2,1.85,,512000000
2026-05-29 12:21:47.494,2,1.67,,512000000
2026-05-29 12:21:47.492,2,1.72,,512000000
2026-05-29 12:21:47.476,2,1.84,,512000000
2026-05-29 12:21:47.476,2,1.68,,512000000
2026-05-29 12:21:47.476,3,2.42,,512000000
2026-05-29 12:21:47.475,2,1.71,,512000000
2026-05-29 12:21:47.459,2,1.73,,512000000
2026-05-29 12:21:47.445,2,1.74,,512000000
2026-05-29 12:21:47.445,3,2.08,,512000000
2026-05-29 12:21:47.437,5,4.53,,512000000
2026-05-29 12:21:47.426,2,1.68,,512000000
2026-05-29 12:21:47.423,21,20.7,,512000000
2026-05-29 12:21:47.416,2,1.68,,512000000
2026-05-29 12:21:47.409,2,1.7,,512000000
2026-05-29 12:21:47.402,2,1.76,,512000000
2026-05-29 12:21:47.349,3,2.14,,512000000
2026-05-29 12:21:47.348,2,2,,512000000
2026-05-29 12:21:47.340,2,1.77,,512000000
2026-05-29 12:21:47.335,3,2.35,,512000000
2026-05-29 12:21:47.330,2,1.65,,512000000
2026-05-29 12:21:47.326,2,1.72,,512000000
2026-05-29 12:21:47.319,2,1.88,,512000000
2026-05-29 12:21:47.301,8,7.58,,512000000
2026-05-29 12:21:47.300,2,1.64,,512000000
2026-05-29 12:21:47.246,2,1.86,,512000000
2026-05-29 12:21:47.224,23,22.34,,512000000
2026-05-29 12:21:47.221,6,5.96,,512000000
2026-05-29 12:21:47.217,2,1.87,,512000000
2026-05-29 12:21:47.206,2,1.82,,512000000
2026-05-29 12:21:47.203,2,1.89,,512000000
2026-05-29 12:21:47.198,2,1.77,,512000000
2026-05-29 12:21:47.196,2,1.61,,512000000
2026-05-29 12:21:47.178,6,5.47,,512000000
2026-05-29 12:21:47.163,2,1.75,,512000000
2026-05-29 12:21:47.151,4,3.42,,512000000
2026-05-29 12:21:47.142,2,1.77,,512000000
2026-05-29 12:21:47.137,2,1.59,,512000000
2026-05-29 12:21:47.136,3,2.02,,512000000
2026-05-29 12:21:47.088,2,1.97,,512000000
2026-05-29 12:21:47.086,2,1.77,,512000000
2026-05-29 12:21:47.086,2,1.69,,512000000
2026-05-29 12:21:47.033,17,16.18,,512000000
2026-05-29 12:21:47.032,2,1.84,,512000000
2026-05-29 12:21:47.029,2,1.67,,512000000
2026-05-29 12:21:47.026,2,1.76,,512000000
2026-05-29 12:21:47.025,2,1.61,,512000000
2026-05-29 12:21:47.011,8,7.3,,512000000
2026-05-29 12:21:47.010,2,1.69,,512000000
2026-05-29 12:21:47.009,2,1.83,,512000000
2026-05-29 12:21:47.006,2,1.86,,512000000
2026-05-29 12:21:46.993,2,1.78,,512000000
2026-05-29 12:21:46.971,2,1.62,,512000000
2026-05-29 12:21:46.967,2,1.78,,512000000
2026-05-29 12:21:46.957,2,1.74,,512000000
2026-05-29 12:21:46.908,2,1.85,,512000000
2026-05-29 12:21:46.905,3,2.41,,512000000
2026-05-29 12:21:46.881,2,1.7,,512000000
2026-05-29 12:21:46.865,2,1.95,,512000000
2026-05-29 12:21:46.852,2,1.69,,512000000
2026-05-29 12:21:46.851,4,3.67,,512000000
2026-05-29 12:21:46.851,2,1.49,,512000000
2026-05-29 12:21:46.850,2,1.91,,512000000
2026-05-29 12:21:46.845,6,5.74,,512000000
2026-05-29 12:21:46.839,2,1.65,,512000000
2026-05-29 12:21:46.835,3,2.16,,512000000
2026-05-29 12:21:46.833,2,1.92,,512000000
2026-05-29 12:21:46.832,2,1.88,,512000000
2026-05-29 12:21:46.831,2,1.77,,512000000
2026-05-29 12:21:46.830,2,1.76,,512000000
2026-05-29 12:21:46.804,2,1.67,,512000000
2026-05-29 12:21:46.797,2,1.85,,512000000
2026-05-29 12:21:46.790,2,1.78,,512000000
2026-05-29 12:21:46.788,2,1.81,,512000000
2026-05-29 12:21:46.756,2,1.66,,512000000
2026-05-29 12:21:46.750,2,1.79,,512000000
2026-05-29 12:21:46.741,2,1.91,,512000000
2026-05-29 12:21:46.713,2,1.82,,512000000
2026-05-29 12:21:46.698,3,2.19,,512000000
2026-05-29 12:21:46.695,2,1.67,,512000000
2026-05-29 12:21:46.694,2,1.79,,512000000
2026-05-29 12:21:46.681,2,1.98,,512000000
2026-05-29 12:21:46.680,2,1.84,,512000000
2026-05-29 12:21:46.678,2,1.81,,512000000
2026-05-29 12:21:46.650,2,1.96,,512000000
2026-05-29 12:21:46.649,2,1.99,,512000000
2026-05-29 12:21:46.645,2,1.92,,512000000
2026-05-29 12:21:46.634,2,1.78,,512000000
2026-05-29 12:21:46.616,3,2.21,,512000000
2026-05-29 12:21:46.610,3,2.04,,512000000
2026-05-29 12:21:46.594,2,1.65,,512000000
2026-05-29 12:21:46.583,2,1.73,,512000000
2026-05-29 12:21:46.579,2,1.73,,512000000
2026-05-29 12:21:46.547,2,1.92,,512000000
2026-05-29 12:21:46.532,2,1.78,,512000000
2026-05-29 12:21:46.517,3,2.27,,512000000
2026-05-29 12:21:46.507,2,1.77,,512000000
2026-05-29 12:21:46.489,2,1.95,,512000000
2026-05-29 12:21:46.482,3,2.02,,512000000
2026-05-29 12:21:46.453,4,3.34,,512000000
2026-05-29 12:21:46.433,3,2.59,,512000000
2026-05-29 12:21:46.414,3,2.96,,512000000
2026-05-29 12:21:46.386,2,1.74,,512000000
2026-05-29 12:21:46.383,2,1.91,,512000000
2026-05-29 12:21:46.378,2,1.91,,512000000
2026-05-29 12:21:46.365,2,1.74,,512000000
2026-05-29 12:21:46.351,2,1.87,,512000000
2026-05-29 12:21:46.348,2,1.96,,512000000
2026-05-29 12:21:46.326,2,1.75,,512000000
2026-05-29 12:21:46.318,2,1.97,,512000000
2026-05-29 12:21:46.253,2,1.91,,512000000
2026-05-29 12:21:46.249,3,2.06,,512000000
2026-05-29 12:21:46.247,2,1.72,,512000000
2026-05-29 12:21:46.233,3,2.07,,512000000
2026-05-29 12:21:46.210,2,1.98,,512000000
2026-05-29 12:21:46.203,6,5.62,,512000000
2026-05-29 12:21:46.188,2,1.63,,512000000
2026-05-29 12:21:46.186,2,1.77,,512000000
2026-05-29 12:21:46.184,3,2.04,,512000000
2026-05-29 12:21:46.173,3,2.59,,512000000
2026-05-29 12:21:46.171,2,1.57,,512000000
2026-05-29 12:21:46.162,2,1.69,,512000000
2026-05-29 12:21:46.156,3,2.08,,512000000
2026-05-29 12:21:46.150,3,2.21,,512000000
2026-05-29 12:21:46.148,2,1.73,,512000000
2026-05-29 12:21:46.143,3,2.12,,512000000
2026-05-29 12:21:46.110,2,1.84,,512000000
2026-05-29 12:21:46.105,2,1.75,,512000000
2026-05-29 12:21:46.096,6,5.43,,512000000
2026-05-29 12:21:46.087,2,1.76,,512000000
2026-05-29 12:21:46.073,4,3.6,,512000000
2026-05-29 12:21:46.059,3,2.33,,512000000
2026-05-29 12:21:46.053,3,2.21,,512000000
2026-05-29 12:21:46.049,3,2.14,,512000000
2026-05-29 12:21:46.042,2,1.65,,512000000
2026-05-29 12:21:46.033,2,1.9,,512000000
2026-05-29 12:21:46.029,2,1.95,,512000000
2026-05-29 12:21:46.021,3,2.24,,512000000
2026-05-29 12:21:46.017,2,1.97,,512000000
2026-05-29 12:21:46.010,2,1.72,,512000000
2026-05-29 12:21:45.981,3,2.33,,512000000
2026-05-29 12:21:45.945,3,2.37,,512000000
2026-05-29 12:21:45.944,3,2.01,,512000000
2026-05-29 12:21:45.919,17,16.83,,512000000
2026-05-29 12:21:45.916,4,3.13,,512000000
2026-05-29 12:21:45.900,2,1.9,,512000000
2026-05-29 12:21:45.890,2,1.83,,512000000
2026-05-29 12:21:45.839,2,1.67,,512000000
2026-05-29 12:21:45.822,19,18.12,,512000000
2026-05-29 12:21:45.814,2,1.78,,512000000
2026-05-29 12:21:45.811,2,1.85,,512000000
2026-05-29 12:21:45.787,4,3.55,,512000000
2026-05-29 12:21:45.785,2,1.63,,512000000
2026-05-29 12:21:45.784,3,2.06,,512000000
2026-05-29 12:21:45.783,4,3.64,,512000000
2026-05-29 12:21:45.783,3,2.23,,512000000
2026-05-29 12:21:45.755,6,5.66,,512000000
2026-05-29 12:21:45.752,2,1.79,,512000000
2026-05-29 12:21:45.752,2,1.82,,512000000
2026-05-29 12:21:45.731,5,4.62,,512000000
2026-05-29 12:21:45.726,3,2.22,,512000000
2026-05-29 12:21:45.719,2,1.72,,512000000
2026-05-29 12:21:45.704,20,19.08,,512000000
2026-05-29 12:21:45.682,2,1.69,,512000000
2026-05-29 12:21:45.672,7,6.33,,512000000
2026-05-29 12:21:45.662,2,1.79,,512000000
2026-05-29 12:21:45.656,3,2.02,,512000000
2026-05-29 12:21:45.643,2,1.83,,512000000
2026-05-29 12:21:45.640,2,1.72,,512000000
2026-05-29 12:21:45.635,2,1.82,,512000000
2026-05-29 12:21:45.628,2,1.97,,512000000
2026-05-29 12:21:45.623,4,3.55,,512000000
2026-05-29 12:21:45.610,8,7.61,,512000000
2026-05-29 12:21:45.606,2,1.75,,512000000
2026-05-29 12:21:45.605,2,1.96,,512000000
2026-05-29 12:21:45.604,19,18.45,,512000000
2026-05-29 12:21:45.585,2,1.78,,512000000
2026-05-29 12:21:45.583,3,2.13,,512000000
2026-05-29 12:21:45.582,2,1.81,,512000000
2026-05-29 12:21:45.535,3,2.13,,512000000
2026-05-29 12:21:45.523,6,5.86,,512000000
2026-05-29 12:21:45.518,2,1.81,,512000000
2026-05-29 12:21:45.505,3,2.02,,512000000
2026-05-29 12:21:45.500,2,1.91,,512000000
2026-05-29 12:21:45.487,3,2.11,,512000000
2026-05-29 12:21:45.481,3,2.18,,512000000
2026-05-29 12:21:45.467,2,1.99,,512000000
2026-05-29 12:21:45.463,2,1.97,,512000000
2026-05-29 12:21:45.462,2,1.93,,512000000
2026-05-29 12:21:45.461,4,3.96,,512000000
2026-05-29 12:21:45.456,2,1.92,,512000000
2026-05-29 12:21:45.453,2,1.72,,512000000
2026-05-29 12:21:45.419,3,2.33,,512000000
2026-05-29 12:21:45.407,3,2.04,,512000000
2026-05-29 12:21:45.404,2,1.95,,512000000
2026-05-29 12:21:45.386,2,1.87,,512000000
2026-05-29 12:21:45.386,2,1.7,,512000000
2026-05-29 12:21:45.381,3,2.29,,512000000
2026-05-29 12:21:45.373,2,1.86,,512000000
2026-05-29 12:21:45.371,2,1.89,,512000000
2026-05-29 12:21:45.356,3,2.9,,512000000
2026-05-29 12:21:45.351,3,2.14,,512000000
2026-05-29 12:21:45.345,2,1.7,,512000000
2026-05-29 12:21:45.338,3,2.43,,512000000
2026-05-29 12:21:45.334,2,1.65,,512000000
2026-05-29 12:21:45.322,5,4.27,,512000000
2026-05-29 12:21:45.320,2,1.75,,512000000
2026-05-29 12:21:45.319,3,2.08,,512000000
2026-05-29 12:21:45.319,2,1.66,,512000000
2026-05-29 12:21:45.311,2,1.7,,512000000
2026-05-29 12:21:45.309,2,1.91,,512000000
2026-05-29 12:21:45.305,17,16.4,,512000000
2026-05-29 12:21:45.285,2,1.8,,512000000
2026-05-29 12:21:45.279,2,1.7,,512000000
2026-05-29 12:21:45.255,2,1.67,,512000000
2026-05-29 12:21:45.253,2,1.83,,512000000
2026-05-29 12:21:45.237,3,2.16,,512000000
2026-05-29 12:21:45.201,3,2.65,,512000000
2026-05-29 12:21:45.192,2,1.78,,512000000
2026-05-29 12:21:45.159,2,1.78,,512000000
2026-05-29 12:21:45.157,3,2.62,,512000000
2026-05-29 12:21:45.154,2,1.67,,512000000
2026-05-29 12:21:45.143,2,1.7,,512000000
2026-05-29 12:21:45.136,3,2.02,,512000000
2026-05-29 12:21:45.136,20,19.05,,512000000
2026-05-29 12:21:45.121,2,1.63,,512000000
2026-05-29 12:21:45.117,2,1.61,,512000000
2026-05-29 12:21:45.069,3,2.15,,512000000
2026-05-29 12:21:45.048,2,1.91,,512000000
2026-05-29 12:21:45.007,3,2.13,,512000000
2026-05-29 12:21:45.006,2,1.75,,512000000
2026-05-29 12:21:44.996,2,1.86,,512000000
2026-05-29 12:21:44.986,2,1.99,,512000000
2026-05-29 12:21:44.918,2,1.88,,512000000
2026-05-29 12:21:44.915,2,1.84,,512000000
2026-05-29 12:21:44.903,7,6.95,,512000000
2026-05-29 12:21:44.892,7,6.59,,512000000
2026-05-29 12:21:44.889,2,1.8,,512000000
2026-05-29 12:21:44.879,2,1.74,,512000000
2026-05-29 12:21:44.875,3,2.29,,512000000
2026-05-29 12:21:44.864,2,1.74,,512000000
2026-05-29 12:21:44.859,3,2,,512000000
2026-05-29 12:21:44.853,3,2.19,,512000000
2026-05-29 12:21:44.840,2,1.91,,512000000
2026-05-29 12:21:44.815,2,1.85,,512000000
2026-05-29 12:21:44.813,2,1.72,,512000000
2026-05-29 12:21:44.795,2,1.89,,512000000
2026-05-29 12:21:44.791,2,1.82,,512000000
2026-05-29 12:21:44.787,2,1.59,,512000000
2026-05-29 12:21:44.780,2,1.72,,512000000
2026-05-29 12:21:44.775,2,1.82,,512000000
2026-05-29 12:21:44.751,8,7.63,,512000000
2026-05-29 12:21:44.751,2,1.81,,512000000
2026-05-29 12:21:44.744,8,7.89,,512000000
2026-05-29 12:21:44.732,2,1.73,,512000000
2026-05-29 12:21:44.731,2,1.8,,512000000
2026-05-29 12:21:44.728,3,2.01,,512000000
2026-05-29 12:21:44.717,2,1.86,,512000000
2026-05-29 12:21:44.709,3,2.05,,512000000
2026-05-29 12:21:44.670,2,1.66,,512000000
2026-05-29 12:21:44.644,2,1.85,,512000000
2026-05-29 12:21:44.627,3,2.05,,512000000
2026-05-29 12:21:44.625,2,1.95,,512000000
2026-05-29 12:21:44.592,2,1.85,,512000000
2026-05-29 12:21:44.585,2,1.79,,512000000
2026-05-29 12:21:44.582,2,1.68,,512000000
2026-05-29 12:21:44.570,2,1.72,,512000000
2026-05-29 12:21:44.551,2,1.92,,512000000
2026-05-29 12:21:44.544,2,1.74,,512000000
2026-05-29 12:21:44.538,2,1.71,,512000000
2026-05-29 12:21:44.525,2,1.65,,512000000
2026-05-29 12:21:44.522,3,2.18,,512000000
2026-05-29 12:21:44.512,5,4.59,,512000000
2026-05-29 12:21:44.507,2,1.9,,512000000
2026-05-29 12:21:44.507,2,1.79,,512000000
2026-05-29 12:21:44.479,2,1.69,,512000000
2026-05-29 12:21:44.404,8,7.39,,512000000
2026-05-29 12:21:44.400,2,1.74,,512000000
2026-05-29 12:21:44.399,2,1.9,,512000000
2026-05-29 12:21:44.396,2,1.73,,512000000
2026-05-29 12:21:44.396,2,1.98,,512000000
2026-05-29 12:21:44.388,3,2.14,,512000000
2026-05-29 12:21:44.387,2,1.76,,512000000
2026-05-29 12:21:44.382,2,1.8,,512000000
2026-05-29 12:21:44.377,2,1.68,,512000000
2026-05-29 12:21:44.344,2,1.57,,512000000
2026-05-29 12:21:44.338,2,1.95,,512000000
2026-05-29 12:21:44.301,2,1.73,,512000000
2026-05-29 12:21:44.283,2,1.64,,512000000
2026-05-29 12:21:44.276,2,1.73,,512000000
2026-05-29 12:21:44.264,2,1.67,,512000000
2026-05-29 12:21:44.254,2,1.86,,512000000
2026-05-29 12:21:44.253,2,1.69,,512000000
2026-05-29 12:21:44.250,3,2.27,,512000000
2026-05-29 12:21:44.242,2,1.92,,512000000
2026-05-29 12:21:44.218,2,1.76,,512000000
2026-05-29 12:21:44.199,2,1.87,,512000000
2026-05-29 12:21:44.194,2,1.8,,512000000
2026-05-29 12:21:44.186,2,1.77,,512000000
2026-05-29 12:21:44.181,7,6.81,,512000000
2026-05-29 12:21:44.162,11,10.56,,512000000
2026-05-29 12:21:44.148,3,2,,512000000
2026-05-29 12:21:44.144,2,1.81,,512000000
2026-05-29 12:21:44.141,2,1.8,,512000000
2026-05-29 12:21:44.138,3,2.16,,512000000
2026-05-29 12:21:44.132,2,1.94,,512000000
2026-05-29 12:21:44.114,2,1.79,,512000000
2026-05-29 12:21:44.104,3,2.12,,512000000
2026-05-29 12:21:44.092,2,1.99,,512000000
2026-05-29 12:21:44.080,2,1.94,,512000000
2026-05-29 12:21:44.053,3,2.03,,512000000
2026-05-29 12:21:44.048,2,1.76,,512000000
2026-05-29 12:21:44.043,11,10.14,,512000000
2026-05-29 12:21:44.043,2,1.95,,512000000
2026-05-29 12:21:44.030,2,1.72,,512000000
2026-05-29 12:21:44.024,6,5.85,,512000000
2026-05-29 12:21:44.014,2,1.73,,512000000
2026-05-29 12:21:44.011,2,1.83,,512000000
2026-05-29 12:21:44.011,2,2,,512000000
2026-05-29 12:21:44.010,3,2.08,,512000000
2026-05-29 12:21:44.009,2,1.76,,512000000
2026-05-29 12:21:43.984,11,10.56,,512000000
2026-05-29 12:21:43.981,2,1.67,,512000000
2026-05-29 12:21:43.965,3,2.09,,512000000
2026-05-29 12:21:43.964,11,10.02,,512000000
2026-05-29 12:21:43.955,12,11.16,,512000000
2026-05-29 12:21:43.953,2,1.94,,512000000
2026-05-29 12:21:43.951,2,1.68,,512000000
2026-05-29 12:21:43.947,2,1.82,,512000000
2026-05-29 12:21:43.940,2,1.81,,512000000
2026-05-29 12:21:43.935,9,8.07,,512000000
2026-05-29 12:21:43.929,2,1.71,,512000000
2026-05-29 12:21:43.917,2,1.96,,512000000
2026-05-29 12:21:43.913,2,1.93,,512000000
2026-05-29 12:21:43.898,2,1.73,,512000000
2026-05-29 12:21:43.893,2,1.5,,512000000
2026-05-29 12:21:43.886,2,1.68,,512000000
2026-05-29 12:21:43.879,2,1.92,,512000000
2026-05-29 12:21:43.866,2,1.97,,512000000
2026-05-29 12:21:43.824,2,1.82,,512000000
2026-05-29 12:21:43.803,5,4.56,,512000000
2026-05-29 12:21:43.789,2,1.94,,512000000
2026-05-29 12:21:43.787,4,3.72,,512000000
2026-05-29 12:21:43.767,2,1.84,,512000000
2026-05-29 12:21:43.755,59,58.38,,512000000
2026-05-29 12:21:43.720,2,1.91,,512000000
2026-05-29 12:21:43.697,2,1.84,,512000000
2026-05-29 12:21:43.694,10,9.47,,512000000
2026-05-29 12:21:43.692,2,1.75,,512000000
2026-05-29 12:21:43.677,2,1.88,,512000000
2026-05-29 12:21:43.674,2,1.96,,512000000
2026-05-29 12:21:43.657,2,1.75,,512000000
2026-05-29 12:21:43.629,3,2,,512000000
2026-05-29 12:21:43.629,2,1.77,,512000000
2026-05-29 12:21:43.625,37,36.54,,512000000
2026-05-29 12:21:43.597,3,2.06,,512000000
2026-05-29 12:21:43.584,2,1.74,,512000000
2026-05-29 12:21:43.584,2,2,,512000000
2026-05-29 12:21:43.579,3,2.08,,512000000
2026-05-29 12:21:43.576,2,1.8,,512000000
2026-05-29 12:21:43.564,2,1.6,,512000000
2026-05-29 12:21:43.559,2,1.8,,512000000
2026-05-29 12:21:43.542,2,1.75,,512000000
2026-05-29 12:21:43.539,2,1.71,,512000000
2026-05-29 12:21:43.537,2,1.79,,512000000
2026-05-29 12:21:43.500,2,1.92,,512000000
2026-05-29 12:21:43.471,2,1.75,,512000000
2026-05-29 12:21:43.457,2,1.85,,512000000
2026-05-29 12:21:43.455,2,1.87,,512000000
2026-05-29 12:21:43.452,4,3.19,,512000000
2026-05-29 12:21:43.440,2,2,,512000000
2026-05-29 12:21:43.437,2,1.74,,512000000
2026-05-29 12:21:43.433,2,1.89,,512000000
2026-05-29 12:21:43.408,2,1.92,,512000000
2026-05-29 12:21:43.406,3,2.17,,512000000
2026-05-29 12:21:43.405,2,1.96,,512000000
2026-05-29 12:21:43.403,2,1.83,,512000000
2026-05-29 12:21:43.400,2,1.7,,512000000
2026-05-29 12:21:43.383,2,1.85,,512000000
2026-05-29 12:21:43.374,2,1.69,,512000000
2026-05-29 12:21:43.360,2,1.87,,512000000
2026-05-29 12:21:43.352,3,2.01,,512000000
2026-05-29 12:21:43.341,2,1.75,,512000000
2026-05-29 12:21:43.313,2,1.8,,512000000
2026-05-29 12:21:43.301,3,2.33,,512000000
2026-05-29 12:21:43.294,2,1.95,,512000000
2026-05-29 12:21:43.250,2,1.73,,512000000
2026-05-29 12:21:43.231,12,11.55,,512000000
2026-05-29 12:21:43.230,2,1.72,,512000000
2026-05-29 12:21:43.216,2,1.7,,512000000
2026-05-29 12:21:43.212,2,1.9,,512000000
2026-05-29 12:21:43.198,2,1.89,,512000000
2026-05-29 12:21:43.192,2,1.86,,512000000
2026-05-29 12:21:43.188,5,4.48,,512000000
2026-05-29 12:21:43.183,2,1.82,,512000000
2026-05-29 12:21:43.181,3,2.16,,512000000
2026-05-29 12:21:43.170,2,1.78,,512000000
2026-05-29 12:21:43.153,2,1.62,,512000000
2026-05-29 12:21:43.130,2,1.75,,512000000
2026-05-29 12:21:43.117,2,1.76,,512000000
2026-05-29 12:21:43.114,3,2.05,,512000000
2026-05-29 12:21:43.096,2,1.77,,512000000
2026-05-29 12:21:43.066,3,2.03,,512000000
2026-05-29 12:21:43.041,3,2.03,,512000000
2026-05-29 12:21:43.017,9,8.9,,512000000
2026-05-29 12:21:43.002,2,1.94,,512000000
2026-05-29 12:21:42.999,2,1.73,,512000000
2026-05-29 12:21:42.998,2,1.95,,512000000
2026-05-29 12:21:42.998,2,1.75,,512000000
2026-05-29 12:21:42.969,2,1.98,,512000000
2026-05-29 12:21:42.912,2,1.64,,512000000
2026-05-29 12:21:42.907,3,2.01,,512000000
2026-05-29 12:21:42.905,2,1.87,,512000000
2026-05-29 12:21:42.904,2,1.99,,512000000
2026-05-29 12:21:42.902,2,1.78,,512000000
2026-05-29 12:21:42.892,3,2.15,,512000000
2026-05-29 12:21:42.888,2,1.89,,512000000
2026-05-29 12:21:42.886,3,2.01,,512000000
2026-05-29 12:21:42.883,2,1.7,,512000000
2026-05-29 12:21:42.873,2,1.95,,512000000
2026-05-29 12:21:42.837,2,1.6,,512000000
2026-05-29 12:21:42.836,2,1.78,,512000000
2026-05-29 12:21:42.835,2,1.8,,512000000
2026-05-29 12:21:42.824,2,1.73,,512000000
2026-05-29 12:21:42.820,2,1.79,,512000000
2026-05-29 12:21:42.804,2,1.95,,512000000
2026-05-29 12:21:42.793,2,1.91,,512000000
2026-05-29 12:21:42.792,2,1.8,,512000000
2026-05-29 12:21:42.775,2,1.81,,512000000
2026-05-29 12:21:42.764,2,1.99,,512000000
2026-05-29 12:21:42.757,3,2.1,,512000000
2026-05-29 12:21:42.747,2,1.93,,512000000
2026-05-29 12:21:42.739,2,1.58,,512000000
2026-05-29 12:21:42.723,2,1.83,,512000000
2026-05-29 12:21:42.702,4,3.14,,512000000
2026-05-29 12:21:42.688,2,1.74,,512000000
2026-05-29 12:21:42.682,2,1.7,,512000000
2026-05-29 12:21:42.666,3,2.17,,512000000
2026-05-29 12:21:42.665,2,1.74,,512000000
2026-05-29 12:21:42.663,10,9.66,,512000000
2026-05-29 12:21:42.643,3,2.12,,512000000
2026-05-29 12:21:42.617,3,2.14,,512000000
2026-05-29 12:21:42.616,4,3.78,,512000000
2026-05-29 12:21:42.614,2,1.74,,512000000
2026-05-29 12:21:42.613,3,2.02,,512000000
2026-05-29 12:21:42.604,2,1.82,,512000000
2026-05-29 12:21:42.600,2,1.79,,512000000
2026-05-29 12:21:42.588,3,2.07,,512000000
2026-05-29 12:21:42.536,3,2.02,,512000000
2026-05-29 12:21:42.532,3,2.15,,512000000
2026-05-29 12:21:42.516,18,17.35,,512000000
2026-05-29 12:21:42.509,2,1.78,,512000000
2026-05-29 12:21:42.448,2,1.9,,512000000
2026-05-29 12:21:42.435,2,1.79,,512000000
2026-05-29 12:21:42.434,2,1.66,,512000000
2026-05-29 12:21:42.408,2,1.73,,512000000
2026-05-29 12:21:42.406,2,1.67,,512000000
2026-05-29 12:21:42.399,2,1.91,,512000000
2026-05-29 12:21:42.397,7,6.32,,512000000
2026-05-29 12:21:42.395,2,1.82,,512000000
2026-05-29 12:21:42.393,2,1.71,,512000000
2026-05-29 12:21:42.390,2,1.79,,512000000
2026-05-29 12:21:42.385,2,1.78,,512000000
2026-05-29 12:21:42.373,2,1.67,,512000000
2026-05-29 12:21:42.356,10,9.65,,512000000
2026-05-29 12:21:42.339,2,1.93,,512000000
2026-05-29 12:21:42.338,2,1.77,,512000000
2026-05-29 12:21:42.320,2,1.73,,512000000
2026-05-29 12:21:42.320,2,1.78,,512000000
2026-05-29 12:21:42.310,2,1.97,,512000000
2026-05-29 12:21:42.291,7,6.7,,512000000
2026-05-29 12:21:42.282,2,1.72,,512000000
2026-05-29 12:21:42.282,2,1.79,,512000000
2026-05-29 12:21:42.281,2,1.75,,512000000
2026-05-29 12:21:42.281,2,1.85,,512000000
2026-05-29 12:21:42.276,2,1.9,,512000000
2026-05-29 12:21:42.268,2,1.91,,512000000
2026-05-29 12:21:42.245,2,1.63,,512000000
2026-05-29 12:21:42.242,2,1.89,,512000000
2026-05-29 12:21:42.236,2,1.75,,512000000
2026-05-29 12:21:42.230,2,1.75,,512000000
2026-05-29 12:21:42.222,3,2.04,,512000000
2026-05-29 12:21:42.215,2,1.76,,512000000
2026-05-29 12:21:42.211,2,1.87,,512000000
2026-05-29 12:21:42.180,2,1.68,,512000000
2026-05-29 12:21:42.179,2,1.92,,512000000
2026-05-29 12:21:42.175,2,1.79,,512000000
2026-05-29 12:21:42.171,8,7.32,,512000000
2026-05-29 12:21:42.156,2,1.79,,512000000
2026-05-29 12:21:42.155,2,1.85,,512000000
2026-05-29 12:21:42.140,2,1.98,,512000000
2026-05-29 12:21:42.136,3,2.03,,512000000
2026-05-29 12:21:42.120,2,1.77,,512000000
2026-05-29 12:21:42.109,2,1.75,,512000000
2026-05-29 12:21:42.099,6,5.24,,512000000
2026-05-29 12:21:42.089,2,1.7,,512000000
2026-05-29 12:21:42.079,2,1.69,,512000000
2026-05-29 12:21:42.076,2,1.65,,512000000
2026-05-29 12:21:42.065,3,2.66,,512000000
2026-05-29 12:21:42.056,2,1.83,,512000000
2026-05-29 12:21:42.055,2,1.94,,512000000
2026-05-29 12:21:42.053,2,1.82,,512000000
2026-05-29 12:21:42.052,2,1.7,,512000000
2026-05-29 12:21:42.047,3,2.19,,512000000
2026-05-29 12:21:42.031,2,1.97,,512000000
2026-05-29 12:21:42.018,11,10.06,,512000000
2026-05-29 12:21:42.009,2,1.9,,512000000
2026-05-29 12:21:41.995,2,1.92,,512000000
2026-05-29 12:21:41.990,2,1.74,,512000000
2026-05-29 12:21:41.974,2,1.91,,512000000
2026-05-29 12:21:41.972,2,1.68,,512000000
2026-05-29 12:21:41.938,2,1.75,,512000000
2026-05-29 12:21:41.919,6,5.35,,512000000
2026-05-29 12:21:41.905,2,1.79,,512000000
2026-05-29 12:21:41.897,3,2,,512000000
2026-05-29 12:21:41.868,2,1.82,,512000000
2026-05-29 12:21:41.864,5,4.43,,512000000
2026-05-29 12:21:41.862,2,1.83,,512000000
2026-05-29 12:21:41.843,2,1.96,,512000000
2026-05-29 12:21:41.835,2,1.76,,512000000
2026-05-29 12:21:41.835,5,4.47,,512000000
2026-05-29 12:21:41.816,2,1.95,,512000000
2026-05-29 12:21:41.812,6,5.78,,512000000
2026-05-29 12:21:41.800,2,1.81,,512000000
2026-05-29 12:21:41.785,2,1.67,,512000000
2026-05-29 12:21:41.759,2,2,,512000000
2026-05-29 12:21:41.753,2,1.79,,512000000
2026-05-29 12:21:41.743,2,1.75,,512000000
2026-05-29 12:21:41.738,2,1.85,,512000000
2026-05-29 12:21:41.737,2,1.87,,512000000
2026-05-29 12:21:41.707,3,2.05,,512000000
2026-05-29 12:21:41.703,3,2,,512000000
2026-05-29 12:21:41.702,3,2.23,,512000000
2026-05-29 12:21:41.690,2,1.73,,512000000
2026-05-29 12:21:41.673,2,1.86,,512000000
2026-05-29 12:21:41.633,2,1.8,,512000000
2026-05-29 12:21:41.620,2,1.96,,512000000
2026-05-29 12:21:41.600,3,2.07,,512000000
2026-05-29 12:21:41.567,2,1.9,,512000000
2026-05-29 12:21:41.555,2,1.61,,512000000
2026-05-29 12:21:41.543,2,1.66,,512000000
2026-05-29 12:21:41.534,3,2.08,,512000000
2026-05-29 12:21:41.531,2,1.41,,512000000
2026-05-29 12:21:41.526,2,1.64,,512000000
2026-05-29 12:21:41.521,3,2.26,,512000000
2026-05-29 12:21:41.515,2,1.64,,512000000
2026-05-29 12:21:41.509,3,2.06,,512000000
2026-05-29 12:21:41.494,3,2.17,,512000000
2026-05-29 12:21:41.465,2,1.84,,512000000
2026-05-29 12:21:41.449,2,1.82,,512000000
2026-05-29 12:21:41.433,2,1.94,,512000000
2026-05-29 12:21:41.428,2,1.95,,512000000
2026-05-29 12:21:41.412,2,1.81,,512000000
2026-05-29 12:21:41.407,2,1.92,,512000000
2026-05-29 12:21:41.385,2,1.86,,512000000
2026-05-29 12:21:41.381,2,1.77,,512000000
2026-05-29 12:21:41.369,3,2,,512000000
2026-05-29 12:21:41.347,2,1.83,,512000000
2026-05-29 12:21:41.336,3,2.06,,512000000
2026-05-29 12:21:41.276,3,2.12,,512000000
2026-05-29 12:21:41.273,3,2.01,,512000000
2026-05-29 12:21:41.270,2,1.71,,512000000
2026-05-29 12:21:41.269,2,1.71,,512000000
2026-05-29 12:21:41.261,2,1.93,,512000000
2026-05-29 12:21:41.234,2,1.74,,512000000
2026-05-29 12:21:41.218,2,1.93,,512000000
2026-05-29 12:21:41.205,2,1.8,,512000000
2026-05-29 12:21:41.202,2,1.53,,512000000
2026-05-29 12:21:41.200,2,1.75,,512000000
2026-05-29 12:21:41.199,2,1.96,,512000000
2026-05-29 12:21:41.193,2,1.64,,512000000
2026-05-29 12:21:41.181,7,6.81,,512000000
2026-05-29 12:21:41.173,2,1.8,,512000000
2026-05-29 12:21:41.135,2,1.62,,512000000
2026-05-29 12:21:41.135,18,17.41,,512000000
2026-05-29 12:21:41.131,2,1.52,,512000000
2026-05-29 12:21:41.127,2,1.7,,512000000
2026-05-29 12:21:41.125,2,1.89,,512000000
2026-05-29 12:21:41.118,2,1.57,,512000000
2026-05-29 12:21:41.116,2,1.63,,512000000
2026-05-29 12:21:41.105,2,1.65,,512000000
2026-05-29 12:21:41.085,2,1.61,,512000000
2026-05-29 12:21:41.069,2,1.74,,512000000
2026-05-29 12:21:41.062,4,3.03,,512000000
2026-05-29 12:21:41.062,2,1.98,,512000000
2026-05-29 12:21:41.053,2,1.82,,512000000
2026-05-29 12:21:40.993,4,3.53,,512000000
2026-05-29 12:21:40.990,2,1.95,,512000000
2026-05-29 12:21:40.985,3,2.1,,512000000
2026-05-29 12:21:40.968,2,1.82,,512000000
2026-05-29 12:21:40.960,3,2.08,,512000000
2026-05-29 12:21:40.937,3,2.33,,512000000
2026-05-29 12:21:40.904,2,1.95,,512000000
2026-05-29 12:21:40.888,3,2.19,,512000000
2026-05-29 12:21:40.879,3,2.02,,512000000
2026-05-29 12:21:40.874,3,2.19,,512000000
2026-05-29 12:21:40.871,2,1.92,,512000000
2026-05-29 12:21:40.856,12,11.26,,512000000
2026-05-29 12:21:40.837,4,3.3,,512000000
2026-05-29 12:21:40.833,3,2.41,,512000000
2026-05-29 12:21:40.827,3,2.44,,512000000
2026-05-29 12:21:40.820,3,2.05,,512000000
2026-05-29 12:21:40.810,3,2.01,,512000000
2026-05-29 12:21:40.805,38,37.73,,512000000
2026-05-29 12:21:40.797,2,1.93,,512000000
2026-05-29 12:21:40.797,3,2.72,,512000000
2026-05-29 12:21:40.773,2,1.7,,512000000
2026-05-29 12:21:40.770,2,1.62,,512000000
2026-05-29 12:21:40.743,2,1.92,,512000000
2026-05-29 12:21:40.740,2,1.48,,512000000
2026-05-29 12:21:40.737,25,24.96,,512000000
2026-05-29 12:21:40.729,2,1.71,,512000000
2026-05-29 12:21:40.708,2,1.92,,512000000
2026-05-29 12:21:40.703,2,1.75,,512000000
2026-05-29 12:21:40.702,4,3.85,,512000000
2026-05-29 12:21:40.701,2,1.96,,512000000
2026-05-29 12:21:40.697,2,1.83,,512000000
2026-05-29 12:21:40.692,2,1.81,,512000000
2026-05-29 12:21:40.684,2,1.7,,512000000
2026-05-29 12:21:40.677,2,1.96,,512000000
2026-05-29 12:21:40.677,20,19.41,,512000000
2026-05-29 12:21:40.668,2,1.62,,512000000
2026-05-29 12:21:40.667,3,2.09,,512000000
2026-05-29 12:21:40.661,2,1.9,,512000000
2026-05-29 12:21:40.645,2,1.74,,512000000
2026-05-29 12:21:40.635,5,4.03,,512000000
2026-05-29 12:21:40.629,2,1.88,,512000000
2026-05-29 12:21:40.616,2,1.91,,512000000
2026-05-29 12:21:40.616,2,1.97,,512000000
2026-05-29 12:21:40.613,2,1.85,,512000000
2026-05-29 12:21:40.607,3,2.02,,512000000
2026-05-29 12:21:40.603,2,1.85,,512000000
2026-05-29 12:21:40.585,3,2.14,,512000000
2026-05-29 12:21:40.584,2,1.77,,512000000
2026-05-29 12:21:40.569,2,1.96,,512000000
2026-05-29 12:21:40.553,2,1.82,,512000000
2026-05-29 12:21:40.517,3,2,,512000000
2026-05-29 12:21:40.513,2,1.84,,512000000
2026-05-29 12:21:40.492,3,2.09,,512000000
2026-05-29 12:21:40.485,3,2.28,,512000000
2026-05-29 12:21:40.483,4,3.62,,512000000
2026-05-29 12:21:40.481,2,1.82,,512000000
2026-05-29 12:21:40.477,3,2.15,,512000000
2026-05-29 12:21:40.473,2,1.94,,512000000
2026-05-29 12:21:40.464,5,4.96,,512000000
2026-05-29 12:21:40.452,11,10.95,,512000000
2026-05-29 12:21:40.435,2,1.67,,512000000
2026-05-29 12:21:40.419,2,1.58,,512000000
2026-05-29 12:21:40.415,3,2.01,,512000000
2026-05-29 12:21:40.393,2,1.6,,512000000
2026-05-29 12:21:40.392,2,1.59,,512000000
2026-05-29 12:21:40.388,2,1.92,,512000000
2026-05-29 12:21:40.377,2,1.46,,512000000
2026-05-29 12:21:40.370,2,1.78,,512000000
2026-05-29 12:21:40.370,2,1.98,,512000000
2026-05-29 12:21:40.364,2,1.72,,512000000
2026-05-29 12:21:40.357,3,2.02,,512000000
2026-05-29 12:21:40.351,2,2,,512000000
2026-05-29 12:21:40.351,3,2.82,,512000000
2026-05-29 12:21:40.338,2,1.65,,512000000
2026-05-29 12:21:40.324,2,1.61,,512000000
2026-05-29 12:21:40.315,44,43.04,,512000000
2026-05-29 12:21:40.299,2,1.79,,512000000
2026-05-29 12:21:40.295,3,2.53,,512000000
2026-05-29 12:21:40.290,2,1.95,,512000000
2026-05-29 12:21:40.250,2,1.65,,512000000
2026-05-29 12:21:40.219,2,1.96,,512000000
2026-05-29 12:21:40.217,6,5.81,,512000000
2026-05-29 12:21:40.210,3,2.39,,512000000
2026-05-29 12:21:40.202,2,1.89,,512000000
2026-05-29 12:21:40.184,3,2.29,,512000000
2026-05-29 12:21:40.180,2,1.87,,512000000
2026-05-29 12:21:40.177,2,1.93,,512000000
2026-05-29 12:21:40.168,2,1.73,,512000000
2026-05-29 12:21:40.167,2,1.74,,512000000
2026-05-29 12:21:40.147,3,2.22,,512000000
2026-05-29 12:21:40.144,14,13.2,,512000000
2026-05-29 12:21:40.106,2,1.67,,512000000
2026-05-29 12:21:40.091,3,2.54,,512000000
2026-05-29 12:21:40.083,2,1.6,,512000000
2026-05-29 12:21:40.069,2,1.81,,512000000
2026-05-29 12:21:40.037,2,1.84,,512000000
2026-05-29 12:21:40.019,2,1.77,,512000000
2026-05-29 12:21:40.003,2,1.72,,512000000
2026-05-29 12:21:39.977,2,1.77,,512000000
2026-05-29 12:21:39.958,2,1.76,,512000000
2026-05-29 12:21:39.958,2,1.96,,512000000
2026-05-29 12:21:39.930,7,6.31,,512000000
2026-05-29 12:21:39.930,2,1.89,,512000000
2026-05-29 12:21:39.927,2,1.73,,512000000
2026-05-29 12:21:39.925,22,21.89,,512000000
2026-05-29 12:21:39.921,2,1.87,,512000000
2026-05-29 12:21:39.916,3,2.05,,512000000
2026-05-29 12:21:39.911,2,1.71,,512000000
2026-05-29 12:21:39.891,3,2.7,,512000000
2026-05-29 12:21:39.869,2,1.85,,512000000
2026-05-29 12:21:39.860,2,1.75,,512000000
2026-05-29 12:21:39.832,16,15.82,,512000000
2026-05-29 12:21:39.817,2,1.78,,512000000
2026-05-29 12:21:39.808,2,1.82,,512000000
2026-05-29 12:21:39.806,2,1.91,,512000000
2026-05-29 12:21:39.802,3,2.14,,512000000
2026-05-29 12:21:39.799,2,1.81,,512000000
2026-05-29 12:21:39.787,2,1.71,,512000000
2026-05-29 12:21:39.751,3,2.1,,512000000
2026-05-29 12:21:39.742,2,1.85,,512000000
2026-05-29 12:21:39.739,2,1.88,,512000000
2026-05-29 12:21:39.736,2,1.89,,512000000
2026-05-29 12:21:39.723,3,2.01,,512000000
2026-05-29 12:21:39.706,2,1.88,,512000000
2026-05-29 12:21:39.697,2,1.71,,512000000
2026-05-29 12:21:39.697,2,1.86,,512000000
2026-05-29 12:21:39.684,3,2.12,,512000000
2026-05-29 12:21:39.659,2,1.96,,512000000
2026-05-29 12:21:39.654,2,1.68,,512000000
2026-05-29 12:21:39.637,3,2.09,,512000000
2026-05-29 12:21:39.635,2,1.77,,512000000
2026-05-29 12:21:39.609,3,2.05,,512000000
2026-05-29 12:21:39.607,3,2.14,,512000000
2026-05-29 12:21:39.575,9,8.26,,512000000
2026-05-29 12:21:39.575,2,1.98,,512000000
2026-05-29 12:21:39.574,3,2.31,,512000000
2026-05-29 12:21:39.572,5,4.23,,512000000
2026-05-29 12:21:39.556,3,2.07,,512000000
2026-05-29 12:21:39.552,4,3.94,,512000000
2026-05-29 12:21:39.543,2,1.67,,512000000
2026-05-29 12:21:39.543,6,5.25,,512000000
2026-05-29 12:21:39.541,2,1.76,,512000000
2026-05-29 12:21:39.525,2,1.88,,512000000
2026-05-29 12:21:39.511,2,1.75,,512000000
2026-05-29 12:21:39.503,2,1.88,,512000000
2026-05-29 12:21:39.454,3,2.55,,512000000
2026-05-29 12:21:39.448,3,2.44,,512000000
2026-05-29 12:21:39.430,2,1.96,,512000000
2026-05-29 12:21:39.420,2,1.88,,512000000
2026-05-29 12:21:39.418,3,2.25,,512000000
2026-05-29 12:21:39.414,2,1.74,,512000000
2026-05-29 12:21:39.395,2,1.61,,512000000
2026-05-29 12:21:39.367,2,1.73,,512000000
2026-05-29 12:21:39.366,2,1.82,,512000000
2026-05-29 12:21:39.325,2,1.88,,512000000
2026-05-29 12:21:39.302,2,1.81,,512000000
2026-05-29 12:21:39.301,2,1.92,,512000000
2026-05-29 12:21:39.294,2,1.79,,512000000
2026-05-29 12:21:39.289,3,2.11,,512000000
2026-05-29 12:21:39.248,2,1.88,,512000000
2026-05-29 12:21:39.247,2,1.74,,512000000
2026-05-29 12:21:39.244,22,21.57,,512000000
2026-05-29 12:21:39.221,2,1.89,,512000000
2026-05-29 12:21:39.204,2,1.84,,512000000
2026-05-29 12:21:39.204,2,1.87,,512000000
2026-05-29 12:21:39.197,4,3.03,,512000000
2026-05-29 12:21:39.183,2,1.77,,512000000
2026-05-29 12:21:39.177,2,1.7,,512000000
2026-05-29 12:21:39.176,3,2.38,,512000000
2026-05-29 12:21:39.171,2,1.72,,512000000
2026-05-29 12:21:39.160,2,1.85,,512000000
2026-05-29 12:21:39.141,2,1.75,,512000000
2026-05-29 12:21:39.138,2,1.78,,512000000
2026-05-29 12:21:39.138,2,1.89,,512000000
2026-05-29 12:21:39.116,2,1.86,,512000000
2026-05-29 12:21:39.112,3,2.96,,512000000
2026-05-29 12:21:39.099,2,1.74,,512000000
2026-05-29 12:21:39.099,2,1.88,,512000000
2026-05-29 12:21:39.089,2,1.88,,512000000
2026-05-29 12:21:39.074,2,1.76,,512000000
2026-05-29 12:21:39.070,2,1.68,,512000000
2026-05-29 12:21:39.062,2,1.8,,512000000
2026-05-29 12:21:39.060,2,1.92,,512000000
2026-05-29 12:21:39.057,3,2.01,,512000000
2026-05-29 12:21:39.050,2,1.84,,512000000
2026-05-29 12:21:39.017,3,2.16,,512000000
2026-05-29 12:21:39.017,2,1.79,,512000000
2026-05-29 12:21:38.999,2,1.83,,512000000
2026-05-29 12:21:38.991,2,1.98,,512000000
2026-05-29 12:21:38.989,2,1.83,,512000000
2026-05-29 12:21:38.980,2,1.69,,512000000
2026-05-29 12:21:38.966,2,1.79,,512000000
2026-05-29 12:21:38.960,3,2.02,,512000000
2026-05-29 12:21:38.954,2,1.77,,512000000
2026-05-29 12:21:38.934,2,1.8,,512000000
2026-05-29 12:21:38.933,3,2.04,,512000000
2026-05-29 12:21:38.916,57,56.61,,512000000
2026-05-29 12:21:38.910,2,1.6,,512000000
2026-05-29 12:21:38.904,3,2.11,,512000000
2026-05-29 12:21:38.894,2,1.64,,512000000
2026-05-29 12:21:38.888,2,1.92,,512000000
2026-05-29 12:21:38.874,2,1.84,,512000000
2026-05-29 12:21:38.873,3,2.07,,512000000
2026-05-29 12:21:38.871,40,39.62,,512000000
2026-05-29 12:21:38.860,2,1.84,,512000000
2026-05-29 12:21:38.859,2,1.85,,512000000
2026-05-29 12:21:38.840,4,3.78,,512000000
2026-05-29 12:21:38.829,2,1.92,,512000000
2026-05-29 12:21:38.823,2,1.79,,512000000
2026-05-29 12:21:38.822,2,1.89,,512000000
2026-05-29 12:21:38.821,3,2.08,,512000000
2026-05-29 12:21:38.818,3,2.38,,512000000
2026-05-29 12:21:38.816,3,2.03,,512000000
2026-05-29 12:21:38.814,2,1.64,,512000000
2026-05-29 12:21:38.786,2,1.65,,512000000
2026-05-29 12:21:38.765,2,1.67,,512000000
2026-05-29 12:21:38.763,2,1.65,,512000000
2026-05-29 12:21:38.734,2,1.78,,512000000
2026-05-29 12:21:38.729,2,1.89,,512000000
2026-05-29 12:21:38.719,2,1.77,,512000000
2026-05-29 12:21:38.717,2,1.87,,512000000
2026-05-29 12:21:38.717,2,1.83,,512000000
2026-05-29 12:21:38.716,2,1.99,,512000000
2026-05-29 12:21:38.712,3,2.49,,512000000
2026-05-29 12:21:38.700,2,1.67,,512000000
2026-05-29 12:21:38.694,3,2.1,,512000000
2026-05-29 12:21:38.635,3,2.07,,512000000
2026-05-29 12:21:38.610,5,4.09,,512000000
2026-05-29 12:21:38.547,3,2.5,,512000000
2026-05-29 12:21:38.542,2,1.69,,512000000
2026-05-29 12:21:38.535,2,1.96,,512000000
2026-05-29 12:21:38.524,2,1.69,,512000000
2026-05-29 12:21:38.524,7,6.48,,512000000
2026-05-29 12:21:38.511,2,1.93,,512000000
2026-05-29 12:21:38.507,2,1.83,,512000000
2026-05-29 12:21:38.507,2,1.77,,512000000
2026-05-29 12:21:38.494,3,2.07,,512000000
2026-05-29 12:21:38.481,2,1.65,,512000000
2026-05-29 12:21:38.463,2,1.76,,512000000
2026-05-29 12:21:38.433,2,1.53,,512000000
2026-05-29 12:21:38.421,2,1.62,,512000000
2026-05-29 12:21:38.405,2,1.81,,512000000
2026-05-29 12:21:38.405,2,1.73,,512000000
2026-05-29 12:21:38.399,2,1.75,,512000000
2026-05-29 12:21:38.381,2,1.98,,512000000
2026-05-29 12:21:38.375,8,7.59,,512000000
2026-05-29 12:21:38.372,2,1.71,,512000000
2026-05-29 12:21:38.363,2,1.66,,512000000
2026-05-29 12:21:38.356,2,1.88,,512000000
2026-05-29 12:21:38.341,3,2.27,,512000000
2026-05-29 12:21:38.318,2,1.82,,512000000
2026-05-29 12:21:38.315,2,1.96,,512000000
2026-05-29 12:21:38.314,2,1.91,,512000000
2026-05-29 12:21:38.298,2,1.78,,512000000
2026-05-29 12:21:38.291,2,1.97,,512000000
2026-05-29 12:21:38.289,3,2.04,,512000000
2026-05-29 12:21:38.288,2,1.85,,512000000
2026-05-29 12:21:38.288,2,1.67,,512000000
2026-05-29 12:21:38.281,2,1.91,,512000000
2026-05-29 12:21:38.280,2,1.8,,512000000
2026-05-29 12:21:38.253,5,4.17,,512000000
2026-05-29 12:21:38.249,2,1.84,,512000000
2026-05-29 12:21:38.236,3,2.02,,512000000
2026-05-29 12:21:38.229,2,1.88,,512000000
2026-05-29 12:21:38.204,3,2.22,,512000000
2026-05-29 12:21:38.189,2,1.83,,512000000
2026-05-29 12:21:38.178,2,1.78,,512000000
2026-05-29 12:21:38.169,2,1.78,,512000000
2026-05-29 12:21:38.117,2,1.91,,512000000
2026-05-29 12:21:38.117,11,10.28,,512000000
2026-05-29 12:21:38.110,2,1.72,,512000000
2026-05-29 12:21:38.097,2,1.8,,512000000
2026-05-29 12:21:38.077,2,1.96,,512000000
2026-05-29 12:21:38.052,2,1.95,,512000000
2026-05-29 12:21:38.029,2,1.95,,512000000
2026-05-29 12:21:38.015,2,1.87,,512000000
2026-05-29 12:21:37.973,2,1.8,,512000000
2026-05-29 12:21:37.970,3,2.38,,512000000
2026-05-29 12:21:37.968,2,1.86,,512000000
2026-05-29 12:21:37.942,13,12.12,,512000000
2026-05-29 12:21:37.935,2,1.59,,512000000
2026-05-29 12:21:37.933,33,32.37,,512000000
2026-05-29 12:21:37.925,2,1.77,,512000000
2026-05-29 12:21:37.922,2,1.8,,512000000
2026-05-29 12:21:37.901,5,4.45,,512000000
2026-05-29 12:21:37.899,2,1.62,,512000000
2026-05-29 12:21:37.889,2,1.9,,512000000
2026-05-29 12:21:37.872,3,2.33,,512000000
2026-05-29 12:21:37.855,2,1.65,,512000000
2026-05-29 12:21:37.821,2,1.52,,512000000
2026-05-29 12:21:37.816,2,1.83,,512000000
2026-05-29 12:21:37.811,3,2.14,,512000000
2026-05-29 12:21:37.810,2,1.73,,512000000
2026-05-29 12:21:37.807,4,3.63,,512000000
2026-05-29 12:21:37.806,3,2.17,,512000000
2026-05-29 12:21:37.790,6,5.19,,512000000
2026-05-29 12:21:37.785,2,1.82,,512000000
2026-05-29 12:21:37.782,2,1.95,,512000000
2026-05-29 12:21:37.763,2,1.71,,512000000
2026-05-29 12:21:37.762,2,1.94,,512000000
2026-05-29 12:21:37.747,2,1.72,,512000000
2026-05-29 12:21:37.719,2,1.93,,512000000
2026-05-29 12:21:37.710,2,1.7,,512000000
2026-05-29 12:21:37.708,2,1.76,,512000000
2026-05-29 12:21:37.702,2,1.91,,512000000
2026-05-29 12:21:37.671,2,1.79,,512000000
2026-05-29 12:21:37.670,2,1.75,,512000000
2026-05-29 12:21:37.663,13,12.45,,512000000
2026-05-29 12:21:37.656,2,1.69,,512000000
2026-05-29 12:21:37.646,2,1.97,,512000000
2026-05-29 12:21:37.643,8,7.51,,512000000
2026-05-29 12:21:37.638,2,1.82,,512000000
2026-05-29 12:21:37.636,7,6.95,,512000000
2026-05-29 12:21:37.630,2,1.88,,512000000
2026-05-29 12:21:37.620,2,1.9,,512000000
2026-05-29 12:21:37.613,2,1.63,,512000000
2026-05-29 12:21:37.609,2,1.84,,512000000
2026-05-29 12:21:37.603,4,3.52,,512000000
2026-05-29 12:21:37.603,2,1.57,,512000000
2026-05-29 12:21:37.595,11,10.15,,512000000
2026-05-29 12:21:37.584,3,2.31,,512000000
2026-05-29 12:21:37.576,2,1.88,,512000000
2026-05-29 12:21:37.543,2,1.79,,512000000
2026-05-29 12:21:37.526,2,1.95,,512000000
2026-05-29 12:21:37.521,2,1.87,,512000000
2026-05-29 12:21:37.518,2,1.99,,512000000
2026-05-29 12:21:37.501,2,1.85,,512000000
2026-05-29 12:21:37.475,5,4.65,,512000000
2026-05-29 12:21:37.472,13,12.58,,512000000
2026-05-29 12:21:37.461,3,2.04,,512000000
2026-05-29 12:21:37.458,2,1.91,,512000000
2026-05-29 12:21:37.458,2,1.73,,512000000
2026-05-29 12:21:37.458,2,1.99,,512000000
2026-05-29 12:21:37.457,3,2.21,,512000000
2026-05-29 12:21:37.455,2,1.9,,512000000
2026-05-29 12:21:37.455,2,1.8,,512000000
2026-05-29 12:21:37.453,2,1.75,,512000000
2026-05-29 12:21:37.451,2,1.67,,512000000
2026-05-29 12:21:37.370,2,1.7,,512000000
2026-05-29 12:21:37.369,2,1.75,,512000000
2026-05-29 12:21:37.367,2,1.78,,512000000
2026-05-29 12:21:37.355,2,1.74,,512000000
2026-05-29 12:21:37.333,2,1.93,,512000000
2026-05-29 12:21:37.296,2,1.93,,512000000
2026-05-29 12:21:37.290,2,1.72,,512000000
2026-05-29 12:21:37.283,6,5.94,,512000000
2026-05-29 12:21:37.275,3,2.02,,512000000
2026-05-29 12:21:37.266,2,1.86,,512000000
2026-05-29 12:21:37.265,3,2.15,,512000000
2026-05-29 12:21:37.232,3,2.04,,512000000
2026-05-29 12:21:37.220,2,1.68,,512000000
2026-05-29 12:21:37.219,2,1.66,,512000000
2026-05-29 12:21:37.219,2,1.97,,512000000
2026-05-29 12:21:37.217,2,1.8,,512000000
2026-05-29 12:21:37.204,2,1.82,,512000000
2026-05-29 12:21:37.166,2,1.77,,512000000
2026-05-29 12:21:37.154,2,1.74,,512000000
2026-05-29 12:21:37.150,2,1.78,,512000000
2026-05-29 12:21:37.150,2,1.74,,512000000
2026-05-29 12:21:37.130,2,1.94,,512000000
2026-05-29 12:21:37.098,2,1.88,,512000000
2026-05-29 12:21:37.093,3,2.19,,512000000
2026-05-29 12:21:37.082,18,17.36,,512000000
2026-05-29 12:21:37.078,2,1.89,,512000000
2026-05-29 12:21:37.050,2,1.92,,512000000
2026-05-29 12:21:37.042,2,1.7,,512000000
2026-05-29 12:21:37.020,2,1.75,,512000000
2026-05-29 12:21:37.005,3,2.02,,512000000
2026-05-29 12:21:37.003,2,1.69,,512000000
2026-05-29 12:21:36.989,3,2.23,,512000000
2026-05-29 12:21:36.986,3,2.01,,512000000
2026-05-29 12:21:36.964,2,1.84,,512000000
2026-05-29 12:21:36.951,2,1.84,,512000000
2026-05-29 12:21:36.949,2,1.73,,512000000
2026-05-29 12:21:36.929,2,1.73,,512000000
2026-05-29 12:21:36.928,2,1.75,,512000000
2026-05-29 12:21:36.926,2,1.78,,512000000
2026-05-29 12:21:36.925,2,1.7,,512000000
2026-05-29 12:21:36.912,3,2.1,,512000000
2026-05-29 12:21:36.892,6,5.61,,512000000
2026-05-29 12:21:36.877,2,1.82,,512000000
2026-05-29 12:21:36.867,2,1.98,,512000000
2026-05-29 12:21:36.862,2,1.62,,512000000
2026-05-29 12:21:36.860,2,1.86,,512000000
2026-05-29 12:21:36.848,2,1.88,,512000000
2026-05-29 12:21:36.841,2,1.79,,512000000
2026-05-29 12:21:36.819,2,1.7,,512000000
2026-05-29 12:21:36.805,2,1.81,,512000000
2026-05-29 12:21:36.801,2,1.75,,512000000
2026-05-29 12:21:36.788,2,1.75,,512000000
2026-05-29 12:21:36.773,2,1.78,,512000000
2026-05-29 12:21:36.761,2,1.87,,512000000
2026-05-29 12:21:36.755,2,1.73,,512000000
2026-05-29 12:21:36.749,2,1.99,,512000000
2026-05-29 12:21:36.722,2,1.67,,512000000
2026-05-29 12:21:36.715,2,1.88,,512000000
2026-05-29 12:21:36.714,2,1.72,,512000000
2026-05-29 12:21:36.692,2,1.93,,512000000
2026-05-29 12:21:36.687,2,1.85,,512000000
2026-05-29 12:21:36.674,2,1.87,,512000000
2026-05-29 12:21:36.663,2,1.87,,512000000
2026-05-29 12:21:36.635,2,1.87,,512000000
2026-05-29 12:21:36.623,2,1.89,,512000000
2026-05-29 12:21:36.610,2,1.83,,512000000
2026-05-29 12:21:36.596,2,1.81,,512000000
2026-05-29 12:21:36.594,2,1.76,,512000000
2026-05-29 12:21:36.558,3,2.29,,512000000
2026-05-29 12:21:36.540,3,2.07,,512000000
2026-05-29 12:21:36.538,7,6.03,,512000000
2026-05-29 12:21:36.538,2,1.8,,512000000
2026-05-29 12:21:36.536,3,2.6,,512000000
2026-05-29 12:21:36.519,3,2.48,,512000000
2026-05-29 12:21:36.519,2,1.82,,512000000
2026-05-29 12:21:36.519,2,1.83,,512000000
2026-05-29 12:21:36.516,4,3.29,,512000000
2026-05-29 12:21:36.497,2,1.76,,512000000
2026-05-29 12:21:36.496,2,1.7,,512000000
2026-05-29 12:21:36.465,2,1.84,,512000000
2026-05-29 12:21:36.458,8,7.9,,512000000
2026-05-29 12:21:36.449,2,1.75,,512000000
2026-05-29 12:21:36.444,2,1.67,,512000000
2026-05-29 12:21:36.437,2,1.77,,512000000
2026-05-29 12:21:36.431,2,1.68,,512000000
2026-05-29 12:21:36.392,2,1.64,,512000000
2026-05-29 12:21:36.386,2,1.75,,512000000
2026-05-29 12:21:36.367,2,1.91,,512000000
2026-05-29 12:21:36.351,2,1.83,,512000000
2026-05-29 12:21:36.350,2,1.78,,512000000
2026-05-29 12:21:36.348,2,1.94,,512000000
2026-05-29 12:21:36.335,11,10.63,,512000000
2026-05-29 12:21:36.324,2,1.74,,512000000
2026-05-29 12:21:36.318,2,1.78,,512000000
2026-05-29 12:21:36.309,2,1.76,,512000000
2026-05-29 12:21:36.278,8,7.08,,512000000
2026-05-29 12:21:36.274,2,1.8,,512000000
2026-05-29 12:21:36.267,2,1.69,,512000000
2026-05-29 12:21:36.260,2,1.77,,512000000
2026-05-29 12:21:36.255,7,6.19,,512000000
2026-05-29 12:21:36.247,3,2.21,,512000000
2026-05-29 12:21:36.246,3,2.27,,512000000
2026-05-29 12:21:36.242,2,1.69,,512000000
2026-05-29 12:21:36.239,2,1.88,,512000000
2026-05-29 12:21:36.239,2,1.98,,512000000
2026-05-29 12:21:36.220,2,1.61,,512000000
2026-05-29 12:21:36.196,7,6.37,,512000000
2026-05-29 12:21:36.181,2,1.84,,512000000
2026-05-29 12:21:36.175,2,1.73,,512000000
2026-05-29 12:21:36.161,2,1.73,,512000000
2026-05-29 12:21:36.154,2,1.75,,512000000
2026-05-29 12:21:36.124,2,1.6,,512000000
2026-05-29 12:21:36.116,8,7.22,,512000000
2026-05-29 12:21:36.098,2,1.79,,512000000
2026-05-29 12:21:36.075,12,11.13,,512000000
2026-05-29 12:21:36.070,2,1.76,,512000000
2026-05-29 12:21:36.064,2,1.99,,512000000
2026-05-29 12:21:36.064,2,1.94,,512000000
2026-05-29 12:21:36.059,2,1.76,,512000000
2026-05-29 12:21:36.056,7,6.07,,512000000
2026-05-29 12:21:36.051,3,2.11,,512000000
2026-05-29 12:21:36.041,7,6.47,,512000000
2026-05-29 12:21:36.031,2,1.8,,512000000
2026-05-29 12:21:36.022,2,1.93,,512000000
2026-05-29 12:21:36.019,3,2.16,,512000000
2026-05-29 12:21:36.004,3,2.25,,512000000
2026-05-29 12:21:35.986,20,19.34,,512000000
2026-05-29 12:21:35.978,10,9.39,,512000000
2026-05-29 12:21:35.970,2,1.69,,512000000
2026-05-29 12:21:35.960,2,1.86,,512000000
2026-05-29 12:21:35.952,11,10.14,,512000000
2026-05-29 12:21:35.944,3,2.16,,512000000
2026-05-29 12:21:35.937,3,2.36,,512000000
2026-05-29 12:21:35.919,3,2.16,,512000000
2026-05-29 12:21:35.918,2,1.8,,512000000
2026-05-29 12:21:35.918,2,1.88,,512000000
2026-05-29 12:21:35.895,12,11.68,,512000000
2026-05-29 12:21:35.877,2,1.66,,512000000
2026-05-29 12:21:35.873,2,1.69,,512000000
2026-05-29 12:21:35.870,2,1.85,,512000000
2026-05-29 12:21:35.821,2,1.77,,512000000
2026-05-29 12:21:35.785,2,1.75,,512000000
2026-05-29 12:21:35.778,3,2.58,,512000000
2026-05-29 12:21:35.765,2,1.75,,512000000
2026-05-29 12:21:35.756,8,7.3,,512000000
2026-05-29 12:21:35.754,2,1.75,,512000000
2026-05-29 12:21:35.737,2,1.96,,512000000
2026-05-29 12:21:35.717,2,1.71,,512000000
2026-05-29 12:21:35.716,2,1.69,,512000000
2026-05-29 12:21:35.706,2,1.87,,512000000
2026-05-29 12:21:35.706,2,1.8,,512000000
2026-05-29 12:21:35.696,2,1.97,,512000000
2026-05-29 12:21:35.694,3,2.51,,512000000
2026-05-29 12:21:35.688,3,2.04,,512000000
2026-05-29 12:21:35.674,3,2.12,,512000000
2026-05-29 12:21:35.670,2,1.69,,512000000
2026-05-29 12:21:35.668,2,1.77,,512000000
2026-05-29 12:21:35.664,27,26.05,,512000000
2026-05-29 12:21:35.662,2,1.78,,512000000
2026-05-29 12:21:35.646,2,1.91,,512000000
2026-05-29 12:21:35.635,7,6.16,,512000000
2026-05-29 12:21:35.631,2,1.8,,512000000
2026-05-29 12:21:35.620,2,1.6,,512000000
2026-05-29 12:21:35.607,2,1.82,,512000000
2026-05-29 12:21:35.599,2,1.68,,512000000
2026-05-29 12:21:35.580,2,1.98,,512000000
2026-05-29 12:21:35.568,3,2.57,,512000000
2026-05-29 12:21:35.562,2,1.7,,512000000
2026-05-29 12:21:35.557,2,1.85,,512000000
2026-05-29 12:21:35.537,2,1.81,,512000000
2026-05-29 12:21:35.526,2,1.89,,512000000
2026-05-29 12:21:35.521,3,2.61,,512000000
2026-05-29 12:21:35.482,2,1.96,,512000000
2026-05-29 12:21:35.462,2,1.81,,512000000
2026-05-29 12:21:35.443,20,19.56,,512000000
2026-05-29 12:21:35.443,2,1.75,,512000000
2026-05-29 12:21:35.429,2,1.72,,512000000
2026-05-29 12:21:35.412,3,2.5,,512000000
2026-05-29 12:21:35.398,2,1.66,,512000000
2026-05-29 12:21:35.381,2,1.95,,512000000
2026-05-29 12:21:35.377,2,1.81,,512000000
2026-05-29 12:21:35.370,2,1.87,,512000000
2026-05-29 12:21:35.349,2,1.69,,512000000
2026-05-29 12:21:35.346,2,1.89,,512000000
2026-05-29 12:21:35.327,2,1.72,,512000000
2026-05-29 12:21:35.324,18,17.71,,512000000
2026-05-29 12:21:35.323,10,9.28,,512000000
2026-05-29 12:21:35.312,2,1.88,,512000000
2026-05-29 12:21:35.308,3,2.03,,512000000
2026-05-29 12:21:35.299,2,1.74,,512000000
2026-05-29 12:21:35.271,2,1.81,,512000000
2026-05-29 12:21:35.271,2,1.69,,512000000
2026-05-29 12:21:35.269,2,1.47,,512000000
2026-05-29 12:21:35.259,2,1.59,,512000000
2026-05-29 12:21:35.250,2,1.72,,512000000
2026-05-29 12:21:35.249,2,1.72,,512000000
2026-05-29 12:21:35.246,2,1.64,,512000000
2026-05-29 12:21:35.242,3,2.07,,512000000
2026-05-29 12:21:35.236,2,1.66,,512000000
2026-05-29 12:21:35.227,2,1.77,,512000000
2026-05-29 12:21:35.215,11,10.47,,512000000
2026-05-29 12:21:35.209,2,1.74,,512000000
2026-05-29 12:21:35.209,3,2.11,,512000000
2026-05-29 12:21:35.208,3,2.06,,512000000
2026-05-29 12:21:35.198,2,1.85,,512000000
2026-05-29 12:21:35.193,2,1.92,,512000000
2026-05-29 12:21:35.184,2,1.75,,512000000
2026-05-29 12:21:35.164,2,1.73,,512000000
2026-05-29 12:21:35.148,2,1.64,,512000000
2026-05-29 12:21:35.146,2,1.96,,512000000
2026-05-29 12:21:35.123,2,1.69,,512000000
2026-05-29 12:21:35.107,2,1.71,,512000000
2026-05-29 12:21:35.100,3,2.09,,512000000
2026-05-29 12:21:35.087,2,1.74,,512000000
2026-05-29 12:21:35.057,2,1.86,,512000000
2026-05-29 12:21:35.016,12,11.45,,512000000
2026-05-29 12:21:35.013,9,8.16,,512000000
2026-05-29 12:21:35.012,3,2.01,,512000000
2026-05-29 12:21:34.998,2,1.95,,512000000
2026-05-29 12:21:34.996,4,3.24,,512000000
2026-05-29 12:21:34.981,3,2.57,,512000000
2026-05-29 12:21:34.971,7,6.48,,512000000
2026-05-29 12:21:34.968,2,1.85,,512000000
2026-05-29 12:21:34.946,2,1.73,,512000000
2026-05-29 12:21:34.935,2,1.92,,512000000
2026-05-29 12:21:34.934,2,1.82,,512000000
2026-05-29 12:21:34.904,2,1.69,,512000000
2026-05-29 12:21:34.899,8,7.61,,512000000
2026-05-29 12:21:34.893,2,1.93,,512000000
2026-05-29 12:21:34.886,3,2.8,,512000000
2026-05-29 12:21:34.877,2,1.7,,512000000
2026-05-29 12:21:34.850,2,1.6,,512000000
2026-05-29 12:21:34.836,2,1.97,,512000000
2026-05-29 12:21:34.821,3,2.07,,512000000
2026-05-29 12:21:34.817,2,1.65,,512000000
2026-05-29 12:21:34.816,2,1.76,,512000000
2026-05-29 12:21:34.811,2,1.99,,512000000
2026-05-29 12:21:34.804,2,1.65,,512000000
2026-05-29 12:21:34.794,2,1.96,,512000000
2026-05-29 12:21:34.771,2,1.95,,512000000
2026-05-29 12:21:34.742,3,2.14,,512000000
2026-05-29 12:21:34.719,3,2.1,,512000000
2026-05-29 12:21:34.718,2,1.68,,512000000
2026-05-29 12:21:34.668,3,2.22,,512000000
2026-05-29 12:21:34.665,2,1.82,,512000000
2026-05-29 12:21:34.653,2,1.7,,512000000
2026-05-29 12:21:34.623,5,4.67,,512000000
2026-05-29 12:21:34.620,2,2,,512000000
2026-05-29 12:21:34.616,2,1.72,,512000000
2026-05-29 12:21:34.615,6,5.75,,512000000
2026-05-29 12:21:34.613,2,1.92,,512000000
2026-05-29 12:21:34.603,2,1.7,,512000000
2026-05-29 12:21:34.598,2,1.87,,512000000
2026-05-29 12:21:34.587,2,1.74,,512000000
2026-05-29 12:21:34.586,2,1.85,,512000000
2026-05-29 12:21:34.578,2,1.78,,512000000
2026-05-29 12:21:34.573,2,1.87,,512000000
2026-05-29 12:21:34.547,2,1.83,,512000000
2026-05-29 12:21:34.537,2,1.98,,512000000
2026-05-29 12:21:34.525,2,1.59,,512000000
2026-05-29 12:21:34.517,2,1.92,,512000000
2026-05-29 12:21:34.511,2,1.73,,512000000
2026-05-29 12:21:34.475,2,1.7,,512000000
2026-05-29 12:21:34.474,2,1.74,,512000000
2026-05-29 12:21:34.432,2,1.75,,512000000
2026-05-29 12:21:34.418,2,1.95,,512000000
2026-05-29 12:21:34.413,2,1.72,,512000000
2026-05-29 12:21:34.404,2,1.9,,512000000
2026-05-29 12:21:34.392,2,1.88,,512000000
2026-05-29 12:21:34.388,2,1.81,,512000000
2026-05-29 12:21:34.339,4,3.44,,512000000
2026-05-29 12:21:34.334,2,1.79,,512000000
2026-05-29 12:21:34.331,3,2.04,,512000000
2026-05-29 12:21:34.330,2,1.71,,512000000
2026-05-29 12:21:34.303,2,1.78,,512000000
2026-05-29 12:21:34.303,2,1.66,,512000000
2026-05-29 12:21:34.300,2,1.98,,512000000
2026-05-29 12:21:34.298,3,2.03,,512000000
2026-05-29 12:21:34.295,4,3.08,,512000000
2026-05-29 12:21:34.294,2,1.74,,512000000
2026-05-29 12:21:34.288,2,1.7,,512000000
2026-05-29 12:21:34.285,2,1.88,,512000000
2026-05-29 12:21:34.267,2,1.92,,512000000
2026-05-29 12:21:34.254,3,2.02,,512000000
2026-05-29 12:21:34.232,2,1.68,,512000000
2026-05-29 12:21:34.231,3,2.03,,512000000
2026-05-29 12:21:34.226,3,2.32,,512000000
2026-05-29 12:21:34.224,2,1.84,,512000000
2026-05-29 12:21:34.220,2,1.81,,512000000
2026-05-29 12:21:34.187,2,1.97,,512000000
2026-05-29 12:21:34.165,2,1.82,,512000000
2026-05-29 12:21:34.148,2,1.85,,512000000
2026-05-29 12:21:34.126,2,1.73,,512000000
2026-05-29 12:21:34.118,3,2.28,,512000000
2026-05-29 12:21:34.110,2,1.93,,512000000
2026-05-29 12:21:34.109,2,1.86,,512000000
2026-05-29 12:21:34.106,2,1.75,,512000000
2026-05-29 12:21:34.103,12,11.68,,512000000
2026-05-29 12:21:34.089,2,1.65,,512000000
2026-05-29 12:21:34.083,9,8.46,,512000000
2026-05-29 12:21:34.064,17,16,,512000000
2026-05-29 12:21:34.059,3,2.05,,512000000
2026-05-29 12:21:34.054,2,1.68,,512000000
2026-05-29 12:21:34.023,9,8.69,,512000000
2026-05-29 12:21:34.018,2,1.76,,512000000
2026-05-29 12:21:34.014,22,21.23,,512000000
2026-05-29 12:21:34.008,2,1.73,,512000000
2026-05-29 12:21:34.007,14,13.61,,512000000
2026-05-29 12:21:33.997,9,8.33,,512000000
2026-05-29 12:21:33.993,2,1.94,,512000000
2026-05-29 12:21:33.984,2,1.85,,512000000
2026-05-29 12:21:33.978,3,2.64,,512000000
2026-05-29 12:21:33.970,2,1.86,,512000000
2026-05-29 12:21:33.958,9,8.66,,512000000
2026-05-29 12:21:33.954,3,2.1,,512000000
2026-05-29 12:21:33.950,2,1.82,,512000000
2026-05-29 12:21:33.941,2,1.95,,512000000
2026-05-29 12:21:33.941,3,2.07,,512000000
2026-05-29 12:21:33.939,2,1.94,,512000000
2026-05-29 12:21:33.912,2,1.84,,512000000
2026-05-29 12:21:33.886,2,1.99,,512000000
2026-05-29 12:21:33.879,2,1.98,,512000000
2026-05-29 12:21:33.850,2,1.72,,512000000
2026-05-29 12:21:33.831,2,1.8,,512000000
2026-05-29 12:21:33.824,2,1.78,,512000000
2026-05-29 12:21:33.811,2,1.99,,512000000
2026-05-29 12:21:33.800,3,2.14,,512000000
2026-05-29 12:21:33.797,2,1.92,,512000000
2026-05-29 12:21:33.796,2,1.99,,512000000
2026-05-29 12:21:33.791,2,1.83,,512000000
2026-05-29 12:21:33.773,2,1.88,,512000000
2026-05-29 12:21:33.771,2,1.82,,512000000
2026-05-29 12:21:33.769,2,1.76,,512000000
2026-05-29 12:21:33.764,2,1.78,,512000000
2026-05-29 12:21:33.697,6,5,,512000000
2026-05-29 12:21:33.696,2,1.78,,512000000
2026-05-29 12:21:33.686,2,1.89,,512000000
2026-05-29 12:21:33.681,2,1.88,,512000000
2026-05-29 12:21:33.677,2,1.97,,512000000
2026-05-29 12:21:33.672,2,1.87,,512000000
2026-05-29 12:21:33.652,2,1.71,,512000000
2026-05-29 12:21:33.649,2,1.57,,512000000
2026-05-29 12:21:33.625,2,1.75,,512000000
2026-05-29 12:21:33.617,2,1.73,,512000000
2026-05-29 12:21:33.613,2,1.87,,512000000
2026-05-29 12:21:33.610,2,1.95,,512000000
2026-05-29 12:21:33.592,2,1.65,,512000000
2026-05-29 12:21:33.585,6,5.43,,512000000
2026-05-29 12:21:33.544,2,1.75,,512000000
2026-05-29 12:21:33.543,2,1.75,,512000000
2026-05-29 12:21:33.517,2,1.77,,512000000
2026-05-29 12:21:33.510,4,3.31,,512000000
2026-05-29 12:21:33.508,2,1.93,,512000000
2026-05-29 12:21:33.506,3,2,,512000000
2026-05-29 12:21:33.501,7,6.89,,512000000
2026-05-29 12:21:33.501,2,1.8,,512000000
2026-05-29 12:21:33.500,2,1.84,,512000000
2026-05-29 12:21:33.498,2,1.81,,512000000
2026-05-29 12:21:33.488,2,1.85,,512000000
2026-05-29 12:21:33.487,2,1.7,,512000000
2026-05-29 12:21:33.480,2,1.73,,512000000
2026-05-29 12:21:33.471,2,1.75,,512000000
2026-05-29 12:21:33.455,2,1.88,,512000000
2026-05-29 12:21:33.422,6,6,,512000000
2026-05-29 12:21:33.418,2,1.58,,512000000
2026-05-29 12:21:33.411,3,2.28,,512000000
2026-05-29 12:21:33.407,2,1.79,,512000000
2026-05-29 12:21:33.397,2,1.87,,512000000
2026-05-29 12:21:33.389,2,1.71,,512000000
2026-05-29 12:21:33.386,2,1.71,,512000000
2026-05-29 12:21:33.348,2,1.74,,512000000
2026-05-29 12:21:33.345,2,1.83,,512000000
2026-05-29 12:21:33.343,2,1.84,,512000000
2026-05-29 12:21:33.305,17,16.76,,512000000
2026-05-29 12:21:33.300,3,2.02,,512000000
2026-05-29 12:21:33.298,14,13.53,,512000000
2026-05-29 12:21:33.272,3,2.19,,512000000
2026-05-29 12:21:33.271,3,2.06,,512000000
2026-05-29 12:21:33.264,2,1.8,,512000000
2026-05-29 12:21:33.253,3,2.25,,512000000
2026-05-29 12:21:33.225,2,1.85,,512000000
2026-05-29 12:21:33.214,2,1.67,,512000000
2026-05-29 12:21:33.180,9,8.62,,512000000
2026-05-29 12:21:33.179,2,1.76,,512000000
2026-05-29 12:21:33.177,2,1.69,,512000000
2026-05-29 12:21:33.167,2,1.89,,512000000
2026-05-29 12:21:33.162,2,1.75,,512000000
2026-05-29 12:21:33.153,2,1.53,,512000000
2026-05-29 12:21:33.137,2,1.77,,512000000
2026-05-29 12:21:33.127,2,1.87,,512000000
2026-05-29 12:21:33.124,3,2.28,,512000000
2026-05-29 12:21:33.122,2,1.86,,512000000
2026-05-29 12:21:33.113,2,2,,512000000
2026-05-29 12:21:33.112,2,1.81,,512000000
2026-05-29 12:21:33.095,2,1.79,,512000000
2026-05-29 12:21:33.046,3,2.02,,512000000
2026-05-29 12:21:33.025,2,1.84,,512000000
2026-05-29 12:21:33.016,6,5.31,,512000000
2026-05-29 12:21:33.015,2,1.78,,512000000
2026-05-29 12:21:33.013,2,1.75,,512000000
2026-05-29 12:21:33.004,3,2.01,,512000000
2026-05-29 12:21:33.001,2,1.9,,512000000
2026-05-29 12:21:33.001,2,1.93,,512000000
2026-05-29 12:21:32.995,4,3.36,,512000000
2026-05-29 12:21:32.987,2,1.74,,512000000
2026-05-29 12:21:32.980,12,11.13,,512000000
2026-05-29 12:21:32.978,2,1.79,,512000000
2026-05-29 12:21:32.959,2,1.77,,512000000
2026-05-29 12:21:32.957,3,2.24,,512000000
2026-05-29 12:21:32.932,2,1.86,,512000000
2026-05-29 12:21:32.927,2,1.6,,512000000
2026-05-29 12:21:32.926,2,1.92,,512000000
2026-05-29 12:21:32.885,2,1.88,,512000000
2026-05-29 12:21:32.872,2,1.68,,512000000
2026-05-29 12:21:32.866,2,1.89,,512000000
2026-05-29 12:21:32.862,2,2,,512000000
2026-05-29 12:21:32.840,7,6.87,,512000000
2026-05-29 12:21:32.834,2,1.79,,512000000
2026-05-29 12:21:32.808,2,1.79,,512000000
2026-05-29 12:21:32.804,2,1.85,,512000000
2026-05-29 12:21:32.802,12,11.36,,512000000
2026-05-29 12:21:32.783,2,1.85,,512000000
2026-05-29 12:21:32.781,5,4.53,,512000000
2026-05-29 12:21:32.776,2,1.9,,512000000
2026-05-29 12:21:32.759,5,4.36,,512000000
2026-05-29 12:21:32.738,3,2.13,,512000000
2026-05-29 12:21:32.717,3,2.08,,512000000
2026-05-29 12:21:32.714,2,1.8,,512000000
2026-05-29 12:21:32.708,3,2.1,,512000000
2026-05-29 12:21:32.703,2,1.71,,512000000
2026-05-29 12:21:32.702,3,2.38,,512000000
2026-05-29 12:21:32.697,3,2.21,,512000000
2026-05-29 12:21:32.670,3,2.25,,512000000
2026-05-29 12:21:32.654,2,1.84,,512000000
2026-05-29 12:21:32.648,4,3.56,,512000000
2026-05-29 12:21:32.631,2,1.92,,512000000
2026-05-29 12:21:32.621,3,2.42,,512000000
2026-05-29 12:21:32.621,3,2.14,,512000000
2026-05-29 12:21:32.616,2,1.79,,512000000
2026-05-29 12:21:32.582,2,1.72,,512000000
2026-05-29 12:21:32.576,2,1.81,,512000000
2026-05-29 12:21:32.575,2,1.85,,512000000
2026-05-29 12:21:32.562,3,2.07,,512000000
2026-05-29 12:21:32.556,2,1.79,,512000000
2026-05-29 12:21:32.552,2,1.98,,512000000
2026-05-29 12:21:32.504,3,2.77,,512000000
2026-05-29 12:21:32.483,2,1.76,,512000000
2026-05-29 12:21:32.483,2,1.85,,512000000
2026-05-29 12:21:32.477,2,1.72,,512000000
2026-05-29 12:21:32.461,2,1.88,,512000000
2026-05-29 12:21:32.433,2,1.69,,512000000
2026-05-29 12:21:32.432,3,2.05,,512000000
2026-05-29 12:21:32.426,2,1.97,,512000000
2026-05-29 12:21:32.421,2,1.85,,512000000
2026-05-29 12:21:32.400,2,1.67,,512000000
2026-05-29 12:21:32.391,2,1.82,,512000000
2026-05-29 12:21:32.388,2,1.72,,512000000
2026-05-29 12:21:32.371,2,1.71,,512000000
2026-05-29 12:21:32.369,2,1.74,,512000000
2026-05-29 12:21:32.365,3,2.14,,512000000
2026-05-29 12:21:32.317,17,16.9,,512000000
2026-05-29 12:21:32.307,3,2.07,,512000000
2026-05-29 12:21:32.294,3,2.03,,512000000
2026-05-29 12:21:32.294,2,1.75,,512000000
2026-05-29 12:21:32.283,5,4.33,,512000000
2026-05-29 12:21:32.275,4,3.15,,512000000
2026-05-29 12:21:32.272,2,1.8,,512000000
2026-05-29 12:21:32.257,2,1.81,,512000000
2026-05-29 12:21:32.244,2,1.7,,512000000
2026-05-29 12:21:32.239,2,1.94,,512000000
2026-05-29 12:21:32.238,2,1.91,,512000000
2026-05-29 12:21:32.237,2,1.81,,512000000
2026-05-29 12:21:32.231,2,1.71,,512000000
2026-05-29 12:21:32.229,3,2.08,,512000000
2026-05-29 12:21:32.219,2,1.72,,512000000
2026-05-29 12:21:32.196,5,4.18,,512000000
2026-05-29 12:21:32.184,2,1.89,,512000000
2026-05-29 12:21:32.151,2,1.96,,512000000
2026-05-29 12:21:32.129,2,1.76,,512000000
2026-05-29 12:21:32.121,2,1.73,,512000000
2026-05-29 12:21:32.096,5,4.1,,512000000
2026-05-29 12:21:32.081,2,1.88,,512000000
2026-05-29 12:21:32.063,2,1.82,,512000000
2026-05-29 12:21:32.063,3,2.5,,512000000
2026-05-29 12:21:32.052,3,2.03,,512000000
2026-05-29 12:21:32.051,3,2.16,,512000000
2026-05-29 12:21:32.041,2,1.86,,512000000
2026-05-29 12:21:32.023,2,1.82,,512000000
2026-05-29 12:21:32.013,2,1.8,,512000000
2026-05-29 12:21:32.012,8,7.28,,512000000
2026-05-29 12:21:32.011,3,2.09,,512000000
2026-05-29 12:21:31.995,2,1.68,,512000000
2026-05-29 12:21:31.960,2,1.77,,512000000
2026-05-29 12:21:31.940,2,1.8,,512000000
2026-05-29 12:21:31.916,2,1.79,,512000000
2026-05-29 12:21:31.887,2,1.72,,512000000
2026-05-29 12:21:31.883,2,1.8,,512000000
2026-05-29 12:21:31.871,2,1.8,,512000000
2026-05-29 12:21:31.866,2,1.84,,512000000
2026-05-29 12:21:31.860,3,2.14,,512000000
2026-05-29 12:21:31.859,2,1.8,,512000000
2026-05-29 12:21:31.849,2,1.76,,512000000
2026-05-29 12:21:31.839,2,1.93,,512000000
2026-05-29 12:21:31.838,8,7.42,,512000000
2026-05-29 12:21:31.824,2,1.83,,512000000
2026-05-29 12:21:31.822,2,1.92,,512000000
2026-05-29 12:21:31.801,3,2.06,,512000000
2026-05-29 12:21:31.794,2,1.88,,512000000
2026-05-29 12:21:31.785,2,1.86,,512000000
2026-05-29 12:21:31.785,2,1.95,,512000000
2026-05-29 12:21:31.781,2,1.74,,512000000
2026-05-29 12:21:31.766,2,1.94,,512000000
2026-05-29 12:21:31.764,3,2.1,,512000000
2026-05-29 12:21:31.706,2,1.77,,512000000
2026-05-29 12:21:31.699,4,3.95,,512000000
2026-05-29 12:21:31.699,2,1.92,,512000000
2026-05-29 12:21:31.692,2,2,,512000000
2026-05-29 12:21:31.680,3,2.26,,512000000
2026-05-29 12:21:31.675,2,1.75,,512000000
2026-05-29 12:21:31.675,4,3.72,,512000000
2026-05-29 12:21:31.667,2,1.83,,512000000
2026-05-29 12:21:31.655,8,7.79,,512000000
2026-05-29 12:21:31.644,2,1.84,,512000000
2026-05-29 12:21:31.639,2,1.72,,512000000
2026-05-29 12:21:31.599,2,1.82,,512000000
2026-05-29 12:21:31.596,2,1.94,,512000000
2026-05-29 12:21:31.547,3,2.02,,512000000
2026-05-29 12:21:31.523,2,1.95,,512000000
2026-05-29 12:21:31.523,2,1.76,,512000000
2026-05-29 12:21:31.522,3,2.45,,512000000
2026-05-29 12:21:31.514,2,1.84,,512000000
2026-05-29 12:21:31.503,2,1.89,,512000000
2026-05-29 12:21:31.502,2,1.75,,512000000
2026-05-29 12:21:31.502,3,2.11,,512000000
2026-05-29 12:21:31.485,2,1.75,,512000000
2026-05-29 12:21:31.481,2,1.8,,512000000
2026-05-29 12:21:31.477,2,1.88,,512000000
2026-05-29 12:21:31.475,5,4.64,,512000000
2026-05-29 12:21:31.470,3,2.12,,512000000
2026-05-29 12:21:31.457,22,21.24,,512000000
2026-05-29 12:21:31.455,2,1.72,,512000000
2026-05-29 12:21:31.452,2,1.77,,512000000
2026-05-29 12:21:31.421,2,1.73,,512000000
2026-05-29 12:21:31.414,2,1.75,,512000000
2026-05-29 12:21:31.414,2,1.87,,512000000
2026-05-29 12:21:31.410,2,1.82,,512000000
2026-05-29 12:21:31.400,6,5.2,,512000000
2026-05-29 12:21:31.396,67,66.57,,512000000
2026-05-29 12:21:31.379,2,1.67,,512000000
2026-05-29 12:21:31.374,2,1.79,,512000000
2026-05-29 12:21:31.344,2,1.7,,512000000
2026-05-29 12:21:31.328,3,2.1,,512000000
2026-05-29 12:21:31.327,2,1.75,,512000000
2026-05-29 12:21:31.327,2,1.68,,512000000
2026-05-29 12:21:31.300,2,1.84,,512000000
2026-05-29 12:21:31.290,2,1.59,,512000000
2026-05-29 12:21:31.281,6,5.08,,512000000
2026-05-29 12:21:31.278,2,1.98,,512000000
2026-05-29 12:21:31.278,2,1.95,,512000000
2026-05-29 12:21:31.268,2,1.6,,512000000
2026-05-29 12:21:31.262,2,1.92,,512000000
2026-05-29 12:21:31.215,2,1.94,,512000000
2026-05-29 12:21:31.213,2,1.79,,512000000
2026-05-29 12:21:31.205,4,3.74,,512000000
2026-05-29 12:21:31.203,2,1.7,,512000000
2026-05-29 12:21:31.187,4,3.75,,512000000
2026-05-29 12:21:31.169,3,2.06,,512000000
2026-05-29 12:21:31.161,3,2.43,,512000000
2026-05-29 12:21:31.155,3,2.01,,512000000
2026-05-29 12:21:31.152,2,1.67,,512000000
2026-05-29 12:21:31.144,2,1.91,,512000000
2026-05-29 12:21:31.123,2,1.8,,512000000
2026-05-29 12:21:31.122,2,1.72,,512000000
2026-05-29 12:21:31.121,24,23.66,,512000000
2026-05-29 12:21:31.120,3,2.01,,512000000
2026-05-29 12:21:31.117,2,1.61,,512000000
2026-05-29 12:21:31.075,7,6.51,,512000000
2026-05-29 12:21:31.070,2,1.75,,512000000
2026-05-29 12:21:31.057,2,1.75,,512000000
2026-05-29 12:21:31.056,2,1.71,,512000000
2026-05-29 12:21:31.033,4,3.42,,512000000
2026-05-29 12:21:31.033,2,1.65,,512000000
2026-05-29 12:21:31.030,2,1.82,,512000000
2026-05-29 12:21:31.011,2,1.82,,512000000
2026-05-29 12:21:31.002,9,8.37,,512000000
2026-05-29 12:21:30.988,2,1.87,,512000000
2026-05-29 12:21:30.966,2,1.95,,512000000
2026-05-29 12:21:30.955,3,2.7,,512000000
2026-05-29 12:21:30.949,3,2.03,,512000000
2026-05-29 12:21:30.943,2,1.64,,512000000
2026-05-29 12:21:30.938,2,1.84,,512000000
2026-05-29 12:21:30.936,2,1.89,,512000000
2026-05-29 12:21:30.917,2,1.88,,512000000
2026-05-29 12:21:30.913,5,4.7,,512000000
2026-05-29 12:21:30.901,2,1.87,,512000000
2026-05-29 12:21:30.887,2,1.73,,512000000
2026-05-29 12:21:30.849,2,1.68,,512000000
2026-05-29 12:21:30.758,2,1.71,,512000000
2026-05-29 12:21:30.735,2,1.96,,512000000
2026-05-29 12:21:30.723,2,1.76,,512000000
2026-05-29 12:21:30.721,2,1.72,,512000000
2026-05-29 12:21:30.719,2,1.93,,512000000
2026-05-29 12:21:30.703,2,1.74,,512000000
2026-05-29 12:21:30.681,2,1.66,,512000000
2026-05-29 12:21:30.672,3,2.31,,512000000
2026-05-29 12:21:30.668,2,1.92,,512000000
2026-05-29 12:21:30.652,2,1.7,,512000000
2026-05-29 12:21:30.646,2,1.95,,512000000
2026-05-29 12:21:30.641,3,2.03,,512000000
2026-05-29 12:21:30.637,13,12.43,,512000000
2026-05-29 12:21:30.636,2,1.81,,512000000
2026-05-29 12:21:30.619,3,2.33,,512000000
2026-05-29 12:21:30.609,2,1.67,,512000000
2026-05-29 12:21:30.601,2,1.7,,512000000
2026-05-29 12:21:30.597,4,3.36,,512000000
2026-05-29 12:21:30.594,2,1.58,,512000000
2026-05-29 12:21:30.587,2,1.7,,512000000
2026-05-29 12:21:30.577,3,2.09,,512000000
2026-05-29 12:21:30.565,3,2.12,,512000000
2026-05-29 12:21:30.562,2,1.96,,512000000
2026-05-29 12:21:30.536,5,4.62,,512000000
2026-05-29 12:21:30.531,3,2.01,,512000000
2026-05-29 12:21:30.531,3,2.18,,512000000
2026-05-29 12:21:30.526,2,1.7,,512000000
2026-05-29 12:21:30.525,4,3.09,,512000000
2026-05-29 12:21:30.524,3,2.04,,512000000
2026-05-29 12:21:30.499,2,1.86,,512000000
2026-05-29 12:21:30.464,2,1.72,,512000000
2026-05-29 12:21:30.460,2,1.79,,512000000
2026-05-29 12:21:30.423,2,1.64,,512000000
2026-05-29 12:21:30.418,17,16.69,,512000000
2026-05-29 12:21:30.417,2,1.53,,512000000
2026-05-29 12:21:30.408,2,1.62,,512000000
2026-05-29 12:21:30.407,2,1.9,,512000000
2026-05-29 12:21:30.391,2,1.8,,512000000
2026-05-29 12:21:30.364,2,1.78,,512000000
2026-05-29 12:21:30.360,2,1.64,,512000000
2026-05-29 12:21:30.326,2,1.83,,512000000
2026-05-29 12:21:30.320,2,1.78,,512000000
2026-05-29 12:21:30.318,2,1.71,,512000000
2026-05-29 12:21:30.312,2,1.92,,512000000
2026-05-29 12:21:30.300,2,1.81,,512000000
2026-05-29 12:21:30.299,2,1.83,,512000000
2026-05-29 12:21:30.297,2,1.68,,512000000
2026-05-29 12:21:30.296,3,2.01,,512000000
2026-05-29 12:21:30.286,3,2.08,,512000000
2026-05-29 12:21:30.282,2,1.8,,512000000
2026-05-29 12:21:30.239,3,2.29,,512000000
2026-05-29 12:21:30.233,2,1.99,,512000000
2026-05-29 12:21:30.229,2,1.7,,512000000
2026-05-29 12:21:30.215,2,1.72,,512000000
2026-05-29 12:21:30.209,3,2.27,,512000000
2026-05-29 12:21:30.206,2,1.65,,512000000
2026-05-29 12:21:30.202,2,1.59,,512000000
2026-05-29 12:21:30.186,2,1.66,,512000000
2026-05-29 12:21:30.167,2,1.89,,512000000
2026-05-29 12:21:30.162,2,1.53,,512000000
2026-05-29 12:21:30.149,3,2.5,,512000000
2026-05-29 12:21:30.141,2,1.91,,512000000
2026-05-29 12:21:30.140,3,2.73,,512000000
2026-05-29 12:21:30.126,2,1.84,,512000000
2026-05-29 12:21:30.124,2,1.76,,512000000
2026-05-29 12:21:30.106,2,1.75,,512000000
2026-05-29 12:21:30.103,2,1.69,,512000000
2026-05-29 12:21:30.102,3,2.82,,512000000
2026-05-29 12:21:30.093,2,1.73,,512000000
2026-05-29 12:21:30.067,2,1.66,,512000000
2026-05-29 12:21:30.045,2,1.9,,512000000
2026-05-29 12:21:30.034,2,1.95,,512000000
2026-05-29 12:21:30.006,2,1.9,,512000000
2026-05-29 12:21:29.990,2,1.65,,512000000
2026-05-29 12:21:29.989,2,1.74,,512000000
2026-05-29 12:21:29.989,2,1.9,,512000000
2026-05-29 12:21:29.985,2,1.64,,512000000
2026-05-29 12:21:29.966,3,2.16,,512000000
2026-05-29 12:21:29.940,2,1.64,,512000000
2026-05-29 12:21:29.909,2,1.83,,512000000
2026-05-29 12:21:29.901,2,1.87,,512000000
2026-05-29 12:21:29.895,5,4.34,,512000000
2026-05-29 12:21:29.886,2,1.82,,512000000
2026-05-29 12:21:29.882,2,1.72,,512000000
2026-05-29 12:21:29.881,2,1.92,,512000000
2026-05-29 12:21:29.878,4,3.95,,512000000
2026-05-29 12:21:29.859,3,2.05,,512000000
2026-05-29 12:21:29.855,2,1.66,,512000000
2026-05-29 12:21:29.854,3,2.08,,512000000
2026-05-29 12:21:29.852,8,7.28,,512000000
2026-05-29 12:21:29.851,2,1.65,,512000000
2026-05-29 12:21:29.850,2,1.72,,512000000
2026-05-29 12:21:29.824,2,1.66,,512000000
2026-05-29 12:21:29.823,2,1.69,,512000000
2026-05-29 12:21:29.820,2,1.77,,512000000
2026-05-29 12:21:29.817,2,1.69,,512000000
2026-05-29 12:21:29.816,2,1.66,,512000000
2026-05-29 12:21:29.805,2,1.52,,512000000
2026-05-29 12:21:29.797,2,1.75,,512000000
2026-05-29 12:21:29.795,2,1.75,,512000000
2026-05-29 12:21:29.765,3,2.09,,512000000
2026-05-29 12:21:29.760,2,1.81,,512000000
2026-05-29 12:21:29.756,2,1.93,,512000000
2026-05-29 12:21:29.751,2,1.86,,512000000
2026-05-29 12:21:29.736,2,1.8,,512000000
2026-05-29 12:21:29.732,6,5.1,,512000000
2026-05-29 12:21:29.715,2,1.83,,512000000
2026-05-29 12:21:29.704,6,5.29,,512000000
2026-05-29 12:21:29.690,2,1.56,,512000000
2026-05-29 12:21:29.688,2,1.68,,512000000
2026-05-29 12:21:29.673,3,2.02,,512000000
2026-05-29 12:21:29.641,2,1.68,,512000000
2026-05-29 12:21:29.631,2,1.77,,512000000
2026-05-29 12:21:29.626,2,1.84,,512000000
2026-05-29 12:21:29.625,2,1.73,,512000000
2026-05-29 12:21:29.613,2,1.9,,512000000
2026-05-29 12:21:29.611,3,2.12,,512000000
2026-05-29 12:21:29.604,2,1.92,,512000000
2026-05-29 12:21:29.584,2,1.88,,512000000
2026-05-29 12:21:29.570,2,1.8,,512000000
2026-05-29 12:21:29.534,2,1.57,,512000000
2026-05-29 12:21:29.531,2,1.76,,512000000
2026-05-29 12:21:29.519,2,1.89,,512000000
2026-05-29 12:21:29.516,2,1.76,,512000000
2026-05-29 12:21:29.512,2,1.97,,512000000
2026-05-29 12:21:29.510,2,1.72,,512000000
2026-05-29 12:21:29.502,3,2.54,,512000000
2026-05-29 12:21:29.495,2,1.7,,512000000
2026-05-29 12:21:29.481,2,1.84,,512000000
2026-05-29 12:21:29.478,2,1.76,,512000000
2026-05-29 12:21:29.444,3,2.24,,512000000
2026-05-29 12:21:29.393,3,2.02,,512000000
2026-05-29 12:21:29.380,2,1.72,,512000000
2026-05-29 12:21:29.375,2,1.95,,512000000
2026-05-29 12:21:29.373,2,1.87,,512000000
2026-05-29 12:21:29.372,2,1.78,,512000000
2026-05-29 12:21:29.355,2,1.71,,512000000
2026-05-29 12:21:29.335,5,4.14,,512000000
2026-05-29 12:21:29.334,2,1.71,,512000000
2026-05-29 12:21:29.323,2,1.75,,512000000
2026-05-29 12:21:29.294,2,1.63,,512000000
2026-05-29 12:21:29.289,2,1.91,,512000000
2026-05-29 12:21:29.286,2,1.75,,512000000
2026-05-29 12:21:29.284,2,1.6,,512000000
2026-05-29 12:21:29.280,4,3.07,,512000000
2026-05-29 12:21:29.278,2,1.76,,512000000
2026-05-29 12:21:29.271,2,1.57,,512000000
2026-05-29 12:21:29.265,3,2.12,,512000000
2026-05-29 12:21:29.221,2,1.94,,512000000
2026-05-29 12:21:29.216,2,1.92,,512000000
2026-05-29 12:21:29.214,3,2.12,,512000000
2026-05-29 12:21:29.177,10,9.29,,512000000
2026-05-29 12:21:29.165,2,1.77,,512000000
2026-05-29 12:21:29.158,7,6.46,,512000000
2026-05-29 12:21:29.152,2,1.91,,512000000
2026-05-29 12:21:29.149,2,1.84,,512000000
2026-05-29 12:21:29.145,3,2.04,,512000000
2026-05-29 12:21:29.114,2,1.78,,512000000
2026-05-29 12:21:29.113,3,2.05,,512000000
2026-05-29 12:21:29.098,3,2.08,,512000000
2026-05-29 12:21:29.048,2,1.73,,512000000
2026-05-29 12:21:29.042,2,1.9,,512000000
2026-05-29 12:21:29.034,2,1.92,,512000000
2026-05-29 12:21:29.031,3,2.04,,512000000
2026-05-29 12:21:29.026,2,1.76,,512000000
2026-05-29 12:21:29.015,2,1.79,,512000000
2026-05-29 12:21:29.010,3,2.25,,512000000
2026-05-29 12:21:28.987,3,2.01,,512000000
2026-05-29 12:21:28.986,3,2.1,,512000000
2026-05-29 12:21:28.965,2,1.79,,512000000
2026-05-29 12:21:28.964,3,2.27,,512000000
2026-05-29 12:21:28.962,2,1.63,,512000000
2026-05-29 12:21:28.953,2,1.98,,512000000
2026-05-29 12:21:28.943,8,7.65,,512000000
2026-05-29 12:21:28.930,2,1.84,,512000000
2026-05-29 12:21:28.900,2,1.91,,512000000
2026-05-29 12:21:28.898,4,3.95,,512000000
2026-05-29 12:21:28.893,2,1.8,,512000000
2026-05-29 12:21:28.883,2,1.92,,512000000
2026-05-29 12:21:28.880,2,1.91,,512000000
2026-05-29 12:21:28.839,2,1.72,,512000000
2026-05-29 12:21:28.801,2,1.73,,512000000
2026-05-29 12:21:28.799,14,13.59,,512000000
2026-05-29 12:21:28.777,2,1.99,,512000000
2026-05-29 12:21:28.758,2,1.65,,512000000
2026-05-29 12:21:28.755,2,1.98,,512000000
2026-05-29 12:21:28.732,2,1.99,,512000000
2026-05-29 12:21:28.719,2,1.73,,512000000
2026-05-29 12:21:28.710,2,1.69,,512000000
2026-05-29 12:21:28.705,3,2.15,,512000000
2026-05-29 12:21:28.688,2,1.68,,512000000
2026-05-29 12:21:28.687,2,1.77,,512000000
2026-05-29 12:21:28.678,7,6.88,,512000000
2026-05-29 12:21:28.665,2,1.81,,512000000
2026-05-29 12:21:28.663,3,2.09,,512000000
2026-05-29 12:21:28.660,2,1.73,,512000000
2026-05-29 12:21:28.636,2,1.83,,512000000
2026-05-29 12:21:28.621,2,1.77,,512000000
2026-05-29 12:21:28.618,2,1.95,,512000000
2026-05-29 12:21:28.605,2,1.61,,512000000
2026-05-29 12:21:28.600,2,1.9,,512000000
2026-05-29 12:21:28.583,2,1.75,,512000000
2026-05-29 12:21:28.583,3,2.24,,512000000
2026-05-29 12:21:28.578,6,5.88,,512000000
2026-05-29 12:21:28.565,2,1.75,,512000000
2026-05-29 12:21:28.556,6,5.25,,512000000
2026-05-29 12:21:28.555,2,1.93,,512000000
2026-05-29 12:21:28.549,2,1.86,,512000000
2026-05-29 12:21:28.549,2,2,,512000000
2026-05-29 12:21:28.545,3,2.13,,512000000
2026-05-29 12:21:28.540,2,1.82,,512000000
2026-05-29 12:21:28.538,2,1.72,,512000000
2026-05-29 12:21:28.516,2,1.79,,512000000
2026-05-29 12:21:28.476,2,1.76,,512000000
2026-05-29 12:21:28.450,2,1.72,,512000000
2026-05-29 12:21:28.447,2,1.88,,512000000
2026-05-29 12:21:28.436,2,1.88,,512000000
2026-05-29 12:21:28.422,2,1.66,,512000000
2026-05-29 12:21:28.414,3,2.67,,512000000
2026-05-29 12:21:28.412,2,1.7,,512000000
2026-05-29 12:21:28.380,2,1.81,,512000000
2026-05-29 12:21:28.369,2,1.97,,512000000
2026-05-29 12:21:28.368,2,1.73,,512000000
2026-05-29 12:21:28.336,3,2.97,,512000000
2026-05-29 12:21:28.323,3,2.34,,512000000
2026-05-29 12:21:28.317,2,1.73,,512000000
2026-05-29 12:21:28.317,2,1.73,,512000000
2026-05-29 12:21:28.313,2,1.81,,512000000
2026-05-29 12:21:28.311,3,2.19,,512000000
2026-05-29 12:21:28.308,3,2.05,,512000000
2026-05-29 12:21:28.308,2,1.7,,512000000
2026-05-29 12:21:28.306,2,1.63,,512000000
2026-05-29 12:21:28.290,2,1.76,,512000000
2026-05-29 12:21:28.286,3,2.08,,512000000
2026-05-29 12:21:28.283,2,1.72,,512000000
2026-05-29 12:21:28.260,2,1.72,,512000000
2026-05-29 12:21:28.250,2,1.78,,512000000
2026-05-29 12:21:28.242,2,1.94,,512000000
2026-05-29 12:21:28.216,2,1.81,,512000000
2026-05-29 12:21:28.181,2,1.69,,512000000
2026-05-29 12:21:28.171,2,1.97,,512000000
2026-05-29 12:21:28.157,2,1.81,,512000000
2026-05-29 12:21:28.154,2,1.75,,512000000
2026-05-29 12:21:28.118,2,1.76,,512000000
2026-05-29 12:21:28.093,2,1.67,,512000000
2026-05-29 12:21:28.082,2,1.68,,512000000
2026-05-29 12:21:28.081,9,8.48,,512000000
2026-05-29 12:21:28.076,2,1.6,,512000000
2026-05-29 12:21:28.068,2,1.74,,512000000
2026-05-29 12:21:28.063,2,1.84,,512000000
2026-05-29 12:21:28.040,3,2.12,,512000000
2026-05-29 12:21:28.035,2,1.71,,512000000
2026-05-29 12:21:28.034,2,1.68,,512000000
2026-05-29 12:21:28.016,6,5.42,,512000000
2026-05-29 12:21:28.016,3,2.02,,512000000
2026-05-29 12:21:27.997,2,1.81,,512000000
2026-05-29 12:21:27.985,2,1.91,,512000000
2026-05-29 12:21:27.984,2,1.84,,512000000
2026-05-29 12:21:27.970,2,1.79,,512000000
2026-05-29 12:21:27.955,7,6.52,,512000000
2026-05-29 12:21:27.942,2,1.97,,512000000
2026-05-29 12:21:27.942,2,1.71,,512000000
2026-05-29 12:21:27.940,2,1.81,,512000000
2026-05-29 12:21:27.938,2,1.74,,512000000
2026-05-29 12:21:27.913,2,1.73,,512000000
2026-05-29 12:21:27.898,2,1.84,,512000000
2026-05-29 12:21:27.887,2,1.75,,512000000
2026-05-29 12:21:27.880,2,1.77,,512000000
2026-05-29 12:21:27.875,2,1.84,,512000000
2026-05-29 12:21:27.871,2,1.83,,512000000
2026-05-29 12:21:27.843,15,14.04,,512000000
2026-05-29 12:21:27.824,4,3.95,,512000000
2026-05-29 12:21:27.811,3,2.17,,512000000
2026-05-29 12:21:27.808,2,1.98,,512000000
2026-05-29 12:21:27.799,2,1.89,,512000000
2026-05-29 12:21:27.790,2,1.91,,512000000
2026-05-29 12:21:27.775,2,1.7,,512000000
2026-05-29 12:21:27.771,3,2.01,,512000000
2026-05-29 12:21:27.761,2,1.82,,512000000
2026-05-29 12:21:27.753,2,1.8,,512000000
2026-05-29 12:21:27.740,2,1.61,,512000000
2026-05-29 12:21:27.734,3,2.05,,512000000
2026-05-29 12:21:27.720,2,1.75,,512000000
2026-05-29 12:21:27.711,2,1.73,,512000000
2026-05-29 12:21:27.710,3,2.04,,512000000
2026-05-29 12:21:27.691,2,1.65,,512000000
2026-05-29 12:21:27.689,2,1.8,,512000000
2026-05-29 12:21:27.664,2,1.98,,512000000
2026-05-29 12:21:27.659,2,1.62,,512000000
2026-05-29 12:21:27.656,2,1.54,,512000000
2026-05-29 12:21:27.653,2,1.81,,512000000
2026-05-29 12:21:27.638,5,4.09,,512000000
2026-05-29 12:21:27.635,11,10.67,,512000000
2026-05-29 12:21:27.624,2,1.9,,512000000
2026-05-29 12:21:27.623,2,1.75,,512000000
2026-05-29 12:21:27.622,5,4.1,,512000000
2026-05-29 12:21:27.617,2,1.65,,512000000
2026-05-29 12:21:27.604,2,1.97,,512000000
2026-05-29 12:21:27.601,2,1.97,,512000000
2026-05-29 12:21:27.571,2,1.96,,512000000
2026-05-29 12:21:27.551,3,2.13,,512000000
2026-05-29 12:21:27.538,6,5.33,,512000000
2026-05-29 12:21:27.524,2,1.69,,512000000
2026-05-29 12:21:27.520,2,1.93,,512000000
2026-05-29 12:21:27.516,2,1.89,,512000000
2026-05-29 12:21:27.515,2,1.71,,512000000
2026-05-29 12:21:27.494,2,1.75,,512000000
2026-05-29 12:21:27.493,2,1.65,,512000000
2026-05-29 12:21:27.480,2,1.66,,512000000
2026-05-29 12:21:27.480,2,1.76,,512000000
2026-05-29 12:21:27.457,3,2.49,,512000000
2026-05-29 12:21:27.443,2,1.78,,512000000
2026-05-29 12:21:27.431,2,1.81,,512000000
2026-05-29 12:21:27.431,2,1.76,,512000000
2026-05-29 12:21:27.428,2,1.94,,512000000
2026-05-29 12:21:27.425,2,1.84,,512000000
2026-05-29 12:21:27.424,2,1.7,,512000000
2026-05-29 12:21:27.401,10,9.1,,512000000
2026-05-29 12:21:27.385,2,1.79,,512000000
2026-05-29 12:21:27.384,2,1.91,,512000000
2026-05-29 12:21:27.383,2,1.73,,512000000
2026-05-29 12:21:27.381,2,1.88,,512000000
2026-05-29 12:21:27.322,3,2.05,,512000000
2026-05-29 12:21:27.296,2,1.75,,512000000
2026-05-29 12:21:27.276,12,11.95,,512000000
2026-05-29 12:21:27.274,3,2.04,,512000000
2026-05-29 12:21:27.259,2,1.74,,512000000
2026-05-29 12:21:27.238,3,2.05,,512000000
2026-05-29 12:21:27.230,5,4.39,,512000000
2026-05-29 12:21:27.224,2,1.8,,512000000
2026-05-29 12:21:27.196,2,1.97,,512000000
2026-05-29 12:21:27.195,3,2.28,,512000000
2026-05-29 12:21:27.163,2,1.98,,512000000
2026-05-29 12:21:27.158,2,1.62,,512000000
2026-05-29 12:21:27.149,2,1.87,,512000000
2026-05-29 12:21:27.146,13,12.14,,512000000
2026-05-29 12:21:27.134,2,1.87,,512000000
2026-05-29 12:21:27.122,2,1.71,,512000000
2026-05-29 12:21:27.119,3,2.83,,512000000
2026-05-29 12:21:27.114,2,1.8,,512000000
2026-05-29 12:21:27.091,2,1.73,,512000000
2026-05-29 12:21:27.090,7,6.74,,512000000
2026-05-29 12:21:27.087,2,1.71,,512000000
2026-05-29 12:21:27.065,2,1.87,,512000000
2026-05-29 12:21:27.060,2,1.99,,512000000
2026-05-29 12:21:27.058,3,2.44,,512000000
2026-05-29 12:21:27.028,2,1.82,,512000000
2026-05-29 12:21:27.024,2,1.69,,512000000
2026-05-29 12:21:27.006,2,1.87,,512000000
2026-05-29 12:21:27.005,2,1.94,,512000000
2026-05-29 12:21:27.005,2,1.98,,512000000
2026-05-29 12:21:26.980,2,1.99,,512000000
2026-05-29 12:21:26.958,2,1.68,,512000000
2026-05-29 12:21:26.926,2,1.93,,512000000
2026-05-29 12:21:26.910,4,3.42,,512000000
2026-05-29 12:21:26.903,2,1.7,,512000000
2026-05-29 12:21:26.884,2,1.72,,512000000
2026-05-29 12:21:26.877,2,1.84,,512000000
2026-05-29 12:21:26.868,3,2.05,,512000000
2026-05-29 12:21:26.841,2,1.7,,512000000
2026-05-29 12:21:26.827,2,1.99,,512000000
2026-05-29 12:21:26.816,5,4.86,,512000000
2026-05-29 12:21:26.797,3,2.23,,512000000
2026-05-29 12:21:26.797,2,1.95,,512000000
2026-05-29 12:21:26.781,2,1.8,,512000000
2026-05-29 12:21:26.760,2,1.77,,512000000
2026-05-29 12:21:26.758,6,5.9,,512000000
2026-05-29 12:21:26.756,2,1.69,,512000000
2026-05-29 12:21:26.738,2,1.94,,512000000
2026-05-29 12:21:26.705,2,1.71,,512000000
2026-05-29 12:21:26.699,2,1.72,,512000000
2026-05-29 12:21:26.682,2,1.92,,512000000
2026-05-29 12:21:26.677,2,1.84,,512000000
2026-05-29 12:21:26.665,2,1.93,,512000000
2026-05-29 12:21:26.657,23,22.55,,512000000
2026-05-29 12:21:26.625,3,2.09,,512000000
2026-05-29 12:21:26.621,3,2.01,,512000000
2026-05-29 12:21:26.614,3,2.4,,512000000
2026-05-29 12:21:26.610,2,1.74,,512000000
2026-05-29 12:21:26.580,3,2.88,,512000000
2026-05-29 12:21:26.575,2,1.71,,512000000
2026-05-29 12:21:26.571,2,1.7,,512000000
2026-05-29 12:21:26.556,2,1.78,,512000000
2026-05-29 12:21:26.556,2,1.86,,512000000
2026-05-29 12:21:26.546,2,1.88,,512000000
2026-05-29 12:21:26.529,2,1.73,,512000000
2026-05-29 12:21:26.515,2,1.81,,512000000
2026-05-29 12:21:26.514,2,1.81,,512000000
2026-05-29 12:21:26.504,2,2,,512000000
2026-05-29 12:21:26.500,2,1.66,,512000000
2026-05-29 12:21:26.500,2,1.79,,512000000
2026-05-29 12:21:26.481,2,1.9,,512000000
2026-05-29 12:21:26.477,2,1.5,,512000000
2026-05-29 12:21:26.462,6,5.53,,512000000
2026-05-29 12:21:26.451,7,6.12,,512000000
2026-05-29 12:21:26.442,5,4.72,,512000000
2026-05-29 12:21:26.439,2,1.83,,512000000
2026-05-29 12:21:26.433,2,1.84,,512000000
2026-05-29 12:21:26.429,2,1.73,,512000000
2026-05-29 12:21:26.423,8,7.22,,512000000
2026-05-29 12:21:26.420,3,2.01,,512000000
2026-05-29 12:21:26.407,3,2.02,,512000000
2026-05-29 12:21:26.400,3,2.15,,512000000
2026-05-29 12:21:26.384,3,2.12,,512000000
2026-05-29 12:21:26.366,12,11.37,,512000000
2026-05-29 12:21:26.356,2,1.71,,512000000
2026-05-29 12:21:26.346,2,1.87,,512000000
2026-05-29 12:21:26.329,2,1.72,,512000000
2026-05-29 12:21:26.324,2,1.92,,512000000
2026-05-29 12:21:26.313,2,1.81,,512000000
2026-05-29 12:21:26.291,2,1.98,,512000000
2026-05-29 12:21:26.291,9,8.55,,512000000
2026-05-29 12:21:26.274,2,1.71,,512000000
2026-05-29 12:21:26.269,2,1.87,,512000000
2026-05-29 12:21:26.255,2,1.78,,512000000
2026-05-29 12:21:26.253,2,1.83,,512000000
2026-05-29 12:21:26.251,6,5.43,,512000000
2026-05-29 12:21:26.243,2,1.7,,512000000
2026-05-29 12:21:26.240,3,2.04,,512000000
2026-05-29 12:21:26.232,2,1.69,,512000000
2026-05-29 12:21:26.214,2,1.94,,512000000
2026-05-29 12:21:26.214,2,1.72,,512000000
2026-05-29 12:21:26.201,2,1.73,,512000000
2026-05-29 12:21:26.197,2,1.84,,512000000
2026-05-29 12:21:26.188,5,4.24,,512000000
2026-05-29 12:21:26.151,11,10.6,,512000000
2026-05-29 12:21:26.149,3,2.15,,512000000
2026-05-29 12:21:26.148,2,1.8,,512000000
2026-05-29 12:21:26.144,5,4.33,,512000000
2026-05-29 12:21:26.143,2,1.88,,512000000
2026-05-29 12:21:26.142,3,2.05,,512000000
2026-05-29 12:21:26.128,2,1.76,,512000000
2026-05-29 12:21:26.124,2,1.71,,512000000
2026-05-29 12:21:26.122,2,1.91,,512000000
2026-05-29 12:21:26.104,3,2.29,,512000000
2026-05-29 12:21:26.097,2,1.73,,512000000
2026-05-29 12:21:26.097,2,1.83,,512000000
2026-05-29 12:21:26.091,3,2.01,,512000000
2026-05-29 12:21:26.062,2,1.66,,512000000
2026-05-29 12:21:26.049,2,1.81,,512000000
2026-05-29 12:21:26.042,6,5.15,,512000000
2026-05-29 12:21:26.029,2,1.65,,512000000
2026-05-29 12:21:26.020,3,2.27,,512000000
2026-05-29 12:21:26.017,2,1.68,,512000000
2026-05-29 12:21:26.013,2,1.72,,512000000
2026-05-29 12:21:26.002,2,1.81,,512000000
2026-05-29 12:21:26.001,2,1.84,,512000000
2026-05-29 12:21:25.956,2,1.95,,512000000
2026-05-29 12:21:25.941,7,6.57,,512000000
2026-05-29 12:21:25.931,7,6.01,,512000000
2026-05-29 12:21:25.924,2,1.91,,512000000
2026-05-29 12:21:25.908,2,1.84,,512000000
2026-05-29 12:21:25.898,2,1.86,,512000000
2026-05-29 12:21:25.892,3,2.11,,512000000
2026-05-29 12:21:25.873,3,2.22,,512000000
2026-05-29 12:21:25.870,2,1.88,,512000000
2026-05-29 12:21:25.870,7,6.4,,512000000
2026-05-29 12:21:25.870,2,2,,512000000
2026-05-29 12:21:25.866,2,1.65,,512000000
2026-05-29 12:21:25.863,3,2.7,,512000000
2026-05-29 12:21:25.849,3,2.37,,512000000
2026-05-29 12:21:25.831,3,2.42,,512000000
2026-05-29 12:21:25.803,4,3.55,,512000000
2026-05-29 12:21:25.801,3,2.11,,512000000
2026-05-29 12:21:25.797,13,12.22,,512000000
2026-05-29 12:21:25.795,2,1.92,,512000000
2026-05-29 12:21:25.791,2,1.85,,512000000
2026-05-29 12:21:25.777,2,1.96,,512000000
2026-05-29 12:21:25.770,3,2.5,,512000000
2026-05-29 12:21:25.768,2,2,,512000000
2026-05-29 12:21:25.765,2,1.7,,512000000
2026-05-29 12:21:25.732,2,1.73,,512000000
2026-05-29 12:21:25.681,2,1.7,,512000000
2026-05-29 12:21:25.675,3,2.06,,512000000
2026-05-29 12:21:25.612,2,1.83,,512000000
2026-05-29 12:21:25.601,3,2.3,,512000000
2026-05-29 12:21:25.600,2,1.84,,512000000
2026-05-29 12:21:25.596,2,1.96,,512000000
2026-05-29 12:21:25.594,4,3.96,,512000000
2026-05-29 12:21:25.589,2,1.74,,512000000
2026-05-29 12:21:25.586,2,1.67,,512000000
2026-05-29 12:21:25.581,2,1.75,,512000000
2026-05-29 12:21:25.564,6,5.13,,512000000
2026-05-29 12:21:25.563,2,1.82,,512000000
2026-05-29 12:21:25.553,2,1.92,,512000000
2026-05-29 12:21:25.532,2,1.93,,512000000
2026-05-29 12:21:25.521,7,6.24,,512000000
2026-05-29 12:21:25.492,2,1.68,,512000000
2026-05-29 12:21:25.484,2,1.75,,512000000
2026-05-29 12:21:25.480,3,2.12,,512000000
2026-05-29 12:21:25.472,3,2.08,,512000000
2026-05-29 12:21:25.452,2,1.82,,512000000
2026-05-29 12:21:25.436,11,10.62,,512000000
2026-05-29 12:21:25.436,2,1.79,,512000000
2026-05-29 12:21:25.433,2,1.68,,512000000
2026-05-29 12:21:25.417,15,14.28,,512000000
2026-05-29 12:21:25.414,2,1.87,,512000000
2026-05-29 12:21:25.388,2,1.88,,512000000
2026-05-29 12:21:25.338,2,1.76,,512000000
2026-05-29 12:21:25.334,2,1.95,,512000000
2026-05-29 12:21:25.323,2,1.77,,512000000
2026-05-29 12:21:25.312,3,2.03,,512000000
2026-05-29 12:21:25.295,2,1.72,,512000000
2026-05-29 12:21:25.283,39,38.45,,512000000
2026-05-29 12:21:25.256,2,1.96,,512000000
2026-05-29 12:21:25.239,2,1.6,,512000000
2026-05-29 12:21:25.236,2,1.85,,512000000
2026-05-29 12:21:25.232,2,1.67,,512000000
2026-05-29 12:21:25.213,2,1.92,,512000000
2026-05-29 12:21:25.211,2,1.83,,512000000
2026-05-29 12:21:25.183,2,1.93,,512000000
2026-05-29 12:21:25.182,2,1.86,,512000000
2026-05-29 12:21:25.176,2,1.88,,512000000
2026-05-29 12:21:25.161,2,1.72,,512000000
2026-05-29 12:21:25.156,9,8.04,,512000000
2026-05-29 12:21:25.136,7,6.5,,512000000
2026-05-29 12:21:25.127,5,4.31,,512000000
2026-05-29 12:21:25.122,2,1.7,,512000000
2026-05-29 12:21:25.122,2,1.97,,512000000
2026-05-29 12:21:25.114,2,1.74,,512000000
2026-05-29 12:21:25.103,20,19.48,,512000000
2026-05-29 12:21:25.100,4,3.73,,512000000
2026-05-29 12:21:25.081,3,2.1,,512000000
2026-05-29 12:21:25.081,2,1.9,,512000000
2026-05-29 12:21:25.080,2,1.85,,512000000
2026-05-29 12:21:25.078,2,1.66,,512000000
2026-05-29 12:21:25.077,2,1.66,,512000000
2026-05-29 12:21:25.066,2,1.9,,512000000
2026-05-29 12:21:25.063,2,1.67,,512000000
2026-05-29 12:21:25.061,2,1.7,,512000000
2026-05-29 12:21:25.048,9,8.27,,512000000
2026-05-29 12:21:25.036,2,1.85,,512000000
2026-05-29 12:21:25.029,2,1.73,,512000000
2026-05-29 12:21:25.022,2,1.71,,512000000
2026-05-29 12:21:25.019,3,2.58,,512000000
2026-05-29 12:21:25.019,2,1.62,,512000000
2026-05-29 12:21:24.966,3,2.08,,512000000
2026-05-29 12:21:24.966,2,1.59,,512000000
2026-05-29 12:21:24.948,2,1.77,,512000000
2026-05-29 12:21:24.946,2,1.77,,512000000
2026-05-29 12:21:24.915,4,3.38,,512000000
2026-05-29 12:21:24.899,2,1.96,,512000000
2026-05-29 12:21:24.898,2,1.97,,512000000
2026-05-29 12:21:24.893,2,1.84,,512000000
2026-05-29 12:21:24.876,2,1.81,,512000000
2026-05-29 12:21:24.841,3,2.04,,512000000
2026-05-29 12:21:24.837,3,2.19,,512000000
2026-05-29 12:21:24.834,3,2.01,,512000000
2026-05-29 12:21:24.833,2,1.92,,512000000
2026-05-29 12:21:24.831,2,1.88,,512000000
2026-05-29 12:21:24.830,2,1.73,,512000000
2026-05-29 12:21:24.796,17,16.68,,512000000
2026-05-29 12:21:24.755,2,1.84,,512000000
2026-05-29 12:21:24.721,2,1.8,,512000000
2026-05-29 12:21:24.717,2,1.72,,512000000
2026-05-29 12:21:24.694,5,4.41,,512000000
2026-05-29 12:21:24.691,2,1.88,,512000000
2026-05-29 12:21:24.663,2,1.89,,512000000
2026-05-29 12:21:24.656,2,1.94,,512000000
2026-05-29 12:21:24.656,2,1.76,,512000000
2026-05-29 12:21:24.655,2,1.82,,512000000
2026-05-29 12:21:24.650,5,4.84,,512000000
2026-05-29 12:21:24.649,2,1.95,,512000000
2026-05-29 12:21:24.632,2,1.99,,512000000
2026-05-29 12:21:24.612,2,1.97,,512000000
2026-05-29 12:21:24.601,2,1.93,,512000000
2026-05-29 12:21:24.583,2,1.72,,512000000
2026-05-29 12:21:24.557,2,1.95,,512000000
2026-05-29 12:21:24.546,2,1.85,,512000000
2026-05-29 12:21:24.536,2,1.77,,512000000
2026-05-29 12:21:24.516,2,1.84,,512000000
2026-05-29 12:21:24.512,2,1.66,,512000000
2026-05-29 12:21:24.504,2,1.73,,512000000
2026-05-29 12:21:24.502,2,1.94,,512000000
2026-05-29 12:21:24.497,2,1.88,,512000000
2026-05-29 12:21:24.495,2,1.82,,512000000
2026-05-29 12:21:24.491,2,1.8,,512000000
2026-05-29 12:21:24.486,2,1.72,,512000000
2026-05-29 12:21:24.472,3,2.08,,512000000
2026-05-29 12:21:24.460,2,1.85,,512000000
2026-05-29 12:21:24.447,2,1.71,,512000000
2026-05-29 12:21:24.430,3,2.05,,512000000
2026-05-29 12:21:24.430,2,1.79,,512000000
2026-05-29 12:21:24.428,2,1.75,,512000000
2026-05-29 12:21:24.428,2,1.71,,512000000
2026-05-29 12:21:24.421,2,1.83,,512000000
2026-05-29 12:21:24.414,6,5.12,,512000000
2026-05-29 12:21:24.407,2,1.97,,512000000
2026-05-29 12:21:24.387,2,1.92,,512000000
2026-05-29 12:21:24.361,2,1.74,,512000000
2026-05-29 12:21:24.352,2,1.97,,512000000
2026-05-29 12:21:24.346,2,1.75,,512000000
2026-05-29 12:21:24.342,12,11.74,,512000000
2026-05-29 12:21:24.340,4,3.54,,512000000
2026-05-29 12:21:24.326,2,1.75,,512000000
2026-05-29 12:21:24.324,2,1.74,,512000000
2026-05-29 12:21:24.320,3,2.46,,512000000
2026-05-29 12:21:24.296,10,9.92,,512000000
2026-05-29 12:21:24.294,2,1.67,,512000000
2026-05-29 12:21:24.279,2,1.86,,512000000
2026-05-29 12:21:24.270,2,1.78,,512000000
2026-05-29 12:21:24.205,2,1.79,,512000000
2026-05-29 12:21:24.203,5,4.41,,512000000
2026-05-29 12:21:24.191,2,1.7,,512000000
2026-05-29 12:21:24.174,2,1.94,,512000000
2026-05-29 12:21:24.172,2,2,,512000000
2026-05-29 12:21:24.166,3,2.89,,512000000
2026-05-29 12:21:24.163,3,2.02,,512000000
2026-05-29 12:21:24.163,2,1.69,,512000000
2026-05-29 12:21:24.159,2,1.95,,512000000
2026-05-29 12:21:24.129,3,2.3,,512000000
2026-05-29 12:21:24.128,2,1.61,,512000000
2026-05-29 12:21:24.125,2,1.89,,512000000
2026-05-29 12:21:24.113,2,1.96,,512000000
2026-05-29 12:21:24.104,2,1.65,,512000000
2026-05-29 12:21:24.101,2,1.6,,512000000
2026-05-29 12:21:24.090,2,1.63,,512000000
2026-05-29 12:21:24.054,2,1.82,,512000000
2026-05-29 12:21:24.050,2,1.9,,512000000
2026-05-29 12:21:24.048,2,1.86,,512000000
2026-05-29 12:21:24.044,3,2.08,,512000000
2026-05-29 12:21:24.021,2,1.65,,512000000
2026-05-29 12:21:24.008,3,2.06,,512000000
2026-05-29 12:21:24.001,6,5.26,,512000000
2026-05-29 12:21:24.000,2,1.76,,512000000
2026-05-29 12:21:23.985,19,18.64,,512000000
2026-05-29 12:21:23.975,2,1.75,,512000000
2026-05-29 12:21:23.968,2,1.93,,512000000
2026-05-29 12:21:23.963,2,1.78,,512000000
2026-05-29 12:21:23.962,3,2.07,,512000000
2026-05-29 12:21:23.961,3,2.02,,512000000
2026-05-29 12:21:23.960,2,1.76,,512000000
2026-05-29 12:21:23.942,2,1.75,,512000000
2026-05-29 12:21:23.937,2,1.74,,512000000
2026-05-29 12:21:23.933,2,1.77,,512000000
2026-05-29 12:21:23.900,3,2.19,,512000000
2026-05-29 12:21:23.888,2,1.95,,512000000
2026-05-29 12:21:23.878,2,1.87,,512000000
2026-05-29 12:21:23.856,11,10.71,,512000000
2026-05-29 12:21:23.847,2,1.76,,512000000
2026-05-29 12:21:23.842,9,8.04,,512000000
2026-05-29 12:21:23.840,2,1.85,,512000000
2026-05-29 12:21:23.837,2,1.72,,512000000
2026-05-29 12:21:23.826,3,2.19,,512000000
2026-05-29 12:21:23.825,2,1.72,,512000000
2026-05-29 12:21:23.824,2,1.84,,512000000
2026-05-29 12:21:23.801,2,1.77,,512000000
2026-05-29 12:21:23.796,2,1.9,,512000000
2026-05-29 12:21:23.789,3,2.12,,512000000
2026-05-29 12:21:23.778,3,2.12,,512000000
2026-05-29 12:21:23.772,2,1.69,,512000000
2026-05-29 12:21:23.768,2,1.69,,512000000
2026-05-29 12:21:23.760,3,2.03,,512000000
2026-05-29 12:21:23.747,3,2.1,,512000000
2026-05-29 12:21:23.741,2,1.93,,512000000
2026-05-29 12:21:23.728,2,1.86,,512000000
2026-05-29 12:21:23.684,3,2.02,,512000000
2026-05-29 12:21:23.639,3,2.04,,512000000
2026-05-29 12:21:23.627,2,1.79,,512000000
2026-05-29 12:21:23.579,3,2.12,,512000000
2026-05-29 12:21:23.579,2,1.84,,512000000
2026-05-29 12:21:23.557,2,1.77,,512000000
2026-05-29 12:21:23.557,2,1.89,,512000000
2026-05-29 12:21:23.556,3,2.06,,512000000
2026-05-29 12:21:23.538,2,1.9,,512000000
2026-05-29 12:21:23.535,2,1.89,,512000000
2026-05-29 12:21:23.459,2,1.77,,512000000
2026-05-29 12:21:23.442,3,2.2,,512000000
2026-05-29 12:21:23.441,2,1.99,,512000000
2026-05-29 12:21:23.411,2,1.81,,512000000
2026-05-29 12:21:23.385,2,1.87,,512000000
2026-05-29 12:21:23.383,2,1.84,,512000000
2026-05-29 12:21:23.363,2,1.66,,512000000
2026-05-29 12:21:23.353,2,1.75,,512000000
2026-05-29 12:21:23.342,3,2.12,,512000000
2026-05-29 12:21:23.340,2,1.74,,512000000
2026-05-29 12:21:23.336,3,2.06,,512000000
2026-05-29 12:21:23.334,2,1.92,,512000000
2026-05-29 12:21:23.329,3,2.27,,512000000
2026-05-29 12:21:23.325,2,1.66,,512000000
2026-05-29 12:21:23.308,3,2.02,,512000000
2026-05-29 12:21:23.301,2,1.92,,512000000
2026-05-29 12:21:23.289,2,1.94,,512000000
2026-05-29 12:21:23.273,2,1.8,,512000000
2026-05-29 12:21:23.266,2,1.75,,512000000
2026-05-29 12:21:23.240,3,2.03,,512000000
2026-05-29 12:21:23.239,2,1.74,,512000000
2026-05-29 12:21:23.239,2,1.97,,512000000
2026-05-29 12:21:23.224,2,2,,512000000
2026-05-29 12:21:23.217,22,21.64,,512000000
2026-05-29 12:21:23.215,3,2.12,,512000000
2026-05-29 12:21:23.203,2,1.65,,512000000
2026-05-29 12:21:23.189,3,2.13,,512000000
2026-05-29 12:21:23.177,5,4.43,,512000000
2026-05-29 12:21:23.167,2,1.69,,512000000
2026-05-29 12:21:23.166,2,1.99,,512000000
2026-05-29 12:21:23.161,2,1.67,,512000000
2026-05-29 12:21:23.140,3,2.53,,512000000
2026-05-29 12:21:23.139,2,1.77,,512000000
2026-05-29 12:21:23.132,2,1.72,,512000000
2026-05-29 12:21:23.123,19,18.77,,512000000
2026-05-29 12:21:23.115,3,2.21,,512000000
2026-05-29 12:21:23.097,15,14.43,,512000000
2026-05-29 12:21:23.097,3,2.03,,512000000
2026-05-29 12:21:23.096,2,1.83,,512000000
2026-05-29 12:21:23.077,8,7.7,,512000000
2026-05-29 12:21:23.068,2,1.78,,512000000
2026-05-29 12:21:23.057,13,12.21,,512000000
2026-05-29 12:21:23.056,2,1.94,,512000000
2026-05-29 12:21:23.040,3,2.21,,512000000
2026-05-29 12:21:23.037,5,4.58,,512000000
2026-05-29 12:21:23.036,2,1.69,,512000000
2026-05-29 12:21:23.020,2,1.75,,512000000
2026-05-29 12:21:23.008,2,1.78,,512000000
2026-05-29 12:21:22.995,2,1.77,,512000000
2026-05-29 12:21:22.981,6,5.91,,512000000
2026-05-29 12:21:22.977,15,14.5,,512000000
2026-05-29 12:21:22.961,3,2.07,,512000000
2026-05-29 12:21:22.960,2,1.98,,512000000
2026-05-29 12:21:22.957,6,5.12,,512000000
2026-05-29 12:21:22.936,3,2.19,,512000000
2026-05-29 12:21:22.930,2,1.85,,512000000
2026-05-29 12:21:22.897,3,2.03,,512000000
2026-05-29 12:21:22.874,2,1.84,,512000000
2026-05-29 12:21:22.865,6,5.17,,512000000
2026-05-29 12:21:22.855,5,4.71,,512000000
2026-05-29 12:21:22.842,4,3.2,,512000000
2026-05-29 12:21:22.842,2,1.81,,512000000
2026-05-29 12:21:22.838,7,6.99,,512000000
2026-05-29 12:21:22.834,2,1.73,,512000000
2026-05-29 12:21:22.826,3,2.28,,512000000
2026-05-29 12:21:22.817,14,13.27,,512000000
2026-05-29 12:21:22.810,2,1.78,,512000000
2026-05-29 12:21:22.808,3,2,,512000000
2026-05-29 12:21:22.805,3,2.06,,512000000
2026-05-29 12:21:22.799,3,2.58,,512000000
2026-05-29 12:21:22.776,3,2.13,,512000000
2026-05-29 12:21:22.771,2,1.71,,512000000
2026-05-29 12:21:22.753,2,1.8,,512000000
2026-05-29 12:21:22.739,10,9.76,,512000000
2026-05-29 12:21:22.733,3,2.1,,512000000
2026-05-29 12:21:22.732,3,2.04,,512000000
2026-05-29 12:21:22.726,6,5.27,,512000000
2026-05-29 12:21:22.721,2,1.62,,512000000
2026-05-29 12:21:22.716,2,1.7,,512000000
2026-05-29 12:21:22.713,3,2.33,,512000000
2026-05-29 12:21:22.710,2,1.71,,512000000
2026-05-29 12:21:22.704,2,1.66,,512000000
2026-05-29 12:21:22.687,2,1.89,,512000000
2026-05-29 12:21:22.673,3,2.03,,512000000
2026-05-29 12:21:22.670,3,2.07,,512000000
2026-05-29 12:21:22.667,4,3.94,,512000000
2026-05-29 12:21:22.652,2,1.73,,512000000
2026-05-29 12:21:22.635,44,43.33,,512000000
2026-05-29 12:21:22.633,2,1.67,,512000000
2026-05-29 12:21:22.612,2,1.65,,512000000
2026-05-29 12:21:22.606,2,1.91,,512000000
2026-05-29 12:21:22.584,7,6.77,,512000000
2026-05-29 12:21:22.580,2,1.87,,512000000
2026-05-29 12:21:22.563,3,2.41,,512000000
2026-05-29 12:21:22.545,3,2.47,,512000000
2026-05-29 12:21:22.543,13,12.68,,512000000
2026-05-29 12:21:22.541,2,1.8,,512000000
2026-05-29 12:21:22.522,8,7.19,,512000000
2026-05-29 12:21:22.508,2,1.67,,512000000
2026-05-29 12:21:22.504,2,1.8,,512000000
2026-05-29 12:21:22.488,2,1.82,,512000000
2026-05-29 12:21:22.485,2,1.73,,512000000
2026-05-29 12:21:22.443,3,2.17,,512000000
2026-05-29 12:21:22.393,3,2.05,,512000000
2026-05-29 12:21:22.388,2,1.78,,512000000
2026-05-29 12:21:22.379,2,1.93,,512000000
2026-05-29 12:21:22.349,2,1.87,,512000000
2026-05-29 12:21:22.348,2,1.8,,512000000
2026-05-29 12:21:22.318,2,1.78,,512000000
2026-05-29 12:21:22.304,2,1.99,,512000000
2026-05-29 12:21:22.301,3,2.13,,512000000
2026-05-29 12:21:22.300,3,2.12,,512000000
2026-05-29 12:21:22.290,3,2.23,,512000000
2026-05-29 12:21:22.266,2,1.82,,512000000
2026-05-29 12:21:22.264,3,2.27,,512000000
2026-05-29 12:21:22.247,5,4.24,,512000000
2026-05-29 12:21:22.227,2,1.95,,512000000
2026-05-29 12:21:22.214,3,2.26,,512000000
2026-05-29 12:21:22.213,3,2.23,,512000000
2026-05-29 12:21:22.213,2,1.65,,512000000
2026-05-29 12:21:22.209,2,1.66,,512000000
2026-05-29 12:21:22.192,2,1.83,,512000000
2026-05-29 12:21:22.147,3,2.07,,512000000
2026-05-29 12:21:22.146,3,2.01,,512000000
2026-05-29 12:21:22.131,2,1.95,,512000000
2026-05-29 12:21:22.111,2,2,,512000000
2026-05-29 12:21:22.100,3,2.05,,512000000
2026-05-29 12:21:22.091,4,3.41,,512000000
2026-05-29 12:21:22.074,3,2.79,,512000000
2026-05-29 12:21:22.071,2,1.79,,512000000
2026-05-29 12:21:22.071,3,2.55,,512000000
2026-05-29 12:21:22.058,3,2.05,,512000000
2026-05-29 12:21:22.057,9,8.65,,512000000
2026-05-29 12:21:22.051,3,2.61,,512000000
2026-05-29 12:21:22.046,2,1.76,,512000000
2026-05-29 12:21:22.007,3,2.14,,512000000
2026-05-29 12:21:21.983,3,2.15,,512000000
2026-05-29 12:21:21.979,2,1.83,,512000000
2026-05-29 12:21:21.972,2,1.88,,512000000
2026-05-29 12:21:21.953,2,1.94,,512000000
2026-05-29 12:21:21.947,16,15.4,,512000000
2026-05-29 12:21:21.941,2,1.71,,512000000
2026-05-29 12:21:21.924,2,1.8,,512000000
2026-05-29 12:21:21.919,2,1.84,,512000000
2026-05-29 12:21:21.916,9,8.13,,512000000
2026-05-29 12:21:21.909,2,1.91,,512000000
2026-05-29 12:21:21.905,3,2.21,,512000000
2026-05-29 12:21:21.901,3,2.17,,512000000
2026-05-29 12:21:21.896,3,2.13,,512000000
2026-05-29 12:21:21.893,3,2.02,,512000000
2026-05-29 12:21:21.862,3,2.24,,512000000
2026-05-29 12:21:21.861,3,2.9,,512000000
2026-05-29 12:21:21.857,3,2.06,,512000000
2026-05-29 12:21:21.856,2,1.99,,512000000
2026-05-29 12:21:21.850,2,1.81,,512000000
2026-05-29 12:21:21.840,9,8.9,,512000000
2026-05-29 12:21:21.837,2,1.87,,512000000
2026-05-29 12:21:21.836,2,1.79,,512000000
2026-05-29 12:21:21.824,8,7.97,,512000000
2026-05-29 12:21:21.799,5,4.42,,512000000
2026-05-29 12:21:21.799,2,1.81,,512000000
2026-05-29 12:21:21.781,2,1.74,,512000000
2026-05-29 12:21:21.755,2,1.88,,512000000
2026-05-29 12:21:21.738,3,2.06,,512000000
2026-05-29 12:21:21.736,4,3.15,,512000000
2026-05-29 12:21:21.721,2,1.79,,512000000
2026-05-29 12:21:21.697,3,2.04,,512000000
2026-05-29 12:21:21.677,2,1.67,,512000000
2026-05-29 12:21:21.624,2,1.85,,512000000
2026-05-29 12:21:21.624,3,2.15,,512000000
2026-05-29 12:21:21.615,21,20.8,,512000000
2026-05-29 12:21:21.588,3,2.06,,512000000
2026-05-29 12:21:21.578,2,1.9,,512000000
2026-05-29 12:21:21.564,3,2,,512000000
2026-05-29 12:21:21.553,3,2.01,,512000000
2026-05-29 12:21:21.535,2,1.9,,512000000
2026-05-29 12:21:21.526,2,1.89,,512000000
2026-05-29 12:21:21.506,2,1.95,,512000000
2026-05-29 12:21:21.505,2,1.83,,512000000
2026-05-29 12:21:21.484,2,1.78,,512000000
2026-05-29 12:21:21.481,2,1.93,,512000000
2026-05-29 12:21:21.468,2,1.96,,512000000
2026-05-29 12:21:21.464,2,1.63,,512000000
2026-05-29 12:21:21.461,2,1.79,,512000000
2026-05-29 12:21:21.455,2,1.75,,512000000
2026-05-29 12:21:21.450,3,2.02,,512000000
2026-05-29 12:21:21.445,2,1.79,,512000000
2026-05-29 12:21:21.435,2,1.94,,512000000
2026-05-29 12:21:21.419,2,1.84,,512000000
2026-05-29 12:21:21.403,3,2.11,,512000000
2026-05-29 12:21:21.370,2,1.93,,512000000
2026-05-29 12:21:21.366,2,1.94,,512000000
2026-05-29 12:21:21.365,2,1.68,,512000000
2026-05-29 12:21:21.364,2,1.91,,512000000
2026-05-29 12:21:21.348,2,1.71,,512000000
2026-05-29 12:21:21.344,2,1.8,,512000000
2026-05-29 12:21:21.329,3,2.05,,512000000
2026-05-29 12:21:21.328,2,1.91,,512000000
2026-05-29 12:21:21.327,2,1.76,,512000000
2026-05-29 12:21:21.326,2,1.67,,512000000
2026-05-29 12:21:21.306,3,2.03,,512000000
2026-05-29 12:21:21.306,2,1.82,,512000000
2026-05-29 12:21:21.299,9,8.41,,512000000
2026-05-29 12:21:21.283,2,1.93,,512000000
2026-05-29 12:21:21.281,2,1.78,,512000000
2026-05-29 12:21:21.254,2,1.8,,512000000
2026-05-29 12:21:21.245,3,2.04,,512000000
2026-05-29 12:21:21.224,2,1.86,,512000000
2026-05-29 12:21:21.218,2,1.69,,512000000
2026-05-29 12:21:21.197,2,1.68,,512000000
2026-05-29 12:21:21.192,2,1.99,,512000000
2026-05-29 12:21:21.147,2,1.95,,512000000
2026-05-29 12:21:21.144,5,4.01,,512000000
2026-05-29 12:21:21.141,2,1.84,,512000000
2026-05-29 12:21:21.135,22,21.26,,512000000
2026-05-29 12:21:21.126,2,1.65,,512000000
2026-05-29 12:21:21.126,2,1.84,,512000000
2026-05-29 12:21:21.111,2,1.75,,512000000
2026-05-29 12:21:21.090,3,2.32,,512000000
2026-05-29 12:21:21.082,2,1.71,,512000000
2026-05-29 12:21:21.057,3,2.1,,512000000
2026-05-29 12:21:21.051,2,1.82,,512000000
2026-05-29 12:21:21.046,2,1.84,,512000000
2026-05-29 12:21:21.046,3,2.88,,512000000
2026-05-29 12:21:21.043,2,1.6,,512000000
2026-05-29 12:21:21.041,2,1.98,,512000000
2026-05-29 12:21:21.032,2,1.8,,512000000
2026-05-29 12:21:21.025,2,1.82,,512000000
2026-05-29 12:21:21.017,13,12.45,,512000000
2026-05-29 12:21:20.997,3,2.17,,512000000
2026-05-29 12:21:20.996,2,1.8,,512000000
2026-05-29 12:21:20.988,3,2.24,,512000000
2026-05-29 12:21:20.987,2,1.55,,512000000
2026-05-29 12:21:20.979,2,1.69,,512000000
2026-05-29 12:21:20.978,2,1.82,,512000000
2026-05-29 12:21:20.977,10,9.61,,512000000
2026-05-29 12:21:20.973,2,1.76,,512000000
2026-05-29 12:21:20.959,2,1.92,,512000000
2026-05-29 12:21:20.955,2,1.83,,512000000
2026-05-29 12:21:20.951,2,1.83,,512000000
2026-05-29 12:21:20.936,2,1.89,,512000000
2026-05-29 12:21:20.935,10,9.4,,512000000
2026-05-29 12:21:20.928,2,1.8,,512000000
2026-05-29 12:21:20.916,2,1.73,,512000000
2026-05-29 12:21:20.913,2,1.8,,512000000
2026-05-29 12:21:20.909,2,1.96,,512000000
2026-05-29 12:21:20.907,3,2.07,,512000000
2026-05-29 12:21:20.877,2,1.99,,512000000
2026-05-29 12:21:20.871,2,1.84,,512000000
2026-05-29 12:21:20.869,2,1.97,,512000000
2026-05-29 12:21:20.862,5,4.89,,512000000
2026-05-29 12:21:20.848,2,1.67,,512000000
2026-05-29 12:21:20.843,9,8.36,,512000000
2026-05-29 12:21:20.824,2,1.94,,512000000
2026-05-29 12:21:20.816,7,6.7,,512000000
2026-05-29 12:21:20.798,2,1.94,,512000000
2026-05-29 12:21:20.791,3,2.1,,512000000
2026-05-29 12:21:20.773,2,1.94,,512000000
2026-05-29 12:21:20.755,2,1.93,,512000000
2026-05-29 12:21:20.747,2,1.78,,512000000
2026-05-29 12:21:20.739,2,1.84,,512000000
2026-05-29 12:21:20.713,2,1.7,,512000000
2026-05-29 12:21:20.710,3,2.07,,512000000
2026-05-29 12:21:20.679,3,2.12,,512000000
2026-05-29 12:21:20.674,2,1.83,,512000000
2026-05-29 12:21:20.673,2,1.99,,512000000
2026-05-29 12:21:20.668,2,1.92,,512000000
2026-05-29 12:21:20.629,4,3.85,,512000000
2026-05-29 12:21:20.598,6,5.14,,512000000
2026-05-29 12:21:20.580,2,1.72,,512000000
2026-05-29 12:21:20.579,2,1.96,,512000000
2026-05-29 12:21:20.565,8,7.36,,512000000
2026-05-29 12:21:20.548,2,1.8,,512000000
2026-05-29 12:21:20.545,5,4.62,,512000000
2026-05-29 12:21:20.508,2,1.75,,512000000
2026-05-29 12:21:20.490,2,1.85,,512000000
2026-05-29 12:21:20.471,2,1.69,,512000000
2026-05-29 12:21:20.433,2,1.83,,512000000
2026-05-29 12:21:20.403,2,1.77,,512000000
2026-05-29 12:21:20.393,3,2.12,,512000000
2026-05-29 12:21:20.390,2,1.75,,512000000
2026-05-29 12:21:20.364,2,1.73,,512000000
2026-05-29 12:21:20.308,2,1.79,,512000000
2026-05-29 12:21:20.305,2,1.88,,512000000
2026-05-29 12:21:20.301,6,5.32,,512000000
2026-05-29 12:21:20.291,2,1.71,,512000000
2026-05-29 12:21:20.282,5,4.88,,512000000
2026-05-29 12:21:20.268,2,1.99,,512000000
2026-05-29 12:21:20.263,3,2.16,,512000000
2026-05-29 12:21:20.240,2,1.72,,512000000
2026-05-29 12:21:20.227,2,1.82,,512000000
2026-05-29 12:21:20.219,2,1.74,,512000000
2026-05-29 12:21:20.204,28,27.7,,512000000
2026-05-29 12:21:20.201,2,1.88,,512000000
2026-05-29 12:21:20.184,2,1.85,,512000000
2026-05-29 12:21:20.181,2,1.74,,512000000
2026-05-29 12:21:20.175,4,3.75,,512000000
2026-05-29 12:21:20.175,2,1.7,,512000000
2026-05-29 12:21:20.174,6,5.51,,512000000
2026-05-29 12:21:20.156,10,9.57,,512000000
2026-05-29 12:21:20.144,2,1.69,,512000000
2026-05-29 12:21:20.138,3,2.21,,512000000
2026-05-29 12:21:20.129,2,1.94,,512000000
2026-05-29 12:21:20.128,3,2.05,,512000000
2026-05-29 12:21:20.125,2,1.93,,512000000
2026-05-29 12:21:20.058,3,2.13,,512000000
2026-05-29 12:21:20.057,3,2.1,,512000000
2026-05-29 12:21:20.055,2,1.76,,512000000
2026-05-29 12:21:20.038,3,2.38,,512000000
2026-05-29 12:21:20.017,2,1.73,,512000000
2026-05-29 12:21:20.011,2,1.84,,512000000
2026-05-29 12:21:20.009,2,1.95,,512000000
2026-05-29 12:21:20.007,2,1.66,,512000000
2026-05-29 12:21:19.998,2,1.71,,512000000
2026-05-29 12:21:19.997,3,2.42,,512000000
2026-05-29 12:21:19.992,2,1.73,,512000000
2026-05-29 12:21:19.989,2,1.84,,512000000
2026-05-29 12:21:19.984,2,1.73,,512000000
2026-05-29 12:21:19.968,2,1.72,,512000000
2026-05-29 12:21:19.965,3,2.82,,512000000
2026-05-29 12:21:19.948,3,2.07,,512000000
2026-05-29 12:21:19.922,2,1.79,,512000000
2026-05-29 12:21:19.918,3,2.1,,512000000
2026-05-29 12:21:19.914,2,1.77,,512000000
2026-05-29 12:21:19.908,2,1.74,,512000000
2026-05-29 12:21:19.900,2,1.9,,512000000
2026-05-29 12:21:19.878,2,1.73,,512000000
2026-05-29 12:21:19.876,3,2.04,,512000000
2026-05-29 12:21:19.875,3,2.3,,512000000
2026-05-29 12:21:19.867,2,1.78,,512000000
2026-05-29 12:21:19.866,2,1.73,,512000000
2026-05-29 12:21:19.865,2,1.65,,512000000
2026-05-29 12:21:19.824,13,12.48,,512000000
2026-05-29 12:21:19.824,2,1.9,,512000000
2026-05-29 12:21:19.810,3,2.19,,512000000
2026-05-29 12:21:19.806,2,1.87,,512000000
2026-05-29 12:21:19.786,2,1.66,,512000000
2026-05-29 12:21:19.779,6,5.66,,512000000
2026-05-29 12:21:19.773,2,1.97,,512000000
2026-05-29 12:21:19.772,2,1.75,,512000000
2026-05-29 12:21:19.772,2,1.97,,512000000
2026-05-29 12:21:19.757,5,4.56,,512000000
2026-05-29 12:21:19.741,2,1.56,,512000000
2026-05-29 12:21:19.726,2,1.74,,512000000
2026-05-29 12:21:19.707,2,1.9,,512000000
2026-05-29 12:21:19.681,2,1.78,,512000000
2026-05-29 12:21:19.678,2,1.88,,512000000
2026-05-29 12:21:19.666,2,1.81,,512000000
2026-05-29 12:21:19.642,2,1.77,,512000000
2026-05-29 12:21:19.630,2,1.81,,512000000
2026-05-29 12:21:19.625,2,1.75,,512000000
2026-05-29 12:21:19.606,6,5.34,,512000000
2026-05-29 12:21:19.600,2,1.66,,512000000
2026-05-29 12:21:19.594,2,1.88,,512000000
2026-05-29 12:21:19.586,2,1.81,,512000000
2026-05-29 12:21:19.566,2,1.91,,512000000
2026-05-29 12:21:19.556,18,17.69,,512000000
2026-05-29 12:21:19.543,12,11.49,,512000000
2026-05-29 12:21:19.543,2,1.82,,512000000
2026-05-29 12:21:19.534,2,1.83,,512000000
2026-05-29 12:21:19.533,2,1.84,,512000000
2026-05-29 12:21:19.523,3,2.09,,512000000
2026-05-29 12:21:19.490,3,2.74,,512000000
2026-05-29 12:21:19.489,2,1.72,,512000000
2026-05-29 12:21:19.461,3,2.08,,512000000
2026-05-29 12:21:19.438,2,1.87,,512000000
2026-05-29 12:21:19.432,2,1.78,,512000000
2026-05-29 12:21:19.431,3,2.05,,512000000
2026-05-29 12:21:19.429,2,1.87,,512000000
2026-05-29 12:21:19.420,2,1.81,,512000000
2026-05-29 12:21:19.412,2,1.82,,512000000
2026-05-29 12:21:19.411,2,1.88,,512000000
2026-05-29 12:21:19.410,2,1.7,,512000000
2026-05-29 12:21:19.393,2,1.76,,512000000
2026-05-29 12:21:19.388,2,1.69,,512000000
2026-05-29 12:21:19.386,2,1.83,,512000000
2026-05-29 12:21:19.372,2,1.99,,512000000
2026-05-29 12:21:19.354,2,1.76,,512000000
2026-05-29 12:21:19.353,3,2.26,,512000000
2026-05-29 12:21:19.344,2,1.79,,512000000
2026-05-29 12:21:19.336,2,1.61,,512000000
2026-05-29 12:21:19.289,2,1.83,,512000000
2026-05-29 12:21:19.284,2,1.71,,512000000
2026-05-29 12:21:19.283,2,1.83,,512000000
2026-05-29 12:21:19.270,2,1.71,,512000000
2026-05-29 12:21:19.266,2,1.79,,512000000
2026-05-29 12:21:19.261,3,2.02,,512000000
2026-05-29 12:21:19.237,3,2.73,,512000000
2026-05-29 12:21:19.228,2,1.76,,512000000
2026-05-29 12:21:19.224,2,1.85,,512000000
2026-05-29 12:21:19.215,2,1.94,,512000000
2026-05-29 12:21:19.202,4,3.01,,512000000
2026-05-29 12:21:19.195,2,1.63,,512000000
2026-05-29 12:21:19.183,2,1.87,,512000000
2026-05-29 12:21:19.177,2,1.77,,512000000
2026-05-29 12:21:19.175,2,1.66,,512000000
2026-05-29 12:21:19.159,2,1.63,,512000000
2026-05-29 12:21:19.150,2,1.93,,512000000
2026-05-29 12:21:19.147,2,1.96,,512000000
2026-05-29 12:21:19.116,11,10.52,,512000000
2026-05-29 12:21:19.111,4,3.41,,512000000
2026-05-29 12:21:19.105,2,1.85,,512000000
2026-05-29 12:21:19.104,7,6.67,,512000000
2026-05-29 12:21:19.102,10,9.38,,512000000
2026-05-29 12:21:19.098,2,1.72,,512000000
2026-05-29 12:21:19.089,2,1.83,,512000000
2026-05-29 12:21:19.084,20,19.08,,512000000
2026-05-29 12:21:19.072,2,1.86,,512000000
2026-05-29 12:21:19.061,2,1.83,,512000000
2026-05-29 12:21:19.057,9,8.64,,512000000
2026-05-29 12:21:19.056,2,2,,512000000
2026-05-29 12:21:19.051,2,1.68,,512000000
2026-05-29 12:21:19.044,3,2.07,,512000000
2026-05-29 12:21:19.044,2,1.85,,512000000
2026-05-29 12:21:19.038,16,15.16,,512000000
2026-05-29 12:21:19.017,2,1.83,,512000000
2026-05-29 12:21:19.017,5,4.58,,512000000
2026-05-29 12:21:19.000,2,1.81,,512000000
2026-05-29 12:21:18.978,2,1.85,,512000000
2026-05-29 12:21:18.965,2,1.65,,512000000
2026-05-29 12:21:18.960,2,1.75,,512000000
2026-05-29 12:21:18.948,2,1.89,,512000000
2026-05-29 12:21:18.933,2,1.83,,512000000
2026-05-29 12:21:18.900,2,1.7,,512000000
2026-05-29 12:21:18.890,3,2.14,,512000000
2026-05-29 12:21:18.888,2,1.69,,512000000
2026-05-29 12:21:18.866,2,1.73,,512000000
2026-05-29 12:21:18.856,8,7.45,,512000000
2026-05-29 12:21:18.837,10,9.1,,512000000
2026-05-29 12:21:18.834,3,2,,512000000
2026-05-29 12:21:18.832,2,1.72,,512000000
2026-05-29 12:21:18.832,2,1.7,,512000000
2026-05-29 12:21:18.830,2,1.67,,512000000
2026-05-29 12:21:18.823,3,2.16,,512000000
2026-05-29 12:21:18.817,2,1.64,,512000000
2026-05-29 12:21:18.815,6,5.76,,512000000
2026-05-29 12:21:18.796,2,1.83,,512000000
2026-05-29 12:21:18.793,2,1.89,,512000000
2026-05-29 12:21:18.747,3,2.18,,512000000
2026-05-29 12:21:18.701,2,1.67,,512000000
2026-05-29 12:21:18.700,2,1.81,,512000000
2026-05-29 12:21:18.692,2,1.92,,512000000
2026-05-29 12:21:18.682,2,1.63,,512000000
2026-05-29 12:21:18.663,2,1.9,,512000000
2026-05-29 12:21:18.609,2,1.74,,512000000
2026-05-29 12:21:18.607,3,2.14,,512000000
2026-05-29 12:21:18.606,2,1.71,,512000000
2026-05-29 12:21:18.600,2,1.86,,512000000
2026-05-29 12:21:18.560,2,1.82,,512000000
2026-05-29 12:21:18.545,3,2.07,,512000000
2026-05-29 12:21:18.536,9,8.58,,512000000
2026-05-29 12:21:18.523,2,1.88,,512000000
2026-05-29 12:21:18.518,2,1.66,,512000000
2026-05-29 12:21:18.515,2,1.74,,512000000
2026-05-29 12:21:18.506,2,1.88,,512000000
2026-05-29 12:21:18.506,7,6.09,,512000000
2026-05-29 12:21:18.496,20,19.88,,512000000
2026-05-29 12:21:18.469,2,1.99,,512000000
2026-05-29 12:21:18.436,3,2.38,,512000000
2026-05-29 12:21:18.434,2,1.88,,512000000
2026-05-29 12:21:18.424,2,1.75,,512000000
2026-05-29 12:21:18.356,67,66.58,,512000000
2026-05-29 12:21:18.344,2,1.85,,512000000
2026-05-29 12:21:18.339,2,1.72,,512000000
2026-05-29 12:21:18.326,11,10.52,,512000000
2026-05-29 12:21:18.322,2,1.8,,512000000
2026-05-29 12:21:18.320,2,1.71,,512000000
2026-05-29 12:21:18.307,18,17.77,,512000000
2026-05-29 12:21:18.299,2,1.74,,512000000
2026-05-29 12:21:18.289,2,1.81,,512000000
2026-05-29 12:21:18.281,9,8.47,,512000000
2026-05-29 12:21:18.269,2,1.71,,512000000
2026-05-29 12:21:18.267,2,1.68,,512000000
2026-05-29 12:21:18.266,2,1.72,,512000000
2026-05-29 12:21:18.257,2,1.81,,512000000
2026-05-29 12:21:18.249,2,1.81,,512000000
2026-05-29 12:21:18.226,2,1.68,,512000000
2026-05-29 12:21:18.223,2,1.85,,512000000
2026-05-29 12:21:18.214,2,1.77,,512000000
2026-05-29 12:21:18.190,4,3.84,,512000000
2026-05-29 12:21:18.177,2,1.65,,512000000
2026-05-29 12:21:18.145,2,1.76,,512000000
2026-05-29 12:21:18.138,2,1.72,,512000000
2026-05-29 12:21:18.108,3,2.14,,512000000
2026-05-29 12:21:18.104,2,1.81,,512000000
2026-05-29 12:21:18.058,2,1.8,,512000000
2026-05-29 12:21:18.034,2,1.72,,512000000
2026-05-29 12:21:18.020,2,1.92,,512000000
2026-05-29 12:21:18.002,2,1.93,,512000000
2026-05-29 12:21:17.987,2,1.98,,512000000
2026-05-29 12:21:17.973,2,1.72,,512000000
2026-05-29 12:21:17.972,3,2.06,,512000000
2026-05-29 12:21:17.964,2,1.79,,512000000
2026-05-29 12:21:17.958,2,1.8,,512000000
2026-05-29 12:21:17.958,3,2.59,,512000000
2026-05-29 12:21:17.940,2,1.77,,512000000
2026-05-29 12:21:17.903,2,1.71,,512000000
2026-05-29 12:21:17.877,2,1.89,,512000000
2026-05-29 12:21:17.877,20,19.88,,512000000
2026-05-29 12:21:17.865,2,1.91,,512000000
2026-05-29 12:21:17.861,6,5.86,,512000000
2026-05-29 12:21:17.859,11,10.46,,512000000
2026-05-29 12:21:17.850,2,1.75,,512000000
2026-05-29 12:21:17.841,4,3.42,,512000000
2026-05-29 12:21:17.837,3,2.16,,512000000
2026-05-29 12:21:17.824,3,2.23,,512000000
2026-05-29 12:21:17.820,3,2.01,,512000000
2026-05-29 12:21:17.807,2,1.74,,512000000
2026-05-29 12:21:17.803,13,12.09,,512000000
2026-05-29 12:21:17.802,3,2.17,,512000000
2026-05-29 12:21:17.800,7,6.45,,512000000
2026-05-29 12:21:17.784,2,1.85,,512000000
2026-05-29 12:21:17.784,6,5.86,,512000000
2026-05-29 12:21:17.764,2,1.95,,512000000
2026-05-29 12:21:17.750,3,2.99,,512000000
2026-05-29 12:21:17.747,4,3.05,,512000000
2026-05-29 12:21:17.738,3,2.09,,512000000
2026-05-29 12:21:17.724,12,11.41,,512000000
2026-05-29 12:21:17.716,11,10.11,,512000000
2026-05-29 12:21:17.712,2,1.66,,512000000
2026-05-29 12:21:17.704,11,10.93,,512000000
2026-05-29 12:21:17.698,3,2.03,,512000000
2026-05-29 12:21:17.680,2,1.84,,512000000
2026-05-29 12:21:17.671,2,1.7,,512000000
2026-05-29 12:21:17.653,3,2.01,,512000000
2026-05-29 12:21:17.637,2,1.98,,512000000
2026-05-29 12:21:17.626,2,1.89,,512000000
2026-05-29 12:21:17.597,11,10.06,,512000000
2026-05-29 12:21:17.591,2,1.88,,512000000
2026-05-29 12:21:17.570,2,1.93,,512000000
2026-05-29 12:21:17.567,2,1.66,,512000000
2026-05-29 12:21:17.563,2,1.96,,512000000
2026-05-29 12:21:17.558,8,7.49,,512000000
2026-05-29 12:21:17.557,2,1.75,,512000000
2026-05-29 12:21:17.548,2,1.94,,512000000
2026-05-29 12:21:17.541,15,14.08,,512000000
2026-05-29 12:21:17.541,6,5.75,,512000000
2026-05-29 12:21:17.533,2,1.8,,512000000
2026-05-29 12:21:17.527,2,1.96,,512000000
2026-05-29 12:21:17.527,2,1.81,,512000000
2026-05-29 12:21:17.524,2,1.93,,512000000
2026-05-29 12:21:17.520,2,1.57,,512000000
2026-05-29 12:21:17.510,2,1.72,,512000000
2026-05-29 12:21:17.498,2,1.8,,512000000
2026-05-29 12:21:17.496,2,1.85,,512000000
2026-05-29 12:21:17.495,2,1.92,,512000000
2026-05-29 12:21:17.494,2,1.82,,512000000
2026-05-29 12:21:17.471,2,1.71,,512000000
2026-05-29 12:21:17.470,3,2.14,,512000000
2026-05-29 12:21:17.450,2,1.79,,512000000
2026-05-29 12:21:17.443,3,2.45,,512000000
2026-05-29 12:21:17.437,2,1.73,,512000000
2026-05-29 12:21:17.435,2,1.73,,512000000
2026-05-29 12:21:17.430,3,2.39,,512000000
2026-05-29 12:21:17.410,3,2.66,,512000000
2026-05-29 12:21:17.396,2,1.67,,512000000
2026-05-29 12:21:17.395,14,13.56,,512000000
2026-05-29 12:21:17.392,2,1.73,,512000000
2026-05-29 12:21:17.380,2,1.95,,512000000
2026-05-29 12:21:17.376,2,1.97,,512000000
2026-05-29 12:21:17.373,2,1.78,,512000000
2026-05-29 12:21:17.356,4,3.02,,512000000
2026-05-29 12:21:17.345,2,1.8,,512000000
2026-05-29 12:21:17.324,17,16.4,,512000000
2026-05-29 12:21:17.322,2,1.67,,512000000
2026-05-29 12:21:17.318,2,1.79,,512000000
2026-05-29 12:21:17.305,3,2.02,,512000000
2026-05-29 12:21:17.287,2,1.76,,512000000
2026-05-29 12:21:17.287,2,1.76,,512000000
2026-05-29 12:21:17.244,3,2.31,,512000000
2026-05-29 12:21:17.242,2,1.69,,512000000
2026-05-29 12:21:17.237,2,1.79,,512000000
2026-05-29 12:21:17.233,2,1.7,,512000000
2026-05-29 12:21:17.210,2,1.96,,512000000
2026-05-29 12:21:17.172,2,1.79,,512000000
2026-05-29 12:21:17.168,5,4.95,,512000000
2026-05-29 12:21:17.159,2,1.92,,512000000
2026-05-29 12:21:17.154,2,1.72,,512000000
2026-05-29 12:21:17.149,2,1.69,,512000000
2026-05-29 12:21:17.127,2,1.83,,512000000
2026-05-29 12:21:17.120,3,2.61,,512000000
2026-05-29 12:21:17.108,3,2.04,,512000000
2026-05-29 12:21:17.105,9,8.07,,512000000
2026-05-29 12:21:17.099,2,1.74,,512000000
2026-05-29 12:21:17.087,47,46.7,,512000000
2026-05-29 12:21:17.084,3,2.04,,512000000
2026-05-29 12:21:17.053,3,2.54,,512000000
2026-05-29 12:21:17.002,2,1.91,,512000000
2026-05-29 12:21:17.002,2,1.77,,512000000
2026-05-29 12:21:16.997,10,9.36,,512000000
2026-05-29 12:21:16.982,2,1.86,,512000000
2026-05-29 12:21:16.980,3,2.63,,512000000
2026-05-29 12:21:16.955,4,3.34,,512000000
2026-05-29 12:21:16.951,2,1.69,,512000000
2026-05-29 12:21:16.949,3,2.05,,512000000
2026-05-29 12:21:16.941,2,1.81,,512000000
2026-05-29 12:21:16.937,3,2.19,,512000000
2026-05-29 12:21:16.933,2,1.89,,512000000
2026-05-29 12:21:16.923,2,1.87,,512000000
2026-05-29 12:21:16.899,2,1.92,,512000000
2026-05-29 12:21:16.865,2,1.81,,512000000
2026-05-29 12:21:16.859,2,1.86,,512000000
2026-05-29 12:21:16.772,2,1.93,,512000000
2026-05-29 12:21:16.764,2,1.84,,512000000
2026-05-29 12:21:16.755,3,2.25,,512000000
2026-05-29 12:21:16.753,2,1.88,,512000000
2026-05-29 12:21:16.734,4,3.86,,512000000
2026-05-29 12:21:16.729,2,1.69,,512000000
2026-05-29 12:21:16.719,2,1.71,,512000000
2026-05-29 12:21:16.718,2,1.84,,512000000
2026-05-29 12:21:16.679,3,2.21,,512000000
2026-05-29 12:21:16.673,2,1.79,,512000000
2026-05-29 12:21:16.654,2,1.81,,512000000
2026-05-29 12:21:16.652,2,1.93,,512000000
2026-05-29 12:21:16.650,2,1.74,,512000000
2026-05-29 12:21:16.637,2,1.92,,512000000
2026-05-29 12:21:16.635,2,1.72,,512000000
2026-05-29 12:21:16.634,2,1.9,,512000000
2026-05-29 12:21:16.613,2,1.75,,512000000
2026-05-29 12:21:16.611,2,1.94,,512000000
2026-05-29 12:21:16.607,2,1.77,,512000000
2026-05-29 12:21:16.602,2,1.89,,512000000
2026-05-29 12:21:16.580,2,1.8,,512000000
2026-05-29 12:21:16.546,2,1.89,,512000000
2026-05-29 12:21:16.541,3,2.1,,512000000
2026-05-29 12:21:16.537,2,1.94,,512000000
2026-05-29 12:21:16.531,3,2.01,,512000000
2026-05-29 12:21:16.522,4,3.42,,512000000
2026-05-29 12:21:16.508,2,1.8,,512000000
2026-05-29 12:21:16.506,2,1.89,,512000000
2026-05-29 12:21:16.495,11,10.65,,512000000
2026-05-29 12:21:16.490,2,1.95,,512000000
2026-05-29 12:21:16.489,3,2.18,,512000000
2026-05-29 12:21:16.477,2,1.68,,512000000
2026-05-29 12:21:16.443,2,1.92,,512000000
2026-05-29 12:21:16.421,2,1.76,,512000000
2026-05-29 12:21:16.408,2,1.89,,512000000
2026-05-29 12:21:16.401,2,1.77,,512000000
2026-05-29 12:21:16.396,2,1.75,,512000000
2026-05-29 12:21:16.394,2,1.97,,512000000
2026-05-29 12:21:16.387,3,2.04,,512000000
2026-05-29 12:21:16.379,2,1.67,,512000000
2026-05-29 12:21:16.369,4,3.41,,512000000
2026-05-29 12:21:16.357,2,1.92,,512000000
2026-05-29 12:21:16.355,2,1.8,,512000000
2026-05-29 12:21:16.350,2,1.85,,512000000
2026-05-29 12:21:16.337,2,1.77,,512000000
2026-05-29 12:21:16.336,13,12.64,,512000000
2026-05-29 12:21:16.322,2,1.6,,512000000
2026-05-29 12:21:16.317,2,1.78,,512000000
2026-05-29 12:21:16.316,3,2.12,,512000000
2026-05-29 12:21:16.300,2,1.82,,512000000
2026-05-29 12:21:16.300,5,4.03,,512000000
2026-05-29 12:21:16.276,2,1.82,,512000000
2026-05-29 12:21:16.276,2,1.82,,512000000
2026-05-29 12:21:16.266,2,1.8,,512000000
2026-05-29 12:21:16.258,2,1.88,,512000000
2026-05-29 12:21:16.245,2,1.71,,512000000
2026-05-29 12:21:16.239,3,2.1,,512000000
2026-05-29 12:21:16.222,3,2.17,,512000000
2026-05-29 12:21:16.211,3,2.11,,512000000
2026-05-29 12:21:16.197,3,2.86,,512000000
2026-05-29 12:21:16.179,3,2.06,,512000000
2026-05-29 12:21:16.178,2,1.66,,512000000
2026-05-29 12:21:16.174,3,2.01,,512000000
2026-05-29 12:21:16.152,3,2.02,,512000000
2026-05-29 12:21:16.139,4,3.53,,512000000
2026-05-29 12:21:16.134,2,1.76,,512000000
2026-05-29 12:21:16.130,3,2.19,,512000000
2026-05-29 12:21:16.120,3,2.27,,512000000
2026-05-29 12:21:16.115,3,2.81,,512000000
2026-05-29 12:21:16.111,2,1.82,,512000000
2026-05-29 12:21:16.111,3,2.39,,512000000
2026-05-29 12:21:16.108,2,1.71,,512000000
2026-05-29 12:21:16.103,2,1.72,,512000000
2026-05-29 12:21:16.078,2,1.98,,512000000
2026-05-29 12:21:16.077,2,1.85,,512000000
2026-05-29 12:21:16.071,2,1.75,,512000000
2026-05-29 12:21:16.062,2,1.76,,512000000
2026-05-29 12:21:16.047,2,1.86,,512000000
2026-05-29 12:21:16.042,2,1.66,,512000000
2026-05-29 12:21:16.021,2,1.89,,512000000
2026-05-29 12:21:16.000,2,1.8,,512000000
2026-05-29 12:21:15.982,2,1.7,,512000000
2026-05-29 12:21:15.979,2,1.7,,512000000
2026-05-29 12:21:15.969,2,1.97,,512000000
2026-05-29 12:21:15.941,2,1.75,,512000000
2026-05-29 12:21:15.937,2,1.75,,512000000
2026-05-29 12:21:15.925,2,1.86,,512000000
2026-05-29 12:21:15.924,2,1.91,,512000000
2026-05-29 12:21:15.922,2,1.92,,512000000
2026-05-29 12:21:15.920,2,1.81,,512000000
2026-05-29 12:21:15.897,2,1.96,,512000000
2026-05-29 12:21:15.892,2,1.97,,512000000
2026-05-29 12:21:15.877,9,8.46,,512000000
2026-05-29 12:21:15.852,2,1.73,,512000000
2026-05-29 12:21:15.836,3,2.04,,512000000
2026-05-29 12:21:15.831,2,1.81,,512000000
2026-05-29 12:21:15.824,2,1.87,,512000000
2026-05-29 12:21:15.796,10,9.19,,512000000
2026-05-29 12:21:15.777,3,2.1,,512000000
2026-05-29 12:21:15.769,2,1.73,,512000000
2026-05-29 12:21:15.759,3,2.26,,512000000
2026-05-29 12:21:15.746,3,2.02,,512000000
2026-05-29 12:21:15.728,2,1.9,,512000000
2026-05-29 12:21:15.712,2,1.99,,512000000
2026-05-29 12:21:15.708,2,1.76,,512000000
2026-05-29 12:21:15.708,2,1.68,,512000000
2026-05-29 12:21:15.705,2,1.88,,512000000
2026-05-29 12:21:15.704,2,1.75,,512000000
2026-05-29 12:21:15.694,2,1.9,,512000000
2026-05-29 12:21:15.691,3,2.13,,512000000
2026-05-29 12:21:15.666,3,2.17,,512000000
2026-05-29 12:21:15.663,2,1.84,,512000000
2026-05-29 12:21:15.655,2,1.82,,512000000
2026-05-29 12:21:15.645,6,5.34,,512000000
2026-05-29 12:21:15.643,3,2.49,,512000000
2026-05-29 12:21:15.617,2,1.95,,512000000
2026-05-29 12:21:15.605,20,19.75,,512000000
2026-05-29 12:21:15.592,2,1.82,,512000000
2026-05-29 12:21:15.585,14,13.04,,512000000
2026-05-29 12:21:15.579,2,1.97,,512000000
2026-05-29 12:21:15.574,2,1.93,,512000000
2026-05-29 12:21:15.562,3,2.17,,512000000
2026-05-29 12:21:15.561,2,1.88,,512000000
2026-05-29 12:21:15.551,2,1.89,,512000000
2026-05-29 12:21:15.507,2,1.73,,512000000
2026-05-29 12:21:15.481,2,1.86,,512000000
2026-05-29 12:21:15.481,3,2.36,,512000000
2026-05-29 12:21:15.477,2,1.86,,512000000
2026-05-29 12:21:15.466,3,2.04,,512000000
2026-05-29 12:21:15.426,2,1.8,,512000000
2026-05-29 12:21:15.395,2,1.88,,512000000
2026-05-29 12:21:15.373,3,2.11,,512000000
2026-05-29 12:21:15.350,2,1.82,,512000000
2026-05-29 12:21:15.347,3,2.18,,512000000
2026-05-29 12:21:15.305,17,16.51,,512000000
2026-05-29 12:21:15.286,2,1.74,,512000000
2026-05-29 12:21:15.277,2,1.92,,512000000
2026-05-29 12:21:15.257,9,8.08,,512000000
2026-05-29 12:21:15.248,2,1.85,,512000000
2026-05-29 12:21:15.239,3,2.04,,512000000
2026-05-29 12:21:15.233,2,1.87,,512000000
2026-05-29 12:21:15.232,2,1.87,,512000000
2026-05-29 12:21:15.229,2,1.77,,512000000
2026-05-29 12:21:15.228,2,1.71,,512000000
2026-05-29 12:21:15.213,2,1.74,,512000000
2026-05-29 12:21:15.208,3,2.21,,512000000
2026-05-29 12:21:15.183,2,1.72,,512000000
2026-05-29 12:21:15.161,3,2.23,,512000000
2026-05-29 12:21:15.150,3,2.11,,512000000
2026-05-29 12:21:15.148,2,1.69,,512000000
2026-05-29 12:21:15.146,2,1.91,,512000000
2026-05-29 12:21:15.140,2,1.69,,512000000
2026-05-29 12:21:15.128,2,1.71,,512000000
2026-05-29 12:21:15.120,2,1.96,,512000000
2026-05-29 12:21:15.095,2,1.8,,512000000
2026-05-29 12:21:15.095,2,1.71,,512000000
2026-05-29 12:21:15.079,2,1.79,,512000000
2026-05-29 12:21:15.074,6,6,,512000000
2026-05-29 12:21:15.067,2,1.95,,512000000
2026-05-29 12:21:15.063,5,4.08,,512000000
2026-05-29 12:21:15.061,2,1.68,,512000000
2026-05-29 12:21:15.061,2,1.79,,512000000
2026-05-29 12:21:15.046,2,1.77,,512000000
2026-05-29 12:21:15.038,8,7.63,,512000000
2026-05-29 12:21:15.036,3,2.03,,512000000
2026-05-29 12:21:15.034,4,3,,512000000
2026-05-29 12:21:15.029,2,1.95,,512000000
2026-05-29 12:21:15.025,3,2.04,,512000000
2026-05-29 12:21:15.002,3,2.44,,512000000
2026-05-29 12:21:15.000,3,2.04,,512000000
2026-05-29 12:21:14.996,3,2.39,,512000000
2026-05-29 12:21:14.995,2,1.7,,512000000
2026-05-29 12:21:14.978,2,1.94,,512000000
2026-05-29 12:21:14.977,6,5.81,,512000000
2026-05-29 12:21:14.972,2,1.65,,512000000
2026-05-29 12:21:14.971,2,1.77,,512000000
2026-05-29 12:21:14.963,2,1.62,,512000000
2026-05-29 12:21:14.956,7,6.2,,512000000
2026-05-29 12:21:14.951,2,1.54,,512000000
2026-05-29 12:21:14.943,2,1.87,,512000000
2026-05-29 12:21:14.938,2,1.7,,512000000
2026-05-29 12:21:14.916,2,1.8,,512000000
2026-05-29 12:21:14.883,2,1.82,,512000000
2026-05-29 12:21:14.879,2,1.72,,512000000
2026-05-29 12:21:14.878,2,1.91,,512000000
2026-05-29 12:21:14.851,12,11.2,,512000000
2026-05-29 12:21:14.848,2,1.86,,512000000
2026-05-29 12:21:14.844,2,1.85,,512000000
2026-05-29 12:21:14.833,2,1.72,,512000000
2026-05-29 12:21:14.828,3,2.08,,512000000
2026-05-29 12:21:14.825,2,1.69,,512000000
2026-05-29 12:21:14.807,2,1.84,,512000000
2026-05-29 12:21:14.807,2,1.72,,512000000
2026-05-29 12:21:14.787,2,1.72,,512000000
2026-05-29 12:21:14.770,2,1.94,,512000000
2026-05-29 12:21:14.753,2,1.74,,512000000
2026-05-29 12:21:14.734,6,5.33,,512000000
2026-05-29 12:21:14.724,2,1.67,,512000000
2026-05-29 12:21:14.718,2,1.88,,512000000
2026-05-29 12:21:14.705,2,1.64,,512000000
2026-05-29 12:21:14.694,2,1.98,,512000000
2026-05-29 12:21:14.676,11,10.01,,512000000
2026-05-29 12:21:14.672,2,1.81,,512000000
2026-05-29 12:21:14.636,29,28.34,,512000000
2026-05-29 12:21:14.630,2,1.73,,512000000
2026-05-29 12:21:14.614,2,1.82,,512000000
2026-05-29 12:21:14.604,2,1.75,,512000000
2026-05-29 12:21:14.603,2,1.79,,512000000
2026-05-29 12:21:14.582,3,2.1,,512000000
2026-05-29 12:21:14.581,2,1.88,,512000000
2026-05-29 12:21:14.565,2,1.83,,512000000
2026-05-29 12:21:14.560,2,1.7,,512000000
2026-05-29 12:21:14.554,3,2.24,,512000000
2026-05-29 12:21:14.551,3,2.83,,512000000
2026-05-29 12:21:14.542,2,1.75,,512000000
2026-05-29 12:21:14.538,6,5.12,,512000000
2026-05-29 12:21:14.536,2,1.86,,512000000
2026-05-29 12:21:14.536,22,21.89,,512000000
2026-05-29 12:21:14.520,2,1.84,,512000000
2026-05-29 12:21:14.511,2,1.77,,512000000
2026-05-29 12:21:14.498,2,1.76,,512000000
2026-05-29 12:21:14.496,11,10.59,,512000000
2026-05-29 12:21:14.479,2,1.71,,512000000
2026-05-29 12:21:14.449,2,1.9,,512000000
2026-05-29 12:21:14.448,3,2.07,,512000000
2026-05-29 12:21:14.441,2,1.85,,512000000
2026-05-29 12:21:14.389,2,1.76,,512000000
2026-05-29 12:21:14.377,6,5.16,,512000000
2026-05-29 12:21:14.358,3,2,,512000000
2026-05-29 12:21:14.357,10,9.25,,512000000
2026-05-29 12:21:14.353,2,1.95,,512000000
2026-05-29 12:21:14.341,2,1.59,,512000000
2026-05-29 12:21:14.340,2,1.68,,512000000
2026-05-29 12:21:14.337,2,1.68,,512000000
2026-05-29 12:21:14.333,3,2,,512000000
2026-05-29 12:21:14.333,2,1.68,,512000000
2026-05-29 12:21:14.289,2,1.69,,512000000
2026-05-29 12:21:14.278,2,1.83,,512000000
2026-05-29 12:21:14.277,3,2.13,,512000000
2026-05-29 12:21:14.275,2,1.74,,512000000
2026-05-29 12:21:14.269,2,1.71,,512000000
2026-05-29 12:21:14.232,4,3.72,,512000000
2026-05-29 12:21:14.224,2,1.69,,512000000
2026-05-29 12:21:14.213,2,1.94,,512000000
2026-05-29 12:21:14.212,2,1.88,,512000000
2026-05-29 12:21:14.210,2,1.66,,512000000
2026-05-29 12:21:14.209,2,1.88,,512000000
2026-05-29 12:21:14.207,2,1.62,,512000000
2026-05-29 12:21:14.190,2,1.72,,512000000
2026-05-29 12:21:14.182,3,2.28,,512000000
2026-05-29 12:21:14.135,2,1.87,,512000000
2026-05-29 12:21:14.109,2,1.93,,512000000
2026-05-29 12:21:14.097,3,2.87,,512000000
2026-05-29 12:21:14.083,6,5.35,,512000000
2026-05-29 12:21:14.078,8,7.65,,512000000
2026-05-29 12:21:14.074,3,2.24,,512000000
2026-05-29 12:21:14.069,2,1.98,,512000000
2026-05-29 12:21:14.061,2,1.71,,512000000
2026-05-29 12:21:14.057,2,1.84,,512000000
2026-05-29 12:21:14.056,2,2,,512000000
2026-05-29 12:21:14.033,3,2.19,,512000000
2026-05-29 12:21:14.022,2,1.94,,512000000
2026-05-29 12:21:14.012,2,1.77,,512000000
2026-05-29 12:21:14.012,2,1.91,,512000000
2026-05-29 12:21:14.003,2,1.71,,512000000
2026-05-29 12:21:13.978,3,2.08,,512000000
2026-05-29 12:21:13.950,2,1.99,,512000000
2026-05-29 12:21:13.931,6,5.29,,512000000
2026-05-29 12:21:13.923,2,1.77,,512000000
2026-05-29 12:21:13.915,3,2.83,,512000000
2026-05-29 12:21:13.901,14,13.81,,512000000
2026-05-29 12:21:13.886,2,1.89,,512000000
2026-05-29 12:21:13.886,3,2.12,,512000000
2026-05-29 12:21:13.883,2,1.83,,512000000
2026-05-29 12:21:13.850,3,2.1,,512000000
2026-05-29 12:21:13.836,2,1.7,,512000000
2026-05-29 12:21:13.808,3,2.02,,512000000
2026-05-29 12:21:13.786,2,1.98,,512000000
2026-05-29 12:21:13.782,2,1.98,,512000000
2026-05-29 12:21:13.733,3,2.01,,512000000
2026-05-29 12:21:13.730,2,1.84,,512000000
2026-05-29 12:21:13.725,3,2.26,,512000000
2026-05-29 12:21:13.725,6,5.02,,512000000
2026-05-29 12:21:13.705,3,2.09,,512000000
2026-05-29 12:21:13.696,2,1.81,,512000000
2026-05-29 12:21:13.666,8,7.79,,512000000
2026-05-29 12:21:13.658,14,13.28,,512000000
2026-05-29 12:21:13.639,2,1.93,,512000000
2026-05-29 12:21:13.627,4,3.15,,512000000
2026-05-29 12:21:13.606,21,20.3,,512000000
2026-05-29 12:21:13.602,16,15.09,,512000000
2026-05-29 12:21:13.543,3,2.03,,512000000
2026-05-29 12:21:13.533,2,1.84,,512000000
2026-05-29 12:21:13.511,2,1.65,,512000000
2026-05-29 12:21:13.510,2,1.96,,512000000
2026-05-29 12:21:13.508,3,2.07,,512000000
2026-05-29 12:21:13.506,8,7.95,,512000000
2026-05-29 12:21:13.503,2,1.76,,512000000
2026-05-29 12:21:13.502,3,2.28,,512000000
2026-05-29 12:21:13.496,2,1.77,,512000000
2026-05-29 12:21:13.482,3,2.33,,512000000
2026-05-29 12:21:13.471,2,1.91,,512000000
2026-05-29 12:21:13.460,3,2.01,,512000000
2026-05-29 12:21:13.432,3,2.12,,512000000
2026-05-29 12:21:13.417,2,1.68,,512000000
2026-05-29 12:21:13.404,2,1.83,,512000000
2026-05-29 12:21:13.403,2,1.89,,512000000
2026-05-29 12:21:13.387,2,1.75,,512000000
2026-05-29 12:21:13.386,18,17.58,,512000000
2026-05-29 12:21:13.376,15,14.05,,512000000
2026-05-29 12:21:13.375,2,1.82,,512000000
2026-05-29 12:21:13.367,2,1.77,,512000000
2026-05-29 12:21:13.363,2,1.9,,512000000
2026-05-29 12:21:13.346,2,1.91,,512000000
2026-05-29 12:21:13.345,2,1.85,,512000000
2026-05-29 12:21:13.344,2,1.76,,512000000
2026-05-29 12:21:13.343,11,10.49,,512000000
2026-05-29 12:21:13.342,2,1.82,,512000000
2026-05-29 12:21:13.335,3,2.05,,512000000
2026-05-29 12:21:13.324,3,2.18,,512000000
2026-05-29 12:21:13.323,7,6.11,,512000000
2026-05-29 12:21:13.311,3,2.28,,512000000
2026-05-29 12:21:13.309,2,1.76,,512000000
2026-05-29 12:21:13.307,2,1.76,,512000000
2026-05-29 12:21:13.306,2,1.92,,512000000
2026-05-29 12:21:13.273,2,1.73,,512000000
2026-05-29 12:21:13.243,14,13.13,,512000000
2026-05-29 12:21:13.239,2,1.99,,512000000
2026-05-29 12:21:13.205,14,13.93,,512000000
2026-05-29 12:21:13.189,2,1.82,,512000000
2026-05-29 12:21:13.185,2,1.82,,512000000
2026-05-29 12:21:13.165,2,1.81,,512000000
2026-05-29 12:21:13.156,2,1.95,,512000000
2026-05-29 12:21:13.150,3,2.06,,512000000
2026-05-29 12:21:13.149,2,1.96,,512000000
2026-05-29 12:21:13.144,2,1.84,,512000000
2026-05-29 12:21:13.135,34,33.49,,512000000
2026-05-29 12:21:13.120,20,19.39,,512000000
2026-05-29 12:21:13.117,2,1.75,,512000000
2026-05-29 12:21:13.107,3,2.01,,512000000
2026-05-29 12:21:13.106,2,1.81,,512000000
2026-05-29 12:21:13.063,3,2.41,,512000000
2026-05-29 12:21:13.061,4,3.9,,512000000
2026-05-29 12:21:13.058,3,2.69,,512000000
2026-05-29 12:21:13.052,5,4.04,,512000000
2026-05-29 12:21:13.042,3,2.38,,512000000
2026-05-29 12:21:13.039,2,1.72,,512000000
2026-05-29 12:21:13.028,2,1.75,,512000000
2026-05-29 12:21:13.024,10,9.96,,512000000
2026-05-29 12:21:13.020,2,1.98,,512000000
2026-05-29 12:21:13.005,2,1.9,,512000000
2026-05-29 12:21:13.002,3,2.01,,512000000
2026-05-29 12:21:12.983,2,1.98,,512000000
2026-05-29 12:21:12.981,2,1.88,,512000000
2026-05-29 12:21:12.975,2,1.94,,512000000
2026-05-29 12:21:12.971,3,2.29,,512000000
2026-05-29 12:21:12.955,14,13.56,,512000000
2026-05-29 12:21:12.944,2,1.9,,512000000
2026-05-29 12:21:12.934,7,6.38,,512000000
2026-05-29 12:21:12.916,2,1.86,,512000000
2026-05-29 12:21:12.914,2,1.87,,512000000
2026-05-29 12:21:12.908,3,2.14,,512000000
2026-05-29 12:21:12.905,2,1.97,,512000000
2026-05-29 12:21:12.898,2,1.96,,512000000
2026-05-29 12:21:12.895,2,1.89,,512000000
2026-05-29 12:21:12.891,2,1.74,,512000000
2026-05-29 12:21:12.889,2,1.88,,512000000
2026-05-29 12:21:12.888,2,1.86,,512000000
2026-05-29 12:21:12.863,3,2.14,,512000000
2026-05-29 12:21:12.851,2,1.97,,512000000
2026-05-29 12:21:12.845,3,2.25,,512000000
2026-05-29 12:21:12.837,2,1.72,,512000000
2026-05-29 12:21:12.787,2,1.91,,512000000
2026-05-29 12:21:12.783,3,2.12,,512000000
2026-05-29 12:21:12.783,2,1.72,,512000000
2026-05-29 12:21:12.776,3,2,,512000000
2026-05-29 12:21:12.760,2,1.86,,512000000
2026-05-29 12:21:12.758,2,1.84,,512000000
2026-05-29 12:21:12.753,3,2.19,,512000000
2026-05-29 12:21:12.717,2,1.96,,512000000
2026-05-29 12:21:12.704,2,1.97,,512000000
2026-05-29 12:21:12.694,3,2.09,,512000000
2026-05-29 12:21:12.684,2,1.77,,512000000
2026-05-29 12:21:12.676,15,14.59,,512000000
2026-05-29 12:21:12.667,2,1.72,,512000000
2026-05-29 12:21:12.664,2,1.71,,512000000
2026-05-29 12:21:12.663,2,1.78,,512000000
2026-05-29 12:21:12.662,2,1.77,,512000000
2026-05-29 12:21:12.660,2,1.71,,512000000
2026-05-29 12:21:12.657,2,1.69,,512000000
2026-05-29 12:21:12.615,7,6.1,,512000000
2026-05-29 12:21:12.602,3,2.19,,512000000
2026-05-29 12:21:12.597,3,2.08,,512000000
2026-05-29 12:21:12.596,2,1.95,,512000000
2026-05-29 12:21:12.590,2,1.75,,512000000
2026-05-29 12:21:12.586,2,1.74,,512000000
2026-05-29 12:21:12.577,3,2.06,,512000000
2026-05-29 12:21:12.544,2,1.87,,512000000
2026-05-29 12:21:12.536,11,10.55,,512000000
2026-05-29 12:21:12.530,2,1.73,,512000000
2026-05-29 12:21:12.519,24,23.66,,512000000
2026-05-29 12:21:12.514,2,1.69,,512000000
2026-05-29 12:21:12.452,2,1.8,,512000000
2026-05-29 12:21:12.447,2,1.79,,512000000
2026-05-29 12:21:12.436,2,1.84,,512000000
2026-05-29 12:21:12.403,2,1.66,,512000000
2026-05-29 12:21:12.401,3,2.05,,512000000
2026-05-29 12:21:12.395,4,3.4,,512000000
2026-05-29 12:21:12.375,5,4.41,,512000000
2026-05-29 12:21:12.365,2,1.78,,512000000
2026-05-29 12:21:12.364,2,1.73,,512000000
2026-05-29 12:21:12.347,2,1.69,,512000000
2026-05-29 12:21:12.342,2,1.83,,512000000
2026-05-29 12:21:12.320,10,9.99,,512000000
2026-05-29 12:21:12.313,2,1.79,,512000000
2026-05-29 12:21:12.313,3,2.14,,512000000
2026-05-29 12:21:12.301,2,1.82,,512000000
2026-05-29 12:21:12.297,2,1.82,,512000000
2026-05-29 12:21:12.270,2,1.67,,512000000
2026-05-29 12:21:12.221,2,1.81,,512000000
2026-05-29 12:21:12.176,4,3.84,,512000000
2026-05-29 12:21:12.168,3,2.08,,512000000
2026-05-29 12:21:12.167,2,1.87,,512000000
2026-05-29 12:21:12.157,3,2.15,,512000000
2026-05-29 12:21:12.153,4,3.31,,512000000
2026-05-29 12:21:12.152,2,1.8,,512000000
2026-05-29 12:21:12.146,2,1.91,,512000000
2026-05-29 12:21:12.131,2,1.95,,512000000
2026-05-29 12:21:12.127,2,1.96,,512000000
2026-05-29 12:21:12.107,3,2.3,,512000000
2026-05-29 12:21:12.099,2,1.76,,512000000
2026-05-29 12:21:12.095,30,29.65,,512000000
2026-05-29 12:21:12.083,2,1.94,,512000000
2026-05-29 12:21:12.062,5,4.79,,512000000
2026-05-29 12:21:12.047,4,3.21,,512000000
2026-05-29 12:21:12.041,2,2,,512000000
2026-05-29 12:21:12.040,2,1.98,,512000000
2026-05-29 12:21:12.037,2,1.83,,512000000
2026-05-29 12:21:12.037,3,2.17,,512000000
2026-05-29 12:21:12.027,65,64.88,,512000000
2026-05-29 12:21:12.024,3,2.28,,512000000
2026-05-29 12:21:12.018,3,2.6,,512000000
2026-05-29 12:21:12.008,2,1.82,,512000000
2026-05-29 12:21:12.000,2,1.88,,512000000
2026-05-29 12:21:11.959,3,2.22,,512000000
2026-05-29 12:21:11.935,2,1.96,,512000000
2026-05-29 12:21:11.919,2,1.76,,512000000
2026-05-29 12:21:11.918,3,2.36,,512000000
2026-05-29 12:21:11.865,2,1.77,,512000000
2026-05-29 12:21:11.864,2,1.68,,512000000
2026-05-29 12:21:11.857,3,2.17,,512000000
2026-05-29 12:21:11.815,2,1.94,,512000000
2026-05-29 12:21:11.788,5,4.78,,512000000
2026-05-29 12:21:11.787,3,2.04,,512000000
2026-05-29 12:21:11.781,2,1.8,,512000000
2026-05-29 12:21:11.779,2,1.87,,512000000
2026-05-29 12:21:11.707,2,1.72,,512000000
2026-05-29 12:21:11.681,2,1.8,,512000000
2026-05-29 12:21:11.676,3,2.22,,512000000
2026-05-29 12:21:11.671,3,2.34,,512000000
2026-05-29 12:21:11.668,2,1.76,,512000000
2026-05-29 12:21:11.667,2,1.97,,512000000
2026-05-29 12:21:11.650,2,1.82,,512000000
2026-05-29 12:21:11.635,40,39.19,,512000000
2026-05-29 12:21:11.632,2,1.69,,512000000
2026-05-29 12:21:11.623,6,5.14,,512000000
2026-05-29 12:21:11.608,2,1.87,,512000000
2026-05-29 12:21:11.597,2,1.7,,512000000
2026-05-29 12:21:11.593,2,1.88,,512000000
2026-05-29 12:21:11.574,2,1.76,,512000000
2026-05-29 12:21:11.572,3,2.12,,512000000
2026-05-29 12:21:11.555,3,2.97,,512000000
2026-05-29 12:21:11.552,3,2.25,,512000000
2026-05-29 12:21:11.547,2,1.77,,512000000
2026-05-29 12:21:11.547,2,1.9,,512000000
2026-05-29 12:21:11.497,2,1.57,,512000000
2026-05-29 12:21:11.491,2,1.7,,512000000
2026-05-29 12:21:11.485,2,1.67,,512000000
2026-05-29 12:21:11.473,3,2.02,,512000000
2026-05-29 12:21:11.469,2,1.71,,512000000
2026-05-29 12:21:11.460,2,1.74,,512000000
2026-05-29 12:21:11.454,2,1.71,,512000000
2026-05-29 12:21:11.452,2,1.79,,512000000
2026-05-29 12:21:11.436,9,8.27,,512000000
2026-05-29 12:21:11.432,2,1.69,,512000000
2026-05-29 12:21:11.425,3,2.6,,512000000
2026-05-29 12:21:11.422,2,1.78,,512000000
2026-05-29 12:21:11.390,2,1.73,,512000000
2026-05-29 12:21:11.381,3,2.01,,512000000
2026-05-29 12:21:11.377,2,1.9,,512000000
2026-05-29 12:21:11.377,8,7.02,,512000000
2026-05-29 12:21:11.375,2,1.75,,512000000
2026-05-29 12:21:11.367,2,1.79,,512000000
2026-05-29 12:21:11.364,4,3.02,,512000000
2026-05-29 12:21:11.355,2,1.88,,512000000
2026-05-29 12:21:11.345,2,1.63,,512000000
2026-05-29 12:21:11.337,7,6.44,,512000000
2026-05-29 12:21:11.335,5,4.01,,512000000
2026-05-29 12:21:11.329,2,1.79,,512000000
2026-05-29 12:21:11.327,2,1.75,,512000000
2026-05-29 12:21:11.326,3,2.73,,512000000
2026-05-29 12:21:11.325,3,2.1,,512000000
2026-05-29 12:21:11.324,2,1.84,,512000000
2026-05-29 12:21:11.322,2,1.83,,512000000
2026-05-29 12:21:11.293,2,1.81,,512000000
2026-05-29 12:21:11.292,4,3.82,,512000000
2026-05-29 12:21:11.272,2,1.86,,512000000
2026-05-29 12:21:11.261,3,2.22,,512000000
2026-05-29 12:21:11.256,6,5.38,,512000000
2026-05-29 12:21:11.255,15,14.56,,512000000
2026-05-29 12:21:11.231,5,4.46,,512000000
2026-05-29 12:21:11.227,2,1.69,,512000000
2026-05-29 12:21:11.221,4,3.71,,512000000
2026-05-29 12:21:11.220,2,1.74,,512000000
2026-05-29 12:21:11.220,2,1.74,,512000000
2026-05-29 12:21:11.215,21,20.56,,512000000
2026-05-29 12:21:11.208,2,1.97,,512000000
2026-05-29 12:21:11.197,8,7.45,,512000000
2026-05-29 12:21:11.185,2,1.64,,512000000
2026-05-29 12:21:11.181,2,1.75,,512000000
2026-05-29 12:21:11.128,2,1.76,,512000000
2026-05-29 12:21:11.122,2,1.76,,512000000
2026-05-29 12:21:11.099,2,1.75,,512000000
2026-05-29 12:21:11.098,2,1.89,,512000000
2026-05-29 12:21:11.093,5,4.2,,512000000
2026-05-29 12:21:11.075,2,1.72,,512000000
2026-05-29 12:21:11.071,3,2.15,,512000000
2026-05-29 12:21:11.069,2,1.7,,512000000
2026-05-29 12:21:11.066,2,1.53,,512000000
2026-05-29 12:21:11.065,3,2.16,,512000000
2026-05-29 12:21:11.064,2,1.9,,512000000
2026-05-29 12:21:11.063,2,1.68,,512000000
2026-05-29 12:21:11.052,3,2.14,,512000000
2026-05-29 12:21:11.018,2,1.82,,512000000
2026-05-29 12:21:11.011,2,1.98,,512000000
2026-05-29 12:21:10.994,3,2.28,,512000000
2026-05-29 12:21:10.984,2,1.88,,512000000
2026-05-29 12:21:10.978,2,1.85,,512000000
2026-05-29 12:21:10.956,2,1.75,,512000000
2026-05-29 12:21:10.943,2,1.97,,512000000
2026-05-29 12:21:10.938,2,2,,512000000
2026-05-29 12:21:10.930,2,1.71,,512000000
2026-05-29 12:21:10.924,2,1.8,,512000000
2026-05-29 12:21:10.924,2,1.62,,512000000
2026-05-29 12:21:10.910,2,1.61,,512000000
2026-05-29 12:21:10.876,3,2.49,,512000000
2026-05-29 12:21:10.876,27,26.41,,512000000
2026-05-29 12:21:10.851,2,1.7,,512000000
2026-05-29 12:21:10.847,3,2.14,,512000000
2026-05-29 12:21:10.825,2,1.96,,512000000
2026-05-29 12:21:10.819,3,2.53,,512000000
2026-05-29 12:21:10.817,2,1.71,,512000000
2026-05-29 12:21:10.761,47,46.78,,512000000
2026-05-29 12:21:10.752,2,1.78,,512000000
2026-05-29 12:21:10.734,2,1.67,,512000000
2026-05-29 12:21:10.732,22,21.13,,512000000
2026-05-29 12:21:10.710,2,1.9,,512000000
2026-05-29 12:21:10.710,2,1.93,,512000000
2026-05-29 12:21:10.695,2,1.93,,512000000
2026-05-29 12:21:10.689,2,1.64,,512000000
2026-05-29 12:21:10.680,4,3.73,,512000000
2026-05-29 12:21:10.678,3,2.14,,512000000
2026-05-29 12:21:10.662,2,1.72,,512000000
2026-05-29 12:21:10.600,2,1.69,,512000000
2026-05-29 12:21:10.583,2,1.68,,512000000
2026-05-29 12:21:10.577,20,19.37,,512000000
2026-05-29 12:21:10.572,3,2.13,,512000000
2026-05-29 12:21:10.547,2,1.85,,512000000
2026-05-29 12:21:10.527,3,2.17,,512000000
2026-05-29 12:21:10.523,2,1.84,,512000000
2026-05-29 12:21:10.521,2,1.71,,512000000
2026-05-29 12:21:10.515,2,1.67,,512000000
2026-05-29 12:21:10.501,3,2.02,,512000000
2026-05-29 12:21:10.493,3,2.08,,512000000
2026-05-29 12:21:10.469,2,1.72,,512000000
2026-05-29 12:21:10.468,2,1.99,,512000000
2026-05-29 12:21:10.467,3,2.03,,512000000
2026-05-29 12:21:10.456,5,4.85,,512000000
2026-05-29 12:21:10.451,2,1.95,,512000000
2026-05-29 12:21:10.440,7,6.3,,512000000
2026-05-29 12:21:10.432,2,1.95,,512000000
2026-05-29 12:21:10.427,4,3.6,,512000000
2026-05-29 12:21:10.402,3,2.15,,512000000
2026-05-29 12:21:10.397,2,1.89,,512000000
2026-05-29 12:21:10.376,7,6.25,,512000000
2026-05-29 12:21:10.376,2,1.81,,512000000
2026-05-29 12:21:10.372,2,1.81,,512000000
2026-05-29 12:21:10.358,2,1.73,,512000000
2026-05-29 12:21:10.335,2,1.75,,512000000
2026-05-29 12:21:10.294,6,5.88,,512000000
2026-05-29 12:21:10.272,2,1.85,,512000000
2026-05-29 12:21:10.257,3,2.43,,512000000
2026-05-29 12:21:10.252,2,1.78,,512000000
2026-05-29 12:21:10.233,2,1.76,,512000000
2026-05-29 12:21:10.203,2,1.89,,512000000
2026-05-29 12:21:10.175,6,5.8,,512000000
2026-05-29 12:21:10.172,2,1.72,,512000000
2026-05-29 12:21:10.169,2,1.84,,512000000
2026-05-29 12:21:10.155,2,1.87,,512000000
2026-05-29 12:21:10.153,2,1.74,,512000000
2026-05-29 12:21:10.136,2,1.91,,512000000
2026-05-29 12:21:10.128,2,1.84,,512000000
2026-05-29 12:21:10.106,3,2.38,,512000000
2026-05-29 12:21:10.103,2,1.72,,512000000
2026-05-29 12:21:10.102,5,4.98,,512000000
2026-05-29 12:21:10.100,2,1.71,,512000000
2026-05-29 12:21:10.095,4,3.79,,512000000
2026-05-29 12:21:10.060,2,1.79,,512000000
2026-05-29 12:21:10.042,2,1.73,,512000000
2026-05-29 12:21:10.039,2,1.66,,512000000
2026-05-29 12:21:10.038,3,2.19,,512000000
2026-05-29 12:21:10.038,2,1.76,,512000000
2026-05-29 12:21:10.017,6,5.92,,512000000
2026-05-29 12:21:09.999,2,1.7,,512000000
2026-05-29 12:21:09.971,2,1.71,,512000000
2026-05-29 12:21:09.968,2,1.73,,512000000
2026-05-29 12:21:09.953,2,1.86,,512000000
2026-05-29 12:21:09.911,2,1.93,,512000000
2026-05-29 12:21:09.884,2,1.89,,512000000
2026-05-29 12:21:09.883,2,1.92,,512000000
2026-05-29 12:21:09.876,11,10.36,,512000000
2026-05-29 12:21:09.862,10,9.25,,512000000
2026-05-29 12:21:09.862,6,5.8,,512000000
2026-05-29 12:21:09.860,2,1.93,,512000000
2026-05-29 12:21:09.850,2,1.9,,512000000
2026-05-29 12:21:09.844,6,5.02,,512000000
2026-05-29 12:21:09.843,2,1.9,,512000000
2026-05-29 12:21:09.824,3,2.41,,512000000
2026-05-29 12:21:09.820,2,1.8,,512000000
2026-05-29 12:21:09.816,2,1.8,,512000000
2026-05-29 12:21:09.808,2,1.66,,512000000
2026-05-29 12:21:09.758,2,1.94,,512000000
2026-05-29 12:21:09.758,2,1.69,,512000000
2026-05-29 12:21:09.740,2,2,,512000000
2026-05-29 12:21:09.736,31,30.11,,512000000
2026-05-29 12:21:09.734,2,1.89,,512000000
2026-05-29 12:21:09.727,2,1.97,,512000000
2026-05-29 12:21:09.727,2,1.67,,512000000
2026-05-29 12:21:09.724,2,1.86,,512000000
2026-05-29 12:21:09.716,2,1.71,,512000000
2026-05-29 12:21:09.716,6,5.58,,512000000
2026-05-29 12:21:09.708,5,4.54,,512000000
2026-05-29 12:21:09.704,4,3.25,,512000000
2026-05-29 12:21:09.699,2,1.87,,512000000
2026-05-29 12:21:09.699,3,2.18,,512000000
2026-05-29 12:21:09.698,3,2.81,,512000000
2026-05-29 12:21:09.694,2,1.86,,512000000
2026-05-29 12:21:09.680,2,1.68,,512000000
2026-05-29 12:21:09.675,6,5.86,,512000000
2026-05-29 12:21:09.674,2,1.98,,512000000
2026-05-29 12:21:09.665,3,2.26,,512000000
2026-05-29 12:21:09.663,3,2.19,,512000000
2026-05-29 12:21:09.638,5,4.99,,512000000
2026-05-29 12:21:09.638,10,9.38,,512000000
2026-05-29 12:21:09.630,5,4.66,,512000000
2026-05-29 12:21:09.619,2,1.78,,512000000
2026-05-29 12:21:09.615,2,1.86,,512000000
2026-05-29 12:21:09.601,25,24.59,,512000000
2026-05-29 12:21:09.595,27,26.42,,512000000
2026-05-29 12:21:09.588,2,1.8,,512000000
2026-05-29 12:21:09.585,3,2.6,,512000000
2026-05-29 12:21:09.576,2,1.86,,512000000
2026-05-29 12:21:09.573,2,1.62,,512000000
2026-05-29 12:21:09.550,2,1.93,,512000000
2026-05-29 12:21:09.538,28,27.05,,512000000
2026-05-29 12:21:09.515,2,1.68,,512000000
2026-05-29 12:21:09.511,4,3.27,,512000000
2026-05-29 12:21:09.463,19,18.25,,512000000
2026-05-29 12:21:09.450,2,1.64,,512000000
2026-05-29 12:21:09.446,2,1.91,,512000000
2026-05-29 12:21:09.444,3,2.15,,512000000
2026-05-29 12:21:09.417,7,6.54,,512000000
2026-05-29 12:21:09.415,3,2.05,,512000000
2026-05-29 12:21:09.411,2,1.83,,512000000
2026-05-29 12:21:09.405,2,1.9,,512000000
2026-05-29 12:21:09.390,2,1.65,,512000000
2026-05-29 12:21:09.389,2,1.54,,512000000
2026-05-29 12:21:09.385,19,18.34,,512000000
2026-05-29 12:21:09.384,3,2.46,,512000000
2026-05-29 12:21:09.362,2,1.7,,512000000
2026-05-29 12:21:09.356,2,1.83,,512000000
2026-05-29 12:21:09.351,4,3.85,,512000000
2026-05-29 12:21:09.328,12,11.42,,512000000
2026-05-29 12:21:09.325,2,1.89,,512000000
2026-05-29 12:21:09.307,2,1.85,,512000000
2026-05-29 12:21:09.297,4,3.32,,512000000
2026-05-29 12:21:09.285,2,1.93,,512000000
2026-05-29 12:21:09.272,2,1.76,,512000000
2026-05-29 12:21:09.269,5,4.03,,512000000
2026-05-29 12:21:09.257,2,1.65,,512000000
2026-05-29 12:21:09.237,7,6.01,,512000000
2026-05-29 12:21:09.223,2,1.84,,512000000
2026-05-29 12:21:09.220,2,1.7,,512000000
2026-05-29 12:21:09.216,2,1.68,,512000000
2026-05-29 12:21:09.213,2,1.85,,512000000
2026-05-29 12:21:09.212,2,1.84,,512000000
2026-05-29 12:21:09.208,2,1.67,,512000000
2026-05-29 12:21:09.207,2,1.84,,512000000
2026-05-29 12:21:09.157,4,3.22,,512000000
2026-05-29 12:21:09.128,2,1.63,,512000000
2026-05-29 12:21:09.124,2,1.92,,512000000
2026-05-29 12:21:09.119,2,1.7,,512000000
2026-05-29 12:21:09.117,2,1.79,,512000000
2026-05-29 12:21:09.114,3,2.47,,512000000
2026-05-29 12:21:09.092,2,1.76,,512000000
2026-05-29 12:21:09.082,4,3.67,,512000000
2026-05-29 12:21:09.077,3,2.01,,512000000
2026-05-29 12:21:09.075,2,1.88,,512000000
2026-05-29 12:21:09.048,2,1.79,,512000000
2026-05-29 12:21:09.004,3,2.03,,512000000
2026-05-29 12:21:08.997,2,1.8,,512000000
2026-05-29 12:21:08.995,2,1.82,,512000000
2026-05-29 12:21:08.990,2,1.88,,512000000
2026-05-29 12:21:08.975,31,30.11,,512000000
2026-05-29 12:21:08.962,6,5.24,,512000000
2026-05-29 12:21:08.958,12,11.76,,512000000
2026-05-29 12:21:08.940,2,1.91,,512000000
2026-05-29 12:21:08.937,2,1.8,,512000000
2026-05-29 12:21:08.932,2,1.92,,512000000
2026-05-29 12:21:08.915,2,1.91,,512000000
2026-05-29 12:21:08.915,2,1.78,,512000000
2026-05-29 12:21:08.909,2,1.84,,512000000
2026-05-29 12:21:08.892,2,1.79,,512000000
2026-05-29 12:21:08.878,12,11.11,,512000000
2026-05-29 12:21:08.873,9,8.21,,512000000
2026-05-29 12:21:08.870,2,1.88,,512000000
2026-05-29 12:21:08.861,3,2.22,,512000000
2026-05-29 12:21:08.833,2,1.86,,512000000
2026-05-29 12:21:08.828,2,1.72,,512000000
2026-05-29 12:21:08.817,8,7.64,,512000000
2026-05-29 12:21:08.816,3,2.26,,512000000
2026-05-29 12:21:08.805,8,7.25,,512000000
2026-05-29 12:21:08.803,2,1.71,,512000000
2026-05-29 12:21:08.799,5,4.47,,512000000
2026-05-29 12:21:08.783,2,1.87,,512000000
2026-05-29 12:21:08.738,2,1.68,,512000000
2026-05-29 12:21:08.737,2,1.88,,512000000
2026-05-29 12:21:08.736,12,11.29,,512000000
2026-05-29 12:21:08.736,2,1.96,,512000000
2026-05-29 12:21:08.715,45,44.52,,512000000
2026-05-29 12:21:08.697,3,2.01,,512000000
2026-05-29 12:21:08.691,2,1.7,,512000000
2026-05-29 12:21:08.688,3,2.11,,512000000
2026-05-29 12:21:08.687,2,1.74,,512000000
2026-05-29 12:21:08.683,3,2.58,,512000000
2026-05-29 12:21:08.651,2,1.8,,512000000
2026-05-29 12:21:08.643,2,1.74,,512000000
2026-05-29 12:21:08.618,2,1.64,,512000000
2026-05-29 12:21:08.605,6,5.58,,512000000
2026-05-29 12:21:08.584,3,2.16,,512000000
2026-05-29 12:21:08.566,2,1.74,,512000000
2026-05-29 12:21:08.548,2,1.94,,512000000
2026-05-29 12:21:08.534,3,2.03,,512000000
2026-05-29 12:21:08.442,4,3.13,,512000000
2026-05-29 12:21:08.427,2,1.98,,512000000
2026-05-29 12:21:08.405,9,8.87,,512000000
2026-05-29 12:21:08.401,2,1.83,,512000000
2026-05-29 12:21:08.396,5,4.3,,512000000
2026-05-29 12:21:08.394,2,1.9,,512000000
2026-05-29 12:21:08.385,4,3.08,,512000000
2026-05-29 12:21:08.378,2,1.74,,512000000
2026-05-29 12:21:08.377,2,1.85,,512000000
2026-05-29 12:21:08.368,18,17.58,,512000000
2026-05-29 12:21:08.361,2,1.68,,512000000
2026-05-29 12:21:08.356,4,3.15,,512000000
2026-05-29 12:21:08.326,10,9.26,,512000000
2026-05-29 12:21:08.324,2,1.94,,512000000
2026-05-29 12:21:08.317,2,1.68,,512000000
2026-05-29 12:21:08.315,2,1.62,,512000000
2026-05-29 12:21:08.315,2,1.72,,512000000
2026-05-29 12:21:08.312,3,2,,512000000
2026-05-29 12:21:08.290,2,1.71,,512000000
2026-05-29 12:21:08.247,2,1.89,,512000000
2026-05-29 12:21:08.245,2,1.69,,512000000
2026-05-29 12:21:08.226,2,1.93,,512000000
2026-05-29 12:21:08.219,4,3.04,,512000000
2026-05-29 12:21:08.211,2,1.79,,512000000
2026-05-29 12:21:08.163,3,2.83,,512000000
2026-05-29 12:21:08.160,2,1.74,,512000000
2026-05-29 12:21:08.140,2,1.9,,512000000
2026-05-29 12:21:08.122,8,7.21,,512000000
2026-05-29 12:21:08.110,2,1.96,,512000000
2026-05-29 12:21:08.109,2,1.86,,512000000
2026-05-29 12:21:08.104,2,1.86,,512000000
2026-05-29 12:21:08.101,9,8.04,,512000000
2026-05-29 12:21:08.080,2,1.88,,512000000
2026-05-29 12:21:08.049,23,22.36,,512000000
2026-05-29 12:21:08.015,3,2.8,,512000000
2026-05-29 12:21:08.013,2,1.88,,512000000
2026-05-29 12:21:08.006,2,1.93,,512000000
2026-05-29 12:21:07.979,2,1.69,,512000000
2026-05-29 12:21:07.953,3,2.07,,512000000
2026-05-29 12:21:07.947,12,11.74,,512000000
2026-05-29 12:21:07.936,5,4.61,,512000000
2026-05-29 12:21:07.924,3,2.04,,512000000
2026-05-29 12:21:07.921,9,8.89,,512000000
2026-05-29 12:21:07.919,2,1.71,,512000000
2026-05-29 12:21:07.917,3,2.31,,512000000
2026-05-29 12:21:07.905,2,1.94,,512000000
2026-05-29 12:21:07.905,2,1.88,,512000000
2026-05-29 12:21:07.903,2,1.7,,512000000
2026-05-29 12:21:07.898,10,9.09,,512000000
2026-05-29 12:21:07.882,5,4.82,,512000000
2026-05-29 12:21:07.881,2,1.71,,512000000
2026-05-29 12:21:07.881,3,2.03,,512000000
2026-05-29 12:21:07.875,6,5.37,,512000000
2026-05-29 12:21:07.875,2,1.88,,512000000
2026-05-29 12:21:07.856,9,8.59,,512000000
2026-05-29 12:21:07.841,2,1.87,,512000000
2026-05-29 12:21:07.820,2,1.85,,512000000
2026-05-29 12:21:07.810,2,1.82,,512000000
2026-05-29 12:21:07.795,2,1.85,,512000000
2026-05-29 12:21:07.757,2,1.92,,512000000
2026-05-29 12:21:07.750,2,1.78,,512000000
2026-05-29 12:21:07.741,8,7.58,,512000000
2026-05-29 12:21:07.736,3,2.32,,512000000
2026-05-29 12:21:07.735,2,1.85,,512000000
2026-05-29 12:21:07.725,2,1.68,,512000000
2026-05-29 12:21:07.719,2,1.89,,512000000
2026-05-29 12:21:07.711,2,1.75,,512000000
2026-05-29 12:21:07.705,2,1.97,,512000000
2026-05-29 12:21:07.675,8,7.39,,512000000
2026-05-29 12:21:07.673,2,2,,512000000
2026-05-29 12:21:07.670,2,1.96,,512000000
2026-05-29 12:21:07.668,2,1.89,,512000000
2026-05-29 12:21:07.667,2,1.97,,512000000
2026-05-29 12:21:07.661,3,2.19,,512000000
2026-05-29 12:21:07.656,6,5.06,,512000000
2026-05-29 12:21:07.637,3,2.88,,512000000
2026-05-29 12:21:07.636,2,1.66,,512000000
2026-05-29 12:21:07.630,3,2.3,,512000000
2026-05-29 12:21:07.624,44,43.17,,512000000
2026-05-29 12:21:07.615,2,1.51,,512000000
2026-05-29 12:21:07.602,2,1.65,,512000000
2026-05-29 12:21:07.595,8,7.84,,512000000
2026-05-29 12:21:07.595,6,5.5,,512000000
2026-05-29 12:21:07.578,2,1.75,,512000000
2026-05-29 12:21:07.578,3,2.06,,512000000
2026-05-29 12:21:07.573,4,3.85,,512000000
2026-05-29 12:21:07.568,3,2.08,,512000000
2026-05-29 12:21:07.544,3,2.15,,512000000
2026-05-29 12:21:07.536,2,1.77,,512000000
2026-05-29 12:21:07.523,2,1.99,,512000000
2026-05-29 12:21:07.518,3,2.22,,512000000
2026-05-29 12:21:07.517,2,1.94,,512000000
2026-05-29 12:21:07.517,8,7.46,,512000000
2026-05-29 12:21:07.513,3,2.08,,512000000
2026-05-29 12:21:07.511,2,1.69,,512000000
2026-05-29 12:21:07.509,3,2.01,,512000000
2026-05-29 12:21:07.508,2,1.86,,512000000
2026-05-29 12:21:07.494,2,1.78,,512000000
2026-05-29 12:21:07.486,2,1.92,,512000000
2026-05-29 12:21:07.478,2,1.71,,512000000
2026-05-29 12:21:07.446,2,1.84,,512000000
2026-05-29 12:21:07.437,6,5.88,,512000000
2026-05-29 12:21:07.418,21,20.36,,512000000
2026-05-29 12:21:07.416,3,2.11,,512000000
2026-05-29 12:21:07.407,2,1.75,,512000000
2026-05-29 12:21:07.388,2,1.94,,512000000
2026-05-29 12:21:07.376,2,1.75,,512000000
2026-05-29 12:21:07.371,3,2.1,,512000000
2026-05-29 12:21:07.370,2,1.93,,512000000
2026-05-29 12:21:07.368,2,1.95,,512000000
2026-05-29 12:21:07.345,2,1.73,,512000000
2026-05-29 12:21:07.337,9,8.73,,512000000
2026-05-29 12:21:07.334,6,5.6,,512000000
2026-05-29 12:21:07.325,3,2.22,,512000000
2026-05-29 12:21:07.316,3,2.25,,512000000
2026-05-29 12:21:07.315,3,2.31,,512000000
2026-05-29 12:21:07.275,2,1.98,,512000000
2026-05-29 12:21:07.272,2,1.88,,512000000
2026-05-29 12:21:07.252,3,2.35,,512000000
2026-05-29 12:21:07.224,6,5.75,,512000000
2026-05-29 12:21:07.209,2,1.98,,512000000
2026-05-29 12:21:07.208,2,1.77,,512000000
2026-05-29 12:21:07.194,6,5.88,,512000000
2026-05-29 12:21:07.192,2,1.96,,512000000
2026-05-29 12:21:07.173,3,2.15,,512000000
2026-05-29 12:21:07.173,3,2.32,,512000000
2026-05-29 12:21:07.167,2,1.66,,512000000
2026-05-29 12:21:07.157,2,1.85,,512000000
2026-05-29 12:21:07.143,3,2.04,,512000000
2026-05-29 12:21:07.136,9,8.64,,512000000
2026-05-29 12:21:07.118,2,1.91,,512000000
2026-05-29 12:21:07.117,2,1.86,,512000000
2026-05-29 12:21:07.088,2,2,,512000000
2026-05-29 12:21:07.066,3,2.41,,512000000
2026-05-29 12:21:07.055,7,6.02,,512000000
2026-05-29 12:21:07.051,3,2.02,,512000000
2026-05-29 12:21:07.045,2,1.72,,512000000
2026-05-29 12:21:07.044,3,2.21,,512000000
2026-05-29 12:21:07.037,2,1.99,,512000000
2026-05-29 12:21:07.023,2,1.69,,512000000
2026-05-29 12:21:07.019,2,1.83,,512000000
2026-05-29 12:21:06.997,3,2.09,,512000000
2026-05-29 12:21:06.980,9,8.02,,512000000
2026-05-29 12:21:06.961,18,17.96,,512000000
2026-05-29 12:21:06.942,2,1.83,,512000000
2026-05-29 12:21:06.932,3,2.07,,512000000
2026-05-29 12:21:06.931,2,1.8,,512000000
2026-05-29 12:21:06.914,2,1.91,,512000000
2026-05-29 12:21:06.896,2,1.67,,512000000
2026-05-29 12:21:06.888,2,1.74,,512000000
2026-05-29 12:21:06.884,2,1.81,,512000000
2026-05-29 12:21:06.872,2,1.81,,512000000
2026-05-29 12:21:06.865,2,1.98,,512000000
2026-05-29 12:21:06.839,2,1.84,,512000000
2026-05-29 12:21:06.819,2,1.89,,512000000
2026-05-29 12:21:06.817,2,1.99,,512000000
2026-05-29 12:21:06.812,3,2.06,,512000000
2026-05-29 12:21:06.792,3,2.18,,512000000
2026-05-29 12:21:06.791,2,1.89,,512000000
2026-05-29 12:21:06.772,2,1.69,,512000000
2026-05-29 12:21:06.737,3,2.8,,512000000
2026-05-29 12:21:06.732,3,2.12,,512000000
2026-05-29 12:21:06.728,2,1.82,,512000000
2026-05-29 12:21:06.721,2,1.79,,512000000
2026-05-29 12:21:06.703,3,2.03,,512000000
2026-05-29 12:21:06.664,2,1.81,,512000000
2026-05-29 12:21:06.623,3,2.23,,512000000
2026-05-29 12:21:06.592,2,1.9,,512000000
2026-05-29 12:21:06.587,2,1.81,,512000000
2026-05-29 12:21:06.579,2,1.9,,512000000
2026-05-29 12:21:06.559,2,1.89,,512000000
2026-05-29 12:21:06.553,3,2.17,,512000000
2026-05-29 12:21:06.542,2,1.91,,512000000
2026-05-29 12:21:06.534,6,5.44,,512000000
2026-05-29 12:21:06.518,3,2.04,,512000000
2026-05-29 12:21:06.501,2,1.88,,512000000
2026-05-29 12:21:06.499,2,1.78,,512000000
2026-05-29 12:21:06.498,13,12.2,,512000000
2026-05-29 12:21:06.481,2,1.91,,512000000
2026-05-29 12:21:06.478,2,1.79,,512000000
2026-05-29 12:21:06.456,3,2.1,,512000000
2026-05-29 12:21:06.454,3,2.05,,512000000
2026-05-29 12:21:06.428,3,2.31,,512000000
2026-05-29 12:21:06.394,3,2.07,,512000000
2026-05-29 12:21:06.393,3,2.8,,512000000
2026-05-29 12:21:06.383,2,1.77,,512000000
2026-05-29 12:21:06.375,12,11.86,,512000000
2026-05-29 12:21:06.370,2,1.89,,512000000
2026-05-29 12:21:06.356,2,1.73,,512000000
2026-05-29 12:21:06.344,2,1.94,,512000000
2026-05-29 12:21:06.334,2,1.7,,512000000
2026-05-29 12:21:06.329,3,2.22,,512000000
2026-05-29 12:21:06.327,3,2.42,,512000000
2026-05-29 12:21:06.326,11,10.92,,512000000
2026-05-29 12:21:06.325,2,1.7,,512000000
2026-05-29 12:21:06.311,2,1.71,,512000000
2026-05-29 12:21:06.307,4,3.28,,512000000
2026-05-29 12:21:06.304,23,22.93,,512000000
2026-05-29 12:21:06.291,3,2.1,,512000000
2026-05-29 12:21:06.285,2,1.69,,512000000
2026-05-29 12:21:06.281,2,1.86,,512000000
2026-05-29 12:21:06.276,2,1.83,,512000000
2026-05-29 12:21:06.269,3,2.06,,512000000
2026-05-29 12:21:06.245,2,1.76,,512000000
2026-05-29 12:21:06.244,3,2.05,,512000000
2026-05-29 12:21:06.234,2,1.77,,512000000
2026-05-29 12:21:06.226,3,2.03,,512000000
2026-05-29 12:21:06.203,2,1.81,,512000000
2026-05-29 12:21:06.184,10,9.03,,512000000
2026-05-29 12:21:06.183,2,1.94,,512000000
2026-05-29 12:21:06.181,2,1.82,,512000000
2026-05-29 12:21:06.167,2,1.7,,512000000
2026-05-29 12:21:06.159,2,1.76,,512000000
2026-05-29 12:21:06.158,3,2.35,,512000000
2026-05-29 12:21:06.148,2,1.8,,512000000
2026-05-29 12:21:06.148,57,56.87,,512000000
2026-05-29 12:21:06.132,2,1.97,,512000000
2026-05-29 12:21:06.120,7,6.71,,512000000
2026-05-29 12:21:06.110,2,1.88,,512000000
2026-05-29 12:21:06.103,2,1.64,,512000000
2026-05-29 12:21:06.094,2,1.84,,512000000
2026-05-29 12:21:06.092,2,1.82,,512000000
2026-05-29 12:21:06.090,2,1.88,,512000000
2026-05-29 12:21:06.083,2,1.81,,512000000
2026-05-29 12:21:06.058,2,1.78,,512000000
2026-05-29 12:21:06.051,2,1.87,,512000000
2026-05-29 12:21:06.033,3,2.1,,512000000
2026-05-29 12:21:06.030,2,1.78,,512000000
2026-05-29 12:21:06.023,2,1.82,,512000000
2026-05-29 12:21:05.985,2,1.96,,512000000
2026-05-29 12:21:05.978,6,5.46,,512000000
2026-05-29 12:21:05.967,2,1.92,,512000000
2026-05-29 12:21:05.965,2,1.74,,512000000
2026-05-29 12:21:05.952,2,1.85,,512000000
2026-05-29 12:21:05.932,3,2.79,,512000000
2026-05-29 12:21:05.906,2,1.8,,512000000
2026-05-29 12:21:05.894,2,1.91,,512000000
2026-05-29 12:21:05.867,2,1.98,,512000000
2026-05-29 12:21:05.864,3,2.27,,512000000
2026-05-29 12:21:05.863,2,1.69,,512000000
2026-05-29 12:21:05.860,2,1.79,,512000000
2026-05-29 12:21:05.840,3,2.07,,512000000
2026-05-29 12:21:05.838,2,1.79,,512000000
2026-05-29 12:21:05.836,2,1.78,,512000000
2026-05-29 12:21:05.811,2,1.69,,512000000
2026-05-29 12:21:05.805,2,1.92,,512000000
2026-05-29 12:21:05.797,2,1.75,,512000000
2026-05-29 12:21:05.782,13,12.26,,512000000
2026-05-29 12:21:05.766,2,1.62,,512000000
2026-05-29 12:21:05.765,2,1.78,,512000000
2026-05-29 12:21:05.765,2,1.74,,512000000
2026-05-29 12:21:05.743,11,10.31,,512000000
2026-05-29 12:21:05.736,8,7.37,,512000000
2026-05-29 12:21:05.733,2,1.84,,512000000
2026-05-29 12:21:05.727,3,2.15,,512000000
2026-05-29 12:21:05.719,3,2.26,,512000000
2026-05-29 12:21:05.707,2,1.71,,512000000
2026-05-29 12:21:05.703,2,1.97,,512000000
2026-05-29 12:21:05.701,3,2.02,,512000000
2026-05-29 12:21:05.695,2,1.6,,512000000
2026-05-29 12:21:05.682,2,1.93,,512000000
2026-05-29 12:21:05.664,2,1.73,,512000000
2026-05-29 12:21:05.663,2,1.84,,512000000
2026-05-29 12:21:05.653,2,1.94,,512000000
2026-05-29 12:21:05.652,2,1.89,,512000000
2026-05-29 12:21:05.643,2,1.9,,512000000
2026-05-29 12:21:05.625,2,1.79,,512000000
2026-05-29 12:21:05.617,2,1.84,,512000000
2026-05-29 12:21:05.601,2,1.96,,512000000
2026-05-29 12:21:05.592,2,1.74,,512000000
2026-05-29 12:21:05.576,2,1.67,,512000000
2026-05-29 12:21:05.558,25,24.55,,512000000
2026-05-29 12:21:05.557,5,4.02,,512000000
2026-05-29 12:21:05.554,5,4.71,,512000000
2026-05-29 12:21:05.553,2,1.88,,512000000
2026-05-29 12:21:05.543,2,1.87,,512000000
2026-05-29 12:21:05.538,2,1.9,,512000000
2026-05-29 12:21:05.525,2,1.78,,512000000
2026-05-29 12:21:05.518,2,1.78,,512000000
2026-05-29 12:21:05.505,3,2.08,,512000000
2026-05-29 12:21:05.503,2,1.89,,512000000
2026-05-29 12:21:05.495,15,14.98,,512000000
2026-05-29 12:21:05.493,4,3.97,,512000000
2026-05-29 12:21:05.492,2,1.75,,512000000
2026-05-29 12:21:05.489,2,1.81,,512000000
2026-05-29 12:21:05.475,2,1.93,,512000000
2026-05-29 12:21:05.437,10,9.63,,512000000
2026-05-29 12:21:05.426,6,5.65,,512000000
2026-05-29 12:21:05.418,8,7.18,,512000000
2026-05-29 12:21:05.416,7,6.12,,512000000
2026-05-29 12:21:05.406,2,1.73,,512000000
2026-05-29 12:21:05.402,3,2.04,,512000000
2026-05-29 12:21:05.401,3,2.03,,512000000
2026-05-29 12:21:05.368,2,1.81,,512000000
2026-05-29 12:21:05.340,3,2.4,,512000000
2026-05-29 12:21:05.338,2,1.83,,512000000
2026-05-29 12:21:05.316,3,2.06,,512000000
2026-05-29 12:21:05.282,2,1.8,,512000000
2026-05-29 12:21:05.270,2,1.74,,512000000
2026-05-29 12:21:05.237,3,2.05,,512000000
2026-05-29 12:21:05.231,2,1.71,,512000000
2026-05-29 12:21:05.184,13,12.43,,512000000
2026-05-29 12:21:05.156,2,1.9,,512000000
2026-05-29 12:21:05.151,3,2.15,,512000000
2026-05-29 12:21:05.151,3,2.18,,512000000
2026-05-29 12:21:05.149,3,2.05,,512000000
2026-05-29 12:21:05.132,4,3.56,,512000000
2026-05-29 12:21:05.104,6,5.8,,512000000
2026-05-29 12:21:05.077,3,2.09,,512000000
2026-05-29 12:21:05.076,2,1.72,,512000000
2026-05-29 12:21:05.066,4,3.76,,512000000
2026-05-29 12:21:05.059,3,2.62,,512000000
2026-05-29 12:21:05.056,19,18.75,,512000000
2026-05-29 12:21:05.051,2,1.95,,512000000
2026-05-29 12:21:05.045,24,23.61,,512000000
2026-05-29 12:21:05.042,2,1.99,,512000000
2026-05-29 12:21:05.025,3,2.04,,512000000
2026-05-29 12:21:05.011,2,1.97,,512000000
2026-05-29 12:21:05.009,4,3.22,,512000000
2026-05-29 12:21:05.002,2,1.76,,512000000
2026-05-29 12:21:04.982,2,1.72,,512000000
2026-05-29 12:21:04.974,3,2.02,,512000000
2026-05-29 12:21:04.951,2,1.75,,512000000
2026-05-29 12:21:04.935,2,1.61,,512000000
2026-05-29 12:21:04.923,3,2.1,,512000000
2026-05-29 12:21:04.916,2,1.9,,512000000
2026-05-29 12:21:04.905,14,13.59,,512000000
2026-05-29 12:21:04.901,2,1.78,,512000000
2026-05-29 12:21:04.898,3,2.23,,512000000
2026-05-29 12:21:04.867,9,8.61,,512000000
2026-05-29 12:21:04.843,2,1.93,,512000000
2026-05-29 12:21:04.840,3,2.22,,512000000
2026-05-29 12:21:04.836,2,1.75,,512000000
2026-05-29 12:21:04.826,6,5.54,,512000000
2026-05-29 12:21:04.800,2,1.96,,512000000
2026-05-29 12:21:04.789,2,1.99,,512000000
2026-05-29 12:21:04.786,2,1.8,,512000000
2026-05-29 12:21:04.775,6,5.16,,512000000
2026-05-29 12:21:04.757,2,2,,512000000
2026-05-29 12:21:04.745,3,2.06,,512000000
2026-05-29 12:21:04.737,3,2.43,,512000000
2026-05-29 12:21:04.726,2,1.85,,512000000
2026-05-29 12:21:04.726,2,1.83,,512000000
2026-05-29 12:21:04.694,2,1.79,,512000000
2026-05-29 12:21:04.670,2,1.7,,512000000
2026-05-29 12:21:04.659,2,1.9,,512000000
2026-05-29 12:21:04.653,2,1.79,,512000000
2026-05-29 12:21:04.626,2,1.77,,512000000
2026-05-29 12:21:04.623,3,2.19,,512000000
2026-05-29 12:21:04.612,2,1.64,,512000000
2026-05-29 12:21:04.611,3,2.97,,512000000
2026-05-29 12:21:04.602,2,1.91,,512000000
2026-05-29 12:21:04.581,2,1.74,,512000000
2026-05-29 12:21:04.570,2,1.67,,512000000
2026-05-29 12:21:04.541,2,1.71,,512000000
2026-05-29 12:21:04.499,2,1.97,,512000000
2026-05-29 12:21:04.493,2,1.77,,512000000
2026-05-29 12:21:04.478,3,2.02,,512000000
2026-05-29 12:21:04.463,2,1.6,,512000000
2026-05-29 12:21:04.460,5,4.94,,512000000
2026-05-29 12:21:04.456,2,1.88,,512000000
2026-05-29 12:21:04.455,7,6.89,,512000000
2026-05-29 12:21:04.451,2,1.91,,512000000
2026-05-29 12:21:04.435,3,2.09,,512000000
2026-05-29 12:21:04.426,2,1.81,,512000000
2026-05-29 12:21:04.424,3,2.04,,512000000
2026-05-29 12:21:04.417,3,2.14,,512000000
2026-05-29 12:21:04.391,3,2.05,,512000000
2026-05-29 12:21:04.377,3,2.01,,512000000
2026-05-29 12:21:04.357,2,1.98,,512000000
2026-05-29 12:21:04.346,2,1.63,,512000000
2026-05-29 12:21:04.340,2,1.74,,512000000
2026-05-29 12:21:04.317,3,2.1,,512000000
2026-05-29 12:21:04.312,2,1.78,,512000000
2026-05-29 12:21:04.310,2,1.7,,512000000
2026-05-29 12:21:04.299,3,2.01,,512000000
2026-05-29 12:21:04.295,2,1.6,,512000000
2026-05-29 12:21:04.287,2,1.73,,512000000
2026-05-29 12:21:04.278,3,2.56,,512000000
2026-05-29 12:21:04.264,2,1.78,,512000000
2026-05-29 12:21:04.246,2,1.74,,512000000
2026-05-29 12:21:04.241,3,2.07,,512000000
2026-05-29 12:21:04.231,3,2.04,,512000000
2026-05-29 12:21:04.224,3,2.01,,512000000
2026-05-29 12:21:04.195,3,2.09,,512000000
2026-05-29 12:21:04.191,13,12.19,,512000000
2026-05-29 12:21:04.182,2,1.75,,512000000
2026-05-29 12:21:04.177,2,1.95,,512000000
2026-05-29 12:21:04.172,2,1.95,,512000000
2026-05-29 12:21:04.159,2,1.93,,512000000
2026-05-29 12:21:04.158,2,1.91,,512000000
2026-05-29 12:21:04.157,3,2.01,,512000000
2026-05-29 12:21:04.134,2,1.82,,512000000
2026-05-29 12:21:04.133,2,1.92,,512000000
2026-05-29 12:21:04.130,2,1.8,,512000000
2026-05-29 12:21:04.124,4,3.16,,512000000
2026-05-29 12:21:04.115,4,3.76,,512000000
2026-05-29 12:21:04.101,2,1.97,,512000000
2026-05-29 12:21:04.086,2,1.76,,512000000
2026-05-29 12:21:04.083,4,3.08,,512000000
2026-05-29 12:21:04.082,2,1.66,,512000000
2026-05-29 12:21:04.070,4,3.02,,512000000
2026-05-29 12:21:04.045,3,2.17,,512000000
2026-05-29 12:21:04.026,2,1.7,,512000000
2026-05-29 12:21:04.015,2,1.98,,512000000
2026-05-29 12:21:04.004,4,3.2,,512000000
2026-05-29 12:21:04.000,2,1.91,,512000000
2026-05-29 12:21:03.988,2,1.82,,512000000
2026-05-29 12:21:03.977,3,2.22,,512000000
2026-05-29 12:21:03.972,2,1.85,,512000000
2026-05-29 12:21:03.970,3,2.06,,512000000
2026-05-29 12:21:03.969,2,1.87,,512000000
2026-05-29 12:21:03.968,3,2.15,,512000000
2026-05-29 12:21:03.943,3,2.1,,512000000
2026-05-29 12:21:03.940,2,1.73,,512000000
2026-05-29 12:21:03.894,2,1.86,,512000000
2026-05-29 12:21:03.891,9,8.26,,512000000
2026-05-29 12:21:03.874,2,1.85,,512000000
2026-05-29 12:21:03.866,2,1.73,,512000000
2026-05-29 12:21:03.863,2,1.69,,512000000
2026-05-29 12:21:03.860,3,2.12,,512000000
2026-05-29 12:21:03.855,2,1.83,,512000000
2026-05-29 12:21:03.825,2,1.73,,512000000
2026-05-29 12:21:03.819,2,1.93,,512000000
2026-05-29 12:21:03.802,2,1.74,,512000000
2026-05-29 12:21:03.802,10,9.8,,512000000
2026-05-29 12:21:03.786,2,1.75,,512000000
2026-05-29 12:21:03.783,12,11.32,,512000000
2026-05-29 12:21:03.780,2,1.97,,512000000
2026-05-29 12:21:03.776,2,1.81,,512000000
2026-05-29 12:21:03.764,3,2.25,,512000000
2026-05-29 12:21:03.760,2,1.82,,512000000
2026-05-29 12:21:03.733,2,1.83,,512000000
2026-05-29 12:21:03.728,2,1.76,,512000000
2026-05-29 12:21:03.716,2,1.7,,512000000
2026-05-29 12:21:03.707,2,1.74,,512000000
2026-05-29 12:21:03.681,2,1.69,,512000000
2026-05-29 12:21:03.656,2,1.83,,512000000
2026-05-29 12:21:03.645,2,1.84,,512000000
2026-05-29 12:21:03.636,2,1.94,,512000000
2026-05-29 12:21:03.619,2,1.61,,512000000
2026-05-29 12:21:03.609,2,1.7,,512000000
2026-05-29 12:21:03.576,3,2.02,,512000000
2026-05-29 12:21:03.571,13,12.09,,512000000
2026-05-29 12:21:03.568,3,2.13,,512000000
2026-05-29 12:21:03.554,2,1.75,,512000000
2026-05-29 12:21:03.541,2,1.88,,512000000
2026-05-29 12:21:03.522,2,1.74,,512000000
2026-05-29 12:21:03.521,2,1.99,,512000000
2026-05-29 12:21:03.508,2,1.75,,512000000
2026-05-29 12:21:03.505,2,1.94,,512000000
2026-05-29 12:21:03.491,2,1.8,,512000000
2026-05-29 12:21:03.486,13,12.26,,512000000
2026-05-29 12:21:03.482,2,1.71,,512000000
2026-05-29 12:21:03.472,2,1.95,,512000000
2026-05-29 12:21:03.471,14,13.27,,512000000
2026-05-29 12:21:03.451,4,3.7,,512000000
2026-05-29 12:21:03.431,11,10.63,,512000000
2026-05-29 12:21:03.414,3,2.64,,512000000
2026-05-29 12:21:03.414,2,1.71,,512000000
2026-05-29 12:21:03.402,2,1.87,,512000000
2026-05-29 12:21:03.401,2,1.78,,512000000
2026-05-29 12:21:03.380,3,2.31,,512000000
2026-05-29 12:21:03.369,2,1.79,,512000000
2026-05-29 12:21:03.358,5,4.2,,512000000
2026-05-29 12:21:03.341,25,25,,512000000
2026-05-29 12:21:03.322,2,1.79,,512000000
2026-05-29 12:21:03.306,12,11.39,,512000000
2026-05-29 12:21:03.300,2,1.68,,512000000
2026-05-29 12:21:03.285,2,1.68,,512000000
2026-05-29 12:21:03.259,5,4.99,,512000000
2026-05-29 12:21:03.241,2,1.96,,512000000
2026-05-29 12:21:03.234,6,5.1,,512000000
2026-05-29 12:21:03.215,2,1.84,,512000000
2026-05-29 12:21:03.210,2,1.97,,512000000
2026-05-29 12:21:03.208,2,1.86,,512000000
2026-05-29 12:21:03.196,8,7.93,,512000000
2026-05-29 12:21:03.179,2,1.75,,512000000
2026-05-29 12:21:03.177,7,6.61,,512000000
2026-05-29 12:21:03.143,7,6.9,,512000000
2026-05-29 12:21:03.141,3,2.16,,512000000
2026-05-29 12:21:03.137,2,1.91,,512000000
2026-05-29 12:21:03.135,2,1.86,,512000000
2026-05-29 12:21:03.131,2,1.72,,512000000
2026-05-29 12:21:03.118,2,1.88,,512000000
2026-05-29 12:21:03.115,2,1.88,,512000000
2026-05-29 12:21:03.107,2,1.71,,512000000
2026-05-29 12:21:03.102,2,1.97,,512000000
2026-05-29 12:21:03.101,2,1.86,,512000000
2026-05-29 12:21:03.078,2,1.84,,512000000
2026-05-29 12:21:03.076,2,1.8,,512000000
2026-05-29 12:21:03.062,5,4.85,,512000000
2026-05-29 12:21:03.060,3,2.22,,512000000
2026-05-29 12:21:03.043,3,2.11,,512000000
2026-05-29 12:21:03.036,2,1.74,,512000000
2026-05-29 12:21:03.025,5,4.03,,512000000
2026-05-29 12:21:03.020,3,2.06,,512000000
2026-05-29 12:21:03.011,2,1.82,,512000000
2026-05-29 12:21:02.985,2,1.82,,512000000
2026-05-29 12:21:02.954,2,1.71,,512000000
2026-05-29 12:21:02.917,3,2.01,,512000000
2026-05-29 12:21:02.909,2,1.84,,512000000
2026-05-29 12:21:02.902,18,17.69,,512000000
2026-05-29 12:21:02.888,2,1.75,,512000000
2026-05-29 12:21:02.867,3,2.52,,512000000
2026-05-29 12:21:02.850,3,2.92,,512000000
2026-05-29 12:21:02.847,3,2.16,,512000000
2026-05-29 12:21:02.822,2,1.73,,512000000
2026-05-29 12:21:02.797,9,8.23,,512000000
2026-05-29 12:21:02.796,8,7.77,,512000000
2026-05-29 12:21:02.794,2,1.8,,512000000
2026-05-29 12:21:02.780,2,1.83,,512000000
2026-05-29 12:21:02.780,2,1.88,,512000000
2026-05-29 12:21:02.743,19,18.55,,512000000
2026-05-29 12:21:02.717,14,13.74,,512000000
2026-05-29 12:21:02.708,3,2.22,,512000000
2026-05-29 12:21:02.700,3,2.69,,512000000
2026-05-29 12:21:02.698,3,2.08,,512000000
2026-05-29 12:21:02.694,2,1.89,,512000000
2026-05-29 12:21:02.691,2,1.94,,512000000
2026-05-29 12:21:02.685,2,1.79,,512000000
2026-05-29 12:21:02.676,3,2.05,,512000000
2026-05-29 12:21:02.670,2,1.92,,512000000
2026-05-29 12:21:02.663,20,19.38,,512000000
2026-05-29 12:21:02.656,2,1.95,,512000000
2026-05-29 12:21:02.652,3,2.03,,512000000
2026-05-29 12:21:02.637,11,10.06,,512000000
2026-05-29 12:21:02.634,2,1.8,,512000000
2026-05-29 12:21:02.619,2,1.84,,512000000
2026-05-29 12:21:02.608,2,1.68,,512000000
2026-05-29 12:21:02.601,2,1.85,,512000000
2026-05-29 12:21:02.585,2,1.85,,512000000
2026-05-29 12:21:02.580,2,1.83,,512000000
2026-05-29 12:21:02.575,13,12.04,,512000000
2026-05-29 12:21:02.560,3,2.65,,512000000
2026-05-29 12:21:02.557,8,7.99,,512000000
2026-05-29 12:21:02.540,2,1.73,,512000000
2026-05-29 12:21:02.514,2,1.67,,512000000
2026-05-29 12:21:02.513,2,1.96,,512000000
2026-05-29 12:21:02.498,3,2.6,,512000000
2026-05-29 12:21:02.463,7,6.83,,512000000
2026-05-29 12:21:02.460,2,1.64,,512000000
2026-05-29 12:21:02.457,3,2.06,,512000000
2026-05-29 12:21:02.456,2,1.69,,512000000
2026-05-29 12:21:02.452,2,1.81,,512000000
2026-05-29 12:21:02.450,3,2.19,,512000000
2026-05-29 12:21:02.431,2,1.82,,512000000
2026-05-29 12:21:02.423,2,1.8,,512000000
2026-05-29 12:21:02.400,2,1.95,,512000000
2026-05-29 12:21:02.395,2,1.77,,512000000
2026-05-29 12:21:02.394,2,1.87,,512000000
2026-05-29 12:21:02.384,2,1.71,,512000000
2026-05-29 12:21:02.377,3,2.03,,512000000
2026-05-29 12:21:02.373,2,1.86,,512000000
2026-05-29 12:21:02.368,3,2.05,,512000000
2026-05-29 12:21:02.336,11,10.48,,512000000
2026-05-29 12:21:02.326,2,1.79,,512000000
2026-05-29 12:21:02.317,2,1.84,,512000000
2026-05-29 12:21:02.303,2,1.87,,512000000
2026-05-29 12:21:02.299,2,1.79,,512000000
2026-05-29 12:21:02.296,3,2,,512000000
2026-05-29 12:21:02.279,2,1.9,,512000000
2026-05-29 12:21:02.276,2,1.79,,512000000
2026-05-29 12:21:02.263,2,1.7,,512000000
2026-05-29 12:21:02.242,2,1.99,,512000000
2026-05-29 12:21:02.235,10,9.66,,512000000
2026-05-29 12:21:02.232,2,1.65,,512000000
2026-05-29 12:21:02.225,2,1.94,,512000000
2026-05-29 12:21:02.206,2,1.94,,512000000
2026-05-29 12:21:02.192,6,5.58,,512000000
2026-05-29 12:21:02.189,2,1.95,,512000000
2026-05-29 12:21:02.185,2,1.97,,512000000
2026-05-29 12:21:02.182,2,1.86,,512000000
2026-05-29 12:21:02.176,2,1.79,,512000000
2026-05-29 12:21:02.156,3,2.03,,512000000
2026-05-29 12:21:02.151,2,1.86,,512000000
2026-05-29 12:21:02.143,2,1.85,,512000000
2026-05-29 12:21:02.139,5,4.65,,512000000
2026-05-29 12:21:02.134,3,2.48,,512000000
2026-05-29 12:21:02.121,2,1.68,,512000000
2026-05-29 12:21:02.096,2,1.86,,512000000
2026-05-29 12:21:02.089,2,1.96,,512000000
2026-05-29 12:21:02.062,2,1.87,,512000000
2026-05-29 12:21:02.059,6,5.94,,512000000
2026-05-29 12:21:02.051,5,4.42,,512000000
2026-05-29 12:21:02.048,4,3.56,,512000000
2026-05-29 12:21:02.044,3,2.1,,512000000
2026-05-29 12:21:02.035,2,1.93,,512000000
2026-05-29 12:21:02.028,2,1.72,,512000000
2026-05-29 12:21:02.012,2,1.8,,512000000
2026-05-29 12:21:01.995,2,1.78,,512000000
2026-05-29 12:21:01.979,2,1.93,,512000000
2026-05-29 12:21:01.979,3,2,,512000000
2026-05-29 12:21:01.973,2,1.79,,512000000
2026-05-29 12:21:01.972,2,1.98,,512000000
2026-05-29 12:21:01.966,2,1.96,,512000000
2026-05-29 12:21:01.959,2,1.96,,512000000
2026-05-29 12:21:01.947,2,1.8,,512000000
2026-05-29 12:21:01.938,3,2.36,,512000000
2026-05-29 12:21:01.923,3,2.1,,512000000
2026-05-29 12:21:01.916,2,1.97,,512000000
2026-05-29 12:21:01.908,3,2.01,,512000000
2026-05-29 12:21:01.869,3,2.56,,512000000
2026-05-29 12:21:01.849,2,1.97,,512000000
2026-05-29 12:21:01.846,2,1.56,,512000000
2026-05-29 12:21:01.829,3,2.11,,512000000
2026-05-29 12:21:01.802,2,1.89,,512000000
2026-05-29 12:21:01.798,7,6.28,,512000000
2026-05-29 12:21:01.793,2,1.82,,512000000
2026-05-29 12:21:01.788,2,1.9,,512000000
2026-05-29 12:21:01.751,2,1.84,,512000000
2026-05-29 12:21:01.743,3,2.06,,512000000
2026-05-29 12:21:01.737,2,1.97,,512000000
2026-05-29 12:21:01.718,5,4.61,,512000000
2026-05-29 12:21:01.712,2,1.79,,512000000
2026-05-29 12:21:01.701,3,2.21,,512000000
2026-05-29 12:21:01.696,2,1.88,,512000000
2026-05-29 12:21:01.682,43,42.74,,512000000
2026-05-29 12:21:01.677,4,3.13,,512000000
2026-05-29 12:21:01.668,3,2.09,,512000000
2026-05-29 12:21:01.666,2,1.95,,512000000
2026-05-29 12:21:01.659,3,2.06,,512000000
2026-05-29 12:21:01.640,2,1.71,,512000000
2026-05-29 12:21:01.628,2,1.81,,512000000
2026-05-29 12:21:01.624,57,56.15,,512000000
2026-05-29 12:21:01.594,7,6.43,,512000000
2026-05-29 12:21:01.588,3,2.29,,512000000
2026-05-29 12:21:01.576,2,1.82,,512000000
2026-05-29 12:21:01.575,2,1.87,,512000000
2026-05-29 12:21:01.565,2,1.78,,512000000
2026-05-29 12:21:01.558,4,3.17,,512000000
2026-05-29 12:21:01.548,2,1.94,,512000000
2026-05-29 12:21:01.536,5,4.11,,512000000
2026-05-29 12:21:01.533,3,2.04,,512000000
2026-05-29 12:21:01.526,3,2.25,,512000000
2026-05-29 12:21:01.500,3,2,,512000000
2026-05-29 12:21:01.492,2,1.94,,512000000
2026-05-29 12:21:01.485,10,9.36,,512000000
2026-05-29 12:21:01.468,8,7.9,,512000000
2026-05-29 12:21:01.466,2,1.87,,512000000
2026-05-29 12:21:01.440,4,3.2,,512000000
2026-05-29 12:21:01.430,2,1.88,,512000000
2026-05-29 12:21:01.415,11,10.96,,512000000
2026-05-29 12:21:01.398,2,1.97,,512000000
2026-05-29 12:21:01.386,8,7.46,,512000000
2026-05-29 12:21:01.378,3,2.08,,512000000
2026-05-29 12:21:01.378,40,39.65,,512000000
2026-05-29 12:21:01.368,3,2.32,,512000000
2026-05-29 12:21:01.332,2,1.85,,512000000
2026-05-29 12:21:01.304,3,2.6,,512000000
2026-05-29 12:21:01.294,3,2.07,,512000000
2026-05-29 12:21:01.279,3,2.03,,512000000
2026-05-29 12:21:01.275,2,1.74,,512000000
2026-05-29 12:21:01.255,2,1.92,,512000000
2026-05-29 12:21:01.244,2,1.72,,512000000
2026-05-29 12:21:01.244,3,2.21,,512000000
2026-05-29 12:21:01.240,3,2.05,,512000000
2026-05-29 12:21:01.239,2,1.72,,512000000
2026-05-29 12:21:01.221,2,1.73,,512000000
2026-05-29 12:21:01.219,2,1.94,,512000000
2026-05-29 12:21:01.218,2,1.94,,512000000
2026-05-29 12:21:01.188,2,1.88,,512000000
2026-05-29 12:21:01.180,3,2.05,,512000000
2026-05-29 12:21:01.157,2,1.87,,512000000
2026-05-29 12:21:01.156,3,2.01,,512000000
2026-05-29 12:21:01.142,2,1.7,,512000000
2026-05-29 12:21:01.120,2,1.72,,512000000
2026-05-29 12:21:01.091,4,3.23,,512000000
2026-05-29 12:21:01.083,3,2.08,,512000000
2026-05-29 12:21:01.078,2,1.75,,512000000
2026-05-29 12:21:01.061,2,1.87,,512000000
2026-05-29 12:21:01.061,3,2.54,,512000000
2026-05-29 12:21:01.056,2,1.83,,512000000
2026-05-29 12:21:01.047,2,1.81,,512000000
2026-05-29 12:21:01.042,3,2,,512000000
2026-05-29 12:21:01.041,5,4.57,,512000000
2026-05-29 12:21:01.013,3,2.87,,512000000
2026-05-29 12:21:01.011,2,1.86,,512000000
2026-05-29 12:21:01.010,2,1.94,,512000000
2026-05-29 12:21:01.003,2,1.91,,512000000
2026-05-29 12:21:00.983,2,1.9,,512000000
2026-05-29 12:21:00.982,2,1.91,,512000000
2026-05-29 12:21:00.971,4,3.22,,512000000
2026-05-29 12:21:00.954,3,2.15,,512000000
2026-05-29 12:21:00.948,5,4,,512000000
2026-05-29 12:21:00.925,2,1.61,,512000000
2026-05-29 12:21:00.897,2,1.78,,512000000
2026-05-29 12:21:00.876,2,1.69,,512000000
2026-05-29 12:21:00.857,2,1.68,,512000000
2026-05-29 12:21:00.851,3,2.01,,512000000
2026-05-29 12:21:00.807,3,2.27,,512000000
2026-05-29 12:21:00.806,2,1.83,,512000000
2026-05-29 12:21:00.801,3,2.36,,512000000
2026-05-29 12:21:00.783,2,1.78,,512000000
2026-05-29 12:21:00.783,2,1.53,,512000000
2026-05-29 12:21:00.775,22,21.01,,512000000
2026-05-29 12:21:00.772,2,1.77,,512000000
2026-05-29 12:21:00.772,3,2.19,,512000000
2026-05-29 12:21:00.767,2,1.58,,512000000
2026-05-29 12:21:00.757,2,1.91,,512000000
2026-05-29 12:21:00.723,2,1.7,,512000000
2026-05-29 12:21:00.722,2,1.9,,512000000
2026-05-29 12:21:00.710,2,1.8,,512000000
2026-05-29 12:21:00.695,3,2.21,,512000000
2026-05-29 12:21:00.695,2,1.8,,512000000
2026-05-29 12:21:00.681,2,1.85,,512000000
2026-05-29 12:21:00.679,3,2.17,,512000000
2026-05-29 12:21:00.668,2,1.85,,512000000
2026-05-29 12:21:00.637,3,2.23,,512000000
2026-05-29 12:21:00.637,3,2.19,,512000000
2026-05-29 12:21:00.629,2,1.82,,512000000
2026-05-29 12:21:00.617,3,2.05,,512000000
2026-05-29 12:21:00.615,3,2.1,,512000000
2026-05-29 12:21:00.597,14,13.71,,512000000
2026-05-29 12:21:00.575,13,12.32,,512000000
2026-05-29 12:21:00.570,4,3.1,,512000000
2026-05-29 12:21:00.569,2,1.87,,512000000
2026-05-29 12:21:00.567,2,1.84,,512000000
2026-05-29 12:21:00.563,19,18.52,,512000000
2026-05-29 12:21:00.554,10,9.7,,512000000
2026-05-29 12:21:00.517,3,2.3,,512000000
2026-05-29 12:21:00.511,2,1.69,,512000000
2026-05-29 12:21:00.504,2,1.75,,512000000
2026-05-29 12:21:00.500,2,1.78,,512000000
2026-05-29 12:21:00.499,2,1.84,,512000000
2026-05-29 12:21:00.499,2,1.78,,512000000
2026-05-29 12:21:00.497,2,1.89,,512000000
2026-05-29 12:21:00.465,3,2.04,,512000000
2026-05-29 12:21:00.435,11,10.29,,512000000
2026-05-29 12:21:00.418,2,1.86,,512000000
2026-05-29 12:21:00.417,2,1.78,,512000000
2026-05-29 12:21:00.412,24,23.99,,512000000
2026-05-29 12:21:00.404,5,4.53,,512000000
2026-05-29 12:21:00.402,2,1.67,,512000000
2026-05-29 12:21:00.389,3,2.24,,512000000
2026-05-29 12:21:00.387,2,1.78,,512000000
2026-05-29 12:21:00.387,2,1.81,,512000000
2026-05-29 12:21:00.374,3,2.28,,512000000
2026-05-29 12:21:00.372,3,2.22,,512000000
2026-05-29 12:21:00.369,2,1.86,,512000000
2026-05-29 12:21:00.339,2,1.72,,512000000
2026-05-29 12:21:00.325,2,1.71,,512000000
2026-05-29 12:21:00.323,5,4.5,,512000000
2026-05-29 12:21:00.317,2,1.89,,512000000
2026-05-29 12:21:00.308,2,1.71,,512000000
2026-05-29 12:21:00.295,2,1.77,,512000000
2026-05-29 12:21:00.294,8,7.06,,512000000
2026-05-29 12:21:00.275,3,2.19,,512000000
2026-05-29 12:21:00.268,3,2.08,,512000000
2026-05-29 12:21:00.267,2,1.77,,512000000
2026-05-29 12:21:00.249,2,1.78,,512000000
2026-05-29 12:21:00.229,2,1.62,,512000000
2026-05-29 12:21:00.220,2,1.85,,512000000
2026-05-29 12:21:00.200,2,1.75,,512000000
2026-05-29 12:21:00.193,4,3.73,,512000000
2026-05-29 12:21:00.163,2,1.91,,512000000
2026-05-29 12:21:00.153,2,1.83,,512000000
2026-05-29 12:21:00.148,2,1.97,,512000000
2026-05-29 12:21:00.120,3,2.31,,512000000
2026-05-29 12:21:00.114,3,2.05,,512000000
2026-05-29 12:21:00.106,2,1.88,,512000000
2026-05-29 12:21:00.096,2,1.9,,512000000
2026-05-29 12:21:00.085,2,1.74,,512000000
2026-05-29 12:21:00.081,2,1.78,,512000000
2026-05-29 12:21:00.036,2,1.88,,512000000
2026-05-29 12:21:00.020,2,1.9,,512000000
2026-05-29 12:21:00.012,2,1.95,,512000000
2026-05-29 12:20:59.997,2,1.92,,512000000
2026-05-29 12:20:59.978,6,5.46,,512000000
2026-05-29 12:20:59.977,3,2.32,,512000000
2026-05-29 12:20:59.976,6,5.34,,512000000
2026-05-29 12:20:59.958,3,2,,512000000
2026-05-29 12:20:59.953,2,1.83,,512000000
2026-05-29 12:20:59.919,2,1.79,,512000000
2026-05-29 12:20:59.918,2,1.82,,512000000
2026-05-29 12:20:59.916,2,1.85,,512000000
2026-05-29 12:20:59.913,2,1.83,,512000000
2026-05-29 12:20:59.909,2,1.8,,512000000
2026-05-29 12:20:59.908,2,1.85,,512000000
2026-05-29 12:20:59.898,2,1.65,,512000000
2026-05-29 12:20:59.895,2,1.9,,512000000
2026-05-29 12:20:59.893,3,2.08,,512000000
2026-05-29 12:20:59.892,2,1.83,,512000000
2026-05-29 12:20:59.861,3,2.26,,512000000
2026-05-29 12:20:59.854,6,5.03,,512000000
2026-05-29 12:20:59.829,2,1.87,,512000000
2026-05-29 12:20:59.799,2,1.96,,512000000
2026-05-29 12:20:59.796,6,5.69,,512000000
2026-05-29 12:20:59.793,2,1.74,,512000000
2026-05-29 12:20:59.791,3,2.01,,512000000
2026-05-29 12:20:59.790,2,1.76,,512000000
2026-05-29 12:20:59.753,2,1.75,,512000000
2026-05-29 12:20:59.714,3,2.14,,512000000
2026-05-29 12:20:59.714,2,1.85,,512000000
2026-05-29 12:20:59.701,3,2.1,,512000000
2026-05-29 12:20:59.700,2,1.88,,512000000
2026-05-29 12:20:59.690,2,1.71,,512000000
2026-05-29 12:20:59.681,2,1.89,,512000000
2026-05-29 12:20:59.671,6,5.44,,512000000
2026-05-29 12:20:59.656,2,1.71,,512000000
2026-05-29 12:20:59.647,2,1.75,,512000000
2026-05-29 12:20:59.643,11,10.87,,512000000
2026-05-29 12:20:59.642,2,1.68,,512000000
2026-05-29 12:20:59.641,2,1.83,,512000000
2026-05-29 12:20:59.623,22,21.45,,512000000
2026-05-29 12:20:59.621,3,2.19,,512000000
2026-05-29 12:20:59.604,2,1.79,,512000000
2026-05-29 12:20:59.603,2,1.72,,512000000
2026-05-29 12:20:59.590,2,1.7,,512000000
2026-05-29 12:20:59.587,2,1.72,,512000000
2026-05-29 12:20:59.561,2,1.83,,512000000
2026-05-29 12:20:59.530,2,1.87,,512000000
2026-05-29 12:20:59.529,2,1.7,,512000000
2026-05-29 12:20:59.500,2,1.88,,512000000
2026-05-29 12:20:59.491,2,1.98,,512000000
2026-05-29 12:20:59.464,3,2.16,,512000000
2026-05-29 12:20:59.463,2,1.76,,512000000
2026-05-29 12:20:59.462,3,2.03,,512000000
2026-05-29 12:20:59.459,3,2.05,,512000000
2026-05-29 12:20:59.437,3,2.25,,512000000
2026-05-29 12:20:59.418,3,2.44,,512000000
2026-05-29 12:20:59.403,2,1.79,,512000000
2026-05-29 12:20:59.402,2,1.76,,512000000
2026-05-29 12:20:59.396,3,2.01,,512000000
2026-05-29 12:20:59.396,6,5.31,,512000000
2026-05-29 12:20:59.390,2,1.93,,512000000
2026-05-29 12:20:59.382,3,2.93,,512000000
2026-05-29 12:20:59.378,4,3.58,,512000000
2026-05-29 12:20:59.356,3,2.95,,512000000
2026-05-29 12:20:59.355,3,2.07,,512000000
2026-05-29 12:20:59.355,2,1.74,,512000000
2026-05-29 12:20:59.347,2,1.87,,512000000
2026-05-29 12:20:59.340,3,2.24,,512000000
2026-05-29 12:20:59.312,2,1.79,,512000000
2026-05-29 12:20:59.305,2,1.63,,512000000
2026-05-29 12:20:59.292,4,3.13,,512000000
2026-05-29 12:20:59.291,2,1.94,,512000000
2026-05-29 12:20:59.269,3,2.87,,512000000
2026-05-29 12:20:59.260,3,2.27,,512000000
2026-05-29 12:20:59.248,2,1.66,,512000000
2026-05-29 12:20:59.231,2,1.89,,512000000
2026-05-29 12:20:59.215,3,2.07,,512000000
2026-05-29 12:20:59.197,2,1.63,,512000000
2026-05-29 12:20:59.191,3,2.01,,512000000
2026-05-29 12:20:59.190,3,2.01,,512000000
2026-05-29 12:20:59.179,3,2.11,,512000000
2026-05-29 12:20:59.172,2,1.91,,512000000
2026-05-29 12:20:59.167,2,1.7,,512000000
2026-05-29 12:20:59.162,31,30.86,,512000000
2026-05-29 12:20:59.161,2,1.75,,512000000
2026-05-29 12:20:59.149,2,1.75,,512000000
2026-05-29 12:20:59.142,2,1.91,,512000000
2026-05-29 12:20:59.132,3,2.01,,512000000
2026-05-29 12:20:59.122,3,2.56,,512000000
2026-05-29 12:20:59.117,3,2.09,,512000000
2026-05-29 12:20:59.106,6,5.36,,512000000
2026-05-29 12:20:59.105,2,1.97,,512000000
2026-05-29 12:20:59.104,2,1.74,,512000000
2026-05-29 12:20:59.076,20,19.28,,512000000
2026-05-29 12:20:59.066,2,1.64,,512000000
2026-05-29 12:20:59.064,2,1.75,,512000000
2026-05-29 12:20:59.055,2,1.81,,512000000
2026-05-29 12:20:59.039,3,2.42,,512000000
2026-05-29 12:20:59.031,3,2.12,,512000000
2026-05-29 12:20:59.014,27,26.32,,512000000
2026-05-29 12:20:59.008,2,1.89,,512000000
2026-05-29 12:20:59.005,29,28.49,,512000000
2026-05-29 12:20:59.003,3,2.21,,512000000
2026-05-29 12:20:59.001,3,2.08,,512000000
2026-05-29 12:20:58.982,7,6.12,,512000000
2026-05-29 12:20:58.979,3,2.26,,512000000
2026-05-29 12:20:58.962,11,10.96,,512000000
2026-05-29 12:20:58.952,2,1.82,,512000000
2026-05-29 12:20:58.946,2,1.74,,512000000
2026-05-29 12:20:58.929,16,15.37,,512000000
2026-05-29 12:20:58.909,5,4.78,,512000000
2026-05-29 12:20:58.909,2,1.63,,512000000
2026-05-29 12:20:58.907,2,1.85,,512000000
2026-05-29 12:20:58.907,3,2.13,,512000000
2026-05-29 12:20:58.895,2,1.88,,512000000
2026-05-29 12:20:58.887,3,2.65,,512000000
2026-05-29 12:20:58.874,2,1.82,,512000000
2026-05-29 12:20:58.871,3,2.12,,512000000
2026-05-29 12:20:58.858,2,1.85,,512000000
2026-05-29 12:20:58.827,2,1.8,,512000000
2026-05-29 12:20:58.815,2,1.75,,512000000
2026-05-29 12:20:58.748,2,1.71,,512000000
2026-05-29 12:20:58.747,2,1.87,,512000000
2026-05-29 12:20:58.722,2,1.93,,512000000
2026-05-29 12:20:58.715,21,20.22,,512000000
2026-05-29 12:20:58.706,2,1.88,,512000000
2026-05-29 12:20:58.705,7,6.95,,512000000
2026-05-29 12:20:58.685,3,2.08,,512000000
2026-05-29 12:20:58.678,2,1.89,,512000000
2026-05-29 12:20:58.676,11,10.19,,512000000
2026-05-29 12:20:58.658,2,1.81,,512000000
2026-05-29 12:20:58.641,3,2.04,,512000000
2026-05-29 12:20:58.634,2,1.55,,512000000
2026-05-29 12:20:58.628,14,13.84,,512000000
2026-05-29 12:20:58.623,9,8.62,,512000000
2026-05-29 12:20:58.623,29,28.94,,512000000
2026-05-29 12:20:58.588,3,2.46,,512000000
2026-05-29 12:20:58.587,3,2.27,,512000000
2026-05-29 12:20:58.576,3,2.14,,512000000
2026-05-29 12:20:58.573,3,2.29,,512000000
2026-05-29 12:20:58.573,2,1.78,,512000000
2026-05-29 12:20:58.573,3,2.08,,512000000
2026-05-29 12:20:58.563,3,2.02,,512000000
2026-05-29 12:20:58.538,14,13.13,,512000000
2026-05-29 12:20:58.527,2,1.97,,512000000
2026-05-29 12:20:58.518,2,1.79,,512000000
2026-05-29 12:20:58.512,2,1.81,,512000000
2026-05-29 12:20:58.505,2,1.91,,512000000
2026-05-29 12:20:58.504,3,2.11,,512000000
2026-05-29 12:20:58.495,2,1.84,,512000000
2026-05-29 12:20:58.490,2,1.9,,512000000
2026-05-29 12:20:58.461,3,2.07,,512000000
2026-05-29 12:20:58.459,2,1.87,,512000000
2026-05-29 12:20:58.455,12,11.2,,512000000
2026-05-29 12:20:58.416,9,8.29,,512000000
2026-05-29 12:20:58.413,5,4.87,,512000000
2026-05-29 12:20:58.384,3,2.05,,512000000
2026-05-29 12:20:58.382,3,2.06,,512000000
2026-05-29 12:20:58.369,2,1.95,,512000000
2026-05-29 12:20:58.341,3,2.29,,512000000
2026-05-29 12:20:58.335,2,1.89,,512000000
2026-05-29 12:20:58.309,3,2.07,,512000000
2026-05-29 12:20:58.280,3,2.13,,512000000
2026-05-29 12:20:58.277,3,2.14,,512000000
2026-05-29 12:20:58.255,3,2.17,,512000000
2026-05-29 12:20:58.252,2,1.83,,512000000
2026-05-29 12:20:58.251,3,2.13,,512000000
2026-05-29 12:20:58.242,2,1.71,,512000000
2026-05-29 12:20:58.239,2,1.75,,512000000
2026-05-29 12:20:58.218,9,8.88,,512000000
2026-05-29 12:20:58.214,5,4.2,,512000000
2026-05-29 12:20:58.199,42,41.37,,512000000
2026-05-29 12:20:58.195,9,8.95,,512000000
2026-05-29 12:20:58.193,3,2.1,,512000000
2026-05-29 12:20:58.191,2,1.85,,512000000
2026-05-29 12:20:58.189,2,1.82,,512000000
2026-05-29 12:20:58.181,2,1.83,,512000000
2026-05-29 12:20:58.175,13,12.04,,512000000
2026-05-29 12:20:58.156,2,1.93,,512000000
2026-05-29 12:20:58.136,4,3.49,,512000000
2026-05-29 12:20:58.133,3,2.02,,512000000
2026-05-29 12:20:58.112,2,1.76,,512000000
2026-05-29 12:20:58.101,3,2.77,,512000000
2026-05-29 12:20:58.097,3,2.03,,512000000
2026-05-29 12:20:58.092,2,1.69,,512000000
2026-05-29 12:20:58.071,2,1.81,,512000000
2026-05-29 12:20:58.021,2,1.95,,512000000
2026-05-29 12:20:57.973,3,2.05,,512000000
2026-05-29 12:20:57.972,3,2.03,,512000000
2026-05-29 12:20:57.967,3,2.26,,512000000
2026-05-29 12:20:57.960,2,1.72,,512000000
2026-05-29 12:20:57.935,2,1.84,,512000000
2026-05-29 12:20:57.931,9,8.06,,512000000
2026-05-29 12:20:57.930,2,1.79,,512000000
2026-05-29 12:20:57.911,4,3.56,,512000000
2026-05-29 12:20:57.902,3,2.28,,512000000
2026-05-29 12:20:57.898,3,2.05,,512000000
2026-05-29 12:20:57.892,2,1.72,,512000000
2026-05-29 12:20:57.859,2,1.75,,512000000
2026-05-29 12:20:57.843,8,7.3,,512000000
2026-05-29 12:20:57.834,2,1.9,,512000000
2026-05-29 12:20:57.829,3,2.45,,512000000
2026-05-29 12:20:57.823,13,12.87,,512000000
2026-05-29 12:20:57.823,2,1.86,,512000000
2026-05-29 12:20:57.814,2,1.9,,512000000
2026-05-29 12:20:57.803,2,1.78,,512000000
2026-05-29 12:20:57.801,3,2,,512000000
2026-05-29 12:20:57.795,5,4.61,,512000000
2026-05-29 12:20:57.777,2,1.82,,512000000
2026-05-29 12:20:57.759,3,2.07,,512000000
2026-05-29 12:20:57.752,2,1.89,,512000000
2026-05-29 12:20:57.744,3,2.2,,512000000
2026-05-29 12:20:57.735,2,1.9,,512000000
2026-05-29 12:20:57.735,2,1.83,,512000000
2026-05-29 12:20:57.696,11,10.85,,512000000
2026-05-29 12:20:57.694,2,1.75,,512000000
2026-05-29 12:20:57.649,2,1.93,,512000000
2026-05-29 12:20:57.642,2,1.84,,512000000
2026-05-29 12:20:57.637,3,2.02,,512000000
2026-05-29 12:20:57.624,2,2,,512000000
2026-05-29 12:20:57.623,2,1.94,,512000000
2026-05-29 12:20:57.620,2,1.72,,512000000
2026-05-29 12:20:57.619,2,1.73,,512000000
2026-05-29 12:20:57.599,2,1.91,,512000000
2026-05-29 12:20:57.550,2,1.83,,512000000
2026-05-29 12:20:57.546,2,1.85,,512000000
2026-05-29 12:20:57.538,2,1.98,,512000000
2026-05-29 12:20:57.515,2,1.71,,512000000
2026-05-29 12:20:57.515,2,1.77,,512000000
2026-05-29 12:20:57.509,2,1.71,,512000000
2026-05-29 12:20:57.497,2,1.83,,512000000
2026-05-29 12:20:57.495,2,1.72,,512000000
2026-05-29 12:20:57.448,15,14.51,,512000000
2026-05-29 12:20:57.440,2,1.87,,512000000
2026-05-29 12:20:57.437,2,1.72,,512000000
2026-05-29 12:20:57.433,2,1.89,,512000000
2026-05-29 12:20:57.430,2,1.78,,512000000
2026-05-29 12:20:57.379,2,1.64,,512000000
2026-05-29 12:20:57.377,2,1.76,,512000000
2026-05-29 12:20:57.373,2,1.67,,512000000
2026-05-29 12:20:57.372,2,1.92,,512000000
2026-05-29 12:20:57.369,3,2.07,,512000000
2026-05-29 12:20:57.366,2,1.66,,512000000
2026-05-29 12:20:57.365,2,1.84,,512000000
2026-05-29 12:20:57.348,2,1.63,,512000000
2026-05-29 12:20:57.323,2,1.99,,512000000
2026-05-29 12:20:57.317,2,1.69,,512000000
2026-05-29 12:20:57.314,2,1.95,,512000000
2026-05-29 12:20:57.301,2,1.72,,512000000
2026-05-29 12:20:57.297,2,1.88,,512000000
2026-05-29 12:20:57.296,2,1.85,,512000000
2026-05-29 12:20:57.295,2,1.72,,512000000
2026-05-29 12:20:57.283,6,5.79,,512000000
2026-05-29 12:20:57.262,16,15.79,,512000000
2026-05-29 12:20:57.255,2,1.89,,512000000
2026-05-29 12:20:57.251,3,2.48,,512000000
2026-05-29 12:20:57.250,2,1.87,,512000000
2026-05-29 12:20:57.245,3,2.02,,512000000
2026-05-29 12:20:57.245,2,1.87,,512000000
2026-05-29 12:20:57.219,2,1.87,,512000000
2026-05-29 12:20:57.216,2,1.76,,512000000
2026-05-29 12:20:57.200,2,1.85,,512000000
2026-05-29 12:20:57.195,2,1.72,,512000000
2026-05-29 12:20:57.182,2,1.72,,512000000
2026-05-29 12:20:57.171,2,1.7,,512000000
2026-05-29 12:20:57.166,2,1.83,,512000000
2026-05-29 12:20:57.146,2,1.74,,512000000
2026-05-29 12:20:57.131,2,1.79,,512000000
2026-05-29 12:20:57.120,2,1.72,,512000000
2026-05-29 12:20:57.090,2,1.69,,512000000
2026-05-29 12:20:57.086,2,1.77,,512000000
2026-05-29 12:20:57.075,2,1.87,,512000000
2026-05-29 12:20:57.070,2,1.52,,512000000
2026-05-29 12:20:57.061,2,1.93,,512000000
2026-05-29 12:20:57.055,2,1.6,,512000000
2026-05-29 12:20:57.055,2,1.69,,512000000
2026-05-29 12:20:57.043,2,1.9,,512000000
2026-05-29 12:20:57.023,2,1.79,,512000000
2026-05-29 12:20:57.005,2,1.69,,512000000
2026-05-29 12:20:57.002,2,1.73,,512000000
2026-05-29 12:20:56.994,2,1.71,,512000000
2026-05-29 12:20:56.985,2,1.75,,512000000
2026-05-29 12:20:56.972,2,1.84,,512000000
2026-05-29 12:20:56.965,2,1.82,,512000000
2026-05-29 12:20:56.947,3,2.15,,512000000
2026-05-29 12:20:56.943,2,1.68,,512000000
2026-05-29 12:20:56.939,11,10.49,,512000000
2026-05-29 12:20:56.936,2,1.78,,512000000
2026-05-29 12:20:56.934,2,1.69,,512000000
2026-05-29 12:20:56.930,3,2.05,,512000000
2026-05-29 12:20:56.921,3,2.38,,512000000
2026-05-29 12:20:56.911,2,1.77,,512000000
2026-05-29 12:20:56.910,2,1.8,,512000000
2026-05-29 12:20:56.895,3,2.07,,512000000
2026-05-29 12:20:56.889,2,1.76,,512000000
2026-05-29 12:20:56.873,3,2.17,,512000000
2026-05-29 12:20:56.867,2,1.84,,512000000
2026-05-29 12:20:56.855,22,21.97,,512000000
2026-05-29 12:20:56.849,2,1.84,,512000000
2026-05-29 12:20:56.812,2,1.67,,512000000
2026-05-29 12:20:56.811,2,1.89,,512000000
2026-05-29 12:20:56.782,2,1.86,,512000000
2026-05-29 12:20:56.776,2,1.78,,512000000
2026-05-29 12:20:56.769,2,1.66,,512000000
2026-05-29 12:20:56.767,2,1.92,,512000000
2026-05-29 12:20:56.745,3,2.02,,512000000
2026-05-29 12:20:56.739,2,1.83,,512000000
2026-05-29 12:20:56.729,2,1.6,,512000000
2026-05-29 12:20:56.725,8,7.17,,512000000
2026-05-29 12:20:56.703,3,2.08,,512000000
2026-05-29 12:20:56.699,3,2.12,,512000000
2026-05-29 12:20:56.646,2,1.96,,512000000
2026-05-29 12:20:56.639,2,1.76,,512000000
2026-05-29 12:20:56.617,2,1.85,,512000000
2026-05-29 12:20:56.604,3,2.27,,512000000
2026-05-29 12:20:56.600,2,1.92,,512000000
2026-05-29 12:20:56.599,2,1.75,,512000000
2026-05-29 12:20:56.595,13,12.45,,512000000
2026-05-29 12:20:56.586,3,2.19,,512000000
2026-05-29 12:20:56.576,2,1.85,,512000000
2026-05-29 12:20:56.568,9,8.59,,512000000
2026-05-29 12:20:56.556,21,20.13,,512000000
2026-05-29 12:20:56.555,11,10.04,,512000000
2026-05-29 12:20:56.538,2,1.69,,512000000
2026-05-29 12:20:56.532,3,2.45,,512000000
2026-05-29 12:20:56.531,2,1.94,,512000000
2026-05-29 12:20:56.516,2,1.71,,512000000
2026-05-29 12:20:56.515,2,1.94,,512000000
2026-05-29 12:20:56.490,3,2.13,,512000000
2026-05-29 12:20:56.464,20,19.78,,512000000
2026-05-29 12:20:56.462,2,1.99,,512000000
2026-05-29 12:20:56.450,3,2.17,,512000000
2026-05-29 12:20:56.417,11,10.68,,512000000
2026-05-29 12:20:56.399,2,1.53,,512000000
2026-05-29 12:20:56.397,7,6.11,,512000000
2026-05-29 12:20:56.396,2,1.71,,512000000
2026-05-29 12:20:56.384,7,6.07,,512000000
2026-05-29 12:20:56.384,3,2.85,,512000000
2026-05-29 12:20:56.380,2,1.69,,512000000
2026-05-29 12:20:56.363,5,4.71,,512000000
2026-05-29 12:20:56.311,9,8.32,,512000000
2026-05-29 12:20:56.293,2,1.7,,512000000
2026-05-29 12:20:56.292,2,1.99,,512000000
2026-05-29 12:20:56.288,2,1.89,,512000000
2026-05-29 12:20:56.253,2,1.92,,512000000
2026-05-29 12:20:56.252,2,1.67,,512000000
2026-05-29 12:20:56.249,3,2.33,,512000000
2026-05-29 12:20:56.239,2,1.99,,512000000
2026-05-29 12:20:56.197,2,1.83,,512000000
2026-05-29 12:20:56.190,2,1.89,,512000000
2026-05-29 12:20:56.187,2,1.93,,512000000
2026-05-29 12:20:56.168,3,2.21,,512000000
2026-05-29 12:20:56.132,2,1.9,,512000000
2026-05-29 12:20:56.122,2,1.7,,512000000
2026-05-29 12:20:56.121,2,1.68,,512000000
2026-05-29 12:20:56.111,2,1.99,,512000000
2026-05-29 12:20:56.093,23,22.62,,512000000
2026-05-29 12:20:56.052,7,6.44,,512000000
2026-05-29 12:20:56.050,2,1.61,,512000000
2026-05-29 12:20:56.038,2,1.83,,512000000
2026-05-29 12:20:56.034,2,1.77,,512000000
2026-05-29 12:20:56.024,15,14.18,,512000000
2026-05-29 12:20:56.016,10,9.65,,512000000
2026-05-29 12:20:56.012,2,1.96,,512000000
2026-05-29 12:20:56.011,2,1.7,,512000000
2026-05-29 12:20:55.997,2,1.83,,512000000
2026-05-29 12:20:55.992,2,1.61,,512000000
2026-05-29 12:20:55.991,2,1.76,,512000000
2026-05-29 12:20:55.977,2,1.73,,512000000
2026-05-29 12:20:55.967,2,1.71,,512000000
2026-05-29 12:20:55.956,2,1.78,,512000000
2026-05-29 12:20:55.955,2,1.77,,512000000
2026-05-29 12:20:55.945,2,1.71,,512000000
2026-05-29 12:20:55.900,10,9.04,,512000000
2026-05-29 12:20:55.890,2,1.78,,512000000
2026-05-29 12:20:55.886,2,1.65,,512000000
2026-05-29 12:20:55.884,2,1.7,,512000000
2026-05-29 12:20:55.852,2,1.78,,512000000
2026-05-29 12:20:55.845,6,5.36,,512000000
2026-05-29 12:20:55.823,3,2.04,,512000000
2026-05-29 12:20:55.823,3,2.04,,512000000
2026-05-29 12:20:55.822,2,1.78,,512000000
2026-05-29 12:20:55.816,3,2.08,,512000000
2026-05-29 12:20:55.815,2,1.78,,512000000
2026-05-29 12:20:55.815,7,6.01,,512000000
2026-05-29 12:20:55.809,2,1.88,,512000000
2026-05-29 12:20:55.758,2,1.78,,512000000
2026-05-29 12:20:55.755,2,1.91,,512000000
2026-05-29 12:20:55.746,43,42.58,,512000000
2026-05-29 12:20:55.736,3,2.1,,512000000
2026-05-29 12:20:55.718,2,1.73,,512000000
2026-05-29 12:20:55.693,3,2.42,,512000000
2026-05-29 12:20:55.687,2,1.85,,512000000
2026-05-29 12:20:55.683,2,1.89,,512000000
2026-05-29 12:20:55.666,2,1.93,,512000000
2026-05-29 12:20:55.665,6,6,,512000000
2026-05-29 12:20:55.660,2,1.85,,512000000
2026-05-29 12:20:55.652,2,1.84,,512000000
2026-05-29 12:20:55.638,4,3.15,,512000000
2026-05-29 12:20:55.629,9,8.17,,512000000
2026-05-29 12:20:55.628,2,1.97,,512000000
2026-05-29 12:20:55.608,3,2.74,,512000000
2026-05-29 12:20:55.607,2,1.9,,512000000
2026-05-29 12:20:55.603,2,1.71,,512000000
2026-05-29 12:20:55.593,2,1.7,,512000000
2026-05-29 12:20:55.570,2,1.87,,512000000
2026-05-29 12:20:55.555,2,1.81,,512000000
2026-05-29 12:20:55.554,2,1.83,,512000000
2026-05-29 12:20:55.549,2,1.71,,512000000
2026-05-29 12:20:55.535,12,11.29,,512000000
2026-05-29 12:20:55.532,2,1.77,,512000000
2026-05-29 12:20:55.530,2,1.95,,512000000
2026-05-29 12:20:55.521,2,1.71,,512000000
2026-05-29 12:20:55.517,2,1.76,,512000000
2026-05-29 12:20:55.507,2,1.8,,512000000
2026-05-29 12:20:55.494,3,2.02,,512000000
2026-05-29 12:20:55.489,2,1.79,,512000000
2026-05-29 12:20:55.478,2,1.95,,512000000
2026-05-29 12:20:55.445,3,2.03,,512000000
2026-05-29 12:20:55.439,3,2.17,,512000000
2026-05-29 12:20:55.419,3,2.35,,512000000
2026-05-29 12:20:55.413,2,1.95,,512000000
2026-05-29 12:20:55.402,3,2.03,,512000000
2026-05-29 12:20:55.395,3,2.2,,512000000
2026-05-29 12:20:55.391,3,2.04,,512000000
2026-05-29 12:20:55.389,2,1.88,,512000000
2026-05-29 12:20:55.347,3,2.27,,512000000
2026-05-29 12:20:55.346,4,3.61,,512000000
2026-05-29 12:20:55.340,2,1.96,,512000000
2026-05-29 12:20:55.335,2,1.81,,512000000
2026-05-29 12:20:55.335,2,1.73,,512000000
2026-05-29 12:20:55.334,2,1.91,,512000000
2026-05-29 12:20:55.316,2,1.76,,512000000
2026-05-29 12:20:55.304,2,1.7,,512000000
2026-05-29 12:20:55.294,2,1.98,,512000000
2026-05-29 12:20:55.268,2,1.98,,512000000
2026-05-29 12:20:55.261,2,1.72,,512000000
2026-05-29 12:20:55.258,2,1.81,,512000000
2026-05-29 12:20:55.242,2,1.69,,512000000
2026-05-29 12:20:55.239,2,1.86,,512000000
2026-05-29 12:20:55.227,2,1.64,,512000000
2026-05-29 12:20:55.216,3,2.1,,512000000
2026-05-29 12:20:55.184,2,1.88,,512000000
2026-05-29 12:20:55.166,2,1.97,,512000000
2026-05-29 12:20:55.156,3,2.33,,512000000
2026-05-29 12:20:55.142,2,1.86,,512000000
2026-05-29 12:20:55.136,3,2.41,,512000000
2026-05-29 12:20:55.135,2,1.92,,512000000
2026-05-29 12:20:55.133,2,1.77,,512000000
2026-05-29 12:20:55.117,17,16.49,,512000000
2026-05-29 12:20:55.115,2,1.84,,512000000
2026-05-29 12:20:55.105,2,1.8,,512000000
2026-05-29 12:20:55.098,2,1.83,,512000000
2026-05-29 12:20:55.083,3,2.73,,512000000
2026-05-29 12:20:55.080,2,1.65,,512000000
2026-05-29 12:20:55.075,4,3.79,,512000000
2026-05-29 12:20:55.057,2,1.97,,512000000
2026-05-29 12:20:55.055,2,1.72,,512000000
2026-05-29 12:20:55.041,2,1.85,,512000000
2026-05-29 12:20:55.037,2,1.65,,512000000
2026-05-29 12:20:55.028,2,1.95,,512000000
2026-05-29 12:20:55.023,4,3.96,,512000000
2026-05-29 12:20:55.015,7,6.61,,512000000
2026-05-29 12:20:55.007,3,2.41,,512000000
2026-05-29 12:20:55.003,3,2.83,,512000000
2026-05-29 12:20:54.977,2,1.78,,512000000
2026-05-29 12:20:54.973,2,1.89,,512000000
2026-05-29 12:20:54.970,2,1.89,,512000000
2026-05-29 12:20:54.954,35,34.35,,512000000
2026-05-29 12:20:54.945,2,1.69,,512000000
2026-05-29 12:20:54.944,3,2.44,,512000000
2026-05-29 12:20:54.941,2,1.73,,512000000
2026-05-29 12:20:54.933,2,1.67,,512000000
2026-05-29 12:20:54.930,2,1.86,,512000000
2026-05-29 12:20:54.909,2,1.71,,512000000
2026-05-29 12:20:54.850,2,1.78,,512000000
2026-05-29 12:20:54.824,2,1.88,,512000000
2026-05-29 12:20:54.819,2,1.78,,512000000
2026-05-29 12:20:54.812,3,2,,512000000
2026-05-29 12:20:54.776,2,1.86,,512000000
2026-05-29 12:20:54.768,3,2.35,,512000000
2026-05-29 12:20:54.759,2,1.79,,512000000
2026-05-29 12:20:54.740,2,1.67,,512000000
2026-05-29 12:20:54.738,2,1.86,,512000000
2026-05-29 12:20:54.718,2,1.83,,512000000
2026-05-29 12:20:54.710,2,1.98,,512000000
2026-05-29 12:20:54.707,2,1.59,,512000000
2026-05-29 12:20:54.683,9,8.16,,512000000
2026-05-29 12:20:54.674,3,2.02,,512000000
2026-05-29 12:20:54.668,2,1.78,,512000000
2026-05-29 12:20:54.664,2,1.74,,512000000
2026-05-29 12:20:54.664,3,2.04,,512000000
2026-05-29 12:20:54.652,2,1.76,,512000000
2026-05-29 12:20:54.647,2,1.8,,512000000
2026-05-29 12:20:54.640,2,1.78,,512000000
2026-05-29 12:20:54.626,2,1.78,,512000000
2026-05-29 12:20:54.599,2,1.71,,512000000
2026-05-29 12:20:54.598,3,2.38,,512000000
2026-05-29 12:20:54.595,2,1.94,,512000000
2026-05-29 12:20:54.555,2,1.76,,512000000
2026-05-29 12:20:54.533,2,1.94,,512000000
2026-05-29 12:20:54.531,2,1.91,,512000000
2026-05-29 12:20:54.515,3,2.7,,512000000
2026-05-29 12:20:54.506,2,1.9,,512000000
2026-05-29 12:20:54.493,2,1.96,,512000000
2026-05-29 12:20:54.485,2,1.95,,512000000
2026-05-29 12:20:54.448,2,1.97,,512000000
2026-05-29 12:20:54.437,2,1.96,,512000000
2026-05-29 12:20:54.396,2,1.97,,512000000
2026-05-29 12:20:54.383,3,2.72,,512000000
2026-05-29 12:20:54.379,2,1.89,,512000000
2026-05-29 12:20:54.374,2,1.76,,512000000
2026-05-29 12:20:54.368,2,1.76,,512000000
2026-05-29 12:20:54.364,2,1.85,,512000000
2026-05-29 12:20:54.359,6,5.98,,512000000
2026-05-29 12:20:54.348,2,1.83,,512000000
2026-05-29 12:20:54.343,2,1.65,,512000000
2026-05-29 12:20:54.333,3,2.1,,512000000
2026-05-29 12:20:54.331,2,1.74,,512000000
2026-05-29 12:20:54.284,2,1.79,,512000000
2026-05-29 12:20:54.282,3,2.02,,512000000
2026-05-29 12:20:54.282,3,2.61,,512000000
2026-05-29 12:20:54.272,2,1.72,,512000000
2026-05-29 12:20:54.257,21,20.48,,512000000
2026-05-29 12:20:54.253,3,2.03,,512000000
2026-05-29 12:20:54.242,2,1.77,,512000000
2026-05-29 12:20:54.223,4,3.41,,512000000
2026-05-29 12:20:54.195,4,3.65,,512000000
2026-05-29 12:20:54.179,2,1.74,,512000000
2026-05-29 12:20:54.179,2,1.8,,512000000
2026-05-29 12:20:54.173,2,1.75,,512000000
2026-05-29 12:20:54.170,2,1.81,,512000000
2026-05-29 12:20:54.165,4,3.73,,512000000
2026-05-29 12:20:54.160,2,1.82,,512000000
2026-05-29 12:20:54.141,2,1.72,,512000000
2026-05-29 12:20:54.127,3,2.06,,512000000
2026-05-29 12:20:54.109,2,1.88,,512000000
2026-05-29 12:20:54.099,2,1.78,,512000000
2026-05-29 12:20:54.093,2,1.79,,512000000
2026-05-29 12:20:54.086,2,1.72,,512000000
2026-05-29 12:20:54.056,3,2.09,,512000000
2026-05-29 12:20:54.053,2,1.91,,512000000
2026-05-29 12:20:54.004,11,10.15,,512000000
2026-05-29 12:20:54.001,2,1.77,,512000000
2026-05-29 12:20:53.998,3,2.01,,512000000
2026-05-29 12:20:53.995,2,1.71,,512000000
2026-05-29 12:20:53.994,2,1.99,,512000000
2026-05-29 12:20:53.990,2,1.75,,512000000
2026-05-29 12:20:53.964,3,2.12,,512000000
2026-05-29 12:20:53.955,7,6.9,,512000000
2026-05-29 12:20:53.950,2,1.73,,512000000
2026-05-29 12:20:53.938,2,1.91,,512000000
2026-05-29 12:20:53.910,2,1.91,,512000000
2026-05-29 12:20:53.908,4,3.37,,512000000
2026-05-29 12:20:53.905,2,1.78,,512000000
2026-05-29 12:20:53.904,2,1.89,,512000000
2026-05-29 12:20:53.900,2,1.95,,512000000
2026-05-29 12:20:53.879,2,1.8,,512000000
2026-05-29 12:20:53.875,19,18.64,,512000000
2026-05-29 12:20:53.856,7,6.12,,512000000
2026-05-29 12:20:53.856,2,1.8,,512000000
2026-05-29 12:20:53.852,2,1.74,,512000000
2026-05-29 12:20:53.847,2,1.92,,512000000
2026-05-29 12:20:53.845,25,24.43,,512000000
2026-05-29 12:20:53.844,2,1.75,,512000000
2026-05-29 12:20:53.829,3,2.04,,512000000
2026-05-29 12:20:53.805,3,2.04,,512000000
2026-05-29 12:20:53.804,2,1.79,,512000000
2026-05-29 12:20:53.802,6,5.9,,512000000
2026-05-29 12:20:53.783,2,1.76,,512000000
2026-05-29 12:20:53.762,2,1.97,,512000000
2026-05-29 12:20:53.742,3,2.22,,512000000
2026-05-29 12:20:53.738,3,2,,512000000
2026-05-29 12:20:53.732,3,2,,512000000
2026-05-29 12:20:53.731,2,1.77,,512000000
2026-05-29 12:20:53.718,8,7.96,,512000000
2026-05-29 12:20:53.714,2,1.66,,512000000
2026-05-29 12:20:53.698,9,8.05,,512000000
2026-05-29 12:20:53.696,2,1.86,,512000000
2026-05-29 12:20:53.691,9,8.39,,512000000
2026-05-29 12:20:53.687,2,1.9,,512000000
2026-05-29 12:20:53.684,2,1.74,,512000000
2026-05-29 12:20:53.684,2,1.95,,512000000
2026-05-29 12:20:53.673,2,1.89,,512000000
2026-05-29 12:20:53.668,2,1.94,,512000000
2026-05-29 12:20:53.660,2,1.81,,512000000
2026-05-29 12:20:53.635,2,1.7,,512000000
2026-05-29 12:20:53.605,14,13.71,,512000000
2026-05-29 12:20:53.598,2,1.75,,512000000
2026-05-29 12:20:53.597,2,1.82,,512000000
2026-05-29 12:20:53.592,2,1.68,,512000000
2026-05-29 12:20:53.584,2,1.76,,512000000
2026-05-29 12:20:53.579,8,7.27,,512000000
2026-05-29 12:20:53.571,19,18.23,,512000000
2026-05-29 12:20:53.560,3,2.02,,512000000
2026-05-29 12:20:53.559,2,1.87,,512000000
2026-05-29 12:20:53.552,2,1.79,,512000000
2026-05-29 12:20:53.538,9,8.12,,512000000
2026-05-29 12:20:53.518,9,8.04,,512000000
2026-05-29 12:20:53.501,2,1.78,,512000000
2026-05-29 12:20:53.499,2,1.86,,512000000
2026-05-29 12:20:53.478,2,1.83,,512000000
2026-05-29 12:20:53.471,2,1.75,,512000000
2026-05-29 12:20:53.469,2,1.82,,512000000
2026-05-29 12:20:53.463,2,1.93,,512000000
2026-05-29 12:20:53.444,2,1.82,,512000000
2026-05-29 12:20:53.443,2,1.82,,512000000
2026-05-29 12:20:53.440,4,3.26,,512000000
2026-05-29 12:20:53.421,3,2.37,,512000000
2026-05-29 12:20:53.417,2,1.73,,512000000
2026-05-29 12:20:53.409,2,1.99,,512000000
2026-05-29 12:20:53.373,2,1.59,,512000000
2026-05-29 12:20:53.368,14,13.96,,512000000
2026-05-29 12:20:53.355,2,1.68,,512000000
2026-05-29 12:20:53.353,2,1.76,,512000000
2026-05-29 12:20:53.353,3,2.13,,512000000
2026-05-29 12:20:53.343,3,2.15,,512000000
2026-05-29 12:20:53.340,3,2.34,,512000000
2026-05-29 12:20:53.311,2,1.92,,512000000
2026-05-29 12:20:53.309,4,3.31,,512000000
2026-05-29 12:20:53.306,2,1.84,,512000000
2026-05-29 12:20:53.283,3,2.25,,512000000
2026-05-29 12:20:53.272,2,1.55,,512000000
2026-05-29 12:20:53.264,2,1.78,,512000000
2026-05-29 12:20:53.264,2,1.92,,512000000
2026-05-29 12:20:53.245,2,1.77,,512000000
2026-05-29 12:20:53.211,3,2.05,,512000000
2026-05-29 12:20:53.209,2,1.76,,512000000
2026-05-29 12:20:53.209,2,2,,512000000
2026-05-29 12:20:53.149,2,1.69,,512000000
2026-05-29 12:20:53.145,15,14.51,,512000000
2026-05-29 12:20:53.129,2,1.8,,512000000
2026-05-29 12:20:53.127,2,1.99,,512000000
2026-05-29 12:20:53.112,3,2.69,,512000000
2026-05-29 12:20:53.080,2,1.87,,512000000
2026-05-29 12:20:53.047,2,1.75,,512000000
2026-05-29 12:20:53.018,2,1.95,,512000000
2026-05-29 12:20:52.978,2,1.75,,512000000
2026-05-29 12:20:52.940,2,1.81,,512000000
2026-05-29 12:20:52.939,2,1.78,,512000000
2026-05-29 12:20:52.935,2,1.61,,512000000
2026-05-29 12:20:52.924,2,1.8,,512000000
2026-05-29 12:20:52.923,2,1.87,,512000000
2026-05-29 12:20:52.918,2,1.81,,512000000
2026-05-29 12:20:52.909,3,2.01,,512000000
2026-05-29 12:20:52.887,6,5.31,,512000000
2026-05-29 12:20:52.863,4,3.29,,512000000
2026-05-29 12:20:52.861,2,1.92,,512000000
2026-05-29 12:20:52.857,2,1.7,,512000000
2026-05-29 12:20:52.852,2,1.68,,512000000
2026-05-29 12:20:52.842,10,9.93,,512000000
2026-05-29 12:20:52.836,3,2.1,,512000000
2026-05-29 12:20:52.834,2,1.88,,512000000
2026-05-29 12:20:52.832,2,2,,512000000
2026-05-29 12:20:52.832,3,2.28,,512000000
2026-05-29 12:20:52.827,2,1.81,,512000000
2026-05-29 12:20:52.817,12,11.76,,512000000
2026-05-29 12:20:52.803,3,2.3,,512000000
2026-05-29 12:20:52.798,16,15.71,,512000000
2026-05-29 12:20:52.728,2,1.69,,512000000
2026-05-29 12:20:52.696,2,1.87,,512000000
2026-05-29 12:20:52.695,3,2.22,,512000000
2026-05-29 12:20:52.689,3,2.29,,512000000
2026-05-29 12:20:52.684,2,1.86,,512000000
2026-05-29 12:20:52.678,2,1.99,,512000000
2026-05-29 12:20:52.677,2,1.88,,512000000
2026-05-29 12:20:52.663,2,1.74,,512000000
2026-05-29 12:20:52.647,2,1.61,,512000000
2026-05-29 12:20:52.647,3,2,,512000000
2026-05-29 12:20:52.642,2,1.91,,512000000
2026-05-29 12:20:52.624,2,1.92,,512000000
2026-05-29 12:20:52.617,6,5.23,,512000000
2026-05-29 12:20:52.616,3,2.04,,512000000
2026-05-29 12:20:52.604,2,1.68,,512000000
2026-05-29 12:20:52.597,2,1.86,,512000000
2026-05-29 12:20:52.589,2,1.77,,512000000
2026-05-29 12:20:52.584,2,1.89,,512000000
2026-05-29 12:20:52.579,3,2.03,,512000000
2026-05-29 12:20:52.574,2,1.99,,512000000
2026-05-29 12:20:52.566,2,1.71,,512000000
2026-05-29 12:20:52.545,2,1.71,,512000000
2026-05-29 12:20:52.530,2,1.83,,512000000
2026-05-29 12:20:52.525,2,1.83,,512000000
2026-05-29 12:20:52.502,4,3.63,,512000000
2026-05-29 12:20:52.488,2,1.74,,512000000
2026-05-29 12:20:52.483,7,6.51,,512000000
2026-05-29 12:20:52.475,3,2.07,,512000000
2026-05-29 12:20:52.468,2,1.99,,512000000
2026-05-29 12:20:52.468,2,1.98,,512000000
2026-05-29 12:20:52.464,2,1.89,,512000000
2026-05-29 12:20:52.456,7,6.85,,512000000
2026-05-29 12:20:52.450,2,1.68,,512000000
2026-05-29 12:20:52.438,2,1.9,,512000000
2026-05-29 12:20:52.435,2,1.84,,512000000
2026-05-29 12:20:52.403,2,1.99,,512000000
2026-05-29 12:20:52.402,3,2.05,,512000000
2026-05-29 12:20:52.397,17,16.25,,512000000
2026-05-29 12:20:52.387,2,1.79,,512000000
2026-05-29 12:20:52.381,2,1.81,,512000000
2026-05-29 12:20:52.327,2,2,,512000000
2026-05-29 12:20:52.322,3,2.11,,512000000
2026-05-29 12:20:52.315,3,2.85,,512000000
2026-05-29 12:20:52.306,2,1.84,,512000000
2026-05-29 12:20:52.295,60,59.85,,512000000
2026-05-29 12:20:52.295,7,6.37,,512000000
2026-05-29 12:20:52.276,3,2.01,,512000000
2026-05-29 12:20:52.266,2,1.74,,512000000
2026-05-29 12:20:52.249,2,1.91,,512000000
2026-05-29 12:20:52.244,2,1.82,,512000000
2026-05-29 12:20:52.242,3,2.12,,512000000
2026-05-29 12:20:52.228,2,1.63,,512000000
2026-05-29 12:20:52.226,5,5,,512000000
2026-05-29 12:20:52.220,3,2.57,,512000000
2026-05-29 12:20:52.217,2,1.96,,512000000
2026-05-29 12:20:52.215,4,3.35,,512000000
2026-05-29 12:20:52.209,2,1.79,,512000000
2026-05-29 12:20:52.208,2,1.82,,512000000
2026-05-29 12:20:52.205,2,1.93,,512000000
2026-05-29 12:20:52.198,4,3.73,,512000000
2026-05-29 12:20:52.191,3,2,,512000000
2026-05-29 12:20:52.188,10,9.74,,512000000
2026-05-29 12:20:52.178,2,1.79,,512000000
2026-05-29 12:20:52.163,31,30.67,,512000000
2026-05-29 12:20:52.160,4,3.94,,512000000
2026-05-29 12:20:52.156,2,1.97,,512000000
2026-05-29 12:20:52.151,2,1.82,,512000000
2026-05-29 12:20:52.123,3,2.51,,512000000
2026-05-29 12:20:52.114,8,7.69,,512000000
2026-05-29 12:20:52.092,3,2.05,,512000000
2026-05-29 12:20:52.092,2,1.81,,512000000
2026-05-29 12:20:52.067,2,1.95,,512000000
2026-05-29 12:20:52.067,3,2.33,,512000000
2026-05-29 12:20:52.039,9,8.22,,512000000
2026-05-29 12:20:52.018,2,1.82,,512000000
2026-05-29 12:20:52.015,12,11.05,,512000000
2026-05-29 12:20:51.996,17,16.03,,512000000
2026-05-29 12:20:51.970,2,1.62,,512000000
2026-05-29 12:20:51.955,2,1.71,,512000000
2026-05-29 12:20:51.941,3,2.2,,512000000
2026-05-29 12:20:51.919,2,1.95,,512000000
2026-05-29 12:20:51.918,2,1.75,,512000000
2026-05-29 12:20:51.915,12,11.3,,512000000
2026-05-29 12:20:51.912,2,1.71,,512000000
2026-05-29 12:20:51.901,2,1.71,,512000000
2026-05-29 12:20:51.899,14,13.52,,512000000
2026-05-29 12:20:51.899,2,1.79,,512000000
2026-05-29 12:20:51.898,2,1.58,,512000000
2026-05-29 12:20:51.877,4,3.06,,512000000
2026-05-29 12:20:51.870,2,1.92,,512000000
2026-05-29 12:20:51.864,2,1.8,,512000000
2026-05-29 12:20:51.858,7,6.85,,512000000
2026-05-29 12:20:51.849,2,1.77,,512000000
2026-05-29 12:20:51.845,10,9.09,,512000000
2026-05-29 12:20:51.842,2,1.88,,512000000
2026-05-29 12:20:51.839,2,1.78,,512000000
2026-05-29 12:20:51.827,3,2.07,,512000000
2026-05-29 12:20:51.824,8,7.4,,512000000
2026-05-29 12:20:51.814,3,2.02,,512000000
2026-05-29 12:20:51.805,2,1.75,,512000000
2026-05-29 12:20:51.788,2,1.71,,512000000
2026-05-29 12:20:51.785,2,1.65,,512000000
2026-05-29 12:20:51.769,2,1.85,,512000000
2026-05-29 12:20:51.742,2,1.71,,512000000
2026-05-29 12:20:51.731,2,1.66,,512000000
2026-05-29 12:20:51.726,2,1.88,,512000000
2026-05-29 12:20:51.708,2,1.64,,512000000
2026-05-29 12:20:51.694,2,1.52,,512000000
2026-05-29 12:20:51.691,2,1.8,,512000000
2026-05-29 12:20:51.691,2,1.86,,512000000
2026-05-29 12:20:51.690,3,2.1,,512000000
2026-05-29 12:20:51.687,3,2.31,,512000000
2026-05-29 12:20:51.681,17,16.6,,512000000
2026-05-29 12:20:51.670,2,1.7,,512000000
2026-05-29 12:20:51.624,2,1.88,,512000000
2026-05-29 12:20:51.617,2,1.86,,512000000
2026-05-29 12:20:51.613,2,1.8,,512000000
2026-05-29 12:20:51.601,2,1.79,,512000000
2026-05-29 12:20:51.599,6,5.44,,512000000
2026-05-29 12:20:51.585,2,1.59,,512000000
2026-05-29 12:20:51.567,2,1.66,,512000000
2026-05-29 12:20:51.513,2,1.63,,512000000
2026-05-29 12:20:51.489,2,1.83,,512000000
2026-05-29 12:20:51.484,2,1.65,,512000000
2026-05-29 12:20:51.484,3,2,,512000000
2026-05-29 12:20:51.457,2,1.89,,512000000
2026-05-29 12:20:51.433,3,2.13,,512000000
2026-05-29 12:20:51.432,3,2.05,,512000000
2026-05-29 12:20:51.431,2,1.76,,512000000
2026-05-29 12:20:51.421,2,1.48,,512000000
2026-05-29 12:20:51.409,2,1.8,,512000000
2026-05-29 12:20:51.400,2,1.71,,512000000
2026-05-29 12:20:51.376,2,1.72,,512000000
2026-05-29 12:20:51.360,2,1.57,,512000000
2026-05-29 12:20:51.351,2,1.67,,512000000
2026-05-29 12:20:51.351,3,2.11,,512000000
2026-05-29 12:20:51.350,2,1.6,,512000000
2026-05-29 12:20:51.334,2,1.8,,512000000
2026-05-29 12:20:51.286,3,2.16,,512000000
2026-05-29 12:20:51.262,2,1.65,,512000000
2026-05-29 12:20:51.240,2,1.74,,512000000
2026-05-29 12:20:51.221,2,1.66,,512000000
2026-05-29 12:20:51.201,2,1.71,,512000000
2026-05-29 12:20:51.187,2,1.72,,512000000
2026-05-29 12:20:51.176,2,1.67,,512000000
2026-05-29 12:20:51.128,2,1.91,,512000000
2026-05-29 12:20:51.124,2,1.74,,512000000
2026-05-29 12:20:51.117,4,3.22,,512000000
2026-05-29 12:20:51.103,3,2.1,,512000000
2026-05-29 12:20:51.102,3,2.75,,512000000
2026-05-29 12:20:51.100,2,1.81,,512000000
2026-05-29 12:20:51.098,2,1.76,,512000000
2026-05-29 12:20:51.092,2,1.83,,512000000
2026-05-29 12:20:51.061,11,10.53,,512000000
2026-05-29 12:20:51.053,3,2.03,,512000000
2026-05-29 12:20:51.052,4,3.97,,512000000
2026-05-29 12:20:51.051,2,1.93,,512000000
2026-05-29 12:20:51.044,3,2.02,,512000000
2026-05-29 12:20:51.043,2,1.61,,512000000
2026-05-29 12:20:51.037,2,1.82,,512000000
2026-05-29 12:20:51.028,2,1.86,,512000000
2026-05-29 12:20:51.019,2,1.78,,512000000
2026-05-29 12:20:51.016,21,20.16,,512000000
2026-05-29 12:20:50.977,2,1.53,,512000000
2026-05-29 12:20:50.941,2,1.67,,512000000
2026-05-29 12:20:50.934,2,1.86,,512000000
2026-05-29 12:20:50.919,2,1.68,,512000000
2026-05-29 12:20:50.908,2,1.65,,512000000
2026-05-29 12:20:50.907,2,1.76,,512000000
2026-05-29 12:20:50.875,2,1.73,,512000000
2026-05-29 12:20:50.869,4,3.12,,512000000
2026-05-29 12:20:50.866,2,1.84,,512000000
2026-05-29 12:20:50.863,3,2.36,,512000000
2026-05-29 12:20:50.856,2,1.7,,512000000
2026-05-29 12:20:50.845,2,1.75,,512000000
2026-05-29 12:20:50.836,2,1.7,,512000000
2026-05-29 12:20:50.831,3,2.07,,512000000
2026-05-29 12:20:50.816,2,1.98,,512000000
2026-05-29 12:20:50.814,2,1.97,,512000000
2026-05-29 12:20:50.804,18,17.46,,512000000
2026-05-29 12:20:50.796,2,1.71,,512000000
2026-05-29 12:20:50.791,4,3.35,,512000000
2026-05-29 12:20:50.777,4,3.35,,512000000
2026-05-29 12:20:50.748,3,2.49,,512000000
2026-05-29 12:20:50.736,20,19.69,,512000000
2026-05-29 12:20:50.722,11,10.96,,512000000
2026-05-29 12:20:50.722,3,2.31,,512000000
2026-05-29 12:20:50.685,2,1.95,,512000000
2026-05-29 12:20:50.664,2,1.92,,512000000
2026-05-29 12:20:50.648,8,7.64,,512000000
2026-05-29 12:20:50.646,3,2.41,,512000000
2026-05-29 12:20:50.638,2,1.72,,512000000
2026-05-29 12:20:50.623,7,6.04,,512000000
2026-05-29 12:20:50.622,2,1.88,,512000000
2026-05-29 12:20:50.620,3,2.19,,512000000
2026-05-29 12:20:50.612,2,1.63,,512000000
2026-05-29 12:20:50.601,2,1.74,,512000000
2026-05-29 12:20:50.583,22,21.23,,512000000
2026-05-29 12:20:50.565,2,1.76,,512000000
2026-05-29 12:20:50.536,2,1.83,,512000000
2026-05-29 12:20:50.533,15,14.59,,512000000
2026-05-29 12:20:50.521,2,2,,512000000
2026-05-29 12:20:50.512,6,5.92,,512000000
2026-05-29 12:20:50.507,29,28.88,,512000000
2026-05-29 12:20:50.501,2,2,,512000000
2026-05-29 12:20:50.498,2,1.79,,512000000
2026-05-29 12:20:50.495,3,2.2,,512000000
2026-05-29 12:20:50.492,2,1.78,,512000000
2026-05-29 12:20:50.451,3,2.22,,512000000
2026-05-29 12:20:50.445,12,11.42,,512000000
2026-05-29 12:20:50.417,2,1.71,,512000000
2026-05-29 12:20:50.416,28,27.76,,512000000
2026-05-29 12:20:50.404,2,1.72,,512000000
2026-05-29 12:20:50.403,2,1.95,,512000000
2026-05-29 12:20:50.398,3,2.28,,512000000
2026-05-29 12:20:50.392,3,2.11,,512000000
2026-05-29 12:20:50.390,2,1.76,,512000000
2026-05-29 12:20:50.380,2,1.7,,512000000
2026-05-29 12:20:50.376,2,1.89,,512000000
2026-05-29 12:20:50.360,3,2.1,,512000000
2026-05-29 12:20:50.356,8,7.12,,512000000
2026-05-29 12:20:50.356,2,1.91,,512000000
2026-05-29 12:20:50.345,3,2.32,,512000000
2026-05-29 12:20:50.338,3,2.03,,512000000
2026-05-29 12:20:50.332,5,4.62,,512000000
2026-05-29 12:20:50.331,2,1.63,,512000000
2026-05-29 12:20:50.320,7,6.16,,512000000
2026-05-29 12:20:50.318,2,1.66,,512000000
2026-05-29 12:20:50.302,2,1.87,,512000000
2026-05-29 12:20:50.294,2,1.8,,512000000
2026-05-29 12:20:50.278,4,3.4,,512000000
2026-05-29 12:20:50.269,3,2.06,,512000000
2026-05-29 12:20:50.256,2,1.97,,512000000
2026-05-29 12:20:50.252,3,2.08,,512000000
2026-05-29 12:20:50.240,6,5.28,,512000000
2026-05-29 12:20:50.236,3,2.06,,512000000
2026-05-29 12:20:50.222,2,1.95,,512000000
2026-05-29 12:20:50.216,7,6.39,,512000000
2026-05-29 12:20:50.200,3,2.04,,512000000
2026-05-29 12:20:50.196,17,16.27,,512000000
2026-05-29 12:20:50.192,3,2.46,,512000000
2026-05-29 12:20:50.183,2,1.65,,512000000
2026-05-29 12:20:50.156,3,2,,512000000
2026-05-29 12:20:50.136,2,1.72,,512000000
2026-05-29 12:20:50.133,2,1.96,,512000000
2026-05-29 12:20:50.123,2,1.57,,512000000
2026-05-29 12:20:50.113,2,1.64,,512000000
2026-05-29 12:20:50.099,2,1.86,,512000000
2026-05-29 12:20:50.080,4,3.34,,512000000
2026-05-29 12:20:50.075,3,2.02,,512000000
2026-05-29 12:20:50.067,3,2.02,,512000000
2026-05-29 12:20:50.056,3,2.39,,512000000
2026-05-29 12:20:50.053,2,1.76,,512000000
2026-05-29 12:20:50.050,2,1.87,,512000000
2026-05-29 12:20:50.036,3,2.22,,512000000
2026-05-29 12:20:50.017,3,2.29,,512000000
2026-05-29 12:20:49.996,20,19.24,,512000000
2026-05-29 12:20:49.993,2,1.82,,512000000
2026-05-29 12:20:49.984,2,1.61,,512000000
2026-05-29 12:20:49.980,2,1.8,,512000000
2026-05-29 12:20:49.968,2,1.66,,512000000
2026-05-29 12:20:49.947,2,1.81,,512000000
2026-05-29 12:20:49.946,2,1.86,,512000000
2026-05-29 12:20:49.946,2,1.87,,512000000
2026-05-29 12:20:49.941,25,24.34,,512000000
2026-05-29 12:20:49.929,2,1.65,,512000000
2026-05-29 12:20:49.928,3,2.88,,512000000
2026-05-29 12:20:49.899,15,14.63,,512000000
2026-05-29 12:20:49.894,3,2.12,,512000000
2026-05-29 12:20:49.883,2,1.99,,512000000
2026-05-29 12:20:49.879,2,1.76,,512000000
2026-05-29 12:20:49.879,2,1.92,,512000000
2026-05-29 12:20:49.878,2,1.9,,512000000
2026-05-29 12:20:49.877,21,20.68,,512000000
2026-05-29 12:20:49.875,2,1.94,,512000000
2026-05-29 12:20:49.868,2,2,,512000000
2026-05-29 12:20:49.855,3,2.62,,512000000
2026-05-29 12:20:49.845,2,1.72,,512000000
2026-05-29 12:20:49.818,9,8.24,,512000000
2026-05-29 12:20:49.804,3,2.04,,512000000
2026-05-29 12:20:49.804,2,1.91,,512000000
2026-05-29 12:20:49.800,2,1.78,,512000000
2026-05-29 12:20:49.798,3,2.35,,512000000
2026-05-29 12:20:49.747,2,1.84,,512000000
2026-05-29 12:20:49.732,2,1.71,,512000000
2026-05-29 12:20:49.678,3,2.07,,512000000
2026-05-29 12:20:49.673,2,1.94,,512000000
2026-05-29 12:20:49.672,3,2.08,,512000000
2026-05-29 12:20:49.647,2,1.88,,512000000
2026-05-29 12:20:49.645,2,1.91,,512000000
2026-05-29 12:20:49.638,10,9.79,,512000000
2026-05-29 12:20:49.632,3,2.16,,512000000
2026-05-29 12:20:49.631,2,1.9,,512000000
2026-05-29 12:20:49.621,2,1.76,,512000000
2026-05-29 12:20:49.615,14,13.28,,512000000
2026-05-29 12:20:49.591,2,1.99,,512000000
2026-05-29 12:20:49.567,2,1.96,,512000000
2026-05-29 12:20:49.563,2,1.89,,512000000
2026-05-29 12:20:49.562,2,1.78,,512000000
2026-05-29 12:20:49.524,2,1.95,,512000000
2026-05-29 12:20:49.517,2,1.98,,512000000
2026-05-29 12:20:49.507,2,1.75,,512000000
2026-05-29 12:20:49.466,2,1.77,,512000000
2026-05-29 12:20:49.433,2,1.77,,512000000
2026-05-29 12:20:49.415,4,3.07,,512000000
2026-05-29 12:20:49.398,3,2.21,,512000000
2026-05-29 12:20:49.375,2,1.89,,512000000
2026-05-29 12:20:49.374,2,1.78,,512000000
2026-05-29 12:20:49.315,5,4.14,,512000000
2026-05-29 12:20:49.312,2,1.79,,512000000
2026-05-29 12:20:49.301,2,1.73,,512000000
2026-05-29 12:20:49.282,2,1.95,,512000000
2026-05-29 12:20:49.232,3,2.16,,512000000
2026-05-29 12:20:49.229,3,2.05,,512000000
2026-05-29 12:20:49.222,3,2.02,,512000000
2026-05-29 12:20:49.219,10,9.94,,512000000
2026-05-29 12:20:49.204,10,9.36,,512000000
2026-05-29 12:20:49.200,7,6.45,,512000000
2026-05-29 12:20:49.195,7,6.63,,512000000
2026-05-29 12:20:49.183,2,1.82,,512000000
2026-05-29 12:20:49.178,2,1.86,,512000000
2026-05-29 12:20:49.175,3,2.31,,512000000
2026-05-29 12:20:49.172,2,1.71,,512000000
2026-05-29 12:20:49.170,2,1.85,,512000000
2026-05-29 12:20:49.146,2,1.92,,512000000
2026-05-29 12:20:49.139,16,15.74,,512000000
2026-05-29 12:20:49.135,3,2.26,,512000000
2026-05-29 12:20:49.132,2,1.69,,512000000
2026-05-29 12:20:49.130,3,2.04,,512000000
2026-05-29 12:20:49.120,2,1.93,,512000000
2026-05-29 12:20:49.085,12,11.79,,512000000
2026-05-29 12:20:49.077,3,2.94,,512000000
2026-05-29 12:20:49.066,3,2.15,,512000000
2026-05-29 12:20:49.058,2,1.64,,512000000
2026-05-29 12:20:49.057,3,2.74,,512000000
2026-05-29 12:20:49.046,2,1.73,,512000000
2026-05-29 12:20:49.039,2,1.8,,512000000
2026-05-29 12:20:49.032,2,1.82,,512000000
2026-05-29 12:20:49.015,2,1.88,,512000000
2026-05-29 12:20:49.009,2,1.95,,512000000
2026-05-29 12:20:48.974,7,6.03,,512000000
2026-05-29 12:20:48.972,3,2.15,,512000000
2026-05-29 12:20:48.970,2,1.97,,512000000
2026-05-29 12:20:48.966,2,1.81,,512000000
2026-05-29 12:20:48.953,2,1.94,,512000000
2026-05-29 12:20:48.943,2,1.71,,512000000
2026-05-29 12:20:48.937,5,4.41,,512000000
2026-05-29 12:20:48.928,3,2.02,,512000000
2026-05-29 12:20:48.927,2,1.97,,512000000
2026-05-29 12:20:48.914,2,1.74,,512000000
2026-05-29 12:20:48.898,11,10.91,,512000000
2026-05-29 12:20:48.890,2,1.88,,512000000
2026-05-29 12:20:48.878,3,2.2,,512000000
2026-05-29 12:20:48.871,2,1.72,,512000000
2026-05-29 12:20:48.858,8,7.7,,512000000
2026-05-29 12:20:48.857,2,1.75,,512000000
2026-05-29 12:20:48.851,2,1.95,,512000000
2026-05-29 12:20:48.840,2,1.91,,512000000
2026-05-29 12:20:48.819,3,2.23,,512000000
2026-05-29 12:20:48.816,2,1.87,,512000000
2026-05-29 12:20:48.801,2,1.79,,512000000
2026-05-29 12:20:48.795,4,3.17,,512000000
2026-05-29 12:20:48.790,2,1.79,,512000000
2026-05-29 12:20:48.761,2,1.73,,512000000
2026-05-29 12:20:48.758,2,1.66,,512000000
2026-05-29 12:20:48.749,2,1.77,,512000000
2026-05-29 12:20:48.748,2,1.92,,512000000
2026-05-29 12:20:48.748,2,1.83,,512000000
2026-05-29 12:20:48.743,2,1.99,,512000000
2026-05-29 12:20:48.717,2,1.8,,512000000
2026-05-29 12:20:48.710,2,1.73,,512000000
2026-05-29 12:20:48.705,3,2.02,,512000000
2026-05-29 12:20:48.705,9,8.26,,512000000
2026-05-29 12:20:48.699,29,28.25,,512000000
2026-05-29 12:20:48.691,2,2,,512000000
2026-05-29 12:20:48.689,2,1.95,,512000000
2026-05-29 12:20:48.689,2,1.86,,512000000
2026-05-29 12:20:48.651,2,1.78,,512000000
2026-05-29 12:20:48.628,2,1.71,,512000000
2026-05-29 12:20:48.623,2,1.81,,512000000
2026-05-29 12:20:48.600,3,2.94,,512000000
2026-05-29 12:20:48.595,2,1.75,,512000000
2026-05-29 12:20:48.590,3,2.19,,512000000
2026-05-29 12:20:48.582,2,1.67,,512000000
2026-05-29 12:20:48.581,2,1.73,,512000000
2026-05-29 12:20:48.578,6,5.04,,512000000
2026-05-29 12:20:48.561,2,1.81,,512000000
2026-05-29 12:20:48.545,2,1.93,,512000000
2026-05-29 12:20:48.537,4,3.77,,512000000
2026-05-29 12:20:48.521,3,2.04,,512000000
2026-05-29 12:20:48.515,2,1.67,,512000000
2026-05-29 12:20:48.504,3,2.04,,512000000
2026-05-29 12:20:48.504,4,3.51,,512000000
2026-05-29 12:20:48.504,2,1.75,,512000000
2026-05-29 12:20:48.501,7,6.44,,512000000
2026-05-29 12:20:48.492,3,2.04,,512000000
2026-05-29 12:20:48.489,3,2.06,,512000000
2026-05-29 12:20:48.474,3,2.23,,512000000
2026-05-29 12:20:48.469,2,1.74,,512000000
2026-05-29 12:20:48.458,8,7.1,,512000000
2026-05-29 12:20:48.406,2,1.68,,512000000
2026-05-29 12:20:48.398,13,12.76,,512000000
2026-05-29 12:20:48.384,2,1.78,,512000000
2026-05-29 12:20:48.384,9,8.99,,512000000
2026-05-29 12:20:48.381,2,1.88,,512000000
2026-05-29 12:20:48.367,2,1.88,,512000000
2026-05-29 12:20:48.366,2,1.8,,512000000
2026-05-29 12:20:48.364,2,1.79,,512000000
2026-05-29 12:20:48.332,2,1.75,,512000000
2026-05-29 12:20:48.315,2,1.66,,512000000
2026-05-29 12:20:48.311,4,3.02,,512000000
2026-05-29 12:20:48.287,2,1.71,,512000000
2026-05-29 12:20:48.284,3,2.62,,512000000
2026-05-29 12:20:48.278,2,1.8,,512000000
2026-05-29 12:20:48.253,18,17.52,,512000000
2026-05-29 12:20:48.250,2,1.96,,512000000
2026-05-29 12:20:48.211,5,4.13,,512000000
2026-05-29 12:20:48.196,2,1.83,,512000000
2026-05-29 12:20:48.196,2,1.71,,512000000
2026-05-29 12:20:48.189,3,2.08,,512000000
2026-05-29 12:20:48.174,2,2,,512000000
2026-05-29 12:20:48.172,3,2.26,,512000000
2026-05-29 12:20:48.153,2,1.78,,512000000
2026-05-29 12:20:48.152,4,3.7,,512000000
2026-05-29 12:20:48.137,2,1.73,,512000000
2026-05-29 12:20:48.136,3,2.12,,512000000
2026-05-29 12:20:48.134,2,1.72,,512000000
2026-05-29 12:20:48.094,2,1.99,,512000000
2026-05-29 12:20:48.091,4,3.67,,512000000
2026-05-29 12:20:48.083,2,1.67,,512000000
2026-05-29 12:20:48.082,2,1.59,,512000000
2026-05-29 12:20:48.079,21,20.56,,512000000
2026-05-29 12:20:48.073,2,1.73,,512000000
2026-05-29 12:20:48.051,3,2.13,,512000000
2026-05-29 12:20:48.047,3,2.43,,512000000
2026-05-29 12:20:48.037,2,1.65,,512000000
2026-05-29 12:20:48.037,3,2.24,,512000000
2026-05-29 12:20:48.036,3,2.15,,512000000
2026-05-29 12:20:48.036,2,1.96,,512000000
2026-05-29 12:20:48.034,2,1.77,,512000000
2026-05-29 12:20:47.982,3,2.29,,512000000
2026-05-29 12:20:47.975,2,1.86,,512000000
2026-05-29 12:20:47.972,2,1.87,,512000000
2026-05-29 12:20:47.964,15,14.54,,512000000
2026-05-29 12:20:47.963,2,1.7,,512000000
2026-05-29 12:20:47.946,2,1.7,,512000000
2026-05-29 12:20:47.937,2,1.68,,512000000
2026-05-29 12:20:47.876,2,1.64,,512000000
2026-05-29 12:20:47.833,8,7.98,,512000000
2026-05-29 12:20:47.825,21,20.61,,512000000
2026-05-29 12:20:47.818,2,1.62,,512000000
2026-05-29 12:20:47.806,3,2.17,,512000000
2026-05-29 12:20:47.786,2,1.86,,512000000
2026-05-29 12:20:47.722,2,1.89,,512000000
2026-05-29 12:20:47.704,2,1.71,,512000000
2026-05-29 12:20:47.702,2,1.84,,512000000
2026-05-29 12:20:47.700,2,1.64,,512000000
2026-05-29 12:20:47.680,3,2.03,,512000000
2026-05-29 12:20:47.664,2,1.94,,512000000
2026-05-29 12:20:47.636,2,1.62,,512000000
2026-05-29 12:20:47.630,2,1.81,,512000000
2026-05-29 12:20:47.623,6,5.67,,512000000
2026-05-29 12:20:47.621,4,3.64,,512000000
2026-05-29 12:20:47.615,2,1.96,,512000000
2026-05-29 12:20:47.602,3,2.02,,512000000
2026-05-29 12:20:47.569,2,1.76,,512000000
2026-05-29 12:20:47.537,2,1.97,,512000000
2026-05-29 12:20:47.529,2,1.68,,512000000
2026-05-29 12:20:47.512,2,1.79,,512000000
2026-05-29 12:20:47.510,5,4.38,,512000000
2026-05-29 12:20:47.509,2,1.98,,512000000
2026-05-29 12:20:47.506,2,1.92,,512000000
2026-05-29 12:20:47.500,2,1.97,,512000000
2026-05-29 12:20:47.470,5,4.57,,512000000
2026-05-29 12:20:47.441,2,1.66,,512000000
2026-05-29 12:20:47.430,2,1.7,,512000000
2026-05-29 12:20:47.426,3,2.08,,512000000
2026-05-29 12:20:47.413,2,1.99,,512000000
2026-05-29 12:20:47.413,2,1.65,,512000000
2026-05-29 12:20:47.401,2,1.67,,512000000
2026-05-29 12:20:47.400,2,1.73,,512000000
2026-05-29 12:20:47.395,24,23.33,,512000000
2026-05-29 12:20:47.384,11,10.46,,512000000
2026-05-29 12:20:47.381,2,1.76,,512000000
2026-05-29 12:20:47.379,2,1.57,,512000000
2026-05-29 12:20:47.371,2,1.73,,512000000
2026-05-29 12:20:47.346,2,1.7,,512000000
2026-05-29 12:20:47.338,2,1.96,,512000000
2026-05-29 12:20:47.330,2,1.84,,512000000
2026-05-29 12:20:47.324,5,4.12,,512000000
2026-05-29 12:20:47.320,2,1.87,,512000000
2026-05-29 12:20:47.319,3,2.1,,512000000
2026-05-29 12:20:47.318,2,1.62,,512000000
2026-05-29 12:20:47.313,2,1.89,,512000000
2026-05-29 12:20:47.310,2,1.73,,512000000
2026-05-29 12:20:47.298,3,2.08,,512000000
2026-05-29 12:20:47.294,2,1.81,,512000000
2026-05-29 12:20:47.292,12,11.53,,512000000
2026-05-29 12:20:47.275,14,13.15,,512000000
2026-05-29 12:20:47.273,2,1.77,,512000000
2026-05-29 12:20:47.261,3,2.13,,512000000
2026-05-29 12:20:47.260,2,1.62,,512000000
2026-05-29 12:20:47.251,3,2.09,,512000000
2026-05-29 12:20:47.247,2,1.78,,512000000
2026-05-29 12:20:47.235,12,11.24,,512000000
2026-05-29 12:20:47.218,2,1.7,,512000000
2026-05-29 12:20:47.216,3,2.07,,512000000
2026-05-29 12:20:47.216,3,2.12,,512000000
2026-05-29 12:20:47.195,6,5.1,,512000000
2026-05-29 12:20:47.195,2,1.99,,512000000
2026-05-29 12:20:47.191,4,3.76,,512000000
2026-05-29 12:20:47.178,2,1.76,,512000000
2026-05-29 12:20:47.175,2,1.81,,512000000
2026-05-29 12:20:47.155,10,9.4,,512000000
2026-05-29 12:20:47.139,2,1.93,,512000000
2026-05-29 12:20:47.137,2,1.83,,512000000
2026-05-29 12:20:47.133,6,5.37,,512000000
2026-05-29 12:20:47.115,2,1.85,,512000000
2026-05-29 12:20:47.102,2,1.78,,512000000
2026-05-29 12:20:47.095,2,1.82,,512000000
2026-05-29 12:20:47.057,3,2,,512000000
2026-05-29 12:20:47.048,2,1.87,,512000000
2026-05-29 12:20:47.033,3,2.02,,512000000
2026-05-29 12:20:47.016,2,1.62,,512000000
2026-05-29 12:20:47.006,2,1.84,,512000000
2026-05-29 12:20:46.975,3,2.52,,512000000
2026-05-29 12:20:46.969,3,2.29,,512000000
2026-05-29 12:20:46.966,2,1.79,,512000000
2026-05-29 12:20:46.960,3,2.01,,512000000
2026-05-29 12:20:46.959,4,3.36,,512000000
2026-05-29 12:20:46.950,5,4.6,,512000000
2026-05-29 12:20:46.944,2,1.76,,512000000
2026-05-29 12:20:46.926,2,1.74,,512000000
2026-05-29 12:20:46.922,2,1.75,,512000000
2026-05-29 12:20:46.918,2,1.79,,512000000
2026-05-29 12:20:46.911,5,4.08,,512000000
2026-05-29 12:20:46.900,2,1.97,,512000000
2026-05-29 12:20:46.893,3,2.06,,512000000
2026-05-29 12:20:46.852,2,1.92,,512000000
2026-05-29 12:20:46.842,2,1.82,,512000000
2026-05-29 12:20:46.823,3,2.95,,512000000
2026-05-29 12:20:46.803,10,9.24,,512000000
2026-05-29 12:20:46.795,2,1.88,,512000000
2026-05-29 12:20:46.787,2,1.89,,512000000
2026-05-29 12:20:46.780,3,2.01,,512000000
2026-05-29 12:20:46.766,2,1.9,,512000000
2026-05-29 12:20:46.754,19,18.71,,512000000
2026-05-29 12:20:46.748,3,2.14,,512000000
2026-05-29 12:20:46.715,13,12.38,,512000000
2026-05-29 12:20:46.703,3,2.06,,512000000
2026-05-29 12:20:46.700,3,2.01,,512000000
2026-05-29 12:20:46.697,2,1.51,,512000000
2026-05-29 12:20:46.695,2,1.69,,512000000
2026-05-29 12:20:46.695,3,2.01,,512000000
2026-05-29 12:20:46.694,2,1.67,,512000000
2026-05-29 12:20:46.680,2,1.96,,512000000
2026-05-29 12:20:46.663,2,1.9,,512000000
2026-05-29 12:20:46.648,2,1.7,,512000000
2026-05-29 12:20:46.638,2,1.96,,512000000
2026-05-29 12:20:46.620,2,1.76,,512000000
2026-05-29 12:20:46.620,3,2.56,,512000000
2026-05-29 12:20:46.617,3,2.06,,512000000
2026-05-29 12:20:46.615,2,1.88,,512000000
2026-05-29 12:20:46.611,7,6.29,,512000000
2026-05-29 12:20:46.609,2,1.76,,512000000
2026-05-29 12:20:46.592,3,2.14,,512000000
2026-05-29 12:20:46.577,3,2.3,,512000000
2026-05-29 12:20:46.572,2,1.93,,512000000
2026-05-29 12:20:46.571,2,1.66,,512000000
2026-05-29 12:20:46.570,2,1.75,,512000000
2026-05-29 12:20:46.568,2,1.9,,512000000
2026-05-29 12:20:46.564,2,1.88,,512000000
2026-05-29 12:20:46.516,3,2.62,,512000000
2026-05-29 12:20:46.509,3,2.02,,512000000
2026-05-29 12:20:46.484,13,12.35,,512000000
2026-05-29 12:20:46.479,2,1.63,,512000000
2026-05-29 12:20:46.468,2,1.7,,512000000
2026-05-29 12:20:46.455,2,1.96,,512000000
2026-05-29 12:20:46.446,2,1.57,,512000000
2026-05-29 12:20:46.432,2,1.64,,512000000
2026-05-29 12:20:46.425,2,1.55,,512000000
2026-05-29 12:20:46.412,7,6.61,,512000000
2026-05-29 12:20:46.403,3,2.07,,512000000
2026-05-29 12:20:46.402,2,1.96,,512000000
2026-05-29 12:20:46.399,2,1.7,,512000000
2026-05-29 12:20:46.367,2,1.76,,512000000
2026-05-29 12:20:46.349,2,1.95,,512000000
2026-05-29 12:20:46.339,2,1.69,,512000000
2026-05-29 12:20:46.320,3,2.29,,512000000
2026-05-29 12:20:46.290,2,1.75,,512000000
2026-05-29 12:20:46.263,2,1.74,,512000000
2026-05-29 12:20:46.226,2,1.66,,512000000
2026-05-29 12:20:46.212,2,1.74,,512000000
2026-05-29 12:20:46.202,2,1.71,,512000000
2026-05-29 12:20:46.188,2,1.78,,512000000
2026-05-29 12:20:46.182,3,2.01,,512000000
2026-05-29 12:20:46.180,2,1.97,,512000000
2026-05-29 12:20:46.136,9,8.23,,512000000
2026-05-29 12:20:46.134,2,1.81,,512000000
2026-05-29 12:20:46.133,7,6.41,,512000000
2026-05-29 12:20:46.130,2,1.59,,512000000
2026-05-29 12:20:46.116,5,4.62,,512000000
2026-05-29 12:20:46.114,2,1.91,,512000000
2026-05-29 12:20:46.098,3,2.26,,512000000
2026-05-29 12:20:46.087,2,1.9,,512000000
2026-05-29 12:20:46.074,2,1.97,,512000000
2026-05-29 12:20:46.071,2,1.65,,512000000
2026-05-29 12:20:46.064,2,1.65,,512000000
2026-05-29 12:20:46.058,2,1.84,,512000000
2026-05-29 12:20:46.057,2,1.89,,512000000
2026-05-29 12:20:46.055,7,6.72,,512000000
2026-05-29 12:20:46.052,2,1.94,,512000000
2026-05-29 12:20:46.042,2,1.84,,512000000
2026-05-29 12:20:46.038,2,1.65,,512000000
2026-05-29 12:20:46.030,2,1.8,,512000000
2026-05-29 12:20:46.013,2,1.94,,512000000
2026-05-29 12:20:46.005,2,1.83,,512000000
2026-05-29 12:20:45.973,3,2.06,,512000000
2026-05-29 12:20:45.967,4,3.55,,512000000
2026-05-29 12:20:45.954,7,6.9,,512000000
2026-05-29 12:20:45.946,9,8.84,,512000000
2026-05-29 12:20:45.939,2,1.96,,512000000
2026-05-29 12:20:45.933,11,10.12,,512000000
2026-05-29 12:20:45.922,3,2.17,,512000000
2026-05-29 12:20:45.920,2,1.89,,512000000
2026-05-29 12:20:45.915,3,2.02,,512000000
2026-05-29 12:20:45.896,2,1.8,,512000000
2026-05-29 12:20:45.889,2,1.8,,512000000
2026-05-29 12:20:45.885,2,1.89,,512000000
2026-05-29 12:20:45.881,3,2.14,,512000000
2026-05-29 12:20:45.861,2,1.78,,512000000
2026-05-29 12:20:45.822,3,2.14,,512000000
2026-05-29 12:20:45.819,2,1.63,,512000000
2026-05-29 12:20:45.800,2,1.61,,512000000
2026-05-29 12:20:45.797,3,2.09,,512000000
2026-05-29 12:20:45.793,3,2.17,,512000000
2026-05-29 12:20:45.771,2,1.85,,512000000
2026-05-29 12:20:45.760,2,1.76,,512000000
2026-05-29 12:20:45.756,2,1.53,,512000000
2026-05-29 12:20:45.733,2,1.95,,512000000
2026-05-29 12:20:45.621,3,2.06,,512000000
2026-05-29 12:20:45.602,2,1.81,,512000000
2026-05-29 12:20:45.597,2,1.87,,512000000
2026-05-29 12:20:45.594,2,1.88,,512000000
2026-05-29 12:20:45.593,14,13.14,,512000000
2026-05-29 12:20:45.588,2,1.99,,512000000
2026-05-29 12:20:45.572,5,4.12,,512000000
2026-05-29 12:20:45.565,2,1.89,,512000000
2026-05-29 12:20:45.561,2,1.48,,512000000
2026-05-29 12:20:45.549,2,1.95,,512000000
2026-05-29 12:20:45.549,2,1.84,,512000000
2026-05-29 12:20:45.547,2,1.52,,512000000
2026-05-29 12:20:45.540,3,2.25,,512000000
2026-05-29 12:20:45.536,3,2.27,,512000000
2026-05-29 12:20:45.530,2,1.67,,512000000
2026-05-29 12:20:45.512,7,6.31,,512000000
2026-05-29 12:20:45.495,2,1.76,,512000000
2026-05-29 12:20:45.493,2,1.7,,512000000
2026-05-29 12:20:45.483,2,1.63,,512000000
2026-05-29 12:20:45.475,2,1.79,,512000000
2026-05-29 12:20:45.465,6,5.65,,512000000
2026-05-29 12:20:45.456,2,1.86,,512000000
2026-05-29 12:20:45.427,6,5.17,,512000000
2026-05-29 12:20:45.426,15,14.1,,512000000
2026-05-29 12:20:45.420,29,28.09,,512000000
2026-05-29 12:20:45.415,2,1.84,,512000000
2026-05-29 12:20:45.413,2,1.91,,512000000
2026-05-29 12:20:45.411,2,1.7,,512000000
2026-05-29 12:20:45.410,2,1.72,,512000000
2026-05-29 12:20:45.406,2,1.76,,512000000
2026-05-29 12:20:45.405,27,26.4,,512000000
2026-05-29 12:20:45.393,4,3.32,,512000000
2026-05-29 12:20:45.385,3,2.02,,512000000
2026-05-29 12:20:45.383,2,1.72,,512000000
2026-05-29 12:20:45.369,2,1.77,,512000000
2026-05-29 12:20:45.366,2,1.74,,512000000
2026-05-29 12:20:45.346,2,1.89,,512000000
2026-05-29 12:20:45.334,2,1.77,,512000000
2026-05-29 12:20:45.322,2,1.64,,512000000
2026-05-29 12:20:45.321,2,1.69,,512000000
2026-05-29 12:20:45.309,2,1.8,,512000000
2026-05-29 12:20:45.299,2,1.78,,512000000
2026-05-29 12:20:45.274,5,4.04,,512000000
2026-05-29 12:20:45.261,11,10.28,,512000000
2026-05-29 12:20:45.260,2,1.72,,512000000
2026-05-29 12:20:45.259,2,1.77,,512000000
2026-05-29 12:20:45.259,2,1.66,,512000000
2026-05-29 12:20:45.245,2,1.84,,512000000
2026-05-29 12:20:45.220,7,6.79,,512000000
2026-05-29 12:20:45.214,9,8.64,,512000000
2026-05-29 12:20:45.198,2,1.73,,512000000
2026-05-29 12:20:45.198,2,1.85,,512000000
2026-05-29 12:20:45.193,3,2,,512000000
2026-05-29 12:20:45.181,13,12.62,,512000000
2026-05-29 12:20:45.177,3,2.11,,512000000
2026-05-29 12:20:45.163,3,2.01,,512000000
2026-05-29 12:20:45.152,3,2.36,,512000000
2026-05-29 12:20:45.148,2,1.8,,512000000
2026-05-29 12:20:45.143,2,1.73,,512000000
2026-05-29 12:20:45.140,2,1.7,,512000000
2026-05-29 12:20:45.139,2,1.84,,512000000
2026-05-29 12:20:45.123,2,1.94,,512000000
2026-05-29 12:20:45.113,2,1.73,,512000000
2026-05-29 12:20:45.069,2,1.7,,512000000
2026-05-29 12:20:45.062,9,8.6,,512000000
2026-05-29 12:20:45.045,2,1.86,,512000000
2026-05-29 12:20:45.040,8,7.5,,512000000
2026-05-29 12:20:45.031,2,1.75,,512000000
2026-05-29 12:20:45.030,3,2.03,,512000000
2026-05-29 12:20:45.028,2,1.91,,512000000
2026-05-29 12:20:45.026,3,2.11,,512000000
2026-05-29 12:20:44.989,2,1.68,,512000000
2026-05-29 12:20:44.978,3,2.03,,512000000
2026-05-29 12:20:44.962,2,1.91,,512000000
2026-05-29 12:20:44.921,2,1.75,,512000000
2026-05-29 12:20:44.920,2,1.76,,512000000
2026-05-29 12:20:44.916,2,1.89,,512000000
2026-05-29 12:20:44.916,2,1.95,,512000000
2026-05-29 12:20:44.911,2,1.8,,512000000
2026-05-29 12:20:44.906,3,2.4,,512000000
2026-05-29 12:20:44.893,2,1.97,,512000000
2026-05-29 12:20:44.888,3,2.12,,512000000
2026-05-29 12:20:44.884,2,1.95,,512000000
2026-05-29 12:20:44.883,2,1.88,,512000000
2026-05-29 12:20:44.883,3,2.15,,512000000
2026-05-29 12:20:44.864,2,1.89,,512000000
2026-05-29 12:20:44.818,2,1.92,,512000000
2026-05-29 12:20:44.796,3,2.27,,512000000
2026-05-29 12:20:44.791,12,11.38,,512000000
2026-05-29 12:20:44.773,2,1.74,,512000000
2026-05-29 12:20:44.757,3,2.43,,512000000
2026-05-29 12:20:44.753,7,6.78,,512000000
2026-05-29 12:20:44.737,2,1.9,,512000000
2026-05-29 12:20:44.732,2,1.72,,512000000
2026-05-29 12:20:44.724,2,1.75,,512000000
2026-05-29 12:20:44.700,27,26.16,,512000000
2026-05-29 12:20:44.679,3,2.01,,512000000
2026-05-29 12:20:44.651,4,3.56,,512000000
2026-05-29 12:20:44.619,6,5.13,,512000000
2026-05-29 12:20:44.616,3,2.5,,512000000
2026-05-29 12:20:44.614,3,2.22,,512000000
2026-05-29 12:20:44.612,2,1.83,,512000000
2026-05-29 12:20:44.576,2,1.9,,512000000
2026-05-29 12:20:44.574,3,2.02,,512000000
2026-05-29 12:20:44.569,3,2.01,,512000000
2026-05-29 12:20:44.553,2,1.71,,512000000
2026-05-29 12:20:44.531,6,5.9,,512000000
2026-05-29 12:20:44.509,2,1.7,,512000000
2026-05-29 12:20:44.490,3,2.02,,512000000
2026-05-29 12:20:44.469,2,1.67,,512000000
2026-05-29 12:20:44.464,3,2.63,,512000000
2026-05-29 12:20:44.452,2,1.95,,512000000
2026-05-29 12:20:44.449,2,1.86,,512000000
2026-05-29 12:20:44.447,5,4.59,,512000000
2026-05-29 12:20:44.442,2,1.86,,512000000
2026-05-29 12:20:44.428,3,2.14,,512000000
2026-05-29 12:20:44.397,2,1.54,,512000000
2026-05-29 12:20:44.391,2,1.82,,512000000
2026-05-29 12:20:44.381,3,2.26,,512000000
2026-05-29 12:20:44.376,2,1.75,,512000000
2026-05-29 12:20:44.376,3,2.07,,512000000
2026-05-29 12:20:44.372,2,1.64,,512000000
2026-05-29 12:20:44.372,3,2.42,,512000000
2026-05-29 12:20:44.362,2,1.71,,512000000
2026-05-29 12:20:44.352,2,1.75,,512000000
2026-05-29 12:20:44.346,2,1.76,,512000000
2026-05-29 12:20:44.323,8,7.13,,512000000
2026-05-29 12:20:44.319,2,1.77,,512000000
2026-05-29 12:20:44.315,2,1.81,,512000000
2026-05-29 12:20:44.312,2,1.73,,512000000
2026-05-29 12:20:44.304,2,1.58,,512000000
2026-05-29 12:20:44.292,11,10.55,,512000000
2026-05-29 12:20:44.275,2,1.86,,512000000
2026-05-29 12:20:44.251,6,5.02,,512000000
2026-05-29 12:20:44.238,2,1.86,,512000000
2026-05-29 12:20:44.161,2,1.91,,512000000
2026-05-29 12:20:44.155,2,1.81,,512000000
2026-05-29 12:20:44.152,2,1.7,,512000000
2026-05-29 12:20:44.147,2,1.93,,512000000
2026-05-29 12:20:44.135,2,1.94,,512000000
2026-05-29 12:20:44.119,2,1.98,,512000000
2026-05-29 12:20:44.118,2,1.72,,512000000
2026-05-29 12:20:44.091,4,3.88,,512000000
2026-05-29 12:20:44.089,2,1.7,,512000000
2026-05-29 12:20:44.080,2,1.81,,512000000
2026-05-29 12:20:44.072,2,1.74,,512000000
2026-05-29 12:20:44.049,2,1.91,,512000000
2026-05-29 12:20:44.048,45,44.28,,512000000
2026-05-29 12:20:44.047,2,1.97,,512000000
2026-05-29 12:20:44.044,2,1.69,,512000000
2026-05-29 12:20:44.041,2,1.98,,512000000
2026-05-29 12:20:44.036,5,4.05,,512000000
2026-05-29 12:20:44.023,2,1.89,,512000000
2026-05-29 12:20:44.021,3,2.37,,512000000
2026-05-29 12:20:44.014,2,1.81,,512000000
2026-05-29 12:20:44.004,2,1.53,,512000000
2026-05-29 12:20:44.003,2,1.93,,512000000
2026-05-29 12:20:43.995,2,1.55,,512000000
2026-05-29 12:20:43.991,3,2.1,,512000000
2026-05-29 12:20:43.983,9,8.77,,512000000
2026-05-29 12:20:43.981,2,1.65,,512000000
2026-05-29 12:20:43.980,3,2.07,,512000000
2026-05-29 12:20:43.975,3,2.03,,512000000
2026-05-29 12:20:43.965,2,1.89,,512000000
2026-05-29 12:20:43.957,2,1.73,,512000000
2026-05-29 12:20:43.952,2,1.65,,512000000
2026-05-29 12:20:43.947,3,2.12,,512000000
2026-05-29 12:20:43.925,2,1.48,,512000000
2026-05-29 12:20:43.914,2,1.61,,512000000
2026-05-29 12:20:43.909,2,1.68,,512000000
2026-05-29 12:20:43.902,2,1.63,,512000000
2026-05-29 12:20:43.884,2,1.72,,512000000
2026-05-29 12:20:43.875,3,2.09,,512000000
2026-05-29 12:20:43.874,3,2.29,,512000000
2026-05-29 12:20:43.871,2,1.74,,512000000
2026-05-29 12:20:43.869,2,1.7,,512000000
2026-05-29 12:20:43.845,3,2.17,,512000000
2026-05-29 12:20:43.810,2,1.73,,512000000
2026-05-29 12:20:43.806,4,3.38,,512000000
2026-05-29 12:20:43.789,2,1.65,,512000000
2026-05-29 12:20:43.785,2,1.9,,512000000
2026-05-29 12:20:43.781,3,2.04,,512000000
2026-05-29 12:20:43.751,2,1.96,,512000000
2026-05-29 12:20:43.751,3,2.18,,512000000
2026-05-29 12:20:43.733,6,5.55,,512000000
2026-05-29 12:20:43.715,2,1.93,,512000000
2026-05-29 12:20:43.702,2,1.88,,512000000
2026-05-29 12:20:43.699,2,1.71,,512000000
2026-05-29 12:20:43.679,3,2.01,,512000000
2026-05-29 12:20:43.670,2,1.81,,512000000
2026-05-29 12:20:43.657,2,1.57,,512000000
2026-05-29 12:20:43.630,2,1.76,,512000000
2026-05-29 12:20:43.595,2,1.91,,512000000
2026-05-29 12:20:43.591,2,1.75,,512000000
2026-05-29 12:20:43.590,2,1.75,,512000000
2026-05-29 12:20:43.587,2,1.7,,512000000
2026-05-29 12:20:43.571,2,1.8,,512000000
2026-05-29 12:20:43.567,2,1.74,,512000000
2026-05-29 12:20:43.539,2,1.63,,512000000
2026-05-29 12:20:43.527,9,8.91,,512000000
2026-05-29 12:20:43.524,2,1.95,,512000000
2026-05-29 12:20:43.521,2,1.83,,512000000
2026-05-29 12:20:43.507,2,1.69,,512000000
2026-05-29 12:20:43.504,2,1.89,,512000000
2026-05-29 12:20:43.489,2,1.67,,512000000
2026-05-29 12:20:43.484,3,2.2,,512000000
2026-05-29 12:20:43.466,3,2.05,,512000000
2026-05-29 12:20:43.452,2,1.91,,512000000
2026-05-29 12:20:43.451,11,10.23,,512000000
2026-05-29 12:20:43.450,2,1.87,,512000000
2026-05-29 12:20:43.434,2,1.64,,512000000
2026-05-29 12:20:43.430,2,1.82,,512000000
2026-05-29 12:20:43.428,2,1.75,,512000000
2026-05-29 12:20:43.425,2,1.77,,512000000
2026-05-29 12:20:43.408,2,1.79,,512000000
2026-05-29 12:20:43.407,2,1.85,,512000000
2026-05-29 12:20:43.406,2,1.74,,512000000
2026-05-29 12:20:43.386,3,2.13,,512000000
2026-05-29 12:20:43.382,3,2.07,,512000000
2026-05-29 12:20:43.352,2,2,,512000000
2026-05-29 12:20:43.348,2,1.8,,512000000
2026-05-29 12:20:43.343,2,1.81,,512000000
2026-05-29 12:20:43.322,3,2.09,,512000000
2026-05-29 12:20:43.321,2,1.72,,512000000
2026-05-29 12:20:43.272,6,5.7,,512000000
2026-05-29 12:20:43.266,2,1.74,,512000000
2026-05-29 12:20:43.254,2,1.72,,512000000
2026-05-29 12:20:43.230,2,1.68,,512000000
2026-05-29 12:20:43.221,2,1.78,,512000000
2026-05-29 12:20:43.220,2,1.79,,512000000
2026-05-29 12:20:43.207,2,1.66,,512000000
2026-05-29 12:20:43.184,2,1.88,,512000000
2026-05-29 12:20:43.182,2,1.89,,512000000
2026-05-29 12:20:43.148,2,1.82,,512000000
2026-05-29 12:20:43.145,3,2.02,,512000000
2026-05-29 12:20:43.132,2,1.76,,512000000
2026-05-29 12:20:43.126,5,4.77,,512000000
2026-05-29 12:20:43.116,2,1.86,,512000000
2026-05-29 12:20:43.114,11,10.91,,512000000
2026-05-29 12:20:43.114,2,1.79,,512000000
2026-05-29 12:20:43.112,2,1.61,,512000000
2026-05-29 12:20:43.095,2,1.84,,512000000
2026-05-29 12:20:43.082,2,1.93,,512000000
2026-05-29 12:20:43.059,2,1.89,,512000000
2026-05-29 12:20:43.025,2,1.59,,512000000
2026-05-29 12:20:43.006,7,6.39,,512000000
2026-05-29 12:20:42.991,2,1.78,,512000000
2026-05-29 12:20:42.985,2,1.76,,512000000
2026-05-29 12:20:42.983,2,1.84,,512000000
2026-05-29 12:20:42.979,2,1.94,,512000000
2026-05-29 12:20:42.979,2,1.74,,512000000
2026-05-29 12:20:42.946,2,1.85,,512000000
2026-05-29 12:20:42.931,2,1.89,,512000000
2026-05-29 12:20:42.912,2,1.66,,512000000
2026-05-29 12:20:42.900,2,1.68,,512000000
2026-05-29 12:20:42.895,3,2.14,,512000000
2026-05-29 12:20:42.883,2,1.91,,512000000
2026-05-29 12:20:42.880,2,1.95,,512000000
2026-05-29 12:20:42.840,2,1.67,,512000000
2026-05-29 12:20:42.832,2,1.77,,512000000
2026-05-29 12:20:42.792,2,1.83,,512000000
2026-05-29 12:20:42.788,2,1.9,,512000000
2026-05-29 12:20:42.782,3,2.03,,512000000
2026-05-29 12:20:42.765,2,1.68,,512000000
2026-05-29 12:20:42.757,2,1.86,,512000000
2026-05-29 12:20:42.753,3,2.05,,512000000
2026-05-29 12:20:42.752,2,1.44,,512000000
2026-05-29 12:20:42.749,2,1.93,,512000000
2026-05-29 12:20:42.743,2,1.64,,512000000
2026-05-29 12:20:42.738,2,1.79,,512000000
2026-05-29 12:20:42.724,2,1.74,,512000000
2026-05-29 12:20:42.714,21,20.99,,512000000
2026-05-29 12:20:42.702,32,31.32,,512000000
2026-05-29 12:20:42.700,2,1.79,,512000000
2026-05-29 12:20:42.694,2,1.73,,512000000
2026-05-29 12:20:42.668,2,1.77,,512000000
2026-05-29 12:20:42.652,2,1.79,,512000000
2026-05-29 12:20:42.644,2,1.86,,512000000
2026-05-29 12:20:42.641,2,1.89,,512000000
2026-05-29 12:20:42.635,2,1.65,,512000000
2026-05-29 12:20:42.630,2,1.81,,512000000
2026-05-29 12:20:42.626,2,1.64,,512000000
2026-05-29 12:20:42.612,2,1.69,,512000000
2026-05-29 12:20:42.580,2,1.77,,512000000
2026-05-29 12:20:42.578,2,1.93,,512000000
2026-05-29 12:20:42.574,2,1.69,,512000000
2026-05-29 12:20:42.574,2,1.84,,512000000
2026-05-29 12:20:42.559,2,1.74,,512000000
2026-05-29 12:20:42.554,12,11.04,,512000000
2026-05-29 12:20:42.548,2,1.77,,512000000
2026-05-29 12:20:42.539,2,1.78,,512000000
2026-05-29 12:20:42.534,2,1.67,,512000000
2026-05-29 12:20:42.508,2,1.6,,512000000
2026-05-29 12:20:42.496,2,1.95,,512000000
2026-05-29 12:20:42.494,2,1.75,,512000000
2026-05-29 12:20:42.493,8,7.72,,512000000
2026-05-29 12:20:42.479,2,1.7,,512000000
2026-05-29 12:20:42.464,2,1.86,,512000000
2026-05-29 12:20:42.447,2,1.9,,512000000
2026-05-29 12:20:42.446,2,1.9,,512000000
2026-05-29 12:20:42.429,2,1.75,,512000000
2026-05-29 12:20:42.415,9,8.44,,512000000
2026-05-29 12:20:42.415,2,1.67,,512000000
2026-05-29 12:20:42.414,3,2.2,,512000000
2026-05-29 12:20:42.410,2,1.86,,512000000
2026-05-29 12:20:42.405,2,1.82,,512000000
2026-05-29 12:20:42.394,2,1.82,,512000000
2026-05-29 12:20:42.388,2,1.96,,512000000
2026-05-29 12:20:42.372,2,1.94,,512000000
2026-05-29 12:20:42.367,2,1.91,,512000000
2026-05-29 12:20:42.321,2,1.75,,512000000
2026-05-29 12:20:42.302,2,1.89,,512000000
2026-05-29 12:20:42.291,4,3.4,,512000000
2026-05-29 12:20:42.286,3,2.19,,512000000
2026-05-29 12:20:42.281,7,6.64,,512000000
2026-05-29 12:20:42.280,3,2.1,,512000000
2026-05-29 12:20:42.276,2,1.74,,512000000
2026-05-29 12:20:42.271,13,12.78,,512000000
2026-05-29 12:20:42.266,7,6.93,,512000000
2026-05-29 12:20:42.252,7,6.83,,512000000
2026-05-29 12:20:42.248,2,1.71,,512000000
2026-05-29 12:20:42.232,19,18.95,,512000000
2026-05-29 12:20:42.231,2,1.76,,512000000
2026-05-29 12:20:42.223,3,2.06,,512000000
2026-05-29 12:20:42.220,2,1.87,,512000000
2026-05-29 12:20:42.214,2,1.83,,512000000
2026-05-29 12:20:42.196,3,2.14,,512000000
2026-05-29 12:20:42.166,2,1.73,,512000000
2026-05-29 12:20:42.166,2,1.76,,512000000
2026-05-29 12:20:42.127,3,2.01,,512000000
2026-05-29 12:20:42.122,2,1.75,,512000000
2026-05-29 12:20:42.091,2,1.83,,512000000
2026-05-29 12:20:42.052,2,1.81,,512000000
2026-05-29 12:20:42.040,2,1.82,,512000000
2026-05-29 12:20:41.984,2,1.78,,512000000
2026-05-29 12:20:41.972,2,1.74,,512000000
2026-05-29 12:20:41.971,2,1.8,,512000000
2026-05-29 12:20:41.943,2,1.72,,512000000
2026-05-29 12:20:41.927,2,1.88,,512000000
2026-05-29 12:20:41.925,2,1.91,,512000000
2026-05-29 12:20:41.922,2,1.61,,512000000
2026-05-29 12:20:41.922,2,1.85,,512000000
2026-05-29 12:20:41.920,2,1.67,,512000000
2026-05-29 12:20:41.917,3,2.07,,512000000
2026-05-29 12:20:41.916,2,1.77,,512000000
2026-05-29 12:20:41.915,2,1.87,,512000000
2026-05-29 12:20:41.883,2,1.76,,512000000
2026-05-29 12:20:41.872,2,1.68,,512000000
2026-05-29 12:20:41.871,2,1.83,,512000000
2026-05-29 12:20:41.866,11,10.19,,512000000
2026-05-29 12:20:41.857,2,1.74,,512000000
2026-05-29 12:20:41.850,2,1.74,,512000000
2026-05-29 12:20:41.848,2,1.71,,512000000
2026-05-29 12:20:41.839,2,1.87,,512000000
2026-05-29 12:20:41.825,2,1.73,,512000000
2026-05-29 12:20:41.822,10,9.06,,512000000
2026-05-29 12:20:41.805,2,1.95,,512000000
2026-05-29 12:20:41.798,2,1.72,,512000000
2026-05-29 12:20:41.794,3,2.1,,512000000
2026-05-29 12:20:41.783,2,1.84,,512000000
2026-05-29 12:20:41.766,2,1.95,,512000000
2026-05-29 12:20:41.763,2,1.78,,512000000
2026-05-29 12:20:41.762,2,1.79,,512000000
2026-05-29 12:20:41.735,2,1.88,,512000000
2026-05-29 12:20:41.731,2,1.68,,512000000
2026-05-29 12:20:41.720,2,1.79,,512000000
2026-05-29 12:20:41.711,2,1.76,,512000000
2026-05-29 12:20:41.699,2,1.69,,512000000
2026-05-29 12:20:41.686,2,1.74,,512000000
2026-05-29 12:20:41.662,2,1.87,,512000000
2026-05-29 12:20:41.651,2,1.72,,512000000
2026-05-29 12:20:41.630,2,1.72,,512000000
2026-05-29 12:20:41.628,2,1.96,,512000000
2026-05-29 12:20:41.624,2,1.68,,512000000
2026-05-29 12:20:41.620,2,1.97,,512000000
2026-05-29 12:20:41.606,3,2.19,,512000000
2026-05-29 12:20:41.590,2,1.85,,512000000
2026-05-29 12:20:41.586,2,1.82,,512000000
2026-05-29 12:20:41.557,2,1.67,,512000000
2026-05-29 12:20:41.555,2,1.95,,512000000
2026-05-29 12:20:41.522,2,1.81,,512000000
2026-05-29 12:20:41.522,2,1.91,,512000000
2026-05-29 12:20:41.497,3,2.18,,512000000
2026-05-29 12:20:41.488,2,1.76,,512000000
2026-05-29 12:20:41.479,7,6.38,,512000000
2026-05-29 12:20:41.478,2,1.97,,512000000
2026-05-29 12:20:41.464,3,2.13,,512000000
2026-05-29 12:20:41.459,2,1.88,,512000000
2026-05-29 12:20:41.456,2,1.78,,512000000
2026-05-29 12:20:41.442,2,1.96,,512000000
2026-05-29 12:20:41.437,2,1.98,,512000000
2026-05-29 12:20:41.413,2,1.92,,512000000
2026-05-29 12:20:41.386,2,1.95,,512000000
2026-05-29 12:20:41.382,2,1.62,,512000000
2026-05-29 12:20:41.349,2,1.86,,512000000
2026-05-29 12:20:41.327,2,1.72,,512000000
2026-05-29 12:20:41.321,2,1.67,,512000000
2026-05-29 12:20:41.320,6,5.53,,512000000
2026-05-29 12:20:41.304,2,2,,512000000
2026-05-29 12:20:41.278,4,3.34,,512000000
2026-05-29 12:20:41.276,2,1.66,,512000000
2026-05-29 12:20:41.275,2,1.81,,512000000
2026-05-29 12:20:41.267,2,1.84,,512000000
2026-05-29 12:20:41.261,2,1.88,,512000000
2026-05-29 12:20:41.251,4,3.7,,512000000
2026-05-29 12:20:41.248,3,2.27,,512000000
2026-05-29 12:20:41.224,2,1.78,,512000000
2026-05-29 12:20:41.207,3,2.17,,512000000
2026-05-29 12:20:41.203,2,1.73,,512000000
2026-05-29 12:20:41.195,2,1.71,,512000000
2026-05-29 12:20:41.167,3,2.05,,512000000
2026-05-29 12:20:41.150,2,1.78,,512000000
2026-05-29 12:20:41.128,2,1.72,,512000000
2026-05-29 12:20:41.118,2,1.67,,512000000
2026-05-29 12:20:41.108,2,1.72,,512000000
2026-05-29 12:20:41.106,2,1.77,,512000000
2026-05-29 12:20:41.100,3,2.79,,512000000
2026-05-29 12:20:41.078,3,2.1,,512000000
2026-05-29 12:20:41.073,3,2.17,,512000000
2026-05-29 12:20:41.060,2,1.93,,512000000
2026-05-29 12:20:41.059,2,1.76,,512000000
2026-05-29 12:20:41.042,2,1.8,,512000000
2026-05-29 12:20:41.041,30,29.04,,512000000
2026-05-29 12:20:41.028,2,1.83,,512000000
2026-05-29 12:20:40.983,21,20.81,,512000000
2026-05-29 12:20:40.977,2,1.68,,512000000
2026-05-29 12:20:40.943,2,1.85,,512000000
2026-05-29 12:20:40.919,3,2.04,,512000000
2026-05-29 12:20:40.916,2,1.75,,512000000
2026-05-29 12:20:40.915,3,2.09,,512000000
2026-05-29 12:20:40.899,2,1.82,,512000000
2026-05-29 12:20:40.893,2,1.96,,512000000
2026-05-29 12:20:40.892,2,1.9,,512000000
2026-05-29 12:20:40.886,3,2.69,,512000000
2026-05-29 12:20:40.886,2,1.7,,512000000
2026-05-29 12:20:40.873,2,1.96,,512000000
2026-05-29 12:20:40.869,2,1.9,,512000000
2026-05-29 12:20:40.866,2,1.66,,512000000
2026-05-29 12:20:40.865,28,27.68,,512000000
2026-05-29 12:20:40.846,2,1.97,,512000000
2026-05-29 12:20:40.845,6,5.65,,512000000
2026-05-29 12:20:40.842,2,1.8,,512000000
2026-05-29 12:20:40.812,4,3.35,,512000000
2026-05-29 12:20:40.791,2,1.96,,512000000
2026-05-29 12:20:40.785,2,1.74,,512000000
2026-05-29 12:20:40.781,3,2.02,,512000000
2026-05-29 12:20:40.781,14,13.74,,512000000
2026-05-29 12:20:40.779,2,1.66,,512000000
2026-05-29 12:20:40.776,2,1.84,,512000000
2026-05-29 12:20:40.761,2,1.79,,512000000
2026-05-29 12:20:40.750,3,2.21,,512000000
2026-05-29 12:20:40.749,3,2.06,,512000000
2026-05-29 12:20:40.738,2,1.79,,512000000
2026-05-29 12:20:40.705,2,1.67,,512000000
2026-05-29 12:20:40.704,15,14.21,,512000000
2026-05-29 12:20:40.703,2,1.88,,512000000
2026-05-29 12:20:40.686,2,1.82,,512000000
2026-05-29 12:20:40.686,2,1.96,,512000000
2026-05-29 12:20:40.679,2,1.89,,512000000
2026-05-29 12:20:40.662,3,2.22,,512000000
2026-05-29 12:20:40.649,2,1.91,,512000000
2026-05-29 12:20:40.649,2,1.84,,512000000
2026-05-29 12:20:40.633,3,2.09,,512000000
2026-05-29 12:20:40.626,2,1.75,,512000000
2026-05-29 12:20:40.623,3,2.69,,512000000
2026-05-29 12:20:40.611,3,2.01,,512000000
2026-05-29 12:20:40.565,5,4.57,,512000000
2026-05-29 12:20:40.565,2,1.75,,512000000
2026-05-29 12:20:40.558,2,1.76,,512000000
2026-05-29 12:20:40.523,5,4.97,,512000000
2026-05-29 12:20:40.522,3,2.02,,512000000
2026-05-29 12:20:40.519,6,5.42,,512000000
2026-05-29 12:20:40.506,2,1.94,,512000000
2026-05-29 12:20:40.493,2,1.87,,512000000
2026-05-29 12:20:40.482,2,1.71,,512000000
2026-05-29 12:20:40.473,2,1.97,,512000000
2026-05-29 12:20:40.467,2,1.89,,512000000
2026-05-29 12:20:40.461,2,1.69,,512000000
2026-05-29 12:20:40.447,2,1.7,,512000000
2026-05-29 12:20:40.438,2,1.67,,512000000
2026-05-29 12:20:40.431,29,28.89,,512000000
2026-05-29 12:20:40.429,2,1.88,,512000000
2026-05-29 12:20:40.423,2,1.75,,512000000
2026-05-29 12:20:40.420,2,2,,512000000
2026-05-29 12:20:40.414,2,1.79,,512000000
2026-05-29 12:20:40.410,2,1.66,,512000000
2026-05-29 12:20:40.381,2,1.97,,512000000
2026-05-29 12:20:40.373,2,1.81,,512000000
2026-05-29 12:20:40.373,2,1.95,,512000000
2026-05-29 12:20:40.368,2,1.74,,512000000
2026-05-29 12:20:40.337,5,4.71,,512000000
2026-05-29 12:20:40.319,2,1.67,,512000000
2026-05-29 12:20:40.307,2,1.83,,512000000
2026-05-29 12:20:40.304,2,1.68,,512000000
2026-05-29 12:20:40.303,2,1.7,,512000000
2026-05-29 12:20:40.281,3,2,,512000000
2026-05-29 12:20:40.279,2,1.93,,512000000
2026-05-29 12:20:40.269,2,1.71,,512000000
2026-05-29 12:20:40.262,3,2.09,,512000000
2026-05-29 12:20:40.241,3,2.1,,512000000
2026-05-29 12:20:40.237,3,2,,512000000
2026-05-29 12:20:40.227,3,2.01,,512000000
2026-05-29 12:20:40.222,3,2.15,,512000000
2026-05-29 12:20:40.214,2,1.87,,512000000
2026-05-29 12:20:40.193,2,2,,512000000
2026-05-29 12:20:40.166,2,1.9,,512000000
2026-05-29 12:20:40.147,2,1.88,,512000000
2026-05-29 12:20:40.147,3,2.21,,512000000
2026-05-29 12:20:40.144,2,1.94,,512000000
2026-05-29 12:20:40.095,2,1.79,,512000000
2026-05-29 12:20:40.090,2,1.81,,512000000
2026-05-29 12:20:40.065,2,1.78,,512000000
2026-05-29 12:20:40.043,19,18.56,,512000000
2026-05-29 12:20:40.034,2,1.92,,512000000
2026-05-29 12:20:40.027,41,40.66,,512000000
2026-05-29 12:20:40.027,3,2.22,,512000000
2026-05-29 12:20:40.020,2,1.66,,512000000
2026-05-29 12:20:39.980,3,2,,512000000
2026-05-29 12:20:39.980,2,1.8,,512000000
2026-05-29 12:20:39.962,2,1.59,,512000000
2026-05-29 12:20:39.953,2,1.97,,512000000
2026-05-29 12:20:39.947,2,1.96,,512000000
2026-05-29 12:20:39.911,2,1.65,,512000000
2026-05-29 12:20:39.911,8,7.1,,512000000
2026-05-29 12:20:39.906,2,1.93,,512000000
2026-05-29 12:20:39.904,27,26.03,,512000000
2026-05-29 12:20:39.891,4,3.15,,512000000
2026-05-29 12:20:39.882,9,8.16,,512000000
2026-05-29 12:20:39.882,2,1.79,,512000000
2026-05-29 12:20:39.878,2,1.7,,512000000
2026-05-29 12:20:39.878,3,2.05,,512000000
2026-05-29 12:20:39.867,3,2.07,,512000000
2026-05-29 12:20:39.866,2,1.8,,512000000
2026-05-29 12:20:39.849,2,1.97,,512000000
2026-05-29 12:20:39.826,2,1.66,,512000000
2026-05-29 12:20:39.820,2,1.67,,512000000
2026-05-29 12:20:39.798,3,2.06,,512000000
2026-05-29 12:20:39.780,22,21.17,,512000000
2026-05-29 12:20:39.773,2,1.82,,512000000
2026-05-29 12:20:39.763,2,1.75,,512000000
2026-05-29 12:20:39.759,3,2.16,,512000000
2026-05-29 12:20:39.756,2,1.73,,512000000
2026-05-29 12:20:39.750,6,5.75,,512000000
2026-05-29 12:20:39.737,3,2.67,,512000000
2026-05-29 12:20:39.726,2,1.8,,512000000
2026-05-29 12:20:39.711,2,1.79,,512000000
2026-05-29 12:20:39.681,2,1.84,,512000000
2026-05-29 12:20:39.662,2,1.73,,512000000
2026-05-29 12:20:39.660,2,1.88,,512000000
2026-05-29 12:20:39.644,2,1.72,,512000000
2026-05-29 12:20:39.637,3,2.92,,512000000
2026-05-29 12:20:39.601,3,2.57,,512000000
2026-05-29 12:20:39.583,3,2.47,,512000000
2026-05-29 12:20:39.569,3,2.2,,512000000
2026-05-29 12:20:39.566,10,9.48,,512000000
2026-05-29 12:20:39.565,2,1.86,,512000000
2026-05-29 12:20:39.557,2,1.92,,512000000
2026-05-29 12:20:39.551,20,19.18,,512000000
2026-05-29 12:20:39.550,2,1.89,,512000000
2026-05-29 12:20:39.533,4,3.57,,512000000
2026-05-29 12:20:39.524,11,10.2,,512000000
2026-05-29 12:20:39.517,2,1.85,,512000000
2026-05-29 12:20:39.515,2,1.93,,512000000
2026-05-29 12:20:39.514,2,1.97,,512000000
2026-05-29 12:20:39.464,2,1.89,,512000000
2026-05-29 12:20:39.455,8,7.24,,512000000
2026-05-29 12:20:39.439,2,1.77,,512000000
2026-05-29 12:20:39.436,2,1.74,,512000000
2026-05-29 12:20:39.434,2,1.87,,512000000
2026-05-29 12:20:39.414,3,2.16,,512000000
2026-05-29 12:20:39.388,3,2.35,,512000000
2026-05-29 12:20:39.381,2,1.79,,512000000
2026-05-29 12:20:39.373,2,1.86,,512000000
2026-05-29 12:20:39.368,2,1.94,,512000000
2026-05-29 12:20:39.351,3,2.59,,512000000
2026-05-29 12:20:39.340,2,1.92,,512000000
2026-05-29 12:20:39.336,2,1.68,,512000000
2026-05-29 12:20:39.306,37,36.23,,512000000
2026-05-29 12:20:39.305,2,1.79,,512000000
2026-05-29 12:20:39.304,3,2.23,,512000000
2026-05-29 12:20:39.298,2,1.71,,512000000
2026-05-29 12:20:39.294,7,6.76,,512000000
2026-05-29 12:20:39.277,2,1.87,,512000000
2026-05-29 12:20:39.257,2,1.83,,512000000
2026-05-29 12:20:39.257,2,1.88,,512000000
2026-05-29 12:20:39.248,3,2.57,,512000000
2026-05-29 12:20:39.244,38,37.79,,512000000
2026-05-29 12:20:39.232,2,1.93,,512000000
2026-05-29 12:20:39.217,2,1.65,,512000000
2026-05-29 12:20:39.217,2,1.71,,512000000
2026-05-29 12:20:39.214,2,1.75,,512000000
2026-05-29 12:20:39.213,2,1.9,,512000000
2026-05-29 12:20:39.209,3,2.43,,512000000
2026-05-29 12:20:39.209,2,1.61,,512000000
2026-05-29 12:20:39.191,4,3.06,,512000000
2026-05-29 12:20:39.184,2,1.75,,512000000
2026-05-29 12:20:39.176,2,1.65,,512000000
2026-05-29 12:20:39.176,2,1.75,,512000000
2026-05-29 12:20:39.172,2,1.72,,512000000
2026-05-29 12:20:39.172,2,1.82,,512000000
2026-05-29 12:20:39.172,3,2.2,,512000000
2026-05-29 12:20:39.154,2,1.93,,512000000
2026-05-29 12:20:39.151,4,3.91,,512000000
2026-05-29 12:20:39.137,2,1.76,,512000000
2026-05-29 12:20:39.126,2,1.93,,512000000
2026-05-29 12:20:39.123,2,1.66,,512000000
2026-05-29 12:20:39.121,30,29.13,,512000000
2026-05-29 12:20:39.099,2,1.92,,512000000
2026-05-29 12:20:39.087,2,1.99,,512000000
2026-05-29 12:20:39.078,2,1.69,,512000000
2026-05-29 12:20:39.071,2,1.9,,512000000
2026-05-29 12:20:39.029,3,2,,512000000
2026-05-29 12:20:39.002,2,1.66,,512000000
2026-05-29 12:20:38.993,2,1.87,,512000000
2026-05-29 12:20:38.985,3,2.03,,512000000
2026-05-29 12:20:38.952,2,1.68,,512000000
2026-05-29 12:20:38.934,2,1.97,,512000000
2026-05-29 12:20:38.933,2,1.92,,512000000
2026-05-29 12:20:38.892,2,1.8,,512000000
2026-05-29 12:20:38.887,3,2.2,,512000000
2026-05-29 12:20:38.886,3,2.13,,512000000
2026-05-29 12:20:38.883,6,5.2,,512000000
2026-05-29 12:20:38.853,3,2.07,,512000000
2026-05-29 12:20:38.834,2,1.86,,512000000
2026-05-29 12:20:38.834,2,1.85,,512000000
2026-05-29 12:20:38.809,3,2.26,,512000000
2026-05-29 12:20:38.801,7,6.95,,512000000
2026-05-29 12:20:38.778,8,7.09,,512000000
2026-05-29 12:20:38.773,4,3.58,,512000000
2026-05-29 12:20:38.758,8,7.67,,512000000
2026-05-29 12:20:38.737,5,4.71,,512000000
2026-05-29 12:20:38.732,3,2.26,,512000000
2026-05-29 12:20:38.727,2,1.7,,512000000
2026-05-29 12:20:38.718,7,6.25,,512000000
2026-05-29 12:20:38.714,2,1.95,,512000000
2026-05-29 12:20:38.707,3,2.08,,512000000
2026-05-29 12:20:38.704,7,6.32,,512000000
2026-05-29 12:20:38.703,3,2.06,,512000000
2026-05-29 12:20:38.699,2,1.81,,512000000
2026-05-29 12:20:38.697,2,1.85,,512000000
2026-05-29 12:20:38.688,3,2.06,,512000000
2026-05-29 12:20:38.684,4,3.64,,512000000
2026-05-29 12:20:38.641,2,1.96,,512000000
2026-05-29 12:20:38.637,2,1.71,,512000000
2026-05-29 12:20:38.606,2,1.98,,512000000
2026-05-29 12:20:38.595,2,1.94,,512000000
2026-05-29 12:20:38.580,2,1.76,,512000000
2026-05-29 12:20:38.564,2,1.84,,512000000
2026-05-29 12:20:38.535,2,1.77,,512000000
2026-05-29 12:20:38.533,2,1.78,,512000000
2026-05-29 12:20:38.503,2,1.79,,512000000
2026-05-29 12:20:38.497,3,2.45,,512000000
2026-05-29 12:20:38.490,2,1.91,,512000000
2026-05-29 12:20:38.474,2,1.88,,512000000
2026-05-29 12:20:38.455,3,2.48,,512000000
2026-05-29 12:20:38.418,11,10.67,,512000000
2026-05-29 12:20:38.412,3,2.25,,512000000
2026-05-29 12:20:38.400,3,2.2,,512000000
2026-05-29 12:20:38.394,5,4.13,,512000000
2026-05-29 12:20:38.393,2,1.75,,512000000
2026-05-29 12:20:38.382,7,6.19,,512000000
2026-05-29 12:20:38.379,2,1.94,,512000000
2026-05-29 12:20:38.379,2,1.72,,512000000
2026-05-29 12:20:38.368,2,1.71,,512000000
2026-05-29 12:20:38.362,2,1.76,,512000000
2026-05-29 12:20:38.356,2,1.74,,512000000
2026-05-29 12:20:38.351,3,2.85,,512000000
2026-05-29 12:20:38.341,2,1.7,,512000000
2026-05-29 12:20:38.320,2,1.75,,512000000
2026-05-29 12:20:38.304,18,17.57,,512000000
2026-05-29 12:20:38.290,3,2.03,,512000000
2026-05-29 12:20:38.287,2,1.86,,512000000
2026-05-29 12:20:38.267,3,2.79,,512000000
2026-05-29 12:20:38.233,2,1.76,,512000000
2026-05-29 12:20:38.223,3,2.29,,512000000
2026-05-29 12:20:38.220,2,1.93,,512000000
2026-05-29 12:20:38.218,2,1.73,,512000000
2026-05-29 12:20:38.213,11,10.36,,512000000
2026-05-29 12:20:38.203,6,5.85,,512000000
2026-05-29 12:20:38.195,3,2.43,,512000000
2026-05-29 12:20:38.195,2,1.87,,512000000
2026-05-29 12:20:38.190,3,2.16,,512000000
2026-05-29 12:20:38.184,2,1.92,,512000000
2026-05-29 12:20:38.173,2,1.89,,512000000
2026-05-29 12:20:38.170,2,1.7,,512000000
2026-05-29 12:20:38.157,3,2.1,,512000000