@timestamp,@billedDuration,@duration,@initDuration,@memorySize
2026-05-30 16:50:28.765,3,2.2,,512000000
2026-05-30 16:50:28.711,3,2,,512000000
2026-05-30 16:50:28.307,2,1.95,,512000000
2026-05-30 16:50:28.014,3,2.06,,512000000
2026-05-30 16:50:27.256,3,2.1,,512000000
2026-05-30 16:50:27.243,36,35.17,,512000000
2026-05-30 16:50:27.147,3,2.1,,512000000
2026-05-30 16:50:26.800,3,2.23,,512000000
2026-05-30 16:50:26.038,3,2.05,,512000000
2026-05-30 16:50:25.328,2,1.84,,512000000
2026-05-30 16:50:25.246,3,2.03,,512000000
2026-05-30 16:50:24.948,3,2.1,,512000000
2026-05-30 16:50:24.698,2,1.87,,512000000
2026-05-30 16:50:24.414,29,28.95,,512000000
2026-05-30 16:50:23.361,2,1.8,,512000000
2026-05-30 16:50:23.293,2,1.73,,512000000
2026-05-30 16:50:23.097,5,4.9,,512000000
2026-05-30 16:50:22.939,3,2.05,,512000000
2026-05-30 16:50:22.828,3,2.23,,512000000
2026-05-30 16:50:21.558,2,1.97,,512000000
2026-05-30 16:50:21.505,2,1.66,,512000000
2026-05-30 16:50:21.478,2,1.67,,512000000
2026-05-30 16:50:21.062,2,1.72,,512000000
2026-05-30 16:50:20.852,2,1.85,,512000000
2026-05-30 16:50:19.885,2,1.99,,512000000
2026-05-30 16:50:19.745,2,1.85,,512000000
2026-05-30 16:50:19.175,2,1.79,,512000000
2026-05-30 16:50:18.961,3,2.16,,512000000
2026-05-30 16:50:18.867,3,2.33,,512000000
2026-05-30 16:50:18.252,2,1.96,,512000000
2026-05-30 16:50:17.778,3,2.05,,512000000
2026-05-30 16:50:17.671,2,1.61,,512000000
2026-05-30 16:50:17.319,17,16.86,,512000000
2026-05-30 16:50:17.210,3,2.03,,512000000
2026-05-30 16:50:16.809,2,1.98,,512000000
2026-05-30 16:50:16.112,3,2.09,,512000000
2026-05-30 16:50:15.789,2,1.64,,512000000
2026-05-30 16:50:15.630,3,2.07,,512000000
2026-05-30 16:50:15.475,3,2.08,,512000000
2026-05-30 16:50:15.316,3,2.22,,512000000
2026-05-30 16:50:14.366,3,2.12,,512000000
2026-05-30 16:50:14.025,3,2.29,,512000000
2026-05-30 16:50:13.800,2,1.77,,512000000
2026-05-30 16:50:13.605,3,2.85,,512000000
2026-05-30 16:50:13.583,3,2.42,,512000000
2026-05-30 16:50:12.194,2,1.84,,512000000
2026-05-30 16:50:11.893,3,2.06,,512000000
2026-05-30 16:50:11.548,2,1.83,,512000000
2026-05-30 16:50:11.501,2,1.67,,512000000
2026-05-30 16:50:11.273,2,1.83,,512000000
2026-05-30 16:50:10.617,3,2.35,,512000000
2026-05-30 16:50:10.382,6,5.52,,512000000
2026-05-30 16:50:09.831,4,3.02,,512000000
2026-05-30 16:50:09.500,4,3.54,,512000000
2026-05-30 16:50:09.081,2,1.9,,512000000
2026-05-30 16:50:08.932,2,1.73,,512000000
2026-05-30 16:50:08.775,18,17.21,,512000000
2026-05-30 16:50:07.822,3,2.05,,512000000
2026-05-30 16:50:07.423,16,15.36,,512000000
2026-05-30 16:50:07.325,2,1.74,,512000000
2026-05-30 16:50:07.196,6,5.13,,512000000
2026-05-30 16:50:07.174,2,1.93,,512000000
2026-05-30 16:50:05.956,3,2.14,,512000000
2026-05-30 16:50:05.898,3,2.2,,512000000
2026-05-30 16:50:05.500,3,2.46,,512000000
2026-05-30 16:50:05.426,2,1.95,,512000000
2026-05-30 16:50:05.293,17,16.24,,512000000
2026-05-30 16:50:04.282,2,1.65,,512000000
2026-05-30 16:50:03.894,3,2.3,,512000000
2026-05-30 16:50:03.778,2,1.84,,512000000
2026-05-30 16:50:03.712,3,2.07,,512000000
2026-05-30 16:50:03.348,2,1.94,,512000000
2026-05-30 16:50:02.347,3,2.38,,512000000
2026-05-30 16:50:02.246,2,1.76,,512000000
2026-05-30 16:50:01.961,2,1.76,,512000000
2026-05-30 16:50:01.905,19,18.9,,512000000
2026-05-30 16:50:01.891,2,1.96,,512000000
2026-05-30 16:50:00.718,8,7.83,,512000000
2026-05-30 16:50:00.538,2,1.86,,512000000
2026-05-30 16:50:00.144,2,1.7,,512000000
2026-05-30 16:50:00.061,2,1.87,,512000000
2026-05-30 16:50:00.012,2,1.88,,512000000
2026-05-30 16:49:58.755,3,2.21,,512000000
2026-05-30 16:49:58.707,2,1.94,,512000000
2026-05-30 16:49:58.372,2,1.83,,512000000
2026-05-30 16:49:58.063,2,1.85,,512000000
2026-05-30 16:49:57.711,3,2.15,,512000000
2026-05-30 16:49:57.327,3,2.18,,512000000
2026-05-30 16:49:57.253,2,1.89,,512000000
2026-05-30 16:49:56.448,2,1.75,,512000000
2026-05-30 16:49:56.084,2,1.91,,512000000
2026-05-30 16:49:56.071,3,2.46,,512000000
2026-05-30 16:49:55.742,5,4.62,,512000000
2026-05-30 16:49:55.440,2,1.92,,512000000
2026-05-30 16:49:54.969,3,2.82,,512000000
2026-05-30 16:49:54.557,2,1.99,,512000000
2026-05-30 16:49:54.095,2,1.98,,512000000
2026-05-30 16:49:53.955,3,2.09,,512000000
2026-05-30 16:49:53.766,3,2.28,,512000000
2026-05-30 16:49:53.438,2,1.93,,512000000
2026-05-30 16:49:53.128,3,2.16,,512000000
2026-05-30 16:49:52.581,2,1.84,,512000000
2026-05-30 16:49:52.394,3,2.25,,512000000
2026-05-30 16:49:51.673,15,14.82,,512000000
2026-05-30 16:49:51.667,2,1.78,,512000000
2026-05-30 16:49:51.384,3,2.11,,512000000
2026-05-30 16:49:51.139,2,1.6,,512000000
2026-05-30 16:49:50.342,3,2.21,,512000000
2026-05-30 16:49:49.940,3,2.19,,512000000
2026-05-30 16:49:49.858,2,1.9,,512000000
2026-05-30 16:49:49.556,9,8.82,,512000000
2026-05-30 16:49:49.360,2,1.63,,512000000
2026-05-30 16:49:48.738,3,2.44,,512000000
2026-05-30 16:49:47.921,2,1.82,,512000000
2026-05-30 16:49:47.851,2,1.7,,512000000
2026-05-30 16:49:47.487,2,1.58,,512000000
2026-05-30 16:49:47.339,2,1.84,,512000000
2026-05-30 16:49:47.113,3,2.16,,512000000
2026-05-30 16:49:46.012,3,2.53,,512000000
2026-05-30 16:49:46.007,2,1.89,,512000000
2026-05-30 16:49:45.879,2,1.82,,512000000
2026-05-30 16:49:45.778,2,1.82,,512000000
2026-05-30 16:49:44.950,3,2.15,,512000000
2026-05-30 16:49:44.522,2,1.98,,512000000
2026-05-30 16:49:44.043,3,2.02,,512000000
2026-05-30 16:49:43.954,3,2.08,,512000000
2026-05-30 16:49:43.716,3,2.43,,512000000
2026-05-30 16:49:43.187,3,2.13,,512000000
2026-05-30 16:49:42.970,3,2.33,,512000000
2026-05-30 16:49:42.003,3,2.05,,512000000
2026-05-30 16:49:41.806,3,2.8,,512000000
2026-05-30 16:49:41.644,3,2.07,,512000000
2026-05-30 16:49:41.591,3,2.05,,512000000
2026-05-30 16:49:41.552,3,2.16,,512000000
2026-05-30 16:49:40.340,3,2.92,,512000000
2026-05-30 16:49:40.272,19,18.56,,512000000
2026-05-30 16:49:40.177,2,1.73,,512000000
2026-05-30 16:49:39.759,2,1.63,,512000000
2026-05-30 16:49:39.636,2,1.92,,512000000
2026-05-30 16:49:38.913,14,13.81,,512000000
2026-05-30 16:49:38.541,2,1.92,,512000000
2026-05-30 16:49:37.933,2,1.97,,512000000
2026-05-30 16:49:37.805,3,2.07,,512000000
2026-05-30 16:49:37.741,3,2.13,,512000000
2026-05-30 16:49:37.253,27,26.9,,512000000
2026-05-30 16:49:36.670,3,2.06,,512000000
2026-05-30 16:49:36.530,3,2.02,,512000000
2026-05-30 16:49:35.977,3,2.1,,512000000
2026-05-30 16:49:35.960,3,2.09,,512000000
2026-05-30 16:49:35.774,2,1.74,,512000000
2026-05-30 16:49:35.126,2,1.86,,512000000
2026-05-30 16:49:34.606,2,1.77,,512000000
2026-05-30 16:49:34.517,3,2.8,,512000000
2026-05-30 16:49:34.391,5,4.07,,512000000
2026-05-30 16:49:34.162,3,2.35,,512000000
2026-05-30 16:49:33.919,2,1.95,,512000000
2026-05-30 16:49:32.737,2,1.77,,512000000
2026-05-30 16:49:32.177,3,2.06,,512000000
2026-05-30 16:49:32.175,2,1.67,,512000000
2026-05-30 16:49:32.049,2,1.82,,512000000
2026-05-30 16:49:31.900,3,2.09,,512000000
2026-05-30 16:49:31.068,3,2.46,,512000000
2026-05-30 16:49:30.727,3,2.12,,512000000
2026-05-30 16:49:30.456,2,1.67,,512000000
2026-05-30 16:49:30.412,2,1.73,,512000000
2026-05-30 16:49:30.247,2,1.91,,512000000
2026-05-30 16:49:29.270,3,2.05,,512000000
2026-05-30 16:49:28.973,3,2.05,,512000000
2026-05-30 16:49:28.902,2,1.79,,512000000
2026-05-30 16:49:28.724,2,1.77,,512000000
2026-05-30 16:49:28.685,3,2.12,,512000000
2026-05-30 16:49:27.671,2,1.94,,512000000
2026-05-30 16:49:27.648,3,2.12,,512000000
2026-05-30 16:49:27.133,2,1.75,,512000000
2026-05-30 16:49:26.755,2,1.84,,512000000
2026-05-30 16:49:26.478,3,2.12,,512000000
2026-05-30 16:49:25.890,3,2.04,,512000000
2026-05-30 16:49:25.798,2,1.91,,512000000
2026-05-30 16:49:25.361,2,1.62,,512000000
2026-05-30 16:49:24.827,2,1.97,,512000000
2026-05-30 16:49:24.457,2,1.85,,512000000
2026-05-30 16:49:24.174,2,1.95,,512000000
2026-05-30 16:49:23.721,2,1.85,,512000000
2026-05-30 16:49:23.707,3,2.05,,512000000
2026-05-30 16:49:23.411,2,1.94,,512000000
2026-05-30 16:49:22.533,3,2.13,,512000000
2026-05-30 16:49:22.175,2,1.63,,512000000
2026-05-30 16:49:21.617,14,13.75,,512000000
2026-05-30 16:49:21.443,3,2.17,,512000000
2026-05-30 16:49:21.393,2,1.89,,512000000
2026-05-30 16:49:21.075,3,2.01,,512000000
2026-05-30 16:49:20.734,3,2.17,,512000000
2026-05-30 16:49:20.057,3,2.39,,512000000
2026-05-30 16:49:19.926,2,1.88,,512000000
2026-05-30 16:49:19.773,3,2,,512000000
2026-05-30 16:49:19.717,2,1.9,,512000000
2026-05-30 16:49:18.709,8,7.47,,512000000
2026-05-30 16:49:18.655,3,2.18,,512000000
2026-05-30 16:49:18.277,2,1.8,,512000000
2026-05-30 16:49:17.861,2,1.84,,512000000
2026-05-30 16:49:17.775,2,1.92,,512000000
2026-05-30 16:49:17.097,3,2.03,,512000000
2026-05-30 16:49:16.698,2,1.85,,512000000
2026-05-30 16:49:16.518,2,1.95,,512000000
2026-05-30 16:49:15.721,2,1.92,,512000000
2026-05-30 16:49:15.663,3,2.1,,512000000
2026-05-30 16:49:15.563,3,2.07,,512000000
2026-05-30 16:49:15.110,3,2.59,,512000000
2026-05-30 16:49:14.649,2,1.7,,512000000
2026-05-30 16:49:13.941,3,2.21,,512000000
2026-05-30 16:49:13.763,2,1.99,,512000000
2026-05-30 16:49:13.695,3,2.1,,512000000
2026-05-30 16:49:13.687,2,1.8,,512000000
2026-05-30 16:49:13.251,3,2.71,,512000000
2026-05-30 16:49:12.095,3,2.04,,512000000
2026-05-30 16:49:12.010,2,1.99,,512000000
2026-05-30 16:49:11.843,4,3.19,,512000000
2026-05-30 16:49:11.837,23,22.32,,512000000
2026-05-30 16:49:11.763,2,1.77,,512000000
2026-05-30 16:49:10.320,2,1.9,,512000000
2026-05-30 16:49:10.075,2,1.73,,512000000
2026-05-30 16:49:09.895,3,2.27,,512000000
2026-05-30 16:49:09.680,2,1.94,,512000000
2026-05-30 16:49:09.431,3,2.01,,512000000
2026-05-30 16:49:08.654,3,2.37,,512000000
2026-05-30 16:49:08.631,3,2.15,,512000000
2026-05-30 16:49:08.397,37,36.02,,512000000
2026-05-30 16:49:07.772,2,1.9,,512000000
2026-05-30 16:49:07.397,2,1.96,,512000000
2026-05-30 16:49:06.906,2,1.53,,512000000
2026-05-30 16:49:06.867,3,2.04,,512000000
2026-05-30 16:49:06.814,63,62.22,,512000000
2026-05-30 16:49:06.058,5,4.26,,512000000
2026-05-30 16:49:05.897,3,2.06,,512000000
2026-05-30 16:49:05.419,22,21.49,,512000000
2026-05-30 16:49:05.147,2,1.68,,512000000
2026-05-30 16:49:05.041,3,2.21,,512000000
2026-05-30 16:49:04.455,3,2.16,,512000000
2026-05-30 16:49:03.772,2,1.93,,512000000
2026-05-30 16:49:03.697,6,5.68,,512000000
2026-05-30 16:49:03.571,4,3.14,,512000000
2026-05-30 16:49:03.439,5,4.08,,512000000
2026-05-30 16:49:03.114,2,1.84,,512000000
2026-05-30 16:49:02.209,3,2.03,,512000000
2026-05-30 16:49:02.035,2,1.89,,512000000
2026-05-30 16:49:01.922,4,3.09,,512000000
2026-05-30 16:49:01.546,2,1.56,,512000000
2026-05-30 16:49:01.086,2,1.8,,512000000
2026-05-30 16:49:00.884,2,1.62,,512000000
2026-05-30 16:49:00.855,2,1.87,,512000000
2026-05-30 16:49:00.337,3,2.36,,512000000
2026-05-30 16:48:59.660,3,2.09,,512000000
2026-05-30 16:48:59.267,2,1.72,,512000000
2026-05-30 16:48:58.947,3,2.23,,512000000
2026-05-30 16:48:58.775,3,2.25,,512000000
2026-05-30 16:48:58.312,2,1.79,,512000000
2026-05-30 16:48:57.381,3,2.69,,512000000
2026-05-30 16:48:57.286,2,1.93,,512000000
2026-05-30 16:48:57.118,2,1.96,,512000000
2026-05-30 16:48:57.056,2,1.93,,512000000
2026-05-30 16:48:56.112,3,2.05,,512000000
2026-05-30 16:48:55.754,2,1.85,,512000000
2026-05-30 16:48:55.740,21,20.88,,512000000
2026-05-30 16:48:55.644,3,2.05,,512000000
2026-05-30 16:48:55.299,2,1.79,,512000000
2026-05-30 16:48:54.776,4,3.54,,512000000
2026-05-30 16:48:54.243,5,4.85,,512000000
2026-05-30 16:48:53.904,15,14,,512000000
2026-05-30 16:48:53.625,3,2.27,,512000000
2026-05-30 16:48:53.567,2,1.8,,512000000
2026-05-30 16:48:53.283,2,1.94,,512000000
2026-05-30 16:48:52.667,2,1.85,,512000000
2026-05-30 16:48:52.100,2,1.6,,512000000
2026-05-30 16:48:51.753,4,3.87,,512000000
2026-05-30 16:48:51.720,2,1.93,,512000000
2026-05-30 16:48:51.638,2,1.86,,512000000
2026-05-30 16:48:51.137,3,2.4,,512000000
2026-05-30 16:48:50.109,3,2.1,,512000000
2026-05-30 16:48:49.846,3,2.04,,512000000
2026-05-30 16:48:49.797,11,10.06,,512000000
2026-05-30 16:48:49.762,2,1.84,,512000000
2026-05-30 16:48:49.366,3,2.04,,512000000
2026-05-30 16:48:48.386,3,2.21,,512000000
2026-05-30 16:48:48.202,2,1.96,,512000000
2026-05-30 16:48:48.001,2,1.89,,512000000
2026-05-30 16:48:47.778,3,2.43,,512000000
2026-05-30 16:48:47.472,3,2.06,,512000000
2026-05-30 16:48:46.607,2,1.78,,512000000
2026-05-30 16:48:46.461,2,1.98,,512000000
2026-05-30 16:48:46.117,2,1.81,,512000000
2026-05-30 16:48:46.053,3,2.02,,512000000
2026-05-30 16:48:45.980,3,2.13,,512000000
2026-05-30 16:48:44.640,3,2.2,,512000000
2026-05-30 16:48:44.522,3,2.18,,512000000
2026-05-30 16:48:44.437,2,1.86,,512000000
2026-05-30 16:48:44.395,3,2.08,,512000000
2026-05-30 16:48:44.144,2,1.91,,512000000
2026-05-30 16:48:43.076,2,1.71,,512000000
2026-05-30 16:48:42.908,2,1.66,,512000000
2026-05-30 16:48:42.752,3,2.43,,512000000
2026-05-30 16:48:42.677,21,20.63,,512000000
2026-05-30 16:48:42.345,2,1.98,,512000000
2026-05-30 16:48:41.217,2,1.6,,512000000
2026-05-30 16:48:40.951,2,1.87,,512000000
2026-05-30 16:48:40.916,2,1.68,,512000000
2026-05-30 16:48:40.800,3,2.2,,512000000
2026-05-30 16:48:40.549,6,5.58,,512000000
2026-05-30 16:48:39.620,3,2.05,,512000000
2026-05-30 16:48:39.200,2,1.62,,512000000
2026-05-30 16:48:39.149,2,1.76,,512000000
2026-05-30 16:48:39.067,2,1.97,,512000000
2026-05-30 16:48:38.400,2,1.7,,512000000
2026-05-30 16:48:38.204,3,2.22,,512000000
2026-05-30 16:48:37.482,2,1.82,,512000000
2026-05-30 16:48:37.482,3,2.29,,512000000
2026-05-30 16:48:37.048,2,1.67,,512000000
2026-05-30 16:48:36.536,14,13.67,,512000000
2026-05-30 16:48:36.121,2,1.54,,512000000
2026-05-30 16:48:36.078,2,1.83,,512000000
2026-05-30 16:48:36.034,3,2.03,,512000000
2026-05-30 16:48:35.017,3,2.93,,512000000
2026-05-30 16:48:34.812,2,2,,512000000
2026-05-30 16:48:34.756,21,20.52,,512000000
2026-05-30 16:48:34.619,3,2.19,,512000000
2026-05-30 16:48:33.953,2,1.77,,512000000
2026-05-30 16:48:33.654,2,1.54,,512000000
2026-05-30 16:48:33.075,6,5.76,,512000000
2026-05-30 16:48:33.034,3,2.19,,512000000
2026-05-30 16:48:32.985,2,1.97,,512000000
2026-05-30 16:48:32.333,3,2.11,,512000000
2026-05-30 16:48:32.016,3,2.13,,512000000
2026-05-30 16:48:31.502,3,2.1,,512000000
2026-05-30 16:48:31.303,3,2.43,,512000000
2026-05-30 16:48:31.301,3,2.01,,512000000
2026-05-30 16:48:30.213,2,1.79,,512000000
2026-05-30 16:48:30.201,2,1.55,,512000000
2026-05-30 16:48:30.024,2,1.89,,512000000
2026-05-30 16:48:29.955,2,1.99,,512000000
2026-05-30 16:48:29.883,4,3.02,,512000000
2026-05-30 16:48:28.919,2,1.86,,512000000
2026-05-30 16:48:28.621,4,3.21,,512000000
2026-05-30 16:48:28.494,3,2.37,,512000000
2026-05-30 16:48:28.321,2,1.76,,512000000
2026-05-30 16:48:27.745,3,2.21,,512000000
2026-05-30 16:48:27.379,2,1.94,,512000000
2026-05-30 16:48:26.600,3,2.04,,512000000
2026-05-30 16:48:26.578,24,23.51,,512000000
2026-05-30 16:48:26.241,3,2.08,,512000000
2026-05-30 16:48:25.881,2,1.76,,512000000
2026-05-30 16:48:25.671,3,2.11,,512000000
2026-05-30 16:48:24.840,3,2.15,,512000000
2026-05-30 16:48:24.831,4,3.52,,512000000
2026-05-30 16:48:24.686,2,1.91,,512000000
2026-05-30 16:48:24.461,2,1.94,,512000000
2026-05-30 16:48:23.993,2,1.91,,512000000
2026-05-30 16:48:23.328,2,1.78,,512000000
2026-05-30 16:48:23.086,2,1.78,,512000000
2026-05-30 16:48:22.901,2,1.94,,512000000
2026-05-30 16:48:22.695,2,1.86,,512000000
2026-05-30 16:48:22.154,18,17.12,,512000000
2026-05-30 16:48:21.476,3,2.12,,512000000
2026-05-30 16:48:21.459,3,2.26,,512000000
2026-05-30 16:48:21.236,21,20.56,,512000000
2026-05-30 16:48:21.192,5,4.78,,512000000
2026-05-30 16:48:20.126,2,1.87,,512000000
2026-05-30 16:48:19.845,2,1.69,,512000000
2026-05-30 16:48:19.804,3,2.19,,512000000
2026-05-30 16:48:19.557,2,1.75,,512000000
2026-05-30 16:48:19.368,3,2.04,,512000000
2026-05-30 16:48:18.054,6,5.41,,512000000
2026-05-30 16:48:17.716,15,14.51,,512000000
2026-05-30 16:48:17.704,3,2.18,,512000000
2026-05-30 16:48:17.559,2,1.78,,512000000
2026-05-30 16:48:17.347,3,2.07,,512000000
2026-05-30 16:48:16.374,2,1.59,,512000000
2026-05-30 16:48:16.031,2,1.85,,512000000
2026-05-30 16:48:15.855,3,2.02,,512000000
2026-05-30 16:48:15.374,21,20.74,,512000000
2026-05-30 16:48:15.114,2,1.9,,512000000
2026-05-30 16:48:15.034,2,1.92,,512000000
2026-05-30 16:48:14.401,3,2.21,,512000000
2026-05-30 16:48:14.194,51,50.93,,512000000
2026-05-30 16:48:13.649,2,1.67,,512000000
2026-05-30 16:48:13.577,2,1.91,,512000000
2026-05-30 16:48:13.543,7,6.89,,512000000
2026-05-30 16:48:12.521,3,2.03,,512000000
2026-05-30 16:48:12.181,2,1.66,,512000000
2026-05-30 16:48:12.071,3,2.03,,512000000
2026-05-30 16:48:11.819,5,4.8,,512000000
2026-05-30 16:48:11.561,2,1.88,,512000000
2026-05-30 16:48:11.052,2,1.92,,512000000
2026-05-30 16:48:10.404,3,2.02,,512000000
2026-05-30 16:48:10.369,2,2,,512000000
2026-05-30 16:48:09.964,2,1.67,,512000000
2026-05-30 16:48:09.815,28,27.6,,512000000
2026-05-30 16:48:09.554,3,2.08,,512000000
2026-05-30 16:48:09.099,2,1.81,,512000000
2026-05-30 16:48:08.882,2,1.77,,512000000
2026-05-30 16:48:07.777,3,2.15,,512000000
2026-05-30 16:48:07.664,2,1.86,,512000000
2026-05-30 16:48:07.663,3,2.02,,512000000
2026-05-30 16:48:07.541,3,2.04,,512000000
2026-05-30 16:48:07.072,3,2.04,,512000000
2026-05-30 16:48:05.868,3,2.07,,512000000
2026-05-30 16:48:05.846,2,1.97,,512000000
2026-05-30 16:48:05.646,3,2.1,,512000000
2026-05-30 16:48:05.360,6,5.41,,512000000
2026-05-30 16:48:04.899,3,2.14,,512000000
2026-05-30 16:48:04.276,3,2.31,,512000000
2026-05-30 16:48:04.119,2,1.8,,512000000
2026-05-30 16:48:03.995,2,1.87,,512000000
2026-05-30 16:48:03.668,2,1.96,,512000000
2026-05-30 16:48:03.380,2,1.73,,512000000
2026-05-30 16:48:02.798,29,28.32,,512000000
2026-05-30 16:48:02.503,39,38.48,,512000000
2026-05-30 16:48:02.492,13,12.99,,512000000
2026-05-30 16:48:01.938,14,13.53,,512000000
2026-05-30 16:48:01.509,2,1.78,,512000000
2026-05-30 16:48:00.984,14,13.93,,512000000
2026-05-30 16:48:00.448,2,1.84,,512000000
2026-05-30 16:48:00.098,2,1.92,,512000000
2026-05-30 16:47:59.966,2,1.94,,512000000
2026-05-30 16:47:59.869,2,1.65,,512000000
2026-05-30 16:47:58.979,3,2.23,,512000000
2026-05-30 16:47:58.799,3,2.33,,512000000
2026-05-30 16:47:58.488,3,2.09,,512000000
2026-05-30 16:47:58.320,3,2.14,,512000000
2026-05-30 16:47:57.636,2,1.91,,512000000
2026-05-30 16:47:56.975,8,7.4,,512000000
2026-05-30 16:47:56.875,12,11.37,,512000000
2026-05-30 16:47:56.858,3,2.58,,512000000
2026-05-30 16:47:56.672,2,1.88,,512000000
2026-05-30 16:47:55.505,2,1.84,,512000000
2026-05-30 16:47:55.467,3,2.15,,512000000
2026-05-30 16:47:55.302,2,1.75,,512000000
2026-05-30 16:47:55.016,4,3.12,,512000000
2026-05-30 16:47:54.530,2,1.7,,512000000
2026-05-30 16:47:53.834,58,57.91,,512000000
2026-05-30 16:47:53.728,2,1.91,,512000000
2026-05-30 16:47:53.662,3,2.61,,512000000
2026-05-30 16:47:53.464,3,2.71,,512000000
2026-05-30 16:47:53.002,3,2.07,,512000000
2026-05-30 16:47:52.231,3,2.2,,512000000
2026-05-30 16:47:51.941,2,1.66,,512000000
2026-05-30 16:47:51.930,2,1.64,,512000000
2026-05-30 16:47:51.539,2,1.91,,512000000
2026-05-30 16:47:50.778,2,1.86,,512000000
2026-05-30 16:47:50.758,7,6.38,,512000000
2026-05-30 16:47:50.754,2,1.91,,512000000
2026-05-30 16:47:50.143,2,1.9,,512000000
2026-05-30 16:47:50.036,3,2.32,,512000000
2026-05-30 16:47:48.899,2,1.82,,512000000
2026-05-30 16:47:48.506,3,2.53,,512000000
2026-05-30 16:47:48.464,22,21.72,,512000000
2026-05-30 16:47:48.076,18,17.48,,512000000
2026-05-30 16:47:47.985,3,2.2,,512000000
2026-05-30 16:47:46.991,2,1.89,,512000000
2026-05-30 16:47:46.826,2,1.71,,512000000
2026-05-30 16:47:46.749,2,1.77,,512000000
2026-05-30 16:47:46.711,2,1.71,,512000000
2026-05-30 16:47:46.389,3,2.04,,512000000
2026-05-30 16:47:45.637,2,1.98,,512000000
2026-05-30 16:47:45.214,2,1.78,,512000000
2026-05-30 16:47:45.197,2,1.64,,512000000
2026-05-30 16:47:44.892,2,1.87,,512000000
2026-05-30 16:47:44.688,3,2.56,,512000000
2026-05-30 16:47:44.304,3,2.11,,512000000
2026-05-30 16:47:43.678,2,1.97,,512000000
2026-05-30 16:47:43.412,2,1.66,,512000000
2026-05-30 16:47:43.284,2,1.76,,512000000
2026-05-30 16:47:42.999,2,1.92,,512000000
2026-05-30 16:47:42.648,2,1.97,,512000000
2026-05-30 16:47:41.849,3,2.01,,512000000
2026-05-30 16:47:41.670,2,1.89,,512000000
2026-05-30 16:47:41.635,3,2.06,,512000000
2026-05-30 16:47:41.276,2,1.93,,512000000
2026-05-30 16:47:40.692,3,2.18,,512000000
2026-05-30 16:47:40.248,3,2.23,,512000000
2026-05-30 16:47:39.832,3,2.2,,512000000
2026-05-30 16:47:39.787,2,1.83,,512000000
2026-05-30 16:47:39.555,33,32.58,,512000000
2026-05-30 16:47:39.049,3,2.25,,512000000
2026-05-30 16:47:38.682,2,1.76,,512000000
2026-05-30 16:47:38.360,3,2.09,,512000000
2026-05-30 16:47:38.066,2,1.93,,512000000
2026-05-30 16:47:37.876,2,1.91,,512000000
2026-05-30 16:47:37.034,2,1.82,,512000000
2026-05-30 16:47:36.772,16,15.4,,512000000
2026-05-30 16:47:36.759,2,1.97,,512000000
2026-05-30 16:47:36.266,3,2,,512000000
2026-05-30 16:47:36.034,2,1.72,,512000000
2026-05-30 16:47:34.976,3,2.37,,512000000
2026-05-30 16:47:34.799,14,13.1,,512000000
2026-05-30 16:47:34.725,3,2.08,,512000000
2026-05-30 16:47:34.533,2,1.72,,512000000
2026-05-30 16:47:34.495,2,1.82,,512000000
2026-05-30 16:47:33.544,3,2.1,,512000000
2026-05-30 16:47:33.073,2,1.74,,512000000
2026-05-30 16:47:32.964,2,1.64,,512000000
2026-05-30 16:47:32.815,3,2.16,,512000000
2026-05-30 16:47:32.521,9,8.57,,512000000
2026-05-30 16:47:31.480,2,1.9,,512000000
2026-05-30 16:47:31.469,3,2.05,,512000000
2026-05-30 16:47:31.239,6,5.13,,512000000
2026-05-30 16:47:31.059,2,1.84,,512000000
2026-05-30 16:47:30.444,3,2.52,,512000000
2026-05-30 16:47:30.119,2,1.83,,512000000
2026-05-30 16:47:29.880,2,1.64,,512000000
2026-05-30 16:47:29.741,3,2.27,,512000000
2026-05-30 16:47:29.445,3,2.23,,512000000
2026-05-30 16:47:29.089,2,1.86,,512000000
2026-05-30 16:47:28.123,3,2.07,,512000000
2026-05-30 16:47:27.920,3,2.02,,512000000
2026-05-30 16:47:27.601,3,2.08,,512000000
2026-05-30 16:47:27.582,7,6.05,,512000000
2026-05-30 16:47:27.566,2,1.66,,512000000
2026-05-30 16:47:26.609,3,2.13,,512000000
2026-05-30 16:47:26.526,2,1.73,,512000000
2026-05-30 16:47:26.050,2,1.96,,512000000
2026-05-30 16:47:25.694,2,1.92,,512000000
2026-05-30 16:47:25.564,3,2.13,,512000000
2026-05-30 16:47:24.995,3,2.28,,512000000
2026-05-30 16:47:24.805,14,13.99,,512000000
2026-05-30 16:47:24.421,3,2.24,,512000000
2026-05-30 16:47:24.313,2,1.96,,512000000
2026-05-30 16:47:24.108,3,2.13,,512000000
2026-05-30 16:47:23.409,2,1.62,,512000000
2026-05-30 16:47:22.710,2,1.63,,512000000
2026-05-30 16:47:22.561,2,1.74,,512000000
2026-05-30 16:47:22.448,2,1.58,,512000000
2026-05-30 16:47:22.187,2,1.96,,512000000
2026-05-30 16:47:21.358,3,2.04,,512000000
2026-05-30 16:47:20.854,3,2.21,,512000000
2026-05-30 16:47:20.748,2,1.61,,512000000
2026-05-30 16:47:20.624,2,1.94,,512000000
2026-05-30 16:47:20.361,2,2,,512000000
2026-05-30 16:47:19.971,3,2.12,,512000000
2026-05-30 16:47:19.062,3,2.52,,512000000
2026-05-30 16:47:18.979,2,1.89,,512000000
2026-05-30 16:47:18.901,2,1.67,,512000000
2026-05-30 16:47:18.384,2,1.96,,512000000
2026-05-30 16:47:17.836,3,2.06,,512000000
2026-05-30 16:47:17.511,2,1.67,,512000000
2026-05-30 16:47:17.195,2,1.97,,512000000
2026-05-30 16:47:16.999,2,1.96,,512000000
2026-05-30 16:47:16.533,2,1.93,,512000000
2026-05-30 16:47:15.958,2,1.96,,512000000
2026-05-30 16:47:15.295,2,1.83,,512000000
2026-05-30 16:47:15.092,5,4.34,,512000000
2026-05-30 16:47:14.956,8,7.44,,512000000
2026-05-30 16:47:14.866,2,1.75,,512000000
2026-05-30 16:47:14.516,8,7.16,,512000000
2026-05-30 16:47:13.497,9,8.5,,512000000
2026-05-30 16:47:13.336,3,2.28,,512000000
2026-05-30 16:47:13.173,2,1.99,,512000000
2026-05-30 16:47:12.996,3,2,,512000000
2026-05-30 16:47:12.210,3,2.11,,512000000
2026-05-30 16:47:12.114,6,5.67,,512000000
2026-05-30 16:47:11.557,3,2.14,,512000000
2026-05-30 16:47:11.338,6,5.26,,512000000
2026-05-30 16:47:11.202,3,2.03,,512000000
2026-05-30 16:47:10.448,3,2.1,,512000000
2026-05-30 16:47:10.226,2,1.96,,512000000
2026-05-30 16:47:09.846,2,1.73,,512000000
2026-05-30 16:47:09.402,3,2.04,,512000000
2026-05-30 16:47:09.314,2,1.99,,512000000
2026-05-30 16:47:08.693,3,2.09,,512000000
2026-05-30 16:47:08.291,3,2.12,,512000000
2026-05-30 16:47:08.021,3,2.36,,512000000
2026-05-30 16:47:08.003,2,1.65,,512000000
2026-05-30 16:47:07.638,2,1.95,,512000000
2026-05-30 16:47:07.027,2,1.61,,512000000
2026-05-30 16:47:06.471,2,1.93,,512000000
2026-05-30 16:47:06.263,2,1.92,,512000000
2026-05-30 16:47:06.136,2,1.77,,512000000
2026-05-30 16:47:06.046,2,1.99,,512000000
2026-05-30 16:47:05.770,2,1.59,,512000000
2026-05-30 16:47:04.995,3,2.5,,512000000
2026-05-30 16:47:04.410,3,2.07,,512000000
2026-05-30 16:47:04.283,11,10.38,,512000000
2026-05-30 16:47:04.045,8,7.5,,512000000
2026-05-30 16:47:03.828,2,1.89,,512000000
2026-05-30 16:47:03.482,2,1.74,,512000000
2026-05-30 16:47:02.662,2,1.67,,512000000
2026-05-30 16:47:02.286,2,1.7,,512000000
2026-05-30 16:47:02.213,2,1.91,,512000000
2026-05-30 16:47:02.080,3,2.28,,512000000
2026-05-30 16:47:01.960,3,2.61,,512000000
2026-05-30 16:47:01.211,2,1.86,,512000000
2026-05-30 16:47:00.696,26,25.18,,512000000
2026-05-30 16:47:00.075,2,1.99,,512000000
2026-05-30 16:47:00.025,2,2,,512000000
2026-05-30 16:46:59.943,3,2.02,,512000000
2026-05-30 16:46:59.725,2,1.82,,512000000
2026-05-30 16:46:58.659,3,2.03,,512000000
2026-05-30 16:46:58.594,6,5.14,,512000000
2026-05-30 16:46:58.452,2,1.99,,512000000
2026-05-30 16:46:58.426,2,1.78,,512000000
2026-05-30 16:46:57.757,2,1.67,,512000000
2026-05-30 16:46:57.120,4,3.2,,512000000
2026-05-30 16:46:56.497,3,2.07,,512000000
2026-05-30 16:46:56.367,2,1.76,,512000000
2026-05-30 16:46:56.355,2,1.58,,512000000
2026-05-30 16:46:56.035,2,1.78,,512000000
2026-05-30 16:46:55.483,2,1.86,,512000000
2026-05-30 16:46:55.356,2,1.55,,512000000
2026-05-30 16:46:54.893,3,2.3,,512000000
2026-05-30 16:46:54.784,2,1.98,,512000000
2026-05-30 16:46:54.364,2,1.67,,512000000
2026-05-30 16:46:53.376,2,1.56,,512000000
2026-05-30 16:46:53.204,6,5.34,,512000000
2026-05-30 16:46:52.968,2,1.83,,512000000
2026-05-30 16:46:52.724,2,1.72,,512000000
2026-05-30 16:46:52.569,3,2.14,,512000000
2026-05-30 16:46:51.606,2,1.98,,512000000
2026-05-30 16:46:51.327,2,1.91,,512000000
2026-05-30 16:46:50.977,2,1.9,,512000000
2026-05-30 16:46:50.659,29,28.08,,512000000
2026-05-30 16:46:50.404,3,2.06,,512000000
2026-05-30 16:46:49.810,2,1.91,,512000000
2026-05-30 16:46:49.809,2,1.74,,512000000
2026-05-30 16:46:49.047,3,2.03,,512000000
2026-05-30 16:46:48.856,2,1.79,,512000000
2026-05-30 16:46:48.742,2,1.91,,512000000
2026-05-30 16:46:47.889,2,1.95,,512000000
2026-05-30 16:46:47.673,2,1.87,,512000000
2026-05-30 16:46:47.222,3,2.05,,512000000
2026-05-30 16:46:47.075,3,2.14,,512000000
2026-05-30 16:46:46.966,3,2.08,,512000000
2026-05-30 16:46:46.201,2,1.95,,512000000
2026-05-30 16:46:45.889,3,2.06,,512000000
2026-05-30 16:46:45.789,3,2.04,,512000000
2026-05-30 16:46:45.354,5,4.67,,512000000
2026-05-30 16:46:44.999,2,1.84,,512000000
2026-05-30 16:46:44.758,2,1.87,,512000000
2026-05-30 16:46:44.342,3,2.07,,512000000
2026-05-30 16:46:43.902,2,1.92,,512000000
2026-05-30 16:46:43.870,3,2.01,,512000000
2026-05-30 16:46:43.474,2,1.94,,512000000
2026-05-30 16:46:43.115,2,1.97,,512000000
2026-05-30 16:46:42.900,3,2.14,,512000000
2026-05-30 16:46:42.512,2,1.77,,512000000
2026-05-30 16:46:42.000,3,2.06,,512000000
2026-05-30 16:46:41.934,2,1.69,,512000000
2026-05-30 16:46:41.390,2,1.95,,512000000
2026-05-30 16:46:41.221,4,3.89,,512000000
2026-05-30 16:46:40.378,2,1.79,,512000000
2026-05-30 16:46:40.190,2,1.9,,512000000
2026-05-30 16:46:40.139,3,2.08,,512000000
2026-05-30 16:46:39.643,2,1.62,,512000000
2026-05-30 16:46:39.297,2,1.96,,512000000
2026-05-30 16:46:39.119,3,2.14,,512000000
2026-05-30 16:46:38.134,2,1.9,,512000000
2026-05-30 16:46:37.910,3,2.88,,512000000
2026-05-30 16:46:37.904,3,2.09,,512000000
2026-05-30 16:46:37.877,2,1.66,,512000000
2026-05-30 16:46:37.313,3,2.09,,512000000
2026-05-30 16:46:36.779,2,1.98,,512000000
2026-05-30 16:46:36.533,3,2.36,,512000000
2026-05-30 16:46:36.454,5,4.15,,512000000
2026-05-30 16:46:35.684,2,1.99,,512000000
2026-05-30 16:46:35.611,3,2.07,,512000000
2026-05-30 16:46:35.454,2,1.86,,512000000
2026-05-30 16:46:34.951,3,2.03,,512000000
2026-05-30 16:46:34.629,2,1.91,,512000000
2026-05-30 16:46:34.317,2,1.78,,512000000
2026-05-30 16:46:33.667,4,3.83,,512000000
2026-05-30 16:46:33.374,2,1.93,,512000000
2026-05-30 16:46:33.363,2,1.79,,512000000
2026-05-30 16:46:33.283,3,2.48,,512000000
2026-05-30 16:46:32.553,3,2.07,,512000000
2026-05-30 16:46:32.059,3,2.1,,512000000
2026-05-30 16:46:31.770,2,1.84,,512000000
2026-05-30 16:46:31.562,7,6.23,,512000000
2026-05-30 16:46:31.329,3,2.28,,512000000
2026-05-30 16:46:31.004,2,1.89,,512000000
2026-05-30 16:46:30.695,6,5.52,,512000000
2026-05-30 16:46:30.187,2,1.93,,512000000
2026-05-30 16:46:29.707,3,2.12,,512000000
2026-05-30 16:46:29.333,2,1.97,,512000000
2026-05-30 16:46:29.095,2,1.96,,512000000
2026-05-30 16:46:28.947,3,2.01,,512000000
2026-05-30 16:46:28.595,11,10.73,,512000000
2026-05-30 16:46:27.953,2,1.83,,512000000
2026-05-30 16:46:27.572,2,1.85,,512000000
2026-05-30 16:46:27.464,3,2.3,,512000000
2026-05-30 16:46:27.224,7,6.11,,512000000
2026-05-30 16:46:26.775,2,1.95,,512000000
2026-05-30 16:46:26.179,3,2.15,,512000000
2026-05-30 16:46:25.442,2,1.75,,512000000
2026-05-30 16:46:25.284,3,2.03,,512000000
2026-05-30 16:46:25.222,3,2.06,,512000000
2026-05-30 16:46:25.061,3,2.48,,512000000
2026-05-30 16:46:24.827,2,1.91,,512000000
2026-05-30 16:46:23.613,2,1.9,,512000000
2026-05-30 16:46:23.596,2,1.92,,512000000
2026-05-30 16:46:23.475,9,8.34,,512000000
2026-05-30 16:46:23.372,3,2.73,,512000000
2026-05-30 16:46:23.147,2,1.93,,512000000
2026-05-30 16:46:22.207,2,1.77,,512000000
2026-05-30 16:46:21.764,2,1.83,,512000000
2026-05-30 16:46:21.761,3,2.13,,512000000
2026-05-30 16:46:21.761,4,3.63,,512000000
2026-05-30 16:46:21.760,2,1.83,,512000000
2026-05-30 16:46:20.419,2,1.94,,512000000
2026-05-30 16:46:20.406,3,2.04,,512000000
2026-05-30 16:46:20.199,12,11.88,,512000000
2026-05-30 16:46:19.735,2,1.89,,512000000
2026-05-30 16:46:19.445,6,5.15,,512000000
2026-05-30 16:46:18.952,3,2.22,,512000000
2026-05-30 16:46:18.859,2,1.79,,512000000
2026-05-30 16:46:18.437,2,1.6,,512000000
2026-05-30 16:46:18.115,3,2.06,,512000000
2026-05-30 16:46:18.064,2,1.79,,512000000
2026-05-30 16:46:17.400,3,2.03,,512000000
2026-05-30 16:46:17.251,3,2.21,,512000000
2026-05-30 16:46:16.284,3,2.04,,512000000
2026-05-30 16:46:16.249,3,2.04,,512000000
2026-05-30 16:46:15.891,2,1.78,,512000000
2026-05-30 16:46:15.484,3,2.32,,512000000
2026-05-30 16:46:15.305,3,2.04,,512000000
2026-05-30 16:46:14.559,3,2.09,,512000000
2026-05-30 16:46:14.559,2,2,,512000000
2026-05-30 16:46:14.152,3,2.13,,512000000
2026-05-30 16:46:13.467,2,1.61,,512000000
2026-05-30 16:46:13.429,3,2.37,,512000000
2026-05-30 16:46:12.875,3,2.02,,512000000
2026-05-30 16:46:12.867,2,1.57,,512000000
2026-05-30 16:46:11.918,3,2.91,,512000000
2026-05-30 16:46:11.912,3,2.16,,512000000
2026-05-30 16:46:11.563,3,2.15,,512000000
2026-05-30 16:46:11.005,7,6.73,,512000000
2026-05-30 16:46:10.724,16,15.26,,512000000
2026-05-30 16:46:09.809,3,2.02,,512000000
2026-05-30 16:46:09.656,2,1.69,,512000000
2026-05-30 16:46:09.490,2,1.77,,512000000
2026-05-30 16:46:08.943,2,1.94,,512000000
2026-05-30 16:46:08.888,2,1.68,,512000000
2026-05-30 16:46:07.916,2,1.93,,512000000
2026-05-30 16:46:07.861,3,2.25,,512000000
2026-05-30 16:46:07.771,5,4.13,,512000000
2026-05-30 16:46:07.074,2,1.74,,512000000
2026-05-30 16:46:06.646,6,5.94,,512000000
2026-05-30 16:46:06.386,3,2.05,,512000000
2026-05-30 16:46:06.079,3,2.36,,512000000
2026-05-30 16:46:05.598,5,4.99,,512000000
2026-05-30 16:46:05.417,3,2.21,,512000000
2026-05-30 16:46:04.955,3,2.18,,512000000
2026-05-30 16:46:04.866,3,2.46,,512000000
2026-05-30 16:46:03.821,2,1.93,,512000000
2026-05-30 16:46:03.603,3,2.27,,512000000
2026-05-30 16:46:03.336,2,1.87,,512000000
2026-05-30 16:46:03.250,2,1.96,,512000000
2026-05-30 16:46:02.770,2,1.76,,512000000
2026-05-30 16:46:02.464,19,18.48,,512000000
2026-05-30 16:46:01.720,2,1.6,,512000000
2026-05-30 16:46:01.624,2,1.95,,512000000
2026-05-30 16:46:01.528,2,1.83,,512000000
2026-05-30 16:46:00.675,3,2.2,,512000000
2026-05-30 16:46:00.548,3,2.2,,512000000
2026-05-30 16:46:00.082,2,1.8,,512000000
2026-05-30 16:46:00.080,2,1.77,,512000000
2026-05-30 16:45:59.752,3,2.05,,512000000
2026-05-30 16:45:59.337,2,1.71,,512000000
2026-05-30 16:45:58.974,3,2.21,,512000000
2026-05-30 16:45:58.515,4,3.02,,512000000
2026-05-30 16:45:58.060,3,2.13,,512000000
2026-05-30 16:45:58.021,2,1.71,,512000000
2026-05-30 16:45:58.015,2,1.62,,512000000
2026-05-30 16:45:57.619,3,2.04,,512000000
2026-05-30 16:45:57.076,6,5.8,,512000000
2026-05-30 16:45:56.591,3,2.09,,512000000
2026-05-30 16:45:56.354,2,1.85,,512000000
2026-05-30 16:45:56.246,2,1.92,,512000000
2026-05-30 16:45:56.190,2,2,,512000000
2026-05-30 16:45:56.026,2,1.94,,512000000
2026-05-30 16:45:55.963,2,1.89,,512000000
2026-05-30 16:45:55.856,2,1.82,,512000000
2026-05-30 16:45:55.830,2,1.62,,512000000
2026-05-30 16:45:55.828,3,2.03,,512000000
2026-05-30 16:45:55.804,4,3.68,,512000000
2026-05-30 16:45:55.380,3,2.17,,512000000
2026-05-30 16:45:55.069,2,1.72,,512000000
2026-05-30 16:45:54.967,3,2.21,,512000000
2026-05-30 16:45:54.887,2,1.92,,512000000
2026-05-30 16:45:54.830,2,1.63,,512000000
2026-05-30 16:45:54.817,2,1.75,,512000000
2026-05-30 16:45:54.686,3,2.03,,512000000
2026-05-30 16:45:54.494,2,1.96,,512000000
2026-05-30 16:45:54.441,2,1.63,,512000000
2026-05-30 16:45:54.427,2,1.98,,512000000
2026-05-30 16:45:54.422,2,1.86,,512000000
2026-05-30 16:45:54.375,2,1.68,,512000000
2026-05-30 16:45:54.331,2,1.81,,512000000
2026-05-30 16:45:54.317,2,1.93,,512000000
2026-05-30 16:45:54.242,3,2.08,,512000000
2026-05-30 16:45:54.203,13,12.3,,512000000
2026-05-30 16:45:54.089,2,1.92,,512000000
2026-05-30 16:45:54.052,2,1.6,,512000000
2026-05-30 16:45:53.907,2,1.58,,512000000
2026-05-30 16:45:53.873,2,1.61,,512000000
2026-05-30 16:45:53.840,3,2.33,,512000000
2026-05-30 16:45:53.794,4,3.11,,512000000
2026-05-30 16:45:53.712,6,5.34,,512000000
2026-05-30 16:45:53.502,2,1.89,,512000000
2026-05-30 16:45:53.356,2,1.86,,512000000
2026-05-30 16:45:53.355,2,1.69,,512000000
2026-05-30 16:45:52.885,2,1.86,,512000000
2026-05-30 16:45:52.820,2,1.91,,512000000
2026-05-30 16:45:52.805,3,2.33,,512000000
2026-05-30 16:45:52.802,11,10.41,,512000000
2026-05-30 16:45:52.792,3,2.07,,512000000
2026-05-30 16:45:52.729,2,1.69,,512000000
2026-05-30 16:45:52.674,2,1.69,,512000000
2026-05-30 16:45:52.650,2,1.83,,512000000
2026-05-30 16:45:52.640,2,1.78,,512000000
2026-05-30 16:45:52.612,3,2.25,,512000000
2026-05-30 16:45:52.536,2,1.87,,512000000
2026-05-30 16:45:52.532,2,1.66,,512000000
2026-05-30 16:45:52.526,2,1.86,,512000000
2026-05-30 16:45:52.518,2,1.9,,512000000
2026-05-30 16:45:52.456,3,2.24,,512000000
2026-05-30 16:45:52.450,2,1.82,,512000000
2026-05-30 16:45:52.313,2,1.75,,512000000
2026-05-30 16:45:52.155,3,2.11,,512000000
2026-05-30 16:45:51.996,2,1.68,,512000000
2026-05-30 16:45:51.994,3,2.01,,512000000
2026-05-30 16:45:51.984,2,1.77,,512000000
2026-05-30 16:45:51.900,2,1.96,,512000000
2026-05-30 16:45:51.761,2,1.76,,512000000
2026-05-30 16:45:51.732,3,2.08,,512000000
2026-05-30 16:45:51.635,2,1.92,,512000000
2026-05-30 16:45:51.577,3,2.15,,512000000
2026-05-30 16:45:51.454,25,24.95,,512000000
2026-05-30 16:45:51.447,3,2.65,,512000000
2026-05-30 16:45:51.440,3,2.04,,512000000
2026-05-30 16:45:51.426,12,11.68,,512000000
2026-05-30 16:45:51.342,2,1.83,,512000000
2026-05-30 16:45:51.254,2,1.84,,512000000
2026-05-30 16:45:51.216,2,1.59,,512000000
2026-05-30 16:45:51.200,2,1.86,,512000000
2026-05-30 16:45:51.168,15,14.01,,512000000
2026-05-30 16:45:51.161,2,1.89,,512000000
2026-05-30 16:45:51.161,2,1.64,,512000000
2026-05-30 16:45:51.107,3,2.16,,512000000
2026-05-30 16:45:51.104,2,1.78,,512000000
2026-05-30 16:45:51.048,3,2.09,,512000000
2026-05-30 16:45:51.020,2,1.73,,512000000
2026-05-30 16:45:50.991,2,1.79,,512000000
2026-05-30 16:45:50.977,2,1.81,,512000000
2026-05-30 16:45:50.957,2,1.82,,512000000
2026-05-30 16:45:50.950,2,1.74,,512000000
2026-05-30 16:45:50.931,3,2.26,,512000000
2026-05-30 16:45:50.925,2,1.75,,512000000
2026-05-30 16:45:50.884,3,2.03,,512000000
2026-05-30 16:45:50.737,2,1.7,,512000000
2026-05-30 16:45:50.725,2,1.91,,512000000
2026-05-30 16:45:50.714,2,1.75,,512000000
2026-05-30 16:45:50.597,2,1.68,,512000000
2026-05-30 16:45:50.517,2,1.73,,512000000
2026-05-30 16:45:50.405,7,6.77,,512000000
2026-05-30 16:45:50.387,3,2.17,,512000000
2026-05-30 16:45:50.299,2,1.66,,512000000
2026-05-30 16:45:50.273,2,1.97,,512000000
2026-05-30 16:45:50.219,2,1.78,,512000000
2026-05-30 16:45:50.164,2,1.78,,512000000
2026-05-30 16:45:50.089,2,1.72,,512000000
2026-05-30 16:45:50.033,2,1.99,,512000000
2026-05-30 16:45:50.025,2,1.65,,512000000
2026-05-30 16:45:50.016,3,2.19,,512000000
2026-05-30 16:45:49.932,3,2.06,,512000000
2026-05-30 16:45:49.912,2,1.82,,512000000
2026-05-30 16:45:49.840,2,1.7,,512000000
2026-05-30 16:45:49.802,3,2.02,,512000000
2026-05-30 16:45:49.787,2,1.83,,512000000
2026-05-30 16:45:49.717,2,1.65,,512000000
2026-05-30 16:45:49.688,2,1.77,,512000000
2026-05-30 16:45:49.664,3,2.03,,512000000
2026-05-30 16:45:49.658,2,1.69,,512000000
2026-05-30 16:45:49.648,3,2.04,,512000000
2026-05-30 16:45:49.628,2,1.89,,512000000
2026-05-30 16:45:49.615,2,1.54,,512000000
2026-05-30 16:45:49.583,2,1.69,,512000000
2026-05-30 16:45:49.574,14,13.6,,512000000
2026-05-30 16:45:49.559,2,1.59,,512000000
2026-05-30 16:45:49.435,2,1.82,,512000000
2026-05-30 16:45:49.429,3,2.13,,512000000
2026-05-30 16:45:49.410,2,1.63,,512000000
2026-05-30 16:45:49.396,3,2.06,,512000000
2026-05-30 16:45:49.360,2,1.58,,512000000
2026-05-30 16:45:49.319,2,1.79,,512000000
2026-05-30 16:45:49.275,2,1.7,,512000000
2026-05-30 16:45:49.187,2,1.75,,512000000
2026-05-30 16:45:49.165,2,1.74,,512000000
2026-05-30 16:45:49.113,3,2.51,,512000000
2026-05-30 16:45:49.094,2,1.7,,512000000
2026-05-30 16:45:49.090,2,1.88,,512000000
2026-05-30 16:45:49.078,3,2.24,,512000000
2026-05-30 16:45:48.986,3,2.01,,512000000
2026-05-30 16:45:48.875,5,4.37,,512000000
2026-05-30 16:45:48.866,11,10.05,,512000000
2026-05-30 16:45:48.854,3,2.64,,512000000
2026-05-30 16:45:48.840,3,2.2,,512000000
2026-05-30 16:45:48.807,3,2.59,,512000000
2026-05-30 16:45:48.788,3,2.06,,512000000
2026-05-30 16:45:48.783,2,1.83,,512000000
2026-05-30 16:45:48.748,3,2.27,,512000000
2026-05-30 16:45:48.675,3,2.11,,512000000
2026-05-30 16:45:48.641,3,2,,512000000
2026-05-30 16:45:48.535,2,1.77,,512000000
2026-05-30 16:45:48.528,2,1.79,,512000000
2026-05-30 16:45:48.494,2,1.92,,512000000
2026-05-30 16:45:48.482,2,1.94,,512000000
2026-05-30 16:45:48.437,2,1.86,,512000000
2026-05-30 16:45:48.351,2,1.89,,512000000
2026-05-30 16:45:48.294,9,8.37,,512000000
2026-05-30 16:45:48.289,20,19.59,,512000000
2026-05-30 16:45:48.287,3,2.08,,512000000
2026-05-30 16:45:48.271,2,1.96,,512000000
2026-05-30 16:45:48.259,2,1.93,,512000000
2026-05-30 16:45:48.242,2,1.78,,512000000
2026-05-30 16:45:48.241,2,1.81,,512000000
2026-05-30 16:45:48.184,18,17.46,,512000000
2026-05-30 16:45:48.170,11,10.99,,512000000
2026-05-30 16:45:48.054,2,2,,512000000
2026-05-30 16:45:48.042,3,2.23,,512000000
2026-05-30 16:45:47.930,3,2.27,,512000000
2026-05-30 16:45:47.909,2,1.77,,512000000
2026-05-30 16:45:47.890,2,1.98,,512000000
2026-05-30 16:45:47.858,3,2.04,,512000000
2026-05-30 16:45:47.855,2,1.64,,512000000
2026-05-30 16:45:47.811,2,1.99,,512000000
2026-05-30 16:45:47.803,2,1.88,,512000000
2026-05-30 16:45:47.780,2,1.85,,512000000
2026-05-30 16:45:47.779,3,2.09,,512000000
2026-05-30 16:45:47.694,2,1.82,,512000000
2026-05-30 16:45:47.663,3,2.07,,512000000
2026-05-30 16:45:47.650,2,1.74,,512000000
2026-05-30 16:45:47.643,17,16.4,,512000000
2026-05-30 16:45:47.641,2,1.83,,512000000
2026-05-30 16:45:47.617,2,1.62,,512000000
2026-05-30 16:45:47.553,2,1.95,,512000000
2026-05-30 16:45:47.429,2,1.87,,512000000
2026-05-30 16:45:47.408,2,1.65,,512000000
2026-05-30 16:45:47.395,2,1.54,,512000000
2026-05-30 16:45:47.384,2,1.73,,512000000
2026-05-30 16:45:47.374,3,2.1,,512000000
2026-05-30 16:45:47.320,3,2.09,,512000000
2026-05-30 16:45:47.315,2,1.71,,512000000
2026-05-30 16:45:47.300,3,2.19,,512000000
2026-05-30 16:45:47.298,2,1.58,,512000000
2026-05-30 16:45:47.295,2,1.88,,512000000
2026-05-30 16:45:47.270,2,1.71,,512000000
2026-05-30 16:45:47.248,2,1.74,,512000000
2026-05-30 16:45:47.209,3,2.05,,512000000
2026-05-30 16:45:47.143,3,2.12,,512000000
2026-05-30 16:45:47.084,2,1.95,,512000000
2026-05-30 16:45:47.081,2,1.74,,512000000
2026-05-30 16:45:47.047,2,1.76,,512000000
2026-05-30 16:45:47.047,2,1.76,,512000000
2026-05-30 16:45:47.035,2,1.94,,512000000
2026-05-30 16:45:47.023,2,1.79,,512000000
2026-05-30 16:45:46.947,2,1.96,,512000000
2026-05-30 16:45:46.894,26,25.08,,512000000
2026-05-30 16:45:46.884,2,1.81,,512000000
2026-05-30 16:45:46.876,3,2.6,,512000000
2026-05-30 16:45:46.763,2,1.94,,512000000
2026-05-30 16:45:46.754,12,11.44,,512000000
2026-05-30 16:45:46.750,2,1.58,,512000000
2026-05-30 16:45:46.737,2,1.77,,512000000
2026-05-30 16:45:46.714,2,1.8,,512000000
2026-05-30 16:45:46.665,2,1.74,,512000000
2026-05-30 16:45:46.630,3,2.22,,512000000
2026-05-30 16:45:46.620,3,2,,512000000
2026-05-30 16:45:46.612,2,1.89,,512000000
2026-05-30 16:45:46.602,2,1.94,,512000000
2026-05-30 16:45:46.593,2,1.95,,512000000
2026-05-30 16:45:46.533,2,1.73,,512000000
2026-05-30 16:45:46.479,2,1.82,,512000000
2026-05-30 16:45:46.460,2,1.7,,512000000
2026-05-30 16:45:46.436,5,4.58,,512000000
2026-05-30 16:45:46.419,2,1.94,,512000000
2026-05-30 16:45:46.415,3,2.12,,512000000
2026-05-30 16:45:46.345,3,2.65,,512000000
2026-05-30 16:45:46.335,2,1.82,,512000000
2026-05-30 16:45:46.334,2,1.66,,512000000
2026-05-30 16:45:46.225,2,1.78,,512000000
2026-05-30 16:45:46.197,2,1.7,,512000000
2026-05-30 16:45:46.169,3,2.08,,512000000
2026-05-30 16:45:46.153,2,1.72,,512000000
2026-05-30 16:45:46.092,3,2.04,,512000000
2026-05-30 16:45:46.032,28,27.18,,512000000
2026-05-30 16:45:46.030,2,1.76,,512000000
2026-05-30 16:45:46.005,3,2.15,,512000000
2026-05-30 16:45:45.973,3,2.21,,512000000
2026-05-30 16:45:45.958,2,1.68,,512000000
2026-05-30 16:45:45.813,2,1.84,,512000000
2026-05-30 16:45:45.795,13,12.97,,512000000
2026-05-30 16:45:45.774,6,5.33,,512000000
2026-05-30 16:45:45.707,2,1.85,,512000000
2026-05-30 16:45:45.703,2,1.76,,512000000
2026-05-30 16:45:45.699,2,1.83,,512000000
2026-05-30 16:45:45.666,6,5.21,,512000000
2026-05-30 16:45:45.655,6,5.96,,512000000
2026-05-30 16:45:45.649,3,2.03,,512000000
2026-05-30 16:45:45.611,5,4.97,,512000000
2026-05-30 16:45:45.610,2,1.73,,512000000
2026-05-30 16:45:45.547,2,1.93,,512000000
2026-05-30 16:45:45.542,4,3.8,,512000000
2026-05-30 16:45:45.538,3,2.19,,512000000
2026-05-30 16:45:45.532,2,1.79,,512000000
2026-05-30 16:45:45.531,2,1.99,,512000000
2026-05-30 16:45:45.525,2,1.79,,512000000
2026-05-30 16:45:45.525,2,2,,512000000
2026-05-30 16:45:45.441,2,1.67,,512000000
2026-05-30 16:45:45.414,3,2.48,,512000000
2026-05-30 16:45:45.369,2,1.85,,512000000
2026-05-30 16:45:45.367,2,1.89,,512000000
2026-05-30 16:45:45.366,3,2.13,,512000000
2026-05-30 16:45:45.333,2,1.84,,512000000
2026-05-30 16:45:45.316,2,1.71,,512000000
2026-05-30 16:45:45.316,18,17.44,,512000000
2026-05-30 16:45:45.294,2,1.75,,512000000
2026-05-30 16:45:45.269,2,1.93,,512000000
2026-05-30 16:45:45.210,2,1.78,,512000000
2026-05-30 16:45:45.196,3,2,,512000000
2026-05-30 16:45:45.168,2,1.74,,512000000
2026-05-30 16:45:45.165,2,1.61,,512000000
2026-05-30 16:45:45.142,2,1.72,,512000000
2026-05-30 16:45:45.125,3,2.02,,512000000
2026-05-30 16:45:45.119,3,2.71,,512000000
2026-05-30 16:45:45.056,3,2.76,,512000000
2026-05-30 16:45:45.022,2,1.87,,512000000
2026-05-30 16:45:44.939,2,1.61,,512000000
2026-05-30 16:45:44.930,2,1.79,,512000000
2026-05-30 16:45:44.925,3,2.78,,512000000
2026-05-30 16:45:44.913,2,1.77,,512000000
2026-05-30 16:45:44.907,2,1.86,,512000000
2026-05-30 16:45:44.883,2,1.78,,512000000
2026-05-30 16:45:44.872,2,1.79,,512000000
2026-05-30 16:45:44.798,2,1.62,,512000000
2026-05-30 16:45:44.783,2,1.91,,512000000
2026-05-30 16:45:44.774,2,1.78,,512000000
2026-05-30 16:45:44.763,3,2.14,,512000000
2026-05-30 16:45:44.740,2,1.69,,512000000
2026-05-30 16:45:44.737,2,1.89,,512000000
2026-05-30 16:45:44.725,2,1.88,,512000000
2026-05-30 16:45:44.712,2,1.79,,512000000
2026-05-30 16:45:44.686,2,1.9,,512000000
2026-05-30 16:45:44.647,2,1.65,,512000000
2026-05-30 16:45:44.613,2,1.72,,512000000
2026-05-30 16:45:44.598,2,1.86,,512000000
2026-05-30 16:45:44.553,2,1.7,,512000000
2026-05-30 16:45:44.504,2,1.78,,512000000
2026-05-30 16:45:44.469,2,1.86,,512000000
2026-05-30 16:45:44.437,3,2.28,,512000000
2026-05-30 16:45:44.427,2,1.91,,512000000
2026-05-30 16:45:44.419,2,1.73,,512000000
2026-05-30 16:45:44.355,2,1.85,,512000000
2026-05-30 16:45:44.328,3,2.2,,512000000
2026-05-30 16:45:44.261,3,2.08,,512000000
2026-05-30 16:45:44.255,2,1.89,,512000000
2026-05-30 16:45:44.237,2,1.75,,512000000
2026-05-30 16:45:44.224,2,1.79,,512000000
2026-05-30 16:45:44.209,2,1.78,,512000000
2026-05-30 16:45:44.161,2,1.87,,512000000
2026-05-30 16:45:44.154,2,1.82,,512000000
2026-05-30 16:45:44.143,2,1.91,,512000000
2026-05-30 16:45:44.110,2,1.99,,512000000
2026-05-30 16:45:44.095,2,1.93,,512000000
2026-05-30 16:45:44.035,2,1.93,,512000000
2026-05-30 16:45:43.939,3,2.03,,512000000
2026-05-30 16:45:43.930,2,1.92,,512000000
2026-05-30 16:45:43.920,2,1.58,,512000000
2026-05-30 16:45:43.916,3,2.17,,512000000
2026-05-30 16:45:43.869,2,1.82,,512000000
2026-05-30 16:45:43.849,2,1.82,,512000000
2026-05-30 16:45:43.796,2,1.69,,512000000
2026-05-30 16:45:43.788,3,2.05,,512000000
2026-05-30 16:45:43.774,2,1.85,,512000000
2026-05-30 16:45:43.772,2,1.93,,512000000
2026-05-30 16:45:43.765,2,1.92,,512000000
2026-05-30 16:45:43.744,2,1.74,,512000000
2026-05-30 16:45:43.713,2,1.93,,512000000
2026-05-30 16:45:43.693,2,1.88,,512000000
2026-05-30 16:45:43.660,2,1.94,,512000000
2026-05-30 16:45:43.620,2,1.65,,512000000
2026-05-30 16:45:43.603,2,1.96,,512000000
2026-05-30 16:45:43.599,2,1.9,,512000000
2026-05-30 16:45:43.592,2,2,,512000000
2026-05-30 16:45:43.574,2,1.8,,512000000
2026-05-30 16:45:43.563,20,19.81,,512000000
2026-05-30 16:45:43.528,4,3.18,,512000000
2026-05-30 16:45:43.508,3,2.13,,512000000
2026-05-30 16:45:43.480,2,1.81,,512000000
2026-05-30 16:45:43.474,2,1.88,,512000000
2026-05-30 16:45:43.465,2,1.65,,512000000
2026-05-30 16:45:43.452,3,2.01,,512000000
2026-05-30 16:45:43.447,2,1.95,,512000000
2026-05-30 16:45:43.446,2,1.75,,512000000
2026-05-30 16:45:43.443,2,1.87,,512000000
2026-05-30 16:45:43.412,10,9.73,,512000000
2026-05-30 16:45:43.411,3,2.19,,512000000
2026-05-30 16:45:43.408,2,1.85,,512000000
2026-05-30 16:45:43.365,3,2.92,,512000000
2026-05-30 16:45:43.360,2,1.79,,512000000
2026-05-30 16:45:43.353,2,1.83,,512000000
2026-05-30 16:45:43.310,2,1.86,,512000000
2026-05-30 16:45:43.270,2,1.76,,512000000
2026-05-30 16:45:43.246,3,2.13,,512000000
2026-05-30 16:45:43.189,2,1.85,,512000000
2026-05-30 16:45:43.186,2,1.76,,512000000
2026-05-30 16:45:43.185,2,1.93,,512000000
2026-05-30 16:45:43.185,2,1.75,,512000000
2026-05-30 16:45:43.183,2,1.75,,512000000
2026-05-30 16:45:43.116,2,1.95,,512000000
2026-05-30 16:45:43.077,2,1.8,,512000000
2026-05-30 16:45:43.014,2,1.75,,512000000
2026-05-30 16:45:43.006,2,1.92,,512000000
2026-05-30 16:45:42.922,3,2.12,,512000000
2026-05-30 16:45:42.914,11,10.26,,512000000
2026-05-30 16:45:42.910,2,1.74,,512000000
2026-05-30 16:45:42.894,3,2.87,,512000000
2026-05-30 16:45:42.891,3,2.06,,512000000
2026-05-30 16:45:42.882,3,2.19,,512000000
2026-05-30 16:45:42.848,3,2.03,,512000000
2026-05-30 16:45:42.799,2,1.89,,512000000
2026-05-30 16:45:42.796,3,2.04,,512000000
2026-05-30 16:45:42.786,3,2.03,,512000000
2026-05-30 16:45:42.728,3,2.15,,512000000
2026-05-30 16:45:42.714,2,1.84,,512000000
2026-05-30 16:45:42.695,2,1.79,,512000000
2026-05-30 16:45:42.658,2,1.76,,512000000
2026-05-30 16:45:42.634,2,1.86,,512000000
2026-05-30 16:45:42.633,3,2.17,,512000000
2026-05-30 16:45:42.624,2,1.82,,512000000
2026-05-30 16:45:42.606,2,1.96,,512000000
2026-05-30 16:45:42.561,2,1.8,,512000000
2026-05-30 16:45:42.525,2,1.78,,512000000
2026-05-30 16:45:42.494,2,1.79,,512000000
2026-05-30 16:45:42.445,2,1.79,,512000000
2026-05-30 16:45:42.394,2,1.56,,512000000
2026-05-30 16:45:42.392,2,1.68,,512000000
2026-05-30 16:45:42.384,5,4.07,,512000000
2026-05-30 16:45:42.381,2,1.86,,512000000
2026-05-30 16:45:42.347,2,1.72,,512000000
2026-05-30 16:45:42.333,2,1.89,,512000000
2026-05-30 16:45:42.329,2,1.65,,512000000
2026-05-30 16:45:42.289,2,1.79,,512000000
2026-05-30 16:45:42.228,2,1.74,,512000000
2026-05-30 16:45:42.215,2,1.63,,512000000
2026-05-30 16:45:42.214,2,1.95,,512000000
2026-05-30 16:45:42.212,2,1.88,,512000000
2026-05-30 16:45:42.211,2,1.78,,512000000
2026-05-30 16:45:42.136,3,2.12,,512000000
2026-05-30 16:45:42.115,3,2.02,,512000000
2026-05-30 16:45:42.114,2,1.81,,512000000
2026-05-30 16:45:42.112,2,1.74,,512000000
2026-05-30 16:45:42.074,22,21.93,,512000000
2026-05-30 16:45:42.038,2,1.78,,512000000
2026-05-30 16:45:42.013,2,1.98,,512000000
2026-05-30 16:45:42.008,2,1.71,,512000000
2026-05-30 16:45:42.005,2,1.71,,512000000
2026-05-30 16:45:41.941,3,2.03,,512000000
2026-05-30 16:45:41.935,2,1.92,,512000000
2026-05-30 16:45:41.935,3,2.24,,512000000
2026-05-30 16:45:41.932,2,1.78,,512000000
2026-05-30 16:45:41.903,2,1.97,,512000000
2026-05-30 16:45:41.888,2,1.81,,512000000
2026-05-30 16:45:41.861,2,1.65,,512000000
2026-05-30 16:45:41.841,2,1.8,,512000000
2026-05-30 16:45:41.838,5,4.68,,512000000
2026-05-30 16:45:41.824,3,2.12,,512000000
2026-05-30 16:45:41.806,2,1.87,,512000000
2026-05-30 16:45:41.806,2,1.99,,512000000
2026-05-30 16:45:41.740,3,2.43,,512000000
2026-05-30 16:45:41.735,2,1.88,,512000000
2026-05-30 16:45:41.730,3,2.05,,512000000
2026-05-30 16:45:41.699,3,2.02,,512000000
2026-05-30 16:45:41.682,2,1.88,,512000000
2026-05-30 16:45:41.679,2,1.92,,512000000
2026-05-30 16:45:41.654,16,15.95,,512000000
2026-05-30 16:45:41.642,2,1.8,,512000000
2026-05-30 16:45:41.619,7,6.78,,512000000
2026-05-30 16:45:41.609,3,2.35,,512000000
2026-05-30 16:45:41.597,2,1.73,,512000000
2026-05-30 16:45:41.586,2,1.78,,512000000
2026-05-30 16:45:41.582,2,1.82,,512000000
2026-05-30 16:45:41.553,2,1.8,,512000000
2026-05-30 16:45:41.543,2,1.94,,512000000
2026-05-30 16:45:41.519,2,1.62,,512000000
2026-05-30 16:45:41.518,2,1.72,,512000000
2026-05-30 16:45:41.512,6,6,,512000000
2026-05-30 16:45:41.501,2,1.78,,512000000
2026-05-30 16:45:41.477,2,1.81,,512000000
2026-05-30 16:45:41.466,2,1.93,,512000000
2026-05-30 16:45:41.463,2,1.96,,512000000
2026-05-30 16:45:41.378,2,1.89,,512000000
2026-05-30 16:45:41.364,2,1.7,,512000000
2026-05-30 16:45:41.359,8,7.18,,512000000
2026-05-30 16:45:41.358,2,1.72,,512000000
2026-05-30 16:45:41.348,2,1.77,,512000000
2026-05-30 16:45:41.334,2,1.78,,512000000
2026-05-30 16:45:41.282,2,1.71,,512000000
2026-05-30 16:45:41.257,2,1.96,,512000000
2026-05-30 16:45:41.243,10,9.32,,512000000
2026-05-30 16:45:41.231,2,1.72,,512000000
2026-05-30 16:45:41.225,2,1.97,,512000000
2026-05-30 16:45:41.207,2,1.82,,512000000
2026-05-30 16:45:41.203,2,1.73,,512000000
2026-05-30 16:45:41.171,2,1.79,,512000000
2026-05-30 16:45:41.163,2,1.55,,512000000
2026-05-30 16:45:41.147,2,1.56,,512000000
2026-05-30 16:45:41.143,3,2.25,,512000000
2026-05-30 16:45:41.114,2,1.97,,512000000
2026-05-30 16:45:41.101,2,1.64,,512000000
2026-05-30 16:45:41.081,2,1.96,,512000000
2026-05-30 16:45:41.048,2,1.55,,512000000
2026-05-30 16:45:41.029,2,1.97,,512000000
2026-05-30 16:45:41.028,2,1.98,,512000000
2026-05-30 16:45:40.977,2,1.67,,512000000
2026-05-30 16:45:40.953,2,1.86,,512000000
2026-05-30 16:45:40.938,2,1.82,,512000000
2026-05-30 16:45:40.829,2,1.89,,512000000
2026-05-30 16:45:40.790,3,2.45,,512000000
2026-05-30 16:45:40.783,3,2.48,,512000000
2026-05-30 16:45:40.757,2,1.7,,512000000
2026-05-30 16:45:40.700,2,1.72,,512000000
2026-05-30 16:45:40.680,2,1.97,,512000000
2026-05-30 16:45:40.673,41,40.11,,512000000
2026-05-30 16:45:40.638,2,1.87,,512000000
2026-05-30 16:45:40.580,2,1.74,,512000000
2026-05-30 16:45:40.571,2,1.95,,512000000
2026-05-30 16:45:40.571,2,1.64,,512000000
2026-05-30 16:45:40.555,2,1.73,,512000000
2026-05-30 16:45:40.536,2,1.82,,512000000
2026-05-30 16:45:40.516,2,1.63,,512000000
2026-05-30 16:45:40.508,2,1.8,,512000000
2026-05-30 16:45:40.507,2,1.79,,512000000
2026-05-30 16:45:40.446,2,1.77,,512000000
2026-05-30 16:45:40.427,9,8.55,,512000000
2026-05-30 16:45:40.425,2,1.8,,512000000
2026-05-30 16:45:40.418,2,1.74,,512000000
2026-05-30 16:45:40.417,2,1.98,,512000000
2026-05-30 16:45:40.398,5,4.25,,512000000
2026-05-30 16:45:40.389,2,1.79,,512000000
2026-05-30 16:45:40.375,2,1.73,,512000000
2026-05-30 16:45:40.357,2,1.78,,512000000
2026-05-30 16:45:40.329,2,1.7,,512000000
2026-05-30 16:45:40.315,3,2.05,,512000000
2026-05-30 16:45:40.299,5,4.76,,512000000
2026-05-30 16:45:40.297,2,1.74,,512000000
2026-05-30 16:45:40.283,2,1.77,,512000000
2026-05-30 16:45:40.282,2,1.72,,512000000
2026-05-30 16:45:40.268,2,1.75,,512000000
2026-05-30 16:45:40.262,2,1.95,,512000000
2026-05-30 16:45:40.224,2,1.65,,512000000
2026-05-30 16:45:40.195,2,1.85,,512000000
2026-05-30 16:45:40.193,2,1.58,,512000000
2026-05-30 16:45:40.177,3,2.08,,512000000
2026-05-30 16:45:40.177,2,1.72,,512000000
2026-05-30 16:45:40.168,2,1.91,,512000000
2026-05-30 16:45:40.166,3,2.03,,512000000
2026-05-30 16:45:40.149,2,1.58,,512000000
2026-05-30 16:45:40.118,2,2,,512000000
2026-05-30 16:45:40.116,2,1.98,,512000000
2026-05-30 16:45:40.115,2,1.98,,512000000
2026-05-30 16:45:40.085,2,1.94,,512000000
2026-05-30 16:45:40.064,11,10.7,,512000000
2026-05-30 16:45:40.053,2,1.94,,512000000
2026-05-30 16:45:40.034,2,1.9,,512000000
2026-05-30 16:45:40.030,3,2.1,,512000000
2026-05-30 16:45:40.011,2,1.8,,512000000
2026-05-30 16:45:39.988,2,1.9,,512000000
2026-05-30 16:45:39.955,5,4.74,,512000000
2026-05-30 16:45:39.941,2,1.63,,512000000
2026-05-30 16:45:39.939,2,1.97,,512000000
2026-05-30 16:45:39.904,9,8.57,,512000000
2026-05-30 16:45:39.894,2,1.71,,512000000
2026-05-30 16:45:39.887,3,2.04,,512000000
2026-05-30 16:45:39.882,3,2.04,,512000000
2026-05-30 16:45:39.871,2,1.56,,512000000
2026-05-30 16:45:39.869,2,1.97,,512000000
2026-05-30 16:45:39.854,3,2.73,,512000000
2026-05-30 16:45:39.846,2,1.45,,512000000
2026-05-30 16:45:39.846,2,1.86,,512000000
2026-05-30 16:45:39.837,2,1.8,,512000000
2026-05-30 16:45:39.836,7,6.16,,512000000
2026-05-30 16:45:39.821,2,1.73,,512000000
2026-05-30 16:45:39.757,2,1.79,,512000000
2026-05-30 16:45:39.740,2,1.8,,512000000
2026-05-30 16:45:39.727,2,1.62,,512000000
2026-05-30 16:45:39.700,2,1.92,,512000000
2026-05-30 16:45:39.632,3,2.12,,512000000
2026-05-30 16:45:39.625,14,13.12,,512000000
2026-05-30 16:45:39.615,2,1.72,,512000000
2026-05-30 16:45:39.605,3,2.02,,512000000
2026-05-30 16:45:39.593,2,1.76,,512000000
2026-05-30 16:45:39.529,2,1.53,,512000000
2026-05-30 16:45:39.524,2,1.73,,512000000
2026-05-30 16:45:39.496,2,1.87,,512000000
2026-05-30 16:45:39.496,2,1.93,,512000000
2026-05-30 16:45:39.479,13,12.34,,512000000
2026-05-30 16:45:39.475,2,1.84,,512000000
2026-05-30 16:45:39.458,3,2.26,,512000000
2026-05-30 16:45:39.443,2,1.71,,512000000
2026-05-30 16:45:39.436,2,1.85,,512000000
2026-05-30 16:45:39.381,2,1.95,,512000000
2026-05-30 16:45:39.360,3,2.31,,512000000
2026-05-30 16:45:39.356,2,1.95,,512000000
2026-05-30 16:45:39.354,2,1.63,,512000000
2026-05-30 16:45:39.346,3,2.03,,512000000
2026-05-30 16:45:39.309,2,1.82,,512000000
2026-05-30 16:45:39.281,2,1.93,,512000000
2026-05-30 16:45:39.254,3,2.42,,512000000
2026-05-30 16:45:39.208,2,1.84,,512000000
2026-05-30 16:45:39.206,3,2.01,,512000000
2026-05-30 16:45:39.193,3,2.17,,512000000
2026-05-30 16:45:39.188,2,1.74,,512000000
2026-05-30 16:45:39.166,2,1.7,,512000000
2026-05-30 16:45:39.112,2,1.89,,512000000
2026-05-30 16:45:39.022,3,2.16,,512000000
2026-05-30 16:45:38.963,2,1.56,,512000000
2026-05-30 16:45:38.951,7,6.71,,512000000
2026-05-30 16:45:38.938,2,1.66,,512000000
2026-05-30 16:45:38.929,2,1.65,,512000000
2026-05-30 16:45:38.928,4,3.21,,512000000
2026-05-30 16:45:38.843,2,1.82,,512000000
2026-05-30 16:45:38.829,2,1.99,,512000000
2026-05-30 16:45:38.828,2,1.81,,512000000
2026-05-30 16:45:38.791,3,2.77,,512000000
2026-05-30 16:45:38.786,2,1.76,,512000000
2026-05-30 16:45:38.778,2,1.82,,512000000
2026-05-30 16:45:38.756,3,2.43,,512000000
2026-05-30 16:45:38.750,2,1.76,,512000000
2026-05-30 16:45:38.735,3,2.05,,512000000
2026-05-30 16:45:38.716,2,1.72,,512000000
2026-05-30 16:45:38.712,3,2.09,,512000000
2026-05-30 16:45:38.709,2,1.82,,512000000
2026-05-30 16:45:38.673,2,1.73,,512000000
2026-05-30 16:45:38.660,2,1.78,,512000000
2026-05-30 16:45:38.621,2,1.78,,512000000
2026-05-30 16:45:38.601,2,1.63,,512000000
2026-05-30 16:45:38.571,2,1.56,,512000000
2026-05-30 16:45:38.542,2,1.84,,512000000
2026-05-30 16:45:38.541,2,1.99,,512000000
2026-05-30 16:45:38.539,3,2.09,,512000000
2026-05-30 16:45:38.538,2,1.94,,512000000
2026-05-30 16:45:38.509,2,1.83,,512000000
2026-05-30 16:45:38.507,2,1.59,,512000000
2026-05-30 16:45:38.503,2,1.87,,512000000
2026-05-30 16:45:38.501,2,1.75,,512000000
2026-05-30 16:45:38.495,18,17.43,,512000000
2026-05-30 16:45:38.480,2,1.8,,512000000
2026-05-30 16:45:38.463,5,4.38,,512000000
2026-05-30 16:45:38.458,3,2.04,,512000000
2026-05-30 16:45:38.447,2,2,,512000000
2026-05-30 16:45:38.390,3,2.88,,512000000
2026-05-30 16:45:38.386,2,1.72,,512000000
2026-05-30 16:45:38.384,3,2.29,,512000000
2026-05-30 16:45:38.369,3,2.13,,512000000
2026-05-30 16:45:38.362,3,2.19,,512000000
2026-05-30 16:45:38.344,2,1.8,,512000000
2026-05-30 16:45:38.320,9,8.37,,512000000
2026-05-30 16:45:38.306,2,1.96,,512000000
2026-05-30 16:45:38.306,2,1.91,,512000000
2026-05-30 16:45:38.295,2,1.85,,512000000
2026-05-30 16:45:38.290,2,1.57,,512000000
2026-05-30 16:45:38.276,2,1.91,,512000000
2026-05-30 16:45:38.262,2,1.81,,512000000
2026-05-30 16:45:38.239,2,1.87,,512000000
2026-05-30 16:45:38.233,2,1.71,,512000000
2026-05-30 16:45:38.209,3,2.66,,512000000
2026-05-30 16:45:38.207,20,19.05,,512000000
2026-05-30 16:45:38.201,2,1.59,,512000000
2026-05-30 16:45:38.193,3,2.02,,512000000
2026-05-30 16:45:38.178,2,1.97,,512000000
2026-05-30 16:45:38.176,2,1.85,,512000000
2026-05-30 16:45:38.173,2,1.87,,512000000
2026-05-30 16:45:38.171,3,2.02,,512000000
2026-05-30 16:45:38.167,2,1.96,,512000000
2026-05-30 16:45:38.154,2,1.76,,512000000
2026-05-30 16:45:38.143,2,1.74,,512000000
2026-05-30 16:45:38.133,2,1.77,,512000000
2026-05-30 16:45:38.127,2,1.68,,512000000
2026-05-30 16:45:38.121,2,1.84,,512000000
2026-05-30 16:45:38.089,2,1.71,,512000000
2026-05-30 16:45:38.073,3,2.06,,512000000
2026-05-30 16:45:38.042,2,1.69,,512000000
2026-05-30 16:45:38.030,2,2,,512000000
2026-05-30 16:45:38.024,2,1.88,,512000000
2026-05-30 16:45:38.013,5,4.27,,512000000
2026-05-30 16:45:38.009,2,1.76,,512000000
2026-05-30 16:45:38.002,2,1.56,,512000000
2026-05-30 16:45:37.989,2,1.84,,512000000
2026-05-30 16:45:37.984,3,2.02,,512000000
2026-05-30 16:45:37.906,2,1.77,,512000000
2026-05-30 16:45:37.903,2,1.9,,512000000
2026-05-30 16:45:37.902,3,2.03,,512000000
2026-05-30 16:45:37.891,3,2.18,,512000000
2026-05-30 16:45:37.886,2,1.63,,512000000
2026-05-30 16:45:37.868,2,1.71,,512000000
2026-05-30 16:45:37.843,3,2.05,,512000000
2026-05-30 16:45:37.831,2,1.75,,512000000
2026-05-30 16:45:37.778,2,1.84,,512000000
2026-05-30 16:45:37.754,3,2.04,,512000000
2026-05-30 16:45:37.698,2,1.66,,512000000
2026-05-30 16:45:37.677,2,1.89,,512000000
2026-05-30 16:45:37.641,2,1.67,,512000000
2026-05-30 16:45:37.589,2,1.83,,512000000
2026-05-30 16:45:37.581,3,2.05,,512000000
2026-05-30 16:45:37.574,4,3.94,,512000000
2026-05-30 16:45:37.567,2,1.9,,512000000
2026-05-30 16:45:37.566,2,1.8,,512000000
2026-05-30 16:45:37.543,2,2,,512000000
2026-05-30 16:45:37.524,3,2.03,,512000000
2026-05-30 16:45:37.493,2,1.76,,512000000
2026-05-30 16:45:37.478,2,1.76,,512000000
2026-05-30 16:45:37.417,2,1.76,,512000000
2026-05-30 16:45:37.404,2,1.76,,512000000
2026-05-30 16:45:37.390,2,1.68,,512000000
2026-05-30 16:45:37.378,2,1.91,,512000000
2026-05-30 16:45:37.365,3,2.09,,512000000
2026-05-30 16:45:37.344,3,2.08,,512000000
2026-05-30 16:45:37.340,2,1.67,,512000000
2026-05-30 16:45:37.326,2,1.77,,512000000
2026-05-30 16:45:37.325,2,1.78,,512000000
2026-05-30 16:45:37.312,2,1.59,,512000000
2026-05-30 16:45:37.299,3,2.02,,512000000
2026-05-30 16:45:37.254,3,2.14,,512000000
2026-05-30 16:45:37.248,2,1.98,,512000000
2026-05-30 16:45:37.217,2,1.93,,512000000
2026-05-30 16:45:37.196,2,1.89,,512000000
2026-05-30 16:45:37.164,2,1.84,,512000000
2026-05-30 16:45:37.161,2,1.78,,512000000
2026-05-30 16:45:37.157,2,1.83,,512000000
2026-05-30 16:45:37.129,2,1.58,,512000000
2026-05-30 16:45:37.127,2,1.82,,512000000
2026-05-30 16:45:37.104,2,1.83,,512000000
2026-05-30 16:45:37.088,3,2,,512000000
2026-05-30 16:45:37.058,4,3.36,,512000000
2026-05-30 16:45:37.051,3,2.42,,512000000
2026-05-30 16:45:37.049,2,1.78,,512000000
2026-05-30 16:45:37.024,3,2.53,,512000000
2026-05-30 16:45:37.018,2,1.99,,512000000
2026-05-30 16:45:37.017,2,1.79,,512000000
2026-05-30 16:45:37.012,2,1.72,,512000000
2026-05-30 16:45:36.995,2,1.56,,512000000
2026-05-30 16:45:36.983,3,2.13,,512000000
2026-05-30 16:45:36.975,2,1.95,,512000000
2026-05-30 16:45:36.962,6,5.26,,512000000
2026-05-30 16:45:36.961,2,1.82,,512000000
2026-05-30 16:45:36.954,2,1.67,,512000000
2026-05-30 16:45:36.922,2,2,,512000000
2026-05-30 16:45:36.920,2,1.72,,512000000
2026-05-30 16:45:36.901,3,2.54,,512000000
2026-05-30 16:45:36.892,2,1.68,,512000000
2026-05-30 16:45:36.858,2,1.96,,512000000
2026-05-30 16:45:36.835,3,2.07,,512000000
2026-05-30 16:45:36.830,2,1.7,,512000000
2026-05-30 16:45:36.808,3,2.99,,512000000
2026-05-30 16:45:36.795,2,1.9,,512000000
2026-05-30 16:45:36.784,14,13.32,,512000000
2026-05-30 16:45:36.771,2,1.8,,512000000
2026-05-30 16:45:36.764,9,8.96,,512000000
2026-05-30 16:45:36.747,2,1.96,,512000000
2026-05-30 16:45:36.739,2,1.58,,512000000
2026-05-30 16:45:36.732,2,1.8,,512000000
2026-05-30 16:45:36.715,2,1.98,,512000000
2026-05-30 16:45:36.712,2,1.75,,512000000
2026-05-30 16:45:36.685,2,1.76,,512000000
2026-05-30 16:45:36.683,10,9.42,,512000000
2026-05-30 16:45:36.680,2,1.67,,512000000
2026-05-30 16:45:36.677,4,3.05,,512000000
2026-05-30 16:45:36.676,2,1.7,,512000000
2026-05-30 16:45:36.668,2,1.84,,512000000
2026-05-30 16:45:36.665,2,1.84,,512000000
2026-05-30 16:45:36.633,2,1.85,,512000000
2026-05-30 16:45:36.603,2,1.96,,512000000
2026-05-30 16:45:36.565,2,1.77,,512000000
2026-05-30 16:45:36.558,3,2.01,,512000000
2026-05-30 16:45:36.520,2,1.93,,512000000
2026-05-30 16:45:36.516,2,1.98,,512000000
2026-05-30 16:45:36.507,2,1.71,,512000000
2026-05-30 16:45:36.496,2,1.86,,512000000
2026-05-30 16:45:36.470,3,2.32,,512000000
2026-05-30 16:45:36.434,2,1.62,,512000000
2026-05-30 16:45:36.417,2,1.84,,512000000
2026-05-30 16:45:36.402,2,1.72,,512000000
2026-05-30 16:45:36.395,2,1.64,,512000000
2026-05-30 16:45:36.353,2,1.96,,512000000
2026-05-30 16:45:36.352,4,3.01,,512000000
2026-05-30 16:45:36.350,2,1.63,,512000000
2026-05-30 16:45:36.347,3,2.21,,512000000
2026-05-30 16:45:36.336,2,1.78,,512000000
2026-05-30 16:45:36.315,2,1.61,,512000000
2026-05-30 16:45:36.308,14,13.22,,512000000
2026-05-30 16:45:36.285,2,1.73,,512000000
2026-05-30 16:45:36.277,2,1.83,,512000000
2026-05-30 16:45:36.267,2,1.99,,512000000
2026-05-30 16:45:36.264,2,1.65,,512000000
2026-05-30 16:45:36.243,14,13.46,,512000000
2026-05-30 16:45:36.242,3,2.01,,512000000
2026-05-30 16:45:36.234,2,1.76,,512000000
2026-05-30 16:45:36.212,2,1.81,,512000000
2026-05-30 16:45:36.209,2,1.79,,512000000
2026-05-30 16:45:36.199,2,1.69,,512000000
2026-05-30 16:45:36.184,2,1.75,,512000000
2026-05-30 16:45:36.147,2,1.87,,512000000
2026-05-30 16:45:36.130,3,2.57,,512000000
2026-05-30 16:45:36.129,3,2.04,,512000000
2026-05-30 16:45:36.129,3,2.35,,512000000
2026-05-30 16:45:36.111,2,1.76,,512000000
2026-05-30 16:45:36.111,3,2.18,,512000000
2026-05-30 16:45:36.086,2,1.8,,512000000
2026-05-30 16:45:36.075,2,1.89,,512000000
2026-05-30 16:45:35.994,2,1.87,,512000000
2026-05-30 16:45:35.991,2,1.94,,512000000
2026-05-30 16:45:35.983,2,1.83,,512000000
2026-05-30 16:45:35.937,2,1.88,,512000000
2026-05-30 16:45:35.897,5,4.74,,512000000
2026-05-30 16:45:35.897,3,2.1,,512000000
2026-05-30 16:45:35.889,2,1.75,,512000000
2026-05-30 16:45:35.849,24,23,,512000000
2026-05-30 16:45:35.841,2,1.82,,512000000
2026-05-30 16:45:35.836,2,1.78,,512000000
2026-05-30 16:45:35.818,2,2,,512000000
2026-05-30 16:45:35.806,2,1.9,,512000000
2026-05-30 16:45:35.801,2,1.92,,512000000
2026-05-30 16:45:35.763,3,2.16,,512000000
2026-05-30 16:45:35.749,2,1.91,,512000000
2026-05-30 16:45:35.733,3,2.1,,512000000
2026-05-30 16:45:35.725,2,1.78,,512000000
2026-05-30 16:45:35.711,2,1.81,,512000000
2026-05-30 16:45:35.693,2,1.85,,512000000
2026-05-30 16:45:35.684,2,1.82,,512000000
2026-05-30 16:45:35.676,2,1.8,,512000000
2026-05-30 16:45:35.624,3,2.01,,512000000
2026-05-30 16:45:35.621,2,1.77,,512000000
2026-05-30 16:45:35.620,2,1.83,,512000000
2026-05-30 16:45:35.620,2,1.97,,512000000
2026-05-30 16:45:35.617,5,4.78,,512000000
2026-05-30 16:45:35.608,2,1.96,,512000000
2026-05-30 16:45:35.592,3,2.08,,512000000
2026-05-30 16:45:35.588,2,1.81,,512000000
2026-05-30 16:45:35.546,2,1.65,,512000000
2026-05-30 16:45:35.519,2,1.72,,512000000
2026-05-30 16:45:35.502,2,1.85,,512000000
2026-05-30 16:45:35.470,2,1.83,,512000000
2026-05-30 16:45:35.468,2,1.59,,512000000
2026-05-30 16:45:35.459,2,1.95,,512000000
2026-05-30 16:45:35.424,2,1.83,,512000000
2026-05-30 16:45:35.413,2,1.91,,512000000
2026-05-30 16:45:35.405,2,1.77,,512000000
2026-05-30 16:45:35.389,2,1.83,,512000000
2026-05-30 16:45:35.368,2,1.72,,512000000
2026-05-30 16:45:35.341,2,1.78,,512000000
2026-05-30 16:45:35.336,2,1.8,,512000000
2026-05-30 16:45:35.318,2,1.76,,512000000
2026-05-30 16:45:35.316,18,17.93,,512000000
2026-05-30 16:45:35.294,2,1.74,,512000000
2026-05-30 16:45:35.291,2,1.79,,512000000
2026-05-30 16:45:35.251,2,1.63,,512000000
2026-05-30 16:45:35.247,2,1.82,,512000000
2026-05-30 16:45:35.231,2,1.79,,512000000
2026-05-30 16:45:35.227,2,1.83,,512000000
2026-05-30 16:45:35.221,9,8.84,,512000000
2026-05-30 16:45:35.205,2,1.91,,512000000
2026-05-30 16:45:35.194,2,1.78,,512000000
2026-05-30 16:45:35.174,2,1.76,,512000000
2026-05-30 16:45:35.155,3,2.13,,512000000
2026-05-30 16:45:35.152,2,1.75,,512000000
2026-05-30 16:45:35.132,2,1.94,,512000000
2026-05-30 16:45:35.131,2,1.63,,512000000
2026-05-30 16:45:35.128,2,1.78,,512000000
2026-05-30 16:45:35.123,2,1.83,,512000000
2026-05-30 16:45:35.107,2,1.81,,512000000
2026-05-30 16:45:35.101,3,2.02,,512000000
2026-05-30 16:45:35.079,2,1.7,,512000000
2026-05-30 16:45:35.057,2,1.68,,512000000
2026-05-30 16:45:35.054,2,1.8,,512000000
2026-05-30 16:45:35.040,2,1.88,,512000000
2026-05-30 16:45:35.032,3,2.18,,512000000
2026-05-30 16:45:35.026,2,1.68,,512000000
2026-05-30 16:45:34.994,2,1.91,,512000000
2026-05-30 16:45:34.994,2,1.78,,512000000
2026-05-30 16:45:34.978,2,1.76,,512000000
2026-05-30 16:45:34.974,3,2.18,,512000000
2026-05-30 16:45:34.946,3,2.32,,512000000
2026-05-30 16:45:34.941,2,1.79,,512000000
2026-05-30 16:45:34.940,2,1.91,,512000000
2026-05-30 16:45:34.894,2,1.79,,512000000
2026-05-30 16:45:34.889,2,1.71,,512000000
2026-05-30 16:45:34.887,15,14.47,,512000000
2026-05-30 16:45:34.859,2,1.57,,512000000
2026-05-30 16:45:34.841,2,1.87,,512000000
2026-05-30 16:45:34.837,2,1.64,,512000000
2026-05-30 16:45:34.829,2,1.87,,512000000
2026-05-30 16:45:34.826,2,1.95,,512000000
2026-05-30 16:45:34.811,9,8.06,,512000000
2026-05-30 16:45:34.808,2,1.68,,512000000
2026-05-30 16:45:34.782,2,1.7,,512000000
2026-05-30 16:45:34.781,3,2.31,,512000000
2026-05-30 16:45:34.775,2,1.97,,512000000
2026-05-30 16:45:34.764,3,2,,512000000
2026-05-30 16:45:34.733,2,1.92,,512000000
2026-05-30 16:45:34.733,3,2.21,,512000000
2026-05-30 16:45:34.731,2,1.8,,512000000
2026-05-30 16:45:34.730,2,1.92,,512000000
2026-05-30 16:45:34.728,3,2.12,,512000000
2026-05-30 16:45:34.722,2,1.68,,512000000
2026-05-30 16:45:34.700,2,1.91,,512000000
2026-05-30 16:45:34.686,2,1.9,,512000000
2026-05-30 16:45:34.665,3,2.01,,512000000
2026-05-30 16:45:34.650,2,1.69,,512000000
2026-05-30 16:45:34.634,2,1.76,,512000000
2026-05-30 16:45:34.623,2,1.62,,512000000
2026-05-30 16:45:34.571,2,1.84,,512000000
2026-05-30 16:45:34.552,5,4.21,,512000000
2026-05-30 16:45:34.536,3,2.59,,512000000
2026-05-30 16:45:34.513,2,1.66,,512000000
2026-05-30 16:45:34.498,2,1.81,,512000000
2026-05-30 16:45:34.488,2,1.73,,512000000
2026-05-30 16:45:34.483,2,1.8,,512000000
2026-05-30 16:45:34.461,3,2.38,,512000000
2026-05-30 16:45:34.441,2,1.54,,512000000
2026-05-30 16:45:34.432,2,1.77,,512000000
2026-05-30 16:45:34.428,4,3.14,,512000000
2026-05-30 16:45:34.418,2,1.52,,512000000
2026-05-30 16:45:34.405,2,1.75,,512000000
2026-05-30 16:45:34.404,2,1.66,,512000000
2026-05-30 16:45:34.402,2,1.74,,512000000
2026-05-30 16:45:34.401,28,27.07,,512000000
2026-05-30 16:45:34.398,2,1.72,,512000000
2026-05-30 16:45:34.361,5,4.17,,512000000
2026-05-30 16:45:34.354,2,1.87,,512000000
2026-05-30 16:45:34.346,2,1.6,,512000000
2026-05-30 16:45:34.319,2,1.51,,512000000
2026-05-30 16:45:34.310,3,2.56,,512000000
2026-05-30 16:45:34.305,8,7.95,,512000000
2026-05-30 16:45:34.286,2,1.81,,512000000
2026-05-30 16:45:34.278,2,1.9,,512000000
2026-05-30 16:45:34.236,2,1.68,,512000000
2026-05-30 16:45:34.207,2,1.72,,512000000
2026-05-30 16:45:34.203,3,2.02,,512000000
2026-05-30 16:45:34.178,2,1.6,,512000000
2026-05-30 16:45:34.175,2,1.76,,512000000
2026-05-30 16:45:34.157,2,1.67,,512000000
2026-05-30 16:45:34.153,2,1.75,,512000000
2026-05-30 16:45:34.145,2,1.98,,512000000
2026-05-30 16:45:34.134,3,2.1,,512000000
2026-05-30 16:45:34.130,3,2.02,,512000000
2026-05-30 16:45:34.126,2,1.89,,512000000
2026-05-30 16:45:34.107,2,1.84,,512000000
2026-05-30 16:45:34.106,2,1.82,,512000000
2026-05-30 16:45:34.047,2,1.53,,512000000
2026-05-30 16:45:34.044,2,1.76,,512000000
2026-05-30 16:45:34.038,2,1.6,,512000000
2026-05-30 16:45:34.034,2,1.82,,512000000
2026-05-30 16:45:34.033,2,1.79,,512000000
2026-05-30 16:45:34.017,2,1.55,,512000000
2026-05-30 16:45:34.016,2,1.88,,512000000
2026-05-30 16:45:33.985,2,1.96,,512000000
2026-05-30 16:45:33.981,2,1.89,,512000000
2026-05-30 16:45:33.978,2,1.67,,512000000
2026-05-30 16:45:33.970,2,1.89,,512000000
2026-05-30 16:45:33.969,2,1.76,,512000000
2026-05-30 16:45:33.966,2,1.91,,512000000
2026-05-30 16:45:33.931,2,1.61,,512000000
2026-05-30 16:45:33.927,2,1.86,,512000000
2026-05-30 16:45:33.924,3,2.05,,512000000
2026-05-30 16:45:33.919,7,6.88,,512000000
2026-05-30 16:45:33.908,3,2.29,,512000000
2026-05-30 16:45:33.901,2,1.8,,512000000
2026-05-30 16:45:33.848,2,1.96,,512000000
2026-05-30 16:45:33.848,2,1.84,,512000000
2026-05-30 16:45:33.817,2,1.97,,512000000
2026-05-30 16:45:33.809,3,2.23,,512000000
2026-05-30 16:45:33.792,2,1.77,,512000000
2026-05-30 16:45:33.777,8,7.42,,512000000
2026-05-30 16:45:33.776,2,1.79,,512000000
2026-05-30 16:45:33.771,2,1.58,,512000000
2026-05-30 16:45:33.742,2,1.86,,512000000
2026-05-30 16:45:33.741,2,1.65,,512000000
2026-05-30 16:45:33.732,2,1.76,,512000000
2026-05-30 16:45:33.711,3,2.06,,512000000
2026-05-30 16:45:33.706,2,1.72,,512000000
2026-05-30 16:45:33.692,2,1.73,,512000000
2026-05-30 16:45:33.689,2,1.78,,512000000
2026-05-30 16:45:33.648,2,1.85,,512000000
2026-05-30 16:45:33.627,2,1.83,,512000000
2026-05-30 16:45:33.626,2,1.81,,512000000
2026-05-30 16:45:33.589,2,1.68,,512000000
2026-05-30 16:45:33.543,2,1.78,,512000000
2026-05-30 16:45:33.521,10,10,,512000000
2026-05-30 16:45:33.515,2,1.86,,512000000
2026-05-30 16:45:33.510,2,1.67,,512000000
2026-05-30 16:45:33.504,2,1.72,,512000000
2026-05-30 16:45:33.491,2,1.88,,512000000
2026-05-30 16:45:33.475,2,1.83,,512000000
2026-05-30 16:45:33.464,2,1.85,,512000000
2026-05-30 16:45:33.436,2,1.72,,512000000
2026-05-30 16:45:33.429,2,1.79,,512000000
2026-05-30 16:45:33.378,8,7.03,,512000000
2026-05-30 16:45:33.366,2,1.86,,512000000
2026-05-30 16:45:33.344,2,1.97,,512000000
2026-05-30 16:45:33.308,2,1.73,,512000000
2026-05-30 16:45:33.305,3,2.07,,512000000
2026-05-30 16:45:33.283,2,1.85,,512000000
2026-05-30 16:45:33.279,2,1.89,,512000000
2026-05-30 16:45:33.266,2,1.93,,512000000
2026-05-30 16:45:33.226,2,1.58,,512000000
2026-05-30 16:45:33.214,13,12.28,,512000000
2026-05-30 16:45:33.208,5,4.08,,512000000
2026-05-30 16:45:33.207,2,1.95,,512000000
2026-05-30 16:45:33.205,2,1.61,,512000000
2026-05-30 16:45:33.199,2,1.71,,512000000
2026-05-30 16:45:33.198,2,1.84,,512000000
2026-05-30 16:45:33.192,3,2.31,,512000000
2026-05-30 16:45:33.184,3,2.14,,512000000
2026-05-30 16:45:33.177,5,4.03,,512000000
2026-05-30 16:45:33.174,2,1.75,,512000000
2026-05-30 16:45:33.155,3,2.05,,512000000
2026-05-30 16:45:33.126,2,1.66,,512000000
2026-05-30 16:45:33.117,2,1.82,,512000000
2026-05-30 16:45:33.117,2,1.97,,512000000
2026-05-30 16:45:33.090,2,1.98,,512000000
2026-05-30 16:45:33.084,3,2.17,,512000000
2026-05-30 16:45:33.081,4,3.49,,512000000
2026-05-30 16:45:33.074,25,24.91,,512000000
2026-05-30 16:45:33.064,2,1.34,,512000000
2026-05-30 16:45:33.058,2,1.62,,512000000
2026-05-30 16:45:33.057,2,1.89,,512000000
2026-05-30 16:45:33.055,2,1.65,,512000000
2026-05-30 16:45:33.042,3,2,,512000000
2026-05-30 16:45:32.994,26,25.75,,512000000
2026-05-30 16:45:32.974,2,1.76,,512000000
2026-05-30 16:45:32.969,2,1.76,,512000000
2026-05-30 16:45:32.963,2,1.72,,512000000
2026-05-30 16:45:32.950,2,1.96,,512000000
2026-05-30 16:45:32.946,3,2.79,,512000000
2026-05-30 16:45:32.886,2,1.74,,512000000
2026-05-30 16:45:32.878,3,2.06,,512000000
2026-05-30 16:45:32.863,2,1.86,,512000000
2026-05-30 16:45:32.858,2,1.64,,512000000
2026-05-30 16:45:32.854,2,1.91,,512000000
2026-05-30 16:45:32.833,2,1.84,,512000000
2026-05-30 16:45:32.819,3,2.06,,512000000
2026-05-30 16:45:32.814,2,1.85,,512000000
2026-05-30 16:45:32.796,13,12.14,,512000000
2026-05-30 16:45:32.781,3,2.03,,512000000
2026-05-30 16:45:32.781,2,1.81,,512000000
2026-05-30 16:45:32.776,2,1.84,,512000000
2026-05-30 16:45:32.770,2,1.93,,512000000
2026-05-30 16:45:32.740,2,1.81,,512000000
2026-05-30 16:45:32.733,2,1.86,,512000000
2026-05-30 16:45:32.715,2,1.83,,512000000
2026-05-30 16:45:32.692,2,1.85,,512000000
2026-05-30 16:45:32.679,2,1.73,,512000000
2026-05-30 16:45:32.671,2,1.77,,512000000
2026-05-30 16:45:32.667,2,1.65,,512000000
2026-05-30 16:45:32.665,2,1.95,,512000000
2026-05-30 16:45:32.637,2,1.79,,512000000
2026-05-30 16:45:32.536,2,1.83,,512000000
2026-05-30 16:45:32.531,2,1.8,,512000000
2026-05-30 16:45:32.526,2,1.97,,512000000
2026-05-30 16:45:32.522,2,1.82,,512000000
2026-05-30 16:45:32.517,2,1.71,,512000000
2026-05-30 16:45:32.494,2,1.72,,512000000
2026-05-30 16:45:32.493,2,1.65,,512000000
2026-05-30 16:45:32.479,2,1.7,,512000000
2026-05-30 16:45:32.475,2,1.71,,512000000
2026-05-30 16:45:32.475,13,12.85,,512000000
2026-05-30 16:45:32.468,2,1.69,,512000000
2026-05-30 16:45:32.464,2,1.96,,512000000
2026-05-30 16:45:32.457,2,1.85,,512000000
2026-05-30 16:45:32.453,2,1.75,,512000000
2026-05-30 16:45:32.448,2,1.71,,512000000
2026-05-30 16:45:32.443,2,1.78,,512000000
2026-05-30 16:45:32.433,4,3.56,,512000000
2026-05-30 16:45:32.431,3,2.22,,512000000
2026-05-30 16:45:32.426,2,1.71,,512000000
2026-05-30 16:45:32.426,2,1.94,,512000000
2026-05-30 16:45:32.414,26,25.64,,512000000
2026-05-30 16:45:32.377,2,1.88,,512000000
2026-05-30 16:45:32.334,2,1.89,,512000000
2026-05-30 16:45:32.302,2,2,,512000000
2026-05-30 16:45:32.296,2,1.7,,512000000
2026-05-30 16:45:32.292,3,2.05,,512000000
2026-05-30 16:45:32.289,2,1.61,,512000000
2026-05-30 16:45:32.277,2,1.66,,512000000
2026-05-30 16:45:32.261,2,1.98,,512000000
2026-05-30 16:45:32.259,2,1.78,,512000000
2026-05-30 16:45:32.256,2,1.97,,512000000
2026-05-30 16:45:32.255,2,1.85,,512000000
2026-05-30 16:45:32.239,2,1.58,,512000000
2026-05-30 16:45:32.236,2,1.47,,512000000
2026-05-30 16:45:32.221,3,2.82,,512000000
2026-05-30 16:45:32.217,2,1.75,,512000000
2026-05-30 16:45:32.210,2,1.64,,512000000
2026-05-30 16:45:32.201,3,2.16,,512000000
2026-05-30 16:45:32.201,2,1.9,,512000000
2026-05-30 16:45:32.195,2,1.61,,512000000
2026-05-30 16:45:32.195,3,2.01,,512000000
2026-05-30 16:45:32.194,14,13.46,,512000000
2026-05-30 16:45:32.162,2,1.86,,512000000
2026-05-30 16:45:32.154,2,1.8,,512000000
2026-05-30 16:45:32.135,3,2.03,,512000000
2026-05-30 16:45:32.129,2,1.7,,512000000
2026-05-30 16:45:32.117,2,1.78,,512000000
2026-05-30 16:45:32.083,2,1.66,,512000000
2026-05-30 16:45:32.053,2,1.64,,512000000
2026-05-30 16:45:32.053,3,2.02,,512000000
2026-05-30 16:45:32.016,2,1.8,,512000000
2026-05-30 16:45:32.011,2,1.87,,512000000
2026-05-30 16:45:32.001,2,1.89,,512000000
2026-05-30 16:45:31.990,2,1.54,,512000000
2026-05-30 16:45:31.961,6,5.71,,512000000
2026-05-30 16:45:31.945,2,1.98,,512000000
2026-05-30 16:45:31.903,2,1.88,,512000000
2026-05-30 16:45:31.899,3,2.07,,512000000
2026-05-30 16:45:31.888,2,1.87,,512000000
2026-05-30 16:45:31.866,2,1.77,,512000000
2026-05-30 16:45:31.864,4,3.92,,512000000
2026-05-30 16:45:31.857,3,2.3,,512000000
2026-05-30 16:45:31.852,2,1.82,,512000000
2026-05-30 16:45:31.851,2,1.68,,512000000
2026-05-30 16:45:31.826,3,2.14,,512000000
2026-05-30 16:45:31.819,2,1.86,,512000000
2026-05-30 16:45:31.813,2,1.76,,512000000
2026-05-30 16:45:31.766,2,1.73,,512000000
2026-05-30 16:45:31.764,2,1.69,,512000000
2026-05-30 16:45:31.762,2,1.83,,512000000
2026-05-30 16:45:31.720,2,1.75,,512000000
2026-05-30 16:45:31.704,2,1.71,,512000000
2026-05-30 16:45:31.689,3,2.05,,512000000
2026-05-30 16:45:31.684,2,1.79,,512000000
2026-05-30 16:45:31.677,2,1.81,,512000000
2026-05-30 16:45:31.662,4,3.27,,512000000
2026-05-30 16:45:31.644,2,1.71,,512000000
2026-05-30 16:45:31.636,2,1.94,,512000000
2026-05-30 16:45:31.636,2,1.67,,512000000
2026-05-30 16:45:31.603,3,2.01,,512000000
2026-05-30 16:45:31.603,2,1.89,,512000000
2026-05-30 16:45:31.589,3,2.06,,512000000
2026-05-30 16:45:31.583,2,1.81,,512000000
2026-05-30 16:45:31.563,3,2.05,,512000000
2026-05-30 16:45:31.512,2,1.69,,512000000
2026-05-30 16:45:31.507,2,1.85,,512000000
2026-05-30 16:45:31.490,3,2.27,,512000000
2026-05-30 16:45:31.479,2,1.75,,512000000
2026-05-30 16:45:31.477,2,1.82,,512000000
2026-05-30 16:45:31.456,2,1.64,,512000000
2026-05-30 16:45:31.455,2,1.82,,512000000
2026-05-30 16:45:31.451,3,2.66,,512000000
2026-05-30 16:45:31.449,2,1.99,,512000000
2026-05-30 16:45:31.432,2,1.87,,512000000
2026-05-30 16:45:31.419,2,1.7,,512000000
2026-05-30 16:45:31.405,2,1.96,,512000000
2026-05-30 16:45:31.401,9,8.43,,512000000
2026-05-30 16:45:31.387,2,1.6,,512000000
2026-05-30 16:45:31.386,2,1.75,,512000000
2026-05-30 16:45:31.380,2,1.64,,512000000
2026-05-30 16:45:31.334,10,9.92,,512000000
2026-05-30 16:45:31.331,2,1.75,,512000000
2026-05-30 16:45:31.327,2,1.79,,512000000
2026-05-30 16:45:31.315,8,7.8,,512000000
2026-05-30 16:45:31.307,2,1.73,,512000000
2026-05-30 16:45:31.292,2,1.78,,512000000
2026-05-30 16:45:31.290,3,2.06,,512000000
2026-05-30 16:45:31.288,3,2.18,,512000000
2026-05-30 16:45:31.282,2,1.78,,512000000
2026-05-30 16:45:31.281,3,2.4,,512000000
2026-05-30 16:45:31.256,6,5.44,,512000000
2026-05-30 16:45:31.248,2,1.46,,512000000
2026-05-30 16:45:31.240,2,1.83,,512000000
2026-05-30 16:45:31.219,2,1.91,,512000000
2026-05-30 16:45:31.202,3,2.52,,512000000
2026-05-30 16:45:31.194,12,11.96,,512000000
2026-05-30 16:45:31.171,7,6.07,,512000000
2026-05-30 16:45:31.159,2,1.81,,512000000
2026-05-30 16:45:31.157,2,1.67,,512000000
2026-05-30 16:45:31.152,2,1.99,,512000000
2026-05-30 16:45:31.138,2,1.75,,512000000
2026-05-30 16:45:31.120,2,1.87,,512000000
2026-05-30 16:45:31.113,7,6.42,,512000000
2026-05-30 16:45:31.100,2,1.97,,512000000
2026-05-30 16:45:31.088,2,1.85,,512000000
2026-05-30 16:45:31.081,2,1.66,,512000000
2026-05-30 16:45:31.069,2,1.93,,512000000
2026-05-30 16:45:31.052,2,1.62,,512000000
2026-05-30 16:45:31.048,2,1.7,,512000000
2026-05-30 16:45:31.046,18,17.76,,512000000
2026-05-30 16:45:31.044,3,2.22,,512000000
2026-05-30 16:45:31.036,10,9.47,,512000000
2026-05-30 16:45:31.017,2,1.7,,512000000
2026-05-30 16:45:31.015,2,1.8,,512000000
2026-05-30 16:45:30.975,3,2.16,,512000000
2026-05-30 16:45:30.967,2,1.78,,512000000
2026-05-30 16:45:30.967,2,1.91,,512000000
2026-05-30 16:45:30.956,2,1.85,,512000000
2026-05-30 16:45:30.908,2,1.97,,512000000
2026-05-30 16:45:30.863,2,1.8,,512000000
2026-05-30 16:45:30.862,2,1.77,,512000000
2026-05-30 16:45:30.854,11,10.76,,512000000
2026-05-30 16:45:30.851,10,9.66,,512000000
2026-05-30 16:45:30.848,2,1.85,,512000000
2026-05-30 16:45:30.839,3,2.07,,512000000
2026-05-30 16:45:30.835,2,1.93,,512000000
2026-05-30 16:45:30.832,3,2.03,,512000000
2026-05-30 16:45:30.828,3,2.05,,512000000
2026-05-30 16:45:30.827,2,1.68,,512000000
2026-05-30 16:45:30.826,2,1.84,,512000000
2026-05-30 16:45:30.810,2,1.68,,512000000
2026-05-30 16:45:30.803,3,2.03,,512000000
2026-05-30 16:45:30.789,2,1.74,,512000000
2026-05-30 16:45:30.763,2,1.96,,512000000
2026-05-30 16:45:30.760,6,5.17,,512000000
2026-05-30 16:45:30.756,2,1.9,,512000000
2026-05-30 16:45:30.753,6,5.06,,512000000
2026-05-30 16:45:30.740,3,2.65,,512000000
2026-05-30 16:45:30.730,3,2.44,,512000000
2026-05-30 16:45:30.706,3,2.03,,512000000
2026-05-30 16:45:30.705,2,1.78,,512000000
2026-05-30 16:45:30.699,3,2.19,,512000000
2026-05-30 16:45:30.695,2,1.88,,512000000
2026-05-30 16:45:30.686,2,1.98,,512000000
2026-05-30 16:45:30.686,2,1.82,,512000000
2026-05-30 16:45:30.669,3,2.3,,512000000
2026-05-30 16:45:30.655,2,1.83,,512000000
2026-05-30 16:45:30.635,2,1.64,,512000000
2026-05-30 16:45:30.606,2,1.46,,512000000
2026-05-30 16:45:30.604,2,1.67,,512000000
2026-05-30 16:45:30.595,3,2.04,,512000000
2026-05-30 16:45:30.592,2,1.99,,512000000
2026-05-30 16:45:30.540,2,1.82,,512000000
2026-05-30 16:45:30.538,2,1.7,,512000000
2026-05-30 16:45:30.531,59,58.89,,512000000
2026-05-30 16:45:30.483,2,1.78,,512000000
2026-05-30 16:45:30.482,2,1.89,,512000000
2026-05-30 16:45:30.470,3,2.27,,512000000
2026-05-30 16:45:30.468,2,1.7,,512000000
2026-05-30 16:45:30.440,2,1.78,,512000000
2026-05-30 16:45:30.421,2,1.98,,512000000
2026-05-30 16:45:30.406,2,1.7,,512000000
2026-05-30 16:45:30.398,2,1.71,,512000000
2026-05-30 16:45:30.392,2,1.78,,512000000
2026-05-30 16:45:30.369,2,1.79,,512000000
2026-05-30 16:45:30.364,2,1.88,,512000000
2026-05-30 16:45:30.350,2,1.7,,512000000
2026-05-30 16:45:30.335,3,2,,512000000
2026-05-30 16:45:30.312,2,1.85,,512000000
2026-05-30 16:45:30.305,2,1.79,,512000000
2026-05-30 16:45:30.284,2,1.9,,512000000
2026-05-30 16:45:30.280,2,1.77,,512000000
2026-05-30 16:45:30.262,3,2.14,,512000000
2026-05-30 16:45:30.233,2,1.91,,512000000
2026-05-30 16:45:30.232,3,2,,512000000
2026-05-30 16:45:30.222,2,1.78,,512000000
2026-05-30 16:45:30.193,2,1.96,,512000000
2026-05-30 16:45:30.178,3,2.88,,512000000
2026-05-30 16:45:30.164,3,2.08,,512000000
2026-05-30 16:45:30.163,2,1.83,,512000000
2026-05-30 16:45:30.154,2,1.97,,512000000
2026-05-30 16:45:30.153,3,2.02,,512000000
2026-05-30 16:45:30.135,2,1.8,,512000000
2026-05-30 16:45:30.127,2,1.78,,512000000
2026-05-30 16:45:30.123,2,1.78,,512000000
2026-05-30 16:45:30.098,2,1.78,,512000000
2026-05-30 16:45:30.079,2,1.7,,512000000
2026-05-30 16:45:30.068,2,1.9,,512000000
2026-05-30 16:45:30.066,3,2.04,,512000000
2026-05-30 16:45:30.057,2,1.69,,512000000
2026-05-30 16:45:30.044,2,1.75,,512000000
2026-05-30 16:45:30.021,2,1.76,,512000000
2026-05-30 16:45:30.018,2,1.9,,512000000
2026-05-30 16:45:30.009,2,1.94,,512000000
2026-05-30 16:45:30.008,2,1.79,,512000000
2026-05-30 16:45:30.001,3,2.02,,512000000
2026-05-30 16:45:29.994,2,1.66,,512000000
2026-05-30 16:45:29.992,2,1.78,,512000000
2026-05-30 16:45:29.972,3,2.09,,512000000
2026-05-30 16:45:29.954,3,2,,512000000
2026-05-30 16:45:29.915,3,2.25,,512000000
2026-05-30 16:45:29.880,4,3.74,,512000000
2026-05-30 16:45:29.874,2,1.96,,512000000
2026-05-30 16:45:29.871,23,22.32,,512000000
2026-05-30 16:45:29.844,9,8.96,,512000000
2026-05-30 16:45:29.837,2,1.93,,512000000
2026-05-30 16:45:29.812,2,1.73,,512000000
2026-05-30 16:45:29.791,3,2.11,,512000000
2026-05-30 16:45:29.755,2,1.81,,512000000
2026-05-30 16:45:29.748,2,1.85,,512000000
2026-05-30 16:45:29.744,2,1.92,,512000000
2026-05-30 16:45:29.728,2,1.88,,512000000
2026-05-30 16:45:29.718,2,1.84,,512000000
2026-05-30 16:45:29.687,3,2.22,,512000000
2026-05-30 16:45:29.630,2,1.76,,512000000
2026-05-30 16:45:29.618,3,2.02,,512000000
2026-05-30 16:45:29.598,2,1.83,,512000000
2026-05-30 16:45:29.598,2,1.83,,512000000
2026-05-30 16:45:29.592,2,1.87,,512000000
2026-05-30 16:45:29.590,13,12.76,,512000000
2026-05-30 16:45:29.582,3,2.1,,512000000
2026-05-30 16:45:29.578,2,1.83,,512000000
2026-05-30 16:45:29.574,2,1.86,,512000000
2026-05-30 16:45:29.571,22,21.19,,512000000
2026-05-30 16:45:29.553,2,1.74,,512000000
2026-05-30 16:45:29.533,2,1.74,,512000000
2026-05-30 16:45:29.531,3,2.86,,512000000
2026-05-30 16:45:29.517,2,1.72,,512000000
2026-05-30 16:45:29.516,3,2.02,,512000000
2026-05-30 16:45:29.515,2,1.91,,512000000
2026-05-30 16:45:29.506,2,1.73,,512000000
2026-05-30 16:45:29.493,2,1.86,,512000000
2026-05-30 16:45:29.465,3,2.03,,512000000
2026-05-30 16:45:29.456,2,1.88,,512000000
2026-05-30 16:45:29.450,2,1.91,,512000000
2026-05-30 16:45:29.443,2,1.95,,512000000
2026-05-30 16:45:29.440,2,1.84,,512000000
2026-05-30 16:45:29.433,2,1.73,,512000000
2026-05-30 16:45:29.421,2,1.71,,512000000
2026-05-30 16:45:29.421,2,1.88,,512000000
2026-05-30 16:45:29.408,2,1.79,,512000000
2026-05-30 16:45:29.404,2,1.68,,512000000
2026-05-30 16:45:29.385,2,1.82,,512000000
2026-05-30 16:45:29.384,2,1.79,,512000000
2026-05-30 16:45:29.377,2,1.82,,512000000
2026-05-30 16:45:29.374,2,1.88,,512000000
2026-05-30 16:45:29.371,2,1.88,,512000000
2026-05-30 16:45:29.370,2,1.8,,512000000
2026-05-30 16:45:29.348,2,1.74,,512000000
2026-05-30 16:45:29.323,2,1.89,,512000000
2026-05-30 16:45:29.317,2,1.92,,512000000
2026-05-30 16:45:29.316,2,1.69,,512000000
2026-05-30 16:45:29.311,39,38.69,,512000000
2026-05-30 16:45:29.292,5,4.09,,512000000
2026-05-30 16:45:29.285,3,2.08,,512000000
2026-05-30 16:45:29.279,2,1.84,,512000000
2026-05-30 16:45:29.266,2,1.78,,512000000
2026-05-30 16:45:29.255,18,17.74,,512000000
2026-05-30 16:45:29.244,3,2.03,,512000000
2026-05-30 16:45:29.240,2,1.78,,512000000
2026-05-30 16:45:29.239,3,2.1,,512000000
2026-05-30 16:45:29.231,3,2.74,,512000000
2026-05-30 16:45:29.228,2,1.91,,512000000
2026-05-30 16:45:29.195,2,1.72,,512000000
2026-05-30 16:45:29.187,2,1.92,,512000000
2026-05-30 16:45:29.179,2,1.88,,512000000
2026-05-30 16:45:29.165,2,1.69,,512000000
2026-05-30 16:45:29.155,2,1.82,,512000000
2026-05-30 16:45:29.131,2,1.8,,512000000
2026-05-30 16:45:29.122,2,1.85,,512000000
2026-05-30 16:45:29.121,3,2.28,,512000000
2026-05-30 16:45:29.105,2,1.86,,512000000
2026-05-30 16:45:29.097,2,1.68,,512000000
2026-05-30 16:45:29.097,3,2.15,,512000000
2026-05-30 16:45:29.096,3,2.08,,512000000
2026-05-30 16:45:29.092,2,1.72,,512000000
2026-05-30 16:45:29.069,2,1.86,,512000000
2026-05-30 16:45:29.059,2,1.82,,512000000
2026-05-30 16:45:29.056,14,13.93,,512000000
2026-05-30 16:45:29.056,2,1.95,,512000000
2026-05-30 16:45:29.045,2,1.9,,512000000
2026-05-30 16:45:29.036,2,1.82,,512000000
2026-05-30 16:45:29.024,6,5.39,,512000000
2026-05-30 16:45:29.006,2,1.7,,512000000
2026-05-30 16:45:28.985,3,2.2,,512000000
2026-05-30 16:45:28.984,5,4.45,,512000000
2026-05-30 16:45:28.970,2,1.69,,512000000
2026-05-30 16:45:28.955,2,1.71,,512000000
2026-05-30 16:45:28.945,2,1.72,,512000000
2026-05-30 16:45:28.937,3,2.04,,512000000
2026-05-30 16:45:28.937,2,1.76,,512000000
2026-05-30 16:45:28.931,2,1.75,,512000000
2026-05-30 16:45:28.924,3,2.11,,512000000
2026-05-30 16:45:28.912,2,1.79,,512000000
2026-05-30 16:45:28.902,2,1.78,,512000000
2026-05-30 16:45:28.899,2,1.8,,512000000
2026-05-30 16:45:28.870,14,13.8,,512000000
2026-05-30 16:45:28.855,2,1.86,,512000000
2026-05-30 16:45:28.846,2,1.86,,512000000
2026-05-30 16:45:28.836,3,2.11,,512000000
2026-05-30 16:45:28.831,17,16.38,,512000000
2026-05-30 16:45:28.809,3,2.35,,512000000
2026-05-30 16:45:28.805,2,1.82,,512000000
2026-05-30 16:45:28.801,2,1.81,,512000000
2026-05-30 16:45:28.801,2,1.95,,512000000
2026-05-30 16:45:28.798,2,1.73,,512000000
2026-05-30 16:45:28.780,2,1.86,,512000000
2026-05-30 16:45:28.773,2,1.74,,512000000
2026-05-30 16:45:28.772,3,2.77,,512000000
2026-05-30 16:45:28.771,5,4.71,,512000000
2026-05-30 16:45:28.760,2,1.74,,512000000
2026-05-30 16:45:28.749,2,1.71,,512000000
2026-05-30 16:45:28.715,4,3.3,,512000000
2026-05-30 16:45:28.711,6,5.53,,512000000
2026-05-30 16:45:28.699,2,1.78,,512000000
2026-05-30 16:45:28.699,2,1.95,,512000000
2026-05-30 16:45:28.690,2,1.99,,512000000
2026-05-30 16:45:28.679,2,1.64,,512000000
2026-05-30 16:45:28.678,2,1.86,,512000000
2026-05-30 16:45:28.667,5,4.46,,512000000
2026-05-30 16:45:28.657,2,1.7,,512000000
2026-05-30 16:45:28.654,3,2.07,,512000000
2026-05-30 16:45:28.649,2,1.83,,512000000
2026-05-30 16:45:28.648,23,22.64,,512000000
2026-05-30 16:45:28.610,2,1.73,,512000000
2026-05-30 16:45:28.608,2,1.78,,512000000
2026-05-30 16:45:28.602,2,1.8,,512000000
2026-05-30 16:45:28.596,2,1.8,,512000000
2026-05-30 16:45:28.594,2,1.8,,512000000
2026-05-30 16:45:28.593,2,1.9,,512000000
2026-05-30 16:45:28.593,2,1.84,,512000000
2026-05-30 16:45:28.567,2,1.88,,512000000
2026-05-30 16:45:28.546,3,2.14,,512000000
2026-05-30 16:45:28.530,2,1.64,,512000000
2026-05-30 16:45:28.521,2,1.88,,512000000
2026-05-30 16:45:28.514,2,1.72,,512000000
2026-05-30 16:45:28.497,2,1.86,,512000000
2026-05-30 16:45:28.494,2,1.86,,512000000
2026-05-30 16:45:28.430,2,1.92,,512000000
2026-05-30 16:45:28.408,2,1.71,,512000000
2026-05-30 16:45:28.408,2,1.64,,512000000
2026-05-30 16:45:28.306,2,1.73,,512000000
2026-05-30 16:45:28.302,2,1.81,,512000000
2026-05-30 16:45:28.270,2,1.79,,512000000
2026-05-30 16:45:28.255,2,1.8,,512000000
2026-05-30 16:45:28.244,2,1.88,,512000000
2026-05-30 16:45:28.205,2,1.8,,512000000
2026-05-30 16:45:28.205,3,2.15,,512000000
2026-05-30 16:45:28.199,2,1.73,,512000000
2026-05-30 16:45:28.185,2,1.83,,512000000
2026-05-30 16:45:28.172,2,1.88,,512000000
2026-05-30 16:45:28.137,2,1.74,,512000000
2026-05-30 16:45:28.133,2,1.98,,512000000
2026-05-30 16:45:28.106,3,2.18,,512000000
2026-05-30 16:45:28.064,2,1.98,,512000000
2026-05-30 16:45:28.061,12,11.88,,512000000
2026-05-30 16:45:28.061,3,2,,512000000
2026-05-30 16:45:28.052,3,2.09,,512000000
2026-05-30 16:45:28.047,3,2.18,,512000000
2026-05-30 16:45:28.042,2,1.77,,512000000
2026-05-30 16:45:28.029,2,1.91,,512000000
2026-05-30 16:45:28.029,2,2,,512000000
2026-05-30 16:45:28.022,2,1.47,,512000000
2026-05-30 16:45:28.022,2,1.85,,512000000
2026-05-30 16:45:28.015,2,1.97,,512000000
2026-05-30 16:45:28.013,2,1.7,,512000000
2026-05-30 16:45:28.001,2,1.68,,512000000
2026-05-30 16:45:27.994,2,1.99,,512000000
2026-05-30 16:45:27.971,3,2.28,,512000000
2026-05-30 16:45:27.967,3,2.86,,512000000
2026-05-30 16:45:27.966,3,2.04,,512000000
2026-05-30 16:45:27.954,2,1.72,,512000000
2026-05-30 16:45:27.945,2,1.78,,512000000
2026-05-30 16:45:27.943,2,1.89,,512000000
2026-05-30 16:45:27.939,2,1.91,,512000000
2026-05-30 16:45:27.922,2,1.91,,512000000
2026-05-30 16:45:27.918,36,35.51,,512000000
2026-05-30 16:45:27.915,2,1.68,,512000000
2026-05-30 16:45:27.896,2,1.94,,512000000
2026-05-30 16:45:27.892,2,1.94,,512000000
2026-05-30 16:45:27.879,2,1.75,,512000000
2026-05-30 16:45:27.872,3,2.06,,512000000
2026-05-30 16:45:27.852,3,2.32,,512000000
2026-05-30 16:45:27.845,3,2.01,,512000000
2026-05-30 16:45:27.840,2,1.49,,512000000
2026-05-30 16:45:27.827,3,2.13,,512000000
2026-05-30 16:45:27.826,2,1.78,,512000000
2026-05-30 16:45:27.821,11,10.02,,512000000
2026-05-30 16:45:27.810,2,1.92,,512000000
2026-05-30 16:45:27.806,2,1.72,,512000000
2026-05-30 16:45:27.799,2,1.79,,512000000
2026-05-30 16:45:27.795,3,2.45,,512000000
2026-05-30 16:45:27.766,2,1.84,,512000000
2026-05-30 16:45:27.763,2,1.93,,512000000
2026-05-30 16:45:27.762,3,2.14,,512000000
2026-05-30 16:45:27.747,2,1.7,,512000000
2026-05-30 16:45:27.742,2,2,,512000000
2026-05-30 16:45:27.730,2,1.74,,512000000
2026-05-30 16:45:27.717,2,1.95,,512000000
2026-05-30 16:45:27.706,2,1.92,,512000000
2026-05-30 16:45:27.701,3,2.38,,512000000
2026-05-30 16:45:27.658,2,1.73,,512000000
2026-05-30 16:45:27.649,2,1.92,,512000000
2026-05-30 16:45:27.636,3,2.03,,512000000
2026-05-30 16:45:27.601,2,1.7,,512000000
2026-05-30 16:45:27.582,2,1.92,,512000000
2026-05-30 16:45:27.581,2,1.94,,512000000
2026-05-30 16:45:27.579,2,1.72,,512000000
2026-05-30 16:45:27.568,3,2.03,,512000000
2026-05-30 16:45:27.567,14,13.26,,512000000
2026-05-30 16:45:27.550,2,1.83,,512000000
2026-05-30 16:45:27.540,2,1.75,,512000000
2026-05-30 16:45:27.536,2,1.71,,512000000
2026-05-30 16:45:27.515,2,1.81,,512000000
2026-05-30 16:45:27.514,2,1.79,,512000000
2026-05-30 16:45:27.489,2,1.8,,512000000
2026-05-30 16:45:27.473,2,1.65,,512000000
2026-05-30 16:45:27.463,2,1.78,,512000000
2026-05-30 16:45:27.461,6,5.26,,512000000
2026-05-30 16:45:27.458,2,1.62,,512000000
2026-05-30 16:45:27.452,2,1.97,,512000000
2026-05-30 16:45:27.451,2,1.67,,512000000
2026-05-30 16:45:27.431,2,1.8,,512000000
2026-05-30 16:45:27.428,2,1.64,,512000000
2026-05-30 16:45:27.424,2,1.81,,512000000
2026-05-30 16:45:27.410,2,1.74,,512000000
2026-05-30 16:45:27.385,2,1.86,,512000000
2026-05-30 16:45:27.385,3,2,,512000000
2026-05-30 16:45:27.378,2,1.9,,512000000
2026-05-30 16:45:27.374,5,4.09,,512000000
2026-05-30 16:45:27.366,2,1.82,,512000000
2026-05-30 16:45:27.338,2,1.82,,512000000
2026-05-30 16:45:27.337,2,1.77,,512000000
2026-05-30 16:45:27.329,2,1.77,,512000000
2026-05-30 16:45:27.325,7,6.09,,512000000
2026-05-30 16:45:27.300,2,1.68,,512000000
2026-05-30 16:45:27.291,2,1.54,,512000000
2026-05-30 16:45:27.270,2,1.77,,512000000
2026-05-30 16:45:27.256,2,1.68,,512000000
2026-05-30 16:45:27.254,2,1.96,,512000000
2026-05-30 16:45:27.235,3,2.02,,512000000
2026-05-30 16:45:27.234,5,4.31,,512000000
2026-05-30 16:45:27.233,2,1.73,,512000000
2026-05-30 16:45:27.222,8,7.01,,512000000
2026-05-30 16:45:27.213,11,10.92,,512000000
2026-05-30 16:45:27.212,2,1.7,,512000000
2026-05-30 16:45:27.211,2,1.63,,512000000
2026-05-30 16:45:27.206,2,1.71,,512000000
2026-05-30 16:45:27.201,6,5.64,,512000000
2026-05-30 16:45:27.201,2,1.79,,512000000
2026-05-30 16:45:27.198,2,1.8,,512000000
2026-05-30 16:45:27.194,2,1.84,,512000000
2026-05-30 16:45:27.192,2,1.89,,512000000
2026-05-30 16:45:27.177,14,13.78,,512000000
2026-05-30 16:45:27.158,2,1.84,,512000000
2026-05-30 16:45:27.156,2,1.81,,512000000
2026-05-30 16:45:27.154,9,8.41,,512000000
2026-05-30 16:45:27.153,2,1.94,,512000000
2026-05-30 16:45:27.137,2,1.91,,512000000
2026-05-30 16:45:27.136,3,2.12,,512000000
2026-05-30 16:45:27.123,2,1.98,,512000000
2026-05-30 16:45:27.115,2,1.84,,512000000
2026-05-30 16:45:27.108,2,1.82,,512000000
2026-05-30 16:45:27.104,2,1.91,,512000000
2026-05-30 16:45:27.097,2,1.93,,512000000
2026-05-30 16:45:27.064,3,2.12,,512000000
2026-05-30 16:45:27.059,2,1.68,,512000000
2026-05-30 16:45:27.059,2,1.77,,512000000
2026-05-30 16:45:27.039,3,2.01,,512000000
2026-05-30 16:45:27.038,2,1.71,,512000000
2026-05-30 16:45:27.033,2,1.81,,512000000
2026-05-30 16:45:27.013,2,1.83,,512000000
2026-05-30 16:45:27.006,2,1.81,,512000000
2026-05-30 16:45:27.003,2,1.74,,512000000
2026-05-30 16:45:26.986,2,1.88,,512000000
2026-05-30 16:45:26.971,2,1.99,,512000000
2026-05-30 16:45:26.970,2,1.84,,512000000
2026-05-30 16:45:26.960,2,1.97,,512000000
2026-05-30 16:45:26.954,2,1.88,,512000000
2026-05-30 16:45:26.941,2,1.72,,512000000
2026-05-30 16:45:26.884,17,16.15,,512000000
2026-05-30 16:45:26.884,2,1.88,,512000000
2026-05-30 16:45:26.865,2,1.89,,512000000
2026-05-30 16:45:26.840,2,1.84,,512000000
2026-05-30 16:45:26.834,2,1.93,,512000000
2026-05-30 16:45:26.822,3,2.42,,512000000
2026-05-30 16:45:26.821,2,1.83,,512000000
2026-05-30 16:45:26.795,2,1.71,,512000000
2026-05-30 16:45:26.786,2,1.75,,512000000
2026-05-30 16:45:26.720,2,1.74,,512000000
2026-05-30 16:45:26.710,2,1.83,,512000000
2026-05-30 16:45:26.692,3,2,,512000000
2026-05-30 16:45:26.691,3,2.21,,512000000
2026-05-30 16:45:26.688,2,1.71,,512000000
2026-05-30 16:45:26.686,2,1.69,,512000000
2026-05-30 16:45:26.685,2,1.84,,512000000
2026-05-30 16:45:26.671,2,1.76,,512000000
2026-05-30 16:45:26.609,2,1.67,,512000000
2026-05-30 16:45:26.608,6,5.42,,512000000
2026-05-30 16:45:26.596,2,1.61,,512000000
2026-05-30 16:45:26.582,2,1.67,,512000000
2026-05-30 16:45:26.567,2,1.87,,512000000
2026-05-30 16:45:26.562,2,1.9,,512000000
2026-05-30 16:45:26.556,2,1.83,,512000000
2026-05-30 16:45:26.481,2,1.69,,512000000
2026-05-30 16:45:26.462,2,1.77,,512000000
2026-05-30 16:45:26.450,2,1.58,,512000000
2026-05-30 16:45:26.440,3,2.74,,512000000
2026-05-30 16:45:26.431,2,1.77,,512000000
2026-05-30 16:45:26.420,3,2.26,,512000000
2026-05-30 16:45:26.405,7,6.82,,512000000
2026-05-30 16:45:26.396,8,7.37,,512000000
2026-05-30 16:45:26.386,2,1.7,,512000000
2026-05-30 16:45:26.383,2,1.86,,512000000
2026-05-30 16:45:26.376,2,1.81,,512000000
2026-05-30 16:45:26.367,2,1.62,,512000000
2026-05-30 16:45:26.355,2,1.78,,512000000
2026-05-30 16:45:26.328,2,1.98,,512000000
2026-05-30 16:45:26.328,11,10.32,,512000000
2026-05-30 16:45:26.311,2,1.78,,512000000
2026-05-30 16:45:26.293,2,1.62,,512000000
2026-05-30 16:45:26.290,2,1.99,,512000000
2026-05-30 16:45:26.284,2,1.73,,512000000
2026-05-30 16:45:26.275,2,1.76,,512000000
2026-05-30 16:45:26.261,3,2.06,,512000000
2026-05-30 16:45:26.250,2,1.66,,512000000
2026-05-30 16:45:26.243,2,1.88,,512000000
2026-05-30 16:45:26.222,2,1.73,,512000000
2026-05-30 16:45:26.215,2,1.95,,512000000
2026-05-30 16:45:26.202,2,1.95,,512000000
2026-05-30 16:45:26.195,2,1.86,,512000000
2026-05-30 16:45:26.183,3,2.34,,512000000
2026-05-30 16:45:26.150,2,1.7,,512000000
2026-05-30 16:45:26.140,2,1.8,,512000000
2026-05-30 16:45:26.105,2,1.94,,512000000
2026-05-30 16:45:26.083,3,2.03,,512000000
2026-05-30 16:45:26.042,7,6.99,,512000000
2026-05-30 16:45:26.026,2,1.81,,512000000
2026-05-30 16:45:26.021,10,9.41,,512000000
2026-05-30 16:45:26.018,2,1.9,,512000000
2026-05-30 16:45:26.018,3,2.08,,512000000
2026-05-30 16:45:26.003,2,1.72,,512000000
2026-05-30 16:45:25.973,2,1.98,,512000000
2026-05-30 16:45:25.967,5,4.73,,512000000
2026-05-30 16:45:25.960,11,10.26,,512000000
2026-05-30 16:45:25.946,3,2.11,,512000000
2026-05-30 16:45:25.945,2,1.75,,512000000
2026-05-30 16:45:25.945,2,1.99,,512000000
2026-05-30 16:45:25.933,2,1.79,,512000000
2026-05-30 16:45:25.916,2,1.85,,512000000
2026-05-30 16:45:25.913,7,6.11,,512000000
2026-05-30 16:45:25.912,2,1.61,,512000000
2026-05-30 16:45:25.910,2,1.79,,512000000
2026-05-30 16:45:25.906,3,2.11,,512000000
2026-05-30 16:45:25.901,2,1.87,,512000000
2026-05-30 16:45:25.877,2,1.81,,512000000
2026-05-30 16:45:25.875,11,10.83,,512000000
2026-05-30 16:45:25.856,2,1.71,,512000000
2026-05-30 16:45:25.855,2,1.95,,512000000
2026-05-30 16:45:25.848,56,55.52,,512000000
2026-05-30 16:45:25.847,2,1.86,,512000000
2026-05-30 16:45:25.832,3,2.08,,512000000
2026-05-30 16:45:25.825,2,1.96,,512000000
2026-05-30 16:45:25.818,2,1.78,,512000000
2026-05-30 16:45:25.799,2,1.67,,512000000
2026-05-30 16:45:25.792,2,1.94,,512000000
2026-05-30 16:45:25.792,2,1.83,,512000000
2026-05-30 16:45:25.783,2,1.7,,512000000
2026-05-30 16:45:25.782,3,2.19,,512000000
2026-05-30 16:45:25.767,3,2.2,,512000000
2026-05-30 16:45:25.765,2,1.77,,512000000
2026-05-30 16:45:25.762,2,1.96,,512000000
2026-05-30 16:45:25.761,6,5.54,,512000000
2026-05-30 16:45:25.738,9,8.79,,512000000
2026-05-30 16:45:25.736,2,1.7,,512000000
2026-05-30 16:45:25.729,2,1.63,,512000000
2026-05-30 16:45:25.708,2,1.7,,512000000
2026-05-30 16:45:25.705,2,1.74,,512000000
2026-05-30 16:45:25.700,3,2.03,,512000000
2026-05-30 16:45:25.697,2,1.85,,512000000
2026-05-30 16:45:25.695,2,1.91,,512000000
2026-05-30 16:45:25.691,2,1.76,,512000000
2026-05-30 16:45:25.660,2,1.74,,512000000
2026-05-30 16:45:25.653,9,8.54,,512000000
2026-05-30 16:45:25.639,4,3.45,,512000000
2026-05-30 16:45:25.633,2,1.7,,512000000
2026-05-30 16:45:25.624,2,1.8,,512000000
2026-05-30 16:45:25.615,7,6.38,,512000000
2026-05-30 16:45:25.613,2,1.76,,512000000
2026-05-30 16:45:25.600,2,1.97,,512000000
2026-05-30 16:45:25.589,2,1.77,,512000000
2026-05-30 16:45:25.581,2,1.81,,512000000
2026-05-30 16:45:25.575,12,11.58,,512000000
2026-05-30 16:45:25.554,3,2.82,,512000000
2026-05-30 16:45:25.534,15,14.38,,512000000
2026-05-30 16:45:25.528,20,19.41,,512000000
2026-05-30 16:45:25.519,2,1.94,,512000000
2026-05-30 16:45:25.514,7,6.77,,512000000
2026-05-30 16:45:25.503,3,2.02,,512000000
2026-05-30 16:45:25.487,2,1.69,,512000000
2026-05-30 16:45:25.482,2,1.75,,512000000
2026-05-30 16:45:25.481,2,1.82,,512000000
2026-05-30 16:45:25.457,2,1.71,,512000000
2026-05-30 16:45:25.456,3,2.11,,512000000
2026-05-30 16:45:25.446,2,1.69,,512000000
2026-05-30 16:45:25.417,2,1.92,,512000000
2026-05-30 16:45:25.411,4,3.17,,512000000
2026-05-30 16:45:25.398,2,1.69,,512000000
2026-05-30 16:45:25.394,3,2.22,,512000000
2026-05-30 16:45:25.393,9,8.09,,512000000
2026-05-30 16:45:25.389,3,2.66,,512000000
2026-05-30 16:45:25.376,3,2.03,,512000000
2026-05-30 16:45:25.372,16,15.56,,512000000
2026-05-30 16:45:25.358,2,1.74,,512000000
2026-05-30 16:45:25.355,3,2.02,,512000000
2026-05-30 16:45:25.351,21,20.63,,512000000
2026-05-30 16:45:25.351,3,2.02,,512000000
2026-05-30 16:45:25.349,2,1.94,,512000000
2026-05-30 16:45:25.328,2,1.77,,512000000
2026-05-30 16:45:25.313,2,1.83,,512000000
2026-05-30 16:45:25.289,10,9.02,,512000000
2026-05-30 16:45:25.278,13,12.37,,512000000
2026-05-30 16:45:25.258,3,2.16,,512000000
2026-05-30 16:45:25.254,6,5.2,,512000000
2026-05-30 16:45:25.236,3,2.05,,512000000
2026-05-30 16:45:25.231,2,1.75,,512000000
2026-05-30 16:45:25.231,2,1.73,,512000000
2026-05-30 16:45:25.214,3,2.01,,512000000
2026-05-30 16:45:25.177,2,1.76,,512000000
2026-05-30 16:45:25.175,13,12.06,,512000000
2026-05-30 16:45:25.169,4,3.78,,512000000
2026-05-30 16:45:25.165,2,1.67,,512000000
2026-05-30 16:45:25.148,13,12.32,,512000000
2026-05-30 16:45:25.138,3,2.23,,512000000
2026-05-30 16:45:25.128,8,7.66,,512000000
2026-05-30 16:45:25.111,2,1.79,,512000000
2026-05-30 16:45:25.085,2,1.92,,512000000
2026-05-30 16:45:25.083,2,1.69,,512000000
2026-05-30 16:45:25.080,2,1.79,,512000000
2026-05-30 16:45:25.058,2,1.73,,512000000
2026-05-30 16:45:25.051,2,1.83,,512000000
2026-05-30 16:45:25.044,3,2.09,,512000000
2026-05-30 16:45:25.018,3,2.06,,512000000
2026-05-30 16:45:25.016,4,3.26,,512000000
2026-05-30 16:45:25.014,2,1.82,,512000000
2026-05-30 16:45:25.004,2,1.99,,512000000
2026-05-30 16:45:25.000,2,1.76,,512000000
2026-05-30 16:45:24.986,2,1.81,,512000000
2026-05-30 16:45:24.945,2,1.94,,512000000
2026-05-30 16:45:24.920,6,5.46,,512000000
2026-05-30 16:45:24.849,2,1.89,,512000000
2026-05-30 16:45:24.841,2,1.93,,512000000
2026-05-30 16:45:24.811,31,30.48,,512000000
2026-05-30 16:45:24.810,3,2.02,,512000000
2026-05-30 16:45:24.801,2,1.87,,512000000
2026-05-30 16:45:24.794,2,1.71,,512000000
2026-05-30 16:45:24.787,2,1.79,,512000000
2026-05-30 16:45:24.764,2,1.9,,512000000
2026-05-30 16:45:24.739,6,5.33,,512000000
2026-05-30 16:45:24.731,2,1.75,,512000000
2026-05-30 16:45:24.671,2,1.77,,512000000
2026-05-30 16:45:24.661,6,5.66,,512000000
2026-05-30 16:45:24.615,2,1.75,,512000000
2026-05-30 16:45:24.609,3,2.09,,512000000
2026-05-30 16:45:24.608,2,1.78,,512000000
2026-05-30 16:45:24.603,13,12.96,,512000000
2026-05-30 16:45:24.594,9,8.04,,512000000
2026-05-30 16:45:24.591,2,1.77,,512000000
2026-05-30 16:45:24.584,3,2.45,,512000000
2026-05-30 16:45:24.582,2,1.69,,512000000
2026-05-30 16:45:24.581,3,2.12,,512000000
2026-05-30 16:45:24.569,3,2.1,,512000000
2026-05-30 16:45:24.563,6,5,,512000000
2026-05-30 16:45:24.559,2,1.64,,512000000
2026-05-30 16:45:24.550,10,9.2,,512000000
2026-05-30 16:45:24.548,11,10.77,,512000000
2026-05-30 16:45:24.544,2,1.95,,512000000
2026-05-30 16:45:24.541,6,5.72,,512000000
2026-05-30 16:45:24.532,2,1.78,,512000000
2026-05-30 16:45:24.529,2,1.92,,512000000
2026-05-30 16:45:24.528,7,6.07,,512000000
2026-05-30 16:45:24.502,2,1.84,,512000000
2026-05-30 16:45:24.483,19,18.04,,512000000
2026-05-30 16:45:24.468,3,2.94,,512000000
2026-05-30 16:45:24.467,2,1.74,,512000000
2026-05-30 16:45:24.456,2,1.77,,512000000
2026-05-30 16:45:24.456,5,4.54,,512000000
2026-05-30 16:45:24.450,2,1.78,,512000000
2026-05-30 16:45:24.445,2,1.94,,512000000
2026-05-30 16:45:24.416,2,1.77,,512000000
2026-05-30 16:45:24.416,2,1.69,,512000000
2026-05-30 16:45:24.409,2,1.82,,512000000
2026-05-30 16:45:24.392,3,2.75,,512000000
2026-05-30 16:45:24.367,2,1.97,,512000000
2026-05-30 16:45:24.366,2,1.72,,512000000
2026-05-30 16:45:24.365,2,1.97,,512000000
2026-05-30 16:45:24.351,2,1.76,,512000000
2026-05-30 16:45:24.340,2,1.92,,512000000
2026-05-30 16:45:24.332,2,1.89,,512000000
2026-05-30 16:45:24.318,2,1.63,,512000000
2026-05-30 16:45:24.311,12,11.99,,512000000
2026-05-30 16:45:24.307,3,2.14,,512000000
2026-05-30 16:45:24.296,2,1.85,,512000000
2026-05-30 16:45:24.291,4,3.86,,512000000
2026-05-30 16:45:24.283,2,1.7,,512000000
2026-05-30 16:45:24.277,2,1.8,,512000000
2026-05-30 16:45:24.273,2,1.86,,512000000
2026-05-30 16:45:24.256,3,2.09,,512000000
2026-05-30 16:45:24.244,2,1.71,,512000000
2026-05-30 16:45:24.235,2,1.73,,512000000
2026-05-30 16:45:24.223,5,4.8,,512000000
2026-05-30 16:45:24.204,2,1.81,,512000000
2026-05-30 16:45:24.191,2,1.8,,512000000
2026-05-30 16:45:24.191,7,6.47,,512000000
2026-05-30 16:45:24.179,2,1.78,,512000000
2026-05-30 16:45:24.174,2,1.86,,512000000
2026-05-30 16:45:24.174,2,1.77,,512000000
2026-05-30 16:45:24.172,2,1.83,,512000000
2026-05-30 16:45:24.166,2,1.82,,512000000
2026-05-30 16:45:24.163,2,1.83,,512000000
2026-05-30 16:45:24.157,2,1.83,,512000000
2026-05-30 16:45:24.142,2,1.73,,512000000
2026-05-30 16:45:24.123,2,1.92,,512000000
2026-05-30 16:45:24.120,2,1.95,,512000000
2026-05-30 16:45:24.117,2,1.71,,512000000
2026-05-30 16:45:24.115,2,1.83,,512000000
2026-05-30 16:45:24.106,2,1.77,,512000000
2026-05-30 16:45:24.106,2,1.75,,512000000
2026-05-30 16:45:24.095,2,1.91,,512000000
2026-05-30 16:45:24.092,5,4.88,,512000000
2026-05-30 16:45:24.069,3,2.35,,512000000
2026-05-30 16:45:24.057,2,1.83,,512000000
2026-05-30 16:45:24.036,2,1.78,,512000000
2026-05-30 16:45:24.028,2,1.75,,512000000
2026-05-30 16:45:24.009,2,1.59,,512000000
2026-05-30 16:45:24.007,20,19.08,,512000000
2026-05-30 16:45:23.973,2,1.71,,512000000
2026-05-30 16:45:23.956,3,2.02,,512000000
2026-05-30 16:45:23.947,2,1.92,,512000000
2026-05-30 16:45:23.943,2,1.89,,512000000
2026-05-30 16:45:23.942,2,1.78,,512000000
2026-05-30 16:45:23.936,3,2.57,,512000000
2026-05-30 16:45:23.928,2,1.66,,512000000
2026-05-30 16:45:23.917,2,1.85,,512000000
2026-05-30 16:45:23.901,2,1.8,,512000000
2026-05-30 16:45:23.895,3,2.07,,512000000
2026-05-30 16:45:23.876,2,1.86,,512000000
2026-05-30 16:45:23.865,2,1.93,,512000000
2026-05-30 16:45:23.862,3,2.79,,512000000
2026-05-30 16:45:23.834,2,1.89,,512000000
2026-05-30 16:45:23.833,5,4.54,,512000000
2026-05-30 16:45:23.825,3,2.27,,512000000
2026-05-30 16:45:23.819,2,1.73,,512000000
2026-05-30 16:45:23.812,2,1.72,,512000000
2026-05-30 16:45:23.810,3,2.28,,512000000
2026-05-30 16:45:23.800,2,1.85,,512000000
2026-05-30 16:45:23.760,11,10.27,,512000000
2026-05-30 16:45:23.760,2,1.92,,512000000
2026-05-30 16:45:23.739,4,3.19,,512000000
2026-05-30 16:45:23.737,2,1.76,,512000000
2026-05-30 16:45:23.737,2,1.53,,512000000
2026-05-30 16:45:23.736,2,1.8,,512000000
2026-05-30 16:45:23.720,3,2.01,,512000000
2026-05-30 16:45:23.712,19,18.85,,512000000
2026-05-30 16:45:23.703,2,1.84,,512000000
2026-05-30 16:45:23.678,2,1.75,,512000000
2026-05-30 16:45:23.671,2,1.9,,512000000
2026-05-30 16:45:23.652,8,7.21,,512000000
2026-05-30 16:45:23.645,2,1.68,,512000000
2026-05-30 16:45:23.603,7,6.51,,512000000
2026-05-30 16:45:23.587,2,1.86,,512000000
2026-05-30 16:45:23.580,2,1.75,,512000000
2026-05-30 16:45:23.576,2,1.78,,512000000
2026-05-30 16:45:23.572,2,1.88,,512000000
2026-05-30 16:45:23.566,2,1.75,,512000000
2026-05-30 16:45:23.555,2,1.69,,512000000
2026-05-30 16:45:23.547,3,2.08,,512000000
2026-05-30 16:45:23.532,10,9.43,,512000000
2026-05-30 16:45:23.512,2,1.85,,512000000
2026-05-30 16:45:23.511,6,5.11,,512000000
2026-05-30 16:45:23.496,7,6.53,,512000000
2026-05-30 16:45:23.492,2,1.75,,512000000
2026-05-30 16:45:23.492,3,2.04,,512000000
2026-05-30 16:45:23.490,2,1.95,,512000000
2026-05-30 16:45:23.478,2,1.83,,512000000
2026-05-30 16:45:23.460,2,1.85,,512000000
2026-05-30 16:45:23.454,2,1.79,,512000000
2026-05-30 16:45:23.428,6,5.22,,512000000
2026-05-30 16:45:23.407,3,2.21,,512000000
2026-05-30 16:45:23.388,3,2.49,,512000000
2026-05-30 16:45:23.385,2,1.7,,512000000
2026-05-30 16:45:23.374,2,1.92,,512000000
2026-05-30 16:45:23.370,2,1.94,,512000000
2026-05-30 16:45:23.354,3,2.14,,512000000
2026-05-30 16:45:23.346,2,1.71,,512000000
2026-05-30 16:45:23.322,3,2.15,,512000000
2026-05-30 16:45:23.308,10,9.61,,512000000
2026-05-30 16:45:23.308,2,1.71,,512000000
2026-05-30 16:45:23.284,5,4.51,,512000000
2026-05-30 16:45:23.280,9,8.58,,512000000
2026-05-30 16:45:23.268,2,1.8,,512000000
2026-05-30 16:45:23.266,2,1.8,,512000000
2026-05-30 16:45:23.248,14,13.15,,512000000
2026-05-30 16:45:23.229,2,1.72,,512000000
2026-05-30 16:45:23.206,2,1.95,,512000000
2026-05-30 16:45:23.184,2,1.93,,512000000
2026-05-30 16:45:23.178,3,2.11,,512000000
2026-05-30 16:45:23.176,5,4.6,,512000000
2026-05-30 16:45:23.174,2,2,,512000000
2026-05-30 16:45:23.146,2,1.85,,512000000
2026-05-30 16:45:23.131,2,1.66,,512000000
2026-05-30 16:45:23.129,3,2.29,,512000000
2026-05-30 16:45:23.127,3,2.32,,512000000
2026-05-30 16:45:23.112,2,1.83,,512000000
2026-05-30 16:45:23.110,2,1.93,,512000000
2026-05-30 16:45:23.077,2,1.8,,512000000
2026-05-30 16:45:23.031,2,1.86,,512000000
2026-05-30 16:45:23.027,2,1.73,,512000000
2026-05-30 16:45:23.026,2,1.97,,512000000
2026-05-30 16:45:23.017,2,1.93,,512000000
2026-05-30 16:45:23.015,2,1.98,,512000000
2026-05-30 16:45:23.007,2,1.87,,512000000
2026-05-30 16:45:22.998,2,1.95,,512000000
2026-05-30 16:45:22.986,2,1.72,,512000000
2026-05-30 16:45:22.986,2,1.84,,512000000
2026-05-30 16:45:22.959,2,1.66,,512000000
2026-05-30 16:45:22.941,3,2.25,,512000000
2026-05-30 16:45:22.930,2,1.81,,512000000
2026-05-30 16:45:22.914,2,1.96,,512000000
2026-05-30 16:45:22.861,4,3.04,,512000000
2026-05-30 16:45:22.853,2,1.76,,512000000
2026-05-30 16:45:22.838,2,1.75,,512000000
2026-05-30 16:45:22.833,2,1.68,,512000000
2026-05-30 16:45:22.831,28,27.4,,512000000
2026-05-30 16:45:22.824,2,1.77,,512000000
2026-05-30 16:45:22.820,2,1.97,,512000000
2026-05-30 16:45:22.804,2,1.93,,512000000
2026-05-30 16:45:22.800,2,1.76,,512000000
2026-05-30 16:45:22.795,2,1.86,,512000000
2026-05-30 16:45:22.793,2,1.99,,512000000
2026-05-30 16:45:22.766,2,1.74,,512000000
2026-05-30 16:45:22.764,2,1.72,,512000000
2026-05-30 16:45:22.739,2,1.63,,512000000
2026-05-30 16:45:22.736,12,11.98,,512000000
2026-05-30 16:45:22.730,2,2,,512000000
2026-05-30 16:45:22.714,2,1.86,,512000000
2026-05-30 16:45:22.699,2,1.74,,512000000
2026-05-30 16:45:22.676,2,1.78,,512000000
2026-05-30 16:45:22.675,2,1.85,,512000000
2026-05-30 16:45:22.673,2,1.97,,512000000
2026-05-30 16:45:22.664,2,1.7,,512000000
2026-05-30 16:45:22.662,3,2.09,,512000000
2026-05-30 16:45:22.649,2,1.86,,512000000
2026-05-30 16:45:22.609,29,28.01,,512000000
2026-05-30 16:45:22.606,2,1.98,,512000000
2026-05-30 16:45:22.605,2,1.96,,512000000
2026-05-30 16:45:22.593,2,1.98,,512000000
2026-05-30 16:45:22.575,5,4.03,,512000000
2026-05-30 16:45:22.574,3,2.71,,512000000
2026-05-30 16:45:22.574,4,3.65,,512000000
2026-05-30 16:45:22.565,2,1.84,,512000000
2026-05-30 16:45:22.560,2,1.75,,512000000
2026-05-30 16:45:22.527,3,2.1,,512000000
2026-05-30 16:45:22.526,4,3.32,,512000000
2026-05-30 16:45:22.525,2,1.77,,512000000
2026-05-30 16:45:22.518,2,1.75,,512000000
2026-05-30 16:45:22.503,2,1.89,,512000000
2026-05-30 16:45:22.502,2,1.94,,512000000
2026-05-30 16:45:22.502,2,1.95,,512000000
2026-05-30 16:45:22.499,2,1.96,,512000000
2026-05-30 16:45:22.496,2,1.9,,512000000
2026-05-30 16:45:22.493,3,2.91,,512000000
2026-05-30 16:45:22.481,2,1.84,,512000000
2026-05-30 16:45:22.416,3,2.19,,512000000
2026-05-30 16:45:22.412,2,1.82,,512000000
2026-05-30 16:45:22.410,2,1.69,,512000000
2026-05-30 16:45:22.406,2,1.73,,512000000
2026-05-30 16:45:22.398,2,1.73,,512000000
2026-05-30 16:45:22.393,2,1.84,,512000000
2026-05-30 16:45:22.389,2,1.73,,512000000
2026-05-30 16:45:22.371,7,6.8,,512000000
2026-05-30 16:45:22.368,2,1.98,,512000000
2026-05-30 16:45:22.366,2,1.81,,512000000
2026-05-30 16:45:22.356,2,1.73,,512000000
2026-05-30 16:45:22.339,2,1.84,,512000000
2026-05-30 16:45:22.331,2,1.76,,512000000
2026-05-30 16:45:22.321,2,1.97,,512000000
2026-05-30 16:45:22.319,2,2,,512000000
2026-05-30 16:45:22.310,2,1.94,,512000000
2026-05-30 16:45:22.289,5,4.01,,512000000
2026-05-30 16:45:22.274,2,1.89,,512000000
2026-05-30 16:45:22.273,2,1.81,,512000000
2026-05-30 16:45:22.254,7,6.82,,512000000
2026-05-30 16:45:22.251,17,16.44,,512000000
2026-05-30 16:45:22.250,9,8.23,,512000000
2026-05-30 16:45:22.241,2,1.85,,512000000
2026-05-30 16:45:22.227,3,2.16,,512000000
2026-05-30 16:45:22.226,2,1.73,,512000000
2026-05-30 16:45:22.225,2,1.68,,512000000
2026-05-30 16:45:22.180,2,1.76,,512000000
2026-05-30 16:45:22.135,2,1.79,,512000000
2026-05-30 16:45:22.127,2,1.95,,512000000
2026-05-30 16:45:22.125,2,1.8,,512000000
2026-05-30 16:45:22.118,2,1.75,,512000000
2026-05-30 16:45:22.103,3,2.31,,512000000
2026-05-30 16:45:22.097,3,2.02,,512000000
2026-05-30 16:45:22.072,2,1.96,,512000000
2026-05-30 16:45:22.071,2,1.88,,512000000
2026-05-30 16:45:22.054,2,1.85,,512000000
2026-05-30 16:45:22.032,3,2.1,,512000000
2026-05-30 16:45:22.006,2,1.9,,512000000
2026-05-30 16:45:22.000,6,5.54,,512000000
2026-05-30 16:45:21.974,2,1.72,,512000000
2026-05-30 16:45:21.971,3,2.14,,512000000
2026-05-30 16:45:21.970,2,1.98,,512000000
2026-05-30 16:45:21.935,9,8.95,,512000000
2026-05-30 16:45:21.916,2,1.77,,512000000
2026-05-30 16:45:21.911,2,1.93,,512000000
2026-05-30 16:45:21.907,2,1.94,,512000000
2026-05-30 16:45:21.886,2,1.88,,512000000
2026-05-30 16:45:21.884,2,1.97,,512000000
2026-05-30 16:45:21.883,5,4.67,,512000000
2026-05-30 16:45:21.881,2,1.67,,512000000
2026-05-30 16:45:21.870,2,1.88,,512000000
2026-05-30 16:45:21.844,2,1.8,,512000000
2026-05-30 16:45:21.842,6,5.34,,512000000
2026-05-30 16:45:21.840,2,1.8,,512000000
2026-05-30 16:45:21.833,3,2.05,,512000000
2026-05-30 16:45:21.797,2,1.9,,512000000
2026-05-30 16:45:21.783,2,1.79,,512000000
2026-05-30 16:45:21.769,2,1.85,,512000000
2026-05-30 16:45:21.766,2,1.79,,512000000
2026-05-30 16:45:21.766,2,2,,512000000
2026-05-30 16:45:21.757,2,1.82,,512000000
2026-05-30 16:45:21.748,3,2.13,,512000000
2026-05-30 16:45:21.748,9,8.03,,512000000
2026-05-30 16:45:21.744,2,1.83,,512000000
2026-05-30 16:45:21.730,2,1.63,,512000000
2026-05-30 16:45:21.729,2,1.76,,512000000
2026-05-30 16:45:21.728,2,1.84,,512000000
2026-05-30 16:45:21.703,6,5.56,,512000000
2026-05-30 16:45:21.680,4,3.69,,512000000
2026-05-30 16:45:21.676,2,1.85,,512000000
2026-05-30 16:45:21.664,2,1.88,,512000000
2026-05-30 16:45:21.650,3,2.06,,512000000
2026-05-30 16:45:21.634,2,1.67,,512000000
2026-05-30 16:45:21.632,2,1.69,,512000000
2026-05-30 16:45:21.619,2,1.9,,512000000
2026-05-30 16:45:21.598,2,1.82,,512000000
2026-05-30 16:45:21.592,2,1.77,,512000000
2026-05-30 16:45:21.587,8,7.32,,512000000
2026-05-30 16:45:21.582,2,1.75,,512000000
2026-05-30 16:45:21.563,5,4.79,,512000000
2026-05-30 16:45:21.558,2,1.69,,512000000
2026-05-30 16:45:21.556,5,4.89,,512000000
2026-05-30 16:45:21.555,2,1.97,,512000000
2026-05-30 16:45:21.544,2,1.8,,512000000
2026-05-30 16:45:21.530,2,1.76,,512000000
2026-05-30 16:45:21.485,19,18.12,,512000000
2026-05-30 16:45:21.460,2,1.8,,512000000
2026-05-30 16:45:21.456,2,1.81,,512000000
2026-05-30 16:45:21.445,2,1.87,,512000000
2026-05-30 16:45:21.438,6,5.41,,512000000
2026-05-30 16:45:21.429,2,1.92,,512000000
2026-05-30 16:45:21.402,2,1.59,,512000000
2026-05-30 16:45:21.399,2,1.96,,512000000
2026-05-30 16:45:21.385,2,1.82,,512000000
2026-05-30 16:45:21.381,2,1.92,,512000000
2026-05-30 16:45:21.374,4,3.98,,512000000
2026-05-30 16:45:21.365,2,1.53,,512000000
2026-05-30 16:45:21.358,2,1.92,,512000000
2026-05-30 16:45:21.343,2,1.98,,512000000
2026-05-30 16:45:21.341,2,1.68,,512000000
2026-05-30 16:45:21.334,2,1.73,,512000000
2026-05-30 16:45:21.326,2,1.78,,512000000
2026-05-30 16:45:21.297,3,2.02,,512000000
2026-05-30 16:45:21.296,2,1.74,,512000000
2026-05-30 16:45:21.282,3,2.01,,512000000
2026-05-30 16:45:21.267,3,2,,512000000
2026-05-30 16:45:21.265,2,1.68,,512000000
2026-05-30 16:45:21.264,2,1.9,,512000000
2026-05-30 16:45:21.246,2,1.84,,512000000
2026-05-30 16:45:21.245,2,1.71,,512000000
2026-05-30 16:45:21.236,2,1.83,,512000000
2026-05-30 16:45:21.232,2,1.75,,512000000
2026-05-30 16:45:21.198,2,1.85,,512000000
2026-05-30 16:45:21.195,2,1.84,,512000000
2026-05-30 16:45:21.189,2,1.95,,512000000
2026-05-30 16:45:21.172,2,1.81,,512000000
2026-05-30 16:45:21.163,3,2.2,,512000000
2026-05-30 16:45:21.154,5,4.37,,512000000
2026-05-30 16:45:21.151,2,1.93,,512000000
2026-05-30 16:45:21.131,2,1.92,,512000000
2026-05-30 16:45:21.125,2,1.74,,512000000
2026-05-30 16:45:21.125,3,2.05,,512000000
2026-05-30 16:45:21.124,2,1.82,,512000000
2026-05-30 16:45:21.118,2,1.99,,512000000
2026-05-30 16:45:21.113,6,5.26,,512000000
2026-05-30 16:45:21.082,2,1.84,,512000000
2026-05-30 16:45:21.075,22,21.2,,512000000
2026-05-30 16:45:21.070,2,1.96,,512000000
2026-05-30 16:45:21.037,2,1.97,,512000000
2026-05-30 16:45:21.016,2,1.83,,512000000
2026-05-30 16:45:21.001,4,3.8,,512000000
2026-05-30 16:45:20.952,2,1.91,,512000000
2026-05-30 16:45:20.952,3,2.1,,512000000
2026-05-30 16:45:20.930,2,1.74,,512000000
2026-05-30 16:45:20.899,2,1.82,,512000000
2026-05-30 16:45:20.887,3,2.32,,512000000
2026-05-30 16:45:20.875,2,1.9,,512000000
2026-05-30 16:45:20.855,2,1.7,,512000000
2026-05-30 16:45:20.831,2,1.78,,512000000
2026-05-30 16:45:20.830,2,1.83,,512000000
2026-05-30 16:45:20.820,2,1.79,,512000000
2026-05-30 16:45:20.815,3,2.02,,512000000
2026-05-30 16:45:20.808,11,10.21,,512000000
2026-05-30 16:45:20.808,3,2.2,,512000000
2026-05-30 16:45:20.796,3,2.36,,512000000
2026-05-30 16:45:20.791,2,1.77,,512000000
2026-05-30 16:45:20.782,2,1.87,,512000000
2026-05-30 16:45:20.763,2,1.87,,512000000
2026-05-30 16:45:20.761,2,1.72,,512000000
2026-05-30 16:45:20.740,2,1.77,,512000000
2026-05-30 16:45:20.733,2,1.75,,512000000
2026-05-30 16:45:20.694,2,1.75,,512000000
2026-05-30 16:45:20.688,2,1.88,,512000000
2026-05-30 16:45:20.680,2,1.82,,512000000
2026-05-30 16:45:20.674,6,5.61,,512000000
2026-05-30 16:45:20.663,2,1.73,,512000000
2026-05-30 16:45:20.661,2,1.95,,512000000
2026-05-30 16:45:20.645,3,2.2,,512000000
2026-05-30 16:45:20.643,2,1.62,,512000000
2026-05-30 16:45:20.635,3,2.28,,512000000
2026-05-30 16:45:20.625,2,1.78,,512000000
2026-05-30 16:45:20.617,2,1.84,,512000000
2026-05-30 16:45:20.616,2,1.75,,512000000
2026-05-30 16:45:20.601,2,1.69,,512000000
2026-05-30 16:45:20.597,3,2.86,,512000000
2026-05-30 16:45:20.582,2,1.71,,512000000
2026-05-30 16:45:20.581,2,1.94,,512000000
2026-05-30 16:45:20.569,2,1.73,,512000000
2026-05-30 16:45:20.568,2,1.77,,512000000
2026-05-30 16:45:20.518,3,2.01,,512000000
2026-05-30 16:45:20.468,3,2.12,,512000000
2026-05-30 16:45:20.464,3,2.08,,512000000
2026-05-30 16:45:20.464,2,1.82,,512000000
2026-05-30 16:45:20.463,2,1.75,,512000000
2026-05-30 16:45:20.460,2,1.69,,512000000
2026-05-30 16:45:20.452,2,1.82,,512000000
2026-05-30 16:45:20.452,2,1.83,,512000000
2026-05-30 16:45:20.443,2,1.62,,512000000
2026-05-30 16:45:20.438,2,1.9,,512000000
2026-05-30 16:45:20.437,2,1.52,,512000000
2026-05-30 16:45:20.431,2,1.87,,512000000
2026-05-30 16:45:20.420,2,1.7,,512000000
2026-05-30 16:45:20.408,2,1.76,,512000000
2026-05-30 16:45:20.384,2,1.78,,512000000
2026-05-30 16:45:20.384,2,1.66,,512000000
2026-05-30 16:45:20.383,2,1.8,,512000000
2026-05-30 16:45:20.360,3,2.59,,512000000
2026-05-30 16:45:20.354,2,1.8,,512000000
2026-05-30 16:45:20.340,2,1.77,,512000000
2026-05-30 16:45:20.332,2,1.74,,512000000
2026-05-30 16:45:20.300,2,1.82,,512000000
2026-05-30 16:45:20.299,2,1.89,,512000000
2026-05-30 16:45:20.286,2,1.98,,512000000
2026-05-30 16:45:20.278,2,1.8,,512000000
2026-05-30 16:45:20.259,3,2.12,,512000000
2026-05-30 16:45:20.253,2,1.95,,512000000
2026-05-30 16:45:20.252,2,2,,512000000
2026-05-30 16:45:20.236,6,5.99,,512000000
2026-05-30 16:45:20.223,3,2,,512000000
2026-05-30 16:45:20.214,51,50.11,,512000000
2026-05-30 16:45:20.196,2,1.91,,512000000
2026-05-30 16:45:20.194,2,1.6,,512000000
2026-05-30 16:45:20.176,2,1.99,,512000000
2026-05-30 16:45:20.167,3,2.72,,512000000
2026-05-30 16:45:20.150,3,2.18,,512000000
2026-05-30 16:45:20.143,3,2.11,,512000000
2026-05-30 16:45:20.140,4,3.19,,512000000
2026-05-30 16:45:20.133,2,1.9,,512000000
2026-05-30 16:45:20.132,6,5.98,,512000000
2026-05-30 16:45:20.116,2,1.77,,512000000
2026-05-30 16:45:20.113,2,1.91,,512000000
2026-05-30 16:45:20.111,6,5.83,,512000000
2026-05-30 16:45:20.110,2,1.91,,512000000
2026-05-30 16:45:20.096,2,1.73,,512000000
2026-05-30 16:45:20.093,2,1.71,,512000000
2026-05-30 16:45:20.091,7,6.57,,512000000
2026-05-30 16:45:20.074,2,2,,512000000
2026-05-30 16:45:20.058,3,2.27,,512000000
2026-05-30 16:45:20.052,3,2.35,,512000000
2026-05-30 16:45:20.043,2,1.84,,512000000
2026-05-30 16:45:20.005,2,1.9,,512000000
2026-05-30 16:45:19.987,2,1.76,,512000000
2026-05-30 16:45:19.980,2,1.79,,512000000
2026-05-30 16:45:19.958,2,1.72,,512000000
2026-05-30 16:45:19.956,2,1.86,,512000000
2026-05-30 16:45:19.943,3,2.08,,512000000
2026-05-30 16:45:19.938,2,1.65,,512000000
2026-05-30 16:45:19.927,2,1.97,,512000000
2026-05-30 16:45:19.915,2,1.79,,512000000
2026-05-30 16:45:19.905,3,2.09,,512000000
2026-05-30 16:45:19.900,2,1.72,,512000000
2026-05-30 16:45:19.891,24,23.53,,512000000
2026-05-30 16:45:19.885,2,1.75,,512000000
2026-05-30 16:45:19.881,2,1.74,,512000000
2026-05-30 16:45:19.858,2,1.98,,512000000
2026-05-30 16:45:19.853,2,1.6,,512000000
2026-05-30 16:45:19.833,6,5.11,,512000000
2026-05-30 16:45:19.826,3,2.17,,512000000
2026-05-30 16:45:19.819,2,1.91,,512000000
2026-05-30 16:45:19.817,2,1.75,,512000000
2026-05-30 16:45:19.817,2,1.59,,512000000
2026-05-30 16:45:19.791,2,1.88,,512000000
2026-05-30 16:45:19.790,2,1.83,,512000000
2026-05-30 16:45:19.789,3,2.16,,512000000
2026-05-30 16:45:19.784,2,1.88,,512000000
2026-05-30 16:45:19.769,2,1.72,,512000000
2026-05-30 16:45:19.765,2,1.71,,512000000
2026-05-30 16:45:19.757,2,1.71,,512000000
2026-05-30 16:45:19.695,3,2.06,,512000000
2026-05-30 16:45:19.680,2,1.78,,512000000
2026-05-30 16:45:19.671,2,1.95,,512000000
2026-05-30 16:45:19.657,2,1.91,,512000000
2026-05-30 16:45:19.653,2,1.76,,512000000
2026-05-30 16:45:19.652,2,1.68,,512000000
2026-05-30 16:45:19.650,2,1.74,,512000000
2026-05-30 16:45:19.637,2,1.8,,512000000
2026-05-30 16:45:19.615,2,1.73,,512000000
2026-05-30 16:45:19.613,2,1.75,,512000000
2026-05-30 16:45:19.612,2,1.69,,512000000
2026-05-30 16:45:19.606,2,1.96,,512000000
2026-05-30 16:45:19.602,2,1.76,,512000000
2026-05-30 16:45:19.591,2,1.79,,512000000
2026-05-30 16:45:19.573,2,1.85,,512000000
2026-05-30 16:45:19.535,2,1.81,,512000000
2026-05-30 16:45:19.522,3,2.12,,512000000
2026-05-30 16:45:19.515,2,1.82,,512000000
2026-05-30 16:45:19.507,3,2.25,,512000000
2026-05-30 16:45:19.475,2,1.67,,512000000
2026-05-30 16:45:19.469,3,2.2,,512000000
2026-05-30 16:45:19.466,2,1.85,,512000000
2026-05-30 16:45:19.466,2,1.78,,512000000
2026-05-30 16:45:19.436,2,1.9,,512000000
2026-05-30 16:45:19.419,2,1.77,,512000000
2026-05-30 16:45:19.418,2,1.8,,512000000
2026-05-30 16:45:19.416,2,1.73,,512000000
2026-05-30 16:45:19.395,3,2.08,,512000000
2026-05-30 16:45:19.393,3,2.26,,512000000
2026-05-30 16:45:19.378,3,2.54,,512000000
2026-05-30 16:45:19.370,2,1.68,,512000000
2026-05-30 16:45:19.347,2,1.8,,512000000
2026-05-30 16:45:19.336,3,2.09,,512000000
2026-05-30 16:45:19.317,61,60.47,,512000000
2026-05-30 16:45:19.315,2,1.54,,512000000
2026-05-30 16:45:19.311,2,1.68,,512000000
2026-05-30 16:45:19.308,20,19.03,,512000000
2026-05-30 16:45:19.254,9,8.09,,512000000
2026-05-30 16:45:19.249,2,1.77,,512000000
2026-05-30 16:45:19.233,2,1.69,,512000000
2026-05-30 16:45:19.209,6,5.02,,512000000
2026-05-30 16:45:19.206,2,1.79,,512000000
2026-05-30 16:45:19.177,2,1.48,,512000000
2026-05-30 16:45:19.162,3,2.13,,512000000
2026-05-30 16:45:19.157,3,2.01,,512000000
2026-05-30 16:45:19.157,2,1.82,,512000000
2026-05-30 16:45:19.147,2,1.88,,512000000
2026-05-30 16:45:19.097,2,1.98,,512000000
2026-05-30 16:45:19.091,8,7.08,,512000000
2026-05-30 16:45:19.084,11,10.38,,512000000
2026-05-30 16:45:19.083,2,1.95,,512000000
2026-05-30 16:45:19.074,2,1.87,,512000000
2026-05-30 16:45:19.069,3,2.06,,512000000
2026-05-30 16:45:19.062,2,1.87,,512000000
2026-05-30 16:45:19.040,2,1.67,,512000000
2026-05-30 16:45:19.025,18,17.35,,512000000
2026-05-30 16:45:19.015,2,1.74,,512000000
2026-05-30 16:45:18.974,2,1.84,,512000000
2026-05-30 16:45:18.967,2,1.74,,512000000
2026-05-30 16:45:18.935,2,1.82,,512000000
2026-05-30 16:45:18.927,2,1.78,,512000000
2026-05-30 16:45:18.909,2,1.7,,512000000
2026-05-30 16:45:18.893,6,5.42,,512000000
2026-05-30 16:45:18.889,9,8.39,,512000000
2026-05-30 16:45:18.886,3,2.1,,512000000
2026-05-30 16:45:18.884,2,1.61,,512000000
2026-05-30 16:45:18.880,2,1.98,,512000000
2026-05-30 16:45:18.878,2,1.94,,512000000
2026-05-30 16:45:18.868,2,1.92,,512000000
2026-05-30 16:45:18.835,2,1.73,,512000000
2026-05-30 16:45:18.828,29,28.64,,512000000
2026-05-30 16:45:18.812,2,1.84,,512000000
2026-05-30 16:45:18.812,4,3.54,,512000000
2026-05-30 16:45:18.795,2,1.5,,512000000
2026-05-30 16:45:18.792,2,1.98,,512000000
2026-05-30 16:45:18.792,3,2,,512000000
2026-05-30 16:45:18.789,2,1.64,,512000000
2026-05-30 16:45:18.788,2,1.92,,512000000
2026-05-30 16:45:18.777,2,1.96,,512000000
2026-05-30 16:45:18.771,15,14.45,,512000000
2026-05-30 16:45:18.766,2,1.81,,512000000
2026-05-30 16:45:18.766,3,2.15,,512000000
2026-05-30 16:45:18.760,2,1.77,,512000000
2026-05-30 16:45:18.756,2,1.81,,512000000
2026-05-30 16:45:18.755,26,25.49,,512000000
2026-05-30 16:45:18.731,4,3.83,,512000000
2026-05-30 16:45:18.723,83,82.13,,512000000
2026-05-30 16:45:18.722,2,1.6,,512000000
2026-05-30 16:45:18.717,2,1.67,,512000000
2026-05-30 16:45:18.694,2,1.71,,512000000
2026-05-30 16:45:18.690,2,1.7,,512000000
2026-05-30 16:45:18.689,2,1.63,,512000000
2026-05-30 16:45:18.663,2,1.82,,512000000
2026-05-30 16:45:18.662,2,1.76,,512000000
2026-05-30 16:45:18.656,3,2.34,,512000000
2026-05-30 16:45:18.643,2,1.79,,512000000
2026-05-30 16:45:18.640,2,1.73,,512000000
2026-05-30 16:45:18.638,2,1.73,,512000000
2026-05-30 16:45:18.629,2,1.84,,512000000
2026-05-30 16:45:18.624,2,1.75,,512000000
2026-05-30 16:45:18.613,3,2.14,,512000000
2026-05-30 16:45:18.597,4,3.85,,512000000
2026-05-30 16:45:18.595,2,1.69,,512000000
2026-05-30 16:45:18.591,2,1.96,,512000000
2026-05-30 16:45:18.572,2,1.58,,512000000
2026-05-30 16:45:18.571,6,5.79,,512000000
2026-05-30 16:45:18.558,2,1.7,,512000000
2026-05-30 16:45:18.550,2,1.92,,512000000
2026-05-30 16:45:18.541,2,1.76,,512000000
2026-05-30 16:45:18.535,2,1.69,,512000000
2026-05-30 16:45:18.523,2,1.89,,512000000
2026-05-30 16:45:18.513,2,1.89,,512000000
2026-05-30 16:45:18.511,2,1.59,,512000000
2026-05-30 16:45:18.470,3,2.03,,512000000
2026-05-30 16:45:18.470,3,2.1,,512000000
2026-05-30 16:45:18.439,2,1.91,,512000000
2026-05-30 16:45:18.423,2,1.94,,512000000
2026-05-30 16:45:18.394,2,1.83,,512000000
2026-05-30 16:45:18.394,3,2.04,,512000000
2026-05-30 16:45:18.393,3,2.02,,512000000
2026-05-30 16:45:18.392,2,1.73,,512000000
2026-05-30 16:45:18.370,3,2.04,,512000000
2026-05-30 16:45:18.364,4,3.93,,512000000
2026-05-30 16:45:18.362,2,1.8,,512000000
2026-05-30 16:45:18.362,2,1.76,,512000000
2026-05-30 16:45:18.357,3,2.01,,512000000
2026-05-30 16:45:18.347,2,1.8,,512000000
2026-05-30 16:45:18.323,2,1.88,,512000000
2026-05-30 16:45:18.318,2,1.75,,512000000
2026-05-30 16:45:18.308,2,1.79,,512000000
2026-05-30 16:45:18.299,3,2.1,,512000000
2026-05-30 16:45:18.292,2,1.76,,512000000
2026-05-30 16:45:18.235,2,1.94,,512000000
2026-05-30 16:45:18.234,2,1.65,,512000000
2026-05-30 16:45:18.212,15,14.81,,512000000
2026-05-30 16:45:18.204,3,2.14,,512000000
2026-05-30 16:45:18.172,91,90.42,,512000000
2026-05-30 16:45:18.169,2,1.64,,512000000
2026-05-30 16:45:18.168,2,1.85,,512000000
2026-05-30 16:45:18.162,2,1.82,,512000000
2026-05-30 16:45:18.158,3,2.86,,512000000
2026-05-30 16:45:18.149,13,12.95,,512000000
2026-05-30 16:45:18.131,2,1.85,,512000000
2026-05-30 16:45:18.101,2,1.85,,512000000
2026-05-30 16:45:18.080,4,3.98,,512000000
2026-05-30 16:45:18.070,3,2.03,,512000000
2026-05-30 16:45:18.064,2,1.88,,512000000
2026-05-30 16:45:18.050,2,1.73,,512000000
2026-05-30 16:45:18.035,2,1.86,,512000000
2026-05-30 16:45:18.031,8,7.23,,512000000
2026-05-30 16:45:18.014,2,1.77,,512000000
2026-05-30 16:45:18.008,3,2.01,,512000000
2026-05-30 16:45:17.988,4,3.16,,512000000
2026-05-30 16:45:17.979,2,1.74,,512000000
2026-05-30 16:45:17.971,5,4.12,,512000000
2026-05-30 16:45:17.969,2,1.89,,512000000
2026-05-30 16:45:17.969,18,17.64,,512000000
2026-05-30 16:45:17.960,2,1.77,,512000000
2026-05-30 16:45:17.958,2,1.75,,512000000
2026-05-30 16:45:17.937,2,1.7,,512000000
2026-05-30 16:45:17.935,10,9.03,,512000000
2026-05-30 16:45:17.935,3,2.15,,512000000
2026-05-30 16:45:17.899,2,1.98,,512000000
2026-05-30 16:45:17.881,2,1.78,,512000000
2026-05-30 16:45:17.868,2,1.76,,512000000
2026-05-30 16:45:17.862,2,1.75,,512000000
2026-05-30 16:45:17.841,2,1.74,,512000000
2026-05-30 16:45:17.831,6,5.48,,512000000
2026-05-30 16:45:17.816,2,1.74,,512000000
2026-05-30 16:45:17.813,2,1.78,,512000000
2026-05-30 16:45:17.805,2,1.88,,512000000
2026-05-30 16:45:17.758,2,1.66,,512000000
2026-05-30 16:45:17.751,3,2.1,,512000000
2026-05-30 16:45:17.747,17,16,,512000000
2026-05-30 16:45:17.727,2,1.97,,512000000
2026-05-30 16:45:17.723,2,1.78,,512000000
2026-05-30 16:45:17.719,2,1.73,,512000000
2026-05-30 16:45:17.702,3,2.02,,512000000
2026-05-30 16:45:17.694,9,8.66,,512000000
2026-05-30 16:45:17.693,2,1.79,,512000000
2026-05-30 16:45:17.682,2,1.81,,512000000
2026-05-30 16:45:17.661,3,2.04,,512000000
2026-05-30 16:45:17.655,22,21.07,,512000000
2026-05-30 16:45:17.643,2,1.89,,512000000
2026-05-30 16:45:17.642,5,4.52,,512000000
2026-05-30 16:45:17.636,2,2,,512000000
2026-05-30 16:45:17.595,23,22.77,,512000000
2026-05-30 16:45:17.595,2,1.94,,512000000
2026-05-30 16:45:17.592,2,1.81,,512000000
2026-05-30 16:45:17.572,2,1.95,,512000000
2026-05-30 16:45:17.563,3,2.53,,512000000
2026-05-30 16:45:17.554,2,1.81,,512000000
2026-05-30 16:45:17.552,2,1.81,,512000000
2026-05-30 16:45:17.549,2,1.86,,512000000
2026-05-30 16:45:17.533,2,1.71,,512000000
2026-05-30 16:45:17.530,9,8.24,,512000000
2026-05-30 16:45:17.524,2,1.77,,512000000
2026-05-30 16:45:17.524,3,2.04,,512000000
2026-05-30 16:45:17.516,2,1.97,,512000000
2026-05-30 16:45:17.475,21,20.1,,512000000
2026-05-30 16:45:17.468,12,11.62,,512000000
2026-05-30 16:45:17.467,4,3.44,,512000000
2026-05-30 16:45:17.465,2,1.81,,512000000
2026-05-30 16:45:17.462,2,1.76,,512000000
2026-05-30 16:45:17.455,2,1.78,,512000000
2026-05-30 16:45:17.439,3,2.41,,512000000
2026-05-30 16:45:17.398,3,2.04,,512000000
2026-05-30 16:45:17.396,2,1.79,,512000000
2026-05-30 16:45:17.386,2,1.72,,512000000
2026-05-30 16:45:17.380,2,1.8,,512000000
2026-05-30 16:45:17.373,2,1.94,,512000000
2026-05-30 16:45:17.364,2,1.7,,512000000
2026-05-30 16:45:17.356,17,16.12,,512000000
2026-05-30 16:45:17.348,2,1.65,,512000000
2026-05-30 16:45:17.332,7,6.39,,512000000
2026-05-30 16:45:17.322,2,1.9,,512000000
2026-05-30 16:45:17.307,4,3.42,,512000000
2026-05-30 16:45:17.302,2,1.95,,512000000
2026-05-30 16:45:17.295,12,11.44,,512000000
2026-05-30 16:45:17.289,3,2.25,,512000000
2026-05-30 16:45:17.252,3,2.01,,512000000
2026-05-30 16:45:17.236,13,12.79,,512000000
2026-05-30 16:45:17.232,3,2.04,,512000000
2026-05-30 16:45:17.223,4,3.4,,512000000
2026-05-30 16:45:17.217,2,1.75,,512000000
2026-05-30 16:45:17.214,5,4.8,,512000000
2026-05-30 16:45:17.213,2,1.96,,512000000
2026-05-30 16:45:17.187,2,1.8,,512000000
2026-05-30 16:45:17.171,2,1.72,,512000000
2026-05-30 16:45:17.168,2,1.9,,512000000
2026-05-30 16:45:17.148,2,1.84,,512000000
2026-05-30 16:45:17.143,2,1.77,,512000000
2026-05-30 16:45:17.135,2,1.82,,512000000
2026-05-30 16:45:17.124,2,1.8,,512000000
2026-05-30 16:45:17.121,2,1.6,,512000000
2026-05-30 16:45:17.116,17,16.56,,512000000
2026-05-30 16:45:17.111,2,1.82,,512000000
2026-05-30 16:45:17.105,2,1.88,,512000000
2026-05-30 16:45:17.100,2,1.77,,512000000
2026-05-30 16:45:17.090,4,3.51,,512000000
2026-05-30 16:45:17.078,16,15.03,,512000000
2026-05-30 16:45:17.051,6,5.59,,512000000
2026-05-30 16:45:17.045,2,1.89,,512000000
2026-05-30 16:45:17.020,2,1.99,,512000000
2026-05-30 16:45:17.013,2,1.79,,512000000
2026-05-30 16:45:16.995,2,1.89,,512000000
2026-05-30 16:45:16.994,2,1.87,,512000000
2026-05-30 16:45:16.992,12,11.6,,512000000
2026-05-30 16:45:16.990,2,1.66,,512000000
2026-05-30 16:45:16.936,2,1.69,,512000000
2026-05-30 16:45:16.919,2,1.86,,512000000
2026-05-30 16:45:16.905,2,1.98,,512000000
2026-05-30 16:45:16.905,2,1.67,,512000000
2026-05-30 16:45:16.879,2,1.93,,512000000
2026-05-30 16:45:16.876,2,1.94,,512000000
2026-05-30 16:45:16.859,2,1.7,,512000000
2026-05-30 16:45:16.856,3,2.08,,512000000
2026-05-30 16:45:16.856,2,1.54,,512000000
2026-05-30 16:45:16.851,2,1.81,,512000000
2026-05-30 16:45:16.821,3,2.1,,512000000
2026-05-30 16:45:16.820,3,2.09,,512000000
2026-05-30 16:45:16.818,2,1.66,,512000000
2026-05-30 16:45:16.815,2,1.75,,512000000
2026-05-30 16:45:16.814,2,1.88,,512000000
2026-05-30 16:45:16.808,3,2.54,,512000000
2026-05-30 16:45:16.803,2,1.87,,512000000
2026-05-30 16:45:16.793,3,2.13,,512000000
2026-05-30 16:45:16.782,2,1.73,,512000000
2026-05-30 16:45:16.767,2,1.89,,512000000
2026-05-30 16:45:16.765,2,1.81,,512000000
2026-05-30 16:45:16.764,2,1.72,,512000000
2026-05-30 16:45:16.764,3,2.91,,512000000
2026-05-30 16:45:16.727,2,1.81,,512000000
2026-05-30 16:45:16.703,7,6.28,,512000000
2026-05-30 16:45:16.686,3,2.1,,512000000
2026-05-30 16:45:16.668,2,1.79,,512000000
2026-05-30 16:45:16.647,8,7.79,,512000000
2026-05-30 16:45:16.641,2,1.75,,512000000
2026-05-30 16:45:16.629,26,25.11,,512000000
2026-05-30 16:45:16.624,2,1.72,,512000000
2026-05-30 16:45:16.609,3,2.36,,512000000
2026-05-30 16:45:16.574,2,1.62,,512000000
2026-05-30 16:45:16.571,2,1.84,,512000000
2026-05-30 16:45:16.527,2,1.92,,512000000
2026-05-30 16:45:16.524,2,1.91,,512000000
2026-05-30 16:45:16.519,2,1.69,,512000000
2026-05-30 16:45:16.515,2,1.89,,512000000
2026-05-30 16:45:16.515,2,1.82,,512000000
2026-05-30 16:45:16.506,2,2,,512000000
2026-05-30 16:45:16.496,2,1.61,,512000000
2026-05-30 16:45:16.485,2,1.75,,512000000
2026-05-30 16:45:16.484,2,1.75,,512000000
2026-05-30 16:45:16.483,2,1.95,,512000000
2026-05-30 16:45:16.471,2,1.69,,512000000
2026-05-30 16:45:16.470,2,1.92,,512000000
2026-05-30 16:45:16.467,2,1.73,,512000000
2026-05-30 16:45:16.464,2,1.72,,512000000
2026-05-30 16:45:16.461,2,2,,512000000
2026-05-30 16:45:16.436,2,1.75,,512000000
2026-05-30 16:45:16.430,2,1.83,,512000000
2026-05-30 16:45:16.424,2,1.85,,512000000
2026-05-30 16:45:16.397,10,9.62,,512000000
2026-05-30 16:45:16.378,3,2.33,,512000000
2026-05-30 16:45:16.377,3,2.02,,512000000
2026-05-30 16:45:16.351,3,2.1,,512000000
2026-05-30 16:45:16.344,2,1.93,,512000000
2026-05-30 16:45:16.340,2,1.69,,512000000
2026-05-30 16:45:16.323,2,1.75,,512000000
2026-05-30 16:45:16.318,3,2.14,,512000000
2026-05-30 16:45:16.312,2,1.74,,512000000
2026-05-30 16:45:16.308,2,1.71,,512000000
2026-05-30 16:45:16.298,2,1.78,,512000000
2026-05-30 16:45:16.278,5,4.45,,512000000
2026-05-30 16:45:16.259,3,2.06,,512000000
2026-05-30 16:45:16.258,2,1.65,,512000000
2026-05-30 16:45:16.258,2,1.65,,512000000
2026-05-30 16:45:16.254,3,2.09,,512000000
2026-05-30 16:45:16.249,2,1.96,,512000000
2026-05-30 16:45:16.241,6,5.57,,512000000
2026-05-30 16:45:16.239,2,1.86,,512000000
2026-05-30 16:45:16.225,2,1.67,,512000000
2026-05-30 16:45:16.204,2,1.72,,512000000
2026-05-30 16:45:16.184,2,1.88,,512000000
2026-05-30 16:45:16.152,5,4.34,,512000000
2026-05-30 16:45:16.138,2,1.63,,512000000
2026-05-30 16:45:16.135,2,1.91,,512000000
2026-05-30 16:45:16.133,2,1.9,,512000000
2026-05-30 16:45:16.118,2,1.67,,512000000
2026-05-30 16:45:16.118,2,1.91,,512000000
2026-05-30 16:45:16.106,2,1.88,,512000000
2026-05-30 16:45:16.095,2,1.88,,512000000
2026-05-30 16:45:16.085,2,1.75,,512000000
2026-05-30 16:45:16.082,2,1.96,,512000000
2026-05-30 16:45:16.080,2,1.94,,512000000
2026-05-30 16:45:16.046,2,1.73,,512000000
2026-05-30 16:45:16.022,3,2.06,,512000000
2026-05-30 16:45:16.015,2,1.94,,512000000
2026-05-30 16:45:16.013,2,1.76,,512000000
2026-05-30 16:45:16.008,2,1.69,,512000000
2026-05-30 16:45:15.973,3,2.08,,512000000
2026-05-30 16:45:15.968,2,1.59,,512000000
2026-05-30 16:45:15.968,10,9.39,,512000000
2026-05-30 16:45:15.964,2,1.99,,512000000
2026-05-30 16:45:15.951,3,2.38,,512000000
2026-05-30 16:45:15.949,2,1.91,,512000000
2026-05-30 16:45:15.947,2,1.79,,512000000
2026-05-30 16:45:15.941,2,1.82,,512000000
2026-05-30 16:45:15.926,2,1.74,,512000000
2026-05-30 16:45:15.921,2,1.77,,512000000
2026-05-30 16:45:15.920,3,2.06,,512000000
2026-05-30 16:45:15.919,2,1.77,,512000000
2026-05-30 16:45:15.905,2,1.72,,512000000
2026-05-30 16:45:15.900,3,2.02,,512000000
2026-05-30 16:45:15.896,2,1.94,,512000000
2026-05-30 16:45:15.894,2,1.91,,512000000
2026-05-30 16:45:15.852,5,4.37,,512000000
2026-05-30 16:45:15.828,2,1.82,,512000000
2026-05-30 16:45:15.825,2,1.65,,512000000
2026-05-30 16:45:15.823,2,1.89,,512000000
2026-05-30 16:45:15.806,2,1.93,,512000000
2026-05-30 16:45:15.774,2,1.85,,512000000
2026-05-30 16:45:15.759,2,1.72,,512000000
2026-05-30 16:45:15.753,3,2.15,,512000000
2026-05-30 16:45:15.752,2,1.68,,512000000
2026-05-30 16:45:15.736,2,1.81,,512000000
2026-05-30 16:45:15.715,2,1.99,,512000000
2026-05-30 16:45:15.713,7,6.24,,512000000
2026-05-30 16:45:15.709,2,1.77,,512000000
2026-05-30 16:45:15.708,2,1.6,,512000000
2026-05-30 16:45:15.680,5,4.24,,512000000
2026-05-30 16:45:15.669,6,5.37,,512000000
2026-05-30 16:45:15.665,9,8.22,,512000000
2026-05-30 16:45:15.620,2,1.8,,512000000
2026-05-30 16:45:15.613,2,1.78,,512000000
2026-05-30 16:45:15.571,2,1.75,,512000000
2026-05-30 16:45:15.561,8,7.2,,512000000
2026-05-30 16:45:15.552,3,2.23,,512000000
2026-05-30 16:45:15.544,2,1.66,,512000000
2026-05-30 16:45:15.543,2,1.53,,512000000
2026-05-30 16:45:15.541,2,1.88,,512000000
2026-05-30 16:45:15.536,3,2.35,,512000000
2026-05-30 16:45:15.536,2,1.84,,512000000
2026-05-30 16:45:15.519,2,1.68,,512000000
2026-05-30 16:45:15.507,2,1.62,,512000000
2026-05-30 16:45:15.505,2,1.71,,512000000
2026-05-30 16:45:15.479,2,1.96,,512000000
2026-05-30 16:45:15.476,2,1.87,,512000000
2026-05-30 16:45:15.475,7,6.41,,512000000
2026-05-30 16:45:15.447,2,1.68,,512000000
2026-05-30 16:45:15.447,3,2.09,,512000000
2026-05-30 16:45:15.429,3,2.09,,512000000
2026-05-30 16:45:15.428,2,1.85,,512000000
2026-05-30 16:45:15.422,2,1.95,,512000000
2026-05-30 16:45:15.421,3,2.26,,512000000
2026-05-30 16:45:15.420,2,1.95,,512000000
2026-05-30 16:45:15.409,18,17.81,,512000000
2026-05-30 16:45:15.379,3,2.12,,512000000
2026-05-30 16:45:15.376,2,1.79,,512000000
2026-05-30 16:45:15.374,2,1.62,,512000000
2026-05-30 16:45:15.370,10,9.17,,512000000
2026-05-30 16:45:15.358,2,1.7,,512000000
2026-05-30 16:45:15.328,2,1.8,,512000000
2026-05-30 16:45:15.321,3,2.44,,512000000
2026-05-30 16:45:15.304,9,8.5,,512000000
2026-05-30 16:45:15.298,23,22.35,,512000000
2026-05-30 16:45:15.291,23,22.73,,512000000
2026-05-30 16:45:15.289,2,1.81,,512000000
2026-05-30 16:45:15.287,2,1.76,,512000000
2026-05-30 16:45:15.269,2,1.74,,512000000
2026-05-30 16:45:15.236,2,1.85,,512000000
2026-05-30 16:45:15.207,2,1.64,,512000000
2026-05-30 16:45:15.192,5,4.28,,512000000
2026-05-30 16:45:15.181,16,15.36,,512000000
2026-05-30 16:45:15.171,2,1.75,,512000000
2026-05-30 16:45:15.170,2,1.99,,512000000
2026-05-30 16:45:15.165,3,2.36,,512000000
2026-05-30 16:45:15.164,2,1.97,,512000000
2026-05-30 16:45:15.156,3,2.12,,512000000
2026-05-30 16:45:15.151,10,9.88,,512000000
2026-05-30 16:45:15.143,18,17.72,,512000000
2026-05-30 16:45:15.134,2,1.81,,512000000
2026-05-30 16:45:15.124,3,2.29,,512000000
2026-05-30 16:45:15.121,2,1.76,,512000000
2026-05-30 16:45:15.114,2,1.84,,512000000
2026-05-30 16:45:15.082,2,1.68,,512000000
2026-05-30 16:45:15.062,2,1.94,,512000000
2026-05-30 16:45:15.051,2,1.8,,512000000
2026-05-30 16:45:15.047,2,1.87,,512000000
2026-05-30 16:45:15.045,2,1.88,,512000000
2026-05-30 16:45:15.016,2,1.76,,512000000
2026-05-30 16:45:15.013,2,1.81,,512000000
2026-05-30 16:45:15.011,3,2.12,,512000000
2026-05-30 16:45:15.010,2,1.7,,512000000
2026-05-30 16:45:15.009,2,1.93,,512000000
2026-05-30 16:45:14.994,3,2.58,,512000000
2026-05-30 16:45:14.982,2,1.72,,512000000
2026-05-30 16:45:14.944,2,1.68,,512000000
2026-05-30 16:45:14.933,2,1.97,,512000000
2026-05-30 16:45:14.929,2,1.84,,512000000
2026-05-30 16:45:14.929,2,1.64,,512000000
2026-05-30 16:45:14.905,2,1.59,,512000000
2026-05-30 16:45:14.879,2,1.73,,512000000
2026-05-30 16:45:14.877,2,1.61,,512000000
2026-05-30 16:45:14.860,2,1.61,,512000000
2026-05-30 16:45:14.858,2,1.74,,512000000
2026-05-30 16:45:14.854,31,30.31,,512000000
2026-05-30 16:45:14.854,2,1.85,,512000000
2026-05-30 16:45:14.838,2,1.82,,512000000
2026-05-30 16:45:14.827,2,1.59,,512000000
2026-05-30 16:45:14.826,2,1.7,,512000000
2026-05-30 16:45:14.823,2,1.67,,512000000
2026-05-30 16:45:14.822,2,1.87,,512000000
2026-05-30 16:45:14.817,3,2.88,,512000000
2026-05-30 16:45:14.806,2,1.95,,512000000
2026-05-30 16:45:14.780,4,3.91,,512000000
2026-05-30 16:45:14.773,11,10.5,,512000000
2026-05-30 16:45:14.763,3,2.04,,512000000
2026-05-30 16:45:14.755,2,1.78,,512000000
2026-05-30 16:45:14.755,2,1.96,,512000000
2026-05-30 16:45:14.736,2,1.91,,512000000
2026-05-30 16:45:14.733,9,8.9,,512000000
2026-05-30 16:45:14.729,3,2.01,,512000000
2026-05-30 16:45:14.723,3,2.51,,512000000
2026-05-30 16:45:14.722,2,1.77,,512000000
2026-05-30 16:45:14.704,3,2.42,,512000000
2026-05-30 16:45:14.703,2,1.67,,512000000
2026-05-30 16:45:14.689,2,1.8,,512000000
2026-05-30 16:45:14.687,2,1.9,,512000000
2026-05-30 16:45:14.681,3,2.04,,512000000
2026-05-30 16:45:14.658,3,2.4,,512000000
2026-05-30 16:45:14.646,2,1.83,,512000000
2026-05-30 16:45:14.601,2,1.79,,512000000
2026-05-30 16:45:14.589,2,2,,512000000
2026-05-30 16:45:14.586,2,1.79,,512000000
2026-05-30 16:45:14.576,3,2.41,,512000000
2026-05-30 16:45:14.576,3,2.06,,512000000
2026-05-30 16:45:14.572,2,1.79,,512000000
2026-05-30 16:45:14.553,2,1.86,,512000000
2026-05-30 16:45:14.547,3,2,,512000000
2026-05-30 16:45:14.544,2,1.78,,512000000
2026-05-30 16:45:14.496,2,1.98,,512000000
2026-05-30 16:45:14.471,2,1.92,,512000000
2026-05-30 16:45:14.450,2,1.9,,512000000
2026-05-30 16:45:14.434,2,1.79,,512000000
2026-05-30 16:45:14.434,2,1.8,,512000000
2026-05-30 16:45:14.429,3,2.38,,512000000
2026-05-30 16:45:14.419,2,1.86,,512000000
2026-05-30 16:45:14.416,2,1.93,,512000000
2026-05-30 16:45:14.413,3,2.11,,512000000
2026-05-30 16:45:14.400,2,1.82,,512000000
2026-05-30 16:45:14.398,3,2.11,,512000000
2026-05-30 16:45:14.390,3,2.45,,512000000
2026-05-30 16:45:14.348,6,5.33,,512000000
2026-05-30 16:45:14.344,3,2.03,,512000000
2026-05-30 16:45:14.327,14,13.95,,512000000
2026-05-30 16:45:14.316,2,1.79,,512000000
2026-05-30 16:45:14.308,44,43.13,,512000000
2026-05-30 16:45:14.298,2,1.68,,512000000
2026-05-30 16:45:14.296,3,2.02,,512000000
2026-05-30 16:45:14.276,3,2.32,,512000000
2026-05-30 16:45:14.259,2,1.82,,512000000
2026-05-30 16:45:14.251,2,1.94,,512000000
2026-05-30 16:45:14.205,2,1.84,,512000000
2026-05-30 16:45:14.203,2,1.82,,512000000
2026-05-30 16:45:14.190,2,1.74,,512000000
2026-05-30 16:45:14.172,32,31.35,,512000000
2026-05-30 16:45:14.170,2,1.72,,512000000
2026-05-30 16:45:14.164,3,2.13,,512000000
2026-05-30 16:45:14.160,2,1.62,,512000000
2026-05-30 16:45:14.139,11,10.93,,512000000
2026-05-30 16:45:14.137,19,18.46,,512000000
2026-05-30 16:45:14.128,2,1.93,,512000000
2026-05-30 16:45:14.124,2,1.67,,512000000
2026-05-30 16:45:14.120,2,1.92,,512000000
2026-05-30 16:45:14.117,19,18.23,,512000000
2026-05-30 16:45:14.078,11,10.75,,512000000
2026-05-30 16:45:14.059,2,1.8,,512000000
2026-05-30 16:45:14.058,2,1.93,,512000000
2026-05-30 16:45:14.057,2,1.89,,512000000
2026-05-30 16:45:14.057,2,1.76,,512000000
2026-05-30 16:45:14.045,2,1.73,,512000000
2026-05-30 16:45:14.044,2,1.64,,512000000
2026-05-30 16:45:14.042,2,1.51,,512000000
2026-05-30 16:45:14.035,2,1.75,,512000000
2026-05-30 16:45:13.987,2,1.81,,512000000
2026-05-30 16:45:13.985,2,1.84,,512000000
2026-05-30 16:45:13.974,2,1.64,,512000000
2026-05-30 16:45:13.946,2,1.85,,512000000
2026-05-30 16:45:13.944,3,2.02,,512000000
2026-05-30 16:45:13.940,3,2.75,,512000000
2026-05-30 16:45:13.939,2,1.65,,512000000
2026-05-30 16:45:13.904,19,18.84,,512000000
2026-05-30 16:45:13.902,3,2.15,,512000000
2026-05-30 16:45:13.874,2,1.98,,512000000
2026-05-30 16:45:13.857,8,7.81,,512000000
2026-05-30 16:45:13.848,3,2.01,,512000000
2026-05-30 16:45:13.845,3,2.02,,512000000
2026-05-30 16:45:13.838,2,1.6,,512000000
2026-05-30 16:45:13.836,17,16.9,,512000000
2026-05-30 16:45:13.832,23,22.82,,512000000
2026-05-30 16:45:13.832,2,1.72,,512000000
2026-05-30 16:45:13.829,2,1.85,,512000000
2026-05-30 16:45:13.827,2,1.7,,512000000
2026-05-30 16:45:13.820,3,2.05,,512000000
2026-05-30 16:45:13.817,5,4.53,,512000000
2026-05-30 16:45:13.774,3,2.04,,512000000
2026-05-30 16:45:13.762,2,1.72,,512000000
2026-05-30 16:45:13.738,2,1.73,,512000000
2026-05-30 16:45:13.710,7,6.68,,512000000
2026-05-30 16:45:13.709,2,1.95,,512000000
2026-05-30 16:45:13.706,2,1.74,,512000000
2026-05-30 16:45:13.688,2,1.9,,512000000
2026-05-30 16:45:13.675,3,2.37,,512000000
2026-05-30 16:45:13.660,2,1.99,,512000000
2026-05-30 16:45:13.645,2,1.56,,512000000
2026-05-30 16:45:13.645,2,1.78,,512000000
2026-05-30 16:45:13.640,2,1.91,,512000000
2026-05-30 16:45:13.638,2,1.71,,512000000
2026-05-30 16:45:13.636,3,2.01,,512000000
2026-05-30 16:45:13.635,3,2.61,,512000000
2026-05-30 16:45:13.606,2,1.83,,512000000
2026-05-30 16:45:13.606,2,1.79,,512000000
2026-05-30 16:45:13.605,2,1.86,,512000000
2026-05-30 16:45:13.587,3,2.36,,512000000
2026-05-30 16:45:13.583,18,17.99,,512000000
2026-05-30 16:45:13.569,2,1.76,,512000000
2026-05-30 16:45:13.566,2,1.84,,512000000
2026-05-30 16:45:13.548,2,1.79,,512000000
2026-05-30 16:45:13.548,2,1.86,,512000000
2026-05-30 16:45:13.500,3,2.05,,512000000
2026-05-30 16:45:13.495,22,21.67,,512000000
2026-05-30 16:45:13.481,2,1.74,,512000000
2026-05-30 16:45:13.469,2,1.69,,512000000
2026-05-30 16:45:13.463,3,2.47,,512000000
2026-05-30 16:45:13.460,2,1.75,,512000000
2026-05-30 16:45:13.454,2,2,,512000000
2026-05-30 16:45:13.434,2,1.64,,512000000
2026-05-30 16:45:13.432,2,1.75,,512000000
2026-05-30 16:45:13.417,2,1.76,,512000000
2026-05-30 16:45:13.398,2,1.96,,512000000
2026-05-30 16:45:13.391,2,1.93,,512000000
2026-05-30 16:45:13.383,2,1.96,,512000000
2026-05-30 16:45:13.377,2,1.95,,512000000
2026-05-30 16:45:13.366,5,4.1,,512000000
2026-05-30 16:45:13.353,2,1.73,,512000000
2026-05-30 16:45:13.341,2,1.73,,512000000
2026-05-30 16:45:13.331,2,1.87,,512000000
2026-05-30 16:45:13.310,2,1.77,,512000000
2026-05-30 16:45:13.308,2,1.71,,512000000
2026-05-30 16:45:13.306,3,2.17,,512000000
2026-05-30 16:45:13.290,2,1.77,,512000000
2026-05-30 16:45:13.279,3,2.14,,512000000
2026-05-30 16:45:13.261,2,1.87,,512000000
2026-05-30 16:45:13.233,2,1.76,,512000000
2026-05-30 16:45:13.232,2,1.93,,512000000
2026-05-30 16:45:13.228,5,4.14,,512000000
2026-05-30 16:45:13.210,2,1.83,,512000000
2026-05-30 16:45:13.209,2,1.85,,512000000
2026-05-30 16:45:13.193,3,2.09,,512000000
2026-05-30 16:45:13.192,2,1.67,,512000000
2026-05-30 16:45:13.186,3,2.13,,512000000
2026-05-30 16:45:13.184,2,1.88,,512000000
2026-05-30 16:45:13.151,2,1.98,,512000000
2026-05-30 16:45:13.137,2,1.82,,512000000
2026-05-30 16:45:13.119,3,2.15,,512000000
2026-05-30 16:45:13.118,2,1.98,,512000000
2026-05-30 16:45:13.098,2,1.67,,512000000
2026-05-30 16:45:13.085,6,5.81,,512000000
2026-05-30 16:45:13.076,7,6.79,,512000000
2026-05-30 16:45:13.075,2,1.73,,512000000
2026-05-30 16:45:13.075,2,1.89,,512000000
2026-05-30 16:45:13.073,2,1.83,,512000000
2026-05-30 16:45:13.073,2,1.9,,512000000
2026-05-30 16:45:13.061,2,1.8,,512000000
2026-05-30 16:45:13.057,4,3.77,,512000000
2026-05-30 16:45:13.051,2,1.78,,512000000
2026-05-30 16:45:13.045,3,2.24,,512000000
2026-05-30 16:45:13.044,7,6.28,,512000000
2026-05-30 16:45:13.041,2,1.91,,512000000
2026-05-30 16:45:13.031,2,1.82,,512000000
2026-05-30 16:45:13.029,2,1.73,,512000000
2026-05-30 16:45:13.025,2,1.91,,512000000
2026-05-30 16:45:13.017,7,6.91,,512000000
2026-05-30 16:45:13.017,9,8.22,,512000000
2026-05-30 16:45:13.017,2,1.88,,512000000
2026-05-30 16:45:13.008,3,2.01,,512000000
2026-05-30 16:45:13.003,2,1.66,,512000000
2026-05-30 16:45:12.972,3,2.06,,512000000
2026-05-30 16:45:12.945,2,1.8,,512000000
2026-05-30 16:45:12.944,2,1.86,,512000000
2026-05-30 16:45:12.909,2,1.98,,512000000
2026-05-30 16:45:12.890,3,2.19,,512000000
2026-05-30 16:45:12.855,2,1.86,,512000000
2026-05-30 16:45:12.850,2,1.8,,512000000
2026-05-30 16:45:12.846,2,1.6,,512000000
2026-05-30 16:45:12.839,3,2.06,,512000000
2026-05-30 16:45:12.820,2,1.86,,512000000
2026-05-30 16:45:12.815,2,1.97,,512000000
2026-05-30 16:45:12.801,2,1.73,,512000000
2026-05-30 16:45:12.784,2,1.99,,512000000
2026-05-30 16:45:12.783,2,1.92,,512000000
2026-05-30 16:45:12.757,5,4.38,,512000000
2026-05-30 16:45:12.714,3,2.08,,512000000
2026-05-30 16:45:12.708,2,1.84,,512000000
2026-05-30 16:45:12.707,10,9.23,,512000000
2026-05-30 16:45:12.679,7,6.19,,512000000
2026-05-30 16:45:12.657,15,14,,512000000
2026-05-30 16:45:12.605,2,1.89,,512000000
2026-05-30 16:45:12.581,2,1.82,,512000000
2026-05-30 16:45:12.578,2,1.72,,512000000
2026-05-30 16:45:12.560,2,1.95,,512000000
2026-05-30 16:45:12.525,8,7.58,,512000000
2026-05-30 16:45:12.515,3,2.01,,512000000
2026-05-30 16:45:12.497,5,4.85,,512000000
2026-05-30 16:45:12.495,2,1.84,,512000000
2026-05-30 16:45:12.486,2,1.7,,512000000
2026-05-30 16:45:12.482,2,1.84,,512000000
2026-05-30 16:45:12.478,2,1.98,,512000000
2026-05-30 16:45:12.476,3,2.72,,512000000
2026-05-30 16:45:12.471,2,1.83,,512000000
2026-05-30 16:45:12.445,3,2.15,,512000000
2026-05-30 16:45:12.438,3,2.02,,512000000
2026-05-30 16:45:12.431,2,1.94,,512000000
2026-05-30 16:45:12.419,2,1.75,,512000000
2026-05-30 16:45:12.414,3,2.36,,512000000
2026-05-30 16:45:12.398,2,1.92,,512000000
2026-05-30 16:45:12.396,2,1.75,,512000000
2026-05-30 16:45:12.388,2,1.93,,512000000
2026-05-30 16:45:12.385,2,1.75,,512000000
2026-05-30 16:45:12.382,2,1.77,,512000000
2026-05-30 16:45:12.377,3,2.07,,512000000
2026-05-30 16:45:12.368,2,1.84,,512000000
2026-05-30 16:45:12.368,3,2.29,,512000000
2026-05-30 16:45:12.353,3,2.43,,512000000
2026-05-30 16:45:12.327,2,1.82,,512000000
2026-05-30 16:45:12.295,19,18.92,,512000000
2026-05-30 16:45:12.292,3,2.31,,512000000
2026-05-30 16:45:12.279,2,1.77,,512000000
2026-05-30 16:45:12.274,2,1.75,,512000000
2026-05-30 16:45:12.257,12,11.99,,512000000
2026-05-30 16:45:12.240,2,1.77,,512000000
2026-05-30 16:45:12.238,2,1.92,,512000000
2026-05-30 16:45:12.236,7,6.2,,512000000
2026-05-30 16:45:12.234,19,18.22,,512000000
2026-05-30 16:45:12.220,6,5.97,,512000000
2026-05-30 16:45:12.216,2,1.73,,512000000
2026-05-30 16:45:12.162,2,1.81,,512000000
2026-05-30 16:45:12.141,2,1.66,,512000000
2026-05-30 16:45:12.136,2,1.91,,512000000
2026-05-30 16:45:12.121,2,1.66,,512000000
2026-05-30 16:45:12.112,2,1.6,,512000000
2026-05-30 16:45:12.076,2,1.96,,512000000
2026-05-30 16:45:12.071,2,1.72,,512000000
2026-05-30 16:45:12.054,2,1.98,,512000000
2026-05-30 16:45:12.051,2,1.78,,512000000
2026-05-30 16:45:12.046,3,2.47,,512000000
2026-05-30 16:45:12.028,2,1.84,,512000000
2026-05-30 16:45:12.012,7,6.93,,512000000
2026-05-30 16:45:12.009,12,11.76,,512000000
2026-05-30 16:45:12.001,2,1.71,,512000000
2026-05-30 16:45:11.995,2,1.91,,512000000
2026-05-30 16:45:11.989,3,2.2,,512000000
2026-05-30 16:45:11.985,2,1.87,,512000000
2026-05-30 16:45:11.967,2,1.97,,512000000
2026-05-30 16:45:11.948,2,1.93,,512000000
2026-05-30 16:45:11.940,2,1.75,,512000000
2026-05-30 16:45:11.932,2,1.91,,512000000
2026-05-30 16:45:11.929,2,1.98,,512000000
2026-05-30 16:45:11.926,3,2.17,,512000000
2026-05-30 16:45:11.912,2,1.73,,512000000
2026-05-30 16:45:11.912,2,1.92,,512000000
2026-05-30 16:45:11.892,3,2.09,,512000000
2026-05-30 16:45:11.872,2,1.85,,512000000
2026-05-30 16:45:11.871,2,1.74,,512000000
2026-05-30 16:45:11.868,10,9.77,,512000000
2026-05-30 16:45:11.839,3,2.59,,512000000
2026-05-30 16:45:11.837,3,2.04,,512000000
2026-05-30 16:45:11.831,3,2.06,,512000000
2026-05-30 16:45:11.814,3,2.05,,512000000
2026-05-30 16:45:11.804,2,1.98,,512000000
2026-05-30 16:45:11.780,2,1.77,,512000000
2026-05-30 16:45:11.774,2,1.89,,512000000
2026-05-30 16:45:11.772,22,21.72,,512000000
2026-05-30 16:45:11.766,4,3.54,,512000000
2026-05-30 16:45:11.760,2,1.86,,512000000
2026-05-30 16:45:11.759,2,1.88,,512000000
2026-05-30 16:45:11.749,2,1.96,,512000000
2026-05-30 16:45:11.747,3,2.22,,512000000
2026-05-30 16:45:11.728,2,1.97,,512000000
2026-05-30 16:45:11.726,3,2.05,,512000000
2026-05-30 16:45:11.724,2,1.86,,512000000
2026-05-30 16:45:11.712,8,7.28,,512000000
2026-05-30 16:45:11.701,2,1.98,,512000000
2026-05-30 16:45:11.698,2,1.71,,512000000
2026-05-30 16:45:11.687,12,11.99,,512000000
2026-05-30 16:45:11.666,6,5.12,,512000000
2026-05-30 16:45:11.666,2,1.99,,512000000
2026-05-30 16:45:11.657,3,2.53,,512000000
2026-05-30 16:45:11.655,2,1.8,,512000000
2026-05-30 16:45:11.628,3,2.28,,512000000
2026-05-30 16:45:11.626,2,1.74,,512000000
2026-05-30 16:45:11.621,2,1.92,,512000000
2026-05-30 16:45:11.621,3,2.26,,512000000
2026-05-30 16:45:11.616,2,1.92,,512000000
2026-05-30 16:45:11.614,8,7.87,,512000000
2026-05-30 16:45:11.589,11,10.45,,512000000
2026-05-30 16:45:11.583,2,1.82,,512000000
2026-05-30 16:45:11.555,4,3.87,,512000000
2026-05-30 16:45:11.545,2,1.88,,512000000
2026-05-30 16:45:11.524,3,2.08,,512000000
2026-05-30 16:45:11.515,3,2.04,,512000000
2026-05-30 16:45:11.512,9,8.09,,512000000
2026-05-30 16:45:11.505,2,1.73,,512000000
2026-05-30 16:45:11.503,2,1.95,,512000000
2026-05-30 16:45:11.490,22,21.41,,512000000
2026-05-30 16:45:11.478,2,1.89,,512000000
2026-05-30 16:45:11.476,2,1.84,,512000000
2026-05-30 16:45:11.435,3,2.45,,512000000
2026-05-30 16:45:11.418,2,1.99,,512000000
2026-05-30 16:45:11.409,2,1.9,,512000000
2026-05-30 16:45:11.408,5,4.1,,512000000
2026-05-30 16:45:11.404,8,7.28,,512000000
2026-05-30 16:45:11.403,2,1.92,,512000000
2026-05-30 16:45:11.402,5,4.11,,512000000
2026-05-30 16:45:11.389,2,1.9,,512000000
2026-05-30 16:45:11.376,2,1.75,,512000000
2026-05-30 16:45:11.375,5,4.1,,512000000
2026-05-30 16:45:11.374,2,1.83,,512000000
2026-05-30 16:45:11.368,10,9.06,,512000000
2026-05-30 16:45:11.357,2,1.93,,512000000
2026-05-30 16:45:11.351,2,1.87,,512000000
2026-05-30 16:45:11.351,2,1.89,,512000000
2026-05-30 16:45:11.345,2,1.99,,512000000
2026-05-30 16:45:11.335,5,4.82,,512000000
2026-05-30 16:45:11.319,2,1.83,,512000000
2026-05-30 16:45:11.293,31,30.29,,512000000
2026-05-30 16:45:11.291,2,1.67,,512000000
2026-05-30 16:45:11.276,3,2.02,,512000000
2026-05-30 16:45:11.266,3,2,,512000000
2026-05-30 16:45:11.263,2,1.72,,512000000
2026-05-30 16:45:11.241,2,1.96,,512000000
2026-05-30 16:45:11.213,3,2.54,,512000000
2026-05-30 16:45:11.209,2,1.81,,512000000
2026-05-30 16:45:11.189,26,25.78,,512000000
2026-05-30 16:45:11.189,3,2.09,,512000000
2026-05-30 16:45:11.157,3,2.17,,512000000
2026-05-30 16:45:11.141,2,1.65,,512000000
2026-05-30 16:45:11.110,3,2.14,,512000000
2026-05-30 16:45:11.096,2,1.84,,512000000
2026-05-30 16:45:11.095,3,2.12,,512000000
2026-05-30 16:45:11.075,11,10.61,,512000000
2026-05-30 16:45:11.075,18,17.55,,512000000
2026-05-30 16:45:11.058,2,1.9,,512000000
2026-05-30 16:45:11.044,2,1.81,,512000000
2026-05-30 16:45:11.033,2,1.75,,512000000
2026-05-30 16:45:11.032,22,21.17,,512000000
2026-05-30 16:45:11.028,3,2.37,,512000000
2026-05-30 16:45:11.020,3,2.4,,512000000
2026-05-30 16:45:11.006,3,2.08,,512000000
2026-05-30 16:45:10.968,2,1.79,,512000000
2026-05-30 16:45:10.964,2,1.98,,512000000
2026-05-30 16:45:10.949,4,3.22,,512000000
2026-05-30 16:45:10.943,4,3.06,,512000000
2026-05-30 16:45:10.935,2,1.79,,512000000
2026-05-30 16:45:10.927,11,10.08,,512000000
2026-05-30 16:45:10.910,2,1.85,,512000000
2026-05-30 16:45:10.892,26,25.14,,512000000
2026-05-30 16:45:10.886,3,2.01,,512000000
2026-05-30 16:45:10.860,2,1.76,,512000000
2026-05-30 16:45:10.858,2,1.66,,512000000
2026-05-30 16:45:10.856,2,1.93,,512000000
2026-05-30 16:45:10.855,2,1.75,,512000000
2026-05-30 16:45:10.837,5,4.92,,512000000
2026-05-30 16:45:10.816,3,2.03,,512000000
2026-05-30 16:45:10.816,19,18.18,,512000000
2026-05-30 16:45:10.811,2,1.89,,512000000
2026-05-30 16:45:10.788,5,4.47,,512000000
2026-05-30 16:45:10.769,3,2.75,,512000000
2026-05-30 16:45:10.761,3,2.02,,512000000
2026-05-30 16:45:10.752,2,1.82,,512000000
2026-05-30 16:45:10.744,3,2.07,,512000000
2026-05-30 16:45:10.738,3,2.11,,512000000
2026-05-30 16:45:10.737,3,2.17,,512000000
2026-05-30 16:45:10.713,15,14.5,,512000000
2026-05-30 16:45:10.709,3,2.83,,512000000
2026-05-30 16:45:10.704,2,1.85,,512000000
2026-05-30 16:45:10.702,38,37.11,,512000000
2026-05-30 16:45:10.697,2,1.85,,512000000
2026-05-30 16:45:10.677,2,1.78,,512000000
2026-05-30 16:45:10.672,2,1.67,,512000000
2026-05-30 16:45:10.658,9,8.49,,512000000
2026-05-30 16:45:10.598,3,2.02,,512000000
2026-05-30 16:45:10.591,4,3.82,,512000000
2026-05-30 16:45:10.575,2,1.82,,512000000
2026-05-30 16:45:10.571,2,1.55,,512000000
2026-05-30 16:45:10.555,3,2.01,,512000000
2026-05-30 16:45:10.547,3,2.68,,512000000
2026-05-30 16:45:10.547,3,2.3,,512000000
2026-05-30 16:45:10.489,2,1.87,,512000000
2026-05-30 16:45:10.480,3,2.41,,512000000
2026-05-30 16:45:10.478,9,8.66,,512000000
2026-05-30 16:45:10.468,19,18.82,,512000000
2026-05-30 16:45:10.465,3,2.63,,512000000
2026-05-30 16:45:10.458,18,17.03,,512000000
2026-05-30 16:45:10.456,2,1.69,,512000000
2026-05-30 16:45:10.456,5,4.51,,512000000
2026-05-30 16:45:10.449,3,2.1,,512000000
2026-05-30 16:45:10.435,2,1.85,,512000000
2026-05-30 16:45:10.427,3,2.02,,512000000
2026-05-30 16:45:10.426,2,1.74,,512000000
2026-05-30 16:45:10.405,3,2.04,,512000000
2026-05-30 16:45:10.400,2,1.91,,512000000
2026-05-30 16:45:10.399,2,1.87,,512000000
2026-05-30 16:45:10.358,2,1.74,,512000000
2026-05-30 16:45:10.304,2,1.78,,512000000
2026-05-30 16:45:10.295,14,13.24,,512000000
2026-05-30 16:45:10.280,2,1.81,,512000000
2026-05-30 16:45:10.273,9,8.94,,512000000
2026-05-30 16:45:10.269,43,42.66,,512000000
2026-05-30 16:45:10.268,2,1.77,,512000000
2026-05-30 16:45:10.264,2,1.99,,512000000
2026-05-30 16:45:10.263,2,1.8,,512000000
2026-05-30 16:45:10.258,3,2.04,,512000000
2026-05-30 16:45:10.255,26,25.71,,512000000
2026-05-30 16:45:10.245,2,1.72,,512000000
2026-05-30 16:45:10.239,2,1.98,,512000000
2026-05-30 16:45:10.211,3,2.01,,512000000
2026-05-30 16:45:10.206,2,1.79,,512000000
2026-05-30 16:45:10.181,2,1.76,,512000000
2026-05-30 16:45:10.174,3,2.12,,512000000
2026-05-30 16:45:10.166,5,4.61,,512000000
2026-05-30 16:45:10.164,6,5.23,,512000000
2026-05-30 16:45:10.135,2,1.92,,512000000
2026-05-30 16:45:10.123,10,9.15,,512000000
2026-05-30 16:45:10.112,2,1.75,,512000000
2026-05-30 16:45:10.097,2,1.99,,512000000
2026-05-30 16:45:10.094,3,2.04,,512000000
2026-05-30 16:45:10.088,5,4.06,,512000000
2026-05-30 16:45:10.081,2,1.89,,512000000
2026-05-30 16:45:10.063,3,2,,512000000
2026-05-30 16:45:10.061,3,2.05,,512000000
2026-05-30 16:45:10.056,3,2.25,,512000000
2026-05-30 16:45:10.051,2,1.62,,512000000
2026-05-30 16:45:10.035,7,6.07,,512000000
2026-05-30 16:45:10.033,20,19.82,,512000000
2026-05-30 16:45:10.022,2,1.78,,512000000
2026-05-30 16:45:10.020,5,4.25,,512000000
2026-05-30 16:45:10.014,2,1.78,,512000000
2026-05-30 16:45:10.005,21,20.1,,512000000
2026-05-30 16:45:10.004,3,2.35,,512000000
2026-05-30 16:45:09.999,2,1.97,,512000000
2026-05-30 16:45:09.996,2,1.94,,512000000
2026-05-30 16:45:09.972,2,1.89,,512000000
2026-05-30 16:45:09.969,2,1.88,,512000000
2026-05-30 16:45:09.951,2,1.94,,512000000
2026-05-30 16:45:09.935,2,1.95,,512000000
2026-05-30 16:45:09.920,2,1.6,,512000000
2026-05-30 16:45:09.920,3,2.03,,512000000
2026-05-30 16:45:09.919,2,1.99,,512000000
2026-05-30 16:45:09.918,2,1.97,,512000000
2026-05-30 16:45:09.888,10,9.52,,512000000
2026-05-30 16:45:09.856,2,1.88,,512000000
2026-05-30 16:45:09.836,2,1.72,,512000000
2026-05-30 16:45:09.833,2,1.73,,512000000
2026-05-30 16:45:09.814,42,41.92,,512000000
2026-05-30 16:45:09.807,2,1.76,,512000000
2026-05-30 16:45:09.796,19,18.27,,512000000
2026-05-30 16:45:09.783,3,2.38,,512000000
2026-05-30 16:45:09.775,2,1.68,,512000000
2026-05-30 16:45:09.751,2,1.79,,512000000
2026-05-30 16:45:09.750,2,1.73,,512000000
2026-05-30 16:45:09.750,3,2.02,,512000000
2026-05-30 16:45:09.744,2,1.83,,512000000
2026-05-30 16:45:09.732,20,19.09,,512000000
2026-05-30 16:45:09.723,2,1.85,,512000000
2026-05-30 16:45:09.721,2,1.63,,512000000
2026-05-30 16:45:09.716,36,35.51,,512000000
2026-05-30 16:45:09.698,3,2.03,,512000000
2026-05-30 16:45:09.696,12,11.97,,512000000
2026-05-30 16:45:09.688,2,1.65,,512000000
2026-05-30 16:45:09.685,3,2,,512000000
2026-05-30 16:45:09.669,2,1.64,,512000000
2026-05-30 16:45:09.633,2,1.82,,512000000
2026-05-30 16:45:09.631,3,2.25,,512000000
2026-05-30 16:45:09.626,10,9.27,,512000000
2026-05-30 16:45:09.624,2,1.89,,512000000
2026-05-30 16:45:09.581,2,1.81,,512000000
2026-05-30 16:45:09.573,2,1.69,,512000000
2026-05-30 16:45:09.548,15,14.33,,512000000
2026-05-30 16:45:09.535,3,2.14,,512000000
2026-05-30 16:45:09.533,2,1.71,,512000000
2026-05-30 16:45:09.530,2,1.86,,512000000
2026-05-30 16:45:09.529,3,2.01,,512000000
2026-05-30 16:45:09.504,2,1.98,,512000000
2026-05-30 16:45:09.501,2,1.94,,512000000
2026-05-30 16:45:09.493,2,1.79,,512000000
2026-05-30 16:45:09.492,2,1.72,,512000000
2026-05-30 16:45:09.491,5,4.29,,512000000
2026-05-30 16:45:09.473,2,1.83,,512000000
2026-05-30 16:45:09.455,3,2.78,,512000000
2026-05-30 16:45:09.453,3,2.02,,512000000
2026-05-30 16:45:09.449,2,1.9,,512000000
2026-05-30 16:45:09.442,2,1.91,,512000000
2026-05-30 16:45:09.438,2,1.68,,512000000
2026-05-30 16:45:09.414,3,2.01,,512000000
2026-05-30 16:45:09.400,2,1.83,,512000000
2026-05-30 16:45:09.391,3,2.03,,512000000
2026-05-30 16:45:09.386,2,1.87,,512000000
2026-05-30 16:45:09.361,2,1.82,,512000000
2026-05-30 16:45:09.337,23,22.05,,512000000
2026-05-30 16:45:09.337,2,1.63,,512000000
2026-05-30 16:45:09.334,25,24.76,,512000000
2026-05-30 16:45:09.331,2,1.67,,512000000
2026-05-30 16:45:09.306,2,1.81,,512000000
2026-05-30 16:45:09.301,2,1.78,,512000000
2026-05-30 16:45:09.285,2,1.67,,512000000
2026-05-30 16:45:09.268,2,1.57,,512000000
2026-05-30 16:45:09.268,7,6.68,,512000000
2026-05-30 16:45:09.260,5,4.8,,512000000
2026-05-30 16:45:09.258,3,2.06,,512000000
2026-05-30 16:45:09.254,2,1.93,,512000000
2026-05-30 16:45:09.251,2,1.6,,512000000
2026-05-30 16:45:09.251,2,1.85,,512000000
2026-05-30 16:45:09.249,3,2.17,,512000000
2026-05-30 16:45:09.211,2,1.69,,512000000
2026-05-30 16:45:09.198,3,2.09,,512000000
2026-05-30 16:45:09.157,2,1.76,,512000000
2026-05-30 16:45:09.155,2,1.78,,512000000
2026-05-30 16:45:09.137,2,1.89,,512000000
2026-05-30 16:45:09.130,2,1.72,,512000000
2026-05-30 16:45:09.119,2,1.91,,512000000
2026-05-30 16:45:09.114,3,2.07,,512000000
2026-05-30 16:45:09.111,2,1.92,,512000000
2026-05-30 16:45:09.083,2,1.85,,512000000
2026-05-30 16:45:09.081,2,1.75,,512000000
2026-05-30 16:45:09.069,2,1.73,,512000000
2026-05-30 16:45:09.048,2,1.78,,512000000
2026-05-30 16:45:09.039,2,1.85,,512000000
2026-05-30 16:45:09.025,2,1.68,,512000000
2026-05-30 16:45:09.020,2,1.87,,512000000
2026-05-30 16:45:09.002,2,1.7,,512000000
2026-05-30 16:45:08.973,2,1.88,,512000000
2026-05-30 16:45:08.963,2,1.73,,512000000
2026-05-30 16:45:08.933,3,2.08,,512000000
2026-05-30 16:45:08.913,7,6.04,,512000000
2026-05-30 16:45:08.909,2,1.73,,512000000
2026-05-30 16:45:08.891,2,1.86,,512000000
2026-05-30 16:45:08.890,2,1.85,,512000000
2026-05-30 16:45:08.886,2,1.65,,512000000
2026-05-30 16:45:08.875,2,1.81,,512000000
2026-05-30 16:45:08.872,3,2.08,,512000000
2026-05-30 16:45:08.867,3,2.03,,512000000
2026-05-30 16:45:08.844,2,1.8,,512000000
2026-05-30 16:45:08.838,2,1.66,,512000000
2026-05-30 16:45:08.836,2,1.93,,512000000
2026-05-30 16:45:08.810,2,1.95,,512000000
2026-05-30 16:45:08.801,2,1.85,,512000000
2026-05-30 16:45:08.794,11,10.04,,512000000
2026-05-30 16:45:08.791,2,1.68,,512000000
2026-05-30 16:45:08.722,2,1.92,,512000000
2026-05-30 16:45:08.721,2,1.93,,512000000
2026-05-30 16:45:08.715,21,20.24,,512000000
2026-05-30 16:45:08.709,2,1.8,,512000000
2026-05-30 16:45:08.708,2,1.92,,512000000
2026-05-30 16:45:08.684,2,1.92,,512000000
2026-05-30 16:45:08.673,2,1.99,,512000000
2026-05-30 16:45:08.634,5,4.92,,512000000
2026-05-30 16:45:08.627,3,2.04,,512000000
2026-05-30 16:45:08.617,2,1.83,,512000000
2026-05-30 16:45:08.600,2,1.98,,512000000
2026-05-30 16:45:08.590,2,1.76,,512000000
2026-05-30 16:45:08.587,3,2.04,,512000000
2026-05-30 16:45:08.579,3,2.1,,512000000
2026-05-30 16:45:08.570,4,3.27,,512000000
2026-05-30 16:45:08.558,2,1.94,,512000000
2026-05-30 16:45:08.520,2,1.9,,512000000
2026-05-30 16:45:08.518,3,2,,512000000
2026-05-30 16:45:08.514,40,39.13,,512000000
2026-05-30 16:45:08.507,2,1.82,,512000000
2026-05-30 16:45:08.505,3,2.02,,512000000
2026-05-30 16:45:08.497,2,1.81,,512000000
2026-05-30 16:45:08.489,22,21.09,,512000000
2026-05-30 16:45:08.474,5,4.33,,512000000
2026-05-30 16:45:08.468,2,1.89,,512000000
2026-05-30 16:45:08.461,2,1.84,,512000000
2026-05-30 16:45:08.455,5,4.69,,512000000
2026-05-30 16:45:08.455,3,2.26,,512000000
2026-05-30 16:45:08.436,2,1.84,,512000000
2026-05-30 16:45:08.429,2,1.76,,512000000
2026-05-30 16:45:08.427,2,2,,512000000
2026-05-30 16:45:08.411,3,2.11,,512000000
2026-05-30 16:45:08.401,2,1.92,,512000000
2026-05-30 16:45:08.377,2,1.79,,512000000
2026-05-30 16:45:08.357,12,11.19,,512000000
2026-05-30 16:45:08.345,19,18.97,,512000000
2026-05-30 16:45:08.341,2,1.63,,512000000
2026-05-30 16:45:08.332,5,4.46,,512000000
2026-05-30 16:45:08.330,3,2.01,,512000000
2026-05-30 16:45:08.327,2,1.81,,512000000
2026-05-30 16:45:08.322,2,1.88,,512000000
2026-05-30 16:45:08.312,2,1.84,,512000000
2026-05-30 16:45:08.312,3,2.07,,512000000
2026-05-30 16:45:08.299,2,1.96,,512000000
2026-05-30 16:45:08.297,2,1.82,,512000000
2026-05-30 16:45:08.295,2,1.75,,512000000
2026-05-30 16:45:08.253,3,2.01,,512000000
2026-05-30 16:45:08.253,2,1.86,,512000000
2026-05-30 16:45:08.253,3,2.32,,512000000
2026-05-30 16:45:08.251,4,3.23,,512000000
2026-05-30 16:45:08.250,2,1.95,,512000000
2026-05-30 16:45:08.242,3,2.35,,512000000
2026-05-30 16:45:08.236,3,2.03,,512000000
2026-05-30 16:45:08.222,2,1.87,,512000000
2026-05-30 16:45:08.214,2,1.75,,512000000
2026-05-30 16:45:08.214,3,2.09,,512000000
2026-05-30 16:45:08.205,2,1.79,,512000000
2026-05-30 16:45:08.171,2,1.93,,512000000
2026-05-30 16:45:08.141,2,1.87,,512000000
2026-05-30 16:45:08.130,2,1.95,,512000000
2026-05-30 16:45:08.121,2,1.98,,512000000
2026-05-30 16:45:08.120,10,9.02,,512000000
2026-05-30 16:45:08.101,8,7.61,,512000000
2026-05-30 16:45:08.099,9,8.23,,512000000
2026-05-30 16:45:08.099,2,1.72,,512000000
2026-05-30 16:45:08.095,2,1.96,,512000000
2026-05-30 16:45:08.090,2,1.92,,512000000
2026-05-30 16:45:08.089,2,1.85,,512000000
2026-05-30 16:45:08.065,3,2.61,,512000000
2026-05-30 16:45:08.064,2,1.79,,512000000
2026-05-30 16:45:08.062,2,1.76,,512000000
2026-05-30 16:45:08.048,2,1.84,,512000000
2026-05-30 16:45:08.043,3,2.34,,512000000
2026-05-30 16:45:08.041,7,6.15,,512000000
2026-05-30 16:45:08.040,2,1.84,,512000000
2026-05-30 16:45:07.986,2,1.97,,512000000
2026-05-30 16:45:07.985,3,2.14,,512000000
2026-05-30 16:45:07.970,2,1.92,,512000000
2026-05-30 16:45:07.953,15,14,,512000000
2026-05-30 16:45:07.953,2,1.95,,512000000
2026-05-30 16:45:07.919,2,1.8,,512000000
2026-05-30 16:45:07.918,2,1.76,,512000000
2026-05-30 16:45:07.916,2,1.79,,512000000
2026-05-30 16:45:07.881,2,1.87,,512000000
2026-05-30 16:45:07.877,2,1.87,,512000000
2026-05-30 16:45:07.842,3,2.31,,512000000
2026-05-30 16:45:07.841,4,3.24,,512000000
2026-05-30 16:45:07.835,11,10.83,,512000000
2026-05-30 16:45:07.830,3,2.23,,512000000
2026-05-30 16:45:07.816,2,1.86,,512000000
2026-05-30 16:45:07.775,10,9.05,,512000000
2026-05-30 16:45:07.749,13,12.08,,512000000
2026-05-30 16:45:07.734,2,1.81,,512000000
2026-05-30 16:45:07.729,3,2.08,,512000000
2026-05-30 16:45:07.726,3,2.17,,512000000
2026-05-30 16:45:07.719,2,1.67,,512000000
2026-05-30 16:45:07.705,2,1.8,,512000000
2026-05-30 16:45:07.669,2,1.77,,512000000
2026-05-30 16:45:07.650,6,5.87,,512000000
2026-05-30 16:45:07.648,15,14.75,,512000000
2026-05-30 16:45:07.645,2,1.82,,512000000
2026-05-30 16:45:07.644,3,2.26,,512000000
2026-05-30 16:45:07.631,2,1.71,,512000000
2026-05-30 16:45:07.628,2,1.75,,512000000
2026-05-30 16:45:07.619,2,1.82,,512000000
2026-05-30 16:45:07.618,3,2.01,,512000000
2026-05-30 16:45:07.617,15,14.9,,512000000
2026-05-30 16:45:07.582,5,4.63,,512000000
2026-05-30 16:45:07.578,2,1.84,,512000000
2026-05-30 16:45:07.560,2,1.91,,512000000
2026-05-30 16:45:07.555,2,1.85,,512000000
2026-05-30 16:45:07.553,2,1.94,,512000000
2026-05-30 16:45:07.543,2,1.69,,512000000
2026-05-30 16:45:07.531,2,1.84,,512000000
2026-05-30 16:45:07.505,3,2.55,,512000000
2026-05-30 16:45:07.505,2,1.97,,512000000
2026-05-30 16:45:07.496,17,16.79,,512000000
2026-05-30 16:45:07.489,3,2.08,,512000000
2026-05-30 16:45:07.475,2,1.75,,512000000
2026-05-30 16:45:07.469,2,1.88,,512000000
2026-05-30 16:45:07.435,4,3.77,,512000000
2026-05-30 16:45:07.432,7,6.61,,512000000
2026-05-30 16:45:07.424,2,1.59,,512000000
2026-05-30 16:45:07.420,2,1.92,,512000000
2026-05-30 16:45:07.418,2,1.83,,512000000
2026-05-30 16:45:07.414,2,1.7,,512000000
2026-05-30 16:45:07.414,2,1.63,,512000000
2026-05-30 16:45:07.406,3,2.17,,512000000
2026-05-30 16:45:07.356,3,2.16,,512000000
2026-05-30 16:45:07.339,3,2.27,,512000000
2026-05-30 16:45:07.312,2,1.89,,512000000
2026-05-30 16:45:07.295,2,1.83,,512000000
2026-05-30 16:45:07.288,3,2.02,,512000000
2026-05-30 16:45:07.264,2,1.75,,512000000
2026-05-30 16:45:07.260,2,1.7,,512000000
2026-05-30 16:45:07.259,3,2.08,,512000000
2026-05-30 16:45:07.241,2,1.77,,512000000
2026-05-30 16:45:07.233,2,1.76,,512000000
2026-05-30 16:45:07.183,2,1.81,,512000000
2026-05-30 16:45:07.167,2,1.79,,512000000
2026-05-30 16:45:07.163,2,1.84,,512000000
2026-05-30 16:45:07.162,2,1.9,,512000000
2026-05-30 16:45:07.160,2,1.92,,512000000
2026-05-30 16:45:07.146,2,1.84,,512000000
2026-05-30 16:45:07.135,2,1.68,,512000000
2026-05-30 16:45:07.107,2,1.84,,512000000
2026-05-30 16:45:07.095,2,1.99,,512000000
2026-05-30 16:45:07.069,3,2.56,,512000000
2026-05-30 16:45:07.069,2,1.87,,512000000
2026-05-30 16:45:07.052,2,1.89,,512000000
2026-05-30 16:45:07.039,3,2.79,,512000000
2026-05-30 16:45:07.035,2,1.79,,512000000
2026-05-30 16:45:07.020,2,1.8,,512000000
2026-05-30 16:45:07.018,2,1.83,,512000000
2026-05-30 16:45:06.992,2,1.96,,512000000
2026-05-30 16:45:06.991,2,1.89,,512000000
2026-05-30 16:45:06.960,2,1.98,,512000000
2026-05-30 16:45:06.957,2,1.91,,512000000
2026-05-30 16:45:06.944,2,1.77,,512000000
2026-05-30 16:45:06.931,2,1.75,,512000000
2026-05-30 16:45:06.931,2,1.89,,512000000
2026-05-30 16:45:06.919,2,1.9,,512000000
2026-05-30 16:45:06.916,7,6.04,,512000000
2026-05-30 16:45:06.909,8,7.05,,512000000
2026-05-30 16:45:06.902,3,2.1,,512000000
2026-05-30 16:45:06.901,3,2.07,,512000000
2026-05-30 16:45:06.899,2,1.95,,512000000
2026-05-30 16:45:06.894,2,1.76,,512000000
2026-05-30 16:45:06.885,2,1.91,,512000000
2026-05-30 16:45:06.882,2,1.6,,512000000
2026-05-30 16:45:06.879,2,1.89,,512000000
2026-05-30 16:45:06.874,3,2.3,,512000000
2026-05-30 16:45:06.869,2,1.67,,512000000
2026-05-30 16:45:06.862,2,1.84,,512000000
2026-05-30 16:45:06.857,2,1.89,,512000000
2026-05-30 16:45:06.848,3,2.08,,512000000
2026-05-30 16:45:06.847,3,2.17,,512000000
2026-05-30 16:45:06.837,2,1.77,,512000000
2026-05-30 16:45:06.834,2,1.88,,512000000
2026-05-30 16:45:06.833,3,2.12,,512000000
2026-05-30 16:45:06.807,3,2.08,,512000000
2026-05-30 16:45:06.801,2,1.73,,512000000
2026-05-30 16:45:06.795,2,1.92,,512000000
2026-05-30 16:45:06.776,7,6.81,,512000000
2026-05-30 16:45:06.767,2,1.63,,512000000
2026-05-30 16:45:06.758,3,2.2,,512000000
2026-05-30 16:45:06.757,2,1.74,,512000000
2026-05-30 16:45:06.740,2,1.82,,512000000
2026-05-30 16:45:06.711,2,1.78,,512000000
2026-05-30 16:45:06.688,23,22.25,,512000000
2026-05-30 16:45:06.674,2,1.9,,512000000
2026-05-30 16:45:06.670,2,1.55,,512000000
2026-05-30 16:45:06.662,2,1.68,,512000000
2026-05-30 16:45:06.654,3,2.1,,512000000
2026-05-30 16:45:06.653,2,1.8,,512000000
2026-05-30 16:45:06.633,2,1.84,,512000000
2026-05-30 16:45:06.615,3,2.23,,512000000
2026-05-30 16:45:06.610,2,1.98,,512000000
2026-05-30 16:45:06.592,3,2.38,,512000000
2026-05-30 16:45:06.584,2,1.77,,512000000
2026-05-30 16:45:06.570,13,12.1,,512000000
2026-05-30 16:45:06.551,2,1.8,,512000000
2026-05-30 16:45:06.540,7,6.82,,512000000
2026-05-30 16:45:06.532,12,11.52,,512000000
2026-05-30 16:45:06.514,2,1.76,,512000000
2026-05-30 16:45:06.509,3,2.88,,512000000
2026-05-30 16:45:06.501,2,1.71,,512000000
2026-05-30 16:45:06.500,5,4.78,,512000000
2026-05-30 16:45:06.498,6,5.1,,512000000
2026-05-30 16:45:06.495,3,2.07,,512000000
2026-05-30 16:45:06.491,3,2.25,,512000000
2026-05-30 16:45:06.479,2,1.9,,512000000
2026-05-30 16:45:06.451,7,6.13,,512000000
2026-05-30 16:45:06.446,3,2.04,,512000000
2026-05-30 16:45:06.422,3,2.29,,512000000
2026-05-30 16:45:06.419,2,1.73,,512000000
2026-05-30 16:45:06.393,8,7.29,,512000000
2026-05-30 16:45:06.383,2,1.83,,512000000
2026-05-30 16:45:06.377,2,1.79,,512000000
2026-05-30 16:45:06.361,2,1.77,,512000000
2026-05-30 16:45:06.359,3,2.29,,512000000
2026-05-30 16:45:06.344,2,1.86,,512000000
2026-05-30 16:45:06.340,3,2.42,,512000000
2026-05-30 16:45:06.338,4,3.02,,512000000
2026-05-30 16:45:06.328,3,2.73,,512000000
2026-05-30 16:45:06.319,25,24.74,,512000000
2026-05-30 16:45:06.312,3,2.09,,512000000
2026-05-30 16:45:06.309,2,1.89,,512000000
2026-05-30 16:45:06.296,2,1.68,,512000000
2026-05-30 16:45:06.294,3,2.2,,512000000
2026-05-30 16:45:06.267,7,6.26,,512000000
2026-05-30 16:45:06.264,3,2.12,,512000000
2026-05-30 16:45:06.263,2,1.79,,512000000
2026-05-30 16:45:06.248,4,3.29,,512000000
2026-05-30 16:45:06.237,2,1.89,,512000000
2026-05-30 16:45:06.214,21,20.17,,512000000
2026-05-30 16:45:06.209,2,1.85,,512000000
2026-05-30 16:45:06.208,11,10.56,,512000000
2026-05-30 16:45:06.189,2,1.95,,512000000
2026-05-30 16:45:06.177,2,1.63,,512000000
2026-05-30 16:45:06.124,2,1.81,,512000000
2026-05-30 16:45:06.120,2,1.73,,512000000
2026-05-30 16:45:06.115,8,7.79,,512000000
2026-05-30 16:45:06.091,3,2.17,,512000000
2026-05-30 16:45:06.066,2,1.98,,512000000
2026-05-30 16:45:06.063,2,1.81,,512000000
2026-05-30 16:45:06.040,3,2.08,,512000000
2026-05-30 16:45:06.035,3,2.19,,512000000
2026-05-30 16:45:05.998,3,2.52,,512000000
2026-05-30 16:45:05.990,2,1.59,,512000000
2026-05-30 16:45:05.979,8,7.49,,512000000
2026-05-30 16:45:05.974,2,1.63,,512000000
2026-05-30 16:45:05.959,2,1.8,,512000000
2026-05-30 16:45:05.951,8,7.55,,512000000
2026-05-30 16:45:05.942,2,1.87,,512000000
2026-05-30 16:45:05.936,2,1.76,,512000000
2026-05-30 16:45:05.936,15,14.3,,512000000
2026-05-30 16:45:05.916,21,20.91,,512000000
2026-05-30 16:45:05.896,3,2.29,,512000000
2026-05-30 16:45:05.895,4,3.84,,512000000
2026-05-30 16:45:05.879,8,7.48,,512000000
2026-05-30 16:45:05.876,2,1.87,,512000000
2026-05-30 16:45:05.864,2,1.8,,512000000
2026-05-30 16:45:05.813,2,1.87,,512000000
2026-05-30 16:45:05.774,4,3.5,,512000000
2026-05-30 16:45:05.753,2,1.87,,512000000
2026-05-30 16:45:05.749,3,2.02,,512000000
2026-05-30 16:45:05.739,2,1.87,,512000000
2026-05-30 16:45:05.735,3,2.23,,512000000
2026-05-30 16:45:05.693,2,1.66,,512000000
2026-05-30 16:45:05.692,2,1.78,,512000000
2026-05-30 16:45:05.691,5,4.39,,512000000
2026-05-30 16:45:05.663,4,3.49,,512000000
2026-05-30 16:45:05.661,2,1.76,,512000000
2026-05-30 16:45:05.641,29,28.34,,512000000
2026-05-30 16:45:05.637,10,9.26,,512000000
2026-05-30 16:45:05.627,2,1.96,,512000000
2026-05-30 16:45:05.608,25,24.11,,512000000
2026-05-30 16:45:05.608,2,1.8,,512000000
2026-05-30 16:45:05.599,2,1.97,,512000000
2026-05-30 16:45:05.590,2,1.95,,512000000
2026-05-30 16:45:05.588,3,2.14,,512000000
2026-05-30 16:45:05.576,2,1.57,,512000000
2026-05-30 16:45:05.566,2,1.88,,512000000
2026-05-30 16:45:05.560,2,1.66,,512000000
2026-05-30 16:45:05.543,3,2.35,,512000000
2026-05-30 16:45:05.539,3,2.04,,512000000
2026-05-30 16:45:05.538,2,1.89,,512000000
2026-05-30 16:45:05.536,2,1.92,,512000000
2026-05-30 16:45:05.528,2,1.79,,512000000
2026-05-30 16:45:05.504,2,1.88,,512000000
2026-05-30 16:45:05.468,5,4.94,,512000000
2026-05-30 16:45:05.450,2,1.78,,512000000
2026-05-30 16:45:05.428,6,5.54,,512000000
2026-05-30 16:45:05.426,2,1.8,,512000000
2026-05-30 16:45:05.424,3,2.88,,512000000
2026-05-30 16:45:05.421,2,1.87,,512000000
2026-05-30 16:45:05.409,3,2.47,,512000000
2026-05-30 16:45:05.405,3,2.02,,512000000
2026-05-30 16:45:05.403,2,1.56,,512000000
2026-05-30 16:45:05.396,2,1.82,,512000000
2026-05-30 16:45:05.395,2,1.8,,512000000
2026-05-30 16:45:05.365,2,1.81,,512000000
2026-05-30 16:45:05.358,4,3.7,,512000000
2026-05-30 16:45:05.342,2,1.92,,512000000
2026-05-30 16:45:05.340,2,1.73,,512000000
2026-05-30 16:45:05.339,2,1.84,,512000000
2026-05-30 16:45:05.336,2,1.78,,512000000
2026-05-30 16:45:05.317,2,1.78,,512000000
2026-05-30 16:45:05.309,2,1.96,,512000000
2026-05-30 16:45:05.299,2,1.74,,512000000
2026-05-30 16:45:05.297,7,6.82,,512000000
2026-05-30 16:45:05.285,2,1.69,,512000000
2026-05-30 16:45:05.282,2,1.94,,512000000
2026-05-30 16:45:05.266,3,2.05,,512000000
2026-05-30 16:45:05.266,2,1.94,,512000000
2026-05-30 16:45:05.245,2,1.99,,512000000
2026-05-30 16:45:05.228,2,1.7,,512000000
2026-05-30 16:45:05.220,3,2.1,,512000000
2026-05-30 16:45:05.213,5,4.99,,512000000
2026-05-30 16:45:05.180,2,1.98,,512000000
2026-05-30 16:45:05.154,2,1.68,,512000000
2026-05-30 16:45:05.149,2,1.82,,512000000
2026-05-30 16:45:05.139,2,1.87,,512000000
2026-05-30 16:45:05.130,2,1.88,,512000000
2026-05-30 16:45:05.127,2,1.81,,512000000
2026-05-30 16:45:05.125,3,2.06,,512000000
2026-05-30 16:45:05.100,2,1.79,,512000000
2026-05-30 16:45:05.092,3,2.52,,512000000
2026-05-30 16:45:05.088,8,7.03,,512000000
2026-05-30 16:45:05.082,3,2.14,,512000000
2026-05-30 16:45:05.076,2,1.68,,512000000
2026-05-30 16:45:05.073,3,2.14,,512000000
2026-05-30 16:45:05.047,3,2.18,,512000000
2026-05-30 16:45:05.032,2,1.93,,512000000
2026-05-30 16:45:05.025,2,1.77,,512000000
2026-05-30 16:45:05.000,2,1.66,,512000000
2026-05-30 16:45:04.996,2,1.83,,512000000
2026-05-30 16:45:04.975,3,2.11,,512000000
2026-05-30 16:45:04.965,3,2.68,,512000000
2026-05-30 16:45:04.965,2,1.88,,512000000
2026-05-30 16:45:04.957,2,1.7,,512000000
2026-05-30 16:45:04.956,2,1.62,,512000000
2026-05-30 16:45:04.940,2,1.92,,512000000
2026-05-30 16:45:04.938,2,1.82,,512000000
2026-05-30 16:45:04.933,2,1.77,,512000000
2026-05-30 16:45:04.923,9,8.6,,512000000
2026-05-30 16:45:04.906,2,1.85,,512000000
2026-05-30 16:45:04.886,2,1.76,,512000000
2026-05-30 16:45:04.875,3,2.09,,512000000
2026-05-30 16:45:04.861,2,1.76,,512000000
2026-05-30 16:45:04.832,2,1.98,,512000000
2026-05-30 16:45:04.826,3,2.08,,512000000
2026-05-30 16:45:04.824,8,7.42,,512000000
2026-05-30 16:45:04.813,2,2,,512000000
2026-05-30 16:45:04.807,2,2,,512000000
2026-05-30 16:45:04.801,3,2.71,,512000000
2026-05-30 16:45:04.789,2,1.69,,512000000
2026-05-30 16:45:04.774,8,7.04,,512000000
2026-05-30 16:45:04.755,2,1.8,,512000000
2026-05-30 16:45:04.751,2,1.91,,512000000
2026-05-30 16:45:04.748,3,2.57,,512000000
2026-05-30 16:45:04.738,2,1.68,,512000000
2026-05-30 16:45:04.721,2,1.69,,512000000
2026-05-30 16:45:04.692,2,1.93,,512000000
2026-05-30 16:45:04.668,2,1.77,,512000000
2026-05-30 16:45:04.661,2,1.81,,512000000
2026-05-30 16:45:04.659,9,8.81,,512000000
2026-05-30 16:45:04.642,6,5.66,,512000000
2026-05-30 16:45:04.624,2,1.66,,512000000
2026-05-30 16:45:04.619,2,1.68,,512000000
2026-05-30 16:45:04.616,2,1.84,,512000000
2026-05-30 16:45:04.592,2,1.94,,512000000
2026-05-30 16:45:04.574,2,1.81,,512000000
2026-05-30 16:45:04.573,3,2.15,,512000000
2026-05-30 16:45:04.571,28,27.74,,512000000
2026-05-30 16:45:04.558,3,2.1,,512000000
2026-05-30 16:45:04.555,2,1.9,,512000000
2026-05-30 16:45:04.541,2,1.97,,512000000
2026-05-30 16:45:04.513,7,6.34,,512000000
2026-05-30 16:45:04.509,2,1.69,,512000000
2026-05-30 16:45:04.489,2,1.8,,512000000
2026-05-30 16:45:04.464,2,1.85,,512000000
2026-05-30 16:45:04.431,3,2.34,,512000000
2026-05-30 16:45:04.426,3,2.05,,512000000
2026-05-30 16:45:04.415,2,1.83,,512000000
2026-05-30 16:45:04.405,2,1.7,,512000000
2026-05-30 16:45:04.405,4,3.93,,512000000
2026-05-30 16:45:04.398,6,5.09,,512000000
2026-05-30 16:45:04.387,11,10.06,,512000000
2026-05-30 16:45:04.384,2,1.65,,512000000
2026-05-30 16:45:04.384,2,1.86,,512000000
2026-05-30 16:45:04.379,2,1.77,,512000000
2026-05-30 16:45:04.379,2,1.73,,512000000
2026-05-30 16:45:04.379,2,1.93,,512000000
2026-05-30 16:45:04.365,11,10.7,,512000000
2026-05-30 16:45:04.355,4,3.77,,512000000
2026-05-30 16:45:04.347,23,22.85,,512000000
2026-05-30 16:45:04.346,2,1.92,,512000000
2026-05-30 16:45:04.342,3,2.45,,512000000
2026-05-30 16:45:04.331,2,1.75,,512000000
2026-05-30 16:45:04.311,9,8.37,,512000000
2026-05-30 16:45:04.298,2,1.85,,512000000
2026-05-30 16:45:04.297,2,1.78,,512000000
2026-05-30 16:45:04.292,12,11.46,,512000000
2026-05-30 16:45:04.275,3,2.04,,512000000
2026-05-30 16:45:04.271,6,5.96,,512000000
2026-05-30 16:45:04.239,2,1.8,,512000000
2026-05-30 16:45:04.218,23,22.99,,512000000
2026-05-30 16:45:04.213,2,1.78,,512000000
2026-05-30 16:45:04.201,3,2.13,,512000000
2026-05-30 16:45:04.201,2,1.86,,512000000
2026-05-30 16:45:04.200,13,12.31,,512000000
2026-05-30 16:45:04.198,13,12.99,,512000000
2026-05-30 16:45:04.178,2,1.83,,512000000
2026-05-30 16:45:04.178,11,10.07,,512000000
2026-05-30 16:45:04.168,2,1.88,,512000000
2026-05-30 16:45:04.158,2,1.9,,512000000
2026-05-30 16:45:04.125,4,3.19,,512000000
2026-05-30 16:45:04.125,3,2.17,,512000000
2026-05-30 16:45:04.122,2,1.89,,512000000
2026-05-30 16:45:04.099,2,1.97,,512000000
2026-05-30 16:45:04.090,3,2.05,,512000000
2026-05-30 16:45:04.089,2,1.72,,512000000
2026-05-30 16:45:04.086,2,1.96,,512000000
2026-05-30 16:45:04.085,3,2.22,,512000000
2026-05-30 16:45:04.062,2,1.78,,512000000
2026-05-30 16:45:04.062,2,1.76,,512000000
2026-05-30 16:45:04.061,2,1.6,,512000000
2026-05-30 16:45:04.043,2,1.82,,512000000
2026-05-30 16:45:04.035,2,1.88,,512000000
2026-05-30 16:45:04.026,2,1.8,,512000000
2026-05-30 16:45:04.008,9,8.44,,512000000
2026-05-30 16:45:04.008,3,2.07,,512000000
2026-05-30 16:45:03.995,28,27.61,,512000000
2026-05-30 16:45:03.994,2,1.81,,512000000
2026-05-30 16:45:03.990,2,1.96,,512000000
2026-05-30 16:45:03.988,2,1.76,,512000000
2026-05-30 16:45:03.949,2,1.97,,512000000
2026-05-30 16:45:03.935,6,5.32,,512000000
2026-05-30 16:45:03.914,2,1.97,,512000000
2026-05-30 16:45:03.912,2,1.81,,512000000
2026-05-30 16:45:03.885,2,1.71,,512000000
2026-05-30 16:45:03.863,2,1.8,,512000000
2026-05-30 16:45:03.846,2,1.76,,512000000
2026-05-30 16:45:03.833,2,1.76,,512000000
2026-05-30 16:45:03.816,7,6.47,,512000000
2026-05-30 16:45:03.801,3,2.02,,512000000
2026-05-30 16:45:03.796,2,1.91,,512000000
2026-05-30 16:45:03.789,2,1.96,,512000000
2026-05-30 16:45:03.788,2,1.7,,512000000
2026-05-30 16:45:03.785,2,1.84,,512000000
2026-05-30 16:45:03.784,2,1.98,,512000000
2026-05-30 16:45:03.752,2,1.73,,512000000
2026-05-30 16:45:03.725,2,1.86,,512000000
2026-05-30 16:45:03.701,3,2.01,,512000000
2026-05-30 16:45:03.699,2,2,,512000000
2026-05-30 16:45:03.697,2,1.8,,512000000
2026-05-30 16:45:03.687,2,1.99,,512000000
2026-05-30 16:45:03.675,3,2.15,,512000000
2026-05-30 16:45:03.670,2,1.78,,512000000
2026-05-30 16:45:03.641,3,2.06,,512000000
2026-05-30 16:45:03.611,3,2.02,,512000000
2026-05-30 16:45:03.595,2,1.78,,512000000
2026-05-30 16:45:03.565,2,1.77,,512000000
2026-05-30 16:45:03.561,2,1.91,,512000000
2026-05-30 16:45:03.558,3,2.27,,512000000
2026-05-30 16:45:03.552,2,1.95,,512000000
2026-05-30 16:45:03.551,2,1.77,,512000000
2026-05-30 16:45:03.539,3,2.04,,512000000
2026-05-30 16:45:03.539,3,2.03,,512000000
2026-05-30 16:45:03.535,2,1.91,,512000000
2026-05-30 16:45:03.504,2,1.99,,512000000
2026-05-30 16:45:03.456,2,1.85,,512000000
2026-05-30 16:45:03.428,3,2.37,,512000000
2026-05-30 16:45:03.427,2,1.79,,512000000
2026-05-30 16:45:03.420,2,1.94,,512000000
2026-05-30 16:45:03.410,2,1.83,,512000000
2026-05-30 16:45:03.389,2,1.82,,512000000
2026-05-30 16:45:03.361,3,2.4,,512000000
2026-05-30 16:45:03.359,12,11.08,,512000000
2026-05-30 16:45:03.337,2,1.88,,512000000
2026-05-30 16:45:03.327,2,1.98,,512000000
2026-05-30 16:45:03.305,9,8.07,,512000000
2026-05-30 16:45:03.292,5,4.71,,512000000
2026-05-30 16:45:03.288,2,1.95,,512000000
2026-05-30 16:45:03.288,2,1.7,,512000000
2026-05-30 16:45:03.287,2,1.79,,512000000
2026-05-30 16:45:03.281,2,1.95,,512000000
2026-05-30 16:45:03.276,3,2.02,,512000000
2026-05-30 16:45:03.263,2,1.92,,512000000
2026-05-30 16:45:03.259,4,3.19,,512000000
2026-05-30 16:45:03.259,3,2.12,,512000000
2026-05-30 16:45:03.244,3,2.1,,512000000
2026-05-30 16:45:03.239,2,1.86,,512000000
2026-05-30 16:45:03.234,3,2.22,,512000000
2026-05-30 16:45:03.232,2,1.74,,512000000
2026-05-30 16:45:03.225,2,1.88,,512000000
2026-05-30 16:45:03.220,2,1.84,,512000000
2026-05-30 16:45:03.218,3,2.11,,512000000
2026-05-30 16:45:03.212,2,2,,512000000
2026-05-30 16:45:03.200,2,1.69,,512000000
2026-05-30 16:45:03.184,2,1.92,,512000000
2026-05-30 16:45:03.180,2,1.75,,512000000
2026-05-30 16:45:03.156,2,1.65,,512000000
2026-05-30 16:45:03.152,3,2.04,,512000000
2026-05-30 16:45:03.151,2,1.78,,512000000
2026-05-30 16:45:03.149,2,1.93,,512000000
2026-05-30 16:45:03.148,2,1.94,,512000000
2026-05-30 16:45:03.145,2,1.91,,512000000
2026-05-30 16:45:03.134,3,2.02,,512000000
2026-05-30 16:45:03.131,2,1.85,,512000000
2026-05-30 16:45:03.131,2,1.74,,512000000
2026-05-30 16:45:03.097,2,1.9,,512000000
2026-05-30 16:45:03.091,8,7.61,,512000000
2026-05-30 16:45:03.078,15,14.62,,512000000
2026-05-30 16:45:03.077,2,1.77,,512000000
2026-05-30 16:45:03.065,2,1.75,,512000000
2026-05-30 16:45:03.040,2,1.88,,512000000
2026-05-30 16:45:03.039,2,1.7,,512000000
2026-05-30 16:45:03.029,2,1.78,,512000000
2026-05-30 16:45:03.022,2,1.93,,512000000
2026-05-30 16:45:03.013,2,1.94,,512000000
2026-05-30 16:45:02.972,2,1.99,,512000000
2026-05-30 16:45:02.970,5,4.33,,512000000
2026-05-30 16:45:02.956,3,2.25,,512000000
2026-05-30 16:45:02.955,2,1.89,,512000000
2026-05-30 16:45:02.939,3,2.07,,512000000
2026-05-30 16:45:02.936,3,2.01,,512000000
2026-05-30 16:45:02.924,2,1.77,,512000000
2026-05-30 16:45:02.918,3,2.21,,512000000
2026-05-30 16:45:02.916,3,2.01,,512000000
2026-05-30 16:45:02.912,2,1.74,,512000000
2026-05-30 16:45:02.876,12,11.13,,512000000
2026-05-30 16:45:02.874,2,1.82,,512000000
2026-05-30 16:45:02.867,2,1.9,,512000000
2026-05-30 16:45:02.861,2,1.79,,512000000
2026-05-30 16:45:02.858,2,1.87,,512000000
2026-05-30 16:45:02.858,3,2.14,,512000000
2026-05-30 16:45:02.853,9,8.63,,512000000
2026-05-30 16:45:02.837,13,12.3,,512000000
2026-05-30 16:45:02.807,43,42.64,,512000000
2026-05-30 16:45:02.776,2,1.95,,512000000
2026-05-30 16:45:02.772,2,1.74,,512000000
2026-05-30 16:45:02.748,8,7.5,,512000000
2026-05-30 16:45:02.737,2,1.88,,512000000
2026-05-30 16:45:02.736,2,1.97,,512000000
2026-05-30 16:45:02.729,2,1.75,,512000000
2026-05-30 16:45:02.710,2,1.81,,512000000
2026-05-30 16:45:02.690,2,1.65,,512000000
2026-05-30 16:45:02.665,3,2.07,,512000000
2026-05-30 16:45:02.654,2,1.81,,512000000
2026-05-30 16:45:02.631,3,2.01,,512000000
2026-05-30 16:45:02.617,2,1.93,,512000000
2026-05-30 16:45:02.617,2,1.99,,512000000
2026-05-30 16:45:02.595,3,2.19,,512000000
2026-05-30 16:45:02.592,2,1.97,,512000000
2026-05-30 16:45:02.586,2,1.95,,512000000
2026-05-30 16:45:02.586,2,1.88,,512000000
2026-05-30 16:45:02.529,2,1.83,,512000000
2026-05-30 16:45:02.523,3,2.24,,512000000
2026-05-30 16:45:02.516,3,2.37,,512000000
2026-05-30 16:45:02.498,2,1.77,,512000000
2026-05-30 16:45:02.497,9,8.45,,512000000
2026-05-30 16:45:02.497,3,2.02,,512000000
2026-05-30 16:45:02.489,2,1.79,,512000000
2026-05-30 16:45:02.488,3,2.12,,512000000
2026-05-30 16:45:02.487,2,1.86,,512000000
2026-05-30 16:45:02.478,12,11.18,,512000000
2026-05-30 16:45:02.458,3,2.24,,512000000
2026-05-30 16:45:02.457,3,2.1,,512000000
2026-05-30 16:45:02.456,3,2.1,,512000000
2026-05-30 16:45:02.448,2,1.62,,512000000
2026-05-30 16:45:02.446,2,1.93,,512000000
2026-05-30 16:45:02.431,2,1.8,,512000000
2026-05-30 16:45:02.430,2,1.8,,512000000
2026-05-30 16:45:02.425,2,1.89,,512000000
2026-05-30 16:45:02.400,3,2.04,,512000000
2026-05-30 16:45:02.390,3,2.49,,512000000
2026-05-30 16:45:02.377,51,50.94,,512000000
2026-05-30 16:45:02.367,10,9.27,,512000000
2026-05-30 16:45:02.364,3,2.04,,512000000
2026-05-30 16:45:02.352,3,2.08,,512000000
2026-05-30 16:45:02.349,16,15.81,,512000000
2026-05-30 16:45:02.347,2,1.94,,512000000
2026-05-30 16:45:02.321,3,2.05,,512000000
2026-05-30 16:45:02.321,2,1.72,,512000000
2026-05-30 16:45:02.302,2,1.73,,512000000
2026-05-30 16:45:02.297,3,2.03,,512000000
2026-05-30 16:45:02.282,2,1.73,,512000000
2026-05-30 16:45:02.216,3,2.29,,512000000
2026-05-30 16:45:02.213,3,2.29,,512000000
2026-05-30 16:45:02.212,2,1.72,,512000000
2026-05-30 16:45:02.212,3,2.15,,512000000
2026-05-30 16:45:02.212,9,8.13,,512000000
2026-05-30 16:45:02.184,2,1.91,,512000000
2026-05-30 16:45:02.151,2,1.77,,512000000
2026-05-30 16:45:02.146,3,2.02,,512000000
2026-05-30 16:45:02.139,3,2.31,,512000000
2026-05-30 16:45:02.138,2,1.89,,512000000
2026-05-30 16:45:02.126,2,1.85,,512000000
2026-05-30 16:45:02.110,3,2.16,,512000000
2026-05-30 16:45:02.107,2,1.87,,512000000
2026-05-30 16:45:02.095,35,34.53,,512000000
2026-05-30 16:45:02.060,2,1.92,,512000000
2026-05-30 16:45:02.031,6,5.67,,512000000
2026-05-30 16:45:02.026,2,1.9,,512000000
2026-05-30 16:45:02.025,2,1.95,,512000000
2026-05-30 16:45:02.021,3,2.03,,512000000
2026-05-30 16:45:01.995,10,9.63,,512000000
2026-05-30 16:45:01.981,2,1.91,,512000000
2026-05-30 16:45:01.971,2,1.96,,512000000
2026-05-30 16:45:01.951,2,1.7,,512000000
2026-05-30 16:45:01.939,2,1.73,,512000000
2026-05-30 16:45:01.939,2,2,,512000000
2026-05-30 16:45:01.939,2,1.97,,512000000
2026-05-30 16:45:01.930,2,1.78,,512000000
2026-05-30 16:45:01.920,2,1.78,,512000000
2026-05-30 16:45:01.919,2,1.66,,512000000
2026-05-30 16:45:01.899,2,1.83,,512000000
2026-05-30 16:45:01.881,2,1.88,,512000000
2026-05-30 16:45:01.865,2,1.79,,512000000
2026-05-30 16:45:01.860,2,1.57,,512000000
2026-05-30 16:45:01.844,6,5.73,,512000000
2026-05-30 16:45:01.838,2,1.61,,512000000
2026-05-30 16:45:01.813,2,1.76,,512000000
2026-05-30 16:45:01.809,2,1.79,,512000000
2026-05-30 16:45:01.792,3,2.02,,512000000
2026-05-30 16:45:01.769,2,1.69,,512000000
2026-05-30 16:45:01.768,3,2.1,,512000000
2026-05-30 16:45:01.745,2,1.78,,512000000
2026-05-30 16:45:01.738,3,2,,512000000
2026-05-30 16:45:01.737,14,13.74,,512000000
2026-05-30 16:45:01.717,2,1.89,,512000000
2026-05-30 16:45:01.706,2,1.76,,512000000
2026-05-30 16:45:01.689,2,1.73,,512000000
2026-05-30 16:45:01.671,2,1.95,,512000000
2026-05-30 16:45:01.670,2,1.62,,512000000
2026-05-30 16:45:01.665,3,2.11,,512000000
2026-05-30 16:45:01.665,2,1.77,,512000000
2026-05-30 16:45:01.649,2,1.82,,512000000
2026-05-30 16:45:01.641,2,1.84,,512000000
2026-05-30 16:45:01.620,2,1.84,,512000000
2026-05-30 16:45:01.599,2,1.89,,512000000
2026-05-30 16:45:01.594,2,1.7,,512000000
2026-05-30 16:45:01.534,2,1.94,,512000000
2026-05-30 16:45:01.526,23,22.65,,512000000
2026-05-30 16:45:01.526,2,1.76,,512000000
2026-05-30 16:45:01.510,2,1.71,,512000000
2026-05-30 16:45:01.464,2,1.87,,512000000
2026-05-30 16:45:01.462,2,1.82,,512000000
2026-05-30 16:45:01.453,2,1.85,,512000000
2026-05-30 16:45:01.449,2,1.83,,512000000
2026-05-30 16:45:01.431,3,2.67,,512000000
2026-05-30 16:45:01.430,3,2.02,,512000000
2026-05-30 16:45:01.429,2,1.85,,512000000
2026-05-30 16:45:01.420,3,2.1,,512000000
2026-05-30 16:45:01.420,2,1.8,,512000000
2026-05-30 16:45:01.418,3,2.32,,512000000
2026-05-30 16:45:01.408,2,1.8,,512000000
2026-05-30 16:45:01.390,2,1.87,,512000000
2026-05-30 16:45:01.390,2,1.75,,512000000
2026-05-30 16:45:01.370,2,1.76,,512000000
2026-05-30 16:45:01.367,2,1.69,,512000000
2026-05-30 16:45:01.338,2,1.9,,512000000
2026-05-30 16:45:01.337,2,1.82,,512000000
2026-05-30 16:45:01.314,2,1.84,,512000000
2026-05-30 16:45:01.306,2,1.8,,512000000
2026-05-30 16:45:01.283,7,6.11,,512000000
2026-05-30 16:45:01.280,2,1.83,,512000000
2026-05-30 16:45:01.264,3,2.69,,512000000
2026-05-30 16:45:01.249,2,1.98,,512000000
2026-05-30 16:45:01.237,2,1.79,,512000000
2026-05-30 16:45:01.235,2,1.82,,512000000
2026-05-30 16:45:01.229,10,9.51,,512000000
2026-05-30 16:45:01.223,2,1.84,,512000000
2026-05-30 16:45:01.221,2,1.86,,512000000
2026-05-30 16:45:01.210,2,1.89,,512000000
2026-05-30 16:45:01.194,2,1.93,,512000000
2026-05-30 16:45:01.190,3,2.67,,512000000
2026-05-30 16:45:01.185,3,2.88,,512000000
2026-05-30 16:45:01.183,9,8.57,,512000000
2026-05-30 16:45:01.183,2,1.91,,512000000
2026-05-30 16:45:01.177,3,2.01,,512000000
2026-05-30 16:45:01.167,2,1.83,,512000000
2026-05-30 16:45:01.167,2,1.71,,512000000
2026-05-30 16:45:01.163,6,5.73,,512000000
2026-05-30 16:45:01.153,26,25.8,,512000000
2026-05-30 16:45:01.143,3,2.13,,512000000
2026-05-30 16:45:01.123,12,11.77,,512000000
2026-05-30 16:45:01.117,7,6.71,,512000000
2026-05-30 16:45:01.116,3,2.21,,512000000
2026-05-30 16:45:01.114,3,2.06,,512000000
2026-05-30 16:45:01.107,33,32.56,,512000000
2026-05-30 16:45:01.103,2,1.84,,512000000
2026-05-30 16:45:01.103,2,1.88,,512000000
2026-05-30 16:45:01.099,2,1.89,,512000000
2026-05-30 16:45:01.070,5,4.14,,512000000
2026-05-30 16:45:01.063,2,1.75,,512000000
2026-05-30 16:45:01.053,2,1.73,,512000000
2026-05-30 16:45:01.049,2,1.88,,512000000
2026-05-30 16:45:01.034,4,3.61,,512000000
2026-05-30 16:45:01.019,2,1.77,,512000000
2026-05-30 16:45:01.012,10,9.12,,512000000
2026-05-30 16:45:00.992,19,18.91,,512000000
2026-05-30 16:45:00.986,2,1.85,,512000000
2026-05-30 16:45:00.975,2,1.74,,512000000
2026-05-30 16:45:00.964,2,1.87,,512000000
2026-05-30 16:45:00.938,2,1.9,,512000000
2026-05-30 16:45:00.930,2,1.75,,512000000
2026-05-30 16:45:00.906,2,1.78,,512000000
2026-05-30 16:45:00.893,2,1.97,,512000000
2026-05-30 16:45:00.876,11,10.4,,512000000
2026-05-30 16:45:00.871,6,5.04,,512000000
2026-05-30 16:45:00.867,2,1.99,,512000000
2026-05-30 16:45:00.859,2,1.76,,512000000
2026-05-30 16:45:00.854,2,1.96,,512000000
2026-05-30 16:45:00.831,2,1.97,,512000000
2026-05-30 16:45:00.823,16,15.21,,512000000
2026-05-30 16:45:00.804,7,6.11,,512000000
2026-05-30 16:45:00.782,3,2.19,,512000000
2026-05-30 16:45:00.772,2,1.86,,512000000
2026-05-30 16:45:00.766,2,1.83,,512000000
2026-05-30 16:45:00.766,3,2.19,,512000000
2026-05-30 16:45:00.765,2,1.85,,512000000
2026-05-30 16:45:00.752,3,2.89,,512000000
2026-05-30 16:45:00.746,5,4.7,,512000000
2026-05-30 16:45:00.735,2,1.61,,512000000
2026-05-30 16:45:00.721,2,1.75,,512000000
2026-05-30 16:45:00.718,3,2.12,,512000000
2026-05-30 16:45:00.713,2,1.71,,512000000
2026-05-30 16:45:00.699,3,2.06,,512000000
2026-05-30 16:45:00.671,27,26.91,,512000000
2026-05-30 16:45:00.657,2,1.85,,512000000
2026-05-30 16:45:00.654,2,1.73,,512000000
2026-05-30 16:45:00.650,3,2.06,,512000000
2026-05-30 16:45:00.650,3,2.59,,512000000
2026-05-30 16:45:00.636,2,1.8,,512000000
2026-05-30 16:45:00.631,2,1.89,,512000000
2026-05-30 16:45:00.614,2,1.9,,512000000
2026-05-30 16:45:00.598,2,1.73,,512000000
2026-05-30 16:45:00.585,2,1.98,,512000000
2026-05-30 16:45:00.580,3,2.01,,512000000
2026-05-30 16:45:00.580,2,1.72,,512000000
2026-05-30 16:45:00.576,7,6.59,,512000000
2026-05-30 16:45:00.552,5,4.25,,512000000
2026-05-30 16:45:00.549,3,2.03,,512000000
2026-05-30 16:45:00.535,2,1.9,,512000000
2026-05-30 16:45:00.532,2,1.97,,512000000
2026-05-30 16:45:00.528,7,6.49,,512000000
2026-05-30 16:45:00.491,3,2.23,,512000000
2026-05-30 16:45:00.486,9,8.73,,512000000
2026-05-30 16:45:00.472,21,20.95,,512000000
2026-05-30 16:45:00.468,15,14.95,,512000000
2026-05-30 16:45:00.468,3,2.2,,512000000
2026-05-30 16:45:00.454,15,14.07,,512000000
2026-05-30 16:45:00.431,6,5.65,,512000000
2026-05-30 16:45:00.428,20,19.66,,512000000
2026-05-30 16:45:00.404,2,1.79,,512000000
2026-05-30 16:45:00.392,2,1.97,,512000000
2026-05-30 16:45:00.380,2,1.69,,512000000
2026-05-30 16:45:00.366,5,4.7,,512000000
2026-05-30 16:45:00.364,3,2.23,,512000000
2026-05-30 16:45:00.363,2,1.9,,512000000
2026-05-30 16:45:00.328,40,39.33,,512000000
2026-05-30 16:45:00.327,2,1.75,,512000000
2026-05-30 16:45:00.295,3,2.36,,512000000
2026-05-30 16:45:00.286,2,1.6,,512000000
2026-05-30 16:45:00.270,2,1.75,,512000000
2026-05-30 16:45:00.255,18,17.43,,512000000
2026-05-30 16:45:00.254,2,1.91,,512000000
2026-05-30 16:45:00.251,2,1.89,,512000000
2026-05-30 16:45:00.250,11,10.38,,512000000
2026-05-30 16:45:00.247,2,1.86,,512000000
2026-05-30 16:45:00.182,2,1.66,,512000000
2026-05-30 16:45:00.178,2,1.92,,512000000
2026-05-30 16:45:00.172,29,28.94,,512000000
2026-05-30 16:45:00.171,2,1.74,,512000000
2026-05-30 16:45:00.166,2,1.78,,512000000
2026-05-30 16:45:00.145,2,1.68,,512000000
2026-05-30 16:45:00.140,2,1.69,,512000000
2026-05-30 16:45:00.137,2,1.83,,512000000
2026-05-30 16:45:00.130,2,1.81,,512000000
2026-05-30 16:45:00.129,2,1.8,,512000000
2026-05-30 16:45:00.097,4,3.13,,512000000
2026-05-30 16:45:00.039,7,6.06,,512000000
2026-05-30 16:45:00.034,3,2.02,,512000000
2026-05-30 16:45:00.032,2,1.8,,512000000
2026-05-30 16:45:00.030,2,1.8,,512000000
2026-05-30 16:45:00.013,2,1.97,,512000000
2026-05-30 16:44:59.987,2,1.76,,512000000
2026-05-30 16:44:59.969,2,1.78,,512000000
2026-05-30 16:44:59.969,6,5.02,,512000000
2026-05-30 16:44:59.966,2,1.92,,512000000
2026-05-30 16:44:59.944,2,1.79,,512000000
2026-05-30 16:44:59.922,2,1.69,,512000000
2026-05-30 16:44:59.912,2,1.94,,512000000
2026-05-30 16:44:59.894,6,5.12,,512000000
2026-05-30 16:44:59.893,2,1.81,,512000000
2026-05-30 16:44:59.890,2,1.78,,512000000
2026-05-30 16:44:59.886,2,1.94,,512000000
2026-05-30 16:44:59.880,3,2.07,,512000000
2026-05-30 16:44:59.876,2,1.94,,512000000
2026-05-30 16:44:59.870,3,2.71,,512000000
2026-05-30 16:44:59.869,3,2.1,,512000000
2026-05-30 16:44:59.866,3,2.03,,512000000
2026-05-30 16:44:59.860,2,1.86,,512000000
2026-05-30 16:44:59.822,2,1.71,,512000000
2026-05-30 16:44:59.794,3,2.19,,512000000
2026-05-30 16:44:59.776,2,1.95,,512000000
2026-05-30 16:44:59.771,2,1.91,,512000000
2026-05-30 16:44:59.758,2,1.85,,512000000
2026-05-30 16:44:59.757,2,1.77,,512000000
2026-05-30 16:44:59.748,2,1.68,,512000000
2026-05-30 16:44:59.737,2,1.7,,512000000
2026-05-30 16:44:59.719,2,1.63,,512000000
2026-05-30 16:44:59.716,2,1.65,,512000000
2026-05-30 16:44:59.714,2,1.79,,512000000
2026-05-30 16:44:59.711,2,1.92,,512000000
2026-05-30 16:44:59.705,3,2.01,,512000000
2026-05-30 16:44:59.702,2,1.73,,512000000
2026-05-30 16:44:59.690,5,4.17,,512000000
2026-05-30 16:44:59.679,2,1.77,,512000000
2026-05-30 16:44:59.678,2,1.94,,512000000
2026-05-30 16:44:59.658,2,1.82,,512000000
2026-05-30 16:44:59.641,2,1.82,,512000000
2026-05-30 16:44:59.639,2,1.9,,512000000
2026-05-30 16:44:59.636,2,1.75,,512000000
2026-05-30 16:44:59.612,2,1.89,,512000000
2026-05-30 16:44:59.607,2,1.99,,512000000
2026-05-30 16:44:59.587,3,2.17,,512000000
2026-05-30 16:44:59.585,2,1.84,,512000000
2026-05-30 16:44:59.584,2,1.77,,512000000
2026-05-30 16:44:59.542,2,1.7,,512000000
2026-05-30 16:44:59.533,3,2.36,,512000000
2026-05-30 16:44:59.531,2,1.84,,512000000
2026-05-30 16:44:59.510,2,1.73,,512000000
2026-05-30 16:44:59.509,3,2.26,,512000000
2026-05-30 16:44:59.485,3,2.23,,512000000
2026-05-30 16:44:59.469,2,1.96,,512000000
2026-05-30 16:44:59.468,2,1.94,,512000000
2026-05-30 16:44:59.426,2,1.73,,512000000
2026-05-30 16:44:59.407,2,1.85,,512000000
2026-05-30 16:44:59.403,13,12.93,,512000000
2026-05-30 16:44:59.401,2,1.75,,512000000
2026-05-30 16:44:59.384,2,1.98,,512000000
2026-05-30 16:44:59.338,2,1.82,,512000000
2026-05-30 16:44:59.337,2,1.82,,512000000
2026-05-30 16:44:59.321,3,2.11,,512000000
2026-05-30 16:44:59.314,10,9.63,,512000000
2026-05-30 16:44:59.303,2,1.86,,512000000
2026-05-30 16:44:59.296,2,1.76,,512000000
2026-05-30 16:44:59.260,2,1.94,,512000000
2026-05-30 16:44:59.234,3,2.05,,512000000
2026-05-30 16:44:59.230,3,2.65,,512000000
2026-05-30 16:44:59.229,2,1.7,,512000000
2026-05-30 16:44:59.223,2,1.93,,512000000
2026-05-30 16:44:59.216,2,1.97,,512000000
2026-05-30 16:44:59.213,2,1.88,,512000000
2026-05-30 16:44:59.177,2,1.74,,512000000
2026-05-30 16:44:59.163,2,1.97,,512000000
2026-05-30 16:44:59.151,2,1.94,,512000000
2026-05-30 16:44:59.144,2,1.85,,512000000
2026-05-30 16:44:59.144,2,1.87,,512000000
2026-05-30 16:44:59.113,2,1.81,,512000000
2026-05-30 16:44:59.098,2,1.83,,512000000
2026-05-30 16:44:59.084,2,1.66,,512000000
2026-05-30 16:44:59.083,2,1.76,,512000000
2026-05-30 16:44:59.079,2,1.97,,512000000
2026-05-30 16:44:59.077,2,1.75,,512000000
2026-05-30 16:44:59.062,2,1.87,,512000000
2026-05-30 16:44:59.056,2,1.77,,512000000
2026-05-30 16:44:59.055,3,2.02,,512000000
2026-05-30 16:44:59.052,2,1.68,,512000000
2026-05-30 16:44:59.032,3,2.4,,512000000
2026-05-30 16:44:59.031,5,4.87,,512000000
2026-05-30 16:44:59.016,2,1.9,,512000000
2026-05-30 16:44:58.986,2,1.98,,512000000
2026-05-30 16:44:58.981,2,1.79,,512000000
2026-05-30 16:44:58.953,2,1.65,,512000000
2026-05-30 16:44:58.948,2,1.86,,512000000
2026-05-30 16:44:58.945,2,1.84,,512000000
2026-05-30 16:44:58.942,2,1.59,,512000000
2026-05-30 16:44:58.937,2,1.89,,512000000
2026-05-30 16:44:58.922,2,1.8,,512000000
2026-05-30 16:44:58.906,2,1.78,,512000000
2026-05-30 16:44:58.898,2,1.97,,512000000
2026-05-30 16:44:58.890,2,1.7,,512000000
2026-05-30 16:44:58.890,2,1.76,,512000000
2026-05-30 16:44:58.884,2,1.85,,512000000
2026-05-30 16:44:58.872,3,2.03,,512000000
2026-05-30 16:44:58.863,2,1.73,,512000000
2026-05-30 16:44:58.855,2,1.64,,512000000
2026-05-30 16:44:58.841,3,2.09,,512000000
2026-05-30 16:44:58.834,6,5.11,,512000000
2026-05-30 16:44:58.821,2,1.7,,512000000
2026-05-30 16:44:58.813,10,9.53,,512000000
2026-05-30 16:44:58.807,3,2.04,,512000000
2026-05-30 16:44:58.798,3,2.1,,512000000
2026-05-30 16:44:58.785,2,1.96,,512000000
2026-05-30 16:44:58.766,2,1.87,,512000000
2026-05-30 16:44:58.763,4,3.26,,512000000
2026-05-30 16:44:58.743,15,14.06,,512000000
2026-05-30 16:44:58.740,2,1.66,,512000000
2026-05-30 16:44:58.739,3,2.11,,512000000
2026-05-30 16:44:58.731,2,1.86,,512000000
2026-05-30 16:44:58.723,5,4.1,,512000000
2026-05-30 16:44:58.718,2,1.64,,512000000
2026-05-30 16:44:58.716,3,2.23,,512000000
2026-05-30 16:44:58.713,2,2,,512000000
2026-05-30 16:44:58.711,2,1.77,,512000000
2026-05-30 16:44:58.690,2,1.85,,512000000
2026-05-30 16:44:58.660,2,1.93,,512000000
2026-05-30 16:44:58.659,3,2.19,,512000000
2026-05-30 16:44:58.654,2,1.74,,512000000
2026-05-30 16:44:58.634,2,1.63,,512000000
2026-05-30 16:44:58.625,2,1.76,,512000000
2026-05-30 16:44:58.619,2,1.67,,512000000
2026-05-30 16:44:58.610,2,1.72,,512000000
2026-05-30 16:44:58.606,2,1.71,,512000000
2026-05-30 16:44:58.605,2,1.99,,512000000
2026-05-30 16:44:58.601,2,1.74,,512000000
2026-05-30 16:44:58.583,4,3.13,,512000000
2026-05-30 16:44:58.576,3,2.14,,512000000
2026-05-30 16:44:58.574,3,2.19,,512000000
2026-05-30 16:44:58.556,2,2,,512000000
2026-05-30 16:44:58.537,2,1.71,,512000000
2026-05-30 16:44:58.537,2,1.68,,512000000
2026-05-30 16:44:58.523,3,2.2,,512000000
2026-05-30 16:44:58.516,3,2.26,,512000000
2026-05-30 16:44:58.516,2,1.72,,512000000
2026-05-30 16:44:58.512,2,1.77,,512000000
2026-05-30 16:44:58.505,2,1.93,,512000000
2026-05-30 16:44:58.493,2,1.77,,512000000
2026-05-30 16:44:58.450,6,5.7,,512000000
2026-05-30 16:44:58.449,2,2,,512000000
2026-05-30 16:44:58.438,3,2.1,,512000000
2026-05-30 16:44:58.413,3,2.62,,512000000
2026-05-30 16:44:58.401,2,1.93,,512000000
2026-05-30 16:44:58.389,2,1.77,,512000000
2026-05-30 16:44:58.362,2,1.9,,512000000
2026-05-30 16:44:58.361,2,1.82,,512000000
2026-05-30 16:44:58.345,2,1.62,,512000000
2026-05-30 16:44:58.334,3,2.13,,512000000
2026-05-30 16:44:58.328,2,1.75,,512000000
2026-05-30 16:44:58.318,8,7.94,,512000000
2026-05-30 16:44:58.311,2,1.85,,512000000
2026-05-30 16:44:58.309,2,1.91,,512000000
2026-05-30 16:44:58.304,2,1.58,,512000000
2026-05-30 16:44:58.303,3,2.07,,512000000
2026-05-30 16:44:58.299,3,2.12,,512000000
2026-05-30 16:44:58.289,2,1.82,,512000000
2026-05-30 16:44:58.265,2,1.74,,512000000
2026-05-30 16:44:58.249,2,1.84,,512000000
2026-05-30 16:44:58.242,2,1.72,,512000000
2026-05-30 16:44:58.218,2,1.93,,512000000
2026-05-30 16:44:58.174,2,1.79,,512000000
2026-05-30 16:44:58.139,2,1.81,,512000000
2026-05-30 16:44:58.066,2,1.92,,512000000
2026-05-30 16:44:58.032,2,1.82,,512000000
2026-05-30 16:44:58.031,2,1.76,,512000000
2026-05-30 16:44:58.019,2,1.76,,512000000
2026-05-30 16:44:58.014,2,1.92,,512000000
2026-05-30 16:44:57.988,2,1.97,,512000000
2026-05-30 16:44:57.986,2,1.9,,512000000
2026-05-30 16:44:57.979,8,7.04,,512000000
2026-05-30 16:44:57.972,2,1.66,,512000000
2026-05-30 16:44:57.972,3,2.11,,512000000
2026-05-30 16:44:57.971,2,1.78,,512000000
2026-05-30 16:44:57.966,2,1.85,,512000000
2026-05-30 16:44:57.952,2,1.69,,512000000
2026-05-30 16:44:57.947,2,1.71,,512000000
2026-05-30 16:44:57.925,2,1.73,,512000000
2026-05-30 16:44:57.924,2,1.69,,512000000
2026-05-30 16:44:57.901,2,1.81,,512000000
2026-05-30 16:44:57.901,2,1.74,,512000000
2026-05-30 16:44:57.878,2,1.92,,512000000
2026-05-30 16:44:57.866,17,16.43,,512000000
2026-05-30 16:44:57.850,2,1.61,,512000000
2026-05-30 16:44:57.844,2,1.99,,512000000
2026-05-30 16:44:57.827,3,2.1,,512000000
2026-05-30 16:44:57.826,3,2.23,,512000000
2026-05-30 16:44:57.823,2,1.75,,512000000
2026-05-30 16:44:57.820,2,1.9,,512000000
2026-05-30 16:44:57.818,2,1.86,,512000000
2026-05-30 16:44:57.793,2,1.75,,512000000
2026-05-30 16:44:57.792,2,1.74,,512000000
2026-05-30 16:44:57.757,2,1.76,,512000000
2026-05-30 16:44:57.755,2,1.8,,512000000
2026-05-30 16:44:57.719,3,2.09,,512000000
2026-05-30 16:44:57.710,2,1.95,,512000000
2026-05-30 16:44:57.704,3,2.07,,512000000
2026-05-30 16:44:57.670,2,1.9,,512000000
2026-05-30 16:44:57.666,22,21.1,,512000000
2026-05-30 16:44:57.657,2,1.72,,512000000
2026-05-30 16:44:57.655,2,1.68,,512000000
2026-05-30 16:44:57.648,2,1.6,,512000000
2026-05-30 16:44:57.648,2,1.73,,512000000
2026-05-30 16:44:57.646,2,1.74,,512000000
2026-05-30 16:44:57.624,3,2.1,,512000000
2026-05-30 16:44:57.597,2,1.76,,512000000
2026-05-30 16:44:57.588,2,1.83,,512000000
2026-05-30 16:44:57.578,2,1.81,,512000000
2026-05-30 16:44:57.574,2,1.67,,512000000
2026-05-30 16:44:57.557,2,1.84,,512000000
2026-05-30 16:44:57.557,2,1.88,,512000000
2026-05-30 16:44:57.552,2,1.79,,512000000
2026-05-30 16:44:57.543,2,2,,512000000
2026-05-30 16:44:57.519,3,2.09,,512000000
2026-05-30 16:44:57.516,2,1.84,,512000000
2026-05-30 16:44:57.497,18,17.04,,512000000
2026-05-30 16:44:57.488,2,1.77,,512000000
2026-05-30 16:44:57.482,2,1.85,,512000000
2026-05-30 16:44:57.466,3,2.36,,512000000
2026-05-30 16:44:57.464,3,2.01,,512000000
2026-05-30 16:44:57.459,2,1.71,,512000000
2026-05-30 16:44:57.451,2,1.84,,512000000
2026-05-30 16:44:57.443,2,1.9,,512000000
2026-05-30 16:44:57.436,3,2,,512000000
2026-05-30 16:44:57.418,2,1.71,,512000000
2026-05-30 16:44:57.394,9,8.3,,512000000
2026-05-30 16:44:57.379,2,1.72,,512000000
2026-05-30 16:44:57.376,2,1.98,,512000000
2026-05-30 16:44:57.353,3,2,,512000000
2026-05-30 16:44:57.350,2,1.89,,512000000
2026-05-30 16:44:57.337,6,5.42,,512000000
2026-05-30 16:44:57.335,2,1.66,,512000000
2026-05-30 16:44:57.307,7,6.22,,512000000
2026-05-30 16:44:57.279,3,2.6,,512000000
2026-05-30 16:44:57.277,2,1.81,,512000000
2026-05-30 16:44:57.264,2,1.91,,512000000
2026-05-30 16:44:57.244,2,1.81,,512000000
2026-05-30 16:44:57.238,20,19.48,,512000000
2026-05-30 16:44:57.235,2,1.96,,512000000
2026-05-30 16:44:57.230,2,1.97,,512000000
2026-05-30 16:44:57.206,2,1.74,,512000000
2026-05-30 16:44:57.201,6,5.45,,512000000
2026-05-30 16:44:57.185,12,11.26,,512000000
2026-05-30 16:44:57.182,3,2.02,,512000000
2026-05-30 16:44:57.181,2,1.79,,512000000
2026-05-30 16:44:57.178,3,2.27,,512000000
2026-05-30 16:44:57.176,2,1.9,,512000000
2026-05-30 16:44:57.171,3,2.86,,512000000
2026-05-30 16:44:57.166,2,1.87,,512000000
2026-05-30 16:44:57.162,2,1.89,,512000000
2026-05-30 16:44:57.154,2,1.89,,512000000
2026-05-30 16:44:57.151,2,1.89,,512000000
2026-05-30 16:44:57.136,2,1.93,,512000000
2026-05-30 16:44:57.108,2,1.83,,512000000
2026-05-30 16:44:57.098,2,1.83,,512000000
2026-05-30 16:44:57.097,2,1.76,,512000000
2026-05-30 16:44:57.080,2,1.85,,512000000
2026-05-30 16:44:57.069,2,1.72,,512000000
2026-05-30 16:44:57.057,2,1.73,,512000000
2026-05-30 16:44:57.055,2,1.89,,512000000
2026-05-30 16:44:57.039,3,2.01,,512000000
2026-05-30 16:44:57.036,2,1.86,,512000000
2026-05-30 16:44:57.027,2,1.93,,512000000
2026-05-30 16:44:57.022,2,1.77,,512000000
2026-05-30 16:44:57.018,2,1.82,,512000000
2026-05-30 16:44:57.000,2,1.86,,512000000
2026-05-30 16:44:56.984,2,1.82,,512000000
2026-05-30 16:44:56.969,2,1.95,,512000000
2026-05-30 16:44:56.932,6,5.03,,512000000
2026-05-30 16:44:56.919,2,1.58,,512000000
2026-05-30 16:44:56.914,2,1.79,,512000000
2026-05-30 16:44:56.913,2,1.92,,512000000
2026-05-30 16:44:56.912,2,1.64,,512000000
2026-05-30 16:44:56.911,2,1.84,,512000000
2026-05-30 16:44:56.907,2,1.8,,512000000
2026-05-30 16:44:56.897,2,1.91,,512000000
2026-05-30 16:44:56.867,2,1.71,,512000000
2026-05-30 16:44:56.852,2,1.72,,512000000
2026-05-30 16:44:56.821,2,1.81,,512000000
2026-05-30 16:44:56.817,3,2.73,,512000000
2026-05-30 16:44:56.799,9,8.61,,512000000
2026-05-30 16:44:56.789,3,2.12,,512000000
2026-05-30 16:44:56.779,2,1.74,,512000000
2026-05-30 16:44:56.777,2,1.84,,512000000
2026-05-30 16:44:56.776,3,2.02,,512000000
2026-05-30 16:44:56.758,3,2.03,,512000000
2026-05-30 16:44:56.754,9,8.19,,512000000
2026-05-30 16:44:56.754,3,2.03,,512000000
2026-05-30 16:44:56.738,2,1.78,,512000000
2026-05-30 16:44:56.738,4,3.46,,512000000
2026-05-30 16:44:56.723,2,1.68,,512000000
2026-05-30 16:44:56.721,3,2.08,,512000000
2026-05-30 16:44:56.719,3,2.15,,512000000
2026-05-30 16:44:56.688,2,1.82,,512000000
2026-05-30 16:44:56.661,2,1.68,,512000000
2026-05-30 16:44:56.636,2,1.81,,512000000
2026-05-30 16:44:56.634,2,1.8,,512000000
2026-05-30 16:44:56.608,2,1.79,,512000000
2026-05-30 16:44:56.557,2,1.75,,512000000
2026-05-30 16:44:56.546,3,2.26,,512000000
2026-05-30 16:44:56.544,2,1.75,,512000000
2026-05-30 16:44:56.527,2,1.86,,512000000
2026-05-30 16:44:56.524,2,1.66,,512000000
2026-05-30 16:44:56.465,2,1.82,,512000000
2026-05-30 16:44:56.444,2,1.94,,512000000
2026-05-30 16:44:56.435,3,2.01,,512000000
2026-05-30 16:44:56.420,2,1.86,,512000000
2026-05-30 16:44:56.416,2,1.76,,512000000
2026-05-30 16:44:56.411,2,1.86,,512000000
2026-05-30 16:44:56.402,2,1.77,,512000000
2026-05-30 16:44:56.387,2,1.47,,512000000
2026-05-30 16:44:56.375,2,1.87,,512000000
2026-05-30 16:44:56.368,23,22.77,,512000000
2026-05-30 16:44:56.356,3,2.01,,512000000
2026-05-30 16:44:56.353,2,1.85,,512000000
2026-05-30 16:44:56.324,3,2.06,,512000000
2026-05-30 16:44:56.324,2,1.94,,512000000
2026-05-30 16:44:56.320,3,2.15,,512000000
2026-05-30 16:44:56.310,2,1.87,,512000000
2026-05-30 16:44:56.308,2,1.93,,512000000
2026-05-30 16:44:56.293,2,1.7,,512000000
2026-05-30 16:44:56.292,2,1.65,,512000000
2026-05-30 16:44:56.277,7,6.74,,512000000
2026-05-30 16:44:56.270,2,1.87,,512000000
2026-05-30 16:44:56.267,2,1.92,,512000000
2026-05-30 16:44:56.266,2,1.9,,512000000
2026-05-30 16:44:56.250,2,1.74,,512000000
2026-05-30 16:44:56.230,2,1.87,,512000000
2026-05-30 16:44:56.224,2,1.95,,512000000
2026-05-30 16:44:56.216,3,2.21,,512000000
2026-05-30 16:44:56.216,2,1.85,,512000000
2026-05-30 16:44:56.210,3,2.05,,512000000
2026-05-30 16:44:56.180,8,7.43,,512000000
2026-05-30 16:44:56.175,2,1.76,,512000000
2026-05-30 16:44:56.170,2,1.94,,512000000
2026-05-30 16:44:56.143,2,1.82,,512000000
2026-05-30 16:44:56.141,10,9.44,,512000000
2026-05-30 16:44:56.137,2,1.7,,512000000
2026-05-30 16:44:56.134,6,5.52,,512000000
2026-05-30 16:44:56.120,2,1.89,,512000000
2026-05-30 16:44:56.118,7,6.79,,512000000
2026-05-30 16:44:56.109,4,3.89,,512000000
2026-05-30 16:44:56.107,2,1.92,,512000000
2026-05-30 16:44:56.104,2,1.91,,512000000
2026-05-30 16:44:56.093,2,1.75,,512000000
2026-05-30 16:44:56.090,2,1.67,,512000000
2026-05-30 16:44:56.061,2,1.83,,512000000
2026-05-30 16:44:56.059,5,4.25,,512000000
2026-05-30 16:44:56.057,3,2.1,,512000000
2026-05-30 16:44:56.043,2,1.89,,512000000
2026-05-30 16:44:56.018,7,6.48,,512000000
2026-05-30 16:44:56.018,2,1.85,,512000000
2026-05-30 16:44:55.999,2,1.7,,512000000
2026-05-30 16:44:55.993,4,3.24,,512000000
2026-05-30 16:44:55.993,2,1.62,,512000000
2026-05-30 16:44:55.988,3,2.06,,512000000
2026-05-30 16:44:55.987,2,1.83,,512000000
2026-05-30 16:44:55.982,2,1.63,,512000000
2026-05-30 16:44:55.979,2,1.64,,512000000
2026-05-30 16:44:55.978,2,1.87,,512000000
2026-05-30 16:44:55.978,2,1.84,,512000000
2026-05-30 16:44:55.968,2,1.75,,512000000
2026-05-30 16:44:55.966,2,1.81,,512000000
2026-05-30 16:44:55.961,5,4.69,,512000000
2026-05-30 16:44:55.960,3,2.12,,512000000
2026-05-30 16:44:55.927,2,1.71,,512000000
2026-05-30 16:44:55.926,2,1.75,,512000000
2026-05-30 16:44:55.919,3,2.18,,512000000
2026-05-30 16:44:55.919,2,1.74,,512000000
2026-05-30 16:44:55.907,11,10.11,,512000000
2026-05-30 16:44:55.884,3,2.17,,512000000
2026-05-30 16:44:55.864,2,1.79,,512000000
2026-05-30 16:44:55.846,3,2.54,,512000000
2026-05-30 16:44:55.844,2,1.91,,512000000
2026-05-30 16:44:55.844,2,1.99,,512000000
2026-05-30 16:44:55.837,2,1.78,,512000000
2026-05-30 16:44:55.818,2,1.98,,512000000
2026-05-30 16:44:55.779,2,1.78,,512000000
2026-05-30 16:44:55.775,2,1.67,,512000000
2026-05-30 16:44:55.751,3,2.13,,512000000
2026-05-30 16:44:55.740,2,1.74,,512000000
2026-05-30 16:44:55.727,2,1.66,,512000000
2026-05-30 16:44:55.724,10,9.2,,512000000
2026-05-30 16:44:55.707,2,1.58,,512000000
2026-05-30 16:44:55.695,2,1.85,,512000000
2026-05-30 16:44:55.691,2,1.88,,512000000
2026-05-30 16:44:55.691,3,2.06,,512000000
2026-05-30 16:44:55.677,2,1.65,,512000000
2026-05-30 16:44:55.663,2,1.83,,512000000
2026-05-30 16:44:55.647,2,1.89,,512000000
2026-05-30 16:44:55.646,3,2.04,,512000000
2026-05-30 16:44:55.632,2,1.78,,512000000
2026-05-30 16:44:55.623,3,2.33,,512000000
2026-05-30 16:44:55.605,2,1.9,,512000000
2026-05-30 16:44:55.585,2,1.75,,512000000
2026-05-30 16:44:55.567,3,2.07,,512000000
2026-05-30 16:44:55.564,2,1.7,,512000000
2026-05-30 16:44:55.556,2,1.84,,512000000
2026-05-30 16:44:55.553,3,2.65,,512000000
2026-05-30 16:44:55.538,2,1.84,,512000000
2026-05-30 16:44:55.537,2,1.82,,512000000
2026-05-30 16:44:55.537,3,2.4,,512000000
2026-05-30 16:44:55.509,5,4.04,,512000000
2026-05-30 16:44:55.503,2,1.91,,512000000
2026-05-30 16:44:55.485,2,1.75,,512000000
2026-05-30 16:44:55.482,2,1.84,,512000000
2026-05-30 16:44:55.478,2,1.87,,512000000
2026-05-30 16:44:55.474,3,2.33,,512000000
2026-05-30 16:44:55.466,3,2.04,,512000000
2026-05-30 16:44:55.450,2,1.74,,512000000
2026-05-30 16:44:55.411,2,1.99,,512000000
2026-05-30 16:44:55.407,6,5.03,,512000000
2026-05-30 16:44:55.372,2,1.93,,512000000
2026-05-30 16:44:55.360,2,1.8,,512000000
2026-05-30 16:44:55.359,2,1.91,,512000000
2026-05-30 16:44:55.331,5,4.04,,512000000
2026-05-30 16:44:55.328,9,8.5,,512000000
2026-05-30 16:44:55.327,9,8.58,,512000000
2026-05-30 16:44:55.322,3,2.54,,512000000
2026-05-30 16:44:55.312,4,3.27,,512000000
2026-05-30 16:44:55.312,2,1.72,,512000000
2026-05-30 16:44:55.307,16,15.18,,512000000
2026-05-30 16:44:55.299,8,7.41,,512000000
2026-05-30 16:44:55.298,2,1.79,,512000000
2026-05-30 16:44:55.280,3,2.14,,512000000
2026-05-30 16:44:55.271,2,1.75,,512000000
2026-05-30 16:44:55.247,3,2.18,,512000000
2026-05-30 16:44:55.244,2,1.62,,512000000
2026-05-30 16:44:55.242,2,1.88,,512000000
2026-05-30 16:44:55.229,2,1.81,,512000000
2026-05-30 16:44:55.215,2,1.75,,512000000
2026-05-30 16:44:55.205,2,1.82,,512000000
2026-05-30 16:44:55.202,2,1.76,,512000000
2026-05-30 16:44:55.174,2,1.62,,512000000
2026-05-30 16:44:55.173,2,1.51,,512000000
2026-05-30 16:44:55.148,2,1.71,,512000000
2026-05-30 16:44:55.147,2,1.73,,512000000
2026-05-30 16:44:55.122,2,1.77,,512000000
2026-05-30 16:44:55.116,2,1.58,,512000000
2026-05-30 16:44:55.112,2,1.94,,512000000
2026-05-30 16:44:55.110,2,1.87,,512000000
2026-05-30 16:44:55.106,2,1.87,,512000000
2026-05-30 16:44:55.090,2,1.75,,512000000
2026-05-30 16:44:55.089,2,1.78,,512000000
2026-05-30 16:44:55.064,2,1.86,,512000000
2026-05-30 16:44:55.054,2,1.67,,512000000
2026-05-30 16:44:55.037,2,1.83,,512000000
2026-05-30 16:44:55.023,2,1.86,,512000000
2026-05-30 16:44:54.981,2,1.89,,512000000
2026-05-30 16:44:54.951,2,1.69,,512000000
2026-05-30 16:44:54.950,2,1.64,,512000000
2026-05-30 16:44:54.934,2,1.65,,512000000
2026-05-30 16:44:54.913,2,1.82,,512000000
2026-05-30 16:44:54.905,2,1.74,,512000000
2026-05-30 16:44:54.902,2,1.81,,512000000
2026-05-30 16:44:54.881,5,4.29,,512000000
2026-05-30 16:44:54.877,2,1.75,,512000000
2026-05-30 16:44:54.870,2,1.78,,512000000
2026-05-30 16:44:54.864,3,2.02,,512000000
2026-05-30 16:44:54.840,2,1.91,,512000000
2026-05-30 16:44:54.835,2,1.73,,512000000
2026-05-30 16:44:54.809,2,1.9,,512000000
2026-05-30 16:44:54.797,2,1.95,,512000000
2026-05-30 16:44:54.796,2,1.81,,512000000
2026-05-30 16:44:54.791,3,2.26,,512000000
2026-05-30 16:44:54.777,10,9.85,,512000000
2026-05-30 16:44:54.777,2,1.71,,512000000
2026-05-30 16:44:54.757,11,10.2,,512000000
2026-05-30 16:44:54.740,14,13.65,,512000000
2026-05-30 16:44:54.736,2,1.78,,512000000
2026-05-30 16:44:54.734,4,3.09,,512000000
2026-05-30 16:44:54.732,2,1.87,,512000000
2026-05-30 16:44:54.729,2,1.76,,512000000
2026-05-30 16:44:54.727,6,5.08,,512000000
2026-05-30 16:44:54.724,3,2.44,,512000000
2026-05-30 16:44:54.718,2,1.84,,512000000
2026-05-30 16:44:54.713,2,1.91,,512000000
2026-05-30 16:44:54.682,2,1.71,,512000000
2026-05-30 16:44:54.654,2,1.88,,512000000
2026-05-30 16:44:54.653,2,1.72,,512000000
2026-05-30 16:44:54.628,4,3.12,,512000000
2026-05-30 16:44:54.622,3,2.12,,512000000
2026-05-30 16:44:54.616,3,2.53,,512000000
2026-05-30 16:44:54.611,2,1.59,,512000000
2026-05-30 16:44:54.601,2,1.62,,512000000
2026-05-30 16:44:54.577,2,1.63,,512000000
2026-05-30 16:44:54.566,2,1.64,,512000000
2026-05-30 16:44:54.564,2,1.95,,512000000
2026-05-30 16:44:54.556,2,1.73,,512000000
2026-05-30 16:44:54.525,2,1.7,,512000000
2026-05-30 16:44:54.522,2,1.66,,512000000
2026-05-30 16:44:54.512,2,1.91,,512000000
2026-05-30 16:44:54.506,2,1.82,,512000000
2026-05-30 16:44:54.501,2,1.69,,512000000
2026-05-30 16:44:54.469,18,17.76,,512000000
2026-05-30 16:44:54.467,3,2.33,,512000000
2026-05-30 16:44:54.441,2,1.71,,512000000
2026-05-30 16:44:54.435,2,1.72,,512000000
2026-05-30 16:44:54.423,2,1.87,,512000000
2026-05-30 16:44:54.423,3,2.08,,512000000
2026-05-30 16:44:54.413,2,1.73,,512000000
2026-05-30 16:44:54.400,3,2.3,,512000000
2026-05-30 16:44:54.396,2,1.76,,512000000
2026-05-30 16:44:54.389,2,1.95,,512000000
2026-05-30 16:44:54.358,2,1.83,,512000000
2026-05-30 16:44:54.357,2,1.88,,512000000
2026-05-30 16:44:54.348,2,1.88,,512000000
2026-05-30 16:44:54.337,2,1.95,,512000000
2026-05-30 16:44:54.324,2,1.78,,512000000
2026-05-30 16:44:54.314,2,1.89,,512000000
2026-05-30 16:44:54.294,3,2.03,,512000000
2026-05-30 16:44:54.292,2,1.89,,512000000
2026-05-30 16:44:54.276,2,1.7,,512000000
2026-05-30 16:44:54.273,2,1.75,,512000000
2026-05-30 16:44:54.254,23,22.41,,512000000
2026-05-30 16:44:54.251,2,1.95,,512000000
2026-05-30 16:44:54.250,2,1.81,,512000000
2026-05-30 16:44:54.238,2,1.75,,512000000
2026-05-30 16:44:54.213,2,1.68,,512000000
2026-05-30 16:44:54.182,2,1.77,,512000000
2026-05-30 16:44:54.156,2,1.78,,512000000
2026-05-30 16:44:54.148,2,1.84,,512000000
2026-05-30 16:44:54.148,2,1.85,,512000000
2026-05-30 16:44:54.147,2,1.94,,512000000
2026-05-30 16:44:54.132,2,1.82,,512000000
2026-05-30 16:44:54.111,3,2.05,,512000000
2026-05-30 16:44:54.103,2,1.69,,512000000
2026-05-30 16:44:54.101,2,1.99,,512000000
2026-05-30 16:44:54.098,2,1.73,,512000000
2026-05-30 16:44:54.075,2,1.63,,512000000
2026-05-30 16:44:54.074,2,1.71,,512000000
2026-05-30 16:44:54.062,2,1.93,,512000000
2026-05-30 16:44:54.055,2,1.75,,512000000
2026-05-30 16:44:54.034,17,16.48,,512000000
2026-05-30 16:44:54.016,2,1.79,,512000000
2026-05-30 16:44:53.998,3,2.1,,512000000
2026-05-30 16:44:53.984,2,1.69,,512000000
2026-05-30 16:44:53.974,4,3.05,,512000000
2026-05-30 16:44:53.969,2,1.87,,512000000
2026-05-30 16:44:53.945,2,1.85,,512000000
2026-05-30 16:44:53.918,2,1.79,,512000000
2026-05-30 16:44:53.918,4,3.33,,512000000
2026-05-30 16:44:53.912,2,1.62,,512000000
2026-05-30 16:44:53.904,2,1.62,,512000000
2026-05-30 16:44:53.903,2,1.92,,512000000
2026-05-30 16:44:53.870,2,1.69,,512000000
2026-05-30 16:44:53.854,2,1.61,,512000000
2026-05-30 16:44:53.852,7,6.61,,512000000
2026-05-30 16:44:53.851,2,1.7,,512000000
2026-05-30 16:44:53.847,2,1.95,,512000000
2026-05-30 16:44:53.843,2,1.84,,512000000
2026-05-30 16:44:53.839,2,1.89,,512000000
2026-05-30 16:44:53.806,2,1.87,,512000000
2026-05-30 16:44:53.805,2,1.88,,512000000
2026-05-30 16:44:53.798,2,1.79,,512000000
2026-05-30 16:44:53.787,2,1.93,,512000000
2026-05-30 16:44:53.763,2,1.87,,512000000
2026-05-30 16:44:53.763,2,1.89,,512000000
2026-05-30 16:44:53.761,2,1.65,,512000000
2026-05-30 16:44:53.730,2,1.81,,512000000
2026-05-30 16:44:53.718,2,1.85,,512000000
2026-05-30 16:44:53.707,2,1.76,,512000000
2026-05-30 16:44:53.701,2,1.75,,512000000
2026-05-30 16:44:53.654,3,2.08,,512000000
2026-05-30 16:44:53.649,2,1.83,,512000000
2026-05-30 16:44:53.628,6,5.94,,512000000
2026-05-30 16:44:53.620,2,1.86,,512000000
2026-05-30 16:44:53.617,2,1.82,,512000000
2026-05-30 16:44:53.615,3,2.03,,512000000
2026-05-30 16:44:53.610,4,3.95,,512000000
2026-05-30 16:44:53.590,3,2.08,,512000000
2026-05-30 16:44:53.575,2,1.92,,512000000
2026-05-30 16:44:53.538,2,1.84,,512000000
2026-05-30 16:44:53.522,3,2.85,,512000000
2026-05-30 16:44:53.521,2,1.86,,512000000
2026-05-30 16:44:53.510,2,1.82,,512000000
2026-05-30 16:44:53.506,3,2.91,,512000000
2026-05-30 16:44:53.503,2,1.95,,512000000
2026-05-30 16:44:53.498,3,2.32,,512000000
2026-05-30 16:44:53.492,7,6.35,,512000000
2026-05-30 16:44:53.478,2,1.64,,512000000
2026-05-30 16:44:53.476,2,1.91,,512000000
2026-05-30 16:44:53.465,3,2.02,,512000000
2026-05-30 16:44:53.438,7,6.67,,512000000
2026-05-30 16:44:53.431,2,1.76,,512000000
2026-05-30 16:44:53.430,2,1.95,,512000000
2026-05-30 16:44:53.395,3,2.41,,512000000
2026-05-30 16:44:53.388,3,2.02,,512000000
2026-05-30 16:44:53.387,6,5.3,,512000000
2026-05-30 16:44:53.380,2,1.8,,512000000
2026-05-30 16:44:53.355,2,1.8,,512000000
2026-05-30 16:44:53.339,2,1.79,,512000000
2026-05-30 16:44:53.338,2,1.79,,512000000
2026-05-30 16:44:53.334,2,1.88,,512000000
2026-05-30 16:44:53.294,3,2.68,,512000000
2026-05-30 16:44:53.294,2,1.83,,512000000
2026-05-30 16:44:53.283,3,2.25,,512000000
2026-05-30 16:44:53.277,2,1.92,,512000000
2026-05-30 16:44:53.269,3,2.98,,512000000
2026-05-30 16:44:53.268,2,1.76,,512000000
2026-05-30 16:44:53.268,2,1.74,,512000000
2026-05-30 16:44:53.249,2,1.87,,512000000
2026-05-30 16:44:53.218,2,1.64,,512000000
2026-05-30 16:44:53.198,2,1.9,,512000000
2026-05-30 16:44:53.191,4,3.95,,512000000
2026-05-30 16:44:53.176,2,1.91,,512000000
2026-05-30 16:44:53.166,3,2.15,,512000000
2026-05-30 16:44:53.157,2,1.8,,512000000
2026-05-30 16:44:53.123,9,8.48,,512000000
2026-05-30 16:44:53.122,3,2.29,,512000000
2026-05-30 16:44:53.121,2,1.73,,512000000
2026-05-30 16:44:53.119,2,1.75,,512000000
2026-05-30 16:44:53.104,2,1.64,,512000000
2026-05-30 16:44:53.104,2,1.69,,512000000
2026-05-30 16:44:53.097,10,9.44,,512000000
2026-05-30 16:44:53.095,3,2.27,,512000000
2026-05-30 16:44:53.094,2,1.84,,512000000
2026-05-30 16:44:53.090,2,1.69,,512000000
2026-05-30 16:44:53.081,2,1.63,,512000000
2026-05-30 16:44:53.080,2,1.66,,512000000
2026-05-30 16:44:53.050,2,1.87,,512000000
2026-05-30 16:44:53.022,2,1.62,,512000000
2026-05-30 16:44:53.019,2,1.99,,512000000
2026-05-30 16:44:52.999,2,1.67,,512000000
2026-05-30 16:44:52.988,2,1.73,,512000000
2026-05-30 16:44:52.984,2,1.74,,512000000
2026-05-30 16:44:52.971,2,1.73,,512000000
2026-05-30 16:44:52.971,3,2.14,,512000000
2026-05-30 16:44:52.967,4,3.06,,512000000
2026-05-30 16:44:52.952,2,1.79,,512000000
2026-05-30 16:44:52.925,3,2.09,,512000000
2026-05-30 16:44:52.908,2,1.86,,512000000
2026-05-30 16:44:52.895,2,1.79,,512000000
2026-05-30 16:44:52.874,2,1.62,,512000000
2026-05-30 16:44:52.866,2,1.7,,512000000
2026-05-30 16:44:52.864,2,1.65,,512000000
2026-05-30 16:44:52.831,2,1.92,,512000000
2026-05-30 16:44:52.822,2,1.67,,512000000
2026-05-30 16:44:52.822,2,1.62,,512000000
2026-05-30 16:44:52.813,5,4.09,,512000000
2026-05-30 16:44:52.799,2,1.71,,512000000
2026-05-30 16:44:52.795,2,1.96,,512000000
2026-05-30 16:44:52.789,3,2.01,,512000000
2026-05-30 16:44:52.787,3,2.05,,512000000
2026-05-30 16:44:52.773,2,1.8,,512000000
2026-05-30 16:44:52.770,2,1.99,,512000000
2026-05-30 16:44:52.767,2,1.82,,512000000
2026-05-30 16:44:52.749,2,1.89,,512000000
2026-05-30 16:44:52.726,3,2.04,,512000000
2026-05-30 16:44:52.720,2,1.92,,512000000
2026-05-30 16:44:52.718,2,1.71,,512000000
2026-05-30 16:44:52.687,2,1.78,,512000000
2026-05-30 16:44:52.684,2,1.9,,512000000
2026-05-30 16:44:52.680,2,1.87,,512000000
2026-05-30 16:44:52.658,2,1.65,,512000000
2026-05-30 16:44:52.655,2,1.96,,512000000
2026-05-30 16:44:52.640,3,2.14,,512000000
2026-05-30 16:44:52.612,2,1.76,,512000000
2026-05-30 16:44:52.609,2,1.77,,512000000
2026-05-30 16:44:52.593,12,11.02,,512000000
2026-05-30 16:44:52.575,3,2.27,,512000000
2026-05-30 16:44:52.573,3,2.23,,512000000
2026-05-30 16:44:52.566,27,26.5,,512000000
2026-05-30 16:44:52.557,2,1.78,,512000000
2026-05-30 16:44:52.550,2,1.77,,512000000
2026-05-30 16:44:52.546,2,1.8,,512000000
2026-05-30 16:44:52.537,3,2.88,,512000000
2026-05-30 16:44:52.521,2,1.82,,512000000
2026-05-30 16:44:52.513,2,1.77,,512000000
2026-05-30 16:44:52.492,3,2.06,,512000000
2026-05-30 16:44:52.485,2,1.76,,512000000
2026-05-30 16:44:52.485,2,1.83,,512000000
2026-05-30 16:44:52.482,3,2.12,,512000000
2026-05-30 16:44:52.470,3,2.17,,512000000
2026-05-30 16:44:52.468,2,1.83,,512000000
2026-05-30 16:44:52.440,8,7.89,,512000000
2026-05-30 16:44:52.434,2,1.67,,512000000
2026-05-30 16:44:52.427,2,1.83,,512000000
2026-05-30 16:44:52.421,2,1.94,,512000000
2026-05-30 16:44:52.418,3,2.28,,512000000
2026-05-30 16:44:52.415,3,2.28,,512000000
2026-05-30 16:44:52.408,3,2.03,,512000000
2026-05-30 16:44:52.408,2,1.82,,512000000
2026-05-30 16:44:52.405,2,1.76,,512000000
2026-05-30 16:44:52.405,2,1.8,,512000000
2026-05-30 16:44:52.357,2,1.84,,512000000
2026-05-30 16:44:52.353,2,1.8,,512000000
2026-05-30 16:44:52.343,7,6.47,,512000000
2026-05-30 16:44:52.339,2,1.88,,512000000
2026-05-30 16:44:52.338,6,5.09,,512000000
2026-05-30 16:44:52.331,2,1.82,,512000000
2026-05-30 16:44:52.321,3,2.31,,512000000
2026-05-30 16:44:52.315,25,24.15,,512000000
2026-05-30 16:44:52.314,2,1.72,,512000000
2026-05-30 16:44:52.299,2,1.68,,512000000
2026-05-30 16:44:52.295,2,1.81,,512000000
2026-05-30 16:44:52.293,3,2.45,,512000000
2026-05-30 16:44:52.278,2,1.71,,512000000
2026-05-30 16:44:52.269,2,1.88,,512000000
2026-05-30 16:44:52.267,3,2.03,,512000000
2026-05-30 16:44:52.244,3,2.05,,512000000
2026-05-30 16:44:52.241,2,1.85,,512000000
2026-05-30 16:44:52.221,2,1.88,,512000000
2026-05-30 16:44:52.210,2,1.74,,512000000
2026-05-30 16:44:52.196,2,1.72,,512000000
2026-05-30 16:44:52.189,2,1.73,,512000000
2026-05-30 16:44:52.188,2,1.76,,512000000
2026-05-30 16:44:52.172,2,1.74,,512000000
2026-05-30 16:44:52.143,2,1.76,,512000000
2026-05-30 16:44:52.140,2,1.77,,512000000
2026-05-30 16:44:52.140,2,1.64,,512000000
2026-05-30 16:44:52.126,2,1.95,,512000000
2026-05-30 16:44:52.123,2,1.77,,512000000
2026-05-30 16:44:52.111,2,1.64,,512000000
2026-05-30 16:44:52.072,8,7.16,,512000000
2026-05-30 16:44:52.072,2,1.88,,512000000
2026-05-30 16:44:52.037,2,1.86,,512000000
2026-05-30 16:44:52.033,2,1.67,,512000000
2026-05-30 16:44:52.033,2,1.87,,512000000
2026-05-30 16:44:52.030,2,1.79,,512000000
2026-05-30 16:44:51.984,2,1.75,,512000000
2026-05-30 16:44:51.982,2,1.66,,512000000
2026-05-30 16:44:51.948,2,1.98,,512000000
2026-05-30 16:44:51.948,11,10.21,,512000000
2026-05-30 16:44:51.931,2,1.8,,512000000
2026-05-30 16:44:51.923,2,1.82,,512000000
2026-05-30 16:44:51.920,2,1.63,,512000000
2026-05-30 16:44:51.913,3,2.76,,512000000
2026-05-30 16:44:51.913,2,1.68,,512000000
2026-05-30 16:44:51.901,2,1.82,,512000000
2026-05-30 16:44:51.868,2,1.75,,512000000
2026-05-30 16:44:51.864,5,4.11,,512000000
2026-05-30 16:44:51.842,2,1.68,,512000000
2026-05-30 16:44:51.824,2,1.88,,512000000
2026-05-30 16:44:51.824,2,1.87,,512000000
2026-05-30 16:44:51.822,2,1.72,,512000000
2026-05-30 16:44:51.777,2,1.69,,512000000
2026-05-30 16:44:51.760,2,1.77,,512000000
2026-05-30 16:44:51.748,2,1.78,,512000000
2026-05-30 16:44:51.738,2,1.97,,512000000
2026-05-30 16:44:51.737,2,1.72,,512000000
2026-05-30 16:44:51.735,2,1.71,,512000000
2026-05-30 16:44:51.735,2,1.96,,512000000
2026-05-30 16:44:51.735,2,1.91,,512000000
2026-05-30 16:44:51.686,3,2.23,,512000000
2026-05-30 16:44:51.658,2,1.73,,512000000
2026-05-30 16:44:51.643,2,1.91,,512000000
2026-05-30 16:44:51.643,2,1.93,,512000000
2026-05-30 16:44:51.621,2,1.73,,512000000
2026-05-30 16:44:51.601,2,1.96,,512000000
2026-05-30 16:44:51.598,2,1.69,,512000000
2026-05-30 16:44:51.595,2,1.65,,512000000
2026-05-30 16:44:51.571,2,1.8,,512000000
2026-05-30 16:44:51.564,2,1.62,,512000000
2026-05-30 16:44:51.554,3,2.56,,512000000
2026-05-30 16:44:51.550,2,1.9,,512000000
2026-05-30 16:44:51.544,3,2.07,,512000000
2026-05-30 16:44:51.536,7,6.2,,512000000
2026-05-30 16:44:51.519,2,1.7,,512000000
2026-05-30 16:44:51.490,2,1.76,,512000000
2026-05-30 16:44:51.487,3,2.46,,512000000
2026-05-30 16:44:51.480,2,1.75,,512000000
2026-05-30 16:44:51.478,2,1.7,,512000000
2026-05-30 16:44:51.467,2,1.87,,512000000
2026-05-30 16:44:51.458,2,1.66,,512000000
2026-05-30 16:44:51.447,2,1.78,,512000000
2026-05-30 16:44:51.416,3,2.17,,512000000
2026-05-30 16:44:51.408,11,10.26,,512000000
2026-05-30 16:44:51.407,4,3.07,,512000000
2026-05-30 16:44:51.404,2,1.59,,512000000
2026-05-30 16:44:51.394,2,1.68,,512000000
2026-05-30 16:44:51.392,2,1.85,,512000000
2026-05-30 16:44:51.375,25,24.17,,512000000
2026-05-30 16:44:51.372,5,4.35,,512000000
2026-05-30 16:44:51.362,2,1.73,,512000000
2026-05-30 16:44:51.358,4,3.64,,512000000
2026-05-30 16:44:51.347,3,2.02,,512000000
2026-05-30 16:44:51.345,2,1.7,,512000000
2026-05-30 16:44:51.329,2,1.88,,512000000
2026-05-30 16:44:51.327,2,1.73,,512000000
2026-05-30 16:44:51.309,2,1.9,,512000000
2026-05-30 16:44:51.303,3,2.13,,512000000
2026-05-30 16:44:51.300,3,2.81,,512000000
2026-05-30 16:44:51.297,3,2.23,,512000000
2026-05-30 16:44:51.269,2,1.6,,512000000
2026-05-30 16:44:51.268,2,1.98,,512000000
2026-05-30 16:44:51.263,2,1.74,,512000000
2026-05-30 16:44:51.249,2,1.63,,512000000
2026-05-30 16:44:51.239,2,1.68,,512000000
2026-05-30 16:44:51.225,2,1.86,,512000000
2026-05-30 16:44:51.211,2,1.89,,512000000
2026-05-30 16:44:51.180,2,1.72,,512000000
2026-05-30 16:44:51.180,2,1.78,,512000000
2026-05-30 16:44:51.170,2,1.68,,512000000
2026-05-30 16:44:51.163,2,1.74,,512000000
2026-05-30 16:44:51.161,2,1.69,,512000000
2026-05-30 16:44:51.147,2,1.67,,512000000
2026-05-30 16:44:51.142,2,1.95,,512000000
2026-05-30 16:44:51.135,4,3.06,,512000000
2026-05-30 16:44:51.133,2,1.66,,512000000
2026-05-30 16:44:51.132,2,1.67,,512000000
2026-05-30 16:44:51.099,2,1.9,,512000000
2026-05-30 16:44:51.098,2,1.71,,512000000
2026-05-30 16:44:51.095,2,1.68,,512000000
2026-05-30 16:44:51.094,2,1.86,,512000000
2026-05-30 16:44:51.066,2,1.74,,512000000
2026-05-30 16:44:51.065,2,1.86,,512000000
2026-05-30 16:44:51.048,3,2.04,,512000000
2026-05-30 16:44:51.043,2,1.93,,512000000
2026-05-30 16:44:51.029,2,1.74,,512000000
2026-05-30 16:44:51.020,2,1.86,,512000000
2026-05-30 16:44:51.010,2,1.78,,512000000
2026-05-30 16:44:51.002,2,1.7,,512000000
2026-05-30 16:44:50.987,2,1.76,,512000000
2026-05-30 16:44:50.986,2,1.52,,512000000
2026-05-30 16:44:50.980,2,1.78,,512000000
2026-05-30 16:44:50.956,2,1.83,,512000000
2026-05-30 16:44:50.952,2,1.67,,512000000
2026-05-30 16:44:50.947,2,1.52,,512000000
2026-05-30 16:44:50.937,4,3.79,,512000000
2026-05-30 16:44:50.928,2,1.83,,512000000
2026-05-30 16:44:50.919,2,1.59,,512000000
2026-05-30 16:44:50.872,2,1.99,,512000000
2026-05-30 16:44:50.866,2,1.9,,512000000
2026-05-30 16:44:50.845,2,1.8,,512000000
2026-05-30 16:44:50.832,3,2.77,,512000000
2026-05-30 16:44:50.811,2,1.8,,512000000
2026-05-30 16:44:50.808,2,1.8,,512000000
2026-05-30 16:44:50.804,2,1.81,,512000000
2026-05-30 16:44:50.783,2,1.98,,512000000
2026-05-30 16:44:50.770,2,1.61,,512000000
2026-05-30 16:44:50.761,2,1.92,,512000000
2026-05-30 16:44:50.752,2,1.82,,512000000
2026-05-30 16:44:50.741,2,1.79,,512000000
2026-05-30 16:44:50.733,2,1.63,,512000000
2026-05-30 16:44:50.714,44,43.15,,512000000
2026-05-30 16:44:50.710,2,1.66,,512000000
2026-05-30 16:44:50.699,2,1.72,,512000000
2026-05-30 16:44:50.698,2,1.93,,512000000
2026-05-30 16:44:50.687,2,1.91,,512000000
2026-05-30 16:44:50.684,3,2.08,,512000000
2026-05-30 16:44:50.669,3,2.06,,512000000
2026-05-30 16:44:50.660,2,1.86,,512000000
2026-05-30 16:44:50.645,2,1.65,,512000000
2026-05-30 16:44:50.634,2,1.81,,512000000
2026-05-30 16:44:50.616,2,1.58,,512000000
2026-05-30 16:44:50.604,2,1.66,,512000000
2026-05-30 16:44:50.596,2,1.77,,512000000
2026-05-30 16:44:50.553,2,1.75,,512000000
2026-05-30 16:44:50.551,2,1.92,,512000000
2026-05-30 16:44:50.550,2,1.73,,512000000
2026-05-30 16:44:50.511,2,1.93,,512000000
2026-05-30 16:44:50.485,4,3.6,,512000000
2026-05-30 16:44:50.473,7,6.35,,512000000
2026-05-30 16:44:50.472,3,2.09,,512000000
2026-05-30 16:44:50.468,3,2.19,,512000000
2026-05-30 16:44:50.461,3,2.01,,512000000
2026-05-30 16:44:50.460,2,1.96,,512000000
2026-05-30 16:44:50.458,2,1.77,,512000000
2026-05-30 16:44:50.441,2,1.76,,512000000
2026-05-30 16:44:50.433,2,1.82,,512000000
2026-05-30 16:44:50.423,9,8.33,,512000000
2026-05-30 16:44:50.396,2,1.77,,512000000
2026-05-30 16:44:50.375,3,2.6,,512000000
2026-05-30 16:44:50.369,2,1.79,,512000000
2026-05-30 16:44:50.362,2,1.76,,512000000
2026-05-30 16:44:50.360,2,1.92,,512000000
2026-05-30 16:44:50.359,2,1.95,,512000000
2026-05-30 16:44:50.346,3,2.27,,512000000
2026-05-30 16:44:50.344,3,2.13,,512000000
2026-05-30 16:44:50.343,2,1.86,,512000000
2026-05-30 16:44:50.297,2,1.88,,512000000
2026-05-30 16:44:50.295,7,6.95,,512000000
2026-05-30 16:44:50.292,2,1.66,,512000000
2026-05-30 16:44:50.275,2,1.61,,512000000
2026-05-30 16:44:50.272,2,1.72,,512000000
2026-05-30 16:44:50.232,2,1.77,,512000000
2026-05-30 16:44:50.220,2,1.93,,512000000
2026-05-30 16:44:50.220,2,1.82,,512000000
2026-05-30 16:44:50.201,3,2.15,,512000000
2026-05-30 16:44:50.201,3,2.32,,512000000
2026-05-30 16:44:50.195,2,1.82,,512000000
2026-05-30 16:44:50.191,2,1.77,,512000000
2026-05-30 16:44:50.190,2,1.87,,512000000
2026-05-30 16:44:50.167,2,1.85,,512000000
2026-05-30 16:44:50.153,2,1.99,,512000000
2026-05-30 16:44:50.151,33,32.81,,512000000
2026-05-30 16:44:50.140,2,1.77,,512000000
2026-05-30 16:44:50.136,2,1.79,,512000000
2026-05-30 16:44:50.128,3,2.04,,512000000
2026-05-30 16:44:50.120,2,1.89,,512000000
2026-05-30 16:44:50.118,2,1.77,,512000000
2026-05-30 16:44:50.072,2,1.74,,512000000
2026-05-30 16:44:50.052,21,20.21,,512000000
2026-05-30 16:44:50.018,2,1.91,,512000000
2026-05-30 16:44:50.008,2,1.78,,512000000
2026-05-30 16:44:50.000,2,1.95,,512000000
2026-05-30 16:44:49.981,2,1.95,,512000000
2026-05-30 16:44:49.974,2,1.86,,512000000
2026-05-30 16:44:49.973,3,2.19,,512000000
2026-05-30 16:44:49.955,2,1.91,,512000000
2026-05-30 16:44:49.954,2,1.74,,512000000
2026-05-30 16:44:49.911,2,1.74,,512000000
2026-05-30 16:44:49.910,3,2.02,,512000000
2026-05-30 16:44:49.906,2,1.87,,512000000
2026-05-30 16:44:49.897,2,1.89,,512000000
2026-05-30 16:44:49.890,2,1.74,,512000000
2026-05-30 16:44:49.881,2,1.86,,512000000
2026-05-30 16:44:49.873,2,1.78,,512000000
2026-05-30 16:44:49.867,2,1.95,,512000000
2026-05-30 16:44:49.857,2,1.92,,512000000
2026-05-30 16:44:49.852,8,7.22,,512000000
2026-05-30 16:44:49.832,5,4.04,,512000000
2026-05-30 16:44:49.832,2,1.82,,512000000
2026-05-30 16:44:49.819,2,1.87,,512000000
2026-05-30 16:44:49.819,2,1.63,,512000000
2026-05-30 16:44:49.811,2,1.98,,512000000
2026-05-30 16:44:49.804,18,17.98,,512000000
2026-05-30 16:44:49.784,2,1.86,,512000000
2026-05-30 16:44:49.779,3,2,,512000000
2026-05-30 16:44:49.768,2,1.76,,512000000
2026-05-30 16:44:49.752,2,1.71,,512000000
2026-05-30 16:44:49.752,3,2.24,,512000000
2026-05-30 16:44:49.743,2,1.8,,512000000
2026-05-30 16:44:49.741,3,2.56,,512000000
2026-05-30 16:44:49.739,3,2.14,,512000000
2026-05-30 16:44:49.718,2,1.8,,512000000
2026-05-30 16:44:49.714,3,2.12,,512000000
2026-05-30 16:44:49.705,3,2.01,,512000000
2026-05-30 16:44:49.700,2,1.82,,512000000
2026-05-30 16:44:49.700,2,1.71,,512000000
2026-05-30 16:44:49.692,3,2.31,,512000000
2026-05-30 16:44:49.667,2,1.96,,512000000
2026-05-30 16:44:49.659,2,1.75,,512000000
2026-05-30 16:44:49.652,2,1.69,,512000000
2026-05-30 16:44:49.636,2,1.96,,512000000
2026-05-30 16:44:49.616,2,1.95,,512000000
2026-05-30 16:44:49.589,25,24.35,,512000000
2026-05-30 16:44:49.564,3,2.14,,512000000
2026-05-30 16:44:49.546,2,1.81,,512000000
2026-05-30 16:44:49.538,2,1.74,,512000000
2026-05-30 16:44:49.528,2,1.92,,512000000
2026-05-30 16:44:49.519,2,1.98,,512000000
2026-05-30 16:44:49.512,8,7.94,,512000000
2026-05-30 16:44:49.512,2,1.77,,512000000
2026-05-30 16:44:49.512,2,1.76,,512000000
2026-05-30 16:44:49.505,3,2.09,,512000000
2026-05-30 16:44:49.493,2,1.95,,512000000
2026-05-30 16:44:49.468,2,1.78,,512000000
2026-05-30 16:44:49.467,8,7.14,,512000000
2026-05-30 16:44:49.447,11,10.7,,512000000
2026-05-30 16:44:49.445,2,1.94,,512000000
2026-05-30 16:44:49.442,6,5.22,,512000000
2026-05-30 16:44:49.433,2,1.71,,512000000
2026-05-30 16:44:49.431,3,2.18,,512000000
2026-05-30 16:44:49.426,2,1.77,,512000000
2026-05-30 16:44:49.383,3,2.13,,512000000
2026-05-30 16:44:49.382,2,1.59,,512000000
2026-05-30 16:44:49.376,2,1.78,,512000000
2026-05-30 16:44:49.370,14,13.3,,512000000
2026-05-30 16:44:49.352,2,1.67,,512000000
2026-05-30 16:44:49.338,2,1.7,,512000000
2026-05-30 16:44:49.337,2,1.82,,512000000
2026-05-30 16:44:49.324,15,14.28,,512000000
2026-05-30 16:44:49.310,2,1.68,,512000000
2026-05-30 16:44:49.293,3,2.04,,512000000
2026-05-30 16:44:49.270,2,1.92,,512000000
2026-05-30 16:44:49.259,3,2.04,,512000000
2026-05-30 16:44:49.253,2,1.7,,512000000
2026-05-30 16:44:49.251,3,2.11,,512000000
2026-05-30 16:44:49.246,2,1.68,,512000000
2026-05-30 16:44:49.212,2,1.77,,512000000
2026-05-30 16:44:49.205,3,2.39,,512000000
2026-05-30 16:44:49.201,2,1.65,,512000000
2026-05-30 16:44:49.197,2,1.77,,512000000
2026-05-30 16:44:49.171,24,23.15,,512000000
2026-05-30 16:44:49.171,2,1.92,,512000000
2026-05-30 16:44:49.155,2,1.7,,512000000
2026-05-30 16:44:49.142,3,2.17,,512000000
2026-05-30 16:44:49.137,2,1.67,,512000000
2026-05-30 16:44:49.127,2,1.66,,512000000
2026-05-30 16:44:49.122,2,1.84,,512000000
2026-05-30 16:44:49.119,3,2.03,,512000000
2026-05-30 16:44:49.117,2,1.55,,512000000
2026-05-30 16:44:49.111,2,1.77,,512000000
2026-05-30 16:44:49.098,2,1.74,,512000000
2026-05-30 16:44:49.093,2,1.58,,512000000
2026-05-30 16:44:49.082,2,1.91,,512000000
2026-05-30 16:44:49.076,2,1.93,,512000000
2026-05-30 16:44:49.071,2,1.81,,512000000
2026-05-30 16:44:49.070,2,1.88,,512000000
2026-05-30 16:44:49.069,2,1.96,,512000000
2026-05-30 16:44:49.061,2,1.77,,512000000
2026-05-30 16:44:49.054,6,5.02,,512000000
2026-05-30 16:44:49.032,2,1.71,,512000000
2026-05-30 16:44:49.030,2,1.93,,512000000
2026-05-30 16:44:49.028,3,2.45,,512000000
2026-05-30 16:44:49.003,4,3.75,,512000000
2026-05-30 16:44:48.993,2,1.55,,512000000
2026-05-30 16:44:48.985,2,1.84,,512000000
2026-05-30 16:44:48.953,2,1.69,,512000000
2026-05-30 16:44:48.941,2,1.75,,512000000
2026-05-30 16:44:48.939,2,1.69,,512000000
2026-05-30 16:44:48.924,2,1.8,,512000000
2026-05-30 16:44:48.921,2,1.66,,512000000
2026-05-30 16:44:48.884,2,1.99,,512000000
2026-05-30 16:44:48.866,2,1.85,,512000000
2026-05-30 16:44:48.849,2,1.67,,512000000
2026-05-30 16:44:48.837,2,1.79,,512000000
2026-05-30 16:44:48.807,2,1.79,,512000000
2026-05-30 16:44:48.806,2,1.9,,512000000
2026-05-30 16:44:48.805,2,1.87,,512000000
2026-05-30 16:44:48.784,2,1.7,,512000000
2026-05-30 16:44:48.782,2,1.76,,512000000
2026-05-30 16:44:48.776,2,1.82,,512000000
2026-05-30 16:44:48.735,2,1.75,,512000000
2026-05-30 16:44:48.708,2,1.91,,512000000
2026-05-30 16:44:48.670,2,2,,512000000
2026-05-30 16:44:48.669,2,1.96,,512000000
2026-05-30 16:44:48.659,2,1.72,,512000000
2026-05-30 16:44:48.655,2,1.8,,512000000
2026-05-30 16:44:48.647,2,1.66,,512000000
2026-05-30 16:44:48.647,2,1.77,,512000000
2026-05-30 16:44:48.617,3,2.14,,512000000
2026-05-30 16:44:48.616,18,17.94,,512000000
2026-05-30 16:44:48.615,3,2.45,,512000000
2026-05-30 16:44:48.595,5,4.97,,512000000
2026-05-30 16:44:48.593,3,2.01,,512000000
2026-05-30 16:44:48.591,2,1.99,,512000000
2026-05-30 16:44:48.574,3,2.6,,512000000
2026-05-30 16:44:48.568,11,10.93,,512000000
2026-05-30 16:44:48.564,2,1.77,,512000000
2026-05-30 16:44:48.549,5,4.09,,512000000
2026-05-30 16:44:48.547,7,6.57,,512000000
2026-05-30 16:44:48.537,23,22.97,,512000000
2026-05-30 16:44:48.533,2,1.95,,512000000
2026-05-30 16:44:48.532,2,1.82,,512000000
2026-05-30 16:44:48.518,7,6.06,,512000000
2026-05-30 16:44:48.487,10,9.89,,512000000
2026-05-30 16:44:48.484,2,1.88,,512000000
2026-05-30 16:44:48.469,2,1.8,,512000000
2026-05-30 16:44:48.439,2,1.83,,512000000
2026-05-30 16:44:48.437,2,1.85,,512000000
2026-05-30 16:44:48.407,3,2.05,,512000000
2026-05-30 16:44:48.399,9,8.28,,512000000
2026-05-30 16:44:48.380,2,1.65,,512000000
2026-05-30 16:44:48.343,2,1.75,,512000000
2026-05-30 16:44:48.334,2,1.81,,512000000
2026-05-30 16:44:48.324,2,1.86,,512000000
2026-05-30 16:44:48.323,2,1.91,,512000000
2026-05-30 16:44:48.322,2,1.89,,512000000
2026-05-30 16:44:48.320,3,2.06,,512000000
2026-05-30 16:44:48.310,2,1.76,,512000000
2026-05-30 16:44:48.300,5,4.81,,512000000
2026-05-30 16:44:48.289,2,1.64,,512000000
2026-05-30 16:44:48.283,2,1.86,,512000000
2026-05-30 16:44:48.264,2,2,,512000000
2026-05-30 16:44:48.264,3,2.36,,512000000
2026-05-30 16:44:48.257,2,1.69,,512000000
2026-05-30 16:44:48.253,2,1.63,,512000000
2026-05-30 16:44:48.237,2,1.79,,512000000
2026-05-30 16:44:48.237,2,1.84,,512000000
2026-05-30 16:44:48.231,2,1.81,,512000000
2026-05-30 16:44:48.211,2,1.7,,512000000
2026-05-30 16:44:48.203,2,1.76,,512000000
2026-05-30 16:44:48.188,2,1.99,,512000000
2026-05-30 16:44:48.168,2,1.7,,512000000
2026-05-30 16:44:48.161,2,1.9,,512000000
2026-05-30 16:44:48.116,2,1.84,,512000000
2026-05-30 16:44:48.106,2,1.95,,512000000
2026-05-30 16:44:48.103,2,1.76,,512000000
2026-05-30 16:44:48.087,10,9.69,,512000000
2026-05-30 16:44:48.071,3,2.23,,512000000
2026-05-30 16:44:48.068,2,1.77,,512000000
2026-05-30 16:44:48.068,2,1.68,,512000000
2026-05-30 16:44:48.068,2,1.62,,512000000
2026-05-30 16:44:48.029,2,1.95,,512000000
2026-05-30 16:44:48.017,5,4.59,,512000000
2026-05-30 16:44:48.006,2,1.64,,512000000
2026-05-30 16:44:47.997,2,1.58,,512000000
2026-05-30 16:44:47.987,2,1.89,,512000000
2026-05-30 16:44:47.986,2,1.83,,512000000
2026-05-30 16:44:47.980,2,1.7,,512000000
2026-05-30 16:44:47.959,2,1.72,,512000000
2026-05-30 16:44:47.937,3,2.45,,512000000
2026-05-30 16:44:47.925,2,1.86,,512000000
2026-05-30 16:44:47.925,2,1.75,,512000000
2026-05-30 16:44:47.898,2,1.81,,512000000
2026-05-30 16:44:47.895,2,1.82,,512000000
2026-05-30 16:44:47.892,3,2.95,,512000000
2026-05-30 16:44:47.888,2,1.62,,512000000
2026-05-30 16:44:47.879,2,1.58,,512000000
2026-05-30 16:44:47.859,2,1.75,,512000000
2026-05-30 16:44:47.856,2,1.93,,512000000
2026-05-30 16:44:47.845,2,1.87,,512000000
2026-05-30 16:44:47.844,2,1.65,,512000000
2026-05-30 16:44:47.834,2,1.62,,512000000
2026-05-30 16:44:47.802,2,1.91,,512000000
2026-05-30 16:44:47.787,2,1.98,,512000000
2026-05-30 16:44:47.784,2,1.73,,512000000
2026-05-30 16:44:47.773,2,1.61,,512000000
2026-05-30 16:44:47.772,2,1.99,,512000000
2026-05-30 16:44:47.756,5,4.78,,512000000
2026-05-30 16:44:47.740,2,1.77,,512000000
2026-05-30 16:44:47.739,3,2.07,,512000000
2026-05-30 16:44:47.732,2,1.66,,512000000
2026-05-30 16:44:47.722,3,2.44,,512000000
2026-05-30 16:44:47.705,2,1.79,,512000000
2026-05-30 16:44:47.701,3,2.11,,512000000
2026-05-30 16:44:47.700,2,1.96,,512000000
2026-05-30 16:44:47.693,2,1.73,,512000000
2026-05-30 16:44:47.693,3,2.04,,512000000
2026-05-30 16:44:47.681,2,1.78,,512000000
2026-05-30 16:44:47.679,2,1.93,,512000000
2026-05-30 16:44:47.648,2,1.94,,512000000
2026-05-30 16:44:47.644,6,5.87,,512000000
2026-05-30 16:44:47.610,2,1.63,,512000000
2026-05-30 16:44:47.609,2,1.98,,512000000
2026-05-30 16:44:47.598,2,1.8,,512000000
2026-05-30 16:44:47.596,2,1.76,,512000000
2026-05-30 16:44:47.576,2,1.64,,512000000
2026-05-30 16:44:47.551,2,1.78,,512000000
2026-05-30 16:44:47.543,2,1.9,,512000000
2026-05-30 16:44:47.539,2,1.89,,512000000
2026-05-30 16:44:47.494,2,1.64,,512000000
2026-05-30 16:44:47.486,2,1.91,,512000000
2026-05-30 16:44:47.482,3,2.01,,512000000
2026-05-30 16:44:47.482,2,1.76,,512000000
2026-05-30 16:44:47.476,5,4.08,,512000000
2026-05-30 16:44:47.464,2,1.91,,512000000
2026-05-30 16:44:47.459,2,1.76,,512000000
2026-05-30 16:44:47.441,2,1.95,,512000000
2026-05-30 16:44:47.428,2,1.93,,512000000
2026-05-30 16:44:47.410,2,1.67,,512000000
2026-05-30 16:44:47.406,2,2,,512000000
2026-05-30 16:44:47.402,2,1.9,,512000000
2026-05-30 16:44:47.401,3,2.17,,512000000
2026-05-30 16:44:47.399,3,2.15,,512000000
2026-05-30 16:44:47.398,2,1.93,,512000000
2026-05-30 16:44:47.367,2,1.89,,512000000
2026-05-30 16:44:47.360,2,1.7,,512000000
2026-05-30 16:44:47.350,3,2.06,,512000000
2026-05-30 16:44:47.340,2,1.85,,512000000
2026-05-30 16:44:47.338,2,1.81,,512000000
2026-05-30 16:44:47.334,39,38.15,,512000000
2026-05-30 16:44:47.322,2,1.69,,512000000
2026-05-30 16:44:47.317,2,1.88,,512000000
2026-05-30 16:44:47.308,2,1.74,,512000000
2026-05-30 16:44:47.290,2,1.74,,512000000
2026-05-30 16:44:47.278,2,1.86,,512000000
2026-05-30 16:44:47.256,2,1.66,,512000000
2026-05-30 16:44:47.255,2,1.75,,512000000
2026-05-30 16:44:47.234,2,1.97,,512000000
2026-05-30 16:44:47.233,2,1.89,,512000000
2026-05-30 16:44:47.216,2,1.69,,512000000
2026-05-30 16:44:47.213,2,1.8,,512000000
2026-05-30 16:44:47.202,2,1.65,,512000000
2026-05-30 16:44:47.182,2,1.59,,512000000
2026-05-30 16:44:47.173,2,1.69,,512000000
2026-05-30 16:44:47.169,3,2.21,,512000000
2026-05-30 16:44:47.165,2,1.77,,512000000
2026-05-30 16:44:47.162,2,1.65,,512000000
2026-05-30 16:44:47.152,2,1.69,,512000000
2026-05-30 16:44:47.149,4,3.18,,512000000
2026-05-30 16:44:47.135,3,2.01,,512000000
2026-05-30 16:44:47.113,2,1.67,,512000000
2026-05-30 16:44:47.093,3,2.15,,512000000
2026-05-30 16:44:47.067,2,1.96,,512000000
2026-05-30 16:44:47.055,2,1.94,,512000000
2026-05-30 16:44:47.038,2,1.67,,512000000
2026-05-30 16:44:47.029,23,22.43,,512000000
2026-05-30 16:44:46.998,2,1.86,,512000000
2026-05-30 16:44:46.997,2,1.63,,512000000
2026-05-30 16:44:46.995,2,1.96,,512000000
2026-05-30 16:44:46.982,2,1.63,,512000000
2026-05-30 16:44:46.980,2,1.73,,512000000
2026-05-30 16:44:46.955,2,1.69,,512000000
2026-05-30 16:44:46.931,2,1.8,,512000000
2026-05-30 16:44:46.931,3,2.17,,512000000
2026-05-30 16:44:46.921,2,1.91,,512000000
2026-05-30 16:44:46.876,2,1.92,,512000000
2026-05-30 16:44:46.869,2,1.96,,512000000
2026-05-30 16:44:46.869,2,1.73,,512000000
2026-05-30 16:44:46.837,3,2.29,,512000000
2026-05-30 16:44:46.813,2,1.81,,512000000
2026-05-30 16:44:46.810,2,1.59,,512000000
2026-05-30 16:44:46.805,2,1.83,,512000000
2026-05-30 16:44:46.803,2,1.88,,512000000
2026-05-30 16:44:46.793,2,1.77,,512000000
2026-05-30 16:44:46.791,2,1.83,,512000000
2026-05-30 16:44:46.772,2,1.96,,512000000
2026-05-30 16:44:46.756,2,1.76,,512000000
2026-05-30 16:44:46.747,2,1.67,,512000000
2026-05-30 16:44:46.737,3,2,,512000000
2026-05-30 16:44:46.734,2,1.95,,512000000
2026-05-30 16:44:46.725,9,8.39,,512000000
2026-05-30 16:44:46.706,2,1.63,,512000000
2026-05-30 16:44:46.699,2,1.98,,512000000
2026-05-30 16:44:46.697,2,1.79,,512000000
2026-05-30 16:44:46.683,2,1.93,,512000000
2026-05-30 16:44:46.628,3,2.21,,512000000
2026-05-30 16:44:46.621,2,1.62,,512000000
2026-05-30 16:44:46.612,2,1.57,,512000000
2026-05-30 16:44:46.610,2,1.92,,512000000
2026-05-30 16:44:46.609,3,2.1,,512000000
2026-05-30 16:44:46.606,7,6.64,,512000000
2026-05-30 16:44:46.601,2,1.74,,512000000
2026-05-30 16:44:46.597,2,1.95,,512000000
2026-05-30 16:44:46.593,2,1.93,,512000000
2026-05-30 16:44:46.576,3,2.09,,512000000
2026-05-30 16:44:46.563,2,1.83,,512000000
2026-05-30 16:44:46.558,2,1.92,,512000000
2026-05-30 16:44:46.558,6,5.21,,512000000
2026-05-30 16:44:46.547,2,1.76,,512000000
2026-05-30 16:44:46.543,2,1.81,,512000000
2026-05-30 16:44:46.520,2,1.79,,512000000
2026-05-30 16:44:46.518,2,1.7,,512000000
2026-05-30 16:44:46.498,3,2.76,,512000000
2026-05-30 16:44:46.490,2,1.79,,512000000
2026-05-30 16:44:46.487,6,5.66,,512000000
2026-05-30 16:44:46.486,2,1.61,,512000000
2026-05-30 16:44:46.467,2,1.79,,512000000
2026-05-30 16:44:46.458,2,1.87,,512000000
2026-05-30 16:44:46.458,2,1.78,,512000000
2026-05-30 16:44:46.456,2,1.97,,512000000
2026-05-30 16:44:46.437,11,10.82,,512000000
2026-05-30 16:44:46.430,2,1.62,,512000000
2026-05-30 16:44:46.426,2,1.92,,512000000
2026-05-30 16:44:46.397,2,1.82,,512000000
2026-05-30 16:44:46.392,2,1.79,,512000000
2026-05-30 16:44:46.358,3,2.27,,512000000
2026-05-30 16:44:46.348,6,5.96,,512000000
2026-05-30 16:44:46.345,2,1.71,,512000000
2026-05-30 16:44:46.329,2,1.95,,512000000
2026-05-30 16:44:46.327,2,1.85,,512000000
2026-05-30 16:44:46.310,2,1.73,,512000000
2026-05-30 16:44:46.275,2,1.79,,512000000
2026-05-30 16:44:46.252,2,1.68,,512000000
2026-05-30 16:44:46.244,2,1.73,,512000000
2026-05-30 16:44:46.238,2,1.93,,512000000
2026-05-30 16:44:46.218,13,12.87,,512000000
2026-05-30 16:44:46.215,3,2.01,,512000000
2026-05-30 16:44:46.205,2,1.8,,512000000
2026-05-30 16:44:46.199,2,1.51,,512000000
2026-05-30 16:44:46.188,2,1.8,,512000000
2026-05-30 16:44:46.177,4,3.01,,512000000
2026-05-30 16:44:46.165,3,2.52,,512000000
2026-05-30 16:44:46.160,2,1.99,,512000000
2026-05-30 16:44:46.157,11,10.26,,512000000
2026-05-30 16:44:46.150,2,1.64,,512000000
2026-05-30 16:44:46.148,12,11.9,,512000000
2026-05-30 16:44:46.138,2,1.9,,512000000
2026-05-30 16:44:46.130,3,2.17,,512000000
2026-05-30 16:44:46.125,2,1.66,,512000000
2026-05-30 16:44:46.106,2,1.88,,512000000
2026-05-30 16:44:46.096,2,1.71,,512000000
2026-05-30 16:44:46.096,2,1.51,,512000000
2026-05-30 16:44:46.093,3,2.02,,512000000
2026-05-30 16:44:46.080,7,6.1,,512000000
2026-05-30 16:44:46.075,2,1.66,,512000000
2026-05-30 16:44:46.071,5,4.05,,512000000
2026-05-30 16:44:46.041,2,1.61,,512000000
2026-05-30 16:44:46.039,5,4.96,,512000000
2026-05-30 16:44:46.003,2,1.79,,512000000
2026-05-30 16:44:45.999,2,1.59,,512000000
2026-05-30 16:44:45.983,3,2.07,,512000000
2026-05-30 16:44:45.977,2,1.65,,512000000
2026-05-30 16:44:45.969,2,1.63,,512000000
2026-05-30 16:44:45.966,2,1.96,,512000000
2026-05-30 16:44:45.957,5,4.38,,512000000
2026-05-30 16:44:45.947,3,2.22,,512000000
2026-05-30 16:44:45.942,2,1.86,,512000000
2026-05-30 16:44:45.929,5,4.43,,512000000
2026-05-30 16:44:45.912,2,1.61,,512000000
2026-05-30 16:44:45.903,2,1.96,,512000000
2026-05-30 16:44:45.896,2,1.7,,512000000
2026-05-30 16:44:45.878,2,1.6,,512000000
2026-05-30 16:44:45.871,2,1.78,,512000000
2026-05-30 16:44:45.868,2,1.84,,512000000
2026-05-30 16:44:45.853,2,1.75,,512000000
2026-05-30 16:44:45.851,2,1.96,,512000000
2026-05-30 16:44:45.842,2,1.86,,512000000
2026-05-30 16:44:45.842,2,1.89,,512000000
2026-05-30 16:44:45.808,2,1.97,,512000000
2026-05-30 16:44:45.771,2,1.78,,512000000
2026-05-30 16:44:45.770,2,1.83,,512000000
2026-05-30 16:44:45.766,2,1.96,,512000000
2026-05-30 16:44:45.766,10,9.55,,512000000
2026-05-30 16:44:45.748,2,1.67,,512000000
2026-05-30 16:44:45.742,3,2.21,,512000000
2026-05-30 16:44:45.739,3,2.02,,512000000
2026-05-30 16:44:45.738,2,1.73,,512000000
2026-05-30 16:44:45.716,2,1.76,,512000000
2026-05-30 16:44:45.701,2,1.84,,512000000
2026-05-30 16:44:45.693,13,12.44,,512000000
2026-05-30 16:44:45.689,3,2.08,,512000000
2026-05-30 16:44:45.683,2,1.93,,512000000
2026-05-30 16:44:45.674,3,2.59,,512000000
2026-05-30 16:44:45.670,2,1.87,,512000000
2026-05-30 16:44:45.663,2,1.63,,512000000
2026-05-30 16:44:45.636,6,5.43,,512000000
2026-05-30 16:44:45.634,2,1.99,,512000000
2026-05-30 16:44:45.600,2,1.71,,512000000
2026-05-30 16:44:45.596,2,1.65,,512000000
2026-05-30 16:44:45.525,2,1.89,,512000000
2026-05-30 16:44:45.517,14,13.9,,512000000
2026-05-30 16:44:45.503,2,1.78,,512000000
2026-05-30 16:44:45.501,3,2.04,,512000000
2026-05-30 16:44:45.453,2,1.74,,512000000
2026-05-30 16:44:45.444,2,1.62,,512000000
2026-05-30 16:44:45.444,2,1.88,,512000000
2026-05-30 16:44:45.443,2,1.81,,512000000
2026-05-30 16:44:45.431,2,1.75,,512000000
2026-05-30 16:44:45.426,2,1.89,,512000000
2026-05-30 16:44:45.425,2,1.69,,512000000
2026-05-30 16:44:45.416,3,2.19,,512000000
2026-05-30 16:44:45.412,2,1.81,,512000000
2026-05-30 16:44:45.399,2,1.72,,512000000
2026-05-30 16:44:45.392,2,1.93,,512000000
2026-05-30 16:44:45.388,2,1.65,,512000000
2026-05-30 16:44:45.385,2,1.81,,512000000
2026-05-30 16:44:45.377,2,1.7,,512000000
2026-05-30 16:44:45.364,2,1.78,,512000000
2026-05-30 16:44:45.358,2,1.63,,512000000
2026-05-30 16:44:45.357,4,3.19,,512000000
2026-05-30 16:44:45.345,2,1.64,,512000000
2026-05-30 16:44:45.343,2,1.79,,512000000
2026-05-30 16:44:45.341,2,1.63,,512000000
2026-05-30 16:44:45.337,2,1.92,,512000000
2026-05-30 16:44:45.320,2,1.62,,512000000
2026-05-30 16:44:45.311,2,1.75,,512000000
2026-05-30 16:44:45.281,2,1.99,,512000000
2026-05-30 16:44:45.270,2,1.82,,512000000
2026-05-30 16:44:45.254,2,1.81,,512000000
2026-05-30 16:44:45.252,2,1.73,,512000000
2026-05-30 16:44:45.247,2,1.72,,512000000
2026-05-30 16:44:45.177,5,4.09,,512000000
2026-05-30 16:44:45.176,2,1.69,,512000000
2026-05-30 16:44:45.175,2,1.86,,512000000
2026-05-30 16:44:45.172,3,2.22,,512000000
2026-05-30 16:44:45.171,2,1.79,,512000000
2026-05-30 16:44:45.171,2,1.68,,512000000
2026-05-30 16:44:45.168,2,1.75,,512000000
2026-05-30 16:44:45.162,3,2.14,,512000000
2026-05-30 16:44:45.159,2,1.7,,512000000
2026-05-30 16:44:45.144,2,1.64,,512000000
2026-05-30 16:44:45.135,2,1.92,,512000000
2026-05-30 16:44:45.086,2,1.68,,512000000
2026-05-30 16:44:45.083,2,1.82,,512000000
2026-05-30 16:44:45.079,2,1.85,,512000000
2026-05-30 16:44:45.069,2,1.7,,512000000
2026-05-30 16:44:45.055,10,9.22,,512000000
2026-05-30 16:44:45.043,2,1.75,,512000000
2026-05-30 16:44:45.039,2,1.82,,512000000
2026-05-30 16:44:45.024,2,1.77,,512000000
2026-05-30 16:44:45.000,2,1.75,,512000000
2026-05-30 16:44:44.991,2,1.78,,512000000
2026-05-30 16:44:44.987,2,1.8,,512000000
2026-05-30 16:44:44.976,2,1.93,,512000000
2026-05-30 16:44:44.952,3,2.19,,512000000
2026-05-30 16:44:44.951,2,1.9,,512000000
2026-05-30 16:44:44.933,6,5.12,,512000000
2026-05-30 16:44:44.917,2,1.68,,512000000
2026-05-30 16:44:44.915,2,1.7,,512000000
2026-05-30 16:44:44.909,4,3.55,,512000000
2026-05-30 16:44:44.894,20,19.68,,512000000
2026-05-30 16:44:44.891,2,1.77,,512000000
2026-05-30 16:44:44.877,3,2.04,,512000000
2026-05-30 16:44:44.868,2,1.77,,512000000
2026-05-30 16:44:44.838,4,3.98,,512000000
2026-05-30 16:44:44.818,13,12.63,,512000000
2026-05-30 16:44:44.814,2,1.78,,512000000
2026-05-30 16:44:44.804,2,1.94,,512000000
2026-05-30 16:44:44.800,2,1.71,,512000000
2026-05-30 16:44:44.794,22,21.65,,512000000
2026-05-30 16:44:44.786,2,1.8,,512000000
2026-05-30 16:44:44.785,2,1.75,,512000000
2026-05-30 16:44:44.741,2,1.92,,512000000
2026-05-30 16:44:44.740,2,1.71,,512000000
2026-05-30 16:44:44.726,2,1.66,,512000000
2026-05-30 16:44:44.722,2,1.65,,512000000
2026-05-30 16:44:44.710,2,1.86,,512000000
2026-05-30 16:44:44.678,2,1.93,,512000000
2026-05-30 16:44:44.676,2,1.85,,512000000
2026-05-30 16:44:44.674,4,3.65,,512000000
2026-05-30 16:44:44.668,2,1.71,,512000000
2026-05-30 16:44:44.652,3,2.65,,512000000
2026-05-30 16:44:44.648,9,8.41,,512000000
2026-05-30 16:44:44.631,2,1.77,,512000000
2026-05-30 16:44:44.631,3,2.11,,512000000
2026-05-30 16:44:44.619,3,2.36,,512000000
2026-05-30 16:44:44.616,2,1.63,,512000000
2026-05-30 16:44:44.594,3,2.01,,512000000
2026-05-30 16:44:44.577,2,1.82,,512000000
2026-05-30 16:44:44.572,5,4.37,,512000000
2026-05-30 16:44:44.559,2,1.73,,512000000
2026-05-30 16:44:44.534,18,17.41,,512000000
2026-05-30 16:44:44.531,3,2.28,,512000000
2026-05-30 16:44:44.526,13,12.18,,512000000
2026-05-30 16:44:44.524,2,1.91,,512000000
2026-05-30 16:44:44.516,2,1.8,,512000000
2026-05-30 16:44:44.514,10,9.62,,512000000
2026-05-30 16:44:44.496,2,1.85,,512000000
2026-05-30 16:44:44.495,8,7.96,,512000000
2026-05-30 16:44:44.490,2,1.74,,512000000
2026-05-30 16:44:44.463,2,1.77,,512000000
2026-05-30 16:44:44.440,2,1.68,,512000000
2026-05-30 16:44:44.420,2,1.82,,512000000
2026-05-30 16:44:44.419,2,1.76,,512000000
2026-05-30 16:44:44.404,2,1.73,,512000000
2026-05-30 16:44:44.403,2,1.95,,512000000
2026-05-30 16:44:44.392,2,1.81,,512000000
2026-05-30 16:44:44.374,7,6.01,,512000000
2026-05-30 16:44:44.357,2,1.52,,512000000
2026-05-30 16:44:44.357,5,4.03,,512000000
2026-05-30 16:44:44.354,20,19.48,,512000000
2026-05-30 16:44:44.354,2,1.72,,512000000
2026-05-30 16:44:44.352,3,2.31,,512000000
2026-05-30 16:44:44.349,2,1.8,,512000000
2026-05-30 16:44:44.347,2,1.86,,512000000
2026-05-30 16:44:44.345,2,1.75,,512000000
2026-05-30 16:44:44.322,2,1.97,,512000000
2026-05-30 16:44:44.321,2,1.76,,512000000
2026-05-30 16:44:44.315,3,2.02,,512000000
2026-05-30 16:44:44.311,5,4.32,,512000000
2026-05-30 16:44:44.293,2,1.6,,512000000
2026-05-30 16:44:44.293,2,1.91,,512000000
2026-05-30 16:44:44.292,2,1.76,,512000000
2026-05-30 16:44:44.285,2,1.65,,512000000
2026-05-30 16:44:44.270,2,1.86,,512000000
2026-05-30 16:44:44.236,2,1.93,,512000000
2026-05-30 16:44:44.228,2,1.71,,512000000
2026-05-30 16:44:44.228,2,1.8,,512000000
2026-05-30 16:44:44.194,2,1.73,,512000000
2026-05-30 16:44:44.183,3,2.08,,512000000
2026-05-30 16:44:44.162,2,1.79,,512000000
2026-05-30 16:44:44.159,2,1.71,,512000000
2026-05-30 16:44:44.157,3,2.02,,512000000
2026-05-30 16:44:44.139,2,1.67,,512000000
2026-05-30 16:44:44.117,2,1.74,,512000000
2026-05-30 16:44:44.113,2,1.98,,512000000
2026-05-30 16:44:44.112,2,1.72,,512000000
2026-05-30 16:44:44.110,2,1.69,,512000000
2026-05-30 16:44:44.102,2,1.71,,512000000
2026-05-30 16:44:44.074,2,1.83,,512000000
2026-05-30 16:44:44.067,54,53.74,,512000000
2026-05-30 16:44:44.050,2,1.76,,512000000
2026-05-30 16:44:44.036,3,2.01,,512000000
2026-05-30 16:44:44.033,2,1.68,,512000000
2026-05-30 16:44:44.007,2,1.89,,512000000
2026-05-30 16:44:43.992,2,1.97,,512000000
2026-05-30 16:44:43.982,2,1.8,,512000000
2026-05-30 16:44:43.980,2,1.69,,512000000
2026-05-30 16:44:43.961,3,2.16,,512000000
2026-05-30 16:44:43.912,2,1.73,,512000000
2026-05-30 16:44:43.900,2,1.79,,512000000
2026-05-30 16:44:43.894,2,1.74,,512000000
2026-05-30 16:44:43.871,2,1.75,,512000000
2026-05-30 16:44:43.868,2,1.66,,512000000
2026-05-30 16:44:43.843,3,2.06,,512000000
2026-05-30 16:44:43.838,2,1.73,,512000000
2026-05-30 16:44:43.835,2,1.78,,512000000
2026-05-30 16:44:43.814,2,1.9,,512000000
2026-05-30 16:44:43.802,2,1.81,,512000000
2026-05-30 16:44:43.793,3,2.25,,512000000
2026-05-30 16:44:43.790,2,1.84,,512000000
2026-05-30 16:44:43.789,3,2.09,,512000000
2026-05-30 16:44:43.778,2,1.85,,512000000
2026-05-30 16:44:43.744,9,8.16,,512000000
2026-05-30 16:44:43.739,2,1.62,,512000000
2026-05-30 16:44:43.719,2,1.86,,512000000
2026-05-30 16:44:43.701,2,1.75,,512000000
2026-05-30 16:44:43.700,3,2.45,,512000000
2026-05-30 16:44:43.656,2,1.93,,512000000
2026-05-30 16:44:43.653,11,10.77,,512000000
2026-05-30 16:44:43.634,9,8.29,,512000000
2026-05-30 16:44:43.629,2,1.93,,512000000
2026-05-30 16:44:43.626,2,1.61,,512000000
2026-05-30 16:44:43.622,2,1.94,,512000000
2026-05-30 16:44:43.618,2,1.79,,512000000
2026-05-30 16:44:43.616,2,1.75,,512000000
2026-05-30 16:44:43.573,6,5.21,,512000000
2026-05-30 16:44:43.559,2,1.99,,512000000
2026-05-30 16:44:43.556,2,1.81,,512000000
2026-05-30 16:44:43.552,2,1.96,,512000000
2026-05-30 16:44:43.538,2,1.9,,512000000
2026-05-30 16:44:43.536,2,1.76,,512000000
2026-05-30 16:44:43.527,3,2.05,,512000000
2026-05-30 16:44:43.508,7,6.09,,512000000
2026-05-30 16:44:43.505,3,2.77,,512000000
2026-05-30 16:44:43.488,3,2.06,,512000000
2026-05-30 16:44:43.488,2,1.68,,512000000
2026-05-30 16:44:43.481,2,1.94,,512000000
2026-05-30 16:44:43.475,2,1.9,,512000000
2026-05-30 16:44:43.470,2,1.84,,512000000
2026-05-30 16:44:43.428,2,1.76,,512000000
2026-05-30 16:44:43.416,2,1.8,,512000000
2026-05-30 16:44:43.413,3,2.04,,512000000
2026-05-30 16:44:43.401,2,1.66,,512000000
2026-05-30 16:44:43.394,2,1.88,,512000000
2026-05-30 16:44:43.390,2,1.79,,512000000
2026-05-30 16:44:43.380,2,1.95,,512000000
2026-05-30 16:44:43.375,2,1.58,,512000000
2026-05-30 16:44:43.370,2,1.96,,512000000
2026-05-30 16:44:43.361,2,1.64,,512000000
2026-05-30 16:44:43.352,2,1.72,,512000000
2026-05-30 16:44:43.328,2,1.77,,512000000
2026-05-30 16:44:43.318,2,1.79,,512000000
2026-05-30 16:44:43.302,2,1.96,,512000000
2026-05-30 16:44:43.299,2,1.84,,512000000
2026-05-30 16:44:43.285,3,2.13,,512000000
2026-05-30 16:44:43.281,2,1.91,,512000000
2026-05-30 16:44:43.274,2,1.86,,512000000
2026-05-30 16:44:43.263,2,1.86,,512000000
2026-05-30 16:44:43.261,2,1.92,,512000000
2026-05-30 16:44:43.237,2,1.54,,512000000
2026-05-30 16:44:43.232,4,3.4,,512000000
2026-05-30 16:44:43.231,3,2.09,,512000000
2026-05-30 16:44:43.231,2,1.63,,512000000
2026-05-30 16:44:43.218,2,1.88,,512000000
2026-05-30 16:44:43.211,2,1.91,,512000000
2026-05-30 16:44:43.208,3,2.23,,512000000
2026-05-30 16:44:43.205,2,1.95,,512000000
2026-05-30 16:44:43.183,2,1.62,,512000000
2026-05-30 16:44:43.175,2,1.88,,512000000
2026-05-30 16:44:43.147,2,1.71,,512000000
2026-05-30 16:44:43.145,2,1.69,,512000000
2026-05-30 16:44:43.144,2,1.84,,512000000
2026-05-30 16:44:43.114,2,1.74,,512000000
2026-05-30 16:44:43.111,2,1.9,,512000000
2026-05-30 16:44:43.108,2,1.59,,512000000
2026-05-30 16:44:43.097,2,1.72,,512000000
2026-05-30 16:44:43.093,3,2.22,,512000000
2026-05-30 16:44:43.081,2,1.67,,512000000
2026-05-30 16:44:43.076,2,1.78,,512000000
2026-05-30 16:44:43.071,3,2.05,,512000000
2026-05-30 16:44:43.070,2,1.71,,512000000
2026-05-30 16:44:43.069,2,1.76,,512000000
2026-05-30 16:44:43.043,2,1.95,,512000000
2026-05-30 16:44:43.016,3,2.14,,512000000
2026-05-30 16:44:43.009,3,2.79,,512000000
2026-05-30 16:44:43.009,2,1.62,,512000000
2026-05-30 16:44:43.000,2,1.74,,512000000
2026-05-30 16:44:42.988,2,1.67,,512000000
2026-05-30 16:44:42.972,2,1.94,,512000000
2026-05-30 16:44:42.957,2,1.92,,512000000
2026-05-30 16:44:42.927,2,1.64,,512000000
2026-05-30 16:44:42.912,9,8.72,,512000000
2026-05-30 16:44:42.894,3,2.65,,512000000
2026-05-30 16:44:42.877,2,1.71,,512000000
2026-05-30 16:44:42.844,2,1.68,,512000000
2026-05-30 16:44:42.839,2,1.84,,512000000
2026-05-30 16:44:42.832,11,10.71,,512000000
2026-05-30 16:44:42.826,3,2.18,,512000000
2026-05-30 16:44:42.813,2,1.98,,512000000
2026-05-30 16:44:42.811,6,5.03,,512000000
2026-05-30 16:44:42.803,2,1.78,,512000000
2026-05-30 16:44:42.800,2,1.75,,512000000
2026-05-30 16:44:42.783,3,2.02,,512000000
2026-05-30 16:44:42.777,2,1.71,,512000000
2026-05-30 16:44:42.768,2,1.94,,512000000
2026-05-30 16:44:42.766,14,13.37,,512000000
2026-05-30 16:44:42.762,2,1.79,,512000000
2026-05-30 16:44:42.753,2,1.86,,512000000
2026-05-30 16:44:42.751,2,1.92,,512000000
2026-05-30 16:44:42.751,2,1.82,,512000000
2026-05-30 16:44:42.749,2,1.75,,512000000
2026-05-30 16:44:42.736,3,2.06,,512000000
2026-05-30 16:44:42.718,2,1.95,,512000000
2026-05-30 16:44:42.704,2,1.83,,512000000
2026-05-30 16:44:42.695,3,2.75,,512000000
2026-05-30 16:44:42.692,2,1.84,,512000000
2026-05-30 16:44:42.692,2,1.76,,512000000
2026-05-30 16:44:42.677,7,6.46,,512000000
2026-05-30 16:44:42.675,2,1.68,,512000000
2026-05-30 16:44:42.663,2,1.81,,512000000
2026-05-30 16:44:42.654,2,1.97,,512000000
2026-05-30 16:44:42.630,2,1.72,,512000000
2026-05-30 16:44:42.630,2,1.88,,512000000
2026-05-30 16:44:42.624,2,1.91,,512000000
2026-05-30 16:44:42.610,2,1.93,,512000000
2026-05-30 16:44:42.604,5,4.21,,512000000
2026-05-30 16:44:42.584,2,1.74,,512000000
2026-05-30 16:44:42.567,2,1.62,,512000000
2026-05-30 16:44:42.560,3,2.03,,512000000
2026-05-30 16:44:42.556,2,1.95,,512000000
2026-05-30 16:44:42.533,2,1.73,,512000000
2026-05-30 16:44:42.523,22,21.65,,512000000
2026-05-30 16:44:42.508,2,1.66,,512000000
2026-05-30 16:44:42.487,3,2.31,,512000000
2026-05-30 16:44:42.486,2,1.82,,512000000
2026-05-30 16:44:42.485,3,2.54,,512000000
2026-05-30 16:44:42.451,2,1.72,,512000000
2026-05-30 16:44:42.418,2,1.79,,512000000
2026-05-30 16:44:42.417,2,1.86,,512000000
2026-05-30 16:44:42.413,2,1.77,,512000000
2026-05-30 16:44:42.392,2,1.69,,512000000
2026-05-30 16:44:42.364,2,1.68,,512000000
2026-05-30 16:44:42.339,2,1.77,,512000000
2026-05-30 16:44:42.330,2,1.81,,512000000
2026-05-30 16:44:42.309,2,1.89,,512000000
2026-05-30 16:44:42.293,2,1.81,,512000000
2026-05-30 16:44:42.291,2,1.68,,512000000
2026-05-30 16:44:42.285,2,1.82,,512000000
2026-05-30 16:44:42.276,2,1.75,,512000000
2026-05-30 16:44:42.253,2,1.72,,512000000
2026-05-30 16:44:42.217,2,1.81,,512000000
2026-05-30 16:44:42.216,2,1.69,,512000000
2026-05-30 16:44:42.216,2,1.68,,512000000
2026-05-30 16:44:42.189,2,1.72,,512000000
2026-05-30 16:44:42.161,3,2.2,,512000000
2026-05-30 16:44:42.155,2,1.94,,512000000
2026-05-30 16:44:42.118,2,1.59,,512000000
2026-05-30 16:44:42.111,2,1.8,,512000000
2026-05-30 16:44:42.103,2,1.84,,512000000
2026-05-30 16:44:42.095,2,1.73,,512000000
2026-05-30 16:44:42.094,3,2.45,,512000000
2026-05-30 16:44:42.083,3,2.06,,512000000
2026-05-30 16:44:42.078,2,1.87,,512000000
2026-05-30 16:44:42.068,3,2.57,,512000000
2026-05-30 16:44:42.046,2,1.76,,512000000
2026-05-30 16:44:42.027,20,19.98,,512000000
2026-05-30 16:44:42.021,2,1.92,,512000000
2026-05-30 16:44:42.019,3,2.17,,512000000
2026-05-30 16:44:42.011,2,1.75,,512000000
2026-05-30 16:44:42.010,2,1.88,,512000000
2026-05-30 16:44:41.994,2,1.77,,512000000
2026-05-30 16:44:41.993,2,1.62,,512000000
2026-05-30 16:44:41.975,2,1.6,,512000000
2026-05-30 16:44:41.962,3,2.33,,512000000
2026-05-30 16:44:41.958,2,1.54,,512000000
2026-05-30 16:44:41.957,2,1.89,,512000000
2026-05-30 16:44:41.925,2,1.75,,512000000
2026-05-30 16:44:41.906,2,1.84,,512000000
2026-05-30 16:44:41.905,2,1.82,,512000000
2026-05-30 16:44:41.901,2,1.62,,512000000
2026-05-30 16:44:41.834,5,4.22,,512000000
2026-05-30 16:44:41.822,2,1.71,,512000000
2026-05-30 16:44:41.798,8,7.49,,512000000
2026-05-30 16:44:41.787,2,1.9,,512000000
2026-05-30 16:44:41.786,5,4.62,,512000000
2026-05-30 16:44:41.782,2,1.77,,512000000
2026-05-30 16:44:41.777,7,6.55,,512000000
2026-05-30 16:44:41.762,3,2.08,,512000000
2026-05-30 16:44:41.754,2,1.67,,512000000
2026-05-30 16:44:41.749,2,1.78,,512000000
2026-05-30 16:44:41.738,2,1.81,,512000000
2026-05-30 16:44:41.727,19,18.66,,512000000
2026-05-30 16:44:41.722,2,1.82,,512000000
2026-05-30 16:44:41.714,3,2.14,,512000000
2026-05-30 16:44:41.704,2,1.81,,512000000
2026-05-30 16:44:41.700,2,1.62,,512000000
2026-05-30 16:44:41.673,3,2.28,,512000000
2026-05-30 16:44:41.655,3,2.22,,512000000
2026-05-30 16:44:41.617,2,1.92,,512000000
2026-05-30 16:44:41.614,2,1.75,,512000000
2026-05-30 16:44:41.610,2,1.88,,512000000
2026-05-30 16:44:41.600,6,5.49,,512000000
2026-05-30 16:44:41.598,3,2.72,,512000000
2026-05-30 16:44:41.592,2,1.71,,512000000
2026-05-30 16:44:41.586,2,1.67,,512000000
2026-05-30 16:44:41.574,2,1.81,,512000000
2026-05-30 16:44:41.566,2,1.7,,512000000
2026-05-30 16:44:41.565,2,1.7,,512000000
2026-05-30 16:44:41.554,2,1.71,,512000000
2026-05-30 16:44:41.543,3,2.1,,512000000
2026-05-30 16:44:41.539,2,1.97,,512000000
2026-05-30 16:44:41.531,2,1.98,,512000000
2026-05-30 16:44:41.523,13,12.43,,512000000
2026-05-30 16:44:41.521,2,1.95,,512000000
2026-05-30 16:44:41.519,2,1.94,,512000000
2026-05-30 16:44:41.502,2,1.66,,512000000
2026-05-30 16:44:41.474,3,2.39,,512000000
2026-05-30 16:44:41.472,2,1.6,,512000000
2026-05-30 16:44:41.462,2,1.98,,512000000
2026-05-30 16:44:41.457,2,1.75,,512000000
2026-05-30 16:44:41.455,2,1.73,,512000000
2026-05-30 16:44:41.451,2,1.75,,512000000
2026-05-30 16:44:41.430,2,1.75,,512000000
2026-05-30 16:44:41.418,2,1.83,,512000000
2026-05-30 16:44:41.412,2,1.76,,512000000
2026-05-30 16:44:41.384,3,2.31,,512000000
2026-05-30 16:44:41.379,3,2.19,,512000000
2026-05-30 16:44:41.373,7,6.1,,512000000
2026-05-30 16:44:41.363,3,2.06,,512000000
2026-05-30 16:44:41.362,2,1.73,,512000000
2026-05-30 16:44:41.353,11,10.89,,512000000
2026-05-30 16:44:41.349,2,1.86,,512000000
2026-05-30 16:44:41.349,2,1.74,,512000000
2026-05-30 16:44:41.336,2,1.85,,512000000
2026-05-30 16:44:41.335,2,1.89,,512000000
2026-05-30 16:44:41.320,2,1.89,,512000000
2026-05-30 16:44:41.306,3,2.08,,512000000
2026-05-30 16:44:41.295,2,1.74,,512000000
2026-05-30 16:44:41.289,2,1.83,,512000000
2026-05-30 16:44:41.268,2,1.92,,512000000
2026-05-30 16:44:41.267,3,2.13,,512000000
2026-05-30 16:44:41.264,2,1.89,,512000000
2026-05-30 16:44:41.249,2,1.83,,512000000
2026-05-30 16:44:41.235,3,2.87,,512000000
2026-05-30 16:44:41.234,4,3.04,,512000000
2026-05-30 16:44:41.234,2,1.75,,512000000
2026-05-30 16:44:41.219,2,1.89,,512000000
2026-05-30 16:44:41.217,2,1.68,,512000000
2026-05-30 16:44:41.208,3,2.18,,512000000
2026-05-30 16:44:41.203,2,1.74,,512000000
2026-05-30 16:44:41.193,2,1.96,,512000000
2026-05-30 16:44:41.192,2,1.7,,512000000
2026-05-30 16:44:41.173,3,2.09,,512000000
2026-05-30 16:44:41.173,2,1.97,,512000000
2026-05-30 16:44:41.152,2,1.78,,512000000
2026-05-30 16:44:41.152,2,1.78,,512000000
2026-05-30 16:44:41.131,2,1.79,,512000000
2026-05-30 16:44:41.131,2,1.83,,512000000
2026-05-30 16:44:41.092,2,1.65,,512000000
2026-05-30 16:44:41.087,2,1.83,,512000000
2026-05-30 16:44:41.071,2,1.76,,512000000
2026-05-30 16:44:41.070,2,1.69,,512000000
2026-05-30 16:44:41.066,2,1.75,,512000000
2026-05-30 16:44:41.062,2,1.74,,512000000
2026-05-30 16:44:41.041,2,1.82,,512000000
2026-05-30 16:44:41.034,2,1.75,,512000000
2026-05-30 16:44:41.022,4,3.93,,512000000
2026-05-30 16:44:41.015,2,1.78,,512000000
2026-05-30 16:44:41.011,2,1.61,,512000000
2026-05-30 16:44:40.996,3,2.76,,512000000
2026-05-30 16:44:40.995,2,1.69,,512000000
2026-05-30 16:44:40.962,2,1.83,,512000000
2026-05-30 16:44:40.936,3,2.76,,512000000
2026-05-30 16:44:40.934,12,11.67,,512000000
2026-05-30 16:44:40.926,3,2.13,,512000000
2026-05-30 16:44:40.925,2,1.98,,512000000
2026-05-30 16:44:40.918,2,1.81,,512000000
2026-05-30 16:44:40.910,2,1.73,,512000000
2026-05-30 16:44:40.904,3,2.11,,512000000
2026-05-30 16:44:40.904,2,1.72,,512000000
2026-05-30 16:44:40.892,3,2.5,,512000000
2026-05-30 16:44:40.886,3,2.2,,512000000
2026-05-30 16:44:40.878,2,1.85,,512000000
2026-05-30 16:44:40.876,2,1.79,,512000000
2026-05-30 16:44:40.833,2,1.75,,512000000
2026-05-30 16:44:40.816,2,1.76,,512000000
2026-05-30 16:44:40.790,3,2,,512000000
2026-05-30 16:44:40.777,16,15.45,,512000000
2026-05-30 16:44:40.722,2,1.72,,512000000
2026-05-30 16:44:40.711,2,1.91,,512000000
2026-05-30 16:44:40.703,2,1.77,,512000000
2026-05-30 16:44:40.700,2,1.74,,512000000
2026-05-30 16:44:40.679,2,1.66,,512000000
2026-05-30 16:44:40.670,2,1.88,,512000000
2026-05-30 16:44:40.662,2,1.95,,512000000
2026-05-30 16:44:40.629,2,1.85,,512000000
2026-05-30 16:44:40.628,3,2.22,,512000000
2026-05-30 16:44:40.594,2,1.71,,512000000
2026-05-30 16:44:40.594,2,1.65,,512000000
2026-05-30 16:44:40.587,2,1.86,,512000000
2026-05-30 16:44:40.574,2,1.72,,512000000
2026-05-30 16:44:40.557,3,2.25,,512000000
2026-05-30 16:44:40.543,2,1.67,,512000000
2026-05-30 16:44:40.539,2,1.74,,512000000
2026-05-30 16:44:40.510,2,1.74,,512000000
2026-05-30 16:44:40.457,3,2.11,,512000000
2026-05-30 16:44:40.452,2,1.9,,512000000
2026-05-30 16:44:40.452,2,1.78,,512000000
2026-05-30 16:44:40.451,2,1.69,,512000000
2026-05-30 16:44:40.434,2,1.83,,512000000
2026-05-30 16:44:40.421,2,1.67,,512000000
2026-05-30 16:44:40.417,2,1.53,,512000000
2026-05-30 16:44:40.415,2,1.88,,512000000
2026-05-30 16:44:40.413,36,35.18,,512000000
2026-05-30 16:44:40.409,2,1.86,,512000000
2026-05-30 16:44:40.406,2,1.76,,512000000
2026-05-30 16:44:40.406,2,1.64,,512000000
2026-05-30 16:44:40.396,3,2.05,,512000000
2026-05-30 16:44:40.389,2,1.85,,512000000
2026-05-30 16:44:40.357,3,2.04,,512000000
2026-05-30 16:44:40.357,2,1.75,,512000000
2026-05-30 16:44:40.327,2,1.81,,512000000
2026-05-30 16:44:40.302,3,2.05,,512000000
2026-05-30 16:44:40.292,6,5.65,,512000000
2026-05-30 16:44:40.291,2,1.73,,512000000
2026-05-30 16:44:40.276,3,2,,512000000
2026-05-30 16:44:40.267,2,1.74,,512000000
2026-05-30 16:44:40.233,2,1.65,,512000000
2026-05-30 16:44:40.223,2,1.76,,512000000
2026-05-30 16:44:40.208,2,1.72,,512000000
2026-05-30 16:44:40.179,2,1.71,,512000000
2026-05-30 16:44:40.175,2,1.79,,512000000
2026-05-30 16:44:40.175,2,1.75,,512000000
2026-05-30 16:44:40.168,2,1.89,,512000000
2026-05-30 16:44:40.163,2,1.81,,512000000
2026-05-30 16:44:40.136,2,1.73,,512000000
2026-05-30 16:44:40.121,2,1.93,,512000000
2026-05-30 16:44:40.118,2,1.74,,512000000
2026-05-30 16:44:40.096,2,1.66,,512000000
2026-05-30 16:44:40.092,11,10.67,,512000000
2026-05-30 16:44:40.087,2,1.8,,512000000
2026-05-30 16:44:40.085,2,1.91,,512000000
2026-05-30 16:44:40.081,2,1.7,,512000000
2026-05-30 16:44:40.076,2,1.77,,512000000
2026-05-30 16:44:40.057,2,1.89,,512000000
2026-05-30 16:44:40.032,4,3.51,,512000000
2026-05-30 16:44:40.023,2,1.8,,512000000
2026-05-30 16:44:40.001,2,1.69,,512000000
2026-05-30 16:44:39.997,2,1.77,,512000000
2026-05-30 16:44:39.978,2,1.86,,512000000
2026-05-30 16:44:39.935,3,2.06,,512000000
2026-05-30 16:44:39.922,2,1.84,,512000000
2026-05-30 16:44:39.921,2,1.73,,512000000
2026-05-30 16:44:39.914,2,1.9,,512000000
2026-05-30 16:44:39.907,2,1.82,,512000000
2026-05-30 16:44:39.901,2,1.99,,512000000
2026-05-30 16:44:39.899,2,1.9,,512000000
2026-05-30 16:44:39.894,18,17.53,,512000000
2026-05-30 16:44:39.883,2,1.86,,512000000
2026-05-30 16:44:39.871,4,3.11,,512000000
2026-05-30 16:44:39.871,3,2.11,,512000000
2026-05-30 16:44:39.867,3,2.01,,512000000
2026-05-30 16:44:39.855,2,1.86,,512000000
2026-05-30 16:44:39.854,2,1.91,,512000000
2026-05-30 16:44:39.831,2,1.78,,512000000
2026-05-30 16:44:39.830,2,1.67,,512000000
2026-05-30 16:44:39.795,2,1.67,,512000000
2026-05-30 16:44:39.794,2,1.77,,512000000
2026-05-30 16:44:39.793,3,2.86,,512000000
2026-05-30 16:44:39.772,2,1.79,,512000000
2026-05-30 16:44:39.743,2,1.67,,512000000
2026-05-30 16:44:39.739,2,1.69,,512000000
2026-05-30 16:44:39.726,2,1.92,,512000000
2026-05-30 16:44:39.703,2,1.9,,512000000
2026-05-30 16:44:39.700,2,1.76,,512000000
2026-05-30 16:44:39.698,2,1.73,,512000000
2026-05-30 16:44:39.679,2,1.75,,512000000
2026-05-30 16:44:39.675,2,1.74,,512000000
2026-05-30 16:44:39.659,2,1.69,,512000000
2026-05-30 16:44:39.642,2,2,,512000000
2026-05-30 16:44:39.639,2,1.95,,512000000
2026-05-30 16:44:39.637,2,1.64,,512000000
2026-05-30 16:44:39.635,9,8.14,,512000000
2026-05-30 16:44:39.630,2,1.81,,512000000
2026-05-30 16:44:39.628,2,1.89,,512000000
2026-05-30 16:44:39.626,3,2.3,,512000000
2026-05-30 16:44:39.620,2,1.71,,512000000
2026-05-30 16:44:39.612,2,1.66,,512000000
2026-05-30 16:44:39.601,2,1.98,,512000000
2026-05-30 16:44:39.600,2,1.82,,512000000
2026-05-30 16:44:39.593,5,4.67,,512000000
2026-05-30 16:44:39.587,3,2.16,,512000000
2026-05-30 16:44:39.578,3,2.12,,512000000
2026-05-30 16:44:39.569,2,1.8,,512000000
2026-05-30 16:44:39.569,2,1.77,,512000000
2026-05-30 16:44:39.565,2,1.84,,512000000
2026-05-30 16:44:39.547,2,1.75,,512000000
2026-05-30 16:44:39.524,2,1.81,,512000000
2026-05-30 16:44:39.463,2,1.81,,512000000
2026-05-30 16:44:39.457,3,2.99,,512000000
2026-05-30 16:44:39.455,2,1.82,,512000000
2026-05-30 16:44:39.453,2,1.8,,512000000
2026-05-30 16:44:39.429,2,1.84,,512000000
2026-05-30 16:44:39.417,3,2.14,,512000000
2026-05-30 16:44:39.415,2,1.69,,512000000
2026-05-30 16:44:39.411,2,1.7,,512000000
2026-05-30 16:44:39.397,2,1.93,,512000000
2026-05-30 16:44:39.390,2,1.78,,512000000
2026-05-30 16:44:39.342,2,1.8,,512000000
2026-05-30 16:44:39.341,2,1.91,,512000000
2026-05-30 16:44:39.325,2,1.9,,512000000
2026-05-30 16:44:39.324,2,1.81,,512000000
2026-05-30 16:44:39.311,2,1.86,,512000000
2026-05-30 16:44:39.303,2,1.7,,512000000
2026-05-30 16:44:39.290,2,1.84,,512000000
2026-05-30 16:44:39.286,2,1.87,,512000000
2026-05-30 16:44:39.256,2,1.86,,512000000
2026-05-30 16:44:39.232,2,1.9,,512000000
2026-05-30 16:44:39.232,63,62.72,,512000000
2026-05-30 16:44:39.228,2,1.75,,512000000
2026-05-30 16:44:39.224,2,1.84,,512000000
2026-05-30 16:44:39.213,2,1.92,,512000000
2026-05-30 16:44:39.211,2,1.73,,512000000
2026-05-30 16:44:39.209,2,1.98,,512000000
2026-05-30 16:44:39.206,2,1.97,,512000000
2026-05-30 16:44:39.198,2,1.94,,512000000
2026-05-30 16:44:39.172,2,1.83,,512000000
2026-05-30 16:44:39.166,16,15.3,,512000000
2026-05-30 16:44:39.159,2,1.77,,512000000
2026-05-30 16:44:39.159,12,11.37,,512000000
2026-05-30 16:44:39.158,2,1.67,,512000000
2026-05-30 16:44:39.152,3,2.12,,512000000
2026-05-30 16:44:39.147,2,1.97,,512000000
2026-05-30 16:44:39.144,2,1.79,,512000000
2026-05-30 16:44:39.144,2,1.79,,512000000
2026-05-30 16:44:39.132,35,34.09,,512000000
2026-05-30 16:44:39.121,2,1.69,,512000000
2026-05-30 16:44:39.119,2,1.81,,512000000
2026-05-30 16:44:39.103,3,2.26,,512000000
2026-05-30 16:44:39.103,2,1.85,,512000000
2026-05-30 16:44:39.096,2,1.7,,512000000
2026-05-30 16:44:39.093,12,11.99,,512000000
2026-05-30 16:44:39.086,2,1.7,,512000000
2026-05-30 16:44:39.076,3,2.12,,512000000
2026-05-30 16:44:39.075,2,1.87,,512000000
2026-05-30 16:44:39.067,13,12.32,,512000000
2026-05-30 16:44:39.043,2,1.64,,512000000
2026-05-30 16:44:39.041,2,1.99,,512000000
2026-05-30 16:44:39.008,27,26.88,,512000000
2026-05-30 16:44:38.991,2,1.8,,512000000
2026-05-30 16:44:38.988,4,3.01,,512000000
2026-05-30 16:44:38.988,3,2.02,,512000000
2026-05-30 16:44:38.985,2,1.68,,512000000
2026-05-30 16:44:38.983,2,1.76,,512000000
2026-05-30 16:44:38.931,2,1.84,,512000000
2026-05-30 16:44:38.931,2,1.86,,512000000
2026-05-30 16:44:38.917,2,1.87,,512000000
2026-05-30 16:44:38.908,2,1.99,,512000000
2026-05-30 16:44:38.893,2,1.8,,512000000
2026-05-30 16:44:38.880,2,1.94,,512000000
2026-05-30 16:44:38.854,2,1.66,,512000000
2026-05-30 16:44:38.850,2,1.92,,512000000
2026-05-30 16:44:38.830,2,1.69,,512000000
2026-05-30 16:44:38.720,2,1.76,,512000000
2026-05-30 16:44:38.717,2,1.84,,512000000
2026-05-30 16:44:38.687,2,1.9,,512000000
2026-05-30 16:44:38.663,2,1.88,,512000000
2026-05-30 16:44:38.661,2,1.72,,512000000
2026-05-30 16:44:38.657,2,1.98,,512000000
2026-05-30 16:44:38.647,3,2.34,,512000000
2026-05-30 16:44:38.622,2,1.98,,512000000
2026-05-30 16:44:38.617,2,1.89,,512000000
2026-05-30 16:44:38.608,3,2.13,,512000000
2026-05-30 16:44:38.605,5,4.9,,512000000
2026-05-30 16:44:38.604,2,1.9,,512000000
2026-05-30 16:44:38.604,2,1.86,,512000000
2026-05-30 16:44:38.600,2,1.72,,512000000
2026-05-30 16:44:38.588,2,1.68,,512000000
2026-05-30 16:44:38.576,2,2,,512000000
2026-05-30 16:44:38.563,2,1.6,,512000000
2026-05-30 16:44:38.531,28,27.38,,512000000
2026-05-30 16:44:38.499,2,1.89,,512000000
2026-05-30 16:44:38.499,2,1.85,,512000000
2026-05-30 16:44:38.488,7,6.39,,512000000
2026-05-30 16:44:38.466,6,5.83,,512000000
2026-05-30 16:44:38.465,2,1.79,,512000000
2026-05-30 16:44:38.463,2,1.62,,512000000
2026-05-30 16:44:38.445,2,1.78,,512000000
2026-05-30 16:44:38.440,2,1.64,,512000000
2026-05-30 16:44:38.394,2,1.7,,512000000
2026-05-30 16:44:38.377,3,2.17,,512000000
2026-05-30 16:44:38.370,2,1.54,,512000000
2026-05-30 16:44:38.361,2,1.87,,512000000
2026-05-30 16:44:38.359,2,1.8,,512000000
2026-05-30 16:44:38.358,4,3.66,,512000000
2026-05-30 16:44:38.355,2,1.72,,512000000
2026-05-30 16:44:38.354,2,1.87,,512000000
2026-05-30 16:44:38.348,2,1.74,,512000000
2026-05-30 16:44:38.346,2,1.64,,512000000
2026-05-30 16:44:38.346,2,1.76,,512000000
2026-05-30 16:44:38.335,3,2.13,,512000000
2026-05-30 16:44:38.325,2,1.63,,512000000
2026-05-30 16:44:38.290,3,2.52,,512000000
2026-05-30 16:44:38.286,2,1.79,,512000000
2026-05-30 16:44:38.286,2,1.7,,512000000
2026-05-30 16:44:38.284,3,2.5,,512000000
2026-05-30 16:44:38.277,2,1.86,,512000000
2026-05-30 16:44:38.248,2,1.82,,512000000
2026-05-30 16:44:38.243,2,1.64,,512000000
2026-05-30 16:44:38.232,2,1.82,,512000000
2026-05-30 16:44:38.226,2,1.75,,512000000
2026-05-30 16:44:38.194,29,28.6,,512000000
2026-05-30 16:44:38.186,2,1.59,,512000000
2026-05-30 16:44:38.185,2,1.81,,512000000
2026-05-30 16:44:38.181,2,1.73,,512000000
2026-05-30 16:44:38.163,12,11.38,,512000000
2026-05-30 16:44:38.162,2,1.94,,512000000
2026-05-30 16:44:38.157,2,1.83,,512000000
2026-05-30 16:44:38.148,2,1.88,,512000000
2026-05-30 16:44:38.146,2,1.71,,512000000
2026-05-30 16:44:38.145,2,1.95,,512000000
2026-05-30 16:44:38.130,2,1.95,,512000000
2026-05-30 16:44:38.121,2,1.76,,512000000
2026-05-30 16:44:38.095,24,23.34,,512000000
2026-05-30 16:44:38.048,2,1.64,,512000000
2026-05-30 16:44:38.015,2,1.77,,512000000
2026-05-30 16:44:38.007,2,1.86,,512000000
2026-05-30 16:44:37.981,2,1.78,,512000000
2026-05-30 16:44:37.945,9,8.88,,512000000
2026-05-30 16:44:37.945,2,1.86,,512000000
2026-05-30 16:44:37.943,2,1.85,,512000000
2026-05-30 16:44:37.936,3,2.03,,512000000
2026-05-30 16:44:37.931,2,1.77,,512000000
2026-05-30 16:44:37.930,3,2.12,,512000000
2026-05-30 16:44:37.919,2,1.73,,512000000
2026-05-30 16:44:37.908,2,1.75,,512000000
2026-05-30 16:44:37.900,2,1.86,,512000000
2026-05-30 16:44:37.895,2,1.82,,512000000
2026-05-30 16:44:37.893,2,1.83,,512000000
2026-05-30 16:44:37.889,2,1.95,,512000000
2026-05-30 16:44:37.871,2,1.97,,512000000
2026-05-30 16:44:37.850,2,1.83,,512000000
2026-05-30 16:44:37.842,3,2.21,,512000000
2026-05-30 16:44:37.821,2,1.67,,512000000
2026-05-30 16:44:37.809,3,2.25,,512000000
2026-05-30 16:44:37.807,5,4.24,,512000000
2026-05-30 16:44:37.805,3,2.01,,512000000
2026-05-30 16:44:37.804,2,1.84,,512000000
2026-05-30 16:44:37.769,2,1.98,,512000000
2026-05-30 16:44:37.767,2,1.75,,512000000
2026-05-30 16:44:37.749,2,1.48,,512000000
2026-05-30 16:44:37.746,22,21.26,,512000000
2026-05-30 16:44:37.732,2,1.86,,512000000
2026-05-30 16:44:37.730,2,1.71,,512000000
2026-05-30 16:44:37.728,2,1.8,,512000000
2026-05-30 16:44:37.727,4,3.14,,512000000
2026-05-30 16:44:37.688,2,1.85,,512000000
2026-05-30 16:44:37.685,2,1.94,,512000000
2026-05-30 16:44:37.662,2,1.83,,512000000
2026-05-30 16:44:37.657,7,6.13,,512000000
2026-05-30 16:44:37.654,3,2.5,,512000000
2026-05-30 16:44:37.654,3,2.21,,512000000
2026-05-30 16:44:37.649,2,1.76,,512000000
2026-05-30 16:44:37.646,3,2.02,,512000000
2026-05-30 16:44:37.639,8,7.82,,512000000
2026-05-30 16:44:37.634,3,2.06,,512000000
2026-05-30 16:44:37.630,2,1.77,,512000000
2026-05-30 16:44:37.621,2,1.65,,512000000
2026-05-30 16:44:37.618,2,1.59,,512000000
2026-05-30 16:44:37.601,2,1.84,,512000000
2026-05-30 16:44:37.583,2,1.72,,512000000
2026-05-30 16:44:37.575,5,4.04,,512000000
2026-05-30 16:44:37.573,2,1.79,,512000000
2026-05-30 16:44:37.548,3,2.02,,512000000
2026-05-30 16:44:37.546,2,1.86,,512000000
2026-05-30 16:44:37.540,2,1.68,,512000000
2026-05-30 16:44:37.536,2,1.8,,512000000
2026-05-30 16:44:37.529,2,1.9,,512000000
2026-05-30 16:44:37.501,2,1.72,,512000000
2026-05-30 16:44:37.492,2,1.81,,512000000
2026-05-30 16:44:37.491,2,1.67,,512000000
2026-05-30 16:44:37.478,3,2,,512000000
2026-05-30 16:44:37.472,2,1.69,,512000000
2026-05-30 16:44:37.466,3,2.36,,512000000
2026-05-30 16:44:37.459,2,1.76,,512000000
2026-05-30 16:44:37.458,2,1.86,,512000000
2026-05-30 16:44:37.458,2,1.86,,512000000
2026-05-30 16:44:37.438,2,1.76,,512000000
2026-05-30 16:44:37.419,2,1.81,,512000000
2026-05-30 16:44:37.403,2,1.86,,512000000
2026-05-30 16:44:37.400,2,1.86,,512000000
2026-05-30 16:44:37.385,2,1.78,,512000000
2026-05-30 16:44:37.381,2,1.78,,512000000
2026-05-30 16:44:37.359,3,2.07,,512000000
2026-05-30 16:44:37.354,2,1.81,,512000000
2026-05-30 16:44:37.352,2,1.75,,512000000
2026-05-30 16:44:37.348,2,1.73,,512000000
2026-05-30 16:44:37.346,2,1.78,,512000000
2026-05-30 16:44:37.329,2,1.76,,512000000
2026-05-30 16:44:37.328,3,2.04,,512000000
2026-05-30 16:44:37.325,7,6.12,,512000000
2026-05-30 16:44:37.321,2,1.62,,512000000
2026-05-30 16:44:37.318,2,1.76,,512000000
2026-05-30 16:44:37.313,2,1.71,,512000000
2026-05-30 16:44:37.312,2,1.98,,512000000
2026-05-30 16:44:37.304,2,1.96,,512000000
2026-05-30 16:44:37.286,3,2.09,,512000000
2026-05-30 16:44:37.271,3,2.03,,512000000
2026-05-30 16:44:37.266,2,1.75,,512000000
2026-05-30 16:44:37.233,2,1.79,,512000000
2026-05-30 16:44:37.223,14,13.62,,512000000
2026-05-30 16:44:37.212,3,2.04,,512000000
2026-05-30 16:44:37.210,2,1.71,,512000000
2026-05-30 16:44:37.198,2,1.77,,512000000
2026-05-30 16:44:37.194,2,1.86,,512000000
2026-05-30 16:44:37.193,2,1.75,,512000000
2026-05-30 16:44:37.158,2,1.92,,512000000
2026-05-30 16:44:37.129,2,1.77,,512000000
2026-05-30 16:44:37.125,3,2.8,,512000000
2026-05-30 16:44:37.118,3,2.01,,512000000
2026-05-30 16:44:37.092,2,1.81,,512000000
2026-05-30 16:44:37.081,3,2.1,,512000000
2026-05-30 16:44:37.074,2,1.89,,512000000
2026-05-30 16:44:37.007,3,2.02,,512000000
2026-05-30 16:44:36.985,2,1.82,,512000000
2026-05-30 16:44:36.985,2,1.78,,512000000
2026-05-30 16:44:36.970,2,1.86,,512000000
2026-05-30 16:44:36.969,2,1.76,,512000000
2026-05-30 16:44:36.927,2,1.75,,512000000
2026-05-30 16:44:36.926,2,1.66,,512000000
2026-05-30 16:44:36.924,2,1.62,,512000000
2026-05-30 16:44:36.912,2,1.76,,512000000
2026-05-30 16:44:36.901,2,1.71,,512000000
2026-05-30 16:44:36.884,2,1.81,,512000000
2026-05-30 16:44:36.862,2,1.78,,512000000
2026-05-30 16:44:36.856,2,2,,512000000
2026-05-30 16:44:36.824,7,6.12,,512000000
2026-05-30 16:44:36.765,2,1.82,,512000000
2026-05-30 16:44:36.748,2,1.89,,512000000
2026-05-30 16:44:36.745,13,12.22,,512000000
2026-05-30 16:44:36.730,2,1.65,,512000000
2026-05-30 16:44:36.728,2,1.89,,512000000
2026-05-30 16:44:36.726,3,2.83,,512000000
2026-05-30 16:44:36.709,2,1.96,,512000000
2026-05-30 16:44:36.679,2,1.87,,512000000
2026-05-30 16:44:36.664,2,1.88,,512000000
2026-05-30 16:44:36.654,2,1.96,,512000000
2026-05-30 16:44:36.638,2,1.75,,512000000
2026-05-30 16:44:36.634,2,1.77,,512000000
2026-05-30 16:44:36.609,25,24.64,,512000000
2026-05-30 16:44:36.604,6,5.15,,512000000
2026-05-30 16:44:36.598,2,1.74,,512000000
2026-05-30 16:44:36.594,2,1.82,,512000000
2026-05-30 16:44:36.590,3,2.1,,512000000
2026-05-30 16:44:36.589,2,1.88,,512000000
2026-05-30 16:44:36.580,2,2,,512000000
2026-05-30 16:44:36.562,2,1.69,,512000000
2026-05-30 16:44:36.557,4,3.33,,512000000
2026-05-30 16:44:36.541,2,1.87,,512000000
2026-05-30 16:44:36.539,3,2.09,,512000000
2026-05-30 16:44:36.537,2,1.76,,512000000
2026-05-30 16:44:36.537,3,2,,512000000
2026-05-30 16:44:36.528,2,1.61,,512000000
2026-05-30 16:44:36.526,2,1.72,,512000000
2026-05-30 16:44:36.524,2,1.79,,512000000
2026-05-30 16:44:36.511,2,1.75,,512000000
2026-05-30 16:44:36.505,2,1.82,,512000000
2026-05-30 16:44:36.485,2,1.77,,512000000
2026-05-30 16:44:36.458,2,1.83,,512000000
2026-05-30 16:44:36.450,2,1.91,,512000000
2026-05-30 16:44:36.449,2,1.86,,512000000
2026-05-30 16:44:36.433,2,1.97,,512000000
2026-05-30 16:44:36.432,3,2.67,,512000000
2026-05-30 16:44:36.421,2,1.67,,512000000
2026-05-30 16:44:36.418,3,2.16,,512000000
2026-05-30 16:44:36.389,2,1.92,,512000000
2026-05-30 16:44:36.386,2,1.98,,512000000
2026-05-30 16:44:36.366,2,1.56,,512000000
2026-05-30 16:44:36.357,2,1.86,,512000000
2026-05-30 16:44:36.344,2,1.65,,512000000
2026-05-30 16:44:36.332,4,3.24,,512000000
2026-05-30 16:44:36.316,2,1.74,,512000000
2026-05-30 16:44:36.309,2,1.84,,512000000
2026-05-30 16:44:36.305,2,1.9,,512000000
2026-05-30 16:44:36.301,2,1.76,,512000000
2026-05-30 16:44:36.288,2,1.93,,512000000
2026-05-30 16:44:36.274,3,2.07,,512000000
2026-05-30 16:44:36.270,2,1.69,,512000000
2026-05-30 16:44:36.256,2,1.79,,512000000
2026-05-30 16:44:36.245,6,5.34,,512000000
2026-05-30 16:44:36.228,2,1.78,,512000000
2026-05-30 16:44:36.200,2,1.84,,512000000
2026-05-30 16:44:36.199,2,1.86,,512000000
2026-05-30 16:44:36.184,2,1.93,,512000000
2026-05-30 16:44:36.180,2,1.72,,512000000
2026-05-30 16:44:36.178,2,1.54,,512000000
2026-05-30 16:44:36.173,3,2.12,,512000000
2026-05-30 16:44:36.168,2,2,,512000000
2026-05-30 16:44:36.166,2,1.76,,512000000
2026-05-30 16:44:36.151,2,1.86,,512000000
2026-05-30 16:44:36.115,2,1.71,,512000000
2026-05-30 16:44:36.115,2,1.72,,512000000
2026-05-30 16:44:36.092,2,1.98,,512000000
2026-05-30 16:44:36.089,2,1.79,,512000000
2026-05-30 16:44:36.071,2,1.91,,512000000
2026-05-30 16:44:36.053,4,3.5,,512000000
2026-05-30 16:44:36.052,2,1.65,,512000000
2026-05-30 16:44:36.046,2,1.83,,512000000
2026-05-30 16:44:36.034,3,2.09,,512000000
2026-05-30 16:44:36.024,4,3.83,,512000000
2026-05-30 16:44:36.011,2,1.98,,512000000
2026-05-30 16:44:35.997,2,1.76,,512000000
2026-05-30 16:44:35.985,2,1.78,,512000000
2026-05-30 16:44:35.962,3,2.13,,512000000
2026-05-30 16:44:35.959,3,2.09,,512000000
2026-05-30 16:44:35.958,2,1.66,,512000000
2026-05-30 16:44:35.957,2,1.86,,512000000
2026-05-30 16:44:35.934,2,2,,512000000
2026-05-30 16:44:35.933,2,1.82,,512000000
2026-05-30 16:44:35.913,2,1.77,,512000000
2026-05-30 16:44:35.892,2,1.64,,512000000
2026-05-30 16:44:35.877,2,1.69,,512000000
2026-05-30 16:44:35.871,2,1.86,,512000000
2026-05-30 16:44:35.870,2,1.78,,512000000
2026-05-30 16:44:35.845,3,2.23,,512000000
2026-05-30 16:44:35.842,2,1.93,,512000000
2026-05-30 16:44:35.839,2,1.86,,512000000
2026-05-30 16:44:35.817,10,9.75,,512000000
2026-05-30 16:44:35.804,5,4.13,,512000000
2026-05-30 16:44:35.799,2,1.64,,512000000
2026-05-30 16:44:35.798,2,1.72,,512000000
2026-05-30 16:44:35.798,2,1.97,,512000000
2026-05-30 16:44:35.789,2,1.89,,512000000
2026-05-30 16:44:35.786,2,1.85,,512000000
2026-05-30 16:44:35.786,2,1.99,,512000000
2026-05-30 16:44:35.759,2,1.85,,512000000
2026-05-30 16:44:35.741,2,1.7,,512000000
2026-05-30 16:44:35.739,2,1.8,,512000000
2026-05-30 16:44:35.731,3,2.12,,512000000
2026-05-30 16:44:35.726,2,1.81,,512000000
2026-05-30 16:44:35.725,2,1.75,,512000000
2026-05-30 16:44:35.720,2,1.7,,512000000
2026-05-30 16:44:35.687,2,1.91,,512000000
2026-05-30 16:44:35.683,7,6.97,,512000000
2026-05-30 16:44:35.676,2,1.8,,512000000
2026-05-30 16:44:35.663,3,2.1,,512000000
2026-05-30 16:44:35.629,2,1.84,,512000000
2026-05-30 16:44:35.629,3,2.3,,512000000
2026-05-30 16:44:35.616,2,1.99,,512000000
2026-05-30 16:44:35.584,3,2.1,,512000000
2026-05-30 16:44:35.580,2,1.92,,512000000
2026-05-30 16:44:35.576,2,1.97,,512000000
2026-05-30 16:44:35.574,4,3.79,,512000000
2026-05-30 16:44:35.561,2,1.77,,512000000
2026-05-30 16:44:35.561,2,1.7,,512000000
2026-05-30 16:44:35.560,2,1.8,,512000000
2026-05-30 16:44:35.559,2,1.73,,512000000
2026-05-30 16:44:35.554,2,1.99,,512000000
2026-05-30 16:44:35.506,2,1.75,,512000000
2026-05-30 16:44:35.503,2,1.91,,512000000
2026-05-30 16:44:35.490,3,2.01,,512000000
2026-05-30 16:44:35.487,14,13.7,,512000000
2026-05-30 16:44:35.477,2,1.87,,512000000
2026-05-30 16:44:35.467,7,6.57,,512000000
2026-05-30 16:44:35.451,2,1.77,,512000000
2026-05-30 16:44:35.428,2,1.78,,512000000
2026-05-30 16:44:35.427,2,1.95,,512000000
2026-05-30 16:44:35.423,2,1.79,,512000000
2026-05-30 16:44:35.420,2,1.88,,512000000
2026-05-30 16:44:35.402,2,1.86,,512000000
2026-05-30 16:44:35.393,2,1.88,,512000000
2026-05-30 16:44:35.381,2,1.9,,512000000
2026-05-30 16:44:35.359,3,2.03,,512000000
2026-05-30 16:44:35.358,2,1.78,,512000000
2026-05-30 16:44:35.357,2,1.91,,512000000
2026-05-30 16:44:35.355,6,5.37,,512000000
2026-05-30 16:44:35.339,2,1.86,,512000000
2026-05-30 16:44:35.335,23,22.5,,512000000
2026-05-30 16:44:35.317,2,1.95,,512000000
2026-05-30 16:44:35.311,2,1.94,,512000000
2026-05-30 16:44:35.284,13,12.38,,512000000
2026-05-30 16:44:35.275,5,4.44,,512000000
2026-05-30 16:44:35.263,40,39.83,,512000000
2026-05-30 16:44:35.256,5,4.63,,512000000
2026-05-30 16:44:35.253,2,1.87,,512000000
2026-05-30 16:44:35.230,3,2.02,,512000000
2026-05-30 16:44:35.192,2,1.66,,512000000
2026-05-30 16:44:35.186,2,1.84,,512000000
2026-05-30 16:44:35.180,2,1.81,,512000000
2026-05-30 16:44:35.179,2,1.69,,512000000
2026-05-30 16:44:35.164,2,1.73,,512000000
2026-05-30 16:44:35.164,2,1.79,,512000000
2026-05-30 16:44:35.164,2,1.93,,512000000
2026-05-30 16:44:35.133,2,1.68,,512000000
2026-05-30 16:44:35.095,3,2.06,,512000000
2026-05-30 16:44:35.093,2,1.87,,512000000
2026-05-30 16:44:35.077,2,1.71,,512000000
2026-05-30 16:44:35.071,2,1.95,,512000000
2026-05-30 16:44:35.057,2,1.96,,512000000
2026-05-30 16:44:35.055,2,1.67,,512000000
2026-05-30 16:44:35.043,3,2.12,,512000000
2026-05-30 16:44:35.022,2,1.83,,512000000
2026-05-30 16:44:35.014,2,1.78,,512000000
2026-05-30 16:44:35.013,2,1.84,,512000000
2026-05-30 16:44:34.988,2,1.9,,512000000
2026-05-30 16:44:34.985,2,1.69,,512000000
2026-05-30 16:44:34.982,2,1.67,,512000000
2026-05-30 16:44:34.967,2,1.71,,512000000
2026-05-30 16:44:34.957,2,1.93,,512000000
2026-05-30 16:44:34.951,2,1.64,,512000000
2026-05-30 16:44:34.945,2,1.71,,512000000
2026-05-30 16:44:34.925,2,1.73,,512000000
2026-05-30 16:44:34.916,2,1.7,,512000000
2026-05-30 16:44:34.881,2,1.78,,512000000
2026-05-30 16:44:34.880,2,1.83,,512000000
2026-05-30 16:44:34.876,2,1.74,,512000000
2026-05-30 16:44:34.862,2,1.95,,512000000
2026-05-30 16:44:34.856,2,1.69,,512000000
2026-05-30 16:44:34.824,2,1.84,,512000000
2026-05-30 16:44:34.817,2,1.81,,512000000
2026-05-30 16:44:34.817,2,1.74,,512000000
2026-05-30 16:44:34.814,2,1.81,,512000000
2026-05-30 16:44:34.813,2,1.86,,512000000
2026-05-30 16:44:34.813,2,1.59,,512000000
2026-05-30 16:44:34.796,2,1.69,,512000000
2026-05-30 16:44:34.795,2,1.82,,512000000
2026-05-30 16:44:34.789,2,1.92,,512000000
2026-05-30 16:44:34.785,3,2.09,,512000000
2026-05-30 16:44:34.766,2,1.95,,512000000
2026-05-30 16:44:34.752,2,1.74,,512000000
2026-05-30 16:44:34.749,2,1.91,,512000000
2026-05-30 16:44:34.713,3,2.25,,512000000
2026-05-30 16:44:34.705,2,1.94,,512000000
2026-05-30 16:44:34.700,2,1.69,,512000000
2026-05-30 16:44:34.656,2,1.8,,512000000
2026-05-30 16:44:34.643,2,1.85,,512000000
2026-05-30 16:44:34.638,2,1.58,,512000000
2026-05-30 16:44:34.633,2,1.9,,512000000
2026-05-30 16:44:34.632,4,3.63,,512000000
2026-05-30 16:44:34.631,2,1.69,,512000000
2026-05-30 16:44:34.621,2,1.88,,512000000
2026-05-30 16:44:34.596,2,1.54,,512000000
2026-05-30 16:44:34.593,2,1.69,,512000000
2026-05-30 16:44:34.588,2,1.86,,512000000
2026-05-30 16:44:34.587,2,1.58,,512000000
2026-05-30 16:44:34.586,2,1.87,,512000000
2026-05-30 16:44:34.583,2,1.75,,512000000
2026-05-30 16:44:34.550,2,1.82,,512000000
2026-05-30 16:44:34.495,2,1.64,,512000000
2026-05-30 16:44:34.486,2,1.66,,512000000
2026-05-30 16:44:34.483,2,1.85,,512000000
2026-05-30 16:44:34.482,4,3.68,,512000000
2026-05-30 16:44:34.473,2,1.71,,512000000
2026-05-30 16:44:34.461,9,8.62,,512000000
2026-05-30 16:44:34.453,2,1.62,,512000000
2026-05-30 16:44:34.440,5,4.88,,512000000
2026-05-30 16:44:34.437,2,1.73,,512000000
2026-05-30 16:44:34.435,2,1.75,,512000000
2026-05-30 16:44:34.434,3,2.14,,512000000
2026-05-30 16:44:34.429,2,1.91,,512000000
2026-05-30 16:44:34.425,3,2.21,,512000000
2026-05-30 16:44:34.423,2,1.66,,512000000
2026-05-30 16:44:34.414,2,1.9,,512000000
2026-05-30 16:44:34.410,3,2.19,,512000000
2026-05-30 16:44:34.409,2,1.85,,512000000
2026-05-30 16:44:34.402,2,1.67,,512000000
2026-05-30 16:44:34.382,2,1.79,,512000000
2026-05-30 16:44:34.373,11,10.3,,512000000
2026-05-30 16:44:34.371,3,2.29,,512000000
2026-05-30 16:44:34.354,2,1.81,,512000000
2026-05-30 16:44:34.344,2,1.97,,512000000
2026-05-30 16:44:34.341,21,20.01,,512000000
2026-05-30 16:44:34.290,2,1.83,,512000000
2026-05-30 16:44:34.265,6,5.62,,512000000
2026-05-30 16:44:34.251,5,4.51,,512000000
2026-05-30 16:44:34.233,2,1.72,,512000000
2026-05-30 16:44:34.171,2,1.58,,512000000
2026-05-30 16:44:34.161,2,1.63,,512000000
2026-05-30 16:44:34.152,2,1.99,,512000000
2026-05-30 16:44:34.152,2,1.7,,512000000
2026-05-30 16:44:34.146,2,1.67,,512000000
2026-05-30 16:44:34.132,3,2.18,,512000000
2026-05-30 16:44:34.121,2,1.76,,512000000
2026-05-30 16:44:34.117,2,1.72,,512000000
2026-05-30 16:44:34.105,2,1.8,,512000000
2026-05-30 16:44:34.085,2,1.75,,512000000
2026-05-30 16:44:34.075,2,1.82,,512000000
2026-05-30 16:44:34.073,2,1.76,,512000000
2026-05-30 16:44:34.063,2,1.77,,512000000
2026-05-30 16:44:34.033,2,1.95,,512000000
2026-05-30 16:44:34.017,2,1.73,,512000000
2026-05-30 16:44:33.985,2,1.8,,512000000
2026-05-30 16:44:33.985,2,1.75,,512000000
2026-05-30 16:44:33.982,4,3.76,,512000000
2026-05-30 16:44:33.962,8,7.38,,512000000
2026-05-30 16:44:33.958,2,1.55,,512000000
2026-05-30 16:44:33.944,2,1.96,,512000000
2026-05-30 16:44:33.941,2,1.72,,512000000
2026-05-30 16:44:33.924,2,1.8,,512000000
2026-05-30 16:44:33.920,5,4.45,,512000000
2026-05-30 16:44:33.901,2,1.7,,512000000
2026-05-30 16:44:33.893,2,1.85,,512000000
2026-05-30 16:44:33.867,2,1.71,,512000000
2026-05-30 16:44:33.817,2,1.78,,512000000
2026-05-30 16:44:33.803,2,1.71,,512000000
2026-05-30 16:44:33.798,3,2.05,,512000000
2026-05-30 16:44:33.795,3,2.01,,512000000
2026-05-30 16:44:33.788,3,2.15,,512000000
2026-05-30 16:44:33.781,2,1.65,,512000000
2026-05-30 16:44:33.741,10,9.7,,512000000
2026-05-30 16:44:33.738,2,1.64,,512000000
2026-05-30 16:44:33.730,2,1.69,,512000000
2026-05-30 16:44:33.726,2,1.47,,512000000
2026-05-30 16:44:33.718,2,1.77,,512000000
2026-05-30 16:44:33.714,2,1.73,,512000000
2026-05-30 16:44:33.710,2,1.95,,512000000
2026-05-30 16:44:33.698,2,1.6,,512000000
2026-05-30 16:44:33.691,3,2.08,,512000000
2026-05-30 16:44:33.676,2,1.63,,512000000
2026-05-30 16:44:33.672,2,1.57,,512000000
2026-05-30 16:44:33.666,2,1.81,,512000000
2026-05-30 16:44:33.666,30,29.57,,512000000
2026-05-30 16:44:33.665,2,1.61,,512000000
2026-05-30 16:44:33.665,3,2.26,,512000000
2026-05-30 16:44:33.659,2,1.89,,512000000
2026-05-30 16:44:33.654,2,1.89,,512000000
2026-05-30 16:44:33.653,3,2.17,,512000000
2026-05-30 16:44:33.624,2,1.9,,512000000
2026-05-30 16:44:33.623,2,1.99,,512000000
2026-05-30 16:44:33.622,2,1.95,,512000000
2026-05-30 16:44:33.611,2,1.82,,512000000
2026-05-30 16:44:33.589,2,1.79,,512000000
2026-05-30 16:44:33.583,2,1.68,,512000000
2026-05-30 16:44:33.576,3,2,,512000000
2026-05-30 16:44:33.573,2,1.76,,512000000
2026-05-30 16:44:33.572,2,1.73,,512000000
2026-05-30 16:44:33.542,2,1.87,,512000000
2026-05-30 16:44:33.534,8,7.59,,512000000
2026-05-30 16:44:33.522,3,2.08,,512000000
2026-05-30 16:44:33.521,2,1.93,,512000000
2026-05-30 16:44:33.515,17,16.19,,512000000
2026-05-30 16:44:33.514,2,1.84,,512000000
2026-05-30 16:44:33.475,2,1.68,,512000000
2026-05-30 16:44:33.468,2,1.68,,512000000
2026-05-30 16:44:33.429,3,2.15,,512000000
2026-05-30 16:44:33.425,2,1.73,,512000000
2026-05-30 16:44:33.421,3,2.11,,512000000
2026-05-30 16:44:33.392,2,1.69,,512000000
2026-05-30 16:44:33.392,2,1.74,,512000000
2026-05-30 16:44:33.381,8,7.3,,512000000
2026-05-30 16:44:33.372,3,2.1,,512000000
2026-05-30 16:44:33.371,2,1.85,,512000000
2026-05-30 16:44:33.363,2,1.69,,512000000
2026-05-30 16:44:33.352,2,2,,512000000
2026-05-30 16:44:33.333,2,1.65,,512000000
2026-05-30 16:44:33.328,2,1.71,,512000000
2026-05-30 16:44:33.314,9,8.99,,512000000
2026-05-30 16:44:33.303,2,1.74,,512000000
2026-05-30 16:44:33.294,4,3.5,,512000000
2026-05-30 16:44:33.281,2,1.76,,512000000
2026-05-30 16:44:33.280,3,2.07,,512000000
2026-05-30 16:44:33.274,9,8.13,,512000000
2026-05-30 16:44:33.262,3,2.44,,512000000
2026-05-30 16:44:33.260,2,1.78,,512000000
2026-05-30 16:44:33.235,2,1.86,,512000000
2026-05-30 16:44:33.234,2,1.66,,512000000
2026-05-30 16:44:33.231,2,1.94,,512000000
2026-05-30 16:44:33.227,2,1.77,,512000000
2026-05-30 16:44:33.194,2,1.9,,512000000
2026-05-30 16:44:33.190,2,1.78,,512000000
2026-05-30 16:44:33.185,2,1.75,,512000000
2026-05-30 16:44:33.177,2,1.61,,512000000
2026-05-30 16:44:33.166,2,1.68,,512000000
2026-05-30 16:44:33.144,2,1.78,,512000000
2026-05-30 16:44:33.123,2,1.58,,512000000
2026-05-30 16:44:33.122,2,1.77,,512000000
2026-05-30 16:44:33.120,4,3.59,,512000000
2026-05-30 16:44:33.106,3,2.56,,512000000
2026-05-30 16:44:33.098,2,1.76,,512000000
2026-05-30 16:44:33.086,2,1.59,,512000000
2026-05-30 16:44:33.080,2,1.66,,512000000
2026-05-30 16:44:33.042,2,1.7,,512000000
2026-05-30 16:44:33.036,2,1.65,,512000000
2026-05-30 16:44:33.035,2,1.58,,512000000
2026-05-30 16:44:33.006,2,1.78,,512000000
2026-05-30 16:44:33.000,2,1.61,,512000000
2026-05-30 16:44:32.982,2,1.6,,512000000
2026-05-30 16:44:32.981,2,1.98,,512000000
2026-05-30 16:44:32.977,2,1.75,,512000000
2026-05-30 16:44:32.955,2,2,,512000000
2026-05-30 16:44:32.949,2,1.69,,512000000
2026-05-30 16:44:32.929,15,14.49,,512000000
2026-05-30 16:44:32.905,2,1.89,,512000000
2026-05-30 16:44:32.905,2,1.77,,512000000
2026-05-30 16:44:32.903,2,1.79,,512000000
2026-05-30 16:44:32.902,2,1.99,,512000000
2026-05-30 16:44:32.900,2,1.78,,512000000
2026-05-30 16:44:32.896,2,1.79,,512000000
2026-05-30 16:44:32.889,2,1.72,,512000000
2026-05-30 16:44:32.869,3,2.1,,512000000
2026-05-30 16:44:32.865,2,1.74,,512000000
2026-05-30 16:44:32.863,2,1.83,,512000000
2026-05-30 16:44:32.809,2,1.96,,512000000
2026-05-30 16:44:32.804,7,6.3,,512000000
2026-05-30 16:44:32.785,2,1.75,,512000000
2026-05-30 16:44:32.767,4,3.44,,512000000
2026-05-30 16:44:32.759,2,1.71,,512000000
2026-05-30 16:44:32.749,2,1.72,,512000000
2026-05-30 16:44:32.748,17,16.49,,512000000
2026-05-30 16:44:32.739,2,1.64,,512000000
2026-05-30 16:44:32.694,2,1.95,,512000000
2026-05-30 16:44:32.688,27,26.2,,512000000
2026-05-30 16:44:32.685,16,15.97,,512000000
2026-05-30 16:44:32.674,2,1.82,,512000000
2026-05-30 16:44:32.640,2,1.75,,512000000
2026-05-30 16:44:32.625,2,1.76,,512000000
2026-05-30 16:44:32.613,2,1.59,,512000000
2026-05-30 16:44:32.606,2,1.89,,512000000
2026-05-30 16:44:32.544,2,1.84,,512000000
2026-05-30 16:44:32.504,2,1.98,,512000000
2026-05-30 16:44:32.503,2,1.73,,512000000
2026-05-30 16:44:32.491,2,1.7,,512000000
2026-05-30 16:44:32.490,2,1.88,,512000000
2026-05-30 16:44:32.473,3,2.05,,512000000
2026-05-30 16:44:32.469,2,1.99,,512000000
2026-05-30 16:44:32.467,2,1.7,,512000000
2026-05-30 16:44:32.458,2,1.77,,512000000
2026-05-30 16:44:32.454,6,5.8,,512000000
2026-05-30 16:44:32.436,3,2.27,,512000000
2026-05-30 16:44:32.419,3,2,,512000000
2026-05-30 16:44:32.396,2,1.53,,512000000
2026-05-30 16:44:32.371,3,2.04,,512000000
2026-05-30 16:44:32.365,2,1.83,,512000000
2026-05-30 16:44:32.364,2,1.85,,512000000
2026-05-30 16:44:32.348,2,1.85,,512000000
2026-05-30 16:44:32.335,2,1.77,,512000000
2026-05-30 16:44:32.318,2,1.83,,512000000
2026-05-30 16:44:32.298,2,1.83,,512000000
2026-05-30 16:44:32.292,6,5.91,,512000000
2026-05-30 16:44:32.292,3,2.48,,512000000
2026-05-30 16:44:32.289,2,1.82,,512000000
2026-05-30 16:44:32.285,2,1.77,,512000000
2026-05-30 16:44:32.280,2,1.7,,512000000
2026-05-30 16:44:32.266,2,1.74,,512000000
2026-05-30 16:44:32.250,3,2.13,,512000000
2026-05-30 16:44:32.248,3,2.26,,512000000
2026-05-30 16:44:32.225,2,1.64,,512000000
2026-05-30 16:44:32.222,2,1.81,,512000000
2026-05-30 16:44:32.219,2,1.67,,512000000
2026-05-30 16:44:32.199,2,1.68,,512000000
2026-05-30 16:44:32.196,2,1.9,,512000000
2026-05-30 16:44:32.196,2,1.9,,512000000
2026-05-30 16:44:32.195,2,1.67,,512000000
2026-05-30 16:44:32.191,12,11.48,,512000000
2026-05-30 16:44:32.189,2,1.95,,512000000
2026-05-30 16:44:32.173,6,5.04,,512000000
2026-05-30 16:44:32.165,2,1.91,,512000000
2026-05-30 16:44:32.147,2,1.67,,512000000
2026-05-30 16:44:32.130,2,1.97,,512000000
2026-05-30 16:44:32.126,7,6.1,,512000000
2026-05-30 16:44:32.124,2,1.57,,512000000
2026-05-30 16:44:32.115,2,1.98,,512000000
2026-05-30 16:44:32.107,4,3.76,,512000000
2026-05-30 16:44:32.095,4,3.92,,512000000
2026-05-30 16:44:32.094,2,1.92,,512000000
2026-05-30 16:44:32.085,2,1.95,,512000000
2026-05-30 16:44:32.081,2,1.53,,512000000
2026-05-30 16:44:32.080,2,1.73,,512000000
2026-05-30 16:44:32.072,2,1.81,,512000000
2026-05-30 16:44:32.067,29,28.32,,512000000
2026-05-30 16:44:32.059,2,1.91,,512000000
2026-05-30 16:44:32.057,6,5.48,,512000000
2026-05-30 16:44:32.057,2,1.79,,512000000
2026-05-30 16:44:32.056,2,1.94,,512000000
2026-05-30 16:44:32.052,2,1.73,,512000000
2026-05-30 16:44:32.038,10,9.98,,512000000
2026-05-30 16:44:32.035,2,1.82,,512000000
2026-05-30 16:44:32.034,2,1.79,,512000000
2026-05-30 16:44:32.032,2,1.67,,512000000
2026-05-30 16:44:32.032,3,2.02,,512000000
2026-05-30 16:44:32.013,2,1.67,,512000000
2026-05-30 16:44:31.997,2,1.8,,512000000
2026-05-30 16:44:31.995,2,1.81,,512000000
2026-05-30 16:44:31.995,2,1.75,,512000000
2026-05-30 16:44:31.967,2,1.74,,512000000
2026-05-30 16:44:31.964,2,1.57,,512000000
2026-05-30 16:44:31.964,2,1.97,,512000000
2026-05-30 16:44:31.926,2,1.71,,512000000
2026-05-30 16:44:31.918,2,1.77,,512000000
2026-05-30 16:44:31.907,2,1.42,,512000000
2026-05-30 16:44:31.900,2,1.54,,512000000
2026-05-30 16:44:31.891,2,1.93,,512000000
2026-05-30 16:44:31.887,2,1.69,,512000000
2026-05-30 16:44:31.882,2,1.75,,512000000
2026-05-30 16:44:31.879,3,2.06,,512000000
2026-05-30 16:44:31.873,2,1.82,,512000000
2026-05-30 16:44:31.862,2,1.84,,512000000
2026-05-30 16:44:31.833,3,2.09,,512000000
2026-05-30 16:44:31.831,2,1.72,,512000000
2026-05-30 16:44:31.819,2,1.91,,512000000
2026-05-30 16:44:31.803,5,4.99,,512000000
2026-05-30 16:44:31.791,2,1.88,,512000000
2026-05-30 16:44:31.772,2,1.73,,512000000
2026-05-30 16:44:31.761,2,1.72,,512000000
2026-05-30 16:44:31.757,2,1.73,,512000000
2026-05-30 16:44:31.742,2,1.81,,512000000
2026-05-30 16:44:31.734,3,2.23,,512000000
2026-05-30 16:44:31.716,14,13.76,,512000000
2026-05-30 16:44:31.713,2,1.75,,512000000
2026-05-30 16:44:31.705,3,2.41,,512000000
2026-05-30 16:44:31.701,3,2.03,,512000000
2026-05-30 16:44:31.697,2,1.88,,512000000
2026-05-30 16:44:31.696,5,4.81,,512000000
2026-05-30 16:44:31.648,2,1.98,,512000000
2026-05-30 16:44:31.646,2,1.79,,512000000
2026-05-30 16:44:31.632,5,4.58,,512000000
2026-05-30 16:44:31.622,2,1.71,,512000000
2026-05-30 16:44:31.593,2,1.67,,512000000
2026-05-30 16:44:31.592,2,1.92,,512000000
2026-05-30 16:44:31.580,5,4.13,,512000000
2026-05-30 16:44:31.558,2,1.67,,512000000
2026-05-30 16:44:31.558,2,1.69,,512000000
2026-05-30 16:44:31.521,2,1.65,,512000000
2026-05-30 16:44:31.520,6,5.51,,512000000
2026-05-30 16:44:31.518,2,1.78,,512000000
2026-05-30 16:44:31.515,2,1.65,,512000000
2026-05-30 16:44:31.498,2,1.95,,512000000
2026-05-30 16:44:31.474,2,1.87,,512000000
2026-05-30 16:44:31.466,2,1.76,,512000000
2026-05-30 16:44:31.415,6,5.34,,512000000
2026-05-30 16:44:31.414,2,1.71,,512000000
2026-05-30 16:44:31.411,4,3.95,,512000000
2026-05-30 16:44:31.409,3,2.3,,512000000
2026-05-30 16:44:31.407,2,1.7,,512000000
2026-05-30 16:44:31.393,6,5.01,,512000000
2026-05-30 16:44:31.379,2,1.98,,512000000
2026-05-30 16:44:31.374,2,1.74,,512000000
2026-05-30 16:44:31.374,2,1.81,,512000000
2026-05-30 16:44:31.337,17,16.08,,512000000
2026-05-30 16:44:31.329,2,1.74,,512000000
2026-05-30 16:44:31.318,2,1.87,,512000000
2026-05-30 16:44:31.293,2,1.62,,512000000
2026-05-30 16:44:31.291,2,1.73,,512000000
2026-05-30 16:44:31.275,3,2.07,,512000000
2026-05-30 16:44:31.268,2,1.76,,512000000
2026-05-30 16:44:31.266,2,1.89,,512000000
2026-05-30 16:44:31.252,2,1.67,,512000000
2026-05-30 16:44:31.251,2,1.98,,512000000
2026-05-30 16:44:31.217,2,1.73,,512000000
2026-05-30 16:44:31.212,2,1.96,,512000000
2026-05-30 16:44:31.207,2,1.71,,512000000
2026-05-30 16:44:31.174,2,1.82,,512000000
2026-05-30 16:44:31.149,2,1.87,,512000000
2026-05-30 16:44:31.146,12,11.99,,512000000
2026-05-30 16:44:31.144,2,1.72,,512000000
2026-05-30 16:44:31.132,2,1.61,,512000000
2026-05-30 16:44:31.127,25,24.93,,512000000
2026-05-30 16:44:31.080,2,1.84,,512000000
2026-05-30 16:44:31.073,7,6.78,,512000000
2026-05-30 16:44:31.062,5,4.49,,512000000
2026-05-30 16:44:31.029,2,1.89,,512000000
2026-05-30 16:44:31.003,3,2.01,,512000000
2026-05-30 16:44:30.994,5,4.11,,512000000
2026-05-30 16:44:30.993,2,1.74,,512000000
2026-05-30 16:44:30.966,2,1.87,,512000000
2026-05-30 16:44:30.966,4,3.19,,512000000
2026-05-30 16:44:30.940,3,2.51,,512000000
2026-05-30 16:44:30.938,2,1.86,,512000000
2026-05-30 16:44:30.936,56,55.07,,512000000
2026-05-30 16:44:30.925,3,2.08,,512000000
2026-05-30 16:44:30.893,2,1.76,,512000000
2026-05-30 16:44:30.874,2,1.93,,512000000
2026-05-30 16:44:30.872,2,1.79,,512000000
2026-05-30 16:44:30.871,3,2.19,,512000000
2026-05-30 16:44:30.866,2,1.86,,512000000
2026-05-30 16:44:30.844,3,2.36,,512000000
2026-05-30 16:44:30.825,2,1.9,,512000000
2026-05-30 16:44:30.811,2,1.72,,512000000
2026-05-30 16:44:30.807,2,1.94,,512000000
2026-05-30 16:44:30.803,3,2.17,,512000000
2026-05-30 16:44:30.794,2,1.67,,512000000
2026-05-30 16:44:30.757,2,1.9,,512000000
2026-05-30 16:44:30.745,3,2.13,,512000000
2026-05-30 16:44:30.743,2,1.85,,512000000
2026-05-30 16:44:30.742,2,1.93,,512000000
2026-05-30 16:44:30.722,2,1.69,,512000000
2026-05-30 16:44:30.707,4,3.31,,512000000
2026-05-30 16:44:30.705,2,1.97,,512000000
2026-05-30 16:44:30.705,2,1.81,,512000000
2026-05-30 16:44:30.703,2,1.77,,512000000
2026-05-30 16:44:30.699,2,1.96,,512000000
2026-05-30 16:44:30.688,2,1.79,,512000000
2026-05-30 16:44:30.668,15,14.45,,512000000
2026-05-30 16:44:30.657,13,12.75,,512000000
2026-05-30 16:44:30.656,2,1.7,,512000000
2026-05-30 16:44:30.640,2,1.91,,512000000
2026-05-30 16:44:30.637,4,3.12,,512000000
2026-05-30 16:44:30.624,3,2.34,,512000000
2026-05-30 16:44:30.618,2,1.93,,512000000
2026-05-30 16:44:30.610,2,1.59,,512000000
2026-05-30 16:44:30.607,2,1.86,,512000000
2026-05-30 16:44:30.601,5,4.84,,512000000
2026-05-30 16:44:30.600,2,1.62,,512000000
2026-05-30 16:44:30.584,2,1.74,,512000000
2026-05-30 16:44:30.576,2,1.64,,512000000
2026-05-30 16:44:30.567,2,1.84,,512000000
2026-05-30 16:44:30.559,2,1.85,,512000000
2026-05-30 16:44:30.552,3,2.33,,512000000
2026-05-30 16:44:30.546,3,2.15,,512000000
2026-05-30 16:44:30.544,2,1.79,,512000000
2026-05-30 16:44:30.543,5,4.57,,512000000
2026-05-30 16:44:30.543,2,1.66,,512000000
2026-05-30 16:44:30.525,11,10.13,,512000000
2026-05-30 16:44:30.517,3,2.25,,512000000
2026-05-30 16:44:30.514,2,1.88,,512000000
2026-05-30 16:44:30.497,26,25.66,,512000000
2026-05-30 16:44:30.497,14,13.72,,512000000
2026-05-30 16:44:30.476,2,1.77,,512000000
2026-05-30 16:44:30.460,3,2.53,,512000000
2026-05-30 16:44:30.453,2,1.75,,512000000
2026-05-30 16:44:30.450,2,1.95,,512000000
2026-05-30 16:44:30.449,4,3.77,,512000000
2026-05-30 16:44:30.439,3,2.38,,512000000
2026-05-30 16:44:30.428,2,1.78,,512000000
2026-05-30 16:44:30.427,2,1.9,,512000000
2026-05-30 16:44:30.423,2,1.66,,512000000
2026-05-30 16:44:30.403,2,1.7,,512000000
2026-05-30 16:44:30.402,5,4.85,,512000000
2026-05-30 16:44:30.399,2,1.71,,512000000
2026-05-30 16:44:30.397,2,1.68,,512000000
2026-05-30 16:44:30.379,3,2.12,,512000000
2026-05-30 16:44:30.374,2,1.66,,512000000
2026-05-30 16:44:30.372,2,1.3,,512000000
2026-05-30 16:44:30.367,2,1.86,,512000000
2026-05-30 16:44:30.361,4,3.89,,512000000
2026-05-30 16:44:30.360,2,1.81,,512000000
2026-05-30 16:44:30.356,2,1.55,,512000000
2026-05-30 16:44:30.348,2,1.67,,512000000
2026-05-30 16:44:30.338,2,1.96,,512000000
2026-05-30 16:44:30.335,9,8.01,,512000000
2026-05-30 16:44:30.333,2,1.73,,512000000
2026-05-30 16:44:30.328,2,1.63,,512000000
2026-05-30 16:44:30.322,2,1.9,,512000000
2026-05-30 16:44:30.321,6,5.19,,512000000
2026-05-30 16:44:30.288,2,1.69,,512000000
2026-05-30 16:44:30.280,2,1.94,,512000000
2026-05-30 16:44:30.274,3,2.44,,512000000
2026-05-30 16:44:30.254,2,1.59,,512000000
2026-05-30 16:44:30.231,2,1.81,,512000000
2026-05-30 16:44:30.230,2,1.65,,512000000
2026-05-30 16:44:30.177,2,1.69,,512000000
2026-05-30 16:44:30.152,2,1.53,,512000000
2026-05-30 16:44:30.144,2,1.72,,512000000
2026-05-30 16:44:30.136,2,1.62,,512000000
2026-05-30 16:44:30.116,2,1.55,,512000000
2026-05-30 16:44:30.100,2,1.7,,512000000
2026-05-30 16:44:30.093,2,1.9,,512000000
2026-05-30 16:44:30.081,2,1.75,,512000000
2026-05-30 16:44:30.075,2,1.8,,512000000
2026-05-30 16:44:30.070,2,1.79,,512000000
2026-05-30 16:44:30.034,2,1.82,,512000000
2026-05-30 16:44:30.026,2,1.75,,512000000
2026-05-30 16:44:30.017,8,7.91,,512000000
2026-05-30 16:44:30.005,2,1.89,,512000000
2026-05-30 16:44:30.005,2,1.56,,512000000
2026-05-30 16:44:30.004,2,1.66,,512000000
2026-05-30 16:44:29.996,2,1.73,,512000000
2026-05-30 16:44:29.983,2,1.95,,512000000
2026-05-30 16:44:29.961,3,2.15,,512000000
2026-05-30 16:44:29.960,3,2.19,,512000000
2026-05-30 16:44:29.925,8,7.51,,512000000
2026-05-30 16:44:29.922,2,1.75,,512000000
2026-05-30 16:44:29.921,2,1.66,,512000000
2026-05-30 16:44:29.905,8,7.64,,512000000
2026-05-30 16:44:29.900,2,1.79,,512000000
2026-05-30 16:44:29.899,2,1.85,,512000000
2026-05-30 16:44:29.879,2,1.98,,512000000
2026-05-30 16:44:29.878,2,1.66,,512000000
2026-05-30 16:44:29.873,2,1.74,,512000000
2026-05-30 16:44:29.869,2,1.7,,512000000
2026-05-30 16:44:29.831,2,1.76,,512000000
2026-05-30 16:44:29.831,12,11.57,,512000000
2026-05-30 16:44:29.821,11,10.63,,512000000
2026-05-30 16:44:29.820,2,1.82,,512000000
2026-05-30 16:44:29.817,2,1.98,,512000000
2026-05-30 16:44:29.814,2,1.84,,512000000
2026-05-30 16:44:29.804,2,1.88,,512000000
2026-05-30 16:44:29.802,2,1.82,,512000000
2026-05-30 16:44:29.795,2,1.93,,512000000
2026-05-30 16:44:29.778,2,1.91,,512000000
2026-05-30 16:44:29.747,2,1.95,,512000000
2026-05-30 16:44:29.745,4,3.92,,512000000
2026-05-30 16:44:29.738,3,2.21,,512000000
2026-05-30 16:44:29.728,24,23.3,,512000000
2026-05-30 16:44:29.726,2,1.97,,512000000
2026-05-30 16:44:29.725,2,1.76,,512000000
2026-05-30 16:44:29.710,3,2.75,,512000000
2026-05-30 16:44:29.697,2,1.64,,512000000
2026-05-30 16:44:29.678,2,1.74,,512000000
2026-05-30 16:44:29.655,2,1.7,,512000000
2026-05-30 16:44:29.648,2,1.83,,512000000
2026-05-30 16:44:29.624,2,1.69,,512000000
2026-05-30 16:44:29.621,2,1.73,,512000000
2026-05-30 16:44:29.605,3,2.41,,512000000
2026-05-30 16:44:29.511,2,1.76,,512000000
2026-05-30 16:44:29.501,2,1.86,,512000000
2026-05-30 16:44:29.500,2,1.73,,512000000
2026-05-30 16:44:29.500,2,1.67,,512000000
2026-05-30 16:44:29.480,2,1.74,,512000000
2026-05-30 16:44:29.472,2,1.83,,512000000
2026-05-30 16:44:29.442,2,1.77,,512000000
2026-05-30 16:44:29.432,2,1.61,,512000000
2026-05-30 16:44:29.398,2,1.77,,512000000
2026-05-30 16:44:29.370,2,1.75,,512000000
2026-05-30 16:44:29.353,2,1.81,,512000000
2026-05-30 16:44:29.351,6,5.67,,512000000
2026-05-30 16:44:29.340,8,7.51,,512000000
2026-05-30 16:44:29.337,2,1.59,,512000000
2026-05-30 16:44:29.334,2,1.77,,512000000
2026-05-30 16:44:29.327,2,1.7,,512000000
2026-05-30 16:44:29.310,5,4,,512000000
2026-05-30 16:44:29.302,3,2.12,,512000000
2026-05-30 16:44:29.287,2,1.83,,512000000
2026-05-30 16:44:29.287,2,1.58,,512000000
2026-05-30 16:44:29.276,3,2.16,,512000000
2026-05-30 16:44:29.275,11,10.21,,512000000
2026-05-30 16:44:29.269,6,5.54,,512000000
2026-05-30 16:44:29.254,3,2.21,,512000000
2026-05-30 16:44:29.244,2,1.71,,512000000
2026-05-30 16:44:29.234,7,6.39,,512000000
2026-05-30 16:44:29.197,21,20.92,,512000000
2026-05-30 16:44:29.190,2,1.79,,512000000
2026-05-30 16:44:29.187,2,1.84,,512000000
2026-05-30 16:44:29.177,25,24.02,,512000000
2026-05-30 16:44:29.156,2,1.8,,512000000
2026-05-30 16:44:29.138,2,1.81,,512000000
2026-05-30 16:44:29.131,3,2.18,,512000000
2026-05-30 16:44:29.131,2,1.72,,512000000
2026-05-30 16:44:29.125,2,1.78,,512000000
2026-05-30 16:44:29.107,3,2.35,,512000000
2026-05-30 16:44:29.097,26,25.71,,512000000
2026-05-30 16:44:29.092,2,1.87,,512000000
2026-05-30 16:44:29.086,3,2.92,,512000000
2026-05-30 16:44:29.075,2,1.89,,512000000
2026-05-30 16:44:29.064,2,1.7,,512000000
2026-05-30 16:44:29.031,2,1.75,,512000000
2026-05-30 16:44:29.031,2,1.62,,512000000
2026-05-30 16:44:29.021,2,1.46,,512000000
2026-05-30 16:44:29.014,2,1.72,,512000000
2026-05-30 16:44:29.012,2,1.78,,512000000
2026-05-30 16:44:28.997,3,2.19,,512000000
2026-05-30 16:44:28.990,2,1.71,,512000000
2026-05-30 16:44:28.985,3,2.14,,512000000
2026-05-30 16:44:28.972,2,1.76,,512000000
2026-05-30 16:44:28.958,2,1.82,,512000000
2026-05-30 16:44:28.949,2,1.7,,512000000
2026-05-30 16:44:28.939,2,1.99,,512000000
2026-05-30 16:44:28.925,2,1.92,,512000000
2026-05-30 16:44:28.894,2,1.91,,512000000
2026-05-30 16:44:28.892,2,1.75,,512000000
2026-05-30 16:44:28.877,2,1.75,,512000000
2026-05-30 16:44:28.877,2,1.84,,512000000
2026-05-30 16:44:28.863,2,1.67,,512000000
2026-05-30 16:44:28.860,2,1.8,,512000000
2026-05-30 16:44:28.845,2,1.79,,512000000
2026-05-30 16:44:28.838,3,2.07,,512000000
2026-05-30 16:44:28.828,2,1.69,,512000000
2026-05-30 16:44:28.819,2,1.78,,512000000
2026-05-30 16:44:28.810,2,1.87,,512000000
2026-05-30 16:44:28.797,12,11.05,,512000000
2026-05-30 16:44:28.758,2,1.8,,512000000
2026-05-30 16:44:28.750,2,1.95,,512000000
2026-05-30 16:44:28.726,2,1.93,,512000000
2026-05-30 16:44:28.710,2,1.79,,512000000
2026-05-30 16:44:28.709,2,1.74,,512000000
2026-05-30 16:44:28.708,2,1.93,,512000000
2026-05-30 16:44:28.707,2,1.66,,512000000
2026-05-30 16:44:28.703,5,4.3,,512000000
2026-05-30 16:44:28.701,2,1.75,,512000000
2026-05-30 16:44:28.689,2,1.79,,512000000
2026-05-30 16:44:28.661,2,1.81,,512000000
2026-05-30 16:44:28.661,2,1.7,,512000000
2026-05-30 16:44:28.655,2,1.81,,512000000
2026-05-30 16:44:28.652,2,1.69,,512000000
2026-05-30 16:44:28.639,3,2.14,,512000000
2026-05-30 16:44:28.623,2,1.78,,512000000
2026-05-30 16:44:28.620,3,2.55,,512000000
2026-05-30 16:44:28.620,2,1.92,,512000000
2026-05-30 16:44:28.607,2,1.92,,512000000
2026-05-30 16:44:28.602,2,1.92,,512000000
2026-05-30 16:44:28.567,2,1.84,,512000000
2026-05-30 16:44:28.562,2,1.96,,512000000
2026-05-30 16:44:28.561,2,1.73,,512000000
2026-05-30 16:44:28.559,3,2.2,,512000000
2026-05-30 16:44:28.545,3,2.16,,512000000
2026-05-30 16:44:28.543,2,1.84,,512000000
2026-05-30 16:44:28.541,2,1.76,,512000000
2026-05-30 16:44:28.537,2,1.67,,512000000
2026-05-30 16:44:28.525,2,1.75,,512000000
2026-05-30 16:44:28.524,2,1.61,,512000000
2026-05-30 16:44:28.516,2,1.69,,512000000
2026-05-30 16:44:28.514,4,3.57,,512000000
2026-05-30 16:44:28.502,2,1.75,,512000000
2026-05-30 16:44:28.500,2,1.68,,512000000
2026-05-30 16:44:28.493,3,2.76,,512000000
2026-05-30 16:44:28.492,3,2.64,,512000000
2026-05-30 16:44:28.474,2,1.65,,512000000
2026-05-30 16:44:28.467,2,1.56,,512000000
2026-05-30 16:44:28.463,2,1.82,,512000000
2026-05-30 16:44:28.454,2,1.81,,512000000
2026-05-30 16:44:28.443,2,1.67,,512000000
2026-05-30 16:44:28.436,2,1.98,,512000000
2026-05-30 16:44:28.428,2,1.95,,512000000
2026-05-30 16:44:28.421,2,1.93,,512000000
2026-05-30 16:44:28.391,2,1.62,,512000000
2026-05-30 16:44:28.381,2,1.87,,512000000
2026-05-30 16:44:28.369,3,2.45,,512000000
2026-05-30 16:44:28.363,2,1.89,,512000000
2026-05-30 16:44:28.347,2,1.6,,512000000
2026-05-30 16:44:28.337,3,2.18,,512000000
2026-05-30 16:44:28.333,2,1.83,,512000000
2026-05-30 16:44:28.333,2,1.83,,512000000
2026-05-30 16:44:28.298,2,1.83,,512000000
2026-05-30 16:44:28.297,2,1.83,,512000000
2026-05-30 16:44:28.297,2,1.72,,512000000
2026-05-30 16:44:28.269,2,1.7,,512000000
2026-05-30 16:44:28.268,2,1.77,,512000000
2026-05-30 16:44:28.255,2,1.69,,512000000
2026-05-30 16:44:28.253,6,5.6,,512000000
2026-05-30 16:44:28.232,2,1.67,,512000000
2026-05-30 16:44:28.204,3,2.04,,512000000
2026-05-30 16:44:28.171,3,2.08,,512000000
2026-05-30 16:44:28.154,17,16.56,,512000000
2026-05-30 16:44:28.152,2,1.6,,512000000
2026-05-30 16:44:28.106,2,1.77,,512000000
2026-05-30 16:44:28.073,5,4.36,,512000000
2026-05-30 16:44:28.068,23,22.68,,512000000
2026-05-30 16:44:28.066,2,1.55,,512000000
2026-05-30 16:44:28.063,2,1.92,,512000000
2026-05-30 16:44:28.056,2,1.8,,512000000
2026-05-30 16:44:28.038,2,1.92,,512000000
2026-05-30 16:44:28.031,3,2.16,,512000000
2026-05-30 16:44:28.030,2,1.75,,512000000
2026-05-30 16:44:28.028,2,1.83,,512000000
2026-05-30 16:44:27.999,2,1.82,,512000000
2026-05-30 16:44:27.979,2,1.93,,512000000
2026-05-30 16:44:27.976,2,1.88,,512000000
2026-05-30 16:44:27.953,2,1.98,,512000000
2026-05-30 16:44:27.937,3,2.15,,512000000
2026-05-30 16:44:27.934,3,2.12,,512000000
2026-05-30 16:44:27.904,2,1.82,,512000000
2026-05-30 16:44:27.858,2,1.92,,512000000
2026-05-30 16:44:27.854,2,1.71,,512000000
2026-05-30 16:44:27.844,2,1.86,,512000000
2026-05-30 16:44:27.818,2,1.82,,512000000
2026-05-30 16:44:27.804,2,1.75,,512000000
2026-05-30 16:44:27.802,2,1.89,,512000000
2026-05-30 16:44:27.802,2,1.81,,512000000
2026-05-30 16:44:27.793,2,1.97,,512000000
2026-05-30 16:44:27.782,2,1.73,,512000000
2026-05-30 16:44:27.751,3,2.21,,512000000
2026-05-30 16:44:27.750,2,1.73,,512000000
2026-05-30 16:44:27.735,2,1.7,,512000000
2026-05-30 16:44:27.734,11,10.37,,512000000
2026-05-30 16:44:27.728,2,1.86,,512000000
2026-05-30 16:44:27.723,2,1.76,,512000000
2026-05-30 16:44:27.713,3,2.38,,512000000
2026-05-30 16:44:27.680,11,10.25,,512000000
2026-05-30 16:44:27.676,2,1.75,,512000000
2026-05-30 16:44:27.658,8,7.9,,512000000
2026-05-30 16:44:27.642,3,2.04,,512000000
2026-05-30 16:44:27.632,2,1.72,,512000000
2026-05-30 16:44:27.619,6,5.4,,512000000
2026-05-30 16:44:27.597,7,6.17,,512000000
2026-05-30 16:44:27.586,3,2,,512000000
2026-05-30 16:44:27.581,2,1.65,,512000000
2026-05-30 16:44:27.577,2,1.63,,512000000
2026-05-30 16:44:27.570,2,1.79,,512000000
2026-05-30 16:44:27.565,2,1.69,,512000000
2026-05-30 16:44:27.559,2,1.77,,512000000
2026-05-30 16:44:27.545,3,2.08,,512000000
2026-05-30 16:44:27.543,3,2.05,,512000000
2026-05-30 16:44:27.525,3,2,,512000000
2026-05-30 16:44:27.516,2,1.89,,512000000
2026-05-30 16:44:27.510,3,2.25,,512000000
2026-05-30 16:44:27.499,2,1.73,,512000000
2026-05-30 16:44:27.474,2,1.82,,512000000
2026-05-30 16:44:27.470,3,2.19,,512000000
2026-05-30 16:44:27.467,2,1.84,,512000000
2026-05-30 16:44:27.465,3,2.19,,512000000
2026-05-30 16:44:27.432,2,1.99,,512000000
2026-05-30 16:44:27.427,12,11.45,,512000000
2026-05-30 16:44:27.415,2,1.82,,512000000
2026-05-30 16:44:27.413,19,18.17,,512000000
2026-05-30 16:44:27.397,2,1.95,,512000000
2026-05-30 16:44:27.376,2,1.83,,512000000
2026-05-30 16:44:27.371,9,8.08,,512000000
2026-05-30 16:44:27.371,2,1.8,,512000000
2026-05-30 16:44:27.363,3,2.22,,512000000
2026-05-30 16:44:27.361,2,1.8,,512000000
2026-05-30 16:44:27.356,2,1.94,,512000000
2026-05-30 16:44:27.328,19,18.23,,512000000
2026-05-30 16:44:27.307,2,1.67,,512000000
2026-05-30 16:44:27.303,3,2.04,,512000000
2026-05-30 16:44:27.290,2,1.96,,512000000
2026-05-30 16:44:27.281,2,1.88,,512000000
2026-05-30 16:44:27.269,3,2.15,,512000000
2026-05-30 16:44:27.264,2,1.73,,512000000
2026-05-30 16:44:27.259,2,1.75,,512000000
2026-05-30 16:44:27.235,3,2.82,,512000000
2026-05-30 16:44:27.229,2,1.8,,512000000
2026-05-30 16:44:27.227,2,1.82,,512000000
2026-05-30 16:44:27.210,2,1.99,,512000000
2026-05-30 16:44:27.201,2,1.93,,512000000
2026-05-30 16:44:27.177,2,1.91,,512000000
2026-05-30 16:44:27.177,3,2.09,,512000000
2026-05-30 16:44:27.163,4,3.51,,512000000
2026-05-30 16:44:27.162,3,2.05,,512000000
2026-05-30 16:44:27.161,2,1.66,,512000000
2026-05-30 16:44:27.159,2,1.73,,512000000
2026-05-30 16:44:27.136,2,1.75,,512000000
2026-05-30 16:44:27.134,2,1.66,,512000000
2026-05-30 16:44:27.116,2,1.88,,512000000
2026-05-30 16:44:27.095,6,5.56,,512000000
2026-05-30 16:44:27.079,2,1.83,,512000000
2026-05-30 16:44:27.054,6,5.03,,512000000
2026-05-30 16:44:27.054,2,1.77,,512000000
2026-05-30 16:44:27.042,2,1.71,,512000000
2026-05-30 16:44:27.039,2,1.61,,512000000
2026-05-30 16:44:27.021,2,1.86,,512000000
2026-05-30 16:44:27.016,2,1.67,,512000000
2026-05-30 16:44:26.987,6,5.05,,512000000
2026-05-30 16:44:26.985,5,4.85,,512000000
2026-05-30 16:44:26.982,2,1.74,,512000000
2026-05-30 16:44:26.976,2,1.85,,512000000
2026-05-30 16:44:26.974,8,7.11,,512000000
2026-05-30 16:44:26.969,2,1.7,,512000000
2026-05-30 16:44:26.955,4,3.59,,512000000
2026-05-30 16:44:26.947,2,1.73,,512000000
2026-05-30 16:44:26.934,2,1.9,,512000000
2026-05-30 16:44:26.925,2,1.88,,512000000
2026-05-30 16:44:26.898,2,1.72,,512000000
2026-05-30 16:44:26.895,6,5.22,,512000000
2026-05-30 16:44:26.883,6,5.09,,512000000
2026-05-30 16:44:26.875,2,1.61,,512000000
2026-05-30 16:44:26.851,8,7.7,,512000000
2026-05-30 16:44:26.840,2,1.66,,512000000
2026-05-30 16:44:26.836,3,2.11,,512000000
2026-05-30 16:44:26.828,3,2.04,,512000000
2026-05-30 16:44:26.824,2,1.79,,512000000
2026-05-30 16:44:26.813,2,1.81,,512000000
2026-05-30 16:44:26.787,2,1.82,,512000000
2026-05-30 16:44:26.783,2,1.96,,512000000
2026-05-30 16:44:26.768,2,1.71,,512000000
2026-05-30 16:44:26.767,2,1.68,,512000000
2026-05-30 16:44:26.763,3,2.22,,512000000
2026-05-30 16:44:26.743,2,1.81,,512000000
2026-05-30 16:44:26.742,2,1.69,,512000000
2026-05-30 16:44:26.739,4,3.35,,512000000
2026-05-30 16:44:26.710,2,1.74,,512000000
2026-05-30 16:44:26.710,3,2.07,,512000000
2026-05-30 16:44:26.704,2,1.85,,512000000
2026-05-30 16:44:26.693,3,2.18,,512000000
2026-05-30 16:44:26.668,3,2.12,,512000000
2026-05-30 16:44:26.667,3,2.21,,512000000
2026-05-30 16:44:26.662,2,1.7,,512000000
2026-05-30 16:44:26.653,13,12.12,,512000000
2026-05-30 16:44:26.634,2,1.97,,512000000
2026-05-30 16:44:26.625,3,2.26,,512000000
2026-05-30 16:44:26.624,2,1.72,,512000000
2026-05-30 16:44:26.623,3,2.27,,512000000
2026-05-30 16:44:26.597,2,1.76,,512000000
2026-05-30 16:44:26.596,2,1.79,,512000000
2026-05-30 16:44:26.581,2,1.72,,512000000
2026-05-30 16:44:26.578,2,1.48,,512000000
2026-05-30 16:44:26.568,2,1.84,,512000000
2026-05-30 16:44:26.561,2,1.34,,512000000
2026-05-30 16:44:26.558,5,4.86,,512000000
2026-05-30 16:44:26.555,3,2.14,,512000000
2026-05-30 16:44:26.553,2,1.86,,512000000
2026-05-30 16:44:26.537,2,1.82,,512000000
2026-05-30 16:44:26.528,2,1.68,,512000000
2026-05-30 16:44:26.526,2,1.68,,512000000
2026-05-30 16:44:26.514,2,1.91,,512000000
2026-05-30 16:44:26.512,4,3.87,,512000000
2026-05-30 16:44:26.502,4,3.14,,512000000
2026-05-30 16:44:26.496,2,1.94,,512000000
2026-05-30 16:44:26.495,2,1.7,,512000000
2026-05-30 16:44:26.490,3,2.33,,512000000
2026-05-30 16:44:26.471,2,1.83,,512000000
2026-05-30 16:44:26.449,2,1.5,,512000000
2026-05-30 16:44:26.441,2,1.85,,512000000
2026-05-30 16:44:26.440,2,1.71,,512000000
2026-05-30 16:44:26.439,2,1.89,,512000000
2026-05-30 16:44:26.417,3,2.37,,512000000
2026-05-30 16:44:26.415,10,9.2,,512000000
2026-05-30 16:44:26.398,2,1.92,,512000000
2026-05-30 16:44:26.372,2,1.79,,512000000
2026-05-30 16:44:26.357,13,12.62,,512000000
2026-05-30 16:44:26.353,2,1.81,,512000000
2026-05-30 16:44:26.310,3,2.07,,512000000
2026-05-30 16:44:26.291,3,2.08,,512000000
2026-05-30 16:44:26.289,2,1.84,,512000000
2026-05-30 16:44:26.270,2,1.97,,512000000
2026-05-30 16:44:26.266,3,2.04,,512000000
2026-05-30 16:44:26.250,2,1.7,,512000000
2026-05-30 16:44:26.245,2,1.93,,512000000
2026-05-30 16:44:26.236,2,1.85,,512000000
2026-05-30 16:44:26.214,2,1.99,,512000000
2026-05-30 16:44:26.211,2,1.71,,512000000
2026-05-30 16:44:26.203,2,1.61,,512000000
2026-05-30 16:44:26.180,2,1.78,,512000000
2026-05-30 16:44:26.171,3,2.22,,512000000
2026-05-30 16:44:26.157,2,1.75,,512000000
2026-05-30 16:44:26.155,2,1.71,,512000000
2026-05-30 16:44:26.147,2,1.81,,512000000
2026-05-30 16:44:26.103,2,1.78,,512000000
2026-05-30 16:44:26.094,2,1.89,,512000000
2026-05-30 16:44:26.036,2,1.77,,512000000
2026-05-30 16:44:26.033,2,1.82,,512000000
2026-05-30 16:44:25.991,2,1.83,,512000000
2026-05-30 16:44:25.983,2,1.92,,512000000
2026-05-30 16:44:25.979,2,1.76,,512000000
2026-05-30 16:44:25.971,2,1.75,,512000000
2026-05-30 16:44:25.969,2,1.83,,512000000
2026-05-30 16:44:25.927,2,1.7,,512000000
2026-05-30 16:44:25.926,2,1.73,,512000000
2026-05-30 16:44:25.922,4,3.08,,512000000
2026-05-30 16:44:25.906,2,1.66,,512000000
2026-05-30 16:44:25.899,2,1.97,,512000000
2026-05-30 16:44:25.880,2,1.8,,512000000
2026-05-30 16:44:25.878,2,1.85,,512000000
2026-05-30 16:44:25.876,2,1.72,,512000000
2026-05-30 16:44:25.872,2,1.7,,512000000
2026-05-30 16:44:25.867,2,1.73,,512000000
2026-05-30 16:44:25.848,2,1.73,,512000000
2026-05-30 16:44:25.844,2,1.79,,512000000
2026-05-30 16:44:25.842,2,1.73,,512000000
2026-05-30 16:44:25.820,2,1.98,,512000000
2026-05-30 16:44:25.820,2,1.75,,512000000
2026-05-30 16:44:25.798,2,1.77,,512000000
2026-05-30 16:44:25.792,29,28.89,,512000000
2026-05-30 16:44:25.774,2,1.73,,512000000
2026-05-30 16:44:25.773,2,1.72,,512000000
2026-05-30 16:44:25.766,2,1.94,,512000000
2026-05-30 16:44:25.762,9,8.79,,512000000
2026-05-30 16:44:25.749,2,1.99,,512000000
2026-05-30 16:44:25.747,2,1.74,,512000000
2026-05-30 16:44:25.725,2,1.91,,512000000
2026-05-30 16:44:25.721,2,1.7,,512000000
2026-05-30 16:44:25.705,2,1.73,,512000000
2026-05-30 16:44:25.694,2,1.85,,512000000
2026-05-30 16:44:25.692,2,1.83,,512000000
2026-05-30 16:44:25.687,2,1.73,,512000000
2026-05-30 16:44:25.680,2,1.57,,512000000
2026-05-30 16:44:25.674,2,1.57,,512000000
2026-05-30 16:44:25.661,2,1.75,,512000000
2026-05-30 16:44:25.652,2,1.76,,512000000
2026-05-30 16:44:25.640,2,1.74,,512000000
2026-05-30 16:44:25.640,2,1.86,,512000000
2026-05-30 16:44:25.593,3,2,,512000000
2026-05-30 16:44:25.583,2,1.35,,512000000
2026-05-30 16:44:25.578,3,2.05,,512000000
2026-05-30 16:44:25.577,2,1.71,,512000000
2026-05-30 16:44:25.571,2,1.83,,512000000
2026-05-30 16:44:25.571,2,1.73,,512000000
2026-05-30 16:44:25.553,3,2.02,,512000000
2026-05-30 16:44:25.542,2,1.77,,512000000
2026-05-30 16:44:25.539,2,1.72,,512000000
2026-05-30 16:44:25.522,2,1.84,,512000000
2026-05-30 16:44:25.508,3,2.95,,512000000
2026-05-30 16:44:25.490,2,1.7,,512000000
2026-05-30 16:44:25.490,2,1.82,,512000000
2026-05-30 16:44:25.476,2,1.63,,512000000
2026-05-30 16:44:25.475,2,1.74,,512000000
2026-05-30 16:44:25.458,2,1.7,,512000000
2026-05-30 16:44:25.451,7,6.83,,512000000
2026-05-30 16:44:25.434,2,1.73,,512000000
2026-05-30 16:44:25.431,2,1.77,,512000000
2026-05-30 16:44:25.410,2,1.62,,512000000
2026-05-30 16:44:25.397,2,1.73,,512000000
2026-05-30 16:44:25.367,2,1.85,,512000000
2026-05-30 16:44:25.366,3,2.13,,512000000
2026-05-30 16:44:25.343,3,2.1,,512000000
2026-05-30 16:44:25.335,6,5.9,,512000000
2026-05-30 16:44:25.312,2,1.76,,512000000
2026-05-30 16:44:25.310,2,1.81,,512000000
2026-05-30 16:44:25.255,3,2.15,,512000000
2026-05-30 16:44:25.250,2,1.91,,512000000
2026-05-30 16:44:25.235,2,1.78,,512000000
2026-05-30 16:44:25.234,2,1.85,,512000000
2026-05-30 16:44:25.232,2,1.79,,512000000
2026-05-30 16:44:25.207,2,1.75,,512000000
2026-05-30 16:44:25.205,3,2.05,,512000000
2026-05-30 16:44:25.195,2,1.97,,512000000
2026-05-30 16:44:25.181,2,1.72,,512000000
2026-05-30 16:44:25.179,2,1.91,,512000000
2026-05-30 16:44:25.119,2,1.81,,512000000
2026-05-30 16:44:25.118,3,2.29,,512000000
2026-05-30 16:44:25.104,2,1.83,,512000000
2026-05-30 16:44:25.090,3,2.28,,512000000
2026-05-30 16:44:25.073,3,2.5,,512000000
2026-05-30 16:44:25.070,2,1.75,,512000000
2026-05-30 16:44:25.062,2,1.79,,512000000
2026-05-30 16:44:25.054,2,1.76,,512000000
2026-05-30 16:44:25.052,2,1.74,,512000000
2026-05-30 16:44:25.043,2,1.61,,512000000
2026-05-30 16:44:25.035,22,21.96,,512000000
2026-05-30 16:44:25.033,2,1.91,,512000000
2026-05-30 16:44:25.031,12,11.6,,512000000
2026-05-30 16:44:25.019,3,2.05,,512000000
2026-05-30 16:44:25.018,2,1.71,,512000000
2026-05-30 16:44:25.013,25,24.52,,512000000
2026-05-30 16:44:25.007,2,1.84,,512000000
2026-05-30 16:44:25.007,2,1.82,,512000000
2026-05-30 16:44:24.987,3,2.39,,512000000
2026-05-30 16:44:24.986,2,1.73,,512000000
2026-05-30 16:44:24.938,3,2.1,,512000000
2026-05-30 16:44:24.905,3,2.16,,512000000
2026-05-30 16:44:24.890,8,7.59,,512000000
2026-05-30 16:44:24.875,2,1.77,,512000000
2026-05-30 16:44:24.869,2,1.66,,512000000
2026-05-30 16:44:24.869,2,1.93,,512000000
2026-05-30 16:44:24.859,2,1.82,,512000000
2026-05-30 16:44:24.858,2,1.99,,512000000
2026-05-30 16:44:24.845,2,1.97,,512000000
2026-05-30 16:44:24.835,2,1.92,,512000000
2026-05-30 16:44:24.806,7,6.89,,512000000
2026-05-30 16:44:24.805,2,1.76,,512000000
2026-05-30 16:44:24.793,3,2.17,,512000000
2026-05-30 16:44:24.787,26,25.43,,512000000
2026-05-30 16:44:24.772,2,1.84,,512000000
2026-05-30 16:44:24.764,2,1.97,,512000000
2026-05-30 16:44:24.737,2,1.89,,512000000
2026-05-30 16:44:24.734,2,1.73,,512000000
2026-05-30 16:44:24.723,2,1.98,,512000000
2026-05-30 16:44:24.715,2,1.89,,512000000
2026-05-30 16:44:24.699,2,1.76,,512000000
2026-05-30 16:44:24.698,2,1.69,,512000000
2026-05-30 16:44:24.671,3,2.06,,512000000
2026-05-30 16:44:24.664,7,6.3,,512000000
2026-05-30 16:44:24.650,2,1.92,,512000000
2026-05-30 16:44:24.628,2,1.94,,512000000
2026-05-30 16:44:24.611,3,2.01,,512000000
2026-05-30 16:44:24.610,2,1.75,,512000000
2026-05-30 16:44:24.605,2,1.87,,512000000
2026-05-30 16:44:24.600,4,3.17,,512000000
2026-05-30 16:44:24.592,2,1.92,,512000000
2026-05-30 16:44:24.582,5,4.02,,512000000
2026-05-30 16:44:24.578,2,1.65,,512000000
2026-05-30 16:44:24.573,2,1.63,,512000000
2026-05-30 16:44:24.560,3,2.01,,512000000
2026-05-30 16:44:24.558,2,1.74,,512000000
2026-05-30 16:44:24.535,2,1.94,,512000000
2026-05-30 16:44:24.534,2,1.68,,512000000
2026-05-30 16:44:24.527,2,1.93,,512000000
2026-05-30 16:44:24.524,27,26.77,,512000000
2026-05-30 16:44:24.517,3,2.19,,512000000
2026-05-30 16:44:24.496,2,1.89,,512000000
2026-05-30 16:44:24.482,2,1.71,,512000000
2026-05-30 16:44:24.470,2,1.69,,512000000
2026-05-30 16:44:24.460,2,1.71,,512000000
2026-05-30 16:44:24.459,2,1.91,,512000000
2026-05-30 16:44:24.459,3,2.02,,512000000
2026-05-30 16:44:24.458,2,1.88,,512000000
2026-05-30 16:44:24.456,4,3.46,,512000000
2026-05-30 16:44:24.455,2,1.52,,512000000
2026-05-30 16:44:24.451,2,1.67,,512000000
2026-05-30 16:44:24.447,2,1.99,,512000000
2026-05-30 16:44:24.441,2,1.6,,512000000
2026-05-30 16:44:24.439,2,1.59,,512000000
2026-05-30 16:44:24.432,3,2.04,,512000000
2026-05-30 16:44:24.427,2,1.62,,512000000
2026-05-30 16:44:24.425,2,1.65,,512000000
2026-05-30 16:44:24.414,2,1.66,,512000000
2026-05-30 16:44:24.374,2,1.77,,512000000
2026-05-30 16:44:24.341,2,1.68,,512000000
2026-05-30 16:44:24.309,2,1.91,,512000000
2026-05-30 16:44:24.306,3,2.05,,512000000
2026-05-30 16:44:24.299,3,2.12,,512000000
2026-05-30 16:44:24.299,2,1.85,,512000000
2026-05-30 16:44:24.274,2,1.85,,512000000
2026-05-30 16:44:24.253,2,1.7,,512000000
2026-05-30 16:44:24.234,2,1.63,,512000000
2026-05-30 16:44:24.234,5,4.81,,512000000
2026-05-30 16:44:24.224,2,1.79,,512000000
2026-05-30 16:44:24.221,2,1.9,,512000000
2026-05-30 16:44:24.196,2,1.83,,512000000
2026-05-30 16:44:24.180,2,1.62,,512000000
2026-05-30 16:44:24.175,2,1.89,,512000000
2026-05-30 16:44:24.170,2,1.77,,512000000
2026-05-30 16:44:24.166,2,1.58,,512000000
2026-05-30 16:44:24.154,2,1.87,,512000000
2026-05-30 16:44:24.142,2,1.7,,512000000
2026-05-30 16:44:24.139,2,1.85,,512000000
2026-05-30 16:44:24.068,2,1.83,,512000000
2026-05-30 16:44:24.056,3,2.12,,512000000
2026-05-30 16:44:24.052,2,1.78,,512000000
2026-05-30 16:44:24.034,3,2.14,,512000000
2026-05-30 16:44:24.030,2,1.83,,512000000
2026-05-30 16:44:24.010,2,1.93,,512000000
2026-05-30 16:44:23.994,2,1.79,,512000000
2026-05-30 16:44:23.992,6,5.03,,512000000
2026-05-30 16:44:23.977,2,1.77,,512000000
2026-05-30 16:44:23.975,2,1.65,,512000000
2026-05-30 16:44:23.967,19,18.61,,512000000
2026-05-30 16:44:23.965,2,1.62,,512000000
2026-05-30 16:44:23.945,2,1.63,,512000000
2026-05-30 16:44:23.935,3,2.25,,512000000
2026-05-30 16:44:23.933,2,1.97,,512000000
2026-05-30 16:44:23.924,2,1.72,,512000000
2026-05-30 16:44:23.922,2,1.88,,512000000
2026-05-30 16:44:23.906,2,1.86,,512000000
2026-05-30 16:44:23.892,2,1.8,,512000000
2026-05-30 16:44:23.887,3,2.03,,512000000
2026-05-30 16:44:23.876,3,2.88,,512000000
2026-05-30 16:44:23.870,2,1.82,,512000000
2026-05-30 16:44:23.869,2,1.78,,512000000
2026-05-30 16:44:23.863,2,1.82,,512000000
2026-05-30 16:44:23.846,2,1.73,,512000000
2026-05-30 16:44:23.827,3,2.63,,512000000
2026-05-30 16:44:23.822,3,2.07,,512000000
2026-05-30 16:44:23.805,2,1.75,,512000000
2026-05-30 16:44:23.799,3,2.54,,512000000
2026-05-30 16:44:23.797,2,1.99,,512000000
2026-05-30 16:44:23.790,2,1.92,,512000000
2026-05-30 16:44:23.786,2,1.71,,512000000
2026-05-30 16:44:23.773,13,12.46,,512000000
2026-05-30 16:44:23.753,2,1.76,,512000000
2026-05-30 16:44:23.735,5,4.74,,512000000
2026-05-30 16:44:23.733,35,34.53,,512000000
2026-05-30 16:44:23.719,2,1.68,,512000000
2026-05-30 16:44:23.696,2,1.74,,512000000
2026-05-30 16:44:23.684,2,1.67,,512000000
2026-05-30 16:44:23.681,2,1.86,,512000000
2026-05-30 16:44:23.655,2,1.72,,512000000
2026-05-30 16:44:23.643,3,2.19,,512000000
2026-05-30 16:44:23.641,2,2,,512000000
2026-05-30 16:44:23.633,11,10.1,,512000000
2026-05-30 16:44:23.582,3,2.4,,512000000
2026-05-30 16:44:23.570,2,1.83,,512000000
2026-05-30 16:44:23.548,3,2.08,,512000000
2026-05-30 16:44:23.539,2,1.59,,512000000
2026-05-30 16:44:23.536,2,1.71,,512000000
2026-05-30 16:44:23.532,9,8.2,,512000000
2026-05-30 16:44:23.523,3,2,,512000000
2026-05-30 16:44:23.522,2,1.9,,512000000
2026-05-30 16:44:23.517,2,1.71,,512000000
2026-05-30 16:44:23.513,3,2.02,,512000000
2026-05-30 16:44:23.509,2,1.95,,512000000
2026-05-30 16:44:23.507,2,1.55,,512000000
2026-05-30 16:44:23.489,2,1.81,,512000000
2026-05-30 16:44:23.488,2,1.82,,512000000
2026-05-30 16:44:23.472,2,1.86,,512000000
2026-05-30 16:44:23.454,2,1.71,,512000000
2026-05-30 16:44:23.416,3,2.28,,512000000
2026-05-30 16:44:23.414,3,2.9,,512000000
2026-05-30 16:44:23.413,7,6.95,,512000000
2026-05-30 16:44:23.398,2,1.88,,512000000
2026-05-30 16:44:23.394,2,1.8,,512000000
2026-05-30 16:44:23.391,3,2.19,,512000000
2026-05-30 16:44:23.384,2,1.8,,512000000
2026-05-30 16:44:23.383,2,1.93,,512000000
2026-05-30 16:44:23.378,3,2.06,,512000000
2026-05-30 16:44:23.326,2,1.91,,512000000
2026-05-30 16:44:23.321,3,2.09,,512000000
2026-05-30 16:44:23.313,2,1.7,,512000000
2026-05-30 16:44:23.308,3,2.2,,512000000
2026-05-30 16:44:23.291,2,1.85,,512000000
2026-05-30 16:44:23.290,2,1.88,,512000000
2026-05-30 16:44:23.288,3,2.25,,512000000
2026-05-30 16:44:23.287,8,7.54,,512000000
2026-05-30 16:44:23.283,2,1.82,,512000000
2026-05-30 16:44:23.283,2,1.66,,512000000
2026-05-30 16:44:23.270,17,16.95,,512000000
2026-05-30 16:44:23.265,2,1.82,,512000000
2026-05-30 16:44:23.264,2,1.59,,512000000
2026-05-30 16:44:23.253,3,2.15,,512000000
2026-05-30 16:44:23.249,2,1.91,,512000000
2026-05-30 16:44:23.237,2,1.86,,512000000
2026-05-30 16:44:23.226,16,15.84,,512000000
2026-05-30 16:44:23.218,2,1.78,,512000000
2026-05-30 16:44:23.217,2,1.75,,512000000
2026-05-30 16:44:23.188,2,1.92,,512000000
2026-05-30 16:44:23.175,2,1.88,,512000000
2026-05-30 16:44:23.172,2,1.84,,512000000
2026-05-30 16:44:23.167,2,2,,512000000
2026-05-30 16:44:23.157,2,1.88,,512000000
2026-05-30 16:44:23.153,6,5.89,,512000000
2026-05-30 16:44:23.134,3,2.12,,512000000
2026-05-30 16:44:23.125,2,1.63,,512000000
2026-05-30 16:44:23.116,2,1.79,,512000000
2026-05-30 16:44:23.114,7,6.25,,512000000
2026-05-30 16:44:23.079,2,1.76,,512000000
2026-05-30 16:44:23.059,2,1.81,,512000000
2026-05-30 16:44:23.040,2,1.84,,512000000
2026-05-30 16:44:23.014,2,1.85,,512000000
2026-05-30 16:44:23.014,10,9.65,,512000000
2026-05-30 16:44:23.005,2,1.72,,512000000
2026-05-30 16:44:23.004,2,1.98,,512000000
2026-05-30 16:44:22.996,2,1.78,,512000000
2026-05-30 16:44:22.995,5,4.28,,512000000
2026-05-30 16:44:22.993,2,1.76,,512000000
2026-05-30 16:44:22.989,2,1.72,,512000000
2026-05-30 16:44:22.987,2,1.81,,512000000
2026-05-30 16:44:22.964,3,2.13,,512000000
2026-05-30 16:44:22.945,2,1.88,,512000000
2026-05-30 16:44:22.921,2,1.99,,512000000
2026-05-30 16:44:22.915,2,1.88,,512000000
2026-05-30 16:44:22.893,2,1.94,,512000000
2026-05-30 16:44:22.880,2,1.87,,512000000
2026-05-30 16:44:22.876,14,13.85,,512000000
2026-05-30 16:44:22.855,2,1.91,,512000000
2026-05-30 16:44:22.854,2,1.8,,512000000
2026-05-30 16:44:22.853,2,1.69,,512000000
2026-05-30 16:44:22.853,2,1.67,,512000000
2026-05-30 16:44:22.841,2,1.91,,512000000
2026-05-30 16:44:22.836,2,1.76,,512000000
2026-05-30 16:44:22.778,2,1.87,,512000000
2026-05-30 16:44:22.775,8,7.51,,512000000
2026-05-30 16:44:22.773,2,1.88,,512000000
2026-05-30 16:44:22.757,2,1.79,,512000000
2026-05-30 16:44:22.752,2,1.75,,512000000
2026-05-30 16:44:22.747,2,1.84,,512000000
2026-05-30 16:44:22.739,2,1.81,,512000000
2026-05-30 16:44:22.725,3,2.16,,512000000
2026-05-30 16:44:22.715,8,7.19,,512000000
2026-05-30 16:44:22.700,2,1.7,,512000000
2026-05-30 16:44:22.696,2,1.83,,512000000
2026-05-30 16:44:22.694,23,22.08,,512000000
2026-05-30 16:44:22.692,3,2.09,,512000000
2026-05-30 16:44:22.673,3,2.02,,512000000
2026-05-30 16:44:22.649,2,1.61,,512000000
2026-05-30 16:44:22.632,6,5.56,,512000000
2026-05-30 16:44:22.616,2,1.85,,512000000
2026-05-30 16:44:22.605,7,6.17,,512000000
2026-05-30 16:44:22.597,2,1.71,,512000000
2026-05-30 16:44:22.578,2,1.79,,512000000
2026-05-30 16:44:22.568,2,1.93,,512000000
2026-05-30 16:44:22.565,3,2.07,,512000000
2026-05-30 16:44:22.564,2,1.58,,512000000
2026-05-30 16:44:22.561,2,1.9,,512000000
2026-05-30 16:44:22.501,2,1.89,,512000000
2026-05-30 16:44:22.481,2,1.77,,512000000
2026-05-30 16:44:22.478,2,1.8,,512000000
2026-05-30 16:44:22.475,2,1.75,,512000000
2026-05-30 16:44:22.458,2,1.79,,512000000
2026-05-30 16:44:22.448,9,8.73,,512000000
2026-05-30 16:44:22.442,2,1.94,,512000000
2026-05-30 16:44:22.426,3,2.23,,512000000
2026-05-30 16:44:22.415,2,1.92,,512000000
2026-05-30 16:44:22.402,13,12.11,,512000000
2026-05-30 16:44:22.398,2,1.83,,512000000
2026-05-30 16:44:22.389,2,1.84,,512000000
2026-05-30 16:44:22.377,3,2.08,,512000000
2026-05-30 16:44:22.368,9,8.03,,512000000
2026-05-30 16:44:22.352,2,1.9,,512000000
2026-05-30 16:44:22.348,2,1.63,,512000000
2026-05-30 16:44:22.335,2,1.57,,512000000
2026-05-30 16:44:22.308,2,1.71,,512000000
2026-05-30 16:44:22.284,2,1.94,,512000000
2026-05-30 16:44:22.269,2,1.69,,512000000
2026-05-30 16:44:22.238,2,1.77,,512000000
2026-05-30 16:44:22.233,3,2.28,,512000000
2026-05-30 16:44:22.221,2,1.69,,512000000
2026-05-30 16:44:22.204,2,1.74,,512000000
2026-05-30 16:44:22.194,17,16.68,,512000000
2026-05-30 16:44:22.194,3,2.39,,512000000
2026-05-30 16:44:22.188,2,1.86,,512000000
2026-05-30 16:44:22.149,3,2.19,,512000000
2026-05-30 16:44:22.146,3,2.69,,512000000
2026-05-30 16:44:22.116,3,2.07,,512000000
2026-05-30 16:44:22.112,7,6.88,,512000000
2026-05-30 16:44:22.103,2,1.79,,512000000
2026-05-30 16:44:22.099,3,2.8,,512000000
2026-05-30 16:44:22.098,9,8.96,,512000000
2026-05-30 16:44:22.095,2,1.79,,512000000
2026-05-30 16:44:22.092,5,4.21,,512000000
2026-05-30 16:44:22.087,2,1.76,,512000000
2026-05-30 16:44:22.084,9,8.16,,512000000
2026-05-30 16:44:22.076,2,1.84,,512000000
2026-05-30 16:44:22.074,2,1.87,,512000000
2026-05-30 16:44:22.065,4,3.43,,512000000
2026-05-30 16:44:22.064,2,1.75,,512000000
2026-05-30 16:44:22.052,2,1.8,,512000000
2026-05-30 16:44:22.050,3,2.08,,512000000
2026-05-30 16:44:22.037,6,5.85,,512000000
2026-05-30 16:44:22.021,2,1.64,,512000000
2026-05-30 16:44:22.001,2,1.96,,512000000
2026-05-30 16:44:21.986,2,1.69,,512000000
2026-05-30 16:44:21.975,3,2.64,,512000000
2026-05-30 16:44:21.974,2,1.8,,512000000
2026-05-30 16:44:21.965,2,1.73,,512000000
2026-05-30 16:44:21.960,2,1.88,,512000000
2026-05-30 16:44:21.931,2,1.93,,512000000
2026-05-30 16:44:21.915,3,2.01,,512000000
2026-05-30 16:44:21.908,4,3.35,,512000000
2026-05-30 16:44:21.907,2,1.75,,512000000
2026-05-30 16:44:21.894,3,2.56,,512000000
2026-05-30 16:44:21.882,2,1.96,,512000000
2026-05-30 16:44:21.880,2,1.88,,512000000
2026-05-30 16:44:21.878,3,2.03,,512000000
2026-05-30 16:44:21.870,7,6.76,,512000000
2026-05-30 16:44:21.852,9,8.2,,512000000
2026-05-30 16:44:21.852,11,10.29,,512000000
2026-05-30 16:44:21.848,6,5.97,,512000000
2026-05-30 16:44:21.847,2,1.94,,512000000
2026-05-30 16:44:21.838,2,1.76,,512000000
2026-05-30 16:44:21.813,2,1.7,,512000000
2026-05-30 16:44:21.812,11,10.26,,512000000
2026-05-30 16:44:21.795,2,1.7,,512000000
2026-05-30 16:44:21.781,2,1.8,,512000000
2026-05-30 16:44:21.767,2,1.91,,512000000
2026-05-30 16:44:21.766,2,1.66,,512000000
2026-05-30 16:44:21.765,2,1.85,,512000000
2026-05-30 16:44:21.749,2,1.75,,512000000
2026-05-30 16:44:21.721,2,1.77,,512000000
2026-05-30 16:44:21.716,2,1.85,,512000000
2026-05-30 16:44:21.714,2,1.68,,512000000
2026-05-30 16:44:21.713,2,1.97,,512000000
2026-05-30 16:44:21.700,3,2.05,,512000000
2026-05-30 16:44:21.689,3,2.02,,512000000
2026-05-30 16:44:21.660,3,2.05,,512000000
2026-05-30 16:44:21.631,2,1.83,,512000000
2026-05-30 16:44:21.624,2,1.99,,512000000
2026-05-30 16:44:21.620,2,1.73,,512000000
2026-05-30 16:44:21.616,2,1.8,,512000000
2026-05-30 16:44:21.613,2,1.5,,512000000
2026-05-30 16:44:21.601,3,2.02,,512000000
2026-05-30 16:44:21.590,2,1.43,,512000000
2026-05-30 16:44:21.588,2,1.74,,512000000
2026-05-30 16:44:21.580,2,1.85,,512000000
2026-05-30 16:44:21.565,2,1.81,,512000000
2026-05-30 16:44:21.557,3,2.21,,512000000
2026-05-30 16:44:21.545,2,1.81,,512000000
2026-05-30 16:44:21.543,2,1.77,,512000000
2026-05-30 16:44:21.528,2,1.61,,512000000
2026-05-30 16:44:21.514,2,1.75,,512000000
2026-05-30 16:44:21.502,3,2.27,,512000000
2026-05-30 16:44:21.476,3,2.04,,512000000
2026-05-30 16:44:21.474,3,2.05,,512000000
2026-05-30 16:44:21.463,2,1.79,,512000000
2026-05-30 16:44:21.460,2,1.7,,512000000
2026-05-30 16:44:21.458,2,1.88,,512000000
2026-05-30 16:44:21.455,3,2.39,,512000000
2026-05-30 16:44:21.454,2,1.9,,512000000
2026-05-30 16:44:21.452,2,1.92,,512000000
2026-05-30 16:44:21.452,4,3.12,,512000000
2026-05-30 16:44:21.436,2,1.79,,512000000
2026-05-30 16:44:21.434,2,1.99,,512000000
2026-05-30 16:44:21.425,2,1.73,,512000000
2026-05-30 16:44:21.399,2,1.78,,512000000
2026-05-30 16:44:21.386,2,1.78,,512000000
2026-05-30 16:44:21.368,2,1.92,,512000000
2026-05-30 16:44:21.365,2,1.81,,512000000
2026-05-30 16:44:21.353,9,8.78,,512000000
2026-05-30 16:44:21.346,13,12.57,,512000000
2026-05-30 16:44:21.323,2,1.59,,512000000
2026-05-30 16:44:21.279,3,2.12,,512000000
2026-05-30 16:44:21.250,2,1.82,,512000000
2026-05-30 16:44:21.248,2,1.84,,512000000
2026-05-30 16:44:21.247,4,3.44,,512000000
2026-05-30 16:44:21.233,2,1.76,,512000000
2026-05-30 16:44:21.229,3,2.5,,512000000
2026-05-30 16:44:21.229,2,1.71,,512000000
2026-05-30 16:44:21.226,2,1.71,,512000000
2026-05-30 16:44:21.214,6,5.68,,512000000
2026-05-30 16:44:21.210,2,1.92,,512000000
2026-05-30 16:44:21.202,2,1.98,,512000000
2026-05-30 16:44:21.196,3,2.19,,512000000
2026-05-30 16:44:21.165,2,1.76,,512000000
2026-05-30 16:44:21.162,3,2.09,,512000000
2026-05-30 16:44:21.146,2,1.65,,512000000
2026-05-30 16:44:21.135,17,16.34,,512000000
2026-05-30 16:44:21.134,3,2.02,,512000000
2026-05-30 16:44:21.093,7,6.81,,512000000
2026-05-30 16:44:21.082,3,2.31,,512000000
2026-05-30 16:44:21.079,2,1.63,,512000000
2026-05-30 16:44:21.077,2,1.66,,512000000
2026-05-30 16:44:21.077,2,1.85,,512000000
2026-05-30 16:44:21.073,3,2.12,,512000000
2026-05-30 16:44:21.069,2,1.79,,512000000
2026-05-30 16:44:21.047,4,3.78,,512000000
2026-05-30 16:44:21.038,2,1.77,,512000000
2026-05-30 16:44:21.011,2,1.61,,512000000
2026-05-30 16:44:20.989,2,1.8,,512000000
2026-05-30 16:44:20.953,12,11.82,,512000000
2026-05-30 16:44:20.950,2,1.78,,512000000
2026-05-30 16:44:20.943,2,1.84,,512000000
2026-05-30 16:44:20.923,2,1.7,,512000000
2026-05-30 16:44:20.919,2,1.8,,512000000
2026-05-30 16:44:20.895,2,1.78,,512000000
2026-05-30 16:44:20.892,3,2,,512000000
2026-05-30 16:44:20.892,14,13.8,,512000000
2026-05-30 16:44:20.880,2,1.75,,512000000
2026-05-30 16:44:20.861,2,1.68,,512000000
2026-05-30 16:44:20.852,2,1.85,,512000000
2026-05-30 16:44:20.839,8,7.52,,512000000
2026-05-30 16:44:20.839,2,1.76,,512000000
2026-05-30 16:44:20.834,2,1.92,,512000000
2026-05-30 16:44:20.824,3,2.02,,512000000
2026-05-30 16:44:20.824,2,1.88,,512000000
2026-05-30 16:44:20.816,2,1.9,,512000000
2026-05-30 16:44:20.810,2,1.71,,512000000
2026-05-30 16:44:20.803,2,1.95,,512000000
2026-05-30 16:44:20.797,2,1.68,,512000000
2026-05-30 16:44:20.790,3,2.19,,512000000
2026-05-30 16:44:20.741,2,1.92,,512000000
2026-05-30 16:44:20.733,2,1.87,,512000000
2026-05-30 16:44:20.729,2,1.89,,512000000
2026-05-30 16:44:20.704,2,1.91,,512000000
2026-05-30 16:44:20.699,5,4.01,,512000000
2026-05-30 16:44:20.697,2,1.78,,512000000
2026-05-30 16:44:20.677,2,1.78,,512000000
2026-05-30 16:44:20.666,3,2.6,,512000000
2026-05-30 16:44:20.659,2,1.74,,512000000
2026-05-30 16:44:20.618,2,1.66,,512000000
2026-05-30 16:44:20.575,2,1.92,,512000000
2026-05-30 16:44:20.575,2,1.77,,512000000
2026-05-30 16:44:20.562,2,1.87,,512000000
2026-05-30 16:44:20.551,2,1.91,,512000000
2026-05-30 16:44:20.536,2,1.77,,512000000
2026-05-30 16:44:20.532,3,2.34,,512000000
2026-05-30 16:44:20.522,2,1.8,,512000000
2026-05-30 16:44:20.503,2,1.72,,512000000
2026-05-30 16:44:20.459,2,1.79,,512000000
2026-05-30 16:44:20.445,2,1.74,,512000000
2026-05-30 16:44:20.434,3,2.01,,512000000
2026-05-30 16:44:20.430,2,1.9,,512000000
2026-05-30 16:44:20.425,2,1.74,,512000000
2026-05-30 16:44:20.419,3,2.04,,512000000
2026-05-30 16:44:20.408,7,6.21,,512000000
2026-05-30 16:44:20.390,3,2.17,,512000000
2026-05-30 16:44:20.383,2,1.97,,512000000
2026-05-30 16:44:20.378,2,1.74,,512000000
2026-05-30 16:44:20.352,2,1.91,,512000000
2026-05-30 16:44:20.333,2,1.79,,512000000
2026-05-30 16:44:20.303,49,48.38,,512000000
2026-05-30 16:44:20.297,2,1.87,,512000000
2026-05-30 16:44:20.293,2,1.96,,512000000
2026-05-30 16:44:20.292,2,1.7,,512000000
2026-05-30 16:44:20.290,2,1.65,,512000000
2026-05-30 16:44:20.275,3,2.21,,512000000
2026-05-30 16:44:20.265,2,1.72,,512000000
2026-05-30 16:44:20.264,3,2.07,,512000000
2026-05-30 16:44:20.261,2,1.82,,512000000
2026-05-30 16:44:20.241,2,1.61,,512000000
2026-05-30 16:44:20.228,3,2.32,,512000000
2026-05-30 16:44:20.228,3,2.49,,512000000
2026-05-30 16:44:20.227,2,1.64,,512000000
2026-05-30 16:44:20.215,2,1.97,,512000000
2026-05-30 16:44:20.195,2,1.71,,512000000
2026-05-30 16:44:20.194,3,2.01,,512000000
2026-05-30 16:44:20.186,2,1.93,,512000000
2026-05-30 16:44:20.182,3,2.14,,512000000
2026-05-30 16:44:20.182,2,1.65,,512000000
2026-05-30 16:44:20.155,2,1.87,,512000000
2026-05-30 16:44:20.150,2,1.77,,512000000
2026-05-30 16:44:20.115,2,1.79,,512000000
2026-05-30 16:44:20.112,3,2.21,,512000000
2026-05-30 16:44:20.111,2,1.64,,512000000
2026-05-30 16:44:20.107,2,1.89,,512000000
2026-05-30 16:44:20.106,3,2.49,,512000000
2026-05-30 16:44:20.104,2,1.92,,512000000
2026-05-30 16:44:20.101,2,1.91,,512000000
2026-05-30 16:44:20.093,3,2.06,,512000000
2026-05-30 16:44:20.077,2,1.68,,512000000
2026-05-30 16:44:20.070,3,2.19,,512000000
2026-05-30 16:44:20.069,3,2.08,,512000000
2026-05-30 16:44:20.066,3,2.01,,512000000
2026-05-30 16:44:20.063,2,1.99,,512000000
2026-05-30 16:44:20.053,2,1.78,,512000000
2026-05-30 16:44:20.049,2,1.65,,512000000
2026-05-30 16:44:20.036,2,1.78,,512000000
2026-05-30 16:44:19.999,2,1.8,,512000000
2026-05-30 16:44:19.982,9,8.04,,512000000
2026-05-30 16:44:19.981,2,1.76,,512000000
2026-05-30 16:44:19.976,3,2.19,,512000000
2026-05-30 16:44:19.967,2,1.78,,512000000
2026-05-30 16:44:19.966,2,1.9,,512000000
2026-05-30 16:44:19.963,2,1.84,,512000000
2026-05-30 16:44:19.959,2,1.85,,512000000
2026-05-30 16:44:19.951,2,1.72,,512000000
2026-05-30 16:44:19.943,2,1.79,,512000000
2026-05-30 16:44:19.940,3,2.4,,512000000
2026-05-30 16:44:19.913,3,2.18,,512000000
2026-05-30 16:44:19.907,2,1.53,,512000000
2026-05-30 16:44:19.906,2,1.86,,512000000
2026-05-30 16:44:19.894,2,1.83,,512000000
2026-05-30 16:44:19.874,7,6.67,,512000000
2026-05-30 16:44:19.874,2,1.96,,512000000
2026-05-30 16:44:19.871,3,2.1,,512000000
2026-05-30 16:44:19.866,3,2.35,,512000000
2026-05-30 16:44:19.853,2,1.87,,512000000
2026-05-30 16:44:19.850,3,2.19,,512000000
2026-05-30 16:44:19.844,2,1.62,,512000000
2026-05-30 16:44:19.831,2,1.59,,512000000
2026-05-30 16:44:19.816,7,6.54,,512000000
2026-05-30 16:44:19.796,2,1.75,,512000000
2026-05-30 16:44:19.780,3,2.04,,512000000
2026-05-30 16:44:19.763,3,2.43,,512000000
2026-05-30 16:44:19.753,2,1.63,,512000000
2026-05-30 16:44:19.747,3,2.01,,512000000
2026-05-30 16:44:19.717,7,6.5,,512000000
2026-05-30 16:44:19.710,2,1.9,,512000000
2026-05-30 16:44:19.709,2,1.88,,512000000
2026-05-30 16:44:19.700,2,1.89,,512000000
2026-05-30 16:44:19.700,3,2.02,,512000000
2026-05-30 16:44:19.698,3,2.03,,512000000
2026-05-30 16:44:19.688,2,1.8,,512000000
2026-05-30 16:44:19.686,2,1.83,,512000000
2026-05-30 16:44:19.682,6,5.17,,512000000
2026-05-30 16:44:19.645,2,1.91,,512000000
2026-05-30 16:44:19.629,7,6.09,,512000000
2026-05-30 16:44:19.614,6,5.48,,512000000
2026-05-30 16:44:19.602,2,1.91,,512000000
2026-05-30 16:44:19.594,7,6.66,,512000000
2026-05-30 16:44:19.588,2,1.68,,512000000
2026-05-30 16:44:19.579,2,1.93,,512000000
2026-05-30 16:44:19.570,2,1.92,,512000000
2026-05-30 16:44:19.534,13,12.41,,512000000
2026-05-30 16:44:19.516,2,1.81,,512000000
2026-05-30 16:44:19.493,3,2.85,,512000000
2026-05-30 16:44:19.478,2,1.72,,512000000
2026-05-30 16:44:19.477,3,2.15,,512000000
2026-05-30 16:44:19.470,2,1.74,,512000000
2026-05-30 16:44:19.469,2,1.84,,512000000
2026-05-30 16:44:19.464,2,1.93,,512000000
2026-05-30 16:44:19.452,7,6.5,,512000000
2026-05-30 16:44:19.450,2,1.82,,512000000
2026-05-30 16:44:19.446,2,1.7,,512000000
2026-05-30 16:44:19.439,2,1.96,,512000000
2026-05-30 16:44:19.382,6,5.36,,512000000
2026-05-30 16:44:19.380,2,1.55,,512000000
2026-05-30 16:44:19.372,2,1.96,,512000000
2026-05-30 16:44:19.365,7,6.78,,512000000
2026-05-30 16:44:19.357,2,1.88,,512000000
2026-05-30 16:44:19.342,2,1.96,,512000000
2026-05-30 16:44:19.333,2,1.69,,512000000
2026-05-30 16:44:19.332,2,1.94,,512000000
2026-05-30 16:44:19.320,2,1.71,,512000000
2026-05-30 16:44:19.320,3,2.09,,512000000
2026-05-30 16:44:19.315,2,1.72,,512000000
2026-05-30 16:44:19.300,2,1.74,,512000000
2026-05-30 16:44:19.298,2,1.81,,512000000
2026-05-30 16:44:19.298,13,12.96,,512000000
2026-05-30 16:44:19.279,3,2.16,,512000000
2026-05-30 16:44:19.277,2,1.99,,512000000
2026-05-30 16:44:19.271,15,14.69,,512000000
2026-05-30 16:44:19.268,3,2.09,,512000000
2026-05-30 16:44:19.267,2,1.69,,512000000
2026-05-30 16:44:19.259,2,1.69,,512000000
2026-05-30 16:44:19.258,9,8.89,,512000000
2026-05-30 16:44:19.243,2,1.59,,512000000
2026-05-30 16:44:19.223,2,1.61,,512000000
2026-05-30 16:44:19.197,2,1.82,,512000000
2026-05-30 16:44:19.176,2,1.81,,512000000
2026-05-30 16:44:19.169,2,1.78,,512000000
2026-05-30 16:44:19.114,2,1.93,,512000000
2026-05-30 16:44:19.087,3,2.12,,512000000
2026-05-30 16:44:19.068,2,1.63,,512000000
2026-05-30 16:44:19.046,2,1.86,,512000000
2026-05-30 16:44:19.016,3,2.04,,512000000
2026-05-30 16:44:18.997,2,1.73,,512000000
2026-05-30 16:44:18.967,2,1.78,,512000000
2026-05-30 16:44:18.954,2,1.83,,512000000
2026-05-30 16:44:18.952,14,13.24,,512000000
2026-05-30 16:44:18.949,3,2.12,,512000000
2026-05-30 16:44:18.914,11,10.9,,512000000
2026-05-30 16:44:18.868,2,1.71,,512000000
2026-05-30 16:44:18.863,9,8.6,,512000000
2026-05-30 16:44:18.855,3,2.23,,512000000
2026-05-30 16:44:18.852,12,11.62,,512000000
2026-05-30 16:44:18.833,2,1.85,,512000000
2026-05-30 16:44:18.831,7,6.32,,512000000
2026-05-30 16:44:18.830,3,2.08,,512000000
2026-05-30 16:44:18.816,2,1.79,,512000000
2026-05-30 16:44:18.813,2,1.78,,512000000
2026-05-30 16:44:18.793,2,1.71,,512000000
2026-05-30 16:44:18.788,3,2.14,,512000000
2026-05-30 16:44:18.785,2,1.93,,512000000
2026-05-30 16:44:18.785,2,1.81,,512000000
2026-05-30 16:44:18.783,2,1.9,,512000000
2026-05-30 16:44:18.783,2,1.89,,512000000
2026-05-30 16:44:18.778,2,1.71,,512000000
2026-05-30 16:44:18.757,8,7.42,,512000000
2026-05-30 16:44:18.748,3,2.02,,512000000
2026-05-30 16:44:18.733,5,4.72,,512000000
2026-05-30 16:44:18.730,2,1.75,,512000000
2026-05-30 16:44:18.717,3,2.29,,512000000
2026-05-30 16:44:18.666,3,2.08,,512000000
2026-05-30 16:44:18.640,2,1.94,,512000000
2026-05-30 16:44:18.639,2,1.65,,512000000
2026-05-30 16:44:18.625,2,1.78,,512000000
2026-05-30 16:44:18.623,2,1.93,,512000000
2026-05-30 16:44:18.603,2,1.64,,512000000
2026-05-30 16:44:18.597,2,1.98,,512000000
2026-05-30 16:44:18.593,5,4.73,,512000000
2026-05-30 16:44:18.583,2,1.62,,512000000
2026-05-30 16:44:18.581,2,1.73,,512000000
2026-05-30 16:44:18.569,2,1.86,,512000000
2026-05-30 16:44:18.551,2,1.65,,512000000
2026-05-30 16:44:18.549,2,1.98,,512000000
2026-05-30 16:44:18.547,3,2.06,,512000000
2026-05-30 16:44:18.547,2,1.82,,512000000
2026-05-30 16:44:18.531,3,2.36,,512000000
2026-05-30 16:44:18.517,2,1.73,,512000000
2026-05-30 16:44:18.506,4,3.8,,512000000
2026-05-30 16:44:18.497,10,9.22,,512000000
2026-05-30 16:44:18.492,3,2.01,,512000000
2026-05-30 16:44:18.482,3,2.19,,512000000
2026-05-30 16:44:18.478,12,11.93,,512000000
2026-05-30 16:44:18.472,3,2.08,,512000000
2026-05-30 16:44:18.459,3,2.6,,512000000
2026-05-30 16:44:18.458,2,1.62,,512000000
2026-05-30 16:44:18.454,2,1.88,,512000000
2026-05-30 16:44:18.447,3,2.35,,512000000
2026-05-30 16:44:18.437,36,35.37,,512000000
2026-05-30 16:44:18.420,2,1.69,,512000000
2026-05-30 16:44:18.411,3,2.23,,512000000
2026-05-30 16:44:18.401,2,1.75,,512000000
2026-05-30 16:44:18.397,2,1.95,,512000000
2026-05-30 16:44:18.377,3,2.05,,512000000
2026-05-30 16:44:18.376,3,2.29,,512000000
2026-05-30 16:44:18.365,2,1.69,,512000000
2026-05-30 16:44:18.353,2,1.9,,512000000
2026-05-30 16:44:18.352,3,2.01,,512000000
2026-05-30 16:44:18.331,2,1.61,,512000000
2026-05-30 16:44:18.321,4,3.37,,512000000
2026-05-30 16:44:18.313,19,18.79,,512000000
2026-05-30 16:44:18.311,2,1.55,,512000000
2026-05-30 16:44:18.298,2,1.76,,512000000
2026-05-30 16:44:18.279,3,2.21,,512000000
2026-05-30 16:44:18.277,3,2.09,,512000000
2026-05-30 16:44:18.276,3,2.05,,512000000
2026-05-30 16:44:18.273,2,1.91,,512000000
2026-05-30 16:44:18.271,2,1.72,,512000000
2026-05-30 16:44:18.267,2,1.81,,512000000
2026-05-30 16:44:18.262,2,1.69,,512000000
2026-05-30 16:44:18.193,2,1.84,,512000000
2026-05-30 16:44:18.164,3,2.13,,512000000
2026-05-30 16:44:18.161,2,1.94,,512000000
2026-05-30 16:44:18.139,2,1.86,,512000000
2026-05-30 16:44:18.138,2,1.92,,512000000
2026-05-30 16:44:18.110,2,1.75,,512000000
2026-05-30 16:44:18.109,2,1.9,,512000000
2026-05-30 16:44:18.100,2,1.75,,512000000
2026-05-30 16:44:18.098,2,1.67,,512000000
2026-05-30 16:44:18.092,2,1.64,,512000000
2026-05-30 16:44:18.087,2,1.83,,512000000
2026-05-30 16:44:18.055,2,1.96,,512000000
2026-05-30 16:44:18.048,2,1.8,,512000000
2026-05-30 16:44:18.047,2,1.86,,512000000
2026-05-30 16:44:18.042,3,2.27,,512000000
2026-05-30 16:44:18.033,2,1.77,,512000000
2026-05-30 16:44:18.019,3,2.37,,512000000
2026-05-30 16:44:18.017,27,26.69,,512000000
2026-05-30 16:44:18.004,2,1.73,,512000000
2026-05-30 16:44:17.993,2,1.75,,512000000
2026-05-30 16:44:17.987,2,1.94,,512000000
2026-05-30 16:44:17.969,2,1.91,,512000000
2026-05-30 16:44:17.962,7,6.2,,512000000
2026-05-30 16:44:17.956,2,1.75,,512000000
2026-05-30 16:44:17.951,6,5.99,,512000000
2026-05-30 16:44:17.945,3,2.06,,512000000
2026-05-30 16:44:17.940,3,2,,512000000
2026-05-30 16:44:17.937,3,2.13,,512000000
2026-05-30 16:44:17.937,7,6.01,,512000000
2026-05-30 16:44:17.933,2,1.91,,512000000
2026-05-30 16:44:17.933,2,1.86,,512000000
2026-05-30 16:44:17.927,18,17.36,,512000000
2026-05-30 16:44:17.916,2,1.73,,512000000
2026-05-30 16:44:17.914,3,2.06,,512000000
2026-05-30 16:44:17.906,2,1.58,,512000000
2026-05-30 16:44:17.900,2,1.96,,512000000
2026-05-30 16:44:17.893,2,1.76,,512000000
2026-05-30 16:44:17.888,3,2.17,,512000000
2026-05-30 16:44:17.880,3,2.37,,512000000
2026-05-30 16:44:17.879,2,1.9,,512000000
2026-05-30 16:44:17.873,2,1.96,,512000000
2026-05-30 16:44:17.871,2,1.83,,512000000
2026-05-30 16:44:17.852,2,1.88,,512000000
2026-05-30 16:44:17.844,2,1.8,,512000000
2026-05-30 16:44:17.808,2,1.91,,512000000
2026-05-30 16:44:17.784,6,5.61,,512000000
2026-05-30 16:44:17.783,3,2.4,,512000000
2026-05-30 16:44:17.781,2,1.84,,512000000
2026-05-30 16:44:17.776,2,1.97,,512000000
2026-05-30 16:44:17.757,10,9.28,,512000000
2026-05-30 16:44:17.748,2,1.97,,512000000
2026-05-30 16:44:17.741,2,1.7,,512000000
2026-05-30 16:44:17.709,2,1.75,,512000000
2026-05-30 16:44:17.704,7,6.44,,512000000
2026-05-30 16:44:17.695,11,10.4,,512000000
2026-05-30 16:44:17.638,21,20.15,,512000000
2026-05-30 16:44:17.636,3,2.04,,512000000
2026-05-30 16:44:17.614,2,1.75,,512000000
2026-05-30 16:44:17.612,2,1.71,,512000000
2026-05-30 16:44:17.598,2,1.67,,512000000
2026-05-30 16:44:17.597,5,4.09,,512000000
2026-05-30 16:44:17.593,2,1.94,,512000000
2026-05-30 16:44:17.578,2,1.74,,512000000
2026-05-30 16:44:17.544,13,12.94,,512000000
2026-05-30 16:44:17.519,3,2.34,,512000000
2026-05-30 16:44:17.502,11,10.11,,512000000
2026-05-30 16:44:17.480,3,2.32,,512000000
2026-05-30 16:44:17.477,2,1.86,,512000000
2026-05-30 16:44:17.455,3,2.03,,512000000
2026-05-30 16:44:17.433,2,1.88,,512000000
2026-05-30 16:44:17.430,2,1.79,,512000000
2026-05-30 16:44:17.408,3,2.05,,512000000
2026-05-30 16:44:17.402,2,1.76,,512000000
2026-05-30 16:44:17.377,2,1.67,,512000000
2026-05-30 16:44:17.374,8,7.98,,512000000
2026-05-30 16:44:17.367,8,7.06,,512000000
2026-05-30 16:44:17.361,30,30,,512000000
2026-05-30 16:44:17.357,2,1.81,,512000000
2026-05-30 16:44:17.351,2,1.87,,512000000
2026-05-30 16:44:17.346,2,1.66,,512000000
2026-05-30 16:44:17.317,3,2.17,,512000000
2026-05-30 16:44:17.311,2,1.76,,512000000
2026-05-30 16:44:17.292,2,1.96,,512000000
2026-05-30 16:44:17.270,3,2.02,,512000000
2026-05-30 16:44:17.261,2,1.89,,512000000
2026-05-30 16:44:17.253,3,2.01,,512000000
2026-05-30 16:44:17.225,2,1.76,,512000000
2026-05-30 16:44:17.205,2,1.69,,512000000
2026-05-30 16:44:17.203,2,1.69,,512000000
2026-05-30 16:44:17.181,3,2.19,,512000000
2026-05-30 16:44:17.167,2,1.81,,512000000
2026-05-30 16:44:17.145,3,2.59,,512000000
2026-05-30 16:44:17.125,2,1.98,,512000000
2026-05-30 16:44:17.105,2,1.98,,512000000
2026-05-30 16:44:17.096,2,1.97,,512000000
2026-05-30 16:44:17.084,2,1.92,,512000000
2026-05-30 16:44:17.069,2,1.68,,512000000
2026-05-30 16:44:17.065,3,2.02,,512000000
2026-05-30 16:44:17.064,2,1.71,,512000000
2026-05-30 16:44:17.054,2,1.87,,512000000
2026-05-30 16:44:17.051,2,1.7,,512000000
2026-05-30 16:44:17.050,5,4.15,,512000000
2026-05-30 16:44:17.045,2,1.71,,512000000
2026-05-30 16:44:17.014,2,1.79,,512000000
2026-05-30 16:44:16.994,2,1.83,,512000000
2026-05-30 16:44:16.993,12,11.31,,512000000
2026-05-30 16:44:16.989,2,1.87,,512000000
2026-05-30 16:44:16.984,13,12.66,,512000000
2026-05-30 16:44:16.974,2,1.78,,512000000
2026-05-30 16:44:16.971,2,1.95,,512000000
2026-05-30 16:44:16.964,15,14.36,,512000000
2026-05-30 16:44:16.958,2,1.89,,512000000
2026-05-30 16:44:16.944,2,1.86,,512000000
2026-05-30 16:44:16.912,2,1.7,,512000000
2026-05-30 16:44:16.901,4,3,,512000000
2026-05-30 16:44:16.901,2,1.73,,512000000
2026-05-30 16:44:16.896,4,3.01,,512000000
2026-05-30 16:44:16.890,3,2.3,,512000000
2026-05-30 16:44:16.881,3,2.06,,512000000
2026-05-30 16:44:16.872,2,1.63,,512000000
2026-05-30 16:44:16.869,2,1.91,,512000000
2026-05-30 16:44:16.867,2,1.8,,512000000
2026-05-30 16:44:16.849,2,1.94,,512000000
2026-05-30 16:44:16.844,2,1.7,,512000000
2026-05-30 16:44:16.836,3,2.16,,512000000
2026-05-30 16:44:16.831,2,1.79,,512000000
2026-05-30 16:44:16.829,2,1.88,,512000000
2026-05-30 16:44:16.822,9,8.75,,512000000
2026-05-30 16:44:16.807,2,1.83,,512000000
2026-05-30 16:44:16.805,2,1.86,,512000000
2026-05-30 16:44:16.803,2,1.74,,512000000
2026-05-30 16:44:16.798,2,1.58,,512000000
2026-05-30 16:44:16.797,2,1.7,,512000000
2026-05-30 16:44:16.792,3,2.01,,512000000
2026-05-30 16:44:16.783,2,1.59,,512000000
2026-05-30 16:44:16.769,2,1.98,,512000000
2026-05-30 16:44:16.765,2,1.95,,512000000
2026-05-30 16:44:16.720,2,1.83,,512000000
2026-05-30 16:44:16.709,3,2.1,,512000000
2026-05-30 16:44:16.694,2,1.65,,512000000
2026-05-30 16:44:16.683,15,14.12,,512000000
2026-05-30 16:44:16.673,21,20.69,,512000000
2026-05-30 16:44:16.646,2,1.46,,512000000
2026-05-30 16:44:16.638,2,1.7,,512000000
2026-05-30 16:44:16.636,2,1.91,,512000000
2026-05-30 16:44:16.619,2,1.93,,512000000
2026-05-30 16:44:16.604,8,7.2,,512000000
2026-05-30 16:44:16.601,2,1.89,,512000000
2026-05-30 16:44:16.597,8,7.15,,512000000
2026-05-30 16:44:16.585,2,1.98,,512000000
2026-05-30 16:44:16.579,4,3.11,,512000000
2026-05-30 16:44:16.571,11,10.49,,512000000
2026-05-30 16:44:16.570,2,1.9,,512000000
2026-05-30 16:44:16.564,2,1.74,,512000000
2026-05-30 16:44:16.554,2,1.68,,512000000
2026-05-30 16:44:16.550,2,1.94,,512000000
2026-05-30 16:44:16.530,2,1.82,,512000000
2026-05-30 16:44:16.512,2,1.76,,512000000
2026-05-30 16:44:16.507,2,1.79,,512000000
2026-05-30 16:44:16.484,3,2.87,,512000000
2026-05-30 16:44:16.483,15,14.49,,512000000
2026-05-30 16:44:16.475,2,1.79,,512000000
2026-05-30 16:44:16.458,2,1.88,,512000000
2026-05-30 16:44:16.454,2,1.7,,512000000
2026-05-30 16:44:16.444,2,1.84,,512000000
2026-05-30 16:44:16.441,2,1.82,,512000000
2026-05-30 16:44:16.429,3,2.56,,512000000
2026-05-30 16:44:16.427,2,1.85,,512000000
2026-05-30 16:44:16.426,3,2.17,,512000000
2026-05-30 16:44:16.415,3,2.15,,512000000
2026-05-30 16:44:16.411,21,20.6,,512000000
2026-05-30 16:44:16.409,3,2.12,,512000000
2026-05-30 16:44:16.400,2,1.66,,512000000
2026-05-30 16:44:16.393,3,2.03,,512000000
2026-05-30 16:44:16.361,2,1.83,,512000000
2026-05-30 16:44:16.357,2,1.92,,512000000
2026-05-30 16:44:16.337,2,1.9,,512000000
2026-05-30 16:44:16.332,2,1.66,,512000000
2026-05-30 16:44:16.323,2,1.79,,512000000
2026-05-30 16:44:16.309,2,1.59,,512000000
2026-05-30 16:44:16.289,2,1.88,,512000000
2026-05-30 16:44:16.280,2,1.84,,512000000
2026-05-30 16:44:16.263,2,1.6,,512000000
2026-05-30 16:44:16.253,9,8.36,,512000000
2026-05-30 16:44:16.237,2,1.7,,512000000
2026-05-30 16:44:16.229,2,1.84,,512000000
2026-05-30 16:44:16.223,2,1.99,,512000000
2026-05-30 16:44:16.193,2,1.74,,512000000
2026-05-30 16:44:16.173,3,2.03,,512000000
2026-05-30 16:44:16.161,2,1.66,,512000000
2026-05-30 16:44:16.141,2,1.73,,512000000
2026-05-30 16:44:16.120,4,3.37,,512000000
2026-05-30 16:44:16.107,2,1.94,,512000000
2026-05-30 16:44:16.076,2,1.8,,512000000
2026-05-30 16:44:16.035,2,1.86,,512000000
2026-05-30 16:44:16.027,2,1.9,,512000000
2026-05-30 16:44:16.004,2,1.76,,512000000
2026-05-30 16:44:15.995,2,1.76,,512000000
2026-05-30 16:44:15.983,2,1.71,,512000000
2026-05-30 16:44:15.973,4,3.39,,512000000
2026-05-30 16:44:15.960,2,1.89,,512000000
2026-05-30 16:44:15.955,2,1.72,,512000000
2026-05-30 16:44:15.935,2,1.87,,512000000
2026-05-30 16:44:15.881,3,2,,512000000
2026-05-30 16:44:15.877,2,1.71,,512000000
2026-05-30 16:44:15.876,3,2.06,,512000000
2026-05-30 16:44:15.858,2,1.79,,512000000
2026-05-30 16:44:15.835,2,1.64,,512000000
2026-05-30 16:44:15.829,2,1.75,,512000000
2026-05-30 16:44:15.814,10,9.42,,512000000
2026-05-30 16:44:15.797,2,1.71,,512000000
2026-05-30 16:44:15.785,12,11.64,,512000000
2026-05-30 16:44:15.782,2,1.84,,512000000
2026-05-30 16:44:15.771,2,1.73,,512000000
2026-05-30 16:44:15.766,2,1.69,,512000000
2026-05-30 16:44:15.754,15,14.26,,512000000
2026-05-30 16:44:15.751,10,9.1,,512000000
2026-05-30 16:44:15.744,2,1.8,,512000000
2026-05-30 16:44:15.735,25,24.76,,512000000
2026-05-30 16:44:15.734,3,2.47,,512000000
2026-05-30 16:44:15.725,2,1.78,,512000000
2026-05-30 16:44:15.711,2,1.62,,512000000
2026-05-30 16:44:15.688,2,1.93,,512000000
2026-05-30 16:44:15.679,2,1.83,,512000000
2026-05-30 16:44:15.674,2,1.82,,512000000
2026-05-30 16:44:15.671,2,1.69,,512000000
2026-05-30 16:44:15.644,10,9.82,,512000000
2026-05-30 16:44:15.631,2,1.51,,512000000
2026-05-30 16:44:15.629,2,1.88,,512000000
2026-05-30 16:44:15.623,3,2.63,,512000000
2026-05-30 16:44:15.623,8,7.12,,512000000
2026-05-30 16:44:15.620,2,1.91,,512000000
2026-05-30 16:44:15.617,2,1.75,,512000000
2026-05-30 16:44:15.614,2,1.62,,512000000
2026-05-30 16:44:15.610,2,1.76,,512000000
2026-05-30 16:44:15.594,2,1.78,,512000000
2026-05-30 16:44:15.589,2,1.68,,512000000
2026-05-30 16:44:15.583,2,1.86,,512000000
2026-05-30 16:44:15.582,2,1.77,,512000000
2026-05-30 16:44:15.571,2,1.87,,512000000
2026-05-30 16:44:15.533,3,2.18,,512000000
2026-05-30 16:44:15.533,10,9.35,,512000000
2026-05-30 16:44:15.527,3,2.47,,512000000
2026-05-30 16:44:15.517,2,1.73,,512000000
2026-05-30 16:44:15.507,2,1.77,,512000000
2026-05-30 16:44:15.507,2,1.74,,512000000
2026-05-30 16:44:15.499,3,2.12,,512000000
2026-05-30 16:44:15.495,2,1.87,,512000000
2026-05-30 16:44:15.476,5,4.99,,512000000
2026-05-30 16:44:15.446,3,2.2,,512000000
2026-05-30 16:44:15.444,2,1.84,,512000000
2026-05-30 16:44:15.416,2,1.83,,512000000
2026-05-30 16:44:15.411,2,1.68,,512000000
2026-05-30 16:44:15.404,2,1.93,,512000000
2026-05-30 16:44:15.404,3,2.12,,512000000
2026-05-30 16:44:15.399,2,1.83,,512000000
2026-05-30 16:44:15.368,3,2.04,,512000000
2026-05-30 16:44:15.356,2,1.93,,512000000
2026-05-30 16:44:15.353,9,8.53,,512000000
2026-05-30 16:44:15.347,8,7.53,,512000000
2026-05-30 16:44:15.340,3,2.06,,512000000
2026-05-30 16:44:15.331,2,1.72,,512000000
2026-05-30 16:44:15.315,3,2.5,,512000000
2026-05-30 16:44:15.314,2,1.83,,512000000
2026-05-30 16:44:15.311,23,22.81,,512000000
2026-05-30 16:44:15.309,3,2.3,,512000000
2026-05-30 16:44:15.296,3,2.12,,512000000
2026-05-30 16:44:15.278,3,2.01,,512000000
2026-05-30 16:44:15.273,5,4.4,,512000000
2026-05-30 16:44:15.254,8,7.95,,512000000
2026-05-30 16:44:15.241,2,1.71,,512000000
2026-05-30 16:44:15.238,2,1.87,,512000000
2026-05-30 16:44:15.237,2,1.92,,512000000
2026-05-30 16:44:15.221,2,1.71,,512000000
2026-05-30 16:44:15.210,3,2.11,,512000000
2026-05-30 16:44:15.206,4,3.33,,512000000
2026-05-30 16:44:15.185,2,1.88,,512000000
2026-05-30 16:44:15.183,3,2.1,,512000000
2026-05-30 16:44:15.175,6,5.05,,512000000
2026-05-30 16:44:15.170,4,3.1,,512000000
2026-05-30 16:44:15.154,6,5.96,,512000000
2026-05-30 16:44:15.148,2,1.94,,512000000
2026-05-30 16:44:15.139,2,1.83,,512000000
2026-05-30 16:44:15.134,8,7.48,,512000000
2026-05-30 16:44:15.131,9,8.24,,512000000
2026-05-30 16:44:15.129,2,1.78,,512000000
2026-05-30 16:44:15.124,2,1.51,,512000000
2026-05-30 16:44:15.121,2,1.64,,512000000
2026-05-30 16:44:15.119,2,1.74,,512000000
2026-05-30 16:44:15.102,2,1.68,,512000000
2026-05-30 16:44:15.079,2,1.77,,512000000
2026-05-30 16:44:15.077,2,1.72,,512000000
2026-05-30 16:44:15.064,2,1.86,,512000000
2026-05-30 16:44:15.058,2,1.62,,512000000
2026-05-30 16:44:15.052,2,1.83,,512000000
2026-05-30 16:44:15.022,11,10.6,,512000000
2026-05-30 16:44:15.003,2,1.58,,512000000
2026-05-30 16:44:14.994,7,6.67,,512000000
2026-05-30 16:44:14.984,9,8.87,,512000000
2026-05-30 16:44:14.978,3,2.08,,512000000
2026-05-30 16:44:14.972,14,13.99,,512000000
2026-05-30 16:44:14.966,2,1.73,,512000000
2026-05-30 16:44:14.954,3,2.02,,512000000
2026-05-30 16:44:14.951,2,1.8,,512000000
2026-05-30 16:44:14.944,2,1.86,,512000000
2026-05-30 16:44:14.941,11,10.53,,512000000
2026-05-30 16:44:14.925,2,1.81,,512000000
2026-05-30 16:44:14.891,2,1.64,,512000000
2026-05-30 16:44:14.883,2,1.73,,512000000
2026-05-30 16:44:14.879,2,1.73,,512000000
2026-05-30 16:44:14.863,3,2.11,,512000000
2026-05-30 16:44:14.858,2,1.76,,512000000
2026-05-30 16:44:14.856,2,1.74,,512000000
2026-05-30 16:44:14.841,11,10.91,,512000000
2026-05-30 16:44:14.838,21,20.1,,512000000
2026-05-30 16:44:14.823,2,1.88,,512000000
2026-05-30 16:44:14.816,2,1.7,,512000000
2026-05-30 16:44:14.785,2,1.79,,512000000
2026-05-30 16:44:14.778,2,1.68,,512000000
2026-05-30 16:44:14.766,3,2.06,,512000000
2026-05-30 16:44:14.759,2,1.91,,512000000
2026-05-30 16:44:14.754,3,2.16,,512000000
2026-05-30 16:44:14.745,2,1.87,,512000000
2026-05-30 16:44:14.719,2,1.82,,512000000
2026-05-30 16:44:14.714,3,2.13,,512000000
2026-05-30 16:44:14.706,2,1.75,,512000000
2026-05-30 16:44:14.684,3,2.3,,512000000
2026-05-30 16:44:14.673,2,1.97,,512000000
2026-05-30 16:44:14.598,2,1.81,,512000000
2026-05-30 16:44:14.575,2,1.75,,512000000
2026-05-30 16:44:14.565,5,4.2,,512000000
2026-05-30 16:44:14.563,3,2.1,,512000000
2026-05-30 16:44:14.525,6,5.3,,512000000
2026-05-30 16:44:14.523,2,1.93,,512000000
2026-05-30 16:44:14.519,3,2.19,,512000000
2026-05-30 16:44:14.495,2,1.8,,512000000
2026-05-30 16:44:14.469,2,1.7,,512000000
2026-05-30 16:44:14.453,2,1.75,,512000000
2026-05-30 16:44:14.426,2,1.74,,512000000
2026-05-30 16:44:14.414,19,18.15,,512000000
2026-05-30 16:44:14.386,2,1.86,,512000000
2026-05-30 16:44:14.378,5,4.43,,512000000
2026-05-30 16:44:14.366,2,1.77,,512000000
2026-05-30 16:44:14.351,2,1.74,,512000000
2026-05-30 16:44:14.345,3,2.46,,512000000
2026-05-30 16:44:14.336,3,2.03,,512000000
2026-05-30 16:44:14.328,2,1.77,,512000000
2026-05-30 16:44:14.325,2,1.72,,512000000
2026-05-30 16:44:14.322,2,1.99,,512000000
2026-05-30 16:44:14.303,5,4.24,,512000000
2026-05-30 16:44:14.303,4,3.2,,512000000
2026-05-30 16:44:14.300,2,1.81,,512000000
2026-05-30 16:44:14.296,3,2.08,,512000000
2026-05-30 16:44:14.273,6,5.97,,512000000
2026-05-30 16:44:14.249,2,1.7,,512000000
2026-05-30 16:44:14.248,3,2.17,,512000000
2026-05-30 16:44:14.239,7,6.47,,512000000
2026-05-30 16:44:14.223,3,2.16,,512000000
2026-05-30 16:44:14.196,2,1.76,,512000000
2026-05-30 16:44:14.195,2,2,,512000000
2026-05-30 16:44:14.194,10,9.8,,512000000
2026-05-30 16:44:14.186,2,1.67,,512000000
2026-05-30 16:44:14.176,2,1.72,,512000000
2026-05-30 16:44:14.164,4,3.67,,512000000
2026-05-30 16:44:14.159,2,1.84,,512000000
2026-05-30 16:44:14.140,2,1.75,,512000000
2026-05-30 16:44:14.139,2,1.69,,512000000
2026-05-30 16:44:14.109,2,1.75,,512000000
2026-05-30 16:44:14.105,2,1.9,,512000000
2026-05-30 16:44:14.079,2,1.97,,512000000
2026-05-30 16:44:14.057,8,7.93,,512000000
2026-05-30 16:44:14.055,2,1.77,,512000000
2026-05-30 16:44:14.039,2,1.58,,512000000
2026-05-30 16:44:14.036,2,1.69,,512000000
2026-05-30 16:44:14.032,2,1.91,,512000000
2026-05-30 16:44:14.030,2,1.93,,512000000
2026-05-30 16:44:14.023,4,3.18,,512000000
2026-05-30 16:44:14.010,6,5.25,,512000000
2026-05-30 16:44:14.009,2,1.84,,512000000
2026-05-30 16:44:13.998,2,1.87,,512000000
2026-05-30 16:44:13.995,6,5.49,,512000000
2026-05-30 16:44:13.994,2,1.8,,512000000
2026-05-30 16:44:13.984,3,2.18,,512000000
2026-05-30 16:44:13.977,2,1.78,,512000000
2026-05-30 16:44:13.977,2,1.98,,512000000
2026-05-30 16:44:13.957,2,1.84,,512000000
2026-05-30 16:44:13.954,2,1.59,,512000000
2026-05-30 16:44:13.921,2,1.76,,512000000
2026-05-30 16:44:13.917,2,1.9,,512000000
2026-05-30 16:44:13.911,2,1.93,,512000000
2026-05-30 16:44:13.881,2,1.77,,512000000
2026-05-30 16:44:13.874,2,1.82,,512000000
2026-05-30 16:44:13.871,2,1.82,,512000000
2026-05-30 16:44:13.858,2,2,,512000000
2026-05-30 16:44:13.856,2,1.61,,512000000
2026-05-30 16:44:13.852,2,1.62,,512000000
2026-05-30 16:44:13.841,17,16.91,,512000000
2026-05-30 16:44:13.836,2,1.76,,512000000
2026-05-30 16:44:13.819,2,1.91,,512000000
2026-05-30 16:44:13.805,2,1.65,,512000000
2026-05-30 16:44:13.799,2,1.88,,512000000
2026-05-30 16:44:13.795,2,1.61,,512000000
2026-05-30 16:44:13.763,3,2.08,,512000000
2026-05-30 16:44:13.755,2,1.8,,512000000
2026-05-30 16:44:13.746,3,2.12,,512000000
2026-05-30 16:44:13.728,3,2.08,,512000000
2026-05-30 16:44:13.728,3,2.38,,512000000
2026-05-30 16:44:13.727,2,1.81,,512000000
2026-05-30 16:44:13.699,3,2.12,,512000000
2026-05-30 16:44:13.696,2,1.69,,512000000
2026-05-30 16:44:13.661,15,14.12,,512000000
2026-05-30 16:44:13.655,5,4.05,,512000000
2026-05-30 16:44:13.650,2,1.93,,512000000
2026-05-30 16:44:13.650,3,2.27,,512000000
2026-05-30 16:44:13.649,2,1.64,,512000000
2026-05-30 16:44:13.619,3,2.1,,512000000
2026-05-30 16:44:13.598,2,1.69,,512000000
2026-05-30 16:44:13.597,2,1.76,,512000000
2026-05-30 16:44:13.592,3,2.08,,512000000
2026-05-30 16:44:13.592,2,1.61,,512000000
2026-05-30 16:44:13.590,2,1.93,,512000000
2026-05-30 16:44:13.582,3,2.01,,512000000
2026-05-30 16:44:13.571,2,1.7,,512000000
2026-05-30 16:44:13.559,2,1.99,,512000000
2026-05-30 16:44:13.557,2,1.93,,512000000
2026-05-30 16:44:13.555,2,1.69,,512000000
2026-05-30 16:44:13.540,2,1.88,,512000000
2026-05-30 16:44:13.524,2,1.91,,512000000
2026-05-30 16:44:13.514,3,2.48,,512000000
2026-05-30 16:44:13.502,2,1.98,,512000000
2026-05-30 16:44:13.500,2,1.77,,512000000
2026-05-30 16:44:13.494,3,2.05,,512000000
2026-05-30 16:44:13.468,2,1.6,,512000000
2026-05-30 16:44:13.458,2,1.86,,512000000
2026-05-30 16:44:13.445,2,1.82,,512000000
2026-05-30 16:44:13.441,6,5.15,,512000000
2026-05-30 16:44:13.439,2,1.96,,512000000
2026-05-30 16:44:13.425,2,1.72,,512000000
2026-05-30 16:44:13.393,2,1.82,,512000000
2026-05-30 16:44:13.390,2,1.78,,512000000
2026-05-30 16:44:13.384,2,1.98,,512000000
2026-05-30 16:44:13.351,3,2.33,,512000000
2026-05-30 16:44:13.345,3,2.53,,512000000
2026-05-30 16:44:13.323,2,1.72,,512000000
2026-05-30 16:44:13.319,3,2.5,,512000000
2026-05-30 16:44:13.316,2,1.65,,512000000
2026-05-30 16:44:13.306,5,4.86,,512000000
2026-05-30 16:44:13.292,12,11.85,,512000000
2026-05-30 16:44:13.291,2,1.83,,512000000
2026-05-30 16:44:13.285,2,1.96,,512000000
2026-05-30 16:44:13.280,2,1.8,,512000000
2026-05-30 16:44:13.279,3,2.26,,512000000
2026-05-30 16:44:13.272,2,1.71,,512000000
2026-05-30 16:44:13.271,15,14.7,,512000000
2026-05-30 16:44:13.265,2,1.94,,512000000
2026-05-30 16:44:13.257,2,1.82,,512000000
2026-05-30 16:44:13.215,2,1.79,,512000000
2026-05-30 16:44:13.206,2,1.93,,512000000
2026-05-30 16:44:13.201,9,8.22,,512000000
2026-05-30 16:44:13.196,3,2.92,,512000000
2026-05-30 16:44:13.174,2,1.84,,512000000
2026-05-30 16:44:13.171,8,7.51,,512000000
2026-05-30 16:44:13.102,3,2.29,,512000000
2026-05-30 16:44:13.101,2,1.44,,512000000
2026-05-30 16:44:13.096,3,2.13,,512000000
2026-05-30 16:44:13.095,2,1.74,,512000000
2026-05-30 16:44:13.091,3,2.14,,512000000
2026-05-30 16:44:13.090,4,3.57,,512000000
2026-05-30 16:44:13.081,2,1.81,,512000000
2026-05-30 16:44:13.037,2,1.95,,512000000
2026-05-30 16:44:12.959,2,1.94,,512000000
2026-05-30 16:44:12.955,3,2.48,,512000000
2026-05-30 16:44:12.952,10,9.41,,512000000
2026-05-30 16:44:12.939,2,1.92,,512000000
2026-05-30 16:44:12.932,6,5.95,,512000000
2026-05-30 16:44:12.916,2,1.79,,512000000
2026-05-30 16:44:12.914,2,1.8,,512000000
2026-05-30 16:44:12.890,4,3.46,,512000000
2026-05-30 16:44:12.887,2,1.66,,512000000
2026-05-30 16:44:12.886,3,2.18,,512000000
2026-05-30 16:44:12.885,3,2.01,,512000000
2026-05-30 16:44:12.851,3,2.12,,512000000
2026-05-30 16:44:12.841,2,1.77,,512000000
2026-05-30 16:44:12.834,2,1.81,,512000000
2026-05-30 16:44:12.834,2,1.95,,512000000
2026-05-30 16:44:12.815,3,2,,512000000
2026-05-30 16:44:12.802,2,1.63,,512000000
2026-05-30 16:44:12.793,2,1.82,,512000000
2026-05-30 16:44:12.788,2,1.59,,512000000
2026-05-30 16:44:12.768,2,1.95,,512000000
2026-05-30 16:44:12.767,2,1.81,,512000000
2026-05-30 16:44:12.752,25,24.79,,512000000
2026-05-30 16:44:12.741,2,1.97,,512000000
2026-05-30 16:44:12.712,3,2.03,,512000000
2026-05-30 16:44:12.687,3,2.14,,512000000
2026-05-30 16:44:12.659,2,1.93,,512000000
2026-05-30 16:44:12.633,3,2.04,,512000000
2026-05-30 16:44:12.631,3,2.02,,512000000
2026-05-30 16:44:12.606,2,1.97,,512000000
2026-05-30 16:44:12.599,2,1.74,,512000000
2026-05-30 16:44:12.584,2,1.81,,512000000
2026-05-30 16:44:12.558,4,3.82,,512000000
2026-05-30 16:44:12.557,3,2.04,,512000000
2026-05-30 16:44:12.557,12,11.49,,512000000
2026-05-30 16:44:12.550,3,2.17,,512000000
2026-05-30 16:44:12.538,12,11.41,,512000000
2026-05-30 16:44:12.529,2,1.79,,512000000
2026-05-30 16:44:12.524,3,2.31,,512000000
2026-05-30 16:44:12.519,2,1.71,,512000000
2026-05-30 16:44:12.518,2,1.85,,512000000
2026-05-30 16:44:12.516,9,8.32,,512000000
2026-05-30 16:44:12.512,26,25.71,,512000000
2026-05-30 16:44:12.508,9,8.2,,512000000
2026-05-30 16:44:12.492,2,1.92,,512000000
2026-05-30 16:44:12.485,2,1.69,,512000000
2026-05-30 16:44:12.483,2,1.66,,512000000
2026-05-30 16:44:12.461,2,1.97,,512000000
2026-05-30 16:44:12.457,4,3.87,,512000000
2026-05-30 16:44:12.437,26,25.68,,512000000
2026-05-30 16:44:12.429,4,3.08,,512000000
2026-05-30 16:44:12.424,2,1.65,,512000000
2026-05-30 16:44:12.401,2,1.83,,512000000
2026-05-30 16:44:12.380,2,1.66,,512000000
2026-05-30 16:44:12.373,2,1.82,,512000000
2026-05-30 16:44:12.361,2,1.73,,512000000
2026-05-30 16:44:12.348,3,2.15,,512000000
2026-05-30 16:44:12.317,2,1.55,,512000000
2026-05-30 16:44:12.317,2,1.58,,512000000
2026-05-30 16:44:12.314,33,32.69,,512000000
2026-05-30 16:44:12.304,10,9.53,,512000000
2026-05-30 16:44:12.297,28,27.3,,512000000
2026-05-30 16:44:12.296,2,1.66,,512000000
2026-05-30 16:44:12.292,3,2.05,,512000000
2026-05-30 16:44:12.292,3,2.05,,512000000
2026-05-30 16:44:12.291,2,1.63,,512000000
2026-05-30 16:44:12.290,3,2.77,,512000000
2026-05-30 16:44:12.288,2,1.89,,512000000
2026-05-30 16:44:12.277,2,1.72,,512000000
2026-05-30 16:44:12.273,30,29.29,,512000000
2026-05-30 16:44:12.263,2,1.6,,512000000
2026-05-30 16:44:12.254,2,1.64,,512000000
2026-05-30 16:44:12.249,3,2.36,,512000000
2026-05-30 16:44:12.237,3,2.03,,512000000
2026-05-30 16:44:12.234,16,15.72,,512000000
2026-05-30 16:44:12.234,22,21.6,,512000000
2026-05-30 16:44:12.233,4,3.32,,512000000
2026-05-30 16:44:12.225,2,1.86,,512000000
2026-05-30 16:44:12.207,2,1.72,,512000000
2026-05-30 16:44:12.193,2,1.8,,512000000
2026-05-30 16:44:12.193,2,1.91,,512000000
2026-05-30 16:44:12.183,3,2.02,,512000000
2026-05-30 16:44:12.178,2,1.7,,512000000
2026-05-30 16:44:12.177,2,1.86,,512000000
2026-05-30 16:44:12.175,2,1.89,,512000000
2026-05-30 16:44:12.170,2,1.75,,512000000
2026-05-30 16:44:12.143,2,1.93,,512000000
2026-05-30 16:44:12.126,3,2.1,,512000000
2026-05-30 16:44:12.104,2,1.65,,512000000
2026-05-30 16:44:12.065,3,2.07,,512000000
2026-05-30 16:44:12.058,22,21.29,,512000000
2026-05-30 16:44:12.052,3,2,,512000000
2026-05-30 16:44:12.037,3,2.51,,512000000
2026-05-30 16:44:12.022,2,1.87,,512000000
2026-05-30 16:44:12.019,15,14.15,,512000000
2026-05-30 16:44:12.014,2,1.85,,512000000
2026-05-30 16:44:12.001,2,1.67,,512000000
2026-05-30 16:44:11.994,8,7.18,,512000000
2026-05-30 16:44:11.992,2,1.94,,512000000
2026-05-30 16:44:11.991,2,1.71,,512000000
2026-05-30 16:44:11.957,2,1.94,,512000000
2026-05-30 16:44:11.948,2,1.85,,512000000
2026-05-30 16:44:11.939,2,1.77,,512000000
2026-05-30 16:44:11.904,2,1.96,,512000000
2026-05-30 16:44:11.898,12,11.04,,512000000
2026-05-30 16:44:11.882,2,1.81,,512000000
2026-05-30 16:44:11.873,2,1.78,,512000000
2026-05-30 16:44:11.857,2,1.79,,512000000
2026-05-30 16:44:11.841,2,1.73,,512000000
2026-05-30 16:44:11.834,2,1.96,,512000000
2026-05-30 16:44:11.828,2,1.79,,512000000
2026-05-30 16:44:11.793,7,6.51,,512000000
2026-05-30 16:44:11.791,7,6.28,,512000000
2026-05-30 16:44:11.778,2,1.89,,512000000
2026-05-30 16:44:11.772,2,1.73,,512000000
2026-05-30 16:44:11.757,2,1.71,,512000000
2026-05-30 16:44:11.750,2,1.95,,512000000
2026-05-30 16:44:11.749,3,2.25,,512000000
2026-05-30 16:44:11.727,2,1.73,,512000000
2026-05-30 16:44:11.721,2,1.8,,512000000
2026-05-30 16:44:11.715,2,1.78,,512000000
2026-05-30 16:44:11.687,12,11.98,,512000000
2026-05-30 16:44:11.676,2,1.74,,512000000
2026-05-30 16:44:11.667,2,1.64,,512000000
2026-05-30 16:44:11.667,18,17.32,,512000000
2026-05-30 16:44:11.661,3,2.22,,512000000
2026-05-30 16:44:11.660,2,1.8,,512000000
2026-05-30 16:44:11.658,2,1.67,,512000000
2026-05-30 16:44:11.656,3,2.01,,512000000
2026-05-30 16:44:11.651,8,7.73,,512000000
2026-05-30 16:44:11.635,2,1.74,,512000000
2026-05-30 16:44:11.630,6,5.49,,512000000
2026-05-30 16:44:11.629,3,2.27,,512000000
2026-05-30 16:44:11.615,15,14.15,,512000000
2026-05-30 16:44:11.609,2,1.89,,512000000
2026-05-30 16:44:11.600,2,1.65,,512000000
2026-05-30 16:44:11.599,3,2.07,,512000000
2026-05-30 16:44:11.595,2,1.97,,512000000
2026-05-30 16:44:11.588,2,1.78,,512000000
2026-05-30 16:44:11.568,3,2.52,,512000000
2026-05-30 16:44:11.562,2,1.94,,512000000
2026-05-30 16:44:11.532,2,1.96,,512000000
2026-05-30 16:44:11.531,3,2.76,,512000000
2026-05-30 16:44:11.513,2,1.7,,512000000
2026-05-30 16:44:11.509,2,1.94,,512000000
2026-05-30 16:44:11.501,2,1.98,,512000000
2026-05-30 16:44:11.481,3,2.08,,512000000
2026-05-30 16:44:11.462,2,1.59,,512000000
2026-05-30 16:44:11.459,2,1.81,,512000000
2026-05-30 16:44:11.451,2,1.87,,512000000
2026-05-30 16:44:11.436,4,3.05,,512000000
2026-05-30 16:44:11.422,2,1.59,,512000000
2026-05-30 16:44:11.398,24,23.95,,512000000
2026-05-30 16:44:11.364,2,1.74,,512000000
2026-05-30 16:44:11.348,2,1.95,,512000000
2026-05-30 16:44:11.325,2,1.57,,512000000
2026-05-30 16:44:11.281,2,1.82,,512000000
2026-05-30 16:44:11.255,2,1.86,,512000000
2026-05-30 16:44:11.254,3,2.07,,512000000
2026-05-30 16:44:11.254,13,12.12,,512000000
2026-05-30 16:44:11.237,2,1.94,,512000000
2026-05-30 16:44:11.236,2,1.84,,512000000
2026-05-30 16:44:11.222,4,3.82,,512000000
2026-05-30 16:44:11.217,2,1.84,,512000000
2026-05-30 16:44:11.206,2,1.82,,512000000
2026-05-30 16:44:11.185,2,1.79,,512000000
2026-05-30 16:44:11.176,2,1.81,,512000000
2026-05-30 16:44:11.164,2,1.82,,512000000
2026-05-30 16:44:11.160,3,2.29,,512000000
2026-05-30 16:44:11.160,2,1.85,,512000000
2026-05-30 16:44:11.136,2,1.7,,512000000
2026-05-30 16:44:11.134,2,1.71,,512000000
2026-05-30 16:44:11.103,2,1.88,,512000000
2026-05-30 16:44:11.098,2,1.85,,512000000
2026-05-30 16:44:11.091,2,1.72,,512000000
2026-05-30 16:44:11.090,3,2.05,,512000000
2026-05-30 16:44:11.068,2,1.66,,512000000
2026-05-30 16:44:11.043,2,1.82,,512000000
2026-05-30 16:44:11.032,22,21.61,,512000000
2026-05-30 16:44:11.028,2,1.84,,512000000
2026-05-30 16:44:11.019,2,1.83,,512000000
2026-05-30 16:44:11.014,10,9.12,,512000000
2026-05-30 16:44:11.010,2,1.81,,512000000
2026-05-30 16:44:10.996,2,1.74,,512000000
2026-05-30 16:44:10.994,3,2.1,,512000000
2026-05-30 16:44:10.986,2,1.96,,512000000
2026-05-30 16:44:10.976,3,2.79,,512000000
2026-05-30 16:44:10.965,2,1.78,,512000000
2026-05-30 16:44:10.952,3,2.1,,512000000
2026-05-30 16:44:10.938,2,1.84,,512000000
2026-05-30 16:44:10.936,2,1.88,,512000000
2026-05-30 16:44:10.931,2,1.81,,512000000
2026-05-30 16:44:10.928,3,2.33,,512000000
2026-05-30 16:44:10.911,18,17.92,,512000000
2026-05-30 16:44:10.872,11,10.14,,512000000
2026-05-30 16:44:10.862,2,1.64,,512000000
2026-05-30 16:44:10.858,3,2.32,,512000000
2026-05-30 16:44:10.857,2,1.63,,512000000
2026-05-30 16:44:10.854,5,4.51,,512000000
2026-05-30 16:44:10.843,2,1.98,,512000000
2026-05-30 16:44:10.842,2,1.74,,512000000
2026-05-30 16:44:10.834,2,1.76,,512000000
2026-05-30 16:44:10.806,2,1.88,,512000000
2026-05-30 16:44:10.801,2,1.72,,512000000
2026-05-30 16:44:10.759,2,1.93,,512000000
2026-05-30 16:44:10.757,3,2.06,,512000000
2026-05-30 16:44:10.745,2,1.8,,512000000
2026-05-30 16:44:10.732,19,18.3,,512000000
2026-05-30 16:44:10.716,3,2.16,,512000000
2026-05-30 16:44:10.694,2,1.99,,512000000
2026-05-30 16:44:10.690,2,1.98,,512000000
2026-05-30 16:44:10.680,3,2.07,,512000000
2026-05-30 16:44:10.679,2,1.81,,512000000
2026-05-30 16:44:10.672,10,9.41,,512000000
2026-05-30 16:44:10.667,2,1.77,,512000000
2026-05-30 16:44:10.652,5,4.16,,512000000
2026-05-30 16:44:10.636,3,2.02,,512000000
2026-05-30 16:44:10.630,2,1.83,,512000000
2026-05-30 16:44:10.609,3,2.85,,512000000
2026-05-30 16:44:10.601,2,1.77,,512000000
2026-05-30 16:44:10.597,2,1.64,,512000000
2026-05-30 16:44:10.591,3,2.09,,512000000
2026-05-30 16:44:10.583,2,1.82,,512000000
2026-05-30 16:44:10.570,2,1.91,,512000000
2026-05-30 16:44:10.569,2,1.91,,512000000
2026-05-30 16:44:10.558,2,1.61,,512000000
2026-05-30 16:44:10.544,2,1.84,,512000000
2026-05-30 16:44:10.542,2,1.84,,512000000
2026-05-30 16:44:10.528,3,2.19,,512000000
2026-05-30 16:44:10.524,2,1.78,,512000000
2026-05-30 16:44:10.519,2,1.77,,512000000
2026-05-30 16:44:10.509,8,7.75,,512000000
2026-05-30 16:44:10.508,2,1.83,,512000000
2026-05-30 16:44:10.506,2,1.88,,512000000
2026-05-30 16:44:10.492,2,1.78,,512000000
2026-05-30 16:44:10.481,2,1.88,,512000000
2026-05-30 16:44:10.456,5,4.5,,512000000
2026-05-30 16:44:10.454,2,1.99,,512000000
2026-05-30 16:44:10.447,2,1.86,,512000000
2026-05-30 16:44:10.434,2,1.91,,512000000
2026-05-30 16:44:10.426,2,1.85,,512000000
2026-05-30 16:44:10.424,2,1.86,,512000000
2026-05-30 16:44:10.411,9,8.52,,512000000
2026-05-30 16:44:10.406,3,2.09,,512000000
2026-05-30 16:44:10.399,3,2.31,,512000000
2026-05-30 16:44:10.367,2,1.98,,512000000
2026-05-30 16:44:10.367,2,1.96,,512000000
2026-05-30 16:44:10.349,5,4.42,,512000000
2026-05-30 16:44:10.307,3,2.21,,512000000
2026-05-30 16:44:10.306,2,1.97,,512000000
2026-05-30 16:44:10.288,2,1.93,,512000000
2026-05-30 16:44:10.244,2,1.85,,512000000
2026-05-30 16:44:10.243,3,2.21,,512000000
2026-05-30 16:44:10.234,3,2.14,,512000000
2026-05-30 16:44:10.232,3,2.98,,512000000
2026-05-30 16:44:10.228,2,2,,512000000
2026-05-30 16:44:10.216,2,1.84,,512000000
2026-05-30 16:44:10.211,10,9.76,,512000000
2026-05-30 16:44:10.191,44,43.69,,512000000
2026-05-30 16:44:10.181,3,2.27,,512000000
2026-05-30 16:44:10.164,2,1.92,,512000000
2026-05-30 16:44:10.159,2,1.75,,512000000
2026-05-30 16:44:10.132,3,2.23,,512000000
2026-05-30 16:44:10.118,2,1.79,,512000000
2026-05-30 16:44:10.113,2,1.8,,512000000
2026-05-30 16:44:10.110,2,1.79,,512000000
2026-05-30 16:44:10.103,3,2.06,,512000000
2026-05-30 16:44:10.102,2,1.75,,512000000
2026-05-30 16:44:10.084,3,2.01,,512000000
2026-05-30 16:44:10.069,2,1.92,,512000000
2026-05-30 16:44:10.068,2,1.66,,512000000
2026-05-30 16:44:10.057,2,1.96,,512000000
2026-05-30 16:44:10.039,2,1.8,,512000000
2026-05-30 16:44:10.022,2,1.76,,512000000
2026-05-30 16:44:10.017,2,1.78,,512000000
2026-05-30 16:44:10.006,2,1.76,,512000000
2026-05-30 16:44:09.998,2,1.82,,512000000
2026-05-30 16:44:09.996,2,1.91,,512000000
2026-05-30 16:44:09.987,8,7.79,,512000000
2026-05-30 16:44:09.973,2,1.76,,512000000
2026-05-30 16:44:09.973,2,1.81,,512000000
2026-05-30 16:44:09.973,2,1.83,,512000000
2026-05-30 16:44:09.969,2,1.74,,512000000
2026-05-30 16:44:09.962,2,1.86,,512000000
2026-05-30 16:44:09.959,2,1.78,,512000000
2026-05-30 16:44:09.942,3,2.19,,512000000
2026-05-30 16:44:09.926,3,2.13,,512000000
2026-05-30 16:44:09.894,7,6.28,,512000000
2026-05-30 16:44:09.876,2,1.84,,512000000
2026-05-30 16:44:09.845,2,1.91,,512000000
2026-05-30 16:44:09.841,2,1.85,,512000000
2026-05-30 16:44:09.801,2,1.67,,512000000
2026-05-30 16:44:09.797,2,1.72,,512000000
2026-05-30 16:44:09.771,18,17.8,,512000000
2026-05-30 16:44:09.758,2,1.67,,512000000
2026-05-30 16:44:09.751,3,2.07,,512000000
2026-05-30 16:44:09.744,2,1.8,,512000000
2026-05-30 16:44:09.740,3,2.08,,512000000
2026-05-30 16:44:09.740,2,1.76,,512000000
2026-05-30 16:44:09.726,2,1.86,,512000000
2026-05-30 16:44:09.724,2,1.74,,512000000
2026-05-30 16:44:09.715,2,1.75,,512000000
2026-05-30 16:44:09.712,2,1.75,,512000000
2026-05-30 16:44:09.711,2,1.76,,512000000
2026-05-30 16:44:09.692,3,2.14,,512000000
2026-05-30 16:44:09.689,2,1.8,,512000000
2026-05-30 16:44:09.666,2,1.78,,512000000
2026-05-30 16:44:09.665,2,1.73,,512000000
2026-05-30 16:44:09.638,2,1.75,,512000000
2026-05-30 16:44:09.580,3,2.08,,512000000
2026-05-30 16:44:09.540,2,1.65,,512000000
2026-05-30 16:44:09.534,8,7.54,,512000000
2026-05-30 16:44:09.514,3,2.02,,512000000
2026-05-30 16:44:09.508,2,1.61,,512000000
2026-05-30 16:44:09.497,3,2.02,,512000000
2026-05-30 16:44:09.491,2,1.82,,512000000
2026-05-30 16:44:09.462,3,2.06,,512000000
2026-05-30 16:44:09.433,2,1.77,,512000000
2026-05-30 16:44:09.432,2,1.65,,512000000
2026-05-30 16:44:09.423,2,1.9,,512000000
2026-05-30 16:44:09.419,2,1.91,,512000000
2026-05-30 16:44:09.419,2,1.72,,512000000
2026-05-30 16:44:09.411,2,1.8,,512000000
2026-05-30 16:44:09.395,2,1.7,,512000000
2026-05-30 16:44:09.378,2,1.76,,512000000
2026-05-30 16:44:09.353,3,2,,512000000
2026-05-30 16:44:09.338,8,7.72,,512000000
2026-05-30 16:44:09.321,2,1.73,,512000000
2026-05-30 16:44:09.308,3,2.04,,512000000
2026-05-30 16:44:09.303,2,1.81,,512000000
2026-05-30 16:44:09.283,2,1.74,,512000000
2026-05-30 16:44:09.260,2,1.83,,512000000
2026-05-30 16:44:09.254,15,14.86,,512000000
2026-05-30 16:44:09.245,2,1.81,,512000000
2026-05-30 16:44:09.238,6,5.75,,512000000
2026-05-30 16:44:09.224,2,1.64,,512000000
2026-05-30 16:44:09.224,6,5.31,,512000000
2026-05-30 16:44:09.220,4,3.54,,512000000
2026-05-30 16:44:09.218,3,2.17,,512000000
2026-05-30 16:44:09.214,2,1.62,,512000000
2026-05-30 16:44:09.209,2,1.75,,512000000
2026-05-30 16:44:09.194,2,1.75,,512000000
2026-05-30 16:44:09.191,2,1.92,,512000000
2026-05-30 16:44:09.164,2,1.52,,512000000
2026-05-30 16:44:09.161,2,1.79,,512000000
2026-05-30 16:44:09.150,2,1.69,,512000000
2026-05-30 16:44:09.135,3,2.03,,512000000
2026-05-30 16:44:09.124,2,1.7,,512000000
2026-05-30 16:44:09.120,37,36.28,,512000000
2026-05-30 16:44:09.113,9,8.88,,512000000
2026-05-30 16:44:09.107,6,5.04,,512000000
2026-05-30 16:44:09.100,3,2.18,,512000000
2026-05-30 16:44:09.096,2,1.67,,512000000
2026-05-30 16:44:09.095,12,11.12,,512000000
2026-05-30 16:44:09.092,2,1.83,,512000000
2026-05-30 16:44:09.090,3,2.07,,512000000
2026-05-30 16:44:09.089,2,1.72,,512000000
2026-05-30 16:44:09.089,3,2.25,,512000000
2026-05-30 16:44:09.088,2,1.82,,512000000
2026-05-30 16:44:08.992,2,1.61,,512000000
2026-05-30 16:44:08.975,17,16.29,,512000000
2026-05-30 16:44:08.948,15,14.28,,512000000
2026-05-30 16:44:08.935,2,1.81,,512000000
2026-05-30 16:44:08.919,2,1.86,,512000000
2026-05-30 16:44:08.917,2,1.83,,512000000
2026-05-30 16:44:08.901,2,1.89,,512000000
2026-05-30 16:44:08.901,2,1.65,,512000000
2026-05-30 16:44:08.893,2,1.79,,512000000
2026-05-30 16:44:08.880,2,1.96,,512000000
2026-05-30 16:44:08.873,26,25.11,,512000000
2026-05-30 16:44:08.865,7,6.29,,512000000
2026-05-30 16:44:08.851,2,1.58,,512000000
2026-05-30 16:44:08.850,3,2.12,,512000000
2026-05-30 16:44:08.849,3,2.13,,512000000
2026-05-30 16:44:08.848,2,1.77,,512000000
2026-05-30 16:44:08.848,2,1.88,,512000000
2026-05-30 16:44:08.848,3,2.05,,512000000
2026-05-30 16:44:08.846,2,1.82,,512000000
2026-05-30 16:44:08.846,3,2.19,,512000000
2026-05-30 16:44:08.846,2,1.88,,512000000
2026-05-30 16:44:08.844,2,1.7,,512000000
2026-05-30 16:44:08.811,3,2.01,,512000000
2026-05-30 16:44:08.797,8,7.18,,512000000
2026-05-30 16:44:08.726,2,1.99,,512000000
2026-05-30 16:44:08.719,2,1.94,,512000000
2026-05-30 16:44:08.695,6,5.77,,512000000
2026-05-30 16:44:08.674,7,6.74,,512000000
2026-05-30 16:44:08.671,3,2.85,,512000000
2026-05-30 16:44:08.666,3,2.15,,512000000
2026-05-30 16:44:08.664,3,2.14,,512000000
2026-05-30 16:44:08.661,2,1.83,,512000000
2026-05-30 16:44:08.658,2,1.86,,512000000
2026-05-30 16:44:08.643,6,5.75,,512000000
2026-05-30 16:44:08.640,7,6.52,,512000000
2026-05-30 16:44:08.626,2,1.84,,512000000
2026-05-30 16:44:08.619,3,2.04,,512000000
2026-05-30 16:44:08.617,2,1.86,,512000000
2026-05-30 16:44:08.614,2,1.65,,512000000
2026-05-30 16:44:08.612,2,1.89,,512000000
2026-05-30 16:44:08.612,3,2.05,,512000000
2026-05-30 16:44:08.608,2,1.9,,512000000
2026-05-30 16:44:08.608,2,1.67,,512000000
2026-05-30 16:44:08.605,3,2.05,,512000000
2026-05-30 16:44:08.563,2,1.92,,512000000
2026-05-30 16:44:08.550,3,2.3,,512000000
2026-05-30 16:44:08.549,2,1.67,,512000000
2026-05-30 16:44:08.503,30,29.45,,512000000
2026-05-30 16:44:08.468,2,1.81,,512000000
2026-05-30 16:44:08.466,3,2.3,,512000000
2026-05-30 16:44:08.463,3,2.38,,512000000
2026-05-30 16:44:08.433,2,1.86,,512000000
2026-05-30 16:44:08.415,2,1.82,,512000000
2026-05-30 16:44:08.402,29,28.88,,512000000
2026-05-30 16:44:08.401,2,1.94,,512000000
2026-05-30 16:44:08.401,2,1.91,,512000000
2026-05-30 16:44:08.400,2,1.85,,512000000
2026-05-30 16:44:08.398,21,20.5,,512000000
2026-05-30 16:44:08.377,2,1.91,,512000000
2026-05-30 16:44:08.374,12,11.29,,512000000
2026-05-30 16:44:08.373,5,4.91,,512000000
2026-05-30 16:44:08.370,2,1.9,,512000000
2026-05-30 16:44:08.370,2,1.83,,512000000
2026-05-30 16:44:08.368,4,3.06,,512000000
2026-05-30 16:44:08.368,3,2.06,,512000000
2026-05-30 16:44:08.366,3,2.12,,512000000
2026-05-30 16:44:08.365,2,1.87,,512000000
2026-05-30 16:44:08.363,3,2.14,,512000000
2026-05-30 16:44:08.363,2,1.98,,512000000
2026-05-30 16:44:08.362,2,1.98,,512000000
2026-05-30 16:44:08.362,2,2,,512000000
2026-05-30 16:44:08.359,2,1.98,,512000000
2026-05-30 16:44:08.325,2,1.83,,512000000
2026-05-30 16:44:08.307,2,1.89,,512000000
2026-05-30 16:44:08.235,7,6.81,,512000000
2026-05-30 16:44:08.230,2,1.93,,512000000
2026-05-30 16:44:08.213,3,2.22,,512000000
2026-05-30 16:44:08.212,3,2.14,,512000000
2026-05-30 16:44:08.181,3,2.4,,512000000
2026-05-30 16:44:08.176,4,3.27,,512000000
2026-05-30 16:44:08.163,3,2.14,,512000000
2026-05-30 16:44:08.158,3,2.09,,512000000
2026-05-30 16:44:08.148,2,1.91,,512000000
2026-05-30 16:44:08.134,6,5.88,,512000000
2026-05-30 16:44:08.133,6,5.79,,512000000
2026-05-30 16:44:08.129,8,7.97,,512000000
2026-05-30 16:44:08.126,3,2.22,,512000000
2026-05-30 16:44:08.124,2,1.94,,512000000
2026-05-30 16:44:08.124,3,2.01,,512000000
2026-05-30 16:44:08.122,2,1.92,,512000000
2026-05-30 16:44:08.088,2,1.96,,512000000
2026-05-30 16:44:07.966,2,1.84,,512000000
2026-05-30 16:44:07.965,3,2.02,,512000000
2026-05-30 16:44:07.964,3,2.01,,512000000
2026-05-30 16:44:07.957,12,11.96,,512000000
2026-05-30 16:44:07.939,3,2.64,,512000000
2026-05-30 16:44:07.914,2,1.56,,512000000
2026-05-30 16:44:07.912,4,3.6,,512000000
2026-05-30 16:44:07.907,2,1.96,,512000000
2026-05-30 16:44:07.904,14,13.56,,512000000
2026-05-30 16:44:07.894,3,2.19,,512000000
2026-05-30 16:44:07.893,6,5.92,,512000000
2026-05-30 16:44:07.882,2,1.67,,512000000
2026-05-30 16:44:07.881,3,2.1,,512000000
2026-05-30 16:44:07.880,3,2.1,,512000000
2026-05-30 16:44:07.879,3,2.08,,512000000
2026-05-30 16:44:07.755,6,5.71,,512000000
2026-05-30 16:44:07.748,2,1.75,,512000000
2026-05-30 16:44:07.740,2,1.88,,512000000
2026-05-30 16:44:07.734,5,4.82,,512000000
2026-05-30 16:44:07.709,2,2,,512000000
2026-05-30 16:44:07.698,2,1.84,,512000000
2026-05-30 16:44:07.680,6,5.72,,512000000
2026-05-30 16:44:07.674,3,2.07,,512000000
2026-05-30 16:44:07.668,21,20,,512000000
2026-05-30 16:44:07.658,3,2.12,,512000000
2026-05-30 16:44:07.657,16,15.56,,512000000
2026-05-30 16:44:07.653,7,6.07,,512000000
2026-05-30 16:44:07.651,3,2.31,,512000000
2026-05-30 16:44:07.648,3,2.08,,512000000
2026-05-30 16:44:07.648,2,1.79,,512000000
2026-05-30 16:44:07.648,3,2.13,,512000000
2026-05-30 16:44:07.647,2,1.7,,512000000
2026-05-30 16:44:07.646,3,2.19,,512000000
2026-05-30 16:44:07.646,3,2.15,,512000000
2026-05-30 16:44:07.645,2,1.76,,512000000
2026-05-30 16:44:07.644,3,2.05,,512000000
2026-05-30 16:44:07.642,3,2.18,,512000000
2026-05-30 16:44:07.611,2,1.77,,512000000
2026-05-30 16:44:07.516,36,35.79,,512000000
2026-05-30 16:44:07.505,3,2.24,,512000000
2026-05-30 16:44:07.497,2,1.99,,512000000
2026-05-30 16:44:07.458,3,2.02,,512000000
2026-05-30 16:44:07.440,3,2.17,,512000000
2026-05-30 16:44:07.438,2,1.89,,512000000
2026-05-30 16:44:07.430,3,2.01,,512000000
2026-05-30 16:44:07.428,2,1.81,,512000000
2026-05-30 16:44:07.427,8,7.56,,512000000
2026-05-30 16:44:07.424,3,2.1,,512000000
2026-05-30 16:44:07.423,3,2.18,,512000000
2026-05-30 16:44:07.422,3,2.01,,512000000
2026-05-30 16:44:07.421,17,16.52,,512000000
2026-05-30 16:44:07.418,2,1.93,,512000000
2026-05-30 16:44:07.418,2,1.63,,512000000
2026-05-30 16:44:07.403,2,1.82,,512000000
2026-05-30 16:44:07.272,2,1.89,,512000000
2026-05-30 16:44:07.237,3,2.56,,512000000
2026-05-30 16:44:07.230,12,11.8,,512000000
2026-05-30 16:44:07.224,2,1.95,,512000000
2026-05-30 16:44:07.211,30,29.84,,512000000
2026-05-30 16:44:07.198,2,1.94,,512000000
2026-05-30 16:44:07.198,19,18.12,,512000000
2026-05-30 16:44:07.183,3,2.47,,512000000
2026-05-30 16:44:07.182,13,12.93,,512000000
2026-05-30 16:44:07.173,2,1.75,,512000000
2026-05-30 16:44:07.173,3,2.14,,512000000
2026-05-30 16:44:07.173,6,5.13,,512000000
2026-05-30 16:44:07.171,2,1.99,,512000000
2026-05-30 16:44:07.168,2,1.85,,512000000
2026-05-30 16:44:07.168,2,1.96,,512000000
2026-05-30 16:44:07.168,3,2.06,,512000000
2026-05-30 16:44:07.165,2,1.78,,512000000
2026-05-30 16:44:07.163,3,2,,512000000
2026-05-30 16:44:07.163,4,3.69,,512000000
2026-05-30 16:44:07.163,2,1.94,,512000000
2026-05-30 16:44:07.151,2,1.93,,512000000
2026-05-30 16:44:07.077,30,29.38,,512000000
2026-05-30 16:44:07.033,2,1.82,,512000000
2026-05-30 16:44:07.029,3,2.03,,512000000
2026-05-30 16:44:07.021,2,1.71,,512000000
2026-05-30 16:44:07.008,2,1.9,,512000000
2026-05-30 16:44:06.983,12,11.76,,512000000
2026-05-30 16:44:06.980,2,1.84,,512000000
2026-05-30 16:44:06.963,13,12.12,,512000000
2026-05-30 16:44:06.962,2,1.73,,512000000
2026-05-30 16:44:06.957,2,1.79,,512000000
2026-05-30 16:44:06.953,3,2.08,,512000000
2026-05-30 16:44:06.945,7,6.74,,512000000
2026-05-30 16:44:06.943,6,5.26,,512000000
2026-05-30 16:44:06.939,2,1.74,,512000000
2026-05-30 16:44:06.937,8,7.23,,512000000
2026-05-30 16:44:06.936,3,2.12,,512000000
2026-05-30 16:44:06.934,9,8.91,,512000000
2026-05-30 16:44:06.931,3,2.05,,512000000
2026-05-30 16:44:06.931,3,2.13,,512000000
2026-05-30 16:44:06.931,2,1.86,,512000000
2026-05-30 16:44:06.930,3,2.12,,512000000
2026-05-30 16:44:06.929,2,1.6,,512000000
2026-05-30 16:44:06.927,2,1.78,,512000000
2026-05-30 16:44:06.924,2,1.75,,512000000
2026-05-30 16:44:06.784,5,4.96,,512000000
2026-05-30 16:44:06.782,3,2.02,,512000000
2026-05-30 16:44:06.773,7,6.43,,512000000
2026-05-30 16:44:06.765,2,1.62,,512000000
2026-05-30 16:44:06.743,2,1.75,,512000000
2026-05-30 16:44:06.740,2,1.77,,512000000
2026-05-30 16:44:06.728,2,1.94,,512000000
2026-05-30 16:44:06.697,6,5.29,,512000000
2026-05-30 16:44:06.697,5,4.58,,512000000
2026-05-30 16:44:06.695,3,2.09,,512000000
2026-05-30 16:44:06.691,3,2.01,,512000000
2026-05-30 16:44:06.691,2,1.81,,512000000
2026-05-30 16:44:06.690,2,1.98,,512000000
2026-05-30 16:44:06.689,2,1.92,,512000000
2026-05-30 16:44:06.689,2,1.87,,512000000
2026-05-30 16:44:06.687,2,1.93,,512000000
2026-05-30 16:44:06.686,3,2.16,,512000000
2026-05-30 16:44:06.685,2,1.87,,512000000
2026-05-30 16:44:06.663,3,2.04,,512000000
2026-05-30 16:44:06.650,2,1.81,,512000000
2026-05-30 16:44:06.643,2,1.98,,512000000
2026-05-30 16:44:06.628,2,1.78,,512000000
2026-05-30 16:44:06.628,3,2.04,,512000000
2026-05-30 16:44:06.549,3,2.08,,512000000
2026-05-30 16:44:06.547,2,1.75,,512000000
2026-05-30 16:44:06.539,3,2.36,,512000000
2026-05-30 16:44:06.531,2,1.76,,512000000
2026-05-30 16:44:06.520,2,1.8,,512000000
2026-05-30 16:44:06.483,3,2.04,,512000000
2026-05-30 16:44:06.468,7,6.04,,512000000
2026-05-30 16:44:06.453,3,2.06,,512000000
2026-05-30 16:44:06.450,3,2.13,,512000000
2026-05-30 16:44:06.449,3,2.44,,512000000
2026-05-30 16:44:06.449,2,1.82,,512000000
2026-05-30 16:44:06.449,3,2.02,,512000000
2026-05-30 16:44:06.448,3,2.03,,512000000
2026-05-30 16:44:06.448,2,1.9,,512000000
2026-05-30 16:44:06.446,6,5.52,,512000000
2026-05-30 16:44:06.445,2,1.76,,512000000
2026-05-30 16:44:06.444,2,1.94,,512000000
2026-05-30 16:44:06.422,3,2.14,,512000000
2026-05-30 16:44:06.409,2,1.89,,512000000
2026-05-30 16:44:06.384,2,1.92,,512000000
2026-05-30 16:44:06.307,2,1.8,,512000000
2026-05-30 16:44:06.304,3,2.18,,512000000
2026-05-30 16:44:06.304,2,1.68,,512000000
2026-05-30 16:44:06.303,2,1.81,,512000000
2026-05-30 16:44:06.293,2,1.82,,512000000
2026-05-30 16:44:06.287,2,1.96,,512000000
2026-05-30 16:44:06.238,2,1.83,,512000000
2026-05-30 16:44:06.237,15,14.19,,512000000
2026-05-30 16:44:06.236,8,7.5,,512000000
2026-05-30 16:44:06.223,2,1.84,,512000000
2026-05-30 16:44:06.218,2,1.88,,512000000
2026-05-30 16:44:06.216,3,2.13,,512000000
2026-05-30 16:44:06.216,15,14.87,,512000000
2026-05-30 16:44:06.212,3,2.21,,512000000
2026-05-30 16:44:06.210,4,3.21,,512000000
2026-05-30 16:44:06.210,3,2.21,,512000000
2026-05-30 16:44:06.208,2,1.99,,512000000
2026-05-30 16:44:06.208,3,2.1,,512000000
2026-05-30 16:44:06.207,2,1.59,,512000000
2026-05-30 16:44:06.082,2,1.82,,512000000
2026-05-30 16:44:06.078,4,3.65,,512000000
2026-05-30 16:44:06.075,10,9.19,,512000000
2026-05-30 16:44:06.058,3,2.35,,512000000
2026-05-30 16:44:06.055,6,5.69,,512000000
2026-05-30 16:44:06.051,2,1.83,,512000000
2026-05-30 16:44:06.036,23,22.15,,512000000
2026-05-30 16:44:06.030,3,2.36,,512000000
2026-05-30 16:44:06.026,2,1.89,,512000000
2026-05-30 16:44:06.008,2,1.61,,512000000
2026-05-30 16:44:06.001,2,1.7,,512000000
2026-05-30 16:44:05.973,2,1.81,,512000000
2026-05-30 16:44:05.970,2,1.92,,512000000
2026-05-30 16:44:05.970,2,1.75,,512000000
2026-05-30 16:44:05.968,2,1.83,,512000000
2026-05-30 16:44:05.966,2,1.99,,512000000
2026-05-30 16:44:05.963,2,1.86,,512000000
2026-05-30 16:44:05.963,2,1.85,,512000000
2026-05-30 16:44:05.963,2,1.74,,512000000
2026-05-30 16:44:05.905,2,1.84,,512000000
2026-05-30 16:44:05.831,3,2.11,,512000000
2026-05-30 16:44:05.822,2,1.93,,512000000
2026-05-30 16:44:05.788,2,1.79,,512000000
2026-05-30 16:44:05.754,2,1.59,,512000000
2026-05-30 16:44:05.746,6,5.5,,512000000
2026-05-30 16:44:05.733,2,1.78,,512000000
2026-05-30 16:44:05.726,2,1.83,,512000000
2026-05-30 16:44:05.722,2,1.95,,512000000
2026-05-30 16:44:05.722,2,1.72,,512000000
2026-05-30 16:44:05.722,2,1.6,,512000000
2026-05-30 16:44:05.719,3,2.23,,512000000
2026-05-30 16:44:05.714,9,8.88,,512000000
2026-05-30 16:44:05.694,8,7.06,,512000000
2026-05-30 16:44:05.613,9,8.41,,512000000
2026-05-30 16:44:05.597,19,18.42,,512000000
2026-05-30 16:44:05.582,12,11.23,,512000000
2026-05-30 16:44:05.581,2,1.71,,512000000
2026-05-30 16:44:05.579,2,1.77,,512000000
2026-05-30 16:44:05.573,38,37.29,,512000000
2026-05-30 16:44:05.573,19,18.84,,512000000
2026-05-30 16:44:05.571,3,2.18,,512000000
2026-05-30 16:44:05.541,2,1.9,,512000000
2026-05-30 16:44:05.537,2,1.91,,512000000
2026-05-30 16:44:05.533,41,40.48,,512000000
2026-05-30 16:44:05.515,2,1.6,,512000000
2026-05-30 16:44:05.494,5,4.59,,512000000
2026-05-30 16:44:05.491,2,1.73,,512000000
2026-05-30 16:44:05.490,2,1.78,,512000000
2026-05-30 16:44:05.487,3,2.08,,512000000
2026-05-30 16:44:05.483,2,1.99,,512000000
2026-05-30 16:44:05.482,3,2.05,,512000000
2026-05-30 16:44:05.481,3,2.23,,512000000
2026-05-30 16:44:05.481,2,1.58,,512000000
2026-05-30 16:44:05.479,2,1.78,,512000000
2026-05-30 16:44:05.479,3,2.08,,512000000
2026-05-30 16:44:05.478,2,1.82,,512000000
2026-05-30 16:44:05.478,2,1.6,,512000000
2026-05-30 16:44:05.478,3,2.58,,512000000
2026-05-30 16:44:05.426,2,1.68,,512000000
2026-05-30 16:44:05.425,2,1.72,,512000000
2026-05-30 16:44:05.423,3,2.01,,512000000
2026-05-30 16:44:05.423,3,2.1,,512000000
2026-05-30 16:44:05.356,2,1.89,,512000000
2026-05-30 16:44:05.351,2,1.84,,512000000
2026-05-30 16:44:05.341,2,1.97,,512000000
2026-05-30 16:44:05.334,2,1.78,,512000000
2026-05-30 16:44:05.333,2,1.89,,512000000
2026-05-30 16:44:05.321,2,1.94,,512000000
2026-05-30 16:44:05.311,2,1.84,,512000000
2026-05-30 16:44:05.268,8,7.08,,512000000
2026-05-30 16:44:05.260,11,10.97,,512000000
2026-05-30 16:44:05.253,2,1.95,,512000000
2026-05-30 16:44:05.252,2,1.75,,512000000
2026-05-30 16:44:05.248,2,1.73,,512000000
2026-05-30 16:44:05.247,3,2.21,,512000000
2026-05-30 16:44:05.247,3,2.34,,512000000
2026-05-30 16:44:05.246,3,2.08,,512000000
2026-05-30 16:44:05.245,3,2.23,,512000000
2026-05-30 16:44:05.243,2,1.98,,512000000
2026-05-30 16:44:05.242,2,1.94,,512000000
2026-05-30 16:44:05.198,9,8.98,,512000000
2026-05-30 16:44:05.183,2,1.7,,512000000
2026-05-30 16:44:05.179,2,1.83,,512000000
2026-05-30 16:44:05.138,9,8.74,,512000000
2026-05-30 16:44:05.119,3,2.54,,512000000
2026-05-30 16:44:05.118,8,7.13,,512000000
2026-05-30 16:44:05.106,3,2.15,,512000000
2026-05-30 16:44:05.074,2,1.79,,512000000
2026-05-30 16:44:05.071,2,1.83,,512000000
2026-05-30 16:44:05.059,3,2.03,,512000000
2026-05-30 16:44:05.058,2,1.79,,512000000
2026-05-30 16:44:05.043,7,6.67,,512000000
2026-05-30 16:44:05.039,21,20.88,,512000000
2026-05-30 16:44:05.022,22,21.29,,512000000
2026-05-30 16:44:05.021,22,21.86,,512000000
2026-05-30 16:44:05.021,3,2.35,,512000000
2026-05-30 16:44:05.014,18,17.93,,512000000
2026-05-30 16:44:05.006,2,1.93,,512000000
2026-05-30 16:44:05.005,3,2.94,,512000000
2026-05-30 16:44:05.004,3,2.02,,512000000
2026-05-30 16:44:05.003,4,3.21,,512000000
2026-05-30 16:44:05.003,3,2.18,,512000000
2026-05-30 16:44:05.003,6,6,,512000000
2026-05-30 16:44:05.001,2,1.95,,512000000
2026-05-30 16:44:04.999,2,1.65,,512000000
2026-05-30 16:44:04.996,2,1.98,,512000000
2026-05-30 16:44:04.996,2,1.93,,512000000
2026-05-30 16:44:04.980,3,2.01,,512000000
2026-05-30 16:44:04.953,2,1.83,,512000000
2026-05-30 16:44:04.940,2,1.93,,512000000
2026-05-30 16:44:04.876,2,1.9,,512000000
2026-05-30 16:44:04.870,2,1.98,,512000000
2026-05-30 16:44:04.862,2,1.78,,512000000
2026-05-30 16:44:04.851,2,1.75,,512000000
2026-05-30 16:44:04.850,2,1.9,,512000000
2026-05-30 16:44:04.842,6,5.13,,512000000
2026-05-30 16:44:04.841,2,1.85,,512000000
2026-05-30 16:44:04.840,2,1.74,,512000000
2026-05-30 16:44:04.831,2,1.94,,512000000
2026-05-30 16:44:04.828,3,2.4,,512000000
2026-05-30 16:44:04.822,3,2.02,,512000000
2026-05-30 16:44:04.812,12,11.09,,512000000
2026-05-30 16:44:04.767,2,1.79,,512000000
2026-05-30 16:44:04.766,7,6.05,,512000000
2026-05-30 16:44:04.766,3,2.33,,512000000
2026-05-30 16:44:04.766,3,2.19,,512000000
2026-05-30 16:44:04.764,3,2.02,,512000000
2026-05-30 16:44:04.763,2,1.94,,512000000
2026-05-30 16:44:04.762,2,1.66,,512000000
2026-05-30 16:44:04.740,3,2.15,,512000000
2026-05-30 16:44:04.719,2,1.86,,512000000
2026-05-30 16:44:04.719,2,1.69,,512000000
2026-05-30 16:44:04.718,2,1.84,,512000000
2026-05-30 16:44:04.677,2,1.94,,512000000
2026-05-30 16:44:04.654,2,1.81,,512000000
2026-05-30 16:44:04.597,2,2,,512000000
2026-05-30 16:44:04.569,2,1.97,,512000000
2026-05-30 16:44:04.553,9,8.19,,512000000
2026-05-30 16:44:04.553,17,16.75,,512000000
2026-05-30 16:44:04.545,3,2.31,,512000000
2026-05-30 16:44:04.545,4,3.15,,512000000
2026-05-30 16:44:04.539,3,2.17,,512000000
2026-05-30 16:44:04.539,2,1.74,,512000000
2026-05-30 16:44:04.538,2,1.77,,512000000
2026-05-30 16:44:04.535,3,2,,512000000
2026-05-30 16:44:04.534,2,1.71,,512000000
2026-05-30 16:44:04.498,2,1.85,,512000000
2026-05-30 16:44:04.470,2,1.71,,512000000
2026-05-30 16:44:04.452,2,1.74,,512000000
2026-05-30 16:44:04.403,4,3.42,,512000000
2026-05-30 16:44:04.399,2,1.94,,512000000
2026-05-30 16:44:04.399,6,5.84,,512000000
2026-05-30 16:44:04.398,4,3.28,,512000000
2026-05-30 16:44:04.363,3,2.22,,512000000
2026-05-30 16:44:04.343,14,13.94,,512000000
2026-05-30 16:44:04.342,3,2.4,,512000000
2026-05-30 16:44:04.338,2,1.79,,512000000
2026-05-30 16:44:04.331,3,2.16,,512000000
2026-05-30 16:44:04.330,3,2.1,,512000000
2026-05-30 16:44:04.310,2,1.71,,512000000
2026-05-30 16:44:04.277,4,3.84,,512000000
2026-05-30 16:44:04.267,2,1.94,,512000000
2026-05-30 16:44:04.267,2,1.68,,512000000
2026-05-30 16:44:04.259,3,2.27,,512000000
2026-05-30 16:44:04.253,3,2.4,,512000000
2026-05-30 16:44:04.243,15,14.33,,512000000
2026-05-30 16:44:04.237,2,1.95,,512000000
2026-05-30 16:44:04.229,2,1.81,,512000000
2026-05-30 16:44:04.219,2,1.67,,512000000
2026-05-30 16:44:04.212,2,1.9,,512000000
2026-05-30 16:44:04.112,3,2.03,,512000000
2026-05-30 16:44:04.110,2,1.8,,512000000
2026-05-30 16:44:04.090,2,1.83,,512000000
2026-05-30 16:44:04.073,3,2.21,,512000000
2026-05-30 16:44:04.048,2,1.84,,512000000
2026-05-30 16:44:04.044,17,16.57,,512000000
2026-05-30 16:44:04.034,22,21.26,,512000000
2026-05-30 16:44:04.024,2,1.94,,512000000
2026-05-30 16:44:04.019,3,2,,512000000
2026-05-30 16:44:04.012,2,1.65,,512000000
2026-05-30 16:44:04.012,3,2.22,,512000000
2026-05-30 16:44:04.009,2,1.85,,512000000
2026-05-30 16:44:03.976,24,23.21,,512000000
2026-05-30 16:44:03.969,2,1.78,,512000000
2026-05-30 16:44:03.964,3,2.04,,512000000
2026-05-30 16:44:03.961,2,1.88,,512000000
2026-05-30 16:44:03.888,2,1.9,,512000000
2026-05-30 16:44:03.888,2,1.8,,512000000
2026-05-30 16:44:03.875,13,12.96,,512000000
2026-05-30 16:44:03.866,3,2.02,,512000000
2026-05-30 16:44:03.858,2,1.6,,512000000
2026-05-30 16:44:03.842,10,9.2,,512000000
2026-05-30 16:44:03.837,18,17.25,,512000000
2026-05-30 16:44:03.830,2,1.83,,512000000
2026-05-30 16:44:03.825,2,1.9,,512000000
2026-05-30 16:44:03.813,2,1.62,,512000000
2026-05-30 16:44:03.799,2,1.81,,512000000
2026-05-30 16:44:03.774,13,12.82,,512000000
2026-05-30 16:44:03.764,3,2.54,,512000000
2026-05-30 16:44:03.752,2,1.83,,512000000
2026-05-30 16:44:03.741,6,5.39,,512000000
2026-05-30 16:44:03.732,3,2.07,,512000000
2026-05-30 16:44:03.718,2,1.75,,512000000
2026-05-30 16:44:03.715,2,1.99,,512000000
2026-05-30 16:44:03.715,3,2.59,,512000000
2026-05-30 16:44:03.702,3,2.39,,512000000
2026-05-30 16:44:03.695,2,1.77,,512000000
2026-05-30 16:44:03.656,19,18.24,,512000000
2026-05-30 16:44:03.652,3,2,,512000000
2026-05-30 16:44:03.620,2,1.98,,512000000
2026-05-30 16:44:03.614,2,1.57,,512000000
2026-05-30 16:44:03.595,17,16.2,,512000000
2026-05-30 16:44:03.590,3,2.02,,512000000
2026-05-30 16:44:03.571,2,1.8,,512000000
2026-05-30 16:44:03.570,2,1.83,,512000000
2026-05-30 16:44:03.556,2,1.73,,512000000
2026-05-30 16:44:03.553,5,4.31,,512000000
2026-05-30 16:44:03.552,3,2.05,,512000000
2026-05-30 16:44:03.552,19,18.22,,512000000
2026-05-30 16:44:03.545,3,2.98,,512000000
2026-05-30 16:44:03.543,3,2.16,,512000000
2026-05-30 16:44:03.539,3,2.01,,512000000
2026-05-30 16:44:03.528,2,1.9,,512000000
2026-05-30 16:44:03.514,2,1.8,,512000000
2026-05-30 16:44:03.509,2,2,,512000000
2026-05-30 16:44:03.493,3,2,,512000000
2026-05-30 16:44:03.491,2,1.91,,512000000
2026-05-30 16:44:03.487,2,1.8,,512000000
2026-05-30 16:44:03.482,2,1.7,,512000000
2026-05-30 16:44:03.459,2,1.77,,512000000
2026-05-30 16:44:03.452,3,2.01,,512000000
2026-05-30 16:44:03.446,2,1.98,,512000000
2026-05-30 16:44:03.445,2,1.87,,512000000
2026-05-30 16:44:03.445,2,1.73,,512000000
2026-05-30 16:44:03.428,2,1.91,,512000000
2026-05-30 16:44:03.410,2,1.85,,512000000
2026-05-30 16:44:03.409,3,2.12,,512000000
2026-05-30 16:44:03.402,2,1.95,,512000000
2026-05-30 16:44:03.394,2,1.91,,512000000
2026-05-30 16:44:03.389,2,1.83,,512000000
2026-05-30 16:44:03.382,2,1.82,,512000000
2026-05-30 16:44:03.379,2,1.81,,512000000
2026-05-30 16:44:03.377,2,1.78,,512000000
2026-05-30 16:44:03.367,2,1.97,,512000000
2026-05-30 16:44:03.355,2,1.79,,512000000
2026-05-30 16:44:03.351,5,4.53,,512000000
2026-05-30 16:44:03.347,2,1.81,,512000000
2026-05-30 16:44:03.299,4,3.87,,512000000
2026-05-30 16:44:03.291,2,1.75,,512000000
2026-05-30 16:44:03.287,2,1.94,,512000000
2026-05-30 16:44:03.285,3,2.56,,512000000
2026-05-30 16:44:03.262,2,1.77,,512000000
2026-05-30 16:44:03.254,4,3.66,,512000000
2026-05-30 16:44:03.224,2,1.98,,512000000
2026-05-30 16:44:03.223,3,2.11,,512000000
2026-05-30 16:44:03.210,3,2.09,,512000000
2026-05-30 16:44:03.186,2,1.84,,512000000
2026-05-30 16:44:03.153,2,1.81,,512000000
2026-05-30 16:44:03.141,2,1.82,,512000000
2026-05-30 16:44:03.134,8,7.3,,512000000
2026-05-30 16:44:03.116,3,2.03,,512000000
2026-05-30 16:44:03.113,2,1.96,,512000000
2026-05-30 16:44:03.098,2,1.7,,512000000
2026-05-30 16:44:03.084,3,2.07,,512000000
2026-05-30 16:44:03.019,2,1.7,,512000000
2026-05-30 16:44:03.004,7,6.14,,512000000
2026-05-30 16:44:03.002,3,2.01,,512000000
2026-05-30 16:44:02.990,2,1.72,,512000000
2026-05-30 16:44:02.981,3,2.07,,512000000
2026-05-30 16:44:02.973,2,1.88,,512000000
2026-05-30 16:44:02.973,3,2.04,,512000000
2026-05-30 16:44:02.968,2,1.95,,512000000
2026-05-30 16:44:02.949,5,4.82,,512000000
2026-05-30 16:44:02.910,7,6.09,,512000000
2026-05-30 16:44:02.901,3,2.86,,512000000
2026-05-30 16:44:02.891,10,9.69,,512000000
2026-05-30 16:44:02.884,10,9.28,,512000000
2026-05-30 16:44:02.882,8,7.18,,512000000
2026-05-30 16:44:02.880,3,2.07,,512000000
2026-05-30 16:44:02.872,6,5.32,,512000000
2026-05-30 16:44:02.862,4,3.26,,512000000
2026-05-30 16:44:02.859,4,3.24,,512000000
2026-05-30 16:44:02.858,2,1.73,,512000000
2026-05-30 16:44:02.856,3,2.08,,512000000
2026-05-30 16:44:02.856,2,1.96,,512000000
2026-05-30 16:44:02.855,2,1.88,,512000000
2026-05-30 16:44:02.854,2,1.8,,512000000
2026-05-30 16:44:02.853,2,1.72,,512000000
2026-05-30 16:44:02.813,2,1.95,,512000000
2026-05-30 16:44:02.813,2,1.89,,512000000
2026-05-30 16:44:02.793,2,1.9,,512000000
2026-05-30 16:44:02.783,3,2.45,,512000000
2026-05-30 16:44:02.772,3,2.16,,512000000
2026-05-30 16:44:02.763,2,1.79,,512000000
2026-05-30 16:44:02.763,2,1.97,,512000000
2026-05-30 16:44:02.749,6,5.59,,512000000
2026-05-30 16:44:02.746,40,39.65,,512000000
2026-05-30 16:44:02.746,2,1.63,,512000000
2026-05-30 16:44:02.743,3,2.05,,512000000
2026-05-30 16:44:02.736,2,1.96,,512000000
2026-05-30 16:44:02.730,2,1.7,,512000000
2026-05-30 16:44:02.729,3,2.05,,512000000
2026-05-30 16:44:02.703,3,2.1,,512000000
2026-05-30 16:44:02.699,2,1.92,,512000000
2026-05-30 16:44:02.667,3,2.19,,512000000
2026-05-30 16:44:02.655,2,1.68,,512000000
2026-05-30 16:44:02.654,2,1.95,,512000000
2026-05-30 16:44:02.639,2,1.6,,512000000
2026-05-30 16:44:02.630,2,1.93,,512000000
2026-05-30 16:44:02.630,2,1.86,,512000000
2026-05-30 16:44:02.592,3,2.2,,512000000
2026-05-30 16:44:02.591,2,1.7,,512000000
2026-05-30 16:44:02.587,2,1.75,,512000000
2026-05-30 16:44:02.567,2,1.7,,512000000
2026-05-30 16:44:02.564,2,1.96,,512000000
2026-05-30 16:44:02.562,2,1.85,,512000000
2026-05-30 16:44:02.551,2,1.86,,512000000
2026-05-30 16:44:02.546,2,1.67,,512000000
2026-05-30 16:44:02.542,53,52.34,,512000000
2026-05-30 16:44:02.511,8,7.04,,512000000
2026-05-30 16:44:02.507,2,1.96,,512000000
2026-05-30 16:44:02.476,2,1.7,,512000000
2026-05-30 16:44:02.475,2,1.69,,512000000
2026-05-30 16:44:02.461,5,4.88,,512000000
2026-05-30 16:44:02.439,2,1.83,,512000000
2026-05-30 16:44:02.435,14,13.58,,512000000
2026-05-30 16:44:02.425,3,2.23,,512000000
2026-05-30 16:44:02.412,2,1.76,,512000000
2026-05-30 16:44:02.391,4,3.75,,512000000
2026-05-30 16:44:02.340,2,1.88,,512000000
2026-05-30 16:44:02.333,2,1.94,,512000000
2026-05-30 16:44:02.332,3,2.21,,512000000
2026-05-30 16:44:02.304,2,1.86,,512000000
2026-05-30 16:44:02.296,2,1.87,,512000000
2026-05-30 16:44:02.295,7,6.82,,512000000
2026-05-30 16:44:02.277,3,2.08,,512000000
2026-05-30 16:44:02.264,3,2.44,,512000000
2026-05-30 16:44:02.256,5,4.36,,512000000
2026-05-30 16:44:02.241,4,3.81,,512000000
2026-05-30 16:44:02.223,2,1.81,,512000000
2026-05-30 16:44:02.222,3,2.2,,512000000
2026-05-30 16:44:02.218,3,2.14,,512000000
2026-05-30 16:44:02.201,4,3.36,,512000000
2026-05-30 16:44:02.180,2,1.92,,512000000
2026-05-30 16:44:02.148,8,7.03,,512000000
2026-05-30 16:44:02.120,2,1.82,,512000000
2026-05-30 16:44:02.109,3,2.08,,512000000
2026-05-30 16:44:02.088,16,15.89,,512000000
2026-05-30 16:44:02.086,3,2.06,,512000000
2026-05-30 16:44:02.041,6,5.96,,512000000
2026-05-30 16:44:02.033,2,1.97,,512000000
2026-05-30 16:44:02.024,2,1.82,,512000000
2026-05-30 16:44:02.013,3,2.06,,512000000
2026-05-30 16:44:01.997,6,5.66,,512000000
2026-05-30 16:44:01.982,12,11.46,,512000000
2026-05-30 16:44:01.981,2,1.57,,512000000
2026-05-30 16:44:01.979,2,1.76,,512000000
2026-05-30 16:44:01.973,2,1.99,,512000000
2026-05-30 16:44:01.973,41,40.31,,512000000
2026-05-30 16:44:01.953,2,1.72,,512000000
2026-05-30 16:44:01.927,2,1.8,,512000000
2026-05-30 16:44:01.908,2,1.69,,512000000
2026-05-30 16:44:01.905,2,1.81,,512000000
2026-05-30 16:44:01.903,4,3.96,,512000000
2026-05-30 16:44:01.886,3,2.62,,512000000
2026-05-30 16:44:01.878,3,2.29,,512000000
2026-05-30 16:44:01.873,2,1.92,,512000000
2026-05-30 16:44:01.872,2,1.82,,512000000
2026-05-30 16:44:01.863,2,1.81,,512000000
2026-05-30 16:44:01.844,2,1.67,,512000000
2026-05-30 16:44:01.828,2,1.96,,512000000
2026-05-30 16:44:01.808,3,2.67,,512000000
2026-05-30 16:44:01.805,2,1.96,,512000000
2026-05-30 16:44:01.805,2,1.87,,512000000
2026-05-30 16:44:01.804,2,2,,512000000
2026-05-30 16:44:01.804,14,13.13,,512000000
2026-05-30 16:44:01.763,19,18.65,,512000000
2026-05-30 16:44:01.757,2,1.81,,512000000
2026-05-30 16:44:01.755,2,1.94,,512000000
2026-05-30 16:44:01.743,2,1.99,,512000000
2026-05-30 16:44:01.725,3,2.36,,512000000
2026-05-30 16:44:01.723,14,13.2,,512000000
2026-05-30 16:44:01.722,2,1.88,,512000000
2026-05-30 16:44:01.720,2,1.65,,512000000
2026-05-30 16:44:01.713,2,1.99,,512000000
2026-05-30 16:44:01.712,2,1.78,,512000000
2026-05-30 16:44:01.703,4,3.17,,512000000
2026-05-30 16:44:01.697,7,6.19,,512000000
2026-05-30 16:44:01.684,2,1.73,,512000000
2026-05-30 16:44:01.666,33,32.98,,512000000
2026-05-30 16:44:01.662,8,7.97,,512000000
2026-05-30 16:44:01.642,2,1.94,,512000000
2026-05-30 16:44:01.618,2,1.76,,512000000
2026-05-30 16:44:01.599,3,2.01,,512000000
2026-05-30 16:44:01.572,3,2.04,,512000000
2026-05-30 16:44:01.568,3,2.11,,512000000
2026-05-30 16:44:01.564,2,1.73,,512000000
2026-05-30 16:44:01.563,2,1.63,,512000000
2026-05-30 16:44:01.555,2,1.71,,512000000
2026-05-30 16:44:01.541,4,3.21,,512000000
2026-05-30 16:44:01.516,2,1.7,,512000000
2026-05-30 16:44:01.515,2,1.81,,512000000
2026-05-30 16:44:01.513,8,7.38,,512000000
2026-05-30 16:44:01.497,2,1.74,,512000000
2026-05-30 16:44:01.497,2,1.74,,512000000
2026-05-30 16:44:01.491,9,8.71,,512000000
2026-05-30 16:44:01.485,2,1.71,,512000000
2026-05-30 16:44:01.484,3,2.35,,512000000
2026-05-30 16:44:01.478,6,5.87,,512000000
2026-05-30 16:44:01.469,2,1.71,,512000000
2026-05-30 16:44:01.457,3,2.17,,512000000
2026-05-30 16:44:01.436,27,26.39,,512000000
2026-05-30 16:44:01.430,3,2.52,,512000000
2026-05-30 16:44:01.425,3,2.2,,512000000
2026-05-30 16:44:01.419,2,1.7,,512000000
2026-05-30 16:44:01.402,2,1.86,,512000000
2026-05-30 16:44:01.401,2,1.75,,512000000
2026-05-30 16:44:01.397,3,2.04,,512000000
2026-05-30 16:44:01.382,2,1.87,,512000000
2026-05-30 16:44:01.380,2,1.78,,512000000
2026-05-30 16:44:01.377,2,1.89,,512000000
2026-05-30 16:44:01.373,2,1.91,,512000000
2026-05-30 16:44:01.358,2,1.83,,512000000
2026-05-30 16:44:01.358,4,3.16,,512000000
2026-05-30 16:44:01.352,43,42.21,,512000000
2026-05-30 16:44:01.342,2,1.72,,512000000
2026-05-30 16:44:01.336,2,1.57,,512000000