@timestamp,@billedDuration,@duration,@initDuration,@memorySize
2026-05-29 12:54:29.246,122,121.99,,256000000
2026-05-29 12:54:29.185,3,2.09,,256000000
2026-05-29 12:54:28.656,2,1.72,,256000000
2026-05-29 12:54:27.960,27,26.54,,256000000
2026-05-29 12:54:27.825,3,2.06,,256000000
2026-05-29 12:54:27.565,3,2.07,,256000000
2026-05-29 12:54:27.552,2,1.93,,256000000
2026-05-29 12:54:26.335,2,1.74,,256000000
2026-05-29 12:54:26.319,2,1.95,,256000000
2026-05-29 12:54:26.132,3,2.04,,256000000
2026-05-29 12:54:25.532,2,1.84,,256000000
2026-05-29 12:54:25.415,3,2.17,,256000000
2026-05-29 12:54:24.280,2,1.82,,256000000
2026-05-29 12:54:24.254,2,1.67,,256000000
2026-05-29 12:54:24.202,2,1.82,,256000000
2026-05-29 12:54:23.987,2,1.74,,256000000
2026-05-29 12:54:23.679,2,1.58,,256000000
2026-05-29 12:54:22.584,2,1.79,,256000000
2026-05-29 12:54:22.411,2,1.75,,256000000
2026-05-29 12:54:22.171,2,1.72,,256000000
2026-05-29 12:54:22.112,2,1.97,,256000000
2026-05-29 12:54:21.672,2,1.75,,256000000
2026-05-29 12:54:20.893,3,2.09,,256000000
2026-05-29 12:54:20.762,14,13.82,,256000000
2026-05-29 12:54:20.345,2,1.94,,256000000
2026-05-29 12:54:20.272,3,2.25,,256000000
2026-05-29 12:54:20.252,2,1.86,,256000000
2026-05-29 12:54:19.504,2,1.88,,256000000
2026-05-29 12:54:19.486,5,4.46,,256000000
2026-05-29 12:54:18.545,3,2.04,,256000000
2026-05-29 12:54:18.453,2,1.92,,256000000
2026-05-29 12:54:18.125,3,2.03,,256000000
2026-05-29 12:54:18.039,4,3.39,,256000000
2026-05-29 12:54:17.320,12,11.89,,256000000
2026-05-29 12:54:16.689,3,2.15,,256000000
2026-05-29 12:54:16.547,2,1.86,,256000000
2026-05-29 12:54:16.539,3,2.17,,256000000
2026-05-29 12:54:16.027,2,2,,256000000
2026-05-29 12:54:15.442,2,1.88,,256000000
2026-05-29 12:54:14.867,3,2.09,,256000000
2026-05-29 12:54:14.692,15,14.3,,256000000
2026-05-29 12:54:14.204,2,1.89,,256000000
2026-05-29 12:54:13.980,56,55.87,,256000000
2026-05-29 12:54:13.819,2,1.84,,256000000
2026-05-29 12:54:13.491,2,1.93,,256000000
2026-05-29 12:54:12.604,2,1.94,,256000000
2026-05-29 12:54:12.446,35,34.8,,256000000
2026-05-29 12:54:12.420,2,1.98,,256000000
2026-05-29 12:54:12.271,3,2.01,,256000000
2026-05-29 12:54:11.961,3,2.02,,256000000
2026-05-29 12:54:11.100,3,2.31,,256000000
2026-05-29 12:54:10.611,3,2.07,,256000000
2026-05-29 12:54:10.500,2,1.91,,256000000
2026-05-29 12:54:10.140,3,2.13,,256000000
2026-05-29 12:54:09.721,2,1.99,,256000000
2026-05-29 12:54:09.426,2,1.66,,256000000
2026-05-29 12:54:09.113,18,17.09,,256000000
2026-05-29 12:54:08.919,3,2.19,,256000000
2026-05-29 12:54:07.965,2,1.72,,256000000
2026-05-29 12:54:07.633,3,2.02,,256000000
2026-05-29 12:54:07.538,2,1.86,,256000000
2026-05-29 12:54:07.459,3,2.23,,256000000
2026-05-29 12:54:07.187,2,1.76,,256000000
2026-05-29 12:54:05.801,2,1.85,,256000000
2026-05-29 12:54:05.761,46,45.58,,256000000
2026-05-29 12:54:05.440,2,1.69,,256000000
2026-05-29 12:54:05.273,2,1.92,,256000000
2026-05-29 12:54:05.220,3,2.28,,256000000
2026-05-29 12:54:04.342,3,2.25,,256000000
2026-05-29 12:54:03.759,2,1.9,,256000000
2026-05-29 12:54:03.740,3,2.07,,256000000
2026-05-29 12:54:03.620,2,1.93,,256000000
2026-05-29 12:54:03.177,2,1.73,,256000000
2026-05-29 12:54:02.340,3,2.12,,256000000
2026-05-29 12:54:02.150,2,1.77,,256000000
2026-05-29 12:54:02.047,2,1.78,,256000000
2026-05-29 12:54:01.321,3,2.04,,256000000
2026-05-29 12:54:01.272,50,49.16,,256000000
2026-05-29 12:54:01.040,3,2.03,,256000000
2026-05-29 12:54:00.341,14,13.33,,256000000
2026-05-29 12:54:00.179,3,2.01,,256000000
2026-05-29 12:53:59.380,2,1.97,,256000000
2026-05-29 12:53:59.254,3,2.1,,256000000
2026-05-29 12:53:59.240,2,1.7,,256000000
2026-05-29 12:53:58.522,2,1.77,,256000000
2026-05-29 12:53:58.171,3,2.27,,256000000
2026-05-29 12:53:57.300,4,3.58,,256000000
2026-05-29 12:53:57.180,3,2.38,,256000000
2026-05-29 12:53:57.160,20,19.84,,256000000
2026-05-29 12:53:56.506,2,1.81,,256000000
2026-05-29 12:53:56.261,3,2.03,,256000000
2026-05-29 12:53:55.736,2,1.88,,256000000
2026-05-29 12:53:55.681,2,1.71,,256000000
2026-05-29 12:53:55.287,2,1.75,,256000000
2026-05-29 12:53:54.859,2,1.74,,256000000
2026-05-29 12:53:54.740,2,1.94,,256000000
2026-05-29 12:53:54.022,2,1.98,,256000000
2026-05-29 12:53:53.902,2,1.63,,256000000
2026-05-29 12:53:53.859,3,2.09,,256000000
2026-05-29 12:53:52.821,2,1.79,,256000000
2026-05-29 12:53:52.620,2,1.97,,256000000
2026-05-29 12:53:52.567,3,2.01,,256000000
2026-05-29 12:53:52.213,8,7.16,,256000000
2026-05-29 12:53:52.142,22,21.23,,256000000
2026-05-29 12:53:51.286,2,1.74,,256000000
2026-05-29 12:53:50.787,2,1.65,,256000000
2026-05-29 12:53:50.434,3,2.04,,256000000
2026-05-29 12:53:50.416,2,1.92,,256000000
2026-05-29 12:53:50.279,2,1.78,,256000000
2026-05-29 12:53:49.824,2,1.98,,256000000
2026-05-29 12:53:49.300,2,1.83,,256000000
2026-05-29 12:53:49.160,3,2.06,,256000000
2026-05-29 12:53:48.961,27,26.08,,256000000
2026-05-29 12:53:48.790,2,1.87,,256000000
2026-05-29 12:53:47.685,2,1.87,,256000000
2026-05-29 12:53:47.542,2,1.74,,256000000
2026-05-29 12:53:47.521,14,13.39,,256000000
2026-05-29 12:53:47.257,2,1.82,,256000000
2026-05-29 12:53:47.002,8,7.66,,256000000
2026-05-29 12:53:46.152,3,2.28,,256000000
2026-05-29 12:53:45.859,2,1.85,,256000000
2026-05-29 12:53:45.663,2,1.78,,256000000
2026-05-29 12:53:45.660,2,2,,256000000
2026-05-29 12:53:45.244,2,1.89,,256000000
2026-05-29 12:53:44.217,2,1.89,,256000000
2026-05-29 12:53:43.918,2,1.8,,256000000
2026-05-29 12:53:43.661,3,2.02,,256000000
2026-05-29 12:53:43.592,9,8.59,,256000000
2026-05-29 12:53:43.416,3,2.73,,256000000
2026-05-29 12:53:42.785,3,2.04,,256000000
2026-05-29 12:53:42.433,2,1.77,,256000000
2026-05-29 12:53:41.819,3,2.05,,256000000
2026-05-29 12:53:41.553,2,1.69,,256000000
2026-05-29 12:53:41.419,2,1.9,,256000000
2026-05-29 12:53:41.120,3,2.17,,256000000
2026-05-29 12:53:40.115,2,1.93,,256000000
2026-05-29 12:53:40.029,3,2.25,,256000000
2026-05-29 12:53:39.903,2,1.76,,256000000
2026-05-29 12:53:39.633,2,1.8,,256000000
2026-05-29 12:53:39.367,2,1.76,,256000000
2026-05-29 12:53:38.380,3,2.04,,256000000
2026-05-29 12:53:38.241,2,1.95,,256000000
2026-05-29 12:53:37.990,2,1.77,,256000000
2026-05-29 12:53:37.570,2,1.86,,256000000
2026-05-29 12:53:37.140,2,1.64,,256000000
2026-05-29 12:53:37.041,3,2.25,,256000000
2026-05-29 12:53:36.560,2,2,,256000000
2026-05-29 12:53:36.241,29,28.06,,256000000
2026-05-29 12:53:36.038,2,1.74,,256000000
2026-05-29 12:53:35.659,2,1.89,,256000000
2026-05-29 12:53:35.516,3,2.26,,256000000
2026-05-29 12:53:34.661,79,78.35,,256000000
2026-05-29 12:53:34.584,2,1.86,,256000000
2026-05-29 12:53:34.135,2,1.67,,256000000
2026-05-29 12:53:33.320,2,1.53,,256000000
2026-05-29 12:53:33.186,3,2.37,,256000000
2026-05-29 12:53:32.735,2,1.71,,256000000
2026-05-29 12:53:32.644,3,2.12,,256000000
2026-05-29 12:53:32.329,2,1.77,,256000000
2026-05-29 12:53:31.987,10,9.09,,256000000
2026-05-29 12:53:31.547,3,2.1,,256000000
2026-05-29 12:53:31.524,3,2.25,,256000000
2026-05-29 12:53:30.593,43,42.77,,256000000
2026-05-29 12:53:30.541,10,9.89,,256000000
2026-05-29 12:53:30.396,3,2.02,,256000000
2026-05-29 12:53:29.646,29,28.66,,256000000
2026-05-29 12:53:29.171,2,1.71,,256000000
2026-05-29 12:53:28.990,2,1.91,,256000000
2026-05-29 12:53:28.785,15,14.3,,256000000
2026-05-29 12:53:28.439,2,1.71,,256000000
2026-05-29 12:53:27.978,2,1.73,,256000000
2026-05-29 12:53:27.457,3,2.16,,256000000
2026-05-29 12:53:27.451,3,2.08,,256000000
2026-05-29 12:53:26.927,3,2.1,,256000000
2026-05-29 12:53:26.834,2,1.84,,256000000
2026-05-29 12:53:26.073,42,41.11,,256000000
2026-05-29 12:53:25.458,2,1.76,,256000000
2026-05-29 12:53:25.344,3,2.01,,256000000
2026-05-29 12:53:25.206,27,26.81,,256000000
2026-05-29 12:53:24.759,3,2.2,,256000000
2026-05-29 12:53:24.008,2,1.78,,256000000
2026-05-29 12:53:23.971,2,1.88,,256000000
2026-05-29 12:53:23.644,3,2.01,,256000000
2026-05-29 12:53:23.346,2,1.75,,256000000
2026-05-29 12:53:22.784,3,2,,256000000
2026-05-29 12:53:21.987,2,1.95,,256000000
2026-05-29 12:53:21.756,3,2.26,,256000000
2026-05-29 12:53:21.384,11,10.9,,256000000
2026-05-29 12:53:21.345,16,15.6,,256000000
2026-05-29 12:53:21.043,3,2.18,,256000000
2026-05-29 12:53:20.493,2,1.87,,256000000
2026-05-29 12:53:19.759,2,1.97,,256000000
2026-05-29 12:53:19.624,3,2.05,,256000000
2026-05-29 12:53:19.576,2,1.85,,256000000
2026-05-29 12:53:19.370,3,2.21,,256000000
2026-05-29 12:53:18.679,2,1.93,,256000000
2026-05-29 12:53:18.168,2,1.75,,256000000
2026-05-29 12:53:17.784,3,2,,256000000
2026-05-29 12:53:17.709,2,1.75,,256000000
2026-05-29 12:53:17.667,39,38.08,,256000000
2026-05-29 12:53:16.605,10,9.02,,256000000
2026-05-29 12:53:16.331,3,2.14,,256000000
2026-05-29 12:53:16.279,3,2.22,,256000000
2026-05-29 12:53:15.933,2,1.82,,256000000
2026-05-29 12:53:15.473,38,37.22,,256000000
2026-05-29 12:53:14.613,169,168.97,,256000000
2026-05-29 12:53:14.554,3,2.12,,256000000
2026-05-29 12:53:14.437,2,1.7,,256000000
2026-05-29 12:53:14.403,2,1.91,,256000000
2026-05-29 12:53:13.844,3,2.03,,256000000
2026-05-29 12:53:13.246,32,31.84,,256000000
2026-05-29 12:53:13.087,34,33.64,,256000000
2026-05-29 12:53:12.841,30,29.6,,256000000
2026-05-29 12:53:12.366,58,57.27,,256000000
2026-05-29 12:53:12.319,28,27.71,,256000000
2026-05-29 12:53:11.960,8,7.21,,256000000
2026-05-29 12:53:11.624,11,10.72,,256000000
2026-05-29 12:53:11.101,22,21.13,,256000000
2026-05-29 12:53:10.620,2,1.85,,256000000
2026-05-29 12:53:10.331,3,2.05,,256000000
2026-05-29 12:53:10.086,41,40.59,,256000000
2026-05-29 12:53:09.867,3,2.63,,256000000
2026-05-29 12:53:09.113,55,54.09,,256000000
2026-05-29 12:53:08.906,2,1.94,,256000000
2026-05-29 12:53:08.595,27,26.1,,256000000
2026-05-29 12:53:08.154,23,22.63,,256000000
2026-05-29 12:53:07.941,2,1.8,,256000000
2026-05-29 12:53:07.506,2,1.97,,256000000
2026-05-29 12:53:06.703,2,1.99,,256000000
2026-05-29 12:53:06.352,3,2.16,,256000000
2026-05-29 12:53:06.115,7,6.43,,256000000
2026-05-29 12:53:06.093,10,9.49,,256000000
2026-05-29 12:53:05.907,2,1.93,,256000000
2026-05-29 12:53:05.157,3,2.06,,256000000
2026-05-29 12:53:04.579,2,1.84,,256000000
2026-05-29 12:53:04.460,2,1.66,,256000000
2026-05-29 12:53:04.406,3,2.35,,256000000
2026-05-29 12:53:04.241,2,1.73,,256000000
2026-05-29 12:53:03.513,8,7.2,,256000000
2026-05-29 12:53:02.512,3,2.3,,256000000
2026-05-29 12:53:02.244,2,1.63,,256000000
2026-05-29 12:53:02.208,3,2.01,,256000000
2026-05-29 12:53:01.932,3,2.12,,256000000
2026-05-29 12:53:01.836,2,1.92,,256000000
2026-05-29 12:53:00.802,2,1.7,,256000000
2026-05-29 12:53:00.708,2,1.9,,256000000
2026-05-29 12:53:00.386,17,16.61,,256000000
2026-05-29 12:53:00.267,2,1.83,,256000000
2026-05-29 12:52:59.692,3,2.06,,256000000
2026-05-29 12:52:59.031,2,1.72,,256000000
2026-05-29 12:52:58.779,3,2.12,,256000000
2026-05-29 12:52:58.622,2,1.78,,256000000
2026-05-29 12:52:58.380,9,8.9,,256000000
2026-05-29 12:52:58.275,2,1.76,,256000000
2026-05-29 12:52:57.154,44,43.05,,256000000
2026-05-29 12:52:56.630,2,1.75,,256000000
2026-05-29 12:52:56.466,3,2.04,,256000000
2026-05-29 12:52:56.454,2,1.85,,256000000
2026-05-29 12:52:56.392,2,1.87,,256000000
2026-05-29 12:52:55.660,42,41.48,,256000000
2026-05-29 12:52:54.731,2,1.94,,256000000
2026-05-29 12:52:54.388,20,19.27,,256000000
2026-05-29 12:52:54.313,2,2,,256000000
2026-05-29 12:52:54.079,2,1.9,,256000000
2026-05-29 12:52:53.613,2,1.89,,256000000
2026-05-29 12:52:52.894,3,2.07,,256000000
2026-05-29 12:52:52.339,6,5,,256000000
2026-05-29 12:52:52.327,2,1.99,,256000000
2026-05-29 12:52:51.999,3,2.21,,256000000
2026-05-29 12:52:51.899,2,1.98,,256000000
2026-05-29 12:52:51.119,8,7.59,,256000000
2026-05-29 12:52:50.774,2,1.99,,256000000
2026-05-29 12:52:50.467,2,1.91,,256000000
2026-05-29 12:52:50.258,3,2.18,,256000000
2026-05-29 12:52:49.851,2,1.67,,256000000
2026-05-29 12:52:49.659,2,1.82,,256000000
2026-05-29 12:52:48.979,2,1.87,,256000000
2026-05-29 12:52:48.266,3,2.08,,256000000
2026-05-29 12:52:48.170,2,1.99,,256000000
2026-05-29 12:52:48.006,3,2.14,,256000000
2026-05-29 12:52:47.679,3,2.18,,256000000
2026-05-29 12:52:47.066,3,2.19,,256000000
2026-05-29 12:52:46.794,34,33.83,,256000000
2026-05-29 12:52:46.091,2,1.66,,256000000
2026-05-29 12:52:45.868,2,1.78,,256000000
2026-05-29 12:52:45.794,16,15.46,,256000000
2026-05-29 12:52:45.076,3,2.08,,256000000
2026-05-29 12:52:44.735,19,18.05,,256000000
2026-05-29 12:52:44.416,20,19.69,,256000000
2026-05-29 12:52:44.412,3,2.02,,256000000
2026-05-29 12:52:44.315,19,18.46,,256000000
2026-05-29 12:52:43.660,2,1.79,,256000000
2026-05-29 12:52:42.893,78,77.98,,256000000
2026-05-29 12:52:42.754,56,55.61,,256000000
2026-05-29 12:52:42.419,3,2.15,,256000000
2026-05-29 12:52:42.120,2,1.81,,256000000
2026-05-29 12:52:42.073,3,2.35,,256000000
2026-05-29 12:52:41.219,2,1.92,,256000000
2026-05-29 12:52:41.131,2,1.7,,256000000
2026-05-29 12:52:40.673,2,1.79,,256000000
2026-05-29 12:52:40.341,3,2.06,,256000000
2026-05-29 12:52:40.062,2,1.74,,256000000
2026-05-29 12:52:39.172,2,1.88,,256000000
2026-05-29 12:52:39.016,2,1.74,,256000000
2026-05-29 12:52:38.830,2,1.76,,256000000
2026-05-29 12:52:38.641,2,1.89,,256000000
2026-05-29 12:52:38.385,3,2.04,,256000000
2026-05-29 12:52:37.719,3,2.74,,256000000
2026-05-29 12:52:37.000,16,15.75,,256000000
2026-05-29 12:52:36.984,2,1.69,,256000000
2026-05-29 12:52:36.856,2,1.94,,256000000
2026-05-29 12:52:36.301,2,1.85,,256000000
2026-05-29 12:52:35.621,2,1.98,,256000000
2026-05-29 12:52:35.411,2,1.78,,256000000
2026-05-29 12:52:35.302,2,1.77,,256000000
2026-05-29 12:52:34.927,19,18.97,,256000000
2026-05-29 12:52:34.073,19,18.83,,256000000
2026-05-29 12:52:34.066,3,2.02,,256000000
2026-05-29 12:52:33.926,3,2.1,,256000000
2026-05-29 12:52:33.733,2,2,,256000000
2026-05-29 12:52:33.007,4,3.17,,256000000
2026-05-29 12:52:32.386,3,2.06,,256000000
2026-05-29 12:52:32.132,2,1.95,,256000000
2026-05-29 12:52:31.812,2,1.91,,256000000
2026-05-29 12:52:31.776,3,2.03,,256000000
2026-05-29 12:52:31.256,3,2.06,,256000000
2026-05-29 12:52:30.162,2,1.69,,256000000
2026-05-29 12:52:30.115,3,2.8,,256000000
2026-05-29 12:52:30.038,21,20.86,,256000000
2026-05-29 12:52:29.486,3,2.06,,256000000
2026-05-29 12:52:29.296,2,1.95,,256000000
2026-05-29 12:52:28.393,34,33.93,,256000000
2026-05-29 12:52:28.352,3,2.22,,256000000
2026-05-29 12:52:27.853,3,2,,256000000
2026-05-29 12:52:27.635,2,1.97,,256000000
2026-05-29 12:52:27.591,3,2.05,,256000000
2026-05-29 12:52:26.372,2,1.97,,256000000
2026-05-29 12:52:26.367,3,2.03,,256000000
2026-05-29 12:52:25.773,10,9.59,,256000000
2026-05-29 12:52:25.666,2,1.93,,256000000
2026-05-29 12:52:25.424,2,1.56,,256000000
2026-05-29 12:52:24.973,5,4.78,,256000000
2026-05-29 12:52:24.441,2,1.81,,256000000
2026-05-29 12:52:24.310,2,1.82,,256000000
2026-05-29 12:52:23.915,2,1.82,,256000000
2026-05-29 12:52:23.912,3,2.22,,256000000
2026-05-29 12:52:23.272,3,2.09,,256000000
2026-05-29 12:52:22.936,2,1.64,,256000000
2026-05-29 12:52:22.639,45,44.73,,256000000
2026-05-29 12:52:22.353,6,5.29,,256000000
2026-05-29 12:52:22.006,2,1.86,,256000000
2026-05-29 12:52:21.816,2,1.99,,256000000
2026-05-29 12:52:21.017,94,93.47,,256000000
2026-05-29 12:52:20.952,3,2.12,,256000000
2026-05-29 12:52:20.733,2,1.82,,256000000
2026-05-29 12:52:20.236,2,1.78,,256000000
2026-05-29 12:52:20.000,2,2,,256000000
2026-05-29 12:52:19.157,3,2.02,,256000000
2026-05-29 12:52:19.136,3,2.05,,256000000
2026-05-29 12:52:18.807,27,26.67,,256000000
2026-05-29 12:52:18.805,2,1.83,,256000000
2026-05-29 12:52:17.938,20,19.14,,256000000
2026-05-29 12:52:17.681,3,2.17,,256000000
2026-05-29 12:52:17.543,2,1.63,,256000000
2026-05-29 12:52:16.721,2,1.66,,256000000
2026-05-29 12:52:16.679,2,1.68,,256000000
2026-05-29 12:52:16.307,2,1.95,,256000000
2026-05-29 12:52:15.538,2,1.76,,256000000
2026-05-29 12:52:15.332,3,2.17,,256000000
2026-05-29 12:52:14.784,2,1.61,,256000000
2026-05-29 12:52:14.432,2,1.95,,256000000
2026-05-29 12:52:14.414,2,1.89,,256000000
2026-05-29 12:52:13.734,17,16.88,,256000000
2026-05-29 12:52:13.646,3,2.06,,256000000
2026-05-29 12:52:13.377,2,1.82,,256000000
2026-05-29 12:52:12.534,2,1.68,,256000000
2026-05-29 12:52:12.214,51,50.07,,256000000
2026-05-29 12:52:12.172,3,2.23,,256000000
2026-05-29 12:52:11.916,2,1.76,,256000000
2026-05-29 12:52:11.738,2,1.82,,256000000
2026-05-29 12:52:10.772,3,2.13,,256000000
2026-05-29 12:52:10.572,3,2.17,,256000000
2026-05-29 12:52:10.322,2,1.84,,256000000
2026-05-29 12:52:09.993,3,2.29,,256000000
2026-05-29 12:52:09.373,2,1.69,,256000000
2026-05-29 12:52:09.075,2,1.98,,256000000
2026-05-29 12:52:08.798,12,11.44,,256000000
2026-05-29 12:52:08.766,3,2.19,,256000000
2026-05-29 12:52:07.852,17,16.91,,256000000
2026-05-29 12:52:07.848,35,34.61,,256000000
2026-05-29 12:52:07.302,2,1.83,,256000000
2026-05-29 12:52:07.147,2,1.83,,256000000
2026-05-29 12:52:06.716,3,2,,256000000
2026-05-29 12:52:06.418,2,1.81,,256000000
2026-05-29 12:52:05.893,7,6.53,,256000000
2026-05-29 12:52:05.655,27,26.16,,256000000
2026-05-29 12:52:04.913,2,1.87,,256000000
2026-05-29 12:52:04.873,3,2.06,,256000000
2026-05-29 12:52:04.820,2,1.71,,256000000
2026-05-29 12:52:04.473,6,5.59,,256000000
2026-05-29 12:52:04.107,13,12.65,,256000000
2026-05-29 12:52:02.940,2,1.78,,256000000
2026-05-29 12:52:02.852,3,2.02,,256000000
2026-05-29 12:52:02.636,2,1.96,,256000000
2026-05-29 12:52:02.453,2,1.69,,256000000
2026-05-29 12:52:02.132,2,1.98,,256000000
2026-05-29 12:52:00.827,50,49.31,,256000000
2026-05-29 12:52:00.812,2,1.97,,256000000
2026-05-29 12:52:00.652,2,1.92,,256000000
2026-05-29 12:52:00.472,3,2.07,,256000000
2026-05-29 12:51:59.838,3,2.21,,256000000
2026-05-29 12:51:58.844,2,1.72,,256000000
2026-05-29 12:51:58.680,3,2.14,,256000000
2026-05-29 12:51:58.426,2,1.8,,256000000
2026-05-29 12:51:58.197,2,1.99,,256000000
2026-05-29 12:51:57.814,54,53.92,,256000000
2026-05-29 12:51:57.076,3,2.12,,256000000
2026-05-29 12:51:56.867,20,19.2,,256000000
2026-05-29 12:51:56.806,3,2.14,,256000000
2026-05-29 12:51:56.524,3,2.06,,256000000
2026-05-29 12:51:55.523,2,1.76,,256000000
2026-05-29 12:51:55.399,2,1.79,,256000000
2026-05-29 12:51:55.089,3,2.08,,256000000
2026-05-29 12:51:54.723,2,1.88,,256000000
2026-05-29 12:51:54.704,2,1.68,,256000000
2026-05-29 12:51:53.878,2,1.77,,256000000
2026-05-29 12:51:53.443,2,1.62,,256000000
2026-05-29 12:51:53.284,2,1.86,,256000000
2026-05-29 12:51:53.185,2,1.67,,256000000
2026-05-29 12:51:53.154,2,1.65,,256000000
2026-05-29 12:51:52.314,22,21.28,,256000000
2026-05-29 12:51:52.214,13,12.88,,256000000
2026-05-29 12:51:52.017,2,1.68,,256000000
2026-05-29 12:51:51.457,15,14.44,,256000000
2026-05-29 12:51:51.441,2,1.78,,256000000
2026-05-29 12:51:50.479,2,1.72,,256000000
2026-05-29 12:51:50.283,2,1.76,,256000000
2026-05-29 12:51:50.166,2,1.8,,256000000
2026-05-29 12:51:50.118,2,1.9,,256000000
2026-05-29 12:51:49.472,3,2.1,,256000000
2026-05-29 12:51:48.877,96,95.14,,256000000
2026-05-29 12:51:48.693,3,2.18,,256000000
2026-05-29 12:51:48.657,3,2.17,,256000000
2026-05-29 12:51:48.226,3,2.08,,256000000
2026-05-29 12:51:47.349,2,1.79,,256000000
2026-05-29 12:51:47.278,3,2.12,,256000000
2026-05-29 12:51:47.153,2,1.67,,256000000
2026-05-29 12:51:47.032,3,2.08,,256000000
2026-05-29 12:51:46.226,2,1.9,,256000000
2026-05-29 12:51:45.551,3,2.29,,256000000
2026-05-29 12:51:45.396,2,1.65,,256000000
2026-05-29 12:51:45.025,2,1.94,,256000000
2026-05-29 12:51:44.712,2,1.79,,256000000
2026-05-29 12:51:43.904,2,1.63,,256000000
2026-05-29 12:51:43.411,2,1.97,,256000000
2026-05-29 12:51:43.350,2,1.79,,256000000
2026-05-29 12:51:43.145,3,2.1,,256000000
2026-05-29 12:51:42.864,2,1.73,,256000000
2026-05-29 12:51:42.253,13,12.31,,256000000
2026-05-29 12:51:41.954,2,1.92,,256000000
2026-05-29 12:51:41.475,2,1.86,,256000000
2026-05-29 12:51:41.376,2,2,,256000000
2026-05-29 12:51:41.312,2,1.91,,256000000
2026-05-29 12:51:40.646,3,2.19,,256000000
2026-05-29 12:51:40.115,2,1.93,,256000000
2026-05-29 12:51:39.992,3,2.17,,256000000
2026-05-29 12:51:39.799,35,34.77,,256000000
2026-05-29 12:51:39.694,2,1.66,,256000000
2026-05-29 12:51:39.151,2,1.76,,256000000
2026-05-29 12:51:38.632,3,2.13,,256000000
2026-05-29 12:51:38.275,5,4.06,,256000000
2026-05-29 12:51:38.272,2,1.83,,256000000
2026-05-29 12:51:38.153,2,1.92,,256000000
2026-05-29 12:51:37.993,2,2,,256000000
2026-05-29 12:51:37.437,2,1.97,,256000000
2026-05-29 12:51:36.586,3,2.29,,256000000
2026-05-29 12:51:36.514,3,2.27,,256000000
2026-05-29 12:51:36.189,21,20.9,,256000000
2026-05-29 12:51:36.041,2,1.65,,256000000
2026-05-29 12:51:36.026,3,2.12,,256000000
2026-05-29 12:51:35.430,3,2.2,,256000000
2026-05-29 12:51:34.915,2,1.69,,256000000
2026-05-29 12:51:34.389,2,1.72,,256000000
2026-05-29 12:51:34.114,2,1.86,,256000000
2026-05-29 12:51:33.967,2,1.66,,256000000
2026-05-29 12:51:33.680,2,1.74,,256000000
2026-05-29 12:51:32.808,2,1.67,,256000000
2026-05-29 12:51:32.275,3,2.27,,256000000
2026-05-29 12:51:32.108,3,2.08,,256000000
2026-05-29 12:51:32.074,12,11.92,,256000000
2026-05-29 12:51:31.796,3,2.08,,256000000
2026-05-29 12:51:30.772,3,2.12,,256000000
2026-05-29 12:51:30.551,2,1.73,,256000000
2026-05-29 12:51:30.510,2,1.95,,256000000
2026-05-29 12:51:30.487,2,1.76,,256000000
2026-05-29 12:51:29.572,3,2.13,,256000000
2026-05-29 12:51:29.191,2,1.94,,256000000
2026-05-29 12:51:29.160,3,2.08,,256000000
2026-05-29 12:51:28.973,3,2.78,,256000000
2026-05-29 12:51:28.382,3,2.07,,256000000
2026-05-29 12:51:27.677,2,1.73,,256000000
2026-05-29 12:51:27.287,11,10.12,,256000000
2026-05-29 12:51:27.158,13,12.68,,256000000
2026-05-29 12:51:26.899,2,1.79,,256000000
2026-05-29 12:51:26.451,3,2.26,,256000000
2026-05-29 12:51:25.761,2,1.69,,256000000
2026-05-29 12:51:25.742,2,1.94,,256000000
2026-05-29 12:51:25.736,3,2.02,,256000000
2026-05-29 12:51:25.691,2,1.88,,256000000
2026-05-29 12:51:24.689,3,2.12,,256000000
2026-05-29 12:51:24.346,2,1.94,,256000000
2026-05-29 12:51:24.343,2,1.89,,256000000
2026-05-29 12:51:23.948,2,1.78,,256000000
2026-05-29 12:51:23.812,3,2.17,,256000000
2026-05-29 12:51:23.049,3,2.03,,256000000
2026-05-29 12:51:22.693,2,1.67,,256000000
2026-05-29 12:51:22.369,3,2.18,,256000000
2026-05-29 12:51:22.247,2,1.71,,256000000
2026-05-29 12:51:22.013,2,1.97,,256000000
2026-05-29 12:51:20.937,13,12.51,,256000000
2026-05-29 12:51:20.733,2,1.81,,256000000
2026-05-29 12:51:20.593,2,1.98,,256000000
2026-05-29 12:51:20.415,18,17.39,,256000000
2026-05-29 12:51:20.327,2,1.94,,256000000
2026-05-29 12:51:19.193,3,2.13,,256000000
2026-05-29 12:51:18.832,2,1.94,,256000000
2026-05-29 12:51:18.670,2,1.93,,256000000
2026-05-29 12:51:18.361,2,1.94,,256000000
2026-05-29 12:51:18.069,2,1.86,,256000000
2026-05-29 12:51:17.942,3,2.28,,256000000
2026-05-29 12:51:17.152,3,2.16,,256000000
2026-05-29 12:51:16.614,37,36.55,,256000000
2026-05-29 12:51:16.376,2,1.62,,256000000
2026-05-29 12:51:16.280,2,1.71,,256000000
2026-05-29 12:51:15.978,3,2.11,,256000000
2026-05-29 12:51:15.135,2,1.76,,256000000
2026-05-29 12:51:14.933,2,1.94,,256000000
2026-05-29 12:51:14.639,38,37.27,,256000000
2026-05-29 12:51:14.253,2,1.97,,256000000
2026-05-29 12:51:14.096,3,2.19,,256000000
2026-05-29 12:51:13.350,2,1.74,,256000000
2026-05-29 12:51:13.145,2,1.8,,256000000
2026-05-29 12:51:12.821,2,1.67,,256000000
2026-05-29 12:51:12.436,3,2.03,,256000000
2026-05-29 12:51:12.159,26,25.47,,256000000
2026-05-29 12:51:11.507,3,2.02,,256000000
2026-05-29 12:51:11.075,2,1.97,,256000000
2026-05-29 12:51:10.773,9,8.75,,256000000
2026-05-29 12:51:10.670,2,1.8,,256000000
2026-05-29 12:51:10.403,3,2.19,,256000000
2026-05-29 12:51:09.774,2,1.86,,256000000
2026-05-29 12:51:09.586,3,2.03,,256000000
2026-05-29 12:51:09.161,3,2.17,,256000000
2026-05-29 12:51:09.123,3,2.03,,256000000
2026-05-29 12:51:08.932,2,1.82,,256000000
2026-05-29 12:51:07.976,2,1.76,,256000000
2026-05-29 12:51:07.907,15,14.27,,256000000
2026-05-29 12:51:07.573,2,1.96,,256000000
2026-05-29 12:51:07.533,2,1.99,,256000000
2026-05-29 12:51:06.616,2,1.89,,256000000
2026-05-29 12:51:06.160,2,1.7,,256000000
2026-05-29 12:51:05.873,2,1.73,,256000000
2026-05-29 12:51:05.849,2,1.62,,256000000
2026-05-29 12:51:05.479,2,1.91,,256000000
2026-05-29 12:51:05.446,3,2.06,,256000000
2026-05-29 12:51:04.753,47,46.31,,256000000
2026-05-29 12:51:04.008,2,1.96,,256000000
2026-05-29 12:51:03.874,40,39.98,,256000000
2026-05-29 12:51:03.710,2,1.89,,256000000
2026-05-29 12:51:03.096,3,2.07,,256000000
2026-05-29 12:51:02.624,2,1.71,,256000000
2026-05-29 12:51:02.066,2,1.76,,256000000
2026-05-29 12:51:01.916,2,1.93,,256000000
2026-05-29 12:51:01.873,3,2.1,,256000000
2026-05-29 12:51:01.503,2,1.91,,256000000
2026-05-29 12:51:00.668,3,2.09,,256000000
2026-05-29 12:51:00.262,3,2.01,,256000000
2026-05-29 12:51:00.183,2,1.75,,256000000
2026-05-29 12:51:00.148,29,28.73,,256000000
2026-05-29 12:50:59.660,2,1.67,,256000000
2026-05-29 12:50:58.934,2,1.62,,256000000
2026-05-29 12:50:58.528,3,2.1,,256000000
2026-05-29 12:50:58.015,2,1.71,,256000000
2026-05-29 12:50:57.914,2,1.86,,256000000
2026-05-29 12:50:57.856,3,2.06,,256000000
2026-05-29 12:50:57.353,14,13.52,,256000000
2026-05-29 12:50:56.952,3,2.11,,256000000
2026-05-29 12:50:56.511,3,2.22,,256000000
2026-05-29 12:50:56.494,35,34.49,,256000000
2026-05-29 12:50:56.347,3,2.03,,256000000
2026-05-29 12:50:55.593,3,2.18,,256000000
2026-05-29 12:50:54.702,2,1.72,,256000000
2026-05-29 12:50:54.574,32,31.15,,256000000
2026-05-29 12:50:54.552,2,1.7,,256000000
2026-05-29 12:50:54.193,2,1.99,,256000000
2026-05-29 12:50:54.023,3,2.1,,256000000
2026-05-29 12:50:52.920,2,1.61,,256000000
2026-05-29 12:50:52.766,3,2.18,,256000000
2026-05-29 12:50:52.657,2,1.72,,256000000
2026-05-29 12:50:52.633,3,2.2,,256000000
2026-05-29 12:50:52.107,6,5.71,,256000000
2026-05-29 12:50:51.275,26,25.65,,256000000
2026-05-29 12:50:51.053,2,2,,256000000
2026-05-29 12:50:50.837,2,1.66,,256000000
2026-05-29 12:50:50.725,2,1.65,,256000000
2026-05-29 12:50:50.555,2,1.91,,256000000
2026-05-29 12:50:49.313,2,1.81,,256000000
2026-05-29 12:50:49.083,2,1.67,,256000000
2026-05-29 12:50:49.020,2,1.85,,256000000
2026-05-29 12:50:48.890,2,1.59,,256000000
2026-05-29 12:50:48.539,3,2.19,,256000000
2026-05-29 12:50:47.575,5,4.01,,256000000
2026-05-29 12:50:47.502,2,1.7,,256000000
2026-05-29 12:50:47.353,3,2.82,,256000000
2026-05-29 12:50:47.180,2,1.72,,256000000
2026-05-29 12:50:47.137,77,76.72,,256000000
2026-05-29 12:50:45.464,2,1.75,,256000000
2026-05-29 12:50:45.417,3,2.02,,256000000
2026-05-29 12:50:45.294,55,54.91,,256000000
2026-05-29 12:50:45.096,2,1.78,,256000000
2026-05-29 12:50:44.847,2,1.71,,256000000
2026-05-29 12:50:43.742,2,1.86,,256000000
2026-05-29 12:50:43.484,2,1.8,,256000000
2026-05-29 12:50:43.456,3,2.23,,256000000
2026-05-29 12:50:43.199,2,1.95,,256000000
2026-05-29 12:50:42.801,3,2.08,,256000000
2026-05-29 12:50:42.373,2,1.82,,256000000
2026-05-29 12:50:42.307,3,2.14,,256000000
2026-05-29 12:50:41.934,2,1.91,,256000000
2026-05-29 12:50:41.254,28,27,,256000000
2026-05-29 12:50:41.161,3,2.13,,256000000
2026-05-29 12:50:40.516,3,2.24,,256000000
2026-05-29 12:50:40.096,3,2.36,,256000000
2026-05-29 12:50:40.056,3,2.11,,256000000
2026-05-29 12:50:39.673,3,2.1,,256000000
2026-05-29 12:50:39.300,2,1.71,,256000000
2026-05-29 12:50:38.879,2,1.69,,256000000
2026-05-29 12:50:38.724,2,1.67,,256000000
2026-05-29 12:50:38.561,3,2.01,,256000000
2026-05-29 12:50:38.195,3,2.12,,256000000
2026-05-29 12:50:37.376,3,2.07,,256000000
2026-05-29 12:50:37.292,2,1.95,,256000000
2026-05-29 12:50:37.053,3,2,,256000000
2026-05-29 12:50:36.240,2,1.91,,256000000
2026-05-29 12:50:36.061,2,1.93,,256000000
2026-05-29 12:50:35.606,3,2.12,,256000000
2026-05-29 12:50:35.600,2,1.79,,256000000
2026-05-29 12:50:34.955,3,2.12,,256000000
2026-05-29 12:50:34.205,3,2.02,,256000000
2026-05-29 12:50:33.930,2,1.8,,256000000
2026-05-29 12:50:33.597,2,1.92,,256000000
2026-05-29 12:50:33.523,2,1.97,,256000000
2026-05-29 12:50:33.086,2,1.83,,256000000
2026-05-29 12:50:31.933,2,1.77,,256000000
2026-05-29 12:50:31.807,2,1.9,,256000000
2026-05-29 12:50:31.593,6,5.7,,256000000
2026-05-29 12:50:31.254,7,6.44,,256000000
2026-05-29 12:50:31.152,2,1.98,,256000000
2026-05-29 12:50:30.596,3,2.04,,256000000
2026-05-29 12:50:29.826,3,2.11,,256000000
2026-05-29 12:50:29.802,3,2.19,,256000000
2026-05-29 12:50:29.558,19,18.09,,256000000
2026-05-29 12:50:29.327,28,27.1,,256000000
2026-05-29 12:50:28.946,2,1.88,,256000000
2026-05-29 12:50:28.095,3,2.19,,256000000
2026-05-29 12:50:27.958,2,1.92,,256000000
2026-05-29 12:50:27.937,14,13.59,,256000000
2026-05-29 12:50:27.354,2,1.9,,256000000
2026-05-29 12:50:27.214,2,1.96,,256000000
2026-05-29 12:50:26.333,3,2.07,,256000000
2026-05-29 12:50:26.194,11,10.5,,256000000
2026-05-29 12:50:25.730,2,1.8,,256000000
2026-05-29 12:50:25.124,2,1.7,,256000000
2026-05-29 12:50:25.031,3,2.2,,256000000
2026-05-29 12:50:24.593,3,2.15,,256000000
2026-05-29 12:50:24.035,3,2.04,,256000000
2026-05-29 12:50:23.617,2,1.96,,256000000
2026-05-29 12:50:23.224,3,2.01,,256000000
2026-05-29 12:50:23.056,3,2.01,,256000000
2026-05-29 12:50:23.038,2,2,,256000000
2026-05-29 12:50:22.174,26,25.19,,256000000
2026-05-29 12:50:21.935,2,1.73,,256000000
2026-05-29 12:50:21.827,3,2.08,,256000000
2026-05-29 12:50:21.386,3,2.04,,256000000
2026-05-29 12:50:21.355,3,2.15,,256000000
2026-05-29 12:50:20.748,2,1.72,,256000000
2026-05-29 12:50:20.473,2,1.92,,256000000
2026-05-29 12:50:19.928,3,2.13,,256000000
2026-05-29 12:50:19.747,2,1.69,,256000000
2026-05-29 12:50:19.511,2,1.74,,256000000
2026-05-29 12:50:19.272,3,2.21,,256000000
2026-05-29 12:50:19.062,2,1.7,,256000000
2026-05-29 12:50:18.273,2,1.76,,256000000
2026-05-29 12:50:17.866,3,2.28,,256000000
2026-05-29 12:50:17.618,2,1.99,,256000000
2026-05-29 12:50:17.392,2,1.79,,256000000
2026-05-29 12:50:17.272,2,1.71,,256000000
2026-05-29 12:50:16.834,43,42.42,,256000000
2026-05-29 12:50:16.214,46,45.68,,256000000
2026-05-29 12:50:16.143,2,1.88,,256000000
2026-05-29 12:50:15.227,2,1.98,,256000000
2026-05-29 12:50:15.177,2,1.7,,256000000
2026-05-29 12:50:15.113,3,2.08,,256000000
2026-05-29 12:50:14.491,2,1.71,,256000000
2026-05-29 12:50:14.462,2,1.98,,256000000
2026-05-29 12:50:13.533,3,2.06,,256000000
2026-05-29 12:50:13.438,3,2.05,,256000000
2026-05-29 12:50:13.373,2,1.85,,256000000
2026-05-29 12:50:13.107,18,17.51,,256000000
2026-05-29 12:50:12.209,2,1.98,,256000000
2026-05-29 12:50:12.053,8,7.9,,256000000
2026-05-29 12:50:11.694,16,15.4,,256000000
2026-05-29 12:50:11.655,18,17.39,,256000000
2026-05-29 12:50:11.183,2,1.81,,256000000
2026-05-29 12:50:10.804,2,1.94,,256000000
2026-05-29 12:50:10.471,3,2.21,,256000000
2026-05-29 12:50:09.907,19,18.42,,256000000
2026-05-29 12:50:09.766,3,2,,256000000
2026-05-29 12:50:09.093,2,1.99,,256000000
2026-05-29 12:50:08.681,2,1.89,,256000000
2026-05-29 12:50:08.644,2,1.68,,256000000
2026-05-29 12:50:08.492,2,1.93,,256000000
2026-05-29 12:50:08.379,19,18.16,,256000000
2026-05-29 12:50:07.718,2,1.97,,256000000
2026-05-29 12:50:06.720,6,5.84,,256000000
2026-05-29 12:50:06.716,3,2.39,,256000000
2026-05-29 12:50:06.440,2,1.94,,256000000
2026-05-29 12:50:06.207,3,2.08,,256000000
2026-05-29 12:50:05.998,31,30.39,,256000000
2026-05-29 12:50:05.041,2,1.69,,256000000
2026-05-29 12:50:04.861,2,1.69,,256000000
2026-05-29 12:50:04.612,2,1.98,,256000000
2026-05-29 12:50:04.302,2,1.89,,256000000
2026-05-29 12:50:04.147,4,3.07,,256000000
2026-05-29 12:50:03.734,7,6.99,,256000000
2026-05-29 12:50:03.546,2,1.66,,256000000
2026-05-29 12:50:02.966,3,2.06,,256000000
2026-05-29 12:50:02.779,2,1.89,,256000000
2026-05-29 12:50:02.733,2,1.97,,256000000
2026-05-29 12:50:01.993,3,2.14,,256000000
2026-05-29 12:50:01.991,2,1.83,,256000000
2026-05-29 12:50:01.315,20,19.57,,256000000
2026-05-29 12:50:01.295,3,2.73,,256000000
2026-05-29 12:50:00.573,3,2.17,,256000000
2026-05-29 12:50:00.338,2,1.71,,256000000
2026-05-29 12:49:59.587,18,17.81,,256000000
2026-05-29 12:49:59.576,2,1.95,,256000000
2026-05-29 12:49:59.074,2,1.84,,256000000
2026-05-29 12:49:58.948,3,2.04,,256000000
2026-05-29 12:49:58.276,3,2.02,,256000000
2026-05-29 12:49:57.679,2,1.8,,256000000
2026-05-29 12:49:57.655,3,2.25,,256000000
2026-05-29 12:49:57.388,28,27.13,,256000000
2026-05-29 12:49:57.107,20,19.53,,256000000
2026-05-29 12:49:56.707,2,1.98,,256000000
2026-05-29 12:49:56.611,2,1.88,,256000000
2026-05-29 12:49:56.346,2,1.91,,256000000
2026-05-29 12:49:56.318,2,1.62,,256000000
2026-05-29 12:49:56.229,2,1.65,,256000000
2026-05-29 12:49:56.156,2,1.99,,256000000
2026-05-29 12:49:55.701,2,1.58,,256000000
2026-05-29 12:49:55.696,3,2.21,,256000000
2026-05-29 12:49:55.682,2,1.93,,256000000
2026-05-29 12:49:55.492,2,1.73,,256000000
2026-05-29 12:49:55.397,2,1.66,,256000000
2026-05-29 12:49:55.366,3,2.16,,256000000
2026-05-29 12:49:55.284,2,1.8,,256000000
2026-05-29 12:49:54.912,2,1.72,,256000000
2026-05-29 12:49:54.853,3,2.12,,256000000
2026-05-29 12:49:54.846,3,2.01,,256000000
2026-05-29 12:49:54.711,2,1.6,,256000000
2026-05-29 12:49:54.625,2,1.88,,256000000
2026-05-29 12:49:54.549,2,1.87,,256000000
2026-05-29 12:49:54.545,2,1.81,,256000000
2026-05-29 12:49:54.497,2,1.81,,256000000
2026-05-29 12:49:54.453,15,14.54,,256000000
2026-05-29 12:49:54.422,3,2.06,,256000000
2026-05-29 12:49:54.218,3,2,,256000000
2026-05-29 12:49:53.649,2,1.69,,256000000
2026-05-29 12:49:53.577,8,7.63,,256000000
2026-05-29 12:49:53.557,2,1.72,,256000000
2026-05-29 12:49:53.531,2,1.76,,256000000
2026-05-29 12:49:53.506,3,2.14,,256000000
2026-05-29 12:49:53.480,2,1.65,,256000000
2026-05-29 12:49:53.420,2,1.75,,256000000
2026-05-29 12:49:53.387,2,1.68,,256000000
2026-05-29 12:49:53.312,2,1.74,,256000000
2026-05-29 12:49:53.293,2,1.81,,256000000
2026-05-29 12:49:53.277,2,1.71,,256000000
2026-05-29 12:49:53.249,2,1.75,,256000000
2026-05-29 12:49:53.220,2,1.83,,256000000
2026-05-29 12:49:53.139,2,1.7,,256000000
2026-05-29 12:49:52.958,2,1.88,,256000000
2026-05-29 12:49:52.872,2,1.73,,256000000
2026-05-29 12:49:52.770,3,2.02,,256000000
2026-05-29 12:49:52.755,2,1.82,,256000000
2026-05-29 12:49:52.704,2,1.54,,256000000
2026-05-29 12:49:52.568,2,1.76,,256000000
2026-05-29 12:49:52.473,2,1.91,,256000000
2026-05-29 12:49:52.430,2,1.76,,256000000
2026-05-29 12:49:52.408,2,1.98,,256000000
2026-05-29 12:49:52.344,2,1.69,,256000000
2026-05-29 12:49:52.256,2,1.86,,256000000
2026-05-29 12:49:52.191,2,1.77,,256000000
2026-05-29 12:49:52.185,2,1.9,,256000000
2026-05-29 12:49:52.086,2,1.98,,256000000
2026-05-29 12:49:52.073,3,2.04,,256000000
2026-05-29 12:49:52.027,3,2.16,,256000000
2026-05-29 12:49:52.009,2,1.73,,256000000
2026-05-29 12:49:51.973,2,1.68,,256000000
2026-05-29 12:49:51.917,2,1.76,,256000000
2026-05-29 12:49:51.861,2,1.72,,256000000
2026-05-29 12:49:51.860,2,1.7,,256000000
2026-05-29 12:49:51.731,3,2.11,,256000000
2026-05-29 12:49:51.715,2,1.75,,256000000
2026-05-29 12:49:51.703,2,1.74,,256000000
2026-05-29 12:49:51.700,2,1.57,,256000000
2026-05-29 12:49:51.655,27,26.7,,256000000
2026-05-29 12:49:51.630,2,1.77,,256000000
2026-05-29 12:49:51.604,3,2.12,,256000000
2026-05-29 12:49:51.556,26,25.63,,256000000
2026-05-29 12:49:51.494,2,1.92,,256000000
2026-05-29 12:49:51.471,10,9.58,,256000000
2026-05-29 12:49:51.456,3,2.11,,256000000
2026-05-29 12:49:51.434,2,1.84,,256000000
2026-05-29 12:49:51.407,2,1.86,,256000000
2026-05-29 12:49:51.287,3,2.17,,256000000
2026-05-29 12:49:51.225,2,1.84,,256000000
2026-05-29 12:49:51.203,3,2.02,,256000000
2026-05-29 12:49:51.160,3,2.07,,256000000
2026-05-29 12:49:51.138,18,17.5,,256000000
2026-05-29 12:49:51.116,2,1.87,,256000000
2026-05-29 12:49:51.077,17,16.58,,256000000
2026-05-29 12:49:51.025,2,1.87,,256000000
2026-05-29 12:49:50.870,2,1.77,,256000000
2026-05-29 12:49:50.779,2,1.91,,256000000
2026-05-29 12:49:50.765,2,1.76,,256000000
2026-05-29 12:49:50.701,3,2.4,,256000000
2026-05-29 12:49:50.667,2,1.88,,256000000
2026-05-29 12:49:50.575,35,34.23,,256000000
2026-05-29 12:49:50.548,2,1.65,,256000000
2026-05-29 12:49:50.514,23,22.01,,256000000
2026-05-29 12:49:50.460,2,1.74,,256000000
2026-05-29 12:49:50.454,5,4.83,,256000000
2026-05-29 12:49:50.393,3,2.23,,256000000
2026-05-29 12:49:50.382,2,1.9,,256000000
2026-05-29 12:49:50.380,2,1.77,,256000000
2026-05-29 12:49:50.345,2,1.83,,256000000
2026-05-29 12:49:50.333,2,1.88,,256000000
2026-05-29 12:49:50.317,2,1.8,,256000000
2026-05-29 12:49:50.232,2,1.8,,256000000
2026-05-29 12:49:50.221,2,1.78,,256000000
2026-05-29 12:49:50.072,2,1.83,,256000000
2026-05-29 12:49:50.064,3,2.37,,256000000
2026-05-29 12:49:50.023,2,1.87,,256000000
2026-05-29 12:49:49.976,3,2.02,,256000000
2026-05-29 12:49:49.964,4,3.78,,256000000
2026-05-29 12:49:49.962,3,2.24,,256000000
2026-05-29 12:49:49.959,20,19.99,,256000000
2026-05-29 12:49:49.909,2,1.82,,256000000
2026-05-29 12:49:49.890,2,1.86,,256000000
2026-05-29 12:49:49.781,2,1.78,,256000000
2026-05-29 12:49:49.736,2,1.78,,256000000
2026-05-29 12:49:49.672,2,1.68,,256000000
2026-05-29 12:49:49.634,3,2.08,,256000000
2026-05-29 12:49:49.595,3,2.08,,256000000
2026-05-29 12:49:49.455,17,16.4,,256000000
2026-05-29 12:49:49.443,3,2.03,,256000000
2026-05-29 12:49:49.422,2,1.8,,256000000
2026-05-29 12:49:49.367,3,2.06,,256000000
2026-05-29 12:49:49.351,2,1.87,,256000000
2026-05-29 12:49:49.339,87,86.25,,256000000
2026-05-29 12:49:49.328,2,1.91,,256000000
2026-05-29 12:49:49.318,2,1.74,,256000000
2026-05-29 12:49:49.305,2,1.72,,256000000
2026-05-29 12:49:49.263,2,1.77,,256000000
2026-05-29 12:49:49.250,2,1.74,,256000000
2026-05-29 12:49:49.238,2,1.91,,256000000
2026-05-29 12:49:49.230,2,1.86,,256000000
2026-05-29 12:49:49.226,2,1.82,,256000000
2026-05-29 12:49:49.099,2,1.84,,256000000
2026-05-29 12:49:49.038,11,10.46,,256000000
2026-05-29 12:49:49.008,2,1.88,,256000000
2026-05-29 12:49:48.999,10,9.33,,256000000
2026-05-29 12:49:48.983,2,1.87,,256000000
2026-05-29 12:49:48.978,3,2.19,,256000000
2026-05-29 12:49:48.846,2,1.94,,256000000
2026-05-29 12:49:48.823,3,2.01,,256000000
2026-05-29 12:49:48.763,2,1.7,,256000000
2026-05-29 12:49:48.757,2,1.75,,256000000
2026-05-29 12:49:48.728,2,1.83,,256000000
2026-05-29 12:49:48.656,2,1.72,,256000000
2026-05-29 12:49:48.599,2,1.63,,256000000
2026-05-29 12:49:48.570,2,1.79,,256000000
2026-05-29 12:49:48.559,33,32.64,,256000000
2026-05-29 12:49:48.556,3,2.15,,256000000
2026-05-29 12:49:48.553,3,2.24,,256000000
2026-05-29 12:49:48.546,2,1.99,,256000000
2026-05-29 12:49:48.472,2,1.83,,256000000
2026-05-29 12:49:48.466,3,2.05,,256000000
2026-05-29 12:49:48.410,2,1.81,,256000000
2026-05-29 12:49:48.365,4,3.62,,256000000
2026-05-29 12:49:48.297,2,1.98,,256000000
2026-05-29 12:49:48.295,2,1.76,,256000000
2026-05-29 12:49:48.198,2,1.88,,256000000
2026-05-29 12:49:48.153,2,1.71,,256000000
2026-05-29 12:49:48.147,2,2,,256000000
2026-05-29 12:49:48.087,3,2.01,,256000000
2026-05-29 12:49:48.074,2,1.73,,256000000
2026-05-29 12:49:48.063,2,1.99,,256000000
2026-05-29 12:49:48.048,2,1.8,,256000000
2026-05-29 12:49:48.019,45,44.88,,256000000
2026-05-29 12:49:48.017,2,1.81,,256000000
2026-05-29 12:49:47.986,2,1.95,,256000000
2026-05-29 12:49:47.950,3,2.11,,256000000
2026-05-29 12:49:47.948,2,1.87,,256000000
2026-05-29 12:49:47.947,2,1.9,,256000000
2026-05-29 12:49:47.915,16,15.18,,256000000
2026-05-29 12:49:47.912,2,1.68,,256000000
2026-05-29 12:49:47.874,3,2.19,,256000000
2026-05-29 12:49:47.864,36,35.02,,256000000
2026-05-29 12:49:47.795,2,1.92,,256000000
2026-05-29 12:49:47.756,2,1.83,,256000000
2026-05-29 12:49:47.707,2,1.59,,256000000
2026-05-29 12:49:47.687,2,1.96,,256000000
2026-05-29 12:49:47.682,2,1.8,,256000000
2026-05-29 12:49:47.659,2,1.71,,256000000
2026-05-29 12:49:47.605,7,6.03,,256000000
2026-05-29 12:49:47.585,34,33.59,,256000000
2026-05-29 12:49:47.576,12,11.56,,256000000
2026-05-29 12:49:47.565,2,1.74,,256000000
2026-05-29 12:49:47.554,3,2.56,,256000000
2026-05-29 12:49:47.500,3,2.18,,256000000
2026-05-29 12:49:47.498,2,1.98,,256000000
2026-05-29 12:49:47.465,2,1.86,,256000000
2026-05-29 12:49:47.451,2,1.95,,256000000
2026-05-29 12:49:47.396,29,28.3,,256000000
2026-05-29 12:49:47.391,16,15.26,,256000000
2026-05-29 12:49:47.351,3,2.08,,256000000
2026-05-29 12:49:47.344,3,2.02,,256000000
2026-05-29 12:49:47.154,3,2.15,,256000000
2026-05-29 12:49:47.131,2,1.78,,256000000
2026-05-29 12:49:46.971,2,1.84,,256000000
2026-05-29 12:49:46.957,2,1.78,,256000000
2026-05-29 12:49:46.951,2,1.69,,256000000
2026-05-29 12:49:46.937,2,1.94,,256000000
2026-05-29 12:49:46.933,3,2.09,,256000000
2026-05-29 12:49:46.931,2,1.6,,256000000
2026-05-29 12:49:46.922,2,1.8,,256000000
2026-05-29 12:49:46.851,3,2.07,,256000000
2026-05-29 12:49:46.835,5,4.45,,256000000
2026-05-29 12:49:46.815,40,39.59,,256000000
2026-05-29 12:49:46.804,3,2.25,,256000000
2026-05-29 12:49:46.787,13,12.35,,256000000
2026-05-29 12:49:46.756,11,10.61,,256000000
2026-05-29 12:49:46.753,2,1.71,,256000000
2026-05-29 12:49:46.743,2,1.93,,256000000
2026-05-29 12:49:46.712,2,1.67,,256000000
2026-05-29 12:49:46.626,2,1.69,,256000000
2026-05-29 12:49:46.604,16,15.11,,256000000
2026-05-29 12:49:46.564,9,8.57,,256000000
2026-05-29 12:49:46.538,2,1.75,,256000000
2026-05-29 12:49:46.538,45,44.37,,256000000
2026-05-29 12:49:46.510,2,1.87,,256000000
2026-05-29 12:49:46.483,2,1.79,,256000000
2026-05-29 12:49:46.465,2,1.84,,256000000
2026-05-29 12:49:46.426,2,1.86,,256000000
2026-05-29 12:49:46.398,2,1.77,,256000000
2026-05-29 12:49:46.383,3,2.28,,256000000
2026-05-29 12:49:46.373,2,1.7,,256000000
2026-05-29 12:49:46.303,3,2.05,,256000000
2026-05-29 12:49:46.298,3,2,,256000000
2026-05-29 12:49:46.295,2,1.78,,256000000
2026-05-29 12:49:46.293,2,1.98,,256000000
2026-05-29 12:49:46.260,2,1.83,,256000000
2026-05-29 12:49:46.253,3,2.11,,256000000
2026-05-29 12:49:46.235,7,6.84,,256000000
2026-05-29 12:49:46.205,3,2.09,,256000000
2026-05-29 12:49:46.170,3,2.13,,256000000
2026-05-29 12:49:46.161,3,2.82,,256000000
2026-05-29 12:49:46.114,2,1.78,,256000000
2026-05-29 12:49:46.113,2,1.92,,256000000
2026-05-29 12:49:46.103,3,2.13,,256000000
2026-05-29 12:49:46.079,28,27.02,,256000000
2026-05-29 12:49:46.077,2,1.75,,256000000
2026-05-29 12:49:46.035,2,1.86,,256000000
2026-05-29 12:49:46.015,18,17.4,,256000000
2026-05-29 12:49:45.943,2,1.72,,256000000
2026-05-29 12:49:45.910,2,1.72,,256000000
2026-05-29 12:49:45.900,2,1.99,,256000000
2026-05-29 12:49:45.881,2,1.88,,256000000
2026-05-29 12:49:45.878,2,1.91,,256000000
2026-05-29 12:49:45.874,2,1.74,,256000000
2026-05-29 12:49:45.800,2,1.78,,256000000
2026-05-29 12:49:45.786,2,1.83,,256000000
2026-05-29 12:49:45.775,17,16.13,,256000000
2026-05-29 12:49:45.722,6,5.53,,256000000
2026-05-29 12:49:45.710,2,1.7,,256000000
2026-05-29 12:49:45.655,24,23.81,,256000000
2026-05-29 12:49:45.639,2,1.7,,256000000
2026-05-29 12:49:45.601,2,1.75,,256000000
2026-05-29 12:49:45.555,36,35.49,,256000000
2026-05-29 12:49:45.527,2,1.8,,256000000
2026-05-29 12:49:45.434,13,12.19,,256000000
2026-05-29 12:49:45.415,2,1.79,,256000000
2026-05-29 12:49:45.399,2,1.91,,256000000
2026-05-29 12:49:45.360,2,1.68,,256000000
2026-05-29 12:49:45.338,2,1.78,,256000000
2026-05-29 12:49:45.275,2,1.73,,256000000
2026-05-29 12:49:45.251,2,1.73,,256000000
2026-05-29 12:49:45.250,2,1.68,,256000000
2026-05-29 12:49:45.232,2,1.82,,256000000
2026-05-29 12:49:45.156,2,1.98,,256000000
2026-05-29 12:49:45.152,2,1.91,,256000000
2026-05-29 12:49:45.077,3,2.02,,256000000
2026-05-29 12:49:45.074,7,6,,256000000
2026-05-29 12:49:45.072,2,1.77,,256000000
2026-05-29 12:49:45.067,42,41.34,,256000000
2026-05-29 12:49:45.054,2,1.93,,256000000
2026-05-29 12:49:45.052,3,2.05,,256000000
2026-05-29 12:49:45.049,2,1.73,,256000000
2026-05-29 12:49:44.997,2,1.59,,256000000
2026-05-29 12:49:44.994,2,1.89,,256000000
2026-05-29 12:49:44.987,2,1.77,,256000000
2026-05-29 12:49:44.973,9,8.45,,256000000
2026-05-29 12:49:44.958,2,1.71,,256000000
2026-05-29 12:49:44.906,3,2.18,,256000000
2026-05-29 12:49:44.898,3,2.1,,256000000
2026-05-29 12:49:44.864,9,8.59,,256000000
2026-05-29 12:49:44.843,2,1.89,,256000000
2026-05-29 12:49:44.835,17,16.53,,256000000
2026-05-29 12:49:44.832,2,2,,256000000
2026-05-29 12:49:44.831,3,2.09,,256000000
2026-05-29 12:49:44.804,2,1.68,,256000000
2026-05-29 12:49:44.790,2,1.91,,256000000
2026-05-29 12:49:44.732,2,1.9,,256000000
2026-05-29 12:49:44.693,2,1.95,,256000000
2026-05-29 12:49:44.688,3,2.02,,256000000
2026-05-29 12:49:44.684,2,1.87,,256000000
2026-05-29 12:49:44.683,2,1.66,,256000000
2026-05-29 12:49:44.650,2,1.74,,256000000
2026-05-29 12:49:44.634,2,1.91,,256000000
2026-05-29 12:49:44.610,2,1.81,,256000000
2026-05-29 12:49:44.548,2,1.78,,256000000
2026-05-29 12:49:44.516,2,1.65,,256000000
2026-05-29 12:49:44.516,2,1.8,,256000000
2026-05-29 12:49:44.489,2,1.74,,256000000
2026-05-29 12:49:44.437,2,1.88,,256000000
2026-05-29 12:49:44.398,3,2.04,,256000000
2026-05-29 12:49:44.394,3,2.16,,256000000
2026-05-29 12:49:44.393,6,5.16,,256000000
2026-05-29 12:49:44.352,3,2.88,,256000000
2026-05-29 12:49:44.273,8,7.44,,256000000
2026-05-29 12:49:44.258,3,2.06,,256000000
2026-05-29 12:49:44.246,2,1.68,,256000000
2026-05-29 12:49:44.222,2,1.88,,256000000
2026-05-29 12:49:44.219,2,1.69,,256000000
2026-05-29 12:49:44.194,13,12.02,,256000000
2026-05-29 12:49:44.190,2,1.92,,256000000
2026-05-29 12:49:44.132,9,8.28,,256000000
2026-05-29 12:49:44.118,20,19.55,,256000000
2026-05-29 12:49:44.065,2,1.75,,256000000
2026-05-29 12:49:44.050,2,1.83,,256000000
2026-05-29 12:49:44.008,2,1.73,,256000000
2026-05-29 12:49:43.996,2,1.82,,256000000
2026-05-29 12:49:43.982,2,1.81,,256000000
2026-05-29 12:49:43.982,2,1.85,,256000000
2026-05-29 12:49:43.979,3,2.08,,256000000
2026-05-29 12:49:43.937,3,2.01,,256000000
2026-05-29 12:49:43.894,7,6.86,,256000000
2026-05-29 12:49:43.890,3,2.13,,256000000
2026-05-29 12:49:43.882,3,2.26,,256000000
2026-05-29 12:49:43.882,2,1.89,,256000000
2026-05-29 12:49:43.860,6,5.24,,256000000
2026-05-29 12:49:43.857,2,1.82,,256000000
2026-05-29 12:49:43.856,3,2.11,,256000000
2026-05-29 12:49:43.830,2,1.77,,256000000
2026-05-29 12:49:43.799,3,2.04,,256000000
2026-05-29 12:49:43.798,3,2.01,,256000000
2026-05-29 12:49:43.797,2,1.98,,256000000
2026-05-29 12:49:43.737,2,1.87,,256000000
2026-05-29 12:49:43.714,2,1.84,,256000000
2026-05-29 12:49:43.692,70,69.62,,256000000
2026-05-29 12:49:43.611,8,7.96,,256000000
2026-05-29 12:49:43.600,22,21.07,,256000000
2026-05-29 12:49:43.586,3,2,,256000000
2026-05-29 12:49:43.579,3,2.05,,256000000
2026-05-29 12:49:43.561,2,1.71,,256000000
2026-05-29 12:49:43.552,31,30.3,,256000000
2026-05-29 12:49:43.537,2,1.91,,256000000
2026-05-29 12:49:43.514,2,1.9,,256000000
2026-05-29 12:49:43.502,2,1.97,,256000000
2026-05-29 12:49:43.419,27,26.07,,256000000
2026-05-29 12:49:43.395,3,2.01,,256000000
2026-05-29 12:49:43.345,2,1.65,,256000000
2026-05-29 12:49:43.334,2,1.97,,256000000
2026-05-29 12:49:43.329,2,1.96,,256000000
2026-05-29 12:49:43.282,2,1.69,,256000000
2026-05-29 12:49:43.214,3,2.17,,256000000
2026-05-29 12:49:43.206,2,1.84,,256000000
2026-05-29 12:49:43.155,17,16.37,,256000000
2026-05-29 12:49:43.144,2,1.71,,256000000
2026-05-29 12:49:43.121,2,1.82,,256000000
2026-05-29 12:49:43.038,13,12.72,,256000000
2026-05-29 12:49:43.036,6,5.27,,256000000
2026-05-29 12:49:43.017,2,1.95,,256000000
2026-05-29 12:49:43.015,2,1.74,,256000000
2026-05-29 12:49:43.015,10,9.56,,256000000
2026-05-29 12:49:43.006,2,1.75,,256000000
2026-05-29 12:49:43.001,2,1.67,,256000000
2026-05-29 12:49:42.995,6,5.79,,256000000
2026-05-29 12:49:42.977,2,1.98,,256000000
2026-05-29 12:49:42.974,3,2,,256000000
2026-05-29 12:49:42.964,2,1.72,,256000000
2026-05-29 12:49:42.959,3,2.08,,256000000
2026-05-29 12:49:42.952,2,1.8,,256000000
2026-05-29 12:49:42.952,2,1.75,,256000000
2026-05-29 12:49:42.876,2,1.92,,256000000
2026-05-29 12:49:42.843,2,1.67,,256000000
2026-05-29 12:49:42.837,3,2.02,,256000000
2026-05-29 12:49:42.836,2,1.75,,256000000
2026-05-29 12:49:42.814,3,2.04,,256000000
2026-05-29 12:49:42.771,3,2.16,,256000000
2026-05-29 12:49:42.769,2,1.66,,256000000
2026-05-29 12:49:42.715,40,39.34,,256000000
2026-05-29 12:49:42.701,2,1.64,,256000000
2026-05-29 12:49:42.684,3,2.17,,256000000
2026-05-29 12:49:42.655,8,7.72,,256000000
2026-05-29 12:49:42.650,3,2.15,,256000000
2026-05-29 12:49:42.649,2,1.85,,256000000
2026-05-29 12:49:42.622,2,1.86,,256000000
2026-05-29 12:49:42.596,10,9.26,,256000000
2026-05-29 12:49:42.568,2,1.95,,256000000
2026-05-29 12:49:42.541,2,1.85,,256000000
2026-05-29 12:49:42.524,2,1.91,,256000000
2026-05-29 12:49:42.521,2,1.78,,256000000
2026-05-29 12:49:42.463,2,1.91,,256000000
2026-05-29 12:49:42.463,2,1.68,,256000000
2026-05-29 12:49:42.438,3,2.42,,256000000
2026-05-29 12:49:42.431,2,1.86,,256000000
2026-05-29 12:49:42.397,2,1.76,,256000000
2026-05-29 12:49:42.384,2,1.76,,256000000
2026-05-29 12:49:42.374,4,3.21,,256000000
2026-05-29 12:49:42.354,3,2.05,,256000000
2026-05-29 12:49:42.314,3,2.07,,256000000
2026-05-29 12:49:42.301,2,1.73,,256000000
2026-05-29 12:49:42.299,3,2.13,,256000000
2026-05-29 12:49:42.289,2,1.59,,256000000
2026-05-29 12:49:42.273,2,1.93,,256000000
2026-05-29 12:49:42.238,3,2.04,,256000000
2026-05-29 12:49:42.198,3,2.1,,256000000
2026-05-29 12:49:42.179,3,2.04,,256000000
2026-05-29 12:49:42.152,2,1.96,,256000000
2026-05-29 12:49:42.059,2,1.86,,256000000
2026-05-29 12:49:42.049,2,1.92,,256000000
2026-05-29 12:49:42.036,2,1.72,,256000000
2026-05-29 12:49:42.014,2,1.89,,256000000
2026-05-29 12:49:42.012,2,1.7,,256000000
2026-05-29 12:49:41.975,2,1.93,,256000000
2026-05-29 12:49:41.941,2,1.85,,256000000
2026-05-29 12:49:41.937,2,1.81,,256000000
2026-05-29 12:49:41.929,2,1.75,,256000000
2026-05-29 12:49:41.907,35,34.7,,256000000
2026-05-29 12:49:41.905,2,1.92,,256000000
2026-05-29 12:49:41.863,2,1.73,,256000000
2026-05-29 12:49:41.854,2,1.76,,256000000
2026-05-29 12:49:41.848,2,1.97,,256000000
2026-05-29 12:49:41.834,2,1.86,,256000000
2026-05-29 12:49:41.821,2,1.93,,256000000
2026-05-29 12:49:41.804,3,2.09,,256000000
2026-05-29 12:49:41.798,2,1.78,,256000000
2026-05-29 12:49:41.796,2,1.95,,256000000
2026-05-29 12:49:41.751,2,1.62,,256000000
2026-05-29 12:49:41.734,21,20.48,,256000000
2026-05-29 12:49:41.722,2,1.98,,256000000
2026-05-29 12:49:41.683,3,2.17,,256000000
2026-05-29 12:49:41.673,5,4.03,,256000000
2026-05-29 12:49:41.666,4,3.05,,256000000
2026-05-29 12:49:41.652,2,1.77,,256000000
2026-05-29 12:49:41.637,2,1.76,,256000000
2026-05-29 12:49:41.626,2,1.71,,256000000
2026-05-29 12:49:41.554,13,12.69,,256000000
2026-05-29 12:49:41.530,2,1.77,,256000000
2026-05-29 12:49:41.500,2,1.78,,256000000
2026-05-29 12:49:41.467,60,59.58,,256000000
2026-05-29 12:49:41.413,11,10.51,,256000000
2026-05-29 12:49:41.400,17,16.9,,256000000
2026-05-29 12:49:41.328,2,1.66,,256000000
2026-05-29 12:49:41.311,2,1.95,,256000000
2026-05-29 12:49:41.306,2,1.95,,256000000
2026-05-29 12:49:41.306,2,1.91,,256000000
2026-05-29 12:49:41.305,2,1.88,,256000000
2026-05-29 12:49:41.236,3,2.02,,256000000
2026-05-29 12:49:41.230,2,1.67,,256000000
2026-05-29 12:49:41.216,2,1.88,,256000000
2026-05-29 12:49:41.212,2,1.91,,256000000
2026-05-29 12:49:41.182,2,1.76,,256000000
2026-05-29 12:49:41.160,2,1.81,,256000000
2026-05-29 12:49:41.159,2,1.75,,256000000
2026-05-29 12:49:41.134,2,1.83,,256000000
2026-05-29 12:49:41.076,5,4.95,,256000000
2026-05-29 12:49:41.049,2,1.85,,256000000
2026-05-29 12:49:41.045,2,1.8,,256000000
2026-05-29 12:49:41.017,2,1.82,,256000000
2026-05-29 12:49:41.017,2,1.98,,256000000
2026-05-29 12:49:41.000,2,1.66,,256000000
2026-05-29 12:49:40.991,2,1.78,,256000000
2026-05-29 12:49:40.986,2,1.74,,256000000
2026-05-29 12:49:40.969,2,1.66,,256000000
2026-05-29 12:49:40.965,15,14.11,,256000000
2026-05-29 12:49:40.952,7,6.34,,256000000
2026-05-29 12:49:40.950,2,1.63,,256000000
2026-05-29 12:49:40.945,2,1.85,,256000000
2026-05-29 12:49:40.932,2,1.99,,256000000
2026-05-29 12:49:40.904,9,8.73,,256000000
2026-05-29 12:49:40.883,3,2.09,,256000000
2026-05-29 12:49:40.882,2,1.8,,256000000
2026-05-29 12:49:40.881,27,26.43,,256000000
2026-05-29 12:49:40.852,2,1.87,,256000000
2026-05-29 12:49:40.851,2,1.94,,256000000
2026-05-29 12:49:40.850,2,1.74,,256000000
2026-05-29 12:49:40.839,2,1.7,,256000000
2026-05-29 12:49:40.838,25,24.01,,256000000
2026-05-29 12:49:40.826,2,1.8,,256000000
2026-05-29 12:49:40.824,2,1.85,,256000000
2026-05-29 12:49:40.798,3,2.25,,256000000
2026-05-29 12:49:40.790,2,1.7,,256000000
2026-05-29 12:49:40.784,2,1.76,,256000000
2026-05-29 12:49:40.778,2,1.73,,256000000
2026-05-29 12:49:40.759,2,1.73,,256000000
2026-05-29 12:49:40.754,3,2.01,,256000000
2026-05-29 12:49:40.728,2,1.75,,256000000
2026-05-29 12:49:40.676,17,16.58,,256000000
2026-05-29 12:49:40.660,2,1.67,,256000000
2026-05-29 12:49:40.657,2,1.74,,256000000
2026-05-29 12:49:40.614,2,1.72,,256000000
2026-05-29 12:49:40.550,2,1.79,,256000000
2026-05-29 12:49:40.533,2,1.87,,256000000
2026-05-29 12:49:40.514,2,1.89,,256000000
2026-05-29 12:49:40.487,10,9.09,,256000000
2026-05-29 12:49:40.471,8,7.51,,256000000
2026-05-29 12:49:40.451,2,1.81,,256000000
2026-05-29 12:49:40.433,2,1.79,,256000000
2026-05-29 12:49:40.414,2,1.68,,256000000
2026-05-29 12:49:40.408,2,1.8,,256000000
2026-05-29 12:49:40.387,18,17.87,,256000000
2026-05-29 12:49:40.377,2,1.94,,256000000
2026-05-29 12:49:40.371,2,1.8,,256000000
2026-05-29 12:49:40.363,2,1.91,,256000000
2026-05-29 12:49:40.347,7,6.38,,256000000
2026-05-29 12:49:40.345,2,1.75,,256000000
2026-05-29 12:49:40.326,2,2,,256000000
2026-05-29 12:49:40.307,2,1.79,,256000000
2026-05-29 12:49:40.274,2,1.85,,256000000
2026-05-29 12:49:40.264,2,1.77,,256000000
2026-05-29 12:49:40.246,2,1.59,,256000000
2026-05-29 12:49:40.194,3,2.26,,256000000
2026-05-29 12:49:40.186,4,3.04,,256000000
2026-05-29 12:49:40.175,3,2.03,,256000000
2026-05-29 12:49:40.158,2,1.96,,256000000
2026-05-29 12:49:40.125,19,18.2,,256000000
2026-05-29 12:49:40.112,2,1.82,,256000000
2026-05-29 12:49:40.109,2,1.77,,256000000
2026-05-29 12:49:40.086,2,1.7,,256000000
2026-05-29 12:49:40.075,2,1.83,,256000000
2026-05-29 12:49:40.039,2,1.84,,256000000
2026-05-29 12:49:39.990,2,1.74,,256000000
2026-05-29 12:49:39.964,22,21.62,,256000000
2026-05-29 12:49:39.902,2,1.65,,256000000
2026-05-29 12:49:39.872,2,1.77,,256000000
2026-05-29 12:49:39.834,2,1.91,,256000000
2026-05-29 12:49:39.829,2,1.72,,256000000
2026-05-29 12:49:39.811,2,1.97,,256000000
2026-05-29 12:49:39.803,4,3.37,,256000000
2026-05-29 12:49:39.783,2,1.83,,256000000
2026-05-29 12:49:39.761,2,1.68,,256000000
2026-05-29 12:49:39.751,5,4.84,,256000000
2026-05-29 12:49:39.725,2,1.82,,256000000
2026-05-29 12:49:39.711,2,1.91,,256000000
2026-05-29 12:49:39.685,19,18.73,,256000000
2026-05-29 12:49:39.676,2,1.87,,256000000
2026-05-29 12:49:39.674,3,2,,256000000
2026-05-29 12:49:39.670,2,1.68,,256000000
2026-05-29 12:49:39.570,2,1.97,,256000000
2026-05-29 12:49:39.564,7,6.3,,256000000
2026-05-29 12:49:39.543,3,2.09,,256000000
2026-05-29 12:49:39.525,2,1.74,,256000000
2026-05-29 12:49:39.469,2,1.66,,256000000
2026-05-29 12:49:39.444,4,3.85,,256000000
2026-05-29 12:49:39.428,4,3.28,,256000000
2026-05-29 12:49:39.423,3,2.16,,256000000
2026-05-29 12:49:39.421,7,6.61,,256000000
2026-05-29 12:49:39.416,12,11.65,,256000000
2026-05-29 12:49:39.407,2,1.77,,256000000
2026-05-29 12:49:39.401,2,1.86,,256000000
2026-05-29 12:49:39.398,2,1.88,,256000000
2026-05-29 12:49:39.395,18,17.69,,256000000
2026-05-29 12:49:39.392,2,1.76,,256000000
2026-05-29 12:49:39.337,2,1.66,,256000000
2026-05-29 12:49:39.316,2,1.98,,256000000
2026-05-29 12:49:39.315,15,14.14,,256000000
2026-05-29 12:49:39.311,16,15.88,,256000000
2026-05-29 12:49:39.294,2,1.75,,256000000
2026-05-29 12:49:39.252,4,3.41,,256000000
2026-05-29 12:49:39.232,26,25.8,,256000000
2026-05-29 12:49:39.216,22,21.89,,256000000
2026-05-29 12:49:39.205,2,1.78,,256000000
2026-05-29 12:49:39.194,2,1.98,,256000000
2026-05-29 12:49:39.186,2,1.89,,256000000
2026-05-29 12:49:39.176,5,4.15,,256000000
2026-05-29 12:49:39.156,41,40.24,,256000000
2026-05-29 12:49:39.151,2,1.75,,256000000
2026-05-29 12:49:39.144,5,4.25,,256000000
2026-05-29 12:49:39.123,2,1.87,,256000000
2026-05-29 12:49:39.117,2,1.94,,256000000
2026-05-29 12:49:39.110,3,2.14,,256000000
2026-05-29 12:49:39.110,2,1.73,,256000000
2026-05-29 12:49:39.091,2,1.76,,256000000
2026-05-29 12:49:39.037,3,2.25,,256000000
2026-05-29 12:49:39.022,2,1.79,,256000000
2026-05-29 12:49:39.017,2,1.99,,256000000
2026-05-29 12:49:38.993,22,21.88,,256000000
2026-05-29 12:49:38.956,2,1.72,,256000000
2026-05-29 12:49:38.937,2,1.75,,256000000
2026-05-29 12:49:38.920,2,1.84,,256000000
2026-05-29 12:49:38.911,9,8.34,,256000000
2026-05-29 12:49:38.894,3,2.15,,256000000
2026-05-29 12:49:38.883,2,1.66,,256000000
2026-05-29 12:49:38.882,2,1.69,,256000000
2026-05-29 12:49:38.881,2,1.7,,256000000
2026-05-29 12:49:38.866,2,1.73,,256000000
2026-05-29 12:49:38.858,2,1.75,,256000000
2026-05-29 12:49:38.832,2,1.59,,256000000
2026-05-29 12:49:38.823,2,1.91,,256000000
2026-05-29 12:49:38.823,2,1.78,,256000000
2026-05-29 12:49:38.785,2,1.8,,256000000
2026-05-29 12:49:38.785,7,6.09,,256000000
2026-05-29 12:49:38.764,3,2.47,,256000000
2026-05-29 12:49:38.743,3,2.03,,256000000
2026-05-29 12:49:38.692,3,2.72,,256000000
2026-05-29 12:49:38.670,2,1.81,,256000000
2026-05-29 12:49:38.665,2,1.99,,256000000
2026-05-29 12:49:38.630,2,1.68,,256000000
2026-05-29 12:49:38.611,2,1.92,,256000000
2026-05-29 12:49:38.606,10,9.19,,256000000
2026-05-29 12:49:38.603,2,1.66,,256000000
2026-05-29 12:49:38.592,2,1.82,,256000000
2026-05-29 12:49:38.583,2,1.74,,256000000
2026-05-29 12:49:38.567,2,1.69,,256000000
2026-05-29 12:49:38.555,2,1.71,,256000000
2026-05-29 12:49:38.554,3,2.04,,256000000
2026-05-29 12:49:38.538,2,1.66,,256000000
2026-05-29 12:49:38.534,2,1.69,,256000000
2026-05-29 12:49:38.485,2,1.94,,256000000
2026-05-29 12:49:38.479,2,2,,256000000
2026-05-29 12:49:38.464,18,17.06,,256000000
2026-05-29 12:49:38.412,2,1.69,,256000000
2026-05-29 12:49:38.407,3,2.52,,256000000
2026-05-29 12:49:38.392,2,1.74,,256000000
2026-05-29 12:49:38.364,39,38.47,,256000000
2026-05-29 12:49:38.351,2,1.75,,256000000
2026-05-29 12:49:38.349,2,1.76,,256000000
2026-05-29 12:49:38.334,2,1.92,,256000000
2026-05-29 12:49:38.307,2,1.82,,256000000
2026-05-29 12:49:38.279,2,1.73,,256000000
2026-05-29 12:49:38.274,2,2,,256000000
2026-05-29 12:49:38.267,24,23.57,,256000000
2026-05-29 12:49:38.239,11,10.47,,256000000
2026-05-29 12:49:38.218,3,2.99,,256000000
2026-05-29 12:49:38.216,2,1.76,,256000000
2026-05-29 12:49:38.194,2,1.9,,256000000
2026-05-29 12:49:38.137,2,1.98,,256000000
2026-05-29 12:49:38.114,2,1.94,,256000000
2026-05-29 12:49:38.103,2,2,,256000000
2026-05-29 12:49:38.093,2,1.75,,256000000
2026-05-29 12:49:38.087,2,1.89,,256000000
2026-05-29 12:49:38.067,2,1.76,,256000000
2026-05-29 12:49:38.054,3,2.22,,256000000
2026-05-29 12:49:38.043,2,1.94,,256000000
2026-05-29 12:49:38.011,2,1.78,,256000000
2026-05-29 12:49:37.983,2,1.93,,256000000
2026-05-29 12:49:37.983,3,2.3,,256000000
2026-05-29 12:49:37.934,3,2.04,,256000000
2026-05-29 12:49:37.897,2,1.95,,256000000
2026-05-29 12:49:37.894,2,1.75,,256000000
2026-05-29 12:49:37.871,2,1.79,,256000000
2026-05-29 12:49:37.851,4,3.69,,256000000
2026-05-29 12:49:37.831,20,19.18,,256000000
2026-05-29 12:49:37.813,2,1.48,,256000000
2026-05-29 12:49:37.807,26,25.84,,256000000
2026-05-29 12:49:37.803,2,1.85,,256000000
2026-05-29 12:49:37.796,4,3.48,,256000000
2026-05-29 12:49:37.793,14,13.74,,256000000
2026-05-29 12:49:37.792,14,13.63,,256000000
2026-05-29 12:49:37.786,2,1.98,,256000000
2026-05-29 12:49:37.776,12,11.94,,256000000
2026-05-29 12:49:37.775,27,26.54,,256000000
2026-05-29 12:49:37.772,2,1.95,,256000000
2026-05-29 12:49:37.714,3,2.97,,256000000
2026-05-29 12:49:37.703,3,2,,256000000
2026-05-29 12:49:37.699,2,1.79,,256000000
2026-05-29 12:49:37.666,2,1.77,,256000000
2026-05-29 12:49:37.665,16,15.32,,256000000
2026-05-29 12:49:37.658,24,23.95,,256000000
2026-05-29 12:49:37.654,2,1.67,,256000000
2026-05-29 12:49:37.644,15,14.79,,256000000
2026-05-29 12:49:37.624,2,1.73,,256000000
2026-05-29 12:49:37.594,2,1.84,,256000000
2026-05-29 12:49:37.590,2,1.73,,256000000
2026-05-29 12:49:37.563,3,2.31,,256000000
2026-05-29 12:49:37.515,2,1.92,,256000000
2026-05-29 12:49:37.510,2,1.82,,256000000
2026-05-29 12:49:37.494,2,1.76,,256000000
2026-05-29 12:49:37.471,19,18.8,,256000000
2026-05-29 12:49:37.468,2,1.64,,256000000
2026-05-29 12:49:37.455,44,43.8,,256000000
2026-05-29 12:49:37.443,2,1.88,,256000000
2026-05-29 12:49:37.442,2,1.68,,256000000
2026-05-29 12:49:37.413,2,1.8,,256000000
2026-05-29 12:49:37.409,2,1.65,,256000000
2026-05-29 12:49:37.395,2,1.64,,256000000
2026-05-29 12:49:37.389,2,1.76,,256000000
2026-05-29 12:49:37.352,2,1.85,,256000000
2026-05-29 12:49:37.347,2,1.71,,256000000
2026-05-29 12:49:37.346,2,1.77,,256000000
2026-05-29 12:49:37.329,2,1.66,,256000000
2026-05-29 12:49:37.292,2,2,,256000000
2026-05-29 12:49:37.287,2,1.76,,256000000
2026-05-29 12:49:37.227,2,1.72,,256000000
2026-05-29 12:49:37.214,2,1.75,,256000000
2026-05-29 12:49:37.195,2,1.72,,256000000
2026-05-29 12:49:37.188,2,1.68,,256000000
2026-05-29 12:49:37.153,2,1.72,,256000000
2026-05-29 12:49:37.149,2,1.93,,256000000
2026-05-29 12:49:37.144,3,2.87,,256000000
2026-05-29 12:49:37.124,2,1.82,,256000000
2026-05-29 12:49:37.118,2,1.98,,256000000
2026-05-29 12:49:37.065,2,1.98,,256000000
2026-05-29 12:49:37.063,2,1.98,,256000000
2026-05-29 12:49:37.056,11,10.53,,256000000
2026-05-29 12:49:37.025,13,12.85,,256000000
2026-05-29 12:49:37.017,3,2.17,,256000000
2026-05-29 12:49:37.008,3,2.02,,256000000
2026-05-29 12:49:37.005,8,7.56,,256000000
2026-05-29 12:49:36.995,10,9.63,,256000000
2026-05-29 12:49:36.985,2,1.63,,256000000
2026-05-29 12:49:36.985,22,21.59,,256000000
2026-05-29 12:49:36.981,3,2.04,,256000000
2026-05-29 12:49:36.953,2,1.69,,256000000
2026-05-29 12:49:36.945,2,1.79,,256000000
2026-05-29 12:49:36.940,13,12.64,,256000000
2026-05-29 12:49:36.919,2,1.72,,256000000
2026-05-29 12:49:36.915,3,2.17,,256000000
2026-05-29 12:49:36.915,8,7.67,,256000000
2026-05-29 12:49:36.912,2,1.68,,256000000
2026-05-29 12:49:36.897,2,1.85,,256000000
2026-05-29 12:49:36.894,2,1.9,,256000000
2026-05-29 12:49:36.858,2,1.77,,256000000
2026-05-29 12:49:36.853,2,1.88,,256000000
2026-05-29 12:49:36.843,2,1.9,,256000000
2026-05-29 12:49:36.819,2,1.72,,256000000
2026-05-29 12:49:36.796,2,1.82,,256000000
2026-05-29 12:49:36.787,2,1.77,,256000000
2026-05-29 12:49:36.775,2,1.75,,256000000
2026-05-29 12:49:36.700,2,1.79,,256000000
2026-05-29 12:49:36.669,2,1.82,,256000000
2026-05-29 12:49:36.669,2,1.96,,256000000
2026-05-29 12:49:36.666,2,1.67,,256000000
2026-05-29 12:49:36.649,2,1.92,,256000000
2026-05-29 12:49:36.635,2,1.74,,256000000
2026-05-29 12:49:36.623,2,1.81,,256000000
2026-05-29 12:49:36.608,2,1.76,,256000000
2026-05-29 12:49:36.580,4,3.62,,256000000
2026-05-29 12:49:36.567,12,11.6,,256000000
2026-05-29 12:49:36.542,2,1.88,,256000000
2026-05-29 12:49:36.520,16,15.04,,256000000
2026-05-29 12:49:36.517,2,1.97,,256000000
2026-05-29 12:49:36.508,3,2.07,,256000000
2026-05-29 12:49:36.498,8,7.42,,256000000
2026-05-29 12:49:36.477,2,1.71,,256000000
2026-05-29 12:49:36.476,2,1.9,,256000000
2026-05-29 12:49:36.475,2,1.69,,256000000
2026-05-29 12:49:36.455,2,1.7,,256000000
2026-05-29 12:49:36.446,2,1.79,,256000000
2026-05-29 12:49:36.418,9,8.94,,256000000
2026-05-29 12:49:36.415,2,1.83,,256000000
2026-05-29 12:49:36.391,2,1.72,,256000000
2026-05-29 12:49:36.360,8,7.61,,256000000
2026-05-29 12:49:36.326,2,1.69,,256000000
2026-05-29 12:49:36.289,2,1.68,,256000000
2026-05-29 12:49:36.246,2,1.78,,256000000
2026-05-29 12:49:36.244,2,1.79,,256000000
2026-05-29 12:49:36.221,2,1.74,,256000000
2026-05-29 12:49:36.194,2,1.86,,256000000
2026-05-29 12:49:36.160,2,1.81,,256000000
2026-05-29 12:49:36.119,2,1.86,,256000000
2026-05-29 12:49:36.106,2,1.93,,256000000
2026-05-29 12:49:36.059,14,13.53,,256000000
2026-05-29 12:49:36.057,10,9.61,,256000000
2026-05-29 12:49:36.034,4,3.89,,256000000
2026-05-29 12:49:36.018,4,3.52,,256000000
2026-05-29 12:49:36.015,2,1.68,,256000000
2026-05-29 12:49:36.014,2,1.72,,256000000
2026-05-29 12:49:36.006,3,2.1,,256000000
2026-05-29 12:49:36.003,2,1.73,,256000000
2026-05-29 12:49:35.982,2,1.82,,256000000
2026-05-29 12:49:35.980,5,4.37,,256000000
2026-05-29 12:49:35.975,54,53.24,,256000000
2026-05-29 12:49:35.971,2,1.9,,256000000
2026-05-29 12:49:35.970,3,2.19,,256000000
2026-05-29 12:49:35.959,9,8.23,,256000000
2026-05-29 12:49:35.947,10,9.55,,256000000
2026-05-29 12:49:35.941,2,1.8,,256000000
2026-05-29 12:49:35.921,2,1.81,,256000000
2026-05-29 12:49:35.915,7,6.83,,256000000
2026-05-29 12:49:35.911,2,1.67,,256000000
2026-05-29 12:49:35.859,2,1.75,,256000000
2026-05-29 12:49:35.855,2,1.73,,256000000
2026-05-29 12:49:35.837,2,1.95,,256000000
2026-05-29 12:49:35.816,5,4.24,,256000000
2026-05-29 12:49:35.811,2,1.72,,256000000
2026-05-29 12:49:35.795,22,21.52,,256000000
2026-05-29 12:49:35.784,2,1.7,,256000000
2026-05-29 12:49:35.765,2,1.83,,256000000
2026-05-29 12:49:35.751,2,1.77,,256000000
2026-05-29 12:49:35.747,18,17.8,,256000000
2026-05-29 12:49:35.721,3,2.23,,256000000
2026-05-29 12:49:35.715,3,2.03,,256000000
2026-05-29 12:49:35.714,3,2.25,,256000000
2026-05-29 12:49:35.713,2,1.77,,256000000
2026-05-29 12:49:35.686,2,1.91,,256000000
2026-05-29 12:49:35.675,41,40.31,,256000000
2026-05-29 12:49:35.643,2,1.67,,256000000
2026-05-29 12:49:35.616,12,11.22,,256000000
2026-05-29 12:49:35.608,3,2.26,,256000000
2026-05-29 12:49:35.606,2,1.77,,256000000
2026-05-29 12:49:35.595,139,138.97,,256000000
2026-05-29 12:49:35.555,2,1.72,,256000000
2026-05-29 12:49:35.529,2,1.8,,256000000
2026-05-29 12:49:35.517,2,1.71,,256000000
2026-05-29 12:49:35.504,2,1.73,,256000000
2026-05-29 12:49:35.503,2,1.96,,256000000
2026-05-29 12:49:35.501,41,40.64,,256000000
2026-05-29 12:49:35.477,2,1.81,,256000000
2026-05-29 12:49:35.454,3,2.31,,256000000
2026-05-29 12:49:35.447,33,32.63,,256000000
2026-05-29 12:49:35.442,2,1.88,,256000000
2026-05-29 12:49:35.440,8,7.96,,256000000
2026-05-29 12:49:35.427,2,1.79,,256000000
2026-05-29 12:49:35.419,2,1.96,,256000000
2026-05-29 12:49:35.415,3,2.22,,256000000
2026-05-29 12:49:35.404,2,1.89,,256000000
2026-05-29 12:49:35.395,66,65.03,,256000000
2026-05-29 12:49:35.363,2,1.9,,256000000
2026-05-29 12:49:35.360,3,2.22,,256000000
2026-05-29 12:49:35.329,3,2.12,,256000000
2026-05-29 12:49:35.317,3,2.12,,256000000
2026-05-29 12:49:35.309,2,1.81,,256000000
2026-05-29 12:49:35.304,2,1.85,,256000000
2026-05-29 12:49:35.276,3,2.15,,256000000
2026-05-29 12:49:35.253,2,1.86,,256000000
2026-05-29 12:49:35.250,2,1.7,,256000000
2026-05-29 12:49:35.233,3,2.1,,256000000
2026-05-29 12:49:35.223,3,2.02,,256000000
2026-05-29 12:49:35.222,2,1.95,,256000000
2026-05-29 12:49:35.186,2,1.71,,256000000
2026-05-29 12:49:35.154,17,16.31,,256000000
2026-05-29 12:49:35.152,2,1.71,,256000000
2026-05-29 12:49:35.128,2,1.94,,256000000
2026-05-29 12:49:35.124,2,1.87,,256000000
2026-05-29 12:49:35.118,2,1.85,,256000000
2026-05-29 12:49:35.112,2,1.94,,256000000
2026-05-29 12:49:35.095,2,1.82,,256000000
2026-05-29 12:49:35.083,7,6.83,,256000000
2026-05-29 12:49:35.077,3,2.3,,256000000
2026-05-29 12:49:35.045,2,1.72,,256000000
2026-05-29 12:49:35.043,2,1.76,,256000000
2026-05-29 12:49:35.023,2,1.8,,256000000
2026-05-29 12:49:35.014,2,1.78,,256000000
2026-05-29 12:49:34.995,2,1.88,,256000000
2026-05-29 12:49:34.991,2,1.65,,256000000
2026-05-29 12:49:34.957,2,1.82,,256000000
2026-05-29 12:49:34.954,3,2.44,,256000000
2026-05-29 12:49:34.954,3,2.03,,256000000
2026-05-29 12:49:34.916,12,11.58,,256000000
2026-05-29 12:49:34.905,2,1.95,,256000000
2026-05-29 12:49:34.894,3,2.16,,256000000
2026-05-29 12:49:34.884,12,11.98,,256000000
2026-05-29 12:49:34.881,2,1.72,,256000000
2026-05-29 12:49:34.863,2,1.91,,256000000
2026-05-29 12:49:34.837,2,1.74,,256000000
2026-05-29 12:49:34.824,3,2.16,,256000000
2026-05-29 12:49:34.800,8,7.54,,256000000
2026-05-29 12:49:34.787,2,1.75,,256000000
2026-05-29 12:49:34.777,2,1.95,,256000000
2026-05-29 12:49:34.761,3,2.08,,256000000
2026-05-29 12:49:34.732,2,1.7,,256000000
2026-05-29 12:49:34.714,2,1.89,,256000000
2026-05-29 12:49:34.713,3,2.03,,256000000
2026-05-29 12:49:34.705,2,1.71,,256000000
2026-05-29 12:49:34.646,3,2.01,,256000000
2026-05-29 12:49:34.618,3,2.15,,256000000
2026-05-29 12:49:34.612,2,1.85,,256000000
2026-05-29 12:49:34.598,46,45.77,,256000000
2026-05-29 12:49:34.544,3,2.15,,256000000
2026-05-29 12:49:34.527,2,1.77,,256000000
2026-05-29 12:49:34.522,2,1.76,,256000000
2026-05-29 12:49:34.515,2,1.73,,256000000
2026-05-29 12:49:34.483,13,12.92,,256000000
2026-05-29 12:49:34.464,3,2.07,,256000000
2026-05-29 12:49:34.452,4,3.12,,256000000
2026-05-29 12:49:34.444,2,1.93,,256000000
2026-05-29 12:49:34.439,33,32.37,,256000000
2026-05-29 12:49:34.412,2,1.66,,256000000
2026-05-29 12:49:34.407,17,16.46,,256000000
2026-05-29 12:49:34.394,2,1.85,,256000000
2026-05-29 12:49:34.383,2,1.94,,256000000
2026-05-29 12:49:34.381,2,1.77,,256000000
2026-05-29 12:49:34.381,4,3.15,,256000000
2026-05-29 12:49:34.367,2,1.73,,256000000
2026-05-29 12:49:34.305,2,1.83,,256000000
2026-05-29 12:49:34.299,2,1.87,,256000000
2026-05-29 12:49:34.298,12,11.42,,256000000
2026-05-29 12:49:34.293,2,1.75,,256000000
2026-05-29 12:49:34.288,10,9.89,,256000000
2026-05-29 12:49:34.284,2,1.64,,256000000
2026-05-29 12:49:34.266,2,1.62,,256000000
2026-05-29 12:49:34.261,2,1.74,,256000000
2026-05-29 12:49:34.260,3,2.01,,256000000
2026-05-29 12:49:34.236,2,1.95,,256000000
2026-05-29 12:49:34.206,2,1.76,,256000000
2026-05-29 12:49:34.203,2,1.9,,256000000
2026-05-29 12:49:34.198,2,1.66,,256000000
2026-05-29 12:49:34.183,2,1.78,,256000000
2026-05-29 12:49:34.183,2,1.92,,256000000
2026-05-29 12:49:34.174,3,2.09,,256000000
2026-05-29 12:49:34.165,2,1.96,,256000000
2026-05-29 12:49:34.149,2,1.73,,256000000
2026-05-29 12:49:34.146,2,1.69,,256000000
2026-05-29 12:49:34.129,2,1.69,,256000000
2026-05-29 12:49:34.122,3,2.06,,256000000
2026-05-29 12:49:34.121,2,1.71,,256000000
2026-05-29 12:49:34.100,30,29.21,,256000000
2026-05-29 12:49:34.095,7,6.2,,256000000
2026-05-29 12:49:34.086,2,1.77,,256000000
2026-05-29 12:49:34.060,27,26.95,,256000000
2026-05-29 12:49:34.055,2,1.77,,256000000
2026-05-29 12:49:34.055,7,6.16,,256000000
2026-05-29 12:49:34.047,3,2.1,,256000000
2026-05-29 12:49:34.034,16,15.04,,256000000
2026-05-29 12:49:34.023,2,1.75,,256000000
2026-05-29 12:49:33.986,2,1.77,,256000000
2026-05-29 12:49:33.986,2,1.83,,256000000
2026-05-29 12:49:33.980,14,13.5,,256000000
2026-05-29 12:49:33.967,2,1.74,,256000000
2026-05-29 12:49:33.962,2,1.65,,256000000
2026-05-29 12:49:33.932,2,1.89,,256000000
2026-05-29 12:49:33.920,21,20.03,,256000000
2026-05-29 12:49:33.916,21,20.88,,256000000
2026-05-29 12:49:33.898,2,1.74,,256000000
2026-05-29 12:49:33.876,3,2.06,,256000000
2026-05-29 12:49:33.863,8,7.8,,256000000
2026-05-29 12:49:33.862,8,7.09,,256000000
2026-05-29 12:49:33.844,2,1.67,,256000000
2026-05-29 12:49:33.844,2,1.65,,256000000
2026-05-29 12:49:33.839,25,24.54,,256000000
2026-05-29 12:49:33.838,2,1.76,,256000000
2026-05-29 12:49:33.826,2,1.73,,256000000
2026-05-29 12:49:33.823,3,2.11,,256000000
2026-05-29 12:49:33.821,2,1.71,,256000000
2026-05-29 12:49:33.820,43,42.57,,256000000
2026-05-29 12:49:33.766,2,1.67,,256000000
2026-05-29 12:49:33.761,37,36.31,,256000000
2026-05-29 12:49:33.722,2,1.93,,256000000
2026-05-29 12:49:33.693,2,1.88,,256000000
2026-05-29 12:49:33.688,3,2.34,,256000000
2026-05-29 12:49:33.653,2,1.94,,256000000
2026-05-29 12:49:33.612,3,2.27,,256000000
2026-05-29 12:49:33.601,2,1.72,,256000000
2026-05-29 12:49:33.559,2,1.82,,256000000
2026-05-29 12:49:33.539,3,2.04,,256000000
2026-05-29 12:49:33.525,3,2.14,,256000000
2026-05-29 12:49:33.519,8,7.47,,256000000
2026-05-29 12:49:33.504,2,1.76,,256000000
2026-05-29 12:49:33.498,15,14.25,,256000000
2026-05-29 12:49:33.481,15,14.37,,256000000
2026-05-29 12:49:33.454,2,1.79,,256000000
2026-05-29 12:49:33.449,2,1.98,,256000000
2026-05-29 12:49:33.443,3,2.15,,256000000
2026-05-29 12:49:33.442,23,22.87,,256000000
2026-05-29 12:49:33.441,2,1.74,,256000000
2026-05-29 12:49:33.418,2,1.82,,256000000
2026-05-29 12:49:33.415,19,18.51,,256000000
2026-05-29 12:49:33.404,3,2.43,,256000000
2026-05-29 12:49:33.399,3,2.04,,256000000
2026-05-29 12:49:33.384,2,1.98,,256000000
2026-05-29 12:49:33.381,3,2.33,,256000000
2026-05-29 12:49:33.377,7,6.05,,256000000
2026-05-29 12:49:33.359,3,2.14,,256000000
2026-05-29 12:49:33.335,12,11.6,,256000000
2026-05-29 12:49:33.320,44,43.13,,256000000
2026-05-29 12:49:33.295,17,16.39,,256000000
2026-05-29 12:49:33.279,3,2.06,,256000000
2026-05-29 12:49:33.261,15,14.58,,256000000
2026-05-29 12:49:33.254,3,2.11,,256000000
2026-05-29 12:49:33.235,4,3.03,,256000000
2026-05-29 12:49:33.214,3,2.02,,256000000
2026-05-29 12:49:33.214,3,2.1,,256000000
2026-05-29 12:49:33.197,3,2.21,,256000000
2026-05-29 12:49:33.195,2,1.75,,256000000
2026-05-29 12:49:33.191,2,1.98,,256000000
2026-05-29 12:49:33.176,2,1.85,,256000000
2026-05-29 12:49:33.155,14,13.01,,256000000
2026-05-29 12:49:33.116,6,5.32,,256000000
2026-05-29 12:49:33.096,13,12.46,,256000000
2026-05-29 12:49:33.095,21,20.61,,256000000
2026-05-29 12:49:33.079,2,1.86,,256000000
2026-05-29 12:49:33.078,3,2.04,,256000000
2026-05-29 12:49:33.075,4,4,,256000000
2026-05-29 12:49:33.061,2,1.72,,256000000
2026-05-29 12:49:33.021,18,18,,256000000
2026-05-29 12:49:33.014,3,2.1,,256000000
2026-05-29 12:49:32.975,8,7.19,,256000000
2026-05-29 12:49:32.956,3,2.05,,256000000
2026-05-29 12:49:32.942,3,2.04,,256000000
2026-05-29 12:49:32.939,3,2.53,,256000000
2026-05-29 12:49:32.938,2,1.97,,256000000
2026-05-29 12:49:32.937,2,1.95,,256000000
2026-05-29 12:49:32.922,2,1.79,,256000000
2026-05-29 12:49:32.921,11,10.11,,256000000
2026-05-29 12:49:32.914,2,1.84,,256000000
2026-05-29 12:49:32.901,16,15.55,,256000000
2026-05-29 12:49:32.877,3,2.09,,256000000
2026-05-29 12:49:32.839,45,44.67,,256000000
2026-05-29 12:49:32.821,2,1.74,,256000000
2026-05-29 12:49:32.799,2,1.8,,256000000
2026-05-29 12:49:32.782,2,1.69,,256000000
2026-05-29 12:49:32.779,2,1.68,,256000000
2026-05-29 12:49:32.747,2,1.85,,256000000
2026-05-29 12:49:32.737,2,1.87,,256000000
2026-05-29 12:49:32.716,7,6.7,,256000000
2026-05-29 12:49:32.711,57,56.29,,256000000
2026-05-29 12:49:32.700,16,15.15,,256000000
2026-05-29 12:49:32.698,2,1.94,,256000000
2026-05-29 12:49:32.695,4,3.16,,256000000
2026-05-29 12:49:32.676,22,21.73,,256000000
2026-05-29 12:49:32.674,2,1.88,,256000000
2026-05-29 12:49:32.667,2,1.85,,256000000
2026-05-29 12:49:32.657,2,1.79,,256000000
2026-05-29 12:49:32.646,2,1.89,,256000000
2026-05-29 12:49:32.629,2,1.75,,256000000
2026-05-29 12:49:32.627,2,1.82,,256000000
2026-05-29 12:49:32.591,2,1.8,,256000000
2026-05-29 12:49:32.589,2,1.86,,256000000
2026-05-29 12:49:32.571,11,10.37,,256000000
2026-05-29 12:49:32.550,2,1.94,,256000000
2026-05-29 12:49:32.543,2,1.79,,256000000
2026-05-29 12:49:32.511,16,15.3,,256000000
2026-05-29 12:49:32.499,2,1.71,,256000000
2026-05-29 12:49:32.466,2,1.89,,256000000
2026-05-29 12:49:32.452,3,2.03,,256000000
2026-05-29 12:49:32.439,9,8.11,,256000000
2026-05-29 12:49:32.429,2,1.75,,256000000
2026-05-29 12:49:32.418,46,45.56,,256000000
2026-05-29 12:49:32.414,2,1.7,,256000000
2026-05-29 12:49:32.414,2,1.66,,256000000
2026-05-29 12:49:32.414,2,1.99,,256000000
2026-05-29 12:49:32.410,2,1.75,,256000000
2026-05-29 12:49:32.406,4,3.9,,256000000
2026-05-29 12:49:32.390,3,2.2,,256000000
2026-05-29 12:49:32.376,2,1.94,,256000000
2026-05-29 12:49:32.318,3,2.23,,256000000
2026-05-29 12:49:32.310,2,1.7,,256000000
2026-05-29 12:49:32.306,7,6.18,,256000000
2026-05-29 12:49:32.301,12,11.75,,256000000
2026-05-29 12:49:32.297,13,12.23,,256000000
2026-05-29 12:49:32.279,3,2.15,,256000000
2026-05-29 12:49:32.271,2,1.79,,256000000
2026-05-29 12:49:32.268,3,2.28,,256000000
2026-05-29 12:49:32.264,12,11.7,,256000000
2026-05-29 12:49:32.255,2,1.68,,256000000
2026-05-29 12:49:32.244,2,1.82,,256000000
2026-05-29 12:49:32.244,58,57.35,,256000000
2026-05-29 12:49:32.244,2,1.88,,256000000
2026-05-29 12:49:32.221,8,7.06,,256000000
2026-05-29 12:49:32.213,2,1.81,,256000000
2026-05-29 12:49:32.212,3,2.05,,256000000
2026-05-29 12:49:32.206,2,1.81,,256000000
2026-05-29 12:49:32.200,17,16.52,,256000000
2026-05-29 12:49:32.195,18,17.58,,256000000
2026-05-29 12:49:32.172,2,1.75,,256000000
2026-05-29 12:49:32.170,2,1.66,,256000000
2026-05-29 12:49:32.151,8,7.7,,256000000
2026-05-29 12:49:32.140,2,1.93,,256000000
2026-05-29 12:49:32.134,2,1.9,,256000000
2026-05-29 12:49:32.130,3,2.08,,256000000
2026-05-29 12:49:32.109,2,1.8,,256000000
2026-05-29 12:49:32.087,9,8.05,,256000000
2026-05-29 12:49:32.072,2,1.7,,256000000
2026-05-29 12:49:32.064,2,1.68,,256000000
2026-05-29 12:49:32.054,20,19.8,,256000000
2026-05-29 12:49:32.023,2,1.66,,256000000
2026-05-29 12:49:32.021,39,38.58,,256000000
2026-05-29 12:49:32.001,2,1.83,,256000000
2026-05-29 12:49:32.000,2,1.79,,256000000
2026-05-29 12:49:31.997,3,2.17,,256000000
2026-05-29 12:49:31.976,2,1.62,,256000000
2026-05-29 12:49:31.967,2,1.69,,256000000
2026-05-29 12:49:31.908,2,1.62,,256000000
2026-05-29 12:49:31.893,2,1.82,,256000000
2026-05-29 12:49:31.881,11,10.32,,256000000
2026-05-29 12:49:31.880,2,1.78,,256000000
2026-05-29 12:49:31.875,2,1.95,,256000000
2026-05-29 12:49:31.867,57,56,,256000000
2026-05-29 12:49:31.846,2,1.69,,256000000
2026-05-29 12:49:31.843,2,1.85,,256000000
2026-05-29 12:49:31.812,2,1.86,,256000000
2026-05-29 12:49:31.798,3,2.11,,256000000
2026-05-29 12:49:31.793,2,1.73,,256000000
2026-05-29 12:49:31.763,2,1.97,,256000000
2026-05-29 12:49:31.760,16,15.41,,256000000
2026-05-29 12:49:31.737,2,1.63,,256000000
2026-05-29 12:49:31.721,6,5.55,,256000000
2026-05-29 12:49:31.718,2,1.73,,256000000
2026-05-29 12:49:31.701,30,29.19,,256000000
2026-05-29 12:49:31.689,2,1.83,,256000000
2026-05-29 12:49:31.688,3,2.09,,256000000
2026-05-29 12:49:31.687,2,1.75,,256000000
2026-05-29 12:49:31.684,2,1.79,,256000000
2026-05-29 12:49:31.683,5,4.68,,256000000
2026-05-29 12:49:31.682,2,1.77,,256000000
2026-05-29 12:49:31.678,3,2.02,,256000000
2026-05-29 12:49:31.667,13,12.06,,256000000
2026-05-29 12:49:31.646,2,1.76,,256000000
2026-05-29 12:49:31.610,2,1.97,,256000000
2026-05-29 12:49:31.608,2,1.79,,256000000
2026-05-29 12:49:31.597,3,2.09,,256000000
2026-05-29 12:49:31.586,2,1.71,,256000000
2026-05-29 12:49:31.557,3,2.33,,256000000
2026-05-29 12:49:31.548,2,1.76,,256000000
2026-05-29 12:49:31.546,2,1.71,,256000000
2026-05-29 12:49:31.535,4,3.92,,256000000
2026-05-29 12:49:31.521,19,18.84,,256000000
2026-05-29 12:49:31.521,2,1.96,,256000000
2026-05-29 12:49:31.515,19,18.7,,256000000
2026-05-29 12:49:31.514,2,1.85,,256000000
2026-05-29 12:49:31.505,3,2.12,,256000000
2026-05-29 12:49:31.487,2,1.84,,256000000
2026-05-29 12:49:31.479,2,1.8,,256000000
2026-05-29 12:49:31.467,84,83.78,,256000000
2026-05-29 12:49:31.459,2,1.78,,256000000
2026-05-29 12:49:31.427,2,1.79,,256000000
2026-05-29 12:49:31.399,2,1.76,,256000000
2026-05-29 12:49:31.395,2,1.98,,256000000
2026-05-29 12:49:31.381,3,2.31,,256000000
2026-05-29 12:49:31.374,2,1.94,,256000000
2026-05-29 12:49:31.368,2,1.77,,256000000
2026-05-29 12:49:31.330,2,1.88,,256000000
2026-05-29 12:49:31.329,2,1.93,,256000000
2026-05-29 12:49:31.326,3,2.05,,256000000
2026-05-29 12:49:31.323,6,5.99,,256000000
2026-05-29 12:49:31.302,2,1.78,,256000000
2026-05-29 12:49:31.287,40,39.81,,256000000
2026-05-29 12:49:31.254,3,2.01,,256000000
2026-05-29 12:49:31.227,6,5.33,,256000000
2026-05-29 12:49:31.211,2,1.8,,256000000
2026-05-29 12:49:31.208,2,1.93,,256000000
2026-05-29 12:49:31.204,11,10.23,,256000000
2026-05-29 12:49:31.183,12,11.74,,256000000
2026-05-29 12:49:31.175,20,19.75,,256000000
2026-05-29 12:49:31.165,2,1.81,,256000000
2026-05-29 12:49:31.164,19,18.79,,256000000
2026-05-29 12:49:31.140,2,1.87,,256000000
2026-05-29 12:49:31.129,2,1.76,,256000000
2026-05-29 12:49:31.118,2,1.82,,256000000
2026-05-29 12:49:31.084,16,15.19,,256000000
2026-05-29 12:49:31.067,2,1.76,,256000000
2026-05-29 12:49:31.039,2,1.64,,256000000
2026-05-29 12:49:31.035,2,1.91,,256000000
2026-05-29 12:49:31.034,2,1.91,,256000000
2026-05-29 12:49:31.027,11,10.09,,256000000
2026-05-29 12:49:30.996,13,12.26,,256000000
2026-05-29 12:49:30.996,2,1.98,,256000000
2026-05-29 12:49:30.975,12,11.95,,256000000
2026-05-29 12:49:30.975,3,2.15,,256000000
2026-05-29 12:49:30.918,2,1.93,,256000000
2026-05-29 12:49:30.914,2,1.79,,256000000
2026-05-29 12:49:30.905,3,2.11,,256000000
2026-05-29 12:49:30.894,2,1.95,,256000000
2026-05-29 12:49:30.880,2,1.91,,256000000
2026-05-29 12:49:30.857,3,2.03,,256000000
2026-05-29 12:49:30.834,19,18.68,,256000000
2026-05-29 12:49:30.834,3,2.41,,256000000
2026-05-29 12:49:30.834,2,1.59,,256000000
2026-05-29 12:49:30.816,35,34.1,,256000000
2026-05-29 12:49:30.816,3,2.1,,256000000
2026-05-29 12:49:30.812,2,1.97,,256000000
2026-05-29 12:49:30.811,2,1.71,,256000000
2026-05-29 12:49:30.775,2,1.95,,256000000
2026-05-29 12:49:30.775,68,67.74,,256000000
2026-05-29 12:49:30.754,2,1.99,,256000000
2026-05-29 12:49:30.750,2,1.77,,256000000
2026-05-29 12:49:30.727,2,1.87,,256000000
2026-05-29 12:49:30.704,30,29.42,,256000000
2026-05-29 12:49:30.700,40,39.05,,256000000
2026-05-29 12:49:30.696,3,2,,256000000
2026-05-29 12:49:30.694,4,3.22,,256000000
2026-05-29 12:49:30.664,19,18.86,,256000000
2026-05-29 12:49:30.664,2,1.93,,256000000
2026-05-29 12:49:30.658,2,1.88,,256000000
2026-05-29 12:49:30.654,11,10.9,,256000000
2026-05-29 12:49:30.637,7,6.12,,256000000
2026-05-29 12:49:30.628,2,1.69,,256000000
2026-05-29 12:49:30.628,2,1.94,,256000000
2026-05-29 12:49:30.627,2,1.8,,256000000
2026-05-29 12:49:30.615,12,11.6,,256000000
2026-05-29 12:49:30.610,3,2.04,,256000000
2026-05-29 12:49:30.594,3,2.03,,256000000
2026-05-29 12:49:30.586,2,1.62,,256000000
2026-05-29 12:49:30.584,2,1.95,,256000000
2026-05-29 12:49:30.583,3,2.01,,256000000
2026-05-29 12:49:30.557,11,10.89,,256000000
2026-05-29 12:49:30.546,2,1.87,,256000000
2026-05-29 12:49:30.536,13,12.61,,256000000
2026-05-29 12:49:30.507,2,1.86,,256000000
2026-05-29 12:49:30.487,2,1.84,,256000000
2026-05-29 12:49:30.458,2,1.91,,256000000
2026-05-29 12:49:30.456,15,14.79,,256000000
2026-05-29 12:49:30.454,2,1.7,,256000000
2026-05-29 12:49:30.446,2,1.76,,256000000
2026-05-29 12:49:30.435,3,2.59,,256000000
2026-05-29 12:49:30.426,2,1.52,,256000000
2026-05-29 12:49:30.417,2,1.65,,256000000
2026-05-29 12:49:30.414,2,1.71,,256000000
2026-05-29 12:49:30.392,2,1.72,,256000000
2026-05-29 12:49:30.391,2,1.68,,256000000
2026-05-29 12:49:30.383,2,1.87,,256000000
2026-05-29 12:49:30.363,3,2.06,,256000000
2026-05-29 12:49:30.360,2,1.72,,256000000
2026-05-29 12:49:30.358,2,1.67,,256000000
2026-05-29 12:49:30.356,2,1.98,,256000000
2026-05-29 12:49:30.355,2,1.97,,256000000
2026-05-29 12:49:30.336,2,1.93,,256000000
2026-05-29 12:49:30.296,3,2.13,,256000000
2026-05-29 12:49:30.276,16,15.36,,256000000
2026-05-29 12:49:30.275,2,1.81,,256000000
2026-05-29 12:49:30.275,2,1.78,,256000000
2026-05-29 12:49:30.271,7,6.07,,256000000
2026-05-29 12:49:30.255,15,14.54,,256000000
2026-05-29 12:49:30.231,2,1.8,,256000000
2026-05-29 12:49:30.216,43,42.13,,256000000
2026-05-29 12:49:30.215,11,10.73,,256000000
2026-05-29 12:49:30.211,3,2.03,,256000000
2026-05-29 12:49:30.155,25,24.2,,256000000
2026-05-29 12:49:30.154,2,1.76,,256000000
2026-05-29 12:49:30.147,2,1.73,,256000000
2026-05-29 12:49:30.144,7,6.31,,256000000
2026-05-29 12:49:30.134,2,1.91,,256000000
2026-05-29 12:49:30.124,15,14.5,,256000000
2026-05-29 12:49:30.115,41,40.49,,256000000
2026-05-29 12:49:30.091,10,9.47,,256000000
2026-05-29 12:49:30.084,13,12.78,,256000000
2026-05-29 12:49:30.075,3,2.15,,256000000
2026-05-29 12:49:30.057,14,13.39,,256000000
2026-05-29 12:49:30.045,10,9.88,,256000000
2026-05-29 12:49:30.035,2,1.82,,256000000
2026-05-29 12:49:30.027,11,10.65,,256000000
2026-05-29 12:49:30.025,59,58.11,,256000000
2026-05-29 12:49:30.020,94,93.76,,256000000
2026-05-29 12:49:30.014,2,2,,256000000
2026-05-29 12:49:29.975,9,8.34,,256000000
2026-05-29 12:49:29.974,2,2,,256000000
2026-05-29 12:49:29.966,2,1.96,,256000000
2026-05-29 12:49:29.966,2,1.96,,256000000
2026-05-29 12:49:29.961,2,1.85,,256000000
2026-05-29 12:49:29.953,3,2.17,,256000000
2026-05-29 12:49:29.930,2,1.89,,256000000
2026-05-29 12:49:29.928,2,1.83,,256000000
2026-05-29 12:49:29.896,2,1.79,,256000000
2026-05-29 12:49:29.890,2,1.98,,256000000
2026-05-29 12:49:29.882,2,1.68,,256000000
2026-05-29 12:49:29.879,2,1.8,,256000000
2026-05-29 12:49:29.872,2,1.63,,256000000
2026-05-29 12:49:29.852,2,1.81,,256000000
2026-05-29 12:49:29.836,3,2.12,,256000000
2026-05-29 12:49:29.834,2,1.64,,256000000
2026-05-29 12:49:29.801,2,1.93,,256000000
2026-05-29 12:49:29.776,2,1.83,,256000000
2026-05-29 12:49:29.767,10,9.59,,256000000
2026-05-29 12:49:29.757,15,14.07,,256000000
2026-05-29 12:49:29.746,16,15.18,,256000000
2026-05-29 12:49:29.737,11,10.09,,256000000
2026-05-29 12:49:29.726,3,2.16,,256000000
2026-05-29 12:49:29.711,2,1.92,,256000000
2026-05-29 12:49:29.695,2,1.99,,256000000
2026-05-29 12:49:29.676,2,1.9,,256000000
2026-05-29 12:49:29.655,19,18.06,,256000000
2026-05-29 12:49:29.614,2,1.83,,256000000
2026-05-29 12:49:29.574,3,2.18,,256000000
2026-05-29 12:49:29.572,25,25,,256000000
2026-05-29 12:49:29.506,3,2.11,,256000000
2026-05-29 12:49:29.502,2,1.85,,256000000
2026-05-29 12:49:29.498,3,2.78,,256000000
2026-05-29 12:49:29.494,12,11.15,,256000000
2026-05-29 12:49:29.460,7,6.37,,256000000
2026-05-29 12:49:29.458,2,1.67,,256000000
2026-05-29 12:49:29.457,2,1.85,,256000000
2026-05-29 12:49:29.439,2,1.88,,256000000
2026-05-29 12:49:29.439,2,1.82,,256000000
2026-05-29 12:49:29.437,41,40.68,,256000000
2026-05-29 12:49:29.375,33,32.2,,256000000
2026-05-29 12:49:29.369,2,1.8,,256000000
2026-05-29 12:49:29.359,2,1.84,,256000000
2026-05-29 12:49:29.356,2,1.74,,256000000
2026-05-29 12:49:29.355,2,1.92,,256000000
2026-05-29 12:49:29.354,3,2.12,,256000000
2026-05-29 12:49:29.334,2,1.97,,256000000
2026-05-29 12:49:29.328,2,1.82,,256000000
2026-05-29 12:49:29.307,2,1.66,,256000000
2026-05-29 12:49:29.300,40,39.72,,256000000
2026-05-29 12:49:29.297,2,1.86,,256000000
2026-05-29 12:49:29.260,3,2.08,,256000000
2026-05-29 12:49:29.259,2,1.63,,256000000
2026-05-29 12:49:29.257,2,1.97,,256000000
2026-05-29 12:49:29.256,2,1.63,,256000000
2026-05-29 12:49:29.238,2,1.78,,256000000
2026-05-29 12:49:29.234,18,17.44,,256000000
2026-05-29 12:49:29.231,12,11.73,,256000000
2026-05-29 12:49:29.222,2,1.79,,256000000
2026-05-29 12:49:29.216,6,5.99,,256000000
2026-05-29 12:49:29.216,3,2.11,,256000000
2026-05-29 12:49:29.204,2,1.79,,256000000
2026-05-29 12:49:29.201,3,2.03,,256000000
2026-05-29 12:49:29.195,2,1.85,,256000000
2026-05-29 12:49:29.186,3,2.2,,256000000
2026-05-29 12:49:29.173,14,13.13,,256000000
2026-05-29 12:49:29.167,2,1.72,,256000000
2026-05-29 12:49:29.153,3,2.17,,256000000
2026-05-29 12:49:29.135,3,2.34,,256000000
2026-05-29 12:49:29.129,2,1.81,,256000000
2026-05-29 12:49:29.117,3,2.03,,256000000
2026-05-29 12:49:29.093,2,1.9,,256000000
2026-05-29 12:49:29.082,7,6.48,,256000000
2026-05-29 12:49:29.077,3,2.26,,256000000
2026-05-29 12:49:29.075,77,76.27,,256000000
2026-05-29 12:49:29.061,5,4.69,,256000000
2026-05-29 12:49:29.041,2,1.75,,256000000
2026-05-29 12:49:29.035,35,34.86,,256000000
2026-05-29 12:49:29.034,3,2.04,,256000000
2026-05-29 12:49:29.023,3,2.08,,256000000
2026-05-29 12:49:28.989,2,1.67,,256000000
2026-05-29 12:49:28.976,3,2.1,,256000000
2026-05-29 12:49:28.973,2,1.9,,256000000
2026-05-29 12:49:28.957,27,26.31,,256000000
2026-05-29 12:49:28.953,2,1.9,,256000000
2026-05-29 12:49:28.948,2,1.73,,256000000
2026-05-29 12:49:28.947,3,2.73,,256000000
2026-05-29 12:49:28.940,20,19.4,,256000000
2026-05-29 12:49:28.935,3,2.47,,256000000
2026-05-29 12:49:28.916,2,1.58,,256000000
2026-05-29 12:49:28.914,2,1.95,,256000000
2026-05-29 12:49:28.906,2,1.7,,256000000
2026-05-29 12:49:28.902,26,25.94,,256000000
2026-05-29 12:49:28.901,2,1.68,,256000000
2026-05-29 12:49:28.895,2,1.86,,256000000
2026-05-29 12:49:28.889,2,1.92,,256000000
2026-05-29 12:49:28.885,2,1.66,,256000000
2026-05-29 12:49:28.829,2,1.77,,256000000
2026-05-29 12:49:28.815,53,52.02,,256000000
2026-05-29 12:49:28.812,2,1.59,,256000000
2026-05-29 12:49:28.799,2,1.78,,256000000
2026-05-29 12:49:28.790,2,1.81,,256000000
2026-05-29 12:49:28.775,21,20.97,,256000000
2026-05-29 12:49:28.762,2,1.69,,256000000
2026-05-29 12:49:28.755,2,1.75,,256000000
2026-05-29 12:49:28.745,2,1.85,,256000000
2026-05-29 12:49:28.744,2,1.78,,256000000
2026-05-29 12:49:28.719,2,1.83,,256000000
2026-05-29 12:49:28.695,3,2.09,,256000000
2026-05-29 12:49:28.680,11,10.26,,256000000
2026-05-29 12:49:28.673,6,5.22,,256000000
2026-05-29 12:49:28.654,3,2.09,,256000000
2026-05-29 12:49:28.650,3,2.04,,256000000
2026-05-29 12:49:28.647,2,1.92,,256000000
2026-05-29 12:49:28.627,2,1.78,,256000000
2026-05-29 12:49:28.616,2,1.64,,256000000
2026-05-29 12:49:28.603,2,1.98,,256000000
2026-05-29 12:49:28.597,2,1.75,,256000000
2026-05-29 12:49:28.592,2,1.92,,256000000
2026-05-29 12:49:28.571,19,19,,256000000
2026-05-29 12:49:28.559,10,9.45,,256000000
2026-05-29 12:49:28.553,3,2.05,,256000000
2026-05-29 12:49:28.534,2,1.81,,256000000
2026-05-29 12:49:28.533,3,2.09,,256000000
2026-05-29 12:49:28.519,2,1.8,,256000000
2026-05-29 12:49:28.517,2,1.7,,256000000
2026-05-29 12:49:28.514,2,1.88,,256000000
2026-05-29 12:49:28.493,2,1.8,,256000000
2026-05-29 12:49:28.486,2,1.82,,256000000
2026-05-29 12:49:28.482,12,11.82,,256000000
2026-05-29 12:49:28.474,2,1.73,,256000000
2026-05-29 12:49:28.470,3,2.12,,256000000
2026-05-29 12:49:28.462,21,20.42,,256000000
2026-05-29 12:49:28.426,2,1.78,,256000000
2026-05-29 12:49:28.423,22,21.36,,256000000
2026-05-29 12:49:28.412,52,51.91,,256000000
2026-05-29 12:49:28.407,2,1.71,,256000000
2026-05-29 12:49:28.394,2,1.97,,256000000
2026-05-29 12:49:28.390,2,1.71,,256000000
2026-05-29 12:49:28.353,894,112.97,780.96,256000000
2026-05-29 12:49:28.343,2,1.74,,256000000
2026-05-29 12:49:28.321,2,1.84,,256000000
2026-05-29 12:49:28.295,2,1.56,,256000000
2026-05-29 12:49:28.294,10,9.88,,256000000
2026-05-29 12:49:28.292,2,1.61,,256000000
2026-05-29 12:49:28.272,34,33.09,,256000000
2026-05-29 12:49:28.267,3,2.91,,256000000
2026-05-29 12:49:28.265,9,8.41,,256000000
2026-05-29 12:49:28.251,2,1.71,,256000000
2026-05-29 12:49:28.247,34,33.73,,256000000
2026-05-29 12:49:28.244,2,1.53,,256000000
2026-05-29 12:49:28.237,2,1.77,,256000000
2026-05-29 12:49:28.237,2,1.67,,256000000
2026-05-29 12:49:28.236,4,3.79,,256000000
2026-05-29 12:49:28.235,2,1.84,,256000000
2026-05-29 12:49:28.235,3,2.18,,256000000
2026-05-29 12:49:28.215,44,43.68,,256000000
2026-05-29 12:49:28.207,15,14.47,,256000000
2026-05-29 12:49:28.186,2,1.94,,256000000
2026-05-29 12:49:28.155,19,18.97,,256000000
2026-05-29 12:49:28.153,2,1.82,,256000000
2026-05-29 12:49:28.121,2,1.85,,256000000
2026-05-29 12:49:28.120,60,59.91,,256000000
2026-05-29 12:49:28.118,2,1.8,,256000000
2026-05-29 12:49:28.111,2,1.75,,256000000
2026-05-29 12:49:28.082,2,1.68,,256000000
2026-05-29 12:49:28.082,2,1.96,,256000000
2026-05-29 12:49:28.079,2,1.7,,256000000
2026-05-29 12:49:28.055,64,63.61,,256000000
2026-05-29 12:49:28.054,13,12.35,,256000000
2026-05-29 12:49:28.045,2,1.83,,256000000
2026-05-29 12:49:28.035,2,1.77,,256000000
2026-05-29 12:49:28.033,3,2.02,,256000000
2026-05-29 12:49:28.016,2,1.7,,256000000
2026-05-29 12:49:28.015,8,7.23,,256000000
2026-05-29 12:49:28.007,17,16.4,,256000000
2026-05-29 12:49:27.995,12,11.37,,256000000
2026-05-29 12:49:27.994,2,1.67,,256000000
2026-05-29 12:49:27.976,2,1.88,,256000000
2026-05-29 12:49:27.974,2,1.81,,256000000
2026-05-29 12:49:27.974,44,43.27,,256000000
2026-05-29 12:49:27.959,2,1.86,,256000000
2026-05-29 12:49:27.952,3,2.1,,256000000
2026-05-29 12:49:27.948,3,2.35,,256000000
2026-05-29 12:49:27.937,3,2.29,,256000000
2026-05-29 12:49:27.937,7,6.34,,256000000
2026-05-29 12:49:27.916,2,1.81,,256000000
2026-05-29 12:49:27.915,3,2.14,,256000000
2026-05-29 12:49:27.903,2,1.81,,256000000
2026-05-29 12:49:27.897,2,1.77,,256000000
2026-05-29 12:49:27.888,2,1.74,,256000000
2026-05-29 12:49:27.884,2,1.86,,256000000
2026-05-29 12:49:27.865,2,1.65,,256000000
2026-05-29 12:49:27.846,2,1.77,,256000000
2026-05-29 12:49:27.835,13,12.1,,256000000
2026-05-29 12:49:27.820,2,1.75,,256000000
2026-05-29 12:49:27.814,3,2.17,,256000000
2026-05-29 12:49:27.769,2,1.75,,256000000
2026-05-29 12:49:27.761,2,1.79,,256000000
2026-05-29 12:49:27.754,3,2.37,,256000000
2026-05-29 12:49:27.753,2,1.6,,256000000
2026-05-29 12:49:27.718,2,1.92,,256000000
2026-05-29 12:49:27.714,4,3.01,,256000000
2026-05-29 12:49:27.696,2,1.92,,256000000
2026-05-29 12:49:27.691,2,1.99,,256000000
2026-05-29 12:49:27.634,2,1.79,,256000000
2026-05-29 12:49:27.595,2,1.75,,256000000
2026-05-29 12:49:27.594,3,2.14,,256000000
2026-05-29 12:49:27.593,3,2.03,,256000000
2026-05-29 12:49:27.591,3,2.38,,256000000
2026-05-29 12:49:27.556,10,9.34,,256000000
2026-05-29 12:49:27.535,3,2.97,,256000000
2026-05-29 12:49:27.533,2,1.76,,256000000
2026-05-29 12:49:27.529,3,2.13,,256000000
2026-05-29 12:49:27.516,2,1.8,,256000000
2026-05-29 12:49:27.516,40,39.45,,256000000
2026-05-29 12:49:27.481,2,1.9,,256000000
2026-05-29 12:49:27.460,2,1.83,,256000000
2026-05-29 12:49:27.459,2,1.94,,256000000
2026-05-29 12:49:27.457,15,14.3,,256000000
2026-05-29 12:49:27.434,3,2.16,,256000000
2026-05-29 12:49:27.430,2,1.77,,256000000
2026-05-29 12:49:27.415,3,2.53,,256000000
2026-05-29 12:49:27.410,3,2.11,,256000000
2026-05-29 12:49:27.408,5,4.23,,256000000
2026-05-29 12:49:27.395,14,13.61,,256000000
2026-05-29 12:49:27.387,4,3.84,,256000000
2026-05-29 12:49:27.366,2,1.98,,256000000
2026-05-29 12:49:27.355,23,22.22,,256000000
2026-05-29 12:49:27.355,3,2.09,,256000000
2026-05-29 12:49:27.338,3,2.09,,256000000
2026-05-29 12:49:27.333,2,1.83,,256000000
2026-05-29 12:49:27.307,4,3.67,,256000000
2026-05-29 12:49:27.295,5,4.95,,256000000
2026-05-29 12:49:27.286,2,1.93,,256000000
2026-05-29 12:49:27.274,3,2.02,,256000000
2026-05-29 12:49:27.252,2,1.94,,256000000
2026-05-29 12:49:27.251,2,1.72,,256000000
2026-05-29 12:49:27.246,2,1.75,,256000000
2026-05-29 12:49:27.230,2,1.71,,256000000
2026-05-29 12:49:27.195,27,26.8,,256000000
2026-05-29 12:49:27.189,2,1.55,,256000000
2026-05-29 12:49:27.177,2,1.77,,256000000
2026-05-29 12:49:27.172,2,1.86,,256000000
2026-05-29 12:49:27.162,13,12.44,,256000000
2026-05-29 12:49:27.141,2,1.96,,256000000
2026-05-29 12:49:27.133,2,1.71,,256000000
2026-05-29 12:49:27.117,34,33.51,,256000000
2026-05-29 12:49:27.115,3,2.04,,256000000
2026-05-29 12:49:27.112,2,1.69,,256000000
2026-05-29 12:49:27.106,2,1.91,,256000000
2026-05-29 12:49:27.103,2,1.88,,256000000
2026-05-29 12:49:27.087,21,20.43,,256000000
2026-05-29 12:49:27.076,3,2.28,,256000000
2026-05-29 12:49:27.063,2,1.71,,256000000
2026-05-29 12:49:27.059,2,1.94,,256000000
2026-05-29 12:49:27.056,21,20.45,,256000000
2026-05-29 12:49:27.048,3,2.36,,256000000
2026-05-29 12:49:27.048,2,1.74,,256000000
2026-05-29 12:49:27.027,2,1.71,,256000000
2026-05-29 12:49:26.996,2,1.81,,256000000
2026-05-29 12:49:26.982,2,1.72,,256000000
2026-05-29 12:49:26.979,2,1.7,,256000000
2026-05-29 12:49:26.968,2,1.97,,256000000
2026-05-29 12:49:26.952,2,1.95,,256000000
2026-05-29 12:49:26.947,44,43.3,,256000000
2026-05-29 12:49:26.943,2,1.83,,256000000
2026-05-29 12:49:26.929,2,1.55,,256000000
2026-05-29 12:49:26.929,2,1.78,,256000000
2026-05-29 12:49:26.867,29,28.4,,256000000
2026-05-29 12:49:26.865,3,2.13,,256000000
2026-05-29 12:49:26.855,31,30.83,,256000000
2026-05-29 12:49:26.836,20,19.29,,256000000
2026-05-29 12:49:26.827,8,7.62,,256000000
2026-05-29 12:49:26.823,2,1.83,,256000000
2026-05-29 12:49:26.816,2,1.91,,256000000
2026-05-29 12:49:26.806,2,1.86,,256000000
2026-05-29 12:49:26.798,2,1.74,,256000000
2026-05-29 12:49:26.794,2,1.79,,256000000
2026-05-29 12:49:26.785,3,2.08,,256000000
2026-05-29 12:49:26.781,2,1.74,,256000000
2026-05-29 12:49:26.770,2,1.73,,256000000
2026-05-29 12:49:26.752,3,2.04,,256000000
2026-05-29 12:49:26.744,2,1.72,,256000000
2026-05-29 12:49:26.730,2,1.74,,256000000
2026-05-29 12:49:26.701,2,1.73,,256000000
2026-05-29 12:49:26.695,3,2.05,,256000000
2026-05-29 12:49:26.694,2,1.75,,256000000
2026-05-29 12:49:26.687,19,18.27,,256000000
2026-05-29 12:49:26.687,47,46.55,,256000000
2026-05-29 12:49:26.672,2,1.72,,256000000
2026-05-29 12:49:26.667,2,1.72,,256000000
2026-05-29 12:49:26.656,3,2.13,,256000000
2026-05-29 12:49:26.633,20,19.79,,256000000
2026-05-29 12:49:26.629,2,1.52,,256000000
2026-05-29 12:49:26.620,2,1.75,,256000000
2026-05-29 12:49:26.595,2,1.73,,256000000
2026-05-29 12:49:26.595,2,1.74,,256000000
2026-05-29 12:49:26.591,2,1.62,,256000000
2026-05-29 12:49:26.576,2,1.72,,256000000
2026-05-29 12:49:26.573,2,1.69,,256000000
2026-05-29 12:49:26.568,2,1.69,,256000000
2026-05-29 12:49:26.566,2,1.82,,256000000
2026-05-29 12:49:26.556,2,1.76,,256000000
2026-05-29 12:49:26.539,2,1.83,,256000000
2026-05-29 12:49:26.522,2,1.7,,256000000
2026-05-29 12:49:26.500,2,1.64,,256000000
2026-05-29 12:49:26.494,5,4.07,,256000000
2026-05-29 12:49:26.491,2,1.83,,256000000
2026-05-29 12:49:26.473,3,2.12,,256000000
2026-05-29 12:49:26.463,2,1.69,,256000000
2026-05-29 12:49:26.451,2,1.74,,256000000
2026-05-29 12:49:26.445,14,13.35,,256000000
2026-05-29 12:49:26.439,2,1.82,,256000000
2026-05-29 12:49:26.433,11,10.32,,256000000
2026-05-29 12:49:26.431,2,1.76,,256000000
2026-05-29 12:49:26.421,2,1.94,,256000000
2026-05-29 12:49:26.416,7,6.01,,256000000
2026-05-29 12:49:26.408,2,1.79,,256000000
2026-05-29 12:49:26.406,2,1.82,,256000000
2026-05-29 12:49:26.395,15,14.56,,256000000
2026-05-29 12:49:26.380,2,1.8,,256000000
2026-05-29 12:49:26.376,26,25.91,,256000000
2026-05-29 12:49:26.367,18,17.3,,256000000
2026-05-29 12:49:26.364,2,1.95,,256000000
2026-05-29 12:49:26.362,2,1.67,,256000000
2026-05-29 12:49:26.276,3,2.02,,256000000
2026-05-29 12:49:26.273,3,2.03,,256000000
2026-05-29 12:49:26.272,2,1.63,,256000000
2026-05-29 12:49:26.266,2,1.94,,256000000
2026-05-29 12:49:26.261,2,1.96,,256000000
2026-05-29 12:49:26.256,3,2.44,,256000000
2026-05-29 12:49:26.245,2,1.73,,256000000
2026-05-29 12:49:26.229,2,1.83,,256000000
2026-05-29 12:49:26.220,2,1.78,,256000000
2026-05-29 12:49:26.185,2,1.7,,256000000
2026-05-29 12:49:26.176,18,17.56,,256000000
2026-05-29 12:49:26.173,3,2.32,,256000000
2026-05-29 12:49:26.168,2,1.72,,256000000
2026-05-29 12:49:26.159,2,1.77,,256000000
2026-05-29 12:49:26.156,18,17.73,,256000000
2026-05-29 12:49:26.156,2,1.79,,256000000
2026-05-29 12:49:26.152,2,1.74,,256000000
2026-05-29 12:49:26.135,27,26.14,,256000000
2026-05-29 12:49:26.134,2,1.66,,256000000
2026-05-29 12:49:26.131,2,1.95,,256000000
2026-05-29 12:49:26.127,32,31.42,,256000000
2026-05-29 12:49:26.115,5,4.67,,256000000
2026-05-29 12:49:26.112,3,2.62,,256000000
2026-05-29 12:49:26.095,48,47.75,,256000000
2026-05-29 12:49:26.094,2,1.88,,256000000
2026-05-29 12:49:26.088,2,1.8,,256000000
2026-05-29 12:49:26.062,2,1.74,,256000000
2026-05-29 12:49:26.060,3,2.36,,256000000
2026-05-29 12:49:25.999,2,1.71,,256000000
2026-05-29 12:49:25.996,2,1.62,,256000000
2026-05-29 12:49:25.996,23,22.58,,256000000
2026-05-29 12:49:25.981,3,2.02,,256000000
2026-05-29 12:49:25.955,6,5.18,,256000000
2026-05-29 12:49:25.942,2,1.71,,256000000
2026-05-29 12:49:25.941,2,1.9,,256000000
2026-05-29 12:49:25.934,2,1.91,,256000000
2026-05-29 12:49:25.932,2,1.72,,256000000
2026-05-29 12:49:25.920,2,1.61,,256000000
2026-05-29 12:49:25.896,2,1.74,,256000000
2026-05-29 12:49:25.895,2,1.86,,256000000
2026-05-29 12:49:25.875,10,9.57,,256000000
2026-05-29 12:49:25.835,12,11.77,,256000000
2026-05-29 12:49:25.835,21,20.08,,256000000
2026-05-29 12:49:25.832,2,1.76,,256000000
2026-05-29 12:49:25.793,14,13.41,,256000000
2026-05-29 12:49:25.782,2,1.78,,256000000
2026-05-29 12:49:25.782,2,1.87,,256000000
2026-05-29 12:49:25.781,3,2.16,,256000000
2026-05-29 12:49:25.781,3,2.17,,256000000
2026-05-29 12:49:25.776,2,1.7,,256000000
2026-05-29 12:49:25.773,2,1.71,,256000000
2026-05-29 12:49:25.760,2,1.83,,256000000
2026-05-29 12:49:25.754,2,1.71,,256000000
2026-05-29 12:49:25.742,2,1.84,,256000000
2026-05-29 12:49:25.734,3,2.53,,256000000
2026-05-29 12:49:25.714,3,2.34,,256000000
2026-05-29 12:49:25.697,28,27.56,,256000000
2026-05-29 12:49:25.674,9,8.3,,256000000
2026-05-29 12:49:25.664,2,1.88,,256000000
2026-05-29 12:49:25.650,2,1.72,,256000000
2026-05-29 12:49:25.649,2,1.63,,256000000
2026-05-29 12:49:25.635,58,57.01,,256000000
2026-05-29 12:49:25.626,2,1.83,,256000000
2026-05-29 12:49:25.613,2,1.81,,256000000
2026-05-29 12:49:25.596,2,1.74,,256000000
2026-05-29 12:49:25.584,2,1.77,,256000000
2026-05-29 12:49:25.568,2,1.66,,256000000
2026-05-29 12:49:25.550,3,2.52,,256000000
2026-05-29 12:49:25.526,2,1.94,,256000000
2026-05-29 12:49:25.492,2,1.74,,256000000
2026-05-29 12:49:25.492,2,1.77,,256000000
2026-05-29 12:49:25.491,2,1.81,,256000000
2026-05-29 12:49:25.490,2,1.63,,256000000
2026-05-29 12:49:25.487,11,10.55,,256000000
2026-05-29 12:49:25.478,2,1.58,,256000000
2026-05-29 12:49:25.476,2,1.98,,256000000
2026-05-29 12:49:25.466,4,3.71,,256000000
2026-05-29 12:49:25.457,2,1.7,,256000000
2026-05-29 12:49:25.446,5,4.82,,256000000
2026-05-29 12:49:25.408,3,2.88,,256000000
2026-05-29 12:49:25.400,2,1.84,,256000000
2026-05-29 12:49:25.394,12,11.2,,256000000
2026-05-29 12:49:25.378,2,1.67,,256000000
2026-05-29 12:49:25.372,2,1.87,,256000000
2026-05-29 12:49:25.359,2,1.79,,256000000
2026-05-29 12:49:25.356,3,2.72,,256000000
2026-05-29 12:49:25.335,19,18.75,,256000000
2026-05-29 12:49:25.327,21,20.75,,256000000
2026-05-29 12:49:25.309,4,3.16,,256000000
2026-05-29 12:49:25.306,3,2.15,,256000000
2026-05-29 12:49:25.305,2,1.87,,256000000
2026-05-29 12:49:25.301,2,1.92,,256000000
2026-05-29 12:49:25.299,2,1.62,,256000000
2026-05-29 12:49:25.286,2,1.9,,256000000
2026-05-29 12:49:25.286,13,12.63,,256000000
2026-05-29 12:49:25.241,2,1.63,,256000000
2026-05-29 12:49:25.226,2,1.73,,256000000
2026-05-29 12:49:25.215,18,17.31,,256000000
2026-05-29 12:49:25.213,2,1.8,,256000000
2026-05-29 12:49:25.207,45,44.14,,256000000
2026-05-29 12:49:25.201,2,1.97,,256000000
2026-05-29 12:49:25.164,2,1.69,,256000000
2026-05-29 12:49:25.157,11,10.76,,256000000
2026-05-29 12:49:25.156,3,2.28,,256000000
2026-05-29 12:49:25.126,9,8.38,,256000000
2026-05-29 12:49:25.116,4,3.65,,256000000
2026-05-29 12:49:25.115,2,1.8,,256000000
2026-05-29 12:49:25.115,3,2.1,,256000000
2026-05-29 12:49:25.114,3,2.33,,256000000
2026-05-29 12:49:25.106,18,17.97,,256000000
2026-05-29 12:49:25.096,3,2.03,,256000000
2026-05-29 12:49:25.095,23,22.23,,256000000
2026-05-29 12:49:25.086,2,1.7,,256000000
2026-05-29 12:49:25.075,2,1.74,,256000000
2026-05-29 12:49:25.075,2,1.94,,256000000
2026-05-29 12:49:25.070,2,1.71,,256000000
2026-05-29 12:49:25.052,2,1.86,,256000000
2026-05-29 12:49:25.036,2,1.94,,256000000
2026-05-29 12:49:25.018,77,76.56,,256000000
2026-05-29 12:49:25.016,2,1.79,,256000000
2026-05-29 12:49:25.001,2,1.77,,256000000
2026-05-29 12:49:24.999,2,1.93,,256000000
2026-05-29 12:49:24.987,17,16.06,,256000000
2026-05-29 12:49:24.975,3,2.02,,256000000
2026-05-29 12:49:24.967,2,1.95,,256000000
2026-05-29 12:49:24.925,2,1.88,,256000000
2026-05-29 12:49:24.904,2,1.85,,256000000
2026-05-29 12:49:24.862,2,1.94,,256000000
2026-05-29 12:49:24.859,2,1.78,,256000000
2026-05-29 12:49:24.839,2,1.61,,256000000
2026-05-29 12:49:24.836,30,29.79,,256000000
2026-05-29 12:49:24.831,2,1.73,,256000000
2026-05-29 12:49:24.827,31,30.16,,256000000
2026-05-29 12:49:24.825,2,1.75,,256000000
2026-05-29 12:49:24.823,3,2.12,,256000000
2026-05-29 12:49:24.808,2,1.87,,256000000
2026-05-29 12:49:24.804,2,1.84,,256000000
2026-05-29 12:49:24.796,9,8.55,,256000000
2026-05-29 12:49:24.788,2,1.73,,256000000
2026-05-29 12:49:24.787,2,1.96,,256000000
2026-05-29 12:49:24.786,3,2.01,,256000000
2026-05-29 12:49:24.760,2,1.78,,256000000
2026-05-29 12:49:24.732,2,1.74,,256000000
2026-05-29 12:49:24.722,12,11.29,,256000000
2026-05-29 12:49:24.714,16,15.12,,256000000
2026-05-29 12:49:24.701,2,1.86,,256000000
2026-05-29 12:49:24.695,13,12.95,,256000000
2026-05-29 12:49:24.686,7,6.96,,256000000
2026-05-29 12:49:24.673,2,1.94,,256000000
2026-05-29 12:49:24.661,3,2.07,,256000000
2026-05-29 12:49:24.657,2,1.95,,256000000
2026-05-29 12:49:24.656,7,6.01,,256000000
2026-05-29 12:49:24.639,2,1.89,,256000000
2026-05-29 12:49:24.621,3,2.4,,256000000
2026-05-29 12:49:24.621,11,10.42,,256000000
2026-05-29 12:49:24.614,3,2.07,,256000000
2026-05-29 12:49:24.607,15,14.07,,256000000
2026-05-29 12:49:24.601,2,1.94,,256000000
2026-05-29 12:49:24.595,2,1.87,,256000000
2026-05-29 12:49:24.587,14,13.22,,256000000
2026-05-29 12:49:24.568,11,10.83,,256000000
2026-05-29 12:49:24.566,2,1.92,,256000000
2026-05-29 12:49:24.561,2,1.67,,256000000
2026-05-29 12:49:24.555,3,2.04,,256000000
2026-05-29 12:49:24.547,53,52.48,,256000000
2026-05-29 12:49:24.541,2,1.88,,256000000
2026-05-29 12:49:24.535,47,46.12,,256000000
2026-05-29 12:49:24.525,2,1.76,,256000000
2026-05-29 12:49:24.509,2,1.73,,256000000
2026-05-29 12:49:24.494,2,1.72,,256000000
2026-05-29 12:49:24.489,2,1.71,,256000000
2026-05-29 12:49:24.487,138,137.01,,256000000
2026-05-29 12:49:24.481,2,1.84,,256000000
2026-05-29 12:49:24.454,2,1.66,,256000000
2026-05-29 12:49:24.416,23,22.19,,256000000
2026-05-29 12:49:24.405,2,1.71,,256000000
2026-05-29 12:49:24.394,67,66.6,,256000000
2026-05-29 12:49:24.383,4,3.8,,256000000
2026-05-29 12:49:24.375,2,1.89,,256000000
2026-05-29 12:49:24.375,9,8.5,,256000000
2026-05-29 12:49:24.367,2,1.69,,256000000
2026-05-29 12:49:24.361,3,2.26,,256000000
2026-05-29 12:49:24.357,35,34.85,,256000000
2026-05-29 12:49:24.340,3,2.26,,256000000
2026-05-29 12:49:24.331,2,1.7,,256000000
2026-05-29 12:49:24.313,2,1.82,,256000000
2026-05-29 12:49:24.308,2,1.71,,256000000
2026-05-29 12:49:24.306,2,1.71,,256000000
2026-05-29 12:49:24.299,2,1.74,,256000000
2026-05-29 12:49:24.271,2,1.7,,256000000
2026-05-29 12:49:24.259,2,1.9,,256000000
2026-05-29 12:49:24.254,2,1.89,,256000000
2026-05-29 12:49:24.252,2,1.87,,256000000
2026-05-29 12:49:24.249,2,1.96,,256000000
2026-05-29 12:49:24.225,2,1.77,,256000000
2026-05-29 12:49:24.205,3,2.29,,256000000
2026-05-29 12:49:24.194,3,2.1,,256000000
2026-05-29 12:49:24.193,2,1.93,,256000000
2026-05-29 12:49:24.188,2,1.65,,256000000
2026-05-29 12:49:24.188,26,25.44,,256000000
2026-05-29 12:49:24.155,3,2.02,,256000000
2026-05-29 12:49:24.144,2,1.56,,256000000
2026-05-29 12:49:24.138,3,2.08,,256000000
2026-05-29 12:49:24.136,2,1.62,,256000000
2026-05-29 12:49:24.134,2,1.9,,256000000
2026-05-29 12:49:24.098,2,1.91,,256000000
2026-05-29 12:49:24.094,19,18.41,,256000000
2026-05-29 12:49:24.084,3,2.1,,256000000
2026-05-29 12:49:24.076,2,1.67,,256000000
2026-05-29 12:49:24.054,2,1.9,,256000000
2026-05-29 12:49:24.032,2,1.78,,256000000
2026-05-29 12:49:24.026,2,1.77,,256000000
2026-05-29 12:49:24.024,2,1.89,,256000000
2026-05-29 12:49:24.011,2,1.76,,256000000
2026-05-29 12:49:24.006,2,1.83,,256000000
2026-05-29 12:49:24.002,9,8.53,,256000000
2026-05-29 12:49:23.987,2,1.92,,256000000
2026-05-29 12:49:23.981,3,2.43,,256000000
2026-05-29 12:49:23.974,2,1.96,,256000000
2026-05-29 12:49:23.941,2,1.92,,256000000
2026-05-29 12:49:23.939,3,2.05,,256000000
2026-05-29 12:49:23.935,3,2.9,,256000000
2026-05-29 12:49:23.834,3,2.26,,256000000
2026-05-29 12:49:23.829,2,1.75,,256000000
2026-05-29 12:49:23.796,2,1.96,,256000000
2026-05-29 12:49:23.787,2,1.81,,256000000
2026-05-29 12:49:23.776,2,1.84,,256000000
2026-05-29 12:49:23.736,3,2.08,,256000000
2026-05-29 12:49:23.736,2,1.87,,256000000
2026-05-29 12:49:23.724,2,1.96,,256000000
2026-05-29 12:49:23.714,5,4.52,,256000000
2026-05-29 12:49:23.707,9,8.71,,256000000
2026-05-29 12:49:23.703,42,41.56,,256000000
2026-05-29 12:49:23.702,2,1.78,,256000000
2026-05-29 12:49:23.701,3,2.15,,256000000
2026-05-29 12:49:23.694,3,2.04,,256000000
2026-05-29 12:49:23.686,3,2.04,,256000000
2026-05-29 12:49:23.680,2,1.72,,256000000
2026-05-29 12:49:23.679,2,1.84,,256000000
2026-05-29 12:49:23.656,20,19.59,,256000000
2026-05-29 12:49:23.643,2,1.72,,256000000
2026-05-29 12:49:23.609,2,1.76,,256000000
2026-05-29 12:49:23.603,2,1.72,,256000000
2026-05-29 12:49:23.582,2,1.84,,256000000
2026-05-29 12:49:23.575,31,30.9,,256000000
2026-05-29 12:49:23.563,2,1.64,,256000000
2026-05-29 12:49:23.561,4,3.56,,256000000
2026-05-29 12:49:23.546,2,1.8,,256000000
2026-05-29 12:49:23.544,2,1.75,,256000000
2026-05-29 12:49:23.520,25,24.61,,256000000
2026-05-29 12:49:23.503,2,1.92,,256000000
2026-05-29 12:49:23.496,2,1.65,,256000000
2026-05-29 12:49:23.496,2,1.74,,256000000
2026-05-29 12:49:23.480,60,59.03,,256000000
2026-05-29 12:49:23.461,2,1.7,,256000000
2026-05-29 12:49:23.460,3,2.05,,256000000
2026-05-29 12:49:23.455,7,6.13,,256000000
2026-05-29 12:49:23.454,3,2.16,,256000000
2026-05-29 12:49:23.446,2,1.94,,256000000
2026-05-29 12:49:23.440,3,2.22,,256000000
2026-05-29 12:49:23.435,2,1.67,,256000000
2026-05-29 12:49:23.427,3,2.02,,256000000
2026-05-29 12:49:23.418,2,1.75,,256000000
2026-05-29 12:49:23.408,2,1.87,,256000000
2026-05-29 12:49:23.396,2,1.67,,256000000
2026-05-29 12:49:23.396,3,2.02,,256000000
2026-05-29 12:49:23.394,2,1.82,,256000000
2026-05-29 12:49:23.354,3,2.05,,256000000
2026-05-29 12:49:23.311,2,1.88,,256000000
2026-05-29 12:49:23.307,2,1.72,,256000000
2026-05-29 12:49:23.299,3,2.81,,256000000
2026-05-29 12:49:23.295,11,10.83,,256000000
2026-05-29 12:49:23.295,2,1.84,,256000000
2026-05-29 12:49:23.274,2,1.93,,256000000
2026-05-29 12:49:23.266,2,1.83,,256000000
2026-05-29 12:49:23.261,21,20.31,,256000000
2026-05-29 12:49:23.235,3,2.01,,256000000
2026-05-29 12:49:23.229,2,1.71,,256000000
2026-05-29 12:49:23.224,54,53.23,,256000000
2026-05-29 12:49:23.212,2,1.8,,256000000
2026-05-29 12:49:23.194,3,2.04,,256000000
2026-05-29 12:49:23.193,2,1.97,,256000000
2026-05-29 12:49:23.161,2,1.9,,256000000
2026-05-29 12:49:23.159,2,1.94,,256000000
2026-05-29 12:49:23.158,2,1.66,,256000000
2026-05-29 12:49:23.155,4,4,,256000000
2026-05-29 12:49:23.155,3,2.07,,256000000
2026-05-29 12:49:23.139,2,1.88,,256000000
2026-05-29 12:49:23.137,6,5.47,,256000000
2026-05-29 12:49:23.135,7,6.98,,256000000
2026-05-29 12:49:23.115,2,1.97,,256000000
2026-05-29 12:49:23.080,15,14.11,,256000000
2026-05-29 12:49:23.073,2,1.73,,256000000
2026-05-29 12:49:23.055,2,1.76,,256000000
2026-05-29 12:49:23.039,2,1.98,,256000000
2026-05-29 12:49:23.036,28,27.59,,256000000
2026-05-29 12:49:23.019,2,1.77,,256000000
2026-05-29 12:49:23.016,13,12.14,,256000000
2026-05-29 12:49:23.015,2,1.83,,256000000
2026-05-29 12:49:23.013,2,1.81,,256000000
2026-05-29 12:49:23.013,2,1.88,,256000000
2026-05-29 12:49:23.010,2,1.7,,256000000
2026-05-29 12:49:23.007,20,19.4,,256000000
2026-05-29 12:49:22.997,33,32.66,,256000000
2026-05-29 12:49:22.995,23,22.05,,256000000
2026-05-29 12:49:22.986,2,1.76,,256000000
2026-05-29 12:49:22.977,2,1.84,,256000000
2026-05-29 12:49:22.966,3,2.11,,256000000
2026-05-29 12:49:22.966,3,2.56,,256000000
2026-05-29 12:49:22.963,2,1.75,,256000000
2026-05-29 12:49:22.947,9,8.84,,256000000
2026-05-29 12:49:22.944,2,1.71,,256000000
2026-05-29 12:49:22.936,2,1.84,,256000000
2026-05-29 12:49:22.936,26,25.89,,256000000
2026-05-29 12:49:22.927,2,1.95,,256000000
2026-05-29 12:49:22.926,2,1.87,,256000000
2026-05-29 12:49:22.906,2,1.86,,256000000
2026-05-29 12:49:22.900,2,1.77,,256000000
2026-05-29 12:49:22.895,5,4.07,,256000000
2026-05-29 12:49:22.887,2,1.84,,256000000
2026-05-29 12:49:22.875,14,13.33,,256000000
2026-05-29 12:49:22.861,12,11.38,,256000000
2026-05-29 12:49:22.849,2,1.76,,256000000
2026-05-29 12:49:22.845,2,1.92,,256000000
2026-05-29 12:49:22.841,2,1.74,,256000000
2026-05-29 12:49:22.821,10,9.77,,256000000
2026-05-29 12:49:22.797,2,1.92,,256000000
2026-05-29 12:49:22.778,2,1.85,,256000000
2026-05-29 12:49:22.768,14,13.5,,256000000
2026-05-29 12:49:22.766,3,2.06,,256000000
2026-05-29 12:49:22.755,41,40.48,,256000000
2026-05-29 12:49:22.746,2,1.89,,256000000
2026-05-29 12:49:22.726,2,1.87,,256000000
2026-05-29 12:49:22.706,3,2.06,,256000000
2026-05-29 12:49:22.699,2,1.87,,256000000
2026-05-29 12:49:22.694,4,3.95,,256000000
2026-05-29 12:49:22.657,2,1.91,,256000000
2026-05-29 12:49:22.641,2,1.95,,256000000
2026-05-29 12:49:22.639,3,2.24,,256000000
2026-05-29 12:49:22.638,2,1.92,,256000000
2026-05-29 12:49:22.636,26,25.56,,256000000
2026-05-29 12:49:22.636,2,1.99,,256000000
2026-05-29 12:49:22.617,2,1.69,,256000000
2026-05-29 12:49:22.614,3,2.07,,256000000
2026-05-29 12:49:22.589,2,1.92,,256000000
2026-05-29 12:49:22.577,2,1.7,,256000000
2026-05-29 12:49:22.577,23,22.04,,256000000
2026-05-29 12:49:22.566,2,1.8,,256000000
2026-05-29 12:49:22.532,2,1.93,,256000000
2026-05-29 12:49:22.514,3,2.09,,256000000
2026-05-29 12:49:22.507,2,1.9,,256000000
2026-05-29 12:49:22.468,2,1.89,,256000000
2026-05-29 12:49:22.435,45,44.11,,256000000
2026-05-29 12:49:22.366,2,1.99,,256000000
2026-05-29 12:49:22.363,2,1.76,,256000000
2026-05-29 12:49:22.319,2,1.83,,256000000
2026-05-29 12:49:22.316,82,81.34,,256000000
2026-05-29 12:49:22.315,28,27.92,,256000000
2026-05-29 12:49:22.314,11,10.2,,256000000
2026-05-29 12:49:22.310,2,1.67,,256000000
2026-05-29 12:49:22.306,2,1.9,,256000000
2026-05-29 12:49:22.297,2,1.85,,256000000
2026-05-29 12:49:22.293,2,1.73,,256000000
2026-05-29 12:49:22.288,2,1.85,,256000000
2026-05-29 12:49:22.275,39,38.34,,256000000
2026-05-29 12:49:22.266,2,1.82,,256000000
2026-05-29 12:49:22.246,2,1.96,,256000000
2026-05-29 12:49:22.245,2,1.75,,256000000
2026-05-29 12:49:22.219,2,1.88,,256000000
2026-05-29 12:49:22.216,20,19.41,,256000000
2026-05-29 12:49:22.216,9,8.02,,256000000
2026-05-29 12:49:22.214,14,13.48,,256000000
2026-05-29 12:49:22.194,2,1.8,,256000000
2026-05-29 12:49:22.186,2,1.76,,256000000
2026-05-29 12:49:22.179,3,2.04,,256000000
2026-05-29 12:49:22.177,30,29.23,,256000000
2026-05-29 12:49:22.149,2,1.81,,256000000
2026-05-29 12:49:22.144,2,1.74,,256000000
2026-05-29 12:49:22.136,34,33.02,,256000000
2026-05-29 12:49:22.115,20,19.19,,256000000
2026-05-29 12:49:22.106,2,1.74,,256000000
2026-05-29 12:49:22.082,2,1.7,,256000000
2026-05-29 12:49:22.081,3,2.01,,256000000
2026-05-29 12:49:22.080,2,1.98,,256000000
2026-05-29 12:49:22.043,3,2.01,,256000000
2026-05-29 12:49:22.036,4,3.51,,256000000
2026-05-29 12:49:22.034,2,1.84,,256000000
2026-05-29 12:49:21.994,3,2.25,,256000000
2026-05-29 12:49:21.987,2,1.88,,256000000
2026-05-29 12:49:21.986,2,1.89,,256000000
2026-05-29 12:49:21.980,3,2.05,,256000000
2026-05-29 12:49:21.975,33,32.77,,256000000
2026-05-29 12:49:21.951,2,1.64,,256000000
2026-05-29 12:49:21.935,14,13.72,,256000000
2026-05-29 12:49:21.921,13,12.01,,256000000
2026-05-29 12:49:21.919,2,1.84,,256000000
2026-05-29 12:49:21.913,3,2.1,,256000000
2026-05-29 12:49:21.901,3,2.04,,256000000
2026-05-29 12:49:21.895,2,1.88,,256000000
2026-05-29 12:49:21.876,17,16.74,,256000000
2026-05-29 12:49:21.868,22,21.65,,256000000
2026-05-29 12:49:21.835,19,18.01,,256000000
2026-05-29 12:49:21.827,2,1.8,,256000000
2026-05-29 12:49:21.801,15,14.23,,256000000
2026-05-29 12:49:21.798,3,2.31,,256000000
2026-05-29 12:49:21.787,53,52.3,,256000000
2026-05-29 12:49:21.781,2,1.76,,256000000
2026-05-29 12:49:21.748,2,1.96,,256000000
2026-05-29 12:49:21.735,3,2.21,,256000000
2026-05-29 12:49:21.721,14,13.24,,256000000
2026-05-29 12:49:21.720,14,13.16,,256000000
2026-05-29 12:49:21.699,3,2.13,,256000000
2026-05-29 12:49:21.696,2,1.92,,256000000
2026-05-29 12:49:21.687,2,1.81,,256000000
2026-05-29 12:49:21.686,4,3.4,,256000000
2026-05-29 12:49:21.677,2,1.76,,256000000
2026-05-29 12:49:21.671,2,1.86,,256000000
2026-05-29 12:49:21.621,2,1.77,,256000000
2026-05-29 12:49:21.616,45,44.8,,256000000
2026-05-29 12:49:21.608,12,11.68,,256000000
2026-05-29 12:49:21.588,18,17.34,,256000000
2026-05-29 12:49:21.588,63,62.02,,256000000
2026-05-29 12:49:21.586,3,2.17,,256000000
2026-05-29 12:49:21.580,11,10.57,,256000000
2026-05-29 12:49:21.576,2,1.91,,256000000
2026-05-29 12:49:21.575,2,1.91,,256000000
2026-05-29 12:49:21.573,2,1.74,,256000000
2026-05-29 12:49:21.546,2,1.77,,256000000
2026-05-29 12:49:21.539,2,1.64,,256000000
2026-05-29 12:49:21.501,2,1.96,,256000000
2026-05-29 12:49:21.494,2,1.87,,256000000
2026-05-29 12:49:21.492,3,2.28,,256000000
2026-05-29 12:49:21.490,2,1.67,,256000000
2026-05-29 12:49:21.490,3,2.19,,256000000
2026-05-29 12:49:21.487,3,2.03,,256000000
2026-05-29 12:49:21.463,2,1.85,,256000000
2026-05-29 12:49:21.457,12,11.1,,256000000
2026-05-29 12:49:21.441,13,12.85,,256000000
2026-05-29 12:49:21.440,25,24.75,,256000000
2026-05-29 12:49:21.421,2,1.94,,256000000
2026-05-29 12:49:21.420,13,12.24,,256000000
2026-05-29 12:49:21.414,21,20.62,,256000000
2026-05-29 12:49:21.382,13,12.39,,256000000
2026-05-29 12:49:21.381,9,8.69,,256000000
2026-05-29 12:49:21.379,2,1.78,,256000000
2026-05-29 12:49:21.375,2,1.73,,256000000
2026-05-29 12:49:21.370,2,1.64,,256000000
2026-05-29 12:49:21.369,2,1.56,,256000000
2026-05-29 12:49:21.368,3,2.06,,256000000
2026-05-29 12:49:21.361,2,1.68,,256000000
2026-05-29 12:49:21.359,7,6.39,,256000000
2026-05-29 12:49:21.356,2,1.71,,256000000
2026-05-29 12:49:21.300,16,15.81,,256000000
2026-05-29 12:49:21.297,2,1.64,,256000000
2026-05-29 12:49:21.296,9,8.84,,256000000
2026-05-29 12:49:21.287,2,1.65,,256000000
2026-05-29 12:49:21.273,2,1.87,,256000000
2026-05-29 12:49:21.265,3,2.31,,256000000
2026-05-29 12:49:21.259,3,2.01,,256000000
2026-05-29 12:49:21.228,2,2,,256000000
2026-05-29 12:49:21.224,3,2.04,,256000000
2026-05-29 12:49:21.221,2,1.85,,256000000
2026-05-29 12:49:21.206,2,1.71,,256000000
2026-05-29 12:49:21.180,17,16.86,,256000000
2026-05-29 12:49:21.176,2,1.92,,256000000
2026-05-29 12:49:21.174,2,1.85,,256000000
2026-05-29 12:49:21.173,2,1.86,,256000000
2026-05-29 12:49:21.165,3,2.12,,256000000
2026-05-29 12:49:21.154,2,1.88,,256000000
2026-05-29 12:49:21.125,2,1.73,,256000000
2026-05-29 12:49:21.116,2,1.83,,256000000
2026-05-29 12:49:21.112,2,1.72,,256000000
2026-05-29 12:49:21.079,2,1.71,,256000000
2026-05-29 12:49:21.077,2,1.86,,256000000
2026-05-29 12:49:21.073,2,1.87,,256000000
2026-05-29 12:49:21.069,2,1.79,,256000000
2026-05-29 12:49:21.058,2,1.71,,256000000
2026-05-29 12:49:21.049,2,1.7,,256000000
2026-05-29 12:49:21.038,2,1.66,,256000000
2026-05-29 12:49:21.037,74,73.76,,256000000
2026-05-29 12:49:21.036,2,1.94,,256000000
2026-05-29 12:49:21.030,2,1.63,,256000000
2026-05-29 12:49:21.019,2,1.83,,256000000
2026-05-29 12:49:21.018,4,3.04,,256000000
2026-05-29 12:49:21.010,2,1.69,,256000000
2026-05-29 12:49:20.986,2,1.86,,256000000
2026-05-29 12:49:20.973,2,1.76,,256000000
2026-05-29 12:49:20.950,2,1.63,,256000000
2026-05-29 12:49:20.946,2,1.79,,256000000
2026-05-29 12:49:20.946,2,1.86,,256000000
2026-05-29 12:49:20.941,2,1.85,,256000000
2026-05-29 12:49:20.934,2,1.94,,256000000
2026-05-29 12:49:20.928,2,1.75,,256000000
2026-05-29 12:49:20.925,2,1.79,,256000000
2026-05-29 12:49:20.916,2,1.91,,256000000
2026-05-29 12:49:20.912,2,1.82,,256000000
2026-05-29 12:49:20.905,2,1.81,,256000000
2026-05-29 12:49:20.887,2,1.53,,256000000
2026-05-29 12:49:20.880,9,8.11,,256000000
2026-05-29 12:49:20.876,2,1.75,,256000000
2026-05-29 12:49:20.874,2,1.77,,256000000
2026-05-29 12:49:20.851,5,4.41,,256000000
2026-05-29 12:49:20.822,2,1.81,,256000000
2026-05-29 12:49:20.815,11,10.39,,256000000
2026-05-29 12:49:20.813,14,13.42,,256000000
2026-05-29 12:49:20.798,3,2.05,,256000000
2026-05-29 12:49:20.794,2,1.89,,256000000
2026-05-29 12:49:20.774,9,8.33,,256000000
2026-05-29 12:49:20.758,3,2.08,,256000000
2026-05-29 12:49:20.754,8,7.45,,256000000
2026-05-29 12:49:20.743,2,1.81,,256000000
2026-05-29 12:49:20.740,6,5.84,,256000000
2026-05-29 12:49:20.719,3,2.09,,256000000
2026-05-29 12:49:20.715,22,21.72,,256000000
2026-05-29 12:49:20.702,3,2.5,,256000000
2026-05-29 12:49:20.697,4,3.68,,256000000
2026-05-29 12:49:20.678,2,1.68,,256000000
2026-05-29 12:49:20.676,2,1.84,,256000000
2026-05-29 12:49:20.673,2,1.82,,256000000
2026-05-29 12:49:20.656,2,1.97,,256000000
2026-05-29 12:49:20.643,22,21.42,,256000000
2026-05-29 12:49:20.635,8,7.56,,256000000
2026-05-29 12:49:20.633,2,1.79,,256000000
2026-05-29 12:49:20.601,14,13.9,,256000000
2026-05-29 12:49:20.580,2,1.63,,256000000
2026-05-29 12:49:20.576,2,1.8,,256000000
2026-05-29 12:49:20.566,2,1.64,,256000000
2026-05-29 12:49:20.559,9,8.89,,256000000
2026-05-29 12:49:20.553,2,1.9,,256000000
2026-05-29 12:49:20.553,2,1.76,,256000000
2026-05-29 12:49:20.518,2,1.78,,256000000
2026-05-29 12:49:20.473,3,2.55,,256000000
2026-05-29 12:49:20.452,2,1.72,,256000000
2026-05-29 12:49:20.429,2,1.77,,256000000
2026-05-29 12:49:20.399,26,25.32,,256000000
2026-05-29 12:49:20.395,2,1.65,,256000000
2026-05-29 12:49:20.393,3,2,,256000000
2026-05-29 12:49:20.382,7,6.79,,256000000
2026-05-29 12:49:20.380,4,3.51,,256000000
2026-05-29 12:49:20.361,18,17.89,,256000000
2026-05-29 12:49:20.360,2,1.77,,256000000
2026-05-29 12:49:20.358,118,117.68,,256000000
2026-05-29 12:49:20.348,2,1.83,,256000000
2026-05-29 12:49:20.341,2,1.86,,256000000
2026-05-29 12:49:20.301,2,1.79,,256000000
2026-05-29 12:49:20.295,13,12.22,,256000000
2026-05-29 12:49:20.261,2,1.94,,256000000
2026-05-29 12:49:20.252,2,1.69,,256000000
2026-05-29 12:49:20.248,2,1.77,,256000000
2026-05-29 12:49:20.240,2,1.66,,256000000
2026-05-29 12:49:20.236,2,1.9,,256000000
2026-05-29 12:49:20.223,2,1.85,,256000000
2026-05-29 12:49:20.216,17,16.4,,256000000
2026-05-29 12:49:20.208,2,1.87,,256000000
2026-05-29 12:49:20.203,2,1.82,,256000000
2026-05-29 12:49:20.166,2,1.93,,256000000
2026-05-29 12:49:20.161,2,1.73,,256000000
2026-05-29 12:49:20.121,2,1.77,,256000000
2026-05-29 12:49:20.113,2,1.84,,256000000
2026-05-29 12:49:20.106,2,1.9,,256000000
2026-05-29 12:49:20.095,19,18.92,,256000000
2026-05-29 12:49:20.087,2,1.85,,256000000
2026-05-29 12:49:20.068,2,1.64,,256000000
2026-05-29 12:49:20.066,3,2.11,,256000000
2026-05-29 12:49:20.066,3,2.09,,256000000
2026-05-29 12:49:20.062,2,1.69,,256000000
2026-05-29 12:49:20.061,36,35.9,,256000000
2026-05-29 12:49:20.014,2,1.99,,256000000
2026-05-29 12:49:20.011,3,2.27,,256000000
2026-05-29 12:49:20.005,2,1.75,,256000000
2026-05-29 12:49:20.001,8,7.48,,256000000
2026-05-29 12:49:19.982,22,21.76,,256000000
2026-05-29 12:49:19.980,39,38.74,,256000000
2026-05-29 12:49:19.979,9,8.06,,256000000
2026-05-29 12:49:19.974,2,1.92,,256000000
2026-05-29 12:49:19.973,2,1.67,,256000000
2026-05-29 12:49:19.962,9,8.74,,256000000
2026-05-29 12:49:19.958,5,4.17,,256000000
2026-05-29 12:49:19.942,39,38.2,,256000000
2026-05-29 12:49:19.940,8,7.59,,256000000
2026-05-29 12:49:19.920,19,18.52,,256000000
2026-05-29 12:49:19.900,25,24.72,,256000000
2026-05-29 12:49:19.894,2,1.9,,256000000
2026-05-29 12:49:19.880,19,18.23,,256000000
2026-05-29 12:49:19.864,3,2.6,,256000000
2026-05-29 12:49:19.851,2,1.81,,256000000
2026-05-29 12:49:19.851,2,1.74,,256000000
2026-05-29 12:49:19.849,2,1.77,,256000000
2026-05-29 12:49:19.820,20,19.38,,256000000
2026-05-29 12:49:19.813,2,1.86,,256000000
2026-05-29 12:49:19.782,2,1.75,,256000000
2026-05-29 12:49:19.780,11,10.15,,256000000
2026-05-29 12:49:19.720,39,38.4,,256000000
2026-05-29 12:49:19.695,2,1.73,,256000000
2026-05-29 12:49:19.694,2,1.65,,256000000
2026-05-29 12:49:19.690,2,1.8,,256000000
2026-05-29 12:49:19.685,2,1.75,,256000000
2026-05-29 12:49:19.680,11,10.26,,256000000
2026-05-29 12:49:19.677,16,15.14,,256000000
2026-05-29 12:49:19.676,3,2.04,,256000000
2026-05-29 12:49:19.666,2,1.73,,256000000
2026-05-29 12:49:19.660,61,60.13,,256000000
2026-05-29 12:49:19.646,4,3.17,,256000000
2026-05-29 12:49:19.635,41,40.4,,256000000
2026-05-29 12:49:19.634,2,1.7,,256000000
2026-05-29 12:49:19.619,14,13.66,,256000000
2026-05-29 12:49:19.601,2,1.83,,256000000
2026-05-29 12:49:19.594,2,1.89,,256000000
2026-05-29 12:49:19.587,12,11.77,,256000000
2026-05-29 12:49:19.582,2,1.85,,256000000
2026-05-29 12:49:19.578,34,33.42,,256000000
2026-05-29 12:49:19.575,28,27.31,,256000000
2026-05-29 12:49:19.573,2,1.86,,256000000
2026-05-29 12:49:19.569,2,1.82,,256000000
2026-05-29 12:49:19.567,11,10.99,,256000000
2026-05-29 12:49:19.567,2,1.8,,256000000
2026-05-29 12:49:19.534,12,11.83,,256000000
2026-05-29 12:49:19.534,3,2.1,,256000000
2026-05-29 12:49:19.514,2,1.92,,256000000
2026-05-29 12:49:19.508,2,1.74,,256000000
2026-05-29 12:49:19.489,2,1.93,,256000000
2026-05-29 12:49:19.489,2,1.7,,256000000
2026-05-29 12:49:19.457,3,2.62,,256000000
2026-05-29 12:49:19.455,12,11.85,,256000000
2026-05-29 12:49:19.450,2,1.73,,256000000
2026-05-29 12:49:19.448,2,1.82,,256000000
2026-05-29 12:49:19.439,2,1.76,,256000000
2026-05-29 12:49:19.434,3,2.23,,256000000
2026-05-29 12:49:19.419,10,9.56,,256000000
2026-05-29 12:49:19.415,2,1.95,,256000000
2026-05-29 12:49:19.412,2,1.6,,256000000
2026-05-29 12:49:19.400,2,1.7,,256000000
2026-05-29 12:49:19.400,19,18.36,,256000000
2026-05-29 12:49:19.363,2,1.73,,256000000
2026-05-29 12:49:19.354,18,17.12,,256000000
2026-05-29 12:49:19.353,2,1.58,,256000000
2026-05-29 12:49:19.333,3,2.23,,256000000
2026-05-29 12:49:19.320,19,18.77,,256000000
2026-05-29 12:49:19.287,2,1.79,,256000000
2026-05-29 12:49:19.275,2,1.8,,256000000
2026-05-29 12:49:19.262,14,13.54,,256000000
2026-05-29 12:49:19.261,3,2.08,,256000000
2026-05-29 12:49:19.259,2,1.65,,256000000
2026-05-29 12:49:19.250,2,1.76,,256000000
2026-05-29 12:49:19.247,7,6.68,,256000000
2026-05-29 12:49:19.238,2,1.71,,256000000
2026-05-29 12:49:19.226,2,1.8,,256000000
2026-05-29 12:49:19.221,2,1.56,,256000000
2026-05-29 12:49:19.211,2,1.74,,256000000
2026-05-29 12:49:19.205,2,1.69,,256000000
2026-05-29 12:49:19.181,58,57.88,,256000000
2026-05-29 12:49:19.179,12,11.75,,256000000
2026-05-29 12:49:19.163,2,1.77,,256000000
2026-05-29 12:49:19.154,2,1.81,,256000000
2026-05-29 12:49:19.147,2,1.72,,256000000
2026-05-29 12:49:19.139,2,1.73,,256000000
2026-05-29 12:49:19.135,5,4.28,,256000000
2026-05-29 12:49:19.116,2,1.66,,256000000
2026-05-29 12:49:19.108,22,21.8,,256000000
2026-05-29 12:49:19.080,2,1.98,,256000000
2026-05-29 12:49:19.079,32,31.31,,256000000
2026-05-29 12:49:19.079,2,1.82,,256000000
2026-05-29 12:49:19.068,2,1.67,,256000000
2026-05-29 12:49:19.059,2,1.97,,256000000
2026-05-29 12:49:19.023,37,36.92,,256000000
2026-05-29 12:49:19.020,19,18.71,,256000000
2026-05-29 12:49:19.000,7,6.08,,256000000
2026-05-29 12:49:18.969,3,2.04,,256000000
2026-05-29 12:49:18.944,2,1.99,,256000000
2026-05-29 12:49:18.920,14,13.83,,256000000
2026-05-29 12:49:18.899,2,1.94,,256000000
2026-05-29 12:49:18.894,2,1.89,,256000000
2026-05-29 12:49:18.860,40,39.88,,256000000
2026-05-29 12:49:18.854,2,1.93,,256000000
2026-05-29 12:49:18.841,16,15.47,,256000000
2026-05-29 12:49:18.837,3,2.29,,256000000
2026-05-29 12:49:18.820,11,10.98,,256000000
2026-05-29 12:49:18.799,2,1.79,,256000000
2026-05-29 12:49:18.798,2,1.88,,256000000
2026-05-29 12:49:18.794,3,2.06,,256000000
2026-05-29 12:49:18.793,3,2.01,,256000000
2026-05-29 12:49:18.780,2,1.7,,256000000
2026-05-29 12:49:18.761,2,1.71,,256000000
2026-05-29 12:49:18.759,2,1.68,,256000000
2026-05-29 12:49:18.757,2,1.96,,256000000
2026-05-29 12:49:18.720,2,1.81,,256000000
2026-05-29 12:49:18.703,2,1.85,,256000000
2026-05-29 12:49:18.691,2,1.79,,256000000
2026-05-29 12:49:18.673,2,1.85,,256000000
2026-05-29 12:49:18.665,2,1.85,,256000000
2026-05-29 12:49:18.662,26,25.59,,256000000
2026-05-29 12:49:18.659,3,2.17,,256000000
2026-05-29 12:49:18.634,3,2.04,,256000000
2026-05-29 12:49:18.620,3,2.16,,256000000
2026-05-29 12:49:18.615,3,2.3,,256000000
2026-05-29 12:49:18.609,2,1.63,,256000000
2026-05-29 12:49:18.607,9,8.38,,256000000
2026-05-29 12:49:18.602,3,2.04,,256000000
2026-05-29 12:49:18.595,13,12.13,,256000000
2026-05-29 12:49:18.586,2,1.88,,256000000
2026-05-29 12:49:18.586,2,1.79,,256000000
2026-05-29 12:49:18.536,5,4.62,,256000000
2026-05-29 12:49:18.514,2,1.96,,256000000
2026-05-29 12:49:18.495,4,3.46,,256000000
2026-05-29 12:49:18.489,2,1.86,,256000000
2026-05-29 12:49:18.475,23,22.64,,256000000
2026-05-29 12:49:18.451,2,1.7,,256000000
2026-05-29 12:49:18.420,9,8.78,,256000000
2026-05-29 12:49:18.416,37,36.6,,256000000
2026-05-29 12:49:18.407,3,2.08,,256000000
2026-05-29 12:49:18.401,2,1.96,,256000000
2026-05-29 12:49:18.399,2,1.81,,256000000
2026-05-29 12:49:18.395,2,1.66,,256000000
2026-05-29 12:49:18.378,2,1.83,,256000000
2026-05-29 12:49:18.374,2,1.96,,256000000
2026-05-29 12:49:18.360,4,3.32,,256000000
2026-05-29 12:49:18.356,2,1.76,,256000000
2026-05-29 12:49:18.325,2,1.74,,256000000
2026-05-29 12:49:18.322,2,1.79,,256000000
2026-05-29 12:49:18.301,7,6.09,,256000000
2026-05-29 12:49:18.294,2,1.94,,256000000
2026-05-29 12:49:18.294,10,9.16,,256000000
2026-05-29 12:49:18.280,11,10.8,,256000000
2026-05-29 12:49:18.257,2,1.69,,256000000
2026-05-29 12:49:18.239,2,1.83,,256000000
2026-05-29 12:49:18.216,7,6.13,,256000000
2026-05-29 12:49:18.196,2,1.78,,256000000
2026-05-29 12:49:18.185,2,1.75,,256000000
2026-05-29 12:49:18.179,2,1.8,,256000000
2026-05-29 12:49:18.170,2,1.93,,256000000
2026-05-29 12:49:18.160,12,11.49,,256000000
2026-05-29 12:49:18.156,23,22.85,,256000000
2026-05-29 12:49:18.155,20,19.07,,256000000
2026-05-29 12:49:18.146,2,1.94,,256000000
2026-05-29 12:49:18.142,2,1.85,,256000000
2026-05-29 12:49:18.142,3,2.11,,256000000
2026-05-29 12:49:18.122,3,2.28,,256000000
2026-05-29 12:49:18.121,16,15.49,,256000000
2026-05-29 12:49:18.116,2,1.91,,256000000
2026-05-29 12:49:18.114,2,1.82,,256000000
2026-05-29 12:49:18.100,2,1.95,,256000000
2026-05-29 12:49:18.080,2,1.78,,256000000
2026-05-29 12:49:18.073,2,1.77,,256000000
2026-05-29 12:49:18.072,2,1.88,,256000000
2026-05-29 12:49:18.065,2,1.76,,256000000
2026-05-29 12:49:18.028,8,7.4,,256000000
2026-05-29 12:49:18.025,3,2.02,,256000000
2026-05-29 12:49:18.007,11,10.8,,256000000
2026-05-29 12:49:18.002,23,22.17,,256000000
2026-05-29 12:49:17.998,2,1.83,,256000000
2026-05-29 12:49:17.994,22,21.15,,256000000
2026-05-29 12:49:17.987,5,4.74,,256000000
2026-05-29 12:49:17.967,4,3.22,,256000000
2026-05-29 12:49:17.952,2,1.89,,256000000
2026-05-29 12:49:17.951,3,2.12,,256000000
2026-05-29 12:49:17.942,2,1.76,,256000000
2026-05-29 12:49:17.939,3,2.12,,256000000
2026-05-29 12:49:17.932,2,1.6,,256000000
2026-05-29 12:49:17.925,3,2,,256000000
2026-05-29 12:49:17.916,2,1.85,,256000000
2026-05-29 12:49:17.902,2,1.73,,256000000
2026-05-29 12:49:17.900,2,1.95,,256000000
2026-05-29 12:49:17.899,2,1.79,,256000000
2026-05-29 12:49:17.893,2,1.91,,256000000
2026-05-29 12:49:17.867,2,1.75,,256000000
2026-05-29 12:49:17.857,12,11.32,,256000000
2026-05-29 12:49:17.835,4,3.07,,256000000
2026-05-29 12:49:17.832,3,2.03,,256000000
2026-05-29 12:49:17.825,2,1.63,,256000000
2026-05-29 12:49:17.819,2,1.99,,256000000
2026-05-29 12:49:17.815,20,19.59,,256000000
2026-05-29 12:49:17.815,38,37.95,,256000000
2026-05-29 12:49:17.803,2,1.8,,256000000
2026-05-29 12:49:17.799,2,1.59,,256000000
2026-05-29 12:49:17.780,74,73.11,,256000000
2026-05-29 12:49:17.778,3,2.08,,256000000
2026-05-29 12:49:17.761,16,15.4,,256000000
2026-05-29 12:49:17.739,2,1.92,,256000000
2026-05-29 12:49:17.734,3,2.04,,256000000
2026-05-29 12:49:17.733,3,2.29,,256000000
2026-05-29 12:49:17.724,2,1.97,,256000000
2026-05-29 12:49:17.723,2,1.8,,256000000
2026-05-29 12:49:17.719,2,1.73,,256000000
2026-05-29 12:49:17.713,3,2.12,,256000000
2026-05-29 12:49:17.712,2,1.84,,256000000
2026-05-29 12:49:17.710,2,1.76,,256000000
2026-05-29 12:49:17.701,2,1.78,,256000000
2026-05-29 12:49:17.679,2,1.75,,256000000
2026-05-29 12:49:17.674,3,2.21,,256000000
2026-05-29 12:49:17.641,2,1.82,,256000000
2026-05-29 12:49:17.620,31,30.19,,256000000
2026-05-29 12:49:17.617,10,9.35,,256000000
2026-05-29 12:49:17.601,2,1.84,,256000000
2026-05-29 12:49:17.600,12,11.76,,256000000
2026-05-29 12:49:17.595,20,19.17,,256000000
2026-05-29 12:49:17.587,2,1.73,,256000000
2026-05-29 12:49:17.580,2,1.73,,256000000
2026-05-29 12:49:17.567,2,1.85,,256000000
2026-05-29 12:49:17.566,3,2.3,,256000000
2026-05-29 12:49:17.563,2,1.69,,256000000
2026-05-29 12:49:17.544,4,3.08,,256000000
2026-05-29 12:49:17.516,2,1.91,,256000000
2026-05-29 12:49:17.510,2,1.99,,256000000
2026-05-29 12:49:17.501,18,17.36,,256000000
2026-05-29 12:49:17.499,2,1.99,,256000000
2026-05-29 12:49:17.499,2,1.88,,256000000
2026-05-29 12:49:17.462,5,4.63,,256000000
2026-05-29 12:49:17.443,2,1.74,,256000000
2026-05-29 12:49:17.420,110,109.89,,256000000
2026-05-29 12:49:17.420,2,1.69,,256000000
2026-05-29 12:49:17.417,2,1.57,,256000000
2026-05-29 12:49:17.399,2,1.85,,256000000
2026-05-29 12:49:17.344,2,1.8,,256000000
2026-05-29 12:49:17.323,2,1.89,,256000000
2026-05-29 12:49:17.321,2,1.92,,256000000
2026-05-29 12:49:17.301,27,26.88,,256000000
2026-05-29 12:49:17.299,3,2.17,,256000000
2026-05-29 12:49:17.299,2,1.79,,256000000
2026-05-29 12:49:17.296,3,2.16,,256000000
2026-05-29 12:49:17.281,3,2.18,,256000000
2026-05-29 12:49:17.274,2,1.9,,256000000
2026-05-29 12:49:17.261,10,9.14,,256000000
2026-05-29 12:49:17.247,3,2.01,,256000000
2026-05-29 12:49:17.199,2,1.79,,256000000
2026-05-29 12:49:17.192,2,1.73,,256000000
2026-05-29 12:49:17.169,2,1.79,,256000000
2026-05-29 12:49:17.162,31,30.99,,256000000
2026-05-29 12:49:17.153,2,1.94,,256000000
2026-05-29 12:49:17.122,2,1.7,,256000000
2026-05-29 12:49:17.121,10,9.78,,256000000
2026-05-29 12:49:17.120,71,70.71,,256000000
2026-05-29 12:49:17.059,4,3.39,,256000000
2026-05-29 12:49:17.025,2,1.66,,256000000
2026-05-29 12:49:17.021,80,79.63,,256000000
2026-05-29 12:49:17.007,2,1.84,,256000000
2026-05-29 12:49:17.006,2,1.98,,256000000
2026-05-29 12:49:17.006,3,2.35,,256000000
2026-05-29 12:49:16.954,8,7.61,,256000000
2026-05-29 12:49:16.949,3,2.13,,256000000
2026-05-29 12:49:16.940,10,9.12,,256000000
2026-05-29 12:49:16.936,2,1.99,,256000000
2026-05-29 12:49:16.916,16,15.24,,256000000
2026-05-29 12:49:16.906,2,1.85,,256000000
2026-05-29 12:49:16.904,2,1.74,,256000000
2026-05-29 12:49:16.904,3,2.15,,256000000
2026-05-29 12:49:16.882,2,1.75,,256000000
2026-05-29 12:49:16.880,2,1.77,,256000000
2026-05-29 12:49:16.865,26,25.76,,256000000
2026-05-29 12:49:16.862,2,1.87,,256000000
2026-05-29 12:49:16.852,2,1.87,,256000000
2026-05-29 12:49:16.849,2,1.89,,256000000
2026-05-29 12:49:16.847,2,1.65,,256000000
2026-05-29 12:49:16.843,2,1.95,,256000000
2026-05-29 12:49:16.837,3,2.13,,256000000
2026-05-29 12:49:16.825,7,6.14,,256000000
2026-05-29 12:49:16.823,3,2.27,,256000000
2026-05-29 12:49:16.820,13,12.77,,256000000
2026-05-29 12:49:16.814,3,2.14,,256000000
2026-05-29 12:49:16.804,2,1.77,,256000000
2026-05-29 12:49:16.799,2,1.81,,256000000
2026-05-29 12:49:16.769,2,1.76,,256000000
2026-05-29 12:49:16.766,2,1.7,,256000000
2026-05-29 12:49:16.756,3,2.14,,256000000
2026-05-29 12:49:16.748,2,1.74,,256000000
2026-05-29 12:49:16.728,2,1.63,,256000000
2026-05-29 12:49:16.723,3,2.06,,256000000
2026-05-29 12:49:16.720,2,1.69,,256000000
2026-05-29 12:49:16.707,16,15.72,,256000000
2026-05-29 12:49:16.692,2,1.92,,256000000
2026-05-29 12:49:16.689,2,2,,256000000
2026-05-29 12:49:16.672,3,2.18,,256000000
2026-05-29 12:49:16.668,2,1.94,,256000000
2026-05-29 12:49:16.644,2,1.91,,256000000
2026-05-29 12:49:16.640,38,37.29,,256000000
2026-05-29 12:49:16.638,2,1.71,,256000000
2026-05-29 12:49:16.618,2,1.77,,256000000
2026-05-29 12:49:16.614,2,1.8,,256000000
2026-05-29 12:49:16.610,2,1.64,,256000000
2026-05-29 12:49:16.609,2,1.68,,256000000
2026-05-29 12:49:16.608,2,1.78,,256000000
2026-05-29 12:49:16.589,2,1.7,,256000000
2026-05-29 12:49:16.574,2,1.77,,256000000
2026-05-29 12:49:16.560,2,1.88,,256000000
2026-05-29 12:49:16.555,13,12.87,,256000000
2026-05-29 12:49:16.545,20,19.82,,256000000
2026-05-29 12:49:16.514,3,2.21,,256000000
2026-05-29 12:49:16.505,7,6.53,,256000000
2026-05-29 12:49:16.502,3,2.24,,256000000
2026-05-29 12:49:16.500,2,1.95,,256000000
2026-05-29 12:49:16.486,2,1.72,,256000000
2026-05-29 12:49:16.484,12,11.23,,256000000
2026-05-29 12:49:16.483,2,1.75,,256000000
2026-05-29 12:49:16.479,2,1.71,,256000000
2026-05-29 12:49:16.464,2,1.96,,256000000
2026-05-29 12:49:16.464,2,1.69,,256000000
2026-05-29 12:49:16.448,2,1.73,,256000000
2026-05-29 12:49:16.443,2,1.94,,256000000
2026-05-29 12:49:16.409,2,1.75,,256000000
2026-05-29 12:49:16.389,2,1.89,,256000000
2026-05-29 12:49:16.383,2,1.86,,256000000
2026-05-29 12:49:16.381,4,3,,256000000
2026-05-29 12:49:16.370,2,1.69,,256000000
2026-05-29 12:49:16.366,2,1.84,,256000000
2026-05-29 12:49:16.350,2,1.75,,256000000
2026-05-29 12:49:16.347,20,19.61,,256000000
2026-05-29 12:49:16.345,2,1.76,,256000000
2026-05-29 12:49:16.344,19,18.92,,256000000
2026-05-29 12:49:16.328,2,1.72,,256000000
2026-05-29 12:49:16.313,2,1.94,,256000000
2026-05-29 12:49:16.312,2,1.8,,256000000
2026-05-29 12:49:16.309,3,2.09,,256000000
2026-05-29 12:49:16.272,2,1.95,,256000000
2026-05-29 12:49:16.266,2,1.81,,256000000
2026-05-29 12:49:16.235,2,1.82,,256000000
2026-05-29 12:49:16.206,2,1.72,,256000000
2026-05-29 12:49:16.205,3,2.12,,256000000
2026-05-29 12:49:16.156,2,1.69,,256000000
2026-05-29 12:49:16.126,2,1.92,,256000000
2026-05-29 12:49:16.123,2,1.66,,256000000
2026-05-29 12:49:16.107,3,2.21,,256000000
2026-05-29 12:49:16.089,2,1.68,,256000000
2026-05-29 12:49:16.086,34,33.19,,256000000
2026-05-29 12:49:16.086,2,1.84,,256000000
2026-05-29 12:49:16.082,2,1.7,,256000000
2026-05-29 12:49:16.072,2,1.84,,256000000
2026-05-29 12:49:16.063,2,1.93,,256000000
2026-05-29 12:49:16.045,11,10.34,,256000000
2026-05-29 12:49:16.025,40,39.25,,256000000
2026-05-29 12:49:16.022,2,1.94,,256000000
2026-05-29 12:49:16.022,2,1.6,,256000000
2026-05-29 12:49:16.017,2,1.97,,256000000
2026-05-29 12:49:15.999,2,1.8,,256000000
2026-05-29 12:49:15.995,2,1.95,,256000000
2026-05-29 12:49:15.965,2,1.74,,256000000
2026-05-29 12:49:15.964,2,1.97,,256000000
2026-05-29 12:49:15.946,3,2.63,,256000000
2026-05-29 12:49:15.943,3,2.61,,256000000
2026-05-29 12:49:15.928,3,2.26,,256000000
2026-05-29 12:49:15.906,11,10.51,,256000000
2026-05-29 12:49:15.904,16,15.48,,256000000
2026-05-29 12:49:15.904,2,1.97,,256000000
2026-05-29 12:49:15.902,15,14.12,,256000000
2026-05-29 12:49:15.901,10,9.24,,256000000
2026-05-29 12:49:15.896,3,2.23,,256000000
2026-05-29 12:49:15.886,2,1.82,,256000000
2026-05-29 12:49:15.883,2,1.82,,256000000
2026-05-29 12:49:15.879,2,1.68,,256000000
2026-05-29 12:49:15.866,2,1.75,,256000000
2026-05-29 12:49:15.866,2,1.65,,256000000
2026-05-29 12:49:15.863,2,1.76,,256000000
2026-05-29 12:49:15.862,23,22.46,,256000000
2026-05-29 12:49:15.839,2,1.75,,256000000
2026-05-29 12:49:15.823,2,1.76,,256000000
2026-05-29 12:49:15.822,3,2.32,,256000000
2026-05-29 12:49:15.786,2,1.92,,256000000
2026-05-29 12:49:15.784,2,1.92,,256000000
2026-05-29 12:49:15.770,2,1.73,,256000000
2026-05-29 12:49:15.765,2,1.84,,256000000
2026-05-29 12:49:15.754,2,1.68,,256000000
2026-05-29 12:49:15.741,3,2.13,,256000000
2026-05-29 12:49:15.705,2,1.79,,256000000
2026-05-29 12:49:15.698,2,1.86,,256000000
2026-05-29 12:49:15.667,12,11.24,,256000000
2026-05-29 12:49:15.666,2,1.61,,256000000
2026-05-29 12:49:15.662,11,10.49,,256000000
2026-05-29 12:49:15.662,7,6.57,,256000000
2026-05-29 12:49:15.641,2,2,,256000000
2026-05-29 12:49:15.640,54,53.87,,256000000
2026-05-29 12:49:15.623,2,1.67,,256000000
2026-05-29 12:49:15.592,2,1.8,,256000000
2026-05-29 12:49:15.563,2,1.64,,256000000
2026-05-29 12:49:15.560,13,12.48,,256000000
2026-05-29 12:49:15.546,2,2,,256000000
2026-05-29 12:49:15.536,2,1.9,,256000000
2026-05-29 12:49:15.523,14,13.8,,256000000
2026-05-29 12:49:15.513,2,1.96,,256000000
2026-05-29 12:49:15.483,2,2,,256000000
2026-05-29 12:49:15.480,15,14.31,,256000000
2026-05-29 12:49:15.466,2,1.63,,256000000
2026-05-29 12:49:15.462,2,1.92,,256000000
2026-05-29 12:49:15.426,2,1.93,,256000000
2026-05-29 12:49:15.425,2,1.69,,256000000
2026-05-29 12:49:15.424,17,16.66,,256000000
2026-05-29 12:49:15.412,2,1.66,,256000000
2026-05-29 12:49:15.403,5,4.41,,256000000
2026-05-29 12:49:15.401,3,2.01,,256000000
2026-05-29 12:49:15.400,4,3.17,,256000000
2026-05-29 12:49:15.384,2,1.82,,256000000
2026-05-29 12:49:15.372,2,1.64,,256000000
2026-05-29 12:49:15.363,2,1.87,,256000000
2026-05-29 12:49:15.358,2,1.92,,256000000
2026-05-29 12:49:15.350,2,1.75,,256000000
2026-05-29 12:49:15.349,2,1.68,,256000000
2026-05-29 12:49:15.343,2,1.79,,256000000
2026-05-29 12:49:15.306,2,1.9,,256000000
2026-05-29 12:49:15.296,2,1.96,,256000000
2026-05-29 12:49:15.291,2,1.86,,256000000
2026-05-29 12:49:15.282,2,1.76,,256000000
2026-05-29 12:49:15.261,2,1.71,,256000000
2026-05-29 12:49:15.229,2,1.67,,256000000
2026-05-29 12:49:15.182,2,1.75,,256000000
2026-05-29 12:49:15.165,2,1.87,,256000000
2026-05-29 12:49:15.163,2,1.76,,256000000
2026-05-29 12:49:15.157,2,1.71,,256000000
2026-05-29 12:49:15.128,2,1.65,,256000000
2026-05-29 12:49:15.127,2,1.7,,256000000
2026-05-29 12:49:15.121,2,1.74,,256000000
2026-05-29 12:49:15.121,2,1.91,,256000000
2026-05-29 12:49:15.087,28,27.79,,256000000
2026-05-29 12:49:15.085,2,1.84,,256000000
2026-05-29 12:49:15.082,5,4.03,,256000000
2026-05-29 12:49:15.076,3,2.04,,256000000
2026-05-29 12:49:15.062,2,1.72,,256000000
2026-05-29 12:49:15.061,14,13.56,,256000000
2026-05-29 12:49:15.054,3,2.32,,256000000
2026-05-29 12:49:15.046,2,1.74,,256000000
2026-05-29 12:49:15.045,2,1.76,,256000000
2026-05-29 12:49:15.003,2,1.81,,256000000
2026-05-29 12:49:15.000,16,15.61,,256000000
2026-05-29 12:49:14.999,2,1.71,,256000000
2026-05-29 12:49:14.980,2,1.88,,256000000
2026-05-29 12:49:14.969,2,1.7,,256000000
2026-05-29 12:49:14.952,2,1.71,,256000000
2026-05-29 12:49:14.921,2,1.92,,256000000
2026-05-29 12:49:14.921,3,2.19,,256000000
2026-05-29 12:49:14.920,2,1.86,,256000000
2026-05-29 12:49:14.907,29,28.57,,256000000
2026-05-29 12:49:14.887,3,2.31,,256000000
2026-05-29 12:49:14.876,2,1.82,,256000000
2026-05-29 12:49:14.868,2,1.86,,256000000
2026-05-29 12:49:14.866,2,1.92,,256000000
2026-05-29 12:49:14.861,11,10.52,,256000000
2026-05-29 12:49:14.860,20,19.19,,256000000
2026-05-29 12:49:14.841,2,1.87,,256000000
2026-05-29 12:49:14.840,32,31.91,,256000000
2026-05-29 12:49:14.838,2,1.8,,256000000
2026-05-29 12:49:14.824,2,1.64,,256000000
2026-05-29 12:49:14.824,2,1.75,,256000000
2026-05-29 12:49:14.801,2,1.67,,256000000
2026-05-29 12:49:14.801,2,1.88,,256000000
2026-05-29 12:49:14.795,2,1.87,,256000000
2026-05-29 12:49:14.780,8,7.77,,256000000
2026-05-29 12:49:14.760,20,19.26,,256000000
2026-05-29 12:49:14.759,2,1.95,,256000000
2026-05-29 12:49:14.758,2,1.9,,256000000
2026-05-29 12:49:14.753,2,1.76,,256000000
2026-05-29 12:49:14.749,2,1.7,,256000000
2026-05-29 12:49:14.728,2,1.65,,256000000
2026-05-29 12:49:14.726,2,1.94,,256000000
2026-05-29 12:49:14.710,2,1.68,,256000000
2026-05-29 12:49:14.697,2,1.78,,256000000
2026-05-29 12:49:14.664,7,6.48,,256000000
2026-05-29 12:49:14.646,2,1.83,,256000000
2026-05-29 12:49:14.633,2,1.86,,256000000
2026-05-29 12:49:14.625,2,1.96,,256000000
2026-05-29 12:49:14.623,2,1.86,,256000000
2026-05-29 12:49:14.604,2,1.93,,256000000
2026-05-29 12:49:14.603,2,1.85,,256000000
2026-05-29 12:49:14.582,35,34.63,,256000000
2026-05-29 12:49:14.580,13,12.46,,256000000
2026-05-29 12:49:14.559,2,1.83,,256000000
2026-05-29 12:49:14.552,2,1.69,,256000000
2026-05-29 12:49:14.547,2,1.83,,256000000
2026-05-29 12:49:14.544,11,10.14,,256000000
2026-05-29 12:49:14.543,2,1.84,,256000000
2026-05-29 12:49:14.530,3,2,,256000000
2026-05-29 12:49:14.523,2,1.82,,256000000
2026-05-29 12:49:14.520,61,60.2,,256000000
2026-05-29 12:49:14.491,2,1.81,,256000000
2026-05-29 12:49:14.486,2,1.83,,256000000
2026-05-29 12:49:14.478,2,1.8,,256000000
2026-05-29 12:49:14.474,2,1.74,,256000000
2026-05-29 12:49:14.448,2,1.68,,256000000
2026-05-29 12:49:14.443,2,1.98,,256000000
2026-05-29 12:49:14.439,2,1.74,,256000000
2026-05-29 12:49:14.409,2,1.75,,256000000
2026-05-29 12:49:14.394,3,2.05,,256000000
2026-05-29 12:49:14.390,2,1.67,,256000000
2026-05-29 12:49:14.382,2,1.77,,256000000
2026-05-29 12:49:14.376,2,1.93,,256000000
2026-05-29 12:49:14.353,2,1.85,,256000000
2026-05-29 12:49:14.346,2,1.83,,256000000
2026-05-29 12:49:14.344,11,10.86,,256000000
2026-05-29 12:49:14.325,2,1.75,,256000000
2026-05-29 12:49:14.315,2,1.81,,256000000
2026-05-29 12:49:14.286,2,1.81,,256000000
2026-05-29 12:49:14.277,2,1.79,,256000000
2026-05-29 12:49:14.258,2,1.83,,256000000
2026-05-29 12:49:14.244,15,14.65,,256000000
2026-05-29 12:49:14.226,2,1.72,,256000000
2026-05-29 12:49:14.223,2,1.86,,256000000
2026-05-29 12:49:14.167,2,1.78,,256000000
2026-05-29 12:49:14.144,27,26.07,,256000000
2026-05-29 12:49:14.141,12,11.55,,256000000
2026-05-29 12:49:14.130,2,1.88,,256000000
2026-05-29 12:49:14.109,2,1.78,,256000000
2026-05-29 12:49:14.103,2,1.92,,256000000
2026-05-29 12:49:14.103,2,1.91,,256000000
2026-05-29 12:49:14.101,3,2.02,,256000000
2026-05-29 12:49:14.099,2,1.66,,256000000
2026-05-29 12:49:14.096,2,1.68,,256000000
2026-05-29 12:49:14.083,2,1.77,,256000000
2026-05-29 12:49:14.074,2,1.6,,256000000
2026-05-29 12:49:14.060,2,1.75,,256000000
2026-05-29 12:49:14.041,2,1.72,,256000000
2026-05-29 12:49:14.039,2,1.94,,256000000
2026-05-29 12:49:14.039,2,1.85,,256000000
2026-05-29 12:49:14.038,2,1.76,,256000000
2026-05-29 12:49:14.016,2,1.92,,256000000
2026-05-29 12:49:14.014,2,1.79,,256000000
2026-05-29 12:49:14.003,2,1.73,,256000000
2026-05-29 12:49:14.001,2,2,,256000000
2026-05-29 12:49:13.997,2,1.8,,256000000
2026-05-29 12:49:13.996,2,1.77,,256000000
2026-05-29 12:49:13.995,2,1.63,,256000000
2026-05-29 12:49:13.993,2,1.72,,256000000
2026-05-29 12:49:13.986,2,1.79,,256000000
2026-05-29 12:49:13.983,2,1.79,,256000000
2026-05-29 12:49:13.979,65,64.5,,256000000
2026-05-29 12:49:13.960,2,2,,256000000
2026-05-29 12:49:13.937,21,20.1,,256000000
2026-05-29 12:49:13.916,2,1.73,,256000000
2026-05-29 12:49:13.901,3,2.4,,256000000
2026-05-29 12:49:13.885,2,1.69,,256000000
2026-05-29 12:49:13.884,19,18.05,,256000000
2026-05-29 12:49:13.861,5,4.39,,256000000
2026-05-29 12:49:13.841,14,13.13,,256000000
2026-05-29 12:49:13.838,19,18.58,,256000000
2026-05-29 12:49:13.832,2,1.74,,256000000
2026-05-29 12:49:13.826,2,1.75,,256000000
2026-05-29 12:49:13.804,43,42.94,,256000000
2026-05-29 12:49:13.801,19,18.7,,256000000
2026-05-29 12:49:13.800,9,8.78,,256000000
2026-05-29 12:49:13.794,2,1.68,,256000000
2026-05-29 12:49:13.793,2,1.68,,256000000
2026-05-29 12:49:13.780,24,23.07,,256000000
2026-05-29 12:49:13.772,2,1.84,,256000000
2026-05-29 12:49:13.766,2,1.87,,256000000
2026-05-29 12:49:13.761,2,1.69,,256000000
2026-05-29 12:49:13.746,2,1.82,,256000000
2026-05-29 12:49:13.744,107,106.89,,256000000
2026-05-29 12:49:13.743,2,1.85,,256000000
2026-05-29 12:49:13.725,2,1.68,,256000000
2026-05-29 12:49:13.702,6,5.4,,256000000
2026-05-29 12:49:13.700,2,1.72,,256000000
2026-05-29 12:49:13.681,2,1.9,,256000000
2026-05-29 12:49:13.679,2,1.7,,256000000
2026-05-29 12:49:13.642,46,45.28,,256000000
2026-05-29 12:49:13.639,34,33.71,,256000000
2026-05-29 12:49:13.626,2,1.86,,256000000
2026-05-29 12:49:13.623,2,1.88,,256000000
2026-05-29 12:49:13.606,2,1.97,,256000000
2026-05-29 12:49:13.586,2,1.78,,256000000
2026-05-29 12:49:13.557,2,1.79,,256000000
2026-05-29 12:49:13.552,2,1.64,,256000000
2026-05-29 12:49:13.550,2,1.81,,256000000
2026-05-29 12:49:13.542,17,16.1,,256000000
2026-05-29 12:49:13.536,2,1.76,,256000000
2026-05-29 12:49:13.516,2,1.85,,256000000
2026-05-29 12:49:13.510,2,1.89,,256000000
2026-05-29 12:49:13.507,2,1.86,,256000000
2026-05-29 12:49:13.502,18,17.86,,256000000
2026-05-29 12:49:13.462,13,12.98,,256000000
2026-05-29 12:49:13.460,2,1.72,,256000000
2026-05-29 12:49:13.423,27,26.9,,256000000
2026-05-29 12:49:13.407,2,1.73,,256000000
2026-05-29 12:49:13.403,2,1.99,,256000000
2026-05-29 12:49:13.400,2,1.87,,256000000
2026-05-29 12:49:13.376,2,1.99,,256000000
2026-05-29 12:49:13.360,57,56.67,,256000000
2026-05-29 12:49:13.345,3,2.03,,256000000
2026-05-29 12:49:13.322,2,1.9,,256000000
2026-05-29 12:49:13.310,2,1.69,,256000000
2026-05-29 12:49:13.306,2,1.93,,256000000
2026-05-29 12:49:13.306,2,1.93,,256000000
2026-05-29 12:49:13.299,2,1.75,,256000000
2026-05-29 12:49:13.296,2,1.64,,256000000
2026-05-29 12:49:13.292,2,1.99,,256000000
2026-05-29 12:49:13.287,10,9.12,,256000000
2026-05-29 12:49:13.269,2,1.83,,256000000
2026-05-29 12:49:13.266,2,1.67,,256000000
2026-05-29 12:49:13.263,2,1.75,,256000000
2026-05-29 12:49:13.243,2,1.88,,256000000
2026-05-29 12:49:13.242,2,1.79,,256000000
2026-05-29 12:49:13.227,2,1.95,,256000000
2026-05-29 12:49:13.226,2,1.65,,256000000
2026-05-29 12:49:13.220,48,47.03,,256000000
2026-05-29 12:49:13.220,11,10.02,,256000000
2026-05-29 12:49:13.205,17,16.45,,256000000
2026-05-29 12:49:13.183,3,2.3,,256000000
2026-05-29 12:49:13.161,17,16.37,,256000000
2026-05-29 12:49:13.161,2,1.85,,256000000
2026-05-29 12:49:13.155,2,1.71,,256000000
2026-05-29 12:49:13.140,6,5.47,,256000000
2026-05-29 12:49:13.127,2,1.92,,256000000
2026-05-29 12:49:13.126,2,1.89,,256000000
2026-05-29 12:49:13.126,2,1.73,,256000000
2026-05-29 12:49:13.105,2,1.75,,256000000
2026-05-29 12:49:13.067,21,20.88,,256000000
2026-05-29 12:49:13.066,2,1.71,,256000000
2026-05-29 12:49:13.057,2,1.94,,256000000
2026-05-29 12:49:13.044,2,1.89,,256000000
2026-05-29 12:49:13.039,3,2,,256000000
2026-05-29 12:49:13.026,3,2.06,,256000000
2026-05-29 12:49:13.026,22,21.59,,256000000
2026-05-29 12:49:13.020,21,20.14,,256000000
2026-05-29 12:49:13.012,2,1.74,,256000000
2026-05-29 12:49:12.965,21,20.05,,256000000
2026-05-29 12:49:12.952,2,1.75,,256000000
2026-05-29 12:49:12.946,2,1.82,,256000000
2026-05-29 12:49:12.925,29,28.77,,256000000
2026-05-29 12:49:12.921,10,9.83,,256000000
2026-05-29 12:49:12.919,3,2.03,,256000000
2026-05-29 12:49:12.900,11,10.15,,256000000
2026-05-29 12:49:12.872,2,1.82,,256000000
2026-05-29 12:49:12.866,2,1.84,,256000000
2026-05-29 12:49:12.843,2,1.91,,256000000
2026-05-29 12:49:12.841,3,2.19,,256000000
2026-05-29 12:49:12.840,16,15.92,,256000000
2026-05-29 12:49:12.820,12,11.54,,256000000
2026-05-29 12:49:12.803,17,16.33,,256000000
2026-05-29 12:49:12.798,2,1.71,,256000000
2026-05-29 12:49:12.792,3,2.31,,256000000
2026-05-29 12:49:12.781,45,44.56,,256000000
2026-05-29 12:49:12.776,2,1.77,,256000000
2026-05-29 12:49:12.766,2,1.81,,256000000
2026-05-29 12:49:12.753,2,1.86,,256000000
2026-05-29 12:49:12.746,2,1.67,,256000000
2026-05-29 12:49:12.736,2,1.75,,256000000
2026-05-29 12:49:12.734,2,1.81,,256000000
2026-05-29 12:49:12.720,17,16.83,,256000000
2026-05-29 12:49:12.702,19,18.57,,256000000
2026-05-29 12:49:12.682,11,10.81,,256000000
2026-05-29 12:49:12.664,2,1.72,,256000000
2026-05-29 12:49:12.660,74,73.67,,256000000
2026-05-29 12:49:12.621,8,7.08,,256000000
2026-05-29 12:49:12.614,2,1.77,,256000000
2026-05-29 12:49:12.606,2,1.83,,256000000
2026-05-29 12:49:12.600,3,2.06,,256000000
2026-05-29 12:49:12.586,2,1.96,,256000000
2026-05-29 12:49:12.581,35,34.51,,256000000
2026-05-29 12:49:12.571,2,1.86,,256000000
2026-05-29 12:49:12.556,3,2.31,,256000000
2026-05-29 12:49:12.551,2,1.71,,256000000
2026-05-29 12:49:12.527,16,15.04,,256000000
2026-05-29 12:49:12.525,2,1.98,,256000000
2026-05-29 12:49:12.502,2,1.76,,256000000
2026-05-29 12:49:12.501,7,6.39,,256000000
2026-05-29 12:49:12.466,2,1.97,,256000000
2026-05-29 12:49:12.459,2,1.76,,256000000
2026-05-29 12:49:12.449,2,1.95,,256000000
2026-05-29 12:49:12.441,8,7.92,,256000000
2026-05-29 12:49:12.430,2,1.88,,256000000
2026-05-29 12:49:12.425,16,15.24,,256000000
2026-05-29 12:49:12.423,2,1.82,,256000000
2026-05-29 12:49:12.423,2,1.74,,256000000
2026-05-29 12:49:12.418,17,16.52,,256000000
2026-05-29 12:49:12.400,19,18.55,,256000000
2026-05-29 12:49:12.391,8,7.27,,256000000
2026-05-29 12:49:12.386,2,1.9,,256000000
2026-05-29 12:49:12.377,2,1.76,,256000000
2026-05-29 12:49:12.374,2,1.75,,256000000
2026-05-29 12:49:12.366,2,1.91,,256000000
2026-05-29 12:49:12.362,2,1.92,,256000000
2026-05-29 12:49:12.346,2,1.93,,256000000
2026-05-29 12:49:12.346,2,1.84,,256000000
2026-05-29 12:49:12.315,2,1.92,,256000000
2026-05-29 12:49:12.300,18,17.57,,256000000
2026-05-29 12:49:12.281,3,2.16,,256000000
2026-05-29 12:49:12.274,2,1.8,,256000000
2026-05-29 12:49:12.272,2,1.79,,256000000
2026-05-29 12:49:12.267,2,1.95,,256000000
2026-05-29 12:49:12.267,54,53.37,,256000000
2026-05-29 12:49:12.234,2,1.72,,256000000
2026-05-29 12:49:12.193,2,1.87,,256000000
2026-05-29 12:49:12.173,2,1.66,,256000000
2026-05-29 12:49:12.146,2,1.77,,256000000
2026-05-29 12:49:12.126,2,1.89,,256000000
2026-05-29 12:49:12.125,2,1.87,,256000000
2026-05-29 12:49:12.104,28,27.29,,256000000
2026-05-29 12:49:12.104,3,2.05,,256000000
2026-05-29 12:49:12.087,37,36.21,,256000000
2026-05-29 12:49:12.066,3,2.25,,256000000
2026-05-29 12:49:12.066,6,5.35,,256000000
2026-05-29 12:49:12.063,2,1.91,,256000000
2026-05-29 12:49:12.041,3,2.04,,256000000
2026-05-29 12:49:12.028,2,1.7,,256000000
2026-05-29 12:49:12.028,2,1.89,,256000000
2026-05-29 12:49:12.008,41,40.77,,256000000
2026-05-29 12:49:12.007,67,66.28,,256000000
2026-05-29 12:49:12.005,2,1.96,,256000000
2026-05-29 12:49:11.989,2,1.69,,256000000
2026-05-29 12:49:11.963,6,5.24,,256000000
2026-05-29 12:49:11.961,2,1.9,,256000000
2026-05-29 12:49:11.958,13,12.29,,256000000
2026-05-29 12:49:11.949,2,1.85,,256000000
2026-05-29 12:49:11.942,33,32.62,,256000000
2026-05-29 12:49:11.927,29,28.91,,256000000
2026-05-29 12:49:11.926,2,1.95,,256000000
2026-05-29 12:49:11.918,14,13.17,,256000000
2026-05-29 12:49:11.902,2,1.9,,256000000
2026-05-29 12:49:11.901,2,1.81,,256000000
2026-05-29 12:49:11.894,2,1.74,,256000000
2026-05-29 12:49:11.875,2,1.67,,256000000
2026-05-29 12:49:11.869,46,45.73,,256000000
2026-05-29 12:49:11.866,2,2,,256000000
2026-05-29 12:49:11.863,49,48.49,,256000000
2026-05-29 12:49:11.857,2,1.83,,256000000
2026-05-29 12:49:11.851,2,1.77,,256000000
2026-05-29 12:49:11.833,3,2.09,,256000000
2026-05-29 12:49:11.826,3,2.04,,256000000
2026-05-29 12:49:11.805,2,1.7,,256000000
2026-05-29 12:49:11.805,3,2.02,,256000000
2026-05-29 12:49:11.785,2,1.87,,256000000
2026-05-29 12:49:11.779,29,28.56,,256000000
2026-05-29 12:49:11.763,2,1.85,,256000000
2026-05-29 12:49:11.763,2,2,,256000000
2026-05-29 12:49:11.750,26,25.94,,256000000
2026-05-29 12:49:11.749,2,1.68,,256000000
2026-05-29 12:49:11.726,2,1.76,,256000000
2026-05-29 12:49:11.716,3,2.03,,256000000
2026-05-29 12:49:11.705,2,1.72,,256000000
2026-05-29 12:49:11.703,2,1.96,,256000000
2026-05-29 12:49:11.700,2,1.92,,256000000
2026-05-29 12:49:11.692,2,2,,256000000
2026-05-29 12:49:11.687,3,2.03,,256000000
2026-05-29 12:49:11.619,2,1.68,,256000000
2026-05-29 12:49:11.616,2,1.92,,256000000
2026-05-29 12:49:11.605,15,14.19,,256000000
2026-05-29 12:49:11.599,2,1.76,,256000000
2026-05-29 12:49:11.587,11,10.6,,256000000
2026-05-29 12:49:11.584,21,20.58,,256000000
2026-05-29 12:49:11.569,2,1.86,,256000000
2026-05-29 12:49:11.568,2,1.74,,256000000
2026-05-29 12:49:11.567,3,2.08,,256000000
2026-05-29 12:49:11.559,2,1.72,,256000000
2026-05-29 12:49:11.556,2,1.88,,256000000
2026-05-29 12:49:11.528,2,1.77,,256000000
2026-05-29 12:49:11.524,24,23.01,,256000000
2026-05-29 12:49:11.505,2,1.8,,256000000
2026-05-29 12:49:11.488,28,27.12,,256000000
2026-05-29 12:49:11.486,8,7.83,,256000000
2026-05-29 12:49:11.485,2,1.83,,256000000
2026-05-29 12:49:11.471,3,2.18,,256000000
2026-05-29 12:49:11.446,2,1.96,,256000000
2026-05-29 12:49:11.440,3,2.43,,256000000
2026-05-29 12:49:11.438,3,2.06,,256000000
2026-05-29 12:49:11.435,8,7.22,,256000000
2026-05-29 12:49:11.433,2,1.79,,256000000
2026-05-29 12:49:11.426,2,1.89,,256000000
2026-05-29 12:49:11.424,21,20.8,,256000000
2026-05-29 12:49:11.415,2,1.85,,256000000
2026-05-29 12:49:11.406,2,1.88,,256000000
2026-05-29 12:49:11.385,21,20.18,,256000000
2026-05-29 12:49:11.376,2,1.78,,256000000
2026-05-29 12:49:11.370,2,1.74,,256000000
2026-05-29 12:49:11.357,3,2.15,,256000000
2026-05-29 12:49:11.347,10,9.87,,256000000
2026-05-29 12:49:11.344,8,8,,256000000
2026-05-29 12:49:11.333,2,1.9,,256000000
2026-05-29 12:49:11.324,19,18.72,,256000000
2026-05-29 12:49:11.311,2,1.72,,256000000
2026-05-29 12:49:11.293,2,1.78,,256000000
2026-05-29 12:49:11.270,2,1.89,,256000000
2026-05-29 12:49:11.268,2,1.67,,256000000
2026-05-29 12:49:11.266,2,1.9,,256000000
2026-05-29 12:49:11.262,3,2.12,,256000000
2026-05-29 12:49:11.239,2,1.83,,256000000
2026-05-29 12:49:11.237,2,1.96,,256000000
2026-05-29 12:49:11.228,2,1.82,,256000000
2026-05-29 12:49:11.212,2,1.76,,256000000
2026-05-29 12:49:11.208,3,2.71,,256000000
2026-05-29 12:49:11.207,14,13.24,,256000000
2026-05-29 12:49:11.201,3,2.06,,256000000
2026-05-29 12:49:11.187,66,65.33,,256000000
2026-05-29 12:49:11.180,2,1.92,,256000000
2026-05-29 12:49:11.177,3,2.15,,256000000
2026-05-29 12:49:11.138,2,1.7,,256000000
2026-05-29 12:49:11.116,2,1.8,,256000000
2026-05-29 12:49:11.101,2,1.79,,256000000
2026-05-29 12:49:11.032,2,1.79,,256000000
2026-05-29 12:49:11.001,21,20.52,,256000000
2026-05-29 12:49:10.996,3,2.07,,256000000
2026-05-29 12:49:10.994,2,1.83,,256000000
2026-05-29 12:49:10.993,2,1.8,,256000000
2026-05-29 12:49:10.966,2,1.94,,256000000
2026-05-29 12:49:10.959,2,1.92,,256000000
2026-05-29 12:49:10.936,6,5.67,,256000000
2026-05-29 12:49:10.931,2,1.89,,256000000
2026-05-29 12:49:10.925,2,1.7,,256000000
2026-05-29 12:49:10.923,2,1.66,,256000000
2026-05-29 12:49:10.916,2,1.79,,256000000
2026-05-29 12:49:10.916,2,1.85,,256000000
2026-05-29 12:49:10.889,2,1.86,,256000000
2026-05-29 12:49:10.867,19,18.34,,256000000
2026-05-29 12:49:10.865,22,21.65,,256000000
2026-05-29 12:49:10.859,2,1.9,,256000000
2026-05-29 12:49:10.853,3,2.11,,256000000
2026-05-29 12:49:10.847,2,1.79,,256000000
2026-05-29 12:49:10.843,2,1.77,,256000000
2026-05-29 12:49:10.833,3,2.13,,256000000
2026-05-29 12:49:10.832,2,1.75,,256000000
2026-05-29 12:49:10.829,2,1.82,,256000000
2026-05-29 12:49:10.827,2,1.77,,256000000
2026-05-29 12:49:10.801,7,6.25,,256000000
2026-05-29 12:49:10.800,2,1.82,,256000000
2026-05-29 12:49:10.800,2,1.88,,256000000
2026-05-29 12:49:10.780,9,8.55,,256000000
2026-05-29 12:49:10.759,2,1.77,,256000000
2026-05-29 12:49:10.752,2,1.73,,256000000
2026-05-29 12:49:10.746,2,1.79,,256000000
2026-05-29 12:49:10.736,12,11.16,,256000000
2026-05-29 12:49:10.730,2,1.64,,256000000
2026-05-29 12:49:10.725,3,2.05,,256000000
2026-05-29 12:49:10.715,2,1.94,,256000000
2026-05-29 12:49:10.708,12,11.3,,256000000
2026-05-29 12:49:10.707,6,5.62,,256000000
2026-05-29 12:49:10.703,2,1.91,,256000000
2026-05-29 12:49:10.700,17,16.16,,256000000
2026-05-29 12:49:10.687,5,4.15,,256000000
2026-05-29 12:49:10.686,3,2,,256000000
2026-05-29 12:49:10.684,2,1.82,,256000000
2026-05-29 12:49:10.679,3,2.03,,256000000
2026-05-29 12:49:10.627,40,39.46,,256000000
2026-05-29 12:49:10.626,2,1.86,,256000000
2026-05-29 12:49:10.622,3,2.06,,256000000
2026-05-29 12:49:10.620,2,1.72,,256000000
2026-05-29 12:49:10.619,3,2.1,,256000000
2026-05-29 12:49:10.604,12,11.92,,256000000
2026-05-29 12:49:10.590,3,2.01,,256000000
2026-05-29 12:49:10.586,2,1.97,,256000000
2026-05-29 12:49:10.583,3,2.18,,256000000
2026-05-29 12:49:10.581,10,9.53,,256000000
2026-05-29 12:49:10.569,2,1.65,,256000000
2026-05-29 12:49:10.567,39,38.91,,256000000
2026-05-29 12:49:10.554,2,1.61,,256000000
2026-05-29 12:49:10.537,11,10.27,,256000000
2026-05-29 12:49:10.526,2,1.92,,256000000
2026-05-29 12:49:10.520,19,18.35,,256000000
2026-05-29 12:49:10.486,2,1.6,,256000000
2026-05-29 12:49:10.480,10,9.95,,256000000
2026-05-29 12:49:10.455,2,1.94,,256000000
2026-05-29 12:49:10.450,7,6.25,,256000000
2026-05-29 12:49:10.427,50,49.76,,256000000
2026-05-29 12:49:10.419,3,2.03,,256000000
2026-05-29 12:49:10.418,2,1.68,,256000000
2026-05-29 12:49:10.389,2,1.9,,256000000
2026-05-29 12:49:10.387,2,1.95,,256000000
2026-05-29 12:49:10.382,15,14.9,,256000000
2026-05-29 12:49:10.376,3,2.11,,256000000
2026-05-29 12:49:10.367,41,40.66,,256000000
2026-05-29 12:49:10.362,45,44.3,,256000000
2026-05-29 12:49:10.346,3,2.13,,256000000
2026-05-29 12:49:10.343,2,1.88,,256000000
2026-05-29 12:49:10.321,2,1.61,,256000000
2026-05-29 12:49:10.308,15,14.06,,256000000
2026-05-29 12:49:10.287,30,29.44,,256000000
2026-05-29 12:49:10.286,2,1.55,,256000000
2026-05-29 12:49:10.247,29,28.06,,256000000
2026-05-29 12:49:10.240,3,2.03,,256000000
2026-05-29 12:49:10.236,2,1.93,,256000000
2026-05-29 12:49:10.226,2,1.97,,256000000
2026-05-29 12:49:10.218,2,1.8,,256000000
2026-05-29 12:49:10.217,2,1.87,,256000000
2026-05-29 12:49:10.214,2,1.7,,256000000
2026-05-29 12:49:10.168,10,9.2,,256000000
2026-05-29 12:49:10.159,2,1.88,,256000000
2026-05-29 12:49:10.146,2,1.92,,256000000
2026-05-29 12:49:10.136,3,2.07,,256000000
2026-05-29 12:49:10.128,2,1.68,,256000000
2026-05-29 12:49:10.087,9,8,,256000000
2026-05-29 12:49:10.075,2,1.73,,256000000
2026-05-29 12:49:10.047,4,3.08,,256000000
2026-05-29 12:49:10.032,3,2,,256000000
2026-05-29 12:49:10.028,26,25.66,,256000000
2026-05-29 12:49:10.020,41,40.44,,256000000
2026-05-29 12:49:10.019,2,1.69,,256000000
2026-05-29 12:49:10.016,2,1.88,,256000000
2026-05-29 12:49:10.011,31,30.84,,256000000
2026-05-29 12:49:09.985,2,1.85,,256000000
2026-05-29 12:49:09.982,14,13.98,,256000000
2026-05-29 12:49:09.979,2,1.65,,256000000
2026-05-29 12:49:09.967,15,14.13,,256000000
2026-05-29 12:49:09.961,6,5.89,,256000000
2026-05-29 12:49:09.941,2,1.79,,256000000
2026-05-29 12:49:09.940,3,2.1,,256000000
2026-05-29 12:49:09.922,3,2.17,,256000000
2026-05-29 12:49:09.908,2,1.86,,256000000
2026-05-29 12:49:09.906,3,2.12,,256000000
2026-05-29 12:49:09.873,3,2,,256000000
2026-05-29 12:49:09.871,25,24.48,,256000000
2026-05-29 12:49:09.861,2,1.86,,256000000
2026-05-29 12:49:09.832,2,1.79,,256000000
2026-05-29 12:49:09.808,3,2.56,,256000000
2026-05-29 12:49:09.805,2,1.7,,256000000
2026-05-29 12:49:09.783,3,2.15,,256000000
2026-05-29 12:49:09.773,2,1.86,,256000000
2026-05-29 12:49:09.749,2,1.8,,256000000
2026-05-29 12:49:09.749,2,1.95,,256000000
2026-05-29 12:49:09.726,19,18.92,,256000000
2026-05-29 12:49:09.717,2,1.79,,256000000
2026-05-29 12:49:09.716,2,1.9,,256000000
2026-05-29 12:49:09.714,2,1.75,,256000000
2026-05-29 12:49:09.696,2,1.75,,256000000
2026-05-29 12:49:09.696,2,1.77,,256000000
2026-05-29 12:49:09.694,2,1.79,,256000000
2026-05-29 12:49:09.693,2,1.72,,256000000
2026-05-29 12:49:09.690,2,1.76,,256000000
2026-05-29 12:49:09.682,2,1.95,,256000000
2026-05-29 12:49:09.672,2,1.8,,256000000
2026-05-29 12:49:09.657,21,20.78,,256000000
2026-05-29 12:49:09.646,3,2.04,,256000000
2026-05-29 12:49:09.627,2,1.77,,256000000
2026-05-29 12:49:09.619,2,1.75,,256000000
2026-05-29 12:49:09.619,2,1.7,,256000000
2026-05-29 12:49:09.619,2,1.88,,256000000
2026-05-29 12:49:09.597,2,1.7,,256000000
2026-05-29 12:49:09.596,2,1.83,,256000000
2026-05-29 12:49:09.595,13,12.15,,256000000
2026-05-29 12:49:09.574,13,12.58,,256000000
2026-05-29 12:49:09.559,2,1.82,,256000000
2026-05-29 12:49:09.554,2,1.92,,256000000
2026-05-29 12:49:09.543,2,1.58,,256000000
2026-05-29 12:49:09.534,2,1.66,,256000000
2026-05-29 12:49:09.530,2,1.95,,256000000
2026-05-29 12:49:09.518,15,14.32,,256000000
2026-05-29 12:49:09.510,2,1.72,,256000000
2026-05-29 12:49:09.501,2,1.8,,256000000
2026-05-29 12:49:09.497,15,14.88,,256000000
2026-05-29 12:49:09.476,2,1.97,,256000000
2026-05-29 12:49:09.468,2,1.69,,256000000
2026-05-29 12:49:09.466,3,2.07,,256000000
2026-05-29 12:49:09.441,2,1.88,,256000000
2026-05-29 12:49:09.415,35,34.16,,256000000
2026-05-29 12:49:09.409,2,1.72,,256000000
2026-05-29 12:49:09.405,2,1.76,,256000000
2026-05-29 12:49:09.401,2,1.75,,256000000
2026-05-29 12:49:09.381,2,1.91,,256000000
2026-05-29 12:49:09.366,2,1.99,,256000000
2026-05-29 12:49:09.362,2,1.77,,256000000
2026-05-29 12:49:09.335,10,9.57,,256000000
2026-05-29 12:49:09.326,2,1.93,,256000000
2026-05-29 12:49:09.319,2,1.72,,256000000
2026-05-29 12:49:09.314,3,2.06,,256000000
2026-05-29 12:49:09.307,2,1.59,,256000000
2026-05-29 12:49:09.303,10,9.55,,256000000
2026-05-29 12:49:09.288,4,3.12,,256000000
2026-05-29 12:49:09.267,20,19.39,,256000000
2026-05-29 12:49:09.262,14,13.25,,256000000
2026-05-29 12:49:09.257,2,1.81,,256000000
2026-05-29 12:49:09.241,3,2.03,,256000000
2026-05-29 12:49:09.234,2,1.89,,256000000
2026-05-29 12:49:09.230,2,1.89,,256000000
2026-05-29 12:49:09.226,2,1.68,,256000000
2026-05-29 12:49:09.215,2,1.7,,256000000
2026-05-29 12:49:09.210,2,1.69,,256000000
2026-05-29 12:49:09.180,11,10.61,,256000000
2026-05-29 12:49:09.175,2,1.84,,256000000
2026-05-29 12:49:09.159,2,1.86,,256000000
2026-05-29 12:49:09.149,2,1.68,,256000000
2026-05-29 12:49:09.082,2,1.79,,256000000
2026-05-29 12:49:09.069,2,1.62,,256000000
2026-05-29 12:49:09.050,2,1.66,,256000000
2026-05-29 12:49:09.022,21,20.18,,256000000
2026-05-29 12:49:09.001,2,1.69,,256000000
2026-05-29 12:49:08.999,2,1.72,,256000000
2026-05-29 12:49:08.996,3,2.06,,256000000
2026-05-29 12:49:08.964,2,1.69,,256000000
2026-05-29 12:49:08.962,2,1.58,,256000000
2026-05-29 12:49:08.953,2,1.7,,256000000
2026-05-29 12:49:08.940,3,2.56,,256000000
2026-05-29 12:49:08.913,2,1.79,,256000000
2026-05-29 12:49:08.899,3,2.12,,256000000
2026-05-29 12:49:08.894,3,2.21,,256000000
2026-05-29 12:49:08.888,12,11.45,,256000000
2026-05-29 12:49:08.883,13,12.71,,256000000
2026-05-29 12:49:08.870,2,1.79,,256000000
2026-05-29 12:49:08.862,20,19.34,,256000000
2026-05-29 12:49:08.849,2,1.81,,256000000
2026-05-29 12:49:08.841,41,40.42,,256000000
2026-05-29 12:49:08.831,2,1.76,,256000000
2026-05-29 12:49:08.825,2,1.65,,256000000
2026-05-29 12:49:08.806,2,1.79,,256000000
2026-05-29 12:49:08.796,2,1.76,,256000000
2026-05-29 12:49:08.795,10,9.51,,256000000
2026-05-29 12:49:08.791,2,1.63,,256000000
2026-05-29 12:49:08.787,7,6.19,,256000000
2026-05-29 12:49:08.781,7,6.71,,256000000
2026-05-29 12:49:08.780,2,1.7,,256000000
2026-05-29 12:49:08.770,2,1.72,,256000000
2026-05-29 12:49:08.759,3,2.11,,256000000
2026-05-29 12:49:08.754,2,1.88,,256000000
2026-05-29 12:49:08.748,2,1.84,,256000000
2026-05-29 12:49:08.744,20,19.13,,256000000
2026-05-29 12:49:08.722,2,1.83,,256000000
2026-05-29 12:49:08.716,3,2.21,,256000000
2026-05-29 12:49:08.706,9,8.71,,256000000
2026-05-29 12:49:08.699,13,12.54,,256000000
2026-05-29 12:49:08.695,2,1.77,,256000000
2026-05-29 12:49:08.694,3,2.24,,256000000
2026-05-29 12:49:08.684,24,23.3,,256000000
2026-05-29 12:49:08.660,4,3.86,,256000000
2026-05-29 12:49:08.659,14,13.88,,256000000
2026-05-29 12:49:08.656,2,1.8,,256000000
2026-05-29 12:49:08.617,2,1.94,,256000000
2026-05-29 12:49:08.602,2,1.78,,256000000
2026-05-29 12:49:08.577,3,2.27,,256000000
2026-05-29 12:49:08.573,2,1.73,,256000000
2026-05-29 12:49:08.547,9,8.33,,256000000
2026-05-29 12:49:08.545,22,21.53,,256000000
2026-05-29 12:49:08.540,15,14.23,,256000000
2026-05-29 12:49:08.534,12,11.22,,256000000
2026-05-29 12:49:08.527,36,35.34,,256000000
2026-05-29 12:49:08.526,3,2.19,,256000000
2026-05-29 12:49:08.521,2,1.82,,256000000
2026-05-29 12:49:08.504,13,12.22,,256000000
2026-05-29 12:49:08.503,2,1.76,,256000000
2026-05-29 12:49:08.499,43,42.17,,256000000
2026-05-29 12:49:08.496,3,2.14,,256000000
2026-05-29 12:49:08.494,3,2.08,,256000000
2026-05-29 12:49:08.486,2,1.91,,256000000
2026-05-29 12:49:08.475,2,1.91,,256000000
2026-05-29 12:49:08.462,39,38.36,,256000000
2026-05-29 12:49:08.452,2,1.83,,256000000
2026-05-29 12:49:08.403,2,1.72,,256000000
2026-05-29 12:49:08.402,20,19.13,,256000000
2026-05-29 12:49:08.400,3,2.13,,256000000
2026-05-29 12:49:08.375,111,110.72,,256000000
2026-05-29 12:49:08.364,3,2.02,,256000000
2026-05-29 12:49:08.363,3,2.02,,256000000
2026-05-29 12:49:08.360,10,9.77,,256000000
2026-05-29 12:49:08.351,2,1.79,,256000000
2026-05-29 12:49:08.347,8,7.77,,256000000
2026-05-29 12:49:08.346,2,1.71,,256000000
2026-05-29 12:49:08.328,2,1.66,,256000000
2026-05-29 12:49:08.327,2,1.7,,256000000
2026-05-29 12:49:08.327,2,1.92,,256000000
2026-05-29 12:49:08.304,3,2.17,,256000000
2026-05-29 12:49:08.286,2,1.69,,256000000
2026-05-29 12:49:08.283,14,13.15,,256000000
2026-05-29 12:49:08.266,2,1.94,,256000000
2026-05-29 12:49:08.245,3,2.08,,256000000
2026-05-29 12:49:08.244,16,15.06,,256000000
2026-05-29 12:49:08.201,2,1.56,,256000000
2026-05-29 12:49:08.196,2,1.72,,256000000
2026-05-29 12:49:08.186,2,1.74,,256000000
2026-05-29 12:49:08.186,2,1.86,,256000000
2026-05-29 12:49:08.183,2,1.87,,256000000
2026-05-29 12:49:08.178,2,1.72,,256000000
2026-05-29 12:49:08.174,3,2.15,,256000000
2026-05-29 12:49:08.167,13,12.43,,256000000
2026-05-29 12:49:08.129,2,1.7,,256000000
2026-05-29 12:49:08.111,2,1.94,,256000000
2026-05-29 12:49:08.083,3,2.02,,256000000
2026-05-29 12:49:08.076,22,21.15,,256000000
2026-05-29 12:49:08.060,2,1.78,,256000000
2026-05-29 12:49:08.047,9,8.3,,256000000
2026-05-29 12:49:08.034,2,1.91,,256000000
2026-05-29 12:49:08.023,2,1.92,,256000000
2026-05-29 12:49:08.011,2,1.81,,256000000
2026-05-29 12:49:08.006,16,15.91,,256000000
2026-05-29 12:49:07.978,2,1.75,,256000000
2026-05-29 12:49:07.975,21,20.03,,256000000
2026-05-29 12:49:07.944,11,10.78,,256000000
2026-05-29 12:49:07.935,11,10.25,,256000000
2026-05-29 12:49:07.924,19,18.89,,256000000
2026-05-29 12:49:07.901,3,2.02,,256000000
2026-05-29 12:49:07.886,2,1.86,,256000000
2026-05-29 12:49:07.884,2,1.94,,256000000
2026-05-29 12:49:07.873,2,1.79,,256000000
2026-05-29 12:49:07.872,2,1.73,,256000000
2026-05-29 12:49:07.845,2,1.86,,256000000
2026-05-29 12:49:07.814,2,1.66,,256000000
2026-05-29 12:49:07.788,2,1.86,,256000000
2026-05-29 12:49:07.783,9,8.05,,256000000
2026-05-29 12:49:07.779,2,1.86,,256000000
2026-05-29 12:49:07.763,2,1.97,,256000000
2026-05-29 12:49:07.754,2,1.96,,256000000
2026-05-29 12:49:07.717,2,1.89,,256000000
2026-05-29 12:49:07.715,17,16.47,,256000000
2026-05-29 12:49:07.706,2,1.93,,256000000
2026-05-29 12:49:07.677,18,17.82,,256000000
2026-05-29 12:49:07.656,2,2,,256000000
2026-05-29 12:49:07.654,10,9.66,,256000000
2026-05-29 12:49:07.641,2,1.73,,256000000
2026-05-29 12:49:07.595,39,38.81,,256000000
2026-05-29 12:49:07.589,2,1.94,,256000000
2026-05-29 12:49:07.584,8,7.27,,256000000
2026-05-29 12:49:07.580,2,1.72,,256000000
2026-05-29 12:49:07.574,2,1.75,,256000000
2026-05-29 12:49:07.563,4,3.06,,256000000
2026-05-29 12:49:07.539,19,18.09,,256000000
2026-05-29 12:49:07.539,2,1.64,,256000000
2026-05-29 12:49:07.525,2,1.84,,256000000
2026-05-29 12:49:07.524,2,1.72,,256000000
2026-05-29 12:49:07.519,2,2,,256000000
2026-05-29 12:49:07.511,3,2.28,,256000000
2026-05-29 12:49:07.507,2,1.82,,256000000
2026-05-29 12:49:07.504,3,2.15,,256000000
2026-05-29 12:49:07.502,2,1.81,,256000000
2026-05-29 12:49:07.479,77,76.88,,256000000
2026-05-29 12:49:07.464,3,2,,256000000
2026-05-29 12:49:07.463,3,2.15,,256000000
2026-05-29 12:49:07.454,3,2.62,,256000000
2026-05-29 12:49:07.453,2,1.88,,256000000
2026-05-29 12:49:07.435,51,50.76,,256000000
2026-05-29 12:49:07.434,3,2.08,,256000000
2026-05-29 12:49:07.425,10,9.06,,256000000
2026-05-29 12:49:07.413,2,1.81,,256000000
2026-05-29 12:49:07.406,7,6.78,,256000000
2026-05-29 12:49:07.405,7,6.71,,256000000
2026-05-29 12:49:07.396,13,12.47,,256000000
2026-05-29 12:49:07.395,2,1.92,,256000000
2026-05-29 12:49:07.356,14,13.13,,256000000
2026-05-29 12:49:07.335,12,11.51,,256000000
2026-05-29 12:49:07.315,2,1.98,,256000000
2026-05-29 12:49:07.313,2,1.91,,256000000
2026-05-29 12:49:07.305,8,7.41,,256000000
2026-05-29 12:49:07.284,2,1.86,,256000000
2026-05-29 12:49:07.277,2,1.96,,256000000
2026-05-29 12:49:07.275,15,14.83,,256000000
2026-05-29 12:49:07.254,2,1.82,,256000000
2026-05-29 12:49:07.232,2,1.68,,256000000
2026-05-29 12:49:07.215,14,13.48,,256000000
2026-05-29 12:49:07.215,5,4.31,,256000000
2026-05-29 12:49:07.195,2,1.8,,256000000
2026-05-29 12:49:07.184,2,1.89,,256000000
2026-05-29 12:49:07.181,2,1.69,,256000000
2026-05-29 12:49:07.157,34,33.83,,256000000
2026-05-29 12:49:07.153,2,1.78,,256000000
2026-05-29 12:49:07.150,2,1.8,,256000000
2026-05-29 12:49:07.128,2,1.75,,256000000
2026-05-29 12:49:07.116,2,1.89,,256000000
2026-05-29 12:49:07.095,2,1.95,,256000000
2026-05-29 12:49:07.077,3,2.02,,256000000
2026-05-29 12:49:07.076,2,1.66,,256000000
2026-05-29 12:49:07.069,2,1.68,,256000000
2026-05-29 12:49:07.064,2,1.72,,256000000
2026-05-29 12:49:07.062,3,2.01,,256000000
2026-05-29 12:49:07.046,2,1.85,,256000000
2026-05-29 12:49:07.034,2,1.76,,256000000
2026-05-29 12:49:07.018,101,100.07,,256000000
2026-05-29 12:49:07.007,2,1.74,,256000000
2026-05-29 12:49:07.004,2,1.75,,256000000
2026-05-29 12:49:06.994,2,1.97,,256000000
2026-05-29 12:49:06.990,2,1.67,,256000000
2026-05-29 12:49:06.986,2,1.63,,256000000
2026-05-29 12:49:06.984,2,1.82,,256000000
2026-05-29 12:49:06.961,2,1.79,,256000000
2026-05-29 12:49:06.951,2,1.82,,256000000
2026-05-29 12:49:06.949,2,1.76,,256000000
2026-05-29 12:49:06.930,2,1.67,,256000000
2026-05-29 12:49:06.928,2,1.89,,256000000
2026-05-29 12:49:06.915,14,13.76,,256000000
2026-05-29 12:49:06.907,2,1.7,,256000000
2026-05-29 12:49:06.896,2,1.7,,256000000
2026-05-29 12:49:06.875,4,3.9,,256000000
2026-05-29 12:49:06.875,3,2.11,,256000000
2026-05-29 12:49:06.861,2,1.98,,256000000
2026-05-29 12:49:06.855,21,20.46,,256000000
2026-05-29 12:49:06.854,2,1.87,,256000000
2026-05-29 12:49:06.817,3,2.26,,256000000
2026-05-29 12:49:06.815,26,25.84,,256000000
2026-05-29 12:49:06.814,2,1.66,,256000000
2026-05-29 12:49:06.812,2,1.71,,256000000
2026-05-29 12:49:06.794,2,1.9,,256000000
2026-05-29 12:49:06.775,15,14.1,,256000000
2026-05-29 12:49:06.773,2,1.8,,256000000
2026-05-29 12:49:06.760,3,2,,256000000
2026-05-29 12:49:06.754,3,2.07,,256000000
2026-05-29 12:49:06.751,2,1.69,,256000000
2026-05-29 12:49:06.749,2,1.73,,256000000
2026-05-29 12:49:06.718,2,1.72,,256000000
2026-05-29 12:49:06.706,3,2.26,,256000000
2026-05-29 12:49:06.695,12,11.47,,256000000
2026-05-29 12:49:06.675,21,20.12,,256000000
2026-05-29 12:49:06.674,3,2.2,,256000000
2026-05-29 12:49:06.671,2,1.83,,256000000
2026-05-29 12:49:06.668,2,1.8,,256000000
2026-05-29 12:49:06.667,2,1.9,,256000000
2026-05-29 12:49:06.666,2,1.87,,256000000
2026-05-29 12:49:06.654,2,1.88,,256000000
2026-05-29 12:49:06.647,2,1.84,,256000000
2026-05-29 12:49:06.644,41,40.05,,256000000
2026-05-29 12:49:06.635,7,6.22,,256000000
2026-05-29 12:49:06.626,10,9.44,,256000000
2026-05-29 12:49:06.614,2,1.63,,256000000
2026-05-29 12:49:06.613,2,1.78,,256000000
2026-05-29 12:49:06.608,2,1.94,,256000000
2026-05-29 12:49:06.606,3,2.67,,256000000
2026-05-29 12:49:06.586,2,1.86,,256000000
2026-05-29 12:49:06.586,3,2.16,,256000000
2026-05-29 12:49:06.487,2,1.83,,256000000
2026-05-29 12:49:06.481,2,1.8,,256000000
2026-05-29 12:49:06.444,7,6.24,,256000000
2026-05-29 12:49:06.426,2,1.67,,256000000
2026-05-29 12:49:06.423,2,1.89,,256000000
2026-05-29 12:49:06.418,2,1.93,,256000000
2026-05-29 12:49:06.403,2,1.75,,256000000
2026-05-29 12:49:06.394,7,6,,256000000
2026-05-29 12:49:06.386,3,2.12,,256000000
2026-05-29 12:49:06.379,16,15.38,,256000000
2026-05-29 12:49:06.374,2,1.81,,256000000
2026-05-29 12:49:06.325,2,1.81,,256000000
2026-05-29 12:49:06.315,9,8.75,,256000000
2026-05-29 12:49:06.309,2,1.71,,256000000
2026-05-29 12:49:06.304,2,1.98,,256000000
2026-05-29 12:49:06.300,2,1.8,,256000000
2026-05-29 12:49:06.295,28,27.4,,256000000
2026-05-29 12:49:06.295,3,2.03,,256000000
2026-05-29 12:49:06.277,2,1.89,,256000000
2026-05-29 12:49:06.242,2,1.83,,256000000
2026-05-29 12:49:06.236,5,4.73,,256000000
2026-05-29 12:49:06.234,2,1.77,,256000000
2026-05-29 12:49:06.226,2,1.84,,256000000
2026-05-29 12:49:06.211,2,1.97,,256000000
2026-05-29 12:49:06.201,2,1.83,,256000000
2026-05-29 12:49:06.174,3,2.21,,256000000
2026-05-29 12:49:06.134,2,1.94,,256000000
2026-05-29 12:49:06.133,2,1.75,,256000000
2026-05-29 12:49:06.117,3,2.07,,256000000
2026-05-29 12:49:06.109,2,1.76,,256000000
2026-05-29 12:49:06.108,2,1.88,,256000000
2026-05-29 12:49:06.106,2,1.76,,256000000
2026-05-29 12:49:06.096,3,2.07,,256000000
2026-05-29 12:49:06.078,12,11.74,,256000000
2026-05-29 12:49:06.074,2,1.98,,256000000
2026-05-29 12:49:06.073,2,1.86,,256000000
2026-05-29 12:49:06.068,3,2.12,,256000000
2026-05-29 12:49:06.067,10,9.69,,256000000
2026-05-29 12:49:06.057,3,2.03,,256000000
2026-05-29 12:49:06.041,3,2.05,,256000000
2026-05-29 12:49:06.014,2,1.97,,256000000
2026-05-29 12:49:06.003,3,2.24,,256000000
2026-05-29 12:49:05.986,3,2.02,,256000000
2026-05-29 12:49:05.985,43,42.59,,256000000
2026-05-29 12:49:05.975,5,4.33,,256000000
2026-05-29 12:49:05.975,5,4.99,,256000000
2026-05-29 12:49:05.964,9,8.61,,256000000
2026-05-29 12:49:05.957,2,1.78,,256000000
2026-05-29 12:49:05.954,3,2.26,,256000000
2026-05-29 12:49:05.943,2,2,,256000000
2026-05-29 12:49:05.939,2,1.91,,256000000
2026-05-29 12:49:05.929,15,14.46,,256000000
2026-05-29 12:49:05.914,3,2.1,,256000000
2026-05-29 12:49:05.906,2,1.98,,256000000
2026-05-29 12:49:05.865,2,1.89,,256000000
2026-05-29 12:49:05.854,2,1.75,,256000000
2026-05-29 12:49:05.827,12,11.08,,256000000
2026-05-29 12:49:05.808,2,1.83,,256000000
2026-05-29 12:49:05.806,2,1.83,,256000000
2026-05-29 12:49:05.794,3,2.02,,256000000
2026-05-29 12:49:05.763,2,1.74,,256000000
2026-05-29 12:49:05.754,3,2.2,,256000000
2026-05-29 12:49:05.747,27,26.56,,256000000
2026-05-29 12:49:05.744,2,1.68,,256000000
2026-05-29 12:49:05.739,21,20.84,,256000000
2026-05-29 12:49:05.716,2,1.69,,256000000
2026-05-29 12:49:05.710,2,1.89,,256000000
2026-05-29 12:49:05.686,4,3.81,,256000000
2026-05-29 12:49:05.678,5,4.86,,256000000
2026-05-29 12:49:05.648,2,1.84,,256000000
2026-05-29 12:49:05.646,2,1.89,,256000000
2026-05-29 12:49:05.646,2,1.72,,256000000
2026-05-29 12:49:05.634,12,11.24,,256000000
2026-05-29 12:49:05.632,2,1.86,,256000000
2026-05-29 12:49:05.617,3,2.07,,256000000
2026-05-29 12:49:05.614,2,1.98,,256000000
2026-05-29 12:49:05.605,22,21.73,,256000000
2026-05-29 12:49:05.600,2,1.88,,256000000
2026-05-29 12:49:05.586,2,1.87,,256000000
2026-05-29 12:49:05.576,2,1.83,,256000000
2026-05-29 12:49:05.564,4,3.29,,256000000
2026-05-29 12:49:05.559,2,1.92,,256000000
2026-05-29 12:49:05.547,15,14.92,,256000000
2026-05-29 12:49:05.543,3,2.19,,256000000
2026-05-29 12:49:05.535,2,1.99,,256000000
2026-05-29 12:49:05.506,3,2.01,,256000000
2026-05-29 12:49:05.506,15,14.04,,256000000
2026-05-29 12:49:05.476,2,1.91,,256000000
2026-05-29 12:49:05.465,2,1.9,,256000000
2026-05-29 12:49:05.455,13,12.47,,256000000
2026-05-29 12:49:05.454,2,1.99,,256000000
2026-05-29 12:49:05.447,41,40.03,,256000000
2026-05-29 12:49:05.445,6,5,,256000000
2026-05-29 12:49:05.442,15,14.63,,256000000
2026-05-29 12:49:05.431,2,1.93,,256000000
2026-05-29 12:49:05.426,2,2,,256000000
2026-05-29 12:49:05.424,3,2.44,,256000000
2026-05-29 12:49:05.421,2,1.78,,256000000
2026-05-29 12:49:05.420,37,36.8,,256000000
2026-05-29 12:49:05.418,2,1.85,,256000000
2026-05-29 12:49:05.387,3,2.73,,256000000
2026-05-29 12:49:05.386,2,1.83,,256000000
2026-05-29 12:49:05.377,8,7.86,,256000000
2026-05-29 12:49:05.371,2,1.95,,256000000
2026-05-29 12:49:05.370,3,2.27,,256000000
2026-05-29 12:49:05.367,6,5.45,,256000000
2026-05-29 12:49:05.367,3,2.31,,256000000
2026-05-29 12:49:05.365,19,18.62,,256000000
2026-05-29 12:49:05.356,6,5.51,,256000000
2026-05-29 12:49:05.347,45,44.67,,256000000
2026-05-29 12:49:05.347,9,8.28,,256000000
2026-05-29 12:49:05.341,3,2.03,,256000000
2026-05-29 12:49:05.335,3,2.33,,256000000
2026-05-29 12:49:05.331,2,1.82,,256000000
2026-05-29 12:49:05.326,14,13.47,,256000000
2026-05-29 12:49:05.308,3,2.19,,256000000
2026-05-29 12:49:05.306,2,1.94,,256000000
2026-05-29 12:49:05.297,2,1.88,,256000000
2026-05-29 12:49:05.296,11,10.96,,256000000
2026-05-29 12:49:05.294,2,1.74,,256000000
2026-05-29 12:49:05.286,3,2.21,,256000000
2026-05-29 12:49:05.275,2,1.75,,256000000
2026-05-29 12:49:05.264,15,14.9,,256000000
2026-05-29 12:49:05.250,2,1.72,,256000000
2026-05-29 12:49:05.241,2,1.71,,256000000
2026-05-29 12:49:05.236,9,8.73,,256000000
2026-05-29 12:49:05.230,2,1.66,,256000000
2026-05-29 12:49:05.215,2,1.92,,256000000
2026-05-29 12:49:05.206,2,1.74,,256000000
2026-05-29 12:49:05.187,3,2.02,,256000000
2026-05-29 12:49:05.183,2,1.8,,256000000
2026-05-29 12:49:05.167,2,1.78,,256000000
2026-05-29 12:49:05.131,2,1.79,,256000000
2026-05-29 12:49:05.122,2,1.71,,256000000
2026-05-29 12:49:05.089,2,1.74,,256000000
2026-05-29 12:49:05.086,2,1.73,,256000000
2026-05-29 12:49:05.061,3,2.03,,256000000
2026-05-29 12:49:05.059,2,1.79,,256000000
2026-05-29 12:49:05.055,12,11.66,,256000000
2026-05-29 12:49:05.019,2,1.99,,256000000
2026-05-29 12:49:05.008,2,1.88,,256000000
2026-05-29 12:49:05.007,2,1.73,,256000000
2026-05-29 12:49:05.006,2,1.77,,256000000
2026-05-29 12:49:04.998,3,2.1,,256000000
2026-05-29 12:49:04.976,2,1.7,,256000000
2026-05-29 12:49:04.975,3,2.01,,256000000
2026-05-29 12:49:04.938,2,1.83,,256000000
2026-05-29 12:49:04.923,22,21.26,,256000000
2026-05-29 12:49:04.906,8,7.61,,256000000
2026-05-29 12:49:04.899,2,1.96,,256000000
2026-05-29 12:49:04.884,9,8.5,,256000000
2026-05-29 12:49:04.881,2,1.98,,256000000
2026-05-29 12:49:04.875,10,9.42,,256000000
2026-05-29 12:49:04.871,3,2.1,,256000000
2026-05-29 12:49:04.866,3,2.01,,256000000
2026-05-29 12:49:04.861,2,1.71,,256000000
2026-05-29 12:49:04.855,2,1.98,,256000000
2026-05-29 12:49:04.855,51,50.55,,256000000
2026-05-29 12:49:04.846,3,2.04,,256000000
2026-05-29 12:49:04.834,2,1.78,,256000000
2026-05-29 12:49:04.775,3,2.04,,256000000
2026-05-29 12:49:04.716,3,2.09,,256000000
2026-05-29 12:49:04.715,3,2.22,,256000000
2026-05-29 12:49:04.706,33,32.18,,256000000
2026-05-29 12:49:04.696,13,12.58,,256000000
2026-05-29 12:49:04.681,2,1.99,,256000000
2026-05-29 12:49:04.645,2,1.72,,256000000
2026-05-29 12:49:04.635,2,1.9,,256000000
2026-05-29 12:49:04.631,2,1.75,,256000000
2026-05-29 12:49:04.601,2,1.97,,256000000
2026-05-29 12:49:04.585,2,1.83,,256000000
2026-05-29 12:49:04.565,2,1.76,,256000000
2026-05-29 12:49:04.504,2,1.82,,256000000
2026-05-29 12:49:04.504,2,1.82,,256000000
2026-05-29 12:49:04.504,2,1.71,,256000000
2026-05-29 12:49:04.494,6,5.17,,256000000
2026-05-29 12:49:04.484,2,1.67,,256000000
2026-05-29 12:49:04.484,2,1.77,,256000000
2026-05-29 12:49:04.469,3,2.03,,256000000
2026-05-29 12:49:04.449,2,1.76,,256000000
2026-05-29 12:49:04.446,2,1.93,,256000000
2026-05-29 12:49:04.429,2,1.72,,256000000
2026-05-29 12:49:04.424,2,1.92,,256000000
2026-05-29 12:49:04.418,2,1.78,,256000000
2026-05-29 12:49:04.411,2,1.59,,256000000
2026-05-29 12:49:04.406,28,28,,256000000
2026-05-29 12:49:04.394,2,1.76,,256000000
2026-05-29 12:49:04.347,2,1.86,,256000000
2026-05-29 12:49:04.344,2,1.67,,256000000
2026-05-29 12:49:04.325,2,1.71,,256000000
2026-05-29 12:49:04.324,2,1.71,,256000000
2026-05-29 12:49:04.319,2,1.79,,256000000
2026-05-29 12:49:04.308,15,14.24,,256000000
2026-05-29 12:49:04.298,2,1.8,,256000000
2026-05-29 12:49:04.294,3,2.01,,256000000
2026-05-29 12:49:04.287,20,19.37,,256000000
2026-05-29 12:49:04.285,6,5.12,,256000000
2026-05-29 12:49:04.284,2,1.85,,256000000
2026-05-29 12:49:04.278,2,1.87,,256000000
2026-05-29 12:49:04.265,2,1.82,,256000000
2026-05-29 12:49:04.247,18,17.94,,256000000
2026-05-29 12:49:04.236,2,1.97,,256000000
2026-05-29 12:49:04.235,2,1.71,,256000000
2026-05-29 12:49:04.221,2,1.78,,256000000
2026-05-29 12:49:04.173,2,1.82,,256000000
2026-05-29 12:49:04.146,2,1.94,,256000000
2026-05-29 12:49:04.144,2,1.74,,256000000
2026-05-29 12:49:04.136,11,10.83,,256000000
2026-05-29 12:49:04.115,12,11.56,,256000000
2026-05-29 12:49:04.114,2,1.84,,256000000
2026-05-29 12:49:04.106,2,1.93,,256000000
2026-05-29 12:49:04.101,2,1.99,,256000000
2026-05-29 12:49:04.101,2,1.73,,256000000
2026-05-29 12:49:04.094,16,15.26,,256000000
2026-05-29 12:49:04.090,2,1.68,,256000000
2026-05-29 12:49:04.085,17,16.75,,256000000
2026-05-29 12:49:04.081,2,1.7,,256000000
2026-05-29 12:49:04.058,2,1.76,,256000000
2026-05-29 12:49:04.057,2,1.47,,256000000
2026-05-29 12:49:04.055,2,1.96,,256000000
2026-05-29 12:49:04.029,2,1.64,,256000000
2026-05-29 12:49:04.026,2,1.68,,256000000
2026-05-29 12:49:04.020,14,13.35,,256000000
2026-05-29 12:49:03.998,2,1.7,,256000000
2026-05-29 12:49:03.978,21,20.06,,256000000
2026-05-29 12:49:03.967,2,1.73,,256000000
2026-05-29 12:49:03.964,2,1.82,,256000000
2026-05-29 12:49:03.948,2,1.8,,256000000
2026-05-29 12:49:03.941,2,1.73,,256000000
2026-05-29 12:49:03.940,14,13.58,,256000000
2026-05-29 12:49:03.922,2,1.79,,256000000
2026-05-29 12:49:03.917,2,1.79,,256000000
2026-05-29 12:49:03.906,2,1.86,,256000000
2026-05-29 12:49:03.906,3,2.24,,256000000
2026-05-29 12:49:03.900,2,1.68,,256000000
2026-05-29 12:49:03.899,32,31.03,,256000000
2026-05-29 12:49:03.884,2,1.92,,256000000
2026-05-29 12:49:03.867,13,12.98,,256000000
2026-05-29 12:49:03.867,3,2.29,,256000000
2026-05-29 12:49:03.826,2,1.87,,256000000
2026-05-29 12:49:03.822,46,45.59,,256000000
2026-05-29 12:49:03.818,13,12.97,,256000000
2026-05-29 12:49:03.811,3,2.1,,256000000
2026-05-29 12:49:03.807,8,7.37,,256000000
2026-05-29 12:49:03.797,2,1.78,,256000000
2026-05-29 12:49:03.787,2,1.69,,256000000
2026-05-29 12:49:03.786,2,1.88,,256000000
2026-05-29 12:49:03.784,2,1.79,,256000000
2026-05-29 12:49:03.777,2,1.97,,256000000
2026-05-29 12:49:03.774,2,1.95,,256000000
2026-05-29 12:49:03.761,12,11.5,,256000000
2026-05-29 12:49:03.741,2,1.89,,256000000
2026-05-29 12:49:03.734,3,2.17,,256000000
2026-05-29 12:49:03.715,34,33.35,,256000000
2026-05-29 12:49:03.702,14,13.49,,256000000
2026-05-29 12:49:03.699,2,1.83,,256000000
2026-05-29 12:49:03.696,2,1.9,,256000000
2026-05-29 12:49:03.685,2,1.7,,256000000
2026-05-29 12:49:03.681,2,1.89,,256000000
2026-05-29 12:49:03.674,2,1.99,,256000000
2026-05-29 12:49:03.666,2,1.73,,256000000
2026-05-29 12:49:03.654,3,2.03,,256000000
2026-05-29 12:49:03.646,2,1.9,,256000000
2026-05-29 12:49:03.645,4,3.35,,256000000
2026-05-29 12:49:03.635,2,1.74,,256000000
2026-05-29 12:49:03.631,3,2.43,,256000000
2026-05-29 12:49:03.629,3,2.12,,256000000
2026-05-29 12:49:03.626,2,1.96,,256000000
2026-05-29 12:49:03.625,12,11.72,,256000000
2026-05-29 12:49:03.614,2,1.81,,256000000
2026-05-29 12:49:03.605,28,27.19,,256000000
2026-05-29 12:49:03.577,2,1.8,,256000000
2026-05-29 12:49:03.556,20,19.68,,256000000
2026-05-29 12:49:03.520,2,1.82,,256000000
2026-05-29 12:49:03.507,16,15.14,,256000000
2026-05-29 12:49:03.507,2,1.82,,256000000
2026-05-29 12:49:03.506,3,2.15,,256000000
2026-05-29 12:49:03.504,2,1.71,,256000000
2026-05-29 12:49:03.502,2,1.76,,256000000
2026-05-29 12:49:03.487,2,1.68,,256000000
2026-05-29 12:49:03.479,2,1.89,,256000000
2026-05-29 12:49:03.473,2,1.8,,256000000
2026-05-29 12:49:03.472,2,1.95,,256000000
2026-05-29 12:49:03.448,2,1.71,,256000000
2026-05-29 12:49:03.426,12,11.3,,256000000
2026-05-29 12:49:03.424,2,1.69,,256000000
2026-05-29 12:49:03.385,16,15.54,,256000000
2026-05-29 12:49:03.382,12,11.04,,256000000
2026-05-29 12:49:03.378,2,1.9,,256000000
2026-05-29 12:49:03.374,2,1.72,,256000000
2026-05-29 12:49:03.364,3,2.09,,256000000
2026-05-29 12:49:03.364,2,1.68,,256000000
2026-05-29 12:49:03.361,2,1.87,,256000000
2026-05-29 12:49:03.355,21,20.35,,256000000
2026-05-29 12:49:03.328,2,1.79,,256000000
2026-05-29 12:49:03.326,9,8.77,,256000000
2026-05-29 12:49:03.315,8,7.75,,256000000
2026-05-29 12:49:03.305,6,5.07,,256000000
2026-05-29 12:49:03.303,3,2.49,,256000000
2026-05-29 12:49:03.295,6,5.92,,256000000
2026-05-29 12:49:03.292,2,1.79,,256000000
2026-05-29 12:49:03.284,3,2.01,,256000000
2026-05-29 12:49:03.275,2,1.68,,256000000
2026-05-29 12:49:03.261,2,1.69,,256000000
2026-05-29 12:49:03.255,16,15.17,,256000000
2026-05-29 12:49:03.248,2,1.89,,256000000
2026-05-29 12:49:03.234,2,1.91,,256000000
2026-05-29 12:49:03.190,2,1.73,,256000000
2026-05-29 12:49:03.176,39,38.04,,256000000
2026-05-29 12:49:03.174,2,1.74,,256000000
2026-05-29 12:49:03.160,2,1.95,,256000000
2026-05-29 12:49:03.159,2,1.94,,256000000
2026-05-29 12:49:03.140,4,3.13,,256000000
2026-05-29 12:49:03.124,2,1.84,,256000000
2026-05-29 12:49:03.096,2,1.89,,256000000
2026-05-29 12:49:03.091,2,1.82,,256000000
2026-05-29 12:49:03.074,2,1.79,,256000000
2026-05-29 12:49:02.999,3,2.26,,256000000
2026-05-29 12:49:02.996,14,13.75,,256000000
2026-05-29 12:49:02.954,3,2.22,,256000000
2026-05-29 12:49:02.945,21,20.4,,256000000
2026-05-29 12:49:02.934,2,1.97,,256000000
2026-05-29 12:49:02.931,2,1.82,,256000000
2026-05-29 12:49:02.927,11,10.87,,256000000
2026-05-29 12:49:02.905,12,11.58,,256000000
2026-05-29 12:49:02.901,3,2.01,,256000000
2026-05-29 12:49:02.894,7,6.3,,256000000
2026-05-29 12:49:02.885,20,19.23,,256000000
2026-05-29 12:49:02.874,2,1.9,,256000000
2026-05-29 12:49:02.862,2,1.87,,256000000
2026-05-29 12:49:02.846,6,5.61,,256000000
2026-05-29 12:49:02.825,19,18.88,,256000000
2026-05-29 12:49:02.814,24,23.03,,256000000
2026-05-29 12:49:02.806,10,9.78,,256000000
2026-05-29 12:49:02.805,20,19.98,,256000000
2026-05-29 12:49:02.793,2,1.9,,256000000
2026-05-29 12:49:02.786,3,2,,256000000
2026-05-29 12:49:02.774,3,2.19,,256000000
2026-05-29 12:49:02.771,3,2.01,,256000000
2026-05-29 12:49:02.769,2,1.72,,256000000
2026-05-29 12:49:02.739,2,1.94,,256000000
2026-05-29 12:49:02.706,2,1.78,,256000000
2026-05-29 12:49:02.701,2,1.89,,256000000
2026-05-29 12:49:02.674,33,32.26,,256000000
2026-05-29 12:49:02.663,7,6.94,,256000000
2026-05-29 12:49:02.649,2,1.64,,256000000
2026-05-29 12:49:02.642,2,1.83,,256000000
2026-05-29 12:49:02.641,2,1.74,,256000000
2026-05-29 12:49:02.640,2,1.76,,256000000
2026-05-29 12:49:02.614,2,1.87,,256000000
2026-05-29 12:49:02.610,2,1.98,,256000000
2026-05-29 12:49:02.607,2,1.99,,256000000
2026-05-29 12:49:02.547,47,46.15,,256000000
2026-05-29 12:49:02.539,2,1.8,,256000000
2026-05-29 12:49:02.535,3,2.18,,256000000
2026-05-29 12:49:02.503,2,1.77,,256000000
2026-05-29 12:49:02.499,2,1.93,,256000000
2026-05-29 12:49:02.497,2,1.78,,256000000
2026-05-29 12:49:02.495,2,1.68,,256000000
2026-05-29 12:49:02.494,2,1.91,,256000000
2026-05-29 12:49:02.488,14,13.73,,256000000
2026-05-29 12:49:02.487,54,53.07,,256000000
2026-05-29 12:49:02.476,48,47.87,,256000000
2026-05-29 12:49:02.434,3,2.19,,256000000
2026-05-29 12:49:02.431,2,1.7,,256000000
2026-05-29 12:49:02.425,2,2,,256000000
2026-05-29 12:49:02.415,3,2.01,,256000000
2026-05-29 12:49:02.408,2,1.95,,256000000
2026-05-29 12:49:02.406,4,3.92,,256000000
2026-05-29 12:49:02.402,2,1.86,,256000000
2026-05-29 12:49:02.401,3,2.04,,256000000
2026-05-29 12:49:02.401,2,1.93,,256000000
2026-05-29 12:49:02.396,56,55.6,,256000000
2026-05-29 12:49:02.374,2,1.81,,256000000
2026-05-29 12:49:02.364,2,1.92,,256000000
2026-05-29 12:49:02.363,2,1.65,,256000000
2026-05-29 12:49:02.363,3,2.11,,256000000
2026-05-29 12:49:02.361,2,1.81,,256000000
2026-05-29 12:49:02.356,2,1.88,,256000000
2026-05-29 12:49:02.354,2,1.68,,256000000
2026-05-29 12:49:02.346,2,1.78,,256000000
2026-05-29 12:49:02.331,2,1.74,,256000000
2026-05-29 12:49:02.329,2,1.86,,256000000
2026-05-29 12:49:02.300,2,1.68,,256000000
2026-05-29 12:49:02.298,3,2,,256000000
2026-05-29 12:49:02.267,59,58.02,,256000000
2026-05-29 12:49:02.254,6,5.6,,256000000
2026-05-29 12:49:02.248,3,2.29,,256000000
2026-05-29 12:49:02.214,2,1.87,,256000000
2026-05-29 12:49:02.196,2,1.77,,256000000
2026-05-29 12:49:02.167,2,1.78,,256000000
2026-05-29 12:49:02.157,6,5.71,,256000000
2026-05-29 12:49:02.150,2,1.71,,256000000
2026-05-29 12:49:02.145,3,2.14,,256000000
2026-05-29 12:49:02.131,2,1.72,,256000000
2026-05-29 12:49:02.129,2,1.98,,256000000
2026-05-29 12:49:02.125,39,38.38,,256000000
2026-05-29 12:49:02.113,2,1.73,,256000000
2026-05-29 12:49:02.110,2,1.78,,256000000
2026-05-29 12:49:02.108,4,3.05,,256000000
2026-05-29 12:49:02.106,3,2.1,,256000000
2026-05-29 12:49:02.099,2,1.93,,256000000
2026-05-29 12:49:02.094,2,1.79,,256000000
2026-05-29 12:49:02.083,2,1.89,,256000000
2026-05-29 12:49:02.067,2,1.64,,256000000
2026-05-29 12:49:02.047,2,1.8,,256000000
2026-05-29 12:49:02.034,3,2.03,,256000000
2026-05-29 12:49:02.026,13,12.89,,256000000
2026-05-29 12:49:02.026,2,1.96,,256000000
2026-05-29 12:49:02.021,2,1.97,,256000000
2026-05-29 12:49:02.020,3,2.15,,256000000
2026-05-29 12:49:02.018,19,18.27,,256000000
2026-05-29 12:49:02.016,3,2.06,,256000000
2026-05-29 12:49:02.004,3,2.31,,256000000
2026-05-29 12:49:01.985,2,1.77,,256000000
2026-05-29 12:49:01.984,2,1.91,,256000000
2026-05-29 12:49:01.983,2,1.78,,256000000
2026-05-29 12:49:01.977,2,1.81,,256000000
2026-05-29 12:49:01.970,2,1.74,,256000000
2026-05-29 12:49:01.958,2,1.83,,256000000
2026-05-29 12:49:01.956,3,2.34,,256000000
2026-05-29 12:49:01.956,2,1.83,,256000000
2026-05-29 12:49:01.938,2,1.74,,256000000
2026-05-29 12:49:01.936,63,62.32,,256000000
2026-05-29 12:49:01.933,2,1.71,,256000000
2026-05-29 12:49:01.919,2,1.86,,256000000
2026-05-29 12:49:01.896,3,2.11,,256000000
2026-05-29 12:49:01.895,2,1.76,,256000000
2026-05-29 12:49:01.892,2,1.77,,256000000
2026-05-29 12:49:01.890,2,1.82,,256000000
2026-05-29 12:49:01.881,2,1.83,,256000000
2026-05-29 12:49:01.855,2,1.75,,256000000
2026-05-29 12:49:01.850,2,1.91,,256000000
2026-05-29 12:49:01.837,2,1.77,,256000000
2026-05-29 12:49:01.824,2,1.87,,256000000
2026-05-29 12:49:01.808,2,1.79,,256000000
2026-05-29 12:49:01.790,3,2.02,,256000000
2026-05-29 12:49:01.776,3,2.2,,256000000
2026-05-29 12:49:01.755,3,2.04,,256000000
2026-05-29 12:49:01.744,2,1.85,,256000000
2026-05-29 12:49:01.726,2,1.74,,256000000
2026-05-29 12:49:01.705,5,4.62,,256000000
2026-05-29 12:49:01.674,3,2.38,,256000000
2026-05-29 12:49:01.668,2,1.87,,256000000
2026-05-29 12:49:01.643,2,1.68,,256000000
2026-05-29 12:49:01.635,2,1.75,,256000000
2026-05-29 12:49:01.622,3,2.07,,256000000
2026-05-29 12:49:01.621,3,2.17,,256000000
2026-05-29 12:49:01.601,2,1.7,,256000000
2026-05-29 12:49:01.561,2,1.66,,256000000
2026-05-29 12:49:01.553,2,1.91,,256000000
2026-05-29 12:49:01.535,2,1.73,,256000000
2026-05-29 12:49:01.525,12,11.03,,256000000
2026-05-29 12:49:01.514,2,1.53,,256000000
2026-05-29 12:49:01.498,2,1.75,,256000000
2026-05-29 12:49:01.497,2,1.73,,256000000
2026-05-29 12:49:01.496,3,2.18,,256000000
2026-05-29 12:49:01.475,2,1.88,,256000000
2026-05-29 12:49:01.474,2,1.71,,256000000
2026-05-29 12:49:01.444,2,1.68,,256000000
2026-05-29 12:49:01.443,2,1.78,,256000000
2026-05-29 12:49:01.439,14,13.05,,256000000
2026-05-29 12:49:01.401,2,1.77,,256000000
2026-05-29 12:49:01.398,13,12.62,,256000000
2026-05-29 12:49:01.393,2,1.74,,256000000
2026-05-29 12:49:01.388,3,2.2,,256000000
2026-05-29 12:49:01.387,19,18.25,,256000000
2026-05-29 12:49:01.377,12,11.33,,256000000
2026-05-29 12:49:01.368,2,1.78,,256000000
2026-05-29 12:49:01.356,13,12.79,,256000000
2026-05-29 12:49:01.344,2,1.78,,256000000
2026-05-29 12:49:01.327,2,1.91,,256000000
2026-05-29 12:49:01.306,2,1.78,,256000000
2026-05-29 12:49:01.304,2,1.8,,256000000
2026-05-29 12:49:01.278,2,1.74,,256000000
2026-05-29 12:49:01.278,5,4.08,,256000000
2026-05-29 12:49:01.277,2,1.86,,256000000
2026-05-29 12:49:01.276,2,1.64,,256000000
2026-05-29 12:49:01.274,2,1.86,,256000000
2026-05-29 12:49:01.247,2,1.79,,256000000
2026-05-29 12:49:01.236,5,4.73,,256000000
2026-05-29 12:49:01.234,2,1.88,,256000000
2026-05-29 12:49:01.233,2,1.82,,256000000
2026-05-29 12:49:01.227,2,1.77,,256000000
2026-05-29 12:49:01.208,2,1.73,,256000000
2026-05-29 12:49:01.201,3,2.29,,256000000
2026-05-29 12:49:01.178,2,1.96,,256000000
2026-05-29 12:49:01.177,10,9.16,,256000000
2026-05-29 12:49:01.175,2,1.61,,256000000
2026-05-29 12:49:01.156,2,1.99,,256000000
2026-05-29 12:49:01.115,2,1.68,,256000000
2026-05-29 12:49:01.108,2,1.92,,256000000
2026-05-29 12:49:01.105,2,1.78,,256000000
2026-05-29 12:49:01.102,12,11.68,,256000000
2026-05-29 12:49:01.081,2,1.72,,256000000
2026-05-29 12:49:01.064,19,18.22,,256000000
2026-05-29 12:49:01.061,2,1.89,,256000000
2026-05-29 12:49:01.058,60,59.9,,256000000
2026-05-29 12:49:01.041,2,1.72,,256000000
2026-05-29 12:49:01.034,3,2.36,,256000000
2026-05-29 12:49:01.032,3,2.09,,256000000
2026-05-29 12:49:01.030,2,1.72,,256000000
2026-05-29 12:49:00.992,2,1.8,,256000000
2026-05-29 12:49:00.978,14,13.73,,256000000
2026-05-29 12:49:00.977,91,90.96,,256000000
2026-05-29 12:49:00.944,3,2.08,,256000000
2026-05-29 12:49:00.943,3,2.11,,256000000
2026-05-29 12:49:00.943,2,1.73,,256000000
2026-05-29 12:49:00.879,21,20.27,,256000000
2026-05-29 12:49:00.876,2,1.93,,256000000
2026-05-29 12:49:00.859,38,37.15,,256000000
2026-05-29 12:49:00.818,7,6.61,,256000000
2026-05-29 12:49:00.815,2,1.94,,256000000
2026-05-29 12:49:00.805,29,28.59,,256000000
2026-05-29 12:49:00.798,2,1.78,,256000000
2026-05-29 12:49:00.794,2,1.78,,256000000
2026-05-29 12:49:00.787,2,1.76,,256000000
2026-05-29 12:49:00.766,22,21.8,,256000000
2026-05-29 12:49:00.761,2,1.73,,256000000
2026-05-29 12:49:00.753,3,2.33,,256000000
2026-05-29 12:49:00.752,2,1.81,,256000000
2026-05-29 12:49:00.704,2,1.89,,256000000
2026-05-29 12:49:00.696,2,1.96,,256000000
2026-05-29 12:49:00.674,2,1.77,,256000000
2026-05-29 12:49:00.667,2,1.66,,256000000
2026-05-29 12:49:00.656,2,1.94,,256000000
2026-05-29 12:49:00.655,10,9.35,,256000000
2026-05-29 12:49:00.655,2,1.73,,256000000
2026-05-29 12:49:00.646,2,1.64,,256000000
2026-05-29 12:49:00.642,3,2.06,,256000000
2026-05-29 12:49:00.640,30,29.44,,256000000
2026-05-29 12:49:00.633,2,1.8,,256000000
2026-05-29 12:49:00.626,2,1.79,,256000000
2026-05-29 12:49:00.624,3,2.02,,256000000
2026-05-29 12:49:00.617,98,97.94,,256000000
2026-05-29 12:49:00.615,2,1.98,,256000000
2026-05-29 12:49:00.609,2,1.72,,256000000
2026-05-29 12:49:00.607,7,6.08,,256000000
2026-05-29 12:49:00.578,3,2.21,,256000000
2026-05-29 12:49:00.575,28,27.85,,256000000
2026-05-29 12:49:00.573,2,1.66,,256000000
2026-05-29 12:49:00.565,45,44.25,,256000000
2026-05-29 12:49:00.559,2,1.79,,256000000
2026-05-29 12:49:00.556,5,4.05,,256000000
2026-05-29 12:49:00.546,15,14.59,,256000000
2026-05-29 12:49:00.535,2,1.94,,256000000
2026-05-29 12:49:00.534,9,8.35,,256000000
2026-05-29 12:49:00.523,2,1.75,,256000000
2026-05-29 12:49:00.509,2,1.69,,256000000
2026-05-29 12:49:00.506,3,2.08,,256000000
2026-05-29 12:49:00.505,5,4.74,,256000000
2026-05-29 12:49:00.495,15,14.85,,256000000
2026-05-29 12:49:00.488,2,1.72,,256000000
2026-05-29 12:49:00.470,2,1.71,,256000000
2026-05-29 12:49:00.468,3,2.03,,256000000
2026-05-29 12:49:00.468,5,4.46,,256000000
2026-05-29 12:49:00.465,11,10.9,,256000000
2026-05-29 12:49:00.446,2,1.81,,256000000
2026-05-29 12:49:00.446,2,1.97,,256000000
2026-05-29 12:49:00.425,3,2.06,,256000000
2026-05-29 12:49:00.410,2,1.78,,256000000
2026-05-29 12:49:00.408,2,1.68,,256000000
2026-05-29 12:49:00.405,2,1.83,,256000000
2026-05-29 12:49:00.404,15,14.38,,256000000
2026-05-29 12:49:00.401,3,2.06,,256000000
2026-05-29 12:49:00.383,3,2.02,,256000000
2026-05-29 12:49:00.343,3,2.01,,256000000
2026-05-29 12:49:00.338,2,1.85,,256000000
2026-05-29 12:49:00.332,2,1.78,,256000000
2026-05-29 12:49:00.327,2,1.81,,256000000
2026-05-29 12:49:00.294,2,1.94,,256000000
2026-05-29 12:49:00.283,2,1.73,,256000000
2026-05-29 12:49:00.276,7,6.31,,256000000
2026-05-29 12:49:00.255,10,9.43,,256000000
2026-05-29 12:49:00.247,2,1.8,,256000000
2026-05-29 12:49:00.242,2,1.84,,256000000
2026-05-29 12:49:00.241,2,1.72,,256000000
2026-05-29 12:49:00.216,2,1.78,,256000000
2026-05-29 12:49:00.213,2,1.96,,256000000
2026-05-29 12:49:00.166,2,1.85,,256000000
2026-05-29 12:49:00.146,2,1.97,,256000000
2026-05-29 12:49:00.142,2,1.77,,256000000
2026-05-29 12:49:00.126,22,21.08,,256000000
2026-05-29 12:49:00.094,2,1.96,,256000000
2026-05-29 12:49:00.092,2,1.75,,256000000
2026-05-29 12:49:00.087,2,1.68,,256000000
2026-05-29 12:49:00.085,2,1.7,,256000000
2026-05-29 12:49:00.075,2,1.82,,256000000
2026-05-29 12:49:00.055,66,65.67,,256000000
2026-05-29 12:49:00.044,20,19.27,,256000000
2026-05-29 12:49:00.036,2,1.9,,256000000
2026-05-29 12:49:00.025,50,49.2,,256000000
2026-05-29 12:49:00.021,2,1.95,,256000000
2026-05-29 12:49:00.009,3,2.3,,256000000
2026-05-29 12:49:00.009,2,1.89,,256000000
2026-05-29 12:49:00.006,2,1.98,,256000000
2026-05-29 12:48:59.986,3,2.06,,256000000
2026-05-29 12:48:59.974,3,2.44,,256000000
2026-05-29 12:48:59.966,16,15.19,,256000000
2026-05-29 12:48:59.965,4,3.53,,256000000
2026-05-29 12:48:59.953,3,2.48,,256000000
2026-05-29 12:48:59.946,2,1.92,,256000000
2026-05-29 12:48:59.944,3,2.04,,256000000
2026-05-29 12:48:59.934,2,1.86,,256000000
2026-05-29 12:48:59.921,2,1.73,,256000000
2026-05-29 12:48:59.908,2,1.76,,256000000
2026-05-29 12:48:59.886,2,1.81,,256000000
2026-05-29 12:48:59.866,2,1.69,,256000000
2026-05-29 12:48:59.853,2,1.79,,256000000
2026-05-29 12:48:59.831,2,1.89,,256000000
2026-05-29 12:48:59.825,2,1.72,,256000000
2026-05-29 12:48:59.811,2,1.81,,256000000
2026-05-29 12:48:59.807,2,1.97,,256000000
2026-05-29 12:48:59.786,2,1.79,,256000000
2026-05-29 12:48:59.784,14,13.74,,256000000
2026-05-29 12:48:59.776,14,13.34,,256000000
2026-05-29 12:48:59.768,3,2.01,,256000000
2026-05-29 12:48:59.755,39,38.12,,256000000
2026-05-29 12:48:59.751,2,1.81,,256000000
2026-05-29 12:48:59.746,2,1.77,,256000000
2026-05-29 12:48:59.724,3,2.11,,256000000
2026-05-29 12:48:59.713,2,1.8,,256000000
2026-05-29 12:48:59.694,24,23.27,,256000000
2026-05-29 12:48:59.672,2,1.61,,256000000
2026-05-29 12:48:59.669,12,11.82,,256000000
2026-05-29 12:48:59.655,2,1.73,,256000000
2026-05-29 12:48:59.646,2,1.77,,256000000
2026-05-29 12:48:59.644,3,2.26,,256000000
2026-05-29 12:48:59.635,7,6.17,,256000000
2026-05-29 12:48:59.625,14,13.8,,256000000
2026-05-29 12:48:59.607,3,2.06,,256000000
2026-05-29 12:48:59.606,2,1.96,,256000000
2026-05-29 12:48:59.603,3,2.55,,256000000
2026-05-29 12:48:59.598,2,1.75,,256000000
2026-05-29 12:48:59.594,2,1.71,,256000000
2026-05-29 12:48:59.564,2,1.78,,256000000
2026-05-29 12:48:59.555,2,1.74,,256000000
2026-05-29 12:48:59.555,2,1.87,,256000000
2026-05-29 12:48:59.530,2,1.78,,256000000
2026-05-29 12:48:59.483,2,1.82,,256000000
2026-05-29 12:48:59.463,2,1.73,,256000000
2026-05-29 12:48:59.438,2,1.87,,256000000
2026-05-29 12:48:59.429,2,1.86,,256000000
2026-05-29 12:48:59.425,16,15.01,,256000000
2026-05-29 12:48:59.425,2,1.92,,256000000
2026-05-29 12:48:59.424,3,2.03,,256000000
2026-05-29 12:48:59.417,2,1.76,,256000000
2026-05-29 12:48:59.404,2,1.88,,256000000
2026-05-29 12:48:59.375,2,1.85,,256000000
2026-05-29 12:48:59.363,2,1.87,,256000000
2026-05-29 12:48:59.344,3,2.2,,256000000
2026-05-29 12:48:59.336,3,2.07,,256000000
2026-05-29 12:48:59.294,3,2.1,,256000000
2026-05-29 12:48:59.272,3,2.15,,256000000
2026-05-29 12:48:59.265,12,11.51,,256000000
2026-05-29 12:48:59.254,3,2.13,,256000000
2026-05-29 12:48:59.245,3,2,,256000000
2026-05-29 12:48:59.244,18,17.92,,256000000
2026-05-29 12:48:59.224,2,1.8,,256000000
2026-05-29 12:48:59.219,2,1.68,,256000000
2026-05-29 12:48:59.217,2,1.86,,256000000
2026-05-29 12:48:59.214,2,1.95,,256000000
2026-05-29 12:48:59.206,2,1.78,,256000000
2026-05-29 12:48:59.203,2,1.93,,256000000
2026-05-29 12:48:59.201,2,1.95,,256000000
2026-05-29 12:48:59.177,12,11.04,,256000000
2026-05-29 12:48:59.175,21,20.62,,256000000
2026-05-29 12:48:59.165,19,18.87,,256000000
2026-05-29 12:48:59.156,3,2.09,,256000000
2026-05-29 12:48:59.149,2,1.74,,256000000
2026-05-29 12:48:59.147,16,15.75,,256000000
2026-05-29 12:48:59.135,3,2.07,,256000000
2026-05-29 12:48:59.133,2,1.91,,256000000
2026-05-29 12:48:59.114,2,1.71,,256000000
2026-05-29 12:48:59.109,2,1.86,,256000000
2026-05-29 12:48:59.105,29,28.54,,256000000
2026-05-29 12:48:59.066,2,1.64,,256000000
2026-05-29 12:48:59.064,4,3.26,,256000000
2026-05-29 12:48:59.054,28,27.71,,256000000
2026-05-29 12:48:59.024,2,1.98,,256000000
2026-05-29 12:48:59.023,2,1.85,,256000000
2026-05-29 12:48:59.005,2,1.72,,256000000
2026-05-29 12:48:58.995,13,12.6,,256000000
2026-05-29 12:48:58.988,3,2.06,,256000000
2026-05-29 12:48:58.974,2,1.82,,256000000
2026-05-29 12:48:58.939,19,18.51,,256000000
2026-05-29 12:48:58.930,2,1.74,,256000000
2026-05-29 12:48:58.918,11,10.2,,256000000
2026-05-29 12:48:58.914,3,2.25,,256000000
2026-05-29 12:48:58.912,3,2.04,,256000000
2026-05-29 12:48:58.897,91,90.92,,256000000
2026-05-29 12:48:58.875,19,18.99,,256000000
2026-05-29 12:48:58.868,2,1.72,,256000000
2026-05-29 12:48:58.867,2,1.95,,256000000
2026-05-29 12:48:58.863,2,1.67,,256000000
2026-05-29 12:48:58.861,9,8.35,,256000000
2026-05-29 12:48:58.843,2,1.87,,256000000
2026-05-29 12:48:58.841,2,1.82,,256000000
2026-05-29 12:48:58.817,2,1.65,,256000000
2026-05-29 12:48:58.816,2,1.98,,256000000
2026-05-29 12:48:58.803,2,1.7,,256000000
2026-05-29 12:48:58.797,3,2.48,,256000000
2026-05-29 12:48:58.783,2,1.85,,256000000
2026-05-29 12:48:58.777,9,8.92,,256000000
2026-05-29 12:48:58.774,2,1.74,,256000000
2026-05-29 12:48:58.768,3,2.02,,256000000
2026-05-29 12:48:58.756,2,1.91,,256000000
2026-05-29 12:48:58.746,3,2.12,,256000000
2026-05-29 12:48:58.742,2,1.85,,256000000
2026-05-29 12:48:58.742,2,1.84,,256000000
2026-05-29 12:48:58.684,2,1.89,,256000000
2026-05-29 12:48:58.682,11,10.63,,256000000
2026-05-29 12:48:58.674,2,1.77,,256000000
2026-05-29 12:48:58.664,2,1.86,,256000000
2026-05-29 12:48:58.661,7,6.66,,256000000
2026-05-29 12:48:58.641,3,2.06,,256000000
2026-05-29 12:48:58.633,2,1.7,,256000000
2026-05-29 12:48:58.627,40,39.91,,256000000
2026-05-29 12:48:58.626,2,1.74,,256000000
2026-05-29 12:48:58.625,2,1.74,,256000000
2026-05-29 12:48:58.623,3,2.89,,256000000
2026-05-29 12:48:58.603,2,1.72,,256000000
2026-05-29 12:48:58.601,3,2.11,,256000000
2026-05-29 12:48:58.590,2,1.71,,256000000
2026-05-29 12:48:58.568,10,9.04,,256000000
2026-05-29 12:48:58.565,2,1.65,,256000000
2026-05-29 12:48:58.563,3,2.25,,256000000
2026-05-29 12:48:58.555,2,1.83,,256000000
2026-05-29 12:48:58.552,2,1.71,,256000000
2026-05-29 12:48:58.550,2,1.85,,256000000
2026-05-29 12:48:58.549,2,1.81,,256000000
2026-05-29 12:48:58.547,2,1.81,,256000000
2026-05-29 12:48:58.528,23,22.39,,256000000
2026-05-29 12:48:58.514,2,1.71,,256000000
2026-05-29 12:48:58.497,2,1.72,,256000000
2026-05-29 12:48:58.466,2,1.66,,256000000
2026-05-29 12:48:58.459,2,1.81,,256000000
2026-05-29 12:48:58.438,2,1.71,,256000000
2026-05-29 12:48:58.436,2,1.78,,256000000
2026-05-29 12:48:58.425,33,32.28,,256000000
2026-05-29 12:48:58.397,2,1.81,,256000000
2026-05-29 12:48:58.386,2,1.97,,256000000
2026-05-29 12:48:58.386,2,1.87,,256000000
2026-05-29 12:48:58.377,10,9.04,,256000000
2026-05-29 12:48:58.375,3,2.31,,256000000
2026-05-29 12:48:58.371,2,1.9,,256000000
2026-05-29 12:48:58.349,2,1.84,,256000000
2026-05-29 12:48:58.336,2,1.96,,256000000
2026-05-29 12:48:58.332,2,1.94,,256000000
2026-05-29 12:48:58.327,2,1.75,,256000000
2026-05-29 12:48:58.310,2,1.87,,256000000
2026-05-29 12:48:58.304,2,1.71,,256000000
2026-05-29 12:48:58.296,3,2.03,,256000000
2026-05-29 12:48:58.277,2,1.82,,256000000
2026-05-29 12:48:58.250,2,1.92,,256000000
2026-05-29 12:48:58.245,15,14.73,,256000000
2026-05-29 12:48:58.241,2,1.74,,256000000
2026-05-29 12:48:58.212,2,1.88,,256000000
2026-05-29 12:48:58.194,2,1.9,,256000000
2026-05-29 12:48:58.188,2,1.77,,256000000
2026-05-29 12:48:58.179,2,1.7,,256000000
2026-05-29 12:48:58.173,2,1.8,,256000000
2026-05-29 12:48:58.149,2,1.84,,256000000
2026-05-29 12:48:58.145,5,4.42,,256000000
2026-05-29 12:48:58.140,2,1.64,,256000000
2026-05-29 12:48:58.138,2,1.72,,256000000
2026-05-29 12:48:58.111,2,1.9,,256000000
2026-05-29 12:48:58.097,3,2.01,,256000000
2026-05-29 12:48:58.074,2,1.69,,256000000
2026-05-29 12:48:58.044,14,13.18,,256000000
2026-05-29 12:48:58.036,2,1.76,,256000000
2026-05-29 12:48:58.026,3,2.07,,256000000
2026-05-29 12:48:58.016,2,1.72,,256000000
2026-05-29 12:48:58.014,3,2.08,,256000000
2026-05-29 12:48:57.965,17,16.13,,256000000
2026-05-29 12:48:57.954,3,2.24,,256000000
2026-05-29 12:48:57.954,2,1.75,,256000000
2026-05-29 12:48:57.947,2,1.89,,256000000
2026-05-29 12:48:57.947,2,1.86,,256000000
2026-05-29 12:48:57.943,3,2,,256000000
2026-05-29 12:48:57.941,2,1.87,,256000000
2026-05-29 12:48:57.941,2,1.75,,256000000
2026-05-29 12:48:57.933,2,1.87,,256000000
2026-05-29 12:48:57.930,3,2.12,,256000000
2026-05-29 12:48:57.911,2,1.81,,256000000
2026-05-29 12:48:57.905,10,9.23,,256000000
2026-05-29 12:48:57.903,2,1.86,,256000000
2026-05-29 12:48:57.903,2,1.85,,256000000
2026-05-29 12:48:57.870,2,1.92,,256000000
2026-05-29 12:48:57.865,10,9.4,,256000000
2026-05-29 12:48:57.865,2,1.74,,256000000
2026-05-29 12:48:57.861,3,2,,256000000
2026-05-29 12:48:57.846,2,1.85,,256000000
2026-05-29 12:48:57.836,13,12.24,,256000000
2026-05-29 12:48:57.835,2,1.7,,256000000
2026-05-29 12:48:57.814,3,2.31,,256000000
2026-05-29 12:48:57.753,2,1.71,,256000000
2026-05-29 12:48:57.745,12,11.19,,256000000
2026-05-29 12:48:57.724,2,1.71,,256000000
2026-05-29 12:48:57.704,3,2.11,,256000000
2026-05-29 12:48:57.694,3,2.13,,256000000
2026-05-29 12:48:57.687,2,1.71,,256000000
2026-05-29 12:48:57.682,2,1.73,,256000000
2026-05-29 12:48:57.634,2,1.71,,256000000
2026-05-29 12:48:57.626,3,2.09,,256000000
2026-05-29 12:48:57.610,2,1.77,,256000000
2026-05-29 12:48:57.608,2,1.7,,256000000
2026-05-29 12:48:57.604,2,1.92,,256000000
2026-05-29 12:48:57.590,2,1.79,,256000000
2026-05-29 12:48:57.588,2,1.63,,256000000
2026-05-29 12:48:57.584,2,1.73,,256000000
2026-05-29 12:48:57.576,2,1.76,,256000000
2026-05-29 12:48:57.567,18,17.53,,256000000
2026-05-29 12:48:57.564,2,1.87,,256000000
2026-05-29 12:48:57.528,2,1.83,,256000000
2026-05-29 12:48:57.526,2,1.6,,256000000
2026-05-29 12:48:57.524,2,1.69,,256000000
2026-05-29 12:48:57.503,2,1.98,,256000000
2026-05-29 12:48:57.485,2,1.7,,256000000
2026-05-29 12:48:57.484,2,1.61,,256000000
2026-05-29 12:48:57.477,3,2.11,,256000000
2026-05-29 12:48:57.477,2,1.81,,256000000
2026-05-29 12:48:57.470,2,1.65,,256000000
2026-05-29 12:48:57.446,2,1.8,,256000000
2026-05-29 12:48:57.444,2,1.84,,256000000
2026-05-29 12:48:57.444,29,28.2,,256000000
2026-05-29 12:48:57.433,2,1.79,,256000000
2026-05-29 12:48:57.432,2,1.68,,256000000
2026-05-29 12:48:57.403,3,2.11,,256000000
2026-05-29 12:48:57.364,12,11.03,,256000000
2026-05-29 12:48:57.356,8,7.09,,256000000
2026-05-29 12:48:57.355,16,15.26,,256000000
2026-05-29 12:48:57.349,2,1.67,,256000000
2026-05-29 12:48:57.344,16,15.23,,256000000
2026-05-29 12:48:57.336,2,1.8,,256000000
2026-05-29 12:48:57.318,2,1.73,,256000000
2026-05-29 12:48:57.305,8,7.72,,256000000
2026-05-29 12:48:57.303,2,1.91,,256000000
2026-05-29 12:48:57.285,21,20.82,,256000000
2026-05-29 12:48:57.274,2,1.95,,256000000
2026-05-29 12:48:57.269,2,1.78,,256000000
2026-05-29 12:48:57.262,40,39.82,,256000000
2026-05-29 12:48:57.250,2,1.94,,256000000
2026-05-29 12:48:57.243,3,2.12,,256000000
2026-05-29 12:48:57.226,3,2.07,,256000000
2026-05-29 12:48:57.189,2,1.67,,256000000
2026-05-29 12:48:57.184,28,27.24,,256000000
2026-05-29 12:48:57.174,2,1.58,,256000000
2026-05-29 12:48:57.164,2,1.85,,256000000
2026-05-29 12:48:57.160,2,1.63,,256000000
2026-05-29 12:48:57.127,21,20.72,,256000000
2026-05-29 12:48:57.114,2,1.72,,256000000
2026-05-29 12:48:57.108,2,1.8,,256000000
2026-05-29 12:48:57.102,11,10.57,,256000000
2026-05-29 12:48:57.081,3,2.03,,256000000
2026-05-29 12:48:57.054,2,1.89,,256000000
2026-05-29 12:48:57.054,2,1.77,,256000000
2026-05-29 12:48:57.048,13,12.81,,256000000
2026-05-29 12:48:57.028,2,1.74,,256000000
2026-05-29 12:48:56.981,3,2,,256000000
2026-05-29 12:48:56.960,2,1.75,,256000000
2026-05-29 12:48:56.947,3,2.64,,256000000
2026-05-29 12:48:56.946,3,2.13,,256000000
2026-05-29 12:48:56.936,2,1.84,,256000000
2026-05-29 12:48:56.931,2,1.77,,256000000
2026-05-29 12:48:56.924,3,2.09,,256000000
2026-05-29 12:48:56.923,3,2.14,,256000000
2026-05-29 12:48:56.922,2,1.68,,256000000
2026-05-29 12:48:56.915,40,39.69,,256000000
2026-05-29 12:48:56.887,2,1.83,,256000000
2026-05-29 12:48:56.845,23,22.05,,256000000
2026-05-29 12:48:56.804,29,28.31,,256000000
2026-05-29 12:48:56.804,3,2.03,,256000000
2026-05-29 12:48:56.798,2,1.92,,256000000
2026-05-29 12:48:56.797,3,2.3,,256000000
2026-05-29 12:48:56.796,2,1.78,,256000000
2026-05-29 12:48:56.795,2,1.75,,256000000
2026-05-29 12:48:56.782,2,1.84,,256000000
2026-05-29 12:48:56.777,2,1.78,,256000000
2026-05-29 12:48:56.764,2,1.79,,256000000
2026-05-29 12:48:56.762,2,1.66,,256000000
2026-05-29 12:48:56.739,2,1.72,,256000000
2026-05-29 12:48:56.736,3,2.25,,256000000
2026-05-29 12:48:56.734,3,2.17,,256000000
2026-05-29 12:48:56.725,2,1.93,,256000000
2026-05-29 12:48:56.725,15,14.88,,256000000
2026-05-29 12:48:56.725,2,1.94,,256000000
2026-05-29 12:48:56.721,2,1.8,,256000000
2026-05-29 12:48:56.705,8,7.22,,256000000
2026-05-29 12:48:56.703,3,2.16,,256000000
2026-05-29 12:48:56.702,21,20.46,,256000000
2026-05-29 12:48:56.696,13,12.62,,256000000
2026-05-29 12:48:56.695,14,13.01,,256000000
2026-05-29 12:48:56.685,4,3.53,,256000000
2026-05-29 12:48:56.676,2,1.91,,256000000
2026-05-29 12:48:56.666,2,1.59,,256000000
2026-05-29 12:48:56.664,2,1.73,,256000000
2026-05-29 12:48:56.658,2,1.82,,256000000
2026-05-29 12:48:56.656,2,1.85,,256000000
2026-05-29 12:48:56.627,2,1.85,,256000000
2026-05-29 12:48:56.619,2,1.69,,256000000
2026-05-29 12:48:56.613,2,1.85,,256000000
2026-05-29 12:48:56.584,2,1.9,,256000000
2026-05-29 12:48:56.558,2,1.67,,256000000
2026-05-29 12:48:56.558,2,1.77,,256000000
2026-05-29 12:48:56.557,2,1.77,,256000000
2026-05-29 12:48:56.555,19,18.93,,256000000
2026-05-29 12:48:56.516,56,55.05,,256000000
2026-05-29 12:48:56.515,3,2.45,,256000000
2026-05-29 12:48:56.513,2,1.79,,256000000
2026-05-29 12:48:56.511,3,2.03,,256000000
2026-05-29 12:48:56.500,2,1.88,,256000000
2026-05-29 12:48:56.484,2,1.82,,256000000
2026-05-29 12:48:56.481,2,1.76,,256000000
2026-05-29 12:48:56.476,2,1.86,,256000000
2026-05-29 12:48:56.454,6,5.89,,256000000
2026-05-29 12:48:56.454,2,1.79,,256000000
2026-05-29 12:48:56.450,2,2,,256000000
2026-05-29 12:48:56.408,2,1.98,,256000000
2026-05-29 12:48:56.381,3,2.05,,256000000
2026-05-29 12:48:56.381,2,1.75,,256000000
2026-05-29 12:48:56.379,2,1.77,,256000000
2026-05-29 12:48:56.379,3,2.53,,256000000
2026-05-29 12:48:56.343,2,1.76,,256000000
2026-05-29 12:48:56.322,6,5.29,,256000000
2026-05-29 12:48:56.315,21,20.63,,256000000
2026-05-29 12:48:56.301,2,1.7,,256000000
2026-05-29 12:48:56.298,3,2.15,,256000000
2026-05-29 12:48:56.296,3,2.02,,256000000
2026-05-29 12:48:56.289,3,2.02,,256000000
2026-05-29 12:48:56.288,2,1.88,,256000000
2026-05-29 12:48:56.288,2,1.94,,256000000
2026-05-29 12:48:56.277,19,18.2,,256000000
2026-05-29 12:48:56.256,2,1.74,,256000000
2026-05-29 12:48:56.236,2,1.99,,256000000
2026-05-29 12:48:56.229,2,1.79,,256000000
2026-05-29 12:48:56.226,2,1.82,,256000000
2026-05-29 12:48:56.224,2,1.73,,256000000
2026-05-29 12:48:56.224,2,1.7,,256000000
2026-05-29 12:48:56.194,2,1.77,,256000000
2026-05-29 12:48:56.186,2,1.82,,256000000
2026-05-29 12:48:56.181,2,1.88,,256000000
2026-05-29 12:48:56.156,39,38.32,,256000000
2026-05-29 12:48:56.146,2,1.97,,256000000
2026-05-29 12:48:56.144,2,1.91,,256000000
2026-05-29 12:48:56.118,3,2.12,,256000000
2026-05-29 12:48:56.117,2,1.86,,256000000
2026-05-29 12:48:56.103,2,1.74,,256000000
2026-05-29 12:48:56.056,2,1.76,,256000000
2026-05-29 12:48:56.052,2,1.95,,256000000
2026-05-29 12:48:56.037,28,27.72,,256000000
2026-05-29 12:48:56.018,2,1.9,,256000000
2026-05-29 12:48:56.011,2,1.7,,256000000
2026-05-29 12:48:56.005,9,8.77,,256000000
2026-05-29 12:48:55.998,3,2.91,,256000000
2026-05-29 12:48:55.996,6,5.02,,256000000
2026-05-29 12:48:55.978,2,1.97,,256000000
2026-05-29 12:48:55.956,2,1.87,,256000000
2026-05-29 12:48:55.954,2,1.92,,256000000
2026-05-29 12:48:55.949,2,1.77,,256000000
2026-05-29 12:48:55.944,2,1.97,,256000000
2026-05-29 12:48:55.941,2,1.96,,256000000
2026-05-29 12:48:55.916,3,2.52,,256000000
2026-05-29 12:48:55.895,2,1.74,,256000000
2026-05-29 12:48:55.882,2,1.73,,256000000
2026-05-29 12:48:55.865,3,2.06,,256000000
2026-05-29 12:48:55.861,2,1.85,,256000000
2026-05-29 12:48:55.856,6,5.51,,256000000
2026-05-29 12:48:55.835,2,1.88,,256000000
2026-05-29 12:48:55.815,3,2.43,,256000000
2026-05-29 12:48:55.800,2,1.75,,256000000
2026-05-29 12:48:55.799,2,1.75,,256000000
2026-05-29 12:48:55.797,2,1.81,,256000000
2026-05-29 12:48:55.774,3,2.12,,256000000
2026-05-29 12:48:55.766,37,36.87,,256000000
2026-05-29 12:48:55.737,2,1.95,,256000000
2026-05-29 12:48:55.735,2,1.94,,256000000
2026-05-29 12:48:55.723,2,1.84,,256000000
2026-05-29 12:48:55.723,9,8.9,,256000000
2026-05-29 12:48:55.707,2,1.76,,256000000
2026-05-29 12:48:55.705,2,1.75,,256000000
2026-05-29 12:48:55.704,2,1.97,,256000000
2026-05-29 12:48:55.677,2,1.92,,256000000
2026-05-29 12:48:55.674,3,2.26,,256000000
2026-05-29 12:48:55.634,2,1.99,,256000000
2026-05-29 12:48:55.625,2,1.96,,256000000
2026-05-29 12:48:55.621,2,1.94,,256000000
2026-05-29 12:48:55.617,20,19.3,,256000000
2026-05-29 12:48:55.608,3,2.22,,256000000
2026-05-29 12:48:55.606,2,1.76,,256000000
2026-05-29 12:48:55.606,4,3.08,,256000000
2026-05-29 12:48:55.597,19,18.13,,256000000
2026-05-29 12:48:55.578,19,18.13,,256000000
2026-05-29 12:48:55.576,3,2.15,,256000000
2026-05-29 12:48:55.564,14,13.76,,256000000
2026-05-29 12:48:55.524,2,1.94,,256000000
2026-05-29 12:48:55.517,2,1.8,,256000000
2026-05-29 12:48:55.502,2,1.95,,256000000
2026-05-29 12:48:55.474,2,1.98,,256000000
2026-05-29 12:48:55.465,13,12.73,,256000000
2026-05-29 12:48:55.460,2,1.77,,256000000
2026-05-29 12:48:55.445,15,14.92,,256000000
2026-05-29 12:48:55.444,2,1.93,,256000000
2026-05-29 12:48:55.436,2,1.85,,256000000
2026-05-29 12:48:55.434,3,2.22,,256000000
2026-05-29 12:48:55.416,2,1.81,,256000000
2026-05-29 12:48:55.411,3,2.19,,256000000
2026-05-29 12:48:55.408,2,1.76,,256000000
2026-05-29 12:48:55.404,16,15.52,,256000000
2026-05-29 12:48:55.368,2,1.69,,256000000
2026-05-29 12:48:55.367,84,83.92,,256000000
2026-05-29 12:48:55.365,3,2.11,,256000000
2026-05-29 12:48:55.357,2,1.66,,256000000
2026-05-29 12:48:55.344,9,8.01,,256000000
2026-05-29 12:48:55.316,2,1.75,,256000000
2026-05-29 12:48:55.316,3,2.16,,256000000
2026-05-29 12:48:55.286,2,1.83,,256000000
2026-05-29 12:48:55.285,5,4.53,,256000000
2026-05-29 12:48:55.267,5,4.26,,256000000
2026-05-29 12:48:55.264,2,1.87,,256000000
2026-05-29 12:48:55.256,12,11.98,,256000000
2026-05-29 12:48:55.235,46,45.6,,256000000
2026-05-29 12:48:55.227,2,1.73,,256000000
2026-05-29 12:48:55.206,49,48.76,,256000000
2026-05-29 12:48:55.205,2,1.91,,256000000
2026-05-29 12:48:55.203,2,1.71,,256000000
2026-05-29 12:48:55.195,2,1.83,,256000000
2026-05-29 12:48:55.188,2,1.78,,256000000
2026-05-29 12:48:55.180,2,1.74,,256000000
2026-05-29 12:48:55.174,3,2.13,,256000000
2026-05-29 12:48:55.163,2,1.84,,256000000
2026-05-29 12:48:55.161,2,1.89,,256000000
2026-05-29 12:48:55.155,16,15.13,,256000000
2026-05-29 12:48:55.143,2,1.78,,256000000
2026-05-29 12:48:55.143,2,1.89,,256000000
2026-05-29 12:48:55.136,2,1.79,,256000000
2026-05-29 12:48:55.115,11,10.12,,256000000
2026-05-29 12:48:55.114,2,1.92,,256000000
2026-05-29 12:48:55.104,8,7.52,,256000000
2026-05-29 12:48:55.096,3,2.11,,256000000
2026-05-29 12:48:55.083,3,2.11,,256000000
2026-05-29 12:48:55.078,2,1.74,,256000000
2026-05-29 12:48:55.074,2,1.99,,256000000
2026-05-29 12:48:55.069,2,1.67,,256000000
2026-05-29 12:48:55.061,2,1.91,,256000000
2026-05-29 12:48:55.035,47,46.61,,256000000
2026-05-29 12:48:55.029,2,1.76,,256000000
2026-05-29 12:48:55.021,2,1.78,,256000000
2026-05-29 12:48:55.007,3,2.04,,256000000
2026-05-29 12:48:55.005,2,1.96,,256000000
2026-05-29 12:48:54.975,90,89.38,,256000000
2026-05-29 12:48:54.965,2,1.93,,256000000
2026-05-29 12:48:54.961,6,5.18,,256000000
2026-05-29 12:48:54.941,2,1.72,,256000000
2026-05-29 12:48:54.935,10,9.36,,256000000
2026-05-29 12:48:54.916,2,1.76,,256000000
2026-05-29 12:48:54.914,2,1.9,,256000000
2026-05-29 12:48:54.894,2,1.97,,256000000
2026-05-29 12:48:54.889,2,1.63,,256000000
2026-05-29 12:48:54.882,2,1.73,,256000000
2026-05-29 12:48:54.876,2,1.95,,256000000
2026-05-29 12:48:54.866,2,1.91,,256000000
2026-05-29 12:48:54.861,2,1.89,,256000000
2026-05-29 12:48:54.848,2,1.73,,256000000
2026-05-29 12:48:54.824,19,18.75,,256000000
2026-05-29 12:48:54.821,2,1.99,,256000000
2026-05-29 12:48:54.814,2,1.84,,256000000
2026-05-29 12:48:54.800,2,1.8,,256000000
2026-05-29 12:48:54.797,6,5.53,,256000000
2026-05-29 12:48:54.786,2,1.72,,256000000
2026-05-29 12:48:54.784,2,1.89,,256000000
2026-05-29 12:48:54.779,2,1.89,,256000000
2026-05-29 12:48:54.776,2,1.76,,256000000
2026-05-29 12:48:54.767,2,1.9,,256000000
2026-05-29 12:48:54.766,2,1.92,,256000000
2026-05-29 12:48:54.743,2,1.78,,256000000
2026-05-29 12:48:54.741,2,1.76,,256000000
2026-05-29 12:48:54.728,3,2.08,,256000000
2026-05-29 12:48:54.695,38,37.72,,256000000
2026-05-29 12:48:54.685,3,2.12,,256000000
2026-05-29 12:48:54.684,5,4.53,,256000000
2026-05-29 12:48:54.665,2,1.82,,256000000
2026-05-29 12:48:54.664,29,28.49,,256000000
2026-05-29 12:48:54.641,2,1.9,,256000000
2026-05-29 12:48:54.634,2,1.9,,256000000
2026-05-29 12:48:54.623,10,9.9,,256000000
2026-05-29 12:48:54.604,2,1.87,,256000000
2026-05-29 12:48:54.566,20,19.04,,256000000
2026-05-29 12:48:54.564,2,1.94,,256000000
2026-05-29 12:48:54.558,2,1.85,,256000000
2026-05-29 12:48:54.554,3,2.41,,256000000
2026-05-29 12:48:54.546,2,1.68,,256000000
2026-05-29 12:48:54.545,2,1.86,,256000000
2026-05-29 12:48:54.543,2,1.94,,256000000
2026-05-29 12:48:54.531,2,1.81,,256000000
2026-05-29 12:48:54.506,3,2.03,,256000000
2026-05-29 12:48:54.483,2,1.74,,256000000
2026-05-29 12:48:54.477,2,1.76,,256000000
2026-05-29 12:48:54.468,3,2.06,,256000000
2026-05-29 12:48:54.465,3,2.11,,256000000
2026-05-29 12:48:54.463,2,1.68,,256000000
2026-05-29 12:48:54.456,27,26.34,,256000000
2026-05-29 12:48:54.455,3,2.03,,256000000
2026-05-29 12:48:54.448,3,2.01,,256000000
2026-05-29 12:48:54.424,37,36.63,,256000000
2026-05-29 12:48:54.411,2,1.78,,256000000
2026-05-29 12:48:54.399,2,1.73,,256000000
2026-05-29 12:48:54.370,2,1.73,,256000000
2026-05-29 12:48:54.366,2,1.92,,256000000
2026-05-29 12:48:54.360,2,1.97,,256000000
2026-05-29 12:48:54.343,3,2.12,,256000000
2026-05-29 12:48:54.340,4,3.85,,256000000
2026-05-29 12:48:54.339,2,1.78,,256000000
2026-05-29 12:48:54.333,2,1.74,,256000000
2026-05-29 12:48:54.330,2,1.95,,256000000
2026-05-29 12:48:54.326,18,17.11,,256000000
2026-05-29 12:48:54.324,2,1.81,,256000000
2026-05-29 12:48:54.264,2,1.91,,256000000
2026-05-29 12:48:54.263,2,1.75,,256000000
2026-05-29 12:48:54.256,44,43.11,,256000000
2026-05-29 12:48:54.236,2,1.98,,256000000
2026-05-29 12:48:54.207,5,4.62,,256000000
2026-05-29 12:48:54.204,2,1.68,,256000000
2026-05-29 12:48:54.203,2,1.92,,256000000
2026-05-29 12:48:54.185,2,1.97,,256000000
2026-05-29 12:48:54.183,2,1.67,,256000000
2026-05-29 12:48:54.174,2,1.87,,256000000
2026-05-29 12:48:54.168,2,1.74,,256000000
2026-05-29 12:48:54.130,2,1.78,,256000000
2026-05-29 12:48:54.126,2,1.84,,256000000
2026-05-29 12:48:54.126,15,14.36,,256000000
2026-05-29 12:48:54.116,37,36.4,,256000000
2026-05-29 12:48:54.086,2,1.75,,256000000
2026-05-29 12:48:54.086,2,1.89,,256000000
2026-05-29 12:48:54.066,2,1.66,,256000000
2026-05-29 12:48:54.064,3,2.23,,256000000
2026-05-29 12:48:54.058,2,1.8,,256000000
2026-05-29 12:48:54.023,2,1.65,,256000000
2026-05-29 12:48:53.976,2,1.99,,256000000
2026-05-29 12:48:53.970,2,1.79,,256000000
2026-05-29 12:48:53.944,6,5.47,,256000000
2026-05-29 12:48:53.935,31,30.78,,256000000
2026-05-29 12:48:53.928,2,1.68,,256000000
2026-05-29 12:48:53.923,3,2.03,,256000000
2026-05-29 12:48:53.907,3,2.19,,256000000
2026-05-29 12:48:53.901,2,1.68,,256000000
2026-05-29 12:48:53.889,2,1.88,,256000000
2026-05-29 12:48:53.879,2,1.88,,256000000
2026-05-29 12:48:53.866,6,5.23,,256000000
2026-05-29 12:48:53.861,2,1.79,,256000000
2026-05-29 12:48:53.861,2,1.89,,256000000
2026-05-29 12:48:53.839,2,1.69,,256000000
2026-05-29 12:48:53.834,2,1.78,,256000000
2026-05-29 12:48:53.834,2,1.9,,256000000
2026-05-29 12:48:53.830,2,1.73,,256000000
2026-05-29 12:48:53.814,2,1.86,,256000000
2026-05-29 12:48:53.774,2,1.93,,256000000
2026-05-29 12:48:53.757,2,1.94,,256000000
2026-05-29 12:48:53.746,46,45.7,,256000000
2026-05-29 12:48:53.737,3,2.01,,256000000
2026-05-29 12:48:53.736,2,1.73,,256000000
2026-05-29 12:48:53.715,15,14.62,,256000000
2026-05-29 12:48:53.698,2,1.85,,256000000
2026-05-29 12:48:53.694,2,1.97,,256000000
2026-05-29 12:48:53.685,2,1.91,,256000000
2026-05-29 12:48:53.678,2,1.76,,256000000
2026-05-29 12:48:53.670,2,1.7,,256000000
2026-05-29 12:48:53.663,2,1.82,,256000000
2026-05-29 12:48:53.657,2,1.97,,256000000
2026-05-29 12:48:53.653,2,1.83,,256000000
2026-05-29 12:48:53.642,2,1.77,,256000000
2026-05-29 12:48:53.629,2,1.73,,256000000
2026-05-29 12:48:53.606,2,1.86,,256000000
2026-05-29 12:48:53.564,20,19.44,,256000000
2026-05-29 12:48:53.559,2,1.96,,256000000
2026-05-29 12:48:53.533,2,1.74,,256000000
2026-05-29 12:48:53.526,3,2.17,,256000000
2026-05-29 12:48:53.524,2,1.73,,256000000
2026-05-29 12:48:53.505,3,2.61,,256000000
2026-05-29 12:48:53.495,2,1.95,,256000000
2026-05-29 12:48:53.484,14,13.1,,256000000
2026-05-29 12:48:53.481,2,1.74,,256000000
2026-05-29 12:48:53.464,2,1.86,,256000000
2026-05-29 12:48:53.459,2,1.74,,256000000
2026-05-29 12:48:53.447,2,1.85,,256000000
2026-05-29 12:48:53.443,2,1.9,,256000000
2026-05-29 12:48:53.434,16,15.92,,256000000
2026-05-29 12:48:53.425,2,1.71,,256000000
2026-05-29 12:48:53.425,2,1.65,,256000000
2026-05-29 12:48:53.399,2,1.7,,256000000
2026-05-29 12:48:53.395,12,11.29,,256000000
2026-05-29 12:48:53.383,3,2.07,,256000000
2026-05-29 12:48:53.377,13,12.81,,256000000
2026-05-29 12:48:53.357,2,1.88,,256000000
2026-05-29 12:48:53.355,104,103.33,,256000000
2026-05-29 12:48:53.353,2,1.84,,256000000
2026-05-29 12:48:53.324,27,26.16,,256000000
2026-05-29 12:48:53.318,9,8.19,,256000000
2026-05-29 12:48:53.315,2,1.94,,256000000
2026-05-29 12:48:53.304,2,1.72,,256000000
2026-05-29 12:48:53.295,56,55.84,,256000000
2026-05-29 12:48:53.278,2,1.86,,256000000
2026-05-29 12:48:53.258,2,1.73,,256000000
2026-05-29 12:48:53.236,2,1.74,,256000000
2026-05-29 12:48:53.236,7,6.8,,256000000
2026-05-29 12:48:53.223,2,1.8,,256000000
2026-05-29 12:48:53.220,2,1.91,,256000000
2026-05-29 12:48:53.218,2,1.79,,256000000
2026-05-29 12:48:53.215,19,18.7,,256000000
2026-05-29 12:48:53.184,19,18.8,,256000000
2026-05-29 12:48:53.181,2,1.88,,256000000
2026-05-29 12:48:53.168,2,1.8,,256000000
2026-05-29 12:48:53.152,2,1.89,,256000000
2026-05-29 12:48:53.151,2,1.79,,256000000
2026-05-29 12:48:53.147,2,1.77,,256000000
2026-05-29 12:48:53.123,3,2.26,,256000000
2026-05-29 12:48:53.115,11,10.43,,256000000
2026-05-29 12:48:53.097,2,1.7,,256000000
2026-05-29 12:48:53.095,42,41.03,,256000000
2026-05-29 12:48:53.094,2,1.87,,256000000
2026-05-29 12:48:53.092,2,1.73,,256000000
2026-05-29 12:48:53.056,2,1.8,,256000000
2026-05-29 12:48:53.034,2,1.93,,256000000
2026-05-29 12:48:53.027,11,10.7,,256000000
2026-05-29 12:48:53.018,2,1.92,,256000000
2026-05-29 12:48:53.018,9,8.67,,256000000
2026-05-29 12:48:53.015,3,2.16,,256000000
2026-05-29 12:48:52.998,2,1.72,,256000000
2026-05-29 12:48:52.986,2,1.73,,256000000
2026-05-29 12:48:52.984,2,1.72,,256000000
2026-05-29 12:48:52.976,2,1.72,,256000000
2026-05-29 12:48:52.976,2,1.68,,256000000
2026-05-29 12:48:52.956,2,1.93,,256000000
2026-05-29 12:48:52.952,2,1.8,,256000000
2026-05-29 12:48:52.939,2,1.77,,256000000
2026-05-29 12:48:52.914,2,1.71,,256000000
2026-05-29 12:48:52.898,2,1.81,,256000000
2026-05-29 12:48:52.896,13,12.53,,256000000
2026-05-29 12:48:52.876,3,2.36,,256000000
2026-05-29 12:48:52.871,2,1.73,,256000000
2026-05-29 12:48:52.863,3,2.1,,256000000
2026-05-29 12:48:52.855,6,5.41,,256000000
2026-05-29 12:48:52.834,2,1.76,,256000000
2026-05-29 12:48:52.834,2,1.71,,256000000
2026-05-29 12:48:52.827,3,2,,256000000
2026-05-29 12:48:52.822,2,1.77,,256000000
2026-05-29 12:48:52.817,2,1.9,,256000000
2026-05-29 12:48:52.815,2,1.85,,256000000
2026-05-29 12:48:52.814,2,1.74,,256000000
2026-05-29 12:48:52.767,2,1.83,,256000000
2026-05-29 12:48:52.725,8,7.89,,256000000
2026-05-29 12:48:52.715,3,2.03,,256000000
2026-05-29 12:48:52.705,10,9.51,,256000000
2026-05-29 12:48:52.685,2,1.76,,256000000
2026-05-29 12:48:52.683,3,2.21,,256000000
2026-05-29 12:48:52.676,2,1.91,,256000000
2026-05-29 12:48:52.674,2,1.71,,256000000
2026-05-29 12:48:52.640,2,1.95,,256000000
2026-05-29 12:48:52.634,55,54.59,,256000000
2026-05-29 12:48:52.618,2,2,,256000000
2026-05-29 12:48:52.604,13,12.33,,256000000
2026-05-29 12:48:52.601,2,1.84,,256000000
2026-05-29 12:48:52.599,2,1.78,,256000000
2026-05-29 12:48:52.594,3,2.04,,256000000
2026-05-29 12:48:52.590,2,1.7,,256000000
2026-05-29 12:48:52.582,3,2.22,,256000000
2026-05-29 12:48:52.578,2,1.66,,256000000
2026-05-29 12:48:52.575,2,1.47,,256000000
2026-05-29 12:48:52.566,2,1.83,,256000000
2026-05-29 12:48:52.557,2,1.92,,256000000
2026-05-29 12:48:52.549,2,1.87,,256000000
2026-05-29 12:48:52.539,2,1.71,,256000000
2026-05-29 12:48:52.530,2,1.52,,256000000
2026-05-29 12:48:52.520,2,1.82,,256000000
2026-05-29 12:48:52.507,2,1.83,,256000000
2026-05-29 12:48:52.493,2,1.77,,256000000
2026-05-29 12:48:52.477,3,2.63,,256000000
2026-05-29 12:48:52.476,3,2.15,,256000000
2026-05-29 12:48:52.474,2,1.79,,256000000
2026-05-29 12:48:52.469,2,1.79,,256000000
2026-05-29 12:48:52.457,2,1.52,,256000000
2026-05-29 12:48:52.456,2,1.7,,256000000
2026-05-29 12:48:52.427,9,9,,256000000
2026-05-29 12:48:52.404,2,1.95,,256000000
2026-05-29 12:48:52.399,2,1.86,,256000000
2026-05-29 12:48:52.363,2,1.7,,256000000
2026-05-29 12:48:52.344,2,1.94,,256000000
2026-05-29 12:48:52.336,9,8.41,,256000000
2026-05-29 12:48:52.336,2,1.86,,256000000
2026-05-29 12:48:52.331,2,1.72,,256000000
2026-05-29 12:48:52.315,30,29.39,,256000000
2026-05-29 12:48:52.307,21,20.05,,256000000
2026-05-29 12:48:52.275,15,14.35,,256000000
2026-05-29 12:48:52.269,33,32.79,,256000000
2026-05-29 12:48:52.259,3,2.02,,256000000
2026-05-29 12:48:52.224,16,15.93,,256000000
2026-05-29 12:48:52.206,3,2.13,,256000000
2026-05-29 12:48:52.190,2,1.95,,256000000
2026-05-29 12:48:52.163,7,6.39,,256000000
2026-05-29 12:48:52.145,2,1.81,,256000000
2026-05-29 12:48:52.143,2,1.9,,256000000
2026-05-29 12:48:52.141,2,1.88,,256000000
2026-05-29 12:48:52.137,56,55.12,,256000000
2026-05-29 12:48:52.119,2,1.79,,256000000
2026-05-29 12:48:52.113,3,2.04,,256000000
2026-05-29 12:48:52.106,14,13.61,,256000000
2026-05-29 12:48:52.105,4,3.4,,256000000
2026-05-29 12:48:52.086,12,11.5,,256000000
2026-05-29 12:48:52.084,4,3.88,,256000000
2026-05-29 12:48:52.082,2,1.94,,256000000
2026-05-29 12:48:52.082,13,12.71,,256000000
2026-05-29 12:48:52.081,46,45.66,,256000000
2026-05-29 12:48:52.077,2,1.68,,256000000
2026-05-29 12:48:52.076,2,1.68,,256000000
2026-05-29 12:48:52.075,3,2.19,,256000000
2026-05-29 12:48:52.062,6,5.38,,256000000
2026-05-29 12:48:52.054,3,2.86,,256000000
2026-05-29 12:48:52.034,15,14.28,,256000000
2026-05-29 12:48:52.021,25,24.97,,256000000
2026-05-29 12:48:52.017,8,7.52,,256000000
2026-05-29 12:48:52.004,2,1.97,,256000000
2026-05-29 12:48:51.981,21,20.16,,256000000
2026-05-29 12:48:51.969,3,2.01,,256000000
2026-05-29 12:48:51.967,2,1.82,,256000000
2026-05-29 12:48:51.948,2,1.63,,256000000
2026-05-29 12:48:51.907,2,1.79,,256000000
2026-05-29 12:48:51.905,18,18,,256000000
2026-05-29 12:48:51.896,28,27.84,,256000000
2026-05-29 12:48:51.880,2,1.96,,256000000
2026-05-29 12:48:51.878,10,9.46,,256000000
2026-05-29 12:48:51.874,2,1.82,,256000000
2026-05-29 12:48:51.873,3,2.13,,256000000
2026-05-29 12:48:51.871,3,2.6,,256000000
2026-05-29 12:48:51.868,2,1.74,,256000000
2026-05-29 12:48:51.867,2,1.83,,256000000
2026-05-29 12:48:51.867,2,1.89,,256000000
2026-05-29 12:48:51.866,2,1.72,,256000000
2026-05-29 12:48:51.863,2,1.92,,256000000
2026-05-29 12:48:51.797,21,20.07,,256000000
2026-05-29 12:48:51.741,2,1.88,,256000000
2026-05-29 12:48:51.705,2,1.98,,256000000
2026-05-29 12:48:51.704,2,1.75,,256000000
2026-05-29 12:48:51.701,2,1.84,,256000000
2026-05-29 12:48:51.681,2,1.74,,256000000
2026-05-29 12:48:51.666,2,1.75,,256000000
2026-05-29 12:48:51.660,2,1.71,,256000000
2026-05-29 12:48:51.633,2,1.66,,256000000
2026-05-29 12:48:51.621,3,2.01,,256000000
2026-05-29 12:48:51.617,2,1.83,,256000000
2026-05-29 12:48:51.616,2,1.98,,256000000
2026-05-29 12:48:51.607,16,15.28,,256000000
2026-05-29 12:48:51.605,11,10.65,,256000000
2026-05-29 12:48:51.594,2,1.97,,256000000
2026-05-29 12:48:51.585,13,12.96,,256000000
2026-05-29 12:48:51.582,7,6.93,,256000000
2026-05-29 12:48:51.569,2,1.73,,256000000
2026-05-29 12:48:51.565,14,13.38,,256000000
2026-05-29 12:48:51.563,2,1.88,,256000000
2026-05-29 12:48:51.559,13,12.03,,256000000
2026-05-29 12:48:51.555,3,2.93,,256000000
2026-05-29 12:48:51.538,23,22.08,,256000000
2026-05-29 12:48:51.534,2,1.68,,256000000
2026-05-29 12:48:51.534,2,2,,256000000
2026-05-29 12:48:51.531,2,1.75,,256000000
2026-05-29 12:48:51.524,2,1.65,,256000000
2026-05-29 12:48:51.504,2,1.76,,256000000
2026-05-29 12:48:51.498,63,62.68,,256000000
2026-05-29 12:48:51.469,2,1.87,,256000000
2026-05-29 12:48:51.437,2,1.78,,256000000
2026-05-29 12:48:51.424,11,10.07,,256000000
2026-05-29 12:48:51.422,12,11.19,,256000000
2026-05-29 12:48:51.417,10,9.9,,256000000
2026-05-29 12:48:51.405,2,1.84,,256000000
2026-05-29 12:48:51.401,2,1.97,,256000000
2026-05-29 12:48:51.393,2,1.89,,256000000
2026-05-29 12:48:51.391,2,1.79,,256000000
2026-05-29 12:48:51.376,2,1.75,,256000000
2026-05-29 12:48:51.371,2,1.72,,256000000
2026-05-29 12:48:51.369,2,1.8,,256000000
2026-05-29 12:48:51.366,2,1.82,,256000000
2026-05-29 12:48:51.355,61,60.7,,256000000
2026-05-29 12:48:51.335,2,1.62,,256000000
2026-05-29 12:48:51.330,2,1.76,,256000000
2026-05-29 12:48:51.327,2,1.59,,256000000
2026-05-29 12:48:51.320,2,1.62,,256000000
2026-05-29 12:48:51.307,2,1.93,,256000000
2026-05-29 12:48:51.301,2,1.83,,256000000
2026-05-29 12:48:51.286,2,1.75,,256000000
2026-05-29 12:48:51.279,2,1.62,,256000000
2026-05-29 12:48:51.267,2,1.86,,256000000
2026-05-29 12:48:51.265,11,10.14,,256000000
2026-05-29 12:48:51.258,9,8.68,,256000000
2026-05-29 12:48:51.258,2,1.82,,256000000
2026-05-29 12:48:51.245,3,2.58,,256000000
2026-05-29 12:48:51.237,2,1.8,,256000000
2026-05-29 12:48:51.225,2,1.79,,256000000
2026-05-29 12:48:51.221,2,1.81,,256000000
2026-05-29 12:48:51.221,2,1.85,,256000000
2026-05-29 12:48:51.204,2,1.98,,256000000
2026-05-29 12:48:51.201,2,1.7,,256000000
2026-05-29 12:48:51.192,2,1.74,,256000000
2026-05-29 12:48:51.180,2,1.91,,256000000
2026-05-29 12:48:51.161,2,1.87,,256000000
2026-05-29 12:48:51.134,4,3.14,,256000000
2026-05-29 12:48:51.125,15,14.77,,256000000
2026-05-29 12:48:51.113,2,1.74,,256000000
2026-05-29 12:48:51.109,2,1.72,,256000000
2026-05-29 12:48:51.107,2,1.72,,256000000
2026-05-29 12:48:51.099,2,1.88,,256000000
2026-05-29 12:48:51.074,2,1.87,,256000000
2026-05-29 12:48:51.074,2,1.91,,256000000
2026-05-29 12:48:51.073,2,1.92,,256000000
2026-05-29 12:48:51.048,2,1.9,,256000000
2026-05-29 12:48:51.037,46,45.03,,256000000
2026-05-29 12:48:51.010,2,1.83,,256000000
2026-05-29 12:48:51.009,2,1.7,,256000000
2026-05-29 12:48:51.006,2,1.72,,256000000
2026-05-29 12:48:50.986,2,1.64,,256000000
2026-05-29 12:48:50.957,18,17.14,,256000000
2026-05-29 12:48:50.956,2,1.85,,256000000
2026-05-29 12:48:50.937,2,1.89,,256000000
2026-05-29 12:48:50.915,2,1.88,,256000000
2026-05-29 12:48:50.914,3,2.18,,256000000
2026-05-29 12:48:50.898,2,1.7,,256000000
2026-05-29 12:48:50.861,2,1.72,,256000000
2026-05-29 12:48:50.817,16,15.59,,256000000
2026-05-29 12:48:50.801,2,1.73,,256000000
2026-05-29 12:48:50.780,2,1.94,,256000000
2026-05-29 12:48:50.772,2,1.74,,256000000
2026-05-29 12:48:50.771,2,1.91,,256000000
2026-05-29 12:48:50.733,2,1.91,,256000000
2026-05-29 12:48:50.723,2,1.73,,256000000
2026-05-29 12:48:50.723,2,1.94,,256000000
2026-05-29 12:48:50.715,2,1.77,,256000000
2026-05-29 12:48:50.715,4,3.68,,256000000
2026-05-29 12:48:50.672,2,1.94,,256000000
2026-05-29 12:48:50.665,2,1.91,,256000000
2026-05-29 12:48:50.659,3,2.33,,256000000
2026-05-29 12:48:50.640,2,1.92,,256000000
2026-05-29 12:48:50.638,2,1.87,,256000000
2026-05-29 12:48:50.637,2,1.91,,256000000
2026-05-29 12:48:50.625,2,1.83,,256000000
2026-05-29 12:48:50.623,2,1.74,,256000000
2026-05-29 12:48:50.614,3,2.2,,256000000
2026-05-29 12:48:50.594,2,1.73,,256000000
2026-05-29 12:48:50.589,2,1.88,,256000000
2026-05-29 12:48:50.577,5,4.71,,256000000
2026-05-29 12:48:50.577,2,1.82,,256000000
2026-05-29 12:48:50.574,19,18,,256000000
2026-05-29 12:48:50.535,12,11.03,,256000000
2026-05-29 12:48:50.515,41,40.39,,256000000
2026-05-29 12:48:50.497,3,2.16,,256000000
2026-05-29 12:48:50.496,2,1.75,,256000000
2026-05-29 12:48:50.485,5,4.39,,256000000
2026-05-29 12:48:50.484,2,1.6,,256000000
2026-05-29 12:48:50.482,2,1.72,,256000000
2026-05-29 12:48:50.478,2,1.78,,256000000
2026-05-29 12:48:50.468,3,2.04,,256000000
2026-05-29 12:48:50.468,2,1.65,,256000000
2026-05-29 12:48:50.465,14,13.22,,256000000
2026-05-29 12:48:50.460,2,1.82,,256000000
2026-05-29 12:48:50.448,2,1.68,,256000000
2026-05-29 12:48:50.444,3,2.21,,256000000
2026-05-29 12:48:50.433,2,1.64,,256000000
2026-05-29 12:48:50.431,2,1.65,,256000000
2026-05-29 12:48:50.413,2,1.84,,256000000
2026-05-29 12:48:50.406,14,13.88,,256000000
2026-05-29 12:48:50.357,3,2.03,,256000000
2026-05-29 12:48:50.333,2,1.96,,256000000
2026-05-29 12:48:50.332,2,1.7,,256000000
2026-05-29 12:48:50.326,18,17.62,,256000000
2026-05-29 12:48:50.315,14,13.6,,256000000
2026-05-29 12:48:50.293,2,1.83,,256000000
2026-05-29 12:48:50.292,2,1.88,,256000000
2026-05-29 12:48:50.276,2,1.92,,256000000
2026-05-29 12:48:50.273,2,1.86,,256000000
2026-05-29 12:48:50.233,19,18.88,,256000000
2026-05-29 12:48:50.225,2,1.74,,256000000
2026-05-29 12:48:50.214,2,1.89,,256000000
2026-05-29 12:48:50.199,2,1.79,,256000000
2026-05-29 12:48:50.183,2,1.78,,256000000
2026-05-29 12:48:50.177,19,18.46,,256000000
2026-05-29 12:48:50.175,9,8.18,,256000000
2026-05-29 12:48:50.174,9,8.02,,256000000
2026-05-29 12:48:50.154,19,18.66,,256000000
2026-05-29 12:48:50.148,2,1.73,,256000000
2026-05-29 12:48:50.142,3,2.05,,256000000
2026-05-29 12:48:50.142,2,1.73,,256000000
2026-05-29 12:48:50.122,2,1.93,,256000000
2026-05-29 12:48:50.120,2,1.9,,256000000
2026-05-29 12:48:50.115,55,54.84,,256000000
2026-05-29 12:48:50.115,2,2,,256000000
2026-05-29 12:48:50.099,3,2.06,,256000000
2026-05-29 12:48:50.098,3,2.04,,256000000
2026-05-29 12:48:50.095,3,2.1,,256000000
2026-05-29 12:48:50.053,2,1.88,,256000000
2026-05-29 12:48:50.052,2,1.75,,256000000
2026-05-29 12:48:50.047,2,1.7,,256000000
2026-05-29 12:48:50.047,2,1.72,,256000000
2026-05-29 12:48:50.045,3,2.02,,256000000
2026-05-29 12:48:50.016,2,1.8,,256000000
2026-05-29 12:48:50.016,2,1.97,,256000000
2026-05-29 12:48:50.010,3,2.09,,256000000
2026-05-29 12:48:49.994,2,1.84,,256000000
2026-05-29 12:48:49.977,2,1.94,,256000000
2026-05-29 12:48:49.977,2,1.94,,256000000
2026-05-29 12:48:49.973,2,1.95,,256000000
2026-05-29 12:48:49.970,2,1.88,,256000000
2026-05-29 12:48:49.941,2,1.91,,256000000
2026-05-29 12:48:49.922,2,1.99,,256000000
2026-05-29 12:48:49.916,3,2.06,,256000000
2026-05-29 12:48:49.901,9,8.13,,256000000
2026-05-29 12:48:49.892,2,1.67,,256000000
2026-05-29 12:48:49.883,3,2.06,,256000000
2026-05-29 12:48:49.880,2,1.85,,256000000
2026-05-29 12:48:49.870,2,1.88,,256000000
2026-05-29 12:48:49.857,2,1.86,,256000000
2026-05-29 12:48:49.837,2,1.75,,256000000
2026-05-29 12:48:49.833,2,1.84,,256000000
2026-05-29 12:48:49.800,2,1.9,,256000000
2026-05-29 12:48:49.797,2,1.73,,256000000
2026-05-29 12:48:49.758,19,18.54,,256000000
2026-05-29 12:48:49.753,2,1.79,,256000000
2026-05-29 12:48:49.747,2,1.8,,256000000
2026-05-29 12:48:49.747,2,1.98,,256000000
2026-05-29 12:48:49.745,2,1.74,,256000000
2026-05-29 12:48:49.730,2,1.87,,256000000
2026-05-29 12:48:49.729,2,1.72,,256000000
2026-05-29 12:48:49.728,2,1.75,,256000000
2026-05-29 12:48:49.723,16,15.38,,256000000
2026-05-29 12:48:49.704,2,1.78,,256000000
2026-05-29 12:48:49.701,2,1.89,,256000000
2026-05-29 12:48:49.696,2,1.76,,256000000
2026-05-29 12:48:49.667,2,1.84,,256000000
2026-05-29 12:48:49.665,16,15.16,,256000000
2026-05-29 12:48:49.659,18,17.37,,256000000
2026-05-29 12:48:49.659,2,1.68,,256000000
2026-05-29 12:48:49.654,2,1.73,,256000000
2026-05-29 12:48:49.644,2,1.93,,256000000
2026-05-29 12:48:49.641,3,2.02,,256000000
2026-05-29 12:48:49.640,2,1.86,,256000000
2026-05-29 12:48:49.615,2,1.99,,256000000
2026-05-29 12:48:49.607,2,1.97,,256000000
2026-05-29 12:48:49.596,2,1.77,,256000000
2026-05-29 12:48:49.586,20,19.79,,256000000
2026-05-29 12:48:49.561,2,1.99,,256000000
2026-05-29 12:48:49.546,29,28.18,,256000000
2026-05-29 12:48:49.541,2,1.75,,256000000
2026-05-29 12:48:49.521,13,12.35,,256000000
2026-05-29 12:48:49.500,2,1.79,,256000000
2026-05-29 12:48:49.489,2,1.79,,256000000
2026-05-29 12:48:49.486,2,1.85,,256000000
2026-05-29 12:48:49.476,2,1.81,,256000000
2026-05-29 12:48:49.474,3,2.03,,256000000
2026-05-29 12:48:49.466,2,1.81,,256000000
2026-05-29 12:48:49.422,38,37.48,,256000000
2026-05-29 12:48:49.417,2,1.69,,256000000
2026-05-29 12:48:49.396,13,12.43,,256000000
2026-05-29 12:48:49.363,2,1.73,,256000000
2026-05-29 12:48:49.357,3,2.48,,256000000
2026-05-29 12:48:49.348,2,1.78,,256000000
2026-05-29 12:48:49.345,2,1.81,,256000000
2026-05-29 12:48:49.344,2,1.81,,256000000
2026-05-29 12:48:49.342,2,1.83,,256000000
2026-05-29 12:48:49.340,3,2.2,,256000000
2026-05-29 12:48:49.337,2,2,,256000000
2026-05-29 12:48:49.335,15,14.26,,256000000
2026-05-29 12:48:49.324,2,1.82,,256000000
2026-05-29 12:48:49.314,2,1.81,,256000000
2026-05-29 12:48:49.303,2,1.85,,256000000
2026-05-29 12:48:49.299,20,19.6,,256000000
2026-05-29 12:48:49.268,2,1.89,,256000000
2026-05-29 12:48:49.268,2,1.84,,256000000
2026-05-29 12:48:49.244,3,2.02,,256000000
2026-05-29 12:48:49.242,26,25.04,,256000000
2026-05-29 12:48:49.240,17,16.84,,256000000
2026-05-29 12:48:49.235,7,6.15,,256000000
2026-05-29 12:48:49.234,3,2.05,,256000000
2026-05-29 12:48:49.228,2,1.71,,256000000
2026-05-29 12:48:49.220,2,1.67,,256000000
2026-05-29 12:48:49.218,14,13.26,,256000000
2026-05-29 12:48:49.214,2,1.84,,256000000
2026-05-29 12:48:49.213,2,1.85,,256000000
2026-05-29 12:48:49.165,2,1.98,,256000000
2026-05-29 12:48:49.158,124,123.44,,256000000
2026-05-29 12:48:49.143,2,1.66,,256000000
2026-05-29 12:48:49.140,2,1.79,,256000000
2026-05-29 12:48:49.120,2,1.86,,256000000
2026-05-29 12:48:49.082,2,1.77,,256000000
2026-05-29 12:48:49.060,2,1.94,,256000000
2026-05-29 12:48:49.055,2,1.69,,256000000
2026-05-29 12:48:49.052,3,2.03,,256000000
2026-05-29 12:48:49.049,2,1.73,,256000000
2026-05-29 12:48:49.041,3,2.1,,256000000
2026-05-29 12:48:48.945,3,2.03,,256000000
2026-05-29 12:48:48.943,22,21.76,,256000000
2026-05-29 12:48:48.935,59,58.66,,256000000
2026-05-29 12:48:48.921,8,7.49,,256000000
2026-05-29 12:48:48.900,2,1.84,,256000000
2026-05-29 12:48:48.882,12,11.19,,256000000
2026-05-29 12:48:48.863,2,1.95,,256000000
2026-05-29 12:48:48.862,17,16.39,,256000000
2026-05-29 12:48:48.858,3,2.16,,256000000
2026-05-29 12:48:48.852,2,1.99,,256000000
2026-05-29 12:48:48.841,5,4.49,,256000000
2026-05-29 12:48:48.837,3,2.1,,256000000
2026-05-29 12:48:48.820,2,1.71,,256000000
2026-05-29 12:48:48.811,2,1.9,,256000000
2026-05-29 12:48:48.784,2,1.83,,256000000
2026-05-29 12:48:48.782,2,1.99,,256000000
2026-05-29 12:48:48.781,2,1.87,,256000000
2026-05-29 12:48:48.777,2,1.92,,256000000
2026-05-29 12:48:48.770,2,1.99,,256000000
2026-05-29 12:48:48.752,2,1.77,,256000000
2026-05-29 12:48:48.721,5,4.73,,256000000
2026-05-29 12:48:48.715,2,1.83,,256000000
2026-05-29 12:48:48.682,19,18.64,,256000000
2026-05-29 12:48:48.675,3,2.02,,256000000
2026-05-29 12:48:48.667,2,1.68,,256000000
2026-05-29 12:48:48.651,2,1.63,,256000000
2026-05-29 12:48:48.649,2,1.91,,256000000
2026-05-29 12:48:48.646,2,1.95,,256000000
2026-05-29 12:48:48.645,12,11.44,,256000000
2026-05-29 12:48:48.624,4,3.86,,256000000
2026-05-29 12:48:48.623,2,1.7,,256000000
2026-05-29 12:48:48.617,2,1.88,,256000000
2026-05-29 12:48:48.614,3,2.31,,256000000
2026-05-29 12:48:48.605,2,1.74,,256000000
2026-05-29 12:48:48.585,7,6.39,,256000000
2026-05-29 12:48:48.565,16,15.32,,256000000
2026-05-29 12:48:48.557,2,1.91,,256000000
2026-05-29 12:48:48.527,2,1.67,,256000000
2026-05-29 12:48:48.508,2,1.69,,256000000
2026-05-29 12:48:48.499,3,2.52,,256000000
2026-05-29 12:48:48.494,3,2.55,,256000000
2026-05-29 12:48:48.494,2,1.78,,256000000
2026-05-29 12:48:48.487,2,1.76,,256000000
2026-05-29 12:48:48.478,20,19.19,,256000000
2026-05-29 12:48:48.472,2,1.85,,256000000
2026-05-29 12:48:48.471,2,1.77,,256000000
2026-05-29 12:48:48.447,2,1.69,,256000000
2026-05-29 12:48:48.440,2,1.98,,256000000
2026-05-29 12:48:48.437,5,4.89,,256000000
2026-05-29 12:48:48.430,2,1.83,,256000000
2026-05-29 12:48:48.426,2,1.71,,256000000
2026-05-29 12:48:48.421,2,1.83,,256000000
2026-05-29 12:48:48.417,2,1.56,,256000000
2026-05-29 12:48:48.409,18,17.8,,256000000
2026-05-29 12:48:48.377,64,63.51,,256000000
2026-05-29 12:48:48.371,2,1.72,,256000000
2026-05-29 12:48:48.365,3,2.15,,256000000
2026-05-29 12:48:48.360,2,1.89,,256000000
2026-05-29 12:48:48.357,2,1.7,,256000000
2026-05-29 12:48:48.354,2,1.75,,256000000
2026-05-29 12:48:48.308,2,1.62,,256000000
2026-05-29 12:48:48.305,3,2.64,,256000000
2026-05-29 12:48:48.300,2,1.83,,256000000
2026-05-29 12:48:48.296,2,1.95,,256000000
2026-05-29 12:48:48.290,2,1.88,,256000000
2026-05-29 12:48:48.266,38,37.52,,256000000
2026-05-29 12:48:48.251,2,1.75,,256000000
2026-05-29 12:48:48.245,12,11.56,,256000000
2026-05-29 12:48:48.243,2,1.79,,256000000
2026-05-29 12:48:48.227,2,1.8,,256000000
2026-05-29 12:48:48.224,10,9.86,,256000000
2026-05-29 12:48:48.207,2,1.74,,256000000
2026-05-29 12:48:48.206,2,1.74,,256000000
2026-05-29 12:48:48.185,7,6.12,,256000000
2026-05-29 12:48:48.175,2,1.67,,256000000
2026-05-29 12:48:48.156,2,1.86,,256000000
2026-05-29 12:48:48.149,2,1.91,,256000000
2026-05-29 12:48:48.137,19,18.97,,256000000
2026-05-29 12:48:48.125,2,1.78,,256000000
2026-05-29 12:48:48.114,2,1.96,,256000000
2026-05-29 12:48:48.103,2,1.74,,256000000
2026-05-29 12:48:48.085,5,4.76,,256000000
2026-05-29 12:48:48.079,3,2.07,,256000000
2026-05-29 12:48:48.076,2,1.78,,256000000
2026-05-29 12:48:48.065,15,14.26,,256000000
2026-05-29 12:48:48.064,2,1.83,,256000000
2026-05-29 12:48:48.057,27,26.59,,256000000
2026-05-29 12:48:48.056,9,8.13,,256000000
2026-05-29 12:48:48.056,2,1.88,,256000000
2026-05-29 12:48:48.036,3,2.15,,256000000
2026-05-29 12:48:48.031,2,1.75,,256000000
2026-05-29 12:48:48.027,2,1.7,,256000000
2026-05-29 12:48:48.009,2,1.69,,256000000
2026-05-29 12:48:48.003,2,1.67,,256000000
2026-05-29 12:48:47.983,2,1.68,,256000000
2026-05-29 12:48:47.962,15,14.39,,256000000
2026-05-29 12:48:47.954,3,2.08,,256000000
2026-05-29 12:48:47.946,14,13.51,,256000000
2026-05-29 12:48:47.946,8,7.66,,256000000
2026-05-29 12:48:47.943,2,1.8,,256000000
2026-05-29 12:48:47.941,2,1.87,,256000000
2026-05-29 12:48:47.925,2,1.9,,256000000
2026-05-29 12:48:47.921,7,6.52,,256000000
2026-05-29 12:48:47.919,2,1.75,,256000000
2026-05-29 12:48:47.905,3,2.21,,256000000
2026-05-29 12:48:47.900,19,18.83,,256000000
2026-05-29 12:48:47.890,2,1.94,,256000000
2026-05-29 12:48:47.885,7,6.16,,256000000
2026-05-29 12:48:47.868,2,1.99,,256000000
2026-05-29 12:48:47.865,3,2.05,,256000000
2026-05-29 12:48:47.864,2,1.68,,256000000
2026-05-29 12:48:47.850,2,1.75,,256000000
2026-05-29 12:48:47.847,2,1.81,,256000000
2026-05-29 12:48:47.822,2,1.91,,256000000
2026-05-29 12:48:47.818,2,1.67,,256000000
2026-05-29 12:48:47.776,2,1.91,,256000000
2026-05-29 12:48:47.765,19,18.63,,256000000
2026-05-29 12:48:47.754,3,2.14,,256000000
2026-05-29 12:48:47.754,3,2.04,,256000000
2026-05-29 12:48:47.747,2,1.73,,256000000
2026-05-29 12:48:47.745,2,1.61,,256000000
2026-05-29 12:48:47.715,2,1.88,,256000000
2026-05-29 12:48:47.709,2,1.81,,256000000
2026-05-29 12:48:47.694,3,2.02,,256000000
2026-05-29 12:48:47.689,2,1.91,,256000000
2026-05-29 12:48:47.670,2,1.79,,256000000
2026-05-29 12:48:47.635,2,1.76,,256000000
2026-05-29 12:48:47.632,2,1.67,,256000000
2026-05-29 12:48:47.630,2,1.75,,256000000
2026-05-29 12:48:47.617,27,26.57,,256000000
2026-05-29 12:48:47.586,8,7.78,,256000000
2026-05-29 12:48:47.585,2,1.96,,256000000
2026-05-29 12:48:47.585,61,60.47,,256000000
2026-05-29 12:48:47.584,2,1.81,,256000000
2026-05-29 12:48:47.565,2,1.65,,256000000
2026-05-29 12:48:47.560,3,2.04,,256000000
2026-05-29 12:48:47.544,2,1.81,,256000000
2026-05-29 12:48:47.517,7,6.61,,256000000
2026-05-29 12:48:47.507,2,1.76,,256000000
2026-05-29 12:48:47.504,2,1.71,,256000000
2026-05-29 12:48:47.497,37,36.69,,256000000
2026-05-29 12:48:47.485,35,34.95,,256000000
2026-05-29 12:48:47.447,26,25.61,,256000000
2026-05-29 12:48:47.440,12,11.77,,256000000
2026-05-29 12:48:47.435,7,6.79,,256000000
2026-05-29 12:48:47.407,2,1.78,,256000000
2026-05-29 12:48:47.396,2,1.74,,256000000
2026-05-29 12:48:47.386,2,1.82,,256000000
2026-05-29 12:48:47.385,15,14.28,,256000000
2026-05-29 12:48:47.380,2,1.93,,256000000
2026-05-29 12:48:47.364,2,1.86,,256000000
2026-05-29 12:48:47.346,2,1.82,,256000000
2026-05-29 12:48:47.323,2,1.59,,256000000
2026-05-29 12:48:47.279,2,1.62,,256000000
2026-05-29 12:48:47.273,3,2.01,,256000000
2026-05-29 12:48:47.271,2,1.71,,256000000
2026-05-29 12:48:47.246,2,1.81,,256000000
2026-05-29 12:48:47.240,2,1.72,,256000000
2026-05-29 12:48:47.240,3,2.05,,256000000
2026-05-29 12:48:47.236,12,11.95,,256000000
2026-05-29 12:48:47.234,2,1.84,,256000000
2026-05-29 12:48:47.233,2,1.73,,256000000
2026-05-29 12:48:47.231,2,1.78,,256000000
2026-05-29 12:48:47.201,2,2,,256000000
2026-05-29 12:48:47.199,15,14.92,,256000000
2026-05-29 12:48:47.194,2,1.83,,256000000
2026-05-29 12:48:47.164,2,1.93,,256000000
2026-05-29 12:48:47.164,2,1.91,,256000000
2026-05-29 12:48:47.161,74,73.36,,256000000
2026-05-29 12:48:47.157,2,1.65,,256000000
2026-05-29 12:48:47.140,2,1.64,,256000000
2026-05-29 12:48:47.132,2,1.8,,256000000
2026-05-29 12:48:47.121,2,1.76,,256000000
2026-05-29 12:48:47.104,3,2.15,,256000000
2026-05-29 12:48:47.100,3,2.1,,256000000
2026-05-29 12:48:47.090,2,1.98,,256000000
2026-05-29 12:48:47.080,48,47.07,,256000000
2026-05-29 12:48:47.057,2,1.96,,256000000
2026-05-29 12:48:47.042,4,3.06,,256000000
2026-05-29 12:48:47.037,97,96.55,,256000000
2026-05-29 12:48:47.035,16,15.81,,256000000
2026-05-29 12:48:47.020,97,96.96,,256000000
2026-05-29 12:48:47.009,2,1.97,,256000000
2026-05-29 12:48:47.005,2,1.92,,256000000
2026-05-29 12:48:46.975,12,11.48,,256000000
2026-05-29 12:48:46.954,2,1.85,,256000000
2026-05-29 12:48:46.922,19,18.01,,256000000
2026-05-29 12:48:46.899,2,1.75,,256000000
2026-05-29 12:48:46.896,2,1.89,,256000000
2026-05-29 12:48:46.876,2,1.92,,256000000
2026-05-29 12:48:46.860,2,1.74,,256000000
2026-05-29 12:48:46.858,2,1.75,,256000000
2026-05-29 12:48:46.857,2,1.73,,256000000
2026-05-29 12:48:46.826,2,1.69,,256000000
2026-05-29 12:48:46.803,2,1.64,,256000000
2026-05-29 12:48:46.801,10,9.49,,256000000
2026-05-29 12:48:46.797,2,1.91,,256000000
2026-05-29 12:48:46.785,2,1.88,,256000000
2026-05-29 12:48:46.784,2,1.8,,256000000
2026-05-29 12:48:46.779,2,1.92,,256000000
2026-05-29 12:48:46.762,2,1.67,,256000000
2026-05-29 12:48:46.760,3,2.33,,256000000
2026-05-29 12:48:46.739,10,9.1,,256000000
2026-05-29 12:48:46.720,7,6.54,,256000000
2026-05-29 12:48:46.702,2,1.72,,256000000
2026-05-29 12:48:46.700,2,1.86,,256000000
2026-05-29 12:48:46.699,3,2.21,,256000000
2026-05-29 12:48:46.698,3,2.19,,256000000
2026-05-29 12:48:46.698,2,1.79,,256000000
2026-05-29 12:48:46.667,2,1.9,,256000000
2026-05-29 12:48:46.665,2,1.74,,256000000
2026-05-29 12:48:46.640,19,18.8,,256000000
2026-05-29 12:48:46.640,2,1.76,,256000000
2026-05-29 12:48:46.638,39,38.56,,256000000
2026-05-29 12:48:46.635,2,1.71,,256000000
2026-05-29 12:48:46.615,2,1.81,,256000000
2026-05-29 12:48:46.601,50,49.39,,256000000
2026-05-29 12:48:46.584,2,1.79,,256000000
2026-05-29 12:48:46.580,19,18.91,,256000000
2026-05-29 12:48:46.578,7,6.48,,256000000
2026-05-29 12:48:46.569,2,1.81,,256000000
2026-05-29 12:48:46.540,14,13.14,,256000000
2026-05-29 12:48:46.540,2,1.9,,256000000
2026-05-29 12:48:46.519,10,9.14,,256000000
2026-05-29 12:48:46.516,2,1.87,,256000000
2026-05-29 12:48:46.507,2,1.8,,256000000
2026-05-29 12:48:46.503,2,1.76,,256000000
2026-05-29 12:48:46.498,31,30.55,,256000000
2026-05-29 12:48:46.486,2,1.8,,256000000
2026-05-29 12:48:46.483,41,40.44,,256000000
2026-05-29 12:48:46.481,32,31.09,,256000000
2026-05-29 12:48:46.479,2,1.68,,256000000
2026-05-29 12:48:46.458,2,1.82,,256000000
2026-05-29 12:48:46.454,2,1.9,,256000000
2026-05-29 12:48:46.430,2,1.95,,256000000
2026-05-29 12:48:46.425,12,11.41,,256000000
2026-05-29 12:48:46.424,45,44.36,,256000000
2026-05-29 12:48:46.404,2,1.77,,256000000
2026-05-29 12:48:46.402,3,2.14,,256000000
2026-05-29 12:48:46.402,2,1.72,,256000000
2026-05-29 12:48:46.401,2,1.86,,256000000
2026-05-29 12:48:46.384,2,1.8,,256000000
2026-05-29 12:48:46.379,23,22.08,,256000000
2026-05-29 12:48:46.363,2,1.81,,256000000
2026-05-29 12:48:46.361,2,1.84,,256000000
2026-05-29 12:48:46.356,2,1.66,,256000000
2026-05-29 12:48:46.356,3,2.08,,256000000
2026-05-29 12:48:46.356,2,1.65,,256000000
2026-05-29 12:48:46.340,2,1.7,,256000000
2026-05-29 12:48:46.324,2,1.93,,256000000
2026-05-29 12:48:46.321,2,1.96,,256000000
2026-05-29 12:48:46.320,2,1.89,,256000000
2026-05-29 12:48:46.307,13,12.36,,256000000
2026-05-29 12:48:46.291,2,1.63,,256000000
2026-05-29 12:48:46.287,8,7.49,,256000000
2026-05-29 12:48:46.285,21,20.47,,256000000
2026-05-29 12:48:46.264,2,1.86,,256000000
2026-05-29 12:48:46.255,2,1.8,,256000000
2026-05-29 12:48:46.245,34,33.18,,256000000
2026-05-29 12:48:46.233,2,1.85,,256000000
2026-05-29 12:48:46.218,2,1.6,,256000000
2026-05-29 12:48:46.212,2,1.68,,256000000
2026-05-29 12:48:46.191,2,1.64,,256000000
2026-05-29 12:48:46.184,2,1.95,,256000000
2026-05-29 12:48:46.183,2,1.89,,256000000
2026-05-29 12:48:46.171,2,1.91,,256000000
2026-05-29 12:48:46.144,2,1.74,,256000000
2026-05-29 12:48:46.123,2,1.93,,256000000
2026-05-29 12:48:46.119,2,1.9,,256000000
2026-05-29 12:48:46.109,3,2.31,,256000000
2026-05-29 12:48:46.093,2,1.96,,256000000
2026-05-29 12:48:46.059,6,5.34,,256000000
2026-05-29 12:48:46.044,2,1.88,,256000000
2026-05-29 12:48:46.034,2,1.8,,256000000
2026-05-29 12:48:46.004,3,2.1,,256000000
2026-05-29 12:48:45.990,2,1.72,,256000000
2026-05-29 12:48:45.960,9,8.62,,256000000
2026-05-29 12:48:45.958,2,1.8,,256000000
2026-05-29 12:48:45.957,54,53.12,,256000000
2026-05-29 12:48:45.949,2,1.66,,256000000
2026-05-29 12:48:45.941,2,1.73,,256000000
2026-05-29 12:48:45.925,2,1.78,,256000000
2026-05-29 12:48:45.918,41,40.44,,256000000
2026-05-29 12:48:45.914,2,1.87,,256000000
2026-05-29 12:48:45.910,2,1.98,,256000000
2026-05-29 12:48:45.880,2,1.66,,256000000
2026-05-29 12:48:45.850,2,1.67,,256000000
2026-05-29 12:48:45.832,2,1.7,,256000000
2026-05-29 12:48:45.822,2,1.77,,256000000
2026-05-29 12:48:45.802,2,1.64,,256000000
2026-05-29 12:48:45.786,2,1.93,,256000000
2026-05-29 12:48:45.780,2,1.86,,256000000
2026-05-29 12:48:45.771,2,1.92,,256000000
2026-05-29 12:48:45.761,2,1.8,,256000000
2026-05-29 12:48:45.741,2,1.82,,256000000
2026-05-29 12:48:45.733,2,1.76,,256000000
2026-05-29 12:48:45.726,34,33.61,,256000000
2026-05-29 12:48:45.700,2,1.8,,256000000
2026-05-29 12:48:45.686,6,5.5,,256000000
2026-05-29 12:48:45.685,7,6.78,,256000000
2026-05-29 12:48:45.665,15,14.53,,256000000
2026-05-29 12:48:45.665,2,1.96,,256000000
2026-05-29 12:48:45.658,2,1.7,,256000000
2026-05-29 12:48:45.653,2,1.81,,256000000
2026-05-29 12:48:45.644,2,1.94,,256000000
2026-05-29 12:48:45.633,2,1.65,,256000000
2026-05-29 12:48:45.627,2,1.75,,256000000
2026-05-29 12:48:45.627,3,2.19,,256000000
2026-05-29 12:48:45.621,15,14.75,,256000000
2026-05-29 12:48:45.618,16,15.98,,256000000
2026-05-29 12:48:45.616,3,2.2,,256000000
2026-05-29 12:48:45.600,21,20.52,,256000000
2026-05-29 12:48:45.594,13,12.38,,256000000
2026-05-29 12:48:45.592,2,1.83,,256000000
2026-05-29 12:48:45.580,9,8.71,,256000000
2026-05-29 12:48:45.574,7,6.01,,256000000
2026-05-29 12:48:45.553,3,2.03,,256000000
2026-05-29 12:48:45.537,3,2.03,,256000000
2026-05-29 12:48:45.516,2,1.81,,256000000
2026-05-29 12:48:45.500,2,1.81,,256000000
2026-05-29 12:48:45.493,2,1.8,,256000000
2026-05-29 12:48:45.457,2,2,,256000000
2026-05-29 12:48:45.456,2,1.66,,256000000
2026-05-29 12:48:45.441,2,1.65,,256000000
2026-05-29 12:48:45.440,2,1.86,,256000000
2026-05-29 12:48:45.439,2,1.73,,256000000
2026-05-29 12:48:45.431,2,1.88,,256000000
2026-05-29 12:48:45.424,2,1.69,,256000000
2026-05-29 12:48:45.399,2,1.81,,256000000
2026-05-29 12:48:45.381,15,14.32,,256000000
2026-05-29 12:48:45.380,3,2.15,,256000000
2026-05-29 12:48:45.368,2,1.64,,256000000
2026-05-29 12:48:45.366,2,1.8,,256000000
2026-05-29 12:48:45.360,3,2.05,,256000000
2026-05-29 12:48:45.360,66,65.06,,256000000
2026-05-29 12:48:45.347,2,1.71,,256000000
2026-05-29 12:48:45.337,9,8.45,,256000000
2026-05-29 12:48:45.327,20,19.28,,256000000
2026-05-29 12:48:45.318,2,1.97,,256000000
2026-05-29 12:48:45.314,3,2.26,,256000000
2026-05-29 12:48:45.302,4,3.52,,256000000
2026-05-29 12:48:45.292,3,2.63,,256000000
2026-05-29 12:48:45.282,7,6.9,,256000000
2026-05-29 12:48:45.279,11,10.61,,256000000
2026-05-29 12:48:45.261,52,51.21,,256000000
2026-05-29 12:48:45.257,3,2.85,,256000000
2026-05-29 12:48:45.249,2,1.91,,256000000
2026-05-29 12:48:45.244,2,1.94,,256000000
2026-05-29 12:48:45.207,2,1.67,,256000000
2026-05-29 12:48:45.190,2,1.7,,256000000
2026-05-29 12:48:45.187,2,1.8,,256000000
2026-05-29 12:48:45.186,3,2.04,,256000000
2026-05-29 12:48:45.186,54,53.93,,256000000
2026-05-29 12:48:45.148,3,2.4,,256000000
2026-05-29 12:48:45.137,9,8.14,,256000000
2026-05-29 12:48:45.116,2,1.73,,256000000
2026-05-29 12:48:45.106,13,12.35,,256000000
2026-05-29 12:48:45.106,11,10.4,,256000000
2026-05-29 12:48:45.101,26,25.44,,256000000
2026-05-29 12:48:45.085,15,14.49,,256000000
2026-05-29 12:48:45.084,2,1.76,,256000000
2026-05-29 12:48:45.079,2,1.92,,256000000
2026-05-29 12:48:45.079,2,1.79,,256000000
2026-05-29 12:48:45.067,2,1.82,,256000000
2026-05-29 12:48:45.066,2,1.65,,256000000
2026-05-29 12:48:45.065,2,1.83,,256000000
2026-05-29 12:48:45.064,2,1.84,,256000000
2026-05-29 12:48:45.063,18,17.01,,256000000
2026-05-29 12:48:45.052,2,1.92,,256000000
2026-05-29 12:48:45.036,2,1.86,,256000000
2026-05-29 12:48:45.031,2,1.78,,256000000
2026-05-29 12:48:45.007,2,1.85,,256000000
2026-05-29 12:48:45.004,2,1.72,,256000000
2026-05-29 12:48:44.956,2,1.76,,256000000
2026-05-29 12:48:44.929,2,1.83,,256000000
2026-05-29 12:48:44.925,2,1.87,,256000000
2026-05-29 12:48:44.884,2,1.73,,256000000
2026-05-29 12:48:44.880,20,19.89,,256000000
2026-05-29 12:48:44.879,2,1.71,,256000000
2026-05-29 12:48:44.856,2,1.7,,256000000
2026-05-29 12:48:44.853,10,9.57,,256000000
2026-05-29 12:48:44.847,2,1.63,,256000000
2026-05-29 12:48:44.840,17,16.92,,256000000
2026-05-29 12:48:44.836,2,1.75,,256000000
2026-05-29 12:48:44.828,2,1.89,,256000000
2026-05-29 12:48:44.813,3,2.02,,256000000
2026-05-29 12:48:44.805,2,1.67,,256000000
2026-05-29 12:48:44.797,10,9.32,,256000000
2026-05-29 12:48:44.776,2,1.84,,256000000
2026-05-29 12:48:44.773,19,18.96,,256000000
2026-05-29 12:48:44.764,3,2.28,,256000000
2026-05-29 12:48:44.760,12,11.29,,256000000
2026-05-29 12:48:44.758,23,22.57,,256000000
2026-05-29 12:48:44.741,2,1.74,,256000000
2026-05-29 12:48:44.735,2,1.98,,256000000
2026-05-29 12:48:44.726,2,1.9,,256000000
2026-05-29 12:48:44.720,6,5.88,,256000000
2026-05-29 12:48:44.717,2,1.82,,256000000
2026-05-29 12:48:44.703,2,1.9,,256000000
2026-05-29 12:48:44.699,3,2.02,,256000000
2026-05-29 12:48:44.680,6,5.66,,256000000
2026-05-29 12:48:44.640,6,5.22,,256000000
2026-05-29 12:48:44.638,34,33.35,,256000000
2026-05-29 12:48:44.636,2,1.99,,256000000
2026-05-29 12:48:44.560,18,17.9,,256000000
2026-05-29 12:48:44.541,4,3.84,,256000000
2026-05-29 12:48:44.534,14,13.49,,256000000
2026-05-29 12:48:44.534,2,1.71,,256000000
2026-05-29 12:48:44.520,2,1.72,,256000000
2026-05-29 12:48:44.492,2,1.8,,256000000
2026-05-29 12:48:44.481,13,12.22,,256000000
2026-05-29 12:48:44.460,3,2.98,,256000000
2026-05-29 12:48:44.440,12,11.2,,256000000
2026-05-29 12:48:44.433,2,1.75,,256000000
2026-05-29 12:48:44.418,3,2.49,,256000000
2026-05-29 12:48:44.400,2,1.86,,256000000
2026-05-29 12:48:44.399,3,2.03,,256000000
2026-05-29 12:48:44.397,2,1.97,,256000000
2026-05-29 12:48:44.396,2,1.79,,256000000
2026-05-29 12:48:44.381,14,13.13,,256000000
2026-05-29 12:48:44.374,3,2.73,,256000000
2026-05-29 12:48:44.372,2,1.72,,256000000
2026-05-29 12:48:44.370,2,1.89,,256000000
2026-05-29 12:48:44.346,2,1.67,,256000000
2026-05-29 12:48:44.345,2,1.72,,256000000
2026-05-29 12:48:44.343,2,1.98,,256000000
2026-05-29 12:48:44.318,40,39.82,,256000000
2026-05-29 12:48:44.318,2,1.67,,256000000
2026-05-29 12:48:44.308,2,1.68,,256000000
2026-05-29 12:48:44.301,2,1.73,,256000000
2026-05-29 12:48:44.269,2,1.85,,256000000
2026-05-29 12:48:44.247,2,1.78,,256000000
2026-05-29 12:48:44.244,2,1.75,,256000000
2026-05-29 12:48:44.223,2,1.82,,256000000
2026-05-29 12:48:44.219,2,1.71,,256000000
2026-05-29 12:48:44.200,2,1.62,,256000000
2026-05-29 12:48:44.186,19,18.04,,256000000
2026-05-29 12:48:44.161,2,1.86,,256000000
2026-05-29 12:48:44.160,21,20.03,,256000000
2026-05-29 12:48:44.155,3,2.06,,256000000
2026-05-29 12:48:44.144,2,1.64,,256000000
2026-05-29 12:48:44.136,3,2.08,,256000000
2026-05-29 12:48:44.124,2,1.71,,256000000
2026-05-29 12:48:44.114,27,26.82,,256000000
2026-05-29 12:48:44.099,2,1.92,,256000000
2026-05-29 12:48:44.096,2,1.92,,256000000
2026-05-29 12:48:44.079,2,1.75,,256000000
2026-05-29 12:48:44.075,42,41.6,,256000000
2026-05-29 12:48:44.062,27,26.08,,256000000
2026-05-29 12:48:44.046,9,8.95,,256000000
2026-05-29 12:48:44.041,2,1.66,,256000000
2026-05-29 12:48:44.025,28,27.6,,256000000
2026-05-29 12:48:44.015,11,10.19,,256000000
2026-05-29 12:48:44.015,2,1.68,,256000000
2026-05-29 12:48:44.008,2,1.9,,256000000
2026-05-29 12:48:43.994,7,6.62,,256000000
2026-05-29 12:48:43.985,15,14.33,,256000000
2026-05-29 12:48:43.977,2,1.96,,256000000
2026-05-29 12:48:43.973,8,7.39,,256000000
2026-05-29 12:48:43.965,3,2.07,,256000000
2026-05-29 12:48:43.960,2,1.77,,256000000
2026-05-29 12:48:43.938,70,69.25,,256000000
2026-05-29 12:48:43.937,3,2.02,,256000000
2026-05-29 12:48:43.937,44,43.16,,256000000
2026-05-29 12:48:43.924,2,1.96,,256000000
2026-05-29 12:48:43.913,2,1.67,,256000000
2026-05-29 12:48:43.897,2,1.94,,256000000
2026-05-29 12:48:43.897,5,4.77,,256000000
2026-05-29 12:48:43.881,8,7.73,,256000000
2026-05-29 12:48:43.876,3,2.27,,256000000
2026-05-29 12:48:43.859,2,2,,256000000
2026-05-29 12:48:43.858,16,15.79,,256000000
2026-05-29 12:48:43.849,2,1.69,,256000000
2026-05-29 12:48:43.847,2,1.66,,256000000
2026-05-29 12:48:43.845,6,5.11,,256000000
2026-05-29 12:48:43.824,2,1.74,,256000000
2026-05-29 12:48:43.824,3,2.17,,256000000
2026-05-29 12:48:43.820,2,1.81,,256000000
2026-05-29 12:48:43.814,5,4.84,,256000000
2026-05-29 12:48:43.800,12,11.05,,256000000
2026-05-29 12:48:43.786,2,1.85,,256000000
2026-05-29 12:48:43.766,3,2.01,,256000000
2026-05-29 12:48:43.758,5,4.03,,256000000
2026-05-29 12:48:43.757,18,17.91,,256000000
2026-05-29 12:48:43.738,2,1.98,,256000000
2026-05-29 12:48:43.733,3,2.18,,256000000
2026-05-29 12:48:43.719,2,1.82,,256000000
2026-05-29 12:48:43.711,2,1.75,,256000000
2026-05-29 12:48:43.693,10,9.25,,256000000
2026-05-29 12:48:43.682,2,1.69,,256000000
2026-05-29 12:48:43.674,2,1.86,,256000000
2026-05-29 12:48:43.673,2,1.84,,256000000
2026-05-29 12:48:43.653,2,1.7,,256000000
2026-05-29 12:48:43.651,3,2.01,,256000000
2026-05-29 12:48:43.633,2,1.98,,256000000
2026-05-29 12:48:43.627,7,6.6,,256000000
2026-05-29 12:48:43.624,2,1.87,,256000000
2026-05-29 12:48:43.605,2,1.79,,256000000
2026-05-29 12:48:43.604,2,1.78,,256000000
2026-05-29 12:48:43.582,2,1.74,,256000000
2026-05-29 12:48:43.572,2,1.73,,256000000
2026-05-29 12:48:43.556,2,1.76,,256000000
2026-05-29 12:48:43.534,2,1.7,,256000000
2026-05-29 12:48:43.513,2,1.86,,256000000
2026-05-29 12:48:43.505,2,1.82,,256000000
2026-05-29 12:48:43.484,2,1.78,,256000000
2026-05-29 12:48:43.483,2,1.66,,256000000
2026-05-29 12:48:43.477,3,2.14,,256000000
2026-05-29 12:48:43.462,2,1.82,,256000000
2026-05-29 12:48:43.448,2,1.67,,256000000
2026-05-29 12:48:43.446,2,1.72,,256000000
2026-05-29 12:48:43.445,15,14.17,,256000000
2026-05-29 12:48:43.428,2,1.75,,256000000
2026-05-29 12:48:43.424,3,2.27,,256000000
2026-05-29 12:48:43.411,2,1.68,,256000000
2026-05-29 12:48:43.389,2,1.66,,256000000
2026-05-29 12:48:43.387,2,1.78,,256000000
2026-05-29 12:48:43.375,2,1.88,,256000000
2026-05-29 12:48:43.356,2,1.84,,256000000
2026-05-29 12:48:43.325,2,1.81,,256000000
2026-05-29 12:48:43.315,2,1.69,,256000000
2026-05-29 12:48:43.312,2,1.86,,256000000
2026-05-29 12:48:43.306,2,1.89,,256000000
2026-05-29 12:48:43.304,2,1.87,,256000000
2026-05-29 12:48:43.301,2,1.69,,256000000
2026-05-29 12:48:43.281,2,1.64,,256000000
2026-05-29 12:48:43.278,2,1.81,,256000000
2026-05-29 12:48:43.277,36,35.44,,256000000
2026-05-29 12:48:43.264,2,1.77,,256000000
2026-05-29 12:48:43.251,2,1.71,,256000000
2026-05-29 12:48:43.237,2,1.97,,256000000
2026-05-29 12:48:43.197,3,2.24,,256000000
2026-05-29 12:48:43.160,2,1.91,,256000000
2026-05-29 12:48:43.149,2,1.72,,256000000
2026-05-29 12:48:43.139,2,1.76,,256000000
2026-05-29 12:48:43.118,2,1.95,,256000000
2026-05-29 12:48:43.118,18,17.02,,256000000
2026-05-29 12:48:43.093,2,1.84,,256000000
2026-05-29 12:48:43.080,2,1.81,,256000000
2026-05-29 12:48:43.068,2,1.77,,256000000
2026-05-29 12:48:43.046,16,15.12,,256000000
2026-05-29 12:48:43.037,13,12.07,,256000000
2026-05-29 12:48:43.033,2,1.85,,256000000
2026-05-29 12:48:43.026,18,17.97,,256000000
2026-05-29 12:48:43.025,18,17.74,,256000000
2026-05-29 12:48:43.020,9,8.55,,256000000
2026-05-29 12:48:43.017,3,2.24,,256000000
2026-05-29 12:48:43.016,3,2.02,,256000000
2026-05-29 12:48:42.976,2,1.78,,256000000
2026-05-29 12:48:42.964,2,1.87,,256000000
2026-05-29 12:48:42.957,2,1.78,,256000000
2026-05-29 12:48:42.955,3,2.13,,256000000
2026-05-29 12:48:42.950,2,1.88,,256000000
2026-05-29 12:48:42.946,2,1.91,,256000000
2026-05-29 12:48:42.931,2,1.76,,256000000
2026-05-29 12:48:42.878,14,13.55,,256000000
2026-05-29 12:48:42.873,2,1.78,,256000000
2026-05-29 12:48:42.866,3,2.04,,256000000
2026-05-29 12:48:42.850,2,1.73,,256000000
2026-05-29 12:48:42.845,2,1.79,,256000000
2026-05-29 12:48:42.824,2,1.68,,256000000
2026-05-29 12:48:42.819,10,9.71,,256000000
2026-05-29 12:48:42.798,2,1.68,,256000000
2026-05-29 12:48:42.793,2,1.69,,256000000
2026-05-29 12:48:42.784,2,1.9,,256000000
2026-05-29 12:48:42.777,2,1.62,,256000000
2026-05-29 12:48:42.746,2,1.9,,256000000
2026-05-29 12:48:42.699,21,20.51,,256000000
2026-05-29 12:48:42.695,2,1.79,,256000000
2026-05-29 12:48:42.695,2,1.71,,256000000
2026-05-29 12:48:42.676,2,1.58,,256000000
2026-05-29 12:48:42.673,9,8.64,,256000000
2026-05-29 12:48:42.671,2,1.78,,256000000
2026-05-29 12:48:42.660,2,1.76,,256000000
2026-05-29 12:48:42.632,2,1.85,,256000000
2026-05-29 12:48:42.627,29,28.53,,256000000
2026-05-29 12:48:42.604,2,1.91,,256000000
2026-05-29 12:48:42.586,30,29.91,,256000000
2026-05-29 12:48:42.567,2,1.75,,256000000
2026-05-29 12:48:42.548,2,1.67,,256000000
2026-05-29 12:48:42.546,21,20.04,,256000000
2026-05-29 12:48:42.544,2,1.67,,256000000
2026-05-29 12:48:42.528,2,1.67,,256000000
2026-05-29 12:48:42.507,2,1.82,,256000000
2026-05-29 12:48:42.506,6,5.07,,256000000
2026-05-29 12:48:42.504,2,1.96,,256000000
2026-05-29 12:48:42.485,2,1.85,,256000000
2026-05-29 12:48:42.476,2,1.91,,256000000
2026-05-29 12:48:42.464,2,1.71,,256000000
2026-05-29 12:48:42.464,3,2.4,,256000000
2026-05-29 12:48:42.453,2,1.66,,256000000
2026-05-29 12:48:42.448,2,1.68,,256000000
2026-05-29 12:48:42.440,2,1.68,,256000000
2026-05-29 12:48:42.417,2,1.94,,256000000
2026-05-29 12:48:42.406,2,1.97,,256000000
2026-05-29 12:48:42.376,2,1.71,,256000000
2026-05-29 12:48:42.367,2,1.73,,256000000
2026-05-29 12:48:42.357,2,1.91,,256000000
2026-05-29 12:48:42.338,12,11.9,,256000000
2026-05-29 12:48:42.334,9,8.26,,256000000
2026-05-29 12:48:42.325,11,10.93,,256000000
2026-05-29 12:48:42.317,11,10.96,,256000000
2026-05-29 12:48:42.305,13,12.6,,256000000
2026-05-29 12:48:42.301,22,21.68,,256000000
2026-05-29 12:48:42.296,2,1.99,,256000000
2026-05-29 12:48:42.294,14,13.42,,256000000
2026-05-29 12:48:42.290,2,1.81,,256000000
2026-05-29 12:48:42.287,2,1.94,,256000000
2026-05-29 12:48:42.273,2,1.93,,256000000
2026-05-29 12:48:42.271,2,1.91,,256000000
2026-05-29 12:48:42.263,2,1.83,,256000000
2026-05-29 12:48:42.244,2,1.65,,256000000
2026-05-29 12:48:42.244,36,35.01,,256000000
2026-05-29 12:48:42.240,20,19.26,,256000000
2026-05-29 12:48:42.238,3,2.02,,256000000
2026-05-29 12:48:42.227,9,8.34,,256000000
2026-05-29 12:48:42.214,2,1.96,,256000000
2026-05-29 12:48:42.214,14,13.67,,256000000
2026-05-29 12:48:42.207,2,1.72,,256000000
2026-05-29 12:48:42.193,2,1.97,,256000000
2026-05-29 12:48:42.184,2,1.84,,256000000
2026-05-29 12:48:42.179,2,1.84,,256000000
2026-05-29 12:48:42.163,2,1.75,,256000000
2026-05-29 12:48:42.157,3,2.1,,256000000
2026-05-29 12:48:42.133,3,2.19,,256000000
2026-05-29 12:48:42.131,3,2.01,,256000000
2026-05-29 12:48:42.130,2,1.71,,256000000
2026-05-29 12:48:42.122,3,2.14,,256000000
2026-05-29 12:48:42.120,2,1.66,,256000000
2026-05-29 12:48:42.119,2,1.78,,256000000
2026-05-29 12:48:42.117,2,1.9,,256000000
2026-05-29 12:48:42.102,2,1.59,,256000000
2026-05-29 12:48:42.098,28,27.11,,256000000
2026-05-29 12:48:42.094,2,1.68,,256000000
2026-05-29 12:48:42.051,2,1.79,,256000000
2026-05-29 12:48:42.040,3,2.07,,256000000
2026-05-29 12:48:42.027,25,24.05,,256000000
2026-05-29 12:48:42.021,21,20.27,,256000000
2026-05-29 12:48:42.021,2,1.8,,256000000
2026-05-29 12:48:41.996,2,1.83,,256000000
2026-05-29 12:48:41.977,2,1.88,,256000000
2026-05-29 12:48:41.954,3,2.01,,256000000
2026-05-29 12:48:41.922,12,11.6,,256000000
2026-05-29 12:48:41.916,2,1.77,,256000000
2026-05-29 12:48:41.887,8,7.39,,256000000
2026-05-29 12:48:41.886,2,1.99,,256000000
2026-05-29 12:48:41.879,16,15.71,,256000000
2026-05-29 12:48:41.875,2,1.82,,256000000
2026-05-29 12:48:41.874,2,1.69,,256000000
2026-05-29 12:48:41.868,2,1.79,,256000000
2026-05-29 12:48:41.866,2,1.84,,256000000
2026-05-29 12:48:41.842,12,11.44,,256000000
2026-05-29 12:48:41.822,22,21.6,,256000000
2026-05-29 12:48:41.817,59,58.51,,256000000
2026-05-29 12:48:41.817,5,4.51,,256000000
2026-05-29 12:48:41.810,2,1.87,,256000000
2026-05-29 12:48:41.809,2,1.81,,256000000
2026-05-29 12:48:41.787,2,1.71,,256000000
2026-05-29 12:48:41.761,15,14.48,,256000000
2026-05-29 12:48:41.758,15,14.13,,256000000
2026-05-29 12:48:41.757,8,7.72,,256000000
2026-05-29 12:48:41.740,2,1.63,,256000000
2026-05-29 12:48:41.739,3,2.02,,256000000
2026-05-29 12:48:41.737,2,2,,256000000
2026-05-29 12:48:41.737,2,1.66,,256000000
2026-05-29 12:48:41.736,2,1.75,,256000000
2026-05-29 12:48:41.726,2,1.89,,256000000
2026-05-29 12:48:41.720,2,1.81,,256000000
2026-05-29 12:48:41.692,2,1.79,,256000000
2026-05-29 12:48:41.661,6,5.91,,256000000
2026-05-29 12:48:41.644,2,1.79,,256000000
2026-05-29 12:48:41.641,6,5.55,,256000000
2026-05-29 12:48:41.640,30,29.81,,256000000
2026-05-29 12:48:41.639,2,1.85,,256000000
2026-05-29 12:48:41.630,2,1.66,,256000000
2026-05-29 12:48:41.621,2,1.69,,256000000
2026-05-29 12:48:41.617,2,1.71,,256000000
2026-05-29 12:48:41.597,2,1.7,,256000000
2026-05-29 12:48:41.580,2,1.73,,256000000
2026-05-29 12:48:41.578,2,1.75,,256000000
2026-05-29 12:48:41.577,14,13.13,,256000000
2026-05-29 12:48:41.567,4,3.62,,256000000
2026-05-29 12:48:41.556,2,1.81,,256000000
2026-05-29 12:48:41.543,2,1.71,,256000000
2026-05-29 12:48:41.526,2,1.68,,256000000
2026-05-29 12:48:41.507,2,1.92,,256000000
2026-05-29 12:48:41.482,2,1.75,,256000000
2026-05-29 12:48:41.459,2,1.88,,256000000
2026-05-29 12:48:41.441,2,1.72,,256000000
2026-05-29 12:48:41.440,2,1.77,,256000000
2026-05-29 12:48:41.416,2,1.94,,256000000
2026-05-29 12:48:41.400,2,1.97,,256000000
2026-05-29 12:48:41.381,2,1.74,,256000000
2026-05-29 12:48:41.360,2,1.62,,256000000
2026-05-29 12:48:41.354,2,1.78,,256000000
2026-05-29 12:48:41.349,2,1.88,,256000000
2026-05-29 12:48:41.324,2,1.96,,256000000
2026-05-29 12:48:41.301,49,48.43,,256000000
2026-05-29 12:48:41.300,17,16.07,,256000000
2026-05-29 12:48:41.262,2,1.74,,256000000
2026-05-29 12:48:41.249,2,1.83,,256000000
2026-05-29 12:48:41.248,2,1.68,,256000000
2026-05-29 12:48:41.231,2,1.96,,256000000
2026-05-29 12:48:41.229,2,1.79,,256000000
2026-05-29 12:48:41.225,6,5.1,,256000000
2026-05-29 12:48:41.224,2,1.65,,256000000
2026-05-29 12:48:41.220,2,1.85,,256000000
2026-05-29 12:48:41.210,2,1.77,,256000000
2026-05-29 12:48:41.204,8,7.89,,256000000
2026-05-29 12:48:41.188,2,1.87,,256000000
2026-05-29 12:48:41.165,12,11.06,,256000000
2026-05-29 12:48:41.163,2,1.68,,256000000
2026-05-29 12:48:41.153,3,2.27,,256000000
2026-05-29 12:48:41.144,2,1.96,,256000000
2026-05-29 12:48:41.137,2,1.7,,256000000
2026-05-29 12:48:41.136,2,1.77,,256000000
2026-05-29 12:48:41.133,2,1.87,,256000000
2026-05-29 12:48:41.127,10,9.56,,256000000
2026-05-29 12:48:41.120,2,1.79,,256000000
2026-05-29 12:48:41.116,3,2.18,,256000000
2026-05-29 12:48:41.107,30,29.16,,256000000
2026-05-29 12:48:41.098,3,2.07,,256000000
2026-05-29 12:48:41.078,2,1.85,,256000000
2026-05-29 12:48:41.069,3,2.96,,256000000
2026-05-29 12:48:41.069,2,1.73,,256000000
2026-05-29 12:48:41.005,2,1.82,,256000000
2026-05-29 12:48:40.989,2,1.68,,256000000
2026-05-29 12:48:40.985,20,19.43,,256000000
2026-05-29 12:48:40.981,2,2,,256000000
2026-05-29 12:48:40.976,6,5.34,,256000000
2026-05-29 12:48:40.962,3,2.03,,256000000
2026-05-29 12:48:40.958,24,23.78,,256000000
2026-05-29 12:48:40.947,23,22.02,,256000000
2026-05-29 12:48:40.937,2,1.89,,256000000
2026-05-29 12:48:40.934,2,1.73,,256000000
2026-05-29 12:48:40.925,2,1.89,,256000000
2026-05-29 12:48:40.920,57,56.41,,256000000
2026-05-29 12:48:40.907,2,1.72,,256000000
2026-05-29 12:48:40.903,2,1.67,,256000000
2026-05-29 12:48:40.902,20,19.55,,256000000
2026-05-29 12:48:40.889,2,1.76,,256000000
2026-05-29 12:48:40.877,2,1.98,,256000000
2026-05-29 12:48:40.868,2,1.8,,256000000
2026-05-29 12:48:40.864,3,2.02,,256000000
2026-05-29 12:48:40.845,2,1.82,,256000000
2026-05-29 12:48:40.837,16,15.92,,256000000
2026-05-29 12:48:40.822,3,2.33,,256000000
2026-05-29 12:48:40.817,2,1.66,,256000000
2026-05-29 12:48:40.814,2,1.67,,256000000
2026-05-29 12:48:40.796,2,1.85,,256000000
2026-05-29 12:48:40.781,2,1.71,,256000000
2026-05-29 12:48:40.759,3,2.26,,256000000
2026-05-29 12:48:40.700,38,37.62,,256000000
2026-05-29 12:48:40.685,3,2.09,,256000000
2026-05-29 12:48:40.653,2,1.84,,256000000
2026-05-29 12:48:40.647,2,1.92,,256000000
2026-05-29 12:48:40.644,5,4.18,,256000000
2026-05-29 12:48:40.642,2,1.69,,256000000
2026-05-29 12:48:40.626,2,1.75,,256000000
2026-05-29 12:48:40.621,12,11.9,,256000000
2026-05-29 12:48:40.605,30,29.59,,256000000
2026-05-29 12:48:40.600,11,10.89,,256000000
2026-05-29 12:48:40.598,2,1.81,,256000000
2026-05-29 12:48:40.576,2,1.73,,256000000
2026-05-29 12:48:40.573,2,1.84,,256000000
2026-05-29 12:48:40.555,3,2.21,,256000000
2026-05-29 12:48:40.548,2,1.92,,256000000
2026-05-29 12:48:40.537,12,11.01,,256000000
2026-05-29 12:48:40.536,2,1.77,,256000000
2026-05-29 12:48:40.534,4,3.63,,256000000
2026-05-29 12:48:40.523,2,1.7,,256000000
2026-05-29 12:48:40.517,11,10.4,,256000000
2026-05-29 12:48:40.516,2,1.78,,256000000
2026-05-29 12:48:40.513,19,18.86,,256000000
2026-05-29 12:48:40.475,9,8.2,,256000000
2026-05-29 12:48:40.440,3,2.93,,256000000
2026-05-29 12:48:40.437,3,2.91,,256000000
2026-05-29 12:48:40.414,9,8.74,,256000000
2026-05-29 12:48:40.406,7,6.96,,256000000
2026-05-29 12:48:40.394,13,12.07,,256000000
2026-05-29 12:48:40.393,2,1.61,,256000000
2026-05-29 12:48:40.387,16,16,,256000000
2026-05-29 12:48:40.385,4,3.21,,256000000
2026-05-29 12:48:40.366,2,1.91,,256000000
2026-05-29 12:48:40.364,33,32.6,,256000000
2026-05-29 12:48:40.364,2,1.91,,256000000
2026-05-29 12:48:40.363,33,32.41,,256000000
2026-05-29 12:48:40.357,2,1.63,,256000000
2026-05-29 12:48:40.350,2,1.88,,256000000
2026-05-29 12:48:40.322,19,18.89,,256000000
2026-05-29 12:48:40.305,16,15.31,,256000000
2026-05-29 12:48:40.288,2,1.78,,256000000
2026-05-29 12:48:40.285,3,2.82,,256000000
2026-05-29 12:48:40.282,20,19.29,,256000000
2026-05-29 12:48:40.265,3,2.08,,256000000
2026-05-29 12:48:40.264,3,2.48,,256000000
2026-05-29 12:48:40.259,3,2.04,,256000000
2026-05-29 12:48:40.252,2,1.76,,256000000
2026-05-29 12:48:40.227,2,1.73,,256000000
2026-05-29 12:48:40.225,2,1.77,,256000000
2026-05-29 12:48:40.205,2,1.79,,256000000
2026-05-29 12:48:40.202,11,10.39,,256000000
2026-05-29 12:48:40.197,7,6.98,,256000000
2026-05-29 12:48:40.185,2,1.89,,256000000
2026-05-29 12:48:40.183,10,9.52,,256000000
2026-05-29 12:48:40.166,2,1.76,,256000000
2026-05-29 12:48:40.166,3,2.36,,256000000
2026-05-29 12:48:40.145,3,2.09,,256000000
2026-05-29 12:48:40.140,2,1.72,,256000000
2026-05-29 12:48:40.138,34,33.08,,256000000
2026-05-29 12:48:40.117,2,1.76,,256000000
2026-05-29 12:48:40.116,2,1.65,,256000000
2026-05-29 12:48:40.104,2,1.88,,256000000
2026-05-29 12:48:40.084,3,2.19,,256000000
2026-05-29 12:48:40.076,2,1.83,,256000000
2026-05-29 12:48:40.070,2,1.82,,256000000
2026-05-29 12:48:40.044,3,2.18,,256000000
2026-05-29 12:48:40.024,3,2.29,,256000000
2026-05-29 12:48:40.000,4,3.06,,256000000
2026-05-29 12:48:39.988,2,1.75,,256000000
2026-05-29 12:48:39.979,2,1.73,,256000000
2026-05-29 12:48:39.969,2,1.97,,256000000
2026-05-29 12:48:39.966,2,1.72,,256000000
2026-05-29 12:48:39.965,2,1.85,,256000000
2026-05-29 12:48:39.961,10,9.5,,256000000
2026-05-29 12:48:39.955,2,1.83,,256000000
2026-05-29 12:48:39.943,17,16.65,,256000000
2026-05-29 12:48:39.939,2,1.81,,256000000
2026-05-29 12:48:39.927,2,1.8,,256000000
2026-05-29 12:48:39.913,2,1.78,,256000000
2026-05-29 12:48:39.911,2,1.78,,256000000
2026-05-29 12:48:39.888,2,1.92,,256000000
2026-05-29 12:48:39.877,2,1.81,,256000000
2026-05-29 12:48:39.855,2,1.68,,256000000
2026-05-29 12:48:39.850,2,1.84,,256000000
2026-05-29 12:48:39.841,2,1.88,,256000000
2026-05-29 12:48:39.821,2,1.95,,256000000
2026-05-29 12:48:39.816,2,1.75,,256000000
2026-05-29 12:48:39.815,2,1.8,,256000000
2026-05-29 12:48:39.764,50,49.63,,256000000
2026-05-29 12:48:39.750,2,1.77,,256000000
2026-05-29 12:48:39.740,2,1.69,,256000000
2026-05-29 12:48:39.739,13,12.41,,256000000
2026-05-29 12:48:39.738,3,2.25,,256000000
2026-05-29 12:48:39.737,26,25.39,,256000000
2026-05-29 12:48:39.728,2,1.73,,256000000
2026-05-29 12:48:39.724,2,1.68,,256000000
2026-05-29 12:48:39.719,55,54.73,,256000000
2026-05-29 12:48:39.693,2,1.82,,256000000
2026-05-29 12:48:39.674,2,1.72,,256000000
2026-05-29 12:48:39.665,2,1.94,,256000000
2026-05-29 12:48:39.661,13,12.11,,256000000
2026-05-29 12:48:39.640,34,33.47,,256000000
2026-05-29 12:48:39.627,2,1.59,,256000000
2026-05-29 12:48:39.614,2,1.72,,256000000
2026-05-29 12:48:39.601,3,2.12,,256000000
2026-05-29 12:48:39.599,2,1.82,,256000000
2026-05-29 12:48:39.596,2,1.66,,256000000
2026-05-29 12:48:39.546,3,2.24,,256000000
2026-05-29 12:48:39.541,2,1.83,,256000000
2026-05-29 12:48:39.540,58,57.45,,256000000
2026-05-29 12:48:39.537,3,2.07,,256000000
2026-05-29 12:48:39.521,2,1.77,,256000000
2026-05-29 12:48:39.508,2,1.7,,256000000
2026-05-29 12:48:39.505,10,9.43,,256000000
2026-05-29 12:48:39.484,2,1.81,,256000000
2026-05-29 12:48:39.477,6,5.37,,256000000
2026-05-29 12:48:39.460,12,11.53,,256000000
2026-05-29 12:48:39.447,2,1.96,,256000000
2026-05-29 12:48:39.421,3,2.64,,256000000
2026-05-29 12:48:39.392,2,1.75,,256000000
2026-05-29 12:48:39.364,2,1.96,,256000000
2026-05-29 12:48:39.361,2,1.89,,256000000
2026-05-29 12:48:39.356,2,1.71,,256000000
2026-05-29 12:48:39.340,18,17.86,,256000000
2026-05-29 12:48:39.338,2,1.69,,256000000
2026-05-29 12:48:39.333,2,1.8,,256000000
2026-05-29 12:48:39.309,2,1.76,,256000000
2026-05-29 12:48:39.281,2,1.78,,256000000
2026-05-29 12:48:39.281,3,2.09,,256000000
2026-05-29 12:48:39.276,2,1.86,,256000000
2026-05-29 12:48:39.264,2,1.96,,256000000
2026-05-29 12:48:39.255,2,1.66,,256000000
2026-05-29 12:48:39.251,2,1.7,,256000000
2026-05-29 12:48:39.229,2,1.68,,256000000
2026-05-29 12:48:39.221,2,1.84,,256000000
2026-05-29 12:48:39.200,18,17.52,,256000000
2026-05-29 12:48:39.195,2,1.93,,256000000
2026-05-29 12:48:39.191,2,1.72,,256000000
2026-05-29 12:48:39.188,2,1.9,,256000000
2026-05-29 12:48:39.184,2,1.86,,256000000
2026-05-29 12:48:39.181,2,1.9,,256000000
2026-05-29 12:48:39.150,2,1.81,,256000000
2026-05-29 12:48:39.136,2,1.86,,256000000
2026-05-29 12:48:39.122,2,1.72,,256000000
2026-05-29 12:48:39.107,3,2.28,,256000000
2026-05-29 12:48:39.101,2,1.94,,256000000
2026-05-29 12:48:39.100,2,1.66,,256000000
2026-05-29 12:48:39.085,18,17.68,,256000000
2026-05-29 12:48:39.082,2,1.67,,256000000
2026-05-29 12:48:39.080,16,15.49,,256000000
2026-05-29 12:48:39.076,4,3.12,,256000000
2026-05-29 12:48:39.037,2,1.68,,256000000
2026-05-29 12:48:39.005,8,7.94,,256000000
2026-05-29 12:48:39.000,2,1.82,,256000000
2026-05-29 12:48:38.996,2,1.99,,256000000
2026-05-29 12:48:38.971,2,1.77,,256000000
2026-05-29 12:48:38.965,7,6.72,,256000000
2026-05-29 12:48:38.960,61,60.47,,256000000
2026-05-29 12:48:38.945,9,8.18,,256000000
2026-05-29 12:48:38.942,4,3.54,,256000000
2026-05-29 12:48:38.927,2,1.75,,256000000
2026-05-29 12:48:38.924,2,1.82,,256000000
2026-05-29 12:48:38.921,3,2.05,,256000000
2026-05-29 12:48:38.906,11,10.23,,256000000
2026-05-29 12:48:38.903,2,1.9,,256000000
2026-05-29 12:48:38.899,2,1.79,,256000000
2026-05-29 12:48:38.893,3,2.06,,256000000
2026-05-29 12:48:38.891,3,2.56,,256000000
2026-05-29 12:48:38.881,2,1.76,,256000000
2026-05-29 12:48:38.857,2,1.79,,256000000
2026-05-29 12:48:38.845,3,2.04,,256000000
2026-05-29 12:48:38.841,2,1.88,,256000000
2026-05-29 12:48:38.835,2,1.79,,256000000
2026-05-29 12:48:38.824,2,1.75,,256000000
2026-05-29 12:48:38.820,107,106.18,,256000000
2026-05-29 12:48:38.814,8,7.65,,256000000
2026-05-29 12:48:38.805,2,1.93,,256000000
2026-05-29 12:48:38.794,2,1.73,,256000000
2026-05-29 12:48:38.793,2,1.8,,256000000
2026-05-29 12:48:38.790,2,1.93,,256000000
2026-05-29 12:48:38.787,2,1.72,,256000000
2026-05-29 12:48:38.767,2,1.68,,256000000
2026-05-29 12:48:38.762,31,30.2,,256000000
2026-05-29 12:48:38.756,2,1.71,,256000000
2026-05-29 12:48:38.716,3,2.26,,256000000
2026-05-29 12:48:38.702,16,15.54,,256000000
2026-05-29 12:48:38.687,2,1.97,,256000000
2026-05-29 12:48:38.679,7,6.48,,256000000
2026-05-29 12:48:38.667,2,1.82,,256000000
2026-05-29 12:48:38.665,18,17.04,,256000000
2026-05-29 12:48:38.633,3,2.14,,256000000
2026-05-29 12:48:38.629,2,2,,256000000
2026-05-29 12:48:38.617,3,2.03,,256000000
2026-05-29 12:48:38.616,2,1.93,,256000000
2026-05-29 12:48:38.601,2,1.68,,256000000
2026-05-29 12:48:38.584,2,1.72,,256000000
2026-05-29 12:48:38.581,2,1.86,,256000000
2026-05-29 12:48:38.564,3,2.13,,256000000
2026-05-29 12:48:38.541,3,2,,256000000
2026-05-29 12:48:38.524,2,1.88,,256000000
2026-05-29 12:48:38.519,2,2,,256000000
2026-05-29 12:48:38.483,2,1.83,,256000000
2026-05-29 12:48:38.481,2,1.8,,256000000
2026-05-29 12:48:38.461,2,1.85,,256000000
2026-05-29 12:48:38.459,12,11.76,,256000000
2026-05-29 12:48:38.419,2,1.92,,256000000
2026-05-29 12:48:38.414,3,2.1,,256000000
2026-05-29 12:48:38.414,12,11.9,,256000000
2026-05-29 12:48:38.381,5,4.71,,256000000
2026-05-29 12:48:38.338,49,48.44,,256000000
2026-05-29 12:48:38.322,9,8.31,,256000000
2026-05-29 12:48:38.322,2,1.93,,256000000
2026-05-29 12:48:38.316,3,2.05,,256000000
2026-05-29 12:48:38.314,2,1.86,,256000000
2026-05-29 12:48:38.311,2,1.72,,256000000
2026-05-29 12:48:38.307,2,1.78,,256000000
2026-05-29 12:48:38.302,11,10.35,,256000000
2026-05-29 12:48:38.289,2,1.96,,256000000
2026-05-29 12:48:38.278,42,41.74,,256000000
2026-05-29 12:48:38.266,2,1.79,,256000000
2026-05-29 12:48:38.265,19,18.99,,256000000
2026-05-29 12:48:38.246,10,9.2,,256000000
2026-05-29 12:48:38.225,10,9.94,,256000000
2026-05-29 12:48:38.222,3,2.09,,256000000
2026-05-29 12:48:38.204,2,1.91,,256000000
2026-05-29 12:48:38.199,38,37.85,,256000000
2026-05-29 12:48:38.198,2,1.68,,256000000
2026-05-29 12:48:38.184,2,1.73,,256000000
2026-05-29 12:48:38.181,2,1.78,,256000000
2026-05-29 12:48:38.174,6,5.62,,256000000
2026-05-29 12:48:38.164,2,2,,256000000
2026-05-29 12:48:38.155,35,34.47,,256000000
2026-05-29 12:48:38.144,3,2.1,,256000000
2026-05-29 12:48:38.138,2,1.87,,256000000
2026-05-29 12:48:38.128,2,1.73,,256000000
2026-05-29 12:48:38.102,19,18.92,,256000000
2026-05-29 12:48:38.097,2,1.67,,256000000
2026-05-29 12:48:38.074,3,2.93,,256000000
2026-05-29 12:48:38.067,3,2.09,,256000000
2026-05-29 12:48:38.066,2,1.96,,256000000
2026-05-29 12:48:38.066,2,1.73,,256000000
2026-05-29 12:48:38.042,2,1.66,,256000000
2026-05-29 12:48:38.038,2,1.85,,256000000
2026-05-29 12:48:38.037,2,1.83,,256000000
2026-05-29 12:48:38.036,2,1.89,,256000000
2026-05-29 12:48:38.035,2,1.88,,256000000
2026-05-29 12:48:38.020,2,1.69,,256000000
2026-05-29 12:48:38.013,3,2.19,,256000000
2026-05-29 12:48:38.013,2,1.8,,256000000
2026-05-29 12:48:38.013,2,1.85,,256000000
2026-05-29 12:48:38.007,2,1.65,,256000000
2026-05-29 12:48:37.960,2,1.72,,256000000
2026-05-29 12:48:37.956,9,8.84,,256000000
2026-05-29 12:48:37.950,2,1.72,,256000000
2026-05-29 12:48:37.945,14,13.42,,256000000
2026-05-29 12:48:37.937,2,1.92,,256000000
2026-05-29 12:48:37.934,17,16.12,,256000000
2026-05-29 12:48:37.909,2,1.93,,256000000
2026-05-29 12:48:37.906,16,15.3,,256000000
2026-05-29 12:48:37.903,2,1.88,,256000000
2026-05-29 12:48:37.897,7,6.06,,256000000
2026-05-29 12:48:37.885,6,5.93,,256000000
2026-05-29 12:48:37.876,2,1.76,,256000000
2026-05-29 12:48:37.865,26,25.92,,256000000
2026-05-29 12:48:37.862,9,8.22,,256000000
2026-05-29 12:48:37.842,12,11.7,,256000000
2026-05-29 12:48:37.819,2,1.62,,256000000
2026-05-29 12:48:37.816,3,2.08,,256000000
2026-05-29 12:48:37.801,2,1.89,,256000000
2026-05-29 12:48:37.795,50,49.3,,256000000
2026-05-29 12:48:37.782,2,1.68,,256000000
2026-05-29 12:48:37.761,8,7.36,,256000000
2026-05-29 12:48:37.742,40,39.41,,256000000
2026-05-29 12:48:37.740,2,1.61,,256000000
2026-05-29 12:48:37.730,2,1.84,,256000000
2026-05-29 12:48:37.706,8,7.22,,256000000
2026-05-29 12:48:37.706,2,1.73,,256000000
2026-05-29 12:48:37.703,2,1.78,,256000000
2026-05-29 12:48:37.694,2,1.66,,256000000
2026-05-29 12:48:37.688,2,1.72,,256000000
2026-05-29 12:48:37.658,3,2.02,,256000000
2026-05-29 12:48:37.642,6,5.14,,256000000
2026-05-29 12:48:37.639,2,1.75,,256000000
2026-05-29 12:48:37.615,9,8.46,,256000000
2026-05-29 12:48:37.594,17,16.48,,256000000
2026-05-29 12:48:37.582,9,8.28,,256000000
2026-05-29 12:48:37.580,3,2.16,,256000000
2026-05-29 12:48:37.580,42,41.07,,256000000
2026-05-29 12:48:37.578,2,1.81,,256000000
2026-05-29 12:48:37.561,2,1.69,,256000000
2026-05-29 12:48:37.556,33,32.73,,256000000
2026-05-29 12:48:37.541,2,1.78,,256000000
2026-05-29 12:48:37.538,27,26.69,,256000000
2026-05-29 12:48:37.524,2,2,,256000000
2026-05-29 12:48:37.521,2,1.81,,256000000
2026-05-29 12:48:37.520,3,2,,256000000
2026-05-29 12:48:37.514,6,5.43,,256000000
2026-05-29 12:48:37.510,2,1.77,,256000000
2026-05-29 12:48:37.494,31,30.23,,256000000
2026-05-29 12:48:37.490,2,1.73,,256000000
2026-05-29 12:48:37.454,2,1.89,,256000000
2026-05-29 12:48:37.453,19,18.98,,256000000
2026-05-29 12:48:37.415,12,11.95,,256000000
2026-05-29 12:48:37.410,2,1.79,,256000000
2026-05-29 12:48:37.405,2,1.93,,256000000
2026-05-29 12:48:37.401,2,1.99,,256000000
2026-05-29 12:48:37.394,25,24.96,,256000000
2026-05-29 12:48:37.385,2,1.78,,256000000
2026-05-29 12:48:37.366,2,1.86,,256000000
2026-05-29 12:48:37.355,2,1.83,,256000000
2026-05-29 12:48:37.355,15,14.33,,256000000
2026-05-29 12:48:37.333,2,1.91,,256000000
2026-05-29 12:48:37.297,2,1.78,,256000000
2026-05-29 12:48:37.295,8,7.96,,256000000
2026-05-29 12:48:37.274,2,1.67,,256000000
2026-05-29 12:48:37.273,2,1.75,,256000000
2026-05-29 12:48:37.256,2,1.91,,256000000
2026-05-29 12:48:37.244,2,1.68,,256000000
2026-05-29 12:48:37.216,2,1.68,,256000000
2026-05-29 12:48:37.200,2,1.76,,256000000
2026-05-29 12:48:37.197,4,3.84,,256000000
2026-05-29 12:48:37.177,2,1.8,,256000000
2026-05-29 12:48:37.173,2,1.99,,256000000
2026-05-29 12:48:37.156,8,7.34,,256000000
2026-05-29 12:48:37.152,2,1.76,,256000000
2026-05-29 12:48:37.125,2,1.94,,256000000
2026-05-29 12:48:37.100,2,1.76,,256000000
2026-05-29 12:48:37.093,2,1.69,,256000000
2026-05-29 12:48:37.062,2,1.97,,256000000
2026-05-29 12:48:37.046,2,1.52,,256000000
2026-05-29 12:48:37.045,2,1.72,,256000000
2026-05-29 12:48:37.043,3,2.22,,256000000
2026-05-29 12:48:37.040,7,6.95,,256000000
2026-05-29 12:48:37.028,2,1.66,,256000000
2026-05-29 12:48:37.002,13,12.61,,256000000
2026-05-29 12:48:36.987,2,1.75,,256000000
2026-05-29 12:48:36.984,2,1.75,,256000000
2026-05-29 12:48:36.965,2,1.79,,256000000
2026-05-29 12:48:36.963,3,2.33,,256000000
2026-05-29 12:48:36.961,2,1.94,,256000000
2026-05-29 12:48:36.957,2,1.71,,256000000
2026-05-29 12:48:36.940,11,10.98,,256000000
2026-05-29 12:48:36.921,2,1.87,,256000000
2026-05-29 12:48:36.886,2,1.7,,256000000
2026-05-29 12:48:36.881,2,1.74,,256000000
2026-05-29 12:48:36.878,11,10.6,,256000000
2026-05-29 12:48:36.860,18,17.32,,256000000
2026-05-29 12:48:36.858,2,1.98,,256000000
2026-05-29 12:48:36.857,3,2.08,,256000000
2026-05-29 12:48:36.837,2,1.87,,256000000
2026-05-29 12:48:36.822,2,1.77,,256000000
2026-05-29 12:48:36.820,4,3.61,,256000000
2026-05-29 12:48:36.802,2,1.81,,256000000
2026-05-29 12:48:36.791,2,1.71,,256000000
2026-05-29 12:48:36.779,15,14.51,,256000000
2026-05-29 12:48:36.779,2,1.82,,256000000
2026-05-29 12:48:36.776,2,1.75,,256000000
2026-05-29 12:48:36.775,2,1.71,,256000000
2026-05-29 12:48:36.774,2,1.77,,256000000
2026-05-29 12:48:36.754,3,2.98,,256000000
2026-05-29 12:48:36.743,2,1.72,,256000000
2026-05-29 12:48:36.740,20,19.85,,256000000
2026-05-29 12:48:36.738,16,15,,256000000
2026-05-29 12:48:36.737,2,1.76,,256000000
2026-05-29 12:48:36.721,2,1.71,,256000000
2026-05-29 12:48:36.717,2,1.9,,256000000
2026-05-29 12:48:36.716,2,1.7,,256000000
2026-05-29 12:48:36.703,2,1.73,,256000000
2026-05-29 12:48:36.681,16,15.74,,256000000
2026-05-29 12:48:36.678,15,14.33,,256000000
2026-05-29 12:48:36.673,3,2.13,,256000000
2026-05-29 12:48:36.665,3,2.02,,256000000
2026-05-29 12:48:36.665,3,2.08,,256000000
2026-05-29 12:48:36.664,2,1.79,,256000000
2026-05-29 12:48:36.641,2,1.96,,256000000
2026-05-29 12:48:36.636,2,1.66,,256000000
2026-05-29 12:48:36.619,12,11.49,,256000000
2026-05-29 12:48:36.615,9,8.54,,256000000
2026-05-29 12:48:36.603,2,1.76,,256000000
2026-05-29 12:48:36.599,2,1.71,,256000000
2026-05-29 12:48:36.598,33,32.41,,256000000
2026-05-29 12:48:36.593,2,1.82,,256000000
2026-05-29 12:48:36.581,2,1.81,,256000000
2026-05-29 12:48:36.538,2,1.7,,256000000
2026-05-29 12:48:36.535,2,1.85,,256000000
2026-05-29 12:48:36.527,2,1.72,,256000000
2026-05-29 12:48:36.520,2,1.72,,256000000
2026-05-29 12:48:36.494,2,1.73,,256000000
2026-05-29 12:48:36.453,2,1.87,,256000000
2026-05-29 12:48:36.453,6,5.43,,256000000
2026-05-29 12:48:36.453,2,1.78,,256000000
2026-05-29 12:48:36.437,2,1.81,,256000000
2026-05-29 12:48:36.424,2,1.65,,256000000
2026-05-29 12:48:36.422,2,1.64,,256000000
2026-05-29 12:48:36.400,2,1.94,,256000000
2026-05-29 12:48:36.396,2,1.64,,256000000
2026-05-29 12:48:36.394,2,1.7,,256000000
2026-05-29 12:48:36.382,41,40.44,,256000000
2026-05-29 12:48:36.378,21,20.56,,256000000
2026-05-29 12:48:36.375,2,1.57,,256000000
2026-05-29 12:48:36.363,2,1.6,,256000000
2026-05-29 12:48:36.352,2,1.71,,256000000
2026-05-29 12:48:36.350,2,1.91,,256000000
2026-05-29 12:48:36.340,41,40.54,,256000000
2026-05-29 12:48:36.326,2,1.61,,256000000
2026-05-29 12:48:36.322,2,1.87,,256000000
2026-05-29 12:48:36.316,2,1.97,,256000000
2026-05-29 12:48:36.308,2,1.68,,256000000
2026-05-29 12:48:36.306,10,9.77,,256000000
2026-05-29 12:48:36.297,2,1.74,,256000000
2026-05-29 12:48:36.279,2,1.91,,256000000
2026-05-29 12:48:36.277,2,1.88,,256000000
2026-05-29 12:48:36.265,26,25.9,,256000000
2026-05-29 12:48:36.249,2,1.66,,256000000
2026-05-29 12:48:36.246,3,2.19,,256000000
2026-05-29 12:48:36.230,2,1.69,,256000000
2026-05-29 12:48:36.187,62,61.62,,256000000
2026-05-29 12:48:36.186,2,1.81,,256000000
2026-05-29 12:48:36.173,2,1.69,,256000000
2026-05-29 12:48:36.164,11,10.9,,256000000
2026-05-29 12:48:36.154,3,2.09,,256000000
2026-05-29 12:48:36.152,2,1.83,,256000000
2026-05-29 12:48:36.143,3,2.18,,256000000
2026-05-29 12:48:36.142,16,15.39,,256000000
2026-05-29 12:48:36.112,2,1.77,,256000000
2026-05-29 12:48:36.087,2,1.66,,256000000
2026-05-29 12:48:36.078,24,23.91,,256000000
2026-05-29 12:48:36.073,2,1.85,,256000000
2026-05-29 12:48:36.066,2,1.69,,256000000
2026-05-29 12:48:36.065,2,1.95,,256000000
2026-05-29 12:48:36.035,2,1.72,,256000000
2026-05-29 12:48:36.033,2,1.84,,256000000
2026-05-29 12:48:36.030,2,1.66,,256000000
2026-05-29 12:48:36.021,2,1.64,,256000000
2026-05-29 12:48:36.009,2,1.75,,256000000
2026-05-29 12:48:36.004,6,5.8,,256000000
2026-05-29 12:48:35.967,2,1.73,,256000000
2026-05-29 12:48:35.960,2,1.8,,256000000
2026-05-29 12:48:35.945,2,2,,256000000
2026-05-29 12:48:35.944,2,1.95,,256000000
2026-05-29 12:48:35.934,2,1.82,,256000000
2026-05-29 12:48:35.926,2,1.83,,256000000
2026-05-29 12:48:35.922,2,1.72,,256000000
2026-05-29 12:48:35.891,2,1.85,,256000000
2026-05-29 12:48:35.871,2,1.59,,256000000
2026-05-29 12:48:35.867,2,1.6,,256000000
2026-05-29 12:48:35.841,2,1.84,,256000000
2026-05-29 12:48:35.821,2,1.88,,256000000
2026-05-29 12:48:35.816,2,1.8,,256000000
2026-05-29 12:48:35.806,2,1.84,,256000000
2026-05-29 12:48:35.776,3,2.2,,256000000
2026-05-29 12:48:35.766,2,1.62,,256000000
2026-05-29 12:48:35.763,6,5.01,,256000000
2026-05-29 12:48:35.752,2,1.97,,256000000
2026-05-29 12:48:35.742,2,1.98,,256000000
2026-05-29 12:48:35.738,2,1.85,,256000000
2026-05-29 12:48:35.734,2,1.7,,256000000
2026-05-29 12:48:35.717,2,1.69,,256000000
2026-05-29 12:48:35.715,15,14.2,,256000000
2026-05-29 12:48:35.710,2,1.69,,256000000
2026-05-29 12:48:35.707,2,1.81,,256000000
2026-05-29 12:48:35.701,2,1.75,,256000000
2026-05-29 12:48:35.635,2,1.68,,256000000
2026-05-29 12:48:35.628,11,10.84,,256000000
2026-05-29 12:48:35.607,21,20.09,,256000000
2026-05-29 12:48:35.604,9,8.94,,256000000
2026-05-29 12:48:35.593,3,2.15,,256000000
2026-05-29 12:48:35.589,2,1.75,,256000000
2026-05-29 12:48:35.582,2,1.94,,256000000
2026-05-29 12:48:35.574,3,2.03,,256000000
2026-05-29 12:48:35.568,2,1.68,,256000000
2026-05-29 12:48:35.564,2,1.69,,256000000
2026-05-29 12:48:35.546,5,4,,256000000
2026-05-29 12:48:35.545,2,1.94,,256000000
2026-05-29 12:48:35.525,2,1.76,,256000000
2026-05-29 12:48:35.525,3,2.07,,256000000
2026-05-29 12:48:35.505,3,2.12,,256000000
2026-05-29 12:48:35.483,2,1.92,,256000000
2026-05-29 12:48:35.481,2,1.88,,256000000
2026-05-29 12:48:35.477,2,1.95,,256000000
2026-05-29 12:48:35.475,2,1.61,,256000000
2026-05-29 12:48:35.471,2,1.66,,256000000
2026-05-29 12:48:35.445,3,2.01,,256000000
2026-05-29 12:48:35.431,2,1.71,,256000000
2026-05-29 12:48:35.429,2,1.83,,256000000
2026-05-29 12:48:35.401,2,1.87,,256000000
2026-05-29 12:48:35.394,2,1.7,,256000000
2026-05-29 12:48:35.386,2,1.65,,256000000
2026-05-29 12:48:35.381,2,1.78,,256000000
2026-05-29 12:48:35.365,3,2.31,,256000000
2026-05-29 12:48:35.344,2,1.79,,256000000
2026-05-29 12:48:35.341,2,1.94,,256000000
2026-05-29 12:48:35.339,2,1.65,,256000000
2026-05-29 12:48:35.310,2,1.76,,256000000
2026-05-29 12:48:35.305,2,1.8,,256000000
2026-05-29 12:48:35.274,2,1.81,,256000000
2026-05-29 12:48:35.269,2,1.71,,256000000
2026-05-29 12:48:35.242,2,1.83,,256000000
2026-05-29 12:48:35.229,2,1.77,,256000000
2026-05-29 12:48:35.221,2,1.79,,256000000
2026-05-29 12:48:35.208,2,1.77,,256000000
2026-05-29 12:48:35.197,2,1.81,,256000000
2026-05-29 12:48:35.195,2,1.75,,256000000
2026-05-29 12:48:35.191,2,1.61,,256000000
2026-05-29 12:48:35.169,2,1.99,,256000000
2026-05-29 12:48:35.168,2,1.92,,256000000
2026-05-29 12:48:35.166,19,18.95,,256000000
2026-05-29 12:48:35.163,2,1.82,,256000000
2026-05-29 12:48:35.137,2,1.75,,256000000
2026-05-29 12:48:35.135,2,1.69,,256000000
2026-05-29 12:48:35.131,2,1.87,,256000000
2026-05-29 12:48:35.119,2,1.68,,256000000
2026-05-29 12:48:35.100,2,1.91,,256000000
2026-05-29 12:48:35.097,2,1.81,,256000000
2026-05-29 12:48:35.087,2,1.72,,256000000
2026-05-29 12:48:35.054,2,1.94,,256000000
2026-05-29 12:48:35.026,47,46.03,,256000000
2026-05-29 12:48:35.023,2,1.58,,256000000
2026-05-29 12:48:35.003,2,1.87,,256000000
2026-05-29 12:48:35.002,2,1.86,,256000000
2026-05-29 12:48:35.000,16,15.49,,256000000
2026-05-29 12:48:34.983,2,1.76,,256000000
2026-05-29 12:48:34.980,2,1.73,,256000000
2026-05-29 12:48:34.960,10,9.12,,256000000
2026-05-29 12:48:34.923,2,1.83,,256000000
2026-05-29 12:48:34.922,2,1.91,,256000000
2026-05-29 12:48:34.921,2,1.89,,256000000
2026-05-29 12:48:34.919,2,1.81,,256000000
2026-05-29 12:48:34.911,2,1.87,,256000000
2026-05-29 12:48:34.909,2,1.69,,256000000
2026-05-29 12:48:34.887,2,1.68,,256000000
2026-05-29 12:48:34.882,2,1.72,,256000000
2026-05-29 12:48:34.879,2,1.8,,256000000
2026-05-29 12:48:34.879,2,1.64,,256000000
2026-05-29 12:48:34.842,18,17.88,,256000000
2026-05-29 12:48:34.831,2,1.88,,256000000
2026-05-29 12:48:34.819,2,1.93,,256000000
2026-05-29 12:48:34.806,3,2.29,,256000000
2026-05-29 12:48:34.806,2,1.91,,256000000
2026-05-29 12:48:34.802,3,2.48,,256000000
2026-05-29 12:48:34.785,2,1.8,,256000000
2026-05-29 12:48:34.762,2,1.86,,256000000
2026-05-29 12:48:34.761,2,1.7,,256000000
2026-05-29 12:48:34.760,2,1.72,,256000000
2026-05-29 12:48:34.741,2,1.94,,256000000
2026-05-29 12:48:34.729,2,1.69,,256000000
2026-05-29 12:48:34.705,2,1.64,,256000000
2026-05-29 12:48:34.705,12,11.67,,256000000
2026-05-29 12:48:34.705,2,1.92,,256000000
2026-05-29 12:48:34.704,2,1.75,,256000000
2026-05-29 12:48:34.703,2,1.8,,256000000
2026-05-29 12:48:34.702,66,65.79,,256000000
2026-05-29 12:48:34.693,2,1.61,,256000000
2026-05-29 12:48:34.685,2,1.68,,256000000
2026-05-29 12:48:34.666,2,1.84,,256000000
2026-05-29 12:48:34.646,2,1.7,,256000000
2026-05-29 12:48:34.636,2,1.92,,256000000
2026-05-29 12:48:34.632,2,1.68,,256000000
2026-05-29 12:48:34.623,2,1.69,,256000000
2026-05-29 12:48:34.604,2,1.72,,256000000
2026-05-29 12:48:34.584,2,1.98,,256000000
2026-05-29 12:48:34.583,3,2.08,,256000000
2026-05-29 12:48:34.581,35,34.15,,256000000
2026-05-29 12:48:34.576,2,1.81,,256000000
2026-05-29 12:48:34.562,8,7.26,,256000000
2026-05-29 12:48:34.561,2,1.63,,256000000
2026-05-29 12:48:34.542,2,1.72,,256000000
2026-05-29 12:48:34.521,2,1.89,,256000000
2026-05-29 12:48:34.515,2,1.67,,256000000
2026-05-29 12:48:34.509,2,1.84,,256000000
2026-05-29 12:48:34.487,2,1.6,,256000000
2026-05-29 12:48:34.469,2,1.67,,256000000
2026-05-29 12:48:34.446,2,1.83,,256000000
2026-05-29 12:48:34.444,2,1.78,,256000000
2026-05-29 12:48:34.439,2,1.83,,256000000
2026-05-29 12:48:34.411,2,1.61,,256000000
2026-05-29 12:48:34.409,2,1.62,,256000000
2026-05-29 12:48:34.407,16,15.88,,256000000
2026-05-29 12:48:34.404,2,1.62,,256000000
2026-05-29 12:48:34.399,2,1.84,,256000000
2026-05-29 12:48:34.398,2,1.74,,256000000
2026-05-29 12:48:34.396,2,1.84,,256000000
2026-05-29 12:48:34.368,2,1.65,,256000000
2026-05-29 12:48:34.368,41,40.9,,256000000
2026-05-29 12:48:34.328,2,1.63,,256000000
2026-05-29 12:48:34.305,2,1.93,,256000000
2026-05-29 12:48:34.303,2,1.85,,256000000
2026-05-29 12:48:34.297,2,1.72,,256000000
2026-05-29 12:48:34.294,3,2.18,,256000000
2026-05-29 12:48:34.290,2,1.69,,256000000
2026-05-29 12:48:34.274,9,8.32,,256000000
2026-05-29 12:48:34.273,2,1.72,,256000000
2026-05-29 12:48:34.268,2,1.74,,256000000
2026-05-29 12:48:34.260,2,1.87,,256000000
2026-05-29 12:48:34.223,2,1.93,,256000000
2026-05-29 12:48:34.221,2,2,,256000000
2026-05-29 12:48:34.216,3,2.05,,256000000
2026-05-29 12:48:34.194,13,12.51,,256000000
2026-05-29 12:48:34.193,2,1.96,,256000000
2026-05-29 12:48:34.173,3,2.02,,256000000
2026-05-29 12:48:34.165,2,1.85,,256000000
2026-05-29 12:48:34.165,2,1.6,,256000000
2026-05-29 12:48:34.155,2,1.72,,256000000
2026-05-29 12:48:34.143,2,1.72,,256000000
2026-05-29 12:48:34.131,2,1.82,,256000000
2026-05-29 12:48:34.118,3,2.03,,256000000
2026-05-29 12:48:34.103,2,1.79,,256000000
2026-05-29 12:48:34.061,2,1.68,,256000000
2026-05-29 12:48:34.057,77,76.99,,256000000
2026-05-29 12:48:34.056,17,16.92,,256000000
2026-05-29 12:48:34.056,2,1.81,,256000000
2026-05-29 12:48:34.046,17,16.46,,256000000
2026-05-29 12:48:34.032,2,1.8,,256000000
2026-05-29 12:48:34.026,2,1.77,,256000000
2026-05-29 12:48:34.011,3,2.21,,256000000
2026-05-29 12:48:34.005,2,1.99,,256000000
2026-05-29 12:48:34.004,2,1.68,,256000000
2026-05-29 12:48:33.948,2,1.79,,256000000
2026-05-29 12:48:33.942,18,17.13,,256000000
2026-05-29 12:48:33.936,9,8.61,,256000000
2026-05-29 12:48:33.932,2,1.71,,256000000
2026-05-29 12:48:33.915,15,14.33,,256000000
2026-05-29 12:48:33.902,2,1.69,,256000000
2026-05-29 12:48:33.894,2,1.86,,256000000
2026-05-29 12:48:33.860,2,1.78,,256000000
2026-05-29 12:48:33.858,2,1.86,,256000000
2026-05-29 12:48:33.827,2,1.9,,256000000
2026-05-29 12:48:33.774,2,1.81,,256000000
2026-05-29 12:48:33.773,2,1.86,,256000000
2026-05-29 12:48:33.770,2,1.87,,256000000
2026-05-29 12:48:33.768,2,1.81,,256000000
2026-05-29 12:48:33.761,29,28.08,,256000000
2026-05-29 12:48:33.722,2,1.73,,256000000
2026-05-29 12:48:33.721,8,7.73,,256000000
2026-05-29 12:48:33.707,2,1.74,,256000000
2026-05-29 12:48:33.701,39,38.41,,256000000
2026-05-29 12:48:33.698,2,1.84,,256000000
2026-05-29 12:48:33.673,2,1.78,,256000000
2026-05-29 12:48:33.636,2,1.89,,256000000
2026-05-29 12:48:33.613,3,2.04,,256000000
2026-05-29 12:48:33.613,2,1.75,,256000000
2026-05-29 12:48:33.609,2,1.7,,256000000
2026-05-29 12:48:33.585,3,2.03,,256000000
2026-05-29 12:48:33.578,2,1.72,,256000000
2026-05-29 12:48:33.576,2,1.78,,256000000
2026-05-29 12:48:33.566,10,9.17,,256000000
2026-05-29 12:48:33.565,2,1.69,,256000000
2026-05-29 12:48:33.562,21,20.95,,256000000
2026-05-29 12:48:33.555,2,1.76,,256000000
2026-05-29 12:48:33.516,2,1.72,,256000000
2026-05-29 12:48:33.515,3,2.14,,256000000
2026-05-29 12:48:33.458,2,1.82,,256000000
2026-05-29 12:48:33.445,18,17.16,,256000000
2026-05-29 12:48:33.433,2,1.94,,256000000
2026-05-29 12:48:33.417,2,1.79,,256000000
2026-05-29 12:48:33.402,9,8.82,,256000000
2026-05-29 12:48:33.393,3,2.06,,256000000
2026-05-29 12:48:33.386,11,10.43,,256000000
2026-05-29 12:48:33.385,5,4.38,,256000000
2026-05-29 12:48:33.381,12,11.53,,256000000
2026-05-29 12:48:33.373,2,1.99,,256000000
2026-05-29 12:48:33.369,3,2.11,,256000000
2026-05-29 12:48:33.365,2,1.94,,256000000
2026-05-29 12:48:33.364,11,10.56,,256000000
2026-05-29 12:48:33.360,3,2.17,,256000000
2026-05-29 12:48:33.358,2,1.76,,256000000
2026-05-29 12:48:33.343,3,2.27,,256000000
2026-05-29 12:48:33.340,2,1.98,,256000000
2026-05-29 12:48:33.333,3,2.05,,256000000
2026-05-29 12:48:33.293,2,1.71,,256000000
2026-05-29 12:48:33.287,2,1.79,,256000000
2026-05-29 12:48:33.287,14,13.7,,256000000
2026-05-29 12:48:33.286,2,1.69,,256000000
2026-05-29 12:48:33.266,2,1.96,,256000000
2026-05-29 12:48:33.260,2,1.73,,256000000
2026-05-29 12:48:33.245,10,9.84,,256000000
2026-05-29 12:48:33.243,2,1.72,,256000000
2026-05-29 12:48:33.225,2,1.84,,256000000
2026-05-29 12:48:33.224,2,1.89,,256000000
2026-05-29 12:48:33.217,12,11.32,,256000000
2026-05-29 12:48:33.196,2,1.83,,256000000
2026-05-29 12:48:33.173,2,1.87,,256000000
2026-05-29 12:48:33.162,7,6.23,,256000000
2026-05-29 12:48:33.157,2,1.77,,256000000
2026-05-29 12:48:33.141,13,12.7,,256000000
2026-05-29 12:48:33.134,30,29.07,,256000000
2026-05-29 12:48:33.125,2,1.76,,256000000
2026-05-29 12:48:33.125,46,45.37,,256000000
2026-05-29 12:48:33.125,2,1.91,,256000000
2026-05-29 12:48:33.116,2,1.78,,256000000
2026-05-29 12:48:33.098,2,1.79,,256000000
2026-05-29 12:48:33.094,5,4.33,,256000000
2026-05-29 12:48:33.092,2,1.88,,256000000
2026-05-29 12:48:33.085,3,2.16,,256000000
2026-05-29 12:48:33.074,8,7.03,,256000000
2026-05-29 12:48:33.064,2,1.69,,256000000
2026-05-29 12:48:33.047,3,2.18,,256000000
2026-05-29 12:48:33.036,2,1.76,,256000000
2026-05-29 12:48:33.030,2,1.74,,256000000
2026-05-29 12:48:33.025,35,34.14,,256000000
2026-05-29 12:48:32.991,2,1.72,,256000000
2026-05-29 12:48:32.986,16,15.28,,256000000
2026-05-29 12:48:32.985,2,1.9,,256000000
2026-05-29 12:48:32.984,2,1.84,,256000000
2026-05-29 12:48:32.983,3,2.57,,256000000
2026-05-29 12:48:32.978,2,1.82,,256000000
2026-05-29 12:48:32.977,2,1.77,,256000000
2026-05-29 12:48:32.977,2,1.75,,256000000
2026-05-29 12:48:32.965,10,9.83,,256000000
2026-05-29 12:48:32.944,3,2.1,,256000000
2026-05-29 12:48:32.941,2,1.65,,256000000
2026-05-29 12:48:32.939,3,2.04,,256000000
2026-05-29 12:48:32.937,4,3.88,,256000000
2026-05-29 12:48:32.916,3,2.16,,256000000
2026-05-29 12:48:32.905,29,28.67,,256000000
2026-05-29 12:48:32.904,3,2.17,,256000000
2026-05-29 12:48:32.896,2,1.8,,256000000
2026-05-29 12:48:32.877,6,5.25,,256000000
2026-05-29 12:48:32.865,14,13.39,,256000000
2026-05-29 12:48:32.856,3,2.23,,256000000
2026-05-29 12:48:32.844,3,2.03,,256000000
2026-05-29 12:48:32.825,2,1.96,,256000000
2026-05-29 12:48:32.818,2,1.7,,256000000
2026-05-29 12:48:32.816,2,1.86,,256000000
2026-05-29 12:48:32.810,24,23.89,,256000000
2026-05-29 12:48:32.799,2,1.79,,256000000
2026-05-29 12:48:32.792,3,2.08,,256000000
2026-05-29 12:48:32.788,2,1.89,,256000000
2026-05-29 12:48:32.782,2,1.74,,256000000
2026-05-29 12:48:32.762,2,1.84,,256000000
2026-05-29 12:48:32.752,2,1.61,,256000000
2026-05-29 12:48:32.751,2,1.97,,256000000
2026-05-29 12:48:32.744,2,1.79,,256000000
2026-05-29 12:48:32.737,2,1.91,,256000000
2026-05-29 12:48:32.705,2,1.95,,256000000
2026-05-29 12:48:32.705,3,2.29,,256000000
2026-05-29 12:48:32.702,2,1.66,,256000000
2026-05-29 12:48:32.701,15,14.51,,256000000
2026-05-29 12:48:32.682,13,12.88,,256000000
2026-05-29 12:48:32.682,2,1.71,,256000000
2026-05-29 12:48:32.666,5,4.04,,256000000
2026-05-29 12:48:32.646,2,1.81,,256000000
2026-05-29 12:48:32.645,2,1.69,,256000000
2026-05-29 12:48:32.645,2,1.78,,256000000
2026-05-29 12:48:32.642,2,1.84,,256000000
2026-05-29 12:48:32.625,2,1.96,,256000000
2026-05-29 12:48:32.606,2,1.82,,256000000
2026-05-29 12:48:32.596,3,2.11,,256000000
2026-05-29 12:48:32.589,2,1.72,,256000000
2026-05-29 12:48:32.567,2,1.76,,256000000
2026-05-29 12:48:32.566,6,5.01,,256000000
2026-05-29 12:48:32.565,2,1.76,,256000000
2026-05-29 12:48:32.555,2,1.87,,256000000
2026-05-29 12:48:32.546,2,1.64,,256000000
2026-05-29 12:48:32.511,2,1.83,,256000000
2026-05-29 12:48:32.494,3,2.09,,256000000
2026-05-29 12:48:32.483,5,4.59,,256000000
2026-05-29 12:48:32.481,2,2,,256000000
2026-05-29 12:48:32.456,3,2.93,,256000000
2026-05-29 12:48:32.419,2,1.78,,256000000
2026-05-29 12:48:32.408,2,1.62,,256000000
2026-05-29 12:48:32.404,10,9.8,,256000000
2026-05-29 12:48:32.384,7,6.33,,256000000
2026-05-29 12:48:32.363,6,5.2,,256000000
2026-05-29 12:48:32.363,2,1.71,,256000000
2026-05-29 12:48:32.362,2,1.86,,256000000
2026-05-29 12:48:32.360,2,1.53,,256000000
2026-05-29 12:48:32.342,2,1.76,,256000000
2026-05-29 12:48:32.325,2,1.66,,256000000
2026-05-29 12:48:32.285,30,29.77,,256000000
2026-05-29 12:48:32.265,2,1.6,,256000000
2026-05-29 12:48:32.265,2,1.84,,256000000
2026-05-29 12:48:32.263,3,2.01,,256000000
2026-05-29 12:48:32.244,13,12.65,,256000000
2026-05-29 12:48:32.244,14,13.23,,256000000
2026-05-29 12:48:32.238,2,1.75,,256000000
2026-05-29 12:48:32.224,12,11.47,,256000000
2026-05-29 12:48:32.221,2,1.84,,256000000
2026-05-29 12:48:32.218,3,2.02,,256000000
2026-05-29 12:48:32.204,2,1.75,,256000000
2026-05-29 12:48:32.203,2,1.99,,256000000
2026-05-29 12:48:32.201,2,1.67,,256000000
2026-05-29 12:48:32.186,2,1.65,,256000000
2026-05-29 12:48:32.124,2,1.91,,256000000
2026-05-29 12:48:32.116,2,1.73,,256000000
2026-05-29 12:48:32.116,2,1.6,,256000000
2026-05-29 12:48:32.095,2,1.61,,256000000
2026-05-29 12:48:32.089,2,1.72,,256000000
2026-05-29 12:48:32.058,22,21.66,,256000000
2026-05-29 12:48:32.042,2,1.94,,256000000
2026-05-29 12:48:32.041,2,1.94,,256000000
2026-05-29 12:48:32.024,2,1.76,,256000000
2026-05-29 12:48:31.996,2,1.85,,256000000
2026-05-29 12:48:31.979,2,1.88,,256000000
2026-05-29 12:48:31.966,12,11.43,,256000000
2026-05-29 12:48:31.959,2,1.92,,256000000
2026-05-29 12:48:31.959,2,1.83,,256000000
2026-05-29 12:48:31.954,2,1.98,,256000000
2026-05-29 12:48:31.944,3,2.67,,256000000
2026-05-29 12:48:31.903,3,2.35,,256000000
2026-05-29 12:48:31.875,12,11.72,,256000000
2026-05-29 12:48:31.865,10,9.24,,256000000
2026-05-29 12:48:31.844,2,1.75,,256000000
2026-05-29 12:48:31.843,14,13.61,,256000000
2026-05-29 12:48:31.834,5,4.7,,256000000
2026-05-29 12:48:31.822,13,12.86,,256000000
2026-05-29 12:48:31.802,2,1.81,,256000000
2026-05-29 12:48:31.794,7,6.32,,256000000
2026-05-29 12:48:31.787,2,1.71,,256000000
2026-05-29 12:48:31.785,3,2.44,,256000000
2026-05-29 12:48:31.731,2,1.76,,256000000
2026-05-29 12:48:31.728,2,1.87,,256000000
2026-05-29 12:48:31.710,2,1.96,,256000000
2026-05-29 12:48:31.710,2,1.92,,256000000
2026-05-29 12:48:31.696,3,2.05,,256000000
2026-05-29 12:48:31.696,3,2.02,,256000000
2026-05-29 12:48:31.684,2,1.92,,256000000
2026-05-29 12:48:31.681,2,1.94,,256000000
2026-05-29 12:48:31.659,2,1.85,,256000000
2026-05-29 12:48:31.658,2,1.77,,256000000
2026-05-29 12:48:31.647,2,1.94,,256000000
2026-05-29 12:48:31.635,25,24.38,,256000000
2026-05-29 12:48:31.621,2,1.88,,256000000
2026-05-29 12:48:31.606,4,3.55,,256000000
2026-05-29 12:48:31.585,3,2.08,,256000000
2026-05-29 12:48:31.585,31,30.38,,256000000
2026-05-29 12:48:31.584,2,1.74,,256000000
2026-05-29 12:48:31.583,2,1.98,,256000000
2026-05-29 12:48:31.560,2,1.66,,256000000
2026-05-29 12:48:31.517,19,18.54,,256000000
2026-05-29 12:48:31.508,3,2.12,,256000000
2026-05-29 12:48:31.504,3,2.88,,256000000
2026-05-29 12:48:31.504,10,9.13,,256000000
2026-05-29 12:48:31.503,2,1.66,,256000000
2026-05-29 12:48:31.496,3,2.05,,256000000
2026-05-29 12:48:31.490,2,1.95,,256000000
2026-05-29 12:48:31.487,3,2.11,,256000000
2026-05-29 12:48:31.483,2,1.89,,256000000
2026-05-29 12:48:31.469,3,2.08,,256000000
2026-05-29 12:48:31.467,15,14.46,,256000000
2026-05-29 12:48:31.465,17,16.72,,256000000
2026-05-29 12:48:31.446,46,45,,256000000
2026-05-29 12:48:31.446,2,1.71,,256000000
2026-05-29 12:48:31.432,3,2.1,,256000000
2026-05-29 12:48:31.430,2,1.74,,256000000
2026-05-29 12:48:31.430,2,1.83,,256000000
2026-05-29 12:48:31.425,8,7.54,,256000000
2026-05-29 12:48:31.416,3,2.26,,256000000
2026-05-29 12:48:31.413,3,2.31,,256000000
2026-05-29 12:48:31.402,2,1.94,,256000000
2026-05-29 12:48:31.402,2,1.84,,256000000
2026-05-29 12:48:31.400,2,1.73,,256000000
2026-05-29 12:48:31.388,42,41.52,,256000000
2026-05-29 12:48:31.383,2,1.78,,256000000
2026-05-29 12:48:31.382,11,10.2,,256000000
2026-05-29 12:48:31.382,2,1.97,,256000000
2026-05-29 12:48:31.371,2,1.75,,256000000
2026-05-29 12:48:31.361,3,2.24,,256000000
2026-05-29 12:48:31.337,2,1.91,,256000000
2026-05-29 12:48:31.334,2,1.74,,256000000
2026-05-29 12:48:31.329,2,1.73,,256000000
2026-05-29 12:48:31.325,3,2.23,,256000000
2026-05-29 12:48:31.307,2,1.88,,256000000
2026-05-29 12:48:31.304,2,1.67,,256000000
2026-05-29 12:48:31.303,2,1.77,,256000000
2026-05-29 12:48:31.265,50,49.03,,256000000
2026-05-29 12:48:31.263,12,11.81,,256000000
2026-05-29 12:48:31.253,2,1.92,,256000000
2026-05-29 12:48:31.242,2,1.91,,256000000
2026-05-29 12:48:31.227,7,6.69,,256000000
2026-05-29 12:48:31.217,2,1.67,,256000000
2026-05-29 12:48:31.206,2,1.95,,256000000
2026-05-29 12:48:31.205,2,1.7,,256000000
2026-05-29 12:48:31.204,2,1.89,,256000000
2026-05-29 12:48:31.197,2,1.73,,256000000
2026-05-29 12:48:31.180,2,1.96,,256000000
2026-05-29 12:48:31.170,2,1.9,,256000000
2026-05-29 12:48:31.146,20,19.7,,256000000
2026-05-29 12:48:31.128,2,1.82,,256000000
2026-05-29 12:48:31.125,2,1.87,,256000000
2026-05-29 12:48:31.109,2,1.79,,256000000
2026-05-29 12:48:31.108,3,2.02,,256000000
2026-05-29 12:48:31.105,2,1.7,,256000000
2026-05-29 12:48:31.103,5,4.22,,256000000
2026-05-29 12:48:31.095,2,1.75,,256000000
2026-05-29 12:48:31.072,2,1.81,,256000000
2026-05-29 12:48:31.071,2,1.91,,256000000
2026-05-29 12:48:31.065,2,1.87,,256000000
2026-05-29 12:48:31.043,2,1.82,,256000000
2026-05-29 12:48:31.035,13,12.05,,256000000
2026-05-29 12:48:31.004,2,1.85,,256000000
2026-05-29 12:48:30.996,2,1.96,,256000000
2026-05-29 12:48:30.983,19,18.96,,256000000
2026-05-29 12:48:30.982,3,2.08,,256000000
2026-05-29 12:48:30.955,30,29.4,,256000000
2026-05-29 12:48:30.955,2,1.64,,256000000
2026-05-29 12:48:30.948,2,1.94,,256000000
2026-05-29 12:48:30.947,3,2.15,,256000000
2026-05-29 12:48:30.915,4,3.26,,256000000
2026-05-29 12:48:30.908,27,26.49,,256000000
2026-05-29 12:48:30.894,8,7.28,,256000000
2026-05-29 12:48:30.873,2,1.83,,256000000
2026-05-29 12:48:30.870,2,1.8,,256000000
2026-05-29 12:48:30.856,2,1.65,,256000000
2026-05-29 12:48:30.848,2,1.76,,256000000
2026-05-29 12:48:30.840,2,1.77,,256000000
2026-05-29 12:48:30.830,2,1.86,,256000000
2026-05-29 12:48:30.826,10,9.44,,256000000
2026-05-29 12:48:30.814,2,1.95,,256000000
2026-05-29 12:48:30.805,3,2.09,,256000000
2026-05-29 12:48:30.804,4,3.68,,256000000
2026-05-29 12:48:30.794,3,2.05,,256000000
2026-05-29 12:48:30.766,2,1.8,,256000000
2026-05-29 12:48:30.755,2,1.99,,256000000
2026-05-29 12:48:30.725,2,1.97,,256000000
2026-05-29 12:48:30.719,9,8.2,,256000000
2026-05-29 12:48:30.717,2,1.69,,256000000
2026-05-29 12:48:30.716,3,2.03,,256000000
2026-05-29 12:48:30.701,2,1.66,,256000000
2026-05-29 12:48:30.688,2,1.68,,256000000
2026-05-29 12:48:30.643,6,5.52,,256000000
2026-05-29 12:48:30.608,3,2.24,,256000000
2026-05-29 12:48:30.607,2,1.86,,256000000
2026-05-29 12:48:30.588,2,1.71,,256000000
2026-05-29 12:48:30.585,2,1.73,,256000000
2026-05-29 12:48:30.581,2,1.78,,256000000
2026-05-29 12:48:30.564,2,1.8,,256000000
2026-05-29 12:48:30.553,3,2.12,,256000000
2026-05-29 12:48:30.532,2,1.67,,256000000
2026-05-29 12:48:30.531,3,2.18,,256000000
2026-05-29 12:48:30.514,2,1.72,,256000000
2026-05-29 12:48:30.514,6,5.57,,256000000
2026-05-29 12:48:30.506,2,1.74,,256000000
2026-05-29 12:48:30.506,3,2.01,,256000000
2026-05-29 12:48:30.466,54,53.59,,256000000
2026-05-29 12:48:30.466,18,17.81,,256000000
2026-05-29 12:48:30.436,10,9.73,,256000000
2026-05-29 12:48:30.435,20,19.45,,256000000
2026-05-29 12:48:30.427,40,39.86,,256000000
2026-05-29 12:48:30.422,2,1.87,,256000000
2026-05-29 12:48:30.419,2,1.7,,256000000
2026-05-29 12:48:30.410,2,1.9,,256000000
2026-05-29 12:48:30.397,2,1.78,,256000000
2026-05-29 12:48:30.394,2,1.96,,256000000
2026-05-29 12:48:30.376,3,2.31,,256000000
2026-05-29 12:48:30.371,2,1.81,,256000000
2026-05-29 12:48:30.326,2,1.62,,256000000
2026-05-29 12:48:30.322,2,1.91,,256000000
2026-05-29 12:48:30.313,2,1.87,,256000000
2026-05-29 12:48:30.305,3,2.02,,256000000
2026-05-29 12:48:30.302,2,1.89,,256000000
2026-05-29 12:48:30.262,5,4.89,,256000000
2026-05-29 12:48:30.249,2,1.91,,256000000
2026-05-29 12:48:30.223,2,1.83,,256000000
2026-05-29 12:48:30.222,21,20.06,,256000000
2026-05-29 12:48:30.222,2,1.66,,256000000
2026-05-29 12:48:30.207,5,4.84,,256000000
2026-05-29 12:48:30.190,2,1.66,,256000000
2026-05-29 12:48:30.186,21,20.02,,256000000
2026-05-29 12:48:30.183,34,33.66,,256000000
2026-05-29 12:48:30.145,2,1.75,,256000000
2026-05-29 12:48:30.142,14,13.09,,256000000
2026-05-29 12:48:30.138,22,21.62,,256000000
2026-05-29 12:48:30.127,8,7.71,,256000000
2026-05-29 12:48:30.124,2,1.98,,256000000
2026-05-29 12:48:30.124,2,1.75,,256000000
2026-05-29 12:48:30.104,2,1.84,,256000000
2026-05-29 12:48:30.085,20,19.3,,256000000
2026-05-29 12:48:30.066,2,1.93,,256000000
2026-05-29 12:48:30.052,2,1.75,,256000000
2026-05-29 12:48:30.047,2,1.76,,256000000
2026-05-29 12:48:30.046,2,1.7,,256000000
2026-05-29 12:48:30.046,2,1.81,,256000000
2026-05-29 12:48:30.044,2,1.84,,256000000
2026-05-29 12:48:30.026,2,1.88,,256000000
2026-05-29 12:48:30.007,3,2.09,,256000000
2026-05-29 12:48:30.006,10,9.35,,256000000
2026-05-29 12:48:29.986,2,1.93,,256000000
2026-05-29 12:48:29.984,2,1.91,,256000000
2026-05-29 12:48:29.968,2,1.71,,256000000
2026-05-29 12:48:29.958,2,1.67,,256000000
2026-05-29 12:48:29.945,11,10.24,,256000000
2026-05-29 12:48:29.936,2,1.7,,256000000
2026-05-29 12:48:29.924,2,1.68,,256000000
2026-05-29 12:48:29.906,15,14.19,,256000000
2026-05-29 12:48:29.884,2,1.75,,256000000
2026-05-29 12:48:29.866,8,7.54,,256000000
2026-05-29 12:48:29.846,41,40.16,,256000000
2026-05-29 12:48:29.827,85,84.51,,256000000
2026-05-29 12:48:29.821,2,1.89,,256000000
2026-05-29 12:48:29.821,2,1.68,,256000000
2026-05-29 12:48:29.802,2,1.67,,256000000
2026-05-29 12:48:29.796,2,1.71,,256000000
2026-05-29 12:48:29.787,2,1.88,,256000000
2026-05-29 12:48:29.782,6,5.59,,256000000
2026-05-29 12:48:29.765,2,1.67,,256000000
2026-05-29 12:48:29.760,2,1.84,,256000000
2026-05-29 12:48:29.758,2,1.72,,256000000
2026-05-29 12:48:29.741,3,2.01,,256000000
2026-05-29 12:48:29.727,22,21.69,,256000000
2026-05-29 12:48:29.704,2,1.7,,256000000
2026-05-29 12:48:29.701,2,1.65,,256000000
2026-05-29 12:48:29.698,9,8.38,,256000000
2026-05-29 12:48:29.689,2,1.77,,256000000
2026-05-29 12:48:29.688,2,1.81,,256000000
2026-05-29 12:48:29.687,2,1.72,,256000000
2026-05-29 12:48:29.686,2,1.69,,256000000
2026-05-29 12:48:29.669,2,1.71,,256000000
2026-05-29 12:48:29.666,2,1.92,,256000000
2026-05-29 12:48:29.665,12,11.98,,256000000
2026-05-29 12:48:29.662,2,1.86,,256000000
2026-05-29 12:48:29.646,2,1.78,,256000000
2026-05-29 12:48:29.644,2,1.92,,256000000
2026-05-29 12:48:29.607,2,1.87,,256000000
2026-05-29 12:48:29.594,2,1.82,,256000000
2026-05-29 12:48:29.584,3,2.02,,256000000
2026-05-29 12:48:29.583,11,10.83,,256000000
2026-05-29 12:48:29.577,2,1.62,,256000000
2026-05-29 12:48:29.563,2,1.75,,256000000
2026-05-29 12:48:29.560,2,1.78,,256000000
2026-05-29 12:48:29.555,13,12.95,,256000000
2026-05-29 12:48:29.533,3,2.03,,256000000
2026-05-29 12:48:29.525,5,4.45,,256000000
2026-05-29 12:48:29.524,2,1.97,,256000000
2026-05-29 12:48:29.504,3,2.81,,256000000
2026-05-29 12:48:29.501,3,2.13,,256000000
2026-05-29 12:48:29.494,75,74.11,,256000000
2026-05-29 12:48:29.485,14,13.58,,256000000
2026-05-29 12:48:29.466,2,1.7,,256000000
2026-05-29 12:48:29.441,2,1.95,,256000000
2026-05-29 12:48:29.428,2,1.85,,256000000
2026-05-29 12:48:29.426,2,1.67,,256000000
2026-05-29 12:48:29.416,2,1.76,,256000000
2026-05-29 12:48:29.415,15,14.12,,256000000
2026-05-29 12:48:29.410,2,1.86,,256000000
2026-05-29 12:48:29.395,2,1.79,,256000000
2026-05-29 12:48:29.394,2,1.86,,256000000
2026-05-29 12:48:29.391,2,1.98,,256000000
2026-05-29 12:48:29.381,3,2.26,,256000000
2026-05-29 12:48:29.364,2,1.76,,256000000
2026-05-29 12:48:29.326,2,1.94,,256000000
2026-05-29 12:48:29.325,2,1.75,,256000000
2026-05-29 12:48:29.322,3,2.19,,256000000
2026-05-29 12:48:29.306,2,1.8,,256000000
2026-05-29 12:48:29.305,2,1.73,,256000000
2026-05-29 12:48:29.269,3,2.17,,256000000
2026-05-29 12:48:29.267,2,1.77,,256000000
2026-05-29 12:48:29.243,2,1.79,,256000000
2026-05-29 12:48:29.217,2,1.77,,256000000
2026-05-29 12:48:29.215,3,2.17,,256000000
2026-05-29 12:48:29.205,4,3.89,,256000000
2026-05-29 12:48:29.187,2,1.7,,256000000
2026-05-29 12:48:29.184,3,2.01,,256000000
2026-05-29 12:48:29.145,20,19.34,,256000000
2026-05-29 12:48:29.123,3,2.1,,256000000
2026-05-29 12:48:29.111,2,1.85,,256000000
2026-05-29 12:48:29.100,2,1.68,,256000000
2026-05-29 12:48:29.089,2,1.77,,256000000
2026-05-29 12:48:29.087,2,1.57,,256000000
2026-05-29 12:48:29.066,2,1.74,,256000000
2026-05-29 12:48:29.065,2,1.75,,256000000
2026-05-29 12:48:29.062,3,2.03,,256000000
2026-05-29 12:48:29.060,2,1.86,,256000000
2026-05-29 12:48:29.033,2,1.69,,256000000
2026-05-29 12:48:29.023,89,88.94,,256000000
2026-05-29 12:48:29.019,2,1.7,,256000000
2026-05-29 12:48:29.004,2,1.84,,256000000
2026-05-29 12:48:29.002,37,36.34,,256000000
2026-05-29 12:48:28.990,2,1.58,,256000000
2026-05-29 12:48:28.975,2,1.68,,256000000
2026-05-29 12:48:28.955,2,1.67,,256000000
2026-05-29 12:48:28.944,3,2.19,,256000000
2026-05-29 12:48:28.928,6,5.87,,256000000
2026-05-29 12:48:28.922,13,12.31,,256000000
2026-05-29 12:48:28.918,45,44.5,,256000000
2026-05-29 12:48:28.914,2,1.74,,256000000
2026-05-29 12:48:28.908,2,1.81,,256000000
2026-05-29 12:48:28.884,3,2.5,,256000000
2026-05-29 12:48:28.882,2,1.64,,256000000
2026-05-29 12:48:28.879,8,7.49,,256000000
2026-05-29 12:48:28.865,54,53.25,,256000000
2026-05-29 12:48:28.856,14,13.4,,256000000
2026-05-29 12:48:28.854,2,1.88,,256000000
2026-05-29 12:48:28.842,97,96.72,,256000000
2026-05-29 12:48:28.831,2,1.75,,256000000
2026-05-29 12:48:28.806,2,1.7,,256000000
2026-05-29 12:48:28.795,3,2.09,,256000000
2026-05-29 12:48:28.788,2,1.73,,256000000
2026-05-29 12:48:28.786,9,8.23,,256000000
2026-05-29 12:48:28.780,2,1.98,,256000000
2026-05-29 12:48:28.764,2,1.85,,256000000
2026-05-29 12:48:28.755,2,1.79,,256000000
2026-05-29 12:48:28.731,2,1.97,,256000000
2026-05-29 12:48:28.730,2,1.77,,256000000
2026-05-29 12:48:28.724,2,1.79,,256000000
2026-05-29 12:48:28.716,2,1.8,,256000000
2026-05-29 12:48:28.714,45,44.46,,256000000
2026-05-29 12:48:28.706,2,1.72,,256000000
2026-05-29 12:48:28.703,2,1.76,,256000000
2026-05-29 12:48:28.664,2,1.9,,256000000
2026-05-29 12:48:28.640,3,2.01,,256000000
2026-05-29 12:48:28.633,3,2.14,,256000000
2026-05-29 12:48:28.626,2,1.74,,256000000
2026-05-29 12:48:28.626,2,1.94,,256000000
2026-05-29 12:48:28.603,3,2.06,,256000000
2026-05-29 12:48:28.598,43,42.35,,256000000
2026-05-29 12:48:28.597,2,1.7,,256000000
2026-05-29 12:48:28.589,2,1.86,,256000000
2026-05-29 12:48:28.581,2,1.83,,256000000
2026-05-29 12:48:28.545,3,2.05,,256000000
2026-05-29 12:48:28.523,2,1.84,,256000000
2026-05-29 12:48:28.507,2,1.74,,256000000
2026-05-29 12:48:28.504,19,18.16,,256000000
2026-05-29 12:48:28.501,3,2.06,,256000000
2026-05-29 12:48:28.496,14,13.37,,256000000
2026-05-29 12:48:28.489,2,1.83,,256000000
2026-05-29 12:48:28.486,2,1.84,,256000000
2026-05-29 12:48:28.468,2,1.8,,256000000
2026-05-29 12:48:28.445,8,7.5,,256000000
2026-05-29 12:48:28.436,2,1.97,,256000000
2026-05-29 12:48:28.424,3,2.01,,256000000
2026-05-29 12:48:28.416,2,1.89,,256000000
2026-05-29 12:48:28.413,3,2.03,,256000000
2026-05-29 12:48:28.394,3,2.03,,256000000
2026-05-29 12:48:28.386,3,2.78,,256000000
2026-05-29 12:48:28.364,2,1.71,,256000000
2026-05-29 12:48:28.345,2,1.69,,256000000
2026-05-29 12:48:28.340,2,1.88,,256000000
2026-05-29 12:48:28.334,2,1.88,,256000000
2026-05-29 12:48:28.293,2,1.89,,256000000
2026-05-29 12:48:28.283,2,1.64,,256000000
2026-05-29 12:48:28.272,2,1.75,,256000000
2026-05-29 12:48:28.266,2,1.75,,256000000
2026-05-29 12:48:28.266,2,1.68,,256000000
2026-05-29 12:48:28.243,2,1.89,,256000000
2026-05-29 12:48:28.242,8,7.21,,256000000
2026-05-29 12:48:28.222,2,1.71,,256000000
2026-05-29 12:48:28.216,2,1.92,,256000000
2026-05-29 12:48:28.180,3,2.64,,256000000
2026-05-29 12:48:28.172,3,2.04,,256000000
2026-05-29 12:48:28.169,2,1.77,,256000000
2026-05-29 12:48:28.160,2,2,,256000000
2026-05-29 12:48:28.157,2,1.68,,256000000
2026-05-29 12:48:28.145,19,18.69,,256000000
2026-05-29 12:48:28.143,2,1.66,,256000000
2026-05-29 12:48:28.138,13,12.43,,256000000
2026-05-29 12:48:28.122,2,1.81,,256000000
2026-05-29 12:48:28.117,19,18.98,,256000000
2026-05-29 12:48:28.113,2,1.82,,256000000
2026-05-29 12:48:28.112,2,1.69,,256000000
2026-05-29 12:48:28.109,3,2.1,,256000000
2026-05-29 12:48:28.102,14,13.15,,256000000
2026-05-29 12:48:28.100,3,2.01,,256000000
2026-05-29 12:48:28.088,14,13.29,,256000000
2026-05-29 12:48:28.081,2,1.71,,256000000
2026-05-29 12:48:28.073,2,1.74,,256000000
2026-05-29 12:48:28.067,61,60.14,,256000000
2026-05-29 12:48:28.058,2,1.94,,256000000
2026-05-29 12:48:27.996,3,2.03,,256000000
2026-05-29 12:48:27.992,2,1.8,,256000000
2026-05-29 12:48:27.989,30,29.02,,256000000
2026-05-29 12:48:27.961,6,5.84,,256000000
2026-05-29 12:48:27.960,3,2.05,,256000000
2026-05-29 12:48:27.944,3,2.16,,256000000
2026-05-29 12:48:27.937,3,2.04,,256000000
2026-05-29 12:48:27.929,2,1.85,,256000000
2026-05-29 12:48:27.923,7,7,,256000000
2026-05-29 12:48:27.910,2,1.74,,256000000
2026-05-29 12:48:27.902,32,31.49,,256000000
2026-05-29 12:48:27.885,2,1.72,,256000000
2026-05-29 12:48:27.885,41,40.4,,256000000
2026-05-29 12:48:27.865,2,1.8,,256000000
2026-05-29 12:48:27.856,2,1.73,,256000000
2026-05-29 12:48:27.838,2,1.71,,256000000
2026-05-29 12:48:27.826,2,1.73,,256000000
2026-05-29 12:48:27.815,2,1.71,,256000000
2026-05-29 12:48:27.797,13,12.31,,256000000
2026-05-29 12:48:27.769,2,1.87,,256000000
2026-05-29 12:48:27.750,2,1.74,,256000000
2026-05-29 12:48:27.747,2,1.82,,256000000
2026-05-29 12:48:27.745,2,1.74,,256000000
2026-05-29 12:48:27.740,14,13.99,,256000000
2026-05-29 12:48:27.728,14,13.75,,256000000
2026-05-29 12:48:27.720,3,2.06,,256000000
2026-05-29 12:48:27.717,17,16.27,,256000000
2026-05-29 12:48:27.709,2,1.78,,256000000
2026-05-29 12:48:27.708,2,1.84,,256000000
2026-05-29 12:48:27.703,2,1.84,,256000000
2026-05-29 12:48:27.703,15,14.36,,256000000
2026-05-29 12:48:27.698,21,20.09,,256000000
2026-05-29 12:48:27.681,3,2.96,,256000000
2026-05-29 12:48:27.677,2,1.77,,256000000
2026-05-29 12:48:27.675,2,1.71,,256000000
2026-05-29 12:48:27.646,2,1.84,,256000000
2026-05-29 12:48:27.623,2,1.69,,256000000
2026-05-29 12:48:27.618,41,40.75,,256000000
2026-05-29 12:48:27.617,23,22.15,,256000000
2026-05-29 12:48:27.615,16,15.28,,256000000
2026-05-29 12:48:27.606,3,2,,256000000
2026-05-29 12:48:27.606,3,2.29,,256000000
2026-05-29 12:48:27.605,2,1.95,,256000000
2026-05-29 12:48:27.603,2,1.84,,256000000
2026-05-29 12:48:27.601,2,1.93,,256000000
2026-05-29 12:48:27.594,2,1.86,,256000000
2026-05-29 12:48:27.564,2,1.76,,256000000
2026-05-29 12:48:27.549,2,1.84,,256000000
2026-05-29 12:48:27.537,2,1.93,,256000000
2026-05-29 12:48:27.525,61,60.26,,256000000
2026-05-29 12:48:27.521,3,2.1,,256000000
2026-05-29 12:48:27.521,18,17.37,,256000000
2026-05-29 12:48:27.520,2,1.98,,256000000
2026-05-29 12:48:27.487,2,1.87,,256000000
2026-05-29 12:48:27.487,2,1.73,,256000000
2026-05-29 12:48:27.485,2,1.76,,256000000
2026-05-29 12:48:27.485,2,1.83,,256000000
2026-05-29 12:48:27.462,4,3.64,,256000000
2026-05-29 12:48:27.453,2,1.88,,256000000
2026-05-29 12:48:27.447,37,36.97,,256000000
2026-05-29 12:48:27.446,2,1.69,,256000000
2026-05-29 12:48:27.441,3,2.08,,256000000
2026-05-29 12:48:27.393,3,2.22,,256000000
2026-05-29 12:48:27.385,2,1.67,,256000000
2026-05-29 12:48:27.384,3,2.04,,256000000
2026-05-29 12:48:27.360,2,1.71,,256000000
2026-05-29 12:48:27.347,2,1.7,,256000000
2026-05-29 12:48:27.335,7,6.95,,256000000
2026-05-29 12:48:27.316,2,1.9,,256000000
2026-05-29 12:48:27.315,47,46.38,,256000000
2026-05-29 12:48:27.307,2,1.94,,256000000
2026-05-29 12:48:27.285,2,1.94,,256000000
2026-05-29 12:48:27.275,2,1.91,,256000000
2026-05-29 12:48:27.253,2,1.98,,256000000
2026-05-29 12:48:27.237,3,2.24,,256000000
2026-05-29 12:48:27.219,8,7.16,,256000000
2026-05-29 12:48:27.207,2,1.97,,256000000
2026-05-29 12:48:27.199,2,1.75,,256000000
2026-05-29 12:48:27.165,2,1.64,,256000000
2026-05-29 12:48:27.165,52,51.8,,256000000
2026-05-29 12:48:27.142,8,7.79,,256000000
2026-05-29 12:48:27.130,2,1.74,,256000000
2026-05-29 12:48:27.106,2,1.73,,256000000
2026-05-29 12:48:27.094,96,95.06,,256000000
2026-05-29 12:48:27.083,2,1.72,,256000000
2026-05-29 12:48:27.045,15,14.36,,256000000
2026-05-29 12:48:27.035,2,1.98,,256000000
2026-05-29 12:48:27.029,2,1.74,,256000000
2026-05-29 12:48:27.024,2,1.98,,256000000
2026-05-29 12:48:27.007,2,1.79,,256000000
2026-05-29 12:48:26.968,2,1.84,,256000000
2026-05-29 12:48:26.967,2,1.79,,256000000
2026-05-29 12:48:26.947,2,1.71,,256000000
2026-05-29 12:48:26.938,13,12.01,,256000000
2026-05-29 12:48:26.935,10,9.88,,256000000
2026-05-29 12:48:26.924,2,1.88,,256000000
2026-05-29 12:48:26.923,11,10.15,,256000000
2026-05-29 12:48:26.921,2,1.74,,256000000
2026-05-29 12:48:26.913,3,2.13,,256000000
2026-05-29 12:48:26.908,2,1.76,,256000000
2026-05-29 12:48:26.891,2,1.71,,256000000
2026-05-29 12:48:26.870,2,1.79,,256000000
2026-05-29 12:48:26.867,23,22.06,,256000000
2026-05-29 12:48:26.864,15,14.94,,256000000
2026-05-29 12:48:26.856,3,2.07,,256000000
2026-05-29 12:48:26.843,36,35.32,,256000000
2026-05-29 12:48:26.842,2,1.91,,256000000
2026-05-29 12:48:26.840,2,1.9,,256000000
2026-05-29 12:48:26.837,2,1.79,,256000000
2026-05-29 12:48:26.834,7,6.76,,256000000
2026-05-29 12:48:26.826,2,1.84,,256000000
2026-05-29 12:48:26.813,2,1.85,,256000000
2026-05-29 12:48:26.812,2,1.68,,256000000
2026-05-29 12:48:26.808,2,1.88,,256000000
2026-05-29 12:48:26.767,2,1.83,,256000000
2026-05-29 12:48:26.753,2,1.93,,256000000
2026-05-29 12:48:26.747,2,1.99,,256000000
2026-05-29 12:48:26.733,2,1.86,,256000000
2026-05-29 12:48:26.725,2,1.73,,256000000
2026-05-29 12:48:26.721,2,1.9,,256000000
2026-05-29 12:48:26.718,2,1.72,,256000000
2026-05-29 12:48:26.701,2,1.9,,256000000
2026-05-29 12:48:26.693,2,1.76,,256000000
2026-05-29 12:48:26.666,2,1.76,,256000000
2026-05-29 12:48:26.630,2,1.63,,256000000
2026-05-29 12:48:26.622,19,19,,256000000
2026-05-29 12:48:26.615,8,7.26,,256000000
2026-05-29 12:48:26.584,2,1.7,,256000000
2026-05-29 12:48:26.579,2,1.63,,256000000
2026-05-29 12:48:26.568,2,1.82,,256000000
2026-05-29 12:48:26.556,3,2.24,,256000000
2026-05-29 12:48:26.556,2,1.7,,256000000
2026-05-29 12:48:26.544,2,1.81,,256000000
2026-05-29 12:48:26.541,3,2.25,,256000000
2026-05-29 12:48:26.526,2,1.65,,256000000
2026-05-29 12:48:26.520,2,1.8,,256000000
2026-05-29 12:48:26.516,15,14.78,,256000000
2026-05-29 12:48:26.498,8,7.96,,256000000
2026-05-29 12:48:26.494,3,2.09,,256000000
2026-05-29 12:48:26.477,12,11.87,,256000000
2026-05-29 12:48:26.468,2,1.72,,256000000
2026-05-29 12:48:26.463,8,7.91,,256000000
2026-05-29 12:48:26.447,2,1.63,,256000000
2026-05-29 12:48:26.423,18,17.27,,256000000
2026-05-29 12:48:26.419,2,1.77,,256000000
2026-05-29 12:48:26.396,3,2.06,,256000000
2026-05-29 12:48:26.392,2,1.69,,256000000
2026-05-29 12:48:26.378,2,1.95,,256000000
2026-05-29 12:48:26.369,2,1.87,,256000000
2026-05-29 12:48:26.347,2,1.96,,256000000
2026-05-29 12:48:26.341,2,1.74,,256000000
2026-05-29 12:48:26.317,37,36.35,,256000000
2026-05-29 12:48:26.284,2,1.71,,256000000
2026-05-29 12:48:26.266,2,1.89,,256000000
2026-05-29 12:48:26.263,12,11.74,,256000000
2026-05-29 12:48:26.256,3,2.04,,256000000
2026-05-29 12:48:26.252,2,1.71,,256000000
2026-05-29 12:48:26.235,11,10.48,,256000000
2026-05-29 12:48:26.223,2,1.89,,256000000
2026-05-29 12:48:26.213,2,1.98,,256000000
2026-05-29 12:48:26.181,3,2.03,,256000000
2026-05-29 12:48:26.153,3,2.9,,256000000
2026-05-29 12:48:26.149,2,1.83,,256000000
2026-05-29 12:48:26.146,3,2.13,,256000000
2026-05-29 12:48:26.144,2,1.69,,256000000
2026-05-29 12:48:26.126,2,1.78,,256000000
2026-05-29 12:48:26.123,2,1.89,,256000000
2026-05-29 12:48:26.121,2,1.8,,256000000
2026-05-29 12:48:26.120,3,2.04,,256000000
2026-05-29 12:48:26.116,2,1.97,,256000000
2026-05-29 12:48:26.096,2,1.98,,256000000
2026-05-29 12:48:26.089,2,1.84,,256000000
2026-05-29 12:48:26.085,29,28.67,,256000000
2026-05-29 12:48:26.077,2,1.71,,256000000
2026-05-29 12:48:26.065,2,1.88,,256000000
2026-05-29 12:48:26.035,36,35.16,,256000000
2026-05-29 12:48:26.027,53,52.76,,256000000
2026-05-29 12:48:26.026,2,1.96,,256000000
2026-05-29 12:48:26.023,10,9.31,,256000000
2026-05-29 12:48:26.020,2,1.93,,256000000
2026-05-29 12:48:26.017,3,2.4,,256000000
2026-05-29 12:48:26.012,2,1.92,,256000000
2026-05-29 12:48:26.010,2,1.73,,256000000
2026-05-29 12:48:26.002,2,1.74,,256000000
2026-05-29 12:48:25.990,3,2.01,,256000000
2026-05-29 12:48:25.985,2,1.84,,256000000
2026-05-29 12:48:25.976,2,1.97,,256000000
2026-05-29 12:48:25.945,2,1.9,,256000000
2026-05-29 12:48:25.944,11,10.16,,256000000
2026-05-29 12:48:25.933,3,2.56,,256000000
2026-05-29 12:48:25.923,3,2.89,,256000000
2026-05-29 12:48:25.917,2,1.81,,256000000
2026-05-29 12:48:25.886,2,1.81,,256000000
2026-05-29 12:48:25.877,2,1.76,,256000000
2026-05-29 12:48:25.865,2,1.82,,256000000
2026-05-29 12:48:25.864,3,2.17,,256000000
2026-05-29 12:48:25.860,3,2.08,,256000000
2026-05-29 12:48:25.859,3,2.23,,256000000
2026-05-29 12:48:25.850,2,1.75,,256000000
2026-05-29 12:48:25.845,3,2.03,,256000000
2026-05-29 12:48:25.843,2,1.74,,256000000
2026-05-29 12:48:25.827,2,1.69,,256000000
2026-05-29 12:48:25.824,2,1.66,,256000000
2026-05-29 12:48:25.820,2,1.93,,256000000
2026-05-29 12:48:25.815,2,1.7,,256000000
2026-05-29 12:48:25.780,5,4.1,,256000000
2026-05-29 12:48:25.760,3,2.06,,256000000
2026-05-29 12:48:25.734,2,1.78,,256000000
2026-05-29 12:48:25.722,3,2.11,,256000000
2026-05-29 12:48:25.701,21,20.64,,256000000
2026-05-29 12:48:25.696,2,1.71,,256000000
2026-05-29 12:48:25.665,2,1.71,,256000000
2026-05-29 12:48:25.662,8,7.25,,256000000
2026-05-29 12:48:25.641,40,39.12,,256000000
2026-05-29 12:48:25.626,2,1.8,,256000000
2026-05-29 12:48:25.623,87,86.05,,256000000
2026-05-29 12:48:25.618,3,2.22,,256000000
2026-05-29 12:48:25.607,2,1.86,,256000000
2026-05-29 12:48:25.589,3,2.17,,256000000
2026-05-29 12:48:25.587,2,1.94,,256000000
2026-05-29 12:48:25.578,20,19.35,,256000000
2026-05-29 12:48:25.564,3,2.51,,256000000
2026-05-29 12:48:25.560,2,1.96,,256000000
2026-05-29 12:48:25.556,3,2.15,,256000000
2026-05-29 12:48:25.546,2,1.98,,256000000
2026-05-29 12:48:25.539,14,13.63,,256000000
2026-05-29 12:48:25.525,3,2.02,,256000000
2026-05-29 12:48:25.510,2,1.78,,256000000
2026-05-29 12:48:25.504,3,2.26,,256000000
2026-05-29 12:48:25.497,3,2.17,,256000000
2026-05-29 12:48:25.489,2,1.71,,256000000
2026-05-29 12:48:25.473,2,1.86,,256000000
2026-05-29 12:48:25.465,14,13.14,,256000000
2026-05-29 12:48:25.458,21,20.44,,256000000
2026-05-29 12:48:25.444,2,1.97,,256000000
2026-05-29 12:48:25.438,2,1.86,,256000000
2026-05-29 12:48:25.429,2,1.64,,256000000
2026-05-29 12:48:25.396,2,1.82,,256000000
2026-05-29 12:48:25.384,2,1.86,,256000000
2026-05-29 12:48:25.382,3,2.01,,256000000
2026-05-29 12:48:25.358,30,29.88,,256000000
2026-05-29 12:48:25.324,2,1.76,,256000000
2026-05-29 12:48:25.318,47,46.7,,256000000
2026-05-29 12:48:25.313,2,1.79,,256000000
2026-05-29 12:48:25.304,2,1.95,,256000000
2026-05-29 12:48:25.264,3,2.03,,256000000
2026-05-29 12:48:25.229,2,1.77,,256000000
2026-05-29 12:48:25.205,19,18.72,,256000000
2026-05-29 12:48:25.167,2,1.79,,256000000
2026-05-29 12:48:25.165,2,1.77,,256000000
2026-05-29 12:48:25.163,69,68.61,,256000000
2026-05-29 12:48:25.158,2,1.96,,256000000
2026-05-29 12:48:25.153,2,1.92,,256000000
2026-05-29 12:48:25.151,2,1.64,,256000000
2026-05-29 12:48:25.124,2,1.99,,256000000
2026-05-29 12:48:25.114,3,2.15,,256000000
2026-05-29 12:48:25.106,2,1.96,,256000000
2026-05-29 12:48:25.095,2,1.84,,256000000
2026-05-29 12:48:25.091,2,1.9,,256000000
2026-05-29 12:48:25.083,8,7.66,,256000000
2026-05-29 12:48:25.071,2,1.67,,256000000
2026-05-29 12:48:25.062,3,2.08,,256000000
2026-05-29 12:48:25.045,4,3.1,,256000000
2026-05-29 12:48:25.032,2,1.86,,256000000
2026-05-29 12:48:25.025,15,14.2,,256000000
2026-05-29 12:48:25.024,15,14.22,,256000000
2026-05-29 12:48:25.003,4,3.51,,256000000
2026-05-29 12:48:25.002,22,21.7,,256000000
2026-05-29 12:48:24.988,10,9.12,,256000000
2026-05-29 12:48:24.984,2,1.89,,256000000
2026-05-29 12:48:24.982,2,1.93,,256000000
2026-05-29 12:48:24.981,2,1.95,,256000000
2026-05-29 12:48:24.978,3,2.83,,256000000
2026-05-29 12:48:24.967,17,16.59,,256000000
2026-05-29 12:48:24.958,2,1.71,,256000000
2026-05-29 12:48:24.932,2,1.91,,256000000
2026-05-29 12:48:24.922,2,1.71,,256000000
2026-05-29 12:48:24.922,18,17.74,,256000000
2026-05-29 12:48:24.917,2,1.92,,256000000
2026-05-29 12:48:24.906,8,7.35,,256000000
2026-05-29 12:48:24.893,2,1.92,,256000000
2026-05-29 12:48:24.835,7,6.83,,256000000
2026-05-29 12:48:24.827,3,2.07,,256000000
2026-05-29 12:48:24.813,3,2.08,,256000000
2026-05-29 12:48:24.805,21,20.34,,256000000
2026-05-29 12:48:24.791,2,1.68,,256000000
2026-05-29 12:48:24.775,48,47.37,,256000000
2026-05-29 12:48:24.774,2,1.71,,256000000
2026-05-29 12:48:24.759,3,2.04,,256000000
2026-05-29 12:48:24.726,11,10.01,,256000000
2026-05-29 12:48:24.715,26,25.2,,256000000
2026-05-29 12:48:24.705,44,43.94,,256000000
2026-05-29 12:48:24.703,2,1.74,,256000000
2026-05-29 12:48:24.698,48,47.27,,256000000
2026-05-29 12:48:24.694,2,1.77,,256000000
2026-05-29 12:48:24.690,2,1.71,,256000000
2026-05-29 12:48:24.688,18,17.64,,256000000
2026-05-29 12:48:24.681,3,2.15,,256000000
2026-05-29 12:48:24.679,2,1.59,,256000000
2026-05-29 12:48:24.673,2,1.63,,256000000
2026-05-29 12:48:24.663,23,22.73,,256000000
2026-05-29 12:48:24.656,2,1.85,,256000000
2026-05-29 12:48:24.651,3,2.12,,256000000
2026-05-29 12:48:24.638,14,13.88,,256000000
2026-05-29 12:48:24.622,2,1.83,,256000000
2026-05-29 12:48:24.613,2,1.84,,256000000
2026-05-29 12:48:24.605,3,2.04,,256000000
2026-05-29 12:48:24.586,2,1.76,,256000000
2026-05-29 12:48:24.579,2,1.87,,256000000
2026-05-29 12:48:24.568,2,1.67,,256000000
2026-05-29 12:48:24.561,2,1.83,,256000000
2026-05-29 12:48:24.559,2,1.75,,256000000
2026-05-29 12:48:24.544,17,16.01,,256000000
2026-05-29 12:48:24.536,3,2.02,,256000000
2026-05-29 12:48:24.526,11,10.36,,256000000
2026-05-29 12:48:24.521,2,1.94,,256000000
2026-05-29 12:48:24.505,2,2,,256000000
2026-05-29 12:48:24.494,7,6.41,,256000000
2026-05-29 12:48:24.485,2,1.85,,256000000
2026-05-29 12:48:24.484,2,1.93,,256000000
2026-05-29 12:48:24.481,2,1.83,,256000000
2026-05-29 12:48:24.473,2,1.92,,256000000
2026-05-29 12:48:24.453,2,1.89,,256000000
2026-05-29 12:48:24.438,3,2.01,,256000000
2026-05-29 12:48:24.416,3,2.05,,256000000
2026-05-29 12:48:24.398,9,8.87,,256000000
2026-05-29 12:48:24.384,2,1.67,,256000000
2026-05-29 12:48:24.377,2,1.6,,256000000
2026-05-29 12:48:24.365,15,14.26,,256000000
2026-05-29 12:48:24.354,2,1.74,,256000000
2026-05-29 12:48:24.334,2,1.65,,256000000
2026-05-29 12:48:24.333,2,1.68,,256000000
2026-05-29 12:48:24.327,2,1.74,,256000000
2026-05-29 12:48:24.326,41,40.51,,256000000
2026-05-29 12:48:24.306,2,1.82,,256000000
2026-05-29 12:48:24.286,2,1.99,,256000000
2026-05-29 12:48:24.284,2,1.81,,256000000
2026-05-29 12:48:24.283,2,1.99,,256000000
2026-05-29 12:48:24.273,2,2,,256000000
2026-05-29 12:48:24.265,2,1.79,,256000000
2026-05-29 12:48:24.264,2,1.98,,256000000
2026-05-29 12:48:24.225,2,1.72,,256000000
2026-05-29 12:48:24.217,2,1.81,,256000000
2026-05-29 12:48:24.198,17,16.03,,256000000
2026-05-29 12:48:24.191,2,1.81,,256000000
2026-05-29 12:48:24.155,3,2.44,,256000000
2026-05-29 12:48:24.141,2,1.7,,256000000
2026-05-29 12:48:24.137,2,1.93,,256000000
2026-05-29 12:48:24.115,2,1.74,,256000000
2026-05-29 12:48:24.104,2,1.9,,256000000
2026-05-29 12:48:24.099,2,1.84,,256000000
2026-05-29 12:48:24.079,40,39.56,,256000000
2026-05-29 12:48:24.077,2,1.67,,256000000
2026-05-29 12:48:24.076,3,2.78,,256000000
2026-05-29 12:48:24.064,2,1.84,,256000000
2026-05-29 12:48:24.063,2,1.96,,256000000
2026-05-29 12:48:24.057,2,1.65,,256000000
2026-05-29 12:48:24.028,2,1.86,,256000000
2026-05-29 12:48:24.024,2,1.84,,256000000
2026-05-29 12:48:24.021,8,7.54,,256000000
2026-05-29 12:48:24.019,3,2.11,,256000000
2026-05-29 12:48:24.017,2,1.9,,256000000
2026-05-29 12:48:24.016,3,2.22,,256000000
2026-05-29 12:48:24.016,2,1.78,,256000000
2026-05-29 12:48:24.005,2,1.87,,256000000
2026-05-29 12:48:23.997,2,1.73,,256000000
2026-05-29 12:48:23.985,3,2.06,,256000000
2026-05-29 12:48:23.983,42,41.37,,256000000
2026-05-29 12:48:23.949,2,1.87,,256000000
2026-05-29 12:48:23.945,2,1.89,,256000000
2026-05-29 12:48:23.932,2,1.94,,256000000
2026-05-29 12:48:23.924,2,1.83,,256000000
2026-05-29 12:48:23.924,3,2.11,,256000000
2026-05-29 12:48:23.923,2,1.81,,256000000
2026-05-29 12:48:23.896,2,1.93,,256000000
2026-05-29 12:48:23.890,2,1.76,,256000000
2026-05-29 12:48:23.886,13,12.03,,256000000
2026-05-29 12:48:23.869,3,2.15,,256000000
2026-05-29 12:48:23.865,2,1.82,,256000000
2026-05-29 12:48:23.865,2,1.84,,256000000
2026-05-29 12:48:23.849,2,1.69,,256000000
2026-05-29 12:48:23.839,2,1.84,,256000000
2026-05-29 12:48:23.827,34,33.26,,256000000
2026-05-29 12:48:23.826,2,1.67,,256000000
2026-05-29 12:48:23.796,3,2.02,,256000000
2026-05-29 12:48:23.782,2,1.73,,256000000
2026-05-29 12:48:23.771,2,1.74,,256000000
2026-05-29 12:48:23.769,2,1.79,,256000000
2026-05-29 12:48:23.742,32,31.46,,256000000
2026-05-29 12:48:23.726,2,1.88,,256000000
2026-05-29 12:48:23.725,2,2,,256000000
2026-05-29 12:48:23.717,3,2.13,,256000000
2026-05-29 12:48:23.704,2,1.96,,256000000
2026-05-29 12:48:23.699,2,1.52,,256000000
2026-05-29 12:48:23.697,2,1.79,,256000000
2026-05-29 12:48:23.695,2,1.74,,256000000
2026-05-29 12:48:23.651,2,1.83,,256000000
2026-05-29 12:48:23.610,2,1.73,,256000000
2026-05-29 12:48:23.608,3,2.15,,256000000
2026-05-29 12:48:23.603,2,1.95,,256000000
2026-05-29 12:48:23.578,2,1.89,,256000000
2026-05-29 12:48:23.563,46,45.34,,256000000
2026-05-29 12:48:23.545,2,1.78,,256000000
2026-05-29 12:48:23.543,4,3.97,,256000000
2026-05-29 12:48:23.522,2,1.82,,256000000
2026-05-29 12:48:23.518,11,10.67,,256000000
2026-05-29 12:48:23.512,2,1.74,,256000000
2026-05-29 12:48:23.510,3,2.26,,256000000
2026-05-29 12:48:23.496,2,1.92,,256000000
2026-05-29 12:48:23.483,22,21.23,,256000000
2026-05-29 12:48:23.464,2,1.82,,256000000
2026-05-29 12:48:23.444,2,1.77,,256000000
2026-05-29 12:48:23.421,2,1.86,,256000000
2026-05-29 12:48:23.408,2,1.81,,256000000
2026-05-29 12:48:23.404,13,12.96,,256000000
2026-05-29 12:48:23.383,21,20.35,,256000000
2026-05-29 12:48:23.383,2,1.74,,256000000
2026-05-29 12:48:23.374,2,1.81,,256000000
2026-05-29 12:48:23.343,21,20.28,,256000000
2026-05-29 12:48:23.342,9,8.66,,256000000
2026-05-29 12:48:23.310,2,1.94,,256000000
2026-05-29 12:48:23.305,21,20.14,,256000000
2026-05-29 12:48:23.305,2,1.76,,256000000
2026-05-29 12:48:23.304,4,3.29,,256000000
2026-05-29 12:48:23.298,19,18.89,,256000000
2026-05-29 12:48:23.281,14,13.33,,256000000
2026-05-29 12:48:23.266,41,40.31,,256000000
2026-05-29 12:48:23.259,2,1.96,,256000000
2026-05-29 12:48:23.246,3,2.13,,256000000
2026-05-29 12:48:23.246,2,1.82,,256000000
2026-05-29 12:48:23.241,3,2.13,,256000000
2026-05-29 12:48:23.239,23,22.08,,256000000
2026-05-29 12:48:23.225,2,1.83,,256000000
2026-05-29 12:48:23.225,2,1.85,,256000000
2026-05-29 12:48:23.219,2,1.93,,256000000
2026-05-29 12:48:23.219,2,1.69,,256000000
2026-05-29 12:48:23.205,2,1.64,,256000000
2026-05-29 12:48:23.190,2,1.73,,256000000
2026-05-29 12:48:23.184,4,3.7,,256000000
2026-05-29 12:48:23.174,2,1.68,,256000000
2026-05-29 12:48:23.163,2,1.92,,256000000
2026-05-29 12:48:23.130,2,1.73,,256000000
2026-05-29 12:48:23.127,24,23.36,,256000000
2026-05-29 12:48:23.118,2,1.92,,256000000
2026-05-29 12:48:23.114,2,1.87,,256000000
2026-05-29 12:48:23.107,4,3.9,,256000000
2026-05-29 12:48:23.086,2,1.69,,256000000
2026-05-29 12:48:23.062,2,1.91,,256000000
2026-05-29 12:48:23.055,50,49.78,,256000000
2026-05-29 12:48:23.025,40,39.14,,256000000
2026-05-29 12:48:23.016,2,1.96,,256000000
2026-05-29 12:48:23.003,2,1.91,,256000000
2026-05-29 12:48:22.994,2,1.9,,256000000
2026-05-29 12:48:22.988,2,1.84,,256000000
2026-05-29 12:48:22.967,2,1.96,,256000000
2026-05-29 12:48:22.955,46,45.72,,256000000
2026-05-29 12:48:22.950,2,1.73,,256000000
2026-05-29 12:48:22.926,29,28.5,,256000000
2026-05-29 12:48:22.924,10,9.24,,256000000
2026-05-29 12:48:22.908,2,1.75,,256000000
2026-05-29 12:48:22.904,42,41.34,,256000000
2026-05-29 12:48:22.902,2,1.76,,256000000
2026-05-29 12:48:22.898,2,1.64,,256000000
2026-05-29 12:48:22.874,54,53.63,,256000000
2026-05-29 12:48:22.869,2,1.61,,256000000
2026-05-29 12:48:22.866,3,2.28,,256000000
2026-05-29 12:48:22.865,2,1.97,,256000000
2026-05-29 12:48:22.859,2,1.95,,256000000
2026-05-29 12:48:22.825,3,2.46,,256000000
2026-05-29 12:48:22.786,15,14.85,,256000000
2026-05-29 12:48:22.765,4,3.01,,256000000
2026-05-29 12:48:22.764,70,69.57,,256000000
2026-05-29 12:48:22.760,2,1.85,,256000000
2026-05-29 12:48:22.754,9,8.98,,256000000
2026-05-29 12:48:22.744,2,1.85,,256000000
2026-05-29 12:48:22.742,19,18.52,,256000000
2026-05-29 12:48:22.740,2,1.72,,256000000
2026-05-29 12:48:22.740,2,1.9,,256000000
2026-05-29 12:48:22.733,2,1.9,,256000000
2026-05-29 12:48:22.732,2,1.93,,256000000
2026-05-29 12:48:22.718,16,15.43,,256000000
2026-05-29 12:48:22.715,8,7.09,,256000000
2026-05-29 12:48:22.708,2,1.68,,256000000
2026-05-29 12:48:22.708,2,1.7,,256000000
2026-05-29 12:48:22.695,2,1.88,,256000000
2026-05-29 12:48:22.681,2,1.71,,256000000
2026-05-29 12:48:22.676,2,1.77,,256000000
2026-05-29 12:48:22.676,3,2.06,,256000000
2026-05-29 12:48:22.668,2,1.72,,256000000
2026-05-29 12:48:22.660,2,1.66,,256000000
2026-05-29 12:48:22.650,2,1.94,,256000000
2026-05-29 12:48:22.605,3,2.06,,256000000
2026-05-29 12:48:22.604,31,30.28,,256000000
2026-05-29 12:48:22.603,2,1.77,,256000000
2026-05-29 12:48:22.598,15,14.68,,256000000
2026-05-29 12:48:22.594,2,1.65,,256000000
2026-05-29 12:48:22.591,2,1.95,,256000000
2026-05-29 12:48:22.563,3,2.08,,256000000
2026-05-29 12:48:22.557,2,1.67,,256000000
2026-05-29 12:48:22.533,2,1.7,,256000000
2026-05-29 12:48:22.505,2,1.92,,256000000
2026-05-29 12:48:22.502,3,2.11,,256000000
2026-05-29 12:48:22.496,2,1.97,,256000000
2026-05-29 12:48:22.485,12,11.72,,256000000
2026-05-29 12:48:22.465,2,1.7,,256000000
2026-05-29 12:48:22.463,14,13.16,,256000000
2026-05-29 12:48:22.440,2,1.66,,256000000
2026-05-29 12:48:22.425,3,2.05,,256000000
2026-05-29 12:48:22.408,2,1.78,,256000000
2026-05-29 12:48:22.406,2,1.76,,256000000
2026-05-29 12:48:22.399,2,1.81,,256000000
2026-05-29 12:48:22.393,2,1.71,,256000000
2026-05-29 12:48:22.373,2,1.72,,256000000
2026-05-29 12:48:22.364,32,31.28,,256000000
2026-05-29 12:48:22.337,3,2.16,,256000000
2026-05-29 12:48:22.337,2,1.9,,256000000
2026-05-29 12:48:22.336,2,1.64,,256000000
2026-05-29 12:48:22.331,2,1.88,,256000000
2026-05-29 12:48:22.304,6,5.07,,256000000
2026-05-29 12:48:22.293,2,1.7,,256000000
2026-05-29 12:48:22.275,2,1.56,,256000000
2026-05-29 12:48:22.266,2,1.68,,256000000
2026-05-29 12:48:22.243,4,3.23,,256000000
2026-05-29 12:48:22.239,2,1.71,,256000000
2026-05-29 12:48:22.210,2,1.74,,256000000
2026-05-29 12:48:22.203,2,1.66,,256000000
2026-05-29 12:48:22.166,2,1.76,,256000000
2026-05-29 12:48:22.164,10,9.8,,256000000
2026-05-29 12:48:22.157,4,3.59,,256000000
2026-05-29 12:48:22.143,3,2.04,,256000000
2026-05-29 12:48:22.122,6,5.27,,256000000
2026-05-29 12:48:22.121,2,1.79,,256000000
2026-05-29 12:48:22.120,2,1.86,,256000000
2026-05-29 12:48:22.120,2,1.7,,256000000
2026-05-29 12:48:22.102,12,11.85,,256000000
2026-05-29 12:48:22.097,11,10.73,,256000000
2026-05-29 12:48:22.081,2,1.79,,256000000
2026-05-29 12:48:22.077,2,1.69,,256000000
2026-05-29 12:48:22.074,2,1.75,,256000000
2026-05-29 12:48:22.067,2,1.8,,256000000
2026-05-29 12:48:22.056,3,2.02,,256000000
2026-05-29 12:48:22.046,2,1.84,,256000000
2026-05-29 12:48:22.037,7,6.23,,256000000
2026-05-29 12:48:22.026,6,5.23,,256000000
2026-05-29 12:48:22.021,3,2.09,,256000000
2026-05-29 12:48:22.014,2,1.99,,256000000
2026-05-29 12:48:22.013,9,8.22,,256000000
2026-05-29 12:48:22.002,2,1.99,,256000000
2026-05-29 12:48:21.981,2,1.65,,256000000
2026-05-29 12:48:21.981,6,5.02,,256000000
2026-05-29 12:48:21.977,2,1.79,,256000000
2026-05-29 12:48:21.926,2,1.69,,256000000
2026-05-29 12:48:21.921,2,1.93,,256000000
2026-05-29 12:48:21.914,17,16.77,,256000000
2026-05-29 12:48:21.881,2,1.75,,256000000
2026-05-29 12:48:21.860,2,1.71,,256000000
2026-05-29 12:48:21.855,8,7.15,,256000000
2026-05-29 12:48:21.854,2,1.76,,256000000
2026-05-29 12:48:21.849,2,1.73,,256000000
2026-05-29 12:48:21.840,2,1.85,,256000000
2026-05-29 12:48:21.834,17,16.45,,256000000
2026-05-29 12:48:21.818,2,1.69,,256000000
2026-05-29 12:48:21.804,2,1.81,,256000000
2026-05-29 12:48:21.800,2,1.82,,256000000
2026-05-29 12:48:21.785,2,1.94,,256000000
2026-05-29 12:48:21.778,2,1.72,,256000000
2026-05-29 12:48:21.768,2,1.72,,256000000
2026-05-29 12:48:21.747,8,7.67,,256000000
2026-05-29 12:48:21.744,2,1.86,,256000000
2026-05-29 12:48:21.735,31,30.49,,256000000
2026-05-29 12:48:21.710,2,1.94,,256000000
2026-05-29 12:48:21.688,2,1.7,,256000000
2026-05-29 12:48:21.687,3,2.05,,256000000
2026-05-29 12:48:21.685,2,1.83,,256000000
2026-05-29 12:48:21.681,2,1.99,,256000000
2026-05-29 12:48:21.679,2,1.83,,256000000
2026-05-29 12:48:21.677,2,1.74,,256000000
2026-05-29 12:48:21.674,2,1.87,,256000000
2026-05-29 12:48:21.639,2,1.61,,256000000
2026-05-29 12:48:21.612,2,1.61,,256000000
2026-05-29 12:48:21.575,9,8.21,,256000000
2026-05-29 12:48:21.559,2,1.66,,256000000
2026-05-29 12:48:21.518,2,1.75,,256000000
2026-05-29 12:48:21.514,8,7.06,,256000000
2026-05-29 12:48:21.495,2,1.68,,256000000
2026-05-29 12:48:21.494,3,2.01,,256000000
2026-05-29 12:48:21.479,2,1.69,,256000000
2026-05-29 12:48:21.460,2,1.71,,256000000
2026-05-29 12:48:21.453,2,1.85,,256000000
2026-05-29 12:48:21.426,2,1.89,,256000000
2026-05-29 12:48:21.426,3,2.05,,256000000
2026-05-29 12:48:21.422,2,1.68,,256000000
2026-05-29 12:48:21.421,3,2.18,,256000000
2026-05-29 12:48:21.394,2,1.97,,256000000
2026-05-29 12:48:21.392,2,1.76,,256000000
2026-05-29 12:48:21.386,2,1.71,,256000000
2026-05-29 12:48:21.385,14,13.25,,256000000
2026-05-29 12:48:21.366,2,1.98,,256000000
2026-05-29 12:48:21.323,9,8.33,,256000000
2026-05-29 12:48:21.322,14,13.75,,256000000
2026-05-29 12:48:21.298,2,1.77,,256000000
2026-05-29 12:48:21.297,2,1.79,,256000000
2026-05-29 12:48:21.294,2,1.72,,256000000
2026-05-29 12:48:21.293,2,1.87,,256000000
2026-05-29 12:48:21.287,2,1.91,,256000000
2026-05-29 12:48:21.264,2,1.66,,256000000
2026-05-29 12:48:21.264,2,1.8,,256000000
2026-05-29 12:48:21.246,2,1.77,,256000000
2026-05-29 12:48:21.214,20,19.27,,256000000
2026-05-29 12:48:21.193,2,1.76,,256000000
2026-05-29 12:48:21.174,9,8.03,,256000000
2026-05-29 12:48:21.162,2,1.97,,256000000
2026-05-29 12:48:21.159,2,1.74,,256000000
2026-05-29 12:48:21.153,15,14.11,,256000000
2026-05-29 12:48:21.149,2,1.71,,256000000
2026-05-29 12:48:21.133,2,1.95,,256000000
2026-05-29 12:48:21.128,2,1.76,,256000000
2026-05-29 12:48:21.122,2,1.89,,256000000
2026-05-29 12:48:21.104,2,1.66,,256000000
2026-05-29 12:48:21.083,2,1.8,,256000000
2026-05-29 12:48:21.077,19,18.39,,256000000
2026-05-29 12:48:21.070,2,1.75,,256000000
2026-05-29 12:48:21.065,2,1.88,,256000000
2026-05-29 12:48:21.063,20,19.76,,256000000
2026-05-29 12:48:21.061,2,1.67,,256000000
2026-05-29 12:48:21.039,2,1.76,,256000000
2026-05-29 12:48:21.038,2,1.72,,256000000
2026-05-29 12:48:21.004,3,2.96,,256000000
2026-05-29 12:48:20.998,26,25.9,,256000000
2026-05-29 12:48:20.996,2,1.64,,256000000
2026-05-29 12:48:20.994,2,1.86,,256000000
2026-05-29 12:48:20.986,2,1.98,,256000000
2026-05-29 12:48:20.983,16,15.68,,256000000
2026-05-29 12:48:20.975,2,1.71,,256000000
2026-05-29 12:48:20.961,3,2.12,,256000000
2026-05-29 12:48:20.958,5,4.94,,256000000
2026-05-29 12:48:20.956,2,1.83,,256000000
2026-05-29 12:48:20.955,2,1.61,,256000000
2026-05-29 12:48:20.951,2,1.83,,256000000
2026-05-29 12:48:20.936,2,1.87,,256000000
2026-05-29 12:48:20.929,2,1.83,,256000000
2026-05-29 12:48:20.909,2,1.67,,256000000
2026-05-29 12:48:20.905,6,5.37,,256000000
2026-05-29 12:48:20.884,2,1.93,,256000000
2026-05-29 12:48:20.864,3,2.09,,256000000
2026-05-29 12:48:20.861,2,1.85,,256000000
2026-05-29 12:48:20.847,2,1.93,,256000000
2026-05-29 12:48:20.831,2,1.75,,256000000
2026-05-29 12:48:20.806,2,1.65,,256000000
2026-05-29 12:48:20.800,2,1.74,,256000000
2026-05-29 12:48:20.789,2,1.72,,256000000
2026-05-29 12:48:20.766,2,1.85,,256000000
2026-05-29 12:48:20.759,2,1.83,,256000000
2026-05-29 12:48:20.749,2,1.74,,256000000
2026-05-29 12:48:20.744,2,1.72,,256000000
2026-05-29 12:48:20.743,2,1.74,,256000000
2026-05-29 12:48:20.734,18,17.34,,256000000
2026-05-29 12:48:20.726,2,1.7,,256000000
2026-05-29 12:48:20.719,2,1.79,,256000000
2026-05-29 12:48:20.718,2,1.59,,256000000
2026-05-29 12:48:20.714,2,1.66,,256000000
2026-05-29 12:48:20.682,2,1.81,,256000000
2026-05-29 12:48:20.666,2,1.62,,256000000
2026-05-29 12:48:20.661,2,1.81,,256000000
2026-05-29 12:48:20.640,2,1.93,,256000000
2026-05-29 12:48:20.633,3,2.11,,256000000
2026-05-29 12:48:20.610,2,1.97,,256000000
2026-05-29 12:48:20.605,2,1.91,,256000000
2026-05-29 12:48:20.601,6,5.75,,256000000
2026-05-29 12:48:20.593,3,2.04,,256000000
2026-05-29 12:48:20.581,2,1.9,,256000000
2026-05-29 12:48:20.575,3,2.03,,256000000
2026-05-29 12:48:20.573,2,1.85,,256000000
2026-05-29 12:48:20.559,2,1.78,,256000000
2026-05-29 12:48:20.541,2,1.75,,256000000
2026-05-29 12:48:20.534,11,10.62,,256000000
2026-05-29 12:48:20.515,2,1.71,,256000000
2026-05-29 12:48:20.514,3,2.09,,256000000
2026-05-29 12:48:20.494,21,20.9,,256000000
2026-05-29 12:48:20.456,2,1.69,,256000000
2026-05-29 12:48:20.456,2,1.76,,256000000
2026-05-29 12:48:20.452,2,1.81,,256000000
2026-05-29 12:48:20.433,2,1.81,,256000000
2026-05-29 12:48:20.424,2,1.89,,256000000
2026-05-29 12:48:20.419,3,2.05,,256000000
2026-05-29 12:48:20.370,2,1.82,,256000000
2026-05-29 12:48:20.367,22,21.65,,256000000
2026-05-29 12:48:20.344,2,1.95,,256000000
2026-05-29 12:48:20.335,2,1.88,,256000000
2026-05-29 12:48:20.326,2,1.8,,256000000
2026-05-29 12:48:20.315,2,1.68,,256000000
2026-05-29 12:48:20.306,2,1.78,,256000000
2026-05-29 12:48:20.294,2,1.9,,256000000
2026-05-29 12:48:20.267,2,1.91,,256000000
2026-05-29 12:48:20.255,26,25.84,,256000000
2026-05-29 12:48:20.254,2,1.86,,256000000
2026-05-29 12:48:20.249,2,1.79,,256000000
2026-05-29 12:48:20.245,3,2.24,,256000000
2026-05-29 12:48:20.240,2,1.7,,256000000
2026-05-29 12:48:20.216,2,1.98,,256000000
2026-05-29 12:48:20.214,2,1.87,,256000000
2026-05-29 12:48:20.212,2,1.89,,256000000
2026-05-29 12:48:20.193,2,1.88,,256000000
2026-05-29 12:48:20.185,6,5.57,,256000000
2026-05-29 12:48:20.179,2,1.89,,256000000
2026-05-29 12:48:20.174,7,6.33,,256000000
2026-05-29 12:48:20.171,2,1.67,,256000000
2026-05-29 12:48:20.155,2,1.74,,256000000
2026-05-29 12:48:20.117,12,11.06,,256000000
2026-05-29 12:48:20.115,3,2.25,,256000000
2026-05-29 12:48:20.105,10,9.49,,256000000
2026-05-29 12:48:20.103,2,1.78,,256000000
2026-05-29 12:48:20.096,2,1.68,,256000000
2026-05-29 12:48:20.083,2,1.7,,256000000
2026-05-29 12:48:20.074,12,11.69,,256000000
2026-05-29 12:48:20.073,2,1.85,,256000000
2026-05-29 12:48:20.067,17,16.76,,256000000
2026-05-29 12:48:20.054,49,48.89,,256000000
2026-05-29 12:48:20.024,3,2.2,,256000000
2026-05-29 12:48:20.019,2,1.65,,256000000
2026-05-29 12:48:20.005,2,1.68,,256000000
2026-05-29 12:48:19.962,3,2.41,,256000000
2026-05-29 12:48:19.946,2,1.76,,256000000
2026-05-29 12:48:19.935,3,2.33,,256000000
2026-05-29 12:48:19.905,10,9.09,,256000000
2026-05-29 12:48:19.898,2,1.74,,256000000
2026-05-29 12:48:19.896,2,1.72,,256000000
2026-05-29 12:48:19.892,2,1.85,,256000000
2026-05-29 12:48:19.881,2,1.93,,256000000
2026-05-29 12:48:19.873,9,8.21,,256000000
2026-05-29 12:48:19.861,3,2.02,,256000000
2026-05-29 12:48:19.853,3,2.3,,256000000
2026-05-29 12:48:19.853,2,1.96,,256000000
2026-05-29 12:48:19.849,3,2.74,,256000000
2026-05-29 12:48:19.817,2,1.87,,256000000
2026-05-29 12:48:19.805,2,1.66,,256000000
2026-05-29 12:48:19.756,3,2.02,,256000000
2026-05-29 12:48:19.739,2,1.73,,256000000
2026-05-29 12:48:19.733,19,18.94,,256000000
2026-05-29 12:48:19.724,2,1.92,,256000000
2026-05-29 12:48:19.713,2,1.91,,256000000
2026-05-29 12:48:19.708,2,1.81,,256000000
2026-05-29 12:48:19.703,2,1.7,,256000000
2026-05-29 12:48:19.700,28,27.87,,256000000
2026-05-29 12:48:19.699,2,1.71,,256000000
2026-05-29 12:48:19.686,22,21.32,,256000000
2026-05-29 12:48:19.657,21,20.29,,256000000
2026-05-29 12:48:19.619,3,2.2,,256000000
2026-05-29 12:48:19.607,2,1.56,,256000000
2026-05-29 12:48:19.606,2,1.85,,256000000
2026-05-29 12:48:19.605,2,1.7,,256000000
2026-05-29 12:48:19.571,2,1.78,,256000000
2026-05-29 12:48:19.565,2,1.85,,256000000
2026-05-29 12:48:19.561,2,1.84,,256000000
2026-05-29 12:48:19.550,2,1.67,,256000000
2026-05-29 12:48:19.545,2,1.75,,256000000
2026-05-29 12:48:19.522,7,6.14,,256000000
2026-05-29 12:48:19.514,15,14.58,,256000000
2026-05-29 12:48:19.511,2,1.95,,256000000
2026-05-29 12:48:19.506,2,1.87,,256000000
2026-05-29 12:48:19.501,12,11.11,,256000000
2026-05-29 12:48:19.481,15,14.06,,256000000
2026-05-29 12:48:19.466,7,6.78,,256000000
2026-05-29 12:48:19.461,2,1.96,,256000000
2026-05-29 12:48:19.446,22,21.34,,256000000
2026-05-29 12:48:19.446,5,4.96,,256000000
2026-05-29 12:48:19.444,2,1.89,,256000000
2026-05-29 12:48:19.443,2,1.64,,256000000
2026-05-29 12:48:19.435,32,31.59,,256000000
2026-05-29 12:48:19.432,2,1.59,,256000000
2026-05-29 12:48:19.425,11,10.19,,256000000
2026-05-29 12:48:19.425,2,1.8,,256000000
2026-05-29 12:48:19.417,20,19.67,,256000000
2026-05-29 12:48:19.405,3,2.13,,256000000
2026-05-29 12:48:19.395,2,1.75,,256000000
2026-05-29 12:48:19.387,2,1.75,,256000000
2026-05-29 12:48:19.358,2,1.77,,256000000
2026-05-29 12:48:19.356,2,1.96,,256000000
2026-05-29 12:48:19.345,3,2.08,,256000000
2026-05-29 12:48:19.333,3,2.13,,256000000
2026-05-29 12:48:19.297,2,1.66,,256000000
2026-05-29 12:48:19.295,2,1.89,,256000000
2026-05-29 12:48:19.261,16,15.36,,256000000
2026-05-29 12:48:19.251,2,1.6,,256000000
2026-05-29 12:48:19.245,4,3.08,,256000000
2026-05-29 12:48:19.214,3,2.04,,256000000
2026-05-29 12:48:19.211,3,2.17,,256000000
2026-05-29 12:48:19.210,2,1.89,,256000000
2026-05-29 12:48:19.207,3,2.05,,256000000
2026-05-29 12:48:19.187,28,27.22,,256000000
2026-05-29 12:48:19.164,3,2.05,,256000000
2026-05-29 12:48:19.157,4,3.7,,256000000
2026-05-29 12:48:19.145,12,11.18,,256000000
2026-05-29 12:48:19.141,3,2.17,,256000000
2026-05-29 12:48:19.136,2,1.85,,256000000
2026-05-29 12:48:19.134,8,7.9,,256000000
2026-05-29 12:48:19.108,2,1.84,,256000000
2026-05-29 12:48:19.086,2,1.79,,256000000
2026-05-29 12:48:19.053,2,1.98,,256000000
2026-05-29 12:48:19.045,3,2.32,,256000000
2026-05-29 12:48:19.037,2,1.72,,256000000
2026-05-29 12:48:19.008,2,1.82,,256000000
2026-05-29 12:48:19.004,2,1.79,,256000000
2026-05-29 12:48:19.003,3,2.04,,256000000
2026-05-29 12:48:18.986,2,2,,256000000
2026-05-29 12:48:18.984,2,1.86,,256000000
2026-05-29 12:48:18.978,12,11.86,,256000000
2026-05-29 12:48:18.965,2,1.97,,256000000
2026-05-29 12:48:18.958,37,36.46,,256000000
2026-05-29 12:48:18.955,2,1.86,,256000000
2026-05-29 12:48:18.954,2,1.74,,256000000
2026-05-29 12:48:18.946,2,1.72,,256000000
2026-05-29 12:48:18.926,15,14.22,,256000000
2026-05-29 12:48:18.921,2,1.92,,256000000
2026-05-29 12:48:18.913,2,1.85,,256000000
2026-05-29 12:48:18.906,3,2.63,,256000000
2026-05-29 12:48:18.904,2,1.75,,256000000
2026-05-29 12:48:18.872,2,1.77,,256000000
2026-05-29 12:48:18.866,17,16,,256000000
2026-05-29 12:48:18.865,2,1.87,,256000000
2026-05-29 12:48:18.865,2,1.86,,256000000
2026-05-29 12:48:18.857,2,1.85,,256000000
2026-05-29 12:48:18.856,3,2.01,,256000000
2026-05-29 12:48:18.827,3,2.23,,256000000
2026-05-29 12:48:18.821,7,6.65,,256000000
2026-05-29 12:48:18.813,2,1.83,,256000000
2026-05-29 12:48:18.806,26,25.65,,256000000
2026-05-29 12:48:18.805,2,1.78,,256000000
2026-05-29 12:48:18.801,6,5.8,,256000000
2026-05-29 12:48:18.786,2,1.78,,256000000
2026-05-29 12:48:18.779,2,1.88,,256000000
2026-05-29 12:48:18.742,11,10.81,,256000000
2026-05-29 12:48:18.725,40,39.16,,256000000
2026-05-29 12:48:18.724,2,1.89,,256000000
2026-05-29 12:48:18.722,2,1.98,,256000000
2026-05-29 12:48:18.714,31,30.65,,256000000
2026-05-29 12:48:18.691,2,1.77,,256000000
2026-05-29 12:48:18.670,3,2.04,,256000000
2026-05-29 12:48:18.613,2,1.99,,256000000
2026-05-29 12:48:18.605,28,27.4,,256000000
2026-05-29 12:48:18.593,10,9.23,,256000000
2026-05-29 12:48:18.586,2,1.67,,256000000
2026-05-29 12:48:18.583,10,9.61,,256000000
2026-05-29 12:48:18.574,2,1.67,,256000000
2026-05-29 12:48:18.573,4,3.16,,256000000
2026-05-29 12:48:18.570,2,1.84,,256000000
2026-05-29 12:48:18.569,3,2.16,,256000000
2026-05-29 12:48:18.567,2,1.96,,256000000
2026-05-29 12:48:18.558,9,8.24,,256000000
2026-05-29 12:48:18.553,2,1.9,,256000000
2026-05-29 12:48:18.547,2,1.69,,256000000
2026-05-29 12:48:18.527,2,1.75,,256000000
2026-05-29 12:48:18.518,11,10.79,,256000000
2026-05-29 12:48:18.515,3,2.02,,256000000
2026-05-29 12:48:18.505,8,7.71,,256000000
2026-05-29 12:48:18.502,2,1.85,,256000000
2026-05-29 12:48:18.497,31,30.34,,256000000
2026-05-29 12:48:18.488,2,1.73,,256000000
2026-05-29 12:48:18.467,2,1.99,,256000000
2026-05-29 12:48:18.467,2,1.73,,256000000
2026-05-29 12:48:18.462,3,2.05,,256000000
2026-05-29 12:48:18.446,12,11.14,,256000000
2026-05-29 12:48:18.434,3,2.77,,256000000
2026-05-29 12:48:18.433,2,1.99,,256000000
2026-05-29 12:48:18.408,22,21.66,,256000000
2026-05-29 12:48:18.402,2,1.78,,256000000
2026-05-29 12:48:18.373,2,1.69,,256000000
2026-05-29 12:48:18.339,2,1.77,,256000000
2026-05-29 12:48:18.336,2,1.8,,256000000
2026-05-29 12:48:18.335,2,1.78,,256000000
2026-05-29 12:48:18.325,14,13.23,,256000000
2026-05-29 12:48:18.321,2,1.74,,256000000
2026-05-29 12:48:18.320,2,1.86,,256000000
2026-05-29 12:48:18.313,3,2.39,,256000000
2026-05-29 12:48:18.305,39,38.81,,256000000
2026-05-29 12:48:18.301,2,1.82,,256000000
2026-05-29 12:48:18.276,3,2.1,,256000000
2026-05-29 12:48:18.266,12,11.33,,256000000
2026-05-29 12:48:18.262,3,2.26,,256000000
2026-05-29 12:48:18.246,4,3.99,,256000000
2026-05-29 12:48:18.245,2,1.72,,256000000
2026-05-29 12:48:18.245,4,3.6,,256000000
2026-05-29 12:48:18.234,40,39.18,,256000000
2026-05-29 12:48:18.228,2,1.84,,256000000
2026-05-29 12:48:18.225,2,1.93,,256000000
2026-05-29 12:48:18.223,2,1.76,,256000000
2026-05-29 12:48:18.207,2,1.88,,256000000
2026-05-29 12:48:18.205,2,1.92,,256000000
2026-05-29 12:48:18.184,2,1.77,,256000000
2026-05-29 12:48:18.134,8,7.91,,256000000
2026-05-29 12:48:18.128,2,1.86,,256000000
2026-05-29 12:48:18.113,3,2.07,,256000000
2026-05-29 12:48:18.108,3,2,,256000000
2026-05-29 12:48:18.081,2,1.66,,256000000
2026-05-29 12:48:18.078,2,1.71,,256000000
2026-05-29 12:48:18.056,2,1.69,,256000000
2026-05-29 12:48:18.029,2,1.62,,256000000
2026-05-29 12:48:18.008,2,1.91,,256000000
2026-05-29 12:48:18.001,2,1.72,,256000000
2026-05-29 12:48:17.982,2,1.76,,256000000
2026-05-29 12:48:17.982,55,54.29,,256000000
2026-05-29 12:48:17.981,2,1.73,,256000000
2026-05-29 12:48:17.965,2,1.99,,256000000
2026-05-29 12:48:17.928,2,1.81,,256000000
2026-05-29 12:48:17.894,4,3.09,,256000000
2026-05-29 12:48:17.858,20,19.28,,256000000
2026-05-29 12:48:17.850,3,2.33,,256000000
2026-05-29 12:48:17.842,46,45.15,,256000000
2026-05-29 12:48:17.826,3,2.04,,256000000
2026-05-29 12:48:17.815,20,19.29,,256000000
2026-05-29 12:48:17.811,2,1.75,,256000000
2026-05-29 12:48:17.804,2,1.67,,256000000
2026-05-29 12:48:17.781,3,2.36,,256000000
2026-05-29 12:48:17.778,3,2.18,,256000000
2026-05-29 12:48:17.777,9,9,,256000000
2026-05-29 12:48:17.743,3,2.48,,256000000
2026-05-29 12:48:17.726,2,1.79,,256000000
2026-05-29 12:48:17.721,2,1.98,,256000000
2026-05-29 12:48:17.698,2,1.68,,256000000
2026-05-29 12:48:17.686,3,2.1,,256000000
2026-05-29 12:48:17.663,31,30.16,,256000000
2026-05-29 12:48:17.658,14,13.08,,256000000
2026-05-29 12:48:17.633,8,7.82,,256000000
2026-05-29 12:48:17.629,2,1.78,,256000000
2026-05-29 12:48:17.627,2,1.99,,256000000
2026-05-29 12:48:17.621,2,1.76,,256000000
2026-05-29 12:48:17.616,2,1.76,,256000000
2026-05-29 12:48:17.613,2,1.81,,256000000
2026-05-29 12:48:17.613,2,1.89,,256000000
2026-05-29 12:48:17.609,2,1.65,,256000000
2026-05-29 12:48:17.608,14,13.7,,256000000
2026-05-29 12:48:17.606,21,20.82,,256000000
2026-05-29 12:48:17.595,2,1.83,,256000000
2026-05-29 12:48:17.577,5,4.71,,256000000
2026-05-29 12:48:17.564,3,2.34,,256000000
2026-05-29 12:48:17.558,2,1.78,,256000000
2026-05-29 12:48:17.554,2,1.86,,256000000
2026-05-29 12:48:17.551,2,1.79,,256000000
2026-05-29 12:48:17.545,3,2.06,,256000000
2026-05-29 12:48:17.543,2,1.81,,256000000
2026-05-29 12:48:17.518,2,1.85,,256000000
2026-05-29 12:48:17.517,4,3.6,,256000000
2026-05-29 12:48:17.497,40,39.51,,256000000
2026-05-29 12:48:17.485,2,1.92,,256000000
2026-05-29 12:48:17.484,3,2.02,,256000000
2026-05-29 12:48:17.480,2,1.59,,256000000
2026-05-29 12:48:17.473,6,5.02,,256000000
2026-05-29 12:48:17.465,2,1.84,,256000000
2026-05-29 12:48:17.462,2,1.72,,256000000
2026-05-29 12:48:17.436,2,1.74,,256000000
2026-05-29 12:48:17.433,2,1.9,,256000000
2026-05-29 12:48:17.408,3,2.07,,256000000
2026-05-29 12:48:17.405,2,1.75,,256000000
2026-05-29 12:48:17.404,3,2.02,,256000000
2026-05-29 12:48:17.403,8,7.34,,256000000
2026-05-29 12:48:17.402,2,1.83,,256000000
2026-05-29 12:48:17.394,2,1.71,,256000000
2026-05-29 12:48:17.382,2,1.9,,256000000
2026-05-29 12:48:17.374,23,22.84,,256000000
2026-05-29 12:48:17.374,2,1.82,,256000000
2026-05-29 12:48:17.372,2,1.87,,256000000
2026-05-29 12:48:17.344,2,1.96,,256000000
2026-05-29 12:48:17.333,3,2.09,,256000000
2026-05-29 12:48:17.326,2,1.81,,256000000
2026-05-29 12:48:17.325,2,1.85,,256000000
2026-05-29 12:48:17.307,43,42.29,,256000000
2026-05-29 12:48:17.302,27,26.33,,256000000
2026-05-29 12:48:17.297,2,1.69,,256000000
2026-05-29 12:48:17.263,3,2.78,,256000000
2026-05-29 12:48:17.255,11,10.03,,256000000
2026-05-29 12:48:17.243,19,18.31,,256000000
2026-05-29 12:48:17.241,3,2.08,,256000000
2026-05-29 12:48:17.237,5,4.06,,256000000
2026-05-29 12:48:17.235,22,21.68,,256000000
2026-05-29 12:48:17.216,14,13.13,,256000000
2026-05-29 12:48:17.214,3,2.13,,256000000
2026-05-29 12:48:17.207,2,1.71,,256000000
2026-05-29 12:48:17.206,2,1.9,,256000000
2026-05-29 12:48:17.205,2,1.94,,256000000
2026-05-29 12:48:17.201,2,1.65,,256000000
2026-05-29 12:48:17.198,2,1.85,,256000000
2026-05-29 12:48:17.176,2,1.86,,256000000
2026-05-29 12:48:17.173,2,1.75,,256000000
2026-05-29 12:48:17.153,2,1.85,,256000000
2026-05-29 12:48:17.148,2,1.61,,256000000
2026-05-29 12:48:17.144,11,10.74,,256000000
2026-05-29 12:48:17.138,2,1.72,,256000000
2026-05-29 12:48:17.136,3,2.11,,256000000
2026-05-29 12:48:17.106,3,2.07,,256000000
2026-05-29 12:48:17.106,3,2.06,,256000000
2026-05-29 12:48:17.102,7,6.42,,256000000
2026-05-29 12:48:17.101,2,1.82,,256000000
2026-05-29 12:48:17.081,3,2.05,,256000000
2026-05-29 12:48:17.051,3,2.25,,256000000
2026-05-29 12:48:17.046,2,1.98,,256000000
2026-05-29 12:48:17.006,12,11.53,,256000000
2026-05-29 12:48:17.002,14,13.38,,256000000
2026-05-29 12:48:16.998,8,7.3,,256000000
2026-05-29 12:48:16.981,2,1.74,,256000000
2026-05-29 12:48:16.976,3,2.13,,256000000
2026-05-29 12:48:16.957,2,1.68,,256000000
2026-05-29 12:48:16.932,2,1.77,,256000000
2026-05-29 12:48:16.918,2,1.73,,256000000
2026-05-29 12:48:16.861,2,1.84,,256000000
2026-05-29 12:48:16.794,2,1.71,,256000000
2026-05-29 12:48:16.788,2,1.58,,256000000
2026-05-29 12:48:16.787,3,2.24,,256000000
2026-05-29 12:48:16.780,2,1.69,,256000000
2026-05-29 12:48:16.774,2,1.85,,256000000
2026-05-29 12:48:16.768,3,2.24,,256000000
2026-05-29 12:48:16.746,2,1.77,,256000000
2026-05-29 12:48:16.733,2,1.71,,256000000
2026-05-29 12:48:16.725,5,4.24,,256000000
2026-05-29 12:48:16.721,2,1.78,,256000000
2026-05-29 12:48:16.715,21,20.73,,256000000
2026-05-29 12:48:16.707,2,1.89,,256000000
2026-05-29 12:48:16.704,2,1.75,,256000000
2026-05-29 12:48:16.698,24,23.84,,256000000
2026-05-29 12:48:16.686,2,1.88,,256000000
2026-05-29 12:48:16.680,2,1.85,,256000000
2026-05-29 12:48:16.676,2,1.65,,256000000
2026-05-29 12:48:16.660,2,1.73,,256000000
2026-05-29 12:48:16.655,2,1.85,,256000000
2026-05-29 12:48:16.653,2,1.63,,256000000
2026-05-29 12:48:16.630,3,2.04,,256000000
2026-05-29 12:48:16.629,42,41.59,,256000000
2026-05-29 12:48:16.623,2,1.86,,256000000
2026-05-29 12:48:16.601,2,1.86,,256000000
2026-05-29 12:48:16.600,3,2.14,,256000000
2026-05-29 12:48:16.573,3,2.12,,256000000
2026-05-29 12:48:16.573,3,2.23,,256000000
2026-05-29 12:48:16.572,2,1.75,,256000000
2026-05-29 12:48:16.567,10,9.09,,256000000
2026-05-29 12:48:16.537,2,1.88,,256000000
2026-05-29 12:48:16.534,2,1.82,,256000000
2026-05-29 12:48:16.515,2,1.56,,256000000
2026-05-29 12:48:16.514,2,1.82,,256000000
2026-05-29 12:48:16.503,2,1.63,,256000000
2026-05-29 12:48:16.489,2,1.7,,256000000
2026-05-29 12:48:16.479,19,18.14,,256000000
2026-05-29 12:48:16.476,2,1.64,,256000000
2026-05-29 12:48:16.466,2,1.7,,256000000
2026-05-29 12:48:16.422,46,45.56,,256000000
2026-05-29 12:48:16.406,2,1.83,,256000000
2026-05-29 12:48:16.401,2,1.88,,256000000
2026-05-29 12:48:16.362,17,16.41,,256000000
2026-05-29 12:48:16.337,12,11.41,,256000000
2026-05-29 12:48:16.329,3,2.05,,256000000
2026-05-29 12:48:16.310,2,1.99,,256000000
2026-05-29 12:48:16.309,2,1.73,,256000000
2026-05-29 12:48:16.306,12,11.29,,256000000
2026-05-29 12:48:16.298,13,12.06,,256000000
2026-05-29 12:48:16.285,4,3.34,,256000000
2026-05-29 12:48:16.281,3,2.27,,256000000
2026-05-29 12:48:16.277,7,6.72,,256000000
2026-05-29 12:48:16.267,2,1.65,,256000000
2026-05-29 12:48:16.266,2,1.81,,256000000
2026-05-29 12:48:16.265,19,18.2,,256000000
2026-05-29 12:48:16.246,2,1.75,,256000000
2026-05-29 12:48:16.245,2,1.8,,256000000
2026-05-29 12:48:16.210,2,1.99,,256000000
2026-05-29 12:48:16.204,3,2.18,,256000000
2026-05-29 12:48:16.195,3,2.12,,256000000
2026-05-29 12:48:16.194,12,11.1,,256000000
2026-05-29 12:48:16.173,2,1.82,,256000000
2026-05-29 12:48:16.153,2,1.78,,256000000
2026-05-29 12:48:16.148,2,1.95,,256000000
2026-05-29 12:48:16.135,2,1.73,,256000000
2026-05-29 12:48:16.133,3,2.15,,256000000
2026-05-29 12:48:16.113,2,1.95,,256000000
2026-05-29 12:48:16.105,2,1.83,,256000000
2026-05-29 12:48:16.104,11,10.07,,256000000
2026-05-29 12:48:16.100,2,1.74,,256000000
2026-05-29 12:48:16.050,3,2.06,,256000000
2026-05-29 12:48:16.045,7,6.03,,256000000
2026-05-29 12:48:16.036,2,1.96,,256000000
2026-05-29 12:48:16.016,16,15.03,,256000000
2026-05-29 12:48:16.004,2,1.71,,256000000
2026-05-29 12:48:15.976,3,2.04,,256000000
2026-05-29 12:48:15.974,13,12.2,,256000000
2026-05-29 12:48:15.969,3,2.01,,256000000
2026-05-29 12:48:15.965,2,1.76,,256000000
2026-05-29 12:48:15.953,2,1.87,,256000000
2026-05-29 12:48:15.952,2,1.83,,256000000
2026-05-29 12:48:15.946,26,25.28,,256000000
2026-05-29 12:48:15.944,3,2.75,,256000000
2026-05-29 12:48:15.939,2,1.76,,256000000
2026-05-29 12:48:15.923,26,25.71,,256000000
2026-05-29 12:48:15.914,13,12.76,,256000000
2026-05-29 12:48:15.905,21,20.2,,256000000
2026-05-29 12:48:15.904,2,1.76,,256000000
2026-05-29 12:48:15.903,2,1.89,,256000000
2026-05-29 12:48:15.896,2,1.83,,256000000
2026-05-29 12:48:15.893,3,2.23,,256000000
2026-05-29 12:48:15.889,3,2.09,,256000000
2026-05-29 12:48:15.877,3,2.03,,256000000
2026-05-29 12:48:15.873,2,1.73,,256000000
2026-05-29 12:48:15.867,47,46.36,,256000000
2026-05-29 12:48:15.865,11,10.84,,256000000
2026-05-29 12:48:15.834,38,37.81,,256000000
2026-05-29 12:48:15.829,2,1.81,,256000000
2026-05-29 12:48:15.829,2,1.62,,256000000
2026-05-29 12:48:15.827,33,32.94,,256000000
2026-05-29 12:48:15.822,2,1.73,,256000000
2026-05-29 12:48:15.801,2,1.81,,256000000
2026-05-29 12:48:15.800,3,2.06,,256000000
2026-05-29 12:48:15.774,21,20.81,,256000000
2026-05-29 12:48:15.762,11,10.51,,256000000
2026-05-29 12:48:15.756,28,27.09,,256000000
2026-05-29 12:48:15.747,2,1.85,,256000000
2026-05-29 12:48:15.742,12,11.09,,256000000
2026-05-29 12:48:15.736,2,1.77,,256000000
2026-05-29 12:48:15.721,2,1.89,,256000000
2026-05-29 12:48:15.707,4,3.85,,256000000
2026-05-29 12:48:15.696,3,2.1,,256000000
2026-05-29 12:48:15.695,10,9.48,,256000000
2026-05-29 12:48:15.684,2,2,,256000000
2026-05-29 12:48:15.641,12,11.2,,256000000
2026-05-29 12:48:15.625,3,2.01,,256000000
2026-05-29 12:48:15.618,2,1.78,,256000000
2026-05-29 12:48:15.602,14,13.16,,256000000
2026-05-29 12:48:15.593,3,2.03,,256000000
2026-05-29 12:48:15.582,4,3.89,,256000000
2026-05-29 12:48:15.565,12,11.04,,256000000
2026-05-29 12:48:15.561,2,1.99,,256000000
2026-05-29 12:48:15.554,5,4.42,,256000000
2026-05-29 12:48:15.533,2,1.73,,256000000
2026-05-29 12:48:15.533,2,1.99,,256000000
2026-05-29 12:48:15.524,2,1.87,,256000000
2026-05-29 12:48:15.522,12,11.09,,256000000
2026-05-29 12:48:15.502,2,1.88,,256000000
2026-05-29 12:48:15.487,2,1.8,,256000000
2026-05-29 12:48:15.463,2,1.69,,256000000
2026-05-29 12:48:15.441,2,1.97,,256000000
2026-05-29 12:48:15.436,2,1.64,,256000000
2026-05-29 12:48:15.415,2,1.8,,256000000
2026-05-29 12:48:15.406,3,2,,256000000
2026-05-29 12:48:15.402,2,1.84,,256000000
2026-05-29 12:48:15.391,2,1.8,,256000000
2026-05-29 12:48:15.384,2,1.64,,256000000
2026-05-29 12:48:15.355,2,1.72,,256000000
2026-05-29 12:48:15.354,2,1.66,,256000000
2026-05-29 12:48:15.342,2,1.87,,256000000
2026-05-29 12:48:15.324,2,1.74,,256000000
2026-05-29 12:48:15.317,3,2.81,,256000000
2026-05-29 12:48:15.308,2,1.66,,256000000
2026-05-29 12:48:15.294,3,2.44,,256000000
2026-05-29 12:48:15.253,2,1.93,,256000000
2026-05-29 12:48:15.252,3,2.23,,256000000
2026-05-29 12:48:15.248,2,1.77,,256000000
2026-05-29 12:48:15.245,10,9.29,,256000000
2026-05-29 12:48:15.225,2,1.74,,256000000
2026-05-29 12:48:15.219,2,1.87,,256000000
2026-05-29 12:48:15.214,12,11.34,,256000000
2026-05-29 12:48:15.198,2,1.79,,256000000
2026-05-29 12:48:15.194,6,5.04,,256000000
2026-05-29 12:48:15.190,2,1.75,,256000000
2026-05-29 12:48:15.174,22,21.17,,256000000
2026-05-29 12:48:15.170,2,1.99,,256000000
2026-05-29 12:48:15.166,11,10.99,,256000000
2026-05-29 12:48:15.157,9,8.92,,256000000
2026-05-29 12:48:15.145,3,2.01,,256000000
2026-05-29 12:48:15.135,2,1.77,,256000000
2026-05-29 12:48:15.113,5,4.99,,256000000
2026-05-29 12:48:15.112,2,1.76,,256000000
2026-05-29 12:48:15.105,7,6.25,,256000000
2026-05-29 12:48:15.084,2,1.92,,256000000
2026-05-29 12:48:15.083,60,59.05,,256000000
2026-05-29 12:48:15.078,11,10.7,,256000000
2026-05-29 12:48:15.062,3,2.58,,256000000
2026-05-29 12:48:15.056,3,2.03,,256000000
2026-05-29 12:48:15.040,2,1.73,,256000000
2026-05-29 12:48:15.007,3,2.11,,256000000
2026-05-29 12:48:14.997,67,66.59,,256000000
2026-05-29 12:48:14.984,3,2.03,,256000000
2026-05-29 12:48:14.977,3,2.06,,256000000
2026-05-29 12:48:14.967,2,1.69,,256000000
2026-05-29 12:48:14.964,8,7.34,,256000000
2026-05-29 12:48:14.958,25,24.03,,256000000
2026-05-29 12:48:14.943,12,11.09,,256000000
2026-05-29 12:48:14.942,54,53.42,,256000000
2026-05-29 12:48:14.902,2,1.65,,256000000
2026-05-29 12:48:14.898,20,19.1,,256000000
2026-05-29 12:48:14.882,3,2.11,,256000000
2026-05-29 12:48:14.873,2,1.74,,256000000
2026-05-29 12:48:14.871,2,1.83,,256000000
2026-05-29 12:48:14.867,2,1.96,,256000000
2026-05-29 12:48:14.856,2,1.85,,256000000
2026-05-29 12:48:14.834,2,1.73,,256000000
2026-05-29 12:48:14.833,2,1.78,,256000000
2026-05-29 12:48:14.824,21,20.68,,256000000
2026-05-29 12:48:14.808,2,1.75,,256000000
2026-05-29 12:48:14.791,3,2.2,,256000000
2026-05-29 12:48:14.785,2,1.65,,256000000
2026-05-29 12:48:14.785,2,1.73,,256000000
2026-05-29 12:48:14.758,12,11.37,,256000000
2026-05-29 12:48:14.755,7,6.35,,256000000
2026-05-29 12:48:14.749,3,2.1,,256000000
2026-05-29 12:48:14.736,2,1.8,,256000000
2026-05-29 12:48:14.735,31,30.31,,256000000
2026-05-29 12:48:14.707,2,1.9,,256000000
2026-05-29 12:48:14.681,2,1.92,,256000000
2026-05-29 12:48:14.677,3,2.42,,256000000
2026-05-29 12:48:14.674,2,1.85,,256000000
2026-05-29 12:48:14.671,2,1.83,,256000000
2026-05-29 12:48:14.645,2,1.76,,256000000
2026-05-29 12:48:14.641,2,1.74,,256000000
2026-05-29 12:48:14.593,2,1.89,,256000000
2026-05-29 12:48:14.585,2,1.85,,256000000
2026-05-29 12:48:14.584,2,1.89,,256000000
2026-05-29 12:48:14.584,2,1.69,,256000000
2026-05-29 12:48:14.567,2,1.78,,256000000
2026-05-29 12:48:14.563,2,1.95,,256000000
2026-05-29 12:48:14.556,2,1.77,,256000000
2026-05-29 12:48:14.542,39,38.08,,256000000
2026-05-29 12:48:14.537,85,84.69,,256000000
2026-05-29 12:48:14.535,2,1.99,,256000000
2026-05-29 12:48:14.524,2,1.86,,256000000
2026-05-29 12:48:14.514,3,2.07,,256000000
2026-05-29 12:48:14.504,21,20.63,,256000000
2026-05-29 12:48:14.465,23,22.59,,256000000
2026-05-29 12:48:14.464,2,1.67,,256000000
2026-05-29 12:48:14.438,20,19.15,,256000000
2026-05-29 12:48:14.422,2,1.83,,256000000
2026-05-29 12:48:14.414,4,3.15,,256000000
2026-05-29 12:48:14.409,3,2.1,,256000000
2026-05-29 12:48:14.403,2,1.69,,256000000
2026-05-29 12:48:14.402,2,1.74,,256000000
2026-05-29 12:48:14.392,2,1.82,,256000000
2026-05-29 12:48:14.391,2,1.97,,256000000
2026-05-29 12:48:14.385,3,2.06,,256000000
2026-05-29 12:48:14.354,2,1.89,,256000000
2026-05-29 12:48:14.350,3,2.01,,256000000
2026-05-29 12:48:14.336,2,1.77,,256000000
2026-05-29 12:48:14.321,2,1.82,,256000000
2026-05-29 12:48:14.316,2,1.9,,256000000
2026-05-29 12:48:14.315,2,1.69,,256000000
2026-05-29 12:48:14.283,16,15.15,,256000000
2026-05-29 12:48:14.276,4,3.31,,256000000
2026-05-29 12:48:14.263,2,1.64,,256000000
2026-05-29 12:48:14.261,12,11.22,,256000000
2026-05-29 12:48:14.252,2,1.75,,256000000
2026-05-29 12:48:14.244,2,1.68,,256000000
2026-05-29 12:48:14.221,3,2.35,,256000000
2026-05-29 12:48:14.213,2,1.75,,256000000
2026-05-29 12:48:14.202,2,1.93,,256000000
2026-05-29 12:48:14.193,37,36.17,,256000000
2026-05-29 12:48:14.190,2,1.8,,256000000
2026-05-29 12:48:14.160,3,2.14,,256000000
2026-05-29 12:48:14.155,2,1.82,,256000000
2026-05-29 12:48:14.153,2,1.81,,256000000
2026-05-29 12:48:14.148,2,1.72,,256000000
2026-05-29 12:48:14.139,13,12.8,,256000000
2026-05-29 12:48:14.132,2,1.83,,256000000
2026-05-29 12:48:14.131,2,1.9,,256000000
2026-05-29 12:48:14.117,7,6.56,,256000000
2026-05-29 12:48:14.094,5,4.4,,256000000
2026-05-29 12:48:14.093,2,1.78,,256000000
2026-05-29 12:48:14.074,28,27.05,,256000000
2026-05-29 12:48:14.074,5,4.55,,256000000
2026-05-29 12:48:14.070,2,1.61,,256000000
2026-05-29 12:48:14.068,2,1.91,,256000000
2026-05-29 12:48:14.058,2,1.62,,256000000
2026-05-29 12:48:14.054,3,2.07,,256000000
2026-05-29 12:48:14.032,2,1.84,,256000000
2026-05-29 12:48:14.029,3,2.23,,256000000
2026-05-29 12:48:14.014,16,15.88,,256000000
2026-05-29 12:48:14.014,2,1.83,,256000000
2026-05-29 12:48:13.999,2,1.72,,256000000
2026-05-29 12:48:13.962,3,2.06,,256000000
2026-05-29 12:48:13.962,2,1.59,,256000000
2026-05-29 12:48:13.950,2,1.76,,256000000
2026-05-29 12:48:13.938,2,1.88,,256000000
2026-05-29 12:48:13.937,2,1.93,,256000000
2026-05-29 12:48:13.933,3,2.09,,256000000
2026-05-29 12:48:13.918,2,1.8,,256000000
2026-05-29 12:48:13.909,2,1.83,,256000000
2026-05-29 12:48:13.907,44,43.54,,256000000
2026-05-29 12:48:13.887,2,1.72,,256000000
2026-05-29 12:48:13.874,6,5.92,,256000000
2026-05-29 12:48:13.874,2,1.98,,256000000
2026-05-29 12:48:13.846,2,2,,256000000
2026-05-29 12:48:13.834,2,1.75,,256000000
2026-05-29 12:48:13.833,2,1.94,,256000000
2026-05-29 12:48:13.796,4,3.38,,256000000
2026-05-29 12:48:13.789,2,1.98,,256000000
2026-05-29 12:48:13.787,3,2.09,,256000000
2026-05-29 12:48:13.787,2,1.6,,256000000
2026-05-29 12:48:13.785,3,2.12,,256000000
2026-05-29 12:48:13.767,2,1.89,,256000000
2026-05-29 12:48:13.763,2,1.95,,256000000
2026-05-29 12:48:13.746,4,3.25,,256000000
2026-05-29 12:48:13.746,2,1.72,,256000000
2026-05-29 12:48:13.742,21,20.05,,256000000
2026-05-29 12:48:13.723,2,1.88,,256000000
2026-05-29 12:48:13.723,18,17.73,,256000000
2026-05-29 12:48:13.719,2,1.77,,256000000
2026-05-29 12:48:13.715,2,1.76,,256000000
2026-05-29 12:48:13.694,2,1.83,,256000000
2026-05-29 12:48:13.683,17,16.18,,256000000
2026-05-29 12:48:13.667,3,2.47,,256000000
2026-05-29 12:48:13.654,2,1.78,,256000000
2026-05-29 12:48:13.634,2,1.7,,256000000
2026-05-29 12:48:13.628,2,1.75,,256000000
2026-05-29 12:48:13.627,3,2.46,,256000000
2026-05-29 12:48:13.611,2,1.78,,256000000
2026-05-29 12:48:13.606,5,4.51,,256000000
2026-05-29 12:48:13.585,10,9.2,,256000000
2026-05-29 12:48:13.584,33,32.61,,256000000
2026-05-29 12:48:13.584,2,1.67,,256000000
2026-05-29 12:48:13.563,2,1.87,,256000000
2026-05-29 12:48:13.548,3,2.04,,256000000
2026-05-29 12:48:13.541,2,1.9,,256000000
2026-05-29 12:48:13.526,2,1.79,,256000000
2026-05-29 12:48:13.506,2,1.75,,256000000
2026-05-29 12:48:13.503,15,14.66,,256000000
2026-05-29 12:48:13.473,2,1.68,,256000000
2026-05-29 12:48:13.442,2,1.78,,256000000
2026-05-29 12:48:13.439,2,1.92,,256000000
2026-05-29 12:48:13.439,2,1.76,,256000000
2026-05-29 12:48:13.439,2,1.8,,256000000
2026-05-29 12:48:13.438,3,2.03,,256000000
2026-05-29 12:48:13.393,13,12.76,,256000000
2026-05-29 12:48:13.384,2,1.88,,256000000
2026-05-29 12:48:13.374,2,1.75,,256000000
2026-05-29 12:48:13.338,2,1.98,,256000000
2026-05-29 12:48:13.335,18,17.7,,256000000
2026-05-29 12:48:13.313,2,1.65,,256000000
2026-05-29 12:48:13.311,2,1.72,,256000000
2026-05-29 12:48:13.307,8,7.83,,256000000
2026-05-29 12:48:13.285,18,17.34,,256000000
2026-05-29 12:48:13.273,2,2,,256000000
2026-05-29 12:48:13.222,2,1.82,,256000000
2026-05-29 12:48:13.174,43,42.7,,256000000
2026-05-29 12:48:13.127,3,2,,256000000
2026-05-29 12:48:13.126,5,4.47,,256000000
2026-05-29 12:48:13.116,3,2.39,,256000000
2026-05-29 12:48:13.116,19,18.63,,256000000
2026-05-29 12:48:13.114,25,24.93,,256000000
2026-05-29 12:48:13.106,3,2.03,,256000000
2026-05-29 12:48:13.106,3,2.02,,256000000
2026-05-29 12:48:13.104,2,1.95,,256000000
2026-05-29 12:48:13.102,21,20.16,,256000000
2026-05-29 12:48:13.079,2,1.7,,256000000
2026-05-29 12:48:13.067,2,1.91,,256000000
2026-05-29 12:48:13.063,20,19.62,,256000000
2026-05-29 12:48:13.054,5,4.88,,256000000
2026-05-29 12:48:13.046,2,1.85,,256000000
2026-05-29 12:48:13.024,22,21.99,,256000000
2026-05-29 12:48:13.021,2,1.66,,256000000
2026-05-29 12:48:13.013,15,14.78,,256000000
2026-05-29 12:48:12.996,2,1.84,,256000000
2026-05-29 12:48:12.976,2,1.95,,256000000
2026-05-29 12:48:12.974,2,1.74,,256000000
2026-05-29 12:48:12.969,3,2.09,,256000000
2026-05-29 12:48:12.968,2,1.72,,256000000
2026-05-29 12:48:12.964,21,20.99,,256000000
2026-05-29 12:48:12.957,11,10.91,,256000000
2026-05-29 12:48:12.954,34,33.35,,256000000
2026-05-29 12:48:12.945,31,30.09,,256000000
2026-05-29 12:48:12.945,2,1.96,,256000000
2026-05-29 12:48:12.936,14,13.52,,256000000
2026-05-29 12:48:12.913,10,9.98,,256000000
2026-05-29 12:48:12.909,2,1.7,,256000000
2026-05-29 12:48:12.893,2,1.75,,256000000
2026-05-29 12:48:12.872,2,1.81,,256000000
2026-05-29 12:48:12.847,2,1.79,,256000000
2026-05-29 12:48:12.847,2,1.67,,256000000
2026-05-29 12:48:12.821,3,2.14,,256000000
2026-05-29 12:48:12.807,2,1.94,,256000000
2026-05-29 12:48:12.802,2,1.79,,256000000
2026-05-29 12:48:12.795,2,1.68,,256000000
2026-05-29 12:48:12.793,3,2.34,,256000000
2026-05-29 12:48:12.785,3,2.07,,256000000
2026-05-29 12:48:12.774,3,2.23,,256000000
2026-05-29 12:48:12.773,3,2.24,,256000000
2026-05-29 12:48:12.765,13,12.88,,256000000
2026-05-29 12:48:12.735,2,1.75,,256000000
2026-05-29 12:48:12.735,3,2.08,,256000000
2026-05-29 12:48:12.730,2,1.82,,256000000
2026-05-29 12:48:12.726,2,1.82,,256000000
2026-05-29 12:48:12.700,15,14.91,,256000000
2026-05-29 12:48:12.680,2,1.83,,256000000
2026-05-29 12:48:12.667,2,1.71,,256000000
2026-05-29 12:48:12.646,2,1.74,,256000000
2026-05-29 12:48:12.644,3,2.11,,256000000
2026-05-29 12:48:12.613,3,2.29,,256000000
2026-05-29 12:48:12.600,86,85.45,,256000000
2026-05-29 12:48:12.588,3,2.02,,256000000
2026-05-29 12:48:12.584,3,2,,256000000
2026-05-29 12:48:12.566,3,2.07,,256000000
2026-05-29 12:48:12.552,3,2.11,,256000000
2026-05-29 12:48:12.530,2,1.6,,256000000
2026-05-29 12:48:12.524,2,1.95,,256000000
2026-05-29 12:48:12.524,3,2.07,,256000000
2026-05-29 12:48:12.521,2,1.69,,256000000
2026-05-29 12:48:12.517,3,2.15,,256000000
2026-05-29 12:48:12.516,2,1.78,,256000000
2026-05-29 12:48:12.514,2,1.73,,256000000
2026-05-29 12:48:12.493,2,1.82,,256000000
2026-05-29 12:48:12.490,2,1.66,,256000000
2026-05-29 12:48:12.466,40,39.03,,256000000
2026-05-29 12:48:12.466,2,1.99,,256000000
2026-05-29 12:48:12.436,3,2.09,,256000000
2026-05-29 12:48:12.429,2,1.8,,256000000
2026-05-29 12:48:12.425,2,1.84,,256000000
2026-05-29 12:48:12.424,2,1.81,,256000000
2026-05-29 12:48:12.413,2,1.81,,256000000
2026-05-29 12:48:12.413,2,1.77,,256000000
2026-05-29 12:48:12.409,2,1.87,,256000000
2026-05-29 12:48:12.405,15,14.94,,256000000
2026-05-29 12:48:12.396,2,1.76,,256000000
2026-05-29 12:48:12.384,3,2.04,,256000000
2026-05-29 12:48:12.383,12,11.69,,256000000
2026-05-29 12:48:12.379,2,1.74,,256000000
2026-05-29 12:48:12.367,6,5.04,,256000000
2026-05-29 12:48:12.362,2,1.83,,256000000
2026-05-29 12:48:12.347,3,2.75,,256000000
2026-05-29 12:48:12.326,3,2.17,,256000000
2026-05-29 12:48:12.324,10,9.36,,256000000
2026-05-29 12:48:12.322,3,2.02,,256000000
2026-05-29 12:48:12.319,2,1.91,,256000000
2026-05-29 12:48:12.315,2,1.84,,256000000
2026-05-29 12:48:12.303,6,5.37,,256000000
2026-05-29 12:48:12.283,2,1.88,,256000000
2026-05-29 12:48:12.267,16,15.11,,256000000
2026-05-29 12:48:12.264,2,1.79,,256000000
2026-05-29 12:48:12.245,2,1.71,,256000000
2026-05-29 12:48:12.224,2,1.66,,256000000
2026-05-29 12:48:12.223,2,1.92,,256000000
2026-05-29 12:48:12.221,2,1.83,,256000000
2026-05-29 12:48:12.188,3,2.06,,256000000
2026-05-29 12:48:12.174,2,1.8,,256000000
2026-05-29 12:48:12.149,3,2.29,,256000000
2026-05-29 12:48:12.147,43,42.3,,256000000
2026-05-29 12:48:12.141,8,7.02,,256000000
2026-05-29 12:48:12.121,3,2.05,,256000000
2026-05-29 12:48:12.119,2,1.66,,256000000
2026-05-29 12:48:12.099,2,1.7,,256000000
2026-05-29 12:48:12.094,2,1.8,,256000000
2026-05-29 12:48:12.088,2,1.64,,256000000
2026-05-29 12:48:12.083,3,2.04,,256000000
2026-05-29 12:48:12.062,2,1.74,,256000000
2026-05-29 12:48:12.062,12,11.21,,256000000
2026-05-29 12:48:12.056,2,1.82,,256000000
2026-05-29 12:48:12.041,3,2.27,,256000000
2026-05-29 12:48:12.040,2,1.84,,256000000
2026-05-29 12:48:12.036,2,1.81,,256000000
2026-05-29 12:48:12.029,2,1.78,,256000000
2026-05-29 12:48:12.026,2,1.87,,256000000
2026-05-29 12:48:12.024,2,1.91,,256000000
2026-05-29 12:48:12.009,2,1.78,,256000000
2026-05-29 12:48:11.995,2,1.7,,256000000
2026-05-29 12:48:11.992,2,1.96,,256000000
2026-05-29 12:48:11.952,2,1.73,,256000000
2026-05-29 12:48:11.952,2,1.8,,256000000
2026-05-29 12:48:11.948,3,2.06,,256000000
2026-05-29 12:48:11.941,15,14.21,,256000000
2026-05-29 12:48:11.910,2,1.68,,256000000
2026-05-29 12:48:11.908,2,1.79,,256000000
2026-05-29 12:48:11.886,7,6.24,,256000000
2026-05-29 12:48:11.886,2,1.95,,256000000
2026-05-29 12:48:11.865,8,7.31,,256000000
2026-05-29 12:48:11.846,2,1.7,,256000000
2026-05-29 12:48:11.845,2,1.78,,256000000
2026-05-29 12:48:11.844,2,1.82,,256000000
2026-05-29 12:48:11.810,2,1.87,,256000000
2026-05-29 12:48:11.766,10,9.81,,256000000
2026-05-29 12:48:11.765,2,1.62,,256000000
2026-05-29 12:48:11.756,2,1.73,,256000000
2026-05-29 12:48:11.745,12,11.25,,256000000
2026-05-29 12:48:11.724,3,2,,256000000
2026-05-29 12:48:11.686,3,2.01,,256000000
2026-05-29 12:48:11.677,10,9.52,,256000000
2026-05-29 12:48:11.675,2,1.66,,256000000
2026-05-29 12:48:11.667,3,2.22,,256000000
2026-05-29 12:48:11.657,3,2.11,,256000000
2026-05-29 12:48:11.647,29,28.43,,256000000
2026-05-29 12:48:11.609,2,1.81,,256000000
2026-05-29 12:48:11.607,2,1.87,,256000000
2026-05-29 12:48:11.607,7,6.58,,256000000
2026-05-29 12:48:11.586,30,29.14,,256000000
2026-05-29 12:48:11.585,2,1.89,,256000000
2026-05-29 12:48:11.582,7,6.87,,256000000
2026-05-29 12:48:11.573,3,2.11,,256000000
2026-05-29 12:48:11.539,2,1.91,,256000000
2026-05-29 12:48:11.524,2,1.71,,256000000
2026-05-29 12:48:11.505,3,2.02,,256000000
2026-05-29 12:48:11.498,3,2.18,,256000000
2026-05-29 12:48:11.481,2,1.84,,256000000
2026-05-29 12:48:11.481,2,1.8,,256000000
2026-05-29 12:48:11.473,2,1.74,,256000000
2026-05-29 12:48:11.467,37,36.56,,256000000
2026-05-29 12:48:11.437,38,37.78,,256000000
2026-05-29 12:48:11.427,34,33.14,,256000000
2026-05-29 12:48:11.421,3,2.06,,256000000
2026-05-29 12:48:11.403,2,1.96,,256000000
2026-05-29 12:48:11.377,65,64.05,,256000000
2026-05-29 12:48:11.367,34,33.56,,256000000
2026-05-29 12:48:11.362,2,1.76,,256000000
2026-05-29 12:48:11.338,2,1.9,,256000000
2026-05-29 12:48:11.325,2,1.9,,256000000
2026-05-29 12:48:11.321,3,2.76,,256000000
2026-05-29 12:48:11.300,2,1.95,,256000000
2026-05-29 12:48:11.298,35,34.68,,256000000
2026-05-29 12:48:11.274,2,1.73,,256000000
2026-05-29 12:48:11.265,2,1.83,,256000000
2026-05-29 12:48:11.265,9,8.88,,256000000
2026-05-29 12:48:11.262,15,14.22,,256000000
2026-05-29 12:48:11.244,30,29.05,,256000000
2026-05-29 12:48:11.242,21,20.21,,256000000
2026-05-29 12:48:11.236,2,1.94,,256000000
2026-05-29 12:48:11.203,2,1.99,,256000000
2026-05-29 12:48:11.202,3,2.13,,256000000
2026-05-29 12:48:11.197,2,1.92,,256000000
2026-05-29 12:48:11.185,13,12.6,,256000000
2026-05-29 12:48:11.184,3,2.29,,256000000
2026-05-29 12:48:11.184,23,22.99,,256000000
2026-05-29 12:48:11.176,2,1.86,,256000000
2026-05-29 12:48:11.167,23,22.24,,256000000
2026-05-29 12:48:11.164,2,1.97,,256000000
2026-05-29 12:48:11.142,2,1.89,,256000000
2026-05-29 12:48:11.121,6,5.14,,256000000
2026-05-29 12:48:11.101,21,20.7,,256000000
2026-05-29 12:48:11.091,27,26.52,,256000000
2026-05-29 12:48:11.082,3,2.06,,256000000
2026-05-29 12:48:11.082,2,1.9,,256000000
2026-05-29 12:48:11.080,2,1.73,,256000000
2026-05-29 12:48:11.077,3,2.07,,256000000
2026-05-29 12:48:11.071,2,1.8,,256000000
2026-05-29 12:48:11.061,2,1.62,,256000000
2026-05-29 12:48:11.060,2,1.83,,256000000
2026-05-29 12:48:11.024,2,1.83,,256000000
2026-05-29 12:48:11.005,10,9.3,,256000000
2026-05-29 12:48:10.988,2,1.76,,256000000
2026-05-29 12:48:10.985,2,1.77,,256000000
2026-05-29 12:48:10.983,2,1.75,,256000000
2026-05-29 12:48:10.970,2,1.7,,256000000
2026-05-29 12:48:10.958,2,1.88,,256000000
2026-05-29 12:48:10.946,2,1.81,,256000000
2026-05-29 12:48:10.934,21,20.35,,256000000
2026-05-29 12:48:10.925,2,1.96,,256000000
2026-05-29 12:48:10.923,3,2.04,,256000000
2026-05-29 12:48:10.922,9,8.94,,256000000
2026-05-29 12:48:10.901,2,1.75,,256000000
2026-05-29 12:48:10.898,2,1.81,,256000000
2026-05-29 12:48:10.885,2,1.89,,256000000
2026-05-29 12:48:10.866,2,1.75,,256000000
2026-05-29 12:48:10.860,2,1.82,,256000000
2026-05-29 12:48:10.841,2,1.73,,256000000
2026-05-29 12:48:10.822,3,2.09,,256000000
2026-05-29 12:48:10.790,2,1.69,,256000000
2026-05-29 12:48:10.778,2,1.75,,256000000
2026-05-29 12:48:10.774,2,1.68,,256000000
2026-05-29 12:48:10.768,3,2.1,,256000000
2026-05-29 12:48:10.739,2,1.7,,256000000
2026-05-29 12:48:10.713,2,1.82,,256000000
2026-05-29 12:48:10.713,12,11.98,,256000000
2026-05-29 12:48:10.706,11,10.46,,256000000
2026-05-29 12:48:10.686,11,10.56,,256000000
2026-05-29 12:48:10.683,2,1.92,,256000000
2026-05-29 12:48:10.676,2,1.75,,256000000
2026-05-29 12:48:10.665,6,5.84,,256000000
2026-05-29 12:48:10.655,2,1.96,,256000000
2026-05-29 12:48:10.645,3,2.03,,256000000
2026-05-29 12:48:10.642,13,12.95,,256000000
2026-05-29 12:48:10.633,17,16.83,,256000000
2026-05-29 12:48:10.631,2,1.7,,256000000
2026-05-29 12:48:10.625,2,1.87,,256000000
2026-05-29 12:48:10.625,2,1.9,,256000000
2026-05-29 12:48:10.620,3,2.01,,256000000
2026-05-29 12:48:10.602,2,1.72,,256000000
2026-05-29 12:48:10.579,2,1.92,,256000000
2026-05-29 12:48:10.578,2,1.81,,256000000
2026-05-29 12:48:10.574,4,3.74,,256000000
2026-05-29 12:48:10.515,4,3.02,,256000000
2026-05-29 12:48:10.475,2,1.87,,256000000
2026-05-29 12:48:10.465,2,1.74,,256000000
2026-05-29 12:48:10.464,16,15.38,,256000000
2026-05-29 12:48:10.461,3,2.81,,256000000
2026-05-29 12:48:10.433,2,1.81,,256000000
2026-05-29 12:48:10.429,2,1.71,,256000000
2026-05-29 12:48:10.418,20,19.7,,256000000
2026-05-29 12:48:10.413,2,1.82,,256000000
2026-05-29 12:48:10.407,2,1.96,,256000000
2026-05-29 12:48:10.389,2,1.84,,256000000
2026-05-29 12:48:10.383,2,1.77,,256000000
2026-05-29 12:48:10.382,19,18.48,,256000000
2026-05-29 12:48:10.381,2,1.78,,256000000
2026-05-29 12:48:10.374,2,1.72,,256000000
2026-05-29 12:48:10.373,3,2.1,,256000000
2026-05-29 12:48:10.370,3,2.29,,256000000
2026-05-29 12:48:10.368,7,6.48,,256000000
2026-05-29 12:48:10.367,3,2.45,,256000000
2026-05-29 12:48:10.366,3,2.2,,256000000
2026-05-29 12:48:10.362,2,1.85,,256000000
2026-05-29 12:48:10.353,2,1.84,,256000000
2026-05-29 12:48:10.344,2,1.73,,256000000
2026-05-29 12:48:10.314,6,5.32,,256000000
2026-05-29 12:48:10.304,2,1.75,,256000000
2026-05-29 12:48:10.301,2,1.71,,256000000
2026-05-29 12:48:10.282,2,1.64,,256000000
2026-05-29 12:48:10.274,3,2.1,,256000000
2026-05-29 12:48:10.265,66,65.26,,256000000
2026-05-29 12:48:10.256,14,13.98,,256000000
2026-05-29 12:48:10.251,2,1.82,,256000000
2026-05-29 12:48:10.234,3,2.13,,256000000
2026-05-29 12:48:10.232,3,2.11,,256000000
2026-05-29 12:48:10.226,3,2.04,,256000000
2026-05-29 12:48:10.205,2,1.65,,256000000
2026-05-29 12:48:10.201,2,1.71,,256000000
2026-05-29 12:48:10.196,2,1.71,,256000000
2026-05-29 12:48:10.184,2,1.97,,256000000
2026-05-29 12:48:10.171,2,1.83,,256000000
2026-05-29 12:48:10.100,2,1.67,,256000000
2026-05-29 12:48:10.086,2,1.66,,256000000
2026-05-29 12:48:10.082,2,1.93,,256000000
2026-05-29 12:48:10.080,2,1.89,,256000000
2026-05-29 12:48:10.067,3,2.03,,256000000
2026-05-29 12:48:10.022,2,1.87,,256000000
2026-05-29 12:48:10.016,3,2.09,,256000000
2026-05-29 12:48:09.999,2,1.73,,256000000
2026-05-29 12:48:09.972,2,1.77,,256000000
2026-05-29 12:48:09.966,12,11.05,,256000000
2026-05-29 12:48:09.955,2,1.82,,256000000
2026-05-29 12:48:09.946,10,9.83,,256000000
2026-05-29 12:48:09.918,53,52.41,,256000000
2026-05-29 12:48:09.888,2,1.84,,256000000
2026-05-29 12:48:09.886,2,1.76,,256000000
2026-05-29 12:48:09.882,5,4.7,,256000000
2026-05-29 12:48:09.861,9,8.57,,256000000
2026-05-29 12:48:09.861,14,13.6,,256000000
2026-05-29 12:48:09.854,13,12.72,,256000000
2026-05-29 12:48:09.840,5,4.59,,256000000
2026-05-29 12:48:09.834,18,17.51,,256000000
2026-05-29 12:48:09.821,11,10.72,,256000000
2026-05-29 12:48:09.820,3,2,,256000000
2026-05-29 12:48:09.820,2,1.92,,256000000
2026-05-29 12:48:09.801,3,2.54,,256000000
2026-05-29 12:48:09.785,22,21.16,,256000000
2026-05-29 12:48:09.782,2,1.9,,256000000
2026-05-29 12:48:09.781,2,1.69,,256000000
2026-05-29 12:48:09.773,21,20.63,,256000000
2026-05-29 12:48:09.752,2,1.93,,256000000
2026-05-29 12:48:09.741,80,79.68,,256000000
2026-05-29 12:48:09.728,29,28.1,,256000000
2026-05-29 12:48:09.723,2,1.95,,256000000
2026-05-29 12:48:09.720,3,2.09,,256000000
2026-05-29 12:48:09.715,51,50.27,,256000000
2026-05-29 12:48:09.714,2,1.66,,256000000
2026-05-29 12:48:09.701,2,1.82,,256000000
2026-05-29 12:48:09.689,11,10.69,,256000000
2026-05-29 12:48:09.687,3,2.03,,256000000
2026-05-29 12:48:09.674,31,30.68,,256000000
2026-05-29 12:48:09.668,2,1.87,,256000000
2026-05-29 12:48:09.666,35,34.71,,256000000
2026-05-29 12:48:09.661,2,2,,256000000
2026-05-29 12:48:09.654,3,2.35,,256000000
2026-05-29 12:48:09.624,2,1.92,,256000000
2026-05-29 12:48:09.611,2,1.73,,256000000
2026-05-29 12:48:09.602,13,12.11,,256000000
2026-05-29 12:48:09.581,51,50.9,,256000000
2026-05-29 12:48:09.581,2,1.89,,256000000
2026-05-29 12:48:09.544,2,1.89,,256000000
2026-05-29 12:48:09.526,3,2.08,,256000000
2026-05-29 12:48:09.504,2,1.98,,256000000
2026-05-29 12:48:09.486,2,1.97,,256000000
2026-05-29 12:48:09.482,11,10.85,,256000000
2026-05-29 12:48:09.462,13,12.02,,256000000
2026-05-29 12:48:09.461,3,2.08,,256000000
2026-05-29 12:48:09.456,2,1.96,,256000000
2026-05-29 12:48:09.445,3,2.04,,256000000
2026-05-29 12:48:09.423,12,11.05,,256000000
2026-05-29 12:48:09.413,2,1.81,,256000000
2026-05-29 12:48:09.402,24,23.1,,256000000
2026-05-29 12:48:09.393,2,1.88,,256000000
2026-05-29 12:48:09.375,2,1.77,,256000000
2026-05-29 12:48:09.361,3,2.08,,256000000
2026-05-29 12:48:09.355,2,1.81,,256000000
2026-05-29 12:48:09.353,3,2.11,,256000000
2026-05-29 12:48:09.350,36,35.95,,256000000
2026-05-29 12:48:09.341,2,1.86,,256000000
2026-05-29 12:48:09.337,13,12.01,,256000000
2026-05-29 12:48:09.316,2,1.96,,256000000
2026-05-29 12:48:09.282,3,2.18,,256000000
2026-05-29 12:48:09.279,2,1.81,,256000000
2026-05-29 12:48:09.246,2,1.9,,256000000
2026-05-29 12:48:09.242,23,22.79,,256000000
2026-05-29 12:48:09.239,2,1.72,,256000000
2026-05-29 12:48:09.211,2,1.95,,256000000
2026-05-29 12:48:09.201,3,2.04,,256000000
2026-05-29 12:48:09.201,2,1.67,,256000000
2026-05-29 12:48:09.194,13,12.63,,256000000
2026-05-29 12:48:09.181,2,1.93,,256000000
2026-05-29 12:48:09.173,19,18.14,,256000000
2026-05-29 12:48:09.161,6,5.34,,256000000
2026-05-29 12:48:09.141,2,1.97,,256000000
2026-05-29 12:48:09.139,39,38.52,,256000000
2026-05-29 12:48:09.139,2,1.72,,256000000
2026-05-29 12:48:09.137,2,1.71,,256000000
2026-05-29 12:48:09.106,2,1.75,,256000000
2026-05-29 12:48:09.106,13,12.91,,256000000
2026-05-29 12:48:09.102,60,59.14,,256000000
2026-05-29 12:48:09.067,9,8.15,,256000000
2026-05-29 12:48:09.061,14,13.22,,256000000
2026-05-29 12:48:09.047,3,2.1,,256000000
2026-05-29 12:48:09.041,2,1.95,,256000000
2026-05-29 12:48:09.041,3,2.62,,256000000
2026-05-29 12:48:09.040,10,9.86,,256000000
2026-05-29 12:48:09.034,4,3.5,,256000000
2026-05-29 12:48:09.022,14,13.87,,256000000
2026-05-29 12:48:09.020,2,1.83,,256000000
2026-05-29 12:48:08.989,3,2.31,,256000000
2026-05-29 12:48:08.986,2,1.8,,256000000
2026-05-29 12:48:08.953,2,1.6,,256000000
2026-05-29 12:48:08.945,2,1.99,,256000000
2026-05-29 12:48:08.943,2,1.67,,256000000
2026-05-29 12:48:08.940,8,7.32,,256000000
2026-05-29 12:48:08.937,2,1.92,,256000000
2026-05-29 12:48:08.892,2,1.84,,256000000
2026-05-29 12:48:08.889,2,1.67,,256000000
2026-05-29 12:48:08.886,11,10.48,,256000000
2026-05-29 12:48:08.848,2,1.83,,256000000
2026-05-29 12:48:08.842,25,24.62,,256000000
2026-05-29 12:48:08.841,3,2.12,,256000000
2026-05-29 12:48:08.838,22,21.48,,256000000
2026-05-29 12:48:08.831,3,2.19,,256000000
2026-05-29 12:48:08.828,2,1.92,,256000000
2026-05-29 12:48:08.800,12,11.74,,256000000
2026-05-29 12:48:08.798,12,11.25,,256000000
2026-05-29 12:48:08.787,2,1.84,,256000000
2026-05-29 12:48:08.784,3,2.07,,256000000
2026-05-29 12:48:08.776,2,1.98,,256000000
2026-05-29 12:48:08.774,2,1.63,,256000000
2026-05-29 12:48:08.770,2,1.89,,256000000
2026-05-29 12:48:08.754,2,1.83,,256000000
2026-05-29 12:48:08.754,2,1.63,,256000000
2026-05-29 12:48:08.746,2,1.78,,256000000
2026-05-29 12:48:08.742,20,19.55,,256000000
2026-05-29 12:48:08.730,2,1.81,,256000000
2026-05-29 12:48:08.705,2,1.91,,256000000
2026-05-29 12:48:08.700,2,1.92,,256000000
2026-05-29 12:48:08.698,12,11.36,,256000000
2026-05-29 12:48:08.686,2,1.79,,256000000
2026-05-29 12:48:08.685,5,4.75,,256000000
2026-05-29 12:48:08.677,7,6.93,,256000000
2026-05-29 12:48:08.665,3,2.04,,256000000
2026-05-29 12:48:08.661,11,10.09,,256000000
2026-05-29 12:48:08.656,3,2.18,,256000000
2026-05-29 12:48:08.655,3,2.09,,256000000
2026-05-29 12:48:08.645,2,1.82,,256000000
2026-05-29 12:48:08.619,2,1.9,,256000000
2026-05-29 12:48:08.605,3,2.02,,256000000
2026-05-29 12:48:08.581,5,4.69,,256000000
2026-05-29 12:48:08.580,7,6.58,,256000000
2026-05-29 12:48:08.559,39,38.71,,256000000
2026-05-29 12:48:08.542,26,25.13,,256000000
2026-05-29 12:48:08.513,2,1.76,,256000000
2026-05-29 12:48:08.507,11,10.93,,256000000
2026-05-29 12:48:08.501,2,1.98,,256000000
2026-05-29 12:48:08.500,3,2.07,,256000000
2026-05-29 12:48:08.486,3,2.09,,256000000
2026-05-29 12:48:08.447,2,1.87,,256000000
2026-05-29 12:48:08.446,15,14.99,,256000000
2026-05-29 12:48:08.445,2,1.87,,256000000
2026-05-29 12:48:08.441,4,3.3,,256000000
2026-05-29 12:48:08.434,2,1.83,,256000000
2026-05-29 12:48:08.434,2,1.86,,256000000
2026-05-29 12:48:08.431,2,1.65,,256000000
2026-05-29 12:48:08.365,3,2.63,,256000000
2026-05-29 12:48:08.345,2,1.64,,256000000
2026-05-29 12:48:08.338,35,34.15,,256000000
2026-05-29 12:48:08.337,22,21.18,,256000000
2026-05-29 12:48:08.327,3,2.04,,256000000
2026-05-29 12:48:08.322,70,69.31,,256000000
2026-05-29 12:48:08.319,10,9.53,,256000000
2026-05-29 12:48:08.311,2,1.75,,256000000
2026-05-29 12:48:08.280,2,1.85,,256000000
2026-05-29 12:48:08.265,2,1.81,,256000000
2026-05-29 12:48:08.261,4,3.87,,256000000
2026-05-29 12:48:08.252,2,1.83,,256000000
2026-05-29 12:48:08.234,2,1.58,,256000000
2026-05-29 12:48:08.221,2,1.72,,256000000
2026-05-29 12:48:08.214,12,11.32,,256000000
2026-05-29 12:48:08.206,2,1.69,,256000000
2026-05-29 12:48:08.193,3,2.03,,256000000
2026-05-29 12:48:08.188,11,10.04,,256000000
2026-05-29 12:48:08.167,7,6.25,,256000000
2026-05-29 12:48:08.135,2,1.57,,256000000
2026-05-29 12:48:08.133,6,5,,256000000
2026-05-29 12:48:08.109,2,1.88,,256000000
2026-05-29 12:48:08.107,2,1.73,,256000000
2026-05-29 12:48:08.101,3,2.28,,256000000
2026-05-29 12:48:08.096,2,1.9,,256000000
2026-05-29 12:48:08.093,2,1.74,,256000000
2026-05-29 12:48:08.062,98,97.6,,256000000
2026-05-29 12:48:08.053,2,1.76,,256000000
2026-05-29 12:48:08.022,2,1.68,,256000000
2026-05-29 12:48:08.018,3,2.59,,256000000
2026-05-29 12:48:08.016,2,1.74,,256000000
2026-05-29 12:48:07.997,12,11.86,,256000000
2026-05-29 12:48:07.992,2,1.86,,256000000
2026-05-29 12:48:07.986,2,1.99,,256000000
2026-05-29 12:48:07.958,20,19.19,,256000000
2026-05-29 12:48:07.956,2,1.72,,256000000
2026-05-29 12:48:07.934,2,1.64,,256000000
2026-05-29 12:48:07.931,3,2.27,,256000000
2026-05-29 12:48:07.928,2,1.7,,256000000
2026-05-29 12:48:07.923,3,2.03,,256000000
2026-05-29 12:48:07.916,2,1.91,,256000000
2026-05-29 12:48:07.903,13,12.56,,256000000
2026-05-29 12:48:07.890,2,1.77,,256000000
2026-05-29 12:48:07.885,2,1.89,,256000000
2026-05-29 12:48:07.882,2,1.73,,256000000
2026-05-29 12:48:07.863,2,1.68,,256000000
2026-05-29 12:48:07.862,2,1.71,,256000000
2026-05-29 12:48:07.861,2,1.71,,256000000
2026-05-29 12:48:07.858,17,16.81,,256000000
2026-05-29 12:48:07.841,19,18.01,,256000000
2026-05-29 12:48:07.809,2,1.95,,256000000
2026-05-29 12:48:07.805,2,1.72,,256000000
2026-05-29 12:48:07.721,2,1.98,,256000000
2026-05-29 12:48:07.721,23,22.68,,256000000
2026-05-29 12:48:07.712,2,1.86,,256000000
2026-05-29 12:48:07.684,14,13.54,,256000000
2026-05-29 12:48:07.669,2,1.77,,256000000
2026-05-29 12:48:07.666,2,1.72,,256000000
2026-05-29 12:48:07.662,11,10.8,,256000000
2026-05-29 12:48:07.647,2,1.77,,256000000
2026-05-29 12:48:07.645,2,1.84,,256000000
2026-05-29 12:48:07.641,2,1.67,,256000000
2026-05-29 12:48:07.633,3,2.09,,256000000
2026-05-29 12:48:07.626,2,1.78,,256000000
2026-05-29 12:48:07.614,2,1.99,,256000000
2026-05-29 12:48:07.608,11,10.06,,256000000
2026-05-29 12:48:07.587,8,7.31,,256000000
2026-05-29 12:48:07.582,6,5.7,,256000000
2026-05-29 12:48:07.574,15,14.02,,256000000
2026-05-29 12:48:07.566,2,1.96,,256000000
2026-05-29 12:48:07.562,46,45.51,,256000000
2026-05-29 12:48:07.553,14,13.41,,256000000
2026-05-29 12:48:07.553,2,1.88,,256000000
2026-05-29 12:48:07.539,2,1.87,,256000000
2026-05-29 12:48:07.536,3,2.76,,256000000
2026-05-29 12:48:07.532,2,1.95,,256000000
2026-05-29 12:48:07.513,2,1.68,,256000000
2026-05-29 12:48:07.475,2,1.73,,256000000
2026-05-29 12:48:07.456,2,1.75,,256000000
2026-05-29 12:48:07.453,2,1.74,,256000000
2026-05-29 12:48:07.446,3,2.11,,256000000
2026-05-29 12:48:07.445,3,2.22,,256000000
2026-05-29 12:48:07.439,2,1.91,,256000000
2026-05-29 12:48:07.437,2,1.64,,256000000
2026-05-29 12:48:07.435,2,1.91,,256000000
2026-05-29 12:48:07.434,3,2.3,,256000000
2026-05-29 12:48:07.433,2,1.84,,256000000
2026-05-29 12:48:07.403,2,1.91,,256000000
2026-05-29 12:48:07.401,3,2.24,,256000000
2026-05-29 12:48:07.381,3,2.02,,256000000
2026-05-29 12:48:07.378,2,1.88,,256000000
2026-05-29 12:48:07.369,2,1.7,,256000000
2026-05-29 12:48:07.356,2,1.83,,256000000
2026-05-29 12:48:07.334,12,11.06,,256000000
2026-05-29 12:48:07.333,2,1.63,,256000000
2026-05-29 12:48:07.332,2,1.8,,256000000
2026-05-29 12:48:07.313,7,6.6,,256000000
2026-05-29 12:48:07.313,2,1.73,,256000000
2026-05-29 12:48:07.293,2,1.76,,256000000
2026-05-29 12:48:07.281,3,2.16,,256000000
2026-05-29 12:48:07.275,2,1.63,,256000000
2026-05-29 12:48:07.242,12,11.01,,256000000
2026-05-29 12:48:07.238,2,1.82,,256000000
2026-05-29 12:48:07.236,2,1.92,,256000000
2026-05-29 12:48:07.221,3,2.11,,256000000
2026-05-29 12:48:07.217,2,1.7,,256000000
2026-05-29 12:48:07.217,7,6.25,,256000000
2026-05-29 12:48:07.197,39,38.67,,256000000
2026-05-29 12:48:07.182,9,8.35,,256000000
2026-05-29 12:48:07.161,3,2.51,,256000000
2026-05-29 12:48:07.136,2,1.93,,256000000
2026-05-29 12:48:07.136,2,1.91,,256000000
2026-05-29 12:48:07.122,13,12.88,,256000000
2026-05-29 12:48:07.115,2,1.7,,256000000
2026-05-29 12:48:07.107,2,1.8,,256000000
2026-05-29 12:48:07.101,8,7.52,,256000000
2026-05-29 12:48:07.100,2,1.99,,256000000
2026-05-29 12:48:07.095,18,17.22,,256000000
2026-05-29 12:48:07.094,2,1.73,,256000000
2026-05-29 12:48:07.088,2,1.8,,256000000
2026-05-29 12:48:07.084,2,1.78,,256000000
2026-05-29 12:48:07.082,2,1.93,,256000000
2026-05-29 12:48:07.062,14,13.09,,256000000
2026-05-29 12:48:07.061,2,1.71,,256000000
2026-05-29 12:48:07.053,2,1.87,,256000000
2026-05-29 12:48:07.023,10,9.55,,256000000
2026-05-29 12:48:07.016,2,1.68,,256000000
2026-05-29 12:48:07.002,2,1.83,,256000000
2026-05-29 12:48:06.996,2,1.9,,256000000
2026-05-29 12:48:06.976,2,1.76,,256000000
2026-05-29 12:48:06.956,2,1.68,,256000000
2026-05-29 12:48:06.943,3,2,,256000000
2026-05-29 12:48:06.943,2,1.69,,256000000
2026-05-29 12:48:06.937,2,1.83,,256000000
2026-05-29 12:48:06.937,12,11.34,,256000000
2026-05-29 12:48:06.931,2,1.81,,256000000
2026-05-29 12:48:06.916,2,1.98,,256000000
2026-05-29 12:48:06.916,2,1.68,,256000000
2026-05-29 12:48:06.889,2,1.77,,256000000
2026-05-29 12:48:06.887,2,1.65,,256000000
2026-05-29 12:48:06.855,12,11.82,,256000000
2026-05-29 12:48:06.845,2,1.94,,256000000
2026-05-29 12:48:06.842,2,1.8,,256000000
2026-05-29 12:48:06.842,2,1.84,,256000000
2026-05-29 12:48:06.834,2,1.96,,256000000
2026-05-29 12:48:06.830,2,1.96,,256000000
2026-05-29 12:48:06.813,9,8.72,,256000000
2026-05-29 12:48:06.794,22,21.53,,256000000
2026-05-29 12:48:06.792,2,1.78,,256000000
2026-05-29 12:48:06.776,2,1.96,,256000000
2026-05-29 12:48:06.773,2,1.72,,256000000
2026-05-29 12:48:06.753,2,1.9,,256000000
2026-05-29 12:48:06.745,15,14.75,,256000000
2026-05-29 12:48:06.737,90,89.62,,256000000
2026-05-29 12:48:06.706,2,1.88,,256000000
2026-05-29 12:48:06.704,2,1.8,,256000000
2026-05-29 12:48:06.694,2,1.84,,256000000
2026-05-29 12:48:06.672,2,1.67,,256000000
2026-05-29 12:48:06.657,2,1.76,,256000000
2026-05-29 12:48:06.648,2,1.85,,256000000
2026-05-29 12:48:06.648,2,1.86,,256000000
2026-05-29 12:48:06.621,2,1.82,,256000000
2026-05-29 12:48:06.616,2,1.98,,256000000
2026-05-29 12:48:06.597,2,1.84,,256000000
2026-05-29 12:48:06.576,2,1.83,,256000000
2026-05-29 12:48:06.562,21,20.68,,256000000
2026-05-29 12:48:06.533,3,2.01,,256000000
2026-05-29 12:48:06.521,3,2.71,,256000000
2026-05-29 12:48:06.514,2,1.79,,256000000
2026-05-29 12:48:06.478,26,25.12,,256000000
2026-05-29 12:48:06.478,101,100.08,,256000000
2026-05-29 12:48:06.472,2,1.79,,256000000
2026-05-29 12:48:06.447,2,1.91,,256000000
2026-05-29 12:48:06.445,2,1.82,,256000000
2026-05-29 12:48:06.439,2,1.64,,256000000
2026-05-29 12:48:06.430,2,1.72,,256000000
2026-05-29 12:48:06.402,16,15.32,,256000000
2026-05-29 12:48:06.396,12,11.33,,256000000
2026-05-29 12:48:06.380,10,9.22,,256000000
2026-05-29 12:48:06.374,12,11.17,,256000000
2026-05-29 12:48:06.362,18,17.87,,256000000
2026-05-29 12:48:06.355,3,2.14,,256000000
2026-05-29 12:48:06.352,2,1.73,,256000000
2026-05-29 12:48:06.349,3,2.05,,256000000
2026-05-29 12:48:06.335,3,2.02,,256000000
2026-05-29 12:48:06.335,2,1.97,,256000000
2026-05-29 12:48:06.333,2,1.88,,256000000
2026-05-29 12:48:06.330,2,1.64,,256000000
2026-05-29 12:48:06.295,2,1.99,,256000000
2026-05-29 12:48:06.290,2,1.95,,256000000
2026-05-29 12:48:06.264,3,2.05,,256000000
2026-05-29 12:48:06.261,3,2.23,,256000000
2026-05-29 12:48:06.259,2,1.79,,256000000
2026-05-29 12:48:06.252,2,1.86,,256000000
2026-05-29 12:48:06.224,2,1.59,,256000000
2026-05-29 12:48:06.176,2,1.77,,256000000
2026-05-29 12:48:06.174,47,46.57,,256000000
2026-05-29 12:48:06.160,14,13.47,,256000000
2026-05-29 12:48:06.143,2,1.69,,256000000
2026-05-29 12:48:06.141,3,2.37,,256000000
2026-05-29 12:48:06.140,2,1.92,,256000000
2026-05-29 12:48:06.128,2,1.74,,256000000
2026-05-29 12:48:06.113,3,2.02,,256000000
2026-05-29 12:48:06.107,2,1.84,,256000000
2026-05-29 12:48:06.102,2,1.81,,256000000
2026-05-29 12:48:06.100,2,1.73,,256000000
2026-05-29 12:48:06.100,3,2.11,,256000000
2026-05-29 12:48:06.088,2,1.88,,256000000
2026-05-29 12:48:06.066,2,1.95,,256000000
2026-05-29 12:48:06.061,23,22.89,,256000000
2026-05-29 12:48:06.042,65,64.7,,256000000
2026-05-29 12:48:06.041,2,1.82,,256000000
2026-05-29 12:48:06.034,13,12.61,,256000000
2026-05-29 12:48:06.020,2,1.75,,256000000
2026-05-29 12:48:06.012,2,1.88,,256000000
2026-05-29 12:48:05.983,3,2.52,,256000000
2026-05-29 12:48:05.975,32,31.44,,256000000
2026-05-29 12:48:05.966,2,1.89,,256000000
2026-05-29 12:48:05.962,21,20.48,,256000000
2026-05-29 12:48:05.956,2,1.75,,256000000
2026-05-29 12:48:05.955,59,58.44,,256000000
2026-05-29 12:48:05.948,2,1.79,,256000000
2026-05-29 12:48:05.948,2,1.6,,256000000
2026-05-29 12:48:05.946,2,1.92,,256000000
2026-05-29 12:48:05.926,3,2.21,,256000000
2026-05-29 12:48:05.920,15,14.74,,256000000
2026-05-29 12:48:05.913,3,2.54,,256000000
2026-05-29 12:48:05.905,7,6.76,,256000000
2026-05-29 12:48:05.903,7,6.09,,256000000
2026-05-29 12:48:05.894,2,1.9,,256000000
2026-05-29 12:48:05.862,11,10.21,,256000000
2026-05-29 12:48:05.857,2,1.79,,256000000
2026-05-29 12:48:05.856,2,1.91,,256000000
2026-05-29 12:48:05.853,2,1.99,,256000000
2026-05-29 12:48:05.850,2,1.91,,256000000
2026-05-29 12:48:05.836,2,1.71,,256000000
2026-05-29 12:48:05.819,3,2.06,,256000000
2026-05-29 12:48:05.813,3,2.38,,256000000
2026-05-29 12:48:05.802,35,34.82,,256000000
2026-05-29 12:48:05.775,3,2.19,,256000000
2026-05-29 12:48:05.773,2,1.94,,256000000
2026-05-29 12:48:05.768,2,1.79,,256000000
2026-05-29 12:48:05.757,7,6.42,,256000000
2026-05-29 12:48:05.736,2,1.91,,256000000
2026-05-29 12:48:05.727,3,2.15,,256000000
2026-05-29 12:48:05.727,2,1.98,,256000000
2026-05-29 12:48:05.699,2,1.88,,256000000
2026-05-29 12:48:05.689,12,11.85,,256000000
2026-05-29 12:48:05.682,10,9.61,,256000000
2026-05-29 12:48:05.669,2,1.89,,256000000
2026-05-29 12:48:05.626,2,1.76,,256000000
2026-05-29 12:48:05.622,2,1.75,,256000000
2026-05-29 12:48:05.622,7,6.76,,256000000
2026-05-29 12:48:05.601,3,2.01,,256000000
2026-05-29 12:48:05.588,2,1.87,,256000000
2026-05-29 12:48:05.551,2,1.82,,256000000
2026-05-29 12:48:05.536,2,1.81,,256000000
2026-05-29 12:48:05.536,3,2.06,,256000000
2026-05-29 12:48:05.504,8,7.79,,256000000
2026-05-29 12:48:05.497,2,1.9,,256000000
2026-05-29 12:48:05.496,3,2.81,,256000000
2026-05-29 12:48:05.495,2,1.77,,256000000
2026-05-29 12:48:05.494,4,3.14,,256000000
2026-05-29 12:48:05.489,2,1.69,,256000000
2026-05-29 12:48:05.483,2,1.7,,256000000
2026-05-29 12:48:05.482,13,12.61,,256000000
2026-05-29 12:48:05.461,2,1.83,,256000000
2026-05-29 12:48:05.459,2,1.75,,256000000
2026-05-29 12:48:05.441,3,2.01,,256000000
2026-05-29 12:48:05.424,3,2.14,,256000000
2026-05-29 12:48:05.415,2,1.69,,256000000
2026-05-29 12:48:05.413,2,1.78,,256000000
2026-05-29 12:48:05.409,14,13.77,,256000000
2026-05-29 12:48:05.401,2,1.79,,256000000
2026-05-29 12:48:05.396,2,1.69,,256000000
2026-05-29 12:48:05.394,2,2,,256000000
2026-05-29 12:48:05.367,15,14.7,,256000000
2026-05-29 12:48:05.365,3,2.04,,256000000
2026-05-29 12:48:05.355,2,1.9,,256000000
2026-05-29 12:48:05.347,2,2,,256000000
2026-05-29 12:48:05.345,2,1.7,,256000000
2026-05-29 12:48:05.333,2,1.68,,256000000
2026-05-29 12:48:05.296,2,1.99,,256000000
2026-05-29 12:48:05.296,2,1.96,,256000000
2026-05-29 12:48:05.293,2,1.99,,256000000
2026-05-29 12:48:05.282,2,1.75,,256000000
2026-05-29 12:48:05.274,2,1.96,,256000000
2026-05-29 12:48:05.197,5,4.83,,256000000
2026-05-29 12:48:05.197,2,1.76,,256000000
2026-05-29 12:48:05.196,2,1.91,,256000000
2026-05-29 12:48:05.195,2,1.89,,256000000
2026-05-29 12:48:05.177,2,1.84,,256000000
2026-05-29 12:48:05.174,3,2.17,,256000000
2026-05-29 12:48:05.164,2,1.82,,256000000
2026-05-29 12:48:05.156,2,1.69,,256000000
2026-05-29 12:48:05.152,2,1.73,,256000000
2026-05-29 12:48:05.147,9,8.38,,256000000
2026-05-29 12:48:05.144,2,1.72,,256000000
2026-05-29 12:48:05.137,2,1.9,,256000000
2026-05-29 12:48:05.113,2,1.79,,256000000
2026-05-29 12:48:05.074,2,1.68,,256000000
2026-05-29 12:48:05.065,2,1.74,,256000000
2026-05-29 12:48:05.031,2,1.93,,256000000
2026-05-29 12:48:05.026,2,1.69,,256000000
2026-05-29 12:48:05.016,3,2.5,,256000000
2026-05-29 12:48:05.011,2,1.68,,256000000
2026-05-29 12:48:05.011,2,1.74,,256000000
2026-05-29 12:48:05.003,3,2.02,,256000000
2026-05-29 12:48:04.987,2,1.86,,256000000
2026-05-29 12:48:04.983,2,1.98,,256000000
2026-05-29 12:48:04.961,2,1.94,,256000000
2026-05-29 12:48:04.959,2,1.97,,256000000
2026-05-29 12:48:04.959,2,1.99,,256000000
2026-05-29 12:48:04.957,3,2.27,,256000000
2026-05-29 12:48:04.921,2,1.97,,256000000
2026-05-29 12:48:04.920,20,19.18,,256000000
2026-05-29 12:48:04.913,2,1.91,,256000000
2026-05-29 12:48:04.912,2,1.85,,256000000
2026-05-29 12:48:04.883,2,1.82,,256000000
2026-05-29 12:48:04.873,2,1.96,,256000000
2026-05-29 12:48:04.861,20,19.78,,256000000
2026-05-29 12:48:04.853,2,1.84,,256000000
2026-05-29 12:48:04.837,2,1.92,,256000000
2026-05-29 12:48:04.830,2,1.88,,256000000
2026-05-29 12:48:04.827,2,1.71,,256000000
2026-05-29 12:48:04.821,3,2.24,,256000000
2026-05-29 12:48:04.801,2,1.63,,256000000
2026-05-29 12:48:04.782,2,1.88,,256000000
2026-05-29 12:48:04.778,20,19.79,,256000000
2026-05-29 12:48:04.720,25,24.38,,256000000
2026-05-29 12:48:04.701,2,1.76,,256000000
2026-05-29 12:48:04.664,2,1.66,,256000000
2026-05-29 12:48:04.655,2,1.62,,256000000
2026-05-29 12:48:04.623,2,1.75,,256000000
2026-05-29 12:48:04.600,16,15.42,,256000000
2026-05-29 12:48:04.598,2,1.73,,256000000
2026-05-29 12:48:04.594,3,2.23,,256000000
2026-05-29 12:48:04.592,2,1.81,,256000000
2026-05-29 12:48:04.591,3,2.04,,256000000
2026-05-29 12:48:04.554,45,44.86,,256000000
2026-05-29 12:48:04.544,3,2.09,,256000000
2026-05-29 12:48:04.541,3,2.1,,256000000
2026-05-29 12:48:04.493,2,1.91,,256000000
2026-05-29 12:48:04.489,26,25.45,,256000000
2026-05-29 12:48:04.487,2,1.64,,256000000
2026-05-29 12:48:04.444,2,1.73,,256000000
2026-05-29 12:48:04.442,5,4.06,,256000000
2026-05-29 12:48:04.440,16,15.11,,256000000
2026-05-29 12:48:04.433,3,2.11,,256000000
2026-05-29 12:48:04.423,29,28.18,,256000000
2026-05-29 12:48:04.422,2,1.89,,256000000
2026-05-29 12:48:04.402,2,1.75,,256000000
2026-05-29 12:48:04.397,2,1.88,,256000000
2026-05-29 12:48:04.395,10,9.06,,256000000
2026-05-29 12:48:04.381,3,2.01,,256000000
2026-05-29 12:48:04.375,3,2.04,,256000000
2026-05-29 12:48:04.343,2,1.91,,256000000
2026-05-29 12:48:04.338,2,1.79,,256000000
2026-05-29 12:48:04.335,2,1.69,,256000000
2026-05-29 12:48:04.334,3,2.42,,256000000
2026-05-29 12:48:04.333,3,2.03,,256000000
2026-05-29 12:48:04.320,4,3.55,,256000000
2026-05-29 12:48:04.302,2,1.88,,256000000
2026-05-29 12:48:04.288,3,2.03,,256000000
2026-05-29 12:48:04.281,2,1.89,,256000000
2026-05-29 12:48:04.266,2,1.61,,256000000
2026-05-29 12:48:04.240,2,1.97,,256000000
2026-05-29 12:48:04.238,15,14.46,,256000000
2026-05-29 12:48:04.237,3,2.02,,256000000
2026-05-29 12:48:04.220,29,28.63,,256000000
2026-05-29 12:48:04.216,3,2.16,,256000000
2026-05-29 12:48:04.212,2,1.77,,256000000
2026-05-29 12:48:04.207,2,1.8,,256000000
2026-05-29 12:48:04.197,24,23.65,,256000000
2026-05-29 12:48:04.186,3,2,,256000000
2026-05-29 12:48:04.180,25,24.93,,256000000
2026-05-29 12:48:04.150,3,2.01,,256000000
2026-05-29 12:48:04.139,2,1.56,,256000000
2026-05-29 12:48:04.116,3,2.78,,256000000
2026-05-29 12:48:04.101,13,12.98,,256000000
2026-05-29 12:48:04.097,3,2.02,,256000000
2026-05-29 12:48:04.096,3,2.06,,256000000
2026-05-29 12:48:04.095,3,2.69,,256000000
2026-05-29 12:48:04.091,3,2.07,,256000000
2026-05-29 12:48:04.090,5,4.63,,256000000
2026-05-29 12:48:04.087,2,1.86,,256000000
2026-05-29 12:48:04.086,2,1.91,,256000000
2026-05-29 12:48:04.086,2,1.69,,256000000
2026-05-29 12:48:04.080,49,48.86,,256000000
2026-05-29 12:48:04.074,2,1.79,,256000000
2026-05-29 12:48:04.070,2,1.84,,256000000
2026-05-29 12:48:04.057,2,1.88,,256000000
2026-05-29 12:48:04.039,2,1.94,,256000000
2026-05-29 12:48:04.034,2,1.81,,256000000
2026-05-29 12:48:04.033,2,1.85,,256000000
2026-05-29 12:48:04.022,15,14.09,,256000000
2026-05-29 12:48:04.013,2,1.97,,256000000
2026-05-29 12:48:04.001,3,2.23,,256000000
2026-05-29 12:48:03.993,2,1.88,,256000000
2026-05-29 12:48:03.988,3,2.15,,256000000
2026-05-29 12:48:03.987,3,2.07,,256000000
2026-05-29 12:48:03.980,2,1.67,,256000000
2026-05-29 12:48:03.942,2,1.76,,256000000
2026-05-29 12:48:03.921,2,1.99,,256000000
2026-05-29 12:48:03.918,2,1.64,,256000000
2026-05-29 12:48:03.905,2,1.64,,256000000
2026-05-29 12:48:03.898,3,2.17,,256000000
2026-05-29 12:48:03.896,2,1.74,,256000000
2026-05-29 12:48:03.875,3,2.14,,256000000
2026-05-29 12:48:03.874,18,17.26,,256000000
2026-05-29 12:48:03.872,2,1.98,,256000000
2026-05-29 12:48:03.836,3,2.08,,256000000
2026-05-29 12:48:03.835,21,20.27,,256000000
2026-05-29 12:48:03.834,2,1.88,,256000000
2026-05-29 12:48:03.825,2,1.9,,256000000
2026-05-29 12:48:03.820,20,19.15,,256000000
2026-05-29 12:48:03.815,2,1.71,,256000000
2026-05-29 12:48:03.794,3,2.14,,256000000
2026-05-29 12:48:03.782,2,1.78,,256000000
2026-05-29 12:48:03.755,13,12.66,,256000000
2026-05-29 12:48:03.755,2,1.75,,256000000
2026-05-29 12:48:03.752,3,2.08,,256000000
2026-05-29 12:48:03.742,3,2.27,,256000000
2026-05-29 12:48:03.734,2,1.89,,256000000
2026-05-29 12:48:03.719,2,1.87,,256000000
2026-05-29 12:48:03.707,2,1.96,,256000000
2026-05-29 12:48:03.670,2,1.85,,256000000
2026-05-29 12:48:03.669,2,1.72,,256000000
2026-05-29 12:48:03.659,3,2.19,,256000000
2026-05-29 12:48:03.651,2,1.75,,256000000
2026-05-29 12:48:03.635,2,1.72,,256000000
2026-05-29 12:48:03.628,7,6.08,,256000000
2026-05-29 12:48:03.628,2,1.87,,256000000
2026-05-29 12:48:03.625,2,1.82,,256000000
2026-05-29 12:48:03.624,2,1.82,,256000000
2026-05-29 12:48:03.608,3,2.03,,256000000
2026-05-29 12:48:03.600,39,38.14,,256000000
2026-05-29 12:48:03.520,2,1.9,,256000000
2026-05-29 12:48:03.515,3,2.18,,256000000
2026-05-29 12:48:03.513,3,2.02,,256000000
2026-05-29 12:48:03.502,2,1.93,,256000000
2026-05-29 12:48:03.501,2,1.98,,256000000
2026-05-29 12:48:03.479,2,1.81,,256000000
2026-05-29 12:48:03.474,2,1.88,,256000000
2026-05-29 12:48:03.456,2,1.97,,256000000
2026-05-29 12:48:03.455,3,2.15,,256000000
2026-05-29 12:48:03.453,2,1.82,,256000000
2026-05-29 12:48:03.435,2,1.56,,256000000
2026-05-29 12:48:03.435,7,6.74,,256000000
2026-05-29 12:48:03.433,5,4.54,,256000000
2026-05-29 12:48:03.424,32,31.07,,256000000
2026-05-29 12:48:03.400,3,2.26,,256000000
2026-05-29 12:48:03.395,31,30.68,,256000000
2026-05-29 12:48:03.384,17,16.32,,256000000
2026-05-29 12:48:03.378,2,1.8,,256000000
2026-05-29 12:48:03.354,3,2.03,,256000000
2026-05-29 12:48:03.345,3,2.51,,256000000
2026-05-29 12:48:03.336,2,1.81,,256000000
2026-05-29 12:48:03.322,2,1.94,,256000000
2026-05-29 12:48:03.276,2,1.69,,256000000
2026-05-29 12:48:03.255,2,1.74,,256000000
2026-05-29 12:48:03.245,2,1.61,,256000000
2026-05-29 12:48:03.222,29,28.39,,256000000
2026-05-29 12:48:03.215,50,49.44,,256000000
2026-05-29 12:48:03.201,2,1.73,,256000000
2026-05-29 12:48:03.186,3,2.16,,256000000
2026-05-29 12:48:03.186,2,1.71,,256000000
2026-05-29 12:48:03.176,3,2.06,,256000000
2026-05-29 12:48:03.165,2,1.74,,256000000
2026-05-29 12:48:03.164,17,16.9,,256000000
2026-05-29 12:48:03.160,21,20.14,,256000000
2026-05-29 12:48:03.145,2,1.83,,256000000
2026-05-29 12:48:03.142,2,1.58,,256000000
2026-05-29 12:48:03.139,2,1.7,,256000000
2026-05-29 12:48:03.120,2,1.74,,256000000
2026-05-29 12:48:03.116,2,1.82,,256000000
2026-05-29 12:48:03.105,13,12.57,,256000000
2026-05-29 12:48:03.081,2,1.78,,256000000
2026-05-29 12:48:03.063,2,1.81,,256000000
2026-05-29 12:48:03.035,3,2.04,,256000000
2026-05-29 12:48:03.003,15,14.69,,256000000
2026-05-29 12:48:02.996,3,2.03,,256000000
2026-05-29 12:48:02.995,40,39.2,,256000000
2026-05-29 12:48:02.983,3,2.42,,256000000
2026-05-29 12:48:02.964,77,76.7,,256000000
2026-05-29 12:48:02.960,19,18.48,,256000000
2026-05-29 12:48:02.957,7,6.41,,256000000
2026-05-29 12:48:02.955,2,1.67,,256000000
2026-05-29 12:48:02.944,2,1.89,,256000000
2026-05-29 12:48:02.943,2,1.81,,256000000
2026-05-29 12:48:02.915,11,10.05,,256000000
2026-05-29 12:48:02.911,2,1.73,,256000000
2026-05-29 12:48:02.909,3,2.26,,256000000
2026-05-29 12:48:02.908,2,1.7,,256000000
2026-05-29 12:48:02.885,2,1.82,,256000000
2026-05-29 12:48:02.881,2,1.68,,256000000
2026-05-29 12:48:02.876,7,6.49,,256000000
2026-05-29 12:48:02.867,2,1.69,,256000000
2026-05-29 12:48:02.857,2,1.75,,256000000
2026-05-29 12:48:02.854,3,2.02,,256000000
2026-05-29 12:48:02.836,2,1.77,,256000000
2026-05-29 12:48:02.816,2,2,,256000000
2026-05-29 12:48:02.810,2,1.71,,256000000
2026-05-29 12:48:02.799,2,1.74,,256000000
2026-05-29 12:48:02.798,2,1.84,,256000000
2026-05-29 12:48:02.755,48,47.45,,256000000
2026-05-29 12:48:02.747,5,4.13,,256000000
2026-05-29 12:48:02.736,3,2.01,,256000000
2026-05-29 12:48:02.734,2,1.84,,256000000
2026-05-29 12:48:02.713,2,1.74,,256000000
2026-05-29 12:48:02.713,2,1.77,,256000000
2026-05-29 12:48:02.696,2,1.97,,256000000
2026-05-29 12:48:02.675,2,1.86,,256000000
2026-05-29 12:48:02.675,2,1.73,,256000000
2026-05-29 12:48:02.674,2,1.63,,256000000
2026-05-29 12:48:02.656,2,1.69,,256000000
2026-05-29 12:48:02.644,2,1.79,,256000000
2026-05-29 12:48:02.635,17,16.68,,256000000
2026-05-29 12:48:02.627,2,1.67,,256000000
2026-05-29 12:48:02.621,2,1.73,,256000000
2026-05-29 12:48:02.596,8,7.48,,256000000
2026-05-29 12:48:02.591,2,1.82,,256000000
2026-05-29 12:48:02.574,3,2.13,,256000000
2026-05-29 12:48:02.566,2,1.85,,256000000
2026-05-29 12:48:02.544,2,1.86,,256000000
2026-05-29 12:48:02.532,2,1.83,,256000000
2026-05-29 12:48:02.524,2,1.72,,256000000
2026-05-29 12:48:02.514,3,2.29,,256000000
2026-05-29 12:48:02.501,2,1.75,,256000000
2026-05-29 12:48:02.496,2,1.8,,256000000
2026-05-29 12:48:02.488,2,1.63,,256000000
2026-05-29 12:48:02.466,2,1.74,,256000000
2026-05-29 12:48:02.458,32,31.63,,256000000
2026-05-29 12:48:02.455,2,1.96,,256000000
2026-05-29 12:48:02.454,2,1.83,,256000000
2026-05-29 12:48:02.442,4,3.12,,256000000
2026-05-29 12:48:02.428,13,12.22,,256000000
2026-05-29 12:48:02.418,2,1.95,,256000000
2026-05-29 12:48:02.416,2,1.86,,256000000
2026-05-29 12:48:02.415,17,16.98,,256000000
2026-05-29 12:48:02.409,3,2.07,,256000000
2026-05-29 12:48:02.406,2,1.77,,256000000
2026-05-29 12:48:02.403,15,14.75,,256000000
2026-05-29 12:48:02.385,2,1.91,,256000000
2026-05-29 12:48:02.362,3,2.06,,256000000
2026-05-29 12:48:02.358,3,2.17,,256000000
2026-05-29 12:48:02.355,2,1.73,,256000000
2026-05-29 12:48:02.344,2,1.84,,256000000
2026-05-29 12:48:02.340,17,16.77,,256000000
2026-05-29 12:48:02.294,39,38.2,,256000000
2026-05-29 12:48:02.282,2,1.77,,256000000
2026-05-29 12:48:02.279,2,1.93,,256000000
2026-05-29 12:48:02.240,2,1.68,,256000000
2026-05-29 12:48:02.236,2,1.86,,256000000
2026-05-29 12:48:02.216,3,2.29,,256000000
2026-05-29 12:48:02.193,10,9.99,,256000000
2026-05-29 12:48:02.188,2,1.73,,256000000
2026-05-29 12:48:02.173,3,2,,256000000
2026-05-29 12:48:02.161,2,1.79,,256000000
2026-05-29 12:48:02.160,16,15.13,,256000000
2026-05-29 12:48:02.155,32,31.59,,256000000
2026-05-29 12:48:02.146,2,1.76,,256000000
2026-05-29 12:48:02.138,2,1.96,,256000000
2026-05-29 12:48:02.119,2,1.86,,256000000
2026-05-29 12:48:02.117,4,3.28,,256000000
2026-05-29 12:48:02.115,9,8.82,,256000000
2026-05-29 12:48:02.095,44,43.17,,256000000
2026-05-29 12:48:02.089,2,1.81,,256000000
2026-05-29 12:48:02.077,8,7.94,,256000000
2026-05-29 12:48:02.047,2,1.76,,256000000
2026-05-29 12:48:02.019,12,11.57,,256000000
2026-05-29 12:48:02.002,2,1.61,,256000000
2026-05-29 12:48:01.999,2,1.73,,256000000
2026-05-29 12:48:01.998,10,9.85,,256000000
2026-05-29 12:48:01.995,46,45.33,,256000000
2026-05-29 12:48:01.994,7,6.24,,256000000
2026-05-29 12:48:01.974,12,11.01,,256000000
2026-05-29 12:48:01.962,2,1.97,,256000000
2026-05-29 12:48:01.957,2,1.68,,256000000
2026-05-29 12:48:01.953,2,1.77,,256000000
2026-05-29 12:48:01.952,3,2,,256000000
2026-05-29 12:48:01.945,2,1.88,,256000000
2026-05-29 12:48:01.930,2,1.74,,256000000
2026-05-29 12:48:01.919,2,1.67,,256000000
2026-05-29 12:48:01.913,2,1.73,,256000000
2026-05-29 12:48:01.893,3,2.09,,256000000
2026-05-29 12:48:01.891,2,1.64,,256000000
2026-05-29 12:48:01.887,2,1.8,,256000000
2026-05-29 12:48:01.884,7,6.62,,256000000
2026-05-29 12:48:01.874,2,1.95,,256000000
2026-05-29 12:48:01.862,13,12.32,,256000000
2026-05-29 12:48:01.854,2,1.68,,256000000
2026-05-29 12:48:01.850,2,1.75,,256000000
2026-05-29 12:48:01.838,2,1.7,,256000000
2026-05-29 12:48:01.838,2,1.63,,256000000
2026-05-29 12:48:01.824,13,12.4,,256000000
2026-05-29 12:48:01.803,2,2,,256000000
2026-05-29 12:48:01.781,2,1.77,,256000000
2026-05-29 12:48:01.780,2,1.78,,256000000
2026-05-29 12:48:01.762,2,1.79,,256000000
2026-05-29 12:48:01.746,3,2.28,,256000000
2026-05-29 12:48:01.724,11,10.62,,256000000
2026-05-29 12:48:01.702,2,1.92,,256000000
2026-05-29 12:48:01.688,9,8.8,,256000000
2026-05-29 12:48:01.672,2,1.76,,256000000
2026-05-29 12:48:01.646,2,1.83,,256000000
2026-05-29 12:48:01.643,2,1.96,,256000000
2026-05-29 12:48:01.623,2,1.82,,256000000
2026-05-29 12:48:01.617,19,18.92,,256000000
2026-05-29 12:48:01.616,11,10.32,,256000000
2026-05-29 12:48:01.613,2,1.84,,256000000
2026-05-29 12:48:01.606,3,2.26,,256000000
2026-05-29 12:48:01.602,16,15.3,,256000000
2026-05-29 12:48:01.585,2,1.82,,256000000
2026-05-29 12:48:01.582,2,1.74,,256000000
2026-05-29 12:48:01.580,2,1.82,,256000000
2026-05-29 12:48:01.560,2,1.79,,256000000
2026-05-29 12:48:01.557,2,1.8,,256000000
2026-05-29 12:48:01.523,2,1.88,,256000000
2026-05-29 12:48:01.507,10,9.14,,256000000
2026-05-29 12:48:01.504,2,1.86,,256000000
2026-05-29 12:48:01.482,2,1.89,,256000000
2026-05-29 12:48:01.476,2,1.72,,256000000
2026-05-29 12:48:01.471,2,1.85,,256000000
2026-05-29 12:48:01.459,2,1.72,,256000000
2026-05-29 12:48:01.427,14,13.72,,256000000
2026-05-29 12:48:01.419,2,1.67,,256000000
2026-05-29 12:48:01.412,2,1.99,,256000000
2026-05-29 12:48:01.402,2,1.67,,256000000
2026-05-29 12:48:01.394,2,1.79,,256000000
2026-05-29 12:48:01.387,20,19.8,,256000000
2026-05-29 12:48:01.381,2,1.85,,256000000
2026-05-29 12:48:01.376,4,3.13,,256000000
2026-05-29 12:48:01.354,5,4.52,,256000000
2026-05-29 12:48:01.353,2,1.79,,256000000
2026-05-29 12:48:01.324,2,1.8,,256000000
2026-05-29 12:48:01.314,2,1.87,,256000000
2026-05-29 12:48:01.290,2,1.68,,256000000
2026-05-29 12:48:01.267,80,79.72,,256000000
2026-05-29 12:48:01.261,13,12.79,,256000000