@timestamp,@logStream,@duration,@initDuration,@maxMemoryUsed
2026-05-28 12:25:09.553,2026/05/28/[$LATEST]09b41d5fd2894f389e30ae58462b1250,2.54,645.73,85000000
2026-05-28 12:25:09.571,2026/05/28/[$LATEST]15737d93c14242db96065ddfaa294dc4,9.61,668.85,85000000
2026-05-28 12:25:10.297,2026/05/28/[$LATEST]645d0a3985b047aa91261d33b7d29c16,25.03,717.18,85000000
2026-05-28 12:25:10.993,2026/05/28/[$LATEST]188cc19e71ed4e0bb96c479aefb33946,3.19,926.92,86000000
2026-05-28 12:25:11.052,2026/05/28/[$LATEST]645d0a3985b047aa91261d33b7d29c16,1.76,,85000000
2026-05-28 12:25:11.078,2026/05/28/[$LATEST]645d0a3985b047aa91261d33b7d29c16,11.08,,85000000
2026-05-28 12:25:11.088,2026/05/28/[$LATEST]188cc19e71ed4e0bb96c479aefb33946,1.96,,86000000
2026-05-28 12:25:11.279,2026/05/28/[$LATEST]645d0a3985b047aa91261d33b7d29c16,1.9,,85000000
2026-05-28 12:25:11.757,2026/05/28/[$LATEST]645d0a3985b047aa91261d33b7d29c16,28.08,,85000000
2026-05-28 12:25:11.856,2026/05/28/[$LATEST]645d0a3985b047aa91261d33b7d29c16,2.48,,85000000
2026-05-28 12:25:12.075,2026/05/28/[$LATEST]645d0a3985b047aa91261d33b7d29c16,1.85,,85000000
2026-05-28 12:25:12.392,2026/05/28/[$LATEST]188cc19e71ed4e0bb96c479aefb33946,1.8,,86000000
2026-05-28 12:25:12.678,2026/05/28/[$LATEST]188cc19e71ed4e0bb96c479aefb33946,1.94,,86000000
2026-05-28 12:25:12.706,2026/05/28/[$LATEST]645d0a3985b047aa91261d33b7d29c16,1.95,,85000000
2026-05-28 12:25:13.392,2026/05/28/[$LATEST]188cc19e71ed4e0bb96c479aefb33946,17.1,,86000000
2026-05-28 12:25:13.531,2026/05/28/[$LATEST]188cc19e71ed4e0bb96c479aefb33946,15.23,,86000000
2026-05-28 12:25:13.602,2026/05/28/[$LATEST]188cc19e71ed4e0bb96c479aefb33946,2.11,,86000000
2026-05-28 12:25:13.674,2026/05/28/[$LATEST]188cc19e71ed4e0bb96c479aefb33946,2.21,,86000000
2026-05-28 12:25:13.758,2026/05/28/[$LATEST]645d0a3985b047aa91261d33b7d29c16,2.26,,85000000
2026-05-28 12:25:13.797,2026/05/28/[$LATEST]645d0a3985b047aa91261d33b7d29c16,23.84,,85000000
2026-05-28 12:25:14.019,2026/05/28/[$LATEST]188cc19e71ed4e0bb96c479aefb33946,1.94,,86000000
2026-05-28 12:25:14.809,2026/05/28/[$LATEST]645d0a3985b047aa91261d33b7d29c16,1.72,,85000000
2026-05-28 12:25:14.862,2026/05/28/[$LATEST]645d0a3985b047aa91261d33b7d29c16,2.01,,85000000
2026-05-28 12:25:14.870,2026/05/28/[$LATEST]188cc19e71ed4e0bb96c479aefb33946,9.61,,86000000
2026-05-28 12:25:15.093,2026/05/28/[$LATEST]188cc19e71ed4e0bb96c479aefb33946,2.11,,86000000
2026-05-28 12:25:15.137,2026/05/28/[$LATEST]645d0a3985b047aa91261d33b7d29c16,26.58,,85000000
2026-05-28 12:25:15.237,2026/05/28/[$LATEST]188cc19e71ed4e0bb96c479aefb33946,2.46,,86000000
2026-05-28 12:25:15.459,2026/05/28/[$LATEST]645d0a3985b047aa91261d33b7d29c16,1.98,,85000000
2026-05-28 12:25:15.460,2026/05/28/[$LATEST]188cc19e71ed4e0bb96c479aefb33946,1.92,,86000000
2026-05-28 12:25:15.640,2026/05/28/[$LATEST]188cc19e71ed4e0bb96c479aefb33946,1.97,,86000000
2026-05-28 12:25:15.999,2026/05/28/[$LATEST]645d0a3985b047aa91261d33b7d29c16,1.82,,85000000
2026-05-28 12:25:16.261,2026/05/28/[$LATEST]188cc19e71ed4e0bb96c479aefb33946,2.1,,86000000
2026-05-28 12:25:16.639,2026/05/28/[$LATEST]645d0a3985b047aa91261d33b7d29c16,3.32,,85000000
2026-05-28 12:25:16.729,2026/05/28/[$LATEST]645d0a3985b047aa91261d33b7d29c16,2.1,,85000000
2026-05-28 12:25:16.859,2026/05/28/[$LATEST]645d0a3985b047aa91261d33b7d29c16,1.99,,85000000
2026-05-28 12:25:17.090,2026/05/28/[$LATEST]188cc19e71ed4e0bb96c479aefb33946,2.2,,86000000
2026-05-28 12:25:17.162,2026/05/28/[$LATEST]645d0a3985b047aa91261d33b7d29c16,2.18,,85000000
2026-05-28 12:25:17.184,2026/05/28/[$LATEST]645d0a3985b047aa91261d33b7d29c16,1.73,,85000000
2026-05-28 12:25:17.410,2026/05/28/[$LATEST]188cc19e71ed4e0bb96c479aefb33946,1.76,,86000000
2026-05-28 12:25:17.482,2026/05/28/[$LATEST]645d0a3985b047aa91261d33b7d29c16,1.91,,85000000
2026-05-28 12:25:17.694,2026/05/28/[$LATEST]188cc19e71ed4e0bb96c479aefb33946,1.92,,86000000
2026-05-28 12:25:18.051,2026/05/28/[$LATEST]188cc19e71ed4e0bb96c479aefb33946,2.16,,86000000
2026-05-28 12:25:18.273,2026/05/28/[$LATEST]645d0a3985b047aa91261d33b7d29c16,2.11,,85000000
2026-05-28 12:25:18.576,2026/05/28/[$LATEST]645d0a3985b047aa91261d33b7d29c16,1.98,,85000000
2026-05-28 12:25:18.691,2026/05/28/[$LATEST]188cc19e71ed4e0bb96c479aefb33946,1.87,,86000000
2026-05-28 12:25:18.821,2026/05/28/[$LATEST]645d0a3985b047aa91261d33b7d29c16,1.95,,85000000
2026-05-28 12:25:18.862,2026/05/28/[$LATEST]645d0a3985b047aa91261d33b7d29c16,1.8,,85000000
2026-05-28 12:25:19.210,2026/05/28/[$LATEST]645d0a3985b047aa91261d33b7d29c16,2.11,,85000000
2026-05-28 12:25:19.401,2026/05/28/[$LATEST]188cc19e71ed4e0bb96c479aefb33946,2.03,,86000000
2026-05-28 12:25:19.432,2026/05/28/[$LATEST]645d0a3985b047aa91261d33b7d29c16,2.01,,85000000
2026-05-28 12:25:19.489,2026/05/28/[$LATEST]645d0a3985b047aa91261d33b7d29c16,1.72,,85000000
2026-05-28 12:25:19.848,2026/05/28/[$LATEST]188cc19e71ed4e0bb96c479aefb33946,1.95,,86000000
2026-05-28 12:25:20.237,2026/05/28/[$LATEST]188cc19e71ed4e0bb96c479aefb33946,2.33,,86000000
2026-05-28 12:25:20.606,2026/05/28/[$LATEST]188cc19e71ed4e0bb96c479aefb33946,1.78,,86000000
2026-05-28 12:25:20.790,2026/05/28/[$LATEST]188cc19e71ed4e0bb96c479aefb33946,1.83,,86000000
2026-05-28 12:25:20.799,2026/05/28/[$LATEST]645d0a3985b047aa91261d33b7d29c16,2.31,,85000000
2026-05-28 12:25:20.889,2026/05/28/[$LATEST]15737d93c14242db96065ddfaa294dc4,1.7,,85000000
2026-05-28 12:25:20.898,2026/05/28/[$LATEST]645d0a3985b047aa91261d33b7d29c16,34.74,,85000000
2026-05-28 12:25:21.137,2026/05/28/[$LATEST]645d0a3985b047aa91261d33b7d29c16,1.94,,85000000
2026-05-28 12:25:21.253,2026/05/28/[$LATEST]645d0a3985b047aa91261d33b7d29c16,1.96,,85000000
2026-05-28 12:25:21.393,2026/05/28/[$LATEST]188cc19e71ed4e0bb96c479aefb33946,2.41,,86000000
2026-05-28 12:25:21.439,2026/05/28/[$LATEST]645d0a3985b047aa91261d33b7d29c16,1.79,,85000000
2026-05-28 12:25:21.743,2026/05/28/[$LATEST]645d0a3985b047aa91261d33b7d29c16,1.86,,85000000
2026-05-28 12:25:22.157,2026/05/28/[$LATEST]645d0a3985b047aa91261d33b7d29c16,2.02,,85000000
2026-05-28 12:25:22.422,2026/05/28/[$LATEST]645d0a3985b047aa91261d33b7d29c16,2.23,,85000000
2026-05-28 12:25:22.493,2026/05/28/[$LATEST]188cc19e71ed4e0bb96c479aefb33946,1.82,,86000000
2026-05-28 12:25:22.733,2026/05/28/[$LATEST]645d0a3985b047aa91261d33b7d29c16,1.88,,85000000
2026-05-28 12:25:22.803,2026/05/28/[$LATEST]645d0a3985b047aa91261d33b7d29c16,1.77,,85000000
2026-05-28 12:25:22.997,2026/05/28/[$LATEST]645d0a3985b047aa91261d33b7d29c16,1.94,,85000000
2026-05-28 12:25:22.999,2026/05/28/[$LATEST]15737d93c14242db96065ddfaa294dc4,1.93,,85000000
2026-05-28 12:25:23.243,2026/05/28/[$LATEST]15737d93c14242db96065ddfaa294dc4,2.22,,85000000
2026-05-28 12:25:23.465,2026/05/28/[$LATEST]15737d93c14242db96065ddfaa294dc4,1.91,,85000000
2026-05-28 12:25:23.468,2026/05/28/[$LATEST]188cc19e71ed4e0bb96c479aefb33946,3.51,,86000000
2026-05-28 12:25:23.827,2026/05/28/[$LATEST]188cc19e71ed4e0bb96c479aefb33946,1.69,,86000000
2026-05-28 12:25:23.899,2026/05/28/[$LATEST]15737d93c14242db96065ddfaa294dc4,2.21,,85000000
2026-05-28 12:25:24.468,2026/05/28/[$LATEST]188cc19e71ed4e0bb96c479aefb33946,4.17,,86000000
2026-05-28 12:25:24.510,2026/05/28/[$LATEST]188cc19e71ed4e0bb96c479aefb33946,2.95,,86000000
2026-05-28 12:25:24.581,2026/05/28/[$LATEST]188cc19e71ed4e0bb96c479aefb33946,1.85,,86000000
2026-05-28 12:25:24.639,2026/05/28/[$LATEST]188cc19e71ed4e0bb96c479aefb33946,2.06,,86000000
2026-05-28 12:25:24.793,2026/05/28/[$LATEST]188cc19e71ed4e0bb96c479aefb33946,23.16,,86000000
2026-05-28 12:25:25.140,2026/05/28/[$LATEST]188cc19e71ed4e0bb96c479aefb33946,2.33,,86000000
2026-05-28 12:25:25.188,2026/05/28/[$LATEST]188cc19e71ed4e0bb96c479aefb33946,2.08,,86000000
2026-05-28 12:25:25.201,2026/05/28/[$LATEST]15737d93c14242db96065ddfaa294dc4,2.02,,85000000
2026-05-28 12:25:25.694,2026/05/28/[$LATEST]15737d93c14242db96065ddfaa294dc4,1.95,,85000000
2026-05-28 12:25:25.729,2026/05/28/[$LATEST]188cc19e71ed4e0bb96c479aefb33946,2.07,,86000000
2026-05-28 12:25:25.912,2026/05/28/[$LATEST]15737d93c14242db96065ddfaa294dc4,20.16,,85000000
2026-05-28 12:25:25.977,2026/05/28/[$LATEST]15737d93c14242db96065ddfaa294dc4,1.83,,85000000
2026-05-28 12:25:26.160,2026/05/28/[$LATEST]15737d93c14242db96065ddfaa294dc4,2.15,,85000000
2026-05-28 12:25:26.784,2026/05/28/[$LATEST]15737d93c14242db96065ddfaa294dc4,2.48,,85000000
2026-05-28 12:25:26.786,2026/05/28/[$LATEST]645d0a3985b047aa91261d33b7d29c16,1.81,,85000000
2026-05-28 12:25:26.794,2026/05/28/[$LATEST]09b41d5fd2894f389e30ae58462b1250,1.62,,85000000
2026-05-28 12:25:26.811,2026/05/28/[$LATEST]15737d93c14242db96065ddfaa294dc4,20.58,,85000000
2026-05-28 12:25:26.942,2026/05/28/[$LATEST]15737d93c14242db96065ddfaa294dc4,2.15,,85000000
2026-05-28 12:25:27.367,2026/05/28/[$LATEST]15737d93c14242db96065ddfaa294dc4,1.71,,85000000
2026-05-28 12:25:27.481,2026/05/28/[$LATEST]188cc19e71ed4e0bb96c479aefb33946,2.04,,86000000
2026-05-28 12:25:27.512,2026/05/28/[$LATEST]15737d93c14242db96065ddfaa294dc4,2.11,,85000000
2026-05-28 12:25:27.541,2026/05/28/[$LATEST]15737d93c14242db96065ddfaa294dc4,2.06,,85000000
2026-05-28 12:25:27.720,2026/05/28/[$LATEST]15737d93c14242db96065ddfaa294dc4,1.99,,85000000
2026-05-28 12:25:28.130,2026/05/28/[$LATEST]188cc19e71ed4e0bb96c479aefb33946,2.27,,86000000
2026-05-28 12:25:28.183,2026/05/28/[$LATEST]15737d93c14242db96065ddfaa294dc4,2.07,,85000000
2026-05-28 12:25:28.299,2026/05/28/[$LATEST]188cc19e71ed4e0bb96c479aefb33946,2.16,,86000000
2026-05-28 12:25:28.603,2026/05/28/[$LATEST]188cc19e71ed4e0bb96c479aefb33946,2.18,,86000000
2026-05-28 12:25:28.696,2026/05/28/[$LATEST]15737d93c14242db96065ddfaa294dc4,2.03,,85000000
2026-05-28 12:25:29.329,2026/05/28/[$LATEST]15737d93c14242db96065ddfaa294dc4,1.68,,85000000
2026-05-28 12:25:29.427,2026/05/28/[$LATEST]15737d93c14242db96065ddfaa294dc4,1.76,,85000000
2026-05-28 12:25:29.589,2026/05/28/[$LATEST]188cc19e71ed4e0bb96c479aefb33946,1.75,,86000000
2026-05-28 12:25:29.619,2026/05/28/[$LATEST]188cc19e71ed4e0bb96c479aefb33946,1.58,,86000000
2026-05-28 12:25:29.787,2026/05/28/[$LATEST]188cc19e71ed4e0bb96c479aefb33946,1.81,,86000000
2026-05-28 12:25:29.900,2026/05/28/[$LATEST]15737d93c14242db96065ddfaa294dc4,1.93,,85000000
2026-05-28 12:25:29.929,2026/05/28/[$LATEST]188cc19e71ed4e0bb96c479aefb33946,1.95,,86000000
2026-05-28 12:25:30.250,2026/05/28/[$LATEST]15737d93c14242db96065ddfaa294dc4,3.61,,85000000
2026-05-28 12:25:30.409,2026/05/28/[$LATEST]15737d93c14242db96065ddfaa294dc4,1.55,,85000000
2026-05-28 12:25:30.763,2026/05/28/[$LATEST]15737d93c14242db96065ddfaa294dc4,1.76,,85000000
2026-05-28 12:25:31.115,2026/05/28/[$LATEST]15737d93c14242db96065ddfaa294dc4,1.91,,85000000
2026-05-28 12:25:31.366,2026/05/28/[$LATEST]15737d93c14242db96065ddfaa294dc4,1.61,,85000000
2026-05-28 12:25:31.554,2026/05/28/[$LATEST]188cc19e71ed4e0bb96c479aefb33946,1.63,,86000000
2026-05-28 12:25:31.671,2026/05/28/[$LATEST]15737d93c14242db96065ddfaa294dc4,1.65,,85000000
2026-05-28 12:25:31.721,2026/05/28/[$LATEST]15737d93c14242db96065ddfaa294dc4,1.66,,85000000
2026-05-28 12:25:31.783,2026/05/28/[$LATEST]15737d93c14242db96065ddfaa294dc4,1.86,,85000000
2026-05-28 12:25:31.814,2026/05/28/[$LATEST]188cc19e71ed4e0bb96c479aefb33946,1.83,,86000000
2026-05-28 12:25:31.875,2026/05/28/[$LATEST]15737d93c14242db96065ddfaa294dc4,1.85,,85000000
2026-05-28 12:25:31.975,2026/05/28/[$LATEST]15737d93c14242db96065ddfaa294dc4,1.93,,85000000
2026-05-28 12:25:32.116,2026/05/28/[$LATEST]188cc19e71ed4e0bb96c479aefb33946,35.22,,86000000
2026-05-28 12:25:32.968,2026/05/28/[$LATEST]188cc19e71ed4e0bb96c479aefb33946,1.85,,86000000
2026-05-28 12:25:33.073,2026/05/28/[$LATEST]188cc19e71ed4e0bb96c479aefb33946,3.15,,86000000
2026-05-28 12:25:33.222,2026/05/28/[$LATEST]15737d93c14242db96065ddfaa294dc4,2.06,,85000000
2026-05-28 12:25:33.341,2026/05/28/[$LATEST]15737d93c14242db96065ddfaa294dc4,1.76,,85000000
2026-05-28 12:25:33.367,2026/05/28/[$LATEST]15737d93c14242db96065ddfaa294dc4,1.87,,85000000
2026-05-28 12:25:33.389,2026/05/28/[$LATEST]15737d93c14242db96065ddfaa294dc4,1.87,,85000000
2026-05-28 12:25:33.471,2026/05/28/[$LATEST]15737d93c14242db96065ddfaa294dc4,1.81,,85000000
2026-05-28 12:25:33.658,2026/05/28/[$LATEST]15737d93c14242db96065ddfaa294dc4,1.64,,85000000
2026-05-28 12:25:33.826,2026/05/28/[$LATEST]15737d93c14242db96065ddfaa294dc4,2.4,,85000000
2026-05-28 12:25:34.442,2026/05/28/[$LATEST]15737d93c14242db96065ddfaa294dc4,1.68,,85000000
2026-05-28 12:25:34.495,2026/05/28/[$LATEST]188cc19e71ed4e0bb96c479aefb33946,2.35,,86000000
2026-05-28 12:25:34.846,2026/05/28/[$LATEST]15737d93c14242db96065ddfaa294dc4,1.91,,85000000
2026-05-28 12:25:34.949,2026/05/28/[$LATEST]188cc19e71ed4e0bb96c479aefb33946,1.69,,86000000
2026-05-28 12:25:35.033,2026/05/28/[$LATEST]15737d93c14242db96065ddfaa294dc4,1.55,,85000000
2026-05-28 12:25:35.052,2026/05/28/[$LATEST]15737d93c14242db96065ddfaa294dc4,8.38,,85000000
2026-05-28 12:25:35.159,2026/05/28/[$LATEST]15737d93c14242db96065ddfaa294dc4,1.68,,85000000
2026-05-28 12:25:35.428,2026/05/28/[$LATEST]15737d93c14242db96065ddfaa294dc4,1.48,,85000000
2026-05-28 12:25:35.814,2026/05/28/[$LATEST]15737d93c14242db96065ddfaa294dc4,2.06,,85000000
2026-05-28 12:25:35.933,2026/05/28/[$LATEST]15737d93c14242db96065ddfaa294dc4,1.68,,85000000
2026-05-28 12:25:36.054,2026/05/28/[$LATEST]188cc19e71ed4e0bb96c479aefb33946,2.13,,86000000
2026-05-28 12:25:36.392,2026/05/28/[$LATEST]188cc19e71ed4e0bb96c479aefb33946,1.82,,86000000
2026-05-28 12:25:36.508,2026/05/28/[$LATEST]188cc19e71ed4e0bb96c479aefb33946,1.85,,86000000
2026-05-28 12:25:36.599,2026/05/28/[$LATEST]15737d93c14242db96065ddfaa294dc4,1.91,,85000000
2026-05-28 12:25:36.673,2026/05/28/[$LATEST]188cc19e71ed4e0bb96c479aefb33946,1.71,,86000000
2026-05-28 12:25:36.734,2026/05/28/[$LATEST]188cc19e71ed4e0bb96c479aefb33946,21.35,,86000000
2026-05-28 12:25:37.046,2026/05/28/[$LATEST]188cc19e71ed4e0bb96c479aefb33946,2.16,,86000000
2026-05-28 12:25:37.466,2026/05/28/[$LATEST]188cc19e71ed4e0bb96c479aefb33946,1.83,,86000000
2026-05-28 12:25:37.521,2026/05/28/[$LATEST]15737d93c14242db96065ddfaa294dc4,2.03,,85000000
2026-05-28 12:25:37.921,2026/05/28/[$LATEST]15737d93c14242db96065ddfaa294dc4,1.89,,85000000
2026-05-28 12:25:37.949,2026/05/28/[$LATEST]188cc19e71ed4e0bb96c479aefb33946,1.95,,86000000
2026-05-28 12:25:38.163,2026/05/28/[$LATEST]188cc19e71ed4e0bb96c479aefb33946,1.79,,86000000
2026-05-28 12:25:38.328,2026/05/28/[$LATEST]15737d93c14242db96065ddfaa294dc4,2.01,,85000000
2026-05-28 12:25:38.678,2026/05/28/[$LATEST]15737d93c14242db96065ddfaa294dc4,1.98,,85000000
2026-05-28 12:25:38.806,2026/05/28/[$LATEST]188cc19e71ed4e0bb96c479aefb33946,2.23,,86000000
2026-05-28 12:25:38.864,2026/05/28/[$LATEST]188cc19e71ed4e0bb96c479aefb33946,1.69,,86000000
2026-05-28 12:25:38.888,2026/05/28/[$LATEST]188cc19e71ed4e0bb96c479aefb33946,5.98,,86000000
2026-05-28 12:25:38.908,2026/05/28/[$LATEST]188cc19e71ed4e0bb96c479aefb33946,1.92,,86000000
2026-05-28 12:25:39.394,2026/05/28/[$LATEST]15737d93c14242db96065ddfaa294dc4,1.69,,85000000
2026-05-28 12:25:39.442,2026/05/28/[$LATEST]188cc19e71ed4e0bb96c479aefb33946,1.74,,86000000
2026-05-28 12:25:39.477,2026/05/28/[$LATEST]15737d93c14242db96065ddfaa294dc4,1.58,,85000000
2026-05-28 12:25:40.019,2026/05/28/[$LATEST]188cc19e71ed4e0bb96c479aefb33946,2.11,,86000000
2026-05-28 12:25:40.030,2026/05/28/[$LATEST]188cc19e71ed4e0bb96c479aefb33946,3.82,,86000000
2026-05-28 12:25:40.139,2026/05/28/[$LATEST]188cc19e71ed4e0bb96c479aefb33946,1.98,,86000000
2026-05-28 12:25:40.423,2026/05/28/[$LATEST]15737d93c14242db96065ddfaa294dc4,1.67,,85000000
2026-05-28 12:25:40.535,2026/05/28/[$LATEST]15737d93c14242db96065ddfaa294dc4,1.7,,85000000
2026-05-28 12:25:40.584,2026/05/28/[$LATEST]188cc19e71ed4e0bb96c479aefb33946,2.23,,86000000
2026-05-28 12:25:41.173,2026/05/28/[$LATEST]15737d93c14242db96065ddfaa294dc4,1.97,,85000000
2026-05-28 12:25:41.177,2026/05/28/[$LATEST]09b41d5fd2894f389e30ae58462b1250,1.95,,85000000
2026-05-28 12:25:41.291,2026/05/28/[$LATEST]188cc19e71ed4e0bb96c479aefb33946,1.68,,86000000
2026-05-28 12:25:41.393,2026/05/28/[$LATEST]09b41d5fd2894f389e30ae58462b1250,16.86,,85000000
2026-05-28 12:25:41.647,2026/05/28/[$LATEST]09b41d5fd2894f389e30ae58462b1250,1.85,,85000000
2026-05-28 12:25:41.708,2026/05/28/[$LATEST]09b41d5fd2894f389e30ae58462b1250,1.64,,85000000
2026-05-28 12:25:41.929,2026/05/28/[$LATEST]09b41d5fd2894f389e30ae58462b1250,1.79,,85000000
2026-05-28 12:25:42.073,2026/05/28/[$LATEST]09b41d5fd2894f389e30ae58462b1250,1.81,,85000000
2026-05-28 12:25:42.249,2026/05/28/[$LATEST]188cc19e71ed4e0bb96c479aefb33946,27.52,,86000000
2026-05-28 12:25:42.489,2026/05/28/[$LATEST]09b41d5fd2894f389e30ae58462b1250,2.46,,85000000
2026-05-28 12:25:42.597,2026/05/28/[$LATEST]09b41d5fd2894f389e30ae58462b1250,5.5,,85000000
2026-05-28 12:25:43.138,2026/05/28/[$LATEST]188cc19e71ed4e0bb96c479aefb33946,2.2,,86000000
2026-05-28 12:25:43.346,2026/05/28/[$LATEST]09b41d5fd2894f389e30ae58462b1250,2.07,,85000000
2026-05-28 12:25:43.473,2026/05/28/[$LATEST]09b41d5fd2894f389e30ae58462b1250,1.67,,85000000
2026-05-28 12:25:43.496,2026/05/28/[$LATEST]188cc19e71ed4e0bb96c479aefb33946,1.75,,86000000
2026-05-28 12:25:43.585,2026/05/28/[$LATEST]188cc19e71ed4e0bb96c479aefb33946,1.88,,86000000
2026-05-28 12:25:43.591,2026/05/28/[$LATEST]2faaf80cfd9d45a1b10ad92bea2bdc23,4.63,673.46,86000000
2026-05-28 12:25:43.671,2026/05/28/[$LATEST]2faaf80cfd9d45a1b10ad92bea2bdc23,1.95,,86000000
2026-05-28 12:25:43.880,2026/05/28/[$LATEST]09b41d5fd2894f389e30ae58462b1250,1.84,,85000000
2026-05-28 12:25:44.036,2026/05/28/[$LATEST]09b41d5fd2894f389e30ae58462b1250,1.66,,85000000
2026-05-28 12:25:44.429,2026/05/28/[$LATEST]09b41d5fd2894f389e30ae58462b1250,1.92,,85000000
2026-05-28 12:25:44.652,2026/05/28/[$LATEST]09b41d5fd2894f389e30ae58462b1250,1.8,,85000000
2026-05-28 12:25:44.877,2026/05/28/[$LATEST]09b41d5fd2894f389e30ae58462b1250,1.97,,85000000
2026-05-28 12:25:45.262,2026/05/28/[$LATEST]2faaf80cfd9d45a1b10ad92bea2bdc23,1.94,,86000000
2026-05-28 12:25:45.294,2026/05/28/[$LATEST]2faaf80cfd9d45a1b10ad92bea2bdc23,1.86,,86000000
2026-05-28 12:25:45.335,2026/05/28/[$LATEST]2faaf80cfd9d45a1b10ad92bea2bdc23,1.89,,86000000
2026-05-28 12:25:45.378,2026/05/28/[$LATEST]2faaf80cfd9d45a1b10ad92bea2bdc23,1.88,,86000000
2026-05-28 12:25:45.405,2026/05/28/[$LATEST]09b41d5fd2894f389e30ae58462b1250,2.06,,85000000
2026-05-28 12:25:45.523,2026/05/28/[$LATEST]2faaf80cfd9d45a1b10ad92bea2bdc23,1.52,,86000000
2026-05-28 12:25:45.568,2026/05/28/[$LATEST]09b41d5fd2894f389e30ae58462b1250,1.65,,85000000
2026-05-28 12:25:46.370,2026/05/28/[$LATEST]15737d93c14242db96065ddfaa294dc4,1.77,,85000000
2026-05-28 12:25:46.375,2026/05/28/[$LATEST]09b41d5fd2894f389e30ae58462b1250,1.91,,85000000
2026-05-28 12:25:46.489,2026/05/28/[$LATEST]09b41d5fd2894f389e30ae58462b1250,1.67,,85000000
2026-05-28 12:25:46.793,2026/05/28/[$LATEST]2faaf80cfd9d45a1b10ad92bea2bdc23,1.65,,86000000
2026-05-28 12:25:46.896,2026/05/28/[$LATEST]09b41d5fd2894f389e30ae58462b1250,1.7,,85000000
2026-05-28 12:25:46.909,2026/05/28/[$LATEST]2faaf80cfd9d45a1b10ad92bea2bdc23,1.59,,86000000
2026-05-28 12:25:46.960,2026/05/28/[$LATEST]09b41d5fd2894f389e30ae58462b1250,1.53,,85000000
2026-05-28 12:25:47.113,2026/05/28/[$LATEST]09b41d5fd2894f389e30ae58462b1250,1.53,,85000000
2026-05-28 12:25:47.228,2026/05/28/[$LATEST]2faaf80cfd9d45a1b10ad92bea2bdc23,1.63,,86000000
2026-05-28 12:25:47.614,2026/05/28/[$LATEST]09b41d5fd2894f389e30ae58462b1250,2.02,,85000000
2026-05-28 12:25:48.318,2026/05/28/[$LATEST]2faaf80cfd9d45a1b10ad92bea2bdc23,1.74,,86000000
2026-05-28 12:25:48.395,2026/05/28/[$LATEST]2faaf80cfd9d45a1b10ad92bea2bdc23,1.75,,86000000
2026-05-28 12:25:48.443,2026/05/28/[$LATEST]2faaf80cfd9d45a1b10ad92bea2bdc23,1.76,,86000000
2026-05-28 12:25:48.528,2026/05/28/[$LATEST]09b41d5fd2894f389e30ae58462b1250,1.92,,85000000
2026-05-28 12:25:48.565,2026/05/28/[$LATEST]2faaf80cfd9d45a1b10ad92bea2bdc23,1.66,,86000000
2026-05-28 12:25:48.630,2026/05/28/[$LATEST]2faaf80cfd9d45a1b10ad92bea2bdc23,1.72,,86000000
2026-05-28 12:25:48.643,2026/05/28/[$LATEST]09b41d5fd2894f389e30ae58462b1250,1.82,,85000000
2026-05-28 12:25:48.707,2026/05/28/[$LATEST]2faaf80cfd9d45a1b10ad92bea2bdc23,4.51,,86000000
2026-05-28 12:25:48.726,2026/05/28/[$LATEST]09b41d5fd2894f389e30ae58462b1250,1.71,,85000000
2026-05-28 12:25:49.035,2026/05/28/[$LATEST]09b41d5fd2894f389e30ae58462b1250,1.91,,85000000
2026-05-28 12:25:49.830,2026/05/28/[$LATEST]09b41d5fd2894f389e30ae58462b1250,2,,85000000
2026-05-28 12:25:50.173,2026/05/28/[$LATEST]09b41d5fd2894f389e30ae58462b1250,1.65,,85000000
2026-05-28 12:25:50.313,2026/05/28/[$LATEST]09b41d5fd2894f389e30ae58462b1250,5.58,,85000000
2026-05-28 12:25:50.436,2026/05/28/[$LATEST]2faaf80cfd9d45a1b10ad92bea2bdc23,1.93,,86000000
2026-05-28 12:25:50.498,2026/05/28/[$LATEST]09b41d5fd2894f389e30ae58462b1250,1.96,,85000000
2026-05-28 12:25:50.591,2026/05/28/[$LATEST]2faaf80cfd9d45a1b10ad92bea2bdc23,1.74,,86000000
2026-05-28 12:25:50.755,2026/05/28/[$LATEST]2faaf80cfd9d45a1b10ad92bea2bdc23,1.84,,86000000
2026-05-28 12:25:50.950,2026/05/28/[$LATEST]09b41d5fd2894f389e30ae58462b1250,1.84,,85000000
2026-05-28 12:25:50.972,2026/05/28/[$LATEST]2faaf80cfd9d45a1b10ad92bea2bdc23,1.88,,86000000
2026-05-28 12:25:50.975,2026/05/28/[$LATEST]09b41d5fd2894f389e30ae58462b1250,1.65,,85000000
2026-05-28 12:25:51.792,2026/05/28/[$LATEST]2faaf80cfd9d45a1b10ad92bea2bdc23,1.93,,86000000
2026-05-28 12:25:52.033,2026/05/28/[$LATEST]09b41d5fd2894f389e30ae58462b1250,2.02,,85000000
2026-05-28 12:25:52.038,2026/05/28/[$LATEST]2faaf80cfd9d45a1b10ad92bea2bdc23,1.88,,86000000
2026-05-28 12:25:52.060,2026/05/28/[$LATEST]09b41d5fd2894f389e30ae58462b1250,1.36,,85000000
2026-05-28 12:25:52.202,2026/05/28/[$LATEST]2faaf80cfd9d45a1b10ad92bea2bdc23,1.58,,86000000
2026-05-28 12:25:52.346,2026/05/28/[$LATEST]15737d93c14242db96065ddfaa294dc4,1.84,,85000000
2026-05-28 12:25:52.347,2026/05/28/[$LATEST]09b41d5fd2894f389e30ae58462b1250,1.59,,85000000
2026-05-28 12:25:52.545,2026/05/28/[$LATEST]09b41d5fd2894f389e30ae58462b1250,1.84,,85000000
2026-05-28 12:25:52.633,2026/05/28/[$LATEST]09b41d5fd2894f389e30ae58462b1250,2.74,,85000000
2026-05-28 12:25:52.691,2026/05/28/[$LATEST]2faaf80cfd9d45a1b10ad92bea2bdc23,1.69,,86000000
2026-05-28 12:25:53.560,2026/05/28/[$LATEST]2faaf80cfd9d45a1b10ad92bea2bdc23,1.87,,86000000
2026-05-28 12:25:53.815,2026/05/28/[$LATEST]2faaf80cfd9d45a1b10ad92bea2bdc23,1.8,,86000000
2026-05-28 12:25:53.840,2026/05/28/[$LATEST]09b41d5fd2894f389e30ae58462b1250,1.86,,85000000
2026-05-28 12:25:53.915,2026/05/28/[$LATEST]2faaf80cfd9d45a1b10ad92bea2bdc23,1.58,,86000000
2026-05-28 12:25:53.985,2026/05/28/[$LATEST]2faaf80cfd9d45a1b10ad92bea2bdc23,1.8,,86000000
2026-05-28 12:25:54.091,2026/05/28/[$LATEST]2faaf80cfd9d45a1b10ad92bea2bdc23,1.62,,86000000
2026-05-28 12:25:54.121,2026/05/28/[$LATEST]2faaf80cfd9d45a1b10ad92bea2bdc23,1.65,,86000000
2026-05-28 12:25:54.233,2026/05/28/[$LATEST]2faaf80cfd9d45a1b10ad92bea2bdc23,1.83,,86000000
2026-05-28 12:25:54.532,2026/05/28/[$LATEST]09b41d5fd2894f389e30ae58462b1250,1.95,,85000000
2026-05-28 12:25:54.598,2026/05/28/[$LATEST]09b41d5fd2894f389e30ae58462b1250,1.71,,85000000
2026-05-28 12:25:55.526,2026/05/28/[$LATEST]2faaf80cfd9d45a1b10ad92bea2bdc23,2,,86000000
2026-05-28 12:25:55.661,2026/05/28/[$LATEST]2faaf80cfd9d45a1b10ad92bea2bdc23,1.85,,86000000
2026-05-28 12:25:55.719,2026/05/28/[$LATEST]09b41d5fd2894f389e30ae58462b1250,1.83,,85000000
2026-05-28 12:25:55.891,2026/05/28/[$LATEST]09b41d5fd2894f389e30ae58462b1250,1.76,,85000000
2026-05-28 12:25:55.977,2026/05/28/[$LATEST]09b41d5fd2894f389e30ae58462b1250,1.68,,85000000
2026-05-28 12:25:56.005,2026/05/28/[$LATEST]2faaf80cfd9d45a1b10ad92bea2bdc23,2.05,,86000000
2026-05-28 12:25:56.046,2026/05/28/[$LATEST]2faaf80cfd9d45a1b10ad92bea2bdc23,1.69,,86000000
2026-05-28 12:25:56.242,2026/05/28/[$LATEST]09b41d5fd2894f389e30ae58462b1250,1.85,,85000000
2026-05-28 12:25:56.552,2026/05/28/[$LATEST]09b41d5fd2894f389e30ae58462b1250,1.73,,85000000
2026-05-28 12:25:56.854,2026/05/28/[$LATEST]09b41d5fd2894f389e30ae58462b1250,1.64,,85000000
2026-05-28 12:25:57.390,2026/05/28/[$LATEST]09b41d5fd2894f389e30ae58462b1250,1.84,,85000000
2026-05-28 12:25:57.504,2026/05/28/[$LATEST]09b41d5fd2894f389e30ae58462b1250,1.48,,85000000
2026-05-28 12:25:57.569,2026/05/28/[$LATEST]2faaf80cfd9d45a1b10ad92bea2bdc23,1.65,,86000000
2026-05-28 12:25:57.602,2026/05/28/[$LATEST]09b41d5fd2894f389e30ae58462b1250,1.68,,85000000
2026-05-28 12:25:57.735,2026/05/28/[$LATEST]09b41d5fd2894f389e30ae58462b1250,1.62,,85000000
2026-05-28 12:25:58.041,2026/05/28/[$LATEST]2faaf80cfd9d45a1b10ad92bea2bdc23,1.67,,86000000
2026-05-28 12:25:58.119,2026/05/28/[$LATEST]09b41d5fd2894f389e30ae58462b1250,2.02,,85000000
2026-05-28 12:25:58.217,2026/05/28/[$LATEST]09b41d5fd2894f389e30ae58462b1250,1.61,,85000000
2026-05-28 12:25:58.495,2026/05/28/[$LATEST]09b41d5fd2894f389e30ae58462b1250,1.51,,85000000
2026-05-28 12:25:58.510,2026/05/28/[$LATEST]2faaf80cfd9d45a1b10ad92bea2bdc23,1.45,,86000000
2026-05-28 12:25:59.457,2026/05/28/[$LATEST]09b41d5fd2894f389e30ae58462b1250,1.79,,85000000
2026-05-28 12:25:59.561,2026/05/28/[$LATEST]09b41d5fd2894f389e30ae58462b1250,1.67,,85000000
2026-05-28 12:25:59.667,2026/05/28/[$LATEST]09b41d5fd2894f389e30ae58462b1250,1.63,,85000000
2026-05-28 12:25:59.716,2026/05/28/[$LATEST]2faaf80cfd9d45a1b10ad92bea2bdc23,2,,86000000
2026-05-28 12:25:59.783,2026/05/28/[$LATEST]2faaf80cfd9d45a1b10ad92bea2bdc23,24.08,,86000000
2026-05-28 12:25:59.787,2026/05/28/[$LATEST]09b41d5fd2894f389e30ae58462b1250,1.74,,85000000
2026-05-28 12:25:59.858,2026/05/28/[$LATEST]09b41d5fd2894f389e30ae58462b1250,1.7,,85000000
2026-05-28 12:26:00.026,2026/05/28/[$LATEST]09b41d5fd2894f389e30ae58462b1250,1.73,,85000000
2026-05-28 12:26:00.116,2026/05/28/[$LATEST]2faaf80cfd9d45a1b10ad92bea2bdc23,1.81,,86000000
2026-05-28 12:26:00.205,2026/05/28/[$LATEST]09b41d5fd2894f389e30ae58462b1250,1.79,,85000000
2026-05-28 12:26:00.941,2026/05/28/[$LATEST]09b41d5fd2894f389e30ae58462b1250,2.78,,85000000
2026-05-28 12:26:01.431,2026/05/28/[$LATEST]09b41d5fd2894f389e30ae58462b1250,1.62,,85000000
2026-05-28 12:26:01.439,2026/05/28/[$LATEST]2faaf80cfd9d45a1b10ad92bea2bdc23,1.74,,86000000
2026-05-28 12:26:01.589,2026/05/28/[$LATEST]09b41d5fd2894f389e30ae58462b1250,1.56,,85000000
2026-05-28 12:26:01.701,2026/05/28/[$LATEST]09b41d5fd2894f389e30ae58462b1250,1.63,,85000000
2026-05-28 12:26:01.831,2026/05/28/[$LATEST]2faaf80cfd9d45a1b10ad92bea2bdc23,2.01,,86000000
2026-05-28 12:26:01.893,2026/05/28/[$LATEST]09b41d5fd2894f389e30ae58462b1250,1.74,,85000000
2026-05-28 12:26:01.964,2026/05/28/[$LATEST]2faaf80cfd9d45a1b10ad92bea2bdc23,1.7,,86000000
2026-05-28 12:26:01.972,2026/05/28/[$LATEST]09b41d5fd2894f389e30ae58462b1250,1.69,,85000000
2026-05-28 12:26:02.176,2026/05/28/[$LATEST]2faaf80cfd9d45a1b10ad92bea2bdc23,4.18,,86000000
2026-05-28 12:26:02.961,2026/05/28/[$LATEST]09b41d5fd2894f389e30ae58462b1250,1.64,,85000000
2026-05-28 12:26:03.315,2026/05/28/[$LATEST]09b41d5fd2894f389e30ae58462b1250,1.54,,85000000
2026-05-28 12:26:03.331,2026/05/28/[$LATEST]15737d93c14242db96065ddfaa294dc4,15.38,,85000000
2026-05-28 12:26:03.406,2026/05/28/[$LATEST]2faaf80cfd9d45a1b10ad92bea2bdc23,1.85,,86000000
2026-05-28 12:26:03.446,2026/05/28/[$LATEST]15737d93c14242db96065ddfaa294dc4,1.56,,85000000
2026-05-28 12:26:03.486,2026/05/28/[$LATEST]15737d93c14242db96065ddfaa294dc4,1.64,,85000000
2026-05-28 12:26:03.503,2026/05/28/[$LATEST]2faaf80cfd9d45a1b10ad92bea2bdc23,16.8,,86000000
2026-05-28 12:26:03.506,2026/05/28/[$LATEST]15737d93c14242db96065ddfaa294dc4,1.58,,85000000
2026-05-28 12:26:03.851,2026/05/28/[$LATEST]2faaf80cfd9d45a1b10ad92bea2bdc23,1.88,,86000000
2026-05-28 12:26:03.908,2026/05/28/[$LATEST]2faaf80cfd9d45a1b10ad92bea2bdc23,1.81,,86000000
2026-05-28 12:26:04.212,2026/05/28/[$LATEST]15737d93c14242db96065ddfaa294dc4,20.67,,85000000
2026-05-28 12:26:04.464,2026/05/28/[$LATEST]15737d93c14242db96065ddfaa294dc4,1.75,,85000000
2026-05-28 12:26:05.092,2026/05/28/[$LATEST]2faaf80cfd9d45a1b10ad92bea2bdc23,1.83,,86000000
2026-05-28 12:26:05.101,2026/05/28/[$LATEST]15737d93c14242db96065ddfaa294dc4,1.8,,85000000
2026-05-28 12:26:05.156,2026/05/28/[$LATEST]2faaf80cfd9d45a1b10ad92bea2bdc23,1.64,,86000000
2026-05-28 12:26:05.170,2026/05/28/[$LATEST]15737d93c14242db96065ddfaa294dc4,1.73,,85000000
2026-05-28 12:26:05.461,2026/05/28/[$LATEST]15737d93c14242db96065ddfaa294dc4,2.12,,85000000
2026-05-28 12:26:05.501,2026/05/28/[$LATEST]15737d93c14242db96065ddfaa294dc4,1.63,,85000000
2026-05-28 12:26:05.585,2026/05/28/[$LATEST]2faaf80cfd9d45a1b10ad92bea2bdc23,1.76,,86000000
2026-05-28 12:26:05.988,2026/05/28/[$LATEST]15737d93c14242db96065ddfaa294dc4,2.15,,85000000
2026-05-28 12:26:06.146,2026/05/28/[$LATEST]15737d93c14242db96065ddfaa294dc4,1.89,,85000000
2026-05-28 12:26:06.234,2026/05/28/[$LATEST]2faaf80cfd9d45a1b10ad92bea2bdc23,1.85,,86000000
2026-05-28 12:26:06.360,2026/05/28/[$LATEST]15737d93c14242db96065ddfaa294dc4,1.68,,85000000
2026-05-28 12:26:06.387,2026/05/28/[$LATEST]2faaf80cfd9d45a1b10ad92bea2bdc23,1.6,,86000000
2026-05-28 12:26:06.615,2026/05/28/[$LATEST]2faaf80cfd9d45a1b10ad92bea2bdc23,1.59,,86000000
2026-05-28 12:26:07.037,2026/05/28/[$LATEST]2faaf80cfd9d45a1b10ad92bea2bdc23,1.74,,86000000
2026-05-28 12:26:07.122,2026/05/28/[$LATEST]2faaf80cfd9d45a1b10ad92bea2bdc23,1.81,,86000000
2026-05-28 12:26:07.460,2026/05/28/[$LATEST]15737d93c14242db96065ddfaa294dc4,1.61,,85000000
2026-05-28 12:26:07.593,2026/05/28/[$LATEST]15737d93c14242db96065ddfaa294dc4,11.18,,85000000
2026-05-28 12:26:07.723,2026/05/28/[$LATEST]2faaf80cfd9d45a1b10ad92bea2bdc23,2.01,,86000000
2026-05-28 12:26:07.735,2026/05/28/[$LATEST]2faaf80cfd9d45a1b10ad92bea2bdc23,1.49,,86000000
2026-05-28 12:26:07.937,2026/05/28/[$LATEST]2faaf80cfd9d45a1b10ad92bea2bdc23,1.63,,86000000
2026-05-28 12:26:07.985,2026/05/28/[$LATEST]15737d93c14242db96065ddfaa294dc4,2.18,,85000000
2026-05-28 12:26:08.090,2026/05/28/[$LATEST]2faaf80cfd9d45a1b10ad92bea2bdc23,1.72,,86000000
2026-05-28 12:26:08.382,2026/05/28/[$LATEST]2faaf80cfd9d45a1b10ad92bea2bdc23,1.97,,86000000
2026-05-28 12:26:08.532,2026/05/28/[$LATEST]2faaf80cfd9d45a1b10ad92bea2bdc23,1.64,,86000000
2026-05-28 12:26:08.666,2026/05/28/[$LATEST]2faaf80cfd9d45a1b10ad92bea2bdc23,2.41,,86000000
2026-05-28 12:26:08.893,2026/05/28/[$LATEST]2faaf80cfd9d45a1b10ad92bea2bdc23,1.86,,86000000
2026-05-28 12:26:08.915,2026/05/28/[$LATEST]15737d93c14242db96065ddfaa294dc4,4.16,,85000000
2026-05-28 12:26:09.044,2026/05/28/[$LATEST]15737d93c14242db96065ddfaa294dc4,1.75,,85000000
2026-05-28 12:26:09.658,2026/05/28/[$LATEST]2faaf80cfd9d45a1b10ad92bea2bdc23,1.73,,86000000
2026-05-28 12:26:09.753,2026/05/28/[$LATEST]2faaf80cfd9d45a1b10ad92bea2bdc23,1.82,,86000000
2026-05-28 12:26:10.087,2026/05/28/[$LATEST]2faaf80cfd9d45a1b10ad92bea2bdc23,1.65,,86000000
2026-05-28 12:26:10.289,2026/05/28/[$LATEST]15737d93c14242db96065ddfaa294dc4,1.71,,85000000
2026-05-28 12:26:10.300,2026/05/28/[$LATEST]09b41d5fd2894f389e30ae58462b1250,3.03,,85000000
2026-05-28 12:26:10.323,2026/05/28/[$LATEST]15737d93c14242db96065ddfaa294dc4,1.94,,85000000
2026-05-28 12:26:10.509,2026/05/28/[$LATEST]15737d93c14242db96065ddfaa294dc4,1.61,,85000000
2026-05-28 12:26:10.791,2026/05/28/[$LATEST]15737d93c14242db96065ddfaa294dc4,1.95,,85000000
2026-05-28 12:26:11.191,2026/05/28/[$LATEST]15737d93c14242db96065ddfaa294dc4,1.62,,85000000
2026-05-28 12:26:11.256,2026/05/28/[$LATEST]15737d93c14242db96065ddfaa294dc4,1.72,,85000000
2026-05-28 12:26:11.960,2026/05/28/[$LATEST]2faaf80cfd9d45a1b10ad92bea2bdc23,1.67,,86000000
2026-05-28 12:26:12.057,2026/05/28/[$LATEST]2faaf80cfd9d45a1b10ad92bea2bdc23,1.85,,86000000
2026-05-28 12:26:12.112,2026/05/28/[$LATEST]2faaf80cfd9d45a1b10ad92bea2bdc23,1.55,,86000000
2026-05-28 12:26:12.129,2026/05/28/[$LATEST]2faaf80cfd9d45a1b10ad92bea2bdc23,1.54,,86000000
2026-05-28 12:26:12.344,2026/05/28/[$LATEST]15737d93c14242db96065ddfaa294dc4,1.96,,85000000
2026-05-28 12:26:12.400,2026/05/28/[$LATEST]2faaf80cfd9d45a1b10ad92bea2bdc23,1.59,,86000000
2026-05-28 12:26:12.473,2026/05/28/[$LATEST]15737d93c14242db96065ddfaa294dc4,1.7,,85000000
2026-05-28 12:26:12.932,2026/05/28/[$LATEST]15737d93c14242db96065ddfaa294dc4,46.57,,85000000
2026-05-28 12:26:12.953,2026/05/28/[$LATEST]15737d93c14242db96065ddfaa294dc4,1.94,,85000000
2026-05-28 12:26:13.505,2026/05/28/[$LATEST]2faaf80cfd9d45a1b10ad92bea2bdc23,1.85,,86000000
2026-05-28 12:26:13.870,2026/05/28/[$LATEST]2faaf80cfd9d45a1b10ad92bea2bdc23,1.79,,86000000
2026-05-28 12:26:13.950,2026/05/28/[$LATEST]15737d93c14242db96065ddfaa294dc4,1.9,,85000000
2026-05-28 12:26:14.013,2026/05/28/[$LATEST]15737d93c14242db96065ddfaa294dc4,1.57,,85000000
2026-05-28 12:26:14.156,2026/05/28/[$LATEST]15737d93c14242db96065ddfaa294dc4,1.76,,85000000
2026-05-28 12:26:14.224,2026/05/28/[$LATEST]15737d93c14242db96065ddfaa294dc4,1.87,,85000000
2026-05-28 12:26:14.254,2026/05/28/[$LATEST]15737d93c14242db96065ddfaa294dc4,2.19,,85000000
2026-05-28 12:26:14.343,2026/05/28/[$LATEST]2faaf80cfd9d45a1b10ad92bea2bdc23,1.86,,86000000
2026-05-28 12:26:14.621,2026/05/28/[$LATEST]2faaf80cfd9d45a1b10ad92bea2bdc23,1.82,,86000000
2026-05-28 12:26:15.071,2026/05/28/[$LATEST]2faaf80cfd9d45a1b10ad92bea2bdc23,2.04,,86000000
2026-05-28 12:26:15.145,2026/05/28/[$LATEST]15737d93c14242db96065ddfaa294dc4,2,,85000000
2026-05-28 12:26:15.188,2026/05/28/[$LATEST]2faaf80cfd9d45a1b10ad92bea2bdc23,1.53,,86000000
2026-05-28 12:26:15.417,2026/05/28/[$LATEST]2faaf80cfd9d45a1b10ad92bea2bdc23,1.98,,86000000
2026-05-28 12:26:15.506,2026/05/28/[$LATEST]15737d93c14242db96065ddfaa294dc4,1.89,,85000000
2026-05-28 12:26:15.760,2026/05/28/[$LATEST]15737d93c14242db96065ddfaa294dc4,2.01,,85000000
2026-05-28 12:26:16.020,2026/05/28/[$LATEST]2faaf80cfd9d45a1b10ad92bea2bdc23,1.67,,86000000
2026-05-28 12:26:16.055,2026/05/28/[$LATEST]2faaf80cfd9d45a1b10ad92bea2bdc23,1.64,,86000000
2026-05-28 12:26:16.375,2026/05/28/[$LATEST]15737d93c14242db96065ddfaa294dc4,2.02,,85000000
2026-05-28 12:26:16.594,2026/05/28/[$LATEST]2faaf80cfd9d45a1b10ad92bea2bdc23,1.76,,86000000
2026-05-28 12:26:16.725,2026/05/28/[$LATEST]15737d93c14242db96065ddfaa294dc4,1.8,,85000000
2026-05-28 12:26:16.800,2026/05/28/[$LATEST]15737d93c14242db96065ddfaa294dc4,1.63,,85000000
2026-05-28 12:26:17.058,2026/05/28/[$LATEST]2faaf80cfd9d45a1b10ad92bea2bdc23,1.9,,86000000
2026-05-28 12:26:17.131,2026/05/28/[$LATEST]15737d93c14242db96065ddfaa294dc4,1.6,,85000000
2026-05-28 12:26:17.517,2026/05/28/[$LATEST]15737d93c14242db96065ddfaa294dc4,1.61,,85000000
2026-05-28 12:26:17.568,2026/05/28/[$LATEST]2faaf80cfd9d45a1b10ad92bea2bdc23,1.92,,86000000
2026-05-28 12:26:17.739,2026/05/28/[$LATEST]2faaf80cfd9d45a1b10ad92bea2bdc23,1.65,,86000000
2026-05-28 12:26:17.768,2026/05/28/[$LATEST]15737d93c14242db96065ddfaa294dc4,1.85,,85000000
2026-05-28 12:26:17.960,2026/05/28/[$LATEST]15737d93c14242db96065ddfaa294dc4,1.61,,85000000
2026-05-28 12:26:18.080,2026/05/28/[$LATEST]15737d93c14242db96065ddfaa294dc4,1.83,,85000000
2026-05-28 12:26:18.861,2026/05/28/[$LATEST]2faaf80cfd9d45a1b10ad92bea2bdc23,1.57,,86000000
2026-05-28 12:26:18.868,2026/05/28/[$LATEST]188cc19e71ed4e0bb96c479aefb33946,3.48,,86000000
2026-05-28 12:26:18.950,2026/05/28/[$LATEST]188cc19e71ed4e0bb96c479aefb33946,2.28,,86000000
2026-05-28 12:26:18.960,2026/05/28/[$LATEST]2faaf80cfd9d45a1b10ad92bea2bdc23,4.16,,86000000
2026-05-28 12:26:18.971,2026/05/28/[$LATEST]2faaf80cfd9d45a1b10ad92bea2bdc23,1.63,,86000000
2026-05-28 12:26:19.078,2026/05/28/[$LATEST]2faaf80cfd9d45a1b10ad92bea2bdc23,1.76,,86000000
2026-05-28 12:26:19.106,2026/05/28/[$LATEST]2faaf80cfd9d45a1b10ad92bea2bdc23,1.84,,86000000
2026-05-28 12:26:19.242,2026/05/28/[$LATEST]15737d93c14242db96065ddfaa294dc4,1.55,,85000000
2026-05-28 12:26:19.322,2026/05/28/[$LATEST]2faaf80cfd9d45a1b10ad92bea2bdc23,1.94,,86000000
2026-05-28 12:26:19.955,2026/05/28/[$LATEST]2faaf80cfd9d45a1b10ad92bea2bdc23,1.59,,86000000
2026-05-28 12:26:20.618,2026/05/28/[$LATEST]15737d93c14242db96065ddfaa294dc4,2.14,,85000000
2026-05-28 12:26:20.662,2026/05/28/[$LATEST]15737d93c14242db96065ddfaa294dc4,1.76,,85000000
2026-05-28 12:26:20.669,2026/05/28/[$LATEST]09b41d5fd2894f389e30ae58462b1250,2.49,,85000000
2026-05-28 12:26:20.894,2026/05/28/[$LATEST]2faaf80cfd9d45a1b10ad92bea2bdc23,1.57,,86000000
2026-05-28 12:26:20.937,2026/05/28/[$LATEST]2faaf80cfd9d45a1b10ad92bea2bdc23,1.75,,86000000
2026-05-28 12:26:21.003,2026/05/28/[$LATEST]09b41d5fd2894f389e30ae58462b1250,1.86,,85000000
2026-05-28 12:26:21.021,2026/05/28/[$LATEST]2faaf80cfd9d45a1b10ad92bea2bdc23,1.69,,86000000
2026-05-28 12:26:21.183,2026/05/28/[$LATEST]2faaf80cfd9d45a1b10ad92bea2bdc23,1.72,,86000000
2026-05-28 12:26:21.265,2026/05/28/[$LATEST]2faaf80cfd9d45a1b10ad92bea2bdc23,1.56,,86000000
2026-05-28 12:26:21.474,2026/05/28/[$LATEST]09b41d5fd2894f389e30ae58462b1250,1.56,,85000000
2026-05-28 12:26:21.983,2026/05/28/[$LATEST]09b41d5fd2894f389e30ae58462b1250,1.97,,85000000
2026-05-28 12:26:22.311,2026/05/28/[$LATEST]09b41d5fd2894f389e30ae58462b1250,1.52,,85000000
2026-05-28 12:26:22.421,2026/05/28/[$LATEST]2faaf80cfd9d45a1b10ad92bea2bdc23,1.6,,86000000
2026-05-28 12:26:22.779,2026/05/28/[$LATEST]2faaf80cfd9d45a1b10ad92bea2bdc23,2.17,,86000000
2026-05-28 12:26:22.791,2026/05/28/[$LATEST]2faaf80cfd9d45a1b10ad92bea2bdc23,1.84,,86000000
2026-05-28 12:26:22.855,2026/05/28/[$LATEST]2faaf80cfd9d45a1b10ad92bea2bdc23,1.79,,86000000
2026-05-28 12:26:22.865,2026/05/28/[$LATEST]09b41d5fd2894f389e30ae58462b1250,1.55,,85000000
2026-05-28 12:26:22.928,2026/05/28/[$LATEST]09b41d5fd2894f389e30ae58462b1250,1.49,,85000000
2026-05-28 12:26:22.961,2026/05/28/[$LATEST]2faaf80cfd9d45a1b10ad92bea2bdc23,1.58,,86000000
2026-05-28 12:26:23.097,2026/05/28/[$LATEST]2faaf80cfd9d45a1b10ad92bea2bdc23,1.51,,86000000
2026-05-28 12:26:24.023,2026/05/28/[$LATEST]09b41d5fd2894f389e30ae58462b1250,1.99,,85000000
2026-05-28 12:26:24.053,2026/05/28/[$LATEST]09b41d5fd2894f389e30ae58462b1250,1.39,,85000000
2026-05-28 12:26:24.327,2026/05/28/[$LATEST]2faaf80cfd9d45a1b10ad92bea2bdc23,1.65,,86000000
2026-05-28 12:26:24.444,2026/05/28/[$LATEST]09b41d5fd2894f389e30ae58462b1250,1.52,,85000000
2026-05-28 12:26:24.454,2026/05/28/[$LATEST]09b41d5fd2894f389e30ae58462b1250,1.21,,85000000
2026-05-28 12:26:24.473,2026/05/28/[$LATEST]09b41d5fd2894f389e30ae58462b1250,1.14,,85000000
2026-05-28 12:26:24.487,2026/05/28/[$LATEST]2faaf80cfd9d45a1b10ad92bea2bdc23,1.8,,86000000
2026-05-28 12:26:24.682,2026/05/28/[$LATEST]2faaf80cfd9d45a1b10ad92bea2bdc23,1.66,,86000000
2026-05-28 12:26:24.861,2026/05/28/[$LATEST]2faaf80cfd9d45a1b10ad92bea2bdc23,1.66,,86000000
2026-05-28 12:26:25.053,2026/05/28/[$LATEST]09b41d5fd2894f389e30ae58462b1250,1.91,,85000000
2026-05-28 12:26:25.570,2026/05/28/[$LATEST]09b41d5fd2894f389e30ae58462b1250,1.99,,85000000
2026-05-28 12:26:25.931,2026/05/28/[$LATEST]2faaf80cfd9d45a1b10ad92bea2bdc23,1.91,,86000000
2026-05-28 12:26:26.024,2026/05/28/[$LATEST]09b41d5fd2894f389e30ae58462b1250,1.96,,85000000
2026-05-28 12:26:26.176,2026/05/28/[$LATEST]2faaf80cfd9d45a1b10ad92bea2bdc23,2.95,,86000000
2026-05-28 12:26:26.345,2026/05/28/[$LATEST]09b41d5fd2894f389e30ae58462b1250,2.56,,85000000
2026-05-28 12:26:26.422,2026/05/28/[$LATEST]09b41d5fd2894f389e30ae58462b1250,1.58,,85000000
2026-05-28 12:26:26.682,2026/05/28/[$LATEST]09b41d5fd2894f389e30ae58462b1250,1.75,,85000000
2026-05-28 12:26:26.703,2026/05/28/[$LATEST]2faaf80cfd9d45a1b10ad92bea2bdc23,16.62,,86000000
2026-05-28 12:26:26.724,2026/05/28/[$LATEST]2faaf80cfd9d45a1b10ad92bea2bdc23,1.67,,86000000
2026-05-28 12:26:26.901,2026/05/28/[$LATEST]09b41d5fd2894f389e30ae58462b1250,1.7,,85000000
2026-05-28 12:26:27.350,2026/05/28/[$LATEST]2faaf80cfd9d45a1b10ad92bea2bdc23,1.97,,86000000
2026-05-28 12:26:27.549,2026/05/28/[$LATEST]09b41d5fd2894f389e30ae58462b1250,1.93,,85000000
2026-05-28 12:26:27.674,2026/05/28/[$LATEST]09b41d5fd2894f389e30ae58462b1250,1.6,,85000000
2026-05-28 12:26:27.769,2026/05/28/[$LATEST]2faaf80cfd9d45a1b10ad92bea2bdc23,1.71,,86000000
2026-05-28 12:26:27.800,2026/05/28/[$LATEST]2faaf80cfd9d45a1b10ad92bea2bdc23,1.58,,86000000
2026-05-28 12:26:27.969,2026/05/28/[$LATEST]09b41d5fd2894f389e30ae58462b1250,1.6,,85000000
2026-05-28 12:26:28.299,2026/05/28/[$LATEST]09b41d5fd2894f389e30ae58462b1250,1.74,,85000000
2026-05-28 12:26:28.578,2026/05/28/[$LATEST]09b41d5fd2894f389e30ae58462b1250,1.97,,85000000
2026-05-28 12:26:28.764,2026/05/28/[$LATEST]2faaf80cfd9d45a1b10ad92bea2bdc23,1.5,,86000000
2026-05-28 12:26:28.774,2026/05/28/[$LATEST]09b41d5fd2894f389e30ae58462b1250,1.76,,85000000
2026-05-28 12:26:28.786,2026/05/28/[$LATEST]09b41d5fd2894f389e30ae58462b1250,1.4,,85000000
2026-05-28 12:26:28.820,2026/05/28/[$LATEST]09b41d5fd2894f389e30ae58462b1250,1.3,,85000000
2026-05-28 12:26:29.126,2026/05/28/[$LATEST]2faaf80cfd9d45a1b10ad92bea2bdc23,1.91,,86000000
2026-05-28 12:26:29.740,2026/05/28/[$LATEST]09b41d5fd2894f389e30ae58462b1250,1.52,,85000000
2026-05-28 12:26:29.842,2026/05/28/[$LATEST]2faaf80cfd9d45a1b10ad92bea2bdc23,1.55,,86000000
2026-05-28 12:26:29.912,2026/05/28/[$LATEST]09b41d5fd2894f389e30ae58462b1250,1.86,,85000000
2026-05-28 12:26:29.919,2026/05/28/[$LATEST]09b41d5fd2894f389e30ae58462b1250,1.16,,85000000
2026-05-28 12:26:30.212,2026/05/28/[$LATEST]09b41d5fd2894f389e30ae58462b1250,1.53,,85000000
2026-05-28 12:26:30.371,2026/05/28/[$LATEST]09b41d5fd2894f389e30ae58462b1250,1.76,,85000000
2026-05-28 12:26:30.692,2026/05/28/[$LATEST]2faaf80cfd9d45a1b10ad92bea2bdc23,1.76,,86000000
2026-05-28 12:26:30.844,2026/05/28/[$LATEST]09b41d5fd2894f389e30ae58462b1250,1.89,,85000000
2026-05-28 12:26:31.044,2026/05/28/[$LATEST]09b41d5fd2894f389e30ae58462b1250,1.94,,85000000
2026-05-28 12:26:31.449,2026/05/28/[$LATEST]2faaf80cfd9d45a1b10ad92bea2bdc23,1.94,,86000000
2026-05-28 12:26:31.830,2026/05/28/[$LATEST]09b41d5fd2894f389e30ae58462b1250,1.83,,85000000
2026-05-28 12:26:31.872,2026/05/28/[$LATEST]09b41d5fd2894f389e30ae58462b1250,1.55,,85000000
2026-05-28 12:26:31.916,2026/05/28/[$LATEST]09b41d5fd2894f389e30ae58462b1250,1.48,,85000000
2026-05-28 12:26:31.943,2026/05/28/[$LATEST]09b41d5fd2894f389e30ae58462b1250,1.79,,85000000
2026-05-28 12:26:32.027,2026/05/28/[$LATEST]2faaf80cfd9d45a1b10ad92bea2bdc23,1.55,,86000000
2026-05-28 12:26:32.065,2026/05/28/[$LATEST]09b41d5fd2894f389e30ae58462b1250,1.66,,85000000
2026-05-28 12:26:32.148,2026/05/28/[$LATEST]09b41d5fd2894f389e30ae58462b1250,1.53,,85000000
2026-05-28 12:26:32.639,2026/05/28/[$LATEST]2faaf80cfd9d45a1b10ad92bea2bdc23,1.98,,86000000
2026-05-28 12:26:33.085,2026/05/28/[$LATEST]09b41d5fd2894f389e30ae58462b1250,1.67,,85000000
2026-05-28 12:26:33.184,2026/05/28/[$LATEST]2faaf80cfd9d45a1b10ad92bea2bdc23,1.75,,86000000
2026-05-28 12:26:33.202,2026/05/28/[$LATEST]2faaf80cfd9d45a1b10ad92bea2bdc23,3.99,,86000000
2026-05-28 12:26:33.312,2026/05/28/[$LATEST]2faaf80cfd9d45a1b10ad92bea2bdc23,1.73,,86000000
2026-05-28 12:26:33.365,2026/05/28/[$LATEST]2faaf80cfd9d45a1b10ad92bea2bdc23,1.59,,86000000
2026-05-28 12:26:33.625,2026/05/28/[$LATEST]09b41d5fd2894f389e30ae58462b1250,1.71,,85000000
2026-05-28 12:26:33.768,2026/05/28/[$LATEST]2faaf80cfd9d45a1b10ad92bea2bdc23,1.66,,86000000
2026-05-28 12:26:34.054,2026/05/28/[$LATEST]09b41d5fd2894f389e30ae58462b1250,2.12,,85000000
2026-05-28 12:26:34.152,2026/05/28/[$LATEST]2faaf80cfd9d45a1b10ad92bea2bdc23,1.59,,86000000
2026-05-28 12:26:34.247,2026/05/28/[$LATEST]09b41d5fd2894f389e30ae58462b1250,1.89,,85000000
2026-05-28 12:26:34.762,2026/05/28/[$LATEST]09b41d5fd2894f389e30ae58462b1250,1.85,,85000000
2026-05-28 12:26:34.812,2026/05/28/[$LATEST]2faaf80cfd9d45a1b10ad92bea2bdc23,1.88,,86000000
2026-05-28 12:26:34.823,2026/05/28/[$LATEST]2faaf80cfd9d45a1b10ad92bea2bdc23,1.73,,86000000
2026-05-28 12:26:34.974,2026/05/28/[$LATEST]2faaf80cfd9d45a1b10ad92bea2bdc23,1.63,,86000000
2026-05-28 12:26:35.044,2026/05/28/[$LATEST]09b41d5fd2894f389e30ae58462b1250,1.87,,85000000
2026-05-28 12:26:35.069,2026/05/28/[$LATEST]09b41d5fd2894f389e30ae58462b1250,1.44,,85000000
2026-05-28 12:26:35.583,2026/05/28/[$LATEST]09b41d5fd2894f389e30ae58462b1250,1.67,,85000000
2026-05-28 12:26:35.884,2026/05/28/[$LATEST]09b41d5fd2894f389e30ae58462b1250,1.53,,85000000
2026-05-28 12:26:35.921,2026/05/28/[$LATEST]09b41d5fd2894f389e30ae58462b1250,1.62,,85000000
2026-05-28 12:26:35.952,2026/05/28/[$LATEST]2faaf80cfd9d45a1b10ad92bea2bdc23,1.86,,86000000
2026-05-28 12:26:36.322,2026/05/28/[$LATEST]09b41d5fd2894f389e30ae58462b1250,1.93,,85000000
2026-05-28 12:26:36.378,2026/05/28/[$LATEST]2faaf80cfd9d45a1b10ad92bea2bdc23,1.44,,86000000
2026-05-28 12:26:36.553,2026/05/28/[$LATEST]09b41d5fd2894f389e30ae58462b1250,1.53,,85000000
2026-05-28 12:26:36.688,2026/05/28/[$LATEST]09b41d5fd2894f389e30ae58462b1250,1.72,,85000000
2026-05-28 12:26:36.764,2026/05/28/[$LATEST]2faaf80cfd9d45a1b10ad92bea2bdc23,1.55,,86000000
2026-05-28 12:26:36.906,2026/05/28/[$LATEST]2faaf80cfd9d45a1b10ad92bea2bdc23,1.35,,86000000
2026-05-28 12:26:37.538,2026/05/28/[$LATEST]2faaf80cfd9d45a1b10ad92bea2bdc23,1.62,,86000000
2026-05-28 12:26:37.618,2026/05/28/[$LATEST]09b41d5fd2894f389e30ae58462b1250,1.56,,85000000
2026-05-28 12:26:37.730,2026/05/28/[$LATEST]09b41d5fd2894f389e30ae58462b1250,1.78,,85000000
2026-05-28 12:26:37.860,2026/05/28/[$LATEST]09b41d5fd2894f389e30ae58462b1250,1.47,,85000000
2026-05-28 12:26:37.863,2026/05/28/[$LATEST]15737d93c14242db96065ddfaa294dc4,1.84,,85000000
2026-05-28 12:26:38.185,2026/05/28/[$LATEST]2faaf80cfd9d45a1b10ad92bea2bdc23,1.54,,86000000
2026-05-28 12:26:38.228,2026/05/28/[$LATEST]2faaf80cfd9d45a1b10ad92bea2bdc23,1.61,,86000000
2026-05-28 12:26:38.497,2026/05/28/[$LATEST]2faaf80cfd9d45a1b10ad92bea2bdc23,1.73,,86000000
2026-05-28 12:26:38.821,2026/05/28/[$LATEST]2faaf80cfd9d45a1b10ad92bea2bdc23,1.84,,86000000
2026-05-28 12:26:38.995,2026/05/28/[$LATEST]15737d93c14242db96065ddfaa294dc4,1.83,,85000000
2026-05-28 12:26:39.162,2026/05/28/[$LATEST]2faaf80cfd9d45a1b10ad92bea2bdc23,2.81,,86000000
2026-05-28 12:26:39.548,2026/05/28/[$LATEST]2faaf80cfd9d45a1b10ad92bea2bdc23,1.95,,86000000
2026-05-28 12:26:39.591,2026/05/28/[$LATEST]2faaf80cfd9d45a1b10ad92bea2bdc23,1.73,,86000000
2026-05-28 12:26:39.677,2026/05/28/[$LATEST]2faaf80cfd9d45a1b10ad92bea2bdc23,1.62,,86000000
2026-05-28 12:26:39.698,2026/05/28/[$LATEST]2faaf80cfd9d45a1b10ad92bea2bdc23,1.75,,86000000
2026-05-28 12:26:39.701,2026/05/28/[$LATEST]188cc19e71ed4e0bb96c479aefb33946,2.02,,86000000
2026-05-28 12:26:40.166,2026/05/28/[$LATEST]15737d93c14242db96065ddfaa294dc4,1.77,,85000000
2026-05-28 12:26:40.251,2026/05/28/[$LATEST]15737d93c14242db96065ddfaa294dc4,1.77,,85000000
2026-05-28 12:26:40.285,2026/05/28/[$LATEST]15737d93c14242db96065ddfaa294dc4,1.96,,85000000
2026-05-28 12:26:40.716,2026/05/28/[$LATEST]15737d93c14242db96065ddfaa294dc4,1.68,,85000000
2026-05-28 12:26:40.991,2026/05/28/[$LATEST]188cc19e71ed4e0bb96c479aefb33946,2.12,,86000000
2026-05-28 12:26:41.150,2026/05/28/[$LATEST]188cc19e71ed4e0bb96c479aefb33946,1.87,,86000000
2026-05-28 12:26:41.296,2026/05/28/[$LATEST]15737d93c14242db96065ddfaa294dc4,2.16,,85000000
2026-05-28 12:26:41.598,2026/05/28/[$LATEST]15737d93c14242db96065ddfaa294dc4,1.82,,85000000
2026-05-28 12:26:41.666,2026/05/28/[$LATEST]15737d93c14242db96065ddfaa294dc4,1.92,,85000000
2026-05-28 12:26:41.801,2026/05/28/[$LATEST]15737d93c14242db96065ddfaa294dc4,2.01,,85000000
2026-05-28 12:26:41.804,2026/05/28/[$LATEST]09b41d5fd2894f389e30ae58462b1250,1.83,,85000000
2026-05-28 12:26:41.938,2026/05/28/[$LATEST]188cc19e71ed4e0bb96c479aefb33946,2.13,,86000000
2026-05-28 12:26:42.210,2026/05/28/[$LATEST]188cc19e71ed4e0bb96c479aefb33946,2.06,,86000000
2026-05-28 12:26:42.271,2026/05/28/[$LATEST]09b41d5fd2894f389e30ae58462b1250,2.01,,85000000
2026-05-28 12:26:42.551,2026/05/28/[$LATEST]188cc19e71ed4e0bb96c479aefb33946,1.93,,86000000
2026-05-28 12:26:42.776,2026/05/28/[$LATEST]09b41d5fd2894f389e30ae58462b1250,1.83,,85000000
2026-05-28 12:26:42.865,2026/05/28/[$LATEST]188cc19e71ed4e0bb96c479aefb33946,1.84,,86000000
2026-05-28 12:26:43.142,2026/05/28/[$LATEST]09b41d5fd2894f389e30ae58462b1250,1.58,,85000000
2026-05-28 12:26:43.396,2026/05/28/[$LATEST]09b41d5fd2894f389e30ae58462b1250,1.52,,85000000
2026-05-28 12:26:43.532,2026/05/28/[$LATEST]188cc19e71ed4e0bb96c479aefb33946,2.12,,86000000
2026-05-28 12:26:43.861,2026/05/28/[$LATEST]188cc19e71ed4e0bb96c479aefb33946,1.63,,86000000
2026-05-28 12:26:43.956,2026/05/28/[$LATEST]188cc19e71ed4e0bb96c479aefb33946,1.96,,86000000
2026-05-28 12:26:43.984,2026/05/28/[$LATEST]188cc19e71ed4e0bb96c479aefb33946,2.77,,86000000
2026-05-28 12:26:44.013,2026/05/28/[$LATEST]09b41d5fd2894f389e30ae58462b1250,1.87,,85000000
2026-05-28 12:26:44.199,2026/05/28/[$LATEST]188cc19e71ed4e0bb96c479aefb33946,1.66,,86000000
2026-05-28 12:26:44.380,2026/05/28/[$LATEST]188cc19e71ed4e0bb96c479aefb33946,1.97,,86000000
2026-05-28 12:26:44.731,2026/05/28/[$LATEST]188cc19e71ed4e0bb96c479aefb33946,2.12,,86000000
2026-05-28 12:26:44.849,2026/05/28/[$LATEST]09b41d5fd2894f389e30ae58462b1250,1.82,,85000000
2026-05-28 12:26:44.855,2026/05/28/[$LATEST]188cc19e71ed4e0bb96c479aefb33946,1.78,,86000000
2026-05-28 12:26:45.097,2026/05/28/[$LATEST]09b41d5fd2894f389e30ae58462b1250,1.95,,85000000
2026-05-28 12:26:45.327,2026/05/28/[$LATEST]09b41d5fd2894f389e30ae58462b1250,2.2,,85000000
2026-05-28 12:26:45.781,2026/05/28/[$LATEST]188cc19e71ed4e0bb96c479aefb33946,2.03,,86000000
2026-05-28 12:26:45.855,2026/05/28/[$LATEST]09b41d5fd2894f389e30ae58462b1250,1.53,,85000000
2026-05-28 12:26:46.031,2026/05/28/[$LATEST]188cc19e71ed4e0bb96c479aefb33946,2.06,,86000000
2026-05-28 12:26:46.287,2026/05/28/[$LATEST]09b41d5fd2894f389e30ae58462b1250,1.54,,85000000
2026-05-28 12:26:46.290,2026/05/28/[$LATEST]188cc19e71ed4e0bb96c479aefb33946,15.68,,86000000
2026-05-28 12:26:46.627,2026/05/28/[$LATEST]09b41d5fd2894f389e30ae58462b1250,1.87,,85000000
2026-05-28 12:26:46.690,2026/05/28/[$LATEST]188cc19e71ed4e0bb96c479aefb33946,1.87,,86000000
2026-05-28 12:26:46.794,2026/05/28/[$LATEST]188cc19e71ed4e0bb96c479aefb33946,1.89,,86000000
2026-05-28 12:26:47.012,2026/05/28/[$LATEST]188cc19e71ed4e0bb96c479aefb33946,2.02,,86000000
2026-05-28 12:26:47.346,2026/05/28/[$LATEST]09b41d5fd2894f389e30ae58462b1250,1.83,,85000000
2026-05-28 12:26:47.358,2026/05/28/[$LATEST]188cc19e71ed4e0bb96c479aefb33946,2.01,,86000000
2026-05-28 12:26:47.417,2026/05/28/[$LATEST]188cc19e71ed4e0bb96c479aefb33946,2.1,,86000000
2026-05-28 12:26:47.551,2026/05/28/[$LATEST]09b41d5fd2894f389e30ae58462b1250,1.77,,85000000
2026-05-28 12:26:47.890,2026/05/28/[$LATEST]188cc19e71ed4e0bb96c479aefb33946,17.11,,86000000
2026-05-28 12:26:48.156,2026/05/28/[$LATEST]188cc19e71ed4e0bb96c479aefb33946,2.16,,86000000
2026-05-28 12:26:48.404,2026/05/28/[$LATEST]188cc19e71ed4e0bb96c479aefb33946,2.13,,86000000
2026-05-28 12:26:48.465,2026/05/28/[$LATEST]09b41d5fd2894f389e30ae58462b1250,1.56,,85000000
2026-05-28 12:26:48.618,2026/05/28/[$LATEST]188cc19e71ed4e0bb96c479aefb33946,1.64,,86000000
2026-05-28 12:26:48.724,2026/05/28/[$LATEST]188cc19e71ed4e0bb96c479aefb33946,1.84,,86000000
2026-05-28 12:26:48.922,2026/05/28/[$LATEST]188cc19e71ed4e0bb96c479aefb33946,1.56,,86000000
2026-05-28 12:26:49.058,2026/05/28/[$LATEST]09b41d5fd2894f389e30ae58462b1250,1.6,,85000000
2026-05-28 12:26:49.499,2026/05/28/[$LATEST]188cc19e71ed4e0bb96c479aefb33946,1.85,,86000000
2026-05-28 12:26:49.559,2026/05/28/[$LATEST]09b41d5fd2894f389e30ae58462b1250,1.55,,85000000
2026-05-28 12:26:49.782,2026/05/28/[$LATEST]188cc19e71ed4e0bb96c479aefb33946,1.86,,86000000
2026-05-28 12:26:49.898,2026/05/28/[$LATEST]188cc19e71ed4e0bb96c479aefb33946,1.96,,86000000
2026-05-28 12:26:49.914,2026/05/28/[$LATEST]09b41d5fd2894f389e30ae58462b1250,19.73,,85000000
2026-05-28 12:26:49.979,2026/05/28/[$LATEST]09b41d5fd2894f389e30ae58462b1250,1.78,,85000000
2026-05-28 12:26:50.266,2026/05/28/[$LATEST]09b41d5fd2894f389e30ae58462b1250,1.74,,85000000
2026-05-28 12:26:50.344,2026/05/28/[$LATEST]188cc19e71ed4e0bb96c479aefb33946,2.02,,86000000
2026-05-28 12:26:50.798,2026/05/28/[$LATEST]09b41d5fd2894f389e30ae58462b1250,1.52,,85000000
2026-05-28 12:26:50.989,2026/05/28/[$LATEST]188cc19e71ed4e0bb96c479aefb33946,9.47,,86000000
2026-05-28 12:26:51.158,2026/05/28/[$LATEST]188cc19e71ed4e0bb96c479aefb33946,1.82,,86000000
2026-05-28 12:26:51.338,2026/05/28/[$LATEST]09b41d5fd2894f389e30ae58462b1250,1.79,,85000000
2026-05-28 12:26:51.396,2026/05/28/[$LATEST]09b41d5fd2894f389e30ae58462b1250,1.58,,85000000
2026-05-28 12:26:51.547,2026/05/28/[$LATEST]09b41d5fd2894f389e30ae58462b1250,1.78,,85000000
2026-05-28 12:26:51.713,2026/05/28/[$LATEST]09b41d5fd2894f389e30ae58462b1250,1.87,,85000000
2026-05-28 12:26:51.788,2026/05/28/[$LATEST]09b41d5fd2894f389e30ae58462b1250,1.65,,85000000
2026-05-28 12:26:52.120,2026/05/28/[$LATEST]09b41d5fd2894f389e30ae58462b1250,1.95,,85000000
2026-05-28 12:26:52.135,2026/05/28/[$LATEST]09b41d5fd2894f389e30ae58462b1250,1.5,,85000000
2026-05-28 12:26:52.498,2026/05/28/[$LATEST]188cc19e71ed4e0bb96c479aefb33946,2.31,,86000000
2026-05-28 12:26:52.617,2026/05/28/[$LATEST]09b41d5fd2894f389e30ae58462b1250,1.82,,85000000
2026-05-28 12:26:52.697,2026/05/28/[$LATEST]09b41d5fd2894f389e30ae58462b1250,1.74,,85000000
2026-05-28 12:26:52.949,2026/05/28/[$LATEST]09b41d5fd2894f389e30ae58462b1250,1.97,,85000000
2026-05-28 12:26:53.047,2026/05/28/[$LATEST]09b41d5fd2894f389e30ae58462b1250,1.82,,85000000
2026-05-28 12:26:53.435,2026/05/28/[$LATEST]188cc19e71ed4e0bb96c479aefb33946,1.88,,86000000
2026-05-28 12:26:53.723,2026/05/28/[$LATEST]188cc19e71ed4e0bb96c479aefb33946,2.19,,86000000
2026-05-28 12:26:53.815,2026/05/28/[$LATEST]09b41d5fd2894f389e30ae58462b1250,1.97,,85000000
2026-05-28 12:26:53.976,2026/05/28/[$LATEST]09b41d5fd2894f389e30ae58462b1250,2.04,,85000000
2026-05-28 12:26:54.409,2026/05/28/[$LATEST]09b41d5fd2894f389e30ae58462b1250,1.54,,85000000
2026-05-28 12:26:54.421,2026/05/28/[$LATEST]188cc19e71ed4e0bb96c479aefb33946,2.18,,86000000
2026-05-28 12:26:54.530,2026/05/28/[$LATEST]188cc19e71ed4e0bb96c479aefb33946,1.76,,86000000
2026-05-28 12:26:54.711,2026/05/28/[$LATEST]09b41d5fd2894f389e30ae58462b1250,1.53,,85000000
2026-05-28 12:26:54.717,2026/05/28/[$LATEST]188cc19e71ed4e0bb96c479aefb33946,1.93,,86000000
2026-05-28 12:26:54.960,2026/05/28/[$LATEST]09b41d5fd2894f389e30ae58462b1250,1.74,,85000000
2026-05-28 12:26:55.172,2026/05/28/[$LATEST]09b41d5fd2894f389e30ae58462b1250,1.52,,85000000
2026-05-28 12:26:55.360,2026/05/28/[$LATEST]09b41d5fd2894f389e30ae58462b1250,1.91,,85000000
2026-05-28 12:26:55.683,2026/05/28/[$LATEST]188cc19e71ed4e0bb96c479aefb33946,2.2,,86000000
2026-05-28 12:26:55.878,2026/05/28/[$LATEST]09b41d5fd2894f389e30ae58462b1250,1.97,,85000000
2026-05-28 12:26:56.184,2026/05/28/[$LATEST]09b41d5fd2894f389e30ae58462b1250,1.54,,85000000
2026-05-28 12:26:56.210,2026/05/28/[$LATEST]188cc19e71ed4e0bb96c479aefb33946,2.29,,86000000
2026-05-28 12:26:56.389,2026/05/28/[$LATEST]188cc19e71ed4e0bb96c479aefb33946,2.17,,86000000
2026-05-28 12:26:56.477,2026/05/28/[$LATEST]188cc19e71ed4e0bb96c479aefb33946,2.02,,86000000
2026-05-28 12:26:56.622,2026/05/28/[$LATEST]09b41d5fd2894f389e30ae58462b1250,1.79,,85000000
2026-05-28 12:26:56.627,2026/05/28/[$LATEST]188cc19e71ed4e0bb96c479aefb33946,1.69,,86000000
2026-05-28 12:26:56.818,2026/05/28/[$LATEST]188cc19e71ed4e0bb96c479aefb33946,1.7,,86000000
2026-05-28 12:26:56.877,2026/05/28/[$LATEST]188cc19e71ed4e0bb96c479aefb33946,1.8,,86000000
2026-05-28 12:26:57.063,2026/05/28/[$LATEST]188cc19e71ed4e0bb96c479aefb33946,1.73,,86000000
2026-05-28 12:26:57.764,2026/05/28/[$LATEST]09b41d5fd2894f389e30ae58462b1250,1.56,,85000000
2026-05-28 12:26:58.362,2026/05/28/[$LATEST]09b41d5fd2894f389e30ae58462b1250,2.03,,85000000
2026-05-28 12:26:58.392,2026/05/28/[$LATEST]188cc19e71ed4e0bb96c479aefb33946,10.34,,86000000
2026-05-28 12:26:58.399,2026/05/28/[$LATEST]09b41d5fd2894f389e30ae58462b1250,1.54,,85000000
2026-05-28 12:26:58.441,2026/05/28/[$LATEST]09b41d5fd2894f389e30ae58462b1250,1.55,,85000000
2026-05-28 12:26:58.477,2026/05/28/[$LATEST]188cc19e71ed4e0bb96c479aefb33946,1.96,,86000000
2026-05-28 12:26:58.680,2026/05/28/[$LATEST]188cc19e71ed4e0bb96c479aefb33946,2.06,,86000000
2026-05-28 12:26:58.789,2026/05/28/[$LATEST]09b41d5fd2894f389e30ae58462b1250,1.79,,85000000
2026-05-28 12:26:58.888,2026/05/28/[$LATEST]09b41d5fd2894f389e30ae58462b1250,1.54,,85000000
2026-05-28 12:26:58.937,2026/05/28/[$LATEST]188cc19e71ed4e0bb96c479aefb33946,2.22,,86000000
2026-05-28 12:26:59.692,2026/05/28/[$LATEST]188cc19e71ed4e0bb96c479aefb33946,2.1,,86000000
2026-05-28 12:26:59.941,2026/05/28/[$LATEST]188cc19e71ed4e0bb96c479aefb33946,2.13,,86000000
2026-05-28 12:27:00.012,2026/05/28/[$LATEST]188cc19e71ed4e0bb96c479aefb33946,1.77,,86000000
2026-05-28 12:27:00.120,2026/05/28/[$LATEST]09b41d5fd2894f389e30ae58462b1250,1.84,,85000000
2026-05-28 12:27:00.264,2026/05/28/[$LATEST]09b41d5fd2894f389e30ae58462b1250,1.54,,85000000
2026-05-28 12:27:00.284,2026/05/28/[$LATEST]188cc19e71ed4e0bb96c479aefb33946,1.84,,86000000
2026-05-28 12:27:00.432,2026/05/28/[$LATEST]188cc19e71ed4e0bb96c479aefb33946,1.76,,86000000
2026-05-28 12:27:00.521,2026/05/28/[$LATEST]188cc19e71ed4e0bb96c479aefb33946,1.58,,86000000
2026-05-28 12:27:01.180,2026/05/28/[$LATEST]09b41d5fd2894f389e30ae58462b1250,2.03,,85000000
2026-05-28 12:27:01.196,2026/05/28/[$LATEST]188cc19e71ed4e0bb96c479aefb33946,1.94,,86000000
2026-05-28 12:27:01.481,2026/05/28/[$LATEST]188cc19e71ed4e0bb96c479aefb33946,2.32,,86000000
2026-05-28 12:27:01.947,2026/05/28/[$LATEST]09b41d5fd2894f389e30ae58462b1250,1.8,,85000000
2026-05-28 12:27:01.962,2026/05/28/[$LATEST]09b41d5fd2894f389e30ae58462b1250,1.38,,85000000
2026-05-28 12:27:01.969,2026/05/28/[$LATEST]188cc19e71ed4e0bb96c479aefb33946,1.72,,86000000
2026-05-28 12:27:02.222,2026/05/28/[$LATEST]188cc19e71ed4e0bb96c479aefb33946,2.02,,86000000
2026-05-28 12:27:02.367,2026/05/28/[$LATEST]188cc19e71ed4e0bb96c479aefb33946,1.79,,86000000
2026-05-28 12:27:02.482,2026/05/28/[$LATEST]188cc19e71ed4e0bb96c479aefb33946,2.03,,86000000
2026-05-28 12:27:02.544,2026/05/28/[$LATEST]09b41d5fd2894f389e30ae58462b1250,1.88,,85000000
2026-05-28 12:27:02.972,2026/05/28/[$LATEST]188cc19e71ed4e0bb96c479aefb33946,1.69,,86000000
2026-05-28 12:27:03.135,2026/05/28/[$LATEST]188cc19e71ed4e0bb96c479aefb33946,1.71,,86000000
2026-05-28 12:27:03.223,2026/05/28/[$LATEST]188cc19e71ed4e0bb96c479aefb33946,1.71,,86000000
2026-05-28 12:27:03.628,2026/05/28/[$LATEST]188cc19e71ed4e0bb96c479aefb33946,2.05,,86000000
2026-05-28 12:27:03.871,2026/05/28/[$LATEST]188cc19e71ed4e0bb96c479aefb33946,1.78,,86000000
2026-05-28 12:27:03.955,2026/05/28/[$LATEST]09b41d5fd2894f389e30ae58462b1250,1.53,,85000000
2026-05-28 12:27:04.027,2026/05/28/[$LATEST]188cc19e71ed4e0bb96c479aefb33946,1.81,,86000000
2026-05-28 12:27:04.047,2026/05/28/[$LATEST]09b41d5fd2894f389e30ae58462b1250,1.92,,85000000
2026-05-28 12:27:04.779,2026/05/28/[$LATEST]09b41d5fd2894f389e30ae58462b1250,1.66,,85000000
2026-05-28 12:27:04.845,2026/05/28/[$LATEST]188cc19e71ed4e0bb96c479aefb33946,2.01,,86000000
2026-05-28 12:27:04.847,2026/05/28/[$LATEST]2faaf80cfd9d45a1b10ad92bea2bdc23,1.88,,86000000
2026-05-28 12:27:05.161,2026/05/28/[$LATEST]09b41d5fd2894f389e30ae58462b1250,2.01,,85000000
2026-05-28 12:27:05.186,2026/05/28/[$LATEST]2faaf80cfd9d45a1b10ad92bea2bdc23,1.75,,86000000
2026-05-28 12:27:05.194,2026/05/28/[$LATEST]09b41d5fd2894f389e30ae58462b1250,1.65,,85000000
2026-05-28 12:27:05.496,2026/05/28/[$LATEST]2faaf80cfd9d45a1b10ad92bea2bdc23,1.78,,86000000
2026-05-28 12:27:05.557,2026/05/28/[$LATEST]2faaf80cfd9d45a1b10ad92bea2bdc23,1.77,,86000000
2026-05-28 12:27:05.735,2026/05/28/[$LATEST]15737d93c14242db96065ddfaa294dc4,1.68,,85000000
2026-05-28 12:27:05.738,2026/05/28/[$LATEST]09b41d5fd2894f389e30ae58462b1250,1.57,,85000000
2026-05-28 12:27:06.087,2026/05/28/[$LATEST]2faaf80cfd9d45a1b10ad92bea2bdc23,1.69,,86000000
2026-05-28 12:27:06.194,2026/05/28/[$LATEST]09b41d5fd2894f389e30ae58462b1250,1.9,,85000000
2026-05-28 12:27:06.560,2026/05/28/[$LATEST]2faaf80cfd9d45a1b10ad92bea2bdc23,1.59,,86000000
2026-05-28 12:27:06.608,2026/05/28/[$LATEST]09b41d5fd2894f389e30ae58462b1250,1.69,,85000000
2026-05-28 12:27:06.803,2026/05/28/[$LATEST]09b41d5fd2894f389e30ae58462b1250,1.71,,85000000
2026-05-28 12:27:07.217,2026/05/28/[$LATEST]09b41d5fd2894f389e30ae58462b1250,1.97,,85000000
2026-05-28 12:27:07.225,2026/05/28/[$LATEST]2faaf80cfd9d45a1b10ad92bea2bdc23,1.92,,86000000
2026-05-28 12:27:07.493,2026/05/28/[$LATEST]2faaf80cfd9d45a1b10ad92bea2bdc23,1.86,,86000000
2026-05-28 12:27:07.540,2026/05/28/[$LATEST]2faaf80cfd9d45a1b10ad92bea2bdc23,1.62,,86000000
2026-05-28 12:27:07.620,2026/05/28/[$LATEST]09b41d5fd2894f389e30ae58462b1250,1.52,,85000000
2026-05-28 12:27:07.985,2026/05/28/[$LATEST]2faaf80cfd9d45a1b10ad92bea2bdc23,1.53,,86000000
2026-05-28 12:27:08.084,2026/05/28/[$LATEST]2faaf80cfd9d45a1b10ad92bea2bdc23,1.66,,86000000
2026-05-28 12:27:08.087,2026/05/28/[$LATEST]09b41d5fd2894f389e30ae58462b1250,1.55,,85000000
2026-05-28 12:27:08.168,2026/05/28/[$LATEST]2faaf80cfd9d45a1b10ad92bea2bdc23,1.72,,86000000
2026-05-28 12:27:08.214,2026/05/28/[$LATEST]2faaf80cfd9d45a1b10ad92bea2bdc23,1.49,,86000000
2026-05-28 12:27:08.528,2026/05/28/[$LATEST]09b41d5fd2894f389e30ae58462b1250,2.57,,85000000
2026-05-28 12:27:08.565,2026/05/28/[$LATEST]09b41d5fd2894f389e30ae58462b1250,1.71,,85000000
2026-05-28 12:27:08.938,2026/05/28/[$LATEST]09b41d5fd2894f389e30ae58462b1250,1.8,,85000000
2026-05-28 12:27:09.123,2026/05/28/[$LATEST]2faaf80cfd9d45a1b10ad92bea2bdc23,1.61,,86000000
2026-05-28 12:27:09.465,2026/05/28/[$LATEST]09b41d5fd2894f389e30ae58462b1250,1.77,,85000000
2026-05-28 12:27:09.582,2026/05/28/[$LATEST]09b41d5fd2894f389e30ae58462b1250,1.66,,85000000
2026-05-28 12:27:09.754,2026/05/28/[$LATEST]2faaf80cfd9d45a1b10ad92bea2bdc23,1.71,,86000000
2026-05-28 12:27:09.934,2026/05/28/[$LATEST]2faaf80cfd9d45a1b10ad92bea2bdc23,1.6,,86000000
2026-05-28 12:27:09.993,2026/05/28/[$LATEST]09b41d5fd2894f389e30ae58462b1250,1.82,,85000000
2026-05-28 12:27:10.190,2026/05/28/[$LATEST]09b41d5fd2894f389e30ae58462b1250,1.68,,85000000
2026-05-28 12:27:10.204,2026/05/28/[$LATEST]2faaf80cfd9d45a1b10ad92bea2bdc23,17.61,,86000000
2026-05-28 12:27:10.885,2026/05/28/[$LATEST]09b41d5fd2894f389e30ae58462b1250,1.85,,85000000
2026-05-28 12:27:10.896,2026/05/28/[$LATEST]2faaf80cfd9d45a1b10ad92bea2bdc23,1.7,,86000000
2026-05-28 12:27:11.037,2026/05/28/[$LATEST]2faaf80cfd9d45a1b10ad92bea2bdc23,1.82,,86000000
2026-05-28 12:27:11.105,2026/05/28/[$LATEST]2faaf80cfd9d45a1b10ad92bea2bdc23,1.61,,86000000
2026-05-28 12:27:11.196,2026/05/28/[$LATEST]09b41d5fd2894f389e30ae58462b1250,1.79,,85000000
2026-05-28 12:27:11.289,2026/05/28/[$LATEST]09b41d5fd2894f389e30ae58462b1250,1.78,,85000000
2026-05-28 12:27:11.630,2026/05/28/[$LATEST]09b41d5fd2894f389e30ae58462b1250,1.73,,85000000
2026-05-28 12:27:12.066,2026/05/28/[$LATEST]09b41d5fd2894f389e30ae58462b1250,1.83,,85000000
2026-05-28 12:27:12.124,2026/05/28/[$LATEST]2faaf80cfd9d45a1b10ad92bea2bdc23,1.79,,86000000
2026-05-28 12:27:12.243,2026/05/28/[$LATEST]09b41d5fd2894f389e30ae58462b1250,1.54,,85000000
2026-05-28 12:27:12.400,2026/05/28/[$LATEST]2faaf80cfd9d45a1b10ad92bea2bdc23,1.59,,86000000
2026-05-28 12:27:12.663,2026/05/28/[$LATEST]09b41d5fd2894f389e30ae58462b1250,1.86,,85000000
2026-05-28 12:27:12.725,2026/05/28/[$LATEST]2faaf80cfd9d45a1b10ad92bea2bdc23,1.77,,86000000
2026-05-28 12:27:13.032,2026/05/28/[$LATEST]2faaf80cfd9d45a1b10ad92bea2bdc23,1.93,,86000000
2026-05-28 12:27:13.157,2026/05/28/[$LATEST]09b41d5fd2894f389e30ae58462b1250,1.81,,85000000
2026-05-28 12:27:13.299,2026/05/28/[$LATEST]09b41d5fd2894f389e30ae58462b1250,1.9,,85000000
2026-05-28 12:27:13.577,2026/05/28/[$LATEST]2faaf80cfd9d45a1b10ad92bea2bdc23,1.59,,86000000
2026-05-28 12:27:13.685,2026/05/28/[$LATEST]2faaf80cfd9d45a1b10ad92bea2bdc23,1.6,,86000000
2026-05-28 12:27:13.955,2026/05/28/[$LATEST]2faaf80cfd9d45a1b10ad92bea2bdc23,1.82,,86000000
2026-05-28 12:27:14.045,2026/05/28/[$LATEST]09b41d5fd2894f389e30ae58462b1250,2.08,,85000000
2026-05-28 12:27:14.260,2026/05/28/[$LATEST]09b41d5fd2894f389e30ae58462b1250,1.59,,85000000
2026-05-28 12:27:14.374,2026/05/28/[$LATEST]09b41d5fd2894f389e30ae58462b1250,1.66,,85000000
2026-05-28 12:27:14.495,2026/05/28/[$LATEST]2faaf80cfd9d45a1b10ad92bea2bdc23,1.68,,86000000
2026-05-28 12:27:14.569,2026/05/28/[$LATEST]09b41d5fd2894f389e30ae58462b1250,1.67,,85000000
2026-05-28 12:27:14.795,2026/05/28/[$LATEST]09b41d5fd2894f389e30ae58462b1250,1.75,,85000000
2026-05-28 12:27:14.894,2026/05/28/[$LATEST]2faaf80cfd9d45a1b10ad92bea2bdc23,1.84,,86000000
2026-05-28 12:27:15.247,2026/05/28/[$LATEST]2faaf80cfd9d45a1b10ad92bea2bdc23,1.58,,86000000
2026-05-28 12:27:15.531,2026/05/28/[$LATEST]09b41d5fd2894f389e30ae58462b1250,1.66,,85000000
2026-05-28 12:27:15.869,2026/05/28/[$LATEST]09b41d5fd2894f389e30ae58462b1250,1.59,,85000000
2026-05-28 12:27:16.018,2026/05/28/[$LATEST]2faaf80cfd9d45a1b10ad92bea2bdc23,1.96,,86000000
2026-05-28 12:27:16.124,2026/05/28/[$LATEST]09b41d5fd2894f389e30ae58462b1250,1.94,,85000000
2026-05-28 12:27:16.149,2026/05/28/[$LATEST]2faaf80cfd9d45a1b10ad92bea2bdc23,1.56,,86000000
2026-05-28 12:27:16.600,2026/05/28/[$LATEST]09b41d5fd2894f389e30ae58462b1250,1.76,,85000000
2026-05-28 12:27:16.676,2026/05/28/[$LATEST]09b41d5fd2894f389e30ae58462b1250,1.5,,85000000
2026-05-28 12:27:16.783,2026/05/28/[$LATEST]2faaf80cfd9d45a1b10ad92bea2bdc23,1.93,,86000000
2026-05-28 12:27:16.861,2026/05/28/[$LATEST]2faaf80cfd9d45a1b10ad92bea2bdc23,1.55,,86000000
2026-05-28 12:27:17.514,2026/05/28/[$LATEST]09b41d5fd2894f389e30ae58462b1250,8.74,,85000000
2026-05-28 12:27:17.542,2026/05/28/[$LATEST]09b41d5fd2894f389e30ae58462b1250,1.79,,85000000
2026-05-28 12:27:17.570,2026/05/28/[$LATEST]09b41d5fd2894f389e30ae58462b1250,1.59,,85000000
2026-05-28 12:27:17.588,2026/05/28/[$LATEST]2faaf80cfd9d45a1b10ad92bea2bdc23,1.75,,86000000
2026-05-28 12:27:17.645,2026/05/28/[$LATEST]09b41d5fd2894f389e30ae58462b1250,1.6,,85000000
2026-05-28 12:27:17.832,2026/05/28/[$LATEST]09b41d5fd2894f389e30ae58462b1250,1.5,,85000000
2026-05-28 12:27:18.268,2026/05/28/[$LATEST]2faaf80cfd9d45a1b10ad92bea2bdc23,1.82,,86000000
2026-05-28 12:27:18.457,2026/05/28/[$LATEST]2faaf80cfd9d45a1b10ad92bea2bdc23,1.53,,86000000
2026-05-28 12:27:18.998,2026/05/28/[$LATEST]09b41d5fd2894f389e30ae58462b1250,3.44,,85000000
2026-05-28 12:27:19.024,2026/05/28/[$LATEST]2faaf80cfd9d45a1b10ad92bea2bdc23,1.63,,86000000
2026-05-28 12:27:19.062,2026/05/28/[$LATEST]2faaf80cfd9d45a1b10ad92bea2bdc23,1.59,,86000000
2026-05-28 12:27:19.064,2026/05/28/[$LATEST]09b41d5fd2894f389e30ae58462b1250,1.68,,85000000
2026-05-28 12:27:19.416,2026/05/28/[$LATEST]09b41d5fd2894f389e30ae58462b1250,1.93,,85000000
2026-05-28 12:27:19.516,2026/05/28/[$LATEST]09b41d5fd2894f389e30ae58462b1250,1.65,,85000000
2026-05-28 12:27:19.700,2026/05/28/[$LATEST]09b41d5fd2894f389e30ae58462b1250,1.53,,85000000
2026-05-28 12:27:19.806,2026/05/28/[$LATEST]2faaf80cfd9d45a1b10ad92bea2bdc23,1.57,,86000000
2026-05-28 12:27:19.881,2026/05/28/[$LATEST]2faaf80cfd9d45a1b10ad92bea2bdc23,2.89,,86000000
2026-05-28 12:27:20.405,2026/05/28/[$LATEST]2faaf80cfd9d45a1b10ad92bea2bdc23,1.88,,86000000
2026-05-28 12:27:20.496,2026/05/28/[$LATEST]09b41d5fd2894f389e30ae58462b1250,1.68,,85000000
2026-05-28 12:27:20.681,2026/05/28/[$LATEST]09b41d5fd2894f389e30ae58462b1250,1.51,,85000000
2026-05-28 12:27:20.786,2026/05/28/[$LATEST]2faaf80cfd9d45a1b10ad92bea2bdc23,1.59,,86000000
2026-05-28 12:27:20.819,2026/05/28/[$LATEST]2faaf80cfd9d45a1b10ad92bea2bdc23,1.67,,86000000
2026-05-28 12:27:20.964,2026/05/28/[$LATEST]09b41d5fd2894f389e30ae58462b1250,1.94,,85000000
2026-05-28 12:27:21.111,2026/05/28/[$LATEST]09b41d5fd2894f389e30ae58462b1250,1.53,,85000000
2026-05-28 12:27:21.131,2026/05/28/[$LATEST]2faaf80cfd9d45a1b10ad92bea2bdc23,1.95,,86000000
2026-05-28 12:27:21.169,2026/05/28/[$LATEST]2faaf80cfd9d45a1b10ad92bea2bdc23,1.7,,86000000
2026-05-28 12:27:21.896,2026/05/28/[$LATEST]09b41d5fd2894f389e30ae58462b1250,1.88,,85000000
2026-05-28 12:27:22.023,2026/05/28/[$LATEST]09b41d5fd2894f389e30ae58462b1250,1.74,,85000000
2026-05-28 12:27:22.354,2026/05/28/[$LATEST]09b41d5fd2894f389e30ae58462b1250,1.89,,85000000
2026-05-28 12:27:22.454,2026/05/28/[$LATEST]2faaf80cfd9d45a1b10ad92bea2bdc23,1.76,,86000000
2026-05-28 12:27:22.490,2026/05/28/[$LATEST]188cc19e71ed4e0bb96c479aefb33946,31.41,,86000000
2026-05-28 12:27:22.553,2026/05/28/[$LATEST]188cc19e71ed4e0bb96c479aefb33946,2.33,,86000000
2026-05-28 12:27:22.564,2026/05/28/[$LATEST]09b41d5fd2894f389e30ae58462b1250,1.87,,85000000
2026-05-28 12:27:22.783,2026/05/28/[$LATEST]09b41d5fd2894f389e30ae58462b1250,1.82,,85000000
2026-05-28 12:27:22.840,2026/05/28/[$LATEST]09b41d5fd2894f389e30ae58462b1250,1.48,,85000000
2026-05-28 12:27:23.110,2026/05/28/[$LATEST]188cc19e71ed4e0bb96c479aefb33946,5.36,,86000000
2026-05-28 12:27:23.349,2026/05/28/[$LATEST]09b41d5fd2894f389e30ae58462b1250,1.85,,85000000
2026-05-28 12:27:23.949,2026/05/28/[$LATEST]188cc19e71ed4e0bb96c479aefb33946,2.29,,86000000
2026-05-28 12:27:24.146,2026/05/28/[$LATEST]09b41d5fd2894f389e30ae58462b1250,1.95,,85000000
2026-05-28 12:27:24.232,2026/05/28/[$LATEST]188cc19e71ed4e0bb96c479aefb33946,2.01,,86000000
2026-05-28 12:27:24.451,2026/05/28/[$LATEST]09b41d5fd2894f389e30ae58462b1250,2.08,,85000000
2026-05-28 12:27:24.476,2026/05/28/[$LATEST]09b41d5fd2894f389e30ae58462b1250,1.74,,85000000
2026-05-28 12:27:24.496,2026/05/28/[$LATEST]15737d93c14242db96065ddfaa294dc4,9.45,,85000000
2026-05-28 12:27:24.520,2026/05/28/[$LATEST]15737d93c14242db96065ddfaa294dc4,1.69,,85000000
2026-05-28 12:27:24.590,2026/05/28/[$LATEST]188cc19e71ed4e0bb96c479aefb33946,2.04,,86000000
2026-05-28 12:27:24.965,2026/05/28/[$LATEST]15737d93c14242db96065ddfaa294dc4,1.95,,85000000
2026-05-28 12:27:25.342,2026/05/28/[$LATEST]15737d93c14242db96065ddfaa294dc4,1.61,,85000000
2026-05-28 12:27:25.546,2026/05/28/[$LATEST]188cc19e71ed4e0bb96c479aefb33946,1.96,,86000000
2026-05-28 12:27:25.788,2026/05/28/[$LATEST]15737d93c14242db96065ddfaa294dc4,1.73,,85000000
2026-05-28 12:27:25.922,2026/05/28/[$LATEST]188cc19e71ed4e0bb96c479aefb33946,1.98,,86000000
2026-05-28 12:27:26.263,2026/05/28/[$LATEST]15737d93c14242db96065ddfaa294dc4,2.1,,85000000
2026-05-28 12:27:26.299,2026/05/28/[$LATEST]15737d93c14242db96065ddfaa294dc4,1.75,,85000000
2026-05-28 12:27:26.394,2026/05/28/[$LATEST]15737d93c14242db96065ddfaa294dc4,1.52,,85000000
2026-05-28 12:27:26.441,2026/05/28/[$LATEST]15737d93c14242db96065ddfaa294dc4,1.77,,85000000
2026-05-28 12:27:26.502,2026/05/28/[$LATEST]188cc19e71ed4e0bb96c479aefb33946,1.94,,86000000
2026-05-28 12:27:26.676,2026/05/28/[$LATEST]15737d93c14242db96065ddfaa294dc4,1.88,,85000000
2026-05-28 12:27:26.823,2026/05/28/[$LATEST]15737d93c14242db96065ddfaa294dc4,1.78,,85000000
2026-05-28 12:27:27.422,2026/05/28/[$LATEST]15737d93c14242db96065ddfaa294dc4,1.83,,85000000
2026-05-28 12:27:27.708,2026/05/28/[$LATEST]15737d93c14242db96065ddfaa294dc4,2.16,,85000000
2026-05-28 12:27:27.749,2026/05/28/[$LATEST]188cc19e71ed4e0bb96c479aefb33946,1.94,,86000000
2026-05-28 12:27:27.785,2026/05/28/[$LATEST]15737d93c14242db96065ddfaa294dc4,1.77,,85000000
2026-05-28 12:27:27.982,2026/05/28/[$LATEST]188cc19e71ed4e0bb96c479aefb33946,2.19,,86000000
2026-05-28 12:27:28.002,2026/05/28/[$LATEST]188cc19e71ed4e0bb96c479aefb33946,2.48,,86000000
2026-05-28 12:27:28.019,2026/05/28/[$LATEST]15737d93c14242db96065ddfaa294dc4,2.01,,85000000
2026-05-28 12:27:28.252,2026/05/28/[$LATEST]15737d93c14242db96065ddfaa294dc4,1.84,,85000000
2026-05-28 12:27:28.394,2026/05/28/[$LATEST]188cc19e71ed4e0bb96c479aefb33946,8.38,,86000000
2026-05-28 12:27:28.897,2026/05/28/[$LATEST]15737d93c14242db96065ddfaa294dc4,1.71,,85000000
2026-05-28 12:27:29.250,2026/05/28/[$LATEST]188cc19e71ed4e0bb96c479aefb33946,2.41,,86000000
2026-05-28 12:27:29.535,2026/05/28/[$LATEST]15737d93c14242db96065ddfaa294dc4,1.8,,85000000
2026-05-28 12:27:29.623,2026/05/28/[$LATEST]15737d93c14242db96065ddfaa294dc4,1.6,,85000000
2026-05-28 12:27:29.673,2026/05/28/[$LATEST]188cc19e71ed4e0bb96c479aefb33946,1.83,,86000000
2026-05-28 12:27:29.738,2026/05/28/[$LATEST]15737d93c14242db96065ddfaa294dc4,1.54,,85000000
2026-05-28 12:27:29.935,2026/05/28/[$LATEST]188cc19e71ed4e0bb96c479aefb33946,2.04,,86000000
2026-05-28 12:27:30.331,2026/05/28/[$LATEST]15737d93c14242db96065ddfaa294dc4,1.68,,85000000
2026-05-28 12:27:30.423,2026/05/28/[$LATEST]15737d93c14242db96065ddfaa294dc4,1.8,,85000000
2026-05-28 12:27:30.526,2026/05/28/[$LATEST]188cc19e71ed4e0bb96c479aefb33946,1.83,,86000000
2026-05-28 12:27:30.733,2026/05/28/[$LATEST]15737d93c14242db96065ddfaa294dc4,1.74,,85000000
2026-05-28 12:27:31.069,2026/05/28/[$LATEST]188cc19e71ed4e0bb96c479aefb33946,11.71,,86000000
2026-05-28 12:27:31.144,2026/05/28/[$LATEST]188cc19e71ed4e0bb96c479aefb33946,2.09,,86000000
2026-05-28 12:27:31.200,2026/05/28/[$LATEST]15737d93c14242db96065ddfaa294dc4,2.14,,85000000
2026-05-28 12:27:31.392,2026/05/28/[$LATEST]188cc19e71ed4e0bb96c479aefb33946,3.2,,86000000
2026-05-28 12:27:31.589,2026/05/28/[$LATEST]188cc19e71ed4e0bb96c479aefb33946,2.26,,86000000
2026-05-28 12:27:32.084,2026/05/28/[$LATEST]188cc19e71ed4e0bb96c479aefb33946,2.33,,86000000
2026-05-28 12:27:32.100,2026/05/28/[$LATEST]188cc19e71ed4e0bb96c479aefb33946,1.94,,86000000
2026-05-28 12:27:32.352,2026/05/28/[$LATEST]188cc19e71ed4e0bb96c479aefb33946,1.99,,86000000
2026-05-28 12:27:32.484,2026/05/28/[$LATEST]188cc19e71ed4e0bb96c479aefb33946,2.05,,86000000
2026-05-28 12:27:32.593,2026/05/28/[$LATEST]15737d93c14242db96065ddfaa294dc4,4.29,,85000000
2026-05-28 12:27:32.621,2026/05/28/[$LATEST]15737d93c14242db96065ddfaa294dc4,1.8,,85000000
2026-05-28 12:27:32.691,2026/05/28/[$LATEST]15737d93c14242db96065ddfaa294dc4,1.8,,85000000
2026-05-28 12:27:32.780,2026/05/28/[$LATEST]188cc19e71ed4e0bb96c479aefb33946,1.67,,86000000
2026-05-28 12:27:33.108,2026/05/28/[$LATEST]188cc19e71ed4e0bb96c479aefb33946,5.98,,86000000
2026-05-28 12:27:33.302,2026/05/28/[$LATEST]188cc19e71ed4e0bb96c479aefb33946,2.2,,86000000
2026-05-28 12:27:33.709,2026/05/28/[$LATEST]188cc19e71ed4e0bb96c479aefb33946,20.97,,86000000
2026-05-28 12:27:33.889,2026/05/28/[$LATEST]15737d93c14242db96065ddfaa294dc4,2.16,,85000000
2026-05-28 12:27:34.008,2026/05/28/[$LATEST]188cc19e71ed4e0bb96c479aefb33946,2.07,,86000000
2026-05-28 12:27:34.230,2026/05/28/[$LATEST]15737d93c14242db96065ddfaa294dc4,1.84,,85000000
2026-05-28 12:27:34.287,2026/05/28/[$LATEST]188cc19e71ed4e0bb96c479aefb33946,2.03,,86000000
2026-05-28 12:27:34.385,2026/05/28/[$LATEST]188cc19e71ed4e0bb96c479aefb33946,5.28,,86000000
2026-05-28 12:27:34.460,2026/05/28/[$LATEST]188cc19e71ed4e0bb96c479aefb33946,1.93,,86000000
2026-05-28 12:27:34.855,2026/05/28/[$LATEST]188cc19e71ed4e0bb96c479aefb33946,1.9,,86000000
2026-05-28 12:27:34.886,2026/05/28/[$LATEST]15737d93c14242db96065ddfaa294dc4,1.97,,85000000
2026-05-28 12:27:35.330,2026/05/28/[$LATEST]15737d93c14242db96065ddfaa294dc4,1.9,,85000000
2026-05-28 12:27:35.481,2026/05/28/[$LATEST]15737d93c14242db96065ddfaa294dc4,2.26,,85000000
2026-05-28 12:27:35.488,2026/05/28/[$LATEST]188cc19e71ed4e0bb96c479aefb33946,2.33,,86000000
2026-05-28 12:27:35.640,2026/05/28/[$LATEST]15737d93c14242db96065ddfaa294dc4,1.93,,85000000
2026-05-28 12:27:36.137,2026/05/28/[$LATEST]188cc19e71ed4e0bb96c479aefb33946,2.18,,86000000
2026-05-28 12:27:36.217,2026/05/28/[$LATEST]188cc19e71ed4e0bb96c479aefb33946,2.23,,86000000
2026-05-28 12:27:36.243,2026/05/28/[$LATEST]188cc19e71ed4e0bb96c479aefb33946,2.05,,86000000
2026-05-28 12:27:36.298,2026/05/28/[$LATEST]188cc19e71ed4e0bb96c479aefb33946,1.88,,86000000
2026-05-28 12:27:36.404,2026/05/28/[$LATEST]15737d93c14242db96065ddfaa294dc4,1.71,,85000000
2026-05-28 12:27:36.798,2026/05/28/[$LATEST]188cc19e71ed4e0bb96c479aefb33946,1.78,,86000000
2026-05-28 12:27:36.970,2026/05/28/[$LATEST]15737d93c14242db96065ddfaa294dc4,1.58,,85000000
2026-05-28 12:27:37.213,2026/05/28/[$LATEST]15737d93c14242db96065ddfaa294dc4,1.57,,85000000
2026-05-28 12:27:37.717,2026/05/28/[$LATEST]15737d93c14242db96065ddfaa294dc4,4.77,,85000000
2026-05-28 12:27:37.821,2026/05/28/[$LATEST]15737d93c14242db96065ddfaa294dc4,1.77,,85000000
2026-05-28 12:27:37.823,2026/05/28/[$LATEST]188cc19e71ed4e0bb96c479aefb33946,2.05,,86000000
2026-05-28 12:27:37.889,2026/05/28/[$LATEST]188cc19e71ed4e0bb96c479aefb33946,2.31,,86000000
2026-05-28 12:27:38.110,2026/05/28/[$LATEST]188cc19e71ed4e0bb96c479aefb33946,2.28,,86000000
2026-05-28 12:27:38.338,2026/05/28/[$LATEST]188cc19e71ed4e0bb96c479aefb33946,2.13,,86000000
2026-05-28 12:27:38.476,2026/05/28/[$LATEST]188cc19e71ed4e0bb96c479aefb33946,1.63,,86000000
2026-05-28 12:27:38.597,2026/05/28/[$LATEST]15737d93c14242db96065ddfaa294dc4,1.55,,85000000
2026-05-28 12:27:38.612,2026/05/28/[$LATEST]09b41d5fd2894f389e30ae58462b1250,1.87,,85000000
2026-05-28 12:27:39.093,2026/05/28/[$LATEST]09b41d5fd2894f389e30ae58462b1250,6.83,,85000000
2026-05-28 12:27:39.139,2026/05/28/[$LATEST]09b41d5fd2894f389e30ae58462b1250,1.86,,85000000
2026-05-28 12:27:39.369,2026/05/28/[$LATEST]188cc19e71ed4e0bb96c479aefb33946,2.06,,86000000
2026-05-28 12:27:39.461,2026/05/28/[$LATEST]09b41d5fd2894f389e30ae58462b1250,1.88,,85000000
2026-05-28 12:27:39.946,2026/05/28/[$LATEST]188cc19e71ed4e0bb96c479aefb33946,1.88,,86000000
2026-05-28 12:27:39.988,2026/05/28/[$LATEST]09b41d5fd2894f389e30ae58462b1250,1.53,,85000000
2026-05-28 12:27:40.120,2026/05/28/[$LATEST]188cc19e71ed4e0bb96c479aefb33946,1.81,,86000000
2026-05-28 12:27:40.441,2026/05/28/[$LATEST]09b41d5fd2894f389e30ae58462b1250,1.86,,85000000
2026-05-28 12:27:40.452,2026/05/28/[$LATEST]188cc19e71ed4e0bb96c479aefb33946,2.22,,86000000
2026-05-28 12:27:40.553,2026/05/28/[$LATEST]09b41d5fd2894f389e30ae58462b1250,1.79,,85000000
2026-05-28 12:27:40.753,2026/05/28/[$LATEST]09b41d5fd2894f389e30ae58462b1250,1.58,,85000000
2026-05-28 12:27:41.044,2026/05/28/[$LATEST]188cc19e71ed4e0bb96c479aefb33946,3.01,,86000000
2026-05-28 12:27:41.176,2026/05/28/[$LATEST]188cc19e71ed4e0bb96c479aefb33946,2.04,,86000000
2026-05-28 12:27:41.265,2026/05/28/[$LATEST]188cc19e71ed4e0bb96c479aefb33946,1.85,,86000000
2026-05-28 12:27:41.585,2026/05/28/[$LATEST]188cc19e71ed4e0bb96c479aefb33946,1.69,,86000000
2026-05-28 12:27:41.750,2026/05/28/[$LATEST]188cc19e71ed4e0bb96c479aefb33946,1.93,,86000000
2026-05-28 12:27:41.872,2026/05/28/[$LATEST]09b41d5fd2894f389e30ae58462b1250,1.83,,85000000
2026-05-28 12:27:42.086,2026/05/28/[$LATEST]188cc19e71ed4e0bb96c479aefb33946,2.28,,86000000
2026-05-28 12:27:42.105,2026/05/28/[$LATEST]09b41d5fd2894f389e30ae58462b1250,1.8,,85000000
2026-05-28 12:27:42.337,2026/05/28/[$LATEST]09b41d5fd2894f389e30ae58462b1250,1.66,,85000000
2026-05-28 12:27:42.468,2026/05/28/[$LATEST]09b41d5fd2894f389e30ae58462b1250,1.66,,85000000
2026-05-28 12:27:42.504,2026/05/28/[$LATEST]188cc19e71ed4e0bb96c479aefb33946,2,,86000000
2026-05-28 12:27:42.548,2026/05/28/[$LATEST]09b41d5fd2894f389e30ae58462b1250,1.63,,85000000
2026-05-28 12:27:42.835,2026/05/28/[$LATEST]09b41d5fd2894f389e30ae58462b1250,1.8,,85000000
2026-05-28 12:27:43.589,2026/05/28/[$LATEST]188cc19e71ed4e0bb96c479aefb33946,2.11,,86000000
2026-05-28 12:27:43.646,2026/05/28/[$LATEST]188cc19e71ed4e0bb96c479aefb33946,1.82,,86000000
2026-05-28 12:27:43.705,2026/05/28/[$LATEST]09b41d5fd2894f389e30ae58462b1250,2.63,,85000000
2026-05-28 12:27:43.720,2026/05/28/[$LATEST]09b41d5fd2894f389e30ae58462b1250,1.56,,85000000
2026-05-28 12:27:44.063,2026/05/28/[$LATEST]188cc19e71ed4e0bb96c479aefb33946,1.75,,86000000
2026-05-28 12:27:44.079,2026/05/28/[$LATEST]188cc19e71ed4e0bb96c479aefb33946,1.8,,86000000
2026-05-28 12:27:44.120,2026/05/28/[$LATEST]09b41d5fd2894f389e30ae58462b1250,1.93,,85000000
2026-05-28 12:27:44.270,2026/05/28/[$LATEST]188cc19e71ed4e0bb96c479aefb33946,10.32,,86000000
2026-05-28 12:27:44.283,2026/05/28/[$LATEST]2faaf80cfd9d45a1b10ad92bea2bdc23,15.27,,86000000
2026-05-28 12:27:44.546,2026/05/28/[$LATEST]2faaf80cfd9d45a1b10ad92bea2bdc23,1.78,,86000000
2026-05-28 12:27:45.082,2026/05/28/[$LATEST]2faaf80cfd9d45a1b10ad92bea2bdc23,1.73,,86000000
2026-05-28 12:27:45.446,2026/05/28/[$LATEST]09b41d5fd2894f389e30ae58462b1250,2.01,,85000000
2026-05-28 12:27:45.555,2026/05/28/[$LATEST]2faaf80cfd9d45a1b10ad92bea2bdc23,1.97,,86000000
2026-05-28 12:27:45.698,2026/05/28/[$LATEST]09b41d5fd2894f389e30ae58462b1250,1.66,,85000000
2026-05-28 12:27:45.769,2026/05/28/[$LATEST]09b41d5fd2894f389e30ae58462b1250,1.7,,85000000
2026-05-28 12:27:45.838,2026/05/28/[$LATEST]09b41d5fd2894f389e30ae58462b1250,1.7,,85000000
2026-05-28 12:27:45.839,2026/05/28/[$LATEST]15737d93c14242db96065ddfaa294dc4,1.69,,85000000
2026-05-28 12:27:46.058,2026/05/28/[$LATEST]15737d93c14242db96065ddfaa294dc4,1.9,,85000000
2026-05-28 12:27:46.295,2026/05/28/[$LATEST]2faaf80cfd9d45a1b10ad92bea2bdc23,1.81,,86000000
2026-05-28 12:27:46.816,2026/05/28/[$LATEST]15737d93c14242db96065ddfaa294dc4,1.91,,85000000
2026-05-28 12:27:46.955,2026/05/28/[$LATEST]2faaf80cfd9d45a1b10ad92bea2bdc23,1.6,,86000000
2026-05-28 12:27:47.156,2026/05/28/[$LATEST]2faaf80cfd9d45a1b10ad92bea2bdc23,1.86,,86000000
2026-05-28 12:27:47.173,2026/05/28/[$LATEST]2faaf80cfd9d45a1b10ad92bea2bdc23,1.55,,86000000
2026-05-28 12:27:47.387,2026/05/28/[$LATEST]2faaf80cfd9d45a1b10ad92bea2bdc23,1.75,,86000000
2026-05-28 12:27:47.509,2026/05/28/[$LATEST]2faaf80cfd9d45a1b10ad92bea2bdc23,1.66,,86000000
2026-05-28 12:27:47.579,2026/05/28/[$LATEST]2faaf80cfd9d45a1b10ad92bea2bdc23,1.77,,86000000
2026-05-28 12:27:47.636,2026/05/28/[$LATEST]15737d93c14242db96065ddfaa294dc4,1.9,,85000000
2026-05-28 12:27:47.660,2026/05/28/[$LATEST]15737d93c14242db96065ddfaa294dc4,1.87,,85000000
2026-05-28 12:27:47.673,2026/05/28/[$LATEST]15737d93c14242db96065ddfaa294dc4,1.98,,85000000
2026-05-28 12:27:47.973,2026/05/28/[$LATEST]2faaf80cfd9d45a1b10ad92bea2bdc23,2.16,,86000000
2026-05-28 12:27:48.645,2026/05/28/[$LATEST]15737d93c14242db96065ddfaa294dc4,1.81,,85000000
2026-05-28 12:27:49.019,2026/05/28/[$LATEST]2faaf80cfd9d45a1b10ad92bea2bdc23,1.64,,86000000
2026-05-28 12:27:49.059,2026/05/28/[$LATEST]15737d93c14242db96065ddfaa294dc4,1.88,,85000000
2026-05-28 12:27:49.177,2026/05/28/[$LATEST]2faaf80cfd9d45a1b10ad92bea2bdc23,1.74,,86000000
2026-05-28 12:27:49.370,2026/05/28/[$LATEST]15737d93c14242db96065ddfaa294dc4,1.82,,85000000
2026-05-28 12:27:49.444,2026/05/28/[$LATEST]15737d93c14242db96065ddfaa294dc4,1.81,,85000000
2026-05-28 12:27:49.573,2026/05/28/[$LATEST]2faaf80cfd9d45a1b10ad92bea2bdc23,1.36,,86000000
2026-05-28 12:27:49.578,2026/05/28/[$LATEST]188cc19e71ed4e0bb96c479aefb33946,1.92,,86000000
2026-05-28 12:27:50.005,2026/05/28/[$LATEST]188cc19e71ed4e0bb96c479aefb33946,2.18,,86000000
2026-05-28 12:27:50.092,2026/05/28/[$LATEST]15737d93c14242db96065ddfaa294dc4,25.86,,85000000
2026-05-28 12:27:50.751,2026/05/28/[$LATEST]188cc19e71ed4e0bb96c479aefb33946,1.82,,86000000
2026-05-28 12:27:50.759,2026/05/28/[$LATEST]15737d93c14242db96065ddfaa294dc4,1.64,,85000000
2026-05-28 12:27:50.818,2026/05/28/[$LATEST]188cc19e71ed4e0bb96c479aefb33946,2.14,,86000000
2026-05-28 12:27:50.970,2026/05/28/[$LATEST]15737d93c14242db96065ddfaa294dc4,1.84,,85000000
2026-05-28 12:27:51.280,2026/05/28/[$LATEST]15737d93c14242db96065ddfaa294dc4,1.89,,85000000
2026-05-28 12:27:51.307,2026/05/28/[$LATEST]15737d93c14242db96065ddfaa294dc4,1.79,,85000000
2026-05-28 12:27:51.418,2026/05/28/[$LATEST]188cc19e71ed4e0bb96c479aefb33946,2.25,,86000000
2026-05-28 12:27:51.490,2026/05/28/[$LATEST]15737d93c14242db96065ddfaa294dc4,2.2,,85000000
2026-05-28 12:27:51.721,2026/05/28/[$LATEST]15737d93c14242db96065ddfaa294dc4,1.51,,85000000
2026-05-28 12:27:51.782,2026/05/28/[$LATEST]15737d93c14242db96065ddfaa294dc4,1.54,,85000000
2026-05-28 12:27:51.981,2026/05/28/[$LATEST]15737d93c14242db96065ddfaa294dc4,1.61,,85000000
2026-05-28 12:27:52.061,2026/05/28/[$LATEST]188cc19e71ed4e0bb96c479aefb33946,2.08,,86000000
2026-05-28 12:27:52.722,2026/05/28/[$LATEST]15737d93c14242db96065ddfaa294dc4,1.92,,85000000
2026-05-28 12:27:52.741,2026/05/28/[$LATEST]15737d93c14242db96065ddfaa294dc4,1.6,,85000000
2026-05-28 12:27:52.850,2026/05/28/[$LATEST]15737d93c14242db96065ddfaa294dc4,1.75,,85000000
2026-05-28 12:27:52.991,2026/05/28/[$LATEST]15737d93c14242db96065ddfaa294dc4,1.73,,85000000
2026-05-28 12:27:53.264,2026/05/28/[$LATEST]188cc19e71ed4e0bb96c479aefb33946,2.15,,86000000
2026-05-28 12:27:53.330,2026/05/28/[$LATEST]188cc19e71ed4e0bb96c479aefb33946,17.22,,86000000
2026-05-28 12:27:53.718,2026/05/28/[$LATEST]188cc19e71ed4e0bb96c479aefb33946,1.86,,86000000
2026-05-28 12:27:53.766,2026/05/28/[$LATEST]188cc19e71ed4e0bb96c479aefb33946,1.7,,86000000
2026-05-28 12:27:53.785,2026/05/28/[$LATEST]188cc19e71ed4e0bb96c479aefb33946,4.61,,86000000
2026-05-28 12:27:54.076,2026/05/28/[$LATEST]15737d93c14242db96065ddfaa294dc4,1.69,,85000000
2026-05-28 12:27:54.232,2026/05/28/[$LATEST]188cc19e71ed4e0bb96c479aefb33946,2.22,,86000000
2026-05-28 12:27:54.326,2026/05/28/[$LATEST]15737d93c14242db96065ddfaa294dc4,1.83,,85000000
2026-05-28 12:27:54.617,2026/05/28/[$LATEST]15737d93c14242db96065ddfaa294dc4,1.54,,85000000
2026-05-28 12:27:54.646,2026/05/28/[$LATEST]15737d93c14242db96065ddfaa294dc4,1.79,,85000000
2026-05-28 12:27:54.924,2026/05/28/[$LATEST]188cc19e71ed4e0bb96c479aefb33946,2.27,,86000000
2026-05-28 12:27:55.027,2026/05/28/[$LATEST]188cc19e71ed4e0bb96c479aefb33946,2.05,,86000000
2026-05-28 12:27:55.315,2026/05/28/[$LATEST]188cc19e71ed4e0bb96c479aefb33946,2.02,,86000000
2026-05-28 12:27:55.387,2026/05/28/[$LATEST]188cc19e71ed4e0bb96c479aefb33946,1.95,,86000000
2026-05-28 12:27:55.494,2026/05/28/[$LATEST]188cc19e71ed4e0bb96c479aefb33946,1.66,,86000000
2026-05-28 12:27:55.993,2026/05/28/[$LATEST]15737d93c14242db96065ddfaa294dc4,1.98,,85000000
2026-05-28 12:27:56.308,2026/05/28/[$LATEST]188cc19e71ed4e0bb96c479aefb33946,6.26,,86000000
2026-05-28 12:27:56.559,2026/05/28/[$LATEST]188cc19e71ed4e0bb96c479aefb33946,2.24,,86000000
2026-05-28 12:27:56.570,2026/05/28/[$LATEST]15737d93c14242db96065ddfaa294dc4,1.98,,85000000
2026-05-28 12:27:56.590,2026/05/28/[$LATEST]188cc19e71ed4e0bb96c479aefb33946,1.98,,86000000
2026-05-28 12:27:56.783,2026/05/28/[$LATEST]15737d93c14242db96065ddfaa294dc4,2.06,,85000000
2026-05-28 12:27:56.864,2026/05/28/[$LATEST]15737d93c14242db96065ddfaa294dc4,1.8,,85000000
2026-05-28 12:27:57.091,2026/05/28/[$LATEST]188cc19e71ed4e0bb96c479aefb33946,3.42,,86000000
2026-05-28 12:27:57.232,2026/05/28/[$LATEST]15737d93c14242db96065ddfaa294dc4,1.89,,85000000
2026-05-28 12:27:57.280,2026/05/28/[$LATEST]188cc19e71ed4e0bb96c479aefb33946,1.86,,86000000
2026-05-28 12:27:57.542,2026/05/28/[$LATEST]188cc19e71ed4e0bb96c479aefb33946,2.39,,86000000
2026-05-28 12:27:58.091,2026/05/28/[$LATEST]15737d93c14242db96065ddfaa294dc4,1.94,,85000000
2026-05-28 12:27:58.141,2026/05/28/[$LATEST]15737d93c14242db96065ddfaa294dc4,1.7,,85000000
2026-05-28 12:27:58.414,2026/05/28/[$LATEST]188cc19e71ed4e0bb96c479aefb33946,2.37,,86000000
2026-05-28 12:27:58.434,2026/05/28/[$LATEST]188cc19e71ed4e0bb96c479aefb33946,5.27,,86000000
2026-05-28 12:27:58.468,2026/05/28/[$LATEST]188cc19e71ed4e0bb96c479aefb33946,4.72,,86000000
2026-05-28 12:27:58.486,2026/05/28/[$LATEST]15737d93c14242db96065ddfaa294dc4,1.76,,85000000
2026-05-28 12:27:58.769,2026/05/28/[$LATEST]15737d93c14242db96065ddfaa294dc4,3.76,,85000000
2026-05-28 12:27:58.869,2026/05/28/[$LATEST]188cc19e71ed4e0bb96c479aefb33946,2.02,,86000000
2026-05-28 12:27:58.979,2026/05/28/[$LATEST]15737d93c14242db96065ddfaa294dc4,1.86,,85000000
2026-05-28 12:27:59.436,2026/05/28/[$LATEST]15737d93c14242db96065ddfaa294dc4,1.73,,85000000
2026-05-28 12:27:59.793,2026/05/28/[$LATEST]15737d93c14242db96065ddfaa294dc4,1.51,,85000000
2026-05-28 12:27:59.833,2026/05/28/[$LATEST]15737d93c14242db96065ddfaa294dc4,1.9,,85000000
2026-05-28 12:27:59.865,2026/05/28/[$LATEST]188cc19e71ed4e0bb96c479aefb33946,2.21,,86000000
2026-05-28 12:27:59.995,2026/05/28/[$LATEST]188cc19e71ed4e0bb96c479aefb33946,1.79,,86000000
2026-05-28 12:28:00.232,2026/05/28/[$LATEST]15737d93c14242db96065ddfaa294dc4,1.93,,85000000
2026-05-28 12:28:00.558,2026/05/28/[$LATEST]188cc19e71ed4e0bb96c479aefb33946,1.85,,86000000
2026-05-28 12:28:00.623,2026/05/28/[$LATEST]188cc19e71ed4e0bb96c479aefb33946,1.82,,86000000
2026-05-28 12:28:00.697,2026/05/28/[$LATEST]188cc19e71ed4e0bb96c479aefb33946,1.93,,86000000
2026-05-28 12:28:00.989,2026/05/28/[$LATEST]15737d93c14242db96065ddfaa294dc4,1.85,,85000000
2026-05-28 12:28:01.020,2026/05/28/[$LATEST]15737d93c14242db96065ddfaa294dc4,2,,85000000
2026-05-28 12:28:01.565,2026/05/28/[$LATEST]15737d93c14242db96065ddfaa294dc4,1.87,,85000000
2026-05-28 12:28:01.611,2026/05/28/[$LATEST]15737d93c14242db96065ddfaa294dc4,1.72,,85000000
2026-05-28 12:28:01.668,2026/05/28/[$LATEST]188cc19e71ed4e0bb96c479aefb33946,2.13,,86000000
2026-05-28 12:28:01.838,2026/05/28/[$LATEST]15737d93c14242db96065ddfaa294dc4,1.89,,85000000
2026-05-28 12:28:01.996,2026/05/28/[$LATEST]188cc19e71ed4e0bb96c479aefb33946,2.15,,86000000
2026-05-28 12:28:02.039,2026/05/28/[$LATEST]15737d93c14242db96065ddfaa294dc4,1.93,,85000000
2026-05-28 12:28:02.160,2026/05/28/[$LATEST]15737d93c14242db96065ddfaa294dc4,1.82,,85000000
2026-05-28 12:28:02.226,2026/05/28/[$LATEST]15737d93c14242db96065ddfaa294dc4,3.11,,85000000
2026-05-28 12:28:02.265,2026/05/28/[$LATEST]188cc19e71ed4e0bb96c479aefb33946,2.37,,86000000
2026-05-28 12:28:02.892,2026/05/28/[$LATEST]15737d93c14242db96065ddfaa294dc4,1.97,,85000000
2026-05-28 12:28:02.952,2026/05/28/[$LATEST]15737d93c14242db96065ddfaa294dc4,2.36,,85000000
2026-05-28 12:28:03.181,2026/05/28/[$LATEST]188cc19e71ed4e0bb96c479aefb33946,1.87,,86000000
2026-05-28 12:28:03.563,2026/05/28/[$LATEST]15737d93c14242db96065ddfaa294dc4,1.83,,85000000
2026-05-28 12:28:03.704,2026/05/28/[$LATEST]15737d93c14242db96065ddfaa294dc4,1.79,,85000000
2026-05-28 12:28:03.797,2026/05/28/[$LATEST]15737d93c14242db96065ddfaa294dc4,1.85,,85000000
2026-05-28 12:28:03.827,2026/05/28/[$LATEST]15737d93c14242db96065ddfaa294dc4,1.71,,85000000
2026-05-28 12:28:03.971,2026/05/28/[$LATEST]15737d93c14242db96065ddfaa294dc4,1.71,,85000000
2026-05-28 12:28:04.008,2026/05/28/[$LATEST]188cc19e71ed4e0bb96c479aefb33946,1.66,,86000000
2026-05-28 12:28:04.121,2026/05/28/[$LATEST]15737d93c14242db96065ddfaa294dc4,1.74,,85000000
2026-05-28 12:28:04.568,2026/05/28/[$LATEST]15737d93c14242db96065ddfaa294dc4,1.68,,85000000
2026-05-28 12:28:04.617,2026/05/28/[$LATEST]188cc19e71ed4e0bb96c479aefb33946,2.17,,86000000
2026-05-28 12:28:04.692,2026/05/28/[$LATEST]15737d93c14242db96065ddfaa294dc4,1.73,,85000000
2026-05-28 12:28:05.219,2026/05/28/[$LATEST]15737d93c14242db96065ddfaa294dc4,1.51,,85000000
2026-05-28 12:28:05.334,2026/05/28/[$LATEST]15737d93c14242db96065ddfaa294dc4,1.53,,85000000
2026-05-28 12:28:05.605,2026/05/28/[$LATEST]15737d93c14242db96065ddfaa294dc4,1.91,,85000000
2026-05-28 12:28:05.679,2026/05/28/[$LATEST]188cc19e71ed4e0bb96c479aefb33946,1.68,,86000000
2026-05-28 12:28:05.748,2026/05/28/[$LATEST]15737d93c14242db96065ddfaa294dc4,1.81,,85000000
2026-05-28 12:28:06.079,2026/05/28/[$LATEST]188cc19e71ed4e0bb96c479aefb33946,2.1,,86000000
2026-05-28 12:28:06.095,2026/05/28/[$LATEST]15737d93c14242db96065ddfaa294dc4,1.81,,85000000
2026-05-28 12:28:06.152,2026/05/28/[$LATEST]15737d93c14242db96065ddfaa294dc4,1.59,,85000000
2026-05-28 12:28:06.281,2026/05/28/[$LATEST]188cc19e71ed4e0bb96c479aefb33946,8.93,,86000000
2026-05-28 12:28:06.395,2026/05/28/[$LATEST]15737d93c14242db96065ddfaa294dc4,2.03,,85000000
2026-05-28 12:28:06.484,2026/05/28/[$LATEST]15737d93c14242db96065ddfaa294dc4,1.71,,85000000
2026-05-28 12:28:06.908,2026/05/28/[$LATEST]15737d93c14242db96065ddfaa294dc4,1.6,,85000000
2026-05-28 12:28:07.089,2026/05/28/[$LATEST]188cc19e71ed4e0bb96c479aefb33946,2.34,,86000000
2026-05-28 12:28:07.140,2026/05/28/[$LATEST]15737d93c14242db96065ddfaa294dc4,2,,85000000
2026-05-28 12:28:07.552,2026/05/28/[$LATEST]15737d93c14242db96065ddfaa294dc4,1.96,,85000000
2026-05-28 12:28:07.606,2026/05/28/[$LATEST]15737d93c14242db96065ddfaa294dc4,1.67,,85000000
2026-05-28 12:28:07.886,2026/05/28/[$LATEST]15737d93c14242db96065ddfaa294dc4,1.89,,85000000
2026-05-28 12:28:07.937,2026/05/28/[$LATEST]188cc19e71ed4e0bb96c479aefb33946,1.83,,86000000
2026-05-28 12:28:07.941,2026/05/28/[$LATEST]15737d93c14242db96065ddfaa294dc4,1.9,,85000000
2026-05-28 12:28:08.060,2026/05/28/[$LATEST]15737d93c14242db96065ddfaa294dc4,1.65,,85000000
2026-05-28 12:28:08.081,2026/05/28/[$LATEST]188cc19e71ed4e0bb96c479aefb33946,1.96,,86000000
2026-05-28 12:28:08.590,2026/05/28/[$LATEST]188cc19e71ed4e0bb96c479aefb33946,1.85,,86000000
2026-05-28 12:28:08.694,2026/05/28/[$LATEST]15737d93c14242db96065ddfaa294dc4,22.24,,85000000
2026-05-28 12:28:08.829,2026/05/28/[$LATEST]15737d93c14242db96065ddfaa294dc4,2.12,,85000000
2026-05-28 12:28:09.153,2026/05/28/[$LATEST]15737d93c14242db96065ddfaa294dc4,4.54,,85000000
2026-05-28 12:28:09.358,2026/05/28/[$LATEST]15737d93c14242db96065ddfaa294dc4,1.58,,85000000
2026-05-28 12:28:09.589,2026/05/28/[$LATEST]188cc19e71ed4e0bb96c479aefb33946,16.88,,86000000
2026-05-28 12:28:09.601,2026/05/28/[$LATEST]188cc19e71ed4e0bb96c479aefb33946,2.08,,86000000
2026-05-28 12:28:09.723,2026/05/28/[$LATEST]188cc19e71ed4e0bb96c479aefb33946,2,,86000000
2026-05-28 12:28:09.932,2026/05/28/[$LATEST]15737d93c14242db96065ddfaa294dc4,1.95,,85000000
2026-05-28 12:28:10.182,2026/05/28/[$LATEST]188cc19e71ed4e0bb96c479aefb33946,1.94,,86000000
2026-05-28 12:28:10.237,2026/05/28/[$LATEST]188cc19e71ed4e0bb96c479aefb33946,6.01,,86000000
2026-05-28 12:28:10.252,2026/05/28/[$LATEST]15737d93c14242db96065ddfaa294dc4,1.86,,85000000
2026-05-28 12:28:10.974,2026/05/28/[$LATEST]15737d93c14242db96065ddfaa294dc4,1.97,,85000000
2026-05-28 12:28:11.024,2026/05/28/[$LATEST]15737d93c14242db96065ddfaa294dc4,1.87,,85000000
2026-05-28 12:28:11.074,2026/05/28/[$LATEST]15737d93c14242db96065ddfaa294dc4,1.73,,85000000
2026-05-28 12:28:11.305,2026/05/28/[$LATEST]188cc19e71ed4e0bb96c479aefb33946,2.49,,86000000
2026-05-28 12:28:11.388,2026/05/28/[$LATEST]188cc19e71ed4e0bb96c479aefb33946,2.1,,86000000
2026-05-28 12:28:11.595,2026/05/28/[$LATEST]15737d93c14242db96065ddfaa294dc4,2.17,,85000000
2026-05-28 12:28:11.662,2026/05/28/[$LATEST]188cc19e71ed4e0bb96c479aefb33946,1.78,,86000000
2026-05-28 12:28:11.936,2026/05/28/[$LATEST]15737d93c14242db96065ddfaa294dc4,1.95,,85000000
2026-05-28 12:28:11.954,2026/05/28/[$LATEST]15737d93c14242db96065ddfaa294dc4,2.01,,85000000
2026-05-28 12:28:12.236,2026/05/28/[$LATEST]15737d93c14242db96065ddfaa294dc4,53.21,,85000000
2026-05-28 12:28:12.322,2026/05/28/[$LATEST]15737d93c14242db96065ddfaa294dc4,2.04,,85000000
2026-05-28 12:28:13.033,2026/05/28/[$LATEST]188cc19e71ed4e0bb96c479aefb33946,2.19,,86000000
2026-05-28 12:28:13.060,2026/05/28/[$LATEST]15737d93c14242db96065ddfaa294dc4,1.73,,85000000
2026-05-28 12:28:13.190,2026/05/28/[$LATEST]15737d93c14242db96065ddfaa294dc4,1.71,,85000000
2026-05-28 12:28:13.246,2026/05/28/[$LATEST]188cc19e71ed4e0bb96c479aefb33946,1.94,,86000000
2026-05-28 12:28:13.329,2026/05/28/[$LATEST]15737d93c14242db96065ddfaa294dc4,1.81,,85000000
2026-05-28 12:28:13.449,2026/05/28/[$LATEST]15737d93c14242db96065ddfaa294dc4,1.81,,85000000
2026-05-28 12:28:13.571,2026/05/28/[$LATEST]188cc19e71ed4e0bb96c479aefb33946,2.06,,86000000
2026-05-28 12:28:13.606,2026/05/28/[$LATEST]188cc19e71ed4e0bb96c479aefb33946,1.74,,86000000
2026-05-28 12:28:13.693,2026/05/28/[$LATEST]15737d93c14242db96065ddfaa294dc4,1.54,,85000000
2026-05-28 12:28:13.869,2026/05/28/[$LATEST]188cc19e71ed4e0bb96c479aefb33946,1.94,,86000000
2026-05-28 12:28:14.371,2026/05/28/[$LATEST]188cc19e71ed4e0bb96c479aefb33946,2.21,,86000000
2026-05-28 12:28:14.951,2026/05/28/[$LATEST]188cc19e71ed4e0bb96c479aefb33946,1.88,,86000000
2026-05-28 12:28:15.004,2026/05/28/[$LATEST]15737d93c14242db96065ddfaa294dc4,2.06,,85000000
2026-05-28 12:28:15.284,2026/05/28/[$LATEST]188cc19e71ed4e0bb96c479aefb33946,1.86,,86000000
2026-05-28 12:28:15.375,2026/05/28/[$LATEST]15737d93c14242db96065ddfaa294dc4,1.88,,85000000
2026-05-28 12:28:15.399,2026/05/28/[$LATEST]15737d93c14242db96065ddfaa294dc4,1.74,,85000000
2026-05-28 12:28:15.411,2026/05/28/[$LATEST]188cc19e71ed4e0bb96c479aefb33946,1.76,,86000000
2026-05-28 12:28:15.534,2026/05/28/[$LATEST]15737d93c14242db96065ddfaa294dc4,1.69,,85000000
2026-05-28 12:28:15.634,2026/05/28/[$LATEST]188cc19e71ed4e0bb96c479aefb33946,1.99,,86000000
2026-05-28 12:28:15.685,2026/05/28/[$LATEST]15737d93c14242db96065ddfaa294dc4,2.12,,85000000
2026-05-28 12:28:16.336,2026/05/28/[$LATEST]188cc19e71ed4e0bb96c479aefb33946,2.18,,86000000
2026-05-28 12:28:16.393,2026/05/28/[$LATEST]15737d93c14242db96065ddfaa294dc4,33.74,,85000000
2026-05-28 12:28:16.595,2026/05/28/[$LATEST]188cc19e71ed4e0bb96c479aefb33946,1.98,,86000000
2026-05-28 12:28:16.753,2026/05/28/[$LATEST]15737d93c14242db96065ddfaa294dc4,1.69,,85000000
2026-05-28 12:28:16.856,2026/05/28/[$LATEST]15737d93c14242db96065ddfaa294dc4,1.72,,85000000
2026-05-28 12:28:17.104,2026/05/28/[$LATEST]188cc19e71ed4e0bb96c479aefb33946,1.84,,86000000
2026-05-28 12:28:17.296,2026/05/28/[$LATEST]188cc19e71ed4e0bb96c479aefb33946,2.04,,86000000
2026-05-28 12:28:17.313,2026/05/28/[$LATEST]188cc19e71ed4e0bb96c479aefb33946,5.04,,86000000
2026-05-28 12:28:17.534,2026/05/28/[$LATEST]188cc19e71ed4e0bb96c479aefb33946,2.16,,86000000
2026-05-28 12:28:17.551,2026/05/28/[$LATEST]188cc19e71ed4e0bb96c479aefb33946,2.53,,86000000
2026-05-28 12:28:17.582,2026/05/28/[$LATEST]188cc19e71ed4e0bb96c479aefb33946,3.04,,86000000
2026-05-28 12:28:18.232,2026/05/28/[$LATEST]15737d93c14242db96065ddfaa294dc4,2,,85000000
2026-05-28 12:28:18.326,2026/05/28/[$LATEST]15737d93c14242db96065ddfaa294dc4,1.76,,85000000
2026-05-28 12:28:18.399,2026/05/28/[$LATEST]188cc19e71ed4e0bb96c479aefb33946,2.06,,86000000
2026-05-28 12:28:18.652,2026/05/28/[$LATEST]15737d93c14242db96065ddfaa294dc4,9.45,,85000000
2026-05-28 12:28:18.756,2026/05/28/[$LATEST]188cc19e71ed4e0bb96c479aefb33946,3.24,,86000000
2026-05-28 12:28:18.971,2026/05/28/[$LATEST]188cc19e71ed4e0bb96c479aefb33946,2.05,,86000000
2026-05-28 12:28:19.004,2026/05/28/[$LATEST]15737d93c14242db96065ddfaa294dc4,1.76,,85000000
2026-05-28 12:28:19.069,2026/05/28/[$LATEST]188cc19e71ed4e0bb96c479aefb33946,1.87,,86000000
2026-05-28 12:28:19.290,2026/05/28/[$LATEST]15737d93c14242db96065ddfaa294dc4,1.62,,85000000
2026-05-28 12:28:19.451,2026/05/28/[$LATEST]15737d93c14242db96065ddfaa294dc4,1.81,,85000000
2026-05-28 12:28:19.978,2026/05/28/[$LATEST]188cc19e71ed4e0bb96c479aefb33946,2.17,,86000000
2026-05-28 12:28:20.118,2026/05/28/[$LATEST]15737d93c14242db96065ddfaa294dc4,1.68,,85000000
2026-05-28 12:28:20.231,2026/05/28/[$LATEST]188cc19e71ed4e0bb96c479aefb33946,2.17,,86000000
2026-05-28 12:28:20.317,2026/05/28/[$LATEST]15737d93c14242db96065ddfaa294dc4,1.58,,85000000
2026-05-28 12:28:20.347,2026/05/28/[$LATEST]188cc19e71ed4e0bb96c479aefb33946,2.02,,86000000
2026-05-28 12:28:20.481,2026/05/28/[$LATEST]15737d93c14242db96065ddfaa294dc4,1.82,,85000000
2026-05-28 12:28:20.643,2026/05/28/[$LATEST]15737d93c14242db96065ddfaa294dc4,1.78,,85000000
2026-05-28 12:28:20.665,2026/05/28/[$LATEST]15737d93c14242db96065ddfaa294dc4,1.78,,85000000
2026-05-28 12:28:20.914,2026/05/28/[$LATEST]15737d93c14242db96065ddfaa294dc4,1.57,,85000000
2026-05-28 12:28:21.339,2026/05/28/[$LATEST]15737d93c14242db96065ddfaa294dc4,1.96,,85000000
2026-05-28 12:28:21.566,2026/05/28/[$LATEST]15737d93c14242db96065ddfaa294dc4,1.83,,85000000
2026-05-28 12:28:21.752,2026/05/28/[$LATEST]188cc19e71ed4e0bb96c479aefb33946,1.9,,86000000
2026-05-28 12:28:21.839,2026/05/28/[$LATEST]188cc19e71ed4e0bb96c479aefb33946,1.8,,86000000
2026-05-28 12:28:21.884,2026/05/28/[$LATEST]15737d93c14242db96065ddfaa294dc4,1.54,,85000000
2026-05-28 12:28:21.889,2026/05/28/[$LATEST]188cc19e71ed4e0bb96c479aefb33946,1.94,,86000000
2026-05-28 12:28:21.904,2026/05/28/[$LATEST]188cc19e71ed4e0bb96c479aefb33946,1.8,,86000000
2026-05-28 12:28:22.029,2026/05/28/[$LATEST]188cc19e71ed4e0bb96c479aefb33946,1.89,,86000000
2026-05-28 12:28:22.455,2026/05/28/[$LATEST]15737d93c14242db96065ddfaa294dc4,1.57,,85000000
2026-05-28 12:28:22.608,2026/05/28/[$LATEST]188cc19e71ed4e0bb96c479aefb33946,2.56,,86000000
2026-05-28 12:28:23.231,2026/05/28/[$LATEST]15737d93c14242db96065ddfaa294dc4,1.92,,85000000
2026-05-28 12:28:23.257,2026/05/28/[$LATEST]15737d93c14242db96065ddfaa294dc4,1.67,,85000000
2026-05-28 12:28:23.350,2026/05/28/[$LATEST]188cc19e71ed4e0bb96c479aefb33946,20.21,,86000000
2026-05-28 12:28:23.510,2026/05/28/[$LATEST]15737d93c14242db96065ddfaa294dc4,1.58,,85000000
2026-05-28 12:28:23.522,2026/05/28/[$LATEST]09b41d5fd2894f389e30ae58462b1250,2.35,,85000000
2026-05-28 12:28:23.543,2026/05/28/[$LATEST]188cc19e71ed4e0bb96c479aefb33946,1.9,,86000000
2026-05-28 12:28:23.707,2026/05/28/[$LATEST]09b41d5fd2894f389e30ae58462b1250,1.94,,85000000
2026-05-28 12:28:23.948,2026/05/28/[$LATEST]188cc19e71ed4e0bb96c479aefb33946,2.05,,86000000
2026-05-28 12:28:24.083,2026/05/28/[$LATEST]09b41d5fd2894f389e30ae58462b1250,1.85,,85000000
2026-05-28 12:28:24.676,2026/05/28/[$LATEST]09b41d5fd2894f389e30ae58462b1250,1.87,,85000000
2026-05-28 12:28:24.950,2026/05/28/[$LATEST]188cc19e71ed4e0bb96c479aefb33946,13.03,,86000000
2026-05-28 12:28:25.005,2026/05/28/[$LATEST]188cc19e71ed4e0bb96c479aefb33946,2.03,,86000000
2026-05-28 12:28:25.241,2026/05/28/[$LATEST]09b41d5fd2894f389e30ae58462b1250,1.79,,85000000
2026-05-28 12:28:25.319,2026/05/28/[$LATEST]09b41d5fd2894f389e30ae58462b1250,1.71,,85000000
2026-05-28 12:28:25.345,2026/05/28/[$LATEST]188cc19e71ed4e0bb96c479aefb33946,1.79,,86000000
2026-05-28 12:28:25.374,2026/05/28/[$LATEST]09b41d5fd2894f389e30ae58462b1250,1.71,,85000000
2026-05-28 12:28:25.428,2026/05/28/[$LATEST]188cc19e71ed4e0bb96c479aefb33946,2.01,,86000000
2026-05-28 12:28:25.483,2026/05/28/[$LATEST]09b41d5fd2894f389e30ae58462b1250,1.64,,85000000
2026-05-28 12:28:25.648,2026/05/28/[$LATEST]188cc19e71ed4e0bb96c479aefb33946,1.78,,86000000
2026-05-28 12:28:26.750,2026/05/28/[$LATEST]188cc19e71ed4e0bb96c479aefb33946,2.05,,86000000
2026-05-28 12:28:26.841,2026/05/28/[$LATEST]09b41d5fd2894f389e30ae58462b1250,2.04,,85000000
2026-05-28 12:28:26.851,2026/05/28/[$LATEST]188cc19e71ed4e0bb96c479aefb33946,2.11,,86000000
2026-05-28 12:28:26.946,2026/05/28/[$LATEST]09b41d5fd2894f389e30ae58462b1250,1.8,,85000000
2026-05-28 12:28:27.013,2026/05/28/[$LATEST]09b41d5fd2894f389e30ae58462b1250,8.86,,85000000
2026-05-28 12:28:27.160,2026/05/28/[$LATEST]09b41d5fd2894f389e30ae58462b1250,1.62,,85000000
2026-05-28 12:28:27.209,2026/05/28/[$LATEST]188cc19e71ed4e0bb96c479aefb33946,2,,86000000
2026-05-28 12:28:27.212,2026/05/28/[$LATEST]09b41d5fd2894f389e30ae58462b1250,1.65,,85000000
2026-05-28 12:28:27.657,2026/05/28/[$LATEST]09b41d5fd2894f389e30ae58462b1250,1.8,,85000000
2026-05-28 12:28:27.711,2026/05/28/[$LATEST]09b41d5fd2894f389e30ae58462b1250,1.62,,85000000
2026-05-28 12:28:28.421,2026/05/28/[$LATEST]188cc19e71ed4e0bb96c479aefb33946,1.92,,86000000
2026-05-28 12:28:28.470,2026/05/28/[$LATEST]09b41d5fd2894f389e30ae58462b1250,1.96,,85000000
2026-05-28 12:28:28.605,2026/05/28/[$LATEST]09b41d5fd2894f389e30ae58462b1250,1.53,,85000000
2026-05-28 12:28:28.679,2026/05/28/[$LATEST]188cc19e71ed4e0bb96c479aefb33946,3.22,,86000000
2026-05-28 12:28:28.714,2026/05/28/[$LATEST]09b41d5fd2894f389e30ae58462b1250,1.97,,85000000
2026-05-28 12:28:28.816,2026/05/28/[$LATEST]188cc19e71ed4e0bb96c479aefb33946,1.95,,86000000
2026-05-28 12:28:28.864,2026/05/28/[$LATEST]188cc19e71ed4e0bb96c479aefb33946,2.02,,86000000
2026-05-28 12:28:29.214,2026/05/28/[$LATEST]09b41d5fd2894f389e30ae58462b1250,1.54,,85000000
2026-05-28 12:28:29.308,2026/05/28/[$LATEST]09b41d5fd2894f389e30ae58462b1250,1.77,,85000000
2026-05-28 12:28:29.419,2026/05/28/[$LATEST]09b41d5fd2894f389e30ae58462b1250,1.52,,85000000
2026-05-28 12:28:30.044,2026/05/28/[$LATEST]188cc19e71ed4e0bb96c479aefb33946,1.94,,86000000
2026-05-28 12:28:30.262,2026/05/28/[$LATEST]188cc19e71ed4e0bb96c479aefb33946,1.9,,86000000
2026-05-28 12:28:30.274,2026/05/28/[$LATEST]09b41d5fd2894f389e30ae58462b1250,1.83,,85000000
2026-05-28 12:28:30.316,2026/05/28/[$LATEST]09b41d5fd2894f389e30ae58462b1250,1.7,,85000000
2026-05-28 12:28:30.390,2026/05/28/[$LATEST]188cc19e71ed4e0bb96c479aefb33946,1.69,,86000000
2026-05-28 12:28:30.489,2026/05/28/[$LATEST]188cc19e71ed4e0bb96c479aefb33946,1.76,,86000000
2026-05-28 12:28:30.556,2026/05/28/[$LATEST]09b41d5fd2894f389e30ae58462b1250,2.02,,85000000
2026-05-28 12:28:30.738,2026/05/28/[$LATEST]188cc19e71ed4e0bb96c479aefb33946,2.23,,86000000
2026-05-28 12:28:31.022,2026/05/28/[$LATEST]188cc19e71ed4e0bb96c479aefb33946,1.67,,86000000
2026-05-28 12:28:31.413,2026/05/28/[$LATEST]09b41d5fd2894f389e30ae58462b1250,40.98,,85000000
2026-05-28 12:28:31.553,2026/05/28/[$LATEST]09b41d5fd2894f389e30ae58462b1250,1.77,,85000000
2026-05-28 12:28:31.667,2026/05/28/[$LATEST]188cc19e71ed4e0bb96c479aefb33946,2.01,,86000000
2026-05-28 12:28:31.726,2026/05/28/[$LATEST]09b41d5fd2894f389e30ae58462b1250,1.56,,85000000
2026-05-28 12:28:32.252,2026/05/28/[$LATEST]09b41d5fd2894f389e30ae58462b1250,1.93,,85000000
2026-05-28 12:28:32.395,2026/05/28/[$LATEST]09b41d5fd2894f389e30ae58462b1250,1.49,,85000000
2026-05-28 12:28:32.671,2026/05/28/[$LATEST]09b41d5fd2894f389e30ae58462b1250,1.77,,85000000
2026-05-28 12:28:32.687,2026/05/28/[$LATEST]09b41d5fd2894f389e30ae58462b1250,1.6,,85000000
2026-05-28 12:28:32.695,2026/05/28/[$LATEST]188cc19e71ed4e0bb96c479aefb33946,2.27,,86000000
2026-05-28 12:28:32.739,2026/05/28/[$LATEST]09b41d5fd2894f389e30ae58462b1250,1.68,,85000000
2026-05-28 12:28:33.025,2026/05/28/[$LATEST]188cc19e71ed4e0bb96c479aefb33946,2.16,,86000000
2026-05-28 12:28:33.234,2026/05/28/[$LATEST]09b41d5fd2894f389e30ae58462b1250,2.09,,85000000
2026-05-28 12:28:33.292,2026/05/28/[$LATEST]188cc19e71ed4e0bb96c479aefb33946,1.75,,86000000
2026-05-28 12:28:33.717,2026/05/28/[$LATEST]09b41d5fd2894f389e30ae58462b1250,1.81,,85000000
2026-05-28 12:28:34.035,2026/05/28/[$LATEST]09b41d5fd2894f389e30ae58462b1250,1.99,,85000000
2026-05-28 12:28:34.056,2026/05/28/[$LATEST]09b41d5fd2894f389e30ae58462b1250,1.48,,85000000
2026-05-28 12:28:34.157,2026/05/28/[$LATEST]09b41d5fd2894f389e30ae58462b1250,1.76,,85000000
2026-05-28 12:28:34.276,2026/05/28/[$LATEST]188cc19e71ed4e0bb96c479aefb33946,2.08,,86000000
2026-05-28 12:28:34.455,2026/05/28/[$LATEST]188cc19e71ed4e0bb96c479aefb33946,2.12,,86000000
2026-05-28 12:28:34.558,2026/05/28/[$LATEST]09b41d5fd2894f389e30ae58462b1250,1.89,,85000000
2026-05-28 12:28:34.851,2026/05/28/[$LATEST]09b41d5fd2894f389e30ae58462b1250,1.6,,85000000
2026-05-28 12:28:34.935,2026/05/28/[$LATEST]09b41d5fd2894f389e30ae58462b1250,1.71,,85000000
2026-05-28 12:28:35.016,2026/05/28/[$LATEST]09b41d5fd2894f389e30ae58462b1250,1.8,,85000000
2026-05-28 12:28:35.270,2026/05/28/[$LATEST]09b41d5fd2894f389e30ae58462b1250,1.59,,85000000
2026-05-28 12:28:35.709,2026/05/28/[$LATEST]09b41d5fd2894f389e30ae58462b1250,1.64,,85000000
2026-05-28 12:28:35.771,2026/05/28/[$LATEST]09b41d5fd2894f389e30ae58462b1250,1.53,,85000000
2026-05-28 12:28:36.092,2026/05/28/[$LATEST]09b41d5fd2894f389e30ae58462b1250,1.92,,85000000
2026-05-28 12:28:36.202,2026/05/28/[$LATEST]15737d93c14242db96065ddfaa294dc4,2.16,,85000000
2026-05-28 12:28:36.206,2026/05/28/[$LATEST]09b41d5fd2894f389e30ae58462b1250,1.65,,85000000
2026-05-28 12:28:36.415,2026/05/28/[$LATEST]09b41d5fd2894f389e30ae58462b1250,2.02,,85000000
2026-05-28 12:28:36.497,2026/05/28/[$LATEST]188cc19e71ed4e0bb96c479aefb33946,2.51,,86000000
2026-05-28 12:28:36.841,2026/05/28/[$LATEST]188cc19e71ed4e0bb96c479aefb33946,2.23,,86000000
2026-05-28 12:28:36.984,2026/05/28/[$LATEST]09b41d5fd2894f389e30ae58462b1250,1.9,,85000000
2026-05-28 12:28:37.074,2026/05/28/[$LATEST]09b41d5fd2894f389e30ae58462b1250,1.78,,85000000
2026-05-28 12:28:37.481,2026/05/28/[$LATEST]09b41d5fd2894f389e30ae58462b1250,1.82,,85000000
2026-05-28 12:28:37.632,2026/05/28/[$LATEST]188cc19e71ed4e0bb96c479aefb33946,1.8,,86000000
2026-05-28 12:28:37.830,2026/05/28/[$LATEST]09b41d5fd2894f389e30ae58462b1250,1.97,,85000000
2026-05-28 12:28:37.860,2026/05/28/[$LATEST]09b41d5fd2894f389e30ae58462b1250,1.75,,85000000
2026-05-28 12:28:38.011,2026/05/28/[$LATEST]09b41d5fd2894f389e30ae58462b1250,1.49,,85000000
2026-05-28 12:28:38.094,2026/05/28/[$LATEST]09b41d5fd2894f389e30ae58462b1250,24.44,,85000000
2026-05-28 12:28:38.123,2026/05/28/[$LATEST]09b41d5fd2894f389e30ae58462b1250,1.77,,85000000
2026-05-28 12:28:38.563,2026/05/28/[$LATEST]09b41d5fd2894f389e30ae58462b1250,2.03,,85000000
2026-05-28 12:28:38.658,2026/05/28/[$LATEST]09b41d5fd2894f389e30ae58462b1250,1.61,,85000000
2026-05-28 12:28:38.865,2026/05/28/[$LATEST]09b41d5fd2894f389e30ae58462b1250,1.84,,85000000
2026-05-28 12:28:39.259,2026/05/28/[$LATEST]188cc19e71ed4e0bb96c479aefb33946,2.17,,86000000
2026-05-28 12:28:39.413,2026/05/28/[$LATEST]09b41d5fd2894f389e30ae58462b1250,1.71,,85000000
2026-05-28 12:28:39.552,2026/05/28/[$LATEST]188cc19e71ed4e0bb96c479aefb33946,1.76,,86000000
2026-05-28 12:28:39.651,2026/05/28/[$LATEST]09b41d5fd2894f389e30ae58462b1250,1.99,,85000000
2026-05-28 12:28:39.767,2026/05/28/[$LATEST]188cc19e71ed4e0bb96c479aefb33946,1.65,,86000000
2026-05-28 12:28:40.111,2026/05/28/[$LATEST]188cc19e71ed4e0bb96c479aefb33946,1.84,,86000000
2026-05-28 12:28:40.150,2026/05/28/[$LATEST]188cc19e71ed4e0bb96c479aefb33946,1.95,,86000000
2026-05-28 12:28:40.272,2026/05/28/[$LATEST]09b41d5fd2894f389e30ae58462b1250,1.88,,85000000
2026-05-28 12:28:40.369,2026/05/28/[$LATEST]188cc19e71ed4e0bb96c479aefb33946,16.57,,86000000
2026-05-28 12:28:40.587,2026/05/28/[$LATEST]188cc19e71ed4e0bb96c479aefb33946,3.45,,86000000
2026-05-28 12:28:40.926,2026/05/28/[$LATEST]09b41d5fd2894f389e30ae58462b1250,2.01,,85000000
2026-05-28 12:28:40.976,2026/05/28/[$LATEST]188cc19e71ed4e0bb96c479aefb33946,2.08,,86000000
2026-05-28 12:28:41.121,2026/05/28/[$LATEST]09b41d5fd2894f389e30ae58462b1250,1.64,,85000000
2026-05-28 12:28:41.257,2026/05/28/[$LATEST]09b41d5fd2894f389e30ae58462b1250,1.71,,85000000
2026-05-28 12:28:41.868,2026/05/28/[$LATEST]09b41d5fd2894f389e30ae58462b1250,1.79,,85000000
2026-05-28 12:28:41.925,2026/05/28/[$LATEST]09b41d5fd2894f389e30ae58462b1250,1.58,,85000000
2026-05-28 12:28:42.257,2026/05/28/[$LATEST]09b41d5fd2894f389e30ae58462b1250,1.91,,85000000
2026-05-28 12:28:42.271,2026/05/28/[$LATEST]188cc19e71ed4e0bb96c479aefb33946,2.04,,86000000
2026-05-28 12:28:42.413,2026/05/28/[$LATEST]188cc19e71ed4e0bb96c479aefb33946,1.72,,86000000
2026-05-28 12:28:42.414,2026/05/28/[$LATEST]09b41d5fd2894f389e30ae58462b1250,1.64,,85000000
2026-05-28 12:28:42.441,2026/05/28/[$LATEST]188cc19e71ed4e0bb96c479aefb33946,3.78,,86000000
2026-05-28 12:28:42.877,2026/05/28/[$LATEST]188cc19e71ed4e0bb96c479aefb33946,2.15,,86000000
2026-05-28 12:28:43.023,2026/05/28/[$LATEST]188cc19e71ed4e0bb96c479aefb33946,2,,86000000
2026-05-28 12:28:43.446,2026/05/28/[$LATEST]188cc19e71ed4e0bb96c479aefb33946,1.94,,86000000
2026-05-28 12:28:43.511,2026/05/28/[$LATEST]188cc19e71ed4e0bb96c479aefb33946,1.93,,86000000
2026-05-28 12:28:43.743,2026/05/28/[$LATEST]09b41d5fd2894f389e30ae58462b1250,1.69,,85000000
2026-05-28 12:28:43.898,2026/05/28/[$LATEST]188cc19e71ed4e0bb96c479aefb33946,1.99,,86000000
2026-05-28 12:28:43.953,2026/05/28/[$LATEST]09b41d5fd2894f389e30ae58462b1250,1.86,,85000000
2026-05-28 12:28:44.097,2026/05/28/[$LATEST]09b41d5fd2894f389e30ae58462b1250,1.73,,85000000
2026-05-28 12:28:44.291,2026/05/28/[$LATEST]09b41d5fd2894f389e30ae58462b1250,1.86,,85000000
2026-05-28 12:28:44.339,2026/05/28/[$LATEST]188cc19e71ed4e0bb96c479aefb33946,2.02,,86000000
2026-05-28 12:28:44.365,2026/05/28/[$LATEST]09b41d5fd2894f389e30ae58462b1250,1.7,,85000000
2026-05-28 12:28:44.717,2026/05/28/[$LATEST]09b41d5fd2894f389e30ae58462b1250,1.59,,85000000
2026-05-28 12:28:45.361,2026/05/28/[$LATEST]188cc19e71ed4e0bb96c479aefb33946,2.18,,86000000
2026-05-28 12:28:45.459,2026/05/28/[$LATEST]188cc19e71ed4e0bb96c479aefb33946,1.99,,86000000
2026-05-28 12:28:45.530,2026/05/28/[$LATEST]188cc19e71ed4e0bb96c479aefb33946,14.41,,86000000
2026-05-28 12:28:45.588,2026/05/28/[$LATEST]188cc19e71ed4e0bb96c479aefb33946,1.77,,86000000
2026-05-28 12:28:45.797,2026/05/28/[$LATEST]188cc19e71ed4e0bb96c479aefb33946,1.91,,86000000
2026-05-28 12:28:45.866,2026/05/28/[$LATEST]09b41d5fd2894f389e30ae58462b1250,1.65,,85000000
2026-05-28 12:28:45.995,2026/05/28/[$LATEST]09b41d5fd2894f389e30ae58462b1250,1.57,,85000000
2026-05-28 12:28:46.132,2026/05/28/[$LATEST]09b41d5fd2894f389e30ae58462b1250,1.9,,85000000
2026-05-28 12:28:46.299,2026/05/28/[$LATEST]188cc19e71ed4e0bb96c479aefb33946,2.06,,86000000
2026-05-28 12:28:46.773,2026/05/28/[$LATEST]09b41d5fd2894f389e30ae58462b1250,1.85,,85000000
2026-05-28 12:28:46.914,2026/05/28/[$LATEST]188cc19e71ed4e0bb96c479aefb33946,1.83,,86000000
2026-05-28 12:28:47.059,2026/05/28/[$LATEST]188cc19e71ed4e0bb96c479aefb33946,2.01,,86000000
2026-05-28 12:28:47.112,2026/05/28/[$LATEST]09b41d5fd2894f389e30ae58462b1250,1.93,,85000000
2026-05-28 12:28:47.511,2026/05/28/[$LATEST]09b41d5fd2894f389e30ae58462b1250,2.04,,85000000
2026-05-28 12:28:47.795,2026/05/28/[$LATEST]09b41d5fd2894f389e30ae58462b1250,1.83,,85000000
2026-05-28 12:28:47.849,2026/05/28/[$LATEST]09b41d5fd2894f389e30ae58462b1250,1.61,,85000000
2026-05-28 12:28:47.972,2026/05/28/[$LATEST]09b41d5fd2894f389e30ae58462b1250,1.63,,85000000
2026-05-28 12:28:48.136,2026/05/28/[$LATEST]09b41d5fd2894f389e30ae58462b1250,1.9,,85000000
2026-05-28 12:28:48.285,2026/05/28/[$LATEST]09b41d5fd2894f389e30ae58462b1250,1.85,,85000000
2026-05-28 12:28:48.608,2026/05/28/[$LATEST]188cc19e71ed4e0bb96c479aefb33946,1.82,,86000000
2026-05-28 12:28:48.908,2026/05/28/[$LATEST]188cc19e71ed4e0bb96c479aefb33946,1.82,,86000000
2026-05-28 12:28:48.940,2026/05/28/[$LATEST]188cc19e71ed4e0bb96c479aefb33946,1.73,,86000000
2026-05-28 12:28:49.009,2026/05/28/[$LATEST]09b41d5fd2894f389e30ae58462b1250,1.99,,85000000
2026-05-28 12:28:49.075,2026/05/28/[$LATEST]188cc19e71ed4e0bb96c479aefb33946,1.92,,86000000
2026-05-28 12:28:49.631,2026/05/28/[$LATEST]09b41d5fd2894f389e30ae58462b1250,1.78,,85000000
2026-05-28 12:28:49.737,2026/05/28/[$LATEST]188cc19e71ed4e0bb96c479aefb33946,2.19,,86000000
2026-05-28 12:28:49.755,2026/05/28/[$LATEST]188cc19e71ed4e0bb96c479aefb33946,2,,86000000
2026-05-28 12:28:49.829,2026/05/28/[$LATEST]188cc19e71ed4e0bb96c479aefb33946,31.67,,86000000
2026-05-28 12:28:50.094,2026/05/28/[$LATEST]188cc19e71ed4e0bb96c479aefb33946,1.99,,86000000
2026-05-28 12:28:50.516,2026/05/28/[$LATEST]188cc19e71ed4e0bb96c479aefb33946,1.85,,86000000
2026-05-28 12:28:50.600,2026/05/28/[$LATEST]188cc19e71ed4e0bb96c479aefb33946,2.16,,86000000
2026-05-28 12:28:50.936,2026/05/28/[$LATEST]09b41d5fd2894f389e30ae58462b1250,1.74,,85000000
2026-05-28 12:28:50.954,2026/05/28/[$LATEST]09b41d5fd2894f389e30ae58462b1250,4.12,,85000000
2026-05-28 12:28:51.117,2026/05/28/[$LATEST]09b41d5fd2894f389e30ae58462b1250,1.87,,85000000
2026-05-28 12:28:51.142,2026/05/28/[$LATEST]09b41d5fd2894f389e30ae58462b1250,2.36,,85000000
2026-05-28 12:28:51.448,2026/05/28/[$LATEST]188cc19e71ed4e0bb96c479aefb33946,2.06,,86000000
2026-05-28 12:28:51.467,2026/05/28/[$LATEST]188cc19e71ed4e0bb96c479aefb33946,2.01,,86000000
2026-05-28 12:28:51.541,2026/05/28/[$LATEST]188cc19e71ed4e0bb96c479aefb33946,1.96,,86000000
2026-05-28 12:28:51.837,2026/05/28/[$LATEST]188cc19e71ed4e0bb96c479aefb33946,1.74,,86000000
2026-05-28 12:28:52.311,2026/05/28/[$LATEST]09b41d5fd2894f389e30ae58462b1250,1.76,,85000000
2026-05-28 12:28:52.579,2026/05/28/[$LATEST]188cc19e71ed4e0bb96c479aefb33946,2.23,,86000000
2026-05-28 12:28:52.627,2026/05/28/[$LATEST]188cc19e71ed4e0bb96c479aefb33946,1.86,,86000000
2026-05-28 12:28:52.821,2026/05/28/[$LATEST]09b41d5fd2894f389e30ae58462b1250,1.73,,85000000
2026-05-28 12:28:52.827,2026/05/28/[$LATEST]188cc19e71ed4e0bb96c479aefb33946,1.75,,86000000
2026-05-28 12:28:53.155,2026/05/28/[$LATEST]09b41d5fd2894f389e30ae58462b1250,1.51,,85000000
2026-05-28 12:28:53.470,2026/05/28/[$LATEST]188cc19e71ed4e0bb96c479aefb33946,1.99,,86000000
2026-05-28 12:28:53.553,2026/05/28/[$LATEST]09b41d5fd2894f389e30ae58462b1250,2.02,,85000000
2026-05-28 12:28:53.653,2026/05/28/[$LATEST]09b41d5fd2894f389e30ae58462b1250,1.65,,85000000
2026-05-28 12:28:53.755,2026/05/28/[$LATEST]188cc19e71ed4e0bb96c479aefb33946,2.06,,86000000
2026-05-28 12:28:54.396,2026/05/28/[$LATEST]188cc19e71ed4e0bb96c479aefb33946,1.97,,86000000
2026-05-28 12:28:54.434,2026/05/28/[$LATEST]09b41d5fd2894f389e30ae58462b1250,1.89,,85000000
2026-05-28 12:28:54.485,2026/05/28/[$LATEST]09b41d5fd2894f389e30ae58462b1250,1.78,,85000000
2026-05-28 12:28:54.788,2026/05/28/[$LATEST]09b41d5fd2894f389e30ae58462b1250,1.9,,85000000
2026-05-28 12:28:54.947,2026/05/28/[$LATEST]09b41d5fd2894f389e30ae58462b1250,1.68,,85000000
2026-05-28 12:28:55.073,2026/05/28/[$LATEST]188cc19e71ed4e0bb96c479aefb33946,2.04,,86000000
2026-05-28 12:28:55.278,2026/05/28/[$LATEST]188cc19e71ed4e0bb96c479aefb33946,1.72,,86000000
2026-05-28 12:28:55.585,2026/05/28/[$LATEST]09b41d5fd2894f389e30ae58462b1250,1.56,,85000000
2026-05-28 12:28:55.652,2026/05/28/[$LATEST]188cc19e71ed4e0bb96c479aefb33946,2.07,,86000000
2026-05-28 12:28:55.691,2026/05/28/[$LATEST]09b41d5fd2894f389e30ae58462b1250,1.57,,85000000
2026-05-28 12:28:55.788,2026/05/28/[$LATEST]188cc19e71ed4e0bb96c479aefb33946,1.95,,86000000
2026-05-28 12:28:55.932,2026/05/28/[$LATEST]09b41d5fd2894f389e30ae58462b1250,1.85,,85000000
2026-05-28 12:28:56.117,2026/05/28/[$LATEST]188cc19e71ed4e0bb96c479aefb33946,2.04,,86000000
2026-05-28 12:28:56.287,2026/05/28/[$LATEST]188cc19e71ed4e0bb96c479aefb33946,1.79,,86000000
2026-05-28 12:28:56.522,2026/05/28/[$LATEST]188cc19e71ed4e0bb96c479aefb33946,2.05,,86000000
2026-05-28 12:28:56.683,2026/05/28/[$LATEST]09b41d5fd2894f389e30ae58462b1250,1.54,,85000000
2026-05-28 12:28:57.038,2026/05/28/[$LATEST]09b41d5fd2894f389e30ae58462b1250,1.94,,85000000
2026-05-28 12:28:57.173,2026/05/28/[$LATEST]188cc19e71ed4e0bb96c479aefb33946,2.32,,86000000
2026-05-28 12:28:57.236,2026/05/28/[$LATEST]09b41d5fd2894f389e30ae58462b1250,1.88,,85000000
2026-05-28 12:28:57.679,2026/05/28/[$LATEST]09b41d5fd2894f389e30ae58462b1250,1.87,,85000000
2026-05-28 12:28:57.748,2026/05/28/[$LATEST]188cc19e71ed4e0bb96c479aefb33946,1.95,,86000000
2026-05-28 12:28:57.908,2026/05/28/[$LATEST]09b41d5fd2894f389e30ae58462b1250,1.6,,85000000
2026-05-28 12:28:58.030,2026/05/28/[$LATEST]09b41d5fd2894f389e30ae58462b1250,2.96,,85000000
2026-05-28 12:28:58.144,2026/05/28/[$LATEST]188cc19e71ed4e0bb96c479aefb33946,2.51,,86000000
2026-05-28 12:28:58.222,2026/05/28/[$LATEST]09b41d5fd2894f389e30ae58462b1250,1.57,,85000000
2026-05-28 12:28:58.243,2026/05/28/[$LATEST]09b41d5fd2894f389e30ae58462b1250,1.68,,85000000
2026-05-28 12:28:58.680,2026/05/28/[$LATEST]188cc19e71ed4e0bb96c479aefb33946,2.13,,86000000
2026-05-28 12:28:59.063,2026/05/28/[$LATEST]09b41d5fd2894f389e30ae58462b1250,1.79,,85000000
2026-05-28 12:28:59.274,2026/05/28/[$LATEST]188cc19e71ed4e0bb96c479aefb33946,1.73,,86000000
2026-05-28 12:28:59.628,2026/05/28/[$LATEST]188cc19e71ed4e0bb96c479aefb33946,16.06,,86000000
2026-05-28 12:28:59.718,2026/05/28/[$LATEST]09b41d5fd2894f389e30ae58462b1250,1.66,,85000000
2026-05-28 12:28:59.748,2026/05/28/[$LATEST]09b41d5fd2894f389e30ae58462b1250,1.65,,85000000
2026-05-28 12:28:59.831,2026/05/28/[$LATEST]188cc19e71ed4e0bb96c479aefb33946,2.22,,86000000
2026-05-28 12:28:59.959,2026/05/28/[$LATEST]09b41d5fd2894f389e30ae58462b1250,1.79,,85000000
2026-05-28 12:29:00.013,2026/05/28/[$LATEST]188cc19e71ed4e0bb96c479aefb33946,2.4,,86000000
2026-05-28 12:29:00.310,2026/05/28/[$LATEST]09b41d5fd2894f389e30ae58462b1250,1.62,,85000000
2026-05-28 12:29:00.929,2026/05/28/[$LATEST]09b41d5fd2894f389e30ae58462b1250,1.96,,85000000
2026-05-28 12:29:00.995,2026/05/28/[$LATEST]09b41d5fd2894f389e30ae58462b1250,1.49,,85000000
2026-05-28 12:29:01.122,2026/05/28/[$LATEST]09b41d5fd2894f389e30ae58462b1250,1.59,,85000000
2026-05-28 12:29:01.208,2026/05/28/[$LATEST]188cc19e71ed4e0bb96c479aefb33946,1.77,,86000000
2026-05-28 12:29:01.232,2026/05/28/[$LATEST]09b41d5fd2894f389e30ae58462b1250,1.69,,85000000
2026-05-28 12:29:01.311,2026/05/28/[$LATEST]09b41d5fd2894f389e30ae58462b1250,1.59,,85000000
2026-05-28 12:29:01.567,2026/05/28/[$LATEST]188cc19e71ed4e0bb96c479aefb33946,2.04,,86000000
2026-05-28 12:29:01.642,2026/05/28/[$LATEST]188cc19e71ed4e0bb96c479aefb33946,3.9,,86000000
2026-05-28 12:29:01.868,2026/05/28/[$LATEST]188cc19e71ed4e0bb96c479aefb33946,2.16,,86000000
2026-05-28 12:29:02.464,2026/05/28/[$LATEST]188cc19e71ed4e0bb96c479aefb33946,1.69,,86000000
2026-05-28 12:29:02.546,2026/05/28/[$LATEST]188cc19e71ed4e0bb96c479aefb33946,1.98,,86000000
2026-05-28 12:29:02.626,2026/05/28/[$LATEST]188cc19e71ed4e0bb96c479aefb33946,1.81,,86000000
2026-05-28 12:29:02.799,2026/05/28/[$LATEST]09b41d5fd2894f389e30ae58462b1250,1.97,,85000000
2026-05-28 12:29:02.840,2026/05/28/[$LATEST]09b41d5fd2894f389e30ae58462b1250,1.56,,85000000
2026-05-28 12:29:02.895,2026/05/28/[$LATEST]188cc19e71ed4e0bb96c479aefb33946,2.1,,86000000
2026-05-28 12:29:02.897,2026/05/28/[$LATEST]09b41d5fd2894f389e30ae58462b1250,1.55,,85000000
2026-05-28 12:29:03.198,2026/05/28/[$LATEST]09b41d5fd2894f389e30ae58462b1250,2.01,,85000000
2026-05-28 12:29:03.248,2026/05/28/[$LATEST]188cc19e71ed4e0bb96c479aefb33946,14.52,,86000000
2026-05-28 12:29:03.897,2026/05/28/[$LATEST]09b41d5fd2894f389e30ae58462b1250,1.66,,85000000
2026-05-28 12:29:04.297,2026/05/28/[$LATEST]188cc19e71ed4e0bb96c479aefb33946,4.3,,86000000
2026-05-28 12:29:04.338,2026/05/28/[$LATEST]188cc19e71ed4e0bb96c479aefb33946,1.8,,86000000
2026-05-28 12:29:04.453,2026/05/28/[$LATEST]09b41d5fd2894f389e30ae58462b1250,2.25,,85000000
2026-05-28 12:29:04.549,2026/05/28/[$LATEST]09b41d5fd2894f389e30ae58462b1250,1.58,,85000000
2026-05-28 12:29:04.897,2026/05/28/[$LATEST]188cc19e71ed4e0bb96c479aefb33946,1.98,,86000000
2026-05-28 12:29:04.947,2026/05/28/[$LATEST]09b41d5fd2894f389e30ae58462b1250,1.53,,85000000
2026-05-28 12:29:05.059,2026/05/28/[$LATEST]188cc19e71ed4e0bb96c479aefb33946,1.87,,86000000
2026-05-28 12:29:05.088,2026/05/28/[$LATEST]09b41d5fd2894f389e30ae58462b1250,1.53,,85000000
2026-05-28 12:29:05.289,2026/05/28/[$LATEST]09b41d5fd2894f389e30ae58462b1250,1.59,,85000000
2026-05-28 12:29:05.494,2026/05/28/[$LATEST]188cc19e71ed4e0bb96c479aefb33946,2.05,,86000000
2026-05-28 12:29:06.026,2026/05/28/[$LATEST]09b41d5fd2894f389e30ae58462b1250,2.03,,85000000
2026-05-28 12:29:06.237,2026/05/28/[$LATEST]188cc19e71ed4e0bb96c479aefb33946,1.95,,86000000
2026-05-28 12:29:06.295,2026/05/28/[$LATEST]09b41d5fd2894f389e30ae58462b1250,1.68,,85000000
2026-05-28 12:29:06.474,2026/05/28/[$LATEST]188cc19e71ed4e0bb96c479aefb33946,2.28,,86000000
2026-05-28 12:29:06.561,2026/05/28/[$LATEST]09b41d5fd2894f389e30ae58462b1250,1.74,,85000000
2026-05-28 12:29:06.616,2026/05/28/[$LATEST]09b41d5fd2894f389e30ae58462b1250,1.81,,85000000
2026-05-28 12:29:06.661,2026/05/28/[$LATEST]09b41d5fd2894f389e30ae58462b1250,1.73,,85000000
2026-05-28 12:29:07.228,2026/05/28/[$LATEST]188cc19e71ed4e0bb96c479aefb33946,2.17,,86000000
2026-05-28 12:29:07.419,2026/05/28/[$LATEST]188cc19e71ed4e0bb96c479aefb33946,1.67,,86000000
2026-05-28 12:29:07.550,2026/05/28/[$LATEST]09b41d5fd2894f389e30ae58462b1250,2.16,,85000000
2026-05-28 12:29:07.678,2026/05/28/[$LATEST]09b41d5fd2894f389e30ae58462b1250,1.64,,85000000
2026-05-28 12:29:07.948,2026/05/28/[$LATEST]188cc19e71ed4e0bb96c479aefb33946,3.15,,86000000
2026-05-28 12:29:08.132,2026/05/28/[$LATEST]09b41d5fd2894f389e30ae58462b1250,2.87,,85000000
2026-05-28 12:29:08.199,2026/05/28/[$LATEST]188cc19e71ed4e0bb96c479aefb33946,2.27,,86000000
2026-05-28 12:29:08.329,2026/05/28/[$LATEST]188cc19e71ed4e0bb96c479aefb33946,1.79,,86000000
2026-05-28 12:29:08.353,2026/05/28/[$LATEST]09b41d5fd2894f389e30ae58462b1250,14.66,,85000000
2026-05-28 12:29:08.734,2026/05/28/[$LATEST]188cc19e71ed4e0bb96c479aefb33946,5.77,,86000000
2026-05-28 12:29:08.874,2026/05/28/[$LATEST]09b41d5fd2894f389e30ae58462b1250,13.38,,85000000
2026-05-28 12:29:08.901,2026/05/28/[$LATEST]09b41d5fd2894f389e30ae58462b1250,1.88,,85000000
2026-05-28 12:29:09.029,2026/05/28/[$LATEST]09b41d5fd2894f389e30ae58462b1250,3.88,,85000000
2026-05-28 12:29:09.069,2026/05/28/[$LATEST]188cc19e71ed4e0bb96c479aefb33946,8.4,,86000000
2026-05-28 12:29:09.468,2026/05/28/[$LATEST]188cc19e71ed4e0bb96c479aefb33946,5.83,,86000000
2026-05-28 12:29:09.731,2026/05/28/[$LATEST]09b41d5fd2894f389e30ae58462b1250,2,,85000000
2026-05-28 12:29:10.204,2026/05/28/[$LATEST]09b41d5fd2894f389e30ae58462b1250,1.72,,85000000
2026-05-28 12:29:10.209,2026/05/28/[$LATEST]188cc19e71ed4e0bb96c479aefb33946,10.12,,86000000
2026-05-28 12:29:10.430,2026/05/28/[$LATEST]09b41d5fd2894f389e30ae58462b1250,1.59,,85000000
2026-05-28 12:29:10.438,2026/05/28/[$LATEST]09b41d5fd2894f389e30ae58462b1250,1.64,,85000000
2026-05-28 12:29:10.522,2026/05/28/[$LATEST]09b41d5fd2894f389e30ae58462b1250,1.81,,85000000
2026-05-28 12:29:10.558,2026/05/28/[$LATEST]188cc19e71ed4e0bb96c479aefb33946,4.52,,86000000
2026-05-28 12:29:10.852,2026/05/28/[$LATEST]188cc19e71ed4e0bb96c479aefb33946,1.84,,86000000
2026-05-28 12:29:10.967,2026/05/28/[$LATEST]188cc19e71ed4e0bb96c479aefb33946,2.06,,86000000
2026-05-28 12:29:11.132,2026/05/28/[$LATEST]09b41d5fd2894f389e30ae58462b1250,1.86,,85000000
2026-05-28 12:29:11.154,2026/05/28/[$LATEST]188cc19e71ed4e0bb96c479aefb33946,2.23,,86000000
2026-05-28 12:29:11.597,2026/05/28/[$LATEST]09b41d5fd2894f389e30ae58462b1250,2.02,,85000000
2026-05-28 12:29:11.640,2026/05/28/[$LATEST]09b41d5fd2894f389e30ae58462b1250,1.57,,85000000
2026-05-28 12:29:11.875,2026/05/28/[$LATEST]09b41d5fd2894f389e30ae58462b1250,1.8,,85000000
2026-05-28 12:29:11.969,2026/05/28/[$LATEST]09b41d5fd2894f389e30ae58462b1250,1.49,,85000000
2026-05-28 12:29:12.126,2026/05/28/[$LATEST]09b41d5fd2894f389e30ae58462b1250,1.54,,85000000
2026-05-28 12:29:12.318,2026/05/28/[$LATEST]188cc19e71ed4e0bb96c479aefb33946,1.98,,86000000
2026-05-28 12:29:12.359,2026/05/28/[$LATEST]09b41d5fd2894f389e30ae58462b1250,1.52,,85000000
2026-05-28 12:29:12.770,2026/05/28/[$LATEST]188cc19e71ed4e0bb96c479aefb33946,1.69,,86000000
2026-05-28 12:29:12.882,2026/05/28/[$LATEST]09b41d5fd2894f389e30ae58462b1250,1.93,,85000000
2026-05-28 12:29:13.018,2026/05/28/[$LATEST]09b41d5fd2894f389e30ae58462b1250,1.55,,85000000
2026-05-28 12:29:13.182,2026/05/28/[$LATEST]188cc19e71ed4e0bb96c479aefb33946,1.96,,86000000
2026-05-28 12:29:13.265,2026/05/28/[$LATEST]09b41d5fd2894f389e30ae58462b1250,1.58,,85000000
2026-05-28 12:29:13.964,2026/05/28/[$LATEST]188cc19e71ed4e0bb96c479aefb33946,1.83,,86000000
2026-05-28 12:29:14.036,2026/05/28/[$LATEST]09b41d5fd2894f389e30ae58462b1250,1.74,,85000000
2026-05-28 12:29:14.072,2026/05/28/[$LATEST]09b41d5fd2894f389e30ae58462b1250,1.64,,85000000
2026-05-28 12:29:14.114,2026/05/28/[$LATEST]188cc19e71ed4e0bb96c479aefb33946,1.69,,86000000
2026-05-28 12:29:14.233,2026/05/28/[$LATEST]09b41d5fd2894f389e30ae58462b1250,1.68,,85000000
2026-05-28 12:29:14.382,2026/05/28/[$LATEST]09b41d5fd2894f389e30ae58462b1250,1.7,,85000000
2026-05-28 12:29:14.485,2026/05/28/[$LATEST]09b41d5fd2894f389e30ae58462b1250,2.6,,85000000
2026-05-28 12:29:14.841,2026/05/28/[$LATEST]188cc19e71ed4e0bb96c479aefb33946,1.71,,86000000
2026-05-28 12:29:15.431,2026/05/28/[$LATEST]188cc19e71ed4e0bb96c479aefb33946,1.96,,86000000
2026-05-28 12:29:15.462,2026/05/28/[$LATEST]09b41d5fd2894f389e30ae58462b1250,1.73,,85000000
2026-05-28 12:29:15.510,2026/05/28/[$LATEST]188cc19e71ed4e0bb96c479aefb33946,1.78,,86000000
2026-05-28 12:29:15.600,2026/05/28/[$LATEST]188cc19e71ed4e0bb96c479aefb33946,1.75,,86000000
2026-05-28 12:29:15.642,2026/05/28/[$LATEST]188cc19e71ed4e0bb96c479aefb33946,1.98,,86000000
2026-05-28 12:29:15.811,2026/05/28/[$LATEST]09b41d5fd2894f389e30ae58462b1250,2.04,,85000000
2026-05-28 12:29:15.875,2026/05/28/[$LATEST]09b41d5fd2894f389e30ae58462b1250,1.57,,85000000
2026-05-28 12:29:16.376,2026/05/28/[$LATEST]188cc19e71ed4e0bb96c479aefb33946,1.77,,86000000
2026-05-28 12:29:16.501,2026/05/28/[$LATEST]09b41d5fd2894f389e30ae58462b1250,1.97,,85000000
2026-05-28 12:29:16.555,2026/05/28/[$LATEST]188cc19e71ed4e0bb96c479aefb33946,2.08,,86000000
2026-05-28 12:29:16.945,2026/05/28/[$LATEST]188cc19e71ed4e0bb96c479aefb33946,1.71,,86000000
2026-05-28 12:29:17.176,2026/05/28/[$LATEST]188cc19e71ed4e0bb96c479aefb33946,2.45,,86000000
2026-05-28 12:29:17.247,2026/05/28/[$LATEST]188cc19e71ed4e0bb96c479aefb33946,1.98,,86000000
2026-05-28 12:29:17.323,2026/05/28/[$LATEST]188cc19e71ed4e0bb96c479aefb33946,2.08,,86000000
2026-05-28 12:29:17.467,2026/05/28/[$LATEST]188cc19e71ed4e0bb96c479aefb33946,1.74,,86000000
2026-05-28 12:29:17.542,2026/05/28/[$LATEST]188cc19e71ed4e0bb96c479aefb33946,1.87,,86000000
2026-05-28 12:29:17.784,2026/05/28/[$LATEST]09b41d5fd2894f389e30ae58462b1250,1.54,,85000000
2026-05-28 12:29:17.911,2026/05/28/[$LATEST]188cc19e71ed4e0bb96c479aefb33946,2.06,,86000000
2026-05-28 12:29:17.962,2026/05/28/[$LATEST]188cc19e71ed4e0bb96c479aefb33946,1.85,,86000000
2026-05-28 12:29:18.316,2026/05/28/[$LATEST]188cc19e71ed4e0bb96c479aefb33946,1.71,,86000000
2026-05-28 12:29:18.442,2026/05/28/[$LATEST]188cc19e71ed4e0bb96c479aefb33946,1.86,,86000000
2026-05-28 12:29:18.476,2026/05/28/[$LATEST]188cc19e71ed4e0bb96c479aefb33946,2.13,,86000000
2026-05-28 12:29:18.519,2026/05/28/[$LATEST]188cc19e71ed4e0bb96c479aefb33946,1.77,,86000000
2026-05-28 12:29:18.820,2026/05/28/[$LATEST]188cc19e71ed4e0bb96c479aefb33946,1.93,,86000000
2026-05-28 12:29:19.114,2026/05/28/[$LATEST]09b41d5fd2894f389e30ae58462b1250,1.7,,85000000
2026-05-28 12:29:19.216,2026/05/28/[$LATEST]188cc19e71ed4e0bb96c479aefb33946,1.78,,86000000
2026-05-28 12:29:19.409,2026/05/28/[$LATEST]188cc19e71ed4e0bb96c479aefb33946,2.09,,86000000
2026-05-28 12:29:19.454,2026/05/28/[$LATEST]188cc19e71ed4e0bb96c479aefb33946,1.61,,86000000
2026-05-28 12:29:19.838,2026/05/28/[$LATEST]09b41d5fd2894f389e30ae58462b1250,1.89,,85000000
2026-05-28 12:29:19.964,2026/05/28/[$LATEST]09b41d5fd2894f389e30ae58462b1250,1.55,,85000000
2026-05-28 12:29:20.009,2026/05/28/[$LATEST]09b41d5fd2894f389e30ae58462b1250,1.79,,85000000
2026-05-28 12:29:20.009,2026/05/28/[$LATEST]188cc19e71ed4e0bb96c479aefb33946,1.75,,86000000
2026-05-28 12:29:20.706,2026/05/28/[$LATEST]188cc19e71ed4e0bb96c479aefb33946,1.95,,86000000
2026-05-28 12:29:20.791,2026/05/28/[$LATEST]09b41d5fd2894f389e30ae58462b1250,2.11,,85000000
2026-05-28 12:29:20.842,2026/05/28/[$LATEST]188cc19e71ed4e0bb96c479aefb33946,1.73,,86000000
2026-05-28 12:29:21.007,2026/05/28/[$LATEST]188cc19e71ed4e0bb96c479aefb33946,2.12,,86000000
2026-05-28 12:29:21.022,2026/05/28/[$LATEST]09b41d5fd2894f389e30ae58462b1250,1.94,,85000000
2026-05-28 12:29:21.113,2026/05/28/[$LATEST]188cc19e71ed4e0bb96c479aefb33946,1.82,,86000000
2026-05-28 12:29:21.610,2026/05/28/[$LATEST]188cc19e71ed4e0bb96c479aefb33946,1.7,,86000000
2026-05-28 12:29:21.676,2026/05/28/[$LATEST]188cc19e71ed4e0bb96c479aefb33946,1.87,,86000000
2026-05-28 12:29:21.740,2026/05/28/[$LATEST]188cc19e71ed4e0bb96c479aefb33946,1.74,,86000000
2026-05-28 12:29:22.259,2026/05/28/[$LATEST]09b41d5fd2894f389e30ae58462b1250,1.86,,85000000
2026-05-28 12:29:22.312,2026/05/28/[$LATEST]09b41d5fd2894f389e30ae58462b1250,1.51,,85000000
2026-05-28 12:29:22.514,2026/05/28/[$LATEST]09b41d5fd2894f389e30ae58462b1250,1.99,,85000000
2026-05-28 12:29:22.539,2026/05/28/[$LATEST]09b41d5fd2894f389e30ae58462b1250,1.49,,85000000
2026-05-28 12:29:22.725,2026/05/28/[$LATEST]188cc19e71ed4e0bb96c479aefb33946,2.4,,86000000
2026-05-28 12:29:22.731,2026/05/28/[$LATEST]09b41d5fd2894f389e30ae58462b1250,1.76,,85000000
2026-05-28 12:29:22.839,2026/05/28/[$LATEST]188cc19e71ed4e0bb96c479aefb33946,2.16,,86000000
2026-05-28 12:29:22.852,2026/05/28/[$LATEST]2faaf80cfd9d45a1b10ad92bea2bdc23,2.84,,86000000
2026-05-28 12:29:22.888,2026/05/28/[$LATEST]2faaf80cfd9d45a1b10ad92bea2bdc23,1.57,,86000000
2026-05-28 12:29:23.189,2026/05/28/[$LATEST]09b41d5fd2894f389e30ae58462b1250,1.96,,85000000
2026-05-28 12:29:23.685,2026/05/28/[$LATEST]09b41d5fd2894f389e30ae58462b1250,2.42,,85000000
2026-05-28 12:29:24.010,2026/05/28/[$LATEST]09b41d5fd2894f389e30ae58462b1250,1.61,,85000000
2026-05-28 12:29:24.165,2026/05/28/[$LATEST]2faaf80cfd9d45a1b10ad92bea2bdc23,1.56,,86000000
2026-05-28 12:29:24.434,2026/05/28/[$LATEST]09b41d5fd2894f389e30ae58462b1250,1.58,,85000000
2026-05-28 12:29:24.528,2026/05/28/[$LATEST]2faaf80cfd9d45a1b10ad92bea2bdc23,3.55,,86000000
2026-05-28 12:29:24.639,2026/05/28/[$LATEST]2faaf80cfd9d45a1b10ad92bea2bdc23,1.62,,86000000
2026-05-28 12:29:24.713,2026/05/28/[$LATEST]09b41d5fd2894f389e30ae58462b1250,28.52,,85000000
2026-05-28 12:29:24.850,2026/05/28/[$LATEST]09b41d5fd2894f389e30ae58462b1250,1.75,,85000000
2026-05-28 12:29:24.944,2026/05/28/[$LATEST]2faaf80cfd9d45a1b10ad92bea2bdc23,1.87,,86000000
2026-05-28 12:29:25.034,2026/05/28/[$LATEST]09b41d5fd2894f389e30ae58462b1250,2.05,,85000000
2026-05-28 12:29:25.190,2026/05/28/[$LATEST]2faaf80cfd9d45a1b10ad92bea2bdc23,1.97,,86000000
2026-05-28 12:29:25.418,2026/05/28/[$LATEST]2faaf80cfd9d45a1b10ad92bea2bdc23,1.93,,86000000
2026-05-28 12:29:26.001,2026/05/28/[$LATEST]09b41d5fd2894f389e30ae58462b1250,2.01,,85000000
2026-05-28 12:29:26.070,2026/05/28/[$LATEST]2faaf80cfd9d45a1b10ad92bea2bdc23,1.64,,86000000
2026-05-28 12:29:26.304,2026/05/28/[$LATEST]2faaf80cfd9d45a1b10ad92bea2bdc23,1.85,,86000000
2026-05-28 12:29:26.344,2026/05/28/[$LATEST]2faaf80cfd9d45a1b10ad92bea2bdc23,1.77,,86000000
2026-05-28 12:29:26.464,2026/05/28/[$LATEST]2faaf80cfd9d45a1b10ad92bea2bdc23,1.49,,86000000
2026-05-28 12:29:26.614,2026/05/28/[$LATEST]09b41d5fd2894f389e30ae58462b1250,9.16,,85000000
2026-05-28 12:29:26.683,2026/05/28/[$LATEST]2faaf80cfd9d45a1b10ad92bea2bdc23,1.67,,86000000
2026-05-28 12:29:26.831,2026/05/28/[$LATEST]09b41d5fd2894f389e30ae58462b1250,1.88,,85000000
2026-05-28 12:29:26.910,2026/05/28/[$LATEST]09b41d5fd2894f389e30ae58462b1250,1.66,,85000000
2026-05-28 12:29:27.253,2026/05/28/[$LATEST]2faaf80cfd9d45a1b10ad92bea2bdc23,1.74,,86000000
2026-05-28 12:29:27.785,2026/05/28/[$LATEST]2faaf80cfd9d45a1b10ad92bea2bdc23,1.53,,86000000
2026-05-28 12:29:28.014,2026/05/28/[$LATEST]2faaf80cfd9d45a1b10ad92bea2bdc23,1.49,,86000000
2026-05-28 12:29:28.064,2026/05/28/[$LATEST]09b41d5fd2894f389e30ae58462b1250,1.56,,85000000
2026-05-28 12:29:28.091,2026/05/28/[$LATEST]09b41d5fd2894f389e30ae58462b1250,1.68,,85000000
2026-05-28 12:29:28.093,2026/05/28/[$LATEST]2faaf80cfd9d45a1b10ad92bea2bdc23,2.87,,86000000
2026-05-28 12:29:28.176,2026/05/28/[$LATEST]09b41d5fd2894f389e30ae58462b1250,1.67,,85000000
2026-05-28 12:29:28.214,2026/05/28/[$LATEST]09b41d5fd2894f389e30ae58462b1250,1.53,,85000000
2026-05-28 12:29:28.338,2026/05/28/[$LATEST]09b41d5fd2894f389e30ae58462b1250,1.73,,85000000
2026-05-28 12:29:28.612,2026/05/28/[$LATEST]2faaf80cfd9d45a1b10ad92bea2bdc23,1.78,,86000000
2026-05-28 12:29:29.454,2026/05/28/[$LATEST]09b41d5fd2894f389e30ae58462b1250,1.65,,85000000
2026-05-28 12:29:29.472,2026/05/28/[$LATEST]09b41d5fd2894f389e30ae58462b1250,1.58,,85000000
2026-05-28 12:29:29.478,2026/05/28/[$LATEST]2faaf80cfd9d45a1b10ad92bea2bdc23,1.68,,86000000
2026-05-28 12:29:29.793,2026/05/28/[$LATEST]2faaf80cfd9d45a1b10ad92bea2bdc23,1.66,,86000000
2026-05-28 12:29:29.870,2026/05/28/[$LATEST]2faaf80cfd9d45a1b10ad92bea2bdc23,1.59,,86000000
2026-05-28 12:29:29.914,2026/05/28/[$LATEST]09b41d5fd2894f389e30ae58462b1250,1.52,,85000000
2026-05-28 12:29:30.036,2026/05/28/[$LATEST]09b41d5fd2894f389e30ae58462b1250,1.52,,85000000
2026-05-28 12:29:30.077,2026/05/28/[$LATEST]2faaf80cfd9d45a1b10ad92bea2bdc23,1.98,,86000000
2026-05-28 12:29:30.163,2026/05/28/[$LATEST]09b41d5fd2894f389e30ae58462b1250,1.75,,85000000
2026-05-28 12:29:30.355,2026/05/28/[$LATEST]09b41d5fd2894f389e30ae58462b1250,1.9,,85000000
2026-05-28 12:29:31.146,2026/05/28/[$LATEST]2faaf80cfd9d45a1b10ad92bea2bdc23,1.85,,86000000
2026-05-28 12:29:31.184,2026/05/28/[$LATEST]2faaf80cfd9d45a1b10ad92bea2bdc23,1.74,,86000000
2026-05-28 12:29:31.330,2026/05/28/[$LATEST]2faaf80cfd9d45a1b10ad92bea2bdc23,1.63,,86000000
2026-05-28 12:29:31.557,2026/05/28/[$LATEST]2faaf80cfd9d45a1b10ad92bea2bdc23,1.84,,86000000
2026-05-28 12:29:31.585,2026/05/28/[$LATEST]09b41d5fd2894f389e30ae58462b1250,1.53,,85000000
2026-05-28 12:29:31.702,2026/05/28/[$LATEST]09b41d5fd2894f389e30ae58462b1250,1.55,,85000000
2026-05-28 12:29:31.876,2026/05/28/[$LATEST]09b41d5fd2894f389e30ae58462b1250,1.66,,85000000
2026-05-28 12:29:31.961,2026/05/28/[$LATEST]2faaf80cfd9d45a1b10ad92bea2bdc23,1.94,,86000000
2026-05-28 12:29:32.310,2026/05/28/[$LATEST]2faaf80cfd9d45a1b10ad92bea2bdc23,1.59,,86000000
2026-05-28 12:29:32.452,2026/05/28/[$LATEST]09b41d5fd2894f389e30ae58462b1250,1.63,,85000000
2026-05-28 12:29:32.709,2026/05/28/[$LATEST]09b41d5fd2894f389e30ae58462b1250,1.85,,85000000
2026-05-28 12:29:33.111,2026/05/28/[$LATEST]09b41d5fd2894f389e30ae58462b1250,1.98,,85000000
2026-05-28 12:29:33.188,2026/05/28/[$LATEST]2faaf80cfd9d45a1b10ad92bea2bdc23,1.71,,86000000
2026-05-28 12:29:33.255,2026/05/28/[$LATEST]2faaf80cfd9d45a1b10ad92bea2bdc23,1.65,,86000000
2026-05-28 12:29:33.287,2026/05/28/[$LATEST]2faaf80cfd9d45a1b10ad92bea2bdc23,1.72,,86000000
2026-05-28 12:29:33.423,2026/05/28/[$LATEST]09b41d5fd2894f389e30ae58462b1250,1.83,,85000000
2026-05-28 12:29:33.543,2026/05/28/[$LATEST]09b41d5fd2894f389e30ae58462b1250,1.72,,85000000
2026-05-28 12:29:33.789,2026/05/28/[$LATEST]2faaf80cfd9d45a1b10ad92bea2bdc23,1.56,,86000000
2026-05-28 12:29:33.983,2026/05/28/[$LATEST]09b41d5fd2894f389e30ae58462b1250,1.88,,85000000
2026-05-28 12:29:34.335,2026/05/28/[$LATEST]09b41d5fd2894f389e30ae58462b1250,2,,85000000
2026-05-28 12:29:34.659,2026/05/28/[$LATEST]09b41d5fd2894f389e30ae58462b1250,1.77,,85000000
2026-05-28 12:29:34.903,2026/05/28/[$LATEST]09b41d5fd2894f389e30ae58462b1250,1.88,,85000000
2026-05-28 12:29:35.059,2026/05/28/[$LATEST]09b41d5fd2894f389e30ae58462b1250,1.8,,85000000
2026-05-28 12:29:35.158,2026/05/28/[$LATEST]2faaf80cfd9d45a1b10ad92bea2bdc23,1.88,,86000000
2026-05-28 12:29:35.168,2026/05/28/[$LATEST]09b41d5fd2894f389e30ae58462b1250,1.92,,85000000
2026-05-28 12:29:35.204,2026/05/28/[$LATEST]2faaf80cfd9d45a1b10ad92bea2bdc23,1.69,,86000000
2026-05-28 12:29:35.299,2026/05/28/[$LATEST]09b41d5fd2894f389e30ae58462b1250,1.76,,85000000
2026-05-28 12:29:35.615,2026/05/28/[$LATEST]2faaf80cfd9d45a1b10ad92bea2bdc23,1.68,,86000000
2026-05-28 12:29:35.818,2026/05/28/[$LATEST]09b41d5fd2894f389e30ae58462b1250,2.01,,85000000
2026-05-28 12:29:35.961,2026/05/28/[$LATEST]09b41d5fd2894f389e30ae58462b1250,1.81,,85000000
2026-05-28 12:29:36.543,2026/05/28/[$LATEST]2faaf80cfd9d45a1b10ad92bea2bdc23,1.56,,86000000
2026-05-28 12:29:36.685,2026/05/28/[$LATEST]2faaf80cfd9d45a1b10ad92bea2bdc23,1.65,,86000000
2026-05-28 12:29:36.742,2026/05/28/[$LATEST]2faaf80cfd9d45a1b10ad92bea2bdc23,1.78,,86000000
2026-05-28 12:29:36.841,2026/05/28/[$LATEST]09b41d5fd2894f389e30ae58462b1250,1.82,,85000000
2026-05-28 12:29:36.867,2026/05/28/[$LATEST]09b41d5fd2894f389e30ae58462b1250,1.64,,85000000
2026-05-28 12:29:36.924,2026/05/28/[$LATEST]2faaf80cfd9d45a1b10ad92bea2bdc23,1.65,,86000000
2026-05-28 12:29:37.174,2026/05/28/[$LATEST]09b41d5fd2894f389e30ae58462b1250,2.18,,85000000
2026-05-28 12:29:37.393,2026/05/28/[$LATEST]09b41d5fd2894f389e30ae58462b1250,1.59,,85000000
2026-05-28 12:29:37.488,2026/05/28/[$LATEST]09b41d5fd2894f389e30ae58462b1250,1.75,,85000000
2026-05-28 12:29:38.032,2026/05/28/[$LATEST]2faaf80cfd9d45a1b10ad92bea2bdc23,1.55,,86000000
2026-05-28 12:29:38.133,2026/05/28/[$LATEST]2faaf80cfd9d45a1b10ad92bea2bdc23,2.94,,86000000
2026-05-28 12:29:38.418,2026/05/28/[$LATEST]2faaf80cfd9d45a1b10ad92bea2bdc23,1.9,,86000000
2026-05-28 12:29:38.471,2026/05/28/[$LATEST]09b41d5fd2894f389e30ae58462b1250,1.67,,85000000
2026-05-28 12:29:38.538,2026/05/28/[$LATEST]09b41d5fd2894f389e30ae58462b1250,1.6,,85000000
2026-05-28 12:29:38.780,2026/05/28/[$LATEST]09b41d5fd2894f389e30ae58462b1250,1.78,,85000000
2026-05-28 12:29:38.845,2026/05/28/[$LATEST]2faaf80cfd9d45a1b10ad92bea2bdc23,1.9,,86000000
2026-05-28 12:29:38.997,2026/05/28/[$LATEST]09b41d5fd2894f389e30ae58462b1250,2.16,,85000000
2026-05-28 12:29:39.138,2026/05/28/[$LATEST]2faaf80cfd9d45a1b10ad92bea2bdc23,2.83,,86000000
2026-05-28 12:29:39.476,2026/05/28/[$LATEST]09b41d5fd2894f389e30ae58462b1250,1.52,,85000000
2026-05-28 12:29:39.533,2026/05/28/[$LATEST]09b41d5fd2894f389e30ae58462b1250,1.58,,85000000
2026-05-28 12:29:39.788,2026/05/28/[$LATEST]2faaf80cfd9d45a1b10ad92bea2bdc23,1.65,,86000000
2026-05-28 12:29:40.176,2026/05/28/[$LATEST]09b41d5fd2894f389e30ae58462b1250,1.61,,85000000
2026-05-28 12:29:40.395,2026/05/28/[$LATEST]09b41d5fd2894f389e30ae58462b1250,1.59,,85000000
2026-05-28 12:29:40.506,2026/05/28/[$LATEST]09b41d5fd2894f389e30ae58462b1250,1.73,,85000000
2026-05-28 12:29:40.596,2026/05/28/[$LATEST]2faaf80cfd9d45a1b10ad92bea2bdc23,1.87,,86000000
2026-05-28 12:29:40.630,2026/05/28/[$LATEST]09b41d5fd2894f389e30ae58462b1250,1.73,,85000000
2026-05-28 12:29:40.670,2026/05/28/[$LATEST]09b41d5fd2894f389e30ae58462b1250,1.85,,85000000
2026-05-28 12:29:40.910,2026/05/28/[$LATEST]2faaf80cfd9d45a1b10ad92bea2bdc23,1.94,,86000000
2026-05-28 12:29:40.918,2026/05/28/[$LATEST]09b41d5fd2894f389e30ae58462b1250,1.82,,85000000
2026-05-28 12:29:41.025,2026/05/28/[$LATEST]09b41d5fd2894f389e30ae58462b1250,1.85,,85000000
2026-05-28 12:29:41.594,2026/05/28/[$LATEST]09b41d5fd2894f389e30ae58462b1250,1.83,,85000000
2026-05-28 12:29:41.943,2026/05/28/[$LATEST]2faaf80cfd9d45a1b10ad92bea2bdc23,1.97,,86000000
2026-05-28 12:29:41.948,2026/05/28/[$LATEST]09b41d5fd2894f389e30ae58462b1250,1.55,,85000000
2026-05-28 12:29:41.996,2026/05/28/[$LATEST]2faaf80cfd9d45a1b10ad92bea2bdc23,1.66,,86000000
2026-05-28 12:29:42.316,2026/05/28/[$LATEST]2faaf80cfd9d45a1b10ad92bea2bdc23,1.61,,86000000
2026-05-28 12:29:42.660,2026/05/28/[$LATEST]09b41d5fd2894f389e30ae58462b1250,1.92,,85000000
2026-05-28 12:29:42.745,2026/05/28/[$LATEST]09b41d5fd2894f389e30ae58462b1250,1.68,,85000000
2026-05-28 12:29:42.790,2026/05/28/[$LATEST]2faaf80cfd9d45a1b10ad92bea2bdc23,1.54,,86000000
2026-05-28 12:29:42.973,2026/05/28/[$LATEST]09b41d5fd2894f389e30ae58462b1250,1.72,,85000000
2026-05-28 12:29:43.015,2026/05/28/[$LATEST]09b41d5fd2894f389e30ae58462b1250,1.57,,85000000
2026-05-28 12:29:43.189,2026/05/28/[$LATEST]09b41d5fd2894f389e30ae58462b1250,1.64,,85000000
2026-05-28 12:29:43.778,2026/05/28/[$LATEST]09b41d5fd2894f389e30ae58462b1250,2.02,,85000000
2026-05-28 12:29:43.965,2026/05/28/[$LATEST]09b41d5fd2894f389e30ae58462b1250,1.77,,85000000
2026-05-28 12:29:43.981,2026/05/28/[$LATEST]09b41d5fd2894f389e30ae58462b1250,1.59,,85000000
2026-05-28 12:29:44.206,2026/05/28/[$LATEST]09b41d5fd2894f389e30ae58462b1250,1.59,,85000000
2026-05-28 12:29:44.224,2026/05/28/[$LATEST]2faaf80cfd9d45a1b10ad92bea2bdc23,1.66,,86000000
2026-05-28 12:29:44.315,2026/05/28/[$LATEST]09b41d5fd2894f389e30ae58462b1250,1.78,,85000000
2026-05-28 12:29:44.544,2026/05/28/[$LATEST]2faaf80cfd9d45a1b10ad92bea2bdc23,21.3,,86000000
2026-05-28 12:29:44.713,2026/05/28/[$LATEST]188cc19e71ed4e0bb96c479aefb33946,1.97,,86000000
2026-05-28 12:29:44.716,2026/05/28/[$LATEST]2faaf80cfd9d45a1b10ad92bea2bdc23,1.5,,86000000
2026-05-28 12:29:44.916,2026/05/28/[$LATEST]2faaf80cfd9d45a1b10ad92bea2bdc23,1.84,,86000000
2026-05-28 12:29:45.453,2026/05/28/[$LATEST]09b41d5fd2894f389e30ae58462b1250,1.61,,85000000
2026-05-28 12:29:45.601,2026/05/28/[$LATEST]09b41d5fd2894f389e30ae58462b1250,1.78,,85000000
2026-05-28 12:29:45.879,2026/05/28/[$LATEST]2faaf80cfd9d45a1b10ad92bea2bdc23,1.58,,86000000
2026-05-28 12:29:45.937,2026/05/28/[$LATEST]2faaf80cfd9d45a1b10ad92bea2bdc23,1.78,,86000000
2026-05-28 12:29:46.008,2026/05/28/[$LATEST]09b41d5fd2894f389e30ae58462b1250,1.63,,85000000
2026-05-28 12:29:46.508,2026/05/28/[$LATEST]09b41d5fd2894f389e30ae58462b1250,1.75,,85000000
2026-05-28 12:29:46.609,2026/05/28/[$LATEST]2faaf80cfd9d45a1b10ad92bea2bdc23,1.84,,86000000
2026-05-28 12:29:46.821,2026/05/28/[$LATEST]2faaf80cfd9d45a1b10ad92bea2bdc23,2.03,,86000000
2026-05-28 12:29:46.923,2026/05/28/[$LATEST]2faaf80cfd9d45a1b10ad92bea2bdc23,1.63,,86000000
2026-05-28 12:29:46.998,2026/05/28/[$LATEST]2faaf80cfd9d45a1b10ad92bea2bdc23,1.65,,86000000
2026-05-28 12:29:47.070,2026/05/28/[$LATEST]09b41d5fd2894f389e30ae58462b1250,2.48,,85000000
2026-05-28 12:29:47.545,2026/05/28/[$LATEST]2faaf80cfd9d45a1b10ad92bea2bdc23,2.39,,86000000
2026-05-28 12:29:47.632,2026/05/28/[$LATEST]2faaf80cfd9d45a1b10ad92bea2bdc23,1.65,,86000000
2026-05-28 12:29:47.888,2026/05/28/[$LATEST]09b41d5fd2894f389e30ae58462b1250,2.03,,85000000
2026-05-28 12:29:47.904,2026/05/28/[$LATEST]09b41d5fd2894f389e30ae58462b1250,1.4,,85000000
2026-05-28 12:29:47.908,2026/05/28/[$LATEST]15737d93c14242db96065ddfaa294dc4,1.82,,85000000
2026-05-28 12:29:48.457,2026/05/28/[$LATEST]2faaf80cfd9d45a1b10ad92bea2bdc23,1.94,,86000000
2026-05-28 12:29:48.541,2026/05/28/[$LATEST]15737d93c14242db96065ddfaa294dc4,2.1,,85000000
2026-05-28 12:29:48.642,2026/05/28/[$LATEST]15737d93c14242db96065ddfaa294dc4,2.27,,85000000
2026-05-28 12:29:48.718,2026/05/28/[$LATEST]2faaf80cfd9d45a1b10ad92bea2bdc23,1.63,,86000000
2026-05-28 12:29:48.860,2026/05/28/[$LATEST]15737d93c14242db96065ddfaa294dc4,1.96,,85000000
2026-05-28 12:29:49.005,2026/05/28/[$LATEST]15737d93c14242db96065ddfaa294dc4,1.84,,85000000
2026-05-28 12:29:49.668,2026/05/28/[$LATEST]15737d93c14242db96065ddfaa294dc4,1.78,,85000000
2026-05-28 12:29:49.717,2026/05/28/[$LATEST]188cc19e71ed4e0bb96c479aefb33946,2.18,,86000000
2026-05-28 12:29:49.724,2026/05/28/[$LATEST]2faaf80cfd9d45a1b10ad92bea2bdc23,21.32,,86000000
2026-05-28 12:29:49.939,2026/05/28/[$LATEST]15737d93c14242db96065ddfaa294dc4,1.61,,85000000
2026-05-28 12:29:49.961,2026/05/28/[$LATEST]2faaf80cfd9d45a1b10ad92bea2bdc23,1.53,,86000000
2026-05-28 12:29:50.034,2026/05/28/[$LATEST]2faaf80cfd9d45a1b10ad92bea2bdc23,1.79,,86000000
2026-05-28 12:29:50.195,2026/05/28/[$LATEST]2faaf80cfd9d45a1b10ad92bea2bdc23,1.49,,86000000
2026-05-28 12:29:50.250,2026/05/28/[$LATEST]2faaf80cfd9d45a1b10ad92bea2bdc23,1.61,,86000000
2026-05-28 12:29:50.494,2026/05/28/[$LATEST]15737d93c14242db96065ddfaa294dc4,1.92,,85000000
2026-05-28 12:29:50.764,2026/05/28/[$LATEST]2faaf80cfd9d45a1b10ad92bea2bdc23,1.77,,86000000
2026-05-28 12:29:51.360,2026/05/28/[$LATEST]15737d93c14242db96065ddfaa294dc4,1.88,,85000000
2026-05-28 12:29:51.382,2026/05/28/[$LATEST]2faaf80cfd9d45a1b10ad92bea2bdc23,1.55,,86000000
2026-05-28 12:29:51.469,2026/05/28/[$LATEST]2faaf80cfd9d45a1b10ad92bea2bdc23,1.66,,86000000
2026-05-28 12:29:51.595,2026/05/28/[$LATEST]2faaf80cfd9d45a1b10ad92bea2bdc23,1.65,,86000000
2026-05-28 12:29:51.816,2026/05/28/[$LATEST]2faaf80cfd9d45a1b10ad92bea2bdc23,1.65,,86000000
2026-05-28 12:29:51.896,2026/05/28/[$LATEST]2faaf80cfd9d45a1b10ad92bea2bdc23,1.63,,86000000
2026-05-28 12:29:52.123,2026/05/28/[$LATEST]2faaf80cfd9d45a1b10ad92bea2bdc23,1.49,,86000000
2026-05-28 12:29:52.501,2026/05/28/[$LATEST]15737d93c14242db96065ddfaa294dc4,1.85,,85000000
2026-05-28 12:29:52.541,2026/05/28/[$LATEST]2faaf80cfd9d45a1b10ad92bea2bdc23,1.74,,86000000
2026-05-28 12:29:52.629,2026/05/28/[$LATEST]15737d93c14242db96065ddfaa294dc4,1.89,,85000000
2026-05-28 12:29:52.972,2026/05/28/[$LATEST]15737d93c14242db96065ddfaa294dc4,2.02,,85000000
2026-05-28 12:29:52.996,2026/05/28/[$LATEST]15737d93c14242db96065ddfaa294dc4,1.75,,85000000
2026-05-28 12:29:53.100,2026/05/28/[$LATEST]2faaf80cfd9d45a1b10ad92bea2bdc23,1.7,,86000000
2026-05-28 12:29:53.153,2026/05/28/[$LATEST]15737d93c14242db96065ddfaa294dc4,1.8,,85000000
2026-05-28 12:29:53.185,2026/05/28/[$LATEST]15737d93c14242db96065ddfaa294dc4,1.77,,85000000
2026-05-28 12:29:53.577,2026/05/28/[$LATEST]15737d93c14242db96065ddfaa294dc4,1.62,,85000000
2026-05-28 12:29:53.609,2026/05/28/[$LATEST]15737d93c14242db96065ddfaa294dc4,1.62,,85000000
2026-05-28 12:29:53.991,2026/05/28/[$LATEST]2faaf80cfd9d45a1b10ad92bea2bdc23,1.66,,86000000
2026-05-28 12:29:54.200,2026/05/28/[$LATEST]2faaf80cfd9d45a1b10ad92bea2bdc23,1.49,,86000000
2026-05-28 12:29:54.256,2026/05/28/[$LATEST]15737d93c14242db96065ddfaa294dc4,1.99,,85000000
2026-05-28 12:29:54.299,2026/05/28/[$LATEST]2faaf80cfd9d45a1b10ad92bea2bdc23,1.71,,86000000
2026-05-28 12:29:54.655,2026/05/28/[$LATEST]2faaf80cfd9d45a1b10ad92bea2bdc23,1.81,,86000000
2026-05-28 12:29:54.931,2026/05/28/[$LATEST]15737d93c14242db96065ddfaa294dc4,1.97,,85000000
2026-05-28 12:29:55.053,2026/05/28/[$LATEST]2faaf80cfd9d45a1b10ad92bea2bdc23,1.8,,86000000
2026-05-28 12:29:55.110,2026/05/28/[$LATEST]2faaf80cfd9d45a1b10ad92bea2bdc23,1.76,,86000000
2026-05-28 12:29:55.413,2026/05/28/[$LATEST]2faaf80cfd9d45a1b10ad92bea2bdc23,2,,86000000
2026-05-28 12:29:55.726,2026/05/28/[$LATEST]15737d93c14242db96065ddfaa294dc4,1.85,,85000000
2026-05-28 12:29:55.956,2026/05/28/[$LATEST]15737d93c14242db96065ddfaa294dc4,1.89,,85000000
2026-05-28 12:29:56.131,2026/05/28/[$LATEST]2faaf80cfd9d45a1b10ad92bea2bdc23,1.91,,86000000
2026-05-28 12:29:56.195,2026/05/28/[$LATEST]2faaf80cfd9d45a1b10ad92bea2bdc23,1.61,,86000000
2026-05-28 12:29:56.590,2026/05/28/[$LATEST]2faaf80cfd9d45a1b10ad92bea2bdc23,1.98,,86000000
2026-05-28 12:29:56.858,2026/05/28/[$LATEST]15737d93c14242db96065ddfaa294dc4,1.84,,85000000
2026-05-28 12:29:56.872,2026/05/28/[$LATEST]15737d93c14242db96065ddfaa294dc4,9.87,,85000000
2026-05-28 12:29:56.904,2026/05/28/[$LATEST]2faaf80cfd9d45a1b10ad92bea2bdc23,1.65,,86000000
2026-05-28 12:29:56.961,2026/05/28/[$LATEST]15737d93c14242db96065ddfaa294dc4,1.72,,85000000
2026-05-28 12:29:56.973,2026/05/28/[$LATEST]15737d93c14242db96065ddfaa294dc4,1.32,,85000000
2026-05-28 12:29:57.006,2026/05/28/[$LATEST]2faaf80cfd9d45a1b10ad92bea2bdc23,1.83,,86000000
2026-05-28 12:29:57.526,2026/05/28/[$LATEST]2faaf80cfd9d45a1b10ad92bea2bdc23,1.78,,86000000
2026-05-28 12:29:57.596,2026/05/28/[$LATEST]15737d93c14242db96065ddfaa294dc4,1.75,,85000000
2026-05-28 12:29:57.976,2026/05/28/[$LATEST]15737d93c14242db96065ddfaa294dc4,1.97,,85000000
2026-05-28 12:29:58.353,2026/05/28/[$LATEST]15737d93c14242db96065ddfaa294dc4,1.57,,85000000
2026-05-28 12:29:58.453,2026/05/28/[$LATEST]15737d93c14242db96065ddfaa294dc4,1.88,,85000000
2026-05-28 12:29:58.666,2026/05/28/[$LATEST]2faaf80cfd9d45a1b10ad92bea2bdc23,1.91,,86000000
2026-05-28 12:29:58.821,2026/05/28/[$LATEST]2faaf80cfd9d45a1b10ad92bea2bdc23,1.66,,86000000
2026-05-28 12:29:58.824,2026/05/28/[$LATEST]188cc19e71ed4e0bb96c479aefb33946,1.83,,86000000
2026-05-28 12:29:59.093,2026/05/28/[$LATEST]15737d93c14242db96065ddfaa294dc4,20.95,,85000000
2026-05-28 12:29:59.111,2026/05/28/[$LATEST]15737d93c14242db96065ddfaa294dc4,1.68,,85000000
2026-05-28 12:29:59.279,2026/05/28/[$LATEST]188cc19e71ed4e0bb96c479aefb33946,2.16,,86000000
2026-05-28 12:29:59.331,2026/05/28/[$LATEST]15737d93c14242db96065ddfaa294dc4,3.92,,85000000
2026-05-28 12:29:59.387,2026/05/28/[$LATEST]15737d93c14242db96065ddfaa294dc4,1.88,,85000000
2026-05-28 12:30:00.463,2026/05/28/[$LATEST]188cc19e71ed4e0bb96c479aefb33946,2.1,,86000000
2026-05-28 12:30:00.463,2026/05/28/[$LATEST]2faaf80cfd9d45a1b10ad92bea2bdc23,1.64,,86000000
2026-05-28 12:30:00.756,2026/05/28/[$LATEST]2faaf80cfd9d45a1b10ad92bea2bdc23,1.68,,86000000
2026-05-28 12:30:00.779,2026/05/28/[$LATEST]15737d93c14242db96065ddfaa294dc4,1.6,,85000000
2026-05-28 12:30:00.961,2026/05/28/[$LATEST]2faaf80cfd9d45a1b10ad92bea2bdc23,1.9,,86000000
2026-05-28 12:30:00.988,2026/05/28/[$LATEST]2faaf80cfd9d45a1b10ad92bea2bdc23,1.64,,86000000
2026-05-28 12:30:00.996,2026/05/28/[$LATEST]15737d93c14242db96065ddfaa294dc4,2,,85000000
2026-05-28 12:30:01.173,2026/05/28/[$LATEST]15737d93c14242db96065ddfaa294dc4,1.78,,85000000
2026-05-28 12:30:01.717,2026/05/28/[$LATEST]2faaf80cfd9d45a1b10ad92bea2bdc23,1.84,,86000000
2026-05-28 12:30:01.932,2026/05/28/[$LATEST]2faaf80cfd9d45a1b10ad92bea2bdc23,1.54,,86000000
2026-05-28 12:30:01.934,2026/05/28/[$LATEST]188cc19e71ed4e0bb96c479aefb33946,4.22,,86000000
2026-05-28 12:30:02.184,2026/05/28/[$LATEST]15737d93c14242db96065ddfaa294dc4,1.88,,85000000
2026-05-28 12:30:02.493,2026/05/28/[$LATEST]188cc19e71ed4e0bb96c479aefb33946,2.15,,86000000
2026-05-28 12:30:02.624,2026/05/28/[$LATEST]15737d93c14242db96065ddfaa294dc4,1.64,,85000000
2026-05-28 12:30:02.650,2026/05/28/[$LATEST]09b41d5fd2894f389e30ae58462b1250,1.68,,85000000
2026-05-28 12:30:02.650,2026/05/28/[$LATEST]15737d93c14242db96065ddfaa294dc4,1.97,,85000000
2026-05-28 12:30:02.959,2026/05/28/[$LATEST]15737d93c14242db96065ddfaa294dc4,1.81,,85000000
2026-05-28 12:30:02.959,2026/05/28/[$LATEST]09b41d5fd2894f389e30ae58462b1250,1.62,,85000000
2026-05-28 12:30:03.365,2026/05/28/[$LATEST]09b41d5fd2894f389e30ae58462b1250,1.55,,85000000
2026-05-28 12:30:03.545,2026/05/28/[$LATEST]188cc19e71ed4e0bb96c479aefb33946,2.16,,86000000
2026-05-28 12:30:03.626,2026/05/28/[$LATEST]09b41d5fd2894f389e30ae58462b1250,1.89,,85000000
2026-05-28 12:30:03.995,2026/05/28/[$LATEST]09b41d5fd2894f389e30ae58462b1250,2.16,,85000000
2026-05-28 12:30:04.251,2026/05/28/[$LATEST]188cc19e71ed4e0bb96c479aefb33946,1.78,,86000000
2026-05-28 12:30:04.465,2026/05/28/[$LATEST]188cc19e71ed4e0bb96c479aefb33946,1.7,,86000000
2026-05-28 12:30:04.691,2026/05/28/[$LATEST]09b41d5fd2894f389e30ae58462b1250,2.11,,85000000
2026-05-28 12:30:04.738,2026/05/28/[$LATEST]188cc19e71ed4e0bb96c479aefb33946,4.51,,86000000
2026-05-28 12:30:04.745,2026/05/28/[$LATEST]09b41d5fd2894f389e30ae58462b1250,1.82,,85000000
2026-05-28 12:30:04.872,2026/05/28/[$LATEST]09b41d5fd2894f389e30ae58462b1250,1.83,,85000000
2026-05-28 12:30:05.057,2026/05/28/[$LATEST]188cc19e71ed4e0bb96c479aefb33946,2.21,,86000000
2026-05-28 12:30:05.599,2026/05/28/[$LATEST]09b41d5fd2894f389e30ae58462b1250,1.69,,85000000
2026-05-28 12:30:05.604,2026/05/28/[$LATEST]15737d93c14242db96065ddfaa294dc4,1.91,,85000000
2026-05-28 12:30:05.869,2026/05/28/[$LATEST]188cc19e71ed4e0bb96c479aefb33946,2.01,,86000000
2026-05-28 12:30:06.415,2026/05/28/[$LATEST]188cc19e71ed4e0bb96c479aefb33946,1.79,,86000000
2026-05-28 12:30:06.445,2026/05/28/[$LATEST]15737d93c14242db96065ddfaa294dc4,1.78,,85000000
2026-05-28 12:30:06.488,2026/05/28/[$LATEST]188cc19e71ed4e0bb96c479aefb33946,1.73,,86000000
2026-05-28 12:30:06.637,2026/05/28/[$LATEST]15737d93c14242db96065ddfaa294dc4,1.78,,85000000
2026-05-28 12:30:06.778,2026/05/28/[$LATEST]188cc19e71ed4e0bb96c479aefb33946,2.01,,86000000
2026-05-28 12:30:06.805,2026/05/28/[$LATEST]15737d93c14242db96065ddfaa294dc4,1.8,,85000000
2026-05-28 12:30:06.981,2026/05/28/[$LATEST]188cc19e71ed4e0bb96c479aefb33946,2.21,,86000000
2026-05-28 12:30:07.010,2026/05/28/[$LATEST]15737d93c14242db96065ddfaa294dc4,1.97,,85000000
2026-05-28 12:30:07.352,2026/05/28/[$LATEST]15737d93c14242db96065ddfaa294dc4,1.75,,85000000
2026-05-28 12:30:07.809,2026/05/28/[$LATEST]15737d93c14242db96065ddfaa294dc4,1.58,,85000000
2026-05-28 12:30:07.963,2026/05/28/[$LATEST]188cc19e71ed4e0bb96c479aefb33946,1.79,,86000000
2026-05-28 12:30:08.123,2026/05/28/[$LATEST]15737d93c14242db96065ddfaa294dc4,1.61,,85000000
2026-05-28 12:30:08.140,2026/05/28/[$LATEST]15737d93c14242db96065ddfaa294dc4,1.74,,85000000
2026-05-28 12:30:08.291,2026/05/28/[$LATEST]15737d93c14242db96065ddfaa294dc4,3.67,,85000000
2026-05-28 12:30:08.338,2026/05/28/[$LATEST]188cc19e71ed4e0bb96c479aefb33946,2.13,,86000000
2026-05-28 12:30:08.339,2026/05/28/[$LATEST]15737d93c14242db96065ddfaa294dc4,2.14,,85000000
2026-05-28 12:30:08.390,2026/05/28/[$LATEST]188cc19e71ed4e0bb96c479aefb33946,5.3,,86000000
2026-05-28 12:30:08.474,2026/05/28/[$LATEST]15737d93c14242db96065ddfaa294dc4,2.08,,85000000
2026-05-28 12:30:08.670,2026/05/28/[$LATEST]15737d93c14242db96065ddfaa294dc4,1.61,,85000000
2026-05-28 12:30:08.824,2026/05/28/[$LATEST]188cc19e71ed4e0bb96c479aefb33946,2.2,,86000000
2026-05-28 12:30:08.883,2026/05/28/[$LATEST]188cc19e71ed4e0bb96c479aefb33946,1.84,,86000000
2026-05-28 12:30:09.099,2026/05/28/[$LATEST]2faaf80cfd9d45a1b10ad92bea2bdc23,1.75,,86000000
2026-05-28 12:30:09.120,2026/05/28/[$LATEST]15737d93c14242db96065ddfaa294dc4,2.03,,85000000
2026-05-28 12:30:09.125,2026/05/28/[$LATEST]2faaf80cfd9d45a1b10ad92bea2bdc23,1.79,,86000000
2026-05-28 12:30:09.130,2026/05/28/[$LATEST]188cc19e71ed4e0bb96c479aefb33946,37.86,,86000000
2026-05-28 12:30:09.251,2026/05/28/[$LATEST]188cc19e71ed4e0bb96c479aefb33946,3.27,,86000000
2026-05-28 12:30:09.304,2026/05/28/[$LATEST]15737d93c14242db96065ddfaa294dc4,2.03,,85000000
2026-05-28 12:30:09.308,2026/05/28/[$LATEST]188cc19e71ed4e0bb96c479aefb33946,3.23,,86000000
2026-05-28 12:30:09.315,2026/05/28/[$LATEST]2faaf80cfd9d45a1b10ad92bea2bdc23,1.91,,86000000
2026-05-28 12:30:09.317,2026/05/28/[$LATEST]188cc19e71ed4e0bb96c479aefb33946,1.99,,86000000
2026-05-28 12:30:09.318,2026/05/28/[$LATEST]15737d93c14242db96065ddfaa294dc4,1.8,,85000000
2026-05-28 12:30:09.324,2026/05/28/[$LATEST]2faaf80cfd9d45a1b10ad92bea2bdc23,3.16,,86000000
2026-05-28 12:30:09.332,2026/05/28/[$LATEST]188cc19e71ed4e0bb96c479aefb33946,4.2,,86000000
2026-05-28 12:30:09.333,2026/05/28/[$LATEST]09b41d5fd2894f389e30ae58462b1250,14.35,,85000000
2026-05-28 12:30:09.343,2026/05/28/[$LATEST]2faaf80cfd9d45a1b10ad92bea2bdc23,3.74,,86000000
2026-05-28 12:30:09.350,2026/05/28/[$LATEST]2faaf80cfd9d45a1b10ad92bea2bdc23,1.58,,86000000
2026-05-28 12:30:09.352,2026/05/28/[$LATEST]188cc19e71ed4e0bb96c479aefb33946,3.68,,86000000
2026-05-28 12:30:09.353,2026/05/28/[$LATEST]09b41d5fd2894f389e30ae58462b1250,10.55,,85000000
2026-05-28 12:30:09.401,2026/05/28/[$LATEST]09b41d5fd2894f389e30ae58462b1250,1.8,,85000000
2026-05-28 12:30:09.480,2026/05/28/[$LATEST]188cc19e71ed4e0bb96c479aefb33946,1.74,,86000000
2026-05-28 12:30:09.658,2026/05/28/[$LATEST]188cc19e71ed4e0bb96c479aefb33946,1.92,,86000000
2026-05-28 12:30:09.795,2026/05/28/[$LATEST]09b41d5fd2894f389e30ae58462b1250,1.72,,85000000
2026-05-28 12:30:09.870,2026/05/28/[$LATEST]09b41d5fd2894f389e30ae58462b1250,1.6,,85000000
2026-05-28 12:30:09.887,2026/05/28/[$LATEST]09b41d5fd2894f389e30ae58462b1250,1.83,,85000000
2026-05-28 12:30:09.986,2026/05/28/[$LATEST]188cc19e71ed4e0bb96c479aefb33946,2.12,,86000000
2026-05-28 12:30:10.007,2026/05/28/[$LATEST]09b41d5fd2894f389e30ae58462b1250,1.55,,85000000
2026-05-28 12:30:10.069,2026/05/28/[$LATEST]09b41d5fd2894f389e30ae58462b1250,1.92,,85000000
2026-05-28 12:30:10.080,2026/05/28/[$LATEST]188cc19e71ed4e0bb96c479aefb33946,1.79,,86000000
2026-05-28 12:30:10.081,2026/05/28/[$LATEST]09b41d5fd2894f389e30ae58462b1250,1.48,,85000000
2026-05-28 12:30:10.083,2026/05/28/[$LATEST]2faaf80cfd9d45a1b10ad92bea2bdc23,1.64,,86000000
2026-05-28 12:30:10.087,2026/05/28/[$LATEST]15737d93c14242db96065ddfaa294dc4,1.87,,85000000
2026-05-28 12:30:10.101,2026/05/28/[$LATEST]15737d93c14242db96065ddfaa294dc4,1.68,,85000000
2026-05-28 12:30:10.104,2026/05/28/[$LATEST]09b41d5fd2894f389e30ae58462b1250,1.82,,85000000
2026-05-28 12:30:10.158,2026/05/28/[$LATEST]645d0a3985b047aa91261d33b7d29c16,68.95,,86000000
2026-05-28 12:30:10.292,2026/05/28/[$LATEST]2faaf80cfd9d45a1b10ad92bea2bdc23,1.83,,86000000
2026-05-28 12:30:10.293,2026/05/28/[$LATEST]645d0a3985b047aa91261d33b7d29c16,1.89,,86000000
2026-05-28 12:30:10.298,2026/05/28/[$LATEST]188cc19e71ed4e0bb96c479aefb33946,1.8,,86000000
2026-05-28 12:30:10.305,2026/05/28/[$LATEST]2faaf80cfd9d45a1b10ad92bea2bdc23,1.6,,86000000
2026-05-28 12:30:10.307,2026/05/28/[$LATEST]645d0a3985b047aa91261d33b7d29c16,1.81,,86000000
2026-05-28 12:30:10.465,2026/05/28/[$LATEST]2faaf80cfd9d45a1b10ad92bea2bdc23,1.63,,86000000
2026-05-28 12:30:10.560,2026/05/28/[$LATEST]2faaf80cfd9d45a1b10ad92bea2bdc23,1.74,,86000000
2026-05-28 12:30:10.560,2026/05/28/[$LATEST]645d0a3985b047aa91261d33b7d29c16,1.71,,86000000
2026-05-28 12:30:10.585,2026/05/28/[$LATEST]2faaf80cfd9d45a1b10ad92bea2bdc23,1.69,,86000000
2026-05-28 12:30:10.615,2026/05/28/[$LATEST]2faaf80cfd9d45a1b10ad92bea2bdc23,1.64,,86000000
2026-05-28 12:30:10.620,2026/05/28/[$LATEST]188cc19e71ed4e0bb96c479aefb33946,2.22,,86000000
2026-05-28 12:30:10.637,2026/05/28/[$LATEST]188cc19e71ed4e0bb96c479aefb33946,2.2,,86000000
2026-05-28 12:30:10.709,2026/05/28/[$LATEST]188cc19e71ed4e0bb96c479aefb33946,8.02,,86000000
2026-05-28 12:30:10.748,2026/05/28/[$LATEST]188cc19e71ed4e0bb96c479aefb33946,1.83,,86000000
2026-05-28 12:30:10.767,2026/05/28/[$LATEST]188cc19e71ed4e0bb96c479aefb33946,2,,86000000
2026-05-28 12:30:10.853,2026/05/28/[$LATEST]188cc19e71ed4e0bb96c479aefb33946,2.05,,86000000
2026-05-28 12:30:10.941,2026/05/28/[$LATEST]645d0a3985b047aa91261d33b7d29c16,1.69,,86000000
2026-05-28 12:30:11.009,2026/05/28/[$LATEST]188cc19e71ed4e0bb96c479aefb33946,30.37,,86000000
2026-05-28 12:30:11.065,2026/05/28/[$LATEST]09b41d5fd2894f389e30ae58462b1250,1.78,,85000000
2026-05-28 12:30:11.077,2026/05/28/[$LATEST]645d0a3985b047aa91261d33b7d29c16,17.44,,86000000
2026-05-28 12:30:11.078,2026/05/28/[$LATEST]188cc19e71ed4e0bb96c479aefb33946,1.73,,86000000
2026-05-28 12:30:11.082,2026/05/28/[$LATEST]2faaf80cfd9d45a1b10ad92bea2bdc23,1.54,,86000000
2026-05-28 12:30:11.083,2026/05/28/[$LATEST]09b41d5fd2894f389e30ae58462b1250,1.48,,85000000
2026-05-28 12:30:11.085,2026/05/28/[$LATEST]15737d93c14242db96065ddfaa294dc4,2.03,,85000000
2026-05-28 12:30:11.085,2026/05/28/[$LATEST]5989da090f7445fcb92f7c32ee76dd46,2.9,796.63,86000000
2026-05-28 12:30:11.095,2026/05/28/[$LATEST]2faaf80cfd9d45a1b10ad92bea2bdc23,1.71,,86000000
2026-05-28 12:30:11.097,2026/05/28/[$LATEST]645d0a3985b047aa91261d33b7d29c16,1.71,,86000000
2026-05-28 12:30:11.100,2026/05/28/[$LATEST]5989da090f7445fcb92f7c32ee76dd46,7.04,,86000000
2026-05-28 12:30:11.118,2026/05/28/[$LATEST]645d0a3985b047aa91261d33b7d29c16,1.98,,86000000
2026-05-28 12:30:11.139,2026/05/28/[$LATEST]645d0a3985b047aa91261d33b7d29c16,5.52,,86000000
2026-05-28 12:30:11.266,2026/05/28/[$LATEST]645d0a3985b047aa91261d33b7d29c16,1.92,,86000000
2026-05-28 12:30:11.297,2026/05/28/[$LATEST]645d0a3985b047aa91261d33b7d29c16,5.68,,86000000
2026-05-28 12:30:11.304,2026/05/28/[$LATEST]645d0a3985b047aa91261d33b7d29c16,1.85,,86000000
2026-05-28 12:30:11.335,2026/05/28/[$LATEST]5989da090f7445fcb92f7c32ee76dd46,2.77,,86000000
2026-05-28 12:30:11.390,2026/05/28/[$LATEST]645d0a3985b047aa91261d33b7d29c16,1.73,,86000000
2026-05-28 12:30:11.392,2026/05/28/[$LATEST]5989da090f7445fcb92f7c32ee76dd46,2,,86000000
2026-05-28 12:30:11.417,2026/05/28/[$LATEST]5989da090f7445fcb92f7c32ee76dd46,1.97,,86000000
2026-05-28 12:30:11.561,2026/05/28/[$LATEST]645d0a3985b047aa91261d33b7d29c16,9.54,,86000000
2026-05-28 12:30:11.646,2026/05/28/[$LATEST]5989da090f7445fcb92f7c32ee76dd46,1.99,,86000000
2026-05-28 12:30:11.648,2026/05/28/[$LATEST]2faaf80cfd9d45a1b10ad92bea2bdc23,1.98,,86000000
2026-05-28 12:30:11.721,2026/05/28/[$LATEST]645d0a3985b047aa91261d33b7d29c16,1.71,,86000000
2026-05-28 12:30:11.756,2026/05/28/[$LATEST]645d0a3985b047aa91261d33b7d29c16,1.8,,86000000
2026-05-28 12:30:11.793,2026/05/28/[$LATEST]2faaf80cfd9d45a1b10ad92bea2bdc23,1.57,,86000000
2026-05-28 12:30:11.810,2026/05/28/[$LATEST]2faaf80cfd9d45a1b10ad92bea2bdc23,1.6,,86000000
2026-05-28 12:30:11.885,2026/05/28/[$LATEST]2faaf80cfd9d45a1b10ad92bea2bdc23,1.67,,86000000
2026-05-28 12:30:11.907,2026/05/28/[$LATEST]645d0a3985b047aa91261d33b7d29c16,1.89,,86000000
2026-05-28 12:30:11.926,2026/05/28/[$LATEST]645d0a3985b047aa91261d33b7d29c16,1.89,,86000000
2026-05-28 12:30:11.930,2026/05/28/[$LATEST]2faaf80cfd9d45a1b10ad92bea2bdc23,1.6,,86000000
2026-05-28 12:30:11.963,2026/05/28/[$LATEST]645d0a3985b047aa91261d33b7d29c16,1.5,,86000000
2026-05-28 12:30:11.966,2026/05/28/[$LATEST]2faaf80cfd9d45a1b10ad92bea2bdc23,14.22,,86000000
2026-05-28 12:30:11.984,2026/05/28/[$LATEST]645d0a3985b047aa91261d33b7d29c16,1.75,,86000000
2026-05-28 12:30:11.992,2026/05/28/[$LATEST]2faaf80cfd9d45a1b10ad92bea2bdc23,1.62,,86000000
2026-05-28 12:30:12.012,2026/05/28/[$LATEST]2faaf80cfd9d45a1b10ad92bea2bdc23,1.84,,86000000
2026-05-28 12:30:12.025,2026/05/28/[$LATEST]2faaf80cfd9d45a1b10ad92bea2bdc23,1.56,,86000000
2026-05-28 12:30:12.076,2026/05/28/[$LATEST]2faaf80cfd9d45a1b10ad92bea2bdc23,1.65,,86000000
2026-05-28 12:30:12.078,2026/05/28/[$LATEST]5989da090f7445fcb92f7c32ee76dd46,1.91,,86000000
2026-05-28 12:30:12.081,2026/05/28/[$LATEST]15737d93c14242db96065ddfaa294dc4,1.89,,85000000
2026-05-28 12:30:12.090,2026/05/28/[$LATEST]5989da090f7445fcb92f7c32ee76dd46,2.12,,86000000
2026-05-28 12:30:12.090,2026/05/28/[$LATEST]2faaf80cfd9d45a1b10ad92bea2bdc23,1.59,,86000000
2026-05-28 12:30:12.091,2026/05/28/[$LATEST]09b41d5fd2894f389e30ae58462b1250,1.49,,85000000
2026-05-28 12:30:12.093,2026/05/28/[$LATEST]15737d93c14242db96065ddfaa294dc4,5.22,,85000000
2026-05-28 12:30:12.096,2026/05/28/[$LATEST]645d0a3985b047aa91261d33b7d29c16,8.38,,86000000
2026-05-28 12:30:12.139,2026/05/28/[$LATEST]2faaf80cfd9d45a1b10ad92bea2bdc23,1.86,,86000000
2026-05-28 12:30:12.161,2026/05/28/[$LATEST]645d0a3985b047aa91261d33b7d29c16,1.74,,86000000
2026-05-28 12:30:12.195,2026/05/28/[$LATEST]645d0a3985b047aa91261d33b7d29c16,1.8,,86000000
2026-05-28 12:30:12.245,2026/05/28/[$LATEST]645d0a3985b047aa91261d33b7d29c16,1.66,,86000000
2026-05-28 12:30:12.256,2026/05/28/[$LATEST]2faaf80cfd9d45a1b10ad92bea2bdc23,1.74,,86000000
2026-05-28 12:30:12.288,2026/05/28/[$LATEST]2faaf80cfd9d45a1b10ad92bea2bdc23,1.66,,86000000
2026-05-28 12:30:12.296,2026/05/28/[$LATEST]645d0a3985b047aa91261d33b7d29c16,2.84,,86000000
2026-05-28 12:30:12.297,2026/05/28/[$LATEST]5989da090f7445fcb92f7c32ee76dd46,1.78,,86000000
2026-05-28 12:30:12.298,2026/05/28/[$LATEST]15737d93c14242db96065ddfaa294dc4,1.94,,85000000
2026-05-28 12:30:12.318,2026/05/28/[$LATEST]15737d93c14242db96065ddfaa294dc4,1.59,,85000000
2026-05-28 12:30:12.338,2026/05/28/[$LATEST]5989da090f7445fcb92f7c32ee76dd46,16.01,,86000000
2026-05-28 12:30:12.393,2026/05/28/[$LATEST]15737d93c14242db96065ddfaa294dc4,1.77,,85000000
2026-05-28 12:30:12.419,2026/05/28/[$LATEST]5989da090f7445fcb92f7c32ee76dd46,1.8,,86000000
2026-05-28 12:30:12.423,2026/05/28/[$LATEST]15737d93c14242db96065ddfaa294dc4,1.65,,85000000
2026-05-28 12:30:12.473,2026/05/28/[$LATEST]15737d93c14242db96065ddfaa294dc4,1.57,,85000000
2026-05-28 12:30:12.479,2026/05/28/[$LATEST]5989da090f7445fcb92f7c32ee76dd46,3.73,,86000000
2026-05-28 12:30:12.530,2026/05/28/[$LATEST]15737d93c14242db96065ddfaa294dc4,1.75,,85000000
2026-05-28 12:30:12.562,2026/05/28/[$LATEST]5989da090f7445fcb92f7c32ee76dd46,1.86,,86000000
2026-05-28 12:30:12.614,2026/05/28/[$LATEST]5989da090f7445fcb92f7c32ee76dd46,1.89,,86000000
2026-05-28 12:30:12.669,2026/05/28/[$LATEST]15737d93c14242db96065ddfaa294dc4,1.71,,85000000
2026-05-28 12:30:12.756,2026/05/28/[$LATEST]2faaf80cfd9d45a1b10ad92bea2bdc23,1.55,,86000000
2026-05-28 12:30:12.759,2026/05/28/[$LATEST]5989da090f7445fcb92f7c32ee76dd46,19.41,,86000000
2026-05-28 12:30:12.792,2026/05/28/[$LATEST]5989da090f7445fcb92f7c32ee76dd46,1.8,,86000000
2026-05-28 12:30:12.804,2026/05/28/[$LATEST]15737d93c14242db96065ddfaa294dc4,1.73,,85000000
2026-05-28 12:30:12.847,2026/05/28/[$LATEST]15737d93c14242db96065ddfaa294dc4,1.75,,85000000
2026-05-28 12:30:12.854,2026/05/28/[$LATEST]15737d93c14242db96065ddfaa294dc4,1.85,,85000000
2026-05-28 12:30:12.877,2026/05/28/[$LATEST]15737d93c14242db96065ddfaa294dc4,2.21,,85000000
2026-05-28 12:30:12.911,2026/05/28/[$LATEST]2faaf80cfd9d45a1b10ad92bea2bdc23,1.79,,86000000
2026-05-28 12:30:12.913,2026/05/28/[$LATEST]5989da090f7445fcb92f7c32ee76dd46,1.78,,86000000
2026-05-28 12:30:12.982,2026/05/28/[$LATEST]15737d93c14242db96065ddfaa294dc4,1.67,,85000000
2026-05-28 12:30:13.061,2026/05/28/[$LATEST]645d0a3985b047aa91261d33b7d29c16,1.95,,86000000
2026-05-28 12:30:13.063,2026/05/28/[$LATEST]09b41d5fd2894f389e30ae58462b1250,1.78,,85000000
2026-05-28 12:30:13.074,2026/05/28/[$LATEST]09b41d5fd2894f389e30ae58462b1250,5.06,,85000000
2026-05-28 12:30:13.075,2026/05/28/[$LATEST]5989da090f7445fcb92f7c32ee76dd46,3.91,,86000000
2026-05-28 12:30:13.077,2026/05/28/[$LATEST]2faaf80cfd9d45a1b10ad92bea2bdc23,1.53,,86000000
2026-05-28 12:30:13.079,2026/05/28/[$LATEST]645d0a3985b047aa91261d33b7d29c16,12.37,,86000000
2026-05-28 12:30:13.092,2026/05/28/[$LATEST]09b41d5fd2894f389e30ae58462b1250,1.46,,85000000
2026-05-28 12:30:13.093,2026/05/28/[$LATEST]15737d93c14242db96065ddfaa294dc4,26.22,,85000000
2026-05-28 12:30:13.098,2026/05/28/[$LATEST]645d0a3985b047aa91261d33b7d29c16,8.24,,86000000
2026-05-28 12:30:13.101,2026/05/28/[$LATEST]2faaf80cfd9d45a1b10ad92bea2bdc23,1.71,,86000000
2026-05-28 12:30:13.119,2026/05/28/[$LATEST]5989da090f7445fcb92f7c32ee76dd46,16.59,,86000000
2026-05-28 12:30:13.157,2026/05/28/[$LATEST]645d0a3985b047aa91261d33b7d29c16,5,,86000000
2026-05-28 12:30:13.158,2026/05/28/[$LATEST]5989da090f7445fcb92f7c32ee76dd46,1.84,,86000000
2026-05-28 12:30:13.188,2026/05/28/[$LATEST]5989da090f7445fcb92f7c32ee76dd46,1.96,,86000000
2026-05-28 12:30:13.202,2026/05/28/[$LATEST]645d0a3985b047aa91261d33b7d29c16,1.88,,86000000
2026-05-28 12:30:13.220,2026/05/28/[$LATEST]645d0a3985b047aa91261d33b7d29c16,1.84,,86000000
2026-05-28 12:30:13.238,2026/05/28/[$LATEST]5989da090f7445fcb92f7c32ee76dd46,1.85,,86000000
2026-05-28 12:30:13.269,2026/05/28/[$LATEST]645d0a3985b047aa91261d33b7d29c16,1.88,,86000000
2026-05-28 12:30:13.271,2026/05/28/[$LATEST]5989da090f7445fcb92f7c32ee76dd46,1.89,,86000000
2026-05-28 12:30:13.288,2026/05/28/[$LATEST]5989da090f7445fcb92f7c32ee76dd46,1.79,,86000000
2026-05-28 12:30:13.291,2026/05/28/[$LATEST]645d0a3985b047aa91261d33b7d29c16,1.73,,86000000
2026-05-28 12:30:13.304,2026/05/28/[$LATEST]5989da090f7445fcb92f7c32ee76dd46,1.9,,86000000
2026-05-28 12:30:13.320,2026/05/28/[$LATEST]5989da090f7445fcb92f7c32ee76dd46,1.75,,86000000
2026-05-28 12:30:13.322,2026/05/28/[$LATEST]645d0a3985b047aa91261d33b7d29c16,17.87,,86000000
2026-05-28 12:30:13.339,2026/05/28/[$LATEST]5989da090f7445fcb92f7c32ee76dd46,10.5,,86000000
2026-05-28 12:30:13.411,2026/05/28/[$LATEST]645d0a3985b047aa91261d33b7d29c16,2.09,,86000000
2026-05-28 12:30:13.417,2026/05/28/[$LATEST]5989da090f7445fcb92f7c32ee76dd46,2.09,,86000000
2026-05-28 12:30:13.441,2026/05/28/[$LATEST]645d0a3985b047aa91261d33b7d29c16,5.28,,86000000
2026-05-28 12:30:13.446,2026/05/28/[$LATEST]5989da090f7445fcb92f7c32ee76dd46,1.99,,86000000
2026-05-28 12:30:13.450,2026/05/28/[$LATEST]2faaf80cfd9d45a1b10ad92bea2bdc23,1.61,,86000000
2026-05-28 12:30:13.507,2026/05/28/[$LATEST]2faaf80cfd9d45a1b10ad92bea2bdc23,1.91,,86000000
2026-05-28 12:30:13.542,2026/05/28/[$LATEST]5989da090f7445fcb92f7c32ee76dd46,1.68,,86000000
2026-05-28 12:30:13.543,2026/05/28/[$LATEST]2faaf80cfd9d45a1b10ad92bea2bdc23,1.94,,86000000
2026-05-28 12:30:13.579,2026/05/28/[$LATEST]2faaf80cfd9d45a1b10ad92bea2bdc23,1.8,,86000000
2026-05-28 12:30:13.581,2026/05/28/[$LATEST]645d0a3985b047aa91261d33b7d29c16,1.85,,86000000
2026-05-28 12:30:13.606,2026/05/28/[$LATEST]645d0a3985b047aa91261d33b7d29c16,1.92,,86000000
2026-05-28 12:30:13.672,2026/05/28/[$LATEST]645d0a3985b047aa91261d33b7d29c16,1.8,,86000000
2026-05-28 12:30:13.694,2026/05/28/[$LATEST]15737d93c14242db96065ddfaa294dc4,21.29,,85000000
2026-05-28 12:30:13.754,2026/05/28/[$LATEST]15737d93c14242db96065ddfaa294dc4,1.65,,85000000
2026-05-28 12:30:13.789,2026/05/28/[$LATEST]15737d93c14242db96065ddfaa294dc4,1.81,,85000000
2026-05-28 12:30:13.793,2026/05/28/[$LATEST]645d0a3985b047aa91261d33b7d29c16,1.99,,86000000
2026-05-28 12:30:13.840,2026/05/28/[$LATEST]645d0a3985b047aa91261d33b7d29c16,5.57,,86000000
2026-05-28 12:30:13.877,2026/05/28/[$LATEST]2faaf80cfd9d45a1b10ad92bea2bdc23,1.65,,86000000
2026-05-28 12:30:13.922,2026/05/28/[$LATEST]2faaf80cfd9d45a1b10ad92bea2bdc23,1.45,,86000000
2026-05-28 12:30:13.983,2026/05/28/[$LATEST]645d0a3985b047aa91261d33b7d29c16,1.87,,86000000
2026-05-28 12:30:14.008,2026/05/28/[$LATEST]645d0a3985b047aa91261d33b7d29c16,1.69,,86000000
2026-05-28 12:30:14.014,2026/05/28/[$LATEST]2faaf80cfd9d45a1b10ad92bea2bdc23,1.58,,86000000
2026-05-28 12:30:14.046,2026/05/28/[$LATEST]2faaf80cfd9d45a1b10ad92bea2bdc23,1.62,,86000000
2026-05-28 12:30:14.064,2026/05/28/[$LATEST]2faaf80cfd9d45a1b10ad92bea2bdc23,6.75,,86000000
2026-05-28 12:30:14.082,2026/05/28/[$LATEST]188cc19e71ed4e0bb96c479aefb33946,2.15,,86000000
2026-05-28 12:30:14.083,2026/05/28/[$LATEST]2faaf80cfd9d45a1b10ad92bea2bdc23,5.78,,86000000
2026-05-28 12:30:14.084,2026/05/28/[$LATEST]645d0a3985b047aa91261d33b7d29c16,1.65,,86000000
2026-05-28 12:30:14.086,2026/05/28/[$LATEST]cfb0e958f4874281914ba0b7a1a72bef,2.74,832.22,86000000
2026-05-28 12:30:14.088,2026/05/28/[$LATEST]15737d93c14242db96065ddfaa294dc4,2.05,,85000000
2026-05-28 12:30:14.094,2026/05/28/[$LATEST]5989da090f7445fcb92f7c32ee76dd46,2.09,,86000000
2026-05-28 12:30:14.109,2026/05/28/[$LATEST]5724bbfcea774384b83b606c0c42d806,22.35,937.18,86000000
2026-05-28 12:30:14.113,2026/05/28/[$LATEST]5989da090f7445fcb92f7c32ee76dd46,1.68,,86000000
2026-05-28 12:30:14.116,2026/05/28/[$LATEST]15737d93c14242db96065ddfaa294dc4,1.89,,85000000
2026-05-28 12:30:14.141,2026/05/28/[$LATEST]15737d93c14242db96065ddfaa294dc4,1.83,,85000000
2026-05-28 12:30:14.198,2026/05/28/[$LATEST]15737d93c14242db96065ddfaa294dc4,1.81,,85000000
2026-05-28 12:30:14.245,2026/05/28/[$LATEST]15737d93c14242db96065ddfaa294dc4,1.89,,85000000
2026-05-28 12:30:14.260,2026/05/28/[$LATEST]5989da090f7445fcb92f7c32ee76dd46,9.05,,86000000
2026-05-28 12:30:14.268,2026/05/28/[$LATEST]15737d93c14242db96065ddfaa294dc4,1.73,,85000000
2026-05-28 12:30:14.270,2026/05/28/[$LATEST]5724bbfcea774384b83b606c0c42d806,23.27,,86000000
2026-05-28 12:30:14.293,2026/05/28/[$LATEST]5724bbfcea774384b83b606c0c42d806,2.23,,86000000
2026-05-28 12:30:14.311,2026/05/28/[$LATEST]5724bbfcea774384b83b606c0c42d806,2,,86000000
2026-05-28 12:30:14.324,2026/05/28/[$LATEST]15737d93c14242db96065ddfaa294dc4,1.84,,85000000
2026-05-28 12:30:14.359,2026/05/28/[$LATEST]15737d93c14242db96065ddfaa294dc4,1.58,,85000000
2026-05-28 12:30:14.373,2026/05/28/[$LATEST]15737d93c14242db96065ddfaa294dc4,1.63,,85000000
2026-05-28 12:30:14.425,2026/05/28/[$LATEST]5724bbfcea774384b83b606c0c42d806,2.03,,86000000
2026-05-28 12:30:14.431,2026/05/28/[$LATEST]5989da090f7445fcb92f7c32ee76dd46,2.07,,86000000
2026-05-28 12:30:14.461,2026/05/28/[$LATEST]5989da090f7445fcb92f7c32ee76dd46,1.79,,86000000
2026-05-28 12:30:14.473,2026/05/28/[$LATEST]15737d93c14242db96065ddfaa294dc4,1.76,,85000000
2026-05-28 12:30:14.500,2026/05/28/[$LATEST]15737d93c14242db96065ddfaa294dc4,1.73,,85000000
2026-05-28 12:30:14.558,2026/05/28/[$LATEST]15737d93c14242db96065ddfaa294dc4,1.73,,85000000
2026-05-28 12:30:14.560,2026/05/28/[$LATEST]5989da090f7445fcb92f7c32ee76dd46,23.15,,86000000
2026-05-28 12:30:14.562,2026/05/28/[$LATEST]645d0a3985b047aa91261d33b7d29c16,1.92,,86000000
2026-05-28 12:30:14.570,2026/05/28/[$LATEST]5724bbfcea774384b83b606c0c42d806,12.41,,86000000
2026-05-28 12:30:14.578,2026/05/28/[$LATEST]645d0a3985b047aa91261d33b7d29c16,3.9,,86000000
2026-05-28 12:30:14.623,2026/05/28/[$LATEST]645d0a3985b047aa91261d33b7d29c16,1.74,,86000000
2026-05-28 12:30:14.629,2026/05/28/[$LATEST]15737d93c14242db96065ddfaa294dc4,2.77,,85000000
2026-05-28 12:30:14.664,2026/05/28/[$LATEST]5724bbfcea774384b83b606c0c42d806,2.12,,86000000
2026-05-28 12:30:14.673,2026/05/28/[$LATEST]15737d93c14242db96065ddfaa294dc4,1.59,,85000000
2026-05-28 12:30:14.683,2026/05/28/[$LATEST]645d0a3985b047aa91261d33b7d29c16,1.74,,86000000
2026-05-28 12:30:14.686,2026/05/28/[$LATEST]15737d93c14242db96065ddfaa294dc4,2.19,,85000000
2026-05-28 12:30:14.710,2026/05/28/[$LATEST]5724bbfcea774384b83b606c0c42d806,17.92,,86000000
2026-05-28 12:30:14.737,2026/05/28/[$LATEST]15737d93c14242db96065ddfaa294dc4,2.13,,85000000
2026-05-28 12:30:14.757,2026/05/28/[$LATEST]645d0a3985b047aa91261d33b7d29c16,1.93,,86000000
2026-05-28 12:30:14.757,2026/05/28/[$LATEST]15737d93c14242db96065ddfaa294dc4,7.3,,85000000
2026-05-28 12:30:14.771,2026/05/28/[$LATEST]5724bbfcea774384b83b606c0c42d806,2.53,,86000000
2026-05-28 12:30:14.789,2026/05/28/[$LATEST]645d0a3985b047aa91261d33b7d29c16,1.73,,86000000
2026-05-28 12:30:14.798,2026/05/28/[$LATEST]645d0a3985b047aa91261d33b7d29c16,2.38,,86000000
2026-05-28 12:30:14.808,2026/05/28/[$LATEST]5724bbfcea774384b83b606c0c42d806,2.32,,86000000
2026-05-28 12:30:14.932,2026/05/28/[$LATEST]645d0a3985b047aa91261d33b7d29c16,1.93,,86000000
2026-05-28 12:30:14.987,2026/05/28/[$LATEST]5989da090f7445fcb92f7c32ee76dd46,2,,86000000
2026-05-28 12:30:14.988,2026/05/28/[$LATEST]5724bbfcea774384b83b606c0c42d806,8.34,,86000000
2026-05-28 12:30:15.046,2026/05/28/[$LATEST]5724bbfcea774384b83b606c0c42d806,2.05,,86000000
2026-05-28 12:30:15.072,2026/05/28/[$LATEST]5724bbfcea774384b83b606c0c42d806,2.22,,86000000
2026-05-28 12:30:15.074,2026/05/28/[$LATEST]5989da090f7445fcb92f7c32ee76dd46,1.69,,86000000
2026-05-28 12:30:15.075,2026/05/28/[$LATEST]15737d93c14242db96065ddfaa294dc4,1.6,,85000000
2026-05-28 12:30:15.077,2026/05/28/[$LATEST]09b41d5fd2894f389e30ae58462b1250,1.8,,85000000
2026-05-28 12:30:15.078,2026/05/28/[$LATEST]645d0a3985b047aa91261d33b7d29c16,9.12,,86000000
2026-05-28 12:30:15.078,2026/05/28/[$LATEST]cfb0e958f4874281914ba0b7a1a72bef,2.81,,86000000
2026-05-28 12:30:15.084,2026/05/28/[$LATEST]2faaf80cfd9d45a1b10ad92bea2bdc23,2.07,,86000000
2026-05-28 12:30:15.090,2026/05/28/[$LATEST]5724bbfcea774384b83b606c0c42d806,12.23,,86000000
2026-05-28 12:30:15.095,2026/05/28/[$LATEST]7de6c63704704001920746bd5ec85dd3,18.93,768.36,85000000
2026-05-28 12:30:15.096,2026/05/28/[$LATEST]645d0a3985b047aa91261d33b7d29c16,1.75,,86000000
2026-05-28 12:30:15.119,2026/05/28/[$LATEST]645d0a3985b047aa91261d33b7d29c16,1.71,,86000000
2026-05-28 12:30:15.120,2026/05/28/[$LATEST]7de6c63704704001920746bd5ec85dd3,1.78,,85000000
2026-05-28 12:30:15.123,2026/05/28/[$LATEST]09b41d5fd2894f389e30ae58462b1250,1.81,,85000000
2026-05-28 12:30:15.137,2026/05/28/[$LATEST]2faaf80cfd9d45a1b10ad92bea2bdc23,1.63,,86000000
2026-05-28 12:30:15.145,2026/05/28/[$LATEST]2faaf80cfd9d45a1b10ad92bea2bdc23,1.66,,86000000
2026-05-28 12:30:15.151,2026/05/28/[$LATEST]09b41d5fd2894f389e30ae58462b1250,1.47,,85000000
2026-05-28 12:30:15.163,2026/05/28/[$LATEST]cfb0e958f4874281914ba0b7a1a72bef,16.6,,86000000
2026-05-28 12:30:15.165,2026/05/28/[$LATEST]2faaf80cfd9d45a1b10ad92bea2bdc23,1.65,,86000000
2026-05-28 12:30:15.168,2026/05/28/[$LATEST]09b41d5fd2894f389e30ae58462b1250,1.62,,85000000
2026-05-28 12:30:15.171,2026/05/28/[$LATEST]5724bbfcea774384b83b606c0c42d806,32.26,,86000000
2026-05-28 12:30:15.182,2026/05/28/[$LATEST]5724bbfcea774384b83b606c0c42d806,2.33,,86000000
2026-05-28 12:30:15.201,2026/05/28/[$LATEST]09b41d5fd2894f389e30ae58462b1250,1.73,,85000000
2026-05-28 12:30:15.207,2026/05/28/[$LATEST]645d0a3985b047aa91261d33b7d29c16,1.88,,86000000
2026-05-28 12:30:15.207,2026/05/28/[$LATEST]5724bbfcea774384b83b606c0c42d806,2.13,,86000000
2026-05-28 12:30:15.235,2026/05/28/[$LATEST]645d0a3985b047aa91261d33b7d29c16,1.82,,86000000
2026-05-28 12:30:15.241,2026/05/28/[$LATEST]09b41d5fd2894f389e30ae58462b1250,1.88,,85000000
2026-05-28 12:30:15.298,2026/05/28/[$LATEST]5724bbfcea774384b83b606c0c42d806,2.45,,86000000
2026-05-28 12:30:15.316,2026/05/28/[$LATEST]5724bbfcea774384b83b606c0c42d806,2.1,,86000000
2026-05-28 12:30:15.360,2026/05/28/[$LATEST]5724bbfcea774384b83b606c0c42d806,1.93,,86000000
2026-05-28 12:30:15.424,2026/05/28/[$LATEST]09b41d5fd2894f389e30ae58462b1250,1.9,,85000000
2026-05-28 12:30:15.437,2026/05/28/[$LATEST]5724bbfcea774384b83b606c0c42d806,1.98,,86000000
2026-05-28 12:30:15.477,2026/05/28/[$LATEST]09b41d5fd2894f389e30ae58462b1250,1.88,,85000000
2026-05-28 12:30:15.508,2026/05/28/[$LATEST]09b41d5fd2894f389e30ae58462b1250,1.5,,85000000
2026-05-28 12:30:15.518,2026/05/28/[$LATEST]5724bbfcea774384b83b606c0c42d806,3.75,,86000000
2026-05-28 12:30:15.522,2026/05/28/[$LATEST]09b41d5fd2894f389e30ae58462b1250,1.66,,85000000
2026-05-28 12:30:15.569,2026/05/28/[$LATEST]09b41d5fd2894f389e30ae58462b1250,1.82,,85000000
2026-05-28 12:30:15.621,2026/05/28/[$LATEST]5724bbfcea774384b83b606c0c42d806,2.18,,86000000
2026-05-28 12:30:15.649,2026/05/28/[$LATEST]09b41d5fd2894f389e30ae58462b1250,1.65,,85000000
2026-05-28 12:30:15.658,2026/05/28/[$LATEST]645d0a3985b047aa91261d33b7d29c16,2.05,,86000000
2026-05-28 12:30:15.665,2026/05/28/[$LATEST]5724bbfcea774384b83b606c0c42d806,2.06,,86000000
2026-05-28 12:30:15.697,2026/05/28/[$LATEST]645d0a3985b047aa91261d33b7d29c16,1.52,,86000000
2026-05-28 12:30:15.709,2026/05/28/[$LATEST]5724bbfcea774384b83b606c0c42d806,2.44,,86000000
2026-05-28 12:30:15.805,2026/05/28/[$LATEST]5724bbfcea774384b83b606c0c42d806,1.97,,86000000
2026-05-28 12:30:15.873,2026/05/28/[$LATEST]645d0a3985b047aa91261d33b7d29c16,1.95,,86000000
2026-05-28 12:30:15.875,2026/05/28/[$LATEST]5724bbfcea774384b83b606c0c42d806,1.86,,86000000
2026-05-28 12:30:15.889,2026/05/28/[$LATEST]5724bbfcea774384b83b606c0c42d806,4.79,,86000000
2026-05-28 12:30:15.889,2026/05/28/[$LATEST]645d0a3985b047aa91261d33b7d29c16,2.04,,86000000
2026-05-28 12:30:15.903,2026/05/28/[$LATEST]645d0a3985b047aa91261d33b7d29c16,1.87,,86000000
2026-05-28 12:30:15.912,2026/05/28/[$LATEST]5724bbfcea774384b83b606c0c42d806,2.25,,86000000
2026-05-28 12:30:15.934,2026/05/28/[$LATEST]645d0a3985b047aa91261d33b7d29c16,1.68,,86000000
2026-05-28 12:30:15.935,2026/05/28/[$LATEST]09b41d5fd2894f389e30ae58462b1250,1.91,,85000000
2026-05-28 12:30:15.982,2026/05/28/[$LATEST]09b41d5fd2894f389e30ae58462b1250,1.51,,85000000
2026-05-28 12:30:15.987,2026/05/28/[$LATEST]5724bbfcea774384b83b606c0c42d806,7.75,,86000000
2026-05-28 12:30:15.995,2026/05/28/[$LATEST]09b41d5fd2894f389e30ae58462b1250,1.53,,85000000
2026-05-28 12:30:16.014,2026/05/28/[$LATEST]5724bbfcea774384b83b606c0c42d806,1.82,,86000000
2026-05-28 12:30:16.049,2026/05/28/[$LATEST]5724bbfcea774384b83b606c0c42d806,1.84,,86000000
2026-05-28 12:30:16.080,2026/05/28/[$LATEST]09b41d5fd2894f389e30ae58462b1250,1.56,,85000000
2026-05-28 12:30:16.164,2026/05/28/[$LATEST]09b41d5fd2894f389e30ae58462b1250,1.6,,85000000
2026-05-28 12:30:16.199,2026/05/28/[$LATEST]09b41d5fd2894f389e30ae58462b1250,1.73,,85000000
2026-05-28 12:30:16.206,2026/05/28/[$LATEST]7de6c63704704001920746bd5ec85dd3,2.17,,85000000
2026-05-28 12:30:16.209,2026/05/28/[$LATEST]645d0a3985b047aa91261d33b7d29c16,1.64,,86000000
2026-05-28 12:30:16.211,2026/05/28/[$LATEST]15737d93c14242db96065ddfaa294dc4,2.12,,85000000
2026-05-28 12:30:16.213,2026/05/28/[$LATEST]09b41d5fd2894f389e30ae58462b1250,5.3,,85000000
2026-05-28 12:30:16.216,2026/05/28/[$LATEST]7de6c63704704001920746bd5ec85dd3,1.61,,85000000
2026-05-28 12:30:16.222,2026/05/28/[$LATEST]5724bbfcea774384b83b606c0c42d806,3.52,,86000000
2026-05-28 12:30:16.222,2026/05/28/[$LATEST]2faaf80cfd9d45a1b10ad92bea2bdc23,2.02,,86000000
2026-05-28 12:30:16.229,2026/05/28/[$LATEST]cfb0e958f4874281914ba0b7a1a72bef,1.98,,86000000
2026-05-28 12:30:16.232,2026/05/28/[$LATEST]15737d93c14242db96065ddfaa294dc4,2.03,,85000000
2026-05-28 12:30:16.233,2026/05/28/[$LATEST]09b41d5fd2894f389e30ae58462b1250,5.63,,85000000
2026-05-28 12:30:16.235,2026/05/28/[$LATEST]7de6c63704704001920746bd5ec85dd3,10.97,,85000000
2026-05-28 12:30:16.239,2026/05/28/[$LATEST]2faaf80cfd9d45a1b10ad92bea2bdc23,1.86,,86000000
2026-05-28 12:30:16.241,2026/05/28/[$LATEST]5724bbfcea774384b83b606c0c42d806,2.33,,86000000
2026-05-28 12:30:16.241,2026/05/28/[$LATEST]645d0a3985b047aa91261d33b7d29c16,1.85,,86000000
2026-05-28 12:30:16.241,2026/05/28/[$LATEST]cfb0e958f4874281914ba0b7a1a72bef,3.37,,86000000
2026-05-28 12:30:16.246,2026/05/28/[$LATEST]5989da090f7445fcb92f7c32ee76dd46,3.13,,86000000
2026-05-28 12:30:16.252,2026/05/28/[$LATEST]5724bbfcea774384b83b606c0c42d806,1.89,,86000000
2026-05-28 12:30:16.254,2026/05/28/[$LATEST]09b41d5fd2894f389e30ae58462b1250,16.05,,85000000
2026-05-28 12:30:16.255,2026/05/28/[$LATEST]7de6c63704704001920746bd5ec85dd3,13.17,,85000000
2026-05-28 12:30:16.258,2026/05/28/[$LATEST]645d0a3985b047aa91261d33b7d29c16,9.23,,86000000
2026-05-28 12:30:16.261,2026/05/28/[$LATEST]cfb0e958f4874281914ba0b7a1a72bef,6.09,,86000000
2026-05-28 12:30:16.274,2026/05/28/[$LATEST]15737d93c14242db96065ddfaa294dc4,2,,85000000
2026-05-28 12:30:16.276,2026/05/28/[$LATEST]7de6c63704704001920746bd5ec85dd3,2.17,,85000000
2026-05-28 12:30:16.296,2026/05/28/[$LATEST]7de6c63704704001920746bd5ec85dd3,1.99,,85000000
2026-05-28 12:30:16.325,2026/05/28/[$LATEST]7de6c63704704001920746bd5ec85dd3,1.83,,85000000
2026-05-28 12:30:16.341,2026/05/28/[$LATEST]cfb0e958f4874281914ba0b7a1a72bef,35.13,,86000000
2026-05-28 12:30:16.384,2026/05/28/[$LATEST]7de6c63704704001920746bd5ec85dd3,1.79,,85000000
2026-05-28 12:30:16.402,2026/05/28/[$LATEST]cfb0e958f4874281914ba0b7a1a72bef,13.07,,86000000
2026-05-28 12:30:16.407,2026/05/28/[$LATEST]5724bbfcea774384b83b606c0c42d806,2.06,,86000000
2026-05-28 12:30:16.407,2026/05/28/[$LATEST]7de6c63704704001920746bd5ec85dd3,2.21,,85000000
2026-05-28 12:30:16.410,2026/05/28/[$LATEST]15737d93c14242db96065ddfaa294dc4,1.71,,85000000
2026-05-28 12:30:16.427,2026/05/28/[$LATEST]5724bbfcea774384b83b606c0c42d806,2,,86000000
2026-05-28 12:30:16.427,2026/05/28/[$LATEST]15737d93c14242db96065ddfaa294dc4,1.87,,85000000
2026-05-28 12:30:16.433,2026/05/28/[$LATEST]cfb0e958f4874281914ba0b7a1a72bef,2.24,,86000000
2026-05-28 12:30:16.437,2026/05/28/[$LATEST]15737d93c14242db96065ddfaa294dc4,1.72,,85000000
2026-05-28 12:30:16.439,2026/05/28/[$LATEST]5724bbfcea774384b83b606c0c42d806,2.19,,86000000
2026-05-28 12:30:16.446,2026/05/28/[$LATEST]cfb0e958f4874281914ba0b7a1a72bef,2.49,,86000000
2026-05-28 12:30:16.459,2026/05/28/[$LATEST]5989da090f7445fcb92f7c32ee76dd46,1.96,,86000000
2026-05-28 12:30:16.471,2026/05/28/[$LATEST]5989da090f7445fcb92f7c32ee76dd46,1.85,,86000000
2026-05-28 12:30:16.471,2026/05/28/[$LATEST]5724bbfcea774384b83b606c0c42d806,10.83,,86000000
2026-05-28 12:30:16.472,2026/05/28/[$LATEST]2faaf80cfd9d45a1b10ad92bea2bdc23,1.69,,86000000
2026-05-28 12:30:16.482,2026/05/28/[$LATEST]cfb0e958f4874281914ba0b7a1a72bef,27.51,,86000000
2026-05-28 12:30:16.510,2026/05/28/[$LATEST]cfb0e958f4874281914ba0b7a1a72bef,4.45,,86000000
2026-05-28 12:30:16.524,2026/05/28/[$LATEST]cfb0e958f4874281914ba0b7a1a72bef,2.24,,86000000
2026-05-28 12:30:16.561,2026/05/28/[$LATEST]cfb0e958f4874281914ba0b7a1a72bef,1.8,,86000000
2026-05-28 12:30:16.608,2026/05/28/[$LATEST]15737d93c14242db96065ddfaa294dc4,1.81,,85000000
2026-05-28 12:30:16.612,2026/05/28/[$LATEST]cfb0e958f4874281914ba0b7a1a72bef,1.79,,86000000
2026-05-28 12:30:16.642,2026/05/28/[$LATEST]15737d93c14242db96065ddfaa294dc4,1.83,,85000000
2026-05-28 12:30:16.708,2026/05/28/[$LATEST]cfb0e958f4874281914ba0b7a1a72bef,1.99,,86000000
2026-05-28 12:30:16.714,2026/05/28/[$LATEST]5989da090f7445fcb92f7c32ee76dd46,1.74,,86000000
2026-05-28 12:30:16.725,2026/05/28/[$LATEST]2faaf80cfd9d45a1b10ad92bea2bdc23,17.54,,86000000
2026-05-28 12:30:16.739,2026/05/28/[$LATEST]5989da090f7445fcb92f7c32ee76dd46,1.77,,86000000
2026-05-28 12:30:16.744,2026/05/28/[$LATEST]2faaf80cfd9d45a1b10ad92bea2bdc23,12.16,,86000000
2026-05-28 12:30:16.745,2026/05/28/[$LATEST]cfb0e958f4874281914ba0b7a1a72bef,2.63,,86000000
2026-05-28 12:30:16.763,2026/05/28/[$LATEST]cfb0e958f4874281914ba0b7a1a72bef,10.63,,86000000
2026-05-28 12:30:16.798,2026/05/28/[$LATEST]cfb0e958f4874281914ba0b7a1a72bef,1.98,,86000000
2026-05-28 12:30:16.813,2026/05/28/[$LATEST]cfb0e958f4874281914ba0b7a1a72bef,1.94,,86000000
2026-05-28 12:30:16.859,2026/05/28/[$LATEST]15737d93c14242db96065ddfaa294dc4,1.63,,85000000
2026-05-28 12:30:16.860,2026/05/28/[$LATEST]cfb0e958f4874281914ba0b7a1a72bef,1.87,,86000000
2026-05-28 12:30:16.876,2026/05/28/[$LATEST]15737d93c14242db96065ddfaa294dc4,1.73,,85000000
2026-05-28 12:30:16.885,2026/05/28/[$LATEST]cfb0e958f4874281914ba0b7a1a72bef,5.51,,86000000
2026-05-28 12:30:16.891,2026/05/28/[$LATEST]2faaf80cfd9d45a1b10ad92bea2bdc23,4.83,,86000000
2026-05-28 12:30:16.912,2026/05/28/[$LATEST]15737d93c14242db96065ddfaa294dc4,1.75,,85000000
2026-05-28 12:30:16.926,2026/05/28/[$LATEST]2faaf80cfd9d45a1b10ad92bea2bdc23,1.52,,86000000
2026-05-28 12:30:16.932,2026/05/28/[$LATEST]15737d93c14242db96065ddfaa294dc4,1.89,,85000000
2026-05-28 12:30:16.949,2026/05/28/[$LATEST]15737d93c14242db96065ddfaa294dc4,1.82,,85000000
2026-05-28 12:30:16.983,2026/05/28/[$LATEST]2faaf80cfd9d45a1b10ad92bea2bdc23,2.25,,86000000
2026-05-28 12:30:16.987,2026/05/28/[$LATEST]15737d93c14242db96065ddfaa294dc4,1.61,,85000000
2026-05-28 12:30:17.030,2026/05/28/[$LATEST]15737d93c14242db96065ddfaa294dc4,1.6,,85000000
2026-05-28 12:30:17.039,2026/05/28/[$LATEST]2faaf80cfd9d45a1b10ad92bea2bdc23,2.22,,86000000
2026-05-28 12:30:17.055,2026/05/28/[$LATEST]15737d93c14242db96065ddfaa294dc4,1.82,,85000000
2026-05-28 12:30:17.080,2026/05/28/[$LATEST]cfb0e958f4874281914ba0b7a1a72bef,2,,86000000
2026-05-28 12:30:17.081,2026/05/28/[$LATEST]15737d93c14242db96065ddfaa294dc4,1.82,,85000000
2026-05-28 12:30:17.082,2026/05/28/[$LATEST]2faaf80cfd9d45a1b10ad92bea2bdc23,1.66,,86000000
2026-05-28 12:30:17.082,2026/05/28/[$LATEST]5989da090f7445fcb92f7c32ee76dd46,1.88,,86000000
2026-05-28 12:30:17.085,2026/05/28/[$LATEST]7de6c63704704001920746bd5ec85dd3,2.1,,85000000
2026-05-28 12:30:17.087,2026/05/28/[$LATEST]645d0a3985b047aa91261d33b7d29c16,1.66,,86000000
2026-05-28 12:30:17.092,2026/05/28/[$LATEST]5724bbfcea774384b83b606c0c42d806,2.36,,86000000
2026-05-28 12:30:17.093,2026/05/28/[$LATEST]15737d93c14242db96065ddfaa294dc4,6.29,,85000000
2026-05-28 12:30:17.095,2026/05/28/[$LATEST]09b41d5fd2894f389e30ae58462b1250,5.86,,85000000
2026-05-28 12:30:17.099,2026/05/28/[$LATEST]5989da090f7445fcb92f7c32ee76dd46,2.49,,86000000
2026-05-28 12:30:17.104,2026/05/28/[$LATEST]2faaf80cfd9d45a1b10ad92bea2bdc23,10.77,,86000000
2026-05-28 12:30:17.136,2026/05/28/[$LATEST]09b41d5fd2894f389e30ae58462b1250,1.6,,85000000
2026-05-28 12:30:17.147,2026/05/28/[$LATEST]5989da090f7445fcb92f7c32ee76dd46,1.72,,86000000
2026-05-28 12:30:17.150,2026/05/28/[$LATEST]2faaf80cfd9d45a1b10ad92bea2bdc23,1.69,,86000000
2026-05-28 12:30:17.154,2026/05/28/[$LATEST]5724bbfcea774384b83b606c0c42d806,4.68,,86000000
2026-05-28 12:30:17.195,2026/05/28/[$LATEST]09b41d5fd2894f389e30ae58462b1250,1.82,,85000000
2026-05-28 12:30:17.248,2026/05/28/[$LATEST]5724bbfcea774384b83b606c0c42d806,1.87,,86000000
2026-05-28 12:30:17.322,2026/05/28/[$LATEST]5724bbfcea774384b83b606c0c42d806,2.14,,86000000
2026-05-28 12:30:17.385,2026/05/28/[$LATEST]09b41d5fd2894f389e30ae58462b1250,1.89,,85000000
2026-05-28 12:30:17.392,2026/05/28/[$LATEST]5724bbfcea774384b83b606c0c42d806,2.26,,86000000
2026-05-28 12:30:17.395,2026/05/28/[$LATEST]09b41d5fd2894f389e30ae58462b1250,4.2,,85000000
2026-05-28 12:30:17.416,2026/05/28/[$LATEST]09b41d5fd2894f389e30ae58462b1250,1.77,,85000000
2026-05-28 12:30:17.454,2026/05/28/[$LATEST]09b41d5fd2894f389e30ae58462b1250,1.57,,85000000
2026-05-28 12:30:17.459,2026/05/28/[$LATEST]15737d93c14242db96065ddfaa294dc4,1.71,,85000000
2026-05-28 12:30:17.465,2026/05/28/[$LATEST]5724bbfcea774384b83b606c0c42d806,2.25,,86000000
2026-05-28 12:30:17.544,2026/05/28/[$LATEST]5724bbfcea774384b83b606c0c42d806,2.08,,86000000
2026-05-28 12:30:17.546,2026/05/28/[$LATEST]2faaf80cfd9d45a1b10ad92bea2bdc23,1.71,,86000000
2026-05-28 12:30:17.573,2026/05/28/[$LATEST]15737d93c14242db96065ddfaa294dc4,1.69,,85000000
2026-05-28 12:30:17.578,2026/05/28/[$LATEST]2faaf80cfd9d45a1b10ad92bea2bdc23,1.62,,86000000
2026-05-28 12:30:17.605,2026/05/28/[$LATEST]15737d93c14242db96065ddfaa294dc4,3.1,,85000000
2026-05-28 12:30:17.658,2026/05/28/[$LATEST]15737d93c14242db96065ddfaa294dc4,1.63,,85000000
2026-05-28 12:30:17.670,2026/05/28/[$LATEST]2faaf80cfd9d45a1b10ad92bea2bdc23,1.56,,86000000
2026-05-28 12:30:17.679,2026/05/28/[$LATEST]15737d93c14242db96065ddfaa294dc4,1.87,,85000000
2026-05-28 12:30:17.735,2026/05/28/[$LATEST]15737d93c14242db96065ddfaa294dc4,1.82,,85000000
2026-05-28 12:30:17.743,2026/05/28/[$LATEST]2faaf80cfd9d45a1b10ad92bea2bdc23,1.78,,86000000
2026-05-28 12:30:17.789,2026/05/28/[$LATEST]15737d93c14242db96065ddfaa294dc4,1.93,,85000000
2026-05-28 12:30:17.799,2026/05/28/[$LATEST]5724bbfcea774384b83b606c0c42d806,2.1,,86000000
2026-05-28 12:30:17.804,2026/05/28/[$LATEST]2faaf80cfd9d45a1b10ad92bea2bdc23,29.39,,86000000
2026-05-28 12:30:17.816,2026/05/28/[$LATEST]15737d93c14242db96065ddfaa294dc4,1.84,,85000000
2026-05-28 12:30:17.844,2026/05/28/[$LATEST]2faaf80cfd9d45a1b10ad92bea2bdc23,1.63,,86000000
2026-05-28 12:30:17.853,2026/05/28/[$LATEST]15737d93c14242db96065ddfaa294dc4,1.77,,85000000
2026-05-28 12:30:17.870,2026/05/28/[$LATEST]2faaf80cfd9d45a1b10ad92bea2bdc23,1.75,,86000000
2026-05-28 12:30:17.892,2026/05/28/[$LATEST]2faaf80cfd9d45a1b10ad92bea2bdc23,1.82,,86000000
2026-05-28 12:30:17.912,2026/05/28/[$LATEST]15737d93c14242db96065ddfaa294dc4,1.63,,85000000
2026-05-28 12:30:17.935,2026/05/28/[$LATEST]15737d93c14242db96065ddfaa294dc4,1.75,,85000000
2026-05-28 12:30:17.945,2026/05/28/[$LATEST]2faaf80cfd9d45a1b10ad92bea2bdc23,1.77,,86000000
2026-05-28 12:30:17.964,2026/05/28/[$LATEST]2faaf80cfd9d45a1b10ad92bea2bdc23,3.93,,86000000
2026-05-28 12:30:17.967,2026/05/28/[$LATEST]15737d93c14242db96065ddfaa294dc4,1.76,,85000000
2026-05-28 12:30:17.986,2026/05/28/[$LATEST]15737d93c14242db96065ddfaa294dc4,2.59,,85000000
2026-05-28 12:30:17.993,2026/05/28/[$LATEST]09b41d5fd2894f389e30ae58462b1250,1.85,,85000000
2026-05-28 12:30:18.010,2026/05/28/[$LATEST]09b41d5fd2894f389e30ae58462b1250,1.79,,85000000
2026-05-28 12:30:18.016,2026/05/28/[$LATEST]09b41d5fd2894f389e30ae58462b1250,1.37,,85000000
2026-05-28 12:30:18.028,2026/05/28/[$LATEST]2faaf80cfd9d45a1b10ad92bea2bdc23,1.89,,86000000
2026-05-28 12:30:18.029,2026/05/28/[$LATEST]5724bbfcea774384b83b606c0c42d806,2.23,,86000000
2026-05-28 12:30:18.047,2026/05/28/[$LATEST]2faaf80cfd9d45a1b10ad92bea2bdc23,1.83,,86000000
2026-05-28 12:30:18.052,2026/05/28/[$LATEST]5724bbfcea774384b83b606c0c42d806,10.61,,86000000
2026-05-28 12:30:18.064,2026/05/28/[$LATEST]2faaf80cfd9d45a1b10ad92bea2bdc23,7.18,,86000000
2026-05-28 12:30:18.071,2026/05/28/[$LATEST]09b41d5fd2894f389e30ae58462b1250,1.7,,85000000
2026-05-28 12:30:18.075,2026/05/28/[$LATEST]15737d93c14242db96065ddfaa294dc4,1.91,,85000000
2026-05-28 12:30:18.078,2026/05/28/[$LATEST]645d0a3985b047aa91261d33b7d29c16,2.1,,86000000
2026-05-28 12:30:18.078,2026/05/28/[$LATEST]09b41d5fd2894f389e30ae58462b1250,1.5,,85000000
2026-05-28 12:30:18.084,2026/05/28/[$LATEST]2faaf80cfd9d45a1b10ad92bea2bdc23,11.52,,86000000
2026-05-28 12:30:18.088,2026/05/28/[$LATEST]5989da090f7445fcb92f7c32ee76dd46,1.76,,86000000
2026-05-28 12:30:18.089,2026/05/28/[$LATEST]5724bbfcea774384b83b606c0c42d806,10.63,,86000000
2026-05-28 12:30:18.089,2026/05/28/[$LATEST]cfb0e958f4874281914ba0b7a1a72bef,1.94,,86000000
2026-05-28 12:30:18.090,2026/05/28/[$LATEST]188cc19e71ed4e0bb96c479aefb33946,1.79,,86000000
2026-05-28 12:30:18.091,2026/05/28/[$LATEST]645d0a3985b047aa91261d33b7d29c16,1.78,,86000000
2026-05-28 12:30:18.093,2026/05/28/[$LATEST]09b41d5fd2894f389e30ae58462b1250,7.22,,85000000
2026-05-28 12:30:18.105,2026/05/28/[$LATEST]2faaf80cfd9d45a1b10ad92bea2bdc23,2,,86000000
2026-05-28 12:30:18.121,2026/05/28/[$LATEST]188cc19e71ed4e0bb96c479aefb33946,2,,86000000
2026-05-28 12:30:18.124,2026/05/28/[$LATEST]2faaf80cfd9d45a1b10ad92bea2bdc23,11.43,,86000000
2026-05-28 12:30:18.142,2026/05/28/[$LATEST]09b41d5fd2894f389e30ae58462b1250,1.92,,85000000
2026-05-28 12:30:18.150,2026/05/28/[$LATEST]2faaf80cfd9d45a1b10ad92bea2bdc23,1.71,,86000000
2026-05-28 12:30:18.159,2026/05/28/[$LATEST]09b41d5fd2894f389e30ae58462b1250,1.71,,85000000
2026-05-28 12:30:18.159,2026/05/28/[$LATEST]15737d93c14242db96065ddfaa294dc4,1.59,,85000000
2026-05-28 12:30:18.160,2026/05/28/[$LATEST]645d0a3985b047aa91261d33b7d29c16,1.8,,86000000
2026-05-28 12:30:18.169,2026/05/28/[$LATEST]188cc19e71ed4e0bb96c479aefb33946,16.24,,86000000
2026-05-28 12:30:18.187,2026/05/28/[$LATEST]645d0a3985b047aa91261d33b7d29c16,2.16,,86000000
2026-05-28 12:30:18.228,2026/05/28/[$LATEST]15737d93c14242db96065ddfaa294dc4,1.76,,85000000
2026-05-28 12:30:18.229,2026/05/28/[$LATEST]188cc19e71ed4e0bb96c479aefb33946,22.35,,86000000
2026-05-28 12:30:18.230,2026/05/28/[$LATEST]09b41d5fd2894f389e30ae58462b1250,1.54,,85000000
2026-05-28 12:30:18.238,2026/05/28/[$LATEST]645d0a3985b047aa91261d33b7d29c16,24.08,,86000000
2026-05-28 12:30:18.238,2026/05/28/[$LATEST]15737d93c14242db96065ddfaa294dc4,1.68,,85000000
2026-05-28 12:30:18.244,2026/05/28/[$LATEST]645d0a3985b047aa91261d33b7d29c16,1.77,,86000000
2026-05-28 12:30:18.256,2026/05/28/[$LATEST]188cc19e71ed4e0bb96c479aefb33946,1.99,,86000000
2026-05-28 12:30:18.278,2026/05/28/[$LATEST]645d0a3985b047aa91261d33b7d29c16,1.75,,86000000
2026-05-28 12:30:18.288,2026/05/28/[$LATEST]188cc19e71ed4e0bb96c479aefb33946,2.04,,86000000
2026-05-28 12:30:18.301,2026/05/28/[$LATEST]645d0a3985b047aa91261d33b7d29c16,1.68,,86000000
2026-05-28 12:30:18.324,2026/05/28/[$LATEST]645d0a3985b047aa91261d33b7d29c16,2.02,,86000000
2026-05-28 12:30:18.332,2026/05/28/[$LATEST]15737d93c14242db96065ddfaa294dc4,5.53,,85000000
2026-05-28 12:30:18.334,2026/05/28/[$LATEST]2faaf80cfd9d45a1b10ad92bea2bdc23,1.76,,86000000
2026-05-28 12:30:18.349,2026/05/28/[$LATEST]2faaf80cfd9d45a1b10ad92bea2bdc23,1.78,,86000000
2026-05-28 12:30:18.352,2026/05/28/[$LATEST]5724bbfcea774384b83b606c0c42d806,3.49,,86000000
2026-05-28 12:30:18.353,2026/05/28/[$LATEST]15737d93c14242db96065ddfaa294dc4,11.5,,85000000
2026-05-28 12:30:18.354,2026/05/28/[$LATEST]188cc19e71ed4e0bb96c479aefb33946,5.31,,86000000
2026-05-28 12:30:18.359,2026/05/28/[$LATEST]645d0a3985b047aa91261d33b7d29c16,1.72,,86000000
2026-05-28 12:30:18.360,2026/05/28/[$LATEST]cfb0e958f4874281914ba0b7a1a72bef,5.08,,86000000
2026-05-28 12:30:18.377,2026/05/28/[$LATEST]15737d93c14242db96065ddfaa294dc4,1.91,,85000000
2026-05-28 12:30:18.378,2026/05/28/[$LATEST]645d0a3985b047aa91261d33b7d29c16,11.92,,86000000
2026-05-28 12:30:18.393,2026/05/28/[$LATEST]15737d93c14242db96065ddfaa294dc4,3.96,,85000000
2026-05-28 12:30:18.397,2026/05/28/[$LATEST]09b41d5fd2894f389e30ae58462b1250,1.94,,85000000
2026-05-28 12:30:18.399,2026/05/28/[$LATEST]645d0a3985b047aa91261d33b7d29c16,2.01,,86000000
2026-05-28 12:30:18.401,2026/05/28/[$LATEST]cfb0e958f4874281914ba0b7a1a72bef,2.26,,86000000
2026-05-28 12:30:18.421,2026/05/28/[$LATEST]cfb0e958f4874281914ba0b7a1a72bef,7.16,,86000000
2026-05-28 12:30:18.425,2026/05/28/[$LATEST]188cc19e71ed4e0bb96c479aefb33946,1.74,,86000000
2026-05-28 12:30:18.435,2026/05/28/[$LATEST]188cc19e71ed4e0bb96c479aefb33946,1.81,,86000000
2026-05-28 12:30:18.436,2026/05/28/[$LATEST]645d0a3985b047aa91261d33b7d29c16,9.02,,86000000
2026-05-28 12:30:18.452,2026/05/28/[$LATEST]09b41d5fd2894f389e30ae58462b1250,1.93,,85000000
2026-05-28 12:30:18.452,2026/05/28/[$LATEST]188cc19e71ed4e0bb96c479aefb33946,1.92,,86000000
2026-05-28 12:30:18.453,2026/05/28/[$LATEST]645d0a3985b047aa91261d33b7d29c16,1.95,,86000000
2026-05-28 12:30:18.460,2026/05/28/[$LATEST]15737d93c14242db96065ddfaa294dc4,1.7,,85000000
2026-05-28 12:30:18.504,2026/05/28/[$LATEST]188cc19e71ed4e0bb96c479aefb33946,1.98,,86000000
2026-05-28 12:30:18.506,2026/05/28/[$LATEST]cfb0e958f4874281914ba0b7a1a72bef,1.72,,86000000
2026-05-28 12:30:18.531,2026/05/28/[$LATEST]15737d93c14242db96065ddfaa294dc4,1.62,,85000000
2026-05-28 12:30:18.560,2026/05/28/[$LATEST]15737d93c14242db96065ddfaa294dc4,1.69,,85000000
2026-05-28 12:30:18.579,2026/05/28/[$LATEST]15737d93c14242db96065ddfaa294dc4,1.58,,85000000
2026-05-28 12:30:18.601,2026/05/28/[$LATEST]cfb0e958f4874281914ba0b7a1a72bef,49.54,,86000000
2026-05-28 12:30:18.627,2026/05/28/[$LATEST]cfb0e958f4874281914ba0b7a1a72bef,2.43,,86000000
2026-05-28 12:30:18.646,2026/05/28/[$LATEST]15737d93c14242db96065ddfaa294dc4,1.62,,85000000
2026-05-28 12:30:18.701,2026/05/28/[$LATEST]15737d93c14242db96065ddfaa294dc4,1.78,,85000000
2026-05-28 12:30:18.719,2026/05/28/[$LATEST]15737d93c14242db96065ddfaa294dc4,1.58,,85000000
2026-05-28 12:30:18.731,2026/05/28/[$LATEST]645d0a3985b047aa91261d33b7d29c16,1.96,,86000000
2026-05-28 12:30:18.732,2026/05/28/[$LATEST]15737d93c14242db96065ddfaa294dc4,3.88,,85000000
2026-05-28 12:30:18.741,2026/05/28/[$LATEST]cfb0e958f4874281914ba0b7a1a72bef,16.89,,86000000
2026-05-28 12:30:18.767,2026/05/28/[$LATEST]cfb0e958f4874281914ba0b7a1a72bef,2.12,,86000000
2026-05-28 12:30:18.788,2026/05/28/[$LATEST]15737d93c14242db96065ddfaa294dc4,1.72,,85000000
2026-05-28 12:30:18.792,2026/05/28/[$LATEST]cfb0e958f4874281914ba0b7a1a72bef,2.31,,86000000
2026-05-28 12:30:18.801,2026/05/28/[$LATEST]15737d93c14242db96065ddfaa294dc4,1.76,,85000000
2026-05-28 12:30:18.846,2026/05/28/[$LATEST]15737d93c14242db96065ddfaa294dc4,1.9,,85000000
2026-05-28 12:30:18.855,2026/05/28/[$LATEST]645d0a3985b047aa91261d33b7d29c16,1.66,,86000000
2026-05-28 12:30:18.862,2026/05/28/[$LATEST]645d0a3985b047aa91261d33b7d29c16,1.41,,86000000
2026-05-28 12:30:18.931,2026/05/28/[$LATEST]645d0a3985b047aa91261d33b7d29c16,1.92,,86000000
2026-05-28 12:30:18.933,2026/05/28/[$LATEST]15737d93c14242db96065ddfaa294dc4,1.66,,85000000
2026-05-28 12:30:18.941,2026/05/28/[$LATEST]cfb0e958f4874281914ba0b7a1a72bef,1.92,,86000000
2026-05-28 12:30:18.968,2026/05/28/[$LATEST]cfb0e958f4874281914ba0b7a1a72bef,2.05,,86000000
2026-05-28 12:30:19.009,2026/05/28/[$LATEST]15737d93c14242db96065ddfaa294dc4,1.65,,85000000
2026-05-28 12:30:19.044,2026/05/28/[$LATEST]15737d93c14242db96065ddfaa294dc4,1.74,,85000000
2026-05-28 12:30:19.053,2026/05/28/[$LATEST]15737d93c14242db96065ddfaa294dc4,1.59,,85000000
2026-05-28 12:30:19.062,2026/05/28/[$LATEST]645d0a3985b047aa91261d33b7d29c16,1.67,,86000000
2026-05-28 12:30:19.076,2026/05/28/[$LATEST]cfb0e958f4874281914ba0b7a1a72bef,4.02,,86000000
2026-05-28 12:30:19.078,2026/05/28/[$LATEST]188cc19e71ed4e0bb96c479aefb33946,2.14,,86000000
2026-05-28 12:30:19.078,2026/05/28/[$LATEST]645d0a3985b047aa91261d33b7d29c16,7.16,,86000000
2026-05-28 12:30:19.081,2026/05/28/[$LATEST]15737d93c14242db96065ddfaa294dc4,1.88,,85000000
2026-05-28 12:30:19.083,2026/05/28/[$LATEST]09b41d5fd2894f389e30ae58462b1250,1.64,,85000000
2026-05-28 12:30:19.084,2026/05/28/[$LATEST]7de6c63704704001920746bd5ec85dd3,2.11,,85000000
2026-05-28 12:30:19.084,2026/05/28/[$LATEST]2faaf80cfd9d45a1b10ad92bea2bdc23,2.44,,86000000
2026-05-28 12:30:19.090,2026/05/28/[$LATEST]5724bbfcea774384b83b606c0c42d806,13.26,,86000000
2026-05-28 12:30:19.091,2026/05/28/[$LATEST]188cc19e71ed4e0bb96c479aefb33946,2,,86000000
2026-05-28 12:30:19.093,2026/05/28/[$LATEST]15737d93c14242db96065ddfaa294dc4,6.24,,85000000
2026-05-28 12:30:19.098,2026/05/28/[$LATEST]645d0a3985b047aa91261d33b7d29c16,12.92,,86000000
2026-05-28 12:30:19.101,2026/05/28/[$LATEST]cfb0e958f4874281914ba0b7a1a72bef,10.94,,86000000
2026-05-28 12:30:19.115,2026/05/28/[$LATEST]7de6c63704704001920746bd5ec85dd3,15.21,,85000000
2026-05-28 12:30:19.156,2026/05/28/[$LATEST]cfb0e958f4874281914ba0b7a1a72bef,2.44,,86000000
2026-05-28 12:30:19.170,2026/05/28/[$LATEST]188cc19e71ed4e0bb96c479aefb33946,1.97,,86000000
2026-05-28 12:30:19.189,2026/05/28/[$LATEST]188cc19e71ed4e0bb96c479aefb33946,11.73,,86000000
2026-05-28 12:30:19.200,2026/05/28/[$LATEST]cfb0e958f4874281914ba0b7a1a72bef,2.09,,86000000
2026-05-28 12:30:19.208,2026/05/28/[$LATEST]645d0a3985b047aa91261d33b7d29c16,1.87,,86000000
2026-05-28 12:30:19.238,2026/05/28/[$LATEST]cfb0e958f4874281914ba0b7a1a72bef,2.11,,86000000
2026-05-28 12:30:19.243,2026/05/28/[$LATEST]188cc19e71ed4e0bb96c479aefb33946,1.8,,86000000
2026-05-28 12:30:19.256,2026/05/28/[$LATEST]7de6c63704704001920746bd5ec85dd3,57.95,,85000000
2026-05-28 12:30:19.295,2026/05/28/[$LATEST]188cc19e71ed4e0bb96c479aefb33946,1.67,,86000000
2026-05-28 12:30:19.307,2026/05/28/[$LATEST]7de6c63704704001920746bd5ec85dd3,1.73,,85000000
2026-05-28 12:30:19.312,2026/05/28/[$LATEST]645d0a3985b047aa91261d33b7d29c16,1.63,,86000000
2026-05-28 12:30:19.331,2026/05/28/[$LATEST]645d0a3985b047aa91261d33b7d29c16,1.88,,86000000
2026-05-28 12:30:19.340,2026/05/28/[$LATEST]645d0a3985b047aa91261d33b7d29c16,2.09,,86000000
2026-05-28 12:30:19.362,2026/05/28/[$LATEST]188cc19e71ed4e0bb96c479aefb33946,2.01,,86000000
2026-05-28 12:30:19.364,2026/05/28/[$LATEST]cfb0e958f4874281914ba0b7a1a72bef,1.82,,86000000
2026-05-28 12:30:19.369,2026/05/28/[$LATEST]7de6c63704704001920746bd5ec85dd3,1.95,,85000000
2026-05-28 12:30:19.369,2026/05/28/[$LATEST]645d0a3985b047aa91261d33b7d29c16,1.71,,86000000
2026-05-28 12:30:19.372,2026/05/28/[$LATEST]5724bbfcea774384b83b606c0c42d806,5.81,,86000000
2026-05-28 12:30:19.374,2026/05/28/[$LATEST]2faaf80cfd9d45a1b10ad92bea2bdc23,2.06,,86000000
2026-05-28 12:30:19.384,2026/05/28/[$LATEST]7de6c63704704001920746bd5ec85dd3,1.6,,85000000
2026-05-28 12:30:19.398,2026/05/28/[$LATEST]2faaf80cfd9d45a1b10ad92bea2bdc23,1.81,,86000000
2026-05-28 12:30:19.405,2026/05/28/[$LATEST]7de6c63704704001920746bd5ec85dd3,1.89,,85000000
2026-05-28 12:30:19.414,2026/05/28/[$LATEST]2faaf80cfd9d45a1b10ad92bea2bdc23,1.69,,86000000
2026-05-28 12:30:19.440,2026/05/28/[$LATEST]2faaf80cfd9d45a1b10ad92bea2bdc23,1.79,,86000000
2026-05-28 12:30:19.478,2026/05/28/[$LATEST]7de6c63704704001920746bd5ec85dd3,1.56,,85000000
2026-05-28 12:30:19.506,2026/05/28/[$LATEST]2faaf80cfd9d45a1b10ad92bea2bdc23,2.63,,86000000
2026-05-28 12:30:19.514,2026/05/28/[$LATEST]5724bbfcea774384b83b606c0c42d806,2.03,,86000000
2026-05-28 12:30:19.575,2026/05/28/[$LATEST]7de6c63704704001920746bd5ec85dd3,1.9,,85000000
2026-05-28 12:30:19.596,2026/05/28/[$LATEST]7de6c63704704001920746bd5ec85dd3,1.77,,85000000
2026-05-28 12:30:19.608,2026/05/28/[$LATEST]5724bbfcea774384b83b606c0c42d806,2.31,,86000000
2026-05-28 12:30:19.623,2026/05/28/[$LATEST]2faaf80cfd9d45a1b10ad92bea2bdc23,4.54,,86000000
2026-05-28 12:30:19.639,2026/05/28/[$LATEST]2faaf80cfd9d45a1b10ad92bea2bdc23,1.62,,86000000
2026-05-28 12:30:19.671,2026/05/28/[$LATEST]2faaf80cfd9d45a1b10ad92bea2bdc23,1.62,,86000000
2026-05-28 12:30:19.675,2026/05/28/[$LATEST]5724bbfcea774384b83b606c0c42d806,2.21,,86000000
2026-05-28 12:30:19.677,2026/05/28/[$LATEST]7de6c63704704001920746bd5ec85dd3,1.76,,85000000
2026-05-28 12:30:19.688,2026/05/28/[$LATEST]5724bbfcea774384b83b606c0c42d806,4.35,,86000000
2026-05-28 12:30:19.699,2026/05/28/[$LATEST]7de6c63704704001920746bd5ec85dd3,1.81,,85000000
2026-05-28 12:30:19.733,2026/05/28/[$LATEST]7de6c63704704001920746bd5ec85dd3,1.67,,85000000
2026-05-28 12:30:19.738,2026/05/28/[$LATEST]645d0a3985b047aa91261d33b7d29c16,1.94,,86000000
2026-05-28 12:30:19.740,2026/05/28/[$LATEST]15737d93c14242db96065ddfaa294dc4,2.04,,85000000
2026-05-28 12:30:19.742,2026/05/28/[$LATEST]7de6c63704704001920746bd5ec85dd3,1.67,,85000000
2026-05-28 12:30:19.748,2026/05/28/[$LATEST]5724bbfcea774384b83b606c0c42d806,1.91,,86000000
2026-05-28 12:30:19.753,2026/05/28/[$LATEST]15737d93c14242db96065ddfaa294dc4,6.03,,85000000
2026-05-28 12:30:19.782,2026/05/28/[$LATEST]5724bbfcea774384b83b606c0c42d806,2.25,,86000000
2026-05-28 12:30:19.797,2026/05/28/[$LATEST]15737d93c14242db96065ddfaa294dc4,1.53,,85000000
2026-05-28 12:30:19.798,2026/05/28/[$LATEST]7de6c63704704001920746bd5ec85dd3,1.6,,85000000
2026-05-28 12:30:19.803,2026/05/28/[$LATEST]5724bbfcea774384b83b606c0c42d806,1.85,,86000000
2026-05-28 12:30:19.815,2026/05/28/[$LATEST]7de6c63704704001920746bd5ec85dd3,11.96,,85000000
2026-05-28 12:30:19.849,2026/05/28/[$LATEST]5724bbfcea774384b83b606c0c42d806,2.03,,86000000
2026-05-28 12:30:19.877,2026/05/28/[$LATEST]7de6c63704704001920746bd5ec85dd3,1.6,,85000000
2026-05-28 12:30:19.909,2026/05/28/[$LATEST]7de6c63704704001920746bd5ec85dd3,1.52,,85000000
2026-05-28 12:30:19.921,2026/05/28/[$LATEST]7de6c63704704001920746bd5ec85dd3,1.7,,85000000
2026-05-28 12:30:19.923,2026/05/28/[$LATEST]5724bbfcea774384b83b606c0c42d806,1.88,,86000000
2026-05-28 12:30:19.934,2026/05/28/[$LATEST]7de6c63704704001920746bd5ec85dd3,3.83,,85000000
2026-05-28 12:30:19.971,2026/05/28/[$LATEST]7de6c63704704001920746bd5ec85dd3,1.72,,85000000
2026-05-28 12:30:19.998,2026/05/28/[$LATEST]7de6c63704704001920746bd5ec85dd3,1.7,,85000000
2026-05-28 12:30:20.008,2026/05/28/[$LATEST]5724bbfcea774384b83b606c0c42d806,3.14,,86000000
2026-05-28 12:30:20.015,2026/05/28/[$LATEST]7de6c63704704001920746bd5ec85dd3,8.52,,85000000
2026-05-28 12:30:20.027,2026/05/28/[$LATEST]cfb0e958f4874281914ba0b7a1a72bef,1.69,,86000000
2026-05-28 12:30:20.029,2026/05/28/[$LATEST]5724bbfcea774384b83b606c0c42d806,12.43,,86000000
2026-05-28 12:30:20.029,2026/05/28/[$LATEST]2faaf80cfd9d45a1b10ad92bea2bdc23,3.87,,86000000
2026-05-28 12:30:20.034,2026/05/28/[$LATEST]7de6c63704704001920746bd5ec85dd3,4.5,,85000000
2026-05-28 12:30:20.074,2026/05/28/[$LATEST]7de6c63704704001920746bd5ec85dd3,1.81,,85000000
2026-05-28 12:30:20.076,2026/05/28/[$LATEST]15737d93c14242db96065ddfaa294dc4,1.71,,85000000
2026-05-28 12:30:20.079,2026/05/28/[$LATEST]645d0a3985b047aa91261d33b7d29c16,2.05,,86000000
2026-05-28 12:30:20.079,2026/05/28/[$LATEST]2faaf80cfd9d45a1b10ad92bea2bdc23,1.62,,86000000
2026-05-28 12:30:20.087,2026/05/28/[$LATEST]cfb0e958f4874281914ba0b7a1a72bef,1.87,,86000000
2026-05-28 12:30:20.087,2026/05/28/[$LATEST]7de6c63704704001920746bd5ec85dd3,1.7,,85000000
2026-05-28 12:30:20.088,2026/05/28/[$LATEST]5724bbfcea774384b83b606c0c42d806,5.47,,86000000
2026-05-28 12:30:20.091,2026/05/28/[$LATEST]2faaf80cfd9d45a1b10ad92bea2bdc23,1.53,,86000000
2026-05-28 12:30:20.092,2026/05/28/[$LATEST]188cc19e71ed4e0bb96c479aefb33946,2.16,,86000000
2026-05-28 12:30:20.093,2026/05/28/[$LATEST]15737d93c14242db96065ddfaa294dc4,7.88,,85000000
2026-05-28 12:30:20.098,2026/05/28/[$LATEST]645d0a3985b047aa91261d33b7d29c16,12.67,,86000000
2026-05-28 12:30:20.098,2026/05/28/[$LATEST]09b41d5fd2894f389e30ae58462b1250,6.27,,85000000
2026-05-28 12:30:20.100,2026/05/28/[$LATEST]7de6c63704704001920746bd5ec85dd3,2.43,,85000000
2026-05-28 12:30:20.108,2026/05/28/[$LATEST]cfb0e958f4874281914ba0b7a1a72bef,14.36,,86000000
2026-05-28 12:30:20.109,2026/05/28/[$LATEST]188cc19e71ed4e0bb96c479aefb33946,5.01,,86000000
2026-05-28 12:30:20.126,2026/05/28/[$LATEST]09b41d5fd2894f389e30ae58462b1250,1.77,,85000000
2026-05-28 12:30:20.127,2026/05/28/[$LATEST]188cc19e71ed4e0bb96c479aefb33946,1.76,,86000000
2026-05-28 12:30:20.130,2026/05/28/[$LATEST]7de6c63704704001920746bd5ec85dd3,1.69,,85000000
2026-05-28 12:30:20.138,2026/05/28/[$LATEST]7de6c63704704001920746bd5ec85dd3,1.37,,85000000
2026-05-28 12:30:20.168,2026/05/28/[$LATEST]188cc19e71ed4e0bb96c479aefb33946,5.73,,86000000
2026-05-28 12:30:20.170,2026/05/28/[$LATEST]7de6c63704704001920746bd5ec85dd3,1.66,,85000000
2026-05-28 12:30:20.178,2026/05/28/[$LATEST]188cc19e71ed4e0bb96c479aefb33946,1.72,,86000000
2026-05-28 12:30:20.182,2026/05/28/[$LATEST]7de6c63704704001920746bd5ec85dd3,1.56,,85000000
2026-05-28 12:30:20.184,2026/05/28/[$LATEST]645d0a3985b047aa91261d33b7d29c16,2.01,,86000000
2026-05-28 12:30:20.185,2026/05/28/[$LATEST]09b41d5fd2894f389e30ae58462b1250,3.87,,85000000
2026-05-28 12:30:20.196,2026/05/28/[$LATEST]09b41d5fd2894f389e30ae58462b1250,1.61,,85000000
2026-05-28 12:30:20.200,2026/05/28/[$LATEST]188cc19e71ed4e0bb96c479aefb33946,2,,86000000
2026-05-28 12:30:20.213,2026/05/28/[$LATEST]09b41d5fd2894f389e30ae58462b1250,4.88,,85000000
2026-05-28 12:30:20.218,2026/05/28/[$LATEST]645d0a3985b047aa91261d33b7d29c16,29.01,,86000000
2026-05-28 12:30:20.224,2026/05/28/[$LATEST]188cc19e71ed4e0bb96c479aefb33946,3.64,,86000000
2026-05-28 12:30:20.265,2026/05/28/[$LATEST]645d0a3985b047aa91261d33b7d29c16,1.71,,86000000
2026-05-28 12:30:20.273,2026/05/28/[$LATEST]09b41d5fd2894f389e30ae58462b1250,4.92,,85000000
2026-05-28 12:30:20.288,2026/05/28/[$LATEST]188cc19e71ed4e0bb96c479aefb33946,5.94,,86000000
2026-05-28 12:30:20.291,2026/05/28/[$LATEST]cfb0e958f4874281914ba0b7a1a72bef,1.83,,86000000
2026-05-28 12:30:20.317,2026/05/28/[$LATEST]cfb0e958f4874281914ba0b7a1a72bef,1.74,,86000000
2026-05-28 12:30:20.346,2026/05/28/[$LATEST]645d0a3985b047aa91261d33b7d29c16,1.95,,86000000
2026-05-28 12:30:20.350,2026/05/28/[$LATEST]7de6c63704704001920746bd5ec85dd3,1.77,,85000000
2026-05-28 12:30:20.353,2026/05/28/[$LATEST]09b41d5fd2894f389e30ae58462b1250,11.36,,85000000
2026-05-28 12:30:20.359,2026/05/28/[$LATEST]7de6c63704704001920746bd5ec85dd3,1.55,,85000000
2026-05-28 12:30:20.370,2026/05/28/[$LATEST]cfb0e958f4874281914ba0b7a1a72bef,1.86,,86000000
2026-05-28 12:30:20.374,2026/05/28/[$LATEST]09b41d5fd2894f389e30ae58462b1250,9.9,,85000000
2026-05-28 12:30:20.389,2026/05/28/[$LATEST]7de6c63704704001920746bd5ec85dd3,2.02,,85000000
2026-05-28 12:30:20.391,2026/05/28/[$LATEST]cfb0e958f4874281914ba0b7a1a72bef,2.16,,86000000
2026-05-28 12:30:20.392,2026/05/28/[$LATEST]645d0a3985b047aa91261d33b7d29c16,1.81,,86000000
2026-05-28 12:30:20.394,2026/05/28/[$LATEST]09b41d5fd2894f389e30ae58462b1250,9.56,,85000000
2026-05-28 12:30:20.413,2026/05/28/[$LATEST]09b41d5fd2894f389e30ae58462b1250,13.81,,85000000
2026-05-28 12:30:20.414,2026/05/28/[$LATEST]645d0a3985b047aa91261d33b7d29c16,1.76,,86000000
2026-05-28 12:30:20.419,2026/05/28/[$LATEST]cfb0e958f4874281914ba0b7a1a72bef,1.97,,86000000
2026-05-28 12:30:20.448,2026/05/28/[$LATEST]cfb0e958f4874281914ba0b7a1a72bef,2.12,,86000000
2026-05-28 12:30:20.451,2026/05/28/[$LATEST]645d0a3985b047aa91261d33b7d29c16,1.94,,86000000
2026-05-28 12:30:20.467,2026/05/28/[$LATEST]645d0a3985b047aa91261d33b7d29c16,2.31,,86000000
2026-05-28 12:30:20.505,2026/05/28/[$LATEST]cfb0e958f4874281914ba0b7a1a72bef,2.19,,86000000
2026-05-28 12:30:20.521,2026/05/28/[$LATEST]cfb0e958f4874281914ba0b7a1a72bef,2.07,,86000000
2026-05-28 12:30:20.556,2026/05/28/[$LATEST]cfb0e958f4874281914ba0b7a1a72bef,1.81,,86000000
2026-05-28 12:30:20.595,2026/05/28/[$LATEST]cfb0e958f4874281914ba0b7a1a72bef,1.79,,86000000
2026-05-28 12:30:20.596,2026/05/28/[$LATEST]645d0a3985b047aa91261d33b7d29c16,1.78,,86000000
2026-05-28 12:30:20.598,2026/05/28/[$LATEST]09b41d5fd2894f389e30ae58462b1250,1.9,,85000000
2026-05-28 12:30:20.600,2026/05/28/[$LATEST]188cc19e71ed4e0bb96c479aefb33946,1.99,,86000000
2026-05-28 12:30:20.610,2026/05/28/[$LATEST]cfb0e958f4874281914ba0b7a1a72bef,1.92,,86000000
2026-05-28 12:30:20.658,2026/05/28/[$LATEST]09b41d5fd2894f389e30ae58462b1250,1.81,,85000000
2026-05-28 12:30:20.660,2026/05/28/[$LATEST]cfb0e958f4874281914ba0b7a1a72bef,1.83,,86000000
2026-05-28 12:30:20.662,2026/05/28/[$LATEST]645d0a3985b047aa91261d33b7d29c16,1.88,,86000000
2026-05-28 12:30:20.686,2026/05/28/[$LATEST]cfb0e958f4874281914ba0b7a1a72bef,1.91,,86000000
2026-05-28 12:30:20.699,2026/05/28/[$LATEST]188cc19e71ed4e0bb96c479aefb33946,1.8,,86000000
2026-05-28 12:30:20.710,2026/05/28/[$LATEST]188cc19e71ed4e0bb96c479aefb33946,1.86,,86000000
2026-05-28 12:30:20.711,2026/05/28/[$LATEST]645d0a3985b047aa91261d33b7d29c16,1.71,,86000000
2026-05-28 12:30:20.713,2026/05/28/[$LATEST]09b41d5fd2894f389e30ae58462b1250,1.6,,85000000
2026-05-28 12:30:20.720,2026/05/28/[$LATEST]645d0a3985b047aa91261d33b7d29c16,1.62,,86000000
2026-05-28 12:30:20.734,2026/05/28/[$LATEST]09b41d5fd2894f389e30ae58462b1250,1.73,,85000000
2026-05-28 12:30:20.738,2026/05/28/[$LATEST]645d0a3985b047aa91261d33b7d29c16,8.89,,86000000
2026-05-28 12:30:20.740,2026/05/28/[$LATEST]7de6c63704704001920746bd5ec85dd3,1.78,,85000000
2026-05-28 12:30:20.748,2026/05/28/[$LATEST]188cc19e71ed4e0bb96c479aefb33946,19.57,,86000000
2026-05-28 12:30:20.757,2026/05/28/[$LATEST]cfb0e958f4874281914ba0b7a1a72bef,2.23,,86000000
2026-05-28 12:30:20.774,2026/05/28/[$LATEST]cfb0e958f4874281914ba0b7a1a72bef,1.93,,86000000
2026-05-28 12:30:20.792,2026/05/28/[$LATEST]7de6c63704704001920746bd5ec85dd3,1.85,,85000000
2026-05-28 12:30:20.795,2026/05/28/[$LATEST]cfb0e958f4874281914ba0b7a1a72bef,2.03,,86000000
2026-05-28 12:30:20.812,2026/05/28/[$LATEST]cfb0e958f4874281914ba0b7a1a72bef,1.9,,86000000
2026-05-28 12:30:20.839,2026/05/28/[$LATEST]cfb0e958f4874281914ba0b7a1a72bef,1.91,,86000000
2026-05-28 12:30:20.844,2026/05/28/[$LATEST]7de6c63704704001920746bd5ec85dd3,1.85,,85000000
2026-05-28 12:30:20.847,2026/05/28/[$LATEST]cfb0e958f4874281914ba0b7a1a72bef,1.82,,86000000
2026-05-28 12:30:20.932,2026/05/28/[$LATEST]cfb0e958f4874281914ba0b7a1a72bef,7.17,,86000000
2026-05-28 12:30:20.945,2026/05/28/[$LATEST]cfb0e958f4874281914ba0b7a1a72bef,1.92,,86000000
2026-05-28 12:30:20.952,2026/05/28/[$LATEST]188cc19e71ed4e0bb96c479aefb33946,2.98,,86000000
2026-05-28 12:30:20.961,2026/05/28/[$LATEST]cfb0e958f4874281914ba0b7a1a72bef,7.53,,86000000
2026-05-28 12:30:20.973,2026/05/28/[$LATEST]188cc19e71ed4e0bb96c479aefb33946,1.81,,86000000
2026-05-28 12:30:20.981,2026/05/28/[$LATEST]2faaf80cfd9d45a1b10ad92bea2bdc23,1.93,,86000000
2026-05-28 12:30:20.982,2026/05/28/[$LATEST]cfb0e958f4874281914ba0b7a1a72bef,12.2,,86000000
2026-05-28 12:30:21.001,2026/05/28/[$LATEST]cfb0e958f4874281914ba0b7a1a72bef,8.08,,86000000
2026-05-28 12:30:21.007,2026/05/28/[$LATEST]7de6c63704704001920746bd5ec85dd3,1.92,,85000000
2026-05-28 12:30:21.015,2026/05/28/[$LATEST]645d0a3985b047aa91261d33b7d29c16,2.06,,86000000
2026-05-28 12:30:21.021,2026/05/28/[$LATEST]cfb0e958f4874281914ba0b7a1a72bef,13.29,,86000000
2026-05-28 12:30:21.027,2026/05/28/[$LATEST]7de6c63704704001920746bd5ec85dd3,1.9,,85000000
2026-05-28 12:30:21.036,2026/05/28/[$LATEST]7de6c63704704001920746bd5ec85dd3,1.49,,85000000
2026-05-28 12:30:21.061,2026/05/28/[$LATEST]7de6c63704704001920746bd5ec85dd3,1.67,,85000000
2026-05-28 12:30:21.075,2026/05/28/[$LATEST]7de6c63704704001920746bd5ec85dd3,5.72,,85000000
2026-05-28 12:30:21.075,2026/05/28/[$LATEST]cfb0e958f4874281914ba0b7a1a72bef,1.89,,86000000
2026-05-28 12:30:21.082,2026/05/28/[$LATEST]09b41d5fd2894f389e30ae58462b1250,2.02,,85000000
2026-05-28 12:30:21.085,2026/05/28/[$LATEST]645d0a3985b047aa91261d33b7d29c16,1.82,,86000000
2026-05-28 12:30:21.085,2026/05/28/[$LATEST]cfb0e958f4874281914ba0b7a1a72bef,2.02,,86000000
2026-05-28 12:30:21.086,2026/05/28/[$LATEST]15737d93c14242db96065ddfaa294dc4,2.36,,85000000
2026-05-28 12:30:21.094,2026/05/28/[$LATEST]09b41d5fd2894f389e30ae58462b1250,6.45,,85000000
2026-05-28 12:30:21.094,2026/05/28/[$LATEST]15737d93c14242db96065ddfaa294dc4,1.56,,85000000
2026-05-28 12:30:21.097,2026/05/28/[$LATEST]2faaf80cfd9d45a1b10ad92bea2bdc23,1.51,,86000000
2026-05-28 12:30:21.097,2026/05/28/[$LATEST]7de6c63704704001920746bd5ec85dd3,1.59,,85000000
2026-05-28 12:30:21.101,2026/05/28/[$LATEST]cfb0e958f4874281914ba0b7a1a72bef,3.45,,86000000
2026-05-28 12:30:21.118,2026/05/28/[$LATEST]7de6c63704704001920746bd5ec85dd3,10.08,,85000000
2026-05-28 12:30:21.137,2026/05/28/[$LATEST]7de6c63704704001920746bd5ec85dd3,1.71,,85000000
2026-05-28 12:30:21.141,2026/05/28/[$LATEST]15737d93c14242db96065ddfaa294dc4,1.78,,85000000
2026-05-28 12:30:21.143,2026/05/28/[$LATEST]09b41d5fd2894f389e30ae58462b1250,1.58,,85000000
2026-05-28 12:30:21.185,2026/05/28/[$LATEST]09b41d5fd2894f389e30ae58462b1250,1.63,,85000000
2026-05-28 12:30:21.185,2026/05/28/[$LATEST]15737d93c14242db96065ddfaa294dc4,1.76,,85000000
2026-05-28 12:30:21.186,2026/05/28/[$LATEST]cfb0e958f4874281914ba0b7a1a72bef,1.76,,86000000
2026-05-28 12:30:21.205,2026/05/28/[$LATEST]cfb0e958f4874281914ba0b7a1a72bef,1.8,,86000000
2026-05-28 12:30:21.209,2026/05/28/[$LATEST]2faaf80cfd9d45a1b10ad92bea2bdc23,1.55,,86000000
2026-05-28 12:30:21.211,2026/05/28/[$LATEST]188cc19e71ed4e0bb96c479aefb33946,1.73,,86000000
2026-05-28 12:30:21.221,2026/05/28/[$LATEST]cfb0e958f4874281914ba0b7a1a72bef,9.55,,86000000
2026-05-28 12:30:21.226,2026/05/28/[$LATEST]2faaf80cfd9d45a1b10ad92bea2bdc23,1.57,,86000000
2026-05-28 12:30:21.227,2026/05/28/[$LATEST]5724bbfcea774384b83b606c0c42d806,4.27,,86000000
2026-05-28 12:30:21.229,2026/05/28/[$LATEST]188cc19e71ed4e0bb96c479aefb33946,10.15,,86000000
2026-05-28 12:30:21.250,2026/05/28/[$LATEST]188cc19e71ed4e0bb96c479aefb33946,7.72,,86000000
2026-05-28 12:30:21.269,2026/05/28/[$LATEST]188cc19e71ed4e0bb96c479aefb33946,6.28,,86000000
2026-05-28 12:30:21.271,2026/05/28/[$LATEST]09b41d5fd2894f389e30ae58462b1250,1.66,,85000000
2026-05-28 12:30:21.291,2026/05/28/[$LATEST]188cc19e71ed4e0bb96c479aefb33946,1.89,,86000000
2026-05-28 12:30:21.300,2026/05/28/[$LATEST]09b41d5fd2894f389e30ae58462b1250,1.66,,85000000
2026-05-28 12:30:21.312,2026/05/28/[$LATEST]188cc19e71ed4e0bb96c479aefb33946,2,,86000000
2026-05-28 12:30:21.319,2026/05/28/[$LATEST]09b41d5fd2894f389e30ae58462b1250,1.61,,85000000
2026-05-28 12:30:21.334,2026/05/28/[$LATEST]09b41d5fd2894f389e30ae58462b1250,8.8,,85000000
2026-05-28 12:30:21.357,2026/05/28/[$LATEST]188cc19e71ed4e0bb96c479aefb33946,1.84,,86000000
2026-05-28 12:30:21.358,2026/05/28/[$LATEST]09b41d5fd2894f389e30ae58462b1250,1.88,,85000000
2026-05-28 12:30:21.377,2026/05/28/[$LATEST]188cc19e71ed4e0bb96c479aefb33946,2.04,,86000000
2026-05-28 12:30:21.407,2026/05/28/[$LATEST]188cc19e71ed4e0bb96c479aefb33946,2.29,,86000000
2026-05-28 12:30:21.453,2026/05/28/[$LATEST]09b41d5fd2894f389e30ae58462b1250,1.61,,85000000
2026-05-28 12:30:21.460,2026/05/28/[$LATEST]09b41d5fd2894f389e30ae58462b1250,1.47,,85000000
2026-05-28 12:30:21.479,2026/05/28/[$LATEST]188cc19e71ed4e0bb96c479aefb33946,1.93,,86000000
2026-05-28 12:30:21.480,2026/05/28/[$LATEST]09b41d5fd2894f389e30ae58462b1250,1.59,,85000000
2026-05-28 12:30:21.487,2026/05/28/[$LATEST]15737d93c14242db96065ddfaa294dc4,2.04,,85000000
2026-05-28 12:30:21.489,2026/05/28/[$LATEST]188cc19e71ed4e0bb96c479aefb33946,1.9,,86000000
2026-05-28 12:30:21.490,2026/05/28/[$LATEST]7de6c63704704001920746bd5ec85dd3,5.01,,85000000
2026-05-28 12:30:21.536,2026/05/28/[$LATEST]7de6c63704704001920746bd5ec85dd3,1.73,,85000000
2026-05-28 12:30:21.551,2026/05/28/[$LATEST]188cc19e71ed4e0bb96c479aefb33946,2,,86000000
2026-05-28 12:30:21.554,2026/05/28/[$LATEST]7de6c63704704001920746bd5ec85dd3,11.07,,85000000
2026-05-28 12:30:21.557,2026/05/28/[$LATEST]15737d93c14242db96065ddfaa294dc4,1.63,,85000000
2026-05-28 12:30:21.570,2026/05/28/[$LATEST]5724bbfcea774384b83b606c0c42d806,12.98,,86000000
2026-05-28 12:30:21.577,2026/05/28/[$LATEST]188cc19e71ed4e0bb96c479aefb33946,1.91,,86000000
2026-05-28 12:30:21.591,2026/05/28/[$LATEST]5724bbfcea774384b83b606c0c42d806,10.99,,86000000
2026-05-28 12:30:21.593,2026/05/28/[$LATEST]15737d93c14242db96065ddfaa294dc4,1.98,,85000000
2026-05-28 12:30:21.620,2026/05/28/[$LATEST]188cc19e71ed4e0bb96c479aefb33946,1.79,,86000000
2026-05-28 12:30:21.622,2026/05/28/[$LATEST]5724bbfcea774384b83b606c0c42d806,2.21,,86000000
2026-05-28 12:30:21.643,2026/05/28/[$LATEST]5724bbfcea774384b83b606c0c42d806,2.29,,86000000
2026-05-28 12:30:21.680,2026/05/28/[$LATEST]15737d93c14242db96065ddfaa294dc4,1.88,,85000000
2026-05-28 12:30:21.689,2026/05/28/[$LATEST]7de6c63704704001920746bd5ec85dd3,2.06,,85000000
2026-05-28 12:30:21.690,2026/05/28/[$LATEST]5724bbfcea774384b83b606c0c42d806,3.52,,86000000
2026-05-28 12:30:21.693,2026/05/28/[$LATEST]15737d93c14242db96065ddfaa294dc4,2.47,,85000000
2026-05-28 12:30:21.697,2026/05/28/[$LATEST]7de6c63704704001920746bd5ec85dd3,1.43,,85000000
2026-05-28 12:30:21.715,2026/05/28/[$LATEST]7de6c63704704001920746bd5ec85dd3,8.67,,85000000
2026-05-28 12:30:21.735,2026/05/28/[$LATEST]7de6c63704704001920746bd5ec85dd3,10.36,,85000000
2026-05-28 12:30:21.736,2026/05/28/[$LATEST]5724bbfcea774384b83b606c0c42d806,2.26,,86000000
2026-05-28 12:30:21.751,2026/05/28/[$LATEST]188cc19e71ed4e0bb96c479aefb33946,1.84,,86000000
2026-05-28 12:30:21.755,2026/05/28/[$LATEST]2faaf80cfd9d45a1b10ad92bea2bdc23,1.94,,86000000
2026-05-28 12:30:21.767,2026/05/28/[$LATEST]5724bbfcea774384b83b606c0c42d806,6.35,,86000000
2026-05-28 12:30:21.785,2026/05/28/[$LATEST]5724bbfcea774384b83b606c0c42d806,2.53,,86000000
2026-05-28 12:30:21.798,2026/05/28/[$LATEST]2faaf80cfd9d45a1b10ad92bea2bdc23,1.53,,86000000
2026-05-28 12:30:21.799,2026/05/28/[$LATEST]5724bbfcea774384b83b606c0c42d806,2.98,,86000000
2026-05-28 12:30:21.805,2026/05/28/[$LATEST]188cc19e71ed4e0bb96c479aefb33946,1.7,,86000000
2026-05-28 12:30:21.807,2026/05/28/[$LATEST]7de6c63704704001920746bd5ec85dd3,1.94,,85000000
2026-05-28 12:30:21.849,2026/05/28/[$LATEST]188cc19e71ed4e0bb96c479aefb33946,3.69,,86000000
2026-05-28 12:30:21.851,2026/05/28/[$LATEST]5724bbfcea774384b83b606c0c42d806,2.08,,86000000
2026-05-28 12:30:21.863,2026/05/28/[$LATEST]7de6c63704704001920746bd5ec85dd3,1.61,,85000000
2026-05-28 12:30:21.865,2026/05/28/[$LATEST]15737d93c14242db96065ddfaa294dc4,1.91,,85000000
2026-05-28 12:30:21.886,2026/05/28/[$LATEST]5724bbfcea774384b83b606c0c42d806,2.19,,86000000
2026-05-28 12:30:21.886,2026/05/28/[$LATEST]7de6c63704704001920746bd5ec85dd3,1.67,,85000000
2026-05-28 12:30:21.886,2026/05/28/[$LATEST]15737d93c14242db96065ddfaa294dc4,1.89,,85000000
2026-05-28 12:30:21.894,2026/05/28/[$LATEST]188cc19e71ed4e0bb96c479aefb33946,1.77,,86000000
2026-05-28 12:30:21.913,2026/05/28/[$LATEST]7de6c63704704001920746bd5ec85dd3,1.74,,85000000
2026-05-28 12:30:21.920,2026/05/28/[$LATEST]7de6c63704704001920746bd5ec85dd3,1.34,,85000000
2026-05-28 12:30:21.926,2026/05/28/[$LATEST]15737d93c14242db96065ddfaa294dc4,1.68,,85000000
2026-05-28 12:30:21.941,2026/05/28/[$LATEST]188cc19e71ed4e0bb96c479aefb33946,2.12,,86000000
2026-05-28 12:30:21.943,2026/05/28/[$LATEST]15737d93c14242db96065ddfaa294dc4,1.54,,85000000
2026-05-28 12:30:21.959,2026/05/28/[$LATEST]15737d93c14242db96065ddfaa294dc4,2.02,,85000000
2026-05-28 12:30:21.959,2026/05/28/[$LATEST]7de6c63704704001920746bd5ec85dd3,1.5,,85000000
2026-05-28 12:30:21.967,2026/05/28/[$LATEST]188cc19e71ed4e0bb96c479aefb33946,1.93,,86000000
2026-05-28 12:30:21.983,2026/05/28/[$LATEST]15737d93c14242db96065ddfaa294dc4,1.74,,85000000
2026-05-28 12:30:22.003,2026/05/28/[$LATEST]188cc19e71ed4e0bb96c479aefb33946,1.77,,86000000
2026-05-28 12:30:22.020,2026/05/28/[$LATEST]188cc19e71ed4e0bb96c479aefb33946,1.91,,86000000
2026-05-28 12:30:22.025,2026/05/28/[$LATEST]5724bbfcea774384b83b606c0c42d806,3.19,,86000000
2026-05-28 12:30:22.031,2026/05/28/[$LATEST]15737d93c14242db96065ddfaa294dc4,9.37,,85000000
2026-05-28 12:30:22.035,2026/05/28/[$LATEST]5724bbfcea774384b83b606c0c42d806,2.21,,86000000
2026-05-28 12:30:22.041,2026/05/28/[$LATEST]188cc19e71ed4e0bb96c479aefb33946,2.46,,86000000
2026-05-28 12:30:22.053,2026/05/28/[$LATEST]15737d93c14242db96065ddfaa294dc4,1.85,,85000000
2026-05-28 12:30:22.055,2026/05/28/[$LATEST]7de6c63704704001920746bd5ec85dd3,1.7,,85000000
2026-05-28 12:30:22.089,2026/05/28/[$LATEST]188cc19e71ed4e0bb96c479aefb33946,1.86,,86000000
2026-05-28 12:30:22.091,2026/05/28/[$LATEST]15737d93c14242db96065ddfaa294dc4,1.64,,85000000
2026-05-28 12:30:22.091,2026/05/28/[$LATEST]7de6c63704704001920746bd5ec85dd3,1.76,,85000000
2026-05-28 12:30:22.093,2026/05/28/[$LATEST]2faaf80cfd9d45a1b10ad92bea2bdc23,1.6,,86000000
2026-05-28 12:30:22.099,2026/05/28/[$LATEST]7de6c63704704001920746bd5ec85dd3,1.56,,85000000
2026-05-28 12:30:22.102,2026/05/28/[$LATEST]cfb0e958f4874281914ba0b7a1a72bef,1.72,,86000000
2026-05-28 12:30:22.103,2026/05/28/[$LATEST]15737d93c14242db96065ddfaa294dc4,1.65,,85000000
2026-05-28 12:30:22.103,2026/05/28/[$LATEST]188cc19e71ed4e0bb96c479aefb33946,1.95,,86000000
2026-05-28 12:30:22.104,2026/05/28/[$LATEST]09b41d5fd2894f389e30ae58462b1250,1.7,,85000000
2026-05-28 12:30:22.104,2026/05/28/[$LATEST]2faaf80cfd9d45a1b10ad92bea2bdc23,4,,86000000
2026-05-28 12:30:22.114,2026/05/28/[$LATEST]09b41d5fd2894f389e30ae58462b1250,2.25,,85000000
2026-05-28 12:30:22.117,2026/05/28/[$LATEST]645d0a3985b047aa91261d33b7d29c16,11.92,,86000000
2026-05-28 12:30:22.129,2026/05/28/[$LATEST]5724bbfcea774384b83b606c0c42d806,41.22,,86000000
2026-05-28 12:30:22.132,2026/05/28/[$LATEST]2faaf80cfd9d45a1b10ad92bea2bdc23,1.65,,86000000
2026-05-28 12:30:22.144,2026/05/28/[$LATEST]2faaf80cfd9d45a1b10ad92bea2bdc23,5.94,,86000000
2026-05-28 12:30:22.154,2026/05/28/[$LATEST]5724bbfcea774384b83b606c0c42d806,11.54,,86000000
2026-05-28 12:30:22.167,2026/05/28/[$LATEST]645d0a3985b047aa91261d33b7d29c16,1.98,,86000000
2026-05-28 12:30:22.171,2026/05/28/[$LATEST]5724bbfcea774384b83b606c0c42d806,5.19,,86000000
2026-05-28 12:30:22.186,2026/05/28/[$LATEST]645d0a3985b047aa91261d33b7d29c16,1.65,,86000000
2026-05-28 12:30:22.200,2026/05/28/[$LATEST]5724bbfcea774384b83b606c0c42d806,1.96,,86000000
2026-05-28 12:30:22.202,2026/05/28/[$LATEST]645d0a3985b047aa91261d33b7d29c16,1.66,,86000000
2026-05-28 12:30:22.219,2026/05/28/[$LATEST]645d0a3985b047aa91261d33b7d29c16,1.56,,86000000
2026-05-28 12:30:22.238,2026/05/28/[$LATEST]645d0a3985b047aa91261d33b7d29c16,7.29,,86000000
2026-05-28 12:30:22.239,2026/05/28/[$LATEST]5724bbfcea774384b83b606c0c42d806,1.97,,86000000
2026-05-28 12:30:22.242,2026/05/28/[$LATEST]2faaf80cfd9d45a1b10ad92bea2bdc23,1.63,,86000000
2026-05-28 12:30:22.277,2026/05/28/[$LATEST]645d0a3985b047aa91261d33b7d29c16,1.62,,86000000
2026-05-28 12:30:22.304,2026/05/28/[$LATEST]645d0a3985b047aa91261d33b7d29c16,1.63,,86000000
2026-05-28 12:30:22.306,2026/05/28/[$LATEST]2faaf80cfd9d45a1b10ad92bea2bdc23,1.64,,86000000
2026-05-28 12:30:22.307,2026/05/28/[$LATEST]09b41d5fd2894f389e30ae58462b1250,1.57,,85000000
2026-05-28 12:30:22.337,2026/05/28/[$LATEST]2faaf80cfd9d45a1b10ad92bea2bdc23,1.71,,86000000
2026-05-28 12:30:22.349,2026/05/28/[$LATEST]09b41d5fd2894f389e30ae58462b1250,1.56,,85000000
2026-05-28 12:30:22.357,2026/05/28/[$LATEST]2faaf80cfd9d45a1b10ad92bea2bdc23,1.66,,86000000
2026-05-28 12:30:22.383,2026/05/28/[$LATEST]09b41d5fd2894f389e30ae58462b1250,1.85,,85000000
2026-05-28 12:30:22.386,2026/05/28/[$LATEST]2faaf80cfd9d45a1b10ad92bea2bdc23,1.6,,86000000
2026-05-28 12:30:22.412,2026/05/28/[$LATEST]2faaf80cfd9d45a1b10ad92bea2bdc23,1.68,,86000000
2026-05-28 12:30:22.416,2026/05/28/[$LATEST]5724bbfcea774384b83b606c0c42d806,2.07,,86000000
2026-05-28 12:30:22.426,2026/05/28/[$LATEST]09b41d5fd2894f389e30ae58462b1250,1.65,,85000000
2026-05-28 12:30:22.430,2026/05/28/[$LATEST]645d0a3985b047aa91261d33b7d29c16,1.71,,86000000
2026-05-28 12:30:22.463,2026/05/28/[$LATEST]645d0a3985b047aa91261d33b7d29c16,1.68,,86000000
2026-05-28 12:30:22.467,2026/05/28/[$LATEST]09b41d5fd2894f389e30ae58462b1250,2.06,,85000000
2026-05-28 12:30:22.469,2026/05/28/[$LATEST]15737d93c14242db96065ddfaa294dc4,2.04,,85000000
2026-05-28 12:30:22.477,2026/05/28/[$LATEST]5724bbfcea774384b83b606c0c42d806,2.81,,86000000
2026-05-28 12:30:22.477,2026/05/28/[$LATEST]2faaf80cfd9d45a1b10ad92bea2bdc23,2.01,,86000000
2026-05-28 12:30:22.487,2026/05/28/[$LATEST]15737d93c14242db96065ddfaa294dc4,1.66,,85000000
2026-05-28 12:30:22.494,2026/05/28/[$LATEST]15737d93c14242db96065ddfaa294dc4,1.44,,85000000
2026-05-28 12:30:22.495,2026/05/28/[$LATEST]09b41d5fd2894f389e30ae58462b1250,1.75,,85000000
2026-05-28 12:30:22.503,2026/05/28/[$LATEST]5724bbfcea774384b83b606c0c42d806,2.24,,86000000
2026-05-28 12:30:22.530,2026/05/28/[$LATEST]09b41d5fd2894f389e30ae58462b1250,1.73,,85000000
2026-05-28 12:30:22.533,2026/05/28/[$LATEST]15737d93c14242db96065ddfaa294dc4,1.58,,85000000
2026-05-28 12:30:22.537,2026/05/28/[$LATEST]09b41d5fd2894f389e30ae58462b1250,1.45,,85000000
2026-05-28 12:30:22.541,2026/05/28/[$LATEST]645d0a3985b047aa91261d33b7d29c16,2.43,,86000000
2026-05-28 12:30:22.548,2026/05/28/[$LATEST]5724bbfcea774384b83b606c0c42d806,21.7,,86000000
2026-05-28 12:30:22.553,2026/05/28/[$LATEST]09b41d5fd2894f389e30ae58462b1250,11.02,,85000000
2026-05-28 12:30:22.573,2026/05/28/[$LATEST]09b41d5fd2894f389e30ae58462b1250,13.97,,85000000
2026-05-28 12:30:22.579,2026/05/28/[$LATEST]645d0a3985b047aa91261d33b7d29c16,1.77,,86000000
2026-05-28 12:30:22.603,2026/05/28/[$LATEST]645d0a3985b047aa91261d33b7d29c16,14.72,,86000000
2026-05-28 12:30:22.604,2026/05/28/[$LATEST]09b41d5fd2894f389e30ae58462b1250,1.58,,85000000
2026-05-28 12:30:22.606,2026/05/28/[$LATEST]15737d93c14242db96065ddfaa294dc4,1.7,,85000000
2026-05-28 12:30:22.611,2026/05/28/[$LATEST]2faaf80cfd9d45a1b10ad92bea2bdc23,1.65,,86000000
2026-05-28 12:30:22.629,2026/05/28/[$LATEST]5724bbfcea774384b83b606c0c42d806,17.6,,86000000
2026-05-28 12:30:22.633,2026/05/28/[$LATEST]2faaf80cfd9d45a1b10ad92bea2bdc23,1.82,,86000000
2026-05-28 12:30:22.653,2026/05/28/[$LATEST]15737d93c14242db96065ddfaa294dc4,1.63,,85000000
2026-05-28 12:30:22.655,2026/05/28/[$LATEST]09b41d5fd2894f389e30ae58462b1250,1.8,,85000000
2026-05-28 12:30:22.656,2026/05/28/[$LATEST]2faaf80cfd9d45a1b10ad92bea2bdc23,1.61,,86000000
2026-05-28 12:30:22.656,2026/05/28/[$LATEST]645d0a3985b047aa91261d33b7d29c16,1.78,,86000000
2026-05-28 12:30:22.664,2026/05/28/[$LATEST]645d0a3985b047aa91261d33b7d29c16,1.74,,86000000
2026-05-28 12:30:22.675,2026/05/28/[$LATEST]2faaf80cfd9d45a1b10ad92bea2bdc23,1.68,,86000000
2026-05-28 12:30:22.683,2026/05/28/[$LATEST]645d0a3985b047aa91261d33b7d29c16,1.71,,86000000
2026-05-28 12:30:22.684,2026/05/28/[$LATEST]2faaf80cfd9d45a1b10ad92bea2bdc23,1.74,,86000000
2026-05-28 12:30:22.687,2026/05/28/[$LATEST]5724bbfcea774384b83b606c0c42d806,1.81,,86000000
2026-05-28 12:30:22.705,2026/05/28/[$LATEST]645d0a3985b047aa91261d33b7d29c16,2.65,,86000000
2026-05-28 12:30:22.717,2026/05/28/[$LATEST]5724bbfcea774384b83b606c0c42d806,2.13,,86000000
2026-05-28 12:30:22.725,2026/05/28/[$LATEST]09b41d5fd2894f389e30ae58462b1250,1.83,,85000000
2026-05-28 12:30:22.728,2026/05/28/[$LATEST]5724bbfcea774384b83b606c0c42d806,2.17,,86000000
2026-05-28 12:30:22.737,2026/05/28/[$LATEST]645d0a3985b047aa91261d33b7d29c16,4.35,,86000000
2026-05-28 12:30:22.753,2026/05/28/[$LATEST]645d0a3985b047aa91261d33b7d29c16,1.91,,86000000
2026-05-28 12:30:22.757,2026/05/28/[$LATEST]09b41d5fd2894f389e30ae58462b1250,1.61,,85000000
2026-05-28 12:30:22.784,2026/05/28/[$LATEST]09b41d5fd2894f389e30ae58462b1250,1.78,,85000000
2026-05-28 12:30:22.787,2026/05/28/[$LATEST]645d0a3985b047aa91261d33b7d29c16,1.67,,86000000
2026-05-28 12:30:22.801,2026/05/28/[$LATEST]645d0a3985b047aa91261d33b7d29c16,5.72,,86000000
2026-05-28 12:30:22.839,2026/05/28/[$LATEST]5724bbfcea774384b83b606c0c42d806,1.89,,86000000
2026-05-28 12:30:22.845,2026/05/28/[$LATEST]2faaf80cfd9d45a1b10ad92bea2bdc23,1.96,,86000000
2026-05-28 12:30:22.869,2026/05/28/[$LATEST]2faaf80cfd9d45a1b10ad92bea2bdc23,1.74,,86000000
2026-05-28 12:30:22.878,2026/05/28/[$LATEST]645d0a3985b047aa91261d33b7d29c16,21.71,,86000000
2026-05-28 12:30:22.894,2026/05/28/[$LATEST]09b41d5fd2894f389e30ae58462b1250,1.76,,85000000
2026-05-28 12:30:22.898,2026/05/28/[$LATEST]645d0a3985b047aa91261d33b7d29c16,13.67,,86000000
2026-05-28 12:30:22.911,2026/05/28/[$LATEST]2faaf80cfd9d45a1b10ad92bea2bdc23,1.78,,86000000
2026-05-28 12:30:22.913,2026/05/28/[$LATEST]09b41d5fd2894f389e30ae58462b1250,2.69,,85000000
2026-05-28 12:30:22.918,2026/05/28/[$LATEST]645d0a3985b047aa91261d33b7d29c16,11.4,,86000000
2026-05-28 12:30:22.926,2026/05/28/[$LATEST]5724bbfcea774384b83b606c0c42d806,2.05,,86000000
2026-05-28 12:30:22.931,2026/05/28/[$LATEST]2faaf80cfd9d45a1b10ad92bea2bdc23,1.76,,86000000
2026-05-28 12:30:22.947,2026/05/28/[$LATEST]645d0a3985b047aa91261d33b7d29c16,2.31,,86000000
2026-05-28 12:30:22.969,2026/05/28/[$LATEST]2faaf80cfd9d45a1b10ad92bea2bdc23,1.73,,86000000
2026-05-28 12:30:22.980,2026/05/28/[$LATEST]645d0a3985b047aa91261d33b7d29c16,1.55,,86000000
2026-05-28 12:30:22.994,2026/05/28/[$LATEST]2faaf80cfd9d45a1b10ad92bea2bdc23,2.34,,86000000
2026-05-28 12:30:23.028,2026/05/28/[$LATEST]2faaf80cfd9d45a1b10ad92bea2bdc23,1.79,,86000000
2026-05-28 12:30:23.034,2026/05/28/[$LATEST]645d0a3985b047aa91261d33b7d29c16,1.72,,86000000
2026-05-28 12:30:23.039,2026/05/28/[$LATEST]188cc19e71ed4e0bb96c479aefb33946,1.89,,86000000
2026-05-28 12:30:23.047,2026/05/28/[$LATEST]5724bbfcea774384b83b606c0c42d806,9.53,,86000000
2026-05-28 12:30:23.056,2026/05/28/[$LATEST]645d0a3985b047aa91261d33b7d29c16,1.68,,86000000
2026-05-28 12:30:23.058,2026/05/28/[$LATEST]09b41d5fd2894f389e30ae58462b1250,1.86,,85000000
2026-05-28 12:30:23.080,2026/05/28/[$LATEST]188cc19e71ed4e0bb96c479aefb33946,1.84,,86000000
2026-05-28 12:30:23.082,2026/05/28/[$LATEST]5724bbfcea774384b83b606c0c42d806,5.13,,86000000
2026-05-28 12:30:23.087,2026/05/28/[$LATEST]2faaf80cfd9d45a1b10ad92bea2bdc23,1.64,,86000000
2026-05-28 12:30:23.089,2026/05/28/[$LATEST]09b41d5fd2894f389e30ae58462b1250,1.74,,85000000
2026-05-28 12:30:23.090,2026/05/28/[$LATEST]645d0a3985b047aa91261d33b7d29c16,1.6,,86000000
2026-05-28 12:30:23.094,2026/05/28/[$LATEST]5724bbfcea774384b83b606c0c42d806,2.26,,86000000
2026-05-28 12:30:23.094,2026/05/28/[$LATEST]15737d93c14242db96065ddfaa294dc4,1.83,,85000000
2026-05-28 12:30:23.095,2026/05/28/[$LATEST]09b41d5fd2894f389e30ae58462b1250,1.46,,85000000
2026-05-28 12:30:23.108,2026/05/28/[$LATEST]645d0a3985b047aa91261d33b7d29c16,1.85,,86000000
2026-05-28 12:30:23.109,2026/05/28/[$LATEST]5724bbfcea774384b83b606c0c42d806,4.9,,86000000
2026-05-28 12:30:23.113,2026/05/28/[$LATEST]09b41d5fd2894f389e30ae58462b1250,7.4,,85000000
2026-05-28 12:30:23.156,2026/05/28/[$LATEST]5724bbfcea774384b83b606c0c42d806,2.11,,86000000
2026-05-28 12:30:23.159,2026/05/28/[$LATEST]2faaf80cfd9d45a1b10ad92bea2bdc23,1.65,,86000000
2026-05-28 12:30:23.160,2026/05/28/[$LATEST]188cc19e71ed4e0bb96c479aefb33946,1.91,,86000000
2026-05-28 12:30:23.189,2026/05/28/[$LATEST]188cc19e71ed4e0bb96c479aefb33946,1.96,,86000000
2026-05-28 12:30:23.208,2026/05/28/[$LATEST]188cc19e71ed4e0bb96c479aefb33946,1.84,,86000000
2026-05-28 12:30:23.235,2026/05/28/[$LATEST]09b41d5fd2894f389e30ae58462b1250,1.68,,85000000
2026-05-28 12:30:23.263,2026/05/28/[$LATEST]188cc19e71ed4e0bb96c479aefb33946,1.84,,86000000
2026-05-28 12:30:23.265,2026/05/28/[$LATEST]5724bbfcea774384b83b606c0c42d806,1.85,,86000000
2026-05-28 12:30:23.267,2026/05/28/[$LATEST]cfb0e958f4874281914ba0b7a1a72bef,2.15,,86000000
2026-05-28 12:30:23.268,2026/05/28/[$LATEST]09b41d5fd2894f389e30ae58462b1250,1.83,,85000000
2026-05-28 12:30:23.269,2026/05/28/[$LATEST]2faaf80cfd9d45a1b10ad92bea2bdc23,1.86,,86000000
2026-05-28 12:30:23.275,2026/05/28/[$LATEST]5989da090f7445fcb92f7c32ee76dd46,1.73,,86000000
2026-05-28 12:30:23.286,2026/05/28/[$LATEST]09b41d5fd2894f389e30ae58462b1250,1.69,,85000000
2026-05-28 12:30:23.295,2026/05/28/[$LATEST]5989da090f7445fcb92f7c32ee76dd46,1.79,,86000000
2026-05-28 12:30:23.305,2026/05/28/[$LATEST]09b41d5fd2894f389e30ae58462b1250,1.66,,85000000
2026-05-28 12:30:23.307,2026/05/28/[$LATEST]645d0a3985b047aa91261d33b7d29c16,1.8,,86000000
2026-05-28 12:30:23.308,2026/05/28/[$LATEST]15737d93c14242db96065ddfaa294dc4,1.61,,85000000
2026-05-28 12:30:23.320,2026/05/28/[$LATEST]5989da090f7445fcb92f7c32ee76dd46,1.84,,86000000
2026-05-28 12:30:23.328,2026/05/28/[$LATEST]15737d93c14242db96065ddfaa294dc4,2.02,,85000000
2026-05-28 12:30:23.333,2026/05/28/[$LATEST]645d0a3985b047aa91261d33b7d29c16,2,,86000000
2026-05-28 12:30:23.338,2026/05/28/[$LATEST]5989da090f7445fcb92f7c32ee76dd46,8.85,,86000000
2026-05-28 12:30:23.343,2026/05/28/[$LATEST]645d0a3985b047aa91261d33b7d29c16,1.84,,86000000
2026-05-28 12:30:23.346,2026/05/28/[$LATEST]09b41d5fd2894f389e30ae58462b1250,1.66,,85000000
2026-05-28 12:30:23.346,2026/05/28/[$LATEST]15737d93c14242db96065ddfaa294dc4,1.69,,85000000
2026-05-28 12:30:23.360,2026/05/28/[$LATEST]09b41d5fd2894f389e30ae58462b1250,1.55,,85000000
2026-05-28 12:30:23.360,2026/05/28/[$LATEST]5989da090f7445fcb92f7c32ee76dd46,1.96,,86000000
2026-05-28 12:30:23.361,2026/05/28/[$LATEST]15737d93c14242db96065ddfaa294dc4,1.57,,85000000
2026-05-28 12:30:23.377,2026/05/28/[$LATEST]15737d93c14242db96065ddfaa294dc4,1.68,,85000000
2026-05-28 12:30:23.382,2026/05/28/[$LATEST]5989da090f7445fcb92f7c32ee76dd46,1.75,,86000000
2026-05-28 12:30:23.389,2026/05/28/[$LATEST]2faaf80cfd9d45a1b10ad92bea2bdc23,1.66,,86000000
2026-05-28 12:30:23.404,2026/05/28/[$LATEST]2faaf80cfd9d45a1b10ad92bea2bdc23,8.92,,86000000
2026-05-28 12:30:23.409,2026/05/28/[$LATEST]5989da090f7445fcb92f7c32ee76dd46,1.9,,86000000
2026-05-28 12:30:23.419,2026/05/28/[$LATEST]5989da090f7445fcb92f7c32ee76dd46,4.22,,86000000
2026-05-28 12:30:23.432,2026/05/28/[$LATEST]2faaf80cfd9d45a1b10ad92bea2bdc23,1.66,,86000000
2026-05-28 12:30:23.437,2026/05/28/[$LATEST]15737d93c14242db96065ddfaa294dc4,1.77,,85000000
2026-05-28 12:30:23.438,2026/05/28/[$LATEST]5989da090f7445fcb92f7c32ee76dd46,1.72,,86000000
2026-05-28 12:30:23.445,2026/05/28/[$LATEST]2faaf80cfd9d45a1b10ad92bea2bdc23,5.41,,86000000
2026-05-28 12:30:23.461,2026/05/28/[$LATEST]15737d93c14242db96065ddfaa294dc4,1.66,,85000000
2026-05-28 12:30:23.467,2026/05/28/[$LATEST]09b41d5fd2894f389e30ae58462b1250,1.78,,85000000
2026-05-28 12:30:23.467,2026/05/28/[$LATEST]2faaf80cfd9d45a1b10ad92bea2bdc23,1.62,,86000000
2026-05-28 12:30:23.473,2026/05/28/[$LATEST]5989da090f7445fcb92f7c32ee76dd46,1.79,,86000000
2026-05-28 12:30:23.475,2026/05/28/[$LATEST]09b41d5fd2894f389e30ae58462b1250,1.47,,85000000
2026-05-28 12:30:23.508,2026/05/28/[$LATEST]09b41d5fd2894f389e30ae58462b1250,1.69,,85000000
2026-05-28 12:30:23.515,2026/05/28/[$LATEST]09b41d5fd2894f389e30ae58462b1250,1.55,,85000000
2026-05-28 12:30:23.519,2026/05/28/[$LATEST]15737d93c14242db96065ddfaa294dc4,1.56,,85000000
2026-05-28 12:30:23.554,2026/05/28/[$LATEST]15737d93c14242db96065ddfaa294dc4,1.59,,85000000
2026-05-28 12:30:23.568,2026/05/28/[$LATEST]5989da090f7445fcb92f7c32ee76dd46,1.74,,86000000
2026-05-28 12:30:23.574,2026/05/28/[$LATEST]2faaf80cfd9d45a1b10ad92bea2bdc23,1.76,,86000000
2026-05-28 12:30:23.575,2026/05/28/[$LATEST]cfb0e958f4874281914ba0b7a1a72bef,1.89,,86000000
2026-05-28 12:30:23.608,2026/05/28/[$LATEST]2faaf80cfd9d45a1b10ad92bea2bdc23,1.64,,86000000
2026-05-28 12:30:23.608,2026/05/28/[$LATEST]cfb0e958f4874281914ba0b7a1a72bef,1.75,,86000000
2026-05-28 12:30:23.611,2026/05/28/[$LATEST]5989da090f7445fcb92f7c32ee76dd46,1.67,,86000000
2026-05-28 12:30:23.615,2026/05/28/[$LATEST]15737d93c14242db96065ddfaa294dc4,1.6,,85000000
2026-05-28 12:30:23.616,2026/05/28/[$LATEST]5724bbfcea774384b83b606c0c42d806,2.15,,86000000
2026-05-28 12:30:23.651,2026/05/28/[$LATEST]5989da090f7445fcb92f7c32ee76dd46,1.78,,86000000
2026-05-28 12:30:23.662,2026/05/28/[$LATEST]5989da090f7445fcb92f7c32ee76dd46,2.85,,86000000
2026-05-28 12:30:23.668,2026/05/28/[$LATEST]2faaf80cfd9d45a1b10ad92bea2bdc23,1.78,,86000000
2026-05-28 12:30:23.669,2026/05/28/[$LATEST]5724bbfcea774384b83b606c0c42d806,22.74,,86000000
2026-05-28 12:30:23.689,2026/05/28/[$LATEST]15737d93c14242db96065ddfaa294dc4,1.76,,85000000
2026-05-28 12:30:23.697,2026/05/28/[$LATEST]645d0a3985b047aa91261d33b7d29c16,2.03,,86000000
2026-05-28 12:30:23.698,2026/05/28/[$LATEST]09b41d5fd2894f389e30ae58462b1250,2.16,,85000000
2026-05-28 12:30:23.703,2026/05/28/[$LATEST]15737d93c14242db96065ddfaa294dc4,1.83,,85000000
2026-05-28 12:30:23.728,2026/05/28/[$LATEST]2faaf80cfd9d45a1b10ad92bea2bdc23,1.78,,86000000
2026-05-28 12:30:23.740,2026/05/28/[$LATEST]15737d93c14242db96065ddfaa294dc4,1.76,,85000000
2026-05-28 12:30:23.746,2026/05/28/[$LATEST]2faaf80cfd9d45a1b10ad92bea2bdc23,1.63,,86000000
2026-05-28 12:30:23.748,2026/05/28/[$LATEST]09b41d5fd2894f389e30ae58462b1250,1.83,,85000000
2026-05-28 12:30:23.751,2026/05/28/[$LATEST]5724bbfcea774384b83b606c0c42d806,52.05,,86000000
2026-05-28 12:30:23.753,2026/05/28/[$LATEST]15737d93c14242db96065ddfaa294dc4,4.47,,85000000
2026-05-28 12:30:23.782,2026/05/28/[$LATEST]5724bbfcea774384b83b606c0c42d806,3.1,,86000000
2026-05-28 12:30:23.790,2026/05/28/[$LATEST]15737d93c14242db96065ddfaa294dc4,1.73,,85000000
2026-05-28 12:30:23.794,2026/05/28/[$LATEST]09b41d5fd2894f389e30ae58462b1250,1.75,,85000000
2026-05-28 12:30:23.806,2026/05/28/[$LATEST]09b41d5fd2894f389e30ae58462b1250,1.49,,85000000
2026-05-28 12:30:23.824,2026/05/28/[$LATEST]2faaf80cfd9d45a1b10ad92bea2bdc23,1.77,,86000000
2026-05-28 12:30:23.827,2026/05/28/[$LATEST]5724bbfcea774384b83b606c0c42d806,2.4,,86000000
2026-05-28 12:30:23.835,2026/05/28/[$LATEST]2faaf80cfd9d45a1b10ad92bea2bdc23,1.69,,86000000
2026-05-28 12:30:23.842,2026/05/28/[$LATEST]5724bbfcea774384b83b606c0c42d806,2.02,,86000000
2026-05-28 12:30:23.845,2026/05/28/[$LATEST]2faaf80cfd9d45a1b10ad92bea2bdc23,1.41,,86000000
2026-05-28 12:30:23.849,2026/05/28/[$LATEST]09b41d5fd2894f389e30ae58462b1250,1.79,,85000000
2026-05-28 12:30:23.850,2026/05/28/[$LATEST]15737d93c14242db96065ddfaa294dc4,1.72,,85000000
2026-05-28 12:30:23.855,2026/05/28/[$LATEST]645d0a3985b047aa91261d33b7d29c16,1.98,,86000000
2026-05-28 12:30:23.858,2026/05/28/[$LATEST]2faaf80cfd9d45a1b10ad92bea2bdc23,1.54,,86000000
2026-05-28 12:30:23.875,2026/05/28/[$LATEST]2faaf80cfd9d45a1b10ad92bea2bdc23,1.56,,86000000
2026-05-28 12:30:23.900,2026/05/28/[$LATEST]2faaf80cfd9d45a1b10ad92bea2bdc23,1.64,,86000000
2026-05-28 12:30:23.908,2026/05/28/[$LATEST]645d0a3985b047aa91261d33b7d29c16,1.75,,86000000
2026-05-28 12:30:23.912,2026/05/28/[$LATEST]2faaf80cfd9d45a1b10ad92bea2bdc23,1.65,,86000000
2026-05-28 12:30:23.913,2026/05/28/[$LATEST]15737d93c14242db96065ddfaa294dc4,1.56,,85000000
2026-05-28 12:30:23.933,2026/05/28/[$LATEST]5724bbfcea774384b83b606c0c42d806,22.15,,86000000
2026-05-28 12:30:23.960,2026/05/28/[$LATEST]5724bbfcea774384b83b606c0c42d806,1.97,,86000000
2026-05-28 12:30:23.969,2026/05/28/[$LATEST]2faaf80cfd9d45a1b10ad92bea2bdc23,1.61,,86000000
2026-05-28 12:30:23.973,2026/05/28/[$LATEST]15737d93c14242db96065ddfaa294dc4,1.59,,85000000
2026-05-28 12:30:23.977,2026/05/28/[$LATEST]645d0a3985b047aa91261d33b7d29c16,1.85,,86000000
2026-05-28 12:30:23.999,2026/05/28/[$LATEST]2faaf80cfd9d45a1b10ad92bea2bdc23,1.81,,86000000
2026-05-28 12:30:24.015,2026/05/28/[$LATEST]2faaf80cfd9d45a1b10ad92bea2bdc23,1.62,,86000000
2026-05-28 12:30:24.024,2026/05/28/[$LATEST]645d0a3985b047aa91261d33b7d29c16,1.85,,86000000
2026-05-28 12:30:24.043,2026/05/28/[$LATEST]645d0a3985b047aa91261d33b7d29c16,1.84,,86000000
2026-05-28 12:30:24.043,2026/05/28/[$LATEST]15737d93c14242db96065ddfaa294dc4,1.75,,85000000
2026-05-28 12:30:24.045,2026/05/28/[$LATEST]2faaf80cfd9d45a1b10ad92bea2bdc23,1.7,,86000000
2026-05-28 12:30:24.067,2026/05/28/[$LATEST]5724bbfcea774384b83b606c0c42d806,2.48,,86000000
2026-05-28 12:30:24.068,2026/05/28/[$LATEST]15737d93c14242db96065ddfaa294dc4,1.65,,85000000
2026-05-28 12:30:24.077,2026/05/28/[$LATEST]645d0a3985b047aa91261d33b7d29c16,7,,86000000
2026-05-28 12:30:24.077,2026/05/28/[$LATEST]15737d93c14242db96065ddfaa294dc4,1.66,,85000000
2026-05-28 12:30:24.084,2026/05/28/[$LATEST]09b41d5fd2894f389e30ae58462b1250,1.62,,85000000
2026-05-28 12:30:24.089,2026/05/28/[$LATEST]5724bbfcea774384b83b606c0c42d806,2.78,,86000000
2026-05-28 12:30:24.091,2026/05/28/[$LATEST]7de6c63704704001920746bd5ec85dd3,1.6,,85000000
2026-05-28 12:30:24.093,2026/05/28/[$LATEST]15737d93c14242db96065ddfaa294dc4,8.86,,85000000
2026-05-28 12:30:24.093,2026/05/28/[$LATEST]09b41d5fd2894f389e30ae58462b1250,1.61,,85000000
2026-05-28 12:30:24.096,2026/05/28/[$LATEST]2faaf80cfd9d45a1b10ad92bea2bdc23,2.08,,86000000
2026-05-28 12:30:24.097,2026/05/28/[$LATEST]7de6c63704704001920746bd5ec85dd3,1.32,,85000000
2026-05-28 12:30:24.098,2026/05/28/[$LATEST]645d0a3985b047aa91261d33b7d29c16,12.78,,86000000
2026-05-28 12:30:24.099,2026/05/28/[$LATEST]4f6d928700b0454089f4d3ba5806fd95,6.34,803.24,85000000
2026-05-28 12:30:24.109,2026/05/28/[$LATEST]5989da090f7445fcb92f7c32ee76dd46,2.16,,86000000
2026-05-28 12:30:24.109,2026/05/28/[$LATEST]cfb0e958f4874281914ba0b7a1a72bef,2.16,,86000000
2026-05-28 12:30:24.110,2026/05/28/[$LATEST]2faaf80cfd9d45a1b10ad92bea2bdc23,1.83,,86000000
2026-05-28 12:30:24.129,2026/05/28/[$LATEST]5724bbfcea774384b83b606c0c42d806,23.17,,86000000
2026-05-28 12:30:24.142,2026/05/28/[$LATEST]4f6d928700b0454089f4d3ba5806fd95,2.04,,85000000
2026-05-28 12:30:24.159,2026/05/28/[$LATEST]2faaf80cfd9d45a1b10ad92bea2bdc23,3.79,,86000000
2026-05-28 12:30:24.168,2026/05/28/[$LATEST]5724bbfcea774384b83b606c0c42d806,5.82,,86000000
2026-05-28 12:30:24.184,2026/05/28/[$LATEST]2faaf80cfd9d45a1b10ad92bea2bdc23,4.89,,86000000
2026-05-28 12:30:24.189,2026/05/28/[$LATEST]5989da090f7445fcb92f7c32ee76dd46,2.6,,86000000
2026-05-28 12:30:24.189,2026/05/28/[$LATEST]5724bbfcea774384b83b606c0c42d806,4.23,,86000000
2026-05-28 12:30:24.204,2026/05/28/[$LATEST]2faaf80cfd9d45a1b10ad92bea2bdc23,11.59,,86000000
2026-05-28 12:30:24.220,2026/05/28/[$LATEST]4f6d928700b0454089f4d3ba5806fd95,1.9,,85000000
2026-05-28 12:30:24.221,2026/05/28/[$LATEST]5724bbfcea774384b83b606c0c42d806,2.33,,86000000
2026-05-28 12:30:24.222,2026/05/28/[$LATEST]645d0a3985b047aa91261d33b7d29c16,1.73,,86000000
2026-05-28 12:30:24.226,2026/05/28/[$LATEST]2faaf80cfd9d45a1b10ad92bea2bdc23,1.75,,86000000
2026-05-28 12:30:24.244,2026/05/28/[$LATEST]2faaf80cfd9d45a1b10ad92bea2bdc23,8.35,,86000000
2026-05-28 12:30:24.264,2026/05/28/[$LATEST]645d0a3985b047aa91261d33b7d29c16,1.59,,86000000
2026-05-28 12:30:24.268,2026/05/28/[$LATEST]2faaf80cfd9d45a1b10ad92bea2bdc23,2.29,,86000000
2026-05-28 12:30:24.269,2026/05/28/[$LATEST]5724bbfcea774384b83b606c0c42d806,14.05,,86000000
2026-05-28 12:30:24.274,2026/05/28/[$LATEST]5989da090f7445fcb92f7c32ee76dd46,1.83,,86000000
2026-05-28 12:30:24.299,2026/05/28/[$LATEST]5989da090f7445fcb92f7c32ee76dd46,1.71,,86000000
2026-05-28 12:30:24.303,2026/05/28/[$LATEST]645d0a3985b047aa91261d33b7d29c16,1.78,,86000000
2026-05-28 12:30:24.309,2026/05/28/[$LATEST]4f6d928700b0454089f4d3ba5806fd95,2.11,,85000000
2026-05-28 12:30:24.314,2026/05/28/[$LATEST]5724bbfcea774384b83b606c0c42d806,1.87,,86000000
2026-05-28 12:30:24.319,2026/05/28/[$LATEST]5989da090f7445fcb92f7c32ee76dd46,9.46,,86000000
2026-05-28 12:30:24.330,2026/05/28/[$LATEST]5724bbfcea774384b83b606c0c42d806,9.44,,86000000
2026-05-28 12:30:24.335,2026/05/28/[$LATEST]4f6d928700b0454089f4d3ba5806fd95,16.11,,85000000
2026-05-28 12:30:24.336,2026/05/28/[$LATEST]2faaf80cfd9d45a1b10ad92bea2bdc23,3.8,,86000000
2026-05-28 12:30:24.338,2026/05/28/[$LATEST]645d0a3985b047aa91261d33b7d29c16,1.81,,86000000
2026-05-28 12:30:24.339,2026/05/28/[$LATEST]5989da090f7445fcb92f7c32ee76dd46,12.53,,86000000
2026-05-28 12:30:24.341,2026/05/28/[$LATEST]cfb0e958f4874281914ba0b7a1a72bef,2.15,,86000000
2026-05-28 12:30:24.349,2026/05/28/[$LATEST]5724bbfcea774384b83b606c0c42d806,6.09,,86000000
2026-05-28 12:30:24.391,2026/05/28/[$LATEST]645d0a3985b047aa91261d33b7d29c16,1.76,,86000000
2026-05-28 12:30:24.411,2026/05/28/[$LATEST]645d0a3985b047aa91261d33b7d29c16,1.95,,86000000
2026-05-28 12:30:24.432,2026/05/28/[$LATEST]645d0a3985b047aa91261d33b7d29c16,1.92,,86000000
2026-05-28 12:30:24.443,2026/05/28/[$LATEST]645d0a3985b047aa91261d33b7d29c16,1.56,,86000000
2026-05-28 12:30:24.447,2026/05/28/[$LATEST]4f6d928700b0454089f4d3ba5806fd95,1.67,,85000000
2026-05-28 12:30:24.450,2026/05/28/[$LATEST]5724bbfcea774384b83b606c0c42d806,1.75,,86000000
2026-05-28 12:30:24.462,2026/05/28/[$LATEST]cfb0e958f4874281914ba0b7a1a72bef,11.45,,86000000
2026-05-28 12:30:24.470,2026/05/28/[$LATEST]5724bbfcea774384b83b606c0c42d806,6.64,,86000000
2026-05-28 12:30:24.482,2026/05/28/[$LATEST]cfb0e958f4874281914ba0b7a1a72bef,8.86,,86000000
2026-05-28 12:30:24.500,2026/05/28/[$LATEST]4f6d928700b0454089f4d3ba5806fd95,2.24,,85000000
2026-05-28 12:30:24.504,2026/05/28/[$LATEST]cfb0e958f4874281914ba0b7a1a72bef,1.86,,86000000
2026-05-28 12:30:24.526,2026/05/28/[$LATEST]cfb0e958f4874281914ba0b7a1a72bef,2.34,,86000000
2026-05-28 12:30:24.529,2026/05/28/[$LATEST]5724bbfcea774384b83b606c0c42d806,9.03,,86000000
2026-05-28 12:30:24.547,2026/05/28/[$LATEST]5724bbfcea774384b83b606c0c42d806,2.2,,86000000
2026-05-28 12:30:24.555,2026/05/28/[$LATEST]cfb0e958f4874281914ba0b7a1a72bef,1.9,,86000000
2026-05-28 12:30:24.593,2026/05/28/[$LATEST]cfb0e958f4874281914ba0b7a1a72bef,1.82,,86000000
2026-05-28 12:30:24.606,2026/05/28/[$LATEST]5724bbfcea774384b83b606c0c42d806,1.8,,86000000
2026-05-28 12:30:24.608,2026/05/28/[$LATEST]cfb0e958f4874281914ba0b7a1a72bef,1.89,,86000000
2026-05-28 12:30:24.612,2026/05/28/[$LATEST]4f6d928700b0454089f4d3ba5806fd95,2.14,,85000000
2026-05-28 12:30:24.643,2026/05/28/[$LATEST]cfb0e958f4874281914ba0b7a1a72bef,1.83,,86000000
2026-05-28 12:30:24.651,2026/05/28/[$LATEST]5724bbfcea774384b83b606c0c42d806,1.82,,86000000
2026-05-28 12:30:24.659,2026/05/28/[$LATEST]645d0a3985b047aa91261d33b7d29c16,1.8,,86000000
2026-05-28 12:30:24.660,2026/05/28/[$LATEST]4f6d928700b0454089f4d3ba5806fd95,2.31,,85000000
2026-05-28 12:30:24.704,2026/05/28/[$LATEST]5724bbfcea774384b83b606c0c42d806,1.88,,86000000
2026-05-28 12:30:24.716,2026/05/28/[$LATEST]4f6d928700b0454089f4d3ba5806fd95,15.76,,85000000
2026-05-28 12:30:24.719,2026/05/28/[$LATEST]5724bbfcea774384b83b606c0c42d806,2.31,,86000000
2026-05-28 12:30:24.723,2026/05/28/[$LATEST]645d0a3985b047aa91261d33b7d29c16,1.74,,86000000
2026-05-28 12:30:24.757,2026/05/28/[$LATEST]645d0a3985b047aa91261d33b7d29c16,24.58,,86000000
2026-05-28 12:30:24.760,2026/05/28/[$LATEST]5724bbfcea774384b83b606c0c42d806,1.84,,86000000
2026-05-28 12:30:24.764,2026/05/28/[$LATEST]4f6d928700b0454089f4d3ba5806fd95,2.27,,85000000
2026-05-28 12:30:24.765,2026/05/28/[$LATEST]7de6c63704704001920746bd5ec85dd3,1.83,,85000000
2026-05-28 12:30:24.771,2026/05/28/[$LATEST]645d0a3985b047aa91261d33b7d29c16,1.77,,86000000
2026-05-28 12:30:24.781,2026/05/28/[$LATEST]645d0a3985b047aa91261d33b7d29c16,1.84,,86000000
2026-05-28 12:30:24.784,2026/05/28/[$LATEST]5724bbfcea774384b83b606c0c42d806,1.99,,86000000
2026-05-28 12:30:24.796,2026/05/28/[$LATEST]4f6d928700b0454089f4d3ba5806fd95,15.01,,85000000
2026-05-28 12:30:24.798,2026/05/28/[$LATEST]5724bbfcea774384b83b606c0c42d806,1.92,,86000000
2026-05-28 12:30:24.801,2026/05/28/[$LATEST]cfb0e958f4874281914ba0b7a1a72bef,1.82,,86000000
2026-05-28 12:30:24.803,2026/05/28/[$LATEST]5989da090f7445fcb92f7c32ee76dd46,2.12,,86000000
2026-05-28 12:30:24.816,2026/05/28/[$LATEST]4f6d928700b0454089f4d3ba5806fd95,10.67,,85000000
2026-05-28 12:30:24.836,2026/05/28/[$LATEST]5989da090f7445fcb92f7c32ee76dd46,1.97,,86000000
2026-05-28 12:30:24.837,2026/05/28/[$LATEST]cfb0e958f4874281914ba0b7a1a72bef,1.67,,86000000
2026-05-28 12:30:24.856,2026/05/28/[$LATEST]cfb0e958f4874281914ba0b7a1a72bef,1.7,,86000000
2026-05-28 12:30:24.863,2026/05/28/[$LATEST]4f6d928700b0454089f4d3ba5806fd95,2.01,,85000000
2026-05-28 12:30:24.868,2026/05/28/[$LATEST]cfb0e958f4874281914ba0b7a1a72bef,2,,86000000
2026-05-28 12:30:24.881,2026/05/28/[$LATEST]5989da090f7445fcb92f7c32ee76dd46,1.72,,86000000
2026-05-28 12:30:24.886,2026/05/28/[$LATEST]cfb0e958f4874281914ba0b7a1a72bef,2.04,,86000000
2026-05-28 12:30:24.893,2026/05/28/[$LATEST]645d0a3985b047aa91261d33b7d29c16,1.75,,86000000
2026-05-28 12:30:24.902,2026/05/28/[$LATEST]4f6d928700b0454089f4d3ba5806fd95,18.02,,85000000
2026-05-28 12:30:24.912,2026/05/28/[$LATEST]cfb0e958f4874281914ba0b7a1a72bef,1.86,,86000000
2026-05-28 12:30:24.916,2026/05/28/[$LATEST]4f6d928700b0454089f4d3ba5806fd95,2.3,,85000000
2026-05-28 12:30:24.922,2026/05/28/[$LATEST]645d0a3985b047aa91261d33b7d29c16,1.9,,86000000
2026-05-28 12:30:24.936,2026/05/28/[$LATEST]4f6d928700b0454089f4d3ba5806fd95,10.11,,85000000
2026-05-28 12:30:24.944,2026/05/28/[$LATEST]645d0a3985b047aa91261d33b7d29c16,1.77,,86000000
2026-05-28 12:30:24.946,2026/05/28/[$LATEST]7de6c63704704001920746bd5ec85dd3,1.58,,85000000
2026-05-28 12:30:24.951,2026/05/28/[$LATEST]cfb0e958f4874281914ba0b7a1a72bef,1.73,,86000000
2026-05-28 12:30:24.957,2026/05/28/[$LATEST]4f6d928700b0454089f4d3ba5806fd95,1.99,,85000000
2026-05-28 12:30:24.966,2026/05/28/[$LATEST]cfb0e958f4874281914ba0b7a1a72bef,1.92,,86000000
2026-05-28 12:30:25.001,2026/05/28/[$LATEST]4f6d928700b0454089f4d3ba5806fd95,1.91,,85000000
2026-05-28 12:30:25.002,2026/05/28/[$LATEST]cfb0e958f4874281914ba0b7a1a72bef,1.72,,86000000
2026-05-28 12:30:25.021,2026/05/28/[$LATEST]cfb0e958f4874281914ba0b7a1a72bef,6.97,,86000000
2026-05-28 12:30:25.022,2026/05/28/[$LATEST]4f6d928700b0454089f4d3ba5806fd95,2.52,,85000000
2026-05-28 12:30:25.029,2026/05/28/[$LATEST]5989da090f7445fcb92f7c32ee76dd46,1.75,,86000000
2026-05-28 12:30:25.054,2026/05/28/[$LATEST]4f6d928700b0454089f4d3ba5806fd95,3.53,,85000000
2026-05-28 12:30:25.055,2026/05/28/[$LATEST]7de6c63704704001920746bd5ec85dd3,1.81,,85000000
2026-05-28 12:30:25.059,2026/05/28/[$LATEST]5989da090f7445fcb92f7c32ee76dd46,1.7,,86000000
2026-05-28 12:30:25.062,2026/05/28/[$LATEST]645d0a3985b047aa91261d33b7d29c16,3.25,,86000000
2026-05-28 12:30:25.067,2026/05/28/[$LATEST]cfb0e958f4874281914ba0b7a1a72bef,1.75,,86000000
2026-05-28 12:30:25.080,2026/05/28/[$LATEST]645d0a3985b047aa91261d33b7d29c16,1.64,,86000000
2026-05-28 12:30:25.091,2026/05/28/[$LATEST]7de6c63704704001920746bd5ec85dd3,1.59,,85000000
2026-05-28 12:30:25.093,2026/05/28/[$LATEST]cfb0e958f4874281914ba0b7a1a72bef,1.67,,86000000
2026-05-28 12:30:25.095,2026/05/28/[$LATEST]5724bbfcea774384b83b606c0c42d806,2.29,,86000000
2026-05-28 12:30:25.095,2026/05/28/[$LATEST]09b41d5fd2894f389e30ae58462b1250,1.84,,85000000
2026-05-28 12:30:25.095,2026/05/28/[$LATEST]5989da090f7445fcb92f7c32ee76dd46,1.77,,86000000
2026-05-28 12:30:25.095,2026/05/28/[$LATEST]4f6d928700b0454089f4d3ba5806fd95,2.19,,85000000
2026-05-28 12:30:25.099,2026/05/28/[$LATEST]645d0a3985b047aa91261d33b7d29c16,13.23,,86000000
2026-05-28 12:30:25.100,2026/05/28/[$LATEST]7de6c63704704001920746bd5ec85dd3,1.3,,85000000
2026-05-28 12:30:25.101,2026/05/28/[$LATEST]15737d93c14242db96065ddfaa294dc4,1.9,,85000000
2026-05-28 12:30:25.110,2026/05/28/[$LATEST]4f6d928700b0454089f4d3ba5806fd95,1.8,,85000000
2026-05-28 12:30:25.112,2026/05/28/[$LATEST]15737d93c14242db96065ddfaa294dc4,1.76,,85000000
2026-05-28 12:30:25.120,2026/05/28/[$LATEST]15737d93c14242db96065ddfaa294dc4,1.34,,85000000
2026-05-28 12:30:25.126,2026/05/28/[$LATEST]4f6d928700b0454089f4d3ba5806fd95,1.89,,85000000
2026-05-28 12:30:25.133,2026/05/28/[$LATEST]5989da090f7445fcb92f7c32ee76dd46,1.68,,86000000
2026-05-28 12:30:25.161,2026/05/28/[$LATEST]5989da090f7445fcb92f7c32ee76dd46,1.89,,86000000
2026-05-28 12:30:25.188,2026/05/28/[$LATEST]4f6d928700b0454089f4d3ba5806fd95,1.9,,85000000
2026-05-28 12:30:25.211,2026/05/28/[$LATEST]15737d93c14242db96065ddfaa294dc4,1.86,,85000000
2026-05-28 12:30:25.213,2026/05/28/[$LATEST]7de6c63704704001920746bd5ec85dd3,1.74,,85000000
2026-05-28 12:30:25.215,2026/05/28/[$LATEST]4f6d928700b0454089f4d3ba5806fd95,14.45,,85000000
2026-05-28 12:30:25.218,2026/05/28/[$LATEST]15737d93c14242db96065ddfaa294dc4,1.47,,85000000
2026-05-28 12:30:25.224,2026/05/28/[$LATEST]5989da090f7445fcb92f7c32ee76dd46,1.77,,86000000
2026-05-28 12:30:25.237,2026/05/28/[$LATEST]15737d93c14242db96065ddfaa294dc4,1.62,,85000000
2026-05-28 12:30:25.240,2026/05/28/[$LATEST]4f6d928700b0454089f4d3ba5806fd95,2.04,,85000000
2026-05-28 12:30:25.256,2026/05/28/[$LATEST]4f6d928700b0454089f4d3ba5806fd95,2.23,,85000000
2026-05-28 12:30:25.256,2026/05/28/[$LATEST]5989da090f7445fcb92f7c32ee76dd46,1.82,,86000000
2026-05-28 12:30:25.257,2026/05/28/[$LATEST]15737d93c14242db96065ddfaa294dc4,1.68,,85000000
2026-05-28 12:30:25.261,2026/05/28/[$LATEST]7de6c63704704001920746bd5ec85dd3,1.8,,85000000
2026-05-28 12:30:25.272,2026/05/28/[$LATEST]15737d93c14242db96065ddfaa294dc4,8.95,,85000000
2026-05-28 12:30:25.282,2026/05/28/[$LATEST]15737d93c14242db96065ddfaa294dc4,1.6,,85000000
2026-05-28 12:30:25.287,2026/05/28/[$LATEST]5989da090f7445fcb92f7c32ee76dd46,1.92,,86000000
2026-05-28 12:30:25.299,2026/05/28/[$LATEST]5989da090f7445fcb92f7c32ee76dd46,4.16,,86000000
2026-05-28 12:30:25.300,2026/05/28/[$LATEST]15737d93c14242db96065ddfaa294dc4,1.71,,85000000
2026-05-28 12:30:25.313,2026/05/28/[$LATEST]15737d93c14242db96065ddfaa294dc4,5.99,,85000000
2026-05-28 12:30:25.314,2026/05/28/[$LATEST]7de6c63704704001920746bd5ec85dd3,1.83,,85000000
2026-05-28 12:30:25.323,2026/05/28/[$LATEST]7de6c63704704001920746bd5ec85dd3,1.54,,85000000
2026-05-28 12:30:25.332,2026/05/28/[$LATEST]5989da090f7445fcb92f7c32ee76dd46,1.92,,86000000
2026-05-28 12:30:25.364,2026/05/28/[$LATEST]7de6c63704704001920746bd5ec85dd3,1.7,,85000000
2026-05-28 12:30:25.366,2026/05/28/[$LATEST]15737d93c14242db96065ddfaa294dc4,1.69,,85000000
2026-05-28 12:30:25.390,2026/05/28/[$LATEST]15737d93c14242db96065ddfaa294dc4,1.54,,85000000
2026-05-28 12:30:25.392,2026/05/28/[$LATEST]5989da090f7445fcb92f7c32ee76dd46,1.68,,86000000
2026-05-28 12:30:25.410,2026/05/28/[$LATEST]5989da090f7445fcb92f7c32ee76dd46,1.68,,86000000
2026-05-28 12:30:25.426,2026/05/28/[$LATEST]15737d93c14242db96065ddfaa294dc4,1.71,,85000000
2026-05-28 12:30:25.428,2026/05/28/[$LATEST]5724bbfcea774384b83b606c0c42d806,15.8,,86000000
2026-05-28 12:30:25.434,2026/05/28/[$LATEST]7de6c63704704001920746bd5ec85dd3,1.79,,85000000
2026-05-28 12:30:25.435,2026/05/28/[$LATEST]5989da090f7445fcb92f7c32ee76dd46,1.7,,86000000
2026-05-28 12:30:25.443,2026/05/28/[$LATEST]7de6c63704704001920746bd5ec85dd3,1.7,,85000000
2026-05-28 12:30:25.449,2026/05/28/[$LATEST]15737d93c14242db96065ddfaa294dc4,1.78,,85000000
2026-05-28 12:30:25.456,2026/05/28/[$LATEST]5989da090f7445fcb92f7c32ee76dd46,2.2,,86000000
2026-05-28 12:30:25.463,2026/05/28/[$LATEST]15737d93c14242db96065ddfaa294dc4,1.65,,85000000
2026-05-28 12:30:25.464,2026/05/28/[$LATEST]7de6c63704704001920746bd5ec85dd3,1.51,,85000000
2026-05-28 12:30:25.466,2026/05/28/[$LATEST]5989da090f7445fcb92f7c32ee76dd46,1.85,,86000000
2026-05-28 12:30:25.470,2026/05/28/[$LATEST]4f6d928700b0454089f4d3ba5806fd95,1.92,,85000000
2026-05-28 12:30:25.476,2026/05/28/[$LATEST]15737d93c14242db96065ddfaa294dc4,7.69,,85000000
2026-05-28 12:30:25.503,2026/05/28/[$LATEST]5724bbfcea774384b83b606c0c42d806,1.94,,86000000
2026-05-28 12:30:25.503,2026/05/28/[$LATEST]5989da090f7445fcb92f7c32ee76dd46,2.06,,86000000
2026-05-28 12:30:25.510,2026/05/28/[$LATEST]7de6c63704704001920746bd5ec85dd3,1.74,,85000000
2026-05-28 12:30:25.511,2026/05/28/[$LATEST]15737d93c14242db96065ddfaa294dc4,4.46,,85000000
2026-05-28 12:30:25.515,2026/05/28/[$LATEST]4f6d928700b0454089f4d3ba5806fd95,6.51,,85000000
2026-05-28 12:30:25.530,2026/05/28/[$LATEST]5989da090f7445fcb92f7c32ee76dd46,1.78,,86000000
2026-05-28 12:30:25.553,2026/05/28/[$LATEST]4f6d928700b0454089f4d3ba5806fd95,2.7,,85000000
2026-05-28 12:30:25.565,2026/05/28/[$LATEST]5724bbfcea774384b83b606c0c42d806,2.06,,86000000
2026-05-28 12:30:25.574,2026/05/28/[$LATEST]4f6d928700b0454089f4d3ba5806fd95,5.12,,85000000
2026-05-28 12:30:25.577,2026/05/28/[$LATEST]7de6c63704704001920746bd5ec85dd3,1.61,,85000000
2026-05-28 12:30:25.579,2026/05/28/[$LATEST]645d0a3985b047aa91261d33b7d29c16,2.01,,86000000
2026-05-28 12:30:25.579,2026/05/28/[$LATEST]5989da090f7445fcb92f7c32ee76dd46,37.9,,86000000
2026-05-28 12:30:25.582,2026/05/28/[$LATEST]5724bbfcea774384b83b606c0c42d806,4.01,,86000000
2026-05-28 12:30:25.592,2026/05/28/[$LATEST]15737d93c14242db96065ddfaa294dc4,17.55,,85000000
2026-05-28 12:30:25.602,2026/05/28/[$LATEST]cfb0e958f4874281914ba0b7a1a72bef,31.65,,86000000
2026-05-28 12:30:25.618,2026/05/28/[$LATEST]cfb0e958f4874281914ba0b7a1a72bef,1.64,,86000000
2026-05-28 12:30:25.622,2026/05/28/[$LATEST]5724bbfcea774384b83b606c0c42d806,2.19,,86000000
2026-05-28 12:30:25.629,2026/05/28/[$LATEST]15737d93c14242db96065ddfaa294dc4,4.11,,85000000
2026-05-28 12:30:25.667,2026/05/28/[$LATEST]5724bbfcea774384b83b606c0c42d806,3.57,,86000000
2026-05-28 12:30:25.673,2026/05/28/[$LATEST]15737d93c14242db96065ddfaa294dc4,14.6,,85000000
2026-05-28 12:30:25.679,2026/05/28/[$LATEST]645d0a3985b047aa91261d33b7d29c16,1.79,,86000000
2026-05-28 12:30:25.681,2026/05/28/[$LATEST]7de6c63704704001920746bd5ec85dd3,1.82,,85000000
2026-05-28 12:30:25.698,2026/05/28/[$LATEST]645d0a3985b047aa91261d33b7d29c16,8.11,,86000000
2026-05-28 12:30:25.707,2026/05/28/[$LATEST]5724bbfcea774384b83b606c0c42d806,6.01,,86000000
2026-05-28 12:30:25.712,2026/05/28/[$LATEST]cfb0e958f4874281914ba0b7a1a72bef,1.76,,86000000
2026-05-28 12:30:25.716,2026/05/28/[$LATEST]7de6c63704704001920746bd5ec85dd3,28.47,,85000000
2026-05-28 12:30:25.726,2026/05/28/[$LATEST]cfb0e958f4874281914ba0b7a1a72bef,2.19,,86000000
2026-05-28 12:30:25.729,2026/05/28/[$LATEST]5989da090f7445fcb92f7c32ee76dd46,2.08,,86000000
2026-05-28 12:30:25.730,2026/05/28/[$LATEST]5724bbfcea774384b83b606c0c42d806,2.76,,86000000
2026-05-28 12:30:25.737,2026/05/28/[$LATEST]7de6c63704704001920746bd5ec85dd3,1.43,,85000000
2026-05-28 12:30:25.770,2026/05/28/[$LATEST]7de6c63704704001920746bd5ec85dd3,1.56,,85000000
2026-05-28 12:30:25.788,2026/05/28/[$LATEST]5724bbfcea774384b83b606c0c42d806,2.75,,86000000
2026-05-28 12:30:25.800,2026/05/28/[$LATEST]5724bbfcea774384b83b606c0c42d806,1.97,,86000000
2026-05-28 12:30:25.801,2026/05/28/[$LATEST]7de6c63704704001920746bd5ec85dd3,1.59,,85000000
2026-05-28 12:30:25.803,2026/05/28/[$LATEST]5989da090f7445fcb92f7c32ee76dd46,1.73,,86000000
2026-05-28 12:30:25.823,2026/05/28/[$LATEST]7de6c63704704001920746bd5ec85dd3,1.76,,85000000
2026-05-28 12:30:25.834,2026/05/28/[$LATEST]5989da090f7445fcb92f7c32ee76dd46,1.7,,86000000
2026-05-28 12:30:25.861,2026/05/28/[$LATEST]5989da090f7445fcb92f7c32ee76dd46,2.04,,86000000
2026-05-28 12:30:25.872,2026/05/28/[$LATEST]7de6c63704704001920746bd5ec85dd3,1.71,,85000000
2026-05-28 12:30:25.877,2026/05/28/[$LATEST]5724bbfcea774384b83b606c0c42d806,1.79,,86000000
2026-05-28 12:30:25.879,2026/05/28/[$LATEST]5989da090f7445fcb92f7c32ee76dd46,8.33,,86000000
2026-05-28 12:30:25.889,2026/05/28/[$LATEST]7de6c63704704001920746bd5ec85dd3,1.73,,85000000
2026-05-28 12:30:25.926,2026/05/28/[$LATEST]5989da090f7445fcb92f7c32ee76dd46,2.08,,86000000
2026-05-28 12:30:25.931,2026/05/28/[$LATEST]7de6c63704704001920746bd5ec85dd3,1.73,,85000000
2026-05-28 12:30:25.948,2026/05/28/[$LATEST]5989da090f7445fcb92f7c32ee76dd46,1.77,,86000000
2026-05-28 12:30:25.953,2026/05/28/[$LATEST]645d0a3985b047aa91261d33b7d29c16,2,,86000000
2026-05-28 12:30:25.956,2026/05/28/[$LATEST]7de6c63704704001920746bd5ec85dd3,1.89,,85000000
2026-05-28 12:30:25.966,2026/05/28/[$LATEST]645d0a3985b047aa91261d33b7d29c16,1.64,,86000000
2026-05-28 12:30:25.975,2026/05/28/[$LATEST]7de6c63704704001920746bd5ec85dd3,12.79,,85000000
2026-05-28 12:30:25.979,2026/05/28/[$LATEST]5989da090f7445fcb92f7c32ee76dd46,1.78,,86000000
2026-05-28 12:30:25.980,2026/05/28/[$LATEST]645d0a3985b047aa91261d33b7d29c16,1.64,,86000000
2026-05-28 12:30:26.006,2026/05/28/[$LATEST]5989da090f7445fcb92f7c32ee76dd46,2.25,,86000000
2026-05-28 12:30:26.046,2026/05/28/[$LATEST]5989da090f7445fcb92f7c32ee76dd46,2.07,,86000000
2026-05-28 12:30:26.051,2026/05/28/[$LATEST]645d0a3985b047aa91261d33b7d29c16,1.74,,86000000
2026-05-28 12:30:26.060,2026/05/28/[$LATEST]5989da090f7445fcb92f7c32ee76dd46,1.9,,86000000
2026-05-28 12:30:26.074,2026/05/28/[$LATEST]645d0a3985b047aa91261d33b7d29c16,1.84,,86000000
2026-05-28 12:30:26.080,2026/05/28/[$LATEST]cfb0e958f4874281914ba0b7a1a72bef,1.69,,86000000
2026-05-28 12:30:26.083,2026/05/28/[$LATEST]5989da090f7445fcb92f7c32ee76dd46,10.34,,86000000
2026-05-28 12:30:26.086,2026/05/28/[$LATEST]645d0a3985b047aa91261d33b7d29c16,1.65,,86000000
2026-05-28 12:30:26.087,2026/05/28/[$LATEST]7de6c63704704001920746bd5ec85dd3,1.81,,85000000
2026-05-28 12:30:26.087,2026/05/28/[$LATEST]2faaf80cfd9d45a1b10ad92bea2bdc23,1.98,,86000000
2026-05-28 12:30:26.087,2026/05/28/[$LATEST]5724bbfcea774384b83b606c0c42d806,1.94,,86000000
2026-05-28 12:30:26.088,2026/05/28/[$LATEST]cfb0e958f4874281914ba0b7a1a72bef,1.69,,86000000
2026-05-28 12:30:26.088,2026/05/28/[$LATEST]4f6d928700b0454089f4d3ba5806fd95,2.13,,85000000
2026-05-28 12:30:26.088,2026/05/28/[$LATEST]15737d93c14242db96065ddfaa294dc4,1.88,,85000000
2026-05-28 12:30:26.090,2026/05/28/[$LATEST]188cc19e71ed4e0bb96c479aefb33946,1.93,,86000000
2026-05-28 12:30:26.098,2026/05/28/[$LATEST]645d0a3985b047aa91261d33b7d29c16,5.57,,86000000
2026-05-28 12:30:26.101,2026/05/28/[$LATEST]5989da090f7445fcb92f7c32ee76dd46,11.09,,86000000
2026-05-28 12:30:26.108,2026/05/28/[$LATEST]188cc19e71ed4e0bb96c479aefb33946,9.38,,86000000
2026-05-28 12:30:26.118,2026/05/28/[$LATEST]645d0a3985b047aa91261d33b7d29c16,2.64,,86000000
2026-05-28 12:30:26.138,2026/05/28/[$LATEST]188cc19e71ed4e0bb96c479aefb33946,1.92,,86000000
2026-05-28 12:30:26.148,2026/05/28/[$LATEST]188cc19e71ed4e0bb96c479aefb33946,4.15,,86000000
2026-05-28 12:30:26.149,2026/05/28/[$LATEST]5989da090f7445fcb92f7c32ee76dd46,1.78,,86000000
2026-05-28 12:30:26.166,2026/05/28/[$LATEST]645d0a3985b047aa91261d33b7d29c16,1.66,,86000000
2026-05-28 12:30:26.176,2026/05/28/[$LATEST]188cc19e71ed4e0bb96c479aefb33946,1.79,,86000000
2026-05-28 12:30:26.179,2026/05/28/[$LATEST]cfb0e958f4874281914ba0b7a1a72bef,2.04,,86000000
2026-05-28 12:30:26.185,2026/05/28/[$LATEST]645d0a3985b047aa91261d33b7d29c16,1.91,,86000000
2026-05-28 12:30:26.186,2026/05/28/[$LATEST]5989da090f7445fcb92f7c32ee76dd46,6.68,,86000000
2026-05-28 12:30:26.186,2026/05/28/[$LATEST]4f6d928700b0454089f4d3ba5806fd95,2.34,,85000000
2026-05-28 12:30:26.200,2026/05/28/[$LATEST]5989da090f7445fcb92f7c32ee76dd46,2.06,,86000000
2026-05-28 12:30:26.203,2026/05/28/[$LATEST]4f6d928700b0454089f4d3ba5806fd95,1.9,,85000000
2026-05-28 12:30:26.206,2026/05/28/[$LATEST]645d0a3985b047aa91261d33b7d29c16,1.78,,86000000
2026-05-28 12:30:26.218,2026/05/28/[$LATEST]4f6d928700b0454089f4d3ba5806fd95,2,,85000000
2026-05-28 12:30:26.219,2026/05/28/[$LATEST]5989da090f7445fcb92f7c32ee76dd46,6.7,,86000000
2026-05-28 12:30:26.219,2026/05/28/[$LATEST]645d0a3985b047aa91261d33b7d29c16,1.85,,86000000
2026-05-28 12:30:26.239,2026/05/28/[$LATEST]188cc19e71ed4e0bb96c479aefb33946,1.77,,86000000
2026-05-28 12:30:26.239,2026/05/28/[$LATEST]5989da090f7445fcb92f7c32ee76dd46,5.1,,86000000
2026-05-28 12:30:26.247,2026/05/28/[$LATEST]5989da090f7445fcb92f7c32ee76dd46,1.73,,86000000
2026-05-28 12:30:26.247,2026/05/28/[$LATEST]645d0a3985b047aa91261d33b7d29c16,1.64,,86000000
2026-05-28 12:30:26.260,2026/05/28/[$LATEST]cfb0e958f4874281914ba0b7a1a72bef,15.57,,86000000
2026-05-28 12:30:26.264,2026/05/28/[$LATEST]5989da090f7445fcb92f7c32ee76dd46,1.74,,86000000
2026-05-28 12:30:26.277,2026/05/28/[$LATEST]645d0a3985b047aa91261d33b7d29c16,1.76,,86000000
2026-05-28 12:30:26.280,2026/05/28/[$LATEST]4f6d928700b0454089f4d3ba5806fd95,1.79,,85000000
2026-05-28 12:30:26.282,2026/05/28/[$LATEST]5989da090f7445fcb92f7c32ee76dd46,1.76,,86000000
2026-05-28 12:30:26.291,2026/05/28/[$LATEST]cfb0e958f4874281914ba0b7a1a72bef,1.89,,86000000
2026-05-28 12:30:26.295,2026/05/28/[$LATEST]188cc19e71ed4e0bb96c479aefb33946,1.69,,86000000
2026-05-28 12:30:26.299,2026/05/28/[$LATEST]5989da090f7445fcb92f7c32ee76dd46,10.34,,86000000
2026-05-28 12:30:26.301,2026/05/28/[$LATEST]4f6d928700b0454089f4d3ba5806fd95,1.79,,85000000
2026-05-28 12:30:26.301,2026/05/28/[$LATEST]cfb0e958f4874281914ba0b7a1a72bef,3.55,,86000000
2026-05-28 12:30:26.307,2026/05/28/[$LATEST]5724bbfcea774384b83b606c0c42d806,6.01,,86000000
2026-05-28 12:30:26.318,2026/05/28/[$LATEST]4f6d928700b0454089f4d3ba5806fd95,1.81,,85000000
2026-05-28 12:30:26.323,2026/05/28/[$LATEST]645d0a3985b047aa91261d33b7d29c16,1.68,,86000000
2026-05-28 12:30:26.348,2026/05/28/[$LATEST]cfb0e958f4874281914ba0b7a1a72bef,1.92,,86000000
2026-05-28 12:30:26.348,2026/05/28/[$LATEST]4f6d928700b0454089f4d3ba5806fd95,1.81,,85000000
2026-05-28 12:30:26.349,2026/05/28/[$LATEST]645d0a3985b047aa91261d33b7d29c16,1.77,,86000000
2026-05-28 12:30:26.349,2026/05/28/[$LATEST]5724bbfcea774384b83b606c0c42d806,15.94,,86000000
2026-05-28 12:30:26.362,2026/05/28/[$LATEST]5724bbfcea774384b83b606c0c42d806,2.42,,86000000
2026-05-28 12:30:26.385,2026/05/28/[$LATEST]cfb0e958f4874281914ba0b7a1a72bef,2.23,,86000000
2026-05-28 12:30:26.391,2026/05/28/[$LATEST]5724bbfcea774384b83b606c0c42d806,14.79,,86000000
2026-05-28 12:30:26.421,2026/05/28/[$LATEST]645d0a3985b047aa91261d33b7d29c16,1.79,,86000000
2026-05-28 12:30:26.424,2026/05/28/[$LATEST]cfb0e958f4874281914ba0b7a1a72bef,2.15,,86000000
2026-05-28 12:30:26.427,2026/05/28/[$LATEST]4f6d928700b0454089f4d3ba5806fd95,1.89,,85000000
2026-05-28 12:30:26.441,2026/05/28/[$LATEST]cfb0e958f4874281914ba0b7a1a72bef,2.25,,86000000
2026-05-28 12:30:26.447,2026/05/28/[$LATEST]5724bbfcea774384b83b606c0c42d806,6.72,,86000000
2026-05-28 12:30:26.449,2026/05/28/[$LATEST]645d0a3985b047aa91261d33b7d29c16,1.71,,86000000
2026-05-28 12:30:26.450,2026/05/28/[$LATEST]4f6d928700b0454089f4d3ba5806fd95,2.01,,85000000
2026-05-28 12:30:26.469,2026/05/28/[$LATEST]5724bbfcea774384b83b606c0c42d806,7.32,,86000000
2026-05-28 12:30:26.475,2026/05/28/[$LATEST]cfb0e958f4874281914ba0b7a1a72bef,1.73,,86000000
2026-05-28 12:30:26.495,2026/05/28/[$LATEST]645d0a3985b047aa91261d33b7d29c16,1.75,,86000000
2026-05-28 12:30:26.496,2026/05/28/[$LATEST]4f6d928700b0454089f4d3ba5806fd95,23.36,,85000000
2026-05-28 12:30:26.501,2026/05/28/[$LATEST]15737d93c14242db96065ddfaa294dc4,2.08,,85000000
2026-05-28 12:30:26.518,2026/05/28/[$LATEST]15737d93c14242db96065ddfaa294dc4,1.75,,85000000
2026-05-28 12:30:26.526,2026/05/28/[$LATEST]4f6d928700b0454089f4d3ba5806fd95,2.09,,85000000
2026-05-28 12:30:26.536,2026/05/28/[$LATEST]4f6d928700b0454089f4d3ba5806fd95,4.13,,85000000
2026-05-28 12:30:26.541,2026/05/28/[$LATEST]cfb0e958f4874281914ba0b7a1a72bef,18.25,,86000000
2026-05-28 12:30:26.562,2026/05/28/[$LATEST]4f6d928700b0454089f4d3ba5806fd95,2.64,,85000000
2026-05-28 12:30:26.568,2026/05/28/[$LATEST]5724bbfcea774384b83b606c0c42d806,2.31,,86000000
2026-05-28 12:30:26.568,2026/05/28/[$LATEST]cfb0e958f4874281914ba0b7a1a72bef,1.94,,86000000
2026-05-28 12:30:26.581,2026/05/28/[$LATEST]cfb0e958f4874281914ba0b7a1a72bef,3.38,,86000000
2026-05-28 12:30:26.581,2026/05/28/[$LATEST]4f6d928700b0454089f4d3ba5806fd95,1.73,,85000000
2026-05-28 12:30:26.601,2026/05/28/[$LATEST]cfb0e958f4874281914ba0b7a1a72bef,6.14,,86000000
2026-05-28 12:30:26.602,2026/05/28/[$LATEST]4f6d928700b0454089f4d3ba5806fd95,1.8,,85000000
2026-05-28 12:30:26.604,2026/05/28/[$LATEST]5724bbfcea774384b83b606c0c42d806,2.35,,86000000
2026-05-28 12:30:26.622,2026/05/28/[$LATEST]cfb0e958f4874281914ba0b7a1a72bef,7.37,,86000000
2026-05-28 12:30:26.681,2026/05/28/[$LATEST]cfb0e958f4874281914ba0b7a1a72bef,4.1,,86000000
2026-05-28 12:30:26.687,2026/05/28/[$LATEST]4f6d928700b0454089f4d3ba5806fd95,1.74,,85000000
2026-05-28 12:30:26.692,2026/05/28/[$LATEST]cfb0e958f4874281914ba0b7a1a72bef,2.79,,86000000
2026-05-28 12:30:26.694,2026/05/28/[$LATEST]5724bbfcea774384b83b606c0c42d806,1.76,,86000000
2026-05-28 12:30:26.702,2026/05/28/[$LATEST]cfb0e958f4874281914ba0b7a1a72bef,1.72,,86000000
2026-05-28 12:30:26.712,2026/05/28/[$LATEST]cfb0e958f4874281914ba0b7a1a72bef,1.68,,86000000
2026-05-28 12:30:26.720,2026/05/28/[$LATEST]4f6d928700b0454089f4d3ba5806fd95,2.2,,85000000
2026-05-28 12:30:26.727,2026/05/28/[$LATEST]15737d93c14242db96065ddfaa294dc4,2.14,,85000000
2026-05-28 12:30:26.736,2026/05/28/[$LATEST]4f6d928700b0454089f4d3ba5806fd95,3.94,,85000000
2026-05-28 12:30:26.737,2026/05/28/[$LATEST]15737d93c14242db96065ddfaa294dc4,2.5,,85000000
2026-05-28 12:30:26.771,2026/05/28/[$LATEST]cfb0e958f4874281914ba0b7a1a72bef,1.69,,86000000
2026-05-28 12:30:26.773,2026/05/28/[$LATEST]645d0a3985b047aa91261d33b7d29c16,1.88,,86000000
2026-05-28 12:30:26.773,2026/05/28/[$LATEST]4f6d928700b0454089f4d3ba5806fd95,2,,85000000
2026-05-28 12:30:26.776,2026/05/28/[$LATEST]7de6c63704704001920746bd5ec85dd3,1.59,,85000000
2026-05-28 12:30:26.777,2026/05/28/[$LATEST]15737d93c14242db96065ddfaa294dc4,1.78,,85000000
2026-05-28 12:30:26.787,2026/05/28/[$LATEST]5724bbfcea774384b83b606c0c42d806,55.68,,86000000
2026-05-28 12:30:26.799,2026/05/28/[$LATEST]15737d93c14242db96065ddfaa294dc4,1.59,,85000000
2026-05-28 12:30:26.805,2026/05/28/[$LATEST]cfb0e958f4874281914ba0b7a1a72bef,5.4,,86000000
2026-05-28 12:30:26.809,2026/05/28/[$LATEST]5724bbfcea774384b83b606c0c42d806,13.7,,86000000
2026-05-28 12:30:26.812,2026/05/28/[$LATEST]15737d93c14242db96065ddfaa294dc4,3.57,,85000000
2026-05-28 12:30:26.833,2026/05/28/[$LATEST]15737d93c14242db96065ddfaa294dc4,1.55,,85000000
2026-05-28 12:30:26.839,2026/05/28/[$LATEST]5989da090f7445fcb92f7c32ee76dd46,2.03,,86000000
2026-05-28 12:30:26.841,2026/05/28/[$LATEST]cfb0e958f4874281914ba0b7a1a72bef,19.94,,86000000
2026-05-28 12:30:26.847,2026/05/28/[$LATEST]5724bbfcea774384b83b606c0c42d806,9.02,,86000000
2026-05-28 12:30:26.849,2026/05/28/[$LATEST]5989da090f7445fcb92f7c32ee76dd46,2.04,,86000000
2026-05-28 12:30:26.850,2026/05/28/[$LATEST]cfb0e958f4874281914ba0b7a1a72bef,2.56,,86000000
2026-05-28 12:30:26.864,2026/05/28/[$LATEST]15737d93c14242db96065ddfaa294dc4,1.67,,85000000
2026-05-28 12:30:26.884,2026/05/28/[$LATEST]15737d93c14242db96065ddfaa294dc4,1.69,,85000000
2026-05-28 12:30:26.886,2026/05/28/[$LATEST]7de6c63704704001920746bd5ec85dd3,1.83,,85000000
2026-05-28 12:30:26.889,2026/05/28/[$LATEST]4f6d928700b0454089f4d3ba5806fd95,2.22,,85000000
2026-05-28 12:30:26.889,2026/05/28/[$LATEST]cfb0e958f4874281914ba0b7a1a72bef,1.79,,86000000
2026-05-28 12:30:26.903,2026/05/28/[$LATEST]7de6c63704704001920746bd5ec85dd3,1.6,,85000000
2026-05-28 12:30:26.903,2026/05/28/[$LATEST]4f6d928700b0454089f4d3ba5806fd95,2.84,,85000000
2026-05-28 12:30:26.904,2026/05/28/[$LATEST]15737d93c14242db96065ddfaa294dc4,1.63,,85000000
2026-05-28 12:30:26.910,2026/05/28/[$LATEST]cfb0e958f4874281914ba0b7a1a72bef,1.82,,86000000
2026-05-28 12:30:26.913,2026/05/28/[$LATEST]5989da090f7445fcb92f7c32ee76dd46,1.95,,86000000
2026-05-28 12:30:26.921,2026/05/28/[$LATEST]15737d93c14242db96065ddfaa294dc4,1.51,,85000000
2026-05-28 12:30:26.923,2026/05/28/[$LATEST]5989da090f7445fcb92f7c32ee76dd46,1.87,,86000000
2026-05-28 12:30:26.945,2026/05/28/[$LATEST]5989da090f7445fcb92f7c32ee76dd46,1.75,,86000000
2026-05-28 12:30:26.945,2026/05/28/[$LATEST]15737d93c14242db96065ddfaa294dc4,1.53,,85000000
2026-05-28 12:30:26.959,2026/05/28/[$LATEST]5989da090f7445fcb92f7c32ee76dd46,3.02,,86000000
2026-05-28 12:30:26.967,2026/05/28/[$LATEST]cfb0e958f4874281914ba0b7a1a72bef,2.38,,86000000
2026-05-28 12:30:26.974,2026/05/28/[$LATEST]15737d93c14242db96065ddfaa294dc4,1.65,,85000000
2026-05-28 12:30:26.992,2026/05/28/[$LATEST]15737d93c14242db96065ddfaa294dc4,8.12,,85000000
2026-05-28 12:30:27.011,2026/05/28/[$LATEST]cfb0e958f4874281914ba0b7a1a72bef,1.86,,86000000
2026-05-28 12:30:27.021,2026/05/28/[$LATEST]15737d93c14242db96065ddfaa294dc4,1.97,,85000000
2026-05-28 12:30:27.022,2026/05/28/[$LATEST]cfb0e958f4874281914ba0b7a1a72bef,2.75,,86000000
2026-05-28 12:30:27.062,2026/05/28/[$LATEST]cfb0e958f4874281914ba0b7a1a72bef,1.99,,86000000
2026-05-28 12:30:27.063,2026/05/28/[$LATEST]15737d93c14242db96065ddfaa294dc4,1.66,,85000000
2026-05-28 12:30:27.063,2026/05/28/[$LATEST]5989da090f7445fcb92f7c32ee76dd46,1.95,,86000000
2026-05-28 12:30:27.065,2026/05/28/[$LATEST]4f6d928700b0454089f4d3ba5806fd95,1.85,,85000000
2026-05-28 12:30:27.079,2026/05/28/[$LATEST]4f6d928700b0454089f4d3ba5806fd95,1.9,,85000000
2026-05-28 12:30:27.094,2026/05/28/[$LATEST]4f6d928700b0454089f4d3ba5806fd95,1.83,,85000000
2026-05-28 12:30:27.096,2026/05/28/[$LATEST]15737d93c14242db96065ddfaa294dc4,1.59,,85000000
2026-05-28 12:30:27.099,2026/05/28/[$LATEST]5989da090f7445fcb92f7c32ee76dd46,1.87,,86000000
2026-05-28 12:30:27.101,2026/05/28/[$LATEST]cfb0e958f4874281914ba0b7a1a72bef,1.93,,86000000
2026-05-28 12:30:27.114,2026/05/28/[$LATEST]15737d93c14242db96065ddfaa294dc4,2.87,,85000000
2026-05-28 12:30:27.128,2026/05/28/[$LATEST]5989da090f7445fcb92f7c32ee76dd46,1.78,,86000000
2026-05-28 12:30:27.129,2026/05/28/[$LATEST]5724bbfcea774384b83b606c0c42d806,1.72,,86000000
2026-05-28 12:30:27.130,2026/05/28/[$LATEST]cfb0e958f4874281914ba0b7a1a72bef,1.84,,86000000
2026-05-28 12:30:27.133,2026/05/28/[$LATEST]15737d93c14242db96065ddfaa294dc4,12.92,,85000000
2026-05-28 12:30:27.136,2026/05/28/[$LATEST]4f6d928700b0454089f4d3ba5806fd95,3.98,,85000000
2026-05-28 12:30:27.149,2026/05/28/[$LATEST]5724bbfcea774384b83b606c0c42d806,2.57,,86000000
2026-05-28 12:30:27.154,2026/05/28/[$LATEST]15737d93c14242db96065ddfaa294dc4,1.65,,85000000
2026-05-28 12:30:27.155,2026/05/28/[$LATEST]4f6d928700b0454089f4d3ba5806fd95,3,,85000000
2026-05-28 12:30:27.159,2026/05/28/[$LATEST]7de6c63704704001920746bd5ec85dd3,2.05,,85000000
2026-05-28 12:30:27.167,2026/05/28/[$LATEST]cfb0e958f4874281914ba0b7a1a72bef,1.92,,86000000
2026-05-28 12:30:27.169,2026/05/28/[$LATEST]5724bbfcea774384b83b606c0c42d806,8.39,,86000000
2026-05-28 12:30:27.180,2026/05/28/[$LATEST]7de6c63704704001920746bd5ec85dd3,1.69,,85000000
2026-05-28 12:30:27.190,2026/05/28/[$LATEST]5724bbfcea774384b83b606c0c42d806,2.34,,86000000
2026-05-28 12:30:27.211,2026/05/28/[$LATEST]7de6c63704704001920746bd5ec85dd3,1.81,,85000000
2026-05-28 12:30:27.239,2026/05/28/[$LATEST]7de6c63704704001920746bd5ec85dd3,1.86,,85000000
2026-05-28 12:30:27.247,2026/05/28/[$LATEST]15737d93c14242db96065ddfaa294dc4,1.67,,85000000
2026-05-28 12:30:27.249,2026/05/28/[$LATEST]5724bbfcea774384b83b606c0c42d806,14.01,,86000000
2026-05-28 12:30:27.255,2026/05/28/[$LATEST]4f6d928700b0454089f4d3ba5806fd95,11.47,,85000000
2026-05-28 12:30:27.255,2026/05/28/[$LATEST]7de6c63704704001920746bd5ec85dd3,2.69,,85000000
2026-05-28 12:30:27.277,2026/05/28/[$LATEST]4f6d928700b0454089f4d3ba5806fd95,2.1,,85000000
2026-05-28 12:30:27.281,2026/05/28/[$LATEST]cfb0e958f4874281914ba0b7a1a72bef,1.8,,86000000
2026-05-28 12:30:27.281,2026/05/28/[$LATEST]5989da090f7445fcb92f7c32ee76dd46,1.67,,86000000
2026-05-28 12:30:27.282,2026/05/28/[$LATEST]5724bbfcea774384b83b606c0c42d806,2.87,,86000000
2026-05-28 12:30:27.284,2026/05/28/[$LATEST]7de6c63704704001920746bd5ec85dd3,1.9,,85000000
2026-05-28 12:30:27.299,2026/05/28/[$LATEST]7de6c63704704001920746bd5ec85dd3,1.69,,85000000
2026-05-28 12:30:27.308,2026/05/28/[$LATEST]5724bbfcea774384b83b606c0c42d806,10.64,,86000000
2026-05-28 12:30:27.309,2026/05/28/[$LATEST]5989da090f7445fcb92f7c32ee76dd46,1.79,,86000000
2026-05-28 12:30:27.316,2026/05/28/[$LATEST]cfb0e958f4874281914ba0b7a1a72bef,1.89,,86000000
2026-05-28 12:30:27.322,2026/05/28/[$LATEST]7de6c63704704001920746bd5ec85dd3,1.68,,85000000
2026-05-28 12:30:27.339,2026/05/28/[$LATEST]7de6c63704704001920746bd5ec85dd3,1.78,,85000000
2026-05-28 12:30:27.357,2026/05/28/[$LATEST]cfb0e958f4874281914ba0b7a1a72bef,1.89,,86000000
2026-05-28 12:30:27.358,2026/05/28/[$LATEST]5989da090f7445fcb92f7c32ee76dd46,1.84,,86000000
2026-05-28 12:30:27.365,2026/05/28/[$LATEST]5989da090f7445fcb92f7c32ee76dd46,1.57,,86000000
2026-05-28 12:30:27.368,2026/05/28/[$LATEST]cfb0e958f4874281914ba0b7a1a72bef,1.76,,86000000
2026-05-28 12:30:27.372,2026/05/28/[$LATEST]5989da090f7445fcb92f7c32ee76dd46,1.62,,86000000
2026-05-28 12:30:27.382,2026/05/28/[$LATEST]7de6c63704704001920746bd5ec85dd3,1.75,,85000000
2026-05-28 12:30:27.390,2026/05/28/[$LATEST]5724bbfcea774384b83b606c0c42d806,23.66,,86000000
2026-05-28 12:30:27.391,2026/05/28/[$LATEST]5989da090f7445fcb92f7c32ee76dd46,1.8,,86000000
2026-05-28 12:30:27.408,2026/05/28/[$LATEST]5989da090f7445fcb92f7c32ee76dd46,1.67,,86000000
2026-05-28 12:30:27.425,2026/05/28/[$LATEST]5989da090f7445fcb92f7c32ee76dd46,1.66,,86000000
2026-05-28 12:30:27.440,2026/05/28/[$LATEST]7de6c63704704001920746bd5ec85dd3,1.87,,85000000
2026-05-28 12:30:27.445,2026/05/28/[$LATEST]5989da090f7445fcb92f7c32ee76dd46,1.71,,86000000
2026-05-28 12:30:27.450,2026/05/28/[$LATEST]5724bbfcea774384b83b606c0c42d806,1.8,,86000000
2026-05-28 12:30:27.455,2026/05/28/[$LATEST]7de6c63704704001920746bd5ec85dd3,3.71,,85000000
2026-05-28 12:30:27.456,2026/05/28/[$LATEST]4f6d928700b0454089f4d3ba5806fd95,1.84,,85000000
2026-05-28 12:30:27.484,2026/05/28/[$LATEST]5724bbfcea774384b83b606c0c42d806,3.73,,86000000
2026-05-28 12:30:27.494,2026/05/28/[$LATEST]4f6d928700b0454089f4d3ba5806fd95,4.09,,85000000
2026-05-28 12:30:27.499,2026/05/28/[$LATEST]5724bbfcea774384b83b606c0c42d806,2.01,,86000000
2026-05-28 12:30:27.503,2026/05/28/[$LATEST]7de6c63704704001920746bd5ec85dd3,1.63,,85000000
2026-05-28 12:30:27.520,2026/05/28/[$LATEST]5989da090f7445fcb92f7c32ee76dd46,1.87,,86000000
2026-05-28 12:30:27.520,2026/05/28/[$LATEST]7de6c63704704001920746bd5ec85dd3,1.54,,85000000
2026-05-28 12:30:27.530,2026/05/28/[$LATEST]5724bbfcea774384b83b606c0c42d806,20.98,,86000000
2026-05-28 12:30:27.534,2026/05/28/[$LATEST]7de6c63704704001920746bd5ec85dd3,7,,85000000
2026-05-28 12:30:27.554,2026/05/28/[$LATEST]4f6d928700b0454089f4d3ba5806fd95,4.78,,85000000
2026-05-28 12:30:27.582,2026/05/28/[$LATEST]5724bbfcea774384b83b606c0c42d806,2.23,,86000000
2026-05-28 12:30:27.584,2026/05/28/[$LATEST]5989da090f7445fcb92f7c32ee76dd46,1.8,,86000000
2026-05-28 12:30:27.600,2026/05/28/[$LATEST]4f6d928700b0454089f4d3ba5806fd95,10,,85000000
2026-05-28 12:30:27.601,2026/05/28/[$LATEST]7de6c63704704001920746bd5ec85dd3,1.8,,85000000
2026-05-28 12:30:27.602,2026/05/28/[$LATEST]5989da090f7445fcb92f7c32ee76dd46,3.14,,86000000
2026-05-28 12:30:27.606,2026/05/28/[$LATEST]15737d93c14242db96065ddfaa294dc4,1.86,,85000000
2026-05-28 12:30:27.617,2026/05/28/[$LATEST]15737d93c14242db96065ddfaa294dc4,1.58,,85000000
2026-05-28 12:30:27.623,2026/05/28/[$LATEST]7de6c63704704001920746bd5ec85dd3,1.83,,85000000
2026-05-28 12:30:27.633,2026/05/28/[$LATEST]5989da090f7445fcb92f7c32ee76dd46,1.76,,86000000
2026-05-28 12:30:27.642,2026/05/28/[$LATEST]7de6c63704704001920746bd5ec85dd3,1.61,,85000000
2026-05-28 12:30:27.654,2026/05/28/[$LATEST]7de6c63704704001920746bd5ec85dd3,4.93,,85000000
2026-05-28 12:30:27.666,2026/05/28/[$LATEST]5989da090f7445fcb92f7c32ee76dd46,1.66,,86000000
2026-05-28 12:30:27.667,2026/05/28/[$LATEST]5724bbfcea774384b83b606c0c42d806,1.9,,86000000
2026-05-28 12:30:27.675,2026/05/28/[$LATEST]7de6c63704704001920746bd5ec85dd3,2.97,,85000000
2026-05-28 12:30:27.676,2026/05/28/[$LATEST]5724bbfcea774384b83b606c0c42d806,1.98,,86000000
2026-05-28 12:30:27.682,2026/05/28/[$LATEST]5989da090f7445fcb92f7c32ee76dd46,1.81,,86000000
2026-05-28 12:30:27.683,2026/05/28/[$LATEST]cfb0e958f4874281914ba0b7a1a72bef,1.71,,86000000
2026-05-28 12:30:27.708,2026/05/28/[$LATEST]cfb0e958f4874281914ba0b7a1a72bef,1.76,,86000000
2026-05-28 12:30:27.721,2026/05/28/[$LATEST]cfb0e958f4874281914ba0b7a1a72bef,1.86,,86000000
2026-05-28 12:30:27.737,2026/05/28/[$LATEST]7de6c63704704001920746bd5ec85dd3,1.58,,85000000
2026-05-28 12:30:27.766,2026/05/28/[$LATEST]7de6c63704704001920746bd5ec85dd3,1.61,,85000000
2026-05-28 12:30:27.779,2026/05/28/[$LATEST]cfb0e958f4874281914ba0b7a1a72bef,1.7,,86000000
2026-05-28 12:30:27.785,2026/05/28/[$LATEST]7de6c63704704001920746bd5ec85dd3,1.69,,85000000
2026-05-28 12:30:27.787,2026/05/28/[$LATEST]15737d93c14242db96065ddfaa294dc4,1.94,,85000000
2026-05-28 12:30:27.802,2026/05/28/[$LATEST]15737d93c14242db96065ddfaa294dc4,1.77,,85000000
2026-05-28 12:30:27.804,2026/05/28/[$LATEST]cfb0e958f4874281914ba0b7a1a72bef,1.71,,86000000
2026-05-28 12:30:27.825,2026/05/28/[$LATEST]15737d93c14242db96065ddfaa294dc4,1.88,,85000000
2026-05-28 12:30:27.827,2026/05/28/[$LATEST]7de6c63704704001920746bd5ec85dd3,1.62,,85000000
2026-05-28 12:30:27.829,2026/05/28/[$LATEST]cfb0e958f4874281914ba0b7a1a72bef,2.03,,86000000
2026-05-28 12:30:27.833,2026/05/28/[$LATEST]15737d93c14242db96065ddfaa294dc4,1.63,,85000000
2026-05-28 12:30:27.835,2026/05/28/[$LATEST]4f6d928700b0454089f4d3ba5806fd95,3.57,,85000000
2026-05-28 12:30:27.849,2026/05/28/[$LATEST]7de6c63704704001920746bd5ec85dd3,1.85,,85000000
2026-05-28 12:30:27.852,2026/05/28/[$LATEST]cfb0e958f4874281914ba0b7a1a72bef,2.02,,86000000
2026-05-28 12:30:27.853,2026/05/28/[$LATEST]15737d93c14242db96065ddfaa294dc4,13.76,,85000000
2026-05-28 12:30:27.855,2026/05/28/[$LATEST]645d0a3985b047aa91261d33b7d29c16,1.59,,86000000
2026-05-28 12:30:27.858,2026/05/28/[$LATEST]4f6d928700b0454089f4d3ba5806fd95,14.53,,85000000
2026-05-28 12:30:27.861,2026/05/28/[$LATEST]cfb0e958f4874281914ba0b7a1a72bef,2.57,,86000000
2026-05-28 12:30:27.876,2026/05/28/[$LATEST]4f6d928700b0454089f4d3ba5806fd95,8.35,,85000000
2026-05-28 12:30:27.877,2026/05/28/[$LATEST]645d0a3985b047aa91261d33b7d29c16,1.8,,86000000
2026-05-28 12:30:27.878,2026/05/28/[$LATEST]15737d93c14242db96065ddfaa294dc4,1.71,,85000000
2026-05-28 12:30:27.891,2026/05/28/[$LATEST]cfb0e958f4874281914ba0b7a1a72bef,1.86,,86000000
2026-05-28 12:30:27.915,2026/05/28/[$LATEST]15737d93c14242db96065ddfaa294dc4,1.8,,85000000
2026-05-28 12:30:27.920,2026/05/28/[$LATEST]4f6d928700b0454089f4d3ba5806fd95,2.36,,85000000
2026-05-28 12:30:27.928,2026/05/28/[$LATEST]cfb0e958f4874281914ba0b7a1a72bef,1.97,,86000000
2026-05-28 12:30:27.934,2026/05/28/[$LATEST]5989da090f7445fcb92f7c32ee76dd46,1.75,,86000000
2026-05-28 12:30:27.946,2026/05/28/[$LATEST]5989da090f7445fcb92f7c32ee76dd46,1.8,,86000000
2026-05-28 12:30:27.952,2026/05/28/[$LATEST]4f6d928700b0454089f4d3ba5806fd95,2.25,,85000000
2026-05-28 12:30:27.954,2026/05/28/[$LATEST]15737d93c14242db96065ddfaa294dc4,1.67,,85000000
2026-05-28 12:30:27.955,2026/05/28/[$LATEST]645d0a3985b047aa91261d33b7d29c16,1.85,,86000000
2026-05-28 12:30:27.964,2026/05/28/[$LATEST]7de6c63704704001920746bd5ec85dd3,1.66,,85000000
2026-05-28 12:30:27.981,2026/05/28/[$LATEST]7de6c63704704001920746bd5ec85dd3,1.68,,85000000
2026-05-28 12:30:27.995,2026/05/28/[$LATEST]7de6c63704704001920746bd5ec85dd3,7.39,,85000000
2026-05-28 12:30:27.999,2026/05/28/[$LATEST]5989da090f7445fcb92f7c32ee76dd46,2.77,,86000000
2026-05-28 12:30:27.999,2026/05/28/[$LATEST]645d0a3985b047aa91261d33b7d29c16,1.81,,86000000
2026-05-28 12:30:28.023,2026/05/28/[$LATEST]645d0a3985b047aa91261d33b7d29c16,1.66,,86000000
2026-05-28 12:30:28.026,2026/05/28/[$LATEST]5989da090f7445fcb92f7c32ee76dd46,1.84,,86000000
2026-05-28 12:30:28.028,2026/05/28/[$LATEST]cfb0e958f4874281914ba0b7a1a72bef,1.73,,86000000
2026-05-28 12:30:28.041,2026/05/28/[$LATEST]cfb0e958f4874281914ba0b7a1a72bef,6.76,,86000000
2026-05-28 12:30:28.049,2026/05/28/[$LATEST]645d0a3985b047aa91261d33b7d29c16,1.65,,86000000
2026-05-28 12:30:28.068,2026/05/28/[$LATEST]645d0a3985b047aa91261d33b7d29c16,1.63,,86000000
2026-05-28 12:30:28.070,2026/05/28/[$LATEST]7de6c63704704001920746bd5ec85dd3,1.9,,85000000
2026-05-28 12:30:28.079,2026/05/28/[$LATEST]cfb0e958f4874281914ba0b7a1a72bef,2.89,,86000000
2026-05-28 12:30:28.080,2026/05/28/[$LATEST]5989da090f7445fcb92f7c32ee76dd46,1.82,,86000000
2026-05-28 12:30:28.088,2026/05/28/[$LATEST]5724bbfcea774384b83b606c0c42d806,28.02,,86000000
2026-05-28 12:30:28.093,2026/05/28/[$LATEST]7de6c63704704001920746bd5ec85dd3,1.77,,85000000
2026-05-28 12:30:28.096,2026/05/28/[$LATEST]cfb0e958f4874281914ba0b7a1a72bef,2.08,,86000000
2026-05-28 12:30:28.097,2026/05/28/[$LATEST]645d0a3985b047aa91261d33b7d29c16,1.77,,86000000
2026-05-28 12:30:28.101,2026/05/28/[$LATEST]5989da090f7445fcb92f7c32ee76dd46,2.11,,86000000
2026-05-28 12:30:28.101,2026/05/28/[$LATEST]7de6c63704704001920746bd5ec85dd3,2.11,,85000000
2026-05-28 12:30:28.101,2026/05/28/[$LATEST]188cc19e71ed4e0bb96c479aefb33946,1.79,,86000000
2026-05-28 12:30:28.104,2026/05/28/[$LATEST]15737d93c14242db96065ddfaa294dc4,1.76,,85000000
2026-05-28 12:30:28.105,2026/05/28/[$LATEST]4f6d928700b0454089f4d3ba5806fd95,2.52,,85000000
2026-05-28 12:30:28.109,2026/05/28/[$LATEST]5724bbfcea774384b83b606c0c42d806,12.9,,86000000
2026-05-28 12:30:28.128,2026/05/28/[$LATEST]4f6d928700b0454089f4d3ba5806fd95,1.93,,85000000
2026-05-28 12:30:28.130,2026/05/28/[$LATEST]5724bbfcea774384b83b606c0c42d806,2.25,,86000000
2026-05-28 12:30:28.132,2026/05/28/[$LATEST]15737d93c14242db96065ddfaa294dc4,1.95,,85000000
2026-05-28 12:30:28.148,2026/05/28/[$LATEST]4f6d928700b0454089f4d3ba5806fd95,1.66,,85000000
2026-05-28 12:30:28.150,2026/05/28/[$LATEST]5724bbfcea774384b83b606c0c42d806,2.04,,86000000
2026-05-28 12:30:28.152,2026/05/28/[$LATEST]15737d93c14242db96065ddfaa294dc4,1.69,,85000000
2026-05-28 12:30:28.176,2026/05/28/[$LATEST]5724bbfcea774384b83b606c0c42d806,1.86,,86000000
2026-05-28 12:30:28.176,2026/05/28/[$LATEST]15737d93c14242db96065ddfaa294dc4,1.77,,85000000
2026-05-28 12:30:28.182,2026/05/28/[$LATEST]5989da090f7445fcb92f7c32ee76dd46,1.76,,86000000
2026-05-28 12:30:28.192,2026/05/28/[$LATEST]15737d93c14242db96065ddfaa294dc4,1.71,,85000000
2026-05-28 12:30:28.198,2026/05/28/[$LATEST]7de6c63704704001920746bd5ec85dd3,1.74,,85000000
2026-05-28 12:30:28.199,2026/05/28/[$LATEST]5989da090f7445fcb92f7c32ee76dd46,3.88,,86000000
2026-05-28 12:30:28.199,2026/05/28/[$LATEST]4f6d928700b0454089f4d3ba5806fd95,4.86,,85000000
2026-05-28 12:30:28.215,2026/05/28/[$LATEST]7de6c63704704001920746bd5ec85dd3,3.55,,85000000
2026-05-28 12:30:28.217,2026/05/28/[$LATEST]4f6d928700b0454089f4d3ba5806fd95,1.94,,85000000
2026-05-28 12:30:28.223,2026/05/28/[$LATEST]5989da090f7445fcb92f7c32ee76dd46,15.07,,86000000
2026-05-28 12:30:28.235,2026/05/28/[$LATEST]7de6c63704704001920746bd5ec85dd3,4.28,,85000000
2026-05-28 12:30:28.236,2026/05/28/[$LATEST]4f6d928700b0454089f4d3ba5806fd95,9.89,,85000000
2026-05-28 12:30:28.237,2026/05/28/[$LATEST]15737d93c14242db96065ddfaa294dc4,1.63,,85000000
2026-05-28 12:30:28.244,2026/05/28/[$LATEST]5989da090f7445fcb92f7c32ee76dd46,1.77,,86000000
2026-05-28 12:30:28.253,2026/05/28/[$LATEST]15737d93c14242db96065ddfaa294dc4,7.52,,85000000
2026-05-28 12:30:28.268,2026/05/28/[$LATEST]5989da090f7445fcb92f7c32ee76dd46,1.74,,86000000
2026-05-28 12:30:28.269,2026/05/28/[$LATEST]5724bbfcea774384b83b606c0c42d806,1.88,,86000000
2026-05-28 12:30:28.285,2026/05/28/[$LATEST]5989da090f7445fcb92f7c32ee76dd46,1.77,,86000000
2026-05-28 12:30:28.289,2026/05/28/[$LATEST]5724bbfcea774384b83b606c0c42d806,5.83,,86000000
2026-05-28 12:30:28.293,2026/05/28/[$LATEST]15737d93c14242db96065ddfaa294dc4,1.69,,85000000
2026-05-28 12:30:28.313,2026/05/28/[$LATEST]15737d93c14242db96065ddfaa294dc4,8.45,,85000000
2026-05-28 12:30:28.319,2026/05/28/[$LATEST]5724bbfcea774384b83b606c0c42d806,2.11,,86000000
2026-05-28 12:30:28.321,2026/05/28/[$LATEST]4f6d928700b0454089f4d3ba5806fd95,2.2,,85000000
2026-05-28 12:30:28.325,2026/05/28/[$LATEST]5989da090f7445fcb92f7c32ee76dd46,1.74,,86000000
2026-05-28 12:30:28.332,2026/05/28/[$LATEST]15737d93c14242db96065ddfaa294dc4,4.01,,85000000
2026-05-28 12:30:28.335,2026/05/28/[$LATEST]4f6d928700b0454089f4d3ba5806fd95,1.73,,85000000
2026-05-28 12:30:28.346,2026/05/28/[$LATEST]4f6d928700b0454089f4d3ba5806fd95,1.92,,85000000
2026-05-28 12:30:28.360,2026/05/28/[$LATEST]4f6d928700b0454089f4d3ba5806fd95,1.9,,85000000
2026-05-28 12:30:28.361,2026/05/28/[$LATEST]5989da090f7445fcb92f7c32ee76dd46,1.72,,86000000
2026-05-28 12:30:28.361,2026/05/28/[$LATEST]15737d93c14242db96065ddfaa294dc4,2.22,,85000000
2026-05-28 12:30:28.363,2026/05/28/[$LATEST]5724bbfcea774384b83b606c0c42d806,2.24,,86000000
2026-05-28 12:30:28.373,2026/05/28/[$LATEST]15737d93c14242db96065ddfaa294dc4,5.32,,85000000
2026-05-28 12:30:28.374,2026/05/28/[$LATEST]5724bbfcea774384b83b606c0c42d806,1.77,,86000000
2026-05-28 12:30:28.391,2026/05/28/[$LATEST]5724bbfcea774384b83b606c0c42d806,1.81,,86000000
2026-05-28 12:30:28.392,2026/05/28/[$LATEST]5989da090f7445fcb92f7c32ee76dd46,1.86,,86000000
2026-05-28 12:30:28.400,2026/05/28/[$LATEST]15737d93c14242db96065ddfaa294dc4,1.8,,85000000
2026-05-28 12:30:28.402,2026/05/28/[$LATEST]5989da090f7445fcb92f7c32ee76dd46,1.54,,86000000
2026-05-28 12:30:28.418,2026/05/28/[$LATEST]5724bbfcea774384b83b606c0c42d806,1.84,,86000000
2026-05-28 12:30:28.419,2026/05/28/[$LATEST]5989da090f7445fcb92f7c32ee76dd46,4.62,,86000000
2026-05-28 12:30:28.420,2026/05/28/[$LATEST]cfb0e958f4874281914ba0b7a1a72bef,2.12,,86000000
2026-05-28 12:30:28.420,2026/05/28/[$LATEST]188cc19e71ed4e0bb96c479aefb33946,1.97,,86000000
2026-05-28 12:30:28.422,2026/05/28/[$LATEST]15737d93c14242db96065ddfaa294dc4,1.74,,85000000
2026-05-28 12:30:28.439,2026/05/28/[$LATEST]cfb0e958f4874281914ba0b7a1a72bef,1.87,,86000000
2026-05-28 12:30:28.441,2026/05/28/[$LATEST]15737d93c14242db96065ddfaa294dc4,1.72,,85000000
2026-05-28 12:30:28.445,2026/05/28/[$LATEST]188cc19e71ed4e0bb96c479aefb33946,1.74,,86000000
2026-05-28 12:30:28.453,2026/05/28/[$LATEST]15737d93c14242db96065ddfaa294dc4,1.51,,85000000
2026-05-28 12:30:28.460,2026/05/28/[$LATEST]4f6d928700b0454089f4d3ba5806fd95,1.94,,85000000
2026-05-28 12:30:28.462,2026/05/28/[$LATEST]188cc19e71ed4e0bb96c479aefb33946,1.99,,86000000
2026-05-28 12:30:28.472,2026/05/28/[$LATEST]15737d93c14242db96065ddfaa294dc4,13.04,,85000000
2026-05-28 12:30:28.476,2026/05/28/[$LATEST]188cc19e71ed4e0bb96c479aefb33946,1.79,,86000000
2026-05-28 12:30:28.477,2026/05/28/[$LATEST]4f6d928700b0454089f4d3ba5806fd95,2.25,,85000000
2026-05-28 12:30:28.492,2026/05/28/[$LATEST]15737d93c14242db96065ddfaa294dc4,1.82,,85000000
2026-05-28 12:30:28.502,2026/05/28/[$LATEST]15737d93c14242db96065ddfaa294dc4,1.41,,85000000
2026-05-28 12:30:28.507,2026/05/28/[$LATEST]7de6c63704704001920746bd5ec85dd3,1.6,,85000000
2026-05-28 12:30:28.512,2026/05/28/[$LATEST]15737d93c14242db96065ddfaa294dc4,1.46,,85000000
2026-05-28 12:30:28.513,2026/05/28/[$LATEST]645d0a3985b047aa91261d33b7d29c16,2.08,,86000000
2026-05-28 12:30:28.519,2026/05/28/[$LATEST]4f6d928700b0454089f4d3ba5806fd95,27.99,,85000000
2026-05-28 12:30:28.522,2026/05/28/[$LATEST]645d0a3985b047aa91261d33b7d29c16,1.61,,86000000
2026-05-28 12:30:28.526,2026/05/28/[$LATEST]188cc19e71ed4e0bb96c479aefb33946,1.76,,86000000
2026-05-28 12:30:28.530,2026/05/28/[$LATEST]cfb0e958f4874281914ba0b7a1a72bef,1.81,,86000000
2026-05-28 12:30:28.541,2026/05/28/[$LATEST]cfb0e958f4874281914ba0b7a1a72bef,4.47,,86000000
2026-05-28 12:30:28.545,2026/05/28/[$LATEST]188cc19e71ed4e0bb96c479aefb33946,2.01,,86000000
2026-05-28 12:30:28.550,2026/05/28/[$LATEST]4f6d928700b0454089f4d3ba5806fd95,2,,85000000
2026-05-28 12:30:28.553,2026/05/28/[$LATEST]645d0a3985b047aa91261d33b7d29c16,1.69,,86000000
2026-05-28 12:30:28.554,2026/05/28/[$LATEST]15737d93c14242db96065ddfaa294dc4,1.62,,85000000
2026-05-28 12:30:28.561,2026/05/28/[$LATEST]cfb0e958f4874281914ba0b7a1a72bef,13.55,,86000000
2026-05-28 12:30:28.583,2026/05/28/[$LATEST]15737d93c14242db96065ddfaa294dc4,1.74,,85000000
2026-05-28 12:30:28.585,2026/05/28/[$LATEST]cfb0e958f4874281914ba0b7a1a72bef,1.99,,86000000
2026-05-28 12:30:28.586,2026/05/28/[$LATEST]188cc19e71ed4e0bb96c479aefb33946,2.1,,86000000
2026-05-28 12:30:28.618,2026/05/28/[$LATEST]188cc19e71ed4e0bb96c479aefb33946,1.79,,86000000
2026-05-28 12:30:28.632,2026/05/28/[$LATEST]188cc19e71ed4e0bb96c479aefb33946,5.7,,86000000
2026-05-28 12:30:28.633,2026/05/28/[$LATEST]cfb0e958f4874281914ba0b7a1a72bef,1.98,,86000000
2026-05-28 12:30:28.634,2026/05/28/[$LATEST]15737d93c14242db96065ddfaa294dc4,1.71,,85000000
2026-05-28 12:30:28.638,2026/05/28/[$LATEST]645d0a3985b047aa91261d33b7d29c16,1.87,,86000000
2026-05-28 12:30:28.649,2026/05/28/[$LATEST]cfb0e958f4874281914ba0b7a1a72bef,1.93,,86000000
2026-05-28 12:30:28.653,2026/05/28/[$LATEST]188cc19e71ed4e0bb96c479aefb33946,1.89,,86000000
2026-05-28 12:30:28.656,2026/05/28/[$LATEST]645d0a3985b047aa91261d33b7d29c16,1.49,,86000000
2026-05-28 12:30:28.661,2026/05/28/[$LATEST]cfb0e958f4874281914ba0b7a1a72bef,6.14,,86000000
2026-05-28 12:30:28.669,2026/05/28/[$LATEST]188cc19e71ed4e0bb96c479aefb33946,8.92,,86000000
2026-05-28 12:30:28.678,2026/05/28/[$LATEST]188cc19e71ed4e0bb96c479aefb33946,1.81,,86000000
2026-05-28 12:30:28.684,2026/05/28/[$LATEST]645d0a3985b047aa91261d33b7d29c16,1.7,,86000000
2026-05-28 12:30:28.697,2026/05/28/[$LATEST]188cc19e71ed4e0bb96c479aefb33946,1.78,,86000000
2026-05-28 12:30:28.716,2026/05/28/[$LATEST]188cc19e71ed4e0bb96c479aefb33946,1.83,,86000000
2026-05-28 12:30:28.727,2026/05/28/[$LATEST]645d0a3985b047aa91261d33b7d29c16,1.82,,86000000
2026-05-28 12:30:28.748,2026/05/28/[$LATEST]188cc19e71ed4e0bb96c479aefb33946,1.79,,86000000
2026-05-28 12:30:28.752,2026/05/28/[$LATEST]645d0a3985b047aa91261d33b7d29c16,1.86,,86000000
2026-05-28 12:30:28.756,2026/05/28/[$LATEST]15737d93c14242db96065ddfaa294dc4,1.83,,85000000
2026-05-28 12:30:28.765,2026/05/28/[$LATEST]188cc19e71ed4e0bb96c479aefb33946,1.71,,86000000
2026-05-28 12:30:28.781,2026/05/28/[$LATEST]15737d93c14242db96065ddfaa294dc4,1.72,,85000000
2026-05-28 12:30:28.783,2026/05/28/[$LATEST]188cc19e71ed4e0bb96c479aefb33946,1.8,,86000000
2026-05-28 12:30:28.793,2026/05/28/[$LATEST]15737d93c14242db96065ddfaa294dc4,5.67,,85000000
2026-05-28 12:30:28.827,2026/05/28/[$LATEST]15737d93c14242db96065ddfaa294dc4,1.96,,85000000
2026-05-28 12:30:28.834,2026/05/28/[$LATEST]188cc19e71ed4e0bb96c479aefb33946,1.71,,86000000
2026-05-28 12:30:28.848,2026/05/28/[$LATEST]188cc19e71ed4e0bb96c479aefb33946,4,,86000000
2026-05-28 12:30:28.852,2026/05/28/[$LATEST]645d0a3985b047aa91261d33b7d29c16,2.03,,86000000
2026-05-28 12:30:28.852,2026/05/28/[$LATEST]15737d93c14242db96065ddfaa294dc4,1.64,,85000000
2026-05-28 12:30:28.861,2026/05/28/[$LATEST]645d0a3985b047aa91261d33b7d29c16,1.56,,86000000
2026-05-28 12:30:28.872,2026/05/28/[$LATEST]188cc19e71ed4e0bb96c479aefb33946,2.15,,86000000
2026-05-28 12:30:28.878,2026/05/28/[$LATEST]645d0a3985b047aa91261d33b7d29c16,6.88,,86000000
2026-05-28 12:30:28.889,2026/05/28/[$LATEST]15737d93c14242db96065ddfaa294dc4,1.73,,85000000
2026-05-28 12:30:28.898,2026/05/28/[$LATEST]645d0a3985b047aa91261d33b7d29c16,12.08,,86000000
2026-05-28 12:30:28.899,2026/05/28/[$LATEST]188cc19e71ed4e0bb96c479aefb33946,2.03,,86000000
2026-05-28 12:30:28.918,2026/05/28/[$LATEST]645d0a3985b047aa91261d33b7d29c16,5.18,,86000000
2026-05-28 12:30:28.920,2026/05/28/[$LATEST]188cc19e71ed4e0bb96c479aefb33946,1.75,,86000000
2026-05-28 12:30:28.926,2026/05/28/[$LATEST]15737d93c14242db96065ddfaa294dc4,1.68,,85000000
2026-05-28 12:30:28.926,2026/05/28/[$LATEST]cfb0e958f4874281914ba0b7a1a72bef,1.98,,86000000
2026-05-28 12:30:28.942,2026/05/28/[$LATEST]15737d93c14242db96065ddfaa294dc4,1.7,,85000000
2026-05-28 12:30:28.942,2026/05/28/[$LATEST]cfb0e958f4874281914ba0b7a1a72bef,1.96,,86000000
2026-05-28 12:30:28.943,2026/05/28/[$LATEST]5989da090f7445fcb92f7c32ee76dd46,2.1,,86000000
2026-05-28 12:30:28.943,2026/05/28/[$LATEST]188cc19e71ed4e0bb96c479aefb33946,1.75,,86000000
2026-05-28 12:30:28.949,2026/05/28/[$LATEST]5724bbfcea774384b83b606c0c42d806,4.22,,86000000
2026-05-28 12:30:28.955,2026/05/28/[$LATEST]15737d93c14242db96065ddfaa294dc4,1.59,,85000000
2026-05-28 12:30:28.965,2026/05/28/[$LATEST]5989da090f7445fcb92f7c32ee76dd46,1.64,,86000000
2026-05-28 12:30:28.975,2026/05/28/[$LATEST]5724bbfcea774384b83b606c0c42d806,15.42,,86000000
2026-05-28 12:30:28.986,2026/05/28/[$LATEST]15737d93c14242db96065ddfaa294dc4,1.76,,85000000
2026-05-28 12:30:28.998,2026/05/28/[$LATEST]15737d93c14242db96065ddfaa294dc4,1.61,,85000000
2026-05-28 12:30:29.001,2026/05/28/[$LATEST]645d0a3985b047aa91261d33b7d29c16,1.93,,86000000
2026-05-28 12:30:29.018,2026/05/28/[$LATEST]645d0a3985b047aa91261d33b7d29c16,10.47,,86000000
2026-05-28 12:30:29.019,2026/05/28/[$LATEST]15737d93c14242db96065ddfaa294dc4,1.66,,85000000
2026-05-28 12:30:29.033,2026/05/28/[$LATEST]5724bbfcea774384b83b606c0c42d806,1.79,,86000000
2026-05-28 12:30:29.051,2026/05/28/[$LATEST]15737d93c14242db96065ddfaa294dc4,1.57,,85000000
2026-05-28 12:30:29.062,2026/05/28/[$LATEST]15737d93c14242db96065ddfaa294dc4,1.66,,85000000
2026-05-28 12:30:29.065,2026/05/28/[$LATEST]645d0a3985b047aa91261d33b7d29c16,1.77,,86000000
2026-05-28 12:30:29.080,2026/05/28/[$LATEST]645d0a3985b047aa91261d33b7d29c16,1.78,,86000000
2026-05-28 12:30:29.084,2026/05/28/[$LATEST]15737d93c14242db96065ddfaa294dc4,1.57,,85000000
2026-05-28 12:30:29.093,2026/05/28/[$LATEST]5724bbfcea774384b83b606c0c42d806,2.08,,86000000
2026-05-28 12:30:29.093,2026/05/28/[$LATEST]5989da090f7445fcb92f7c32ee76dd46,1.87,,86000000
2026-05-28 12:30:29.097,2026/05/28/[$LATEST]188cc19e71ed4e0bb96c479aefb33946,1.89,,86000000
2026-05-28 12:30:29.098,2026/05/28/[$LATEST]645d0a3985b047aa91261d33b7d29c16,11.07,,86000000
2026-05-28 12:30:29.100,2026/05/28/[$LATEST]15737d93c14242db96065ddfaa294dc4,1.61,,85000000
2026-05-28 12:30:29.101,2026/05/28/[$LATEST]4f6d928700b0454089f4d3ba5806fd95,2.19,,85000000
2026-05-28 12:30:29.102,2026/05/28/[$LATEST]5989da090f7445fcb92f7c32ee76dd46,1.64,,86000000
2026-05-28 12:30:29.103,2026/05/28/[$LATEST]7de6c63704704001920746bd5ec85dd3,2.02,,85000000
2026-05-28 12:30:29.104,2026/05/28/[$LATEST]09b41d5fd2894f389e30ae58462b1250,1.96,,85000000
2026-05-28 12:30:29.109,2026/05/28/[$LATEST]5724bbfcea774384b83b606c0c42d806,9.01,,86000000
2026-05-28 12:30:29.112,2026/05/28/[$LATEST]188cc19e71ed4e0bb96c479aefb33946,6.82,,86000000
2026-05-28 12:30:29.118,2026/05/28/[$LATEST]5989da090f7445fcb92f7c32ee76dd46,1.69,,86000000
2026-05-28 12:30:29.122,2026/05/28/[$LATEST]09b41d5fd2894f389e30ae58462b1250,1.71,,85000000
2026-05-28 12:30:29.133,2026/05/28/[$LATEST]09b41d5fd2894f389e30ae58462b1250,1.75,,85000000
2026-05-28 12:30:29.135,2026/05/28/[$LATEST]5989da090f7445fcb92f7c32ee76dd46,1.92,,86000000
2026-05-28 12:30:29.142,2026/05/28/[$LATEST]09b41d5fd2894f389e30ae58462b1250,1.47,,85000000
2026-05-28 12:30:29.149,2026/05/28/[$LATEST]5989da090f7445fcb92f7c32ee76dd46,1.78,,86000000
2026-05-28 12:30:29.151,2026/05/28/[$LATEST]4f6d928700b0454089f4d3ba5806fd95,1.77,,85000000
2026-05-28 12:30:29.153,2026/05/28/[$LATEST]7de6c63704704001920746bd5ec85dd3,1.61,,85000000
2026-05-28 12:30:29.161,2026/05/28/[$LATEST]7de6c63704704001920746bd5ec85dd3,1.51,,85000000
2026-05-28 12:30:29.161,2026/05/28/[$LATEST]5989da090f7445fcb92f7c32ee76dd46,1.69,,86000000
2026-05-28 12:30:29.176,2026/05/28/[$LATEST]188cc19e71ed4e0bb96c479aefb33946,2.19,,86000000
2026-05-28 12:30:29.179,2026/05/28/[$LATEST]5989da090f7445fcb92f7c32ee76dd46,10.37,,86000000
2026-05-28 12:30:29.192,2026/05/28/[$LATEST]7de6c63704704001920746bd5ec85dd3,1.65,,85000000
2026-05-28 12:30:29.205,2026/05/28/[$LATEST]5989da090f7445fcb92f7c32ee76dd46,2.17,,86000000
2026-05-28 12:30:29.211,2026/05/28/[$LATEST]7de6c63704704001920746bd5ec85dd3,1.52,,85000000
2026-05-28 12:30:29.227,2026/05/28/[$LATEST]5989da090f7445fcb92f7c32ee76dd46,1.84,,86000000
2026-05-28 12:30:29.231,2026/05/28/[$LATEST]7de6c63704704001920746bd5ec85dd3,1.7,,85000000
2026-05-28 12:30:29.234,2026/05/28/[$LATEST]188cc19e71ed4e0bb96c479aefb33946,2.04,,86000000
2026-05-28 12:30:29.249,2026/05/28/[$LATEST]188cc19e71ed4e0bb96c479aefb33946,7.54,,86000000
2026-05-28 12:30:29.253,2026/05/28/[$LATEST]5989da090f7445fcb92f7c32ee76dd46,1.77,,86000000
2026-05-28 12:30:29.253,2026/05/28/[$LATEST]7de6c63704704001920746bd5ec85dd3,1.59,,85000000
2026-05-28 12:30:29.258,2026/05/28/[$LATEST]09b41d5fd2894f389e30ae58462b1250,1.72,,85000000
2026-05-28 12:30:29.266,2026/05/28/[$LATEST]5989da090f7445fcb92f7c32ee76dd46,1.8,,86000000
2026-05-28 12:30:29.273,2026/05/28/[$LATEST]09b41d5fd2894f389e30ae58462b1250,6.66,,85000000
2026-05-28 12:30:29.285,2026/05/28/[$LATEST]5989da090f7445fcb92f7c32ee76dd46,1.96,,86000000
2026-05-28 12:30:29.295,2026/05/28/[$LATEST]188cc19e71ed4e0bb96c479aefb33946,1.76,,86000000
2026-05-28 12:30:29.299,2026/05/28/[$LATEST]5989da090f7445fcb92f7c32ee76dd46,6.79,,86000000
2026-05-28 12:30:29.312,2026/05/28/[$LATEST]09b41d5fd2894f389e30ae58462b1250,1.85,,85000000
2026-05-28 12:30:29.314,2026/05/28/[$LATEST]7de6c63704704001920746bd5ec85dd3,1.64,,85000000
2026-05-28 12:30:29.315,2026/05/28/[$LATEST]188cc19e71ed4e0bb96c479aefb33946,1.83,,86000000
2026-05-28 12:30:29.318,2026/05/28/[$LATEST]5989da090f7445fcb92f7c32ee76dd46,2.07,,86000000
2026-05-28 12:30:29.326,2026/05/28/[$LATEST]5724bbfcea774384b83b606c0c42d806,1.82,,86000000
2026-05-28 12:30:29.329,2026/05/28/[$LATEST]188cc19e71ed4e0bb96c479aefb33946,6.82,,86000000
2026-05-28 12:30:29.329,2026/05/28/[$LATEST]7de6c63704704001920746bd5ec85dd3,1.6,,85000000
2026-05-28 12:30:29.349,2026/05/28/[$LATEST]188cc19e71ed4e0bb96c479aefb33946,2.39,,86000000
2026-05-28 12:30:29.369,2026/05/28/[$LATEST]188cc19e71ed4e0bb96c479aefb33946,3.54,,86000000
2026-05-28 12:30:29.372,2026/05/28/[$LATEST]5724bbfcea774384b83b606c0c42d806,5.12,,86000000
2026-05-28 12:30:29.372,2026/05/28/[$LATEST]5989da090f7445fcb92f7c32ee76dd46,2.15,,86000000
2026-05-28 12:30:29.381,2026/05/28/[$LATEST]cfb0e958f4874281914ba0b7a1a72bef,1.62,,86000000
2026-05-28 12:30:29.384,2026/05/28/[$LATEST]5989da090f7445fcb92f7c32ee76dd46,5,,86000000
2026-05-28 12:30:29.390,2026/05/28/[$LATEST]7de6c63704704001920746bd5ec85dd3,1.6,,85000000
2026-05-28 12:30:29.406,2026/05/28/[$LATEST]5989da090f7445fcb92f7c32ee76dd46,1.9,,86000000
2026-05-28 12:30:29.450,2026/05/28/[$LATEST]7de6c63704704001920746bd5ec85dd3,1.67,,85000000
2026-05-28 12:30:29.453,2026/05/28/[$LATEST]09b41d5fd2894f389e30ae58462b1250,1.65,,85000000
2026-05-28 12:30:29.459,2026/05/28/[$LATEST]5989da090f7445fcb92f7c32ee76dd46,1.64,,86000000
2026-05-28 12:30:29.488,2026/05/28/[$LATEST]09b41d5fd2894f389e30ae58462b1250,1.6,,85000000
2026-05-28 12:30:29.490,2026/05/28/[$LATEST]5989da090f7445fcb92f7c32ee76dd46,1.85,,86000000
2026-05-28 12:30:29.495,2026/05/28/[$LATEST]7de6c63704704001920746bd5ec85dd3,1.54,,85000000
2026-05-28 12:30:29.516,2026/05/28/[$LATEST]09b41d5fd2894f389e30ae58462b1250,1.67,,85000000
2026-05-28 12:30:29.516,2026/05/28/[$LATEST]7de6c63704704001920746bd5ec85dd3,1.67,,85000000
2026-05-28 12:30:29.534,2026/05/28/[$LATEST]09b41d5fd2894f389e30ae58462b1250,1.59,,85000000
2026-05-28 12:30:29.546,2026/05/28/[$LATEST]5989da090f7445fcb92f7c32ee76dd46,1.73,,86000000
2026-05-28 12:30:29.563,2026/05/28/[$LATEST]5989da090f7445fcb92f7c32ee76dd46,1.67,,86000000
2026-05-28 12:30:29.580,2026/05/28/[$LATEST]09b41d5fd2894f389e30ae58462b1250,1.62,,85000000
2026-05-28 12:30:29.608,2026/05/28/[$LATEST]09b41d5fd2894f389e30ae58462b1250,1.74,,85000000
2026-05-28 12:30:29.620,2026/05/28/[$LATEST]5989da090f7445fcb92f7c32ee76dd46,1.68,,86000000
2026-05-28 12:30:29.626,2026/05/28/[$LATEST]09b41d5fd2894f389e30ae58462b1250,1.58,,85000000
2026-05-28 12:30:29.629,2026/05/28/[$LATEST]5989da090f7445fcb92f7c32ee76dd46,1.55,,86000000
2026-05-28 12:30:29.634,2026/05/28/[$LATEST]09b41d5fd2894f389e30ae58462b1250,1.38,,85000000
2026-05-28 12:30:29.642,2026/05/28/[$LATEST]cfb0e958f4874281914ba0b7a1a72bef,10.82,,86000000
2026-05-28 12:30:29.659,2026/05/28/[$LATEST]09b41d5fd2894f389e30ae58462b1250,1.75,,85000000
2026-05-28 12:30:29.661,2026/05/28/[$LATEST]cfb0e958f4874281914ba0b7a1a72bef,5.74,,86000000
2026-05-28 12:30:29.663,2026/05/28/[$LATEST]7de6c63704704001920746bd5ec85dd3,1.76,,85000000
2026-05-28 12:30:29.675,2026/05/28/[$LATEST]7de6c63704704001920746bd5ec85dd3,2.96,,85000000
2026-05-28 12:30:29.679,2026/05/28/[$LATEST]5989da090f7445fcb92f7c32ee76dd46,1.71,,86000000
2026-05-28 12:30:29.683,2026/05/28/[$LATEST]cfb0e958f4874281914ba0b7a1a72bef,2.14,,86000000
2026-05-28 12:30:29.691,2026/05/28/[$LATEST]09b41d5fd2894f389e30ae58462b1250,1.6,,85000000
2026-05-28 12:30:29.691,2026/05/28/[$LATEST]4f6d928700b0454089f4d3ba5806fd95,1.93,,85000000
2026-05-28 12:30:29.694,2026/05/28/[$LATEST]15737d93c14242db96065ddfaa294dc4,1.97,,85000000
2026-05-28 12:30:29.695,2026/05/28/[$LATEST]7de6c63704704001920746bd5ec85dd3,5.79,,85000000
2026-05-28 12:30:29.702,2026/05/28/[$LATEST]cfb0e958f4874281914ba0b7a1a72bef,3.27,,86000000
2026-05-28 12:30:29.706,2026/05/28/[$LATEST]5989da090f7445fcb92f7c32ee76dd46,1.68,,86000000
2026-05-28 12:30:29.712,2026/05/28/[$LATEST]15737d93c14242db96065ddfaa294dc4,1.71,,85000000
2026-05-28 12:30:29.714,2026/05/28/[$LATEST]7de6c63704704001920746bd5ec85dd3,3.7,,85000000
2026-05-28 12:30:29.734,2026/05/28/[$LATEST]5989da090f7445fcb92f7c32ee76dd46,1.81,,86000000
2026-05-28 12:30:29.734,2026/05/28/[$LATEST]7de6c63704704001920746bd5ec85dd3,13.23,,85000000
2026-05-28 12:30:29.743,2026/05/28/[$LATEST]15737d93c14242db96065ddfaa294dc4,1.73,,85000000
2026-05-28 12:30:29.746,2026/05/28/[$LATEST]cfb0e958f4874281914ba0b7a1a72bef,2.02,,86000000
2026-05-28 12:30:29.749,2026/05/28/[$LATEST]5989da090f7445fcb92f7c32ee76dd46,1.65,,86000000
2026-05-28 12:30:29.752,2026/05/28/[$LATEST]5724bbfcea774384b83b606c0c42d806,4.35,,86000000
2026-05-28 12:30:29.755,2026/05/28/[$LATEST]7de6c63704704001920746bd5ec85dd3,14.64,,85000000
2026-05-28 12:30:29.768,2026/05/28/[$LATEST]5989da090f7445fcb92f7c32ee76dd46,1.68,,86000000
2026-05-28 12:30:29.770,2026/05/28/[$LATEST]5724bbfcea774384b83b606c0c42d806,7.57,,86000000
2026-05-28 12:30:29.776,2026/05/28/[$LATEST]cfb0e958f4874281914ba0b7a1a72bef,1.93,,86000000
2026-05-28 12:30:29.777,2026/05/28/[$LATEST]7de6c63704704001920746bd5ec85dd3,1.51,,85000000
2026-05-28 12:30:29.781,2026/05/28/[$LATEST]5989da090f7445fcb92f7c32ee76dd46,1.75,,86000000
2026-05-28 12:30:29.788,2026/05/28/[$LATEST]cfb0e958f4874281914ba0b7a1a72bef,1.71,,86000000
2026-05-28 12:30:29.789,2026/05/28/[$LATEST]5724bbfcea774384b83b606c0c42d806,13.78,,86000000
2026-05-28 12:30:29.799,2026/05/28/[$LATEST]5989da090f7445fcb92f7c32ee76dd46,6.54,,86000000
2026-05-28 12:30:29.804,2026/05/28/[$LATEST]cfb0e958f4874281914ba0b7a1a72bef,1.85,,86000000
2026-05-28 12:30:29.808,2026/05/28/[$LATEST]7de6c63704704001920746bd5ec85dd3,1.83,,85000000
2026-05-28 12:30:29.817,2026/05/28/[$LATEST]5989da090f7445fcb92f7c32ee76dd46,1.69,,86000000
2026-05-28 12:30:29.821,2026/05/28/[$LATEST]cfb0e958f4874281914ba0b7a1a72bef,7.34,,86000000
2026-05-28 12:30:29.823,2026/05/28/[$LATEST]15737d93c14242db96065ddfaa294dc4,1.69,,85000000
2026-05-28 12:30:29.825,2026/05/28/[$LATEST]7de6c63704704001920746bd5ec85dd3,1.73,,85000000
2026-05-28 12:30:29.825,2026/05/28/[$LATEST]188cc19e71ed4e0bb96c479aefb33946,2.32,,86000000
2026-05-28 12:30:29.828,2026/05/28/[$LATEST]5724bbfcea774384b83b606c0c42d806,10.66,,86000000
2026-05-28 12:30:29.829,2026/05/28/[$LATEST]4f6d928700b0454089f4d3ba5806fd95,2.79,,85000000
2026-05-28 12:30:29.830,2026/05/28/[$LATEST]5989da090f7445fcb92f7c32ee76dd46,1.73,,86000000
2026-05-28 12:30:29.834,2026/05/28/[$LATEST]7de6c63704704001920746bd5ec85dd3,3.55,,85000000
2026-05-28 12:30:29.841,2026/05/28/[$LATEST]cfb0e958f4874281914ba0b7a1a72bef,13.87,,86000000
2026-05-28 12:30:29.855,2026/05/28/[$LATEST]5989da090f7445fcb92f7c32ee76dd46,1.89,,86000000
2026-05-28 12:30:29.862,2026/05/28/[$LATEST]5989da090f7445fcb92f7c32ee76dd46,1.56,,86000000
2026-05-28 12:30:29.862,2026/05/28/[$LATEST]cfb0e958f4874281914ba0b7a1a72bef,13.18,,86000000
2026-05-28 12:30:29.901,2026/05/28/[$LATEST]cfb0e958f4874281914ba0b7a1a72bef,23.16,,86000000
2026-05-28 12:30:29.902,2026/05/28/[$LATEST]7de6c63704704001920746bd5ec85dd3,1.64,,85000000
2026-05-28 12:30:29.925,2026/05/28/[$LATEST]7de6c63704704001920746bd5ec85dd3,1.74,,85000000
2026-05-28 12:30:29.931,2026/05/28/[$LATEST]5989da090f7445fcb92f7c32ee76dd46,1.74,,86000000
2026-05-28 12:30:29.940,2026/05/28/[$LATEST]cfb0e958f4874281914ba0b7a1a72bef,4.66,,86000000
2026-05-28 12:30:29.943,2026/05/28/[$LATEST]5989da090f7445fcb92f7c32ee76dd46,1.85,,86000000
2026-05-28 12:30:29.950,2026/05/28/[$LATEST]cfb0e958f4874281914ba0b7a1a72bef,2.03,,86000000
2026-05-28 12:30:29.968,2026/05/28/[$LATEST]7de6c63704704001920746bd5ec85dd3,1.7,,85000000
2026-05-28 12:30:29.970,2026/05/28/[$LATEST]4f6d928700b0454089f4d3ba5806fd95,1.72,,85000000
2026-05-28 12:30:29.975,2026/05/28/[$LATEST]7de6c63704704001920746bd5ec85dd3,1.47,,85000000
2026-05-28 12:30:29.986,2026/05/28/[$LATEST]7de6c63704704001920746bd5ec85dd3,1.41,,85000000
2026-05-28 12:30:29.987,2026/05/28/[$LATEST]cfb0e958f4874281914ba0b7a1a72bef,1.96,,86000000
2026-05-28 12:30:29.990,2026/05/28/[$LATEST]5989da090f7445fcb92f7c32ee76dd46,1.98,,86000000
2026-05-28 12:30:30.001,2026/05/28/[$LATEST]cfb0e958f4874281914ba0b7a1a72bef,9.02,,86000000
2026-05-28 12:30:30.008,2026/05/28/[$LATEST]7de6c63704704001920746bd5ec85dd3,1.64,,85000000
2026-05-28 12:30:30.015,2026/05/28/[$LATEST]7de6c63704704001920746bd5ec85dd3,1.33,,85000000
2026-05-28 12:30:30.017,2026/05/28/[$LATEST]5989da090f7445fcb92f7c32ee76dd46,1.84,,86000000
2026-05-28 12:30:30.018,2026/05/28/[$LATEST]4f6d928700b0454089f4d3ba5806fd95,1.74,,85000000
2026-05-28 12:30:30.020,2026/05/28/[$LATEST]cfb0e958f4874281914ba0b7a1a72bef,5.57,,86000000
2026-05-28 12:30:30.027,2026/05/28/[$LATEST]5989da090f7445fcb92f7c32ee76dd46,1.77,,86000000
2026-05-28 12:30:30.035,2026/05/28/[$LATEST]4f6d928700b0454089f4d3ba5806fd95,10.09,,85000000
2026-05-28 12:30:30.046,2026/05/28/[$LATEST]4f6d928700b0454089f4d3ba5806fd95,1.85,,85000000
2026-05-28 12:30:30.050,2026/05/28/[$LATEST]7de6c63704704001920746bd5ec85dd3,1.77,,85000000
2026-05-28 12:30:30.055,2026/05/28/[$LATEST]cfb0e958f4874281914ba0b7a1a72bef,1.71,,86000000
2026-05-28 12:30:30.055,2026/05/28/[$LATEST]5989da090f7445fcb92f7c32ee76dd46,1.83,,86000000
2026-05-28 12:30:30.060,2026/05/28/[$LATEST]5724bbfcea774384b83b606c0c42d806,2.03,,86000000
2026-05-28 12:30:30.072,2026/05/28/[$LATEST]5989da090f7445fcb92f7c32ee76dd46,1.86,,86000000
2026-05-28 12:30:30.078,2026/05/28/[$LATEST]5724bbfcea774384b83b606c0c42d806,2.33,,86000000
2026-05-28 12:30:30.092,2026/05/28/[$LATEST]5724bbfcea774384b83b606c0c42d806,1.89,,86000000
2026-05-28 12:30:30.096,2026/05/28/[$LATEST]5989da090f7445fcb92f7c32ee76dd46,1.92,,86000000
2026-05-28 12:30:30.098,2026/05/28/[$LATEST]cfb0e958f4874281914ba0b7a1a72bef,2.13,,86000000
2026-05-28 12:30:30.098,2026/05/28/[$LATEST]4f6d928700b0454089f4d3ba5806fd95,1.89,,85000000
2026-05-28 12:30:30.098,2026/05/28/[$LATEST]7de6c63704704001920746bd5ec85dd3,1.84,,85000000
2026-05-28 12:30:30.098,2026/05/28/[$LATEST]188cc19e71ed4e0bb96c479aefb33946,2.33,,86000000
2026-05-28 12:30:30.107,2026/05/28/[$LATEST]cfb0e958f4874281914ba0b7a1a72bef,1.69,,86000000
2026-05-28 12:30:30.114,2026/05/28/[$LATEST]7de6c63704704001920746bd5ec85dd3,1.61,,85000000
2026-05-28 12:30:30.115,2026/05/28/[$LATEST]4f6d928700b0454089f4d3ba5806fd95,2.29,,85000000
2026-05-28 12:30:30.119,2026/05/28/[$LATEST]5989da090f7445fcb92f7c32ee76dd46,1.86,,86000000
2026-05-28 12:30:30.120,2026/05/28/[$LATEST]5724bbfcea774384b83b606c0c42d806,1.97,,86000000
2026-05-28 12:30:30.122,2026/05/28/[$LATEST]cfb0e958f4874281914ba0b7a1a72bef,1.97,,86000000
2026-05-28 12:30:30.127,2026/05/28/[$LATEST]188cc19e71ed4e0bb96c479aefb33946,5.63,,86000000
2026-05-28 12:30:30.137,2026/05/28/[$LATEST]4f6d928700b0454089f4d3ba5806fd95,1.97,,85000000
2026-05-28 12:30:30.138,2026/05/28/[$LATEST]188cc19e71ed4e0bb96c479aefb33946,1.8,,86000000
2026-05-28 12:30:30.153,2026/05/28/[$LATEST]188cc19e71ed4e0bb96c479aefb33946,1.83,,86000000
2026-05-28 12:30:30.160,2026/05/28/[$LATEST]4f6d928700b0454089f4d3ba5806fd95,1.85,,85000000
2026-05-28 12:30:30.160,2026/05/28/[$LATEST]cfb0e958f4874281914ba0b7a1a72bef,12.78,,86000000
2026-05-28 12:30:30.167,2026/05/28/[$LATEST]5724bbfcea774384b83b606c0c42d806,4.95,,86000000
2026-05-28 12:30:30.176,2026/05/28/[$LATEST]4f6d928700b0454089f4d3ba5806fd95,1.8,,85000000
2026-05-28 12:30:30.177,2026/05/28/[$LATEST]5724bbfcea774384b83b606c0c42d806,1.77,,86000000
2026-05-28 12:30:30.181,2026/05/28/[$LATEST]7de6c63704704001920746bd5ec85dd3,1.84,,85000000
2026-05-28 12:30:30.184,2026/05/28/[$LATEST]cfb0e958f4874281914ba0b7a1a72bef,1.85,,86000000
2026-05-28 12:30:30.195,2026/05/28/[$LATEST]4f6d928700b0454089f4d3ba5806fd95,12.72,,85000000
2026-05-28 12:30:30.200,2026/05/28/[$LATEST]5724bbfcea774384b83b606c0c42d806,2.14,,86000000
2026-05-28 12:30:30.201,2026/05/28/[$LATEST]cfb0e958f4874281914ba0b7a1a72bef,6.85,,86000000
2026-05-28 12:30:30.203,2026/05/28/[$LATEST]188cc19e71ed4e0bb96c479aefb33946,1.76,,86000000
2026-05-28 12:30:30.204,2026/05/28/[$LATEST]5989da090f7445fcb92f7c32ee76dd46,1.9,,86000000
2026-05-28 12:30:30.214,2026/05/28/[$LATEST]4f6d928700b0454089f4d3ba5806fd95,2.01,,85000000
2026-05-28 12:30:30.217,2026/05/28/[$LATEST]7de6c63704704001920746bd5ec85dd3,1.6,,85000000
2026-05-28 12:30:30.221,2026/05/28/[$LATEST]5989da090f7445fcb92f7c32ee76dd46,1.66,,86000000
2026-05-28 12:30:30.228,2026/05/28/[$LATEST]188cc19e71ed4e0bb96c479aefb33946,1.87,,86000000
2026-05-28 12:30:30.234,2026/05/28/[$LATEST]7de6c63704704001920746bd5ec85dd3,11.83,,85000000
2026-05-28 12:30:30.236,2026/05/28/[$LATEST]188cc19e71ed4e0bb96c479aefb33946,2.33,,86000000
2026-05-28 12:30:30.244,2026/05/28/[$LATEST]7de6c63704704001920746bd5ec85dd3,1.82,,85000000
2026-05-28 12:30:30.247,2026/05/28/[$LATEST]4f6d928700b0454089f4d3ba5806fd95,2,,85000000
2026-05-28 12:30:30.252,2026/05/28/[$LATEST]5989da090f7445fcb92f7c32ee76dd46,1.69,,86000000
2026-05-28 12:30:30.252,2026/05/28/[$LATEST]188cc19e71ed4e0bb96c479aefb33946,3.93,,86000000
2026-05-28 12:30:30.256,2026/05/28/[$LATEST]4f6d928700b0454089f4d3ba5806fd95,4.7,,85000000
2026-05-28 12:30:30.256,2026/05/28/[$LATEST]7de6c63704704001920746bd5ec85dd3,1.55,,85000000
2026-05-28 12:30:30.284,2026/05/28/[$LATEST]7de6c63704704001920746bd5ec85dd3,1.69,,85000000
2026-05-28 12:30:30.286,2026/05/28/[$LATEST]4f6d928700b0454089f4d3ba5806fd95,2.01,,85000000
2026-05-28 12:30:30.289,2026/05/28/[$LATEST]15737d93c14242db96065ddfaa294dc4,1.56,,85000000
2026-05-28 12:30:30.302,2026/05/28/[$LATEST]15737d93c14242db96065ddfaa294dc4,1.61,,85000000
2026-05-28 12:30:30.311,2026/05/28/[$LATEST]5989da090f7445fcb92f7c32ee76dd46,1.98,,86000000
2026-05-28 12:30:30.313,2026/05/28/[$LATEST]188cc19e71ed4e0bb96c479aefb33946,1.92,,86000000
2026-05-28 12:30:30.319,2026/05/28/[$LATEST]5989da090f7445fcb92f7c32ee76dd46,1.77,,86000000
2026-05-28 12:30:30.327,2026/05/28/[$LATEST]15737d93c14242db96065ddfaa294dc4,1.7,,85000000
2026-05-28 12:30:30.329,2026/05/28/[$LATEST]188cc19e71ed4e0bb96c479aefb33946,7.99,,86000000
2026-05-28 12:30:30.336,2026/05/28/[$LATEST]15737d93c14242db96065ddfaa294dc4,1.51,,85000000
2026-05-28 12:30:30.337,2026/05/28/[$LATEST]5989da090f7445fcb92f7c32ee76dd46,1.82,,86000000
2026-05-28 12:30:30.345,2026/05/28/[$LATEST]5989da090f7445fcb92f7c32ee76dd46,1.46,,86000000
2026-05-28 12:30:30.356,2026/05/28/[$LATEST]15737d93c14242db96065ddfaa294dc4,1.54,,85000000
2026-05-28 12:30:30.376,2026/05/28/[$LATEST]4f6d928700b0454089f4d3ba5806fd95,1.91,,85000000
2026-05-28 12:30:30.380,2026/05/28/[$LATEST]7de6c63704704001920746bd5ec85dd3,1.74,,85000000
2026-05-28 12:30:30.381,2026/05/28/[$LATEST]15737d93c14242db96065ddfaa294dc4,1.67,,85000000
2026-05-28 12:30:30.382,2026/05/28/[$LATEST]5989da090f7445fcb92f7c32ee76dd46,5.6,,86000000
2026-05-28 12:30:30.382,2026/05/28/[$LATEST]cfb0e958f4874281914ba0b7a1a72bef,1.54,,86000000
2026-05-28 12:30:30.386,2026/05/28/[$LATEST]188cc19e71ed4e0bb96c479aefb33946,1.9,,86000000
2026-05-28 12:30:30.390,2026/05/28/[$LATEST]5724bbfcea774384b83b606c0c42d806,2.15,,86000000
2026-05-28 12:30:30.409,2026/05/28/[$LATEST]188cc19e71ed4e0bb96c479aefb33946,16.89,,86000000
2026-05-28 12:30:30.416,2026/05/28/[$LATEST]15737d93c14242db96065ddfaa294dc4,1.9,,85000000
2026-05-28 12:30:30.423,2026/05/28/[$LATEST]5724bbfcea774384b83b606c0c42d806,1.72,,86000000
2026-05-28 12:30:30.428,2026/05/28/[$LATEST]188cc19e71ed4e0bb96c479aefb33946,9.65,,86000000
2026-05-28 12:30:30.433,2026/05/28/[$LATEST]15737d93c14242db96065ddfaa294dc4,4.04,,85000000
2026-05-28 12:30:30.452,2026/05/28/[$LATEST]15737d93c14242db96065ddfaa294dc4,10.6,,85000000
2026-05-28 12:30:30.455,2026/05/28/[$LATEST]188cc19e71ed4e0bb96c479aefb33946,1.99,,86000000
2026-05-28 12:30:30.484,2026/05/28/[$LATEST]15737d93c14242db96065ddfaa294dc4,1.73,,85000000
2026-05-28 12:30:30.504,2026/05/28/[$LATEST]15737d93c14242db96065ddfaa294dc4,1.57,,85000000
2026-05-28 12:30:30.518,2026/05/28/[$LATEST]15737d93c14242db96065ddfaa294dc4,1.74,,85000000
2026-05-28 12:30:30.521,2026/05/28/[$LATEST]7de6c63704704001920746bd5ec85dd3,1.67,,85000000
2026-05-28 12:30:30.537,2026/05/28/[$LATEST]4f6d928700b0454089f4d3ba5806fd95,14.23,,85000000
2026-05-28 12:30:30.548,2026/05/28/[$LATEST]188cc19e71ed4e0bb96c479aefb33946,19.85,,86000000
2026-05-28 12:30:30.558,2026/05/28/[$LATEST]4f6d928700b0454089f4d3ba5806fd95,12.49,,85000000
2026-05-28 12:30:30.569,2026/05/28/[$LATEST]188cc19e71ed4e0bb96c479aefb33946,7.97,,86000000
2026-05-28 12:30:30.571,2026/05/28/[$LATEST]7de6c63704704001920746bd5ec85dd3,1.53,,85000000
2026-05-28 12:30:30.573,2026/05/28/[$LATEST]15737d93c14242db96065ddfaa294dc4,1.94,,85000000
2026-05-28 12:30:30.575,2026/05/28/[$LATEST]09b41d5fd2894f389e30ae58462b1250,1.7,,85000000
2026-05-28 12:30:30.576,2026/05/28/[$LATEST]4f6d928700b0454089f4d3ba5806fd95,6.26,,85000000
2026-05-28 12:30:30.577,2026/05/28/[$LATEST]5724bbfcea774384b83b606c0c42d806,2.04,,86000000
2026-05-28 12:30:30.588,2026/05/28/[$LATEST]188cc19e71ed4e0bb96c479aefb33946,9.02,,86000000
2026-05-28 12:30:30.588,2026/05/28/[$LATEST]5724bbfcea774384b83b606c0c42d806,3.42,,86000000
2026-05-28 12:30:30.592,2026/05/28/[$LATEST]5989da090f7445fcb92f7c32ee76dd46,1.97,,86000000
2026-05-28 12:30:30.611,2026/05/28/[$LATEST]4f6d928700b0454089f4d3ba5806fd95,1.98,,85000000
2026-05-28 12:30:30.619,2026/05/28/[$LATEST]5989da090f7445fcb92f7c32ee76dd46,1.8,,86000000
2026-05-28 12:30:30.622,2026/05/28/[$LATEST]188cc19e71ed4e0bb96c479aefb33946,1.73,,86000000
2026-05-28 12:30:30.627,2026/05/28/[$LATEST]5724bbfcea774384b83b606c0c42d806,1.89,,86000000
2026-05-28 12:30:30.631,2026/05/28/[$LATEST]188cc19e71ed4e0bb96c479aefb33946,1.7,,86000000
2026-05-28 12:30:30.635,2026/05/28/[$LATEST]4f6d928700b0454089f4d3ba5806fd95,2.28,,85000000
2026-05-28 12:30:30.644,2026/05/28/[$LATEST]4f6d928700b0454089f4d3ba5806fd95,1.97,,85000000
2026-05-28 12:30:30.650,2026/05/28/[$LATEST]5724bbfcea774384b83b606c0c42d806,2.03,,86000000
2026-05-28 12:30:30.654,2026/05/28/[$LATEST]188cc19e71ed4e0bb96c479aefb33946,1.89,,86000000
2026-05-28 12:30:30.668,2026/05/28/[$LATEST]188cc19e71ed4e0bb96c479aefb33946,6.11,,86000000
2026-05-28 12:30:30.669,2026/05/28/[$LATEST]5724bbfcea774384b83b606c0c42d806,1.8,,86000000
2026-05-28 12:30:30.670,2026/05/28/[$LATEST]5989da090f7445fcb92f7c32ee76dd46,1.84,,86000000
2026-05-28 12:30:30.671,2026/05/28/[$LATEST]4f6d928700b0454089f4d3ba5806fd95,1.78,,85000000
2026-05-28 12:30:30.683,2026/05/28/[$LATEST]4f6d928700b0454089f4d3ba5806fd95,1.94,,85000000
2026-05-28 12:30:30.702,2026/05/28/[$LATEST]4f6d928700b0454089f4d3ba5806fd95,1.83,,85000000
2026-05-28 12:30:30.703,2026/05/28/[$LATEST]5724bbfcea774384b83b606c0c42d806,1.82,,86000000
2026-05-28 12:30:30.720,2026/05/28/[$LATEST]5724bbfcea774384b83b606c0c42d806,1.77,,86000000
2026-05-28 12:30:30.726,2026/05/28/[$LATEST]09b41d5fd2894f389e30ae58462b1250,1.7,,85000000
2026-05-28 12:30:30.728,2026/05/28/[$LATEST]4f6d928700b0454089f4d3ba5806fd95,4.04,,85000000
2026-05-28 12:30:30.751,2026/05/28/[$LATEST]4f6d928700b0454089f4d3ba5806fd95,3.86,,85000000
2026-05-28 12:30:30.771,2026/05/28/[$LATEST]4f6d928700b0454089f4d3ba5806fd95,1.71,,85000000
2026-05-28 12:30:30.789,2026/05/28/[$LATEST]5724bbfcea774384b83b606c0c42d806,2.58,,86000000
2026-05-28 12:30:30.789,2026/05/28/[$LATEST]5989da090f7445fcb92f7c32ee76dd46,1.68,,86000000
2026-05-28 12:30:30.802,2026/05/28/[$LATEST]5989da090f7445fcb92f7c32ee76dd46,6.49,,86000000
2026-05-28 12:30:30.809,2026/05/28/[$LATEST]09b41d5fd2894f389e30ae58462b1250,1.79,,85000000
2026-05-28 12:30:30.811,2026/05/28/[$LATEST]4f6d928700b0454089f4d3ba5806fd95,4.59,,85000000
2026-05-28 12:30:30.823,2026/05/28/[$LATEST]4f6d928700b0454089f4d3ba5806fd95,4.3,,85000000
2026-05-28 12:30:30.844,2026/05/28/[$LATEST]5989da090f7445fcb92f7c32ee76dd46,2.37,,86000000
2026-05-28 12:30:30.847,2026/05/28/[$LATEST]4f6d928700b0454089f4d3ba5806fd95,2.3,,85000000
2026-05-28 12:30:30.859,2026/05/28/[$LATEST]5989da090f7445fcb92f7c32ee76dd46,5.11,,86000000
2026-05-28 12:30:30.860,2026/05/28/[$LATEST]4f6d928700b0454089f4d3ba5806fd95,1.81,,85000000
2026-05-28 12:30:30.865,2026/05/28/[$LATEST]5724bbfcea774384b83b606c0c42d806,1.8,,86000000
2026-05-28 12:30:30.877,2026/05/28/[$LATEST]5724bbfcea774384b83b606c0c42d806,1.82,,86000000
2026-05-28 12:30:30.882,2026/05/28/[$LATEST]5989da090f7445fcb92f7c32ee76dd46,1.61,,86000000
2026-05-28 12:30:30.889,2026/05/28/[$LATEST]5724bbfcea774384b83b606c0c42d806,2.44,,86000000
2026-05-28 12:30:30.899,2026/05/28/[$LATEST]4f6d928700b0454089f4d3ba5806fd95,6.63,,85000000
2026-05-28 12:30:30.908,2026/05/28/[$LATEST]5989da090f7445fcb92f7c32ee76dd46,1.73,,86000000
2026-05-28 12:30:30.914,2026/05/28/[$LATEST]09b41d5fd2894f389e30ae58462b1250,1.79,,85000000
2026-05-28 12:30:30.914,2026/05/28/[$LATEST]188cc19e71ed4e0bb96c479aefb33946,1.76,,86000000
2026-05-28 12:30:30.915,2026/05/28/[$LATEST]5724bbfcea774384b83b606c0c42d806,4.32,,86000000
2026-05-28 12:30:30.916,2026/05/28/[$LATEST]4f6d928700b0454089f4d3ba5806fd95,4.39,,85000000
2026-05-28 12:30:30.947,2026/05/28/[$LATEST]4f6d928700b0454089f4d3ba5806fd95,1.81,,85000000
2026-05-28 12:30:30.948,2026/05/28/[$LATEST]5724bbfcea774384b83b606c0c42d806,2.12,,86000000
2026-05-28 12:30:30.949,2026/05/28/[$LATEST]5989da090f7445fcb92f7c32ee76dd46,1.7,,86000000
2026-05-28 12:30:30.950,2026/05/28/[$LATEST]188cc19e71ed4e0bb96c479aefb33946,2.48,,86000000
2026-05-28 12:30:30.962,2026/05/28/[$LATEST]4f6d928700b0454089f4d3ba5806fd95,1.67,,85000000
2026-05-28 12:30:30.965,2026/05/28/[$LATEST]09b41d5fd2894f389e30ae58462b1250,1.75,,85000000
2026-05-28 12:30:30.989,2026/05/28/[$LATEST]09b41d5fd2894f389e30ae58462b1250,1.76,,85000000
2026-05-28 12:30:30.994,2026/05/28/[$LATEST]4f6d928700b0454089f4d3ba5806fd95,1.82,,85000000
2026-05-28 12:30:31.013,2026/05/28/[$LATEST]4f6d928700b0454089f4d3ba5806fd95,1.69,,85000000
2026-05-28 12:30:31.014,2026/05/28/[$LATEST]188cc19e71ed4e0bb96c479aefb33946,1.92,,86000000
2026-05-28 12:30:31.028,2026/05/28/[$LATEST]5989da090f7445fcb92f7c32ee76dd46,1.77,,86000000
2026-05-28 12:30:31.028,2026/05/28/[$LATEST]188cc19e71ed4e0bb96c479aefb33946,2.22,,86000000
2026-05-28 12:30:31.032,2026/05/28/[$LATEST]5724bbfcea774384b83b606c0c42d806,1.89,,86000000
2026-05-28 12:30:31.049,2026/05/28/[$LATEST]5724bbfcea774384b83b606c0c42d806,5.17,,86000000
2026-05-28 12:30:31.064,2026/05/28/[$LATEST]09b41d5fd2894f389e30ae58462b1250,1.57,,85000000
2026-05-28 12:30:31.070,2026/05/28/[$LATEST]188cc19e71ed4e0bb96c479aefb33946,1.76,,86000000
2026-05-28 12:30:31.071,2026/05/28/[$LATEST]5724bbfcea774384b83b606c0c42d806,1.93,,86000000
2026-05-28 12:30:31.076,2026/05/28/[$LATEST]4f6d928700b0454089f4d3ba5806fd95,14.52,,85000000
2026-05-28 12:30:31.089,2026/05/28/[$LATEST]5724bbfcea774384b83b606c0c42d806,7,,86000000
2026-05-28 12:30:31.090,2026/05/28/[$LATEST]188cc19e71ed4e0bb96c479aefb33946,1.95,,86000000
2026-05-28 12:30:31.091,2026/05/28/[$LATEST]5989da090f7445fcb92f7c32ee76dd46,1.81,,86000000
2026-05-28 12:30:31.101,2026/05/28/[$LATEST]4f6d928700b0454089f4d3ba5806fd95,1.82,,85000000
2026-05-28 12:30:31.103,2026/05/28/[$LATEST]09b41d5fd2894f389e30ae58462b1250,1.72,,85000000
2026-05-28 12:30:31.104,2026/05/28/[$LATEST]15737d93c14242db96065ddfaa294dc4,1.59,,85000000
2026-05-28 12:30:31.106,2026/05/28/[$LATEST]7de6c63704704001920746bd5ec85dd3,2.04,,85000000
2026-05-28 12:30:31.107,2026/05/28/[$LATEST]5989da090f7445fcb92f7c32ee76dd46,1.61,,86000000
2026-05-28 12:30:31.108,2026/05/28/[$LATEST]188cc19e71ed4e0bb96c479aefb33946,1.98,,86000000
2026-05-28 12:30:31.109,2026/05/28/[$LATEST]5724bbfcea774384b83b606c0c42d806,14.12,,86000000
2026-05-28 12:30:31.115,2026/05/28/[$LATEST]7de6c63704704001920746bd5ec85dd3,1.54,,85000000
2026-05-28 12:30:31.118,2026/05/28/[$LATEST]5989da090f7445fcb92f7c32ee76dd46,1.52,,86000000
2026-05-28 12:30:31.119,2026/05/28/[$LATEST]15737d93c14242db96065ddfaa294dc4,1.8,,85000000
2026-05-28 12:30:31.138,2026/05/28/[$LATEST]15737d93c14242db96065ddfaa294dc4,1.72,,85000000
2026-05-28 12:30:31.146,2026/05/28/[$LATEST]7de6c63704704001920746bd5ec85dd3,2.21,,85000000
2026-05-28 12:30:31.154,2026/05/28/[$LATEST]15737d93c14242db96065ddfaa294dc4,7.41,,85000000
2026-05-28 12:30:31.155,2026/05/28/[$LATEST]5989da090f7445fcb92f7c32ee76dd46,1.75,,86000000
2026-05-28 12:30:31.170,2026/05/28/[$LATEST]5989da090f7445fcb92f7c32ee76dd46,1.76,,86000000
2026-05-28 12:30:31.171,2026/05/28/[$LATEST]7de6c63704704001920746bd5ec85dd3,1.56,,85000000
2026-05-28 12:30:31.174,2026/05/28/[$LATEST]15737d93c14242db96065ddfaa294dc4,2.38,,85000000
2026-05-28 12:30:31.174,2026/05/28/[$LATEST]5724bbfcea774384b83b606c0c42d806,2.26,,86000000
2026-05-28 12:30:31.176,2026/05/28/[$LATEST]188cc19e71ed4e0bb96c479aefb33946,1.82,,86000000
2026-05-28 12:30:31.179,2026/05/28/[$LATEST]5989da090f7445fcb92f7c32ee76dd46,1.81,,86000000
2026-05-28 12:30:31.193,2026/05/28/[$LATEST]15737d93c14242db96065ddfaa294dc4,1.76,,85000000
2026-05-28 12:30:31.199,2026/05/28/[$LATEST]5989da090f7445fcb92f7c32ee76dd46,1.79,,86000000
2026-05-28 12:30:31.202,2026/05/28/[$LATEST]09b41d5fd2894f389e30ae58462b1250,1.61,,85000000
2026-05-28 12:30:31.203,2026/05/28/[$LATEST]7de6c63704704001920746bd5ec85dd3,1.57,,85000000
2026-05-28 12:30:31.209,2026/05/28/[$LATEST]188cc19e71ed4e0bb96c479aefb33946,7.32,,86000000
2026-05-28 12:30:31.212,2026/05/28/[$LATEST]4f6d928700b0454089f4d3ba5806fd95,1.93,,85000000
2026-05-28 12:30:31.213,2026/05/28/[$LATEST]15737d93c14242db96065ddfaa294dc4,12.95,,85000000
2026-05-28 12:30:31.214,2026/05/28/[$LATEST]7de6c63704704001920746bd5ec85dd3,5.34,,85000000
2026-05-28 12:30:31.216,2026/05/28/[$LATEST]5989da090f7445fcb92f7c32ee76dd46,1.62,,86000000
2026-05-28 12:30:31.224,2026/05/28/[$LATEST]5989da090f7445fcb92f7c32ee76dd46,1.51,,86000000
2026-05-28 12:30:31.267,2026/05/28/[$LATEST]5989da090f7445fcb92f7c32ee76dd46,1.84,,86000000
2026-05-28 12:30:31.278,2026/05/28/[$LATEST]188cc19e71ed4e0bb96c479aefb33946,1.97,,86000000
2026-05-28 12:30:31.279,2026/05/28/[$LATEST]5989da090f7445fcb92f7c32ee76dd46,4.98,,86000000
2026-05-28 12:30:31.303,2026/05/28/[$LATEST]7de6c63704704001920746bd5ec85dd3,1.71,,85000000
2026-05-28 12:30:31.309,2026/05/28/[$LATEST]5989da090f7445fcb92f7c32ee76dd46,1.75,,86000000
2026-05-28 12:30:31.314,2026/05/28/[$LATEST]7de6c63704704001920746bd5ec85dd3,3.28,,85000000
2026-05-28 12:30:31.317,2026/05/28/[$LATEST]188cc19e71ed4e0bb96c479aefb33946,1.97,,86000000
2026-05-28 12:30:31.319,2026/05/28/[$LATEST]5989da090f7445fcb92f7c32ee76dd46,2.8,,86000000
2026-05-28 12:30:31.334,2026/05/28/[$LATEST]7de6c63704704001920746bd5ec85dd3,8.45,,85000000
2026-05-28 12:30:31.335,2026/05/28/[$LATEST]15737d93c14242db96065ddfaa294dc4,1.58,,85000000
2026-05-28 12:30:31.338,2026/05/28/[$LATEST]09b41d5fd2894f389e30ae58462b1250,1.61,,85000000
2026-05-28 12:30:31.345,2026/05/28/[$LATEST]645d0a3985b047aa91261d33b7d29c16,1.77,,86000000
2026-05-28 12:30:31.350,2026/05/28/[$LATEST]5989da090f7445fcb92f7c32ee76dd46,1.77,,86000000
2026-05-28 12:30:31.352,2026/05/28/[$LATEST]15737d93c14242db96065ddfaa294dc4,10.74,,85000000
2026-05-28 12:30:31.353,2026/05/28/[$LATEST]09b41d5fd2894f389e30ae58462b1250,2.14,,85000000
2026-05-28 12:30:31.354,2026/05/28/[$LATEST]4f6d928700b0454089f4d3ba5806fd95,5.69,,85000000
2026-05-28 12:30:31.355,2026/05/28/[$LATEST]7de6c63704704001920746bd5ec85dd3,12.18,,85000000
2026-05-28 12:30:31.356,2026/05/28/[$LATEST]5724bbfcea774384b83b606c0c42d806,1.88,,86000000
2026-05-28 12:30:31.361,2026/05/28/[$LATEST]5989da090f7445fcb92f7c32ee76dd46,1.86,,86000000
2026-05-28 12:30:31.361,2026/05/28/[$LATEST]cfb0e958f4874281914ba0b7a1a72bef,1.86,,86000000
2026-05-28 12:30:31.362,2026/05/28/[$LATEST]188cc19e71ed4e0bb96c479aefb33946,2.1,,86000000
2026-05-28 12:30:31.370,2026/05/28/[$LATEST]4f6d928700b0454089f4d3ba5806fd95,1.97,,85000000
2026-05-28 12:30:31.373,2026/05/28/[$LATEST]09b41d5fd2894f389e30ae58462b1250,4.03,,85000000
2026-05-28 12:30:31.373,2026/05/28/[$LATEST]7de6c63704704001920746bd5ec85dd3,1.4,,85000000
2026-05-28 12:30:31.414,2026/05/28/[$LATEST]188cc19e71ed4e0bb96c479aefb33946,1.92,,86000000
2026-05-28 12:30:31.418,2026/05/28/[$LATEST]7de6c63704704001920746bd5ec85dd3,1.74,,85000000
2026-05-28 12:30:31.437,2026/05/28/[$LATEST]188cc19e71ed4e0bb96c479aefb33946,2.08,,86000000
2026-05-28 12:30:31.447,2026/05/28/[$LATEST]7de6c63704704001920746bd5ec85dd3,1.67,,85000000
2026-05-28 12:30:31.452,2026/05/28/[$LATEST]188cc19e71ed4e0bb96c479aefb33946,2.11,,86000000
2026-05-28 12:30:31.455,2026/05/28/[$LATEST]5989da090f7445fcb92f7c32ee76dd46,1.74,,86000000
2026-05-28 12:30:31.467,2026/05/28/[$LATEST]5989da090f7445fcb92f7c32ee76dd46,1.64,,86000000
2026-05-28 12:30:31.475,2026/05/28/[$LATEST]7de6c63704704001920746bd5ec85dd3,1.79,,85000000
2026-05-28 12:30:31.476,2026/05/28/[$LATEST]09b41d5fd2894f389e30ae58462b1250,1.67,,85000000
2026-05-28 12:30:31.480,2026/05/28/[$LATEST]4f6d928700b0454089f4d3ba5806fd95,1.73,,85000000
2026-05-28 12:30:31.481,2026/05/28/[$LATEST]5989da090f7445fcb92f7c32ee76dd46,1.71,,86000000
2026-05-28 12:30:31.490,2026/05/28/[$LATEST]188cc19e71ed4e0bb96c479aefb33946,17.05,,86000000
2026-05-28 12:30:31.499,2026/05/28/[$LATEST]5989da090f7445fcb92f7c32ee76dd46,8.66,,86000000
2026-05-28 12:30:31.501,2026/05/28/[$LATEST]4f6d928700b0454089f4d3ba5806fd95,1.67,,85000000
2026-05-28 12:30:31.503,2026/05/28/[$LATEST]09b41d5fd2894f389e30ae58462b1250,1.81,,85000000
2026-05-28 12:30:31.514,2026/05/28/[$LATEST]188cc19e71ed4e0bb96c479aefb33946,2.52,,86000000
2026-05-28 12:30:31.516,2026/05/28/[$LATEST]4f6d928700b0454089f4d3ba5806fd95,7.91,,85000000
2026-05-28 12:30:31.518,2026/05/28/[$LATEST]5989da090f7445fcb92f7c32ee76dd46,2.15,,86000000
2026-05-28 12:30:31.522,2026/05/28/[$LATEST]09b41d5fd2894f389e30ae58462b1250,1.64,,85000000
2026-05-28 12:30:31.531,2026/05/28/[$LATEST]188cc19e71ed4e0bb96c479aefb33946,1.8,,86000000
2026-05-28 12:30:31.535,2026/05/28/[$LATEST]09b41d5fd2894f389e30ae58462b1250,1.73,,85000000
2026-05-28 12:30:31.535,2026/05/28/[$LATEST]5989da090f7445fcb92f7c32ee76dd46,1.82,,86000000
2026-05-28 12:30:31.536,2026/05/28/[$LATEST]4f6d928700b0454089f4d3ba5806fd95,14.29,,85000000
2026-05-28 12:30:31.560,2026/05/28/[$LATEST]4f6d928700b0454089f4d3ba5806fd95,1.83,,85000000
2026-05-28 12:30:31.572,2026/05/28/[$LATEST]5989da090f7445fcb92f7c32ee76dd46,1.98,,86000000
2026-05-28 12:30:31.576,2026/05/28/[$LATEST]4f6d928700b0454089f4d3ba5806fd95,5.88,,85000000
2026-05-28 12:30:31.587,2026/05/28/[$LATEST]5989da090f7445fcb92f7c32ee76dd46,1.73,,86000000
2026-05-28 12:30:31.593,2026/05/28/[$LATEST]188cc19e71ed4e0bb96c479aefb33946,1.81,,86000000
2026-05-28 12:30:31.599,2026/05/28/[$LATEST]5989da090f7445fcb92f7c32ee76dd46,3.8,,86000000
2026-05-28 12:30:31.608,2026/05/28/[$LATEST]188cc19e71ed4e0bb96c479aefb33946,6.52,,86000000
2026-05-28 12:30:31.614,2026/05/28/[$LATEST]09b41d5fd2894f389e30ae58462b1250,1.68,,85000000
2026-05-28 12:30:31.616,2026/05/28/[$LATEST]7de6c63704704001920746bd5ec85dd3,1.68,,85000000
2026-05-28 12:30:31.619,2026/05/28/[$LATEST]5989da090f7445fcb92f7c32ee76dd46,11.92,,86000000
2026-05-28 12:30:31.619,2026/05/28/[$LATEST]15737d93c14242db96065ddfaa294dc4,1.79,,85000000
2026-05-28 12:30:31.638,2026/05/28/[$LATEST]5989da090f7445fcb92f7c32ee76dd46,1.88,,86000000
2026-05-28 12:30:31.649,2026/05/28/[$LATEST]5989da090f7445fcb92f7c32ee76dd46,1.76,,86000000
2026-05-28 12:30:31.650,2026/05/28/[$LATEST]188cc19e71ed4e0bb96c479aefb33946,1.8,,86000000
2026-05-28 12:30:31.658,2026/05/28/[$LATEST]15737d93c14242db96065ddfaa294dc4,1.81,,85000000
2026-05-28 12:30:31.668,2026/05/28/[$LATEST]188cc19e71ed4e0bb96c479aefb33946,2.32,,86000000
2026-05-28 12:30:31.673,2026/05/28/[$LATEST]15737d93c14242db96065ddfaa294dc4,6.35,,85000000
2026-05-28 12:30:31.677,2026/05/28/[$LATEST]4f6d928700b0454089f4d3ba5806fd95,65.23,,85000000
2026-05-28 12:30:31.685,2026/05/28/[$LATEST]188cc19e71ed4e0bb96c479aefb33946,1.73,,86000000
2026-05-28 12:30:31.691,2026/05/28/[$LATEST]15737d93c14242db96065ddfaa294dc4,1.53,,85000000
2026-05-28 12:30:31.699,2026/05/28/[$LATEST]4f6d928700b0454089f4d3ba5806fd95,3.2,,85000000
2026-05-28 12:30:31.704,2026/05/28/[$LATEST]15737d93c14242db96065ddfaa294dc4,1.85,,85000000
2026-05-28 12:30:31.706,2026/05/28/[$LATEST]7de6c63704704001920746bd5ec85dd3,1.75,,85000000
2026-05-28 12:30:31.707,2026/05/28/[$LATEST]188cc19e71ed4e0bb96c479aefb33946,1.85,,86000000
2026-05-28 12:30:31.716,2026/05/28/[$LATEST]7de6c63704704001920746bd5ec85dd3,1.66,,85000000
2026-05-28 12:30:31.728,2026/05/28/[$LATEST]188cc19e71ed4e0bb96c479aefb33946,1.78,,86000000
2026-05-28 12:30:31.754,2026/05/28/[$LATEST]188cc19e71ed4e0bb96c479aefb33946,2.09,,86000000
2026-05-28 12:30:31.756,2026/05/28/[$LATEST]7de6c63704704001920746bd5ec85dd3,1.72,,85000000
2026-05-28 12:30:31.763,2026/05/28/[$LATEST]cfb0e958f4874281914ba0b7a1a72bef,1.99,,86000000
2026-05-28 12:30:31.765,2026/05/28/[$LATEST]5989da090f7445fcb92f7c32ee76dd46,1.89,,86000000
2026-05-28 12:30:31.774,2026/05/28/[$LATEST]7de6c63704704001920746bd5ec85dd3,10.33,,85000000
2026-05-28 12:30:31.775,2026/05/28/[$LATEST]15737d93c14242db96065ddfaa294dc4,1.58,,85000000
2026-05-28 12:30:31.779,2026/05/28/[$LATEST]5989da090f7445fcb92f7c32ee76dd46,6.03,,86000000
2026-05-28 12:30:31.792,2026/05/28/[$LATEST]15737d93c14242db96065ddfaa294dc4,3.36,,85000000
2026-05-28 12:30:31.798,2026/05/28/[$LATEST]5989da090f7445fcb92f7c32ee76dd46,1.94,,86000000
2026-05-28 12:30:31.803,2026/05/28/[$LATEST]cfb0e958f4874281914ba0b7a1a72bef,1.87,,86000000
2026-05-28 12:30:31.808,2026/05/28/[$LATEST]4f6d928700b0454089f4d3ba5806fd95,2.78,,85000000
2026-05-28 12:30:31.810,2026/05/28/[$LATEST]7de6c63704704001920746bd5ec85dd3,1.72,,85000000
2026-05-28 12:30:31.810,2026/05/28/[$LATEST]09b41d5fd2894f389e30ae58462b1250,2.05,,85000000
2026-05-28 12:30:31.811,2026/05/28/[$LATEST]15737d93c14242db96065ddfaa294dc4,1.51,,85000000
2026-05-28 12:30:31.816,2026/05/28/[$LATEST]7de6c63704704001920746bd5ec85dd3,1.26,,85000000
2026-05-28 12:30:31.821,2026/05/28/[$LATEST]cfb0e958f4874281914ba0b7a1a72bef,6.02,,86000000
2026-05-28 12:30:31.824,2026/05/28/[$LATEST]15737d93c14242db96065ddfaa294dc4,1.78,,85000000
2026-05-28 12:30:31.847,2026/05/28/[$LATEST]cfb0e958f4874281914ba0b7a1a72bef,2.98,,86000000
2026-05-28 12:30:31.859,2026/05/28/[$LATEST]15737d93c14242db96065ddfaa294dc4,1.82,,85000000
2026-05-28 12:30:31.873,2026/05/28/[$LATEST]15737d93c14242db96065ddfaa294dc4,3.58,,85000000
2026-05-28 12:30:31.875,2026/05/28/[$LATEST]cfb0e958f4874281914ba0b7a1a72bef,1.8,,86000000
2026-05-28 12:30:31.875,2026/05/28/[$LATEST]5989da090f7445fcb92f7c32ee76dd46,1.95,,86000000
2026-05-28 12:30:31.879,2026/05/28/[$LATEST]188cc19e71ed4e0bb96c479aefb33946,1.95,,86000000
2026-05-28 12:30:31.880,2026/05/28/[$LATEST]5724bbfcea774384b83b606c0c42d806,2.37,,86000000
2026-05-28 12:30:31.882,2026/05/28/[$LATEST]2faaf80cfd9d45a1b10ad92bea2bdc23,1.57,,86000000
2026-05-28 12:30:31.892,2026/05/28/[$LATEST]2faaf80cfd9d45a1b10ad92bea2bdc23,1.56,,86000000
2026-05-28 12:30:31.894,2026/05/28/[$LATEST]15737d93c14242db96065ddfaa294dc4,1.51,,85000000
2026-05-28 12:30:31.906,2026/05/28/[$LATEST]2faaf80cfd9d45a1b10ad92bea2bdc23,1.59,,86000000
2026-05-28 12:30:31.913,2026/05/28/[$LATEST]15737d93c14242db96065ddfaa294dc4,1.64,,85000000
2026-05-28 12:30:31.918,2026/05/28/[$LATEST]7de6c63704704001920746bd5ec85dd3,1.69,,85000000
2026-05-28 12:30:31.923,2026/05/28/[$LATEST]2faaf80cfd9d45a1b10ad92bea2bdc23,1.45,,86000000
2026-05-28 12:30:31.942,2026/05/28/[$LATEST]7de6c63704704001920746bd5ec85dd3,1.66,,85000000
2026-05-28 12:30:31.943,2026/05/28/[$LATEST]2faaf80cfd9d45a1b10ad92bea2bdc23,1.62,,86000000
2026-05-28 12:30:31.943,2026/05/28/[$LATEST]188cc19e71ed4e0bb96c479aefb33946,1.97,,86000000
2026-05-28 12:30:31.944,2026/05/28/[$LATEST]5724bbfcea774384b83b606c0c42d806,2.48,,86000000
2026-05-28 12:30:31.948,2026/05/28/[$LATEST]15737d93c14242db96065ddfaa294dc4,1.74,,85000000
2026-05-28 12:30:31.955,2026/05/28/[$LATEST]15737d93c14242db96065ddfaa294dc4,1.31,,85000000
2026-05-28 12:30:31.955,2026/05/28/[$LATEST]7de6c63704704001920746bd5ec85dd3,5.87,,85000000
2026-05-28 12:30:31.964,2026/05/28/[$LATEST]5724bbfcea774384b83b606c0c42d806,6.37,,86000000
2026-05-28 12:30:31.969,2026/05/28/[$LATEST]188cc19e71ed4e0bb96c479aefb33946,2.22,,86000000
2026-05-28 12:30:31.972,2026/05/28/[$LATEST]15737d93c14242db96065ddfaa294dc4,7.05,,85000000
2026-05-28 12:30:31.976,2026/05/28/[$LATEST]7de6c63704704001920746bd5ec85dd3,1.68,,85000000
2026-05-28 12:30:31.976,2026/05/28/[$LATEST]09b41d5fd2894f389e30ae58462b1250,2.04,,85000000
2026-05-28 12:30:31.990,2026/05/28/[$LATEST]188cc19e71ed4e0bb96c479aefb33946,1.83,,86000000
2026-05-28 12:30:31.996,2026/05/28/[$LATEST]5724bbfcea774384b83b606c0c42d806,1.79,,86000000
2026-05-28 12:30:32.007,2026/05/28/[$LATEST]09b41d5fd2894f389e30ae58462b1250,1.85,,85000000
2026-05-28 12:30:32.018,2026/05/28/[$LATEST]5724bbfcea774384b83b606c0c42d806,3.62,,86000000
2026-05-28 12:30:32.019,2026/05/28/[$LATEST]09b41d5fd2894f389e30ae58462b1250,1.56,,85000000
2026-05-28 12:30:32.030,2026/05/28/[$LATEST]188cc19e71ed4e0bb96c479aefb33946,1.77,,86000000
2026-05-28 12:30:32.031,2026/05/28/[$LATEST]5724bbfcea774384b83b606c0c42d806,2.49,,86000000
2026-05-28 12:30:32.051,2026/05/28/[$LATEST]188cc19e71ed4e0bb96c479aefb33946,1.93,,86000000
2026-05-28 12:30:32.056,2026/05/28/[$LATEST]09b41d5fd2894f389e30ae58462b1250,1.6,,85000000
2026-05-28 12:30:32.056,2026/05/28/[$LATEST]5724bbfcea774384b83b606c0c42d806,1.84,,86000000
2026-05-28 12:30:32.070,2026/05/28/[$LATEST]5724bbfcea774384b83b606c0c42d806,1.9,,86000000
2026-05-28 12:30:32.073,2026/05/28/[$LATEST]188cc19e71ed4e0bb96c479aefb33946,1.92,,86000000
2026-05-28 12:30:32.073,2026/05/28/[$LATEST]09b41d5fd2894f389e30ae58462b1250,10.03,,85000000
2026-05-28 12:30:32.086,2026/05/28/[$LATEST]2faaf80cfd9d45a1b10ad92bea2bdc23,1.81,,86000000
2026-05-28 12:30:32.089,2026/05/28/[$LATEST]188cc19e71ed4e0bb96c479aefb33946,7.19,,86000000
2026-05-28 12:30:32.092,2026/05/28/[$LATEST]5989da090f7445fcb92f7c32ee76dd46,3.59,,86000000
2026-05-28 12:30:32.093,2026/05/28/[$LATEST]09b41d5fd2894f389e30ae58462b1250,1.73,,85000000
2026-05-28 12:30:32.094,2026/05/28/[$LATEST]7de6c63704704001920746bd5ec85dd3,18.82,,85000000
2026-05-28 12:30:32.099,2026/05/28/[$LATEST]cfb0e958f4874281914ba0b7a1a72bef,1.85,,86000000
2026-05-28 12:30:32.104,2026/05/28/[$LATEST]2faaf80cfd9d45a1b10ad92bea2bdc23,9.19,,86000000
2026-05-28 12:30:32.108,2026/05/28/[$LATEST]188cc19e71ed4e0bb96c479aefb33946,12.93,,86000000
2026-05-28 12:30:32.113,2026/05/28/[$LATEST]5724bbfcea774384b83b606c0c42d806,6,,86000000
2026-05-28 12:30:32.114,2026/05/28/[$LATEST]7de6c63704704001920746bd5ec85dd3,2.92,,85000000
2026-05-28 12:30:32.129,2026/05/28/[$LATEST]af1260d7b29a4081bdccf63925032932,26.46,1160.53,86000000
2026-05-28 12:30:32.148,2026/05/28/[$LATEST]af1260d7b29a4081bdccf63925032932,1.97,,86000000
2026-05-28 12:30:32.153,2026/05/28/[$LATEST]7de6c63704704001920746bd5ec85dd3,1.92,,85000000
2026-05-28 12:30:32.154,2026/05/28/[$LATEST]09b41d5fd2894f389e30ae58462b1250,1.56,,85000000
2026-05-28 12:30:32.155,2026/05/28/[$LATEST]188cc19e71ed4e0bb96c479aefb33946,1.99,,86000000
2026-05-28 12:30:32.155,2026/05/28/[$LATEST]2faaf80cfd9d45a1b10ad92bea2bdc23,1.6,,86000000
2026-05-28 12:30:32.156,2026/05/28/[$LATEST]15737d93c14242db96065ddfaa294dc4,1.98,,85000000
2026-05-28 12:30:32.168,2026/05/28/[$LATEST]af1260d7b29a4081bdccf63925032932,1.97,,86000000
2026-05-28 12:30:32.169,2026/05/28/[$LATEST]5724bbfcea774384b83b606c0c42d806,12.26,,86000000
2026-05-28 12:30:32.174,2026/05/28/[$LATEST]15737d93c14242db96065ddfaa294dc4,1.91,,85000000
2026-05-28 12:30:32.174,2026/05/28/[$LATEST]09b41d5fd2894f389e30ae58462b1250,1.53,,85000000
2026-05-28 12:30:32.177,2026/05/28/[$LATEST]7de6c63704704001920746bd5ec85dd3,1.52,,85000000
2026-05-28 12:30:32.178,2026/05/28/[$LATEST]4f6d928700b0454089f4d3ba5806fd95,1.92,,85000000
2026-05-28 12:30:32.182,2026/05/28/[$LATEST]cfb0e958f4874281914ba0b7a1a72bef,24.72,,86000000
2026-05-28 12:30:32.190,2026/05/28/[$LATEST]5724bbfcea774384b83b606c0c42d806,3.82,,86000000
2026-05-28 12:30:32.204,2026/05/28/[$LATEST]7de6c63704704001920746bd5ec85dd3,1.64,,85000000
2026-05-28 12:30:32.211,2026/05/28/[$LATEST]09b41d5fd2894f389e30ae58462b1250,1.57,,85000000
2026-05-28 12:30:32.214,2026/05/28/[$LATEST]4f6d928700b0454089f4d3ba5806fd95,8.78,,85000000
2026-05-28 12:30:32.216,2026/05/28/[$LATEST]15737d93c14242db96065ddfaa294dc4,2.44,,85000000
2026-05-28 12:30:32.220,2026/05/28/[$LATEST]7de6c63704704001920746bd5ec85dd3,1.57,,85000000
2026-05-28 12:30:32.231,2026/05/28/[$LATEST]cfb0e958f4874281914ba0b7a1a72bef,1.75,,86000000
2026-05-28 12:30:32.234,2026/05/28/[$LATEST]7de6c63704704001920746bd5ec85dd3,7.32,,85000000
2026-05-28 12:30:32.234,2026/05/28/[$LATEST]15737d93c14242db96065ddfaa294dc4,1.93,,85000000
2026-05-28 12:30:32.242,2026/05/28/[$LATEST]cfb0e958f4874281914ba0b7a1a72bef,1.67,,86000000
2026-05-28 12:30:32.253,2026/05/28/[$LATEST]15737d93c14242db96065ddfaa294dc4,9.13,,85000000
2026-05-28 12:30:32.253,2026/05/28/[$LATEST]5724bbfcea774384b83b606c0c42d806,2.33,,86000000
2026-05-28 12:30:32.253,2026/05/28/[$LATEST]4f6d928700b0454089f4d3ba5806fd95,1.75,,85000000
2026-05-28 12:30:32.254,2026/05/28/[$LATEST]7de6c63704704001920746bd5ec85dd3,13.71,,85000000
2026-05-28 12:30:32.261,2026/05/28/[$LATEST]cfb0e958f4874281914ba0b7a1a72bef,4.38,,86000000
2026-05-28 12:30:32.282,2026/05/28/[$LATEST]cfb0e958f4874281914ba0b7a1a72bef,12.15,,86000000
2026-05-28 12:30:32.302,2026/05/28/[$LATEST]cfb0e958f4874281914ba0b7a1a72bef,2.42,,86000000
2026-05-28 12:30:32.314,2026/05/28/[$LATEST]7de6c63704704001920746bd5ec85dd3,1.55,,85000000
2026-05-28 12:30:32.321,2026/05/28/[$LATEST]cfb0e958f4874281914ba0b7a1a72bef,2.97,,86000000
2026-05-28 12:30:32.342,2026/05/28/[$LATEST]cfb0e958f4874281914ba0b7a1a72bef,1.84,,86000000
2026-05-28 12:30:32.361,2026/05/28/[$LATEST]cfb0e958f4874281914ba0b7a1a72bef,2.94,,86000000
2026-05-28 12:30:32.372,2026/05/28/[$LATEST]cfb0e958f4874281914ba0b7a1a72bef,1.7,,86000000
2026-05-28 12:30:32.374,2026/05/28/[$LATEST]7de6c63704704001920746bd5ec85dd3,1.68,,85000000
2026-05-28 12:30:32.389,2026/05/28/[$LATEST]7de6c63704704001920746bd5ec85dd3,1.63,,85000000
2026-05-28 12:30:32.391,2026/05/28/[$LATEST]5724bbfcea774384b83b606c0c42d806,21.28,,86000000
2026-05-28 12:30:32.395,2026/05/28/[$LATEST]cfb0e958f4874281914ba0b7a1a72bef,1.91,,86000000
2026-05-28 12:30:32.403,2026/05/28/[$LATEST]af1260d7b29a4081bdccf63925032932,1.8,,86000000
2026-05-28 12:30:32.428,2026/05/28/[$LATEST]7de6c63704704001920746bd5ec85dd3,1.78,,85000000
2026-05-28 12:30:32.429,2026/05/28/[$LATEST]cfb0e958f4874281914ba0b7a1a72bef,1.78,,86000000
2026-05-28 12:30:32.432,2026/05/28/[$LATEST]af1260d7b29a4081bdccf63925032932,5.21,,86000000
2026-05-28 12:30:32.449,2026/05/28/[$LATEST]af1260d7b29a4081bdccf63925032932,1.83,,86000000
2026-05-28 12:30:32.457,2026/05/28/[$LATEST]7de6c63704704001920746bd5ec85dd3,1.56,,85000000
2026-05-28 12:30:32.471,2026/05/28/[$LATEST]af1260d7b29a4081bdccf63925032932,1.97,,86000000
2026-05-28 12:30:32.490,2026/05/28/[$LATEST]af1260d7b29a4081bdccf63925032932,3.32,,86000000
2026-05-28 12:30:32.508,2026/05/28/[$LATEST]7de6c63704704001920746bd5ec85dd3,1.56,,85000000
2026-05-28 12:30:32.510,2026/05/28/[$LATEST]af1260d7b29a4081bdccf63925032932,4.82,,86000000
2026-05-28 12:30:32.511,2026/05/28/[$LATEST]4f6d928700b0454089f4d3ba5806fd95,2.37,,85000000
2026-05-28 12:30:32.511,2026/05/28/[$LATEST]5724bbfcea774384b83b606c0c42d806,1.83,,86000000
2026-05-28 12:30:32.518,2026/05/28/[$LATEST]4f6d928700b0454089f4d3ba5806fd95,1.78,,85000000
2026-05-28 12:30:32.520,2026/05/28/[$LATEST]cfb0e958f4874281914ba0b7a1a72bef,5.01,,86000000
2026-05-28 12:30:32.530,2026/05/28/[$LATEST]7de6c63704704001920746bd5ec85dd3,1.8,,85000000
2026-05-28 12:30:32.537,2026/05/28/[$LATEST]4f6d928700b0454089f4d3ba5806fd95,11.12,,85000000
2026-05-28 12:30:32.543,2026/05/28/[$LATEST]7de6c63704704001920746bd5ec85dd3,1.53,,85000000
2026-05-28 12:30:32.555,2026/05/28/[$LATEST]7de6c63704704001920746bd5ec85dd3,1.56,,85000000
2026-05-28 12:30:32.558,2026/05/28/[$LATEST]cfb0e958f4874281914ba0b7a1a72bef,1.68,,86000000
2026-05-28 12:30:32.566,2026/05/28/[$LATEST]4f6d928700b0454089f4d3ba5806fd95,1.88,,85000000
2026-05-28 12:30:32.570,2026/05/28/[$LATEST]5724bbfcea774384b83b606c0c42d806,1.85,,86000000
2026-05-28 12:30:32.571,2026/05/28/[$LATEST]15737d93c14242db96065ddfaa294dc4,2,,85000000
2026-05-28 12:30:32.573,2026/05/28/[$LATEST]cfb0e958f4874281914ba0b7a1a72bef,2.1,,86000000
2026-05-28 12:30:32.573,2026/05/28/[$LATEST]7de6c63704704001920746bd5ec85dd3,1.63,,85000000
2026-05-28 12:30:32.575,2026/05/28/[$LATEST]af1260d7b29a4081bdccf63925032932,2.02,,86000000
2026-05-28 12:30:32.580,2026/05/28/[$LATEST]7de6c63704704001920746bd5ec85dd3,1.52,,85000000
2026-05-28 12:30:32.582,2026/05/28/[$LATEST]15737d93c14242db96065ddfaa294dc4,1.71,,85000000
2026-05-28 12:30:32.608,2026/05/28/[$LATEST]af1260d7b29a4081bdccf63925032932,1.92,,86000000
2026-05-28 12:30:32.609,2026/05/28/[$LATEST]cfb0e958f4874281914ba0b7a1a72bef,2.02,,86000000
2026-05-28 12:30:32.617,2026/05/28/[$LATEST]15737d93c14242db96065ddfaa294dc4,1.55,,85000000
2026-05-28 12:30:32.621,2026/05/28/[$LATEST]cfb0e958f4874281914ba0b7a1a72bef,5.17,,86000000
2026-05-28 12:30:32.633,2026/05/28/[$LATEST]15737d93c14242db96065ddfaa294dc4,6.26,,85000000
2026-05-28 12:30:32.640,2026/05/28/[$LATEST]cfb0e958f4874281914ba0b7a1a72bef,1.74,,86000000
2026-05-28 12:30:32.645,2026/05/28/[$LATEST]af1260d7b29a4081bdccf63925032932,1.94,,86000000
2026-05-28 12:30:32.651,2026/05/28/[$LATEST]cfb0e958f4874281914ba0b7a1a72bef,2.16,,86000000
2026-05-28 12:30:32.656,2026/05/28/[$LATEST]15737d93c14242db96065ddfaa294dc4,1.79,,85000000
2026-05-28 12:30:32.673,2026/05/28/[$LATEST]7de6c63704704001920746bd5ec85dd3,1.64,,85000000
2026-05-28 12:30:32.673,2026/05/28/[$LATEST]15737d93c14242db96065ddfaa294dc4,7.51,,85000000
2026-05-28 12:30:32.688,2026/05/28/[$LATEST]cfb0e958f4874281914ba0b7a1a72bef,1.84,,86000000
2026-05-28 12:30:32.696,2026/05/28/[$LATEST]15737d93c14242db96065ddfaa294dc4,1.8,,85000000
2026-05-28 12:30:32.697,2026/05/28/[$LATEST]7de6c63704704001920746bd5ec85dd3,1.58,,85000000
2026-05-28 12:30:32.701,2026/05/28/[$LATEST]cfb0e958f4874281914ba0b7a1a72bef,4.22,,86000000
2026-05-28 12:30:32.710,2026/05/28/[$LATEST]cfb0e958f4874281914ba0b7a1a72bef,1.82,,86000000
2026-05-28 12:30:32.713,2026/05/28/[$LATEST]15737d93c14242db96065ddfaa294dc4,11.14,,85000000
2026-05-28 12:30:32.719,2026/05/28/[$LATEST]af1260d7b29a4081bdccf63925032932,4.64,,86000000
2026-05-28 12:30:32.725,2026/05/28/[$LATEST]cfb0e958f4874281914ba0b7a1a72bef,1.99,,86000000
2026-05-28 12:30:32.745,2026/05/28/[$LATEST]15737d93c14242db96065ddfaa294dc4,1.83,,85000000
2026-05-28 12:30:32.747,2026/05/28/[$LATEST]7de6c63704704001920746bd5ec85dd3,1.7,,85000000
2026-05-28 12:30:32.750,2026/05/28/[$LATEST]cfb0e958f4874281914ba0b7a1a72bef,14.31,,86000000
2026-05-28 12:30:32.754,2026/05/28/[$LATEST]af1260d7b29a4081bdccf63925032932,2.26,,86000000
2026-05-28 12:30:32.763,2026/05/28/[$LATEST]cfb0e958f4874281914ba0b7a1a72bef,1.94,,86000000
2026-05-28 12:30:32.769,2026/05/28/[$LATEST]af1260d7b29a4081bdccf63925032932,6.47,,86000000
2026-05-28 12:30:32.769,2026/05/28/[$LATEST]5724bbfcea774384b83b606c0c42d806,2.08,,86000000
2026-05-28 12:30:32.778,2026/05/28/[$LATEST]7de6c63704704001920746bd5ec85dd3,1.75,,85000000
2026-05-28 12:30:32.787,2026/05/28/[$LATEST]af1260d7b29a4081bdccf63925032932,3.05,,86000000
2026-05-28 12:30:32.792,2026/05/28/[$LATEST]cfb0e958f4874281914ba0b7a1a72bef,1.72,,86000000
2026-05-28 12:30:32.795,2026/05/28/[$LATEST]7de6c63704704001920746bd5ec85dd3,4.68,,85000000
2026-05-28 12:30:32.797,2026/05/28/[$LATEST]15737d93c14242db96065ddfaa294dc4,1.61,,85000000
2026-05-28 12:30:32.798,2026/05/28/[$LATEST]4f6d928700b0454089f4d3ba5806fd95,1.87,,85000000
2026-05-28 12:30:32.798,2026/05/28/[$LATEST]af1260d7b29a4081bdccf63925032932,1.77,,86000000
2026-05-28 12:30:32.808,2026/05/28/[$LATEST]5724bbfcea774384b83b606c0c42d806,30.14,,86000000
2026-05-28 12:30:32.812,2026/05/28/[$LATEST]15737d93c14242db96065ddfaa294dc4,4.03,,85000000
2026-05-28 12:30:32.814,2026/05/28/[$LATEST]af1260d7b29a4081bdccf63925032932,1.76,,86000000
2026-05-28 12:30:32.817,2026/05/28/[$LATEST]4f6d928700b0454089f4d3ba5806fd95,10.76,,85000000
2026-05-28 12:30:32.850,2026/05/28/[$LATEST]af1260d7b29a4081bdccf63925032932,4.04,,86000000
2026-05-28 12:30:32.860,2026/05/28/[$LATEST]4f6d928700b0454089f4d3ba5806fd95,1.99,,85000000
2026-05-28 12:30:32.873,2026/05/28/[$LATEST]15737d93c14242db96065ddfaa294dc4,1.96,,85000000
2026-05-28 12:30:32.874,2026/05/28/[$LATEST]7de6c63704704001920746bd5ec85dd3,1.64,,85000000
2026-05-28 12:30:32.894,2026/05/28/[$LATEST]af1260d7b29a4081bdccf63925032932,1.98,,86000000
2026-05-28 12:30:32.895,2026/05/28/[$LATEST]7de6c63704704001920746bd5ec85dd3,1.71,,85000000
2026-05-28 12:30:32.896,2026/05/28/[$LATEST]4f6d928700b0454089f4d3ba5806fd95,18.03,,85000000
2026-05-28 12:30:32.902,2026/05/28/[$LATEST]15737d93c14242db96065ddfaa294dc4,1.81,,85000000
2026-05-28 12:30:32.916,2026/05/28/[$LATEST]4f6d928700b0454089f4d3ba5806fd95,9.22,,85000000
2026-05-28 12:30:32.926,2026/05/28/[$LATEST]af1260d7b29a4081bdccf63925032932,2.42,,86000000
2026-05-28 12:30:32.936,2026/05/28/[$LATEST]af1260d7b29a4081bdccf63925032932,1.9,,86000000
2026-05-28 12:30:32.943,2026/05/28/[$LATEST]5724bbfcea774384b83b606c0c42d806,2.16,,86000000
2026-05-28 12:30:32.943,2026/05/28/[$LATEST]4f6d928700b0454089f4d3ba5806fd95,2.19,,85000000
2026-05-28 12:30:32.970,2026/05/28/[$LATEST]5724bbfcea774384b83b606c0c42d806,2.11,,86000000
2026-05-28 12:30:32.979,2026/05/28/[$LATEST]af1260d7b29a4081bdccf63925032932,2.16,,86000000
2026-05-28 12:30:32.981,2026/05/28/[$LATEST]7de6c63704704001920746bd5ec85dd3,2.37,,85000000
2026-05-28 12:30:32.983,2026/05/28/[$LATEST]15737d93c14242db96065ddfaa294dc4,1.65,,85000000
2026-05-28 12:30:32.983,2026/05/28/[$LATEST]09b41d5fd2894f389e30ae58462b1250,1.77,,85000000
2026-05-28 12:30:32.986,2026/05/28/[$LATEST]4f6d928700b0454089f4d3ba5806fd95,2.05,,85000000
2026-05-28 12:30:32.999,2026/05/28/[$LATEST]af1260d7b29a4081bdccf63925032932,2.04,,86000000
2026-05-28 12:30:33.008,2026/05/28/[$LATEST]5724bbfcea774384b83b606c0c42d806,9.16,,86000000
2026-05-28 12:30:33.012,2026/05/28/[$LATEST]4f6d928700b0454089f4d3ba5806fd95,1.83,,85000000
2026-05-28 12:30:33.024,2026/05/28/[$LATEST]af1260d7b29a4081bdccf63925032932,1.88,,86000000
2026-05-28 12:30:33.028,2026/05/28/[$LATEST]cfb0e958f4874281914ba0b7a1a72bef,1.83,,86000000
2026-05-28 12:30:33.030,2026/05/28/[$LATEST]5724bbfcea774384b83b606c0c42d806,2.56,,86000000
2026-05-28 12:30:33.043,2026/05/28/[$LATEST]4f6d928700b0454089f4d3ba5806fd95,2,,85000000
2026-05-28 12:30:33.046,2026/05/28/[$LATEST]15737d93c14242db96065ddfaa294dc4,2.08,,85000000
2026-05-28 12:30:33.050,2026/05/28/[$LATEST]5724bbfcea774384b83b606c0c42d806,8.85,,86000000
2026-05-28 12:30:33.050,2026/05/28/[$LATEST]09b41d5fd2894f389e30ae58462b1250,1.61,,85000000
2026-05-28 12:30:33.062,2026/05/28/[$LATEST]09b41d5fd2894f389e30ae58462b1250,1.5,,85000000
2026-05-28 12:30:33.067,2026/05/28/[$LATEST]cfb0e958f4874281914ba0b7a1a72bef,2.56,,86000000
2026-05-28 12:30:33.069,2026/05/28/[$LATEST]5724bbfcea774384b83b606c0c42d806,4.67,,86000000
2026-05-28 12:30:33.071,2026/05/28/[$LATEST]af1260d7b29a4081bdccf63925032932,1.96,,86000000
2026-05-28 12:30:33.087,2026/05/28/[$LATEST]af1260d7b29a4081bdccf63925032932,2.83,,86000000
2026-05-28 12:30:33.094,2026/05/28/[$LATEST]09b41d5fd2894f389e30ae58462b1250,1.56,,85000000
2026-05-28 12:30:33.096,2026/05/28/[$LATEST]5724bbfcea774384b83b606c0c42d806,2.14,,86000000
2026-05-28 12:30:33.099,2026/05/28/[$LATEST]15737d93c14242db96065ddfaa294dc4,1.66,,85000000
2026-05-28 12:30:33.103,2026/05/28/[$LATEST]cfb0e958f4874281914ba0b7a1a72bef,1.78,,86000000
2026-05-28 12:30:33.104,2026/05/28/[$LATEST]4f6d928700b0454089f4d3ba5806fd95,4.36,,85000000
2026-05-28 12:30:33.105,2026/05/28/[$LATEST]188cc19e71ed4e0bb96c479aefb33946,2.22,,86000000
2026-05-28 12:30:33.106,2026/05/28/[$LATEST]af1260d7b29a4081bdccf63925032932,1.75,,86000000
2026-05-28 12:30:33.107,2026/05/28/[$LATEST]7de6c63704704001920746bd5ec85dd3,1.77,,85000000
2026-05-28 12:30:33.113,2026/05/28/[$LATEST]09b41d5fd2894f389e30ae58462b1250,13.33,,85000000
2026-05-28 12:30:33.119,2026/05/28/[$LATEST]af1260d7b29a4081bdccf63925032932,1.75,,86000000
2026-05-28 12:30:33.126,2026/05/28/[$LATEST]188cc19e71ed4e0bb96c479aefb33946,1.85,,86000000
2026-05-28 12:30:33.128,2026/05/28/[$LATEST]af1260d7b29a4081bdccf63925032932,1.7,,86000000
2026-05-28 12:30:33.130,2026/05/28/[$LATEST]5724bbfcea774384b83b606c0c42d806,20.19,,86000000
2026-05-28 12:30:33.134,2026/05/28/[$LATEST]09b41d5fd2894f389e30ae58462b1250,5.38,,85000000
2026-05-28 12:30:33.134,2026/05/28/[$LATEST]188cc19e71ed4e0bb96c479aefb33946,1.97,,86000000
2026-05-28 12:30:33.135,2026/05/28/[$LATEST]cfb0e958f4874281914ba0b7a1a72bef,1.68,,86000000
2026-05-28 12:30:33.138,2026/05/28/[$LATEST]7de6c63704704001920746bd5ec85dd3,2.45,,85000000
2026-05-28 12:30:33.143,2026/05/28/[$LATEST]cfb0e958f4874281914ba0b7a1a72bef,1.73,,86000000
2026-05-28 12:30:33.153,2026/05/28/[$LATEST]09b41d5fd2894f389e30ae58462b1250,12.09,,85000000
2026-05-28 12:30:33.159,2026/05/28/[$LATEST]7de6c63704704001920746bd5ec85dd3,1.85,,85000000
2026-05-28 12:30:33.161,2026/05/28/[$LATEST]188cc19e71ed4e0bb96c479aefb33946,1.76,,86000000
2026-05-28 12:30:33.165,2026/05/28/[$LATEST]cfb0e958f4874281914ba0b7a1a72bef,7.86,,86000000
2026-05-28 12:30:33.173,2026/05/28/[$LATEST]09b41d5fd2894f389e30ae58462b1250,5.78,,85000000
2026-05-28 12:30:33.174,2026/05/28/[$LATEST]7de6c63704704001920746bd5ec85dd3,7.69,,85000000
2026-05-28 12:30:33.190,2026/05/28/[$LATEST]188cc19e71ed4e0bb96c479aefb33946,1.72,,86000000
2026-05-28 12:30:33.190,2026/05/28/[$LATEST]cfb0e958f4874281914ba0b7a1a72bef,1.79,,86000000
2026-05-28 12:30:33.191,2026/05/28/[$LATEST]5724bbfcea774384b83b606c0c42d806,2,,86000000
2026-05-28 12:30:33.203,2026/05/28/[$LATEST]7de6c63704704001920746bd5ec85dd3,1.54,,85000000
2026-05-28 12:30:33.221,2026/05/28/[$LATEST]5724bbfcea774384b83b606c0c42d806,2.06,,86000000
2026-05-28 12:30:33.234,2026/05/28/[$LATEST]cfb0e958f4874281914ba0b7a1a72bef,1.8,,86000000
2026-05-28 12:30:33.245,2026/05/28/[$LATEST]cfb0e958f4874281914ba0b7a1a72bef,1.74,,86000000
2026-05-28 12:30:33.248,2026/05/28/[$LATEST]188cc19e71ed4e0bb96c479aefb33946,1.98,,86000000
2026-05-28 12:30:33.254,2026/05/28/[$LATEST]7de6c63704704001920746bd5ec85dd3,1.62,,85000000
2026-05-28 12:30:33.257,2026/05/28/[$LATEST]188cc19e71ed4e0bb96c479aefb33946,1.81,,86000000
2026-05-28 12:30:33.261,2026/05/28/[$LATEST]cfb0e958f4874281914ba0b7a1a72bef,6.36,,86000000
2026-05-28 12:30:33.268,2026/05/28/[$LATEST]7de6c63704704001920746bd5ec85dd3,1.52,,85000000
2026-05-28 12:30:33.274,2026/05/28/[$LATEST]09b41d5fd2894f389e30ae58462b1250,1.69,,85000000
2026-05-28 12:30:33.275,2026/05/28/[$LATEST]188cc19e71ed4e0bb96c479aefb33946,1.81,,86000000
2026-05-28 12:30:33.280,2026/05/28/[$LATEST]cfb0e958f4874281914ba0b7a1a72bef,1.75,,86000000
2026-05-28 12:30:33.281,2026/05/28/[$LATEST]af1260d7b29a4081bdccf63925032932,1.69,,86000000
2026-05-28 12:30:33.289,2026/05/28/[$LATEST]5724bbfcea774384b83b606c0c42d806,56.6,,86000000
2026-05-28 12:30:33.293,2026/05/28/[$LATEST]09b41d5fd2894f389e30ae58462b1250,5.37,,85000000
2026-05-28 12:30:33.296,2026/05/28/[$LATEST]af1260d7b29a4081bdccf63925032932,2.31,,86000000
2026-05-28 12:30:33.300,2026/05/28/[$LATEST]09b41d5fd2894f389e30ae58462b1250,1.42,,85000000
2026-05-28 12:30:33.307,2026/05/28/[$LATEST]af1260d7b29a4081bdccf63925032932,4.33,,86000000
2026-05-28 12:30:33.317,2026/05/28/[$LATEST]09b41d5fd2894f389e30ae58462b1250,1.61,,85000000
2026-05-28 12:30:33.317,2026/05/28/[$LATEST]5724bbfcea774384b83b606c0c42d806,2.47,,86000000
2026-05-28 12:30:33.317,2026/05/28/[$LATEST]cfb0e958f4874281914ba0b7a1a72bef,1.78,,86000000
2026-05-28 12:30:33.318,2026/05/28/[$LATEST]188cc19e71ed4e0bb96c479aefb33946,1.7,,86000000
2026-05-28 12:30:33.318,2026/05/28/[$LATEST]7de6c63704704001920746bd5ec85dd3,1.58,,85000000
2026-05-28 12:30:33.322,2026/05/28/[$LATEST]4f6d928700b0454089f4d3ba5806fd95,1.99,,85000000
2026-05-28 12:30:33.327,2026/05/28/[$LATEST]af1260d7b29a4081bdccf63925032932,9.21,,86000000
2026-05-28 12:30:33.335,2026/05/28/[$LATEST]7de6c63704704001920746bd5ec85dd3,1.52,,85000000
2026-05-28 12:30:33.338,2026/05/28/[$LATEST]4f6d928700b0454089f4d3ba5806fd95,3.68,,85000000
2026-05-28 12:30:33.346,2026/05/28/[$LATEST]188cc19e71ed4e0bb96c479aefb33946,1.85,,86000000
2026-05-28 12:30:33.347,2026/05/28/[$LATEST]af1260d7b29a4081bdccf63925032932,3.42,,86000000
2026-05-28 12:30:33.354,2026/05/28/[$LATEST]7de6c63704704001920746bd5ec85dd3,2.5,,85000000
2026-05-28 12:30:33.358,2026/05/28/[$LATEST]4f6d928700b0454089f4d3ba5806fd95,9.93,,85000000
2026-05-28 12:30:33.374,2026/05/28/[$LATEST]7de6c63704704001920746bd5ec85dd3,1.65,,85000000
2026-05-28 12:30:33.376,2026/05/28/[$LATEST]09b41d5fd2894f389e30ae58462b1250,1.67,,85000000
2026-05-28 12:30:33.377,2026/05/28/[$LATEST]15737d93c14242db96065ddfaa294dc4,1.84,,85000000
2026-05-28 12:30:33.377,2026/05/28/[$LATEST]4f6d928700b0454089f4d3ba5806fd95,2.44,,85000000
2026-05-28 12:30:33.381,2026/05/28/[$LATEST]645d0a3985b047aa91261d33b7d29c16,2.11,,86000000
2026-05-28 12:30:33.387,2026/05/28/[$LATEST]7de6c63704704001920746bd5ec85dd3,1.45,,85000000
2026-05-28 12:30:33.387,2026/05/28/[$LATEST]af1260d7b29a4081bdccf63925032932,1.81,,86000000
2026-05-28 12:30:33.400,2026/05/28/[$LATEST]4f6d928700b0454089f4d3ba5806fd95,4.83,,85000000
2026-05-28 12:30:33.401,2026/05/28/[$LATEST]645d0a3985b047aa91261d33b7d29c16,4.38,,86000000
2026-05-28 12:30:33.406,2026/05/28/[$LATEST]af1260d7b29a4081bdccf63925032932,1.8,,86000000
2026-05-28 12:30:33.417,2026/05/28/[$LATEST]4f6d928700b0454089f4d3ba5806fd95,1.72,,85000000
2026-05-28 12:30:33.419,2026/05/28/[$LATEST]645d0a3985b047aa91261d33b7d29c16,2.22,,86000000
2026-05-28 12:30:33.429,2026/05/28/[$LATEST]af1260d7b29a4081bdccf63925032932,1.87,,86000000
2026-05-28 12:30:33.434,2026/05/28/[$LATEST]188cc19e71ed4e0bb96c479aefb33946,1.89,,86000000
2026-05-28 12:30:33.434,2026/05/28/[$LATEST]cfb0e958f4874281914ba0b7a1a72bef,1.84,,86000000
2026-05-28 12:30:33.441,2026/05/28/[$LATEST]645d0a3985b047aa91261d33b7d29c16,10.22,,86000000
2026-05-28 12:30:33.442,2026/05/28/[$LATEST]7de6c63704704001920746bd5ec85dd3,1.76,,85000000
2026-05-28 12:30:33.444,2026/05/28/[$LATEST]cfb0e958f4874281914ba0b7a1a72bef,1.53,,86000000
2026-05-28 12:30:33.447,2026/05/28/[$LATEST]af1260d7b29a4081bdccf63925032932,6.63,,86000000
2026-05-28 12:30:33.448,2026/05/28/[$LATEST]15737d93c14242db96065ddfaa294dc4,1.81,,85000000
2026-05-28 12:30:33.448,2026/05/28/[$LATEST]09b41d5fd2894f389e30ae58462b1250,1.73,,85000000
2026-05-28 12:30:33.449,2026/05/28/[$LATEST]188cc19e71ed4e0bb96c479aefb33946,5.38,,86000000
2026-05-28 12:30:33.452,2026/05/28/[$LATEST]5724bbfcea774384b83b606c0c42d806,2.77,,86000000
2026-05-28 12:30:33.462,2026/05/28/[$LATEST]4f6d928700b0454089f4d3ba5806fd95,10.26,,85000000
2026-05-28 12:30:33.468,2026/05/28/[$LATEST]188cc19e71ed4e0bb96c479aefb33946,8.58,,86000000
2026-05-28 12:30:33.469,2026/05/28/[$LATEST]af1260d7b29a4081bdccf63925032932,3.13,,86000000
2026-05-28 12:30:33.470,2026/05/28/[$LATEST]5724bbfcea774384b83b606c0c42d806,10.2,,86000000
2026-05-28 12:30:33.500,2026/05/28/[$LATEST]188cc19e71ed4e0bb96c479aefb33946,2.05,,86000000
2026-05-28 12:30:33.501,2026/05/28/[$LATEST]4f6d928700b0454089f4d3ba5806fd95,1.86,,85000000
2026-05-28 12:30:33.503,2026/05/28/[$LATEST]af1260d7b29a4081bdccf63925032932,1.9,,86000000
2026-05-28 12:30:33.507,2026/05/28/[$LATEST]5724bbfcea774384b83b606c0c42d806,2.32,,86000000
2026-05-28 12:30:33.507,2026/05/28/[$LATEST]cfb0e958f4874281914ba0b7a1a72bef,1.8,,86000000
2026-05-28 12:30:33.523,2026/05/28/[$LATEST]4f6d928700b0454089f4d3ba5806fd95,2.35,,85000000
2026-05-28 12:30:33.528,2026/05/28/[$LATEST]09b41d5fd2894f389e30ae58462b1250,1.55,,85000000
2026-05-28 12:30:33.536,2026/05/28/[$LATEST]4f6d928700b0454089f4d3ba5806fd95,4.62,,85000000
2026-05-28 12:30:33.562,2026/05/28/[$LATEST]5724bbfcea774384b83b606c0c42d806,2.24,,86000000
2026-05-28 12:30:33.588,2026/05/28/[$LATEST]4f6d928700b0454089f4d3ba5806fd95,2.18,,85000000
2026-05-28 12:30:33.600,2026/05/28/[$LATEST]4f6d928700b0454089f4d3ba5806fd95,2.36,,85000000
2026-05-28 12:30:33.612,2026/05/28/[$LATEST]5724bbfcea774384b83b606c0c42d806,2.06,,86000000
2026-05-28 12:30:33.613,2026/05/28/[$LATEST]09b41d5fd2894f389e30ae58462b1250,2.4,,85000000
2026-05-28 12:30:33.629,2026/05/28/[$LATEST]5724bbfcea774384b83b606c0c42d806,5.6,,86000000
2026-05-28 12:30:33.649,2026/05/28/[$LATEST]5724bbfcea774384b83b606c0c42d806,2.46,,86000000
2026-05-28 12:30:33.660,2026/05/28/[$LATEST]cfb0e958f4874281914ba0b7a1a72bef,1.82,,86000000
2026-05-28 12:30:33.662,2026/05/28/[$LATEST]af1260d7b29a4081bdccf63925032932,1.82,,86000000
2026-05-28 12:30:33.669,2026/05/28/[$LATEST]09b41d5fd2894f389e30ae58462b1250,1.59,,85000000
2026-05-28 12:30:33.673,2026/05/28/[$LATEST]5724bbfcea774384b83b606c0c42d806,16.56,,86000000
2026-05-28 12:30:33.680,2026/05/28/[$LATEST]af1260d7b29a4081bdccf63925032932,1.79,,86000000
2026-05-28 12:30:33.680,2026/05/28/[$LATEST]cfb0e958f4874281914ba0b7a1a72bef,1.68,,86000000
2026-05-28 12:30:33.690,2026/05/28/[$LATEST]cfb0e958f4874281914ba0b7a1a72bef,1.69,,86000000
2026-05-28 12:30:33.691,2026/05/28/[$LATEST]09b41d5fd2894f389e30ae58462b1250,1.64,,85000000
2026-05-28 12:30:33.693,2026/05/28/[$LATEST]af1260d7b29a4081bdccf63925032932,1.96,,86000000
2026-05-28 12:30:33.701,2026/05/28/[$LATEST]09b41d5fd2894f389e30ae58462b1250,1.42,,85000000
2026-05-28 12:30:33.704,2026/05/28/[$LATEST]cfb0e958f4874281914ba0b7a1a72bef,1.75,,86000000
2026-05-28 12:30:33.707,2026/05/28/[$LATEST]af1260d7b29a4081bdccf63925032932,5.84,,86000000
2026-05-28 12:30:33.737,2026/05/28/[$LATEST]af1260d7b29a4081bdccf63925032932,1.93,,86000000
2026-05-28 12:30:33.737,2026/05/28/[$LATEST]09b41d5fd2894f389e30ae58462b1250,1.59,,85000000
2026-05-28 12:30:33.741,2026/05/28/[$LATEST]4f6d928700b0454089f4d3ba5806fd95,1.79,,85000000
2026-05-28 12:30:33.743,2026/05/28/[$LATEST]cfb0e958f4874281914ba0b7a1a72bef,2.22,,86000000
2026-05-28 12:30:33.751,2026/05/28/[$LATEST]af1260d7b29a4081bdccf63925032932,1.9,,86000000
2026-05-28 12:30:33.756,2026/05/28/[$LATEST]4f6d928700b0454089f4d3ba5806fd95,7.85,,85000000
2026-05-28 12:30:33.762,2026/05/28/[$LATEST]cfb0e958f4874281914ba0b7a1a72bef,5.9,,86000000
2026-05-28 12:30:33.775,2026/05/28/[$LATEST]09b41d5fd2894f389e30ae58462b1250,1.56,,85000000
2026-05-28 12:30:33.776,2026/05/28/[$LATEST]4f6d928700b0454089f4d3ba5806fd95,11.15,,85000000
2026-05-28 12:30:33.799,2026/05/28/[$LATEST]cfb0e958f4874281914ba0b7a1a72bef,1.67,,86000000
2026-05-28 12:30:33.811,2026/05/28/[$LATEST]09b41d5fd2894f389e30ae58462b1250,1.55,,85000000
2026-05-28 12:30:33.813,2026/05/28/[$LATEST]cfb0e958f4874281914ba0b7a1a72bef,1.72,,86000000
2026-05-28 12:30:33.815,2026/05/28/[$LATEST]4f6d928700b0454089f4d3ba5806fd95,2.3,,85000000
2026-05-28 12:30:33.837,2026/05/28/[$LATEST]4f6d928700b0454089f4d3ba5806fd95,1.96,,85000000
2026-05-28 12:30:33.838,2026/05/28/[$LATEST]09b41d5fd2894f389e30ae58462b1250,1.57,,85000000
2026-05-28 12:30:33.846,2026/05/28/[$LATEST]cfb0e958f4874281914ba0b7a1a72bef,1.76,,86000000
2026-05-28 12:30:33.848,2026/05/28/[$LATEST]af1260d7b29a4081bdccf63925032932,1.76,,86000000
2026-05-28 12:30:33.852,2026/05/28/[$LATEST]15737d93c14242db96065ddfaa294dc4,1.87,,85000000
2026-05-28 12:30:33.855,2026/05/28/[$LATEST]09b41d5fd2894f389e30ae58462b1250,1.52,,85000000
2026-05-28 12:30:33.856,2026/05/28/[$LATEST]4f6d928700b0454089f4d3ba5806fd95,9.54,,85000000
2026-05-28 12:30:33.859,2026/05/28/[$LATEST]15737d93c14242db96065ddfaa294dc4,1.44,,85000000
2026-05-28 12:30:33.869,2026/05/28/[$LATEST]af1260d7b29a4081bdccf63925032932,1.91,,86000000
2026-05-28 12:30:33.872,2026/05/28/[$LATEST]09b41d5fd2894f389e30ae58462b1250,1.36,,85000000
2026-05-28 12:30:33.873,2026/05/28/[$LATEST]cfb0e958f4874281914ba0b7a1a72bef,1.75,,86000000
2026-05-28 12:30:33.874,2026/05/28/[$LATEST]188cc19e71ed4e0bb96c479aefb33946,2.46,,86000000
2026-05-28 12:30:33.880,2026/05/28/[$LATEST]4f6d928700b0454089f4d3ba5806fd95,3.56,,85000000
2026-05-28 12:30:33.889,2026/05/28/[$LATEST]188cc19e71ed4e0bb96c479aefb33946,7.02,,86000000
2026-05-28 12:30:33.889,2026/05/28/[$LATEST]5724bbfcea774384b83b606c0c42d806,18.14,,86000000
2026-05-28 12:30:33.891,2026/05/28/[$LATEST]15737d93c14242db96065ddfaa294dc4,8.97,,85000000
2026-05-28 12:30:33.892,2026/05/28/[$LATEST]cfb0e958f4874281914ba0b7a1a72bef,1.86,,86000000
2026-05-28 12:30:33.896,2026/05/28/[$LATEST]af1260d7b29a4081bdccf63925032932,1.85,,86000000
2026-05-28 12:30:33.906,2026/05/28/[$LATEST]cfb0e958f4874281914ba0b7a1a72bef,1.86,,86000000
2026-05-28 12:30:33.909,2026/05/28/[$LATEST]15737d93c14242db96065ddfaa294dc4,2.09,,85000000
2026-05-28 12:30:33.922,2026/05/28/[$LATEST]af1260d7b29a4081bdccf63925032932,1.97,,86000000
2026-05-28 12:30:33.938,2026/05/28/[$LATEST]4f6d928700b0454089f4d3ba5806fd95,10.76,,85000000
2026-05-28 12:30:33.941,2026/05/28/[$LATEST]af1260d7b29a4081bdccf63925032932,1.84,,86000000
2026-05-28 12:30:33.942,2026/05/28/[$LATEST]09b41d5fd2894f389e30ae58462b1250,1.78,,85000000
2026-05-28 12:30:33.942,2026/05/28/[$LATEST]15737d93c14242db96065ddfaa294dc4,1.66,,85000000
2026-05-28 12:30:33.944,2026/05/28/[$LATEST]cfb0e958f4874281914ba0b7a1a72bef,1.92,,86000000
2026-05-28 12:30:33.951,2026/05/28/[$LATEST]af1260d7b29a4081bdccf63925032932,1.82,,86000000
2026-05-28 12:30:33.955,2026/05/28/[$LATEST]09b41d5fd2894f389e30ae58462b1250,1.56,,85000000
2026-05-28 12:30:33.964,2026/05/28/[$LATEST]15737d93c14242db96065ddfaa294dc4,1.83,,85000000
2026-05-28 12:30:33.973,2026/05/28/[$LATEST]09b41d5fd2894f389e30ae58462b1250,5.32,,85000000
2026-05-28 12:30:33.973,2026/05/28/[$LATEST]af1260d7b29a4081bdccf63925032932,1.82,,86000000
2026-05-28 12:30:33.987,2026/05/28/[$LATEST]af1260d7b29a4081bdccf63925032932,6.77,,86000000
2026-05-28 12:30:34.010,2026/05/28/[$LATEST]15737d93c14242db96065ddfaa294dc4,1.58,,85000000
2026-05-28 12:30:34.011,2026/05/28/[$LATEST]af1260d7b29a4081bdccf63925032932,6.68,,86000000
2026-05-28 12:30:34.012,2026/05/28/[$LATEST]09b41d5fd2894f389e30ae58462b1250,1.77,,85000000
2026-05-28 12:30:34.020,2026/05/28/[$LATEST]cfb0e958f4874281914ba0b7a1a72bef,2.11,,86000000
2026-05-28 12:30:34.024,2026/05/28/[$LATEST]09b41d5fd2894f389e30ae58462b1250,1.38,,85000000
2026-05-28 12:30:34.028,2026/05/28/[$LATEST]15737d93c14242db96065ddfaa294dc4,1.7,,85000000
2026-05-28 12:30:34.037,2026/05/28/[$LATEST]cfb0e958f4874281914ba0b7a1a72bef,1.8,,86000000
2026-05-28 12:30:34.045,2026/05/28/[$LATEST]cfb0e958f4874281914ba0b7a1a72bef,1.7,,86000000
2026-05-28 12:30:34.054,2026/05/28/[$LATEST]15737d93c14242db96065ddfaa294dc4,1.62,,85000000
2026-05-28 12:30:34.056,2026/05/28/[$LATEST]09b41d5fd2894f389e30ae58462b1250,1.86,,85000000
2026-05-28 12:30:34.063,2026/05/28/[$LATEST]cfb0e958f4874281914ba0b7a1a72bef,1.94,,86000000
2026-05-28 12:30:34.069,2026/05/28/[$LATEST]af1260d7b29a4081bdccf63925032932,2.23,,86000000
2026-05-28 12:30:34.073,2026/05/28/[$LATEST]15737d93c14242db96065ddfaa294dc4,6.36,,85000000
2026-05-28 12:30:34.074,2026/05/28/[$LATEST]09b41d5fd2894f389e30ae58462b1250,11.46,,85000000
2026-05-28 12:30:34.077,2026/05/28/[$LATEST]4f6d928700b0454089f4d3ba5806fd95,1.53,,85000000
2026-05-28 12:30:34.081,2026/05/28/[$LATEST]cfb0e958f4874281914ba0b7a1a72bef,11.57,,86000000
2026-05-28 12:30:34.087,2026/05/28/[$LATEST]188cc19e71ed4e0bb96c479aefb33946,2.15,,86000000
2026-05-28 12:30:34.101,2026/05/28/[$LATEST]cfb0e958f4874281914ba0b7a1a72bef,11.3,,86000000
2026-05-28 12:30:34.106,2026/05/28/[$LATEST]af1260d7b29a4081bdccf63925032932,10.31,,86000000
2026-05-28 12:30:34.120,2026/05/28/[$LATEST]4f6d928700b0454089f4d3ba5806fd95,3.64,,85000000
2026-05-28 12:30:34.121,2026/05/28/[$LATEST]cfb0e958f4874281914ba0b7a1a72bef,1.67,,86000000
2026-05-28 12:30:34.123,2026/05/28/[$LATEST]188cc19e71ed4e0bb96c479aefb33946,1.9,,86000000
2026-05-28 12:30:34.125,2026/05/28/[$LATEST]5724bbfcea774384b83b606c0c42d806,2.17,,86000000
2026-05-28 12:30:34.127,2026/05/28/[$LATEST]af1260d7b29a4081bdccf63925032932,2.01,,86000000
2026-05-28 12:30:34.132,2026/05/28/[$LATEST]188cc19e71ed4e0bb96c479aefb33946,1.81,,86000000
2026-05-28 12:30:34.138,2026/05/28/[$LATEST]4f6d928700b0454089f4d3ba5806fd95,1.95,,85000000
2026-05-28 12:30:34.142,2026/05/28/[$LATEST]09b41d5fd2894f389e30ae58462b1250,1.85,,85000000
2026-05-28 12:30:34.142,2026/05/28/[$LATEST]af1260d7b29a4081bdccf63925032932,1.95,,86000000
2026-05-28 12:30:34.153,2026/05/28/[$LATEST]09b41d5fd2894f389e30ae58462b1250,5.54,,85000000
2026-05-28 12:30:34.153,2026/05/28/[$LATEST]15737d93c14242db96065ddfaa294dc4,1.66,,85000000
2026-05-28 12:30:34.156,2026/05/28/[$LATEST]4f6d928700b0454089f4d3ba5806fd95,11.73,,85000000
2026-05-28 12:30:34.157,2026/05/28/[$LATEST]af1260d7b29a4081bdccf63925032932,2.42,,86000000
2026-05-28 12:30:34.165,2026/05/28/[$LATEST]188cc19e71ed4e0bb96c479aefb33946,1.83,,86000000
2026-05-28 12:30:34.168,2026/05/28/[$LATEST]af1260d7b29a4081bdccf63925032932,2.28,,86000000
2026-05-28 12:30:34.173,2026/05/28/[$LATEST]15737d93c14242db96065ddfaa294dc4,12.44,,85000000
2026-05-28 12:30:34.175,2026/05/28/[$LATEST]5724bbfcea774384b83b606c0c42d806,1.87,,86000000
2026-05-28 12:30:34.175,2026/05/28/[$LATEST]188cc19e71ed4e0bb96c479aefb33946,1.78,,86000000
2026-05-28 12:30:34.177,2026/05/28/[$LATEST]4f6d928700b0454089f4d3ba5806fd95,1.9,,85000000
2026-05-28 12:30:34.179,2026/05/28/[$LATEST]09b41d5fd2894f389e30ae58462b1250,1.74,,85000000
2026-05-28 12:30:34.193,2026/05/28/[$LATEST]09b41d5fd2894f389e30ae58462b1250,7.5,,85000000
2026-05-28 12:30:34.195,2026/05/28/[$LATEST]188cc19e71ed4e0bb96c479aefb33946,1.86,,86000000
2026-05-28 12:30:34.196,2026/05/28/[$LATEST]4f6d928700b0454089f4d3ba5806fd95,9.25,,85000000
2026-05-28 12:30:34.213,2026/05/28/[$LATEST]09b41d5fd2894f389e30ae58462b1250,3.23,,85000000
2026-05-28 12:30:34.214,2026/05/28/[$LATEST]15737d93c14242db96065ddfaa294dc4,2.52,,85000000
2026-05-28 12:30:34.215,2026/05/28/[$LATEST]4f6d928700b0454089f4d3ba5806fd95,11.56,,85000000
2026-05-28 12:30:34.219,2026/05/28/[$LATEST]09b41d5fd2894f389e30ae58462b1250,1.3,,85000000
2026-05-28 12:30:34.244,2026/05/28/[$LATEST]188cc19e71ed4e0bb96c479aefb33946,2.01,,86000000
2026-05-28 12:30:34.250,2026/05/28/[$LATEST]09b41d5fd2894f389e30ae58462b1250,1.65,,85000000
2026-05-28 12:30:34.254,2026/05/28/[$LATEST]5724bbfcea774384b83b606c0c42d806,1.86,,86000000
2026-05-28 12:30:34.260,2026/05/28/[$LATEST]09b41d5fd2894f389e30ae58462b1250,1.44,,85000000
2026-05-28 12:30:34.268,2026/05/28/[$LATEST]188cc19e71ed4e0bb96c479aefb33946,15.4,,86000000
2026-05-28 12:30:34.274,2026/05/28/[$LATEST]5724bbfcea774384b83b606c0c42d806,1.76,,86000000
2026-05-28 12:30:34.288,2026/05/28/[$LATEST]188cc19e71ed4e0bb96c479aefb33946,3.1,,86000000
2026-05-28 12:30:34.294,2026/05/28/[$LATEST]af1260d7b29a4081bdccf63925032932,1.9,,86000000
2026-05-28 12:30:34.297,2026/05/28/[$LATEST]09b41d5fd2894f389e30ae58462b1250,1.81,,85000000
2026-05-28 12:30:34.310,2026/05/28/[$LATEST]5724bbfcea774384b83b606c0c42d806,25.84,,86000000
2026-05-28 12:30:34.325,2026/05/28/[$LATEST]09b41d5fd2894f389e30ae58462b1250,1.66,,85000000
2026-05-28 12:30:34.327,2026/05/28/[$LATEST]af1260d7b29a4081bdccf63925032932,22.67,,86000000
2026-05-28 12:30:34.330,2026/05/28/[$LATEST]5724bbfcea774384b83b606c0c42d806,1.83,,86000000
2026-05-28 12:30:34.340,2026/05/28/[$LATEST]09b41d5fd2894f389e30ae58462b1250,1.55,,85000000
2026-05-28 12:30:34.343,2026/05/28/[$LATEST]4f6d928700b0454089f4d3ba5806fd95,1.96,,85000000
2026-05-28 12:30:34.389,2026/05/28/[$LATEST]4f6d928700b0454089f4d3ba5806fd95,2.06,,85000000
2026-05-28 12:30:34.390,2026/05/28/[$LATEST]5724bbfcea774384b83b606c0c42d806,2.56,,86000000
2026-05-28 12:30:34.402,2026/05/28/[$LATEST]4f6d928700b0454089f4d3ba5806fd95,1.84,,85000000
2026-05-28 12:30:34.406,2026/05/28/[$LATEST]af1260d7b29a4081bdccf63925032932,6.09,,86000000
2026-05-28 12:30:34.416,2026/05/28/[$LATEST]4f6d928700b0454089f4d3ba5806fd95,2.12,,85000000
2026-05-28 12:30:34.431,2026/05/28/[$LATEST]af1260d7b29a4081bdccf63925032932,1.89,,86000000
2026-05-28 12:30:34.441,2026/05/28/[$LATEST]09b41d5fd2894f389e30ae58462b1250,1.71,,85000000
2026-05-28 12:30:34.449,2026/05/28/[$LATEST]5724bbfcea774384b83b606c0c42d806,2.21,,86000000
2026-05-28 12:30:34.449,2026/05/28/[$LATEST]af1260d7b29a4081bdccf63925032932,1.97,,86000000
2026-05-28 12:30:34.453,2026/05/28/[$LATEST]188cc19e71ed4e0bb96c479aefb33946,1.96,,86000000
2026-05-28 12:30:34.456,2026/05/28/[$LATEST]4f6d928700b0454089f4d3ba5806fd95,18.37,,85000000
2026-05-28 12:30:34.463,2026/05/28/[$LATEST]09b41d5fd2894f389e30ae58462b1250,1.66,,85000000
2026-05-28 12:30:34.467,2026/05/28/[$LATEST]af1260d7b29a4081bdccf63925032932,9.64,,86000000
2026-05-28 12:30:34.483,2026/05/28/[$LATEST]09b41d5fd2894f389e30ae58462b1250,1.67,,85000000
2026-05-28 12:30:34.493,2026/05/28/[$LATEST]188cc19e71ed4e0bb96c479aefb33946,1.77,,86000000
2026-05-28 12:30:34.501,2026/05/28/[$LATEST]5724bbfcea774384b83b606c0c42d806,2.04,,86000000
2026-05-28 12:30:34.507,2026/05/28/[$LATEST]af1260d7b29a4081bdccf63925032932,16.55,,86000000
2026-05-28 12:30:34.508,2026/05/28/[$LATEST]09b41d5fd2894f389e30ae58462b1250,1.66,,85000000
2026-05-28 12:30:34.516,2026/05/28/[$LATEST]09b41d5fd2894f389e30ae58462b1250,1.44,,85000000
2026-05-28 12:30:34.523,2026/05/28/[$LATEST]4f6d928700b0454089f4d3ba5806fd95,6.65,,85000000
2026-05-28 12:30:34.527,2026/05/28/[$LATEST]af1260d7b29a4081bdccf63925032932,12.06,,86000000
2026-05-28 12:30:34.533,2026/05/28/[$LATEST]09b41d5fd2894f389e30ae58462b1250,7.82,,85000000
2026-05-28 12:30:34.541,2026/05/28/[$LATEST]af1260d7b29a4081bdccf63925032932,2.04,,86000000
2026-05-28 12:30:34.553,2026/05/28/[$LATEST]09b41d5fd2894f389e30ae58462b1250,7.32,,85000000
2026-05-28 12:30:34.554,2026/05/28/[$LATEST]4f6d928700b0454089f4d3ba5806fd95,4.61,,85000000
2026-05-28 12:30:34.554,2026/05/28/[$LATEST]15737d93c14242db96065ddfaa294dc4,2.03,,85000000
2026-05-28 12:30:34.580,2026/05/28/[$LATEST]af1260d7b29a4081bdccf63925032932,2.2,,86000000
2026-05-28 12:30:34.594,2026/05/28/[$LATEST]af1260d7b29a4081bdccf63925032932,1.7,,86000000
2026-05-28 12:30:34.595,2026/05/28/[$LATEST]5724bbfcea774384b83b606c0c42d806,2.06,,86000000
2026-05-28 12:30:34.599,2026/05/28/[$LATEST]188cc19e71ed4e0bb96c479aefb33946,1.79,,86000000
2026-05-28 12:30:34.610,2026/05/28/[$LATEST]5724bbfcea774384b83b606c0c42d806,4.91,,86000000
2026-05-28 12:30:34.620,2026/05/28/[$LATEST]15737d93c14242db96065ddfaa294dc4,1.8,,85000000
2026-05-28 12:30:34.624,2026/05/28/[$LATEST]4f6d928700b0454089f4d3ba5806fd95,1.9,,85000000
2026-05-28 12:30:34.630,2026/05/28/[$LATEST]09b41d5fd2894f389e30ae58462b1250,1.69,,85000000
2026-05-28 12:30:34.630,2026/05/28/[$LATEST]5724bbfcea774384b83b606c0c42d806,9.33,,86000000
2026-05-28 12:30:34.633,2026/05/28/[$LATEST]15737d93c14242db96065ddfaa294dc4,8.08,,85000000
2026-05-28 12:30:34.653,2026/05/28/[$LATEST]5724bbfcea774384b83b606c0c42d806,2.04,,86000000
2026-05-28 12:30:34.679,2026/05/28/[$LATEST]15737d93c14242db96065ddfaa294dc4,1.8,,85000000
2026-05-28 12:30:34.684,2026/05/28/[$LATEST]09b41d5fd2894f389e30ae58462b1250,1.55,,85000000
2026-05-28 12:30:34.685,2026/05/28/[$LATEST]5724bbfcea774384b83b606c0c42d806,1.94,,86000000
2026-05-28 12:30:34.697,2026/05/28/[$LATEST]5724bbfcea774384b83b606c0c42d806,1.93,,86000000
2026-05-28 12:30:34.698,2026/05/28/[$LATEST]188cc19e71ed4e0bb96c479aefb33946,1.76,,86000000
2026-05-28 12:30:34.701,2026/05/28/[$LATEST]09b41d5fd2894f389e30ae58462b1250,1.66,,85000000
2026-05-28 12:30:34.708,2026/05/28/[$LATEST]5724bbfcea774384b83b606c0c42d806,4.55,,86000000
2026-05-28 12:30:34.713,2026/05/28/[$LATEST]09b41d5fd2894f389e30ae58462b1250,3.74,,85000000
2026-05-28 12:30:34.728,2026/05/28/[$LATEST]5724bbfcea774384b83b606c0c42d806,1.94,,86000000
2026-05-28 12:30:34.729,2026/05/28/[$LATEST]15737d93c14242db96065ddfaa294dc4,1.71,,85000000
2026-05-28 12:30:34.732,2026/05/28/[$LATEST]09b41d5fd2894f389e30ae58462b1250,1.4,,85000000
2026-05-28 12:30:34.734,2026/05/28/[$LATEST]4f6d928700b0454089f4d3ba5806fd95,2.05,,85000000
2026-05-28 12:30:34.737,2026/05/28/[$LATEST]188cc19e71ed4e0bb96c479aefb33946,1.9,,86000000
2026-05-28 12:30:34.748,2026/05/28/[$LATEST]5724bbfcea774384b83b606c0c42d806,14.23,,86000000
2026-05-28 12:30:34.751,2026/05/28/[$LATEST]4f6d928700b0454089f4d3ba5806fd95,1.81,,85000000
2026-05-28 12:30:34.755,2026/05/28/[$LATEST]188cc19e71ed4e0bb96c479aefb33946,1.77,,86000000
2026-05-28 12:30:34.759,2026/05/28/[$LATEST]09b41d5fd2894f389e30ae58462b1250,1.87,,85000000
2026-05-28 12:30:34.761,2026/05/28/[$LATEST]4f6d928700b0454089f4d3ba5806fd95,1.76,,85000000
2026-05-28 12:30:34.766,2026/05/28/[$LATEST]af1260d7b29a4081bdccf63925032932,2.47,,86000000
2026-05-28 12:30:34.768,2026/05/28/[$LATEST]5724bbfcea774384b83b606c0c42d806,12.37,,86000000
2026-05-28 12:30:34.770,2026/05/28/[$LATEST]188cc19e71ed4e0bb96c479aefb33946,1.98,,86000000
2026-05-28 12:30:34.772,2026/05/28/[$LATEST]15737d93c14242db96065ddfaa294dc4,18.45,,85000000
2026-05-28 12:30:34.781,2026/05/28/[$LATEST]15737d93c14242db96065ddfaa294dc4,1.84,,85000000
2026-05-28 12:30:34.794,2026/05/28/[$LATEST]15737d93c14242db96065ddfaa294dc4,1.44,,85000000
2026-05-28 12:30:34.795,2026/05/28/[$LATEST]188cc19e71ed4e0bb96c479aefb33946,1.9,,86000000
2026-05-28 12:30:34.797,2026/05/28/[$LATEST]5724bbfcea774384b83b606c0c42d806,2.34,,86000000
2026-05-28 12:30:34.808,2026/05/28/[$LATEST]4f6d928700b0454089f4d3ba5806fd95,1.75,,85000000
2026-05-28 12:30:34.813,2026/05/28/[$LATEST]15737d93c14242db96065ddfaa294dc4,7.53,,85000000
2026-05-28 12:30:34.827,2026/05/28/[$LATEST]188cc19e71ed4e0bb96c479aefb33946,1.82,,86000000
2026-05-28 12:30:34.827,2026/05/28/[$LATEST]5724bbfcea774384b83b606c0c42d806,1.75,,86000000
2026-05-28 12:30:34.831,2026/05/28/[$LATEST]af1260d7b29a4081bdccf63925032932,2.19,,86000000
2026-05-28 12:30:34.832,2026/05/28/[$LATEST]15737d93c14242db96065ddfaa294dc4,4.3,,85000000
2026-05-28 12:30:34.835,2026/05/28/[$LATEST]4f6d928700b0454089f4d3ba5806fd95,4.55,,85000000
2026-05-28 12:30:34.837,2026/05/28/[$LATEST]188cc19e71ed4e0bb96c479aefb33946,1.99,,86000000
2026-05-28 12:30:34.838,2026/05/28/[$LATEST]09b41d5fd2894f389e30ae58462b1250,1.61,,85000000
2026-05-28 12:30:34.841,2026/05/28/[$LATEST]7de6c63704704001920746bd5ec85dd3,1.76,,85000000
2026-05-28 12:30:34.843,2026/05/28/[$LATEST]5724bbfcea774384b83b606c0c42d806,1.89,,86000000
2026-05-28 12:30:34.846,2026/05/28/[$LATEST]af1260d7b29a4081bdccf63925032932,4.52,,86000000
2026-05-28 12:30:34.856,2026/05/28/[$LATEST]5724bbfcea774384b83b606c0c42d806,2.39,,86000000
2026-05-28 12:30:34.870,2026/05/28/[$LATEST]7de6c63704704001920746bd5ec85dd3,1.52,,85000000
2026-05-28 12:30:34.875,2026/05/28/[$LATEST]5724bbfcea774384b83b606c0c42d806,1.96,,86000000
2026-05-28 12:30:34.878,2026/05/28/[$LATEST]7de6c63704704001920746bd5ec85dd3,1.56,,85000000
2026-05-28 12:30:34.881,2026/05/28/[$LATEST]af1260d7b29a4081bdccf63925032932,1.87,,86000000
2026-05-28 12:30:34.882,2026/05/28/[$LATEST]09b41d5fd2894f389e30ae58462b1250,1.58,,85000000
2026-05-28 12:30:34.891,2026/05/28/[$LATEST]4f6d928700b0454089f4d3ba5806fd95,3.91,,85000000
2026-05-28 12:30:34.894,2026/05/28/[$LATEST]7de6c63704704001920746bd5ec85dd3,10.77,,85000000
2026-05-28 12:30:34.900,2026/05/28/[$LATEST]5724bbfcea774384b83b606c0c42d806,1.82,,86000000
2026-05-28 12:30:34.904,2026/05/28/[$LATEST]af1260d7b29a4081bdccf63925032932,2.01,,86000000
2026-05-28 12:30:34.904,2026/05/28/[$LATEST]7de6c63704704001920746bd5ec85dd3,1.51,,85000000
2026-05-28 12:30:34.906,2026/05/28/[$LATEST]09b41d5fd2894f389e30ae58462b1250,1.78,,85000000
2026-05-28 12:30:34.909,2026/05/28/[$LATEST]cfb0e958f4874281914ba0b7a1a72bef,2.11,,86000000
2026-05-28 12:30:34.923,2026/05/28/[$LATEST]7de6c63704704001920746bd5ec85dd3,1.56,,85000000
2026-05-28 12:30:34.923,2026/05/28/[$LATEST]09b41d5fd2894f389e30ae58462b1250,1.86,,85000000
2026-05-28 12:30:34.927,2026/05/28/[$LATEST]cfb0e958f4874281914ba0b7a1a72bef,1.88,,86000000
2026-05-28 12:30:34.928,2026/05/28/[$LATEST]188cc19e71ed4e0bb96c479aefb33946,24.07,,86000000
2026-05-28 12:30:34.936,2026/05/28/[$LATEST]7de6c63704704001920746bd5ec85dd3,1.43,,85000000
2026-05-28 12:30:34.950,2026/05/28/[$LATEST]cfb0e958f4874281914ba0b7a1a72bef,1.8,,86000000
2026-05-28 12:30:34.951,2026/05/28/[$LATEST]09b41d5fd2894f389e30ae58462b1250,1.71,,85000000
2026-05-28 12:30:34.954,2026/05/28/[$LATEST]7de6c63704704001920746bd5ec85dd3,9.01,,85000000
2026-05-28 12:30:34.958,2026/05/28/[$LATEST]af1260d7b29a4081bdccf63925032932,2.27,,86000000
2026-05-28 12:30:34.962,2026/05/28/[$LATEST]cfb0e958f4874281914ba0b7a1a72bef,1.74,,86000000
2026-05-28 12:30:34.967,2026/05/28/[$LATEST]188cc19e71ed4e0bb96c479aefb33946,7.31,,86000000
2026-05-28 12:30:34.976,2026/05/28/[$LATEST]7de6c63704704001920746bd5ec85dd3,1.59,,85000000
2026-05-28 12:30:34.978,2026/05/28/[$LATEST]188cc19e71ed4e0bb96c479aefb33946,1.68,,86000000
2026-05-28 12:30:34.980,2026/05/28/[$LATEST]09b41d5fd2894f389e30ae58462b1250,3.84,,85000000
2026-05-28 12:30:34.983,2026/05/28/[$LATEST]cfb0e958f4874281914ba0b7a1a72bef,1.97,,86000000
2026-05-28 12:30:34.985,2026/05/28/[$LATEST]5724bbfcea774384b83b606c0c42d806,1.93,,86000000
2026-05-28 12:30:34.989,2026/05/28/[$LATEST]af1260d7b29a4081bdccf63925032932,1.94,,86000000
2026-05-28 12:30:34.990,2026/05/28/[$LATEST]188cc19e71ed4e0bb96c479aefb33946,2.1,,86000000
2026-05-28 12:30:34.995,2026/05/28/[$LATEST]09b41d5fd2894f389e30ae58462b1250,1.72,,85000000
2026-05-28 12:30:34.996,2026/05/28/[$LATEST]5724bbfcea774384b83b606c0c42d806,1.81,,86000000
2026-05-28 12:30:34.997,2026/05/28/[$LATEST]7de6c63704704001920746bd5ec85dd3,1.69,,85000000
2026-05-28 12:30:35.009,2026/05/28/[$LATEST]188cc19e71ed4e0bb96c479aefb33946,12.42,,86000000
2026-05-28 12:30:35.015,2026/05/28/[$LATEST]5724bbfcea774384b83b606c0c42d806,1.86,,86000000
2026-05-28 12:30:35.016,2026/05/28/[$LATEST]7de6c63704704001920746bd5ec85dd3,2.17,,85000000
2026-05-28 12:30:35.021,2026/05/28/[$LATEST]09b41d5fd2894f389e30ae58462b1250,2.64,,85000000
2026-05-28 12:30:35.029,2026/05/28/[$LATEST]188cc19e71ed4e0bb96c479aefb33946,9.04,,86000000
2026-05-28 12:30:35.030,2026/05/28/[$LATEST]5724bbfcea774384b83b606c0c42d806,1.91,,86000000
2026-05-28 12:30:35.032,2026/05/28/[$LATEST]4f6d928700b0454089f4d3ba5806fd95,1.81,,85000000
2026-05-28 12:30:35.036,2026/05/28/[$LATEST]7de6c63704704001920746bd5ec85dd3,13.68,,85000000
2026-05-28 12:30:35.036,2026/05/28/[$LATEST]af1260d7b29a4081bdccf63925032932,1.84,,86000000
2026-05-28 12:30:35.038,2026/05/28/[$LATEST]09b41d5fd2894f389e30ae58462b1250,1.73,,85000000
2026-05-28 12:30:35.040,2026/05/28/[$LATEST]4f6d928700b0454089f4d3ba5806fd95,1.68,,85000000
2026-05-28 12:30:35.054,2026/05/28/[$LATEST]4f6d928700b0454089f4d3ba5806fd95,1.77,,85000000
2026-05-28 12:30:35.054,2026/05/28/[$LATEST]7de6c63704704001920746bd5ec85dd3,11.95,,85000000
2026-05-28 12:30:35.057,2026/05/28/[$LATEST]af1260d7b29a4081bdccf63925032932,1.94,,86000000
2026-05-28 12:30:35.066,2026/05/28/[$LATEST]4f6d928700b0454089f4d3ba5806fd95,2.07,,85000000
2026-05-28 12:30:35.075,2026/05/28/[$LATEST]7de6c63704704001920746bd5ec85dd3,12.97,,85000000
2026-05-28 12:30:35.075,2026/05/28/[$LATEST]4f6d928700b0454089f4d3ba5806fd95,5.42,,85000000
2026-05-28 12:30:35.083,2026/05/28/[$LATEST]af1260d7b29a4081bdccf63925032932,1.79,,86000000
2026-05-28 12:30:35.085,2026/05/28/[$LATEST]4f6d928700b0454089f4d3ba5806fd95,1.67,,85000000
2026-05-28 12:30:35.092,2026/05/28/[$LATEST]af1260d7b29a4081bdccf63925032932,1.76,,86000000
2026-05-28 12:30:35.093,2026/05/28/[$LATEST]7de6c63704704001920746bd5ec85dd3,1.54,,85000000
2026-05-28 12:30:35.094,2026/05/28/[$LATEST]15737d93c14242db96065ddfaa294dc4,1.72,,85000000
2026-05-28 12:30:35.095,2026/05/28/[$LATEST]5724bbfcea774384b83b606c0c42d806,1.92,,86000000
2026-05-28 12:30:35.096,2026/05/28/[$LATEST]645d0a3985b047aa91261d33b7d29c16,2.04,,86000000
2026-05-28 12:30:35.097,2026/05/28/[$LATEST]09b41d5fd2894f389e30ae58462b1250,5.39,,85000000
2026-05-28 12:30:35.100,2026/05/28/[$LATEST]4f6d928700b0454089f4d3ba5806fd95,1.74,,85000000
2026-05-28 12:30:35.100,2026/05/28/[$LATEST]cfb0e958f4874281914ba0b7a1a72bef,1.9,,86000000
2026-05-28 12:30:35.113,2026/05/28/[$LATEST]15737d93c14242db96065ddfaa294dc4,12.31,,85000000
2026-05-28 12:30:35.129,2026/05/28/[$LATEST]188cc19e71ed4e0bb96c479aefb33946,31.16,,86000000
2026-05-28 12:30:35.132,2026/05/28/[$LATEST]cfb0e958f4874281914ba0b7a1a72bef,1.81,,86000000
2026-05-28 12:30:35.149,2026/05/28/[$LATEST]cfb0e958f4874281914ba0b7a1a72bef,1.94,,86000000
2026-05-28 12:30:35.150,2026/05/28/[$LATEST]15737d93c14242db96065ddfaa294dc4,1.89,,85000000
2026-05-28 12:30:35.153,2026/05/28/[$LATEST]188cc19e71ed4e0bb96c479aefb33946,1.99,,86000000
2026-05-28 12:30:35.153,2026/05/28/[$LATEST]4f6d928700b0454089f4d3ba5806fd95,1.93,,85000000
2026-05-28 12:30:35.158,2026/05/28/[$LATEST]15737d93c14242db96065ddfaa294dc4,1.47,,85000000
2026-05-28 12:30:35.163,2026/05/28/[$LATEST]4f6d928700b0454089f4d3ba5806fd95,1.82,,85000000
2026-05-28 12:30:35.172,2026/05/28/[$LATEST]188cc19e71ed4e0bb96c479aefb33946,1.95,,86000000
2026-05-28 12:30:35.172,2026/05/28/[$LATEST]15737d93c14242db96065ddfaa294dc4,4.66,,85000000
2026-05-28 12:30:35.173,2026/05/28/[$LATEST]09b41d5fd2894f389e30ae58462b1250,18.5,,85000000
2026-05-28 12:30:35.175,2026/05/28/[$LATEST]cfb0e958f4874281914ba0b7a1a72bef,1.77,,86000000
2026-05-28 12:30:35.185,2026/05/28/[$LATEST]cfb0e958f4874281914ba0b7a1a72bef,1.73,,86000000
2026-05-28 12:30:35.191,2026/05/28/[$LATEST]188cc19e71ed4e0bb96c479aefb33946,1.79,,86000000
2026-05-28 12:30:35.195,2026/05/28/[$LATEST]5724bbfcea774384b83b606c0c42d806,1.88,,86000000
2026-05-28 12:30:35.201,2026/05/28/[$LATEST]cfb0e958f4874281914ba0b7a1a72bef,8.32,,86000000
2026-05-28 12:30:35.206,2026/05/28/[$LATEST]af1260d7b29a4081bdccf63925032932,2.11,,86000000
2026-05-28 12:30:35.209,2026/05/28/[$LATEST]188cc19e71ed4e0bb96c479aefb33946,6.48,,86000000
2026-05-28 12:30:35.209,2026/05/28/[$LATEST]5724bbfcea774384b83b606c0c42d806,7.33,,86000000
2026-05-28 12:30:35.235,2026/05/28/[$LATEST]09b41d5fd2894f389e30ae58462b1250,18.75,,85000000
2026-05-28 12:30:35.237,2026/05/28/[$LATEST]5724bbfcea774384b83b606c0c42d806,2.16,,86000000
2026-05-28 12:30:35.238,2026/05/28/[$LATEST]15737d93c14242db96065ddfaa294dc4,2.9,,85000000
2026-05-28 12:30:35.239,2026/05/28/[$LATEST]188cc19e71ed4e0bb96c479aefb33946,1.98,,86000000
2026-05-28 12:30:35.240,2026/05/28/[$LATEST]cfb0e958f4874281914ba0b7a1a72bef,1.74,,86000000
2026-05-28 12:30:35.240,2026/05/28/[$LATEST]af1260d7b29a4081bdccf63925032932,1.78,,86000000
2026-05-28 12:30:35.250,2026/05/28/[$LATEST]af1260d7b29a4081bdccf63925032932,1.9,,86000000
2026-05-28 12:30:35.255,2026/05/28/[$LATEST]15737d93c14242db96065ddfaa294dc4,1.85,,85000000
2026-05-28 12:30:35.256,2026/05/28/[$LATEST]4f6d928700b0454089f4d3ba5806fd95,13.06,,85000000
2026-05-28 12:30:35.264,2026/05/28/[$LATEST]cfb0e958f4874281914ba0b7a1a72bef,1.98,,86000000
2026-05-28 12:30:35.267,2026/05/28/[$LATEST]af1260d7b29a4081bdccf63925032932,2.68,,86000000
2026-05-28 12:30:35.270,2026/05/28/[$LATEST]188cc19e71ed4e0bb96c479aefb33946,3.45,,86000000
2026-05-28 12:30:35.278,2026/05/28/[$LATEST]4f6d928700b0454089f4d3ba5806fd95,1.75,,85000000
2026-05-28 12:30:35.289,2026/05/28/[$LATEST]5724bbfcea774384b83b606c0c42d806,20.24,,86000000
2026-05-28 12:30:35.306,2026/05/28/[$LATEST]4f6d928700b0454089f4d3ba5806fd95,1.93,,85000000
2026-05-28 12:30:35.306,2026/05/28/[$LATEST]15737d93c14242db96065ddfaa294dc4,1.92,,85000000
2026-05-28 12:30:35.321,2026/05/28/[$LATEST]15737d93c14242db96065ddfaa294dc4,1.62,,85000000
2026-05-28 12:30:35.328,2026/05/28/[$LATEST]5724bbfcea774384b83b606c0c42d806,1.94,,86000000
2026-05-28 12:30:35.336,2026/05/28/[$LATEST]15737d93c14242db96065ddfaa294dc4,1.53,,85000000
2026-05-28 12:30:35.336,2026/05/28/[$LATEST]af1260d7b29a4081bdccf63925032932,2.19,,86000000
2026-05-28 12:30:35.338,2026/05/28/[$LATEST]188cc19e71ed4e0bb96c479aefb33946,1.88,,86000000
2026-05-28 12:30:35.349,2026/05/28/[$LATEST]188cc19e71ed4e0bb96c479aefb33946,1.86,,86000000
2026-05-28 12:30:35.351,2026/05/28/[$LATEST]af1260d7b29a4081bdccf63925032932,1.8,,86000000
2026-05-28 12:30:35.352,2026/05/28/[$LATEST]4f6d928700b0454089f4d3ba5806fd95,1.99,,85000000
2026-05-28 12:30:35.352,2026/05/28/[$LATEST]15737d93c14242db96065ddfaa294dc4,5.12,,85000000
2026-05-28 12:30:35.354,2026/05/28/[$LATEST]5724bbfcea774384b83b606c0c42d806,1.77,,86000000
2026-05-28 12:30:35.362,2026/05/28/[$LATEST]09b41d5fd2894f389e30ae58462b1250,1.83,,85000000
2026-05-28 12:30:35.364,2026/05/28/[$LATEST]4f6d928700b0454089f4d3ba5806fd95,1.75,,85000000
2026-05-28 12:30:35.369,2026/05/28/[$LATEST]5724bbfcea774384b83b606c0c42d806,4.22,,86000000
2026-05-28 12:30:35.369,2026/05/28/[$LATEST]645d0a3985b047aa91261d33b7d29c16,1.85,,86000000
2026-05-28 12:30:35.371,2026/05/28/[$LATEST]15737d93c14242db96065ddfaa294dc4,1.62,,85000000
2026-05-28 12:30:35.373,2026/05/28/[$LATEST]09b41d5fd2894f389e30ae58462b1250,4.11,,85000000
2026-05-28 12:30:35.374,2026/05/28/[$LATEST]af1260d7b29a4081bdccf63925032932,1.95,,86000000
2026-05-28 12:30:35.378,2026/05/28/[$LATEST]645d0a3985b047aa91261d33b7d29c16,3.39,,86000000
2026-05-28 12:30:35.390,2026/05/28/[$LATEST]15737d93c14242db96065ddfaa294dc4,1.87,,85000000
2026-05-28 12:30:35.391,2026/05/28/[$LATEST]af1260d7b29a4081bdccf63925032932,1.94,,86000000
2026-05-28 12:30:35.393,2026/05/28/[$LATEST]4f6d928700b0454089f4d3ba5806fd95,1.7,,85000000
2026-05-28 12:30:35.395,2026/05/28/[$LATEST]09b41d5fd2894f389e30ae58462b1250,1.8,,85000000
2026-05-28 12:30:35.397,2026/05/28/[$LATEST]645d0a3985b047aa91261d33b7d29c16,9.12,,86000000
2026-05-28 12:30:35.397,2026/05/28/[$LATEST]5724bbfcea774384b83b606c0c42d806,2.2,,86000000
2026-05-28 12:30:35.410,2026/05/28/[$LATEST]5724bbfcea774384b83b606c0c42d806,4.51,,86000000
2026-05-28 12:30:35.413,2026/05/28/[$LATEST]09b41d5fd2894f389e30ae58462b1250,3.99,,85000000
2026-05-28 12:30:35.418,2026/05/28/[$LATEST]645d0a3985b047aa91261d33b7d29c16,13.3,,86000000
2026-05-28 12:30:35.421,2026/05/28/[$LATEST]af1260d7b29a4081bdccf63925032932,1.94,,86000000
2026-05-28 12:30:35.422,2026/05/28/[$LATEST]09b41d5fd2894f389e30ae58462b1250,1.4,,85000000
2026-05-28 12:30:35.434,2026/05/28/[$LATEST]af1260d7b29a4081bdccf63925032932,2.19,,86000000
2026-05-28 12:30:35.435,2026/05/28/[$LATEST]09b41d5fd2894f389e30ae58462b1250,1.71,,85000000
2026-05-28 12:30:35.468,2026/05/28/[$LATEST]09b41d5fd2894f389e30ae58462b1250,1.81,,85000000
2026-05-28 12:30:35.468,2026/05/28/[$LATEST]af1260d7b29a4081bdccf63925032932,2.04,,86000000
2026-05-28 12:30:35.492,2026/05/28/[$LATEST]af1260d7b29a4081bdccf63925032932,1.81,,86000000
2026-05-28 12:30:35.495,2026/05/28/[$LATEST]09b41d5fd2894f389e30ae58462b1250,1.66,,85000000
2026-05-28 12:30:35.495,2026/05/28/[$LATEST]5724bbfcea774384b83b606c0c42d806,2.51,,86000000
2026-05-28 12:30:35.510,2026/05/28/[$LATEST]5724bbfcea774384b83b606c0c42d806,1.95,,86000000
2026-05-28 12:30:35.513,2026/05/28/[$LATEST]af1260d7b29a4081bdccf63925032932,2.08,,86000000
2026-05-28 12:30:35.523,2026/05/28/[$LATEST]09b41d5fd2894f389e30ae58462b1250,1.79,,85000000
2026-05-28 12:30:35.529,2026/05/28/[$LATEST]5724bbfcea774384b83b606c0c42d806,10.39,,86000000
2026-05-28 12:30:35.548,2026/05/28/[$LATEST]5724bbfcea774384b83b606c0c42d806,4.45,,86000000
2026-05-28 12:30:35.557,2026/05/28/[$LATEST]af1260d7b29a4081bdccf63925032932,2.11,,86000000
2026-05-28 12:30:35.562,2026/05/28/[$LATEST]188cc19e71ed4e0bb96c479aefb33946,1.89,,86000000
2026-05-28 12:30:35.564,2026/05/28/[$LATEST]09b41d5fd2894f389e30ae58462b1250,1.95,,85000000
2026-05-28 12:30:35.568,2026/05/28/[$LATEST]645d0a3985b047aa91261d33b7d29c16,1.72,,86000000
2026-05-28 12:30:35.569,2026/05/28/[$LATEST]af1260d7b29a4081bdccf63925032932,1.83,,86000000
2026-05-28 12:30:35.570,2026/05/28/[$LATEST]5724bbfcea774384b83b606c0c42d806,13.78,,86000000
2026-05-28 12:30:35.581,2026/05/28/[$LATEST]645d0a3985b047aa91261d33b7d29c16,4.58,,86000000
2026-05-28 12:30:35.589,2026/05/28/[$LATEST]5724bbfcea774384b83b606c0c42d806,4.72,,86000000
2026-05-28 12:30:35.589,2026/05/28/[$LATEST]af1260d7b29a4081bdccf63925032932,1.71,,86000000
2026-05-28 12:30:35.596,2026/05/28/[$LATEST]09b41d5fd2894f389e30ae58462b1250,1.72,,85000000
2026-05-28 12:30:35.599,2026/05/28/[$LATEST]645d0a3985b047aa91261d33b7d29c16,1.73,,86000000
2026-05-28 12:30:35.608,2026/05/28/[$LATEST]5724bbfcea774384b83b606c0c42d806,3.09,,86000000
2026-05-28 12:30:35.643,2026/05/28/[$LATEST]5724bbfcea774384b83b606c0c42d806,1.87,,86000000
2026-05-28 12:30:35.645,2026/05/28/[$LATEST]645d0a3985b047aa91261d33b7d29c16,1.79,,86000000
2026-05-28 12:30:35.648,2026/05/28/[$LATEST]188cc19e71ed4e0bb96c479aefb33946,1.83,,86000000
2026-05-28 12:30:35.648,2026/05/28/[$LATEST]af1260d7b29a4081bdccf63925032932,1.77,,86000000
2026-05-28 12:30:35.651,2026/05/28/[$LATEST]09b41d5fd2894f389e30ae58462b1250,1.55,,85000000
2026-05-28 12:30:35.667,2026/05/28/[$LATEST]af1260d7b29a4081bdccf63925032932,8.01,,86000000
2026-05-28 12:30:35.673,2026/05/28/[$LATEST]09b41d5fd2894f389e30ae58462b1250,2,,85000000
2026-05-28 12:30:35.674,2026/05/28/[$LATEST]188cc19e71ed4e0bb96c479aefb33946,1.98,,86000000
2026-05-28 12:30:35.675,2026/05/28/[$LATEST]5724bbfcea774384b83b606c0c42d806,2.49,,86000000
2026-05-28 12:30:35.689,2026/05/28/[$LATEST]09b41d5fd2894f389e30ae58462b1250,1.8,,85000000
2026-05-28 12:30:35.708,2026/05/28/[$LATEST]5724bbfcea774384b83b606c0c42d806,2.28,,86000000
2026-05-28 12:30:35.734,2026/05/28/[$LATEST]09b41d5fd2894f389e30ae58462b1250,1.66,,85000000
2026-05-28 12:30:35.737,2026/05/28/[$LATEST]645d0a3985b047aa91261d33b7d29c16,1.76,,86000000
2026-05-28 12:30:35.738,2026/05/28/[$LATEST]4f6d928700b0454089f4d3ba5806fd95,2.31,,85000000
2026-05-28 12:30:35.748,2026/05/28/[$LATEST]5724bbfcea774384b83b606c0c42d806,2.17,,86000000
2026-05-28 12:30:35.755,2026/05/28/[$LATEST]4f6d928700b0454089f4d3ba5806fd95,11.68,,85000000
2026-05-28 12:30:35.763,2026/05/28/[$LATEST]188cc19e71ed4e0bb96c479aefb33946,1.94,,86000000
2026-05-28 12:30:35.763,2026/05/28/[$LATEST]5724bbfcea774384b83b606c0c42d806,1.93,,86000000
2026-05-28 12:30:35.774,2026/05/28/[$LATEST]4f6d928700b0454089f4d3ba5806fd95,1.81,,85000000
2026-05-28 12:30:35.777,2026/05/28/[$LATEST]645d0a3985b047aa91261d33b7d29c16,7.17,,86000000
2026-05-28 12:30:35.779,2026/05/28/[$LATEST]188cc19e71ed4e0bb96c479aefb33946,1.88,,86000000
2026-05-28 12:30:35.787,2026/05/28/[$LATEST]4f6d928700b0454089f4d3ba5806fd95,1.78,,85000000
2026-05-28 12:30:35.795,2026/05/28/[$LATEST]188cc19e71ed4e0bb96c479aefb33946,1.9,,86000000
2026-05-28 12:30:35.798,2026/05/28/[$LATEST]645d0a3985b047aa91261d33b7d29c16,9.71,,86000000
2026-05-28 12:30:35.803,2026/05/28/[$LATEST]5724bbfcea774384b83b606c0c42d806,1.9,,86000000
2026-05-28 12:30:35.808,2026/05/28/[$LATEST]188cc19e71ed4e0bb96c479aefb33946,3.42,,86000000
2026-05-28 12:30:35.811,2026/05/28/[$LATEST]af1260d7b29a4081bdccf63925032932,2.03,,86000000
2026-05-28 12:30:35.828,2026/05/28/[$LATEST]af1260d7b29a4081bdccf63925032932,1.92,,86000000
2026-05-28 12:30:35.828,2026/05/28/[$LATEST]188cc19e71ed4e0bb96c479aefb33946,1.75,,86000000
2026-05-28 12:30:35.837,2026/05/28/[$LATEST]645d0a3985b047aa91261d33b7d29c16,5.23,,86000000
2026-05-28 12:30:35.838,2026/05/28/[$LATEST]4f6d928700b0454089f4d3ba5806fd95,1.69,,85000000
2026-05-28 12:30:35.856,2026/05/28/[$LATEST]188cc19e71ed4e0bb96c479aefb33946,4.7,,86000000
2026-05-28 12:30:35.873,2026/05/28/[$LATEST]4f6d928700b0454089f4d3ba5806fd95,1.82,,85000000
2026-05-28 12:30:35.877,2026/05/28/[$LATEST]645d0a3985b047aa91261d33b7d29c16,5.48,,86000000
2026-05-28 12:30:35.878,2026/05/28/[$LATEST]188cc19e71ed4e0bb96c479aefb33946,1.79,,86000000
2026-05-28 12:30:35.881,2026/05/28/[$LATEST]af1260d7b29a4081bdccf63925032932,1.81,,86000000
2026-05-28 12:30:35.886,2026/05/28/[$LATEST]4f6d928700b0454089f4d3ba5806fd95,1.83,,85000000
2026-05-28 12:30:35.891,2026/05/28/[$LATEST]5724bbfcea774384b83b606c0c42d806,1.75,,86000000
2026-05-28 12:30:35.898,2026/05/28/[$LATEST]645d0a3985b047aa91261d33b7d29c16,13.26,,86000000
2026-05-28 12:30:35.902,2026/05/28/[$LATEST]4f6d928700b0454089f4d3ba5806fd95,1.92,,85000000
2026-05-28 12:30:35.909,2026/05/28/[$LATEST]5724bbfcea774384b83b606c0c42d806,2.09,,86000000
2026-05-28 12:30:35.922,2026/05/28/[$LATEST]645d0a3985b047aa91261d33b7d29c16,1.56,,86000000
2026-05-28 12:30:35.928,2026/05/28/[$LATEST]4f6d928700b0454089f4d3ba5806fd95,2.11,,85000000
2026-05-28 12:30:35.931,2026/05/28/[$LATEST]5724bbfcea774384b83b606c0c42d806,12.74,,86000000
2026-05-28 12:30:35.937,2026/05/28/[$LATEST]645d0a3985b047aa91261d33b7d29c16,4.33,,86000000
2026-05-28 12:30:35.950,2026/05/28/[$LATEST]5724bbfcea774384b83b606c0c42d806,13.42,,86000000
2026-05-28 12:30:35.951,2026/05/28/[$LATEST]4f6d928700b0454089f4d3ba5806fd95,1.76,,85000000
2026-05-28 12:30:35.952,2026/05/28/[$LATEST]af1260d7b29a4081bdccf63925032932,1.83,,86000000
2026-05-28 12:30:35.952,2026/05/28/[$LATEST]188cc19e71ed4e0bb96c479aefb33946,1.95,,86000000
2026-05-28 12:30:35.958,2026/05/28/[$LATEST]645d0a3985b047aa91261d33b7d29c16,13.91,,86000000
2026-05-28 12:30:35.960,2026/05/28/[$LATEST]cfb0e958f4874281914ba0b7a1a72bef,5.73,,86000000
2026-05-28 12:30:35.962,2026/05/28/[$LATEST]4f6d928700b0454089f4d3ba5806fd95,1.98,,85000000
2026-05-28 12:30:35.967,2026/05/28/[$LATEST]af1260d7b29a4081bdccf63925032932,6.17,,86000000
2026-05-28 12:30:35.968,2026/05/28/[$LATEST]cfb0e958f4874281914ba0b7a1a72bef,1.92,,86000000
2026-05-28 12:30:35.974,2026/05/28/[$LATEST]188cc19e71ed4e0bb96c479aefb33946,1.79,,86000000
2026-05-28 12:30:35.982,2026/05/28/[$LATEST]5724bbfcea774384b83b606c0c42d806,1.97,,86000000
2026-05-28 12:30:35.984,2026/05/28/[$LATEST]cfb0e958f4874281914ba0b7a1a72bef,1.81,,86000000
2026-05-28 12:30:35.996,2026/05/28/[$LATEST]5724bbfcea774384b83b606c0c42d806,1.92,,86000000
2026-05-28 12:30:36.003,2026/05/28/[$LATEST]cfb0e958f4874281914ba0b7a1a72bef,1.85,,86000000
2026-05-28 12:30:36.007,2026/05/28/[$LATEST]4f6d928700b0454089f4d3ba5806fd95,1.74,,85000000
2026-05-28 12:30:36.021,2026/05/28/[$LATEST]cfb0e958f4874281914ba0b7a1a72bef,7.07,,86000000
2026-05-28 12:30:36.039,2026/05/28/[$LATEST]4f6d928700b0454089f4d3ba5806fd95,1.79,,85000000
2026-05-28 12:30:36.042,2026/05/28/[$LATEST]645d0a3985b047aa91261d33b7d29c16,1.75,,86000000
2026-05-28 12:30:36.045,2026/05/28/[$LATEST]15737d93c14242db96065ddfaa294dc4,1.97,,85000000
2026-05-28 12:30:36.046,2026/05/28/[$LATEST]09b41d5fd2894f389e30ae58462b1250,2.05,,85000000
2026-05-28 12:30:36.055,2026/05/28/[$LATEST]cfb0e958f4874281914ba0b7a1a72bef,1.83,,86000000
2026-05-28 12:30:36.055,2026/05/28/[$LATEST]09b41d5fd2894f389e30ae58462b1250,1.84,,85000000
2026-05-28 12:30:36.074,2026/05/28/[$LATEST]09b41d5fd2894f389e30ae58462b1250,6.2,,85000000
2026-05-28 12:30:36.076,2026/05/28/[$LATEST]15737d93c14242db96065ddfaa294dc4,1.81,,85000000
2026-05-28 12:30:36.079,2026/05/28/[$LATEST]cfb0e958f4874281914ba0b7a1a72bef,1.86,,86000000
2026-05-28 12:30:36.087,2026/05/28/[$LATEST]5724bbfcea774384b83b606c0c42d806,5.7,,86000000
2026-05-28 12:30:36.090,2026/05/28/[$LATEST]188cc19e71ed4e0bb96c479aefb33946,1.75,,86000000
2026-05-28 12:30:36.091,2026/05/28/[$LATEST]cfb0e958f4874281914ba0b7a1a72bef,3.71,,86000000
2026-05-28 12:30:36.092,2026/05/28/[$LATEST]15737d93c14242db96065ddfaa294dc4,11.15,,85000000
2026-05-28 12:30:36.092,2026/05/28/[$LATEST]af1260d7b29a4081bdccf63925032932,1.86,,86000000
2026-05-28 12:30:36.093,2026/05/28/[$LATEST]09b41d5fd2894f389e30ae58462b1250,10.26,,85000000
2026-05-28 12:30:36.094,2026/05/28/[$LATEST]645d0a3985b047aa91261d33b7d29c16,1.49,,86000000
2026-05-28 12:30:36.095,2026/05/28/[$LATEST]4f6d928700b0454089f4d3ba5806fd95,1.76,,85000000
2026-05-28 12:30:36.103,2026/05/28/[$LATEST]4f6d928700b0454089f4d3ba5806fd95,1.73,,85000000
2026-05-28 12:30:36.106,2026/05/28/[$LATEST]645d0a3985b047aa91261d33b7d29c16,1.87,,86000000
2026-05-28 12:30:36.110,2026/05/28/[$LATEST]5724bbfcea774384b83b606c0c42d806,12.71,,86000000
2026-05-28 12:30:36.111,2026/05/28/[$LATEST]af1260d7b29a4081bdccf63925032932,2.44,,86000000
2026-05-28 12:30:36.112,2026/05/28/[$LATEST]15737d93c14242db96065ddfaa294dc4,2.38,,85000000
2026-05-28 12:30:36.113,2026/05/28/[$LATEST]09b41d5fd2894f389e30ae58462b1250,13.25,,85000000
2026-05-28 12:30:36.116,2026/05/28/[$LATEST]4f6d928700b0454089f4d3ba5806fd95,6.51,,85000000
2026-05-28 12:30:36.118,2026/05/28/[$LATEST]645d0a3985b047aa91261d33b7d29c16,4.69,,86000000
2026-05-28 12:30:36.148,2026/05/28/[$LATEST]af1260d7b29a4081bdccf63925032932,12.19,,86000000
2026-05-28 12:30:36.157,2026/05/28/[$LATEST]645d0a3985b047aa91261d33b7d29c16,3.11,,86000000
2026-05-28 12:30:36.161,2026/05/28/[$LATEST]4f6d928700b0454089f4d3ba5806fd95,1.86,,85000000
2026-05-28 12:30:36.161,2026/05/28/[$LATEST]09b41d5fd2894f389e30ae58462b1250,1.58,,85000000
2026-05-28 12:30:36.163,2026/05/28/[$LATEST]15737d93c14242db96065ddfaa294dc4,1.67,,85000000
2026-05-28 12:30:36.165,2026/05/28/[$LATEST]cfb0e958f4874281914ba0b7a1a72bef,2.25,,86000000
2026-05-28 12:30:36.166,2026/05/28/[$LATEST]af1260d7b29a4081bdccf63925032932,1.94,,86000000
2026-05-28 12:30:36.169,2026/05/28/[$LATEST]5724bbfcea774384b83b606c0c42d806,35.88,,86000000
2026-05-28 12:30:36.176,2026/05/28/[$LATEST]15737d93c14242db96065ddfaa294dc4,1.78,,85000000
2026-05-28 12:30:36.197,2026/05/28/[$LATEST]09b41d5fd2894f389e30ae58462b1250,1.76,,85000000
2026-05-28 12:30:36.197,2026/05/28/[$LATEST]15737d93c14242db96065ddfaa294dc4,1.68,,85000000
2026-05-28 12:30:36.202,2026/05/28/[$LATEST]4f6d928700b0454089f4d3ba5806fd95,1.82,,85000000
2026-05-28 12:30:36.208,2026/05/28/[$LATEST]5724bbfcea774384b83b606c0c42d806,3.86,,86000000
2026-05-28 12:30:36.209,2026/05/28/[$LATEST]af1260d7b29a4081bdccf63925032932,1.75,,86000000
2026-05-28 12:30:36.216,2026/05/28/[$LATEST]cfb0e958f4874281914ba0b7a1a72bef,1.82,,86000000
2026-05-28 12:30:36.225,2026/05/28/[$LATEST]cfb0e958f4874281914ba0b7a1a72bef,1.89,,86000000
2026-05-28 12:30:36.226,2026/05/28/[$LATEST]af1260d7b29a4081bdccf63925032932,8.11,,86000000
2026-05-28 12:30:36.228,2026/05/28/[$LATEST]4f6d928700b0454089f4d3ba5806fd95,2.1,,85000000
2026-05-28 12:30:36.231,2026/05/28/[$LATEST]5724bbfcea774384b83b606c0c42d806,2.21,,86000000
2026-05-28 12:30:36.236,2026/05/28/[$LATEST]cfb0e958f4874281914ba0b7a1a72bef,1.66,,86000000
2026-05-28 12:30:36.238,2026/05/28/[$LATEST]4f6d928700b0454089f4d3ba5806fd95,1.92,,85000000
2026-05-28 12:30:36.250,2026/05/28/[$LATEST]5724bbfcea774384b83b606c0c42d806,3.33,,86000000
2026-05-28 12:30:36.255,2026/05/28/[$LATEST]15737d93c14242db96065ddfaa294dc4,1.65,,85000000
2026-05-28 12:30:36.256,2026/05/28/[$LATEST]09b41d5fd2894f389e30ae58462b1250,1.55,,85000000
2026-05-28 12:30:36.256,2026/05/28/[$LATEST]4f6d928700b0454089f4d3ba5806fd95,7.59,,85000000
2026-05-28 12:30:36.257,2026/05/28/[$LATEST]cfb0e958f4874281914ba0b7a1a72bef,1.97,,86000000
2026-05-28 12:30:36.259,2026/05/28/[$LATEST]645d0a3985b047aa91261d33b7d29c16,1.69,,86000000
2026-05-28 12:30:36.266,2026/05/28/[$LATEST]af1260d7b29a4081bdccf63925032932,5.59,,86000000
2026-05-28 12:30:36.267,2026/05/28/[$LATEST]7de6c63704704001920746bd5ec85dd3,1.66,,85000000
2026-05-28 12:30:36.269,2026/05/28/[$LATEST]5724bbfcea774384b83b606c0c42d806,8.37,,86000000
2026-05-28 12:30:36.285,2026/05/28/[$LATEST]af1260d7b29a4081bdccf63925032932,2.34,,86000000
2026-05-28 12:30:36.286,2026/05/28/[$LATEST]7de6c63704704001920746bd5ec85dd3,1.78,,85000000
2026-05-28 12:30:36.300,2026/05/28/[$LATEST]7de6c63704704001920746bd5ec85dd3,1.53,,85000000
2026-05-28 12:30:36.314,2026/05/28/[$LATEST]af1260d7b29a4081bdccf63925032932,2.24,,86000000
2026-05-28 12:30:36.316,2026/05/28/[$LATEST]cfb0e958f4874281914ba0b7a1a72bef,1.75,,86000000
2026-05-28 12:30:36.317,2026/05/28/[$LATEST]645d0a3985b047aa91261d33b7d29c16,27.54,,86000000
2026-05-28 12:30:36.323,2026/05/28/[$LATEST]7de6c63704704001920746bd5ec85dd3,1.75,,85000000
2026-05-28 12:30:36.331,2026/05/28/[$LATEST]af1260d7b29a4081bdccf63925032932,4,,86000000
2026-05-28 12:30:36.335,2026/05/28/[$LATEST]7de6c63704704001920746bd5ec85dd3,6.37,,85000000
2026-05-28 12:30:36.348,2026/05/28/[$LATEST]af1260d7b29a4081bdccf63925032932,1.98,,86000000
2026-05-28 12:30:36.350,2026/05/28/[$LATEST]5724bbfcea774384b83b606c0c42d806,74.59,,86000000
2026-05-28 12:30:36.353,2026/05/28/[$LATEST]7de6c63704704001920746bd5ec85dd3,1.54,,85000000
2026-05-28 12:30:36.357,2026/05/28/[$LATEST]cfb0e958f4874281914ba0b7a1a72bef,1.82,,86000000
2026-05-28 12:30:36.359,2026/05/28/[$LATEST]645d0a3985b047aa91261d33b7d29c16,1.88,,86000000
2026-05-28 12:30:36.370,2026/05/28/[$LATEST]7de6c63704704001920746bd5ec85dd3,1.69,,85000000
2026-05-28 12:30:36.371,2026/05/28/[$LATEST]cfb0e958f4874281914ba0b7a1a72bef,1.79,,86000000
2026-05-28 12:30:36.377,2026/05/28/[$LATEST]645d0a3985b047aa91261d33b7d29c16,3.25,,86000000
2026-05-28 12:30:36.381,2026/05/28/[$LATEST]7de6c63704704001920746bd5ec85dd3,1.5,,85000000
2026-05-28 12:30:36.387,2026/05/28/[$LATEST]645d0a3985b047aa91261d33b7d29c16,1.5,,86000000
2026-05-28 12:30:36.394,2026/05/28/[$LATEST]7de6c63704704001920746bd5ec85dd3,7.87,,85000000
2026-05-28 12:30:36.399,2026/05/28/[$LATEST]645d0a3985b047aa91261d33b7d29c16,1.54,,86000000
2026-05-28 12:30:36.400,2026/05/28/[$LATEST]cfb0e958f4874281914ba0b7a1a72bef,1.76,,86000000
2026-05-28 12:30:36.418,2026/05/28/[$LATEST]645d0a3985b047aa91261d33b7d29c16,9.12,,86000000
2026-05-28 12:30:36.425,2026/05/28/[$LATEST]cfb0e958f4874281914ba0b7a1a72bef,2.08,,86000000
2026-05-28 12:30:36.428,2026/05/28/[$LATEST]5724bbfcea774384b83b606c0c42d806,26.02,,86000000
2026-05-28 12:30:36.440,2026/05/28/[$LATEST]645d0a3985b047aa91261d33b7d29c16,1.6,,86000000
2026-05-28 12:30:36.441,2026/05/28/[$LATEST]cfb0e958f4874281914ba0b7a1a72bef,1.86,,86000000
2026-05-28 12:30:36.458,2026/05/28/[$LATEST]645d0a3985b047aa91261d33b7d29c16,10.49,,86000000
2026-05-28 12:30:36.466,2026/05/28/[$LATEST]645d0a3985b047aa91261d33b7d29c16,1.63,,86000000
2026-05-28 12:30:36.468,2026/05/28/[$LATEST]5724bbfcea774384b83b606c0c42d806,2.54,,86000000
2026-05-28 12:30:36.472,2026/05/28/[$LATEST]af1260d7b29a4081bdccf63925032932,1.8,,86000000
2026-05-28 12:30:36.474,2026/05/28/[$LATEST]2faaf80cfd9d45a1b10ad92bea2bdc23,1.62,,86000000
2026-05-28 12:30:36.475,2026/05/28/[$LATEST]5989da090f7445fcb92f7c32ee76dd46,1.75,,86000000
2026-05-28 12:30:36.475,2026/05/28/[$LATEST]188cc19e71ed4e0bb96c479aefb33946,2.25,,86000000
2026-05-28 12:30:36.481,2026/05/28/[$LATEST]cfb0e958f4874281914ba0b7a1a72bef,12.37,,86000000
2026-05-28 12:30:36.483,2026/05/28/[$LATEST]5724bbfcea774384b83b606c0c42d806,3.29,,86000000
2026-05-28 12:30:36.501,2026/05/28/[$LATEST]cfb0e958f4874281914ba0b7a1a72bef,11.84,,86000000
2026-05-28 12:30:36.507,2026/05/28/[$LATEST]5989da090f7445fcb92f7c32ee76dd46,1.91,,86000000
2026-05-28 12:30:36.508,2026/05/28/[$LATEST]188cc19e71ed4e0bb96c479aefb33946,2.1,,86000000
2026-05-28 12:30:36.510,2026/05/28/[$LATEST]645d0a3985b047aa91261d33b7d29c16,1.9,,86000000
2026-05-28 12:30:36.515,2026/05/28/[$LATEST]cfb0e958f4874281914ba0b7a1a72bef,1.83,,86000000
2026-05-28 12:30:36.516,2026/05/28/[$LATEST]188cc19e71ed4e0bb96c479aefb33946,2.07,,86000000
2026-05-28 12:30:36.521,2026/05/28/[$LATEST]5989da090f7445fcb92f7c32ee76dd46,1.71,,86000000
2026-05-28 12:30:36.527,2026/05/28/[$LATEST]5724bbfcea774384b83b606c0c42d806,11.42,,86000000
2026-05-28 12:30:36.545,2026/05/28/[$LATEST]645d0a3985b047aa91261d33b7d29c16,1.77,,86000000
2026-05-28 12:30:36.561,2026/05/28/[$LATEST]645d0a3985b047aa91261d33b7d29c16,1.67,,86000000
2026-05-28 12:30:36.563,2026/05/28/[$LATEST]7de6c63704704001920746bd5ec85dd3,1.84,,85000000
2026-05-28 12:30:36.567,2026/05/28/[$LATEST]09b41d5fd2894f389e30ae58462b1250,1.75,,85000000
2026-05-28 12:30:36.568,2026/05/28/[$LATEST]5724bbfcea774384b83b606c0c42d806,18.84,,86000000
2026-05-28 12:30:36.585,2026/05/28/[$LATEST]09b41d5fd2894f389e30ae58462b1250,1.83,,85000000
2026-05-28 12:30:36.588,2026/05/28/[$LATEST]5724bbfcea774384b83b606c0c42d806,12.08,,86000000
2026-05-28 12:30:36.589,2026/05/28/[$LATEST]7de6c63704704001920746bd5ec85dd3,1.78,,85000000
2026-05-28 12:30:36.589,2026/05/28/[$LATEST]5989da090f7445fcb92f7c32ee76dd46,1.89,,86000000
2026-05-28 12:30:36.602,2026/05/28/[$LATEST]7de6c63704704001920746bd5ec85dd3,1.51,,85000000
2026-05-28 12:30:36.604,2026/05/28/[$LATEST]5989da090f7445fcb92f7c32ee76dd46,1.73,,86000000
2026-05-28 12:30:36.604,2026/05/28/[$LATEST]09b41d5fd2894f389e30ae58462b1250,1.66,,85000000
2026-05-28 12:30:36.605,2026/05/28/[$LATEST]188cc19e71ed4e0bb96c479aefb33946,1.87,,86000000
2026-05-28 12:30:36.609,2026/05/28/[$LATEST]5724bbfcea774384b83b606c0c42d806,9.16,,86000000
2026-05-28 12:30:36.628,2026/05/28/[$LATEST]188cc19e71ed4e0bb96c479aefb33946,1.81,,86000000
2026-05-28 12:30:36.629,2026/05/28/[$LATEST]09b41d5fd2894f389e30ae58462b1250,1.6,,85000000
2026-05-28 12:30:36.631,2026/05/28/[$LATEST]5724bbfcea774384b83b606c0c42d806,8.98,,86000000
2026-05-28 12:30:36.636,2026/05/28/[$LATEST]5989da090f7445fcb92f7c32ee76dd46,2.19,,86000000
2026-05-28 12:30:36.638,2026/05/28/[$LATEST]09b41d5fd2894f389e30ae58462b1250,1.41,,85000000
2026-05-28 12:30:36.646,2026/05/28/[$LATEST]5989da090f7445fcb92f7c32ee76dd46,3.78,,86000000
2026-05-28 12:30:36.662,2026/05/28/[$LATEST]09b41d5fd2894f389e30ae58462b1250,1.78,,85000000
2026-05-28 12:30:36.663,2026/05/28/[$LATEST]5989da090f7445fcb92f7c32ee76dd46,6.18,,86000000
2026-05-28 12:30:36.666,2026/05/28/[$LATEST]188cc19e71ed4e0bb96c479aefb33946,1.84,,86000000
2026-05-28 12:30:36.670,2026/05/28/[$LATEST]5724bbfcea774384b83b606c0c42d806,17.88,,86000000
2026-05-28 12:30:36.672,2026/05/28/[$LATEST]cfb0e958f4874281914ba0b7a1a72bef,1.78,,86000000
2026-05-28 12:30:36.676,2026/05/28/[$LATEST]09b41d5fd2894f389e30ae58462b1250,1.55,,85000000
2026-05-28 12:30:36.682,2026/05/28/[$LATEST]5989da090f7445fcb92f7c32ee76dd46,2.97,,86000000
2026-05-28 12:30:36.690,2026/05/28/[$LATEST]cfb0e958f4874281914ba0b7a1a72bef,1.69,,86000000
2026-05-28 12:30:36.700,2026/05/28/[$LATEST]5989da090f7445fcb92f7c32ee76dd46,5.49,,86000000
2026-05-28 12:30:36.703,2026/05/28/[$LATEST]cfb0e958f4874281914ba0b7a1a72bef,2.18,,86000000
2026-05-28 12:30:36.711,2026/05/28/[$LATEST]5724bbfcea774384b83b606c0c42d806,1.85,,86000000
2026-05-28 12:30:36.713,2026/05/28/[$LATEST]09b41d5fd2894f389e30ae58462b1250,1.74,,85000000
2026-05-28 12:30:36.716,2026/05/28/[$LATEST]188cc19e71ed4e0bb96c479aefb33946,2.08,,86000000
2026-05-28 12:30:36.720,2026/05/28/[$LATEST]5989da090f7445fcb92f7c32ee76dd46,1.94,,86000000
2026-05-28 12:30:36.721,2026/05/28/[$LATEST]cfb0e958f4874281914ba0b7a1a72bef,10.64,,86000000
2026-05-28 12:30:36.729,2026/05/28/[$LATEST]188cc19e71ed4e0bb96c479aefb33946,2.69,,86000000
2026-05-28 12:30:36.736,2026/05/28/[$LATEST]7de6c63704704001920746bd5ec85dd3,1.53,,85000000
2026-05-28 12:30:36.739,2026/05/28/[$LATEST]09b41d5fd2894f389e30ae58462b1250,1.68,,85000000
2026-05-28 12:30:36.744,2026/05/28/[$LATEST]645d0a3985b047aa91261d33b7d29c16,1.6,,86000000
2026-05-28 12:30:36.750,2026/05/28/[$LATEST]188cc19e71ed4e0bb96c479aefb33946,2.06,,86000000
2026-05-28 12:30:36.752,2026/05/28/[$LATEST]cfb0e958f4874281914ba0b7a1a72bef,2.55,,86000000
2026-05-28 12:30:36.753,2026/05/28/[$LATEST]09b41d5fd2894f389e30ae58462b1250,5.73,,85000000
2026-05-28 12:30:36.754,2026/05/28/[$LATEST]7de6c63704704001920746bd5ec85dd3,11.82,,85000000
2026-05-28 12:30:36.755,2026/05/28/[$LATEST]5989da090f7445fcb92f7c32ee76dd46,1.93,,86000000
2026-05-28 12:30:36.757,2026/05/28/[$LATEST]645d0a3985b047aa91261d33b7d29c16,3.21,,86000000
2026-05-28 12:30:36.777,2026/05/28/[$LATEST]5989da090f7445fcb92f7c32ee76dd46,1.84,,86000000
2026-05-28 12:30:36.778,2026/05/28/[$LATEST]645d0a3985b047aa91261d33b7d29c16,14.74,,86000000
2026-05-28 12:30:36.782,2026/05/28/[$LATEST]cfb0e958f4874281914ba0b7a1a72bef,1.85,,86000000
2026-05-28 12:30:36.797,2026/05/28/[$LATEST]5989da090f7445fcb92f7c32ee76dd46,1.9,,86000000
2026-05-28 12:30:36.800,2026/05/28/[$LATEST]cfb0e958f4874281914ba0b7a1a72bef,1.67,,86000000
2026-05-28 12:30:36.804,2026/05/28/[$LATEST]188cc19e71ed4e0bb96c479aefb33946,1.96,,86000000
2026-05-28 12:30:36.813,2026/05/28/[$LATEST]188cc19e71ed4e0bb96c479aefb33946,2.14,,86000000
2026-05-28 12:30:36.827,2026/05/28/[$LATEST]7de6c63704704001920746bd5ec85dd3,1.57,,85000000
2026-05-28 12:30:36.829,2026/05/28/[$LATEST]188cc19e71ed4e0bb96c479aefb33946,3.12,,86000000
2026-05-28 12:30:36.835,2026/05/28/[$LATEST]7de6c63704704001920746bd5ec85dd3,1.5,,85000000
2026-05-28 12:30:36.837,2026/05/28/[$LATEST]645d0a3985b047aa91261d33b7d29c16,26.16,,86000000
2026-05-28 12:30:36.837,2026/05/28/[$LATEST]09b41d5fd2894f389e30ae58462b1250,1.78,,85000000
2026-05-28 12:30:36.874,2026/05/28/[$LATEST]4f6d928700b0454089f4d3ba5806fd95,20.47,,85000000
2026-05-28 12:30:36.874,2026/05/28/[$LATEST]09b41d5fd2894f389e30ae58462b1250,1.65,,85000000
2026-05-28 12:30:36.877,2026/05/28/[$LATEST]188cc19e71ed4e0bb96c479aefb33946,1.8,,86000000
2026-05-28 12:30:36.903,2026/05/28/[$LATEST]4f6d928700b0454089f4d3ba5806fd95,1.75,,85000000
2026-05-28 12:30:36.908,2026/05/28/[$LATEST]09b41d5fd2894f389e30ae58462b1250,1.71,,85000000
2026-05-28 12:30:36.917,2026/05/28/[$LATEST]188cc19e71ed4e0bb96c479aefb33946,1.86,,86000000
2026-05-28 12:30:36.917,2026/05/28/[$LATEST]09b41d5fd2894f389e30ae58462b1250,1.6,,85000000
2026-05-28 12:30:36.918,2026/05/28/[$LATEST]5989da090f7445fcb92f7c32ee76dd46,1.72,,86000000
2026-05-28 12:30:36.922,2026/05/28/[$LATEST]4f6d928700b0454089f4d3ba5806fd95,1.81,,85000000
2026-05-28 12:30:36.930,2026/05/28/[$LATEST]5989da090f7445fcb92f7c32ee76dd46,1.7,,86000000
2026-05-28 12:30:36.936,2026/05/28/[$LATEST]4f6d928700b0454089f4d3ba5806fd95,6.74,,85000000
2026-05-28 12:30:36.938,2026/05/28/[$LATEST]09b41d5fd2894f389e30ae58462b1250,1.53,,85000000
2026-05-28 12:30:36.940,2026/05/28/[$LATEST]7de6c63704704001920746bd5ec85dd3,1.81,,85000000
2026-05-28 12:30:36.942,2026/05/28/[$LATEST]cfb0e958f4874281914ba0b7a1a72bef,22.38,,86000000
2026-05-28 12:30:36.946,2026/05/28/[$LATEST]645d0a3985b047aa91261d33b7d29c16,1.98,,86000000
2026-05-28 12:30:36.954,2026/05/28/[$LATEST]09b41d5fd2894f389e30ae58462b1250,9.36,,85000000
2026-05-28 12:30:36.961,2026/05/28/[$LATEST]cfb0e958f4874281914ba0b7a1a72bef,7.36,,86000000
2026-05-28 12:30:36.975,2026/05/28/[$LATEST]5989da090f7445fcb92f7c32ee76dd46,1.99,,86000000
2026-05-28 12:30:36.982,2026/05/28/[$LATEST]cfb0e958f4874281914ba0b7a1a72bef,8.32,,86000000
2026-05-28 12:30:36.985,2026/05/28/[$LATEST]5989da090f7445fcb92f7c32ee76dd46,1.74,,86000000
2026-05-28 12:30:36.986,2026/05/28/[$LATEST]188cc19e71ed4e0bb96c479aefb33946,1.87,,86000000
2026-05-28 12:30:36.993,2026/05/28/[$LATEST]09b41d5fd2894f389e30ae58462b1250,1.59,,85000000
2026-05-28 12:30:37.003,2026/05/28/[$LATEST]188cc19e71ed4e0bb96c479aefb33946,1.82,,86000000
2026-05-28 12:30:37.007,2026/05/28/[$LATEST]09b41d5fd2894f389e30ae58462b1250,1.64,,85000000
2026-05-28 12:30:37.015,2026/05/28/[$LATEST]09b41d5fd2894f389e30ae58462b1250,1.33,,85000000
2026-05-28 12:30:37.034,2026/05/28/[$LATEST]188cc19e71ed4e0bb96c479aefb33946,1.75,,86000000
2026-05-28 12:30:37.035,2026/05/28/[$LATEST]5989da090f7445fcb92f7c32ee76dd46,1.76,,86000000
2026-05-28 12:30:37.036,2026/05/28/[$LATEST]645d0a3985b047aa91261d33b7d29c16,2.32,,86000000
2026-05-28 12:30:37.041,2026/05/28/[$LATEST]09b41d5fd2894f389e30ae58462b1250,1.66,,85000000
2026-05-28 12:30:37.048,2026/05/28/[$LATEST]5989da090f7445fcb92f7c32ee76dd46,1.71,,86000000
2026-05-28 12:30:37.064,2026/05/28/[$LATEST]5989da090f7445fcb92f7c32ee76dd46,1.65,,86000000
2026-05-28 12:30:37.066,2026/05/28/[$LATEST]09b41d5fd2894f389e30ae58462b1250,1.7,,85000000
2026-05-28 12:30:37.071,2026/05/28/[$LATEST]188cc19e71ed4e0bb96c479aefb33946,1.88,,86000000
2026-05-28 12:30:37.071,2026/05/28/[$LATEST]cfb0e958f4874281914ba0b7a1a72bef,1.89,,86000000
2026-05-28 12:30:37.072,2026/05/28/[$LATEST]645d0a3985b047aa91261d33b7d29c16,1.89,,86000000
2026-05-28 12:30:37.077,2026/05/28/[$LATEST]5724bbfcea774384b83b606c0c42d806,2.28,,86000000
2026-05-28 12:30:37.078,2026/05/28/[$LATEST]5989da090f7445fcb92f7c32ee76dd46,7.27,,86000000
2026-05-28 12:30:37.083,2026/05/28/[$LATEST]645d0a3985b047aa91261d33b7d29c16,1.68,,86000000
2026-05-28 12:30:37.094,2026/05/28/[$LATEST]09b41d5fd2894f389e30ae58462b1250,2.04,,85000000
2026-05-28 12:30:37.095,2026/05/28/[$LATEST]5989da090f7445fcb92f7c32ee76dd46,1.99,,86000000
2026-05-28 12:30:37.095,2026/05/28/[$LATEST]7de6c63704704001920746bd5ec85dd3,1.67,,85000000
2026-05-28 12:30:37.096,2026/05/28/[$LATEST]188cc19e71ed4e0bb96c479aefb33946,1.76,,86000000
2026-05-28 12:30:37.098,2026/05/28/[$LATEST]645d0a3985b047aa91261d33b7d29c16,7.32,,86000000
2026-05-28 12:30:37.099,2026/05/28/[$LATEST]4f6d928700b0454089f4d3ba5806fd95,1.89,,85000000
2026-05-28 12:30:37.100,2026/05/28/[$LATEST]cfb0e958f4874281914ba0b7a1a72bef,1.86,,86000000
2026-05-28 12:30:37.100,2026/05/28/[$LATEST]15737d93c14242db96065ddfaa294dc4,2,,85000000
2026-05-28 12:30:37.103,2026/05/28/[$LATEST]5989da090f7445fcb92f7c32ee76dd46,1.7,,86000000
2026-05-28 12:30:37.108,2026/05/28/[$LATEST]cfb0e958f4874281914ba0b7a1a72bef,1.69,,86000000
2026-05-28 12:30:37.109,2026/05/28/[$LATEST]188cc19e71ed4e0bb96c479aefb33946,2.04,,86000000
2026-05-28 12:30:37.115,2026/05/28/[$LATEST]2faaf80cfd9d45a1b10ad92bea2bdc23,1.83,,86000000
2026-05-28 12:30:37.119,2026/05/28/[$LATEST]5989da090f7445fcb92f7c32ee76dd46,9.35,,86000000
2026-05-28 12:30:37.120,2026/05/28/[$LATEST]5724bbfcea774384b83b606c0c42d806,17.03,,86000000
2026-05-28 12:30:37.139,2026/05/28/[$LATEST]5724bbfcea774384b83b606c0c42d806,3.07,,86000000
2026-05-28 12:30:37.148,2026/05/28/[$LATEST]15737d93c14242db96065ddfaa294dc4,1.66,,85000000
2026-05-28 12:30:37.152,2026/05/28/[$LATEST]4f6d928700b0454089f4d3ba5806fd95,1.63,,85000000
2026-05-28 12:30:37.154,2026/05/28/[$LATEST]5989da090f7445fcb92f7c32ee76dd46,1.73,,86000000
2026-05-28 12:30:37.158,2026/05/28/[$LATEST]2faaf80cfd9d45a1b10ad92bea2bdc23,1.76,,86000000
2026-05-28 12:30:37.162,2026/05/28/[$LATEST]188cc19e71ed4e0bb96c479aefb33946,3.47,,86000000
2026-05-28 12:30:37.166,2026/05/28/[$LATEST]4f6d928700b0454089f4d3ba5806fd95,1.95,,85000000
2026-05-28 12:30:37.176,2026/05/28/[$LATEST]5724bbfcea774384b83b606c0c42d806,6.53,,86000000
2026-05-28 12:30:37.183,2026/05/28/[$LATEST]188cc19e71ed4e0bb96c479aefb33946,2.06,,86000000
2026-05-28 12:30:37.192,2026/05/28/[$LATEST]188cc19e71ed4e0bb96c479aefb33946,2.03,,86000000
2026-05-28 12:30:37.195,2026/05/28/[$LATEST]5724bbfcea774384b83b606c0c42d806,1.94,,86000000
2026-05-28 12:30:37.202,2026/05/28/[$LATEST]4f6d928700b0454089f4d3ba5806fd95,1.7,,85000000
2026-05-28 12:30:37.208,2026/05/28/[$LATEST]188cc19e71ed4e0bb96c479aefb33946,10.73,,86000000
2026-05-28 12:30:37.214,2026/05/28/[$LATEST]15737d93c14242db96065ddfaa294dc4,1.72,,85000000
2026-05-28 12:30:37.215,2026/05/28/[$LATEST]4f6d928700b0454089f4d3ba5806fd95,6.25,,85000000
2026-05-28 12:30:37.218,2026/05/28/[$LATEST]645d0a3985b047aa91261d33b7d29c16,1.83,,86000000
2026-05-28 12:30:37.223,2026/05/28/[$LATEST]7de6c63704704001920746bd5ec85dd3,1.72,,85000000
2026-05-28 12:30:37.228,2026/05/28/[$LATEST]5724bbfcea774384b83b606c0c42d806,2.54,,86000000
2026-05-28 12:30:37.229,2026/05/28/[$LATEST]645d0a3985b047aa91261d33b7d29c16,1.53,,86000000
2026-05-28 12:30:37.229,2026/05/28/[$LATEST]188cc19e71ed4e0bb96c479aefb33946,12.47,,86000000
2026-05-28 12:30:37.246,2026/05/28/[$LATEST]645d0a3985b047aa91261d33b7d29c16,1.69,,86000000
2026-05-28 12:30:37.248,2026/05/28/[$LATEST]188cc19e71ed4e0bb96c479aefb33946,5.43,,86000000
2026-05-28 12:30:37.249,2026/05/28/[$LATEST]5724bbfcea774384b83b606c0c42d806,2.12,,86000000
2026-05-28 12:30:37.257,2026/05/28/[$LATEST]188cc19e71ed4e0bb96c479aefb33946,1.8,,86000000
2026-05-28 12:30:37.258,2026/05/28/[$LATEST]645d0a3985b047aa91261d33b7d29c16,6.66,,86000000
2026-05-28 12:30:37.262,2026/05/28/[$LATEST]7de6c63704704001920746bd5ec85dd3,5.07,,85000000
2026-05-28 12:30:37.269,2026/05/28/[$LATEST]5724bbfcea774384b83b606c0c42d806,13.03,,86000000
2026-05-28 12:30:37.277,2026/05/28/[$LATEST]7de6c63704704001920746bd5ec85dd3,1.67,,85000000
2026-05-28 12:30:37.279,2026/05/28/[$LATEST]645d0a3985b047aa91261d33b7d29c16,1.79,,86000000
2026-05-28 12:30:37.294,2026/05/28/[$LATEST]4f6d928700b0454089f4d3ba5806fd95,2,,85000000
2026-05-28 12:30:37.295,2026/05/28/[$LATEST]7de6c63704704001920746bd5ec85dd3,1.57,,85000000
2026-05-28 12:30:37.295,2026/05/28/[$LATEST]5724bbfcea774384b83b606c0c42d806,2.73,,86000000
2026-05-28 12:30:37.298,2026/05/28/[$LATEST]645d0a3985b047aa91261d33b7d29c16,7.28,,86000000
2026-05-28 12:30:37.302,2026/05/28/[$LATEST]188cc19e71ed4e0bb96c479aefb33946,1.97,,86000000
2026-05-28 12:30:37.311,2026/05/28/[$LATEST]4f6d928700b0454089f4d3ba5806fd95,1.95,,85000000
2026-05-28 12:30:37.313,2026/05/28/[$LATEST]188cc19e71ed4e0bb96c479aefb33946,1.88,,86000000
2026-05-28 12:30:37.314,2026/05/28/[$LATEST]7de6c63704704001920746bd5ec85dd3,8.01,,85000000
2026-05-28 12:30:37.314,2026/05/28/[$LATEST]15737d93c14242db96065ddfaa294dc4,1.64,,85000000
2026-05-28 12:30:37.319,2026/05/28/[$LATEST]645d0a3985b047aa91261d33b7d29c16,13.86,,86000000
2026-05-28 12:30:37.333,2026/05/28/[$LATEST]15737d93c14242db96065ddfaa294dc4,2.87,,85000000
2026-05-28 12:30:37.334,2026/05/28/[$LATEST]188cc19e71ed4e0bb96c479aefb33946,1.85,,86000000
2026-05-28 12:30:37.337,2026/05/28/[$LATEST]5724bbfcea774384b83b606c0c42d806,2.59,,86000000
2026-05-28 12:30:37.338,2026/05/28/[$LATEST]645d0a3985b047aa91261d33b7d29c16,11.37,,86000000
2026-05-28 12:30:37.345,2026/05/28/[$LATEST]2faaf80cfd9d45a1b10ad92bea2bdc23,1.89,,86000000
2026-05-28 12:30:37.359,2026/05/28/[$LATEST]645d0a3985b047aa91261d33b7d29c16,2.06,,86000000
2026-05-28 12:30:37.364,2026/05/28/[$LATEST]2faaf80cfd9d45a1b10ad92bea2bdc23,12.18,,86000000
2026-05-28 12:30:37.365,2026/05/28/[$LATEST]15737d93c14242db96065ddfaa294dc4,1.76,,85000000
2026-05-28 12:30:37.365,2026/05/28/[$LATEST]7de6c63704704001920746bd5ec85dd3,1.85,,85000000
2026-05-28 12:30:37.370,2026/05/28/[$LATEST]5724bbfcea774384b83b606c0c42d806,10.93,,86000000
2026-05-28 12:30:37.373,2026/05/28/[$LATEST]188cc19e71ed4e0bb96c479aefb33946,1.79,,86000000
2026-05-28 12:30:37.380,2026/05/28/[$LATEST]645d0a3985b047aa91261d33b7d29c16,1.59,,86000000
2026-05-28 12:30:37.381,2026/05/28/[$LATEST]5989da090f7445fcb92f7c32ee76dd46,2.04,,86000000
2026-05-28 12:30:37.385,2026/05/28/[$LATEST]7de6c63704704001920746bd5ec85dd3,1.56,,85000000
2026-05-28 12:30:37.385,2026/05/28/[$LATEST]2faaf80cfd9d45a1b10ad92bea2bdc23,14.34,,86000000
2026-05-28 12:30:37.386,2026/05/28/[$LATEST]15737d93c14242db96065ddfaa294dc4,1.71,,85000000
2026-05-28 12:30:37.389,2026/05/28/[$LATEST]188cc19e71ed4e0bb96c479aefb33946,8.72,,86000000
2026-05-28 12:30:37.392,2026/05/28/[$LATEST]5724bbfcea774384b83b606c0c42d806,14.24,,86000000
2026-05-28 12:30:37.404,2026/05/28/[$LATEST]2faaf80cfd9d45a1b10ad92bea2bdc23,9.38,,86000000
2026-05-28 12:30:37.405,2026/05/28/[$LATEST]15737d93c14242db96065ddfaa294dc4,1.72,,85000000
2026-05-28 12:30:37.406,2026/05/28/[$LATEST]7de6c63704704001920746bd5ec85dd3,1.5,,85000000
2026-05-28 12:30:37.412,2026/05/28/[$LATEST]2faaf80cfd9d45a1b10ad92bea2bdc23,1.68,,86000000
2026-05-28 12:30:37.431,2026/05/28/[$LATEST]7de6c63704704001920746bd5ec85dd3,1.61,,85000000
2026-05-28 12:30:37.435,2026/05/28/[$LATEST]2faaf80cfd9d45a1b10ad92bea2bdc23,1.8,,86000000
2026-05-28 12:30:37.442,2026/05/28/[$LATEST]7de6c63704704001920746bd5ec85dd3,1.4,,85000000
2026-05-28 12:30:37.450,2026/05/28/[$LATEST]2faaf80cfd9d45a1b10ad92bea2bdc23,1.72,,86000000
2026-05-28 12:30:37.460,2026/05/28/[$LATEST]7de6c63704704001920746bd5ec85dd3,1.58,,85000000
2026-05-28 12:30:37.474,2026/05/28/[$LATEST]7de6c63704704001920746bd5ec85dd3,5.53,,85000000
2026-05-28 12:30:37.477,2026/05/28/[$LATEST]15737d93c14242db96065ddfaa294dc4,2,,85000000
2026-05-28 12:30:37.482,2026/05/28/[$LATEST]5724bbfcea774384b83b606c0c42d806,1.86,,86000000
2026-05-28 12:30:37.483,2026/05/28/[$LATEST]2faaf80cfd9d45a1b10ad92bea2bdc23,1.7,,86000000
2026-05-28 12:30:37.487,2026/05/28/[$LATEST]645d0a3985b047aa91261d33b7d29c16,1.59,,86000000
2026-05-28 12:30:37.493,2026/05/28/[$LATEST]15737d93c14242db96065ddfaa294dc4,7.6,,85000000
2026-05-28 12:30:37.495,2026/05/28/[$LATEST]7de6c63704704001920746bd5ec85dd3,13.43,,85000000
2026-05-28 12:30:37.498,2026/05/28/[$LATEST]4f6d928700b0454089f4d3ba5806fd95,6,,85000000
2026-05-28 12:30:37.500,2026/05/28/[$LATEST]2faaf80cfd9d45a1b10ad92bea2bdc23,1.65,,86000000
2026-05-28 12:30:37.515,2026/05/28/[$LATEST]5724bbfcea774384b83b606c0c42d806,2.29,,86000000
2026-05-28 12:30:37.516,2026/05/28/[$LATEST]7de6c63704704001920746bd5ec85dd3,1.58,,85000000
2026-05-28 12:30:37.517,2026/05/28/[$LATEST]4f6d928700b0454089f4d3ba5806fd95,6.12,,85000000
2026-05-28 12:30:37.517,2026/05/28/[$LATEST]188cc19e71ed4e0bb96c479aefb33946,1.93,,86000000
2026-05-28 12:30:37.518,2026/05/28/[$LATEST]2faaf80cfd9d45a1b10ad92bea2bdc23,1.63,,86000000
2026-05-28 12:30:37.534,2026/05/28/[$LATEST]7de6c63704704001920746bd5ec85dd3,1.61,,85000000
2026-05-28 12:30:37.536,2026/05/28/[$LATEST]4f6d928700b0454089f4d3ba5806fd95,13.63,,85000000
2026-05-28 12:30:37.545,2026/05/28/[$LATEST]2faaf80cfd9d45a1b10ad92bea2bdc23,1.56,,86000000
2026-05-28 12:30:37.546,2026/05/28/[$LATEST]188cc19e71ed4e0bb96c479aefb33946,1.84,,86000000
2026-05-28 12:30:37.558,2026/05/28/[$LATEST]7de6c63704704001920746bd5ec85dd3,4.79,,85000000
2026-05-28 12:30:37.558,2026/05/28/[$LATEST]4f6d928700b0454089f4d3ba5806fd95,11.62,,85000000
2026-05-28 12:30:37.569,2026/05/28/[$LATEST]188cc19e71ed4e0bb96c479aefb33946,1.75,,86000000
2026-05-28 12:30:37.575,2026/05/28/[$LATEST]7de6c63704704001920746bd5ec85dd3,8.35,,85000000
2026-05-28 12:30:37.587,2026/05/28/[$LATEST]188cc19e71ed4e0bb96c479aefb33946,1.99,,86000000
2026-05-28 12:30:37.587,2026/05/28/[$LATEST]2faaf80cfd9d45a1b10ad92bea2bdc23,1.72,,86000000
2026-05-28 12:30:37.597,2026/05/28/[$LATEST]4f6d928700b0454089f4d3ba5806fd95,2.01,,85000000
2026-05-28 12:30:37.598,2026/05/28/[$LATEST]15737d93c14242db96065ddfaa294dc4,1.81,,85000000
2026-05-28 12:30:37.599,2026/05/28/[$LATEST]645d0a3985b047aa91261d33b7d29c16,1.82,,86000000
2026-05-28 12:30:37.601,2026/05/28/[$LATEST]188cc19e71ed4e0bb96c479aefb33946,1.7,,86000000
2026-05-28 12:30:37.614,2026/05/28/[$LATEST]7de6c63704704001920746bd5ec85dd3,19.69,,85000000
2026-05-28 12:30:37.616,2026/05/28/[$LATEST]188cc19e71ed4e0bb96c479aefb33946,1.74,,86000000
2026-05-28 12:30:37.628,2026/05/28/[$LATEST]188cc19e71ed4e0bb96c479aefb33946,6.18,,86000000
2026-05-28 12:30:37.629,2026/05/28/[$LATEST]15737d93c14242db96065ddfaa294dc4,1.62,,85000000
2026-05-28 12:30:37.633,2026/05/28/[$LATEST]2faaf80cfd9d45a1b10ad92bea2bdc23,1.76,,86000000
2026-05-28 12:30:37.634,2026/05/28/[$LATEST]7de6c63704704001920746bd5ec85dd3,14.19,,85000000
2026-05-28 12:30:37.638,2026/05/28/[$LATEST]15737d93c14242db96065ddfaa294dc4,1.41,,85000000
2026-05-28 12:30:37.644,2026/05/28/[$LATEST]2faaf80cfd9d45a1b10ad92bea2bdc23,3.83,,86000000
2026-05-28 12:30:37.649,2026/05/28/[$LATEST]188cc19e71ed4e0bb96c479aefb33946,8.13,,86000000
2026-05-28 12:30:37.653,2026/05/28/[$LATEST]15737d93c14242db96065ddfaa294dc4,6.61,,85000000
2026-05-28 12:30:37.654,2026/05/28/[$LATEST]5724bbfcea774384b83b606c0c42d806,8.13,,86000000
2026-05-28 12:30:37.668,2026/05/28/[$LATEST]188cc19e71ed4e0bb96c479aefb33946,11.47,,86000000
2026-05-28 12:30:37.684,2026/05/28/[$LATEST]15737d93c14242db96065ddfaa294dc4,1.98,,85000000
2026-05-28 12:30:37.685,2026/05/28/[$LATEST]7de6c63704704001920746bd5ec85dd3,1.61,,85000000
2026-05-28 12:30:37.690,2026/05/28/[$LATEST]188cc19e71ed4e0bb96c479aefb33946,1.7,,86000000
2026-05-28 12:30:37.698,2026/05/28/[$LATEST]5724bbfcea774384b83b606c0c42d806,1.97,,86000000
2026-05-28 12:30:37.701,2026/05/28/[$LATEST]7de6c63704704001920746bd5ec85dd3,1.56,,85000000
2026-05-28 12:30:37.704,2026/05/28/[$LATEST]2faaf80cfd9d45a1b10ad92bea2bdc23,1.53,,86000000
2026-05-28 12:30:37.706,2026/05/28/[$LATEST]5989da090f7445fcb92f7c32ee76dd46,2.07,,86000000
2026-05-28 12:30:37.707,2026/05/28/[$LATEST]15737d93c14242db96065ddfaa294dc4,1.58,,85000000
2026-05-28 12:30:37.709,2026/05/28/[$LATEST]188cc19e71ed4e0bb96c479aefb33946,6.81,,86000000
2026-05-28 12:30:37.712,2026/05/28/[$LATEST]2faaf80cfd9d45a1b10ad92bea2bdc23,1.55,,86000000
2026-05-28 12:30:37.715,2026/05/28/[$LATEST]7de6c63704704001920746bd5ec85dd3,8.4,,85000000
2026-05-28 12:30:37.717,2026/05/28/[$LATEST]15737d93c14242db96065ddfaa294dc4,1.61,,85000000
2026-05-28 12:30:37.718,2026/05/28/[$LATEST]645d0a3985b047aa91261d33b7d29c16,1.8,,86000000
2026-05-28 12:30:37.735,2026/05/28/[$LATEST]2faaf80cfd9d45a1b10ad92bea2bdc23,1.54,,86000000
2026-05-28 12:30:37.740,2026/05/28/[$LATEST]645d0a3985b047aa91261d33b7d29c16,1.56,,86000000
2026-05-28 12:30:37.741,2026/05/28/[$LATEST]15737d93c14242db96065ddfaa294dc4,1.82,,85000000
2026-05-28 12:30:37.752,2026/05/28/[$LATEST]15737d93c14242db96065ddfaa294dc4,5.96,,85000000
2026-05-28 12:30:37.758,2026/05/28/[$LATEST]645d0a3985b047aa91261d33b7d29c16,4.84,,86000000
2026-05-28 12:30:37.767,2026/05/28/[$LATEST]2faaf80cfd9d45a1b10ad92bea2bdc23,1.54,,86000000
2026-05-28 12:30:37.768,2026/05/28/[$LATEST]188cc19e71ed4e0bb96c479aefb33946,1.79,,86000000
2026-05-28 12:30:37.770,2026/05/28/[$LATEST]7de6c63704704001920746bd5ec85dd3,1.81,,85000000
2026-05-28 12:30:37.772,2026/05/28/[$LATEST]15737d93c14242db96065ddfaa294dc4,4.2,,85000000
2026-05-28 12:30:37.777,2026/05/28/[$LATEST]645d0a3985b047aa91261d33b7d29c16,13.17,,86000000
2026-05-28 12:30:37.793,2026/05/28/[$LATEST]15737d93c14242db96065ddfaa294dc4,1.74,,85000000
2026-05-28 12:30:37.799,2026/05/28/[$LATEST]645d0a3985b047aa91261d33b7d29c16,7.59,,86000000
2026-05-28 12:30:37.801,2026/05/28/[$LATEST]188cc19e71ed4e0bb96c479aefb33946,2.06,,86000000
2026-05-28 12:30:37.818,2026/05/28/[$LATEST]188cc19e71ed4e0bb96c479aefb33946,1.8,,86000000
2026-05-28 12:30:37.819,2026/05/28/[$LATEST]645d0a3985b047aa91261d33b7d29c16,1.85,,86000000
2026-05-28 12:30:37.825,2026/05/28/[$LATEST]15737d93c14242db96065ddfaa294dc4,1.78,,85000000
2026-05-28 12:30:37.826,2026/05/28/[$LATEST]7de6c63704704001920746bd5ec85dd3,1.59,,85000000
2026-05-28 12:30:37.831,2026/05/28/[$LATEST]188cc19e71ed4e0bb96c479aefb33946,1.76,,86000000
2026-05-28 12:30:37.833,2026/05/28/[$LATEST]2faaf80cfd9d45a1b10ad92bea2bdc23,1.56,,86000000
2026-05-28 12:30:37.838,2026/05/28/[$LATEST]645d0a3985b047aa91261d33b7d29c16,14.72,,86000000
2026-05-28 12:30:37.844,2026/05/28/[$LATEST]2faaf80cfd9d45a1b10ad92bea2bdc23,2.03,,86000000
2026-05-28 12:30:37.845,2026/05/28/[$LATEST]7de6c63704704001920746bd5ec85dd3,1.57,,85000000
2026-05-28 12:30:37.857,2026/05/28/[$LATEST]2faaf80cfd9d45a1b10ad92bea2bdc23,1.75,,86000000
2026-05-28 12:30:37.867,2026/05/28/[$LATEST]2faaf80cfd9d45a1b10ad92bea2bdc23,1.58,,86000000
2026-05-28 12:30:37.870,2026/05/28/[$LATEST]188cc19e71ed4e0bb96c479aefb33946,11.36,,86000000
2026-05-28 12:30:37.875,2026/05/28/[$LATEST]5989da090f7445fcb92f7c32ee76dd46,2.07,,86000000
2026-05-28 12:30:37.884,2026/05/28/[$LATEST]2faaf80cfd9d45a1b10ad92bea2bdc23,6.65,,86000000
2026-05-28 12:30:37.888,2026/05/28/[$LATEST]188cc19e71ed4e0bb96c479aefb33946,11.88,,86000000
2026-05-28 12:30:37.891,2026/05/28/[$LATEST]2faaf80cfd9d45a1b10ad92bea2bdc23,1.55,,86000000
2026-05-28 12:30:37.892,2026/05/28/[$LATEST]5989da090f7445fcb92f7c32ee76dd46,1.76,,86000000
2026-05-28 12:30:37.893,2026/05/28/[$LATEST]5724bbfcea774384b83b606c0c42d806,2.51,,86000000
2026-05-28 12:30:37.893,2026/05/28/[$LATEST]7de6c63704704001920746bd5ec85dd3,1.65,,85000000
2026-05-28 12:30:37.908,2026/05/28/[$LATEST]5989da090f7445fcb92f7c32ee76dd46,1.75,,86000000
2026-05-28 12:30:37.909,2026/05/28/[$LATEST]7de6c63704704001920746bd5ec85dd3,1.94,,85000000
2026-05-28 12:30:37.911,2026/05/28/[$LATEST]5724bbfcea774384b83b606c0c42d806,2.44,,86000000
2026-05-28 12:30:37.913,2026/05/28/[$LATEST]2faaf80cfd9d45a1b10ad92bea2bdc23,1.55,,86000000
2026-05-28 12:30:37.919,2026/05/28/[$LATEST]7de6c63704704001920746bd5ec85dd3,1.61,,85000000
2026-05-28 12:30:37.927,2026/05/28/[$LATEST]645d0a3985b047aa91261d33b7d29c16,1.69,,86000000
2026-05-28 12:30:37.934,2026/05/28/[$LATEST]7de6c63704704001920746bd5ec85dd3,9.52,,85000000
2026-05-28 12:30:37.935,2026/05/28/[$LATEST]2faaf80cfd9d45a1b10ad92bea2bdc23,1.64,,86000000
2026-05-28 12:30:37.937,2026/05/28/[$LATEST]5724bbfcea774384b83b606c0c42d806,1.95,,86000000
2026-05-28 12:30:37.951,2026/05/28/[$LATEST]5724bbfcea774384b83b606c0c42d806,3.97,,86000000
2026-05-28 12:30:37.955,2026/05/28/[$LATEST]7de6c63704704001920746bd5ec85dd3,9.32,,85000000
2026-05-28 12:30:37.996,2026/05/28/[$LATEST]7de6c63704704001920746bd5ec85dd3,1.79,,85000000
2026-05-28 12:30:37.997,2026/05/28/[$LATEST]645d0a3985b047aa91261d33b7d29c16,2.37,,86000000
2026-05-28 12:30:38.009,2026/05/28/[$LATEST]5724bbfcea774384b83b606c0c42d806,2.39,,86000000
2026-05-28 12:30:38.015,2026/05/28/[$LATEST]7de6c63704704001920746bd5ec85dd3,11.18,,85000000
2026-05-28 12:30:38.024,2026/05/28/[$LATEST]7de6c63704704001920746bd5ec85dd3,1.45,,85000000
2026-05-28 12:30:38.040,2026/05/28/[$LATEST]7de6c63704704001920746bd5ec85dd3,1.46,,85000000
2026-05-28 12:30:38.045,2026/05/28/[$LATEST]645d0a3985b047aa91261d33b7d29c16,1.66,,86000000
2026-05-28 12:30:38.048,2026/05/28/[$LATEST]5724bbfcea774384b83b606c0c42d806,4.79,,86000000
2026-05-28 12:30:38.053,2026/05/28/[$LATEST]2faaf80cfd9d45a1b10ad92bea2bdc23,1.54,,86000000
2026-05-28 12:30:38.064,2026/05/28/[$LATEST]2faaf80cfd9d45a1b10ad92bea2bdc23,2.34,,86000000
2026-05-28 12:30:38.071,2026/05/28/[$LATEST]2faaf80cfd9d45a1b10ad92bea2bdc23,1.51,,86000000
2026-05-28 12:30:38.079,2026/05/28/[$LATEST]5724bbfcea774384b83b606c0c42d806,3.53,,86000000
2026-05-28 12:30:38.081,2026/05/28/[$LATEST]7de6c63704704001920746bd5ec85dd3,1.68,,85000000
2026-05-28 12:30:38.081,2026/05/28/[$LATEST]645d0a3985b047aa91261d33b7d29c16,1.99,,86000000
2026-05-28 12:30:38.083,2026/05/28/[$LATEST]5989da090f7445fcb92f7c32ee76dd46,1.75,,86000000
2026-05-28 12:30:38.085,2026/05/28/[$LATEST]2faaf80cfd9d45a1b10ad92bea2bdc23,1.62,,86000000
2026-05-28 12:30:38.095,2026/05/28/[$LATEST]7de6c63704704001920746bd5ec85dd3,1.8,,85000000
2026-05-28 12:30:38.098,2026/05/28/[$LATEST]645d0a3985b047aa91261d33b7d29c16,10.39,,86000000
2026-05-28 12:30:38.103,2026/05/28/[$LATEST]2faaf80cfd9d45a1b10ad92bea2bdc23,5.82,,86000000
2026-05-28 12:30:38.109,2026/05/28/[$LATEST]15737d93c14242db96065ddfaa294dc4,1.74,,85000000
2026-05-28 12:30:38.109,2026/05/28/[$LATEST]5989da090f7445fcb92f7c32ee76dd46,1.75,,86000000
2026-05-28 12:30:38.113,2026/05/28/[$LATEST]7de6c63704704001920746bd5ec85dd3,1.35,,85000000
2026-05-28 12:30:38.116,2026/05/28/[$LATEST]4f6d928700b0454089f4d3ba5806fd95,2.14,,85000000
2026-05-28 12:30:38.117,2026/05/28/[$LATEST]09b41d5fd2894f389e30ae58462b1250,1.72,,85000000
2026-05-28 12:30:38.118,2026/05/28/[$LATEST]2faaf80cfd9d45a1b10ad92bea2bdc23,1.65,,86000000
2026-05-28 12:30:38.118,2026/05/28/[$LATEST]5989da090f7445fcb92f7c32ee76dd46,2.99,,86000000
2026-05-28 12:30:38.118,2026/05/28/[$LATEST]645d0a3985b047aa91261d33b7d29c16,14.41,,86000000
2026-05-28 12:30:38.122,2026/05/28/[$LATEST]5724bbfcea774384b83b606c0c42d806,1.85,,86000000
2026-05-28 12:30:38.126,2026/05/28/[$LATEST]188cc19e71ed4e0bb96c479aefb33946,1.82,,86000000
2026-05-28 12:30:38.128,2026/05/28/[$LATEST]7de6c63704704001920746bd5ec85dd3,1.66,,85000000
2026-05-28 12:30:38.134,2026/05/28/[$LATEST]09b41d5fd2894f389e30ae58462b1250,11.31,,85000000
2026-05-28 12:30:38.135,2026/05/28/[$LATEST]7de6c63704704001920746bd5ec85dd3,1.41,,85000000
2026-05-28 12:30:38.135,2026/05/28/[$LATEST]4f6d928700b0454089f4d3ba5806fd95,9.62,,85000000
2026-05-28 12:30:38.137,2026/05/28/[$LATEST]645d0a3985b047aa91261d33b7d29c16,13.13,,86000000
2026-05-28 12:30:38.143,2026/05/28/[$LATEST]188cc19e71ed4e0bb96c479aefb33946,1.76,,86000000
2026-05-28 12:30:38.144,2026/05/28/[$LATEST]5724bbfcea774384b83b606c0c42d806,2.29,,86000000
2026-05-28 12:30:38.151,2026/05/28/[$LATEST]188cc19e71ed4e0bb96c479aefb33946,2.06,,86000000
2026-05-28 12:30:38.156,2026/05/28/[$LATEST]5724bbfcea774384b83b606c0c42d806,2.07,,86000000
2026-05-28 12:30:38.157,2026/05/28/[$LATEST]7de6c63704704001920746bd5ec85dd3,1.47,,85000000
2026-05-28 12:30:38.159,2026/05/28/[$LATEST]645d0a3985b047aa91261d33b7d29c16,11.25,,86000000
2026-05-28 12:30:38.162,2026/05/28/[$LATEST]5989da090f7445fcb92f7c32ee76dd46,1.75,,86000000
2026-05-28 12:30:38.179,2026/05/28/[$LATEST]5989da090f7445fcb92f7c32ee76dd46,7.56,,86000000
2026-05-28 12:30:38.180,2026/05/28/[$LATEST]645d0a3985b047aa91261d33b7d29c16,1.79,,86000000
2026-05-28 12:30:38.186,2026/05/28/[$LATEST]09b41d5fd2894f389e30ae58462b1250,1.61,,85000000
2026-05-28 12:30:38.186,2026/05/28/[$LATEST]7de6c63704704001920746bd5ec85dd3,3.3,,85000000
2026-05-28 12:30:38.196,2026/05/28/[$LATEST]4f6d928700b0454089f4d3ba5806fd95,12.7,,85000000
2026-05-28 12:30:38.199,2026/05/28/[$LATEST]09b41d5fd2894f389e30ae58462b1250,1.49,,85000000
2026-05-28 12:30:38.201,2026/05/28/[$LATEST]5989da090f7445fcb92f7c32ee76dd46,1.7,,86000000
2026-05-28 12:30:38.201,2026/05/28/[$LATEST]5724bbfcea774384b83b606c0c42d806,1.87,,86000000
2026-05-28 12:30:38.203,2026/05/28/[$LATEST]7de6c63704704001920746bd5ec85dd3,1.63,,85000000
2026-05-28 12:30:38.219,2026/05/28/[$LATEST]5724bbfcea774384b83b606c0c42d806,1.77,,86000000
2026-05-28 12:30:38.222,2026/05/28/[$LATEST]7de6c63704704001920746bd5ec85dd3,1.57,,85000000
2026-05-28 12:30:38.234,2026/05/28/[$LATEST]7de6c63704704001920746bd5ec85dd3,5.93,,85000000
2026-05-28 12:30:38.236,2026/05/28/[$LATEST]5724bbfcea774384b83b606c0c42d806,1.98,,86000000
2026-05-28 12:30:38.240,2026/05/28/[$LATEST]09b41d5fd2894f389e30ae58462b1250,1.75,,85000000
2026-05-28 12:30:38.241,2026/05/28/[$LATEST]7de6c63704704001920746bd5ec85dd3,1.43,,85000000
2026-05-28 12:30:38.253,2026/05/28/[$LATEST]09b41d5fd2894f389e30ae58462b1250,2.37,,85000000
2026-05-28 12:30:38.257,2026/05/28/[$LATEST]7de6c63704704001920746bd5ec85dd3,1.55,,85000000
2026-05-28 12:30:38.259,2026/05/28/[$LATEST]4f6d928700b0454089f4d3ba5806fd95,2.02,,85000000
2026-05-28 12:30:38.270,2026/05/28/[$LATEST]5724bbfcea774384b83b606c0c42d806,1.76,,86000000
2026-05-28 12:30:38.272,2026/05/28/[$LATEST]09b41d5fd2894f389e30ae58462b1250,1.44,,85000000
2026-05-28 12:30:38.277,2026/05/28/[$LATEST]5989da090f7445fcb92f7c32ee76dd46,1.72,,86000000
2026-05-28 12:30:38.284,2026/05/28/[$LATEST]09b41d5fd2894f389e30ae58462b1250,1.67,,85000000
2026-05-28 12:30:38.298,2026/05/28/[$LATEST]09b41d5fd2894f389e30ae58462b1250,1.61,,85000000
2026-05-28 12:30:38.301,2026/05/28/[$LATEST]7de6c63704704001920746bd5ec85dd3,1.65,,85000000
2026-05-28 12:30:38.306,2026/05/28/[$LATEST]5989da090f7445fcb92f7c32ee76dd46,1.87,,86000000
2026-05-28 12:30:38.314,2026/05/28/[$LATEST]5724bbfcea774384b83b606c0c42d806,2.19,,86000000
2026-05-28 12:30:38.314,2026/05/28/[$LATEST]4f6d928700b0454089f4d3ba5806fd95,5.46,,85000000
2026-05-28 12:30:38.315,2026/05/28/[$LATEST]7de6c63704704001920746bd5ec85dd3,4.41,,85000000
2026-05-28 12:30:38.320,2026/05/28/[$LATEST]5989da090f7445fcb92f7c32ee76dd46,1.67,,86000000
2026-05-28 12:30:38.324,2026/05/28/[$LATEST]7de6c63704704001920746bd5ec85dd3,1.37,,85000000
2026-05-28 12:30:38.325,2026/05/28/[$LATEST]4f6d928700b0454089f4d3ba5806fd95,1.65,,85000000
2026-05-28 12:30:38.328,2026/05/28/[$LATEST]188cc19e71ed4e0bb96c479aefb33946,1.96,,86000000
2026-05-28 12:30:38.336,2026/05/28/[$LATEST]7de6c63704704001920746bd5ec85dd3,1.33,,85000000
2026-05-28 12:30:38.336,2026/05/28/[$LATEST]5724bbfcea774384b83b606c0c42d806,4.46,,86000000
2026-05-28 12:30:38.338,2026/05/28/[$LATEST]5989da090f7445fcb92f7c32ee76dd46,10.68,,86000000
2026-05-28 12:30:38.339,2026/05/28/[$LATEST]4f6d928700b0454089f4d3ba5806fd95,5.15,,85000000
2026-05-28 12:30:38.357,2026/05/28/[$LATEST]5989da090f7445fcb92f7c32ee76dd46,1.7,,86000000
2026-05-28 12:30:38.370,2026/05/28/[$LATEST]5989da090f7445fcb92f7c32ee76dd46,1.76,,86000000
2026-05-28 12:30:38.372,2026/05/28/[$LATEST]4f6d928700b0454089f4d3ba5806fd95,5.41,,85000000
2026-05-28 12:30:38.374,2026/05/28/[$LATEST]7de6c63704704001920746bd5ec85dd3,1.83,,85000000
2026-05-28 12:30:38.375,2026/05/28/[$LATEST]09b41d5fd2894f389e30ae58462b1250,1.63,,85000000
2026-05-28 12:30:38.396,2026/05/28/[$LATEST]5989da090f7445fcb92f7c32ee76dd46,1.75,,86000000
2026-05-28 12:30:38.410,2026/05/28/[$LATEST]5989da090f7445fcb92f7c32ee76dd46,1.77,,86000000
2026-05-28 12:30:38.411,2026/05/28/[$LATEST]5724bbfcea774384b83b606c0c42d806,1.99,,86000000
2026-05-28 12:30:38.422,2026/05/28/[$LATEST]188cc19e71ed4e0bb96c479aefb33946,1.99,,86000000
2026-05-28 12:30:38.429,2026/05/28/[$LATEST]5724bbfcea774384b83b606c0c42d806,9.04,,86000000
2026-05-28 12:30:38.445,2026/05/28/[$LATEST]188cc19e71ed4e0bb96c479aefb33946,1.87,,86000000
2026-05-28 12:30:38.450,2026/05/28/[$LATEST]5989da090f7445fcb92f7c32ee76dd46,1.67,,86000000
2026-05-28 12:30:38.450,2026/05/28/[$LATEST]5724bbfcea774384b83b606c0c42d806,9.35,,86000000
2026-05-28 12:30:38.476,2026/05/28/[$LATEST]5989da090f7445fcb92f7c32ee76dd46,1.79,,86000000
2026-05-28 12:30:38.479,2026/05/28/[$LATEST]5724bbfcea774384b83b606c0c42d806,1.77,,86000000
2026-05-28 12:30:38.484,2026/05/28/[$LATEST]5989da090f7445fcb92f7c32ee76dd46,1.76,,86000000
2026-05-28 12:30:38.485,2026/05/28/[$LATEST]09b41d5fd2894f389e30ae58462b1250,1.7,,85000000
2026-05-28 12:30:38.503,2026/05/28/[$LATEST]5989da090f7445fcb92f7c32ee76dd46,9.98,,86000000
2026-05-28 12:30:38.509,2026/05/28/[$LATEST]09b41d5fd2894f389e30ae58462b1250,1.73,,85000000
2026-05-28 12:30:38.510,2026/05/28/[$LATEST]7de6c63704704001920746bd5ec85dd3,1.6,,85000000
2026-05-28 12:30:38.520,2026/05/28/[$LATEST]7de6c63704704001920746bd5ec85dd3,1.38,,85000000
2026-05-28 12:30:38.521,2026/05/28/[$LATEST]5989da090f7445fcb92f7c32ee76dd46,1.68,,86000000
2026-05-28 12:30:38.525,2026/05/28/[$LATEST]09b41d5fd2894f389e30ae58462b1250,2.07,,85000000
2026-05-28 12:30:38.526,2026/05/28/[$LATEST]5724bbfcea774384b83b606c0c42d806,2.14,,86000000
2026-05-28 12:30:38.527,2026/05/28/[$LATEST]188cc19e71ed4e0bb96c479aefb33946,2.02,,86000000
2026-05-28 12:30:38.527,2026/05/28/[$LATEST]4f6d928700b0454089f4d3ba5806fd95,2.88,,85000000
2026-05-28 12:30:38.533,2026/05/28/[$LATEST]5724bbfcea774384b83b606c0c42d806,1.99,,86000000
2026-05-28 12:30:38.534,2026/05/28/[$LATEST]7de6c63704704001920746bd5ec85dd3,5.89,,85000000
2026-05-28 12:30:38.534,2026/05/28/[$LATEST]09b41d5fd2894f389e30ae58462b1250,2.5,,85000000
2026-05-28 12:30:38.538,2026/05/28/[$LATEST]4f6d928700b0454089f4d3ba5806fd95,2.08,,85000000
2026-05-28 12:30:38.539,2026/05/28/[$LATEST]188cc19e71ed4e0bb96c479aefb33946,1.93,,86000000
2026-05-28 12:30:38.543,2026/05/28/[$LATEST]645d0a3985b047aa91261d33b7d29c16,1.83,,86000000
2026-05-28 12:30:38.543,2026/05/28/[$LATEST]5989da090f7445fcb92f7c32ee76dd46,6.18,,86000000
2026-05-28 12:30:38.549,2026/05/28/[$LATEST]188cc19e71ed4e0bb96c479aefb33946,3.65,,86000000
2026-05-28 12:30:38.549,2026/05/28/[$LATEST]7de6c63704704001920746bd5ec85dd3,1.47,,85000000
2026-05-28 12:30:38.553,2026/05/28/[$LATEST]5724bbfcea774384b83b606c0c42d806,1.82,,86000000
2026-05-28 12:30:38.559,2026/05/28/[$LATEST]5989da090f7445fcb92f7c32ee76dd46,9.93,,86000000
2026-05-28 12:30:38.561,2026/05/28/[$LATEST]645d0a3985b047aa91261d33b7d29c16,2.7,,86000000
2026-05-28 12:30:38.578,2026/05/28/[$LATEST]645d0a3985b047aa91261d33b7d29c16,3.71,,86000000
2026-05-28 12:30:38.580,2026/05/28/[$LATEST]5989da090f7445fcb92f7c32ee76dd46,2.02,,86000000
2026-05-28 12:30:38.583,2026/05/28/[$LATEST]7de6c63704704001920746bd5ec85dd3,1.62,,85000000
2026-05-28 12:30:38.590,2026/05/28/[$LATEST]4f6d928700b0454089f4d3ba5806fd95,1.86,,85000000
2026-05-28 12:30:38.597,2026/05/28/[$LATEST]5724bbfcea774384b83b606c0c42d806,2.01,,86000000
2026-05-28 12:30:38.599,2026/05/28/[$LATEST]5989da090f7445fcb92f7c32ee76dd46,9.65,,86000000
2026-05-28 12:30:38.610,2026/05/28/[$LATEST]4f6d928700b0454089f4d3ba5806fd95,1.84,,85000000
2026-05-28 12:30:38.612,2026/05/28/[$LATEST]5989da090f7445fcb92f7c32ee76dd46,1.7,,86000000
2026-05-28 12:30:38.612,2026/05/28/[$LATEST]5724bbfcea774384b83b606c0c42d806,2.02,,86000000
2026-05-28 12:30:38.612,2026/05/28/[$LATEST]7de6c63704704001920746bd5ec85dd3,1.63,,85000000
2026-05-28 12:30:38.614,2026/05/28/[$LATEST]645d0a3985b047aa91261d33b7d29c16,1.56,,86000000
2026-05-28 12:30:38.616,2026/05/28/[$LATEST]188cc19e71ed4e0bb96c479aefb33946,1.8,,86000000
2026-05-28 12:30:38.629,2026/05/28/[$LATEST]5724bbfcea774384b83b606c0c42d806,11.88,,86000000
2026-05-28 12:30:38.629,2026/05/28/[$LATEST]188cc19e71ed4e0bb96c479aefb33946,4.71,,86000000
2026-05-28 12:30:38.635,2026/05/28/[$LATEST]2faaf80cfd9d45a1b10ad92bea2bdc23,1.54,,86000000
2026-05-28 12:30:38.635,2026/05/28/[$LATEST]5989da090f7445fcb92f7c32ee76dd46,1.88,,86000000
2026-05-28 12:30:38.638,2026/05/28/[$LATEST]645d0a3985b047aa91261d33b7d29c16,1.81,,86000000
2026-05-28 12:30:38.644,2026/05/28/[$LATEST]2faaf80cfd9d45a1b10ad92bea2bdc23,1.41,,86000000
2026-05-28 12:30:38.660,2026/05/28/[$LATEST]2faaf80cfd9d45a1b10ad92bea2bdc23,1.57,,86000000
2026-05-28 12:30:38.671,2026/05/28/[$LATEST]2faaf80cfd9d45a1b10ad92bea2bdc23,1.58,,86000000
2026-05-28 12:30:38.673,2026/05/28/[$LATEST]5989da090f7445fcb92f7c32ee76dd46,1.8,,86000000
2026-05-28 12:30:38.681,2026/05/28/[$LATEST]645d0a3985b047aa91261d33b7d29c16,1.81,,86000000
2026-05-28 12:30:38.698,2026/05/28/[$LATEST]645d0a3985b047aa91261d33b7d29c16,7.77,,86000000
2026-05-28 12:30:38.703,2026/05/28/[$LATEST]5989da090f7445fcb92f7c32ee76dd46,1.76,,86000000
2026-05-28 12:30:38.706,2026/05/28/[$LATEST]2faaf80cfd9d45a1b10ad92bea2bdc23,1.57,,86000000
2026-05-28 12:30:38.709,2026/05/28/[$LATEST]188cc19e71ed4e0bb96c479aefb33946,1.81,,86000000
2026-05-28 12:30:38.709,2026/05/28/[$LATEST]7de6c63704704001920746bd5ec85dd3,1.62,,85000000
2026-05-28 12:30:38.718,2026/05/28/[$LATEST]645d0a3985b047aa91261d33b7d29c16,13.36,,86000000
2026-05-28 12:30:38.736,2026/05/28/[$LATEST]188cc19e71ed4e0bb96c479aefb33946,1.8,,86000000
2026-05-28 12:30:38.739,2026/05/28/[$LATEST]645d0a3985b047aa91261d33b7d29c16,2.13,,86000000
2026-05-28 12:30:38.748,2026/05/28/[$LATEST]188cc19e71ed4e0bb96c479aefb33946,5.37,,86000000
2026-05-28 12:30:38.756,2026/05/28/[$LATEST]2faaf80cfd9d45a1b10ad92bea2bdc23,1.6,,86000000
2026-05-28 12:30:38.766,2026/05/28/[$LATEST]7de6c63704704001920746bd5ec85dd3,1.68,,85000000
2026-05-28 12:30:38.767,2026/05/28/[$LATEST]645d0a3985b047aa91261d33b7d29c16,1.69,,86000000
2026-05-28 12:30:38.769,2026/05/28/[$LATEST]4f6d928700b0454089f4d3ba5806fd95,1.9,,85000000
2026-05-28 12:30:38.777,2026/05/28/[$LATEST]2faaf80cfd9d45a1b10ad92bea2bdc23,1.69,,86000000
2026-05-28 12:30:38.783,2026/05/28/[$LATEST]188cc19e71ed4e0bb96c479aefb33946,1.79,,86000000
2026-05-28 12:30:38.784,2026/05/28/[$LATEST]5989da090f7445fcb92f7c32ee76dd46,1.79,,86000000
2026-05-28 12:30:38.787,2026/05/28/[$LATEST]4f6d928700b0454089f4d3ba5806fd95,2.14,,85000000
2026-05-28 12:30:38.799,2026/05/28/[$LATEST]5989da090f7445fcb92f7c32ee76dd46,7.4,,86000000
2026-05-28 12:30:38.817,2026/05/28/[$LATEST]4f6d928700b0454089f4d3ba5806fd95,1.96,,85000000
2026-05-28 12:30:38.821,2026/05/28/[$LATEST]5989da090f7445fcb92f7c32ee76dd46,2.74,,86000000
2026-05-28 12:30:38.823,2026/05/28/[$LATEST]2faaf80cfd9d45a1b10ad92bea2bdc23,1.61,,86000000
2026-05-28 12:30:38.823,2026/05/28/[$LATEST]188cc19e71ed4e0bb96c479aefb33946,2,,86000000
2026-05-28 12:30:38.825,2026/05/28/[$LATEST]cfb0e958f4874281914ba0b7a1a72bef,1.84,,86000000
2026-05-28 12:30:38.825,2026/05/28/[$LATEST]5724bbfcea774384b83b606c0c42d806,2.51,,86000000
2026-05-28 12:30:38.836,2026/05/28/[$LATEST]4f6d928700b0454089f4d3ba5806fd95,3.88,,85000000
2026-05-28 12:30:38.841,2026/05/28/[$LATEST]cfb0e958f4874281914ba0b7a1a72bef,3.62,,86000000
2026-05-28 12:30:38.843,2026/05/28/[$LATEST]5724bbfcea774384b83b606c0c42d806,1.87,,86000000
2026-05-28 12:30:38.847,2026/05/28/[$LATEST]2faaf80cfd9d45a1b10ad92bea2bdc23,1.7,,86000000
2026-05-28 12:30:38.851,2026/05/28/[$LATEST]5724bbfcea774384b83b606c0c42d806,1.97,,86000000
2026-05-28 12:30:38.855,2026/05/28/[$LATEST]4f6d928700b0454089f4d3ba5806fd95,8.92,,85000000
2026-05-28 12:30:38.861,2026/05/28/[$LATEST]645d0a3985b047aa91261d33b7d29c16,1.72,,86000000
2026-05-28 12:30:38.866,2026/05/28/[$LATEST]4f6d928700b0454089f4d3ba5806fd95,1.9,,85000000
2026-05-28 12:30:38.870,2026/05/28/[$LATEST]5724bbfcea774384b83b606c0c42d806,2.62,,86000000
2026-05-28 12:30:38.888,2026/05/28/[$LATEST]5724bbfcea774384b83b606c0c42d806,3,,86000000
2026-05-28 12:30:38.890,2026/05/28/[$LATEST]4f6d928700b0454089f4d3ba5806fd95,1.76,,85000000
2026-05-28 12:30:38.897,2026/05/28/[$LATEST]7de6c63704704001920746bd5ec85dd3,1.77,,85000000
2026-05-28 12:30:38.899,2026/05/28/[$LATEST]645d0a3985b047aa91261d33b7d29c16,6.29,,86000000
2026-05-28 12:30:38.901,2026/05/28/[$LATEST]4f6d928700b0454089f4d3ba5806fd95,1.76,,85000000
2026-05-28 12:30:38.909,2026/05/28/[$LATEST]5724bbfcea774384b83b606c0c42d806,2.27,,86000000
2026-05-28 12:30:38.916,2026/05/28/[$LATEST]4f6d928700b0454089f4d3ba5806fd95,7.09,,85000000
2026-05-28 12:30:38.917,2026/05/28/[$LATEST]5724bbfcea774384b83b606c0c42d806,2.51,,86000000
2026-05-28 12:30:38.919,2026/05/28/[$LATEST]645d0a3985b047aa91261d33b7d29c16,1.54,,86000000
2026-05-28 12:30:38.934,2026/05/28/[$LATEST]4f6d928700b0454089f4d3ba5806fd95,1.81,,85000000
2026-05-28 12:30:38.936,2026/05/28/[$LATEST]2faaf80cfd9d45a1b10ad92bea2bdc23,1.54,,86000000
2026-05-28 12:30:38.938,2026/05/28/[$LATEST]cfb0e958f4874281914ba0b7a1a72bef,1.76,,86000000
2026-05-28 12:30:38.939,2026/05/28/[$LATEST]5724bbfcea774384b83b606c0c42d806,2.48,,86000000
2026-05-28 12:30:38.951,2026/05/28/[$LATEST]4f6d928700b0454089f4d3ba5806fd95,1.68,,85000000
2026-05-28 12:30:38.959,2026/05/28/[$LATEST]7de6c63704704001920746bd5ec85dd3,1.76,,85000000
2026-05-28 12:30:38.962,2026/05/28/[$LATEST]645d0a3985b047aa91261d33b7d29c16,1.69,,86000000
2026-05-28 12:30:38.964,2026/05/28/[$LATEST]cfb0e958f4874281914ba0b7a1a72bef,1.79,,86000000
2026-05-28 12:30:38.970,2026/05/28/[$LATEST]5724bbfcea774384b83b606c0c42d806,20.48,,86000000
2026-05-28 12:30:38.977,2026/05/28/[$LATEST]645d0a3985b047aa91261d33b7d29c16,2.24,,86000000
2026-05-28 12:30:38.981,2026/05/28/[$LATEST]cfb0e958f4874281914ba0b7a1a72bef,8.13,,86000000
2026-05-28 12:30:39.001,2026/05/28/[$LATEST]cfb0e958f4874281914ba0b7a1a72bef,7.02,,86000000
2026-05-28 12:30:39.001,2026/05/28/[$LATEST]5724bbfcea774384b83b606c0c42d806,2.01,,86000000
2026-05-28 12:30:39.007,2026/05/28/[$LATEST]2faaf80cfd9d45a1b10ad92bea2bdc23,1.66,,86000000
2026-05-28 12:30:39.014,2026/05/28/[$LATEST]645d0a3985b047aa91261d33b7d29c16,1.71,,86000000
2026-05-28 12:30:39.020,2026/05/28/[$LATEST]645d0a3985b047aa91261d33b7d29c16,1.57,,86000000
2026-05-28 12:30:39.021,2026/05/28/[$LATEST]cfb0e958f4874281914ba0b7a1a72bef,10.51,,86000000
2026-05-28 12:30:39.023,2026/05/28/[$LATEST]7de6c63704704001920746bd5ec85dd3,1.55,,85000000
2026-05-28 12:30:39.035,2026/05/28/[$LATEST]7de6c63704704001920746bd5ec85dd3,1.62,,85000000
2026-05-28 12:30:39.041,2026/05/28/[$LATEST]cfb0e958f4874281914ba0b7a1a72bef,9.94,,86000000
2026-05-28 12:30:39.042,2026/05/28/[$LATEST]2faaf80cfd9d45a1b10ad92bea2bdc23,1.63,,86000000
2026-05-28 12:30:39.050,2026/05/28/[$LATEST]5724bbfcea774384b83b606c0c42d806,6.39,,86000000
2026-05-28 12:30:39.054,2026/05/28/[$LATEST]7de6c63704704001920746bd5ec85dd3,6.39,,85000000
2026-05-28 12:30:39.055,2026/05/28/[$LATEST]645d0a3985b047aa91261d33b7d29c16,1.8,,86000000
2026-05-28 12:30:39.067,2026/05/28/[$LATEST]5724bbfcea774384b83b606c0c42d806,1.96,,86000000
2026-05-28 12:30:39.071,2026/05/28/[$LATEST]2faaf80cfd9d45a1b10ad92bea2bdc23,1.85,,86000000
2026-05-28 12:30:39.073,2026/05/28/[$LATEST]cfb0e958f4874281914ba0b7a1a72bef,1.69,,86000000
2026-05-28 12:30:39.079,2026/05/28/[$LATEST]5724bbfcea774384b83b606c0c42d806,1.83,,86000000
2026-05-28 12:30:39.083,2026/05/28/[$LATEST]645d0a3985b047aa91261d33b7d29c16,1.59,,86000000
2026-05-28 12:30:39.088,2026/05/28/[$LATEST]2faaf80cfd9d45a1b10ad92bea2bdc23,5.7,,86000000
2026-05-28 12:30:39.093,2026/05/28/[$LATEST]5724bbfcea774384b83b606c0c42d806,2.19,,86000000
2026-05-28 12:30:39.105,2026/05/28/[$LATEST]2faaf80cfd9d45a1b10ad92bea2bdc23,10.75,,86000000
2026-05-28 12:30:39.109,2026/05/28/[$LATEST]5724bbfcea774384b83b606c0c42d806,3.48,,86000000
2026-05-28 12:30:39.111,2026/05/28/[$LATEST]cfb0e958f4874281914ba0b7a1a72bef,1.87,,86000000
2026-05-28 12:30:39.111,2026/05/28/[$LATEST]4f6d928700b0454089f4d3ba5806fd95,1.85,,85000000
2026-05-28 12:30:39.112,2026/05/28/[$LATEST]188cc19e71ed4e0bb96c479aefb33946,1.96,,86000000
2026-05-28 12:30:39.112,2026/05/28/[$LATEST]09b41d5fd2894f389e30ae58462b1250,1.8,,85000000
2026-05-28 12:30:39.113,2026/05/28/[$LATEST]7de6c63704704001920746bd5ec85dd3,3.63,,85000000
2026-05-28 12:30:39.114,2026/05/28/[$LATEST]15737d93c14242db96065ddfaa294dc4,1.98,,85000000
2026-05-28 12:30:39.117,2026/05/28/[$LATEST]645d0a3985b047aa91261d33b7d29c16,15.13,,86000000
2026-05-28 12:30:39.124,2026/05/28/[$LATEST]2faaf80cfd9d45a1b10ad92bea2bdc23,5.61,,86000000
2026-05-28 12:30:39.131,2026/05/28/[$LATEST]188cc19e71ed4e0bb96c479aefb33946,1.91,,86000000
2026-05-28 12:30:39.131,2026/05/28/[$LATEST]09b41d5fd2894f389e30ae58462b1250,1.71,,85000000
2026-05-28 12:30:39.132,2026/05/28/[$LATEST]15737d93c14242db96065ddfaa294dc4,6.26,,85000000
2026-05-28 12:30:39.133,2026/05/28/[$LATEST]4f6d928700b0454089f4d3ba5806fd95,1.82,,85000000
2026-05-28 12:30:39.135,2026/05/28/[$LATEST]7de6c63704704001920746bd5ec85dd3,1.71,,85000000
2026-05-28 12:30:39.137,2026/05/28/[$LATEST]645d0a3985b047aa91261d33b7d29c16,11.65,,86000000
2026-05-28 12:30:39.141,2026/05/28/[$LATEST]4f6d928700b0454089f4d3ba5806fd95,1.74,,85000000
2026-05-28 12:30:39.141,2026/05/28/[$LATEST]96c6e01348cf4245968782a1abd6eaeb,5.15,770.71,85000000
2026-05-28 12:30:39.143,2026/05/28/[$LATEST]7de6c63704704001920746bd5ec85dd3,1.36,,85000000
2026-05-28 12:30:39.148,2026/05/28/[$LATEST]188cc19e71ed4e0bb96c479aefb33946,3.4,,86000000
2026-05-28 12:30:39.152,2026/05/28/[$LATEST]15737d93c14242db96065ddfaa294dc4,6.16,,85000000
2026-05-28 12:30:39.157,2026/05/28/[$LATEST]7de6c63704704001920746bd5ec85dd3,1.38,,85000000
2026-05-28 12:30:39.158,2026/05/28/[$LATEST]645d0a3985b047aa91261d33b7d29c16,12.49,,86000000
2026-05-28 12:30:39.160,2026/05/28/[$LATEST]2faaf80cfd9d45a1b10ad92bea2bdc23,1.65,,86000000
2026-05-28 12:30:39.161,2026/05/28/[$LATEST]15737d93c14242db96065ddfaa294dc4,1.57,,85000000
2026-05-28 12:30:39.161,2026/05/28/[$LATEST]96c6e01348cf4245968782a1abd6eaeb,12.41,,85000000
2026-05-28 12:30:39.167,2026/05/28/[$LATEST]2faaf80cfd9d45a1b10ad92bea2bdc23,1.34,,86000000
2026-05-28 12:30:39.168,2026/05/28/[$LATEST]188cc19e71ed4e0bb96c479aefb33946,11.33,,86000000
2026-05-28 12:30:39.175,2026/05/28/[$LATEST]7de6c63704704001920746bd5ec85dd3,9.75,,85000000
2026-05-28 12:30:39.177,2026/05/28/[$LATEST]645d0a3985b047aa91261d33b7d29c16,13.94,,86000000
2026-05-28 12:30:39.181,2026/05/28/[$LATEST]96c6e01348cf4245968782a1abd6eaeb,2.03,,85000000
2026-05-28 12:30:39.182,2026/05/28/[$LATEST]09b41d5fd2894f389e30ae58462b1250,1.76,,85000000
2026-05-28 12:30:39.184,2026/05/28/[$LATEST]2faaf80cfd9d45a1b10ad92bea2bdc23,1.46,,86000000
2026-05-28 12:30:39.187,2026/05/28/[$LATEST]cfb0e958f4874281914ba0b7a1a72bef,1.7,,86000000
2026-05-28 12:30:39.187,2026/05/28/[$LATEST]188cc19e71ed4e0bb96c479aefb33946,1.82,,86000000
2026-05-28 12:30:39.191,2026/05/28/[$LATEST]15737d93c14242db96065ddfaa294dc4,4.91,,85000000
2026-05-28 12:30:39.193,2026/05/28/[$LATEST]09b41d5fd2894f389e30ae58462b1250,3.61,,85000000
2026-05-28 12:30:39.196,2026/05/28/[$LATEST]4f6d928700b0454089f4d3ba5806fd95,4.87,,85000000
2026-05-28 12:30:39.196,2026/05/28/[$LATEST]7de6c63704704001920746bd5ec85dd3,1.65,,85000000
2026-05-28 12:30:39.198,2026/05/28/[$LATEST]2faaf80cfd9d45a1b10ad92bea2bdc23,2.16,,86000000
2026-05-28 12:30:39.199,2026/05/28/[$LATEST]5724bbfcea774384b83b606c0c42d806,2.15,,86000000
2026-05-28 12:30:39.200,2026/05/28/[$LATEST]96c6e01348cf4245968782a1abd6eaeb,3.48,,85000000
2026-05-28 12:30:39.201,2026/05/28/[$LATEST]cfb0e958f4874281914ba0b7a1a72bef,5.34,,86000000
2026-05-28 12:30:39.208,2026/05/28/[$LATEST]188cc19e71ed4e0bb96c479aefb33946,2.69,,86000000
2026-05-28 12:30:39.221,2026/05/28/[$LATEST]cfb0e958f4874281914ba0b7a1a72bef,2.31,,86000000
2026-05-28 12:30:39.223,2026/05/28/[$LATEST]96c6e01348cf4245968782a1abd6eaeb,1.74,,85000000
2026-05-28 12:30:39.225,2026/05/28/[$LATEST]5724bbfcea774384b83b606c0c42d806,2.03,,86000000
2026-05-28 12:30:39.230,2026/05/28/[$LATEST]188cc19e71ed4e0bb96c479aefb33946,2.38,,86000000
2026-05-28 12:30:39.231,2026/05/28/[$LATEST]cfb0e958f4874281914ba0b7a1a72bef,1.58,,86000000
2026-05-28 12:30:39.237,2026/05/28/[$LATEST]4f6d928700b0454089f4d3ba5806fd95,1.85,,85000000
2026-05-28 12:30:39.239,2026/05/28/[$LATEST]96c6e01348cf4245968782a1abd6eaeb,1.5,,85000000
2026-05-28 12:30:39.242,2026/05/28/[$LATEST]7de6c63704704001920746bd5ec85dd3,1.71,,85000000
2026-05-28 12:30:39.243,2026/05/28/[$LATEST]cfb0e958f4874281914ba0b7a1a72bef,1.62,,86000000
2026-05-28 12:30:39.254,2026/05/28/[$LATEST]7de6c63704704001920746bd5ec85dd3,7.89,,85000000
2026-05-28 12:30:39.261,2026/05/28/[$LATEST]cfb0e958f4874281914ba0b7a1a72bef,2.8,,86000000
2026-05-28 12:30:39.264,2026/05/28/[$LATEST]188cc19e71ed4e0bb96c479aefb33946,2.62,,86000000
2026-05-28 12:30:39.276,2026/05/28/[$LATEST]188cc19e71ed4e0bb96c479aefb33946,1.81,,86000000
2026-05-28 12:30:39.279,2026/05/28/[$LATEST]5724bbfcea774384b83b606c0c42d806,1.75,,86000000
2026-05-28 12:30:39.281,2026/05/28/[$LATEST]cfb0e958f4874281914ba0b7a1a72bef,4.84,,86000000
2026-05-28 12:30:39.286,2026/05/28/[$LATEST]7de6c63704704001920746bd5ec85dd3,1.64,,85000000
2026-05-28 12:30:39.289,2026/05/28/[$LATEST]188cc19e71ed4e0bb96c479aefb33946,1.7,,86000000
2026-05-28 12:30:39.291,2026/05/28/[$LATEST]5724bbfcea774384b83b606c0c42d806,2,,86000000
2026-05-28 12:30:39.292,2026/05/28/[$LATEST]96c6e01348cf4245968782a1abd6eaeb,3.41,,85000000
2026-05-28 12:30:39.308,2026/05/28/[$LATEST]7de6c63704704001920746bd5ec85dd3,1.52,,85000000
2026-05-28 12:30:39.309,2026/05/28/[$LATEST]96c6e01348cf4245968782a1abd6eaeb,1.97,,85000000
2026-05-28 12:30:39.312,2026/05/28/[$LATEST]5724bbfcea774384b83b606c0c42d806,2.44,,86000000
2026-05-28 12:30:39.328,2026/05/28/[$LATEST]188cc19e71ed4e0bb96c479aefb33946,1.95,,86000000
2026-05-28 12:30:39.330,2026/05/28/[$LATEST]cfb0e958f4874281914ba0b7a1a72bef,1.71,,86000000
2026-05-28 12:30:39.336,2026/05/28/[$LATEST]96c6e01348cf4245968782a1abd6eaeb,1.99,,85000000
2026-05-28 12:30:39.337,2026/05/28/[$LATEST]188cc19e71ed4e0bb96c479aefb33946,2.21,,86000000
2026-05-28 12:30:39.338,2026/05/28/[$LATEST]5724bbfcea774384b83b606c0c42d806,18.05,,86000000
2026-05-28 12:30:39.340,2026/05/28/[$LATEST]cfb0e958f4874281914ba0b7a1a72bef,2.43,,86000000
2026-05-28 12:30:39.348,2026/05/28/[$LATEST]96c6e01348cf4245968782a1abd6eaeb,1.91,,85000000
2026-05-28 12:30:39.350,2026/05/28/[$LATEST]cfb0e958f4874281914ba0b7a1a72bef,1.64,,86000000
2026-05-28 12:30:39.357,2026/05/28/[$LATEST]7de6c63704704001920746bd5ec85dd3,1.72,,85000000
2026-05-28 12:30:39.357,2026/05/28/[$LATEST]5724bbfcea774384b83b606c0c42d806,2.24,,86000000
2026-05-28 12:30:39.369,2026/05/28/[$LATEST]cfb0e958f4874281914ba0b7a1a72bef,1.72,,86000000
2026-05-28 12:30:39.370,2026/05/28/[$LATEST]5724bbfcea774384b83b606c0c42d806,1.87,,86000000
2026-05-28 12:30:39.374,2026/05/28/[$LATEST]96c6e01348cf4245968782a1abd6eaeb,1.89,,85000000
2026-05-28 12:30:39.375,2026/05/28/[$LATEST]7de6c63704704001920746bd5ec85dd3,4.88,,85000000
2026-05-28 12:30:39.375,2026/05/28/[$LATEST]4f6d928700b0454089f4d3ba5806fd95,2.01,,85000000
2026-05-28 12:30:39.375,2026/05/28/[$LATEST]188cc19e71ed4e0bb96c479aefb33946,1.78,,86000000
2026-05-28 12:30:39.381,2026/05/28/[$LATEST]09b41d5fd2894f389e30ae58462b1250,1.64,,85000000
2026-05-28 12:30:39.381,2026/05/28/[$LATEST]15737d93c14242db96065ddfaa294dc4,1.8,,85000000
2026-05-28 12:30:39.395,2026/05/28/[$LATEST]188cc19e71ed4e0bb96c479aefb33946,1.83,,86000000
2026-05-28 12:30:39.404,2026/05/28/[$LATEST]5724bbfcea774384b83b606c0c42d806,2.04,,86000000
2026-05-28 12:30:39.420,2026/05/28/[$LATEST]15737d93c14242db96065ddfaa294dc4,1.76,,85000000
2026-05-28 12:30:39.425,2026/05/28/[$LATEST]5724bbfcea774384b83b606c0c42d806,1.99,,86000000
2026-05-28 12:30:39.432,2026/05/28/[$LATEST]09b41d5fd2894f389e30ae58462b1250,1.67,,85000000
2026-05-28 12:30:39.434,2026/05/28/[$LATEST]15737d93c14242db96065ddfaa294dc4,1.58,,85000000
2026-05-28 12:30:39.445,2026/05/28/[$LATEST]5724bbfcea774384b83b606c0c42d806,1.95,,86000000
2026-05-28 12:30:39.453,2026/05/28/[$LATEST]15737d93c14242db96065ddfaa294dc4,5.7,,85000000
2026-05-28 12:30:39.453,2026/05/28/[$LATEST]09b41d5fd2894f389e30ae58462b1250,1.95,,85000000
2026-05-28 12:30:39.462,2026/05/28/[$LATEST]188cc19e71ed4e0bb96c479aefb33946,1.91,,86000000
2026-05-28 12:30:39.462,2026/05/28/[$LATEST]5724bbfcea774384b83b606c0c42d806,2.15,,86000000
2026-05-28 12:30:39.467,2026/05/28/[$LATEST]cfb0e958f4874281914ba0b7a1a72bef,1.8,,86000000
2026-05-28 12:30:39.485,2026/05/28/[$LATEST]15737d93c14242db96065ddfaa294dc4,1.71,,85000000
2026-05-28 12:30:39.490,2026/05/28/[$LATEST]09b41d5fd2894f389e30ae58462b1250,1.99,,85000000
2026-05-28 12:30:39.509,2026/05/28/[$LATEST]cfb0e958f4874281914ba0b7a1a72bef,1.9,,86000000
2026-05-28 12:30:39.510,2026/05/28/[$LATEST]188cc19e71ed4e0bb96c479aefb33946,1.82,,86000000
2026-05-28 12:30:39.513,2026/05/28/[$LATEST]15737d93c14242db96065ddfaa294dc4,1.93,,85000000
2026-05-28 12:30:39.514,2026/05/28/[$LATEST]09b41d5fd2894f389e30ae58462b1250,17.28,,85000000
2026-05-28 12:30:39.519,2026/05/28/[$LATEST]4f6d928700b0454089f4d3ba5806fd95,1.79,,85000000
2026-05-28 12:30:39.528,2026/05/28/[$LATEST]188cc19e71ed4e0bb96c479aefb33946,2.42,,86000000
2026-05-28 12:30:39.531,2026/05/28/[$LATEST]cfb0e958f4874281914ba0b7a1a72bef,1.75,,86000000
2026-05-28 12:30:39.534,2026/05/28/[$LATEST]5724bbfcea774384b83b606c0c42d806,1.66,,86000000
2026-05-28 12:30:39.535,2026/05/28/[$LATEST]4f6d928700b0454089f4d3ba5806fd95,3.77,,85000000
2026-05-28 12:30:39.537,2026/05/28/[$LATEST]188cc19e71ed4e0bb96c479aefb33946,1.69,,86000000
2026-05-28 12:30:39.538,2026/05/28/[$LATEST]09b41d5fd2894f389e30ae58462b1250,1.85,,85000000
2026-05-28 12:30:39.552,2026/05/28/[$LATEST]188cc19e71ed4e0bb96c479aefb33946,1.71,,86000000
2026-05-28 12:30:39.558,2026/05/28/[$LATEST]09b41d5fd2894f389e30ae58462b1250,1.84,,85000000
2026-05-28 12:30:39.560,2026/05/28/[$LATEST]5724bbfcea774384b83b606c0c42d806,2.31,,86000000
2026-05-28 12:30:39.567,2026/05/28/[$LATEST]cfb0e958f4874281914ba0b7a1a72bef,2.6,,86000000
2026-05-28 12:30:39.568,2026/05/28/[$LATEST]188cc19e71ed4e0bb96c479aefb33946,7.8,,86000000
2026-05-28 12:30:39.568,2026/05/28/[$LATEST]4f6d928700b0454089f4d3ba5806fd95,1.93,,85000000
2026-05-28 12:30:39.571,2026/05/28/[$LATEST]15737d93c14242db96065ddfaa294dc4,1.62,,85000000
2026-05-28 12:30:39.574,2026/05/28/[$LATEST]09b41d5fd2894f389e30ae58462b1250,8.16,,85000000
2026-05-28 12:30:39.590,2026/05/28/[$LATEST]188cc19e71ed4e0bb96c479aefb33946,1.85,,86000000
2026-05-28 12:30:39.593,2026/05/28/[$LATEST]cfb0e958f4874281914ba0b7a1a72bef,1.72,,86000000
2026-05-28 12:30:39.597,2026/05/28/[$LATEST]15737d93c14242db96065ddfaa294dc4,1.78,,85000000
2026-05-28 12:30:39.599,2026/05/28/[$LATEST]4f6d928700b0454089f4d3ba5806fd95,2,,85000000
2026-05-28 12:30:39.613,2026/05/28/[$LATEST]188cc19e71ed4e0bb96c479aefb33946,1.73,,86000000
2026-05-28 12:30:39.613,2026/05/28/[$LATEST]09b41d5fd2894f389e30ae58462b1250,19.38,,85000000
2026-05-28 12:30:39.616,2026/05/28/[$LATEST]4f6d928700b0454089f4d3ba5806fd95,2.71,,85000000
2026-05-28 12:30:39.619,2026/05/28/[$LATEST]cfb0e958f4874281914ba0b7a1a72bef,1.74,,86000000
2026-05-28 12:30:39.631,2026/05/28/[$LATEST]cfb0e958f4874281914ba0b7a1a72bef,1.63,,86000000
2026-05-28 12:30:39.635,2026/05/28/[$LATEST]09b41d5fd2894f389e30ae58462b1250,10.5,,85000000
2026-05-28 12:30:39.635,2026/05/28/[$LATEST]4f6d928700b0454089f4d3ba5806fd95,5.89,,85000000
2026-05-28 12:30:39.637,2026/05/28/[$LATEST]15737d93c14242db96065ddfaa294dc4,1.75,,85000000
2026-05-28 12:30:39.641,2026/05/28/[$LATEST]7de6c63704704001920746bd5ec85dd3,2.14,,85000000
2026-05-28 12:30:39.641,2026/05/28/[$LATEST]96c6e01348cf4245968782a1abd6eaeb,2.05,,85000000
2026-05-28 12:30:39.645,2026/05/28/[$LATEST]188cc19e71ed4e0bb96c479aefb33946,1.79,,86000000
2026-05-28 12:30:39.646,2026/05/28/[$LATEST]cfb0e958f4874281914ba0b7a1a72bef,1.91,,86000000
2026-05-28 12:30:39.655,2026/05/28/[$LATEST]7de6c63704704001920746bd5ec85dd3,1.59,,85000000
2026-05-28 12:30:39.661,2026/05/28/[$LATEST]cfb0e958f4874281914ba0b7a1a72bef,7.63,,86000000
2026-05-28 12:30:39.661,2026/05/28/[$LATEST]96c6e01348cf4245968782a1abd6eaeb,12.9,,85000000
2026-05-28 12:30:39.674,2026/05/28/[$LATEST]7de6c63704704001920746bd5ec85dd3,8.73,,85000000
2026-05-28 12:30:39.689,2026/05/28/[$LATEST]cfb0e958f4874281914ba0b7a1a72bef,1.79,,86000000
2026-05-28 12:30:39.690,2026/05/28/[$LATEST]188cc19e71ed4e0bb96c479aefb33946,1.76,,86000000
2026-05-28 12:30:39.692,2026/05/28/[$LATEST]5724bbfcea774384b83b606c0c42d806,2.2,,86000000
2026-05-28 12:30:39.695,2026/05/28/[$LATEST]7de6c63704704001920746bd5ec85dd3,8.85,,85000000
2026-05-28 12:30:39.716,2026/05/28/[$LATEST]7de6c63704704001920746bd5ec85dd3,1.75,,85000000
2026-05-28 12:30:39.719,2026/05/28/[$LATEST]96c6e01348cf4245968782a1abd6eaeb,1.67,,85000000
2026-05-28 12:30:39.723,2026/05/28/[$LATEST]5724bbfcea774384b83b606c0c42d806,1.75,,86000000
2026-05-28 12:30:39.726,2026/05/28/[$LATEST]15737d93c14242db96065ddfaa294dc4,1.46,,85000000
2026-05-28 12:30:39.735,2026/05/28/[$LATEST]7de6c63704704001920746bd5ec85dd3,11.82,,85000000
2026-05-28 12:30:39.736,2026/05/28/[$LATEST]15737d93c14242db96065ddfaa294dc4,1.53,,85000000
2026-05-28 12:30:39.744,2026/05/28/[$LATEST]96c6e01348cf4245968782a1abd6eaeb,6.24,,85000000
2026-05-28 12:30:39.750,2026/05/28/[$LATEST]5724bbfcea774384b83b606c0c42d806,5.21,,86000000
2026-05-28 12:30:39.753,2026/05/28/[$LATEST]7de6c63704704001920746bd5ec85dd3,1.44,,85000000
2026-05-28 12:30:39.754,2026/05/28/[$LATEST]188cc19e71ed4e0bb96c479aefb33946,1.88,,86000000
2026-05-28 12:30:39.778,2026/05/28/[$LATEST]7de6c63704704001920746bd5ec85dd3,1.55,,85000000
2026-05-28 12:30:39.783,2026/05/28/[$LATEST]96c6e01348cf4245968782a1abd6eaeb,1.72,,85000000
2026-05-28 12:30:39.783,2026/05/28/[$LATEST]15737d93c14242db96065ddfaa294dc4,1.63,,85000000
2026-05-28 12:30:39.792,2026/05/28/[$LATEST]15737d93c14242db96065ddfaa294dc4,1.61,,85000000
2026-05-28 12:30:39.792,2026/05/28/[$LATEST]188cc19e71ed4e0bb96c479aefb33946,2.21,,86000000
2026-05-28 12:30:39.802,2026/05/28/[$LATEST]96c6e01348cf4245968782a1abd6eaeb,1.93,,85000000
2026-05-28 12:30:39.803,2026/05/28/[$LATEST]7de6c63704704001920746bd5ec85dd3,1.64,,85000000
2026-05-28 12:30:39.806,2026/05/28/[$LATEST]15737d93c14242db96065ddfaa294dc4,1.68,,85000000
2026-05-28 12:30:39.808,2026/05/28/[$LATEST]4f6d928700b0454089f4d3ba5806fd95,1.87,,85000000
2026-05-28 12:30:39.808,2026/05/28/[$LATEST]188cc19e71ed4e0bb96c479aefb33946,6.65,,86000000
2026-05-28 12:30:39.811,2026/05/28/[$LATEST]2faaf80cfd9d45a1b10ad92bea2bdc23,1.86,,86000000
2026-05-28 12:30:39.813,2026/05/28/[$LATEST]5989da090f7445fcb92f7c32ee76dd46,1.84,,86000000
2026-05-28 12:30:39.813,2026/05/28/[$LATEST]cfb0e958f4874281914ba0b7a1a72bef,1.8,,86000000
2026-05-28 12:30:39.814,2026/05/28/[$LATEST]5724bbfcea774384b83b606c0c42d806,1.9,,86000000
2026-05-28 12:30:39.842,2026/05/28/[$LATEST]4f6d928700b0454089f4d3ba5806fd95,1.97,,85000000
2026-05-28 12:30:39.848,2026/05/28/[$LATEST]15737d93c14242db96065ddfaa294dc4,1.67,,85000000
2026-05-28 12:30:39.858,2026/05/28/[$LATEST]15737d93c14242db96065ddfaa294dc4,1.43,,85000000
2026-05-28 12:30:39.860,2026/05/28/[$LATEST]5989da090f7445fcb92f7c32ee76dd46,1.9,,86000000
2026-05-28 12:30:39.868,2026/05/28/[$LATEST]5724bbfcea774384b83b606c0c42d806,1.9,,86000000
2026-05-28 12:30:39.872,2026/05/28/[$LATEST]15737d93c14242db96065ddfaa294dc4,6.25,,85000000
2026-05-28 12:30:39.875,2026/05/28/[$LATEST]4f6d928700b0454089f4d3ba5806fd95,1.84,,85000000
2026-05-28 12:30:39.885,2026/05/28/[$LATEST]4f6d928700b0454089f4d3ba5806fd95,1.68,,85000000
2026-05-28 12:30:39.900,2026/05/28/[$LATEST]5724bbfcea774384b83b606c0c42d806,2.01,,86000000
2026-05-28 12:30:39.912,2026/05/28/[$LATEST]4f6d928700b0454089f4d3ba5806fd95,1.78,,85000000
2026-05-28 12:30:39.913,2026/05/28/[$LATEST]5724bbfcea774384b83b606c0c42d806,2.38,,86000000
2026-05-28 12:30:39.915,2026/05/28/[$LATEST]15737d93c14242db96065ddfaa294dc4,2.25,,85000000
2026-05-28 12:30:39.926,2026/05/28/[$LATEST]5989da090f7445fcb92f7c32ee76dd46,1.8,,86000000
2026-05-28 12:30:39.930,2026/05/28/[$LATEST]5724bbfcea774384b83b606c0c42d806,11.58,,86000000
2026-05-28 12:30:39.933,2026/05/28/[$LATEST]15737d93c14242db96065ddfaa294dc4,4.57,,85000000
2026-05-28 12:30:39.943,2026/05/28/[$LATEST]5989da090f7445fcb92f7c32ee76dd46,1.86,,86000000
2026-05-28 12:30:39.944,2026/05/28/[$LATEST]4f6d928700b0454089f4d3ba5806fd95,1.88,,85000000
2026-05-28 12:30:39.949,2026/05/28/[$LATEST]5724bbfcea774384b83b606c0c42d806,8.82,,86000000
2026-05-28 12:30:39.952,2026/05/28/[$LATEST]15737d93c14242db96065ddfaa294dc4,8.05,,85000000
2026-05-28 12:30:39.959,2026/05/28/[$LATEST]5989da090f7445fcb92f7c32ee76dd46,9.4,,86000000
2026-05-28 12:30:39.968,2026/05/28/[$LATEST]4f6d928700b0454089f4d3ba5806fd95,1.88,,85000000
2026-05-28 12:30:39.972,2026/05/28/[$LATEST]15737d93c14242db96065ddfaa294dc4,8.87,,85000000
2026-05-28 12:30:39.972,2026/05/28/[$LATEST]5724bbfcea774384b83b606c0c42d806,2.46,,86000000
2026-05-28 12:30:39.973,2026/05/28/[$LATEST]cfb0e958f4874281914ba0b7a1a72bef,2.4,,86000000
2026-05-28 12:30:39.977,2026/05/28/[$LATEST]96c6e01348cf4245968782a1abd6eaeb,1.75,,85000000
2026-05-28 12:30:39.979,2026/05/28/[$LATEST]5989da090f7445fcb92f7c32ee76dd46,13.62,,86000000
2026-05-28 12:30:39.990,2026/05/28/[$LATEST]96c6e01348cf4245968782a1abd6eaeb,1.93,,85000000
2026-05-28 12:30:39.997,2026/05/28/[$LATEST]cfb0e958f4874281914ba0b7a1a72bef,1.74,,86000000
2026-05-28 12:30:39.998,2026/05/28/[$LATEST]5989da090f7445fcb92f7c32ee76dd46,1.91,,86000000
2026-05-28 12:30:40.000,2026/05/28/[$LATEST]5724bbfcea774384b83b606c0c42d806,2.56,,86000000
2026-05-28 12:30:40.010,2026/05/28/[$LATEST]5724bbfcea774384b83b606c0c42d806,2.38,,86000000
2026-05-28 12:30:40.013,2026/05/28/[$LATEST]96c6e01348cf4245968782a1abd6eaeb,1.81,,85000000
2026-05-28 12:30:40.016,2026/05/28/[$LATEST]15737d93c14242db96065ddfaa294dc4,1.72,,85000000
2026-05-28 12:30:40.050,2026/05/28/[$LATEST]15737d93c14242db96065ddfaa294dc4,1.77,,85000000
2026-05-28 12:30:40.052,2026/05/28/[$LATEST]5724bbfcea774384b83b606c0c42d806,2.58,,86000000
2026-05-28 12:30:40.059,2026/05/28/[$LATEST]15737d93c14242db96065ddfaa294dc4,1.52,,85000000
2026-05-28 12:30:40.060,2026/05/28/[$LATEST]96c6e01348cf4245968782a1abd6eaeb,1.88,,85000000
2026-05-28 12:30:40.068,2026/05/28/[$LATEST]5989da090f7445fcb92f7c32ee76dd46,1.94,,86000000
2026-05-28 12:30:40.070,2026/05/28/[$LATEST]5724bbfcea774384b83b606c0c42d806,2.25,,86000000
2026-05-28 12:30:40.072,2026/05/28/[$LATEST]cfb0e958f4874281914ba0b7a1a72bef,1.86,,86000000
2026-05-28 12:30:40.073,2026/05/28/[$LATEST]15737d93c14242db96065ddfaa294dc4,1.63,,85000000
2026-05-28 12:30:40.075,2026/05/28/[$LATEST]4f6d928700b0454089f4d3ba5806fd95,1.78,,85000000
2026-05-28 12:30:40.075,2026/05/28/[$LATEST]2faaf80cfd9d45a1b10ad92bea2bdc23,1.95,,86000000
2026-05-28 12:30:40.079,2026/05/28/[$LATEST]96c6e01348cf4245968782a1abd6eaeb,1.77,,85000000
2026-05-28 12:30:40.086,2026/05/28/[$LATEST]2faaf80cfd9d45a1b10ad92bea2bdc23,1.75,,86000000
2026-05-28 12:30:40.089,2026/05/28/[$LATEST]cfb0e958f4874281914ba0b7a1a72bef,1.77,,86000000
2026-05-28 12:30:40.092,2026/05/28/[$LATEST]5989da090f7445fcb92f7c32ee76dd46,1.88,,86000000
2026-05-28 12:30:40.092,2026/05/28/[$LATEST]5724bbfcea774384b83b606c0c42d806,2.73,,86000000
2026-05-28 12:30:40.094,2026/05/28/[$LATEST]96c6e01348cf4245968782a1abd6eaeb,1.95,,85000000
2026-05-28 12:30:40.095,2026/05/28/[$LATEST]4f6d928700b0454089f4d3ba5806fd95,1.67,,85000000
2026-05-28 12:30:40.097,2026/05/28/[$LATEST]15737d93c14242db96065ddfaa294dc4,1.72,,85000000
2026-05-28 12:30:40.099,2026/05/28/[$LATEST]7de6c63704704001920746bd5ec85dd3,1.54,,85000000
2026-05-28 12:30:40.101,2026/05/28/[$LATEST]cfb0e958f4874281914ba0b7a1a72bef,6.36,,86000000
2026-05-28 12:30:40.102,2026/05/28/[$LATEST]09b41d5fd2894f389e30ae58462b1250,1.56,,85000000
2026-05-28 12:30:40.105,2026/05/28/[$LATEST]5989da090f7445fcb92f7c32ee76dd46,1.77,,86000000
2026-05-28 12:30:40.109,2026/05/28/[$LATEST]645d0a3985b047aa91261d33b7d29c16,2.69,,86000000
2026-05-28 12:30:40.110,2026/05/28/[$LATEST]cfb0e958f4874281914ba0b7a1a72bef,1.62,,86000000
2026-05-28 12:30:40.112,2026/05/28/[$LATEST]2faaf80cfd9d45a1b10ad92bea2bdc23,1.64,,86000000
2026-05-28 12:30:40.127,2026/05/28/[$LATEST]2faaf80cfd9d45a1b10ad92bea2bdc23,1.47,,86000000
2026-05-28 12:30:40.128,2026/05/28/[$LATEST]5724bbfcea774384b83b606c0c42d806,19.97,,86000000
2026-05-28 12:30:40.134,2026/05/28/[$LATEST]7de6c63704704001920746bd5ec85dd3,9.89,,85000000
2026-05-28 12:30:40.136,2026/05/28/[$LATEST]645d0a3985b047aa91261d33b7d29c16,4.91,,86000000
2026-05-28 12:30:40.138,2026/05/28/[$LATEST]09b41d5fd2894f389e30ae58462b1250,1.71,,85000000
2026-05-28 12:30:40.141,2026/05/28/[$LATEST]7de6c63704704001920746bd5ec85dd3,1.41,,85000000
2026-05-28 12:30:40.147,2026/05/28/[$LATEST]5724bbfcea774384b83b606c0c42d806,2.06,,86000000
2026-05-28 12:30:40.149,2026/05/28/[$LATEST]2faaf80cfd9d45a1b10ad92bea2bdc23,1.61,,86000000
2026-05-28 12:30:40.157,2026/05/28/[$LATEST]7de6c63704704001920746bd5ec85dd3,1.62,,85000000
2026-05-28 12:30:40.164,2026/05/28/[$LATEST]2faaf80cfd9d45a1b10ad92bea2bdc23,8.3,,86000000
2026-05-28 12:30:40.169,2026/05/28/[$LATEST]09b41d5fd2894f389e30ae58462b1250,1.66,,85000000
2026-05-28 12:30:40.175,2026/05/28/[$LATEST]7de6c63704704001920746bd5ec85dd3,1.39,,85000000
2026-05-28 12:30:40.180,2026/05/28/[$LATEST]09b41d5fd2894f389e30ae58462b1250,1.55,,85000000
2026-05-28 12:30:40.186,2026/05/28/[$LATEST]5724bbfcea774384b83b606c0c42d806,1.98,,86000000
2026-05-28 12:30:40.193,2026/05/28/[$LATEST]cfb0e958f4874281914ba0b7a1a72bef,1.71,,86000000
2026-05-28 12:30:40.203,2026/05/28/[$LATEST]2faaf80cfd9d45a1b10ad92bea2bdc23,10.16,,86000000
2026-05-28 12:30:40.205,2026/05/28/[$LATEST]cfb0e958f4874281914ba0b7a1a72bef,2.05,,86000000
2026-05-28 12:30:40.217,2026/05/28/[$LATEST]09b41d5fd2894f389e30ae58462b1250,1.61,,85000000
2026-05-28 12:30:40.220,2026/05/28/[$LATEST]2faaf80cfd9d45a1b10ad92bea2bdc23,1.7,,86000000
2026-05-28 12:30:40.222,2026/05/28/[$LATEST]cfb0e958f4874281914ba0b7a1a72bef,7.63,,86000000
2026-05-28 12:30:40.233,2026/05/28/[$LATEST]09b41d5fd2894f389e30ae58462b1250,9.04,,85000000
2026-05-28 12:30:40.234,2026/05/28/[$LATEST]7de6c63704704001920746bd5ec85dd3,1.73,,85000000
2026-05-28 12:30:40.239,2026/05/28/[$LATEST]2faaf80cfd9d45a1b10ad92bea2bdc23,1.7,,86000000
2026-05-28 12:30:40.241,2026/05/28/[$LATEST]cfb0e958f4874281914ba0b7a1a72bef,4.15,,86000000
2026-05-28 12:30:40.241,2026/05/28/[$LATEST]7de6c63704704001920746bd5ec85dd3,1.44,,85000000
2026-05-28 12:30:40.255,2026/05/28/[$LATEST]7de6c63704704001920746bd5ec85dd3,1.47,,85000000
2026-05-28 12:30:40.260,2026/05/28/[$LATEST]cfb0e958f4874281914ba0b7a1a72bef,4.52,,86000000
2026-05-28 12:30:40.272,2026/05/28/[$LATEST]09b41d5fd2894f389e30ae58462b1250,1.79,,85000000
2026-05-28 12:30:40.273,2026/05/28/[$LATEST]7de6c63704704001920746bd5ec85dd3,1.26,,85000000
2026-05-28 12:30:40.274,2026/05/28/[$LATEST]645d0a3985b047aa91261d33b7d29c16,1.65,,86000000
2026-05-28 12:30:40.275,2026/05/28/[$LATEST]5724bbfcea774384b83b606c0c42d806,1.72,,86000000
2026-05-28 12:30:40.275,2026/05/28/[$LATEST]2faaf80cfd9d45a1b10ad92bea2bdc23,1.66,,86000000
2026-05-28 12:30:40.280,2026/05/28/[$LATEST]cfb0e958f4874281914ba0b7a1a72bef,3.59,,86000000
2026-05-28 12:30:40.281,2026/05/28/[$LATEST]645d0a3985b047aa91261d33b7d29c16,1.81,,86000000
2026-05-28 12:30:40.289,2026/05/28/[$LATEST]cfb0e958f4874281914ba0b7a1a72bef,1.81,,86000000
2026-05-28 12:30:40.290,2026/05/28/[$LATEST]7de6c63704704001920746bd5ec85dd3,1.68,,85000000
2026-05-28 12:30:40.290,2026/05/28/[$LATEST]5989da090f7445fcb92f7c32ee76dd46,1.68,,86000000
2026-05-28 12:30:40.295,2026/05/28/[$LATEST]2faaf80cfd9d45a1b10ad92bea2bdc23,1.59,,86000000
2026-05-28 12:30:40.297,2026/05/28/[$LATEST]645d0a3985b047aa91261d33b7d29c16,9.88,,86000000
2026-05-28 12:30:40.306,2026/05/28/[$LATEST]5989da090f7445fcb92f7c32ee76dd46,1.82,,86000000
2026-05-28 12:30:40.307,2026/05/28/[$LATEST]645d0a3985b047aa91261d33b7d29c16,1.71,,86000000
2026-05-28 12:30:40.309,2026/05/28/[$LATEST]2faaf80cfd9d45a1b10ad92bea2bdc23,1.51,,86000000
2026-05-28 12:30:40.309,2026/05/28/[$LATEST]5724bbfcea774384b83b606c0c42d806,15.21,,86000000
2026-05-28 12:30:40.319,2026/05/28/[$LATEST]5989da090f7445fcb92f7c32ee76dd46,4.53,,86000000
2026-05-28 12:30:40.320,2026/05/28/[$LATEST]7de6c63704704001920746bd5ec85dd3,1.58,,85000000
2026-05-28 12:30:40.320,2026/05/28/[$LATEST]645d0a3985b047aa91261d33b7d29c16,1.53,,86000000
2026-05-28 12:30:40.323,2026/05/28/[$LATEST]09b41d5fd2894f389e30ae58462b1250,1.54,,85000000
2026-05-28 12:30:40.324,2026/05/28/[$LATEST]2faaf80cfd9d45a1b10ad92bea2bdc23,3.16,,86000000
2026-05-28 12:30:40.333,2026/05/28/[$LATEST]09b41d5fd2894f389e30ae58462b1250,4.59,,85000000
2026-05-28 12:30:40.350,2026/05/28/[$LATEST]09b41d5fd2894f389e30ae58462b1250,1.41,,85000000
2026-05-28 12:30:40.351,2026/05/28/[$LATEST]2faaf80cfd9d45a1b10ad92bea2bdc23,1.63,,86000000
2026-05-28 12:30:40.358,2026/05/28/[$LATEST]09b41d5fd2894f389e30ae58462b1250,1.34,,85000000
2026-05-28 12:30:40.372,2026/05/28/[$LATEST]2faaf80cfd9d45a1b10ad92bea2bdc23,1.88,,86000000
2026-05-28 12:30:40.374,2026/05/28/[$LATEST]5989da090f7445fcb92f7c32ee76dd46,1.75,,86000000
2026-05-28 12:30:40.376,2026/05/28/[$LATEST]09b41d5fd2894f389e30ae58462b1250,1.54,,85000000
2026-05-28 12:30:40.391,2026/05/28/[$LATEST]5989da090f7445fcb92f7c32ee76dd46,1.8,,86000000
2026-05-28 12:30:40.400,2026/05/28/[$LATEST]09b41d5fd2894f389e30ae58462b1250,1.57,,85000000
2026-05-28 12:30:40.412,2026/05/28/[$LATEST]7de6c63704704001920746bd5ec85dd3,1.56,,85000000
2026-05-28 12:30:40.413,2026/05/28/[$LATEST]645d0a3985b047aa91261d33b7d29c16,1.74,,86000000
2026-05-28 12:30:40.413,2026/05/28/[$LATEST]09b41d5fd2894f389e30ae58462b1250,4.7,,85000000
2026-05-28 12:30:40.420,2026/05/28/[$LATEST]645d0a3985b047aa91261d33b7d29c16,1.66,,86000000
2026-05-28 12:30:40.425,2026/05/28/[$LATEST]5989da090f7445fcb92f7c32ee76dd46,1.78,,86000000
2026-05-28 12:30:40.433,2026/05/28/[$LATEST]09b41d5fd2894f389e30ae58462b1250,13.85,,85000000
2026-05-28 12:30:40.438,2026/05/28/[$LATEST]645d0a3985b047aa91261d33b7d29c16,10.41,,86000000
2026-05-28 12:30:40.443,2026/05/28/[$LATEST]7de6c63704704001920746bd5ec85dd3,1.77,,85000000
2026-05-28 12:30:40.445,2026/05/28/[$LATEST]5989da090f7445fcb92f7c32ee76dd46,1.65,,86000000
2026-05-28 12:30:40.452,2026/05/28/[$LATEST]09b41d5fd2894f389e30ae58462b1250,2.81,,85000000
2026-05-28 12:30:40.456,2026/05/28/[$LATEST]645d0a3985b047aa91261d33b7d29c16,1.53,,86000000
2026-05-28 12:30:40.459,2026/05/28/[$LATEST]5989da090f7445fcb92f7c32ee76dd46,5.82,,86000000
2026-05-28 12:30:40.464,2026/05/28/[$LATEST]645d0a3985b047aa91261d33b7d29c16,1.58,,86000000
2026-05-28 12:30:40.466,2026/05/28/[$LATEST]2faaf80cfd9d45a1b10ad92bea2bdc23,1.55,,86000000
2026-05-28 12:30:40.470,2026/05/28/[$LATEST]09b41d5fd2894f389e30ae58462b1250,1.67,,85000000
2026-05-28 12:30:40.470,2026/05/28/[$LATEST]5724bbfcea774384b83b606c0c42d806,4.66,,86000000
2026-05-28 12:30:40.480,2026/05/28/[$LATEST]09b41d5fd2894f389e30ae58462b1250,1.48,,85000000
2026-05-28 12:30:40.480,2026/05/28/[$LATEST]5989da090f7445fcb92f7c32ee76dd46,8.43,,86000000
2026-05-28 12:30:40.484,2026/05/28/[$LATEST]2faaf80cfd9d45a1b10ad92bea2bdc23,9.73,,86000000
2026-05-28 12:30:40.490,2026/05/28/[$LATEST]5724bbfcea774384b83b606c0c42d806,4.41,,86000000
2026-05-28 12:30:40.493,2026/05/28/[$LATEST]09b41d5fd2894f389e30ae58462b1250,1.56,,85000000
2026-05-28 12:30:40.510,2026/05/28/[$LATEST]5724bbfcea774384b83b606c0c42d806,10.33,,86000000
2026-05-28 12:30:40.510,2026/05/28/[$LATEST]2faaf80cfd9d45a1b10ad92bea2bdc23,1.62,,86000000
2026-05-28 12:30:40.512,2026/05/28/[$LATEST]5989da090f7445fcb92f7c32ee76dd46,2.82,,86000000
2026-05-28 12:30:40.515,2026/05/28/[$LATEST]cfb0e958f4874281914ba0b7a1a72bef,1.7,,86000000
2026-05-28 12:30:40.524,2026/05/28/[$LATEST]2faaf80cfd9d45a1b10ad92bea2bdc23,6.43,,86000000
2026-05-28 12:30:40.529,2026/05/28/[$LATEST]5724bbfcea774384b83b606c0c42d806,12.25,,86000000
2026-05-28 12:30:40.544,2026/05/28/[$LATEST]2faaf80cfd9d45a1b10ad92bea2bdc23,15.3,,86000000
2026-05-28 12:30:40.547,2026/05/28/[$LATEST]09b41d5fd2894f389e30ae58462b1250,1.62,,85000000
2026-05-28 12:30:40.558,2026/05/28/[$LATEST]09b41d5fd2894f389e30ae58462b1250,2.12,,85000000
2026-05-28 12:30:40.561,2026/05/28/[$LATEST]645d0a3985b047aa91261d33b7d29c16,1.72,,86000000
2026-05-28 12:30:40.564,2026/05/28/[$LATEST]2faaf80cfd9d45a1b10ad92bea2bdc23,12.41,,86000000
2026-05-28 12:30:40.570,2026/05/28/[$LATEST]5724bbfcea774384b83b606c0c42d806,2,,86000000
2026-05-28 12:30:40.574,2026/05/28/[$LATEST]09b41d5fd2894f389e30ae58462b1250,10.62,,85000000
2026-05-28 12:30:40.575,2026/05/28/[$LATEST]7de6c63704704001920746bd5ec85dd3,1.54,,85000000
2026-05-28 12:30:40.576,2026/05/28/[$LATEST]cfb0e958f4874281914ba0b7a1a72bef,2,,86000000
2026-05-28 12:30:40.578,2026/05/28/[$LATEST]645d0a3985b047aa91261d33b7d29c16,4.17,,86000000
2026-05-28 12:30:40.579,2026/05/28/[$LATEST]15737d93c14242db96065ddfaa294dc4,2.13,,85000000
2026-05-28 12:30:40.580,2026/05/28/[$LATEST]5989da090f7445fcb92f7c32ee76dd46,1.69,,86000000
2026-05-28 12:30:40.584,2026/05/28/[$LATEST]2faaf80cfd9d45a1b10ad92bea2bdc23,9.36,,86000000
2026-05-28 12:30:40.589,2026/05/28/[$LATEST]5724bbfcea774384b83b606c0c42d806,12.82,,86000000
2026-05-28 12:30:40.595,2026/05/28/[$LATEST]7de6c63704704001920746bd5ec85dd3,1.49,,85000000
2026-05-28 12:30:40.596,2026/05/28/[$LATEST]15737d93c14242db96065ddfaa294dc4,1.61,,85000000
2026-05-28 12:30:40.599,2026/05/28/[$LATEST]5989da090f7445fcb92f7c32ee76dd46,11.47,,86000000
2026-05-28 12:30:40.599,2026/05/28/[$LATEST]645d0a3985b047aa91261d33b7d29c16,1.76,,86000000
2026-05-28 12:30:40.601,2026/05/28/[$LATEST]09b41d5fd2894f389e30ae58462b1250,1.66,,85000000
2026-05-28 12:30:40.608,2026/05/28/[$LATEST]5724bbfcea774384b83b606c0c42d806,3.15,,86000000
2026-05-28 12:30:40.608,2026/05/28/[$LATEST]5989da090f7445fcb92f7c32ee76dd46,1.76,,86000000
2026-05-28 12:30:40.617,2026/05/28/[$LATEST]09b41d5fd2894f389e30ae58462b1250,1.54,,85000000
2026-05-28 12:30:40.618,2026/05/28/[$LATEST]645d0a3985b047aa91261d33b7d29c16,2.48,,86000000
2026-05-28 12:30:40.621,2026/05/28/[$LATEST]5989da090f7445fcb92f7c32ee76dd46,1.77,,86000000
2026-05-28 12:30:40.626,2026/05/28/[$LATEST]15737d93c14242db96065ddfaa294dc4,1.8,,85000000
2026-05-28 12:30:40.638,2026/05/28/[$LATEST]645d0a3985b047aa91261d33b7d29c16,5.69,,86000000
2026-05-28 12:30:40.640,2026/05/28/[$LATEST]5989da090f7445fcb92f7c32ee76dd46,9.28,,86000000
2026-05-28 12:30:40.643,2026/05/28/[$LATEST]09b41d5fd2894f389e30ae58462b1250,1.62,,85000000
2026-05-28 12:30:40.647,2026/05/28/[$LATEST]15737d93c14242db96065ddfaa294dc4,2.39,,85000000
2026-05-28 12:30:40.659,2026/05/28/[$LATEST]645d0a3985b047aa91261d33b7d29c16,15.85,,86000000
2026-05-28 12:30:40.661,2026/05/28/[$LATEST]5989da090f7445fcb92f7c32ee76dd46,1.77,,86000000
2026-05-28 12:30:40.662,2026/05/28/[$LATEST]5724bbfcea774384b83b606c0c42d806,1.81,,86000000
2026-05-28 12:30:40.664,2026/05/28/[$LATEST]2faaf80cfd9d45a1b10ad92bea2bdc23,2.58,,86000000
2026-05-28 12:30:40.674,2026/05/28/[$LATEST]2faaf80cfd9d45a1b10ad92bea2bdc23,1.72,,86000000
2026-05-28 12:30:40.677,2026/05/28/[$LATEST]5724bbfcea774384b83b606c0c42d806,2.09,,86000000
2026-05-28 12:30:40.689,2026/05/28/[$LATEST]5724bbfcea774384b83b606c0c42d806,2.53,,86000000
2026-05-28 12:30:40.695,2026/05/28/[$LATEST]5989da090f7445fcb92f7c32ee76dd46,1.84,,86000000
2026-05-28 12:30:40.696,2026/05/28/[$LATEST]2faaf80cfd9d45a1b10ad92bea2bdc23,1.62,,86000000
2026-05-28 12:30:40.712,2026/05/28/[$LATEST]645d0a3985b047aa91261d33b7d29c16,1.85,,86000000
2026-05-28 12:30:40.716,2026/05/28/[$LATEST]2faaf80cfd9d45a1b10ad92bea2bdc23,1.72,,86000000
2026-05-28 12:30:40.716,2026/05/28/[$LATEST]15737d93c14242db96065ddfaa294dc4,1.72,,85000000
2026-05-28 12:30:40.716,2026/05/28/[$LATEST]5989da090f7445fcb92f7c32ee76dd46,1.76,,86000000
2026-05-28 12:30:40.717,2026/05/28/[$LATEST]5724bbfcea774384b83b606c0c42d806,1.83,,86000000
2026-05-28 12:30:40.718,2026/05/28/[$LATEST]cfb0e958f4874281914ba0b7a1a72bef,1.79,,86000000
2026-05-28 12:30:40.722,2026/05/28/[$LATEST]645d0a3985b047aa91261d33b7d29c16,1.51,,86000000
2026-05-28 12:30:40.728,2026/05/28/[$LATEST]cfb0e958f4874281914ba0b7a1a72bef,1.89,,86000000
2026-05-28 12:30:40.733,2026/05/28/[$LATEST]15737d93c14242db96065ddfaa294dc4,11.87,,85000000
2026-05-28 12:30:40.736,2026/05/28/[$LATEST]09b41d5fd2894f389e30ae58462b1250,1.93,,85000000
2026-05-28 12:30:40.738,2026/05/28/[$LATEST]645d0a3985b047aa91261d33b7d29c16,5.82,,86000000
2026-05-28 12:30:40.740,2026/05/28/[$LATEST]cfb0e958f4874281914ba0b7a1a72bef,1.62,,86000000
2026-05-28 12:30:40.761,2026/05/28/[$LATEST]645d0a3985b047aa91261d33b7d29c16,1.77,,86000000
2026-05-28 12:30:40.767,2026/05/28/[$LATEST]cfb0e958f4874281914ba0b7a1a72bef,4.21,,86000000
2026-05-28 12:30:40.783,2026/05/28/[$LATEST]645d0a3985b047aa91261d33b7d29c16,1.82,,86000000
2026-05-28 12:30:40.784,2026/05/28/[$LATEST]09b41d5fd2894f389e30ae58462b1250,1.66,,85000000
2026-05-28 12:30:40.785,2026/05/28/[$LATEST]cfb0e958f4874281914ba0b7a1a72bef,1.88,,86000000
2026-05-28 12:30:40.801,2026/05/28/[$LATEST]cfb0e958f4874281914ba0b7a1a72bef,5.98,,86000000
2026-05-28 12:30:40.806,2026/05/28/[$LATEST]09b41d5fd2894f389e30ae58462b1250,1.81,,85000000
2026-05-28 12:30:40.807,2026/05/28/[$LATEST]645d0a3985b047aa91261d33b7d29c16,1.66,,86000000
2026-05-28 12:30:40.818,2026/05/28/[$LATEST]645d0a3985b047aa91261d33b7d29c16,2.38,,86000000
2026-05-28 12:30:40.819,2026/05/28/[$LATEST]09b41d5fd2894f389e30ae58462b1250,1.52,,85000000
2026-05-28 12:30:40.822,2026/05/28/[$LATEST]15737d93c14242db96065ddfaa294dc4,1.75,,85000000
2026-05-28 12:30:40.831,2026/05/28/[$LATEST]cfb0e958f4874281914ba0b7a1a72bef,1.72,,86000000
2026-05-28 12:30:40.833,2026/05/28/[$LATEST]5724bbfcea774384b83b606c0c42d806,1.91,,86000000
2026-05-28 12:30:40.839,2026/05/28/[$LATEST]15737d93c14242db96065ddfaa294dc4,1.48,,85000000
2026-05-28 12:30:40.840,2026/05/28/[$LATEST]09b41d5fd2894f389e30ae58462b1250,1.61,,85000000
2026-05-28 12:30:40.841,2026/05/28/[$LATEST]cfb0e958f4874281914ba0b7a1a72bef,3.1,,86000000
2026-05-28 12:30:40.870,2026/05/28/[$LATEST]09b41d5fd2894f389e30ae58462b1250,1.62,,85000000
2026-05-28 12:30:40.880,2026/05/28/[$LATEST]cfb0e958f4874281914ba0b7a1a72bef,1.76,,86000000
2026-05-28 12:30:40.886,2026/05/28/[$LATEST]5724bbfcea774384b83b606c0c42d806,3.88,,86000000
2026-05-28 12:30:40.890,2026/05/28/[$LATEST]09b41d5fd2894f389e30ae58462b1250,1.69,,85000000
2026-05-28 12:30:40.890,2026/05/28/[$LATEST]645d0a3985b047aa91261d33b7d29c16,1.9,,86000000
2026-05-28 12:30:40.890,2026/05/28/[$LATEST]15737d93c14242db96065ddfaa294dc4,1.92,,85000000
2026-05-28 12:30:40.916,2026/05/28/[$LATEST]5724bbfcea774384b83b606c0c42d806,2.04,,86000000
2026-05-28 12:30:40.917,2026/05/28/[$LATEST]645d0a3985b047aa91261d33b7d29c16,2,,86000000
2026-05-28 12:30:40.920,2026/05/28/[$LATEST]15737d93c14242db96065ddfaa294dc4,1.9,,85000000
2026-05-28 12:30:40.923,2026/05/28/[$LATEST]09b41d5fd2894f389e30ae58462b1250,1.69,,85000000
2026-05-28 12:30:40.923,2026/05/28/[$LATEST]cfb0e958f4874281914ba0b7a1a72bef,1.93,,86000000
2026-05-28 12:30:40.928,2026/05/28/[$LATEST]5989da090f7445fcb92f7c32ee76dd46,1.75,,86000000
2026-05-28 12:30:40.929,2026/05/28/[$LATEST]5724bbfcea774384b83b606c0c42d806,2.94,,86000000
2026-05-28 12:30:40.929,2026/05/28/[$LATEST]2faaf80cfd9d45a1b10ad92bea2bdc23,1.56,,86000000
2026-05-28 12:30:40.933,2026/05/28/[$LATEST]09b41d5fd2894f389e30ae58462b1250,1.87,,85000000
2026-05-28 12:30:40.936,2026/05/28/[$LATEST]188cc19e71ed4e0bb96c479aefb33946,2.04,,86000000
2026-05-28 12:30:40.936,2026/05/28/[$LATEST]15737d93c14242db96065ddfaa294dc4,1.71,,85000000
2026-05-28 12:30:40.937,2026/05/28/[$LATEST]645d0a3985b047aa91261d33b7d29c16,2.44,,86000000
2026-05-28 12:30:40.941,2026/05/28/[$LATEST]cfb0e958f4874281914ba0b7a1a72bef,8.11,,86000000
2026-05-28 12:30:40.949,2026/05/28/[$LATEST]645d0a3985b047aa91261d33b7d29c16,1.69,,86000000
2026-05-28 12:30:40.961,2026/05/28/[$LATEST]cfb0e958f4874281914ba0b7a1a72bef,6.24,,86000000
2026-05-28 12:30:40.962,2026/05/28/[$LATEST]188cc19e71ed4e0bb96c479aefb33946,2.27,,86000000
2026-05-28 12:30:40.964,2026/05/28/[$LATEST]645d0a3985b047aa91261d33b7d29c16,2.1,,86000000
2026-05-28 12:30:40.966,2026/05/28/[$LATEST]15737d93c14242db96065ddfaa294dc4,1.56,,85000000
2026-05-28 12:30:40.966,2026/05/28/[$LATEST]5989da090f7445fcb92f7c32ee76dd46,1.97,,86000000
2026-05-28 12:30:40.978,2026/05/28/[$LATEST]15737d93c14242db96065ddfaa294dc4,1.52,,85000000
2026-05-28 12:30:40.978,2026/05/28/[$LATEST]645d0a3985b047aa91261d33b7d29c16,6.65,,86000000
2026-05-28 12:30:40.978,2026/05/28/[$LATEST]188cc19e71ed4e0bb96c479aefb33946,2.91,,86000000
2026-05-28 12:30:40.983,2026/05/28/[$LATEST]5989da090f7445fcb92f7c32ee76dd46,1.8,,86000000
2026-05-28 12:30:40.984,2026/05/28/[$LATEST]2faaf80cfd9d45a1b10ad92bea2bdc23,1.61,,86000000
2026-05-28 12:30:40.984,2026/05/28/[$LATEST]cfb0e958f4874281914ba0b7a1a72bef,2.08,,86000000
2026-05-28 12:30:40.993,2026/05/28/[$LATEST]2faaf80cfd9d45a1b10ad92bea2bdc23,1.58,,86000000
2026-05-28 12:30:40.995,2026/05/28/[$LATEST]188cc19e71ed4e0bb96c479aefb33946,2.22,,86000000
2026-05-28 12:30:40.997,2026/05/28/[$LATEST]645d0a3985b047aa91261d33b7d29c16,9.16,,86000000
2026-05-28 12:30:40.999,2026/05/28/[$LATEST]5989da090f7445fcb92f7c32ee76dd46,8.63,,86000000
2026-05-28 12:30:40.999,2026/05/28/[$LATEST]af1260d7b29a4081bdccf63925032932,2.04,,86000000
2026-05-28 12:30:41.002,2026/05/28/[$LATEST]cfb0e958f4874281914ba0b7a1a72bef,12.21,,86000000
2026-05-28 12:30:41.009,2026/05/28/[$LATEST]5724bbfcea774384b83b606c0c42d806,13.26,,86000000
2026-05-28 12:30:41.015,2026/05/28/[$LATEST]09b41d5fd2894f389e30ae58462b1250,1.54,,85000000
2026-05-28 12:30:41.015,2026/05/28/[$LATEST]15737d93c14242db96065ddfaa294dc4,1.77,,85000000
2026-05-28 12:30:41.019,2026/05/28/[$LATEST]645d0a3985b047aa91261d33b7d29c16,5.1,,86000000
2026-05-28 12:30:41.023,2026/05/28/[$LATEST]5724bbfcea774384b83b606c0c42d806,2.25,,86000000
2026-05-28 12:30:41.026,2026/05/28/[$LATEST]cfb0e958f4874281914ba0b7a1a72bef,1.75,,86000000
2026-05-28 12:30:41.033,2026/05/28/[$LATEST]09b41d5fd2894f389e30ae58462b1250,11.35,,85000000
2026-05-28 12:30:41.035,2026/05/28/[$LATEST]af1260d7b29a4081bdccf63925032932,2.07,,86000000
2026-05-28 12:30:41.037,2026/05/28/[$LATEST]645d0a3985b047aa91261d33b7d29c16,4.14,,86000000
2026-05-28 12:30:41.039,2026/05/28/[$LATEST]188cc19e71ed4e0bb96c479aefb33946,1.78,,86000000
2026-05-28 12:30:41.040,2026/05/28/[$LATEST]5989da090f7445fcb92f7c32ee76dd46,14,,86000000
2026-05-28 12:30:41.043,2026/05/28/[$LATEST]15737d93c14242db96065ddfaa294dc4,1.56,,85000000
2026-05-28 12:30:41.052,2026/05/28/[$LATEST]5724bbfcea774384b83b606c0c42d806,22.35,,86000000
2026-05-28 12:30:41.053,2026/05/28/[$LATEST]09b41d5fd2894f389e30ae58462b1250,13.46,,85000000
2026-05-28 12:30:41.059,2026/05/28/[$LATEST]5989da090f7445fcb92f7c32ee76dd46,12.44,,86000000
2026-05-28 12:30:41.061,2026/05/28/[$LATEST]09b41d5fd2894f389e30ae58462b1250,1.49,,85000000
2026-05-28 12:30:41.061,2026/05/28/[$LATEST]188cc19e71ed4e0bb96c479aefb33946,1.9,,86000000
2026-05-28 12:30:41.074,2026/05/28/[$LATEST]188cc19e71ed4e0bb96c479aefb33946,1.89,,86000000
2026-05-28 12:30:41.076,2026/05/28/[$LATEST]15737d93c14242db96065ddfaa294dc4,1.63,,85000000
2026-05-28 12:30:41.078,2026/05/28/[$LATEST]af1260d7b29a4081bdccf63925032932,1.98,,86000000
2026-05-28 12:30:41.078,2026/05/28/[$LATEST]5989da090f7445fcb92f7c32ee76dd46,1.79,,86000000
2026-05-28 12:30:41.079,2026/05/28/[$LATEST]5724bbfcea774384b83b606c0c42d806,2.13,,86000000
2026-05-28 12:30:41.082,2026/05/28/[$LATEST]cfb0e958f4874281914ba0b7a1a72bef,1.97,,86000000
2026-05-28 12:30:41.082,2026/05/28/[$LATEST]09b41d5fd2894f389e30ae58462b1250,1.56,,85000000
2026-05-28 12:30:41.093,2026/05/28/[$LATEST]09b41d5fd2894f389e30ae58462b1250,2.6,,85000000
2026-05-28 12:30:41.095,2026/05/28/[$LATEST]cfb0e958f4874281914ba0b7a1a72bef,1.73,,86000000
2026-05-28 12:30:41.097,2026/05/28/[$LATEST]15737d93c14242db96065ddfaa294dc4,1.78,,85000000
2026-05-28 12:30:41.100,2026/05/28/[$LATEST]645d0a3985b047aa91261d33b7d29c16,1.77,,86000000
2026-05-28 12:30:41.107,2026/05/28/[$LATEST]cfb0e958f4874281914ba0b7a1a72bef,2.57,,86000000
2026-05-28 12:30:41.109,2026/05/28/[$LATEST]5724bbfcea774384b83b606c0c42d806,1.89,,86000000
2026-05-28 12:30:41.110,2026/05/28/[$LATEST]4f6d928700b0454089f4d3ba5806fd95,1.97,,85000000
2026-05-28 12:30:41.111,2026/05/28/[$LATEST]96c6e01348cf4245968782a1abd6eaeb,2.2,,85000000
2026-05-28 12:30:41.112,2026/05/28/[$LATEST]5989da090f7445fcb92f7c32ee76dd46,3.86,,86000000
2026-05-28 12:30:41.112,2026/05/28/[$LATEST]09b41d5fd2894f389e30ae58462b1250,1.7,,85000000
2026-05-28 12:30:41.117,2026/05/28/[$LATEST]7de6c63704704001920746bd5ec85dd3,1.85,,85000000
2026-05-28 12:30:41.118,2026/05/28/[$LATEST]645d0a3985b047aa91261d33b7d29c16,9.56,,86000000
2026-05-28 12:30:41.122,2026/05/28/[$LATEST]09b41d5fd2894f389e30ae58462b1250,2.13,,85000000
2026-05-28 12:30:41.126,2026/05/28/[$LATEST]5989da090f7445fcb92f7c32ee76dd46,6.58,,86000000
2026-05-28 12:30:41.127,2026/05/28/[$LATEST]af1260d7b29a4081bdccf63925032932,28.65,,86000000
2026-05-28 12:30:41.128,2026/05/28/[$LATEST]5724bbfcea774384b83b606c0c42d806,5.5,,86000000
2026-05-28 12:30:41.133,2026/05/28/[$LATEST]15737d93c14242db96065ddfaa294dc4,25.84,,85000000
2026-05-28 12:30:41.147,2026/05/28/[$LATEST]af1260d7b29a4081bdccf63925032932,7.25,,86000000
2026-05-28 12:30:41.148,2026/05/28/[$LATEST]09b41d5fd2894f389e30ae58462b1250,1.81,,85000000
2026-05-28 12:30:41.149,2026/05/28/[$LATEST]5724bbfcea774384b83b606c0c42d806,14.09,,86000000
2026-05-28 12:30:41.153,2026/05/28/[$LATEST]15737d93c14242db96065ddfaa294dc4,7.92,,85000000
2026-05-28 12:30:41.158,2026/05/28/[$LATEST]5989da090f7445fcb92f7c32ee76dd46,1.78,,86000000
2026-05-28 12:30:41.165,2026/05/28/[$LATEST]cfb0e958f4874281914ba0b7a1a72bef,37.02,,86000000
2026-05-28 12:30:41.166,2026/05/28/[$LATEST]af1260d7b29a4081bdccf63925032932,12.16,,86000000
2026-05-28 12:30:41.169,2026/05/28/[$LATEST]5724bbfcea774384b83b606c0c42d806,14.21,,86000000
2026-05-28 12:30:41.182,2026/05/28/[$LATEST]cfb0e958f4874281914ba0b7a1a72bef,10.21,,86000000
2026-05-28 12:30:41.188,2026/05/28/[$LATEST]5724bbfcea774384b83b606c0c42d806,6.44,,86000000
2026-05-28 12:30:41.194,2026/05/28/[$LATEST]15737d93c14242db96065ddfaa294dc4,1.65,,85000000
2026-05-28 12:30:41.199,2026/05/28/[$LATEST]5724bbfcea774384b83b606c0c42d806,2.11,,86000000
2026-05-28 12:30:41.201,2026/05/28/[$LATEST]cfb0e958f4874281914ba0b7a1a72bef,3.73,,86000000
2026-05-28 12:30:41.204,2026/05/28/[$LATEST]09b41d5fd2894f389e30ae58462b1250,1.69,,85000000
2026-05-28 12:30:41.213,2026/05/28/[$LATEST]15737d93c14242db96065ddfaa294dc4,10.56,,85000000
2026-05-28 12:30:41.220,2026/05/28/[$LATEST]5724bbfcea774384b83b606c0c42d806,2.59,,86000000
2026-05-28 12:30:41.221,2026/05/28/[$LATEST]cfb0e958f4874281914ba0b7a1a72bef,10.19,,86000000
2026-05-28 12:30:41.236,2026/05/28/[$LATEST]cfb0e958f4874281914ba0b7a1a72bef,1.78,,86000000
2026-05-28 12:30:41.240,2026/05/28/[$LATEST]5724bbfcea774384b83b606c0c42d806,2.07,,86000000
2026-05-28 12:30:41.246,2026/05/28/[$LATEST]15737d93c14242db96065ddfaa294dc4,1.81,,85000000
2026-05-28 12:30:41.246,2026/05/28/[$LATEST]cfb0e958f4874281914ba0b7a1a72bef,1.72,,86000000
2026-05-28 12:30:41.249,2026/05/28/[$LATEST]5724bbfcea774384b83b606c0c42d806,2.49,,86000000
2026-05-28 12:30:41.257,2026/05/28/[$LATEST]15737d93c14242db96065ddfaa294dc4,1.51,,85000000
2026-05-28 12:30:41.269,2026/05/28/[$LATEST]5724bbfcea774384b83b606c0c42d806,3.31,,86000000
2026-05-28 12:30:41.274,2026/05/28/[$LATEST]15737d93c14242db96065ddfaa294dc4,1.74,,85000000
2026-05-28 12:30:41.283,2026/05/28/[$LATEST]cfb0e958f4874281914ba0b7a1a72bef,29.79,,86000000
2026-05-28 12:30:41.288,2026/05/28/[$LATEST]5724bbfcea774384b83b606c0c42d806,5.05,,86000000
2026-05-28 12:30:41.291,2026/05/28/[$LATEST]09b41d5fd2894f389e30ae58462b1250,2.31,,85000000
2026-05-28 12:30:41.293,2026/05/28/[$LATEST]645d0a3985b047aa91261d33b7d29c16,1.56,,86000000
2026-05-28 12:30:41.293,2026/05/28/[$LATEST]15737d93c14242db96065ddfaa294dc4,10.51,,85000000
2026-05-28 12:30:41.302,2026/05/28/[$LATEST]cfb0e958f4874281914ba0b7a1a72bef,7.46,,86000000
2026-05-28 12:30:41.304,2026/05/28/[$LATEST]5989da090f7445fcb92f7c32ee76dd46,1.86,,86000000
2026-05-28 12:30:41.307,2026/05/28/[$LATEST]af1260d7b29a4081bdccf63925032932,14.22,,86000000
2026-05-28 12:30:41.309,2026/05/28/[$LATEST]5724bbfcea774384b83b606c0c42d806,8.25,,86000000
2026-05-28 12:30:41.312,2026/05/28/[$LATEST]15737d93c14242db96065ddfaa294dc4,10.36,,85000000
2026-05-28 12:30:41.320,2026/05/28/[$LATEST]5989da090f7445fcb92f7c32ee76dd46,7.35,,86000000
2026-05-28 12:30:41.325,2026/05/28/[$LATEST]15737d93c14242db96065ddfaa294dc4,1.65,,85000000
2026-05-28 12:30:41.330,2026/05/28/[$LATEST]5724bbfcea774384b83b606c0c42d806,2.34,,86000000
2026-05-28 12:30:41.330,2026/05/28/[$LATEST]5989da090f7445fcb92f7c32ee76dd46,2.1,,86000000
2026-05-28 12:30:41.332,2026/05/28/[$LATEST]cfb0e958f4874281914ba0b7a1a72bef,1.63,,86000000
2026-05-28 12:30:41.336,2026/05/28/[$LATEST]188cc19e71ed4e0bb96c479aefb33946,1.86,,86000000
2026-05-28 12:30:41.337,2026/05/28/[$LATEST]15737d93c14242db96065ddfaa294dc4,1.49,,85000000
2026-05-28 12:30:41.341,2026/05/28/[$LATEST]cfb0e958f4874281914ba0b7a1a72bef,2.41,,86000000
2026-05-28 12:30:41.348,2026/05/28/[$LATEST]af1260d7b29a4081bdccf63925032932,10.56,,86000000
2026-05-28 12:30:41.353,2026/05/28/[$LATEST]15737d93c14242db96065ddfaa294dc4,7.11,,85000000
2026-05-28 12:30:41.355,2026/05/28/[$LATEST]cfb0e958f4874281914ba0b7a1a72bef,1.74,,86000000
2026-05-28 12:30:41.361,2026/05/28/[$LATEST]af1260d7b29a4081bdccf63925032932,1.75,,86000000
2026-05-28 12:30:41.366,2026/05/28/[$LATEST]188cc19e71ed4e0bb96c479aefb33946,1.67,,86000000
2026-05-28 12:30:41.373,2026/05/28/[$LATEST]af1260d7b29a4081bdccf63925032932,1.99,,86000000
2026-05-28 12:30:41.375,2026/05/28/[$LATEST]cfb0e958f4874281914ba0b7a1a72bef,4.33,,86000000
2026-05-28 12:30:41.380,2026/05/28/[$LATEST]15737d93c14242db96065ddfaa294dc4,1.85,,85000000
2026-05-28 12:30:41.385,2026/05/28/[$LATEST]645d0a3985b047aa91261d33b7d29c16,1.75,,86000000
2026-05-28 12:30:41.397,2026/05/28/[$LATEST]188cc19e71ed4e0bb96c479aefb33946,1.85,,86000000
2026-05-28 12:30:41.401,2026/05/28/[$LATEST]cfb0e958f4874281914ba0b7a1a72bef,13.13,,86000000
2026-05-28 12:30:41.404,2026/05/28/[$LATEST]645d0a3985b047aa91261d33b7d29c16,1.68,,86000000
2026-05-28 12:30:41.408,2026/05/28/[$LATEST]af1260d7b29a4081bdccf63925032932,12.98,,86000000
2026-05-28 12:30:41.429,2026/05/28/[$LATEST]af1260d7b29a4081bdccf63925032932,5.76,,86000000
2026-05-28 12:30:41.439,2026/05/28/[$LATEST]645d0a3985b047aa91261d33b7d29c16,1.81,,86000000
2026-05-28 12:30:41.444,2026/05/28/[$LATEST]af1260d7b29a4081bdccf63925032932,1.82,,86000000
2026-05-28 12:30:41.459,2026/05/28/[$LATEST]cfb0e958f4874281914ba0b7a1a72bef,1.71,,86000000
2026-05-28 12:30:41.466,2026/05/28/[$LATEST]af1260d7b29a4081bdccf63925032932,2.05,,86000000
2026-05-28 12:30:41.477,2026/05/28/[$LATEST]cfb0e958f4874281914ba0b7a1a72bef,1.75,,86000000
2026-05-28 12:30:41.479,2026/05/28/[$LATEST]645d0a3985b047aa91261d33b7d29c16,1.79,,86000000
2026-05-28 12:30:41.481,2026/05/28/[$LATEST]af1260d7b29a4081bdccf63925032932,1.96,,86000000
2026-05-28 12:30:41.485,2026/05/28/[$LATEST]cfb0e958f4874281914ba0b7a1a72bef,1.65,,86000000
2026-05-28 12:30:41.492,2026/05/28/[$LATEST]af1260d7b29a4081bdccf63925032932,1.98,,86000000
2026-05-28 12:30:41.498,2026/05/28/[$LATEST]645d0a3985b047aa91261d33b7d29c16,4.04,,86000000
2026-05-28 12:30:41.507,2026/05/28/[$LATEST]af1260d7b29a4081bdccf63925032932,8,,86000000
2026-05-28 12:30:41.508,2026/05/28/[$LATEST]15737d93c14242db96065ddfaa294dc4,1.86,,85000000
2026-05-28 12:30:41.540,2026/05/28/[$LATEST]15737d93c14242db96065ddfaa294dc4,1.95,,85000000
2026-05-28 12:30:41.549,2026/05/28/[$LATEST]cfb0e958f4874281914ba0b7a1a72bef,1.85,,86000000
2026-05-28 12:30:41.553,2026/05/28/[$LATEST]15737d93c14242db96065ddfaa294dc4,7.68,,85000000
2026-05-28 12:30:41.573,2026/05/28/[$LATEST]15737d93c14242db96065ddfaa294dc4,13.75,,85000000
2026-05-28 12:30:41.579,2026/05/28/[$LATEST]645d0a3985b047aa91261d33b7d29c16,1.88,,86000000
2026-05-28 12:30:41.585,2026/05/28/[$LATEST]09b41d5fd2894f389e30ae58462b1250,1.61,,85000000
2026-05-28 12:30:41.587,2026/05/28/[$LATEST]af1260d7b29a4081bdccf63925032932,60.94,,86000000
2026-05-28 12:30:41.587,2026/05/28/[$LATEST]cfb0e958f4874281914ba0b7a1a72bef,1.98,,86000000
2026-05-28 12:30:41.593,2026/05/28/[$LATEST]09b41d5fd2894f389e30ae58462b1250,1.41,,85000000
2026-05-28 12:30:41.594,2026/05/28/[$LATEST]15737d93c14242db96065ddfaa294dc4,2.18,,85000000
2026-05-28 12:30:41.595,2026/05/28/[$LATEST]188cc19e71ed4e0bb96c479aefb33946,1.8,,86000000
2026-05-28 12:30:41.597,2026/05/28/[$LATEST]af1260d7b29a4081bdccf63925032932,2.22,,86000000
2026-05-28 12:30:41.598,2026/05/28/[$LATEST]645d0a3985b047aa91261d33b7d29c16,2.94,,86000000
2026-05-28 12:30:41.603,2026/05/28/[$LATEST]cfb0e958f4874281914ba0b7a1a72bef,2.19,,86000000
2026-05-28 12:30:41.610,2026/05/28/[$LATEST]af1260d7b29a4081bdccf63925032932,2.34,,86000000
2026-05-28 12:30:41.612,2026/05/28/[$LATEST]188cc19e71ed4e0bb96c479aefb33946,2.29,,86000000
2026-05-28 12:30:41.631,2026/05/28/[$LATEST]188cc19e71ed4e0bb96c479aefb33946,1.77,,86000000
2026-05-28 12:30:41.634,2026/05/28/[$LATEST]645d0a3985b047aa91261d33b7d29c16,1.74,,86000000
2026-05-28 12:30:41.644,2026/05/28/[$LATEST]15737d93c14242db96065ddfaa294dc4,1.79,,85000000
2026-05-28 12:30:41.646,2026/05/28/[$LATEST]645d0a3985b047aa91261d33b7d29c16,1.8,,86000000
2026-05-28 12:30:41.647,2026/05/28/[$LATEST]09b41d5fd2894f389e30ae58462b1250,1.73,,85000000
2026-05-28 12:30:41.647,2026/05/28/[$LATEST]7de6c63704704001920746bd5ec85dd3,2,,85000000
2026-05-28 12:30:41.648,2026/05/28/[$LATEST]188cc19e71ed4e0bb96c479aefb33946,7.58,,86000000
2026-05-28 12:30:41.658,2026/05/28/[$LATEST]af1260d7b29a4081bdccf63925032932,2.44,,86000000
2026-05-28 12:30:41.666,2026/05/28/[$LATEST]7de6c63704704001920746bd5ec85dd3,1.59,,85000000
2026-05-28 12:30:41.673,2026/05/28/[$LATEST]af1260d7b29a4081bdccf63925032932,1.84,,86000000
2026-05-28 12:30:41.683,2026/05/28/[$LATEST]7de6c63704704001920746bd5ec85dd3,1.62,,85000000
2026-05-28 12:30:41.690,2026/05/28/[$LATEST]af1260d7b29a4081bdccf63925032932,2.32,,86000000
2026-05-28 12:30:41.694,2026/05/28/[$LATEST]09b41d5fd2894f389e30ae58462b1250,1.75,,85000000
2026-05-28 12:30:41.695,2026/05/28/[$LATEST]7de6c63704704001920746bd5ec85dd3,1.34,,85000000
2026-05-28 12:30:41.706,2026/05/28/[$LATEST]7de6c63704704001920746bd5ec85dd3,1.37,,85000000
2026-05-28 12:30:41.712,2026/05/28/[$LATEST]645d0a3985b047aa91261d33b7d29c16,1.58,,86000000
2026-05-28 12:30:41.713,2026/05/28/[$LATEST]09b41d5fd2894f389e30ae58462b1250,5.24,,85000000
2026-05-28 12:30:41.715,2026/05/28/[$LATEST]7de6c63704704001920746bd5ec85dd3,1.39,,85000000
2026-05-28 12:30:41.720,2026/05/28/[$LATEST]af1260d7b29a4081bdccf63925032932,1.92,,86000000
2026-05-28 12:30:41.721,2026/05/28/[$LATEST]188cc19e71ed4e0bb96c479aefb33946,1.88,,86000000
2026-05-28 12:30:41.729,2026/05/28/[$LATEST]188cc19e71ed4e0bb96c479aefb33946,1.71,,86000000
2026-05-28 12:30:41.732,2026/05/28/[$LATEST]cfb0e958f4874281914ba0b7a1a72bef,1.78,,86000000
2026-05-28 12:30:41.732,2026/05/28/[$LATEST]09b41d5fd2894f389e30ae58462b1250,1.72,,85000000
2026-05-28 12:30:41.734,2026/05/28/[$LATEST]7de6c63704704001920746bd5ec85dd3,12.47,,85000000
2026-05-28 12:30:41.736,2026/05/28/[$LATEST]af1260d7b29a4081bdccf63925032932,1.85,,86000000
2026-05-28 12:30:41.741,2026/05/28/[$LATEST]cfb0e958f4874281914ba0b7a1a72bef,2.95,,86000000
2026-05-28 12:30:41.741,2026/05/28/[$LATEST]09b41d5fd2894f389e30ae58462b1250,1.48,,85000000
2026-05-28 12:30:41.753,2026/05/28/[$LATEST]09b41d5fd2894f389e30ae58462b1250,2.93,,85000000
2026-05-28 12:30:41.758,2026/05/28/[$LATEST]af1260d7b29a4081bdccf63925032932,1.76,,86000000
2026-05-28 12:30:41.761,2026/05/28/[$LATEST]cfb0e958f4874281914ba0b7a1a72bef,7,,86000000
2026-05-28 12:30:41.762,2026/05/28/[$LATEST]7de6c63704704001920746bd5ec85dd3,1.7,,85000000
2026-05-28 12:30:41.775,2026/05/28/[$LATEST]7de6c63704704001920746bd5ec85dd3,7.98,,85000000
2026-05-28 12:30:41.777,2026/05/28/[$LATEST]09b41d5fd2894f389e30ae58462b1250,1.87,,85000000
2026-05-28 12:30:41.782,2026/05/28/[$LATEST]cfb0e958f4874281914ba0b7a1a72bef,2.31,,86000000
2026-05-28 12:30:41.785,2026/05/28/[$LATEST]645d0a3985b047aa91261d33b7d29c16,1.75,,86000000
2026-05-28 12:30:41.785,2026/05/28/[$LATEST]af1260d7b29a4081bdccf63925032932,2.08,,86000000
2026-05-28 12:30:41.794,2026/05/28/[$LATEST]09b41d5fd2894f389e30ae58462b1250,5.95,,85000000
2026-05-28 12:30:41.798,2026/05/28/[$LATEST]645d0a3985b047aa91261d33b7d29c16,4.71,,86000000
2026-05-28 12:30:41.803,2026/05/28/[$LATEST]af1260d7b29a4081bdccf63925032932,1.95,,86000000
2026-05-28 12:30:41.805,2026/05/28/[$LATEST]188cc19e71ed4e0bb96c479aefb33946,1.82,,86000000
2026-05-28 12:30:41.812,2026/05/28/[$LATEST]09b41d5fd2894f389e30ae58462b1250,1.46,,85000000
2026-05-28 12:30:41.816,2026/05/28/[$LATEST]645d0a3985b047aa91261d33b7d29c16,1.5,,86000000
2026-05-28 12:30:41.817,2026/05/28/[$LATEST]7de6c63704704001920746bd5ec85dd3,1.68,,85000000
2026-05-28 12:30:41.817,2026/05/28/[$LATEST]188cc19e71ed4e0bb96c479aefb33946,1.8,,86000000
2026-05-28 12:30:41.830,2026/05/28/[$LATEST]645d0a3985b047aa91261d33b7d29c16,1.54,,86000000
2026-05-28 12:30:41.834,2026/05/28/[$LATEST]7de6c63704704001920746bd5ec85dd3,7.04,,85000000
2026-05-28 12:30:41.842,2026/05/28/[$LATEST]cfb0e958f4874281914ba0b7a1a72bef,39.35,,86000000
2026-05-28 12:30:41.847,2026/05/28/[$LATEST]188cc19e71ed4e0bb96c479aefb33946,1.74,,86000000
2026-05-28 12:30:41.853,2026/05/28/[$LATEST]7de6c63704704001920746bd5ec85dd3,1.53,,85000000
2026-05-28 12:30:41.857,2026/05/28/[$LATEST]645d0a3985b047aa91261d33b7d29c16,1.85,,86000000
2026-05-28 12:30:41.864,2026/05/28/[$LATEST]645d0a3985b047aa91261d33b7d29c16,1.39,,86000000
2026-05-28 12:30:41.871,2026/05/28/[$LATEST]188cc19e71ed4e0bb96c479aefb33946,1.9,,86000000
2026-05-28 12:30:41.880,2026/05/28/[$LATEST]cfb0e958f4874281914ba0b7a1a72bef,1.83,,86000000
2026-05-28 12:30:41.884,2026/05/28/[$LATEST]645d0a3985b047aa91261d33b7d29c16,1.7,,86000000
2026-05-28 12:30:41.892,2026/05/28/[$LATEST]cfb0e958f4874281914ba0b7a1a72bef,1.85,,86000000
2026-05-28 12:30:41.893,2026/05/28/[$LATEST]7de6c63704704001920746bd5ec85dd3,14,,85000000
2026-05-28 12:30:41.898,2026/05/28/[$LATEST]645d0a3985b047aa91261d33b7d29c16,5.19,,86000000
2026-05-28 12:30:41.899,2026/05/28/[$LATEST]188cc19e71ed4e0bb96c479aefb33946,4.27,,86000000
2026-05-28 12:30:41.902,2026/05/28/[$LATEST]7de6c63704704001920746bd5ec85dd3,1.71,,85000000
2026-05-28 12:30:41.905,2026/05/28/[$LATEST]cfb0e958f4874281914ba0b7a1a72bef,1.97,,86000000
2026-05-28 12:30:41.918,2026/05/28/[$LATEST]7de6c63704704001920746bd5ec85dd3,1.46,,85000000
2026-05-28 12:30:41.918,2026/05/28/[$LATEST]188cc19e71ed4e0bb96c479aefb33946,1.79,,86000000
2026-05-28 12:30:41.920,2026/05/28/[$LATEST]af1260d7b29a4081bdccf63925032932,1.89,,86000000
2026-05-28 12:30:41.921,2026/05/28/[$LATEST]cfb0e958f4874281914ba0b7a1a72bef,7.89,,86000000
2026-05-28 12:30:41.934,2026/05/28/[$LATEST]7de6c63704704001920746bd5ec85dd3,8.18,,85000000
2026-05-28 12:30:41.936,2026/05/28/[$LATEST]645d0a3985b047aa91261d33b7d29c16,1.73,,86000000
2026-05-28 12:30:41.938,2026/05/28/[$LATEST]09b41d5fd2894f389e30ae58462b1250,1.84,,85000000
2026-05-28 12:30:41.951,2026/05/28/[$LATEST]cfb0e958f4874281914ba0b7a1a72bef,2.19,,86000000
2026-05-28 12:30:41.953,2026/05/28/[$LATEST]09b41d5fd2894f389e30ae58462b1250,6.05,,85000000
2026-05-28 12:30:41.954,2026/05/28/[$LATEST]645d0a3985b047aa91261d33b7d29c16,1.69,,86000000
2026-05-28 12:30:41.957,2026/05/28/[$LATEST]15737d93c14242db96065ddfaa294dc4,1.81,,85000000
2026-05-28 12:30:41.961,2026/05/28/[$LATEST]7de6c63704704001920746bd5ec85dd3,1.71,,85000000
2026-05-28 12:30:41.961,2026/05/28/[$LATEST]645d0a3985b047aa91261d33b7d29c16,1.78,,86000000
2026-05-28 12:30:41.964,2026/05/28/[$LATEST]cfb0e958f4874281914ba0b7a1a72bef,4.63,,86000000
2026-05-28 12:30:41.964,2026/05/28/[$LATEST]96c6e01348cf4245968782a1abd6eaeb,1.68,,85000000
2026-05-28 12:30:41.978,2026/05/28/[$LATEST]645d0a3985b047aa91261d33b7d29c16,2.38,,86000000
2026-05-28 12:30:41.980,2026/05/28/[$LATEST]96c6e01348cf4245968782a1abd6eaeb,10.09,,85000000
2026-05-28 12:30:41.982,2026/05/28/[$LATEST]cfb0e958f4874281914ba0b7a1a72bef,1.98,,86000000
2026-05-28 12:30:41.982,2026/05/28/[$LATEST]af1260d7b29a4081bdccf63925032932,2.02,,86000000
2026-05-28 12:30:41.987,2026/05/28/[$LATEST]188cc19e71ed4e0bb96c479aefb33946,1.83,,86000000
2026-05-28 12:30:41.996,2026/05/28/[$LATEST]188cc19e71ed4e0bb96c479aefb33946,1.96,,86000000
2026-05-28 12:30:42.001,2026/05/28/[$LATEST]96c6e01348cf4245968782a1abd6eaeb,12.22,,85000000
2026-05-28 12:30:42.001,2026/05/28/[$LATEST]cfb0e958f4874281914ba0b7a1a72bef,7.78,,86000000
2026-05-28 12:30:42.006,2026/05/28/[$LATEST]af1260d7b29a4081bdccf63925032932,2.02,,86000000
2026-05-28 12:30:42.010,2026/05/28/[$LATEST]188cc19e71ed4e0bb96c479aefb33946,6.23,,86000000
2026-05-28 12:30:42.023,2026/05/28/[$LATEST]cfb0e958f4874281914ba0b7a1a72bef,14.14,,86000000
2026-05-28 12:30:42.027,2026/05/28/[$LATEST]5989da090f7445fcb92f7c32ee76dd46,2.05,,86000000
2026-05-28 12:30:42.027,2026/05/28/[$LATEST]af1260d7b29a4081bdccf63925032932,1.96,,86000000
2026-05-28 12:30:42.027,2026/05/28/[$LATEST]188cc19e71ed4e0bb96c479aefb33946,2,,86000000
2026-05-28 12:30:42.032,2026/05/28/[$LATEST]96c6e01348cf4245968782a1abd6eaeb,1.96,,85000000
2026-05-28 12:30:42.033,2026/05/28/[$LATEST]645d0a3985b047aa91261d33b7d29c16,3.09,,86000000
2026-05-28 12:30:42.035,2026/05/28/[$LATEST]5724bbfcea774384b83b606c0c42d806,2.02,,86000000
2026-05-28 12:30:42.035,2026/05/28/[$LATEST]7de6c63704704001920746bd5ec85dd3,1.5,,85000000
2026-05-28 12:30:42.039,2026/05/28/[$LATEST]5989da090f7445fcb92f7c32ee76dd46,1.71,,86000000
2026-05-28 12:30:42.042,2026/05/28/[$LATEST]cfb0e958f4874281914ba0b7a1a72bef,11.19,,86000000
2026-05-28 12:30:42.049,2026/05/28/[$LATEST]5724bbfcea774384b83b606c0c42d806,6.73,,86000000
2026-05-28 12:30:42.049,2026/05/28/[$LATEST]5989da090f7445fcb92f7c32ee76dd46,1.67,,86000000
2026-05-28 12:30:42.054,2026/05/28/[$LATEST]7de6c63704704001920746bd5ec85dd3,3.05,,85000000
2026-05-28 12:30:42.061,2026/05/28/[$LATEST]cfb0e958f4874281914ba0b7a1a72bef,8.23,,86000000
2026-05-28 12:30:42.073,2026/05/28/[$LATEST]7de6c63704704001920746bd5ec85dd3,1.39,,85000000
2026-05-28 12:30:42.079,2026/05/28/[$LATEST]7de6c63704704001920746bd5ec85dd3,1.3,,85000000
2026-05-28 12:30:42.090,2026/05/28/[$LATEST]96c6e01348cf4245968782a1abd6eaeb,1.94,,85000000
2026-05-28 12:30:42.094,2026/05/28/[$LATEST]7de6c63704704001920746bd5ec85dd3,9.24,,85000000
2026-05-28 12:30:42.097,2026/05/28/[$LATEST]645d0a3985b047aa91261d33b7d29c16,4.88,,86000000
2026-05-28 12:30:42.101,2026/05/28/[$LATEST]cfb0e958f4874281914ba0b7a1a72bef,1.77,,86000000
2026-05-28 12:30:42.108,2026/05/28/[$LATEST]5989da090f7445fcb92f7c32ee76dd46,1.96,,86000000
2026-05-28 12:30:42.118,2026/05/28/[$LATEST]645d0a3985b047aa91261d33b7d29c16,14.77,,86000000
2026-05-28 12:30:42.120,2026/05/28/[$LATEST]cfb0e958f4874281914ba0b7a1a72bef,10.9,,86000000
2026-05-28 12:30:42.126,2026/05/28/[$LATEST]5989da090f7445fcb92f7c32ee76dd46,1.94,,86000000
2026-05-28 12:30:42.127,2026/05/28/[$LATEST]5724bbfcea774384b83b606c0c42d806,1.81,,86000000
2026-05-28 12:30:42.130,2026/05/28/[$LATEST]cfb0e958f4874281914ba0b7a1a72bef,1.84,,86000000
2026-05-28 12:30:42.133,2026/05/28/[$LATEST]af1260d7b29a4081bdccf63925032932,1.81,,86000000
2026-05-28 12:30:42.134,2026/05/28/[$LATEST]188cc19e71ed4e0bb96c479aefb33946,1.89,,86000000
2026-05-28 12:30:42.136,2026/05/28/[$LATEST]645d0a3985b047aa91261d33b7d29c16,1.9,,86000000
2026-05-28 12:30:42.137,2026/05/28/[$LATEST]7de6c63704704001920746bd5ec85dd3,1.57,,85000000
2026-05-28 12:30:42.142,2026/05/28/[$LATEST]cfb0e958f4874281914ba0b7a1a72bef,5.76,,86000000
2026-05-28 12:30:42.161,2026/05/28/[$LATEST]cfb0e958f4874281914ba0b7a1a72bef,7.31,,86000000
2026-05-28 12:30:42.162,2026/05/28/[$LATEST]7de6c63704704001920746bd5ec85dd3,1.65,,85000000
2026-05-28 12:30:42.165,2026/05/28/[$LATEST]645d0a3985b047aa91261d33b7d29c16,1.97,,86000000
2026-05-28 12:30:42.177,2026/05/28/[$LATEST]645d0a3985b047aa91261d33b7d29c16,3.7,,86000000
2026-05-28 12:30:42.180,2026/05/28/[$LATEST]cfb0e958f4874281914ba0b7a1a72bef,1.9,,86000000
2026-05-28 12:30:42.180,2026/05/28/[$LATEST]7de6c63704704001920746bd5ec85dd3,1.52,,85000000
2026-05-28 12:30:42.195,2026/05/28/[$LATEST]7de6c63704704001920746bd5ec85dd3,1.48,,85000000
2026-05-28 12:30:42.198,2026/05/28/[$LATEST]15737d93c14242db96065ddfaa294dc4,1.56,,85000000
2026-05-28 12:30:42.198,2026/05/28/[$LATEST]96c6e01348cf4245968782a1abd6eaeb,1.93,,85000000
2026-05-28 12:30:42.201,2026/05/28/[$LATEST]09b41d5fd2894f389e30ae58462b1250,1.7,,85000000
2026-05-28 12:30:42.201,2026/05/28/[$LATEST]645d0a3985b047aa91261d33b7d29c16,5.96,,86000000
2026-05-28 12:30:42.218,2026/05/28/[$LATEST]cfb0e958f4874281914ba0b7a1a72bef,1.94,,86000000
2026-05-28 12:30:42.219,2026/05/28/[$LATEST]188cc19e71ed4e0bb96c479aefb33946,1.92,,86000000
2026-05-28 12:30:42.223,2026/05/28/[$LATEST]645d0a3985b047aa91261d33b7d29c16,1.85,,86000000
2026-05-28 12:30:42.230,2026/05/28/[$LATEST]188cc19e71ed4e0bb96c479aefb33946,1.85,,86000000
2026-05-28 12:30:42.241,2026/05/28/[$LATEST]645d0a3985b047aa91261d33b7d29c16,1.83,,86000000
2026-05-28 12:30:42.245,2026/05/28/[$LATEST]cfb0e958f4874281914ba0b7a1a72bef,1.87,,86000000
2026-05-28 12:30:42.248,2026/05/28/[$LATEST]188cc19e71ed4e0bb96c479aefb33946,8.09,,86000000
2026-05-28 12:30:42.258,2026/05/28/[$LATEST]645d0a3985b047aa91261d33b7d29c16,9.55,,86000000
2026-05-28 12:30:42.261,2026/05/28/[$LATEST]cfb0e958f4874281914ba0b7a1a72bef,7.6,,86000000
2026-05-28 12:30:42.263,2026/05/28/[$LATEST]af1260d7b29a4081bdccf63925032932,1.86,,86000000
2026-05-28 12:30:42.267,2026/05/28/[$LATEST]188cc19e71ed4e0bb96c479aefb33946,1.94,,86000000
2026-05-28 12:30:42.279,2026/05/28/[$LATEST]645d0a3985b047aa91261d33b7d29c16,1.81,,86000000
2026-05-28 12:30:42.279,2026/05/28/[$LATEST]09b41d5fd2894f389e30ae58462b1250,1.64,,85000000
2026-05-28 12:30:42.281,2026/05/28/[$LATEST]af1260d7b29a4081bdccf63925032932,1.84,,86000000
2026-05-28 12:30:42.282,2026/05/28/[$LATEST]cfb0e958f4874281914ba0b7a1a72bef,1.73,,86000000
2026-05-28 12:30:42.288,2026/05/28/[$LATEST]188cc19e71ed4e0bb96c479aefb33946,14.18,,86000000
2026-05-28 12:30:42.314,2026/05/28/[$LATEST]188cc19e71ed4e0bb96c479aefb33946,1.83,,86000000
2026-05-28 12:30:42.315,2026/05/28/[$LATEST]cfb0e958f4874281914ba0b7a1a72bef,1.69,,86000000
2026-05-28 12:30:42.323,2026/05/28/[$LATEST]cfb0e958f4874281914ba0b7a1a72bef,1.61,,86000000
2026-05-28 12:30:42.330,2026/05/28/[$LATEST]09b41d5fd2894f389e30ae58462b1250,1.9,,85000000
2026-05-28 12:30:42.336,2026/05/28/[$LATEST]188cc19e71ed4e0bb96c479aefb33946,1.82,,86000000
2026-05-28 12:30:42.337,2026/05/28/[$LATEST]af1260d7b29a4081bdccf63925032932,1.71,,86000000
2026-05-28 12:30:42.339,2026/05/28/[$LATEST]09b41d5fd2894f389e30ae58462b1250,1.34,,85000000
2026-05-28 12:30:42.340,2026/05/28/[$LATEST]5724bbfcea774384b83b606c0c42d806,1.89,,86000000
2026-05-28 12:30:42.341,2026/05/28/[$LATEST]cfb0e958f4874281914ba0b7a1a72bef,7.17,,86000000
2026-05-28 12:30:42.353,2026/05/28/[$LATEST]09b41d5fd2894f389e30ae58462b1250,6.85,,85000000
2026-05-28 12:30:42.353,2026/05/28/[$LATEST]645d0a3985b047aa91261d33b7d29c16,1.84,,86000000
2026-05-28 12:30:42.353,2026/05/28/[$LATEST]5724bbfcea774384b83b606c0c42d806,1.75,,86000000
2026-05-28 12:30:42.361,2026/05/28/[$LATEST]cfb0e958f4874281914ba0b7a1a72bef,8.59,,86000000
2026-05-28 12:30:42.377,2026/05/28/[$LATEST]af1260d7b29a4081bdccf63925032932,1.75,,86000000
2026-05-28 12:30:42.379,2026/05/28/[$LATEST]09b41d5fd2894f389e30ae58462b1250,1.67,,85000000
2026-05-28 12:30:42.381,2026/05/28/[$LATEST]5724bbfcea774384b83b606c0c42d806,2.41,,86000000
2026-05-28 12:30:42.381,2026/05/28/[$LATEST]cfb0e958f4874281914ba0b7a1a72bef,11.83,,86000000
2026-05-28 12:30:42.397,2026/05/28/[$LATEST]645d0a3985b047aa91261d33b7d29c16,17.54,,86000000
2026-05-28 12:30:42.404,2026/05/28/[$LATEST]cfb0e958f4874281914ba0b7a1a72bef,1.75,,86000000
2026-05-28 12:30:42.405,2026/05/28/[$LATEST]5724bbfcea774384b83b606c0c42d806,2.26,,86000000
2026-05-28 12:30:42.411,2026/05/28/[$LATEST]09b41d5fd2894f389e30ae58462b1250,1.54,,85000000
2026-05-28 12:30:42.413,2026/05/28/[$LATEST]96c6e01348cf4245968782a1abd6eaeb,1.76,,85000000
2026-05-28 12:30:42.414,2026/05/28/[$LATEST]5724bbfcea774384b83b606c0c42d806,2.15,,86000000
2026-05-28 12:30:42.416,2026/05/28/[$LATEST]15737d93c14242db96065ddfaa294dc4,1.96,,85000000
2026-05-28 12:30:42.416,2026/05/28/[$LATEST]645d0a3985b047aa91261d33b7d29c16,1.82,,86000000
2026-05-28 12:30:42.418,2026/05/28/[$LATEST]09b41d5fd2894f389e30ae58462b1250,1.56,,85000000
2026-05-28 12:30:42.425,2026/05/28/[$LATEST]cfb0e958f4874281914ba0b7a1a72bef,7.08,,86000000
2026-05-28 12:30:42.433,2026/05/28/[$LATEST]09b41d5fd2894f389e30ae58462b1250,9.46,,85000000
2026-05-28 12:30:42.433,2026/05/28/[$LATEST]15737d93c14242db96065ddfaa294dc4,8.33,,85000000
2026-05-28 12:30:42.437,2026/05/28/[$LATEST]645d0a3985b047aa91261d33b7d29c16,1.95,,86000000
2026-05-28 12:30:42.441,2026/05/28/[$LATEST]96c6e01348cf4245968782a1abd6eaeb,1.82,,85000000
2026-05-28 12:30:42.447,2026/05/28/[$LATEST]5724bbfcea774384b83b606c0c42d806,1.81,,86000000
2026-05-28 12:30:42.447,2026/05/28/[$LATEST]cfb0e958f4874281914ba0b7a1a72bef,1.94,,86000000
2026-05-28 12:30:42.448,2026/05/28/[$LATEST]af1260d7b29a4081bdccf63925032932,1.71,,86000000
2026-05-28 12:30:42.457,2026/05/28/[$LATEST]15737d93c14242db96065ddfaa294dc4,1.67,,85000000
2026-05-28 12:30:42.458,2026/05/28/[$LATEST]09b41d5fd2894f389e30ae58462b1250,1.64,,85000000
2026-05-28 12:30:42.459,2026/05/28/[$LATEST]96c6e01348cf4245968782a1abd6eaeb,6.99,,85000000
2026-05-28 12:30:42.461,2026/05/28/[$LATEST]645d0a3985b047aa91261d33b7d29c16,6.19,,86000000
2026-05-28 12:30:42.470,2026/05/28/[$LATEST]af1260d7b29a4081bdccf63925032932,15.31,,86000000
2026-05-28 12:30:42.472,2026/05/28/[$LATEST]15737d93c14242db96065ddfaa294dc4,7.98,,85000000
2026-05-28 12:30:42.479,2026/05/28/[$LATEST]645d0a3985b047aa91261d33b7d29c16,10.83,,86000000
2026-05-28 12:30:42.483,2026/05/28/[$LATEST]96c6e01348cf4245968782a1abd6eaeb,1.75,,85000000
2026-05-28 12:30:42.494,2026/05/28/[$LATEST]af1260d7b29a4081bdccf63925032932,1.84,,86000000
2026-05-28 12:30:42.495,2026/05/28/[$LATEST]cfb0e958f4874281914ba0b7a1a72bef,1.9,,86000000
2026-05-28 12:30:42.497,2026/05/28/[$LATEST]645d0a3985b047aa91261d33b7d29c16,8.91,,86000000
2026-05-28 12:30:42.497,2026/05/28/[$LATEST]5724bbfcea774384b83b606c0c42d806,3.97,,86000000
2026-05-28 12:30:42.502,2026/05/28/[$LATEST]96c6e01348cf4245968782a1abd6eaeb,1.83,,85000000
2026-05-28 12:30:42.510,2026/05/28/[$LATEST]5724bbfcea774384b83b606c0c42d806,7.95,,86000000
2026-05-28 12:30:42.519,2026/05/28/[$LATEST]645d0a3985b047aa91261d33b7d29c16,1.91,,86000000
2026-05-28 12:30:42.524,2026/05/28/[$LATEST]96c6e01348cf4245968782a1abd6eaeb,12.7,,85000000
2026-05-28 12:30:42.540,2026/05/28/[$LATEST]645d0a3985b047aa91261d33b7d29c16,1.7,,86000000
2026-05-28 12:30:42.541,2026/05/28/[$LATEST]96c6e01348cf4245968782a1abd6eaeb,9.62,,85000000
2026-05-28 12:30:42.543,2026/05/28/[$LATEST]15737d93c14242db96065ddfaa294dc4,1.77,,85000000
2026-05-28 12:30:42.546,2026/05/28/[$LATEST]09b41d5fd2894f389e30ae58462b1250,1.77,,85000000
2026-05-28 12:30:42.549,2026/05/28/[$LATEST]5724bbfcea774384b83b606c0c42d806,1.93,,86000000
2026-05-28 12:30:42.555,2026/05/28/[$LATEST]cfb0e958f4874281914ba0b7a1a72bef,2.06,,86000000
2026-05-28 12:30:42.556,2026/05/28/[$LATEST]15737d93c14242db96065ddfaa294dc4,1.57,,85000000
2026-05-28 12:30:42.559,2026/05/28/[$LATEST]645d0a3985b047aa91261d33b7d29c16,3.56,,86000000
2026-05-28 12:30:42.559,2026/05/28/[$LATEST]7de6c63704704001920746bd5ec85dd3,1.57,,85000000
2026-05-28 12:30:42.559,2026/05/28/[$LATEST]96c6e01348cf4245968782a1abd6eaeb,1.71,,85000000
2026-05-28 12:30:42.574,2026/05/28/[$LATEST]09b41d5fd2894f389e30ae58462b1250,21.07,,85000000
2026-05-28 12:30:42.577,2026/05/28/[$LATEST]cfb0e958f4874281914ba0b7a1a72bef,1.87,,86000000
2026-05-28 12:30:42.581,2026/05/28/[$LATEST]5724bbfcea774384b83b606c0c42d806,1.88,,86000000
2026-05-28 12:30:42.585,2026/05/28/[$LATEST]09b41d5fd2894f389e30ae58462b1250,1.71,,85000000
2026-05-28 12:30:42.590,2026/05/28/[$LATEST]5724bbfcea774384b83b606c0c42d806,2.02,,86000000
2026-05-28 12:30:42.598,2026/05/28/[$LATEST]09b41d5fd2894f389e30ae58462b1250,1.5,,85000000
2026-05-28 12:30:42.606,2026/05/28/[$LATEST]cfb0e958f4874281914ba0b7a1a72bef,1.94,,86000000
2026-05-28 12:30:42.607,2026/05/28/[$LATEST]5724bbfcea774384b83b606c0c42d806,2.28,,86000000
2026-05-28 12:30:42.614,2026/05/28/[$LATEST]09b41d5fd2894f389e30ae58462b1250,11.43,,85000000
2026-05-28 12:30:42.620,2026/05/28/[$LATEST]5724bbfcea774384b83b606c0c42d806,2,,86000000
2026-05-28 12:30:42.623,2026/05/28/[$LATEST]96c6e01348cf4245968782a1abd6eaeb,1.77,,85000000
2026-05-28 12:30:42.634,2026/05/28/[$LATEST]5724bbfcea774384b83b606c0c42d806,2.23,,86000000
2026-05-28 12:30:42.641,2026/05/28/[$LATEST]cfb0e958f4874281914ba0b7a1a72bef,1.8,,86000000
2026-05-28 12:30:42.682,2026/05/28/[$LATEST]cfb0e958f4874281914ba0b7a1a72bef,1.96,,86000000
2026-05-28 12:30:42.683,2026/05/28/[$LATEST]5724bbfcea774384b83b606c0c42d806,2.16,,86000000
2026-05-28 12:30:42.685,2026/05/28/[$LATEST]96c6e01348cf4245968782a1abd6eaeb,2.03,,85000000
2026-05-28 12:30:42.685,2026/05/28/[$LATEST]af1260d7b29a4081bdccf63925032932,1.74,,86000000
2026-05-28 12:30:42.686,2026/05/28/[$LATEST]09b41d5fd2894f389e30ae58462b1250,1.96,,85000000
2026-05-28 12:30:42.688,2026/05/28/[$LATEST]645d0a3985b047aa91261d33b7d29c16,1.97,,86000000
2026-05-28 12:30:42.689,2026/05/28/[$LATEST]2faaf80cfd9d45a1b10ad92bea2bdc23,1.88,,86000000
2026-05-28 12:30:42.691,2026/05/28/[$LATEST]188cc19e71ed4e0bb96c479aefb33946,2.07,,86000000
2026-05-28 12:30:42.694,2026/05/28/[$LATEST]7de6c63704704001920746bd5ec85dd3,1.64,,85000000
2026-05-28 12:30:42.698,2026/05/28/[$LATEST]5989da090f7445fcb92f7c32ee76dd46,4.38,,86000000
2026-05-28 12:30:42.700,2026/05/28/[$LATEST]cfb0e958f4874281914ba0b7a1a72bef,12.88,,86000000
2026-05-28 12:30:42.708,2026/05/28/[$LATEST]188cc19e71ed4e0bb96c479aefb33946,11.09,,86000000
2026-05-28 12:30:42.721,2026/05/28/[$LATEST]cfb0e958f4874281914ba0b7a1a72bef,1.99,,86000000
2026-05-28 12:30:42.725,2026/05/28/[$LATEST]5989da090f7445fcb92f7c32ee76dd46,2.46,,86000000
2026-05-28 12:30:42.727,2026/05/28/[$LATEST]188cc19e71ed4e0bb96c479aefb33946,2,,86000000
2026-05-28 12:30:42.729,2026/05/28/[$LATEST]7de6c63704704001920746bd5ec85dd3,1.67,,85000000
2026-05-28 12:30:42.740,2026/05/28/[$LATEST]5989da090f7445fcb92f7c32ee76dd46,8.68,,86000000
2026-05-28 12:30:42.743,2026/05/28/[$LATEST]7de6c63704704001920746bd5ec85dd3,1.48,,85000000
2026-05-28 12:30:42.764,2026/05/28/[$LATEST]5989da090f7445fcb92f7c32ee76dd46,5.72,,86000000
2026-05-28 12:30:42.770,2026/05/28/[$LATEST]cfb0e958f4874281914ba0b7a1a72bef,1.87,,86000000
2026-05-28 12:30:42.770,2026/05/28/[$LATEST]188cc19e71ed4e0bb96c479aefb33946,1.95,,86000000
2026-05-28 12:30:42.780,2026/05/28/[$LATEST]7de6c63704704001920746bd5ec85dd3,1.49,,85000000
2026-05-28 12:30:42.781,2026/05/28/[$LATEST]5989da090f7445fcb92f7c32ee76dd46,1.76,,86000000
2026-05-28 12:30:42.788,2026/05/28/[$LATEST]cfb0e958f4874281914ba0b7a1a72bef,2.77,,86000000
2026-05-28 12:30:42.794,2026/05/28/[$LATEST]7de6c63704704001920746bd5ec85dd3,8.72,,85000000
2026-05-28 12:30:42.809,2026/05/28/[$LATEST]5989da090f7445fcb92f7c32ee76dd46,1.84,,86000000
2026-05-28 12:30:42.809,2026/05/28/[$LATEST]cfb0e958f4874281914ba0b7a1a72bef,3.49,,86000000
2026-05-28 12:30:42.813,2026/05/28/[$LATEST]188cc19e71ed4e0bb96c479aefb33946,1.77,,86000000
2026-05-28 12:30:42.814,2026/05/28/[$LATEST]7de6c63704704001920746bd5ec85dd3,12.07,,85000000
2026-05-28 12:30:42.816,2026/05/28/[$LATEST]2faaf80cfd9d45a1b10ad92bea2bdc23,1.61,,86000000
2026-05-28 12:30:42.817,2026/05/28/[$LATEST]645d0a3985b047aa91261d33b7d29c16,1.79,,86000000
2026-05-28 12:30:42.824,2026/05/28/[$LATEST]2faaf80cfd9d45a1b10ad92bea2bdc23,2.45,,86000000
2026-05-28 12:30:42.824,2026/05/28/[$LATEST]645d0a3985b047aa91261d33b7d29c16,1.75,,86000000
2026-05-28 12:30:42.826,2026/05/28/[$LATEST]09b41d5fd2894f389e30ae58462b1250,1.73,,85000000
2026-05-28 12:30:42.830,2026/05/28/[$LATEST]96c6e01348cf4245968782a1abd6eaeb,1.74,,85000000
2026-05-28 12:30:42.834,2026/05/28/[$LATEST]7de6c63704704001920746bd5ec85dd3,14.61,,85000000
2026-05-28 12:30:42.837,2026/05/28/[$LATEST]09b41d5fd2894f389e30ae58462b1250,1.51,,85000000
2026-05-28 12:30:42.839,2026/05/28/[$LATEST]2faaf80cfd9d45a1b10ad92bea2bdc23,1.57,,86000000
2026-05-28 12:30:42.839,2026/05/28/[$LATEST]645d0a3985b047aa91261d33b7d29c16,2.52,,86000000
2026-05-28 12:30:42.844,2026/05/28/[$LATEST]5989da090f7445fcb92f7c32ee76dd46,1.68,,86000000
2026-05-28 12:30:42.844,2026/05/28/[$LATEST]188cc19e71ed4e0bb96c479aefb33946,2.05,,86000000
2026-05-28 12:30:42.851,2026/05/28/[$LATEST]7de6c63704704001920746bd5ec85dd3,1.5,,85000000
2026-05-28 12:30:42.852,2026/05/28/[$LATEST]188cc19e71ed4e0bb96c479aefb33946,1.96,,86000000
2026-05-28 12:30:42.853,2026/05/28/[$LATEST]09b41d5fd2894f389e30ae58462b1250,3.74,,85000000
2026-05-28 12:30:42.858,2026/05/28/[$LATEST]7de6c63704704001920746bd5ec85dd3,1.35,,85000000
2026-05-28 12:30:42.858,2026/05/28/[$LATEST]645d0a3985b047aa91261d33b7d29c16,10.09,,86000000
2026-05-28 12:30:42.869,2026/05/28/[$LATEST]5989da090f7445fcb92f7c32ee76dd46,1.94,,86000000
2026-05-28 12:30:42.869,2026/05/28/[$LATEST]188cc19e71ed4e0bb96c479aefb33946,7.96,,86000000
2026-05-28 12:30:42.874,2026/05/28/[$LATEST]7de6c63704704001920746bd5ec85dd3,7.68,,85000000
2026-05-28 12:30:42.878,2026/05/28/[$LATEST]2faaf80cfd9d45a1b10ad92bea2bdc23,1.8,,86000000
2026-05-28 12:30:42.883,2026/05/28/[$LATEST]5989da090f7445fcb92f7c32ee76dd46,1.88,,86000000
2026-05-28 12:30:42.888,2026/05/28/[$LATEST]7de6c63704704001920746bd5ec85dd3,1.67,,85000000
2026-05-28 12:30:42.898,2026/05/28/[$LATEST]2faaf80cfd9d45a1b10ad92bea2bdc23,1.66,,86000000
2026-05-28 12:30:42.899,2026/05/28/[$LATEST]5989da090f7445fcb92f7c32ee76dd46,8.27,,86000000
2026-05-28 12:30:42.909,2026/05/28/[$LATEST]5989da090f7445fcb92f7c32ee76dd46,1.79,,86000000
2026-05-28 12:30:42.916,2026/05/28/[$LATEST]2faaf80cfd9d45a1b10ad92bea2bdc23,1.56,,86000000
2026-05-28 12:30:42.917,2026/05/28/[$LATEST]188cc19e71ed4e0bb96c479aefb33946,1.79,,86000000
2026-05-28 12:30:42.935,2026/05/28/[$LATEST]188cc19e71ed4e0bb96c479aefb33946,1.77,,86000000
2026-05-28 12:30:42.949,2026/05/28/[$LATEST]2faaf80cfd9d45a1b10ad92bea2bdc23,1.54,,86000000
2026-05-28 12:30:42.949,2026/05/28/[$LATEST]188cc19e71ed4e0bb96c479aefb33946,7.98,,86000000
2026-05-28 12:30:42.954,2026/05/28/[$LATEST]7de6c63704704001920746bd5ec85dd3,1.72,,85000000
2026-05-28 12:30:42.959,2026/05/28/[$LATEST]09b41d5fd2894f389e30ae58462b1250,2.02,,85000000
2026-05-28 12:30:42.961,2026/05/28/[$LATEST]96c6e01348cf4245968782a1abd6eaeb,1.81,,85000000
2026-05-28 12:30:42.961,2026/05/28/[$LATEST]645d0a3985b047aa91261d33b7d29c16,1.76,,86000000
2026-05-28 12:30:42.969,2026/05/28/[$LATEST]2faaf80cfd9d45a1b10ad92bea2bdc23,1.55,,86000000
2026-05-28 12:30:42.969,2026/05/28/[$LATEST]188cc19e71ed4e0bb96c479aefb33946,14.19,,86000000
2026-05-28 12:30:42.971,2026/05/28/[$LATEST]5989da090f7445fcb92f7c32ee76dd46,1.72,,86000000
2026-05-28 12:30:42.978,2026/05/28/[$LATEST]645d0a3985b047aa91261d33b7d29c16,7.43,,86000000
2026-05-28 12:30:42.979,2026/05/28/[$LATEST]96c6e01348cf4245968782a1abd6eaeb,1.79,,85000000
2026-05-28 12:30:42.995,2026/05/28/[$LATEST]96c6e01348cf4245968782a1abd6eaeb,1.95,,85000000
2026-05-28 12:30:43.008,2026/05/28/[$LATEST]5989da090f7445fcb92f7c32ee76dd46,1.79,,86000000
2026-05-28 12:30:43.014,2026/05/28/[$LATEST]645d0a3985b047aa91261d33b7d29c16,1.96,,86000000
2026-05-28 12:30:43.015,2026/05/28/[$LATEST]96c6e01348cf4245968782a1abd6eaeb,1.95,,85000000
2026-05-28 12:30:43.016,2026/05/28/[$LATEST]09b41d5fd2894f389e30ae58462b1250,1.84,,85000000
2026-05-28 12:30:43.019,2026/05/28/[$LATEST]5989da090f7445fcb92f7c32ee76dd46,5.08,,86000000
2026-05-28 12:30:43.022,2026/05/28/[$LATEST]2faaf80cfd9d45a1b10ad92bea2bdc23,1.5,,86000000
2026-05-28 12:30:43.024,2026/05/28/[$LATEST]cfb0e958f4874281914ba0b7a1a72bef,1.98,,86000000
2026-05-28 12:30:43.025,2026/05/28/[$LATEST]188cc19e71ed4e0bb96c479aefb33946,2.47,,86000000
2026-05-28 12:30:43.026,2026/05/28/[$LATEST]af1260d7b29a4081bdccf63925032932,1.97,,86000000
2026-05-28 12:30:43.033,2026/05/28/[$LATEST]96c6e01348cf4245968782a1abd6eaeb,1.8,,85000000
2026-05-28 12:30:43.034,2026/05/28/[$LATEST]09b41d5fd2894f389e30ae58462b1250,6.65,,85000000
2026-05-28 12:30:43.037,2026/05/28/[$LATEST]15737d93c14242db96065ddfaa294dc4,2.56,,85000000
2026-05-28 12:30:43.037,2026/05/28/[$LATEST]645d0a3985b047aa91261d33b7d29c16,5.94,,86000000
2026-05-28 12:30:43.038,2026/05/28/[$LATEST]7de6c63704704001920746bd5ec85dd3,1.56,,85000000
2026-05-28 12:30:43.040,2026/05/28/[$LATEST]af1260d7b29a4081bdccf63925032932,2.73,,86000000
2026-05-28 12:30:43.040,2026/05/28/[$LATEST]4f6d928700b0454089f4d3ba5806fd95,1.94,,85000000
2026-05-28 12:30:43.042,2026/05/28/[$LATEST]cfb0e958f4874281914ba0b7a1a72bef,1.85,,86000000
2026-05-28 12:30:43.042,2026/05/28/[$LATEST]188cc19e71ed4e0bb96c479aefb33946,2.98,,86000000
2026-05-28 12:30:43.044,2026/05/28/[$LATEST]2faaf80cfd9d45a1b10ad92bea2bdc23,1.56,,86000000
2026-05-28 12:30:43.054,2026/05/28/[$LATEST]09b41d5fd2894f389e30ae58462b1250,13.29,,85000000
2026-05-28 12:30:43.056,2026/05/28/[$LATEST]4f6d928700b0454089f4d3ba5806fd95,9.54,,85000000
2026-05-28 12:30:43.056,2026/05/28/[$LATEST]2faaf80cfd9d45a1b10ad92bea2bdc23,1.56,,86000000
2026-05-28 12:30:43.059,2026/05/28/[$LATEST]7de6c63704704001920746bd5ec85dd3,1.56,,85000000
2026-05-28 12:30:43.060,2026/05/28/[$LATEST]cfb0e958f4874281914ba0b7a1a72bef,8.82,,86000000
2026-05-28 12:30:43.060,2026/05/28/[$LATEST]96c6e01348cf4245968782a1abd6eaeb,1.68,,85000000
2026-05-28 12:30:43.070,2026/05/28/[$LATEST]96c6e01348cf4245968782a1abd6eaeb,1.61,,85000000
2026-05-28 12:30:43.097,2026/05/28/[$LATEST]7de6c63704704001920746bd5ec85dd3,1.71,,85000000
2026-05-28 12:30:43.098,2026/05/28/[$LATEST]2faaf80cfd9d45a1b10ad92bea2bdc23,1.51,,86000000
2026-05-28 12:30:43.098,2026/05/28/[$LATEST]96c6e01348cf4245968782a1abd6eaeb,1.71,,85000000
2026-05-28 12:30:43.102,2026/05/28/[$LATEST]cfb0e958f4874281914ba0b7a1a72bef,1.77,,86000000
2026-05-28 12:30:43.107,2026/05/28/[$LATEST]2faaf80cfd9d45a1b10ad92bea2bdc23,1.44,,86000000
2026-05-28 12:30:43.109,2026/05/28/[$LATEST]af1260d7b29a4081bdccf63925032932,1.71,,86000000
2026-05-28 12:30:43.120,2026/05/28/[$LATEST]7de6c63704704001920746bd5ec85dd3,1.61,,85000000
2026-05-28 12:30:43.121,2026/05/28/[$LATEST]cfb0e958f4874281914ba0b7a1a72bef,12.01,,86000000
2026-05-28 12:30:43.124,2026/05/28/[$LATEST]2faaf80cfd9d45a1b10ad92bea2bdc23,3.92,,86000000
2026-05-28 12:30:43.124,2026/05/28/[$LATEST]96c6e01348cf4245968782a1abd6eaeb,1.81,,85000000
2026-05-28 12:30:43.126,2026/05/28/[$LATEST]4f6d928700b0454089f4d3ba5806fd95,1.94,,85000000
2026-05-28 12:30:43.127,2026/05/28/[$LATEST]af1260d7b29a4081bdccf63925032932,7.01,,86000000
2026-05-28 12:30:43.134,2026/05/28/[$LATEST]7de6c63704704001920746bd5ec85dd3,8.98,,85000000
2026-05-28 12:30:43.135,2026/05/28/[$LATEST]4f6d928700b0454089f4d3ba5806fd95,1.79,,85000000
2026-05-28 12:30:43.135,2026/05/28/[$LATEST]af1260d7b29a4081bdccf63925032932,1.78,,86000000
2026-05-28 12:30:43.137,2026/05/28/[$LATEST]09b41d5fd2894f389e30ae58462b1250,1.58,,85000000
2026-05-28 12:30:43.140,2026/05/28/[$LATEST]96c6e01348cf4245968782a1abd6eaeb,8.54,,85000000
2026-05-28 12:30:43.141,2026/05/28/[$LATEST]7de6c63704704001920746bd5ec85dd3,1.32,,85000000
2026-05-28 12:30:43.141,2026/05/28/[$LATEST]cfb0e958f4874281914ba0b7a1a72bef,6.85,,86000000
2026-05-28 12:30:43.141,2026/05/28/[$LATEST]188cc19e71ed4e0bb96c479aefb33946,1.9,,86000000
2026-05-28 12:30:43.141,2026/05/28/[$LATEST]5989da090f7445fcb92f7c32ee76dd46,1.68,,86000000
2026-05-28 12:30:43.143,2026/05/28/[$LATEST]4f6d928700b0454089f4d3ba5806fd95,1.61,,85000000
2026-05-28 12:30:43.144,2026/05/28/[$LATEST]2faaf80cfd9d45a1b10ad92bea2bdc23,11.86,,86000000
2026-05-28 12:30:43.147,2026/05/28/[$LATEST]15737d93c14242db96065ddfaa294dc4,1.67,,85000000
2026-05-28 12:30:43.149,2026/05/28/[$LATEST]5724bbfcea774384b83b606c0c42d806,3.34,,86000000
2026-05-28 12:30:43.151,2026/05/28/[$LATEST]af1260d7b29a4081bdccf63925032932,2.04,,86000000
2026-05-28 12:30:43.153,2026/05/28/[$LATEST]09b41d5fd2894f389e30ae58462b1250,10.26,,85000000
2026-05-28 12:30:43.156,2026/05/28/[$LATEST]15737d93c14242db96065ddfaa294dc4,1.83,,85000000
2026-05-28 12:30:43.161,2026/05/28/[$LATEST]5724bbfcea774384b83b606c0c42d806,2.12,,86000000
2026-05-28 12:30:43.164,2026/05/28/[$LATEST]2faaf80cfd9d45a1b10ad92bea2bdc23,5.62,,86000000
2026-05-28 12:30:43.165,2026/05/28/[$LATEST]cfb0e958f4874281914ba0b7a1a72bef,1.97,,86000000
2026-05-28 12:30:43.168,2026/05/28/[$LATEST]5989da090f7445fcb92f7c32ee76dd46,1.67,,86000000
2026-05-28 12:30:43.168,2026/05/28/[$LATEST]af1260d7b29a4081bdccf63925032932,6.35,,86000000
2026-05-28 12:30:43.173,2026/05/28/[$LATEST]15737d93c14242db96065ddfaa294dc4,9.19,,85000000
2026-05-28 12:30:43.178,2026/05/28/[$LATEST]09b41d5fd2894f389e30ae58462b1250,1.78,,85000000
2026-05-28 12:30:43.183,2026/05/28/[$LATEST]5989da090f7445fcb92f7c32ee76dd46,1.8,,86000000
2026-05-28 12:30:43.196,2026/05/28/[$LATEST]cfb0e958f4874281914ba0b7a1a72bef,2.02,,86000000
2026-05-28 12:30:43.199,2026/05/28/[$LATEST]5989da090f7445fcb92f7c32ee76dd46,6.68,,86000000
2026-05-28 12:30:43.199,2026/05/28/[$LATEST]af1260d7b29a4081bdccf63925032932,1.74,,86000000
2026-05-28 12:30:43.201,2026/05/28/[$LATEST]5724bbfcea774384b83b606c0c42d806,1.81,,86000000
2026-05-28 12:30:43.204,2026/05/28/[$LATEST]2faaf80cfd9d45a1b10ad92bea2bdc23,1.66,,86000000
2026-05-28 12:30:43.212,2026/05/28/[$LATEST]09b41d5fd2894f389e30ae58462b1250,1.78,,85000000
2026-05-28 12:30:43.215,2026/05/28/[$LATEST]15737d93c14242db96065ddfaa294dc4,1.79,,85000000
2026-05-28 12:30:43.224,2026/05/28/[$LATEST]4f6d928700b0454089f4d3ba5806fd95,2.13,,85000000
2026-05-28 12:30:43.234,2026/05/28/[$LATEST]15737d93c14242db96065ddfaa294dc4,7.14,,85000000
2026-05-28 12:30:43.238,2026/05/28/[$LATEST]4f6d928700b0454089f4d3ba5806fd95,1.8,,85000000
2026-05-28 12:30:43.259,2026/05/28/[$LATEST]2faaf80cfd9d45a1b10ad92bea2bdc23,1.6,,86000000
2026-05-28 12:30:43.259,2026/05/28/[$LATEST]4f6d928700b0454089f4d3ba5806fd95,6.66,,85000000
2026-05-28 12:30:43.260,2026/05/28/[$LATEST]15737d93c14242db96065ddfaa294dc4,1.79,,85000000
2026-05-28 12:30:43.261,2026/05/28/[$LATEST]09b41d5fd2894f389e30ae58462b1250,1.74,,85000000
2026-05-28 12:30:43.262,2026/05/28/[$LATEST]5724bbfcea774384b83b606c0c42d806,2.97,,86000000
2026-05-28 12:30:43.266,2026/05/28/[$LATEST]5989da090f7445fcb92f7c32ee76dd46,1.62,,86000000
2026-05-28 12:30:43.267,2026/05/28/[$LATEST]2faaf80cfd9d45a1b10ad92bea2bdc23,1.55,,86000000
2026-05-28 12:30:43.270,2026/05/28/[$LATEST]af1260d7b29a4081bdccf63925032932,1.84,,86000000
2026-05-28 12:30:43.284,2026/05/28/[$LATEST]2faaf80cfd9d45a1b10ad92bea2bdc23,1.54,,86000000
2026-05-28 12:30:43.286,2026/05/28/[$LATEST]09b41d5fd2894f389e30ae58462b1250,1.69,,85000000
2026-05-28 12:30:43.287,2026/05/28/[$LATEST]af1260d7b29a4081bdccf63925032932,9.42,,86000000
2026-05-28 12:30:43.290,2026/05/28/[$LATEST]15737d93c14242db96065ddfaa294dc4,1.69,,85000000
2026-05-28 12:30:43.299,2026/05/28/[$LATEST]15737d93c14242db96065ddfaa294dc4,2.15,,85000000
2026-05-28 12:30:43.304,2026/05/28/[$LATEST]09b41d5fd2894f389e30ae58462b1250,1.7,,85000000
2026-05-28 12:30:43.307,2026/05/28/[$LATEST]af1260d7b29a4081bdccf63925032932,1.94,,86000000
2026-05-28 12:30:43.307,2026/05/28/[$LATEST]2faaf80cfd9d45a1b10ad92bea2bdc23,1.61,,86000000
2026-05-28 12:30:43.313,2026/05/28/[$LATEST]15737d93c14242db96065ddfaa294dc4,6.77,,85000000
2026-05-28 12:30:43.319,2026/05/28/[$LATEST]4f6d928700b0454089f4d3ba5806fd95,2.16,,85000000
2026-05-28 12:30:43.319,2026/05/28/[$LATEST]09b41d5fd2894f389e30ae58462b1250,1.6,,85000000
2026-05-28 12:30:43.326,2026/05/28/[$LATEST]2faaf80cfd9d45a1b10ad92bea2bdc23,1.74,,86000000
2026-05-28 12:30:43.328,2026/05/28/[$LATEST]af1260d7b29a4081bdccf63925032932,2.94,,86000000
2026-05-28 12:30:43.332,2026/05/28/[$LATEST]15737d93c14242db96065ddfaa294dc4,14.7,,85000000
2026-05-28 12:30:43.345,2026/05/28/[$LATEST]15737d93c14242db96065ddfaa294dc4,1.5,,85000000
2026-05-28 12:30:43.352,2026/05/28/[$LATEST]4f6d928700b0454089f4d3ba5806fd95,1.83,,85000000
2026-05-28 12:30:43.360,2026/05/28/[$LATEST]4f6d928700b0454089f4d3ba5806fd95,1.82,,85000000
2026-05-28 12:30:43.364,2026/05/28/[$LATEST]2faaf80cfd9d45a1b10ad92bea2bdc23,1.66,,86000000
2026-05-28 12:30:43.368,2026/05/28/[$LATEST]5989da090f7445fcb92f7c32ee76dd46,1.84,,86000000
2026-05-28 12:30:43.369,2026/05/28/[$LATEST]af1260d7b29a4081bdccf63925032932,16.87,,86000000
2026-05-28 12:30:43.373,2026/05/28/[$LATEST]15737d93c14242db96065ddfaa294dc4,2.1,,85000000
2026-05-28 12:30:43.375,2026/05/28/[$LATEST]4f6d928700b0454089f4d3ba5806fd95,6.56,,85000000
2026-05-28 12:30:43.381,2026/05/28/[$LATEST]5989da090f7445fcb92f7c32ee76dd46,1.88,,86000000
2026-05-28 12:30:43.392,2026/05/28/[$LATEST]15737d93c14242db96065ddfaa294dc4,6.65,,85000000
2026-05-28 12:30:43.394,2026/05/28/[$LATEST]4f6d928700b0454089f4d3ba5806fd95,1.84,,85000000
2026-05-28 12:30:43.396,2026/05/28/[$LATEST]09b41d5fd2894f389e30ae58462b1250,1.78,,85000000
2026-05-28 12:30:43.399,2026/05/28/[$LATEST]5989da090f7445fcb92f7c32ee76dd46,8.74,,86000000
2026-05-28 12:30:43.402,2026/05/28/[$LATEST]4f6d928700b0454089f4d3ba5806fd95,1.87,,85000000
2026-05-28 12:30:43.406,2026/05/28/[$LATEST]af1260d7b29a4081bdccf63925032932,7.64,,86000000
2026-05-28 12:30:43.411,2026/05/28/[$LATEST]2faaf80cfd9d45a1b10ad92bea2bdc23,1.58,,86000000
2026-05-28 12:30:43.413,2026/05/28/[$LATEST]09b41d5fd2894f389e30ae58462b1250,10.55,,85000000
2026-05-28 12:30:43.414,2026/05/28/[$LATEST]15737d93c14242db96065ddfaa294dc4,1.74,,85000000
2026-05-28 12:30:43.415,2026/05/28/[$LATEST]7de6c63704704001920746bd5ec85dd3,1.8,,85000000
2026-05-28 12:30:43.418,2026/05/28/[$LATEST]645d0a3985b047aa91261d33b7d29c16,1.85,,86000000
2026-05-28 12:30:43.419,2026/05/28/[$LATEST]5989da090f7445fcb92f7c32ee76dd46,11.26,,86000000
2026-05-28 12:30:43.419,2026/05/28/[$LATEST]96c6e01348cf4245968782a1abd6eaeb,1.82,,85000000
2026-05-28 12:30:43.424,2026/05/28/[$LATEST]2faaf80cfd9d45a1b10ad92bea2bdc23,5.68,,86000000
2026-05-28 12:30:43.426,2026/05/28/[$LATEST]af1260d7b29a4081bdccf63925032932,1.92,,86000000
2026-05-28 12:30:43.433,2026/05/28/[$LATEST]7de6c63704704001920746bd5ec85dd3,1.66,,85000000
2026-05-28 12:30:43.433,2026/05/28/[$LATEST]96c6e01348cf4245968782a1abd6eaeb,1.87,,85000000
2026-05-28 12:30:43.435,2026/05/28/[$LATEST]4f6d928700b0454089f4d3ba5806fd95,25.52,,85000000
2026-05-28 12:30:43.438,2026/05/28/[$LATEST]645d0a3985b047aa91261d33b7d29c16,2.37,,86000000
2026-05-28 12:30:43.450,2026/05/28/[$LATEST]af1260d7b29a4081bdccf63925032932,2.46,,86000000
2026-05-28 12:30:43.456,2026/05/28/[$LATEST]2faaf80cfd9d45a1b10ad92bea2bdc23,1.61,,86000000
2026-05-28 12:30:43.457,2026/05/28/[$LATEST]645d0a3985b047aa91261d33b7d29c16,3.28,,86000000
2026-05-28 12:30:43.470,2026/05/28/[$LATEST]2faaf80cfd9d45a1b10ad92bea2bdc23,1.71,,86000000
2026-05-28 12:30:43.484,2026/05/28/[$LATEST]2faaf80cfd9d45a1b10ad92bea2bdc23,3.66,,86000000
2026-05-28 12:30:43.488,2026/05/28/[$LATEST]4f6d928700b0454089f4d3ba5806fd95,2,,85000000
2026-05-28 12:30:43.489,2026/05/28/[$LATEST]645d0a3985b047aa91261d33b7d29c16,3.57,,86000000
2026-05-28 12:30:43.502,2026/05/28/[$LATEST]96c6e01348cf4245968782a1abd6eaeb,1.95,,85000000
2026-05-28 12:30:43.506,2026/05/28/[$LATEST]2faaf80cfd9d45a1b10ad92bea2bdc23,1.58,,86000000
2026-05-28 12:30:43.507,2026/05/28/[$LATEST]af1260d7b29a4081bdccf63925032932,1.78,,86000000
2026-05-28 12:30:43.511,2026/05/28/[$LATEST]5989da090f7445fcb92f7c32ee76dd46,1.87,,86000000
2026-05-28 12:30:43.517,2026/05/28/[$LATEST]645d0a3985b047aa91261d33b7d29c16,18.25,,86000000
2026-05-28 12:30:43.521,2026/05/28/[$LATEST]96c6e01348cf4245968782a1abd6eaeb,1.79,,85000000
2026-05-28 12:30:43.527,2026/05/28/[$LATEST]5724bbfcea774384b83b606c0c42d806,5.75,,86000000
2026-05-28 12:30:43.532,2026/05/28/[$LATEST]5989da090f7445fcb92f7c32ee76dd46,4.46,,86000000
2026-05-28 12:30:43.535,2026/05/28/[$LATEST]4f6d928700b0454089f4d3ba5806fd95,1.79,,85000000
2026-05-28 12:30:43.538,2026/05/28/[$LATEST]645d0a3985b047aa91261d33b7d29c16,13.65,,86000000
2026-05-28 12:30:43.542,2026/05/28/[$LATEST]96c6e01348cf4245968782a1abd6eaeb,14.22,,85000000
2026-05-28 12:30:43.544,2026/05/28/[$LATEST]4f6d928700b0454089f4d3ba5806fd95,1.97,,85000000
2026-05-28 12:30:43.548,2026/05/28/[$LATEST]5724bbfcea774384b83b606c0c42d806,8.23,,86000000
2026-05-28 12:30:43.563,2026/05/28/[$LATEST]4f6d928700b0454089f4d3ba5806fd95,1.82,,85000000
2026-05-28 12:30:43.567,2026/05/28/[$LATEST]5724bbfcea774384b83b606c0c42d806,3.54,,86000000
2026-05-28 12:30:43.580,2026/05/28/[$LATEST]4f6d928700b0454089f4d3ba5806fd95,1.87,,85000000
2026-05-28 12:30:43.581,2026/05/28/[$LATEST]645d0a3985b047aa91261d33b7d29c16,36.97,,86000000
2026-05-28 12:30:43.599,2026/05/28/[$LATEST]645d0a3985b047aa91261d33b7d29c16,1.87,,86000000
2026-05-28 12:30:43.599,2026/05/28/[$LATEST]4f6d928700b0454089f4d3ba5806fd95,2.24,,85000000
2026-05-28 12:30:43.600,2026/05/28/[$LATEST]5724bbfcea774384b83b606c0c42d806,2.22,,86000000
2026-05-28 12:30:43.610,2026/05/28/[$LATEST]5724bbfcea774384b83b606c0c42d806,3.57,,86000000
2026-05-28 12:30:43.615,2026/05/28/[$LATEST]af1260d7b29a4081bdccf63925032932,3.3,,86000000
2026-05-28 12:30:43.616,2026/05/28/[$LATEST]4f6d928700b0454089f4d3ba5806fd95,6.11,,85000000
2026-05-28 12:30:43.617,2026/05/28/[$LATEST]cfb0e958f4874281914ba0b7a1a72bef,2.42,,86000000
2026-05-28 12:30:43.618,2026/05/28/[$LATEST]2faaf80cfd9d45a1b10ad92bea2bdc23,1.57,,86000000
2026-05-28 12:30:43.618,2026/05/28/[$LATEST]5989da090f7445fcb92f7c32ee76dd46,3.22,,86000000
2026-05-28 12:30:43.627,2026/05/28/[$LATEST]5989da090f7445fcb92f7c32ee76dd46,1.89,,86000000
2026-05-28 12:30:43.631,2026/05/28/[$LATEST]af1260d7b29a4081bdccf63925032932,2.29,,86000000
2026-05-28 12:30:43.635,2026/05/28/[$LATEST]4f6d928700b0454089f4d3ba5806fd95,5.45,,85000000
2026-05-28 12:30:43.642,2026/05/28/[$LATEST]645d0a3985b047aa91261d33b7d29c16,1.74,,86000000
2026-05-28 12:30:43.643,2026/05/28/[$LATEST]4f6d928700b0454089f4d3ba5806fd95,2.16,,85000000
2026-05-28 12:30:43.660,2026/05/28/[$LATEST]af1260d7b29a4081bdccf63925032932,1.85,,86000000
2026-05-28 12:30:43.660,2026/05/28/[$LATEST]4f6d928700b0454089f4d3ba5806fd95,2.03,,85000000
2026-05-28 12:30:43.661,2026/05/28/[$LATEST]645d0a3985b047aa91261d33b7d29c16,1.96,,86000000
2026-05-28 12:30:43.672,2026/05/28/[$LATEST]7de6c63704704001920746bd5ec85dd3,1.84,,85000000
2026-05-28 12:30:43.677,2026/05/28/[$LATEST]96c6e01348cf4245968782a1abd6eaeb,1.77,,85000000
2026-05-28 12:30:43.677,2026/05/28/[$LATEST]4f6d928700b0454089f4d3ba5806fd95,9.3,,85000000
2026-05-28 12:30:43.678,2026/05/28/[$LATEST]645d0a3985b047aa91261d33b7d29c16,7.87,,86000000
2026-05-28 12:30:43.679,2026/05/28/[$LATEST]7de6c63704704001920746bd5ec85dd3,1.36,,85000000
2026-05-28 12:30:43.687,2026/05/28/[$LATEST]96c6e01348cf4245968782a1abd6eaeb,1.71,,85000000
2026-05-28 12:30:43.694,2026/05/28/[$LATEST]7de6c63704704001920746bd5ec85dd3,9.89,,85000000
2026-05-28 12:30:43.697,2026/05/28/[$LATEST]645d0a3985b047aa91261d33b7d29c16,10.83,,86000000
2026-05-28 12:30:43.705,2026/05/28/[$LATEST]af1260d7b29a4081bdccf63925032932,1.71,,86000000
2026-05-28 12:30:43.706,2026/05/28/[$LATEST]5989da090f7445fcb92f7c32ee76dd46,1.79,,86000000
2026-05-28 12:30:43.711,2026/05/28/[$LATEST]7de6c63704704001920746bd5ec85dd3,1.54,,85000000
2026-05-28 12:30:43.716,2026/05/28/[$LATEST]4f6d928700b0454089f4d3ba5806fd95,26.05,,85000000
2026-05-28 12:30:43.717,2026/05/28/[$LATEST]645d0a3985b047aa91261d33b7d29c16,14.44,,86000000
2026-05-28 12:30:43.722,2026/05/28/[$LATEST]5989da090f7445fcb92f7c32ee76dd46,1.83,,86000000
2026-05-28 12:30:43.741,2026/05/28/[$LATEST]5989da090f7445fcb92f7c32ee76dd46,1.77,,86000000
2026-05-28 12:30:43.745,2026/05/28/[$LATEST]7de6c63704704001920746bd5ec85dd3,1.68,,85000000
2026-05-28 12:30:43.749,2026/05/28/[$LATEST]4f6d928700b0454089f4d3ba5806fd95,1.81,,85000000
2026-05-28 12:30:43.758,2026/05/28/[$LATEST]4f6d928700b0454089f4d3ba5806fd95,1.92,,85000000
2026-05-28 12:30:43.760,2026/05/28/[$LATEST]5989da090f7445fcb92f7c32ee76dd46,1.78,,86000000
2026-05-28 12:30:43.761,2026/05/28/[$LATEST]7de6c63704704001920746bd5ec85dd3,1.67,,85000000
2026-05-28 12:30:43.767,2026/05/28/[$LATEST]2faaf80cfd9d45a1b10ad92bea2bdc23,1.73,,86000000
2026-05-28 12:30:43.770,2026/05/28/[$LATEST]af1260d7b29a4081bdccf63925032932,1.75,,86000000
2026-05-28 12:30:43.778,2026/05/28/[$LATEST]645d0a3985b047aa91261d33b7d29c16,38.26,,86000000
2026-05-28 12:30:43.791,2026/05/28/[$LATEST]af1260d7b29a4081bdccf63925032932,1.96,,86000000
2026-05-28 12:30:43.794,2026/05/28/[$LATEST]2faaf80cfd9d45a1b10ad92bea2bdc23,1.55,,86000000
2026-05-28 12:30:43.806,2026/05/28/[$LATEST]af1260d7b29a4081bdccf63925032932,2,,86000000
2026-05-28 12:30:43.807,2026/05/28/[$LATEST]645d0a3985b047aa91261d33b7d29c16,2.13,,86000000
2026-05-28 12:30:43.812,2026/05/28/[$LATEST]7de6c63704704001920746bd5ec85dd3,1.63,,85000000
2026-05-28 12:30:43.812,2026/05/28/[$LATEST]4f6d928700b0454089f4d3ba5806fd95,1.73,,85000000
2026-05-28 12:30:43.816,2026/05/28/[$LATEST]2faaf80cfd9d45a1b10ad92bea2bdc23,1.6,,86000000
2026-05-28 12:30:43.819,2026/05/28/[$LATEST]645d0a3985b047aa91261d33b7d29c16,2.05,,86000000
2026-05-28 12:30:43.834,2026/05/28/[$LATEST]4f6d928700b0454089f4d3ba5806fd95,1.72,,85000000
2026-05-28 12:30:43.839,2026/05/28/[$LATEST]645d0a3985b047aa91261d33b7d29c16,1.94,,86000000
2026-05-28 12:30:43.843,2026/05/28/[$LATEST]2faaf80cfd9d45a1b10ad92bea2bdc23,1.57,,86000000
2026-05-28 12:30:43.844,2026/05/28/[$LATEST]4f6d928700b0454089f4d3ba5806fd95,1.82,,85000000
2026-05-28 12:30:43.848,2026/05/28/[$LATEST]7de6c63704704001920746bd5ec85dd3,1.56,,85000000
2026-05-28 12:30:43.856,2026/05/28/[$LATEST]4f6d928700b0454089f4d3ba5806fd95,5.97,,85000000
2026-05-28 12:30:43.857,2026/05/28/[$LATEST]7de6c63704704001920746bd5ec85dd3,1.27,,85000000
2026-05-28 12:30:43.858,2026/05/28/[$LATEST]645d0a3985b047aa91261d33b7d29c16,12.26,,86000000
2026-05-28 12:30:43.862,2026/05/28/[$LATEST]2faaf80cfd9d45a1b10ad92bea2bdc23,1.76,,86000000
2026-05-28 12:30:43.865,2026/05/28/[$LATEST]4f6d928700b0454089f4d3ba5806fd95,2.15,,85000000
2026-05-28 12:30:43.868,2026/05/28/[$LATEST]5989da090f7445fcb92f7c32ee76dd46,1.76,,86000000
2026-05-28 12:30:43.871,2026/05/28/[$LATEST]cfb0e958f4874281914ba0b7a1a72bef,1.96,,86000000
2026-05-28 12:30:43.876,2026/05/28/[$LATEST]7de6c63704704001920746bd5ec85dd3,1.45,,85000000
2026-05-28 12:30:43.876,2026/05/28/[$LATEST]2faaf80cfd9d45a1b10ad92bea2bdc23,1.58,,86000000
2026-05-28 12:30:43.887,2026/05/28/[$LATEST]4f6d928700b0454089f4d3ba5806fd95,1.9,,85000000
2026-05-28 12:30:43.888,2026/05/28/[$LATEST]2faaf80cfd9d45a1b10ad92bea2bdc23,1.54,,86000000
2026-05-28 12:30:43.890,2026/05/28/[$LATEST]af1260d7b29a4081bdccf63925032932,41.96,,86000000
2026-05-28 12:30:43.894,2026/05/28/[$LATEST]cfb0e958f4874281914ba0b7a1a72bef,2.04,,86000000
2026-05-28 12:30:43.894,2026/05/28/[$LATEST]7de6c63704704001920746bd5ec85dd3,10.82,,85000000
2026-05-28 12:30:43.896,2026/05/28/[$LATEST]645d0a3985b047aa91261d33b7d29c16,13.26,,86000000
2026-05-28 12:30:43.901,2026/05/28/[$LATEST]96c6e01348cf4245968782a1abd6eaeb,27.03,,85000000
2026-05-28 12:30:43.903,2026/05/28/[$LATEST]af1260d7b29a4081bdccf63925032932,2.05,,86000000
2026-05-28 12:30:43.903,2026/05/28/[$LATEST]7de6c63704704001920746bd5ec85dd3,1.66,,85000000
2026-05-28 12:30:43.905,2026/05/28/[$LATEST]cfb0e958f4874281914ba0b7a1a72bef,2.4,,86000000
2026-05-28 12:30:43.915,2026/05/28/[$LATEST]7de6c63704704001920746bd5ec85dd3,1.57,,85000000
2026-05-28 12:30:43.927,2026/05/28/[$LATEST]cfb0e958f4874281914ba0b7a1a72bef,1.98,,86000000
2026-05-28 12:30:43.934,2026/05/28/[$LATEST]7de6c63704704001920746bd5ec85dd3,6.77,,85000000
2026-05-28 12:30:43.940,2026/05/28/[$LATEST]af1260d7b29a4081bdccf63925032932,1.95,,86000000
2026-05-28 12:30:43.941,2026/05/28/[$LATEST]cfb0e958f4874281914ba0b7a1a72bef,5.47,,86000000
2026-05-28 12:30:43.971,2026/05/28/[$LATEST]2faaf80cfd9d45a1b10ad92bea2bdc23,1.7,,86000000
2026-05-28 12:30:43.972,2026/05/28/[$LATEST]7de6c63704704001920746bd5ec85dd3,1.56,,85000000
2026-05-28 12:30:43.976,2026/05/28/[$LATEST]5724bbfcea774384b83b606c0c42d806,1.99,,86000000
2026-05-28 12:30:43.980,2026/05/28/[$LATEST]cfb0e958f4874281914ba0b7a1a72bef,2.26,,86000000
2026-05-28 12:30:43.981,2026/05/28/[$LATEST]7de6c63704704001920746bd5ec85dd3,1.54,,85000000
2026-05-28 12:30:43.982,2026/05/28/[$LATEST]5989da090f7445fcb92f7c32ee76dd46,1.86,,86000000
2026-05-28 12:30:43.986,2026/05/28/[$LATEST]af1260d7b29a4081bdccf63925032932,1.79,,86000000
2026-05-28 12:30:43.999,2026/05/28/[$LATEST]96c6e01348cf4245968782a1abd6eaeb,9.19,,85000000
2026-05-28 12:30:44.006,2026/05/28/[$LATEST]7de6c63704704001920746bd5ec85dd3,1.47,,85000000
2026-05-28 12:30:44.008,2026/05/28/[$LATEST]af1260d7b29a4081bdccf63925032932,3.99,,86000000
2026-05-28 12:30:44.011,2026/05/28/[$LATEST]96c6e01348cf4245968782a1abd6eaeb,1.87,,85000000
2026-05-28 12:30:44.014,2026/05/28/[$LATEST]7de6c63704704001920746bd5ec85dd3,2.96,,85000000
2026-05-28 12:30:44.014,2026/05/28/[$LATEST]5989da090f7445fcb92f7c32ee76dd46,1.63,,86000000
2026-05-28 12:30:44.021,2026/05/28/[$LATEST]af1260d7b29a4081bdccf63925032932,1.87,,86000000
2026-05-28 12:30:44.021,2026/05/28/[$LATEST]96c6e01348cf4245968782a1abd6eaeb,1.75,,85000000
2026-05-28 12:30:44.035,2026/05/28/[$LATEST]7de6c63704704001920746bd5ec85dd3,1.48,,85000000
2026-05-28 12:30:44.040,2026/05/28/[$LATEST]96c6e01348cf4245968782a1abd6eaeb,8.32,,85000000
2026-05-28 12:30:44.047,2026/05/28/[$LATEST]645d0a3985b047aa91261d33b7d29c16,1.72,,86000000
2026-05-28 12:30:44.053,2026/05/28/[$LATEST]7de6c63704704001920746bd5ec85dd3,1.63,,85000000
2026-05-28 12:30:44.053,2026/05/28/[$LATEST]af1260d7b29a4081bdccf63925032932,2.5,,86000000
2026-05-28 12:30:44.077,2026/05/28/[$LATEST]7de6c63704704001920746bd5ec85dd3,1.55,,85000000
2026-05-28 12:30:44.082,2026/05/28/[$LATEST]af1260d7b29a4081bdccf63925032932,3.34,,86000000
2026-05-28 12:30:44.086,2026/05/28/[$LATEST]5989da090f7445fcb92f7c32ee76dd46,1.73,,86000000
2026-05-28 12:30:44.094,2026/05/28/[$LATEST]7de6c63704704001920746bd5ec85dd3,7.38,,85000000
2026-05-28 12:30:44.096,2026/05/28/[$LATEST]4f6d928700b0454089f4d3ba5806fd95,1.82,,85000000
2026-05-28 12:30:44.097,2026/05/28/[$LATEST]96c6e01348cf4245968782a1abd6eaeb,2.25,,85000000
2026-05-28 12:30:44.097,2026/05/28/[$LATEST]15737d93c14242db96065ddfaa294dc4,1.58,,85000000
2026-05-28 12:30:44.099,2026/05/28/[$LATEST]09b41d5fd2894f389e30ae58462b1250,1.86,,85000000
2026-05-28 12:30:44.099,2026/05/28/[$LATEST]5989da090f7445fcb92f7c32ee76dd46,3.59,,86000000
2026-05-28 12:30:44.100,2026/05/28/[$LATEST]645d0a3985b047aa91261d33b7d29c16,1.82,,86000000
2026-05-28 12:30:44.102,2026/05/28/[$LATEST]af1260d7b29a4081bdccf63925032932,1.86,,86000000
2026-05-28 12:30:44.113,2026/05/28/[$LATEST]cfb0e958f4874281914ba0b7a1a72bef,1.86,,86000000
2026-05-28 12:30:44.113,2026/05/28/[$LATEST]09b41d5fd2894f389e30ae58462b1250,8.7,,85000000
2026-05-28 12:30:44.114,2026/05/28/[$LATEST]7de6c63704704001920746bd5ec85dd3,13.1,,85000000
2026-05-28 12:30:44.115,2026/05/28/[$LATEST]2faaf80cfd9d45a1b10ad92bea2bdc23,1.64,,86000000
2026-05-28 12:30:44.118,2026/05/28/[$LATEST]188cc19e71ed4e0bb96c479aefb33946,1.93,,86000000
2026-05-28 12:30:44.118,2026/05/28/[$LATEST]645d0a3985b047aa91261d33b7d29c16,10.72,,86000000
2026-05-28 12:30:44.119,2026/05/28/[$LATEST]5989da090f7445fcb92f7c32ee76dd46,12.04,,86000000
2026-05-28 12:30:44.120,2026/05/28/[$LATEST]96c6e01348cf4245968782a1abd6eaeb,2.52,,85000000
2026-05-28 12:30:44.121,2026/05/28/[$LATEST]cfb0e958f4874281914ba0b7a1a72bef,1.77,,86000000
2026-05-28 12:30:44.125,2026/05/28/[$LATEST]2faaf80cfd9d45a1b10ad92bea2bdc23,1.75,,86000000
2026-05-28 12:30:44.128,2026/05/28/[$LATEST]af1260d7b29a4081bdccf63925032932,17.68,,86000000
2026-05-28 12:30:44.128,2026/05/28/[$LATEST]188cc19e71ed4e0bb96c479aefb33946,4.76,,86000000
2026-05-28 12:30:44.129,2026/05/28/[$LATEST]5724bbfcea774384b83b606c0c42d806,15.42,,86000000
2026-05-28 12:30:44.138,2026/05/28/[$LATEST]645d0a3985b047aa91261d33b7d29c16,8.59,,86000000
2026-05-28 12:30:44.139,2026/05/28/[$LATEST]5989da090f7445fcb92f7c32ee76dd46,13.43,,86000000
2026-05-28 12:30:44.155,2026/05/28/[$LATEST]96c6e01348cf4245968782a1abd6eaeb,1.77,,85000000
2026-05-28 12:30:44.158,2026/05/28/[$LATEST]7de6c63704704001920746bd5ec85dd3,2.31,,85000000
2026-05-28 12:30:44.159,2026/05/28/[$LATEST]645d0a3985b047aa91261d33b7d29c16,13.1,,86000000
2026-05-28 12:30:44.168,2026/05/28/[$LATEST]5989da090f7445fcb92f7c32ee76dd46,1.73,,86000000
2026-05-28 12:30:44.178,2026/05/28/[$LATEST]645d0a3985b047aa91261d33b7d29c16,6.95,,86000000
2026-05-28 12:30:44.182,2026/05/28/[$LATEST]5989da090f7445fcb92f7c32ee76dd46,1.7,,86000000
2026-05-28 12:30:44.189,2026/05/28/[$LATEST]5724bbfcea774384b83b606c0c42d806,6.64,,86000000
2026-05-28 12:30:44.202,2026/05/28/[$LATEST]7de6c63704704001920746bd5ec85dd3,2.54,,85000000
2026-05-28 12:30:44.207,2026/05/28/[$LATEST]5724bbfcea774384b83b606c0c42d806,2.03,,86000000
2026-05-28 12:30:44.217,2026/05/28/[$LATEST]645d0a3985b047aa91261d33b7d29c16,18.18,,86000000
2026-05-28 12:30:44.219,2026/05/28/[$LATEST]96c6e01348cf4245968782a1abd6eaeb,2.04,,85000000
2026-05-28 12:30:44.221,2026/05/28/[$LATEST]09b41d5fd2894f389e30ae58462b1250,2.02,,85000000
2026-05-28 12:30:44.233,2026/05/28/[$LATEST]5989da090f7445fcb92f7c32ee76dd46,1.72,,86000000
2026-05-28 12:30:44.233,2026/05/28/[$LATEST]5724bbfcea774384b83b606c0c42d806,2.13,,86000000
2026-05-28 12:30:44.234,2026/05/28/[$LATEST]7de6c63704704001920746bd5ec85dd3,20.53,,85000000
2026-05-28 12:30:44.235,2026/05/28/[$LATEST]09b41d5fd2894f389e30ae58462b1250,1.74,,85000000
2026-05-28 12:30:44.253,2026/05/28/[$LATEST]5989da090f7445fcb92f7c32ee76dd46,1.84,,86000000
2026-05-28 12:30:44.253,2026/05/28/[$LATEST]09b41d5fd2894f389e30ae58462b1250,9.93,,85000000
2026-05-28 12:30:44.257,2026/05/28/[$LATEST]5724bbfcea774384b83b606c0c42d806,2,,86000000
2026-05-28 12:30:44.260,2026/05/28/[$LATEST]96c6e01348cf4245968782a1abd6eaeb,24.02,,85000000
2026-05-28 12:30:44.265,2026/05/28/[$LATEST]09b41d5fd2894f389e30ae58462b1250,1.68,,85000000
2026-05-28 12:30:44.266,2026/05/28/[$LATEST]7de6c63704704001920746bd5ec85dd3,1.92,,85000000
2026-05-28 12:30:44.270,2026/05/28/[$LATEST]5989da090f7445fcb92f7c32ee76dd46,1.82,,86000000
2026-05-28 12:30:44.272,2026/05/28/[$LATEST]5724bbfcea774384b83b606c0c42d806,8.97,,86000000
2026-05-28 12:30:44.278,2026/05/28/[$LATEST]96c6e01348cf4245968782a1abd6eaeb,1.74,,85000000
2026-05-28 12:30:44.285,2026/05/28/[$LATEST]7de6c63704704001920746bd5ec85dd3,1.55,,85000000
2026-05-28 12:30:44.292,2026/05/28/[$LATEST]5724bbfcea774384b83b606c0c42d806,7.5,,86000000
2026-05-28 12:30:44.294,2026/05/28/[$LATEST]5989da090f7445fcb92f7c32ee76dd46,1.81,,86000000
2026-05-28 12:30:44.295,2026/05/28/[$LATEST]7de6c63704704001920746bd5ec85dd3,1.36,,85000000
2026-05-28 12:30:44.298,2026/05/28/[$LATEST]2faaf80cfd9d45a1b10ad92bea2bdc23,1.78,,86000000
2026-05-28 12:30:44.299,2026/05/28/[$LATEST]188cc19e71ed4e0bb96c479aefb33946,2.04,,86000000
2026-05-28 12:30:44.301,2026/05/28/[$LATEST]96c6e01348cf4245968782a1abd6eaeb,1.74,,85000000
2026-05-28 12:30:44.301,2026/05/28/[$LATEST]5724bbfcea774384b83b606c0c42d806,1.82,,86000000
2026-05-28 12:30:44.302,2026/05/28/[$LATEST]09b41d5fd2894f389e30ae58462b1250,1.82,,85000000
2026-05-28 12:30:44.303,2026/05/28/[$LATEST]5989da090f7445fcb92f7c32ee76dd46,1.61,,86000000
2026-05-28 12:30:44.309,2026/05/28/[$LATEST]af1260d7b29a4081bdccf63925032932,11.78,,86000000
2026-05-28 12:30:44.313,2026/05/28/[$LATEST]7de6c63704704001920746bd5ec85dd3,1.51,,85000000
2026-05-28 12:30:44.313,2026/05/28/[$LATEST]09b41d5fd2894f389e30ae58462b1250,2.67,,85000000
2026-05-28 12:30:44.314,2026/05/28/[$LATEST]cfb0e958f4874281914ba0b7a1a72bef,2.22,,86000000
2026-05-28 12:30:44.318,2026/05/28/[$LATEST]5989da090f7445fcb92f7c32ee76dd46,10.11,,86000000
2026-05-28 12:30:44.326,2026/05/28/[$LATEST]7de6c63704704001920746bd5ec85dd3,1.65,,85000000
2026-05-28 12:30:44.330,2026/05/28/[$LATEST]af1260d7b29a4081bdccf63925032932,11.15,,86000000
2026-05-28 12:30:44.332,2026/05/28/[$LATEST]09b41d5fd2894f389e30ae58462b1250,1.54,,85000000
2026-05-28 12:30:44.332,2026/05/28/[$LATEST]5989da090f7445fcb92f7c32ee76dd46,1.72,,86000000
2026-05-28 12:30:44.349,2026/05/28/[$LATEST]5989da090f7445fcb92f7c32ee76dd46,1.7,,86000000
2026-05-28 12:30:44.377,2026/05/28/[$LATEST]09b41d5fd2894f389e30ae58462b1250,1.61,,85000000
2026-05-28 12:30:44.378,2026/05/28/[$LATEST]7de6c63704704001920746bd5ec85dd3,1.54,,85000000
2026-05-28 12:30:44.380,2026/05/28/[$LATEST]5989da090f7445fcb92f7c32ee76dd46,1.93,,86000000
2026-05-28 12:30:44.397,2026/05/28/[$LATEST]7de6c63704704001920746bd5ec85dd3,1.54,,85000000
2026-05-28 12:30:44.400,2026/05/28/[$LATEST]09b41d5fd2894f389e30ae58462b1250,1.92,,85000000
2026-05-28 12:30:44.400,2026/05/28/[$LATEST]96c6e01348cf4245968782a1abd6eaeb,1.86,,85000000
2026-05-28 12:30:44.401,2026/05/28/[$LATEST]5989da090f7445fcb92f7c32ee76dd46,2.35,,86000000
2026-05-28 12:30:44.415,2026/05/28/[$LATEST]96c6e01348cf4245968782a1abd6eaeb,1.81,,85000000
2026-05-28 12:30:44.415,2026/05/28/[$LATEST]7de6c63704704001920746bd5ec85dd3,12.33,,85000000
2026-05-28 12:30:44.415,2026/05/28/[$LATEST]4c865db2928045c5b55b6820a532569d,7.26,895.65,86000000
2026-05-28 12:30:44.427,2026/05/28/[$LATEST]af1260d7b29a4081bdccf63925032932,20.86,,86000000
2026-05-28 12:30:44.428,2026/05/28/[$LATEST]96c6e01348cf4245968782a1abd6eaeb,1.9,,85000000
2026-05-28 12:30:44.444,2026/05/28/[$LATEST]96c6e01348cf4245968782a1abd6eaeb,1.74,,85000000
2026-05-28 12:30:44.444,2026/05/28/[$LATEST]7de6c63704704001920746bd5ec85dd3,1.55,,85000000
2026-05-28 12:30:44.447,2026/05/28/[$LATEST]5989da090f7445fcb92f7c32ee76dd46,1.86,,86000000
2026-05-28 12:30:44.449,2026/05/28/[$LATEST]cfb0e958f4874281914ba0b7a1a72bef,2.24,,86000000
2026-05-28 12:30:44.450,2026/05/28/[$LATEST]4c865db2928045c5b55b6820a532569d,6.86,,86000000
2026-05-28 12:30:44.459,2026/05/28/[$LATEST]7de6c63704704001920746bd5ec85dd3,1.66,,85000000
2026-05-28 12:30:44.459,2026/05/28/[$LATEST]5989da090f7445fcb92f7c32ee76dd46,5.03,,86000000
2026-05-28 12:30:44.460,2026/05/28/[$LATEST]96c6e01348cf4245968782a1abd6eaeb,9.54,,85000000
2026-05-28 12:30:44.461,2026/05/28/[$LATEST]cfb0e958f4874281914ba0b7a1a72bef,4.75,,86000000
2026-05-28 12:30:44.464,2026/05/28/[$LATEST]09b41d5fd2894f389e30ae58462b1250,1.74,,85000000
2026-05-28 12:30:44.467,2026/05/28/[$LATEST]af1260d7b29a4081bdccf63925032932,28.38,,86000000
2026-05-28 12:30:44.473,2026/05/28/[$LATEST]09b41d5fd2894f389e30ae58462b1250,1.51,,85000000
2026-05-28 12:30:44.478,2026/05/28/[$LATEST]af1260d7b29a4081bdccf63925032932,1.96,,86000000
2026-05-28 12:30:44.481,2026/05/28/[$LATEST]96c6e01348cf4245968782a1abd6eaeb,1.97,,85000000
2026-05-28 12:30:44.494,2026/05/28/[$LATEST]cfb0e958f4874281914ba0b7a1a72bef,1.73,,86000000
2026-05-28 12:30:44.496,2026/05/28/[$LATEST]af1260d7b29a4081bdccf63925032932,8.71,,86000000
2026-05-28 12:30:44.507,2026/05/28/[$LATEST]96c6e01348cf4245968782a1abd6eaeb,1.69,,85000000
2026-05-28 12:30:44.513,2026/05/28/[$LATEST]09b41d5fd2894f389e30ae58462b1250,1.64,,85000000
2026-05-28 12:30:44.516,2026/05/28/[$LATEST]cfb0e958f4874281914ba0b7a1a72bef,1.93,,86000000
2026-05-28 12:30:44.517,2026/05/28/[$LATEST]5989da090f7445fcb92f7c32ee76dd46,1.75,,86000000
2026-05-28 12:30:44.528,2026/05/28/[$LATEST]5989da090f7445fcb92f7c32ee76dd46,1.84,,86000000
2026-05-28 12:30:44.529,2026/05/28/[$LATEST]af1260d7b29a4081bdccf63925032932,17.35,,86000000
2026-05-28 12:30:44.533,2026/05/28/[$LATEST]cfb0e958f4874281914ba0b7a1a72bef,1.73,,86000000
2026-05-28 12:30:44.535,2026/05/28/[$LATEST]09b41d5fd2894f389e30ae58462b1250,1.83,,85000000
2026-05-28 12:30:44.541,2026/05/28/[$LATEST]7de6c63704704001920746bd5ec85dd3,1.88,,85000000
2026-05-28 12:30:44.545,2026/05/28/[$LATEST]cfb0e958f4874281914ba0b7a1a72bef,1.81,,86000000
2026-05-28 12:30:44.546,2026/05/28/[$LATEST]645d0a3985b047aa91261d33b7d29c16,2.9,,86000000
2026-05-28 12:30:44.548,2026/05/28/[$LATEST]96c6e01348cf4245968782a1abd6eaeb,1.83,,85000000
2026-05-28 12:30:44.552,2026/05/28/[$LATEST]15737d93c14242db96065ddfaa294dc4,2.3,,85000000
2026-05-28 12:30:44.554,2026/05/28/[$LATEST]09b41d5fd2894f389e30ae58462b1250,12.79,,85000000
2026-05-28 12:30:44.555,2026/05/28/[$LATEST]7de6c63704704001920746bd5ec85dd3,6.75,,85000000
2026-05-28 12:30:44.561,2026/05/28/[$LATEST]96c6e01348cf4245968782a1abd6eaeb,2.26,,85000000
2026-05-28 12:30:44.563,2026/05/28/[$LATEST]cfb0e958f4874281914ba0b7a1a72bef,1.96,,86000000
2026-05-28 12:30:44.569,2026/05/28/[$LATEST]af1260d7b29a4081bdccf63925032932,1.76,,86000000
2026-05-28 12:30:44.574,2026/05/28/[$LATEST]7de6c63704704001920746bd5ec85dd3,9.51,,85000000
2026-05-28 12:30:44.574,2026/05/28/[$LATEST]15737d93c14242db96065ddfaa294dc4,16.09,,85000000
2026-05-28 12:30:44.581,2026/05/28/[$LATEST]96c6e01348cf4245968782a1abd6eaeb,1.65,,85000000
2026-05-28 12:30:44.581,2026/05/28/[$LATEST]09b41d5fd2894f389e30ae58462b1250,1.81,,85000000
2026-05-28 12:30:44.584,2026/05/28/[$LATEST]cfb0e958f4874281914ba0b7a1a72bef,10.72,,86000000
2026-05-28 12:30:44.588,2026/05/28/[$LATEST]5989da090f7445fcb92f7c32ee76dd46,1.71,,86000000
2026-05-28 12:30:44.588,2026/05/28/[$LATEST]af1260d7b29a4081bdccf63925032932,2.03,,86000000
2026-05-28 12:30:44.594,2026/05/28/[$LATEST]4c865db2928045c5b55b6820a532569d,3.54,,86000000
2026-05-28 12:30:44.599,2026/05/28/[$LATEST]5989da090f7445fcb92f7c32ee76dd46,2.5,,86000000
2026-05-28 12:30:44.600,2026/05/28/[$LATEST]96c6e01348cf4245968782a1abd6eaeb,2.14,,85000000
2026-05-28 12:30:44.601,2026/05/28/[$LATEST]cfb0e958f4874281914ba0b7a1a72bef,10.05,,86000000
2026-05-28 12:30:44.604,2026/05/28/[$LATEST]09b41d5fd2894f389e30ae58462b1250,1.64,,85000000
2026-05-28 12:30:44.608,2026/05/28/[$LATEST]15737d93c14242db96065ddfaa294dc4,1.62,,85000000
2026-05-28 12:30:44.613,2026/05/28/[$LATEST]5989da090f7445fcb92f7c32ee76dd46,1.72,,86000000
2026-05-28 12:30:44.614,2026/05/28/[$LATEST]4c865db2928045c5b55b6820a532569d,2.17,,86000000
2026-05-28 12:30:44.614,2026/05/28/[$LATEST]7de6c63704704001920746bd5ec85dd3,1.79,,85000000
2026-05-28 12:30:44.614,2026/05/28/[$LATEST]09b41d5fd2894f389e30ae58462b1250,1.69,,85000000
2026-05-28 12:30:44.619,2026/05/28/[$LATEST]96c6e01348cf4245968782a1abd6eaeb,2.06,,85000000
2026-05-28 12:30:44.621,2026/05/28/[$LATEST]cfb0e958f4874281914ba0b7a1a72bef,13.66,,86000000
2026-05-28 12:30:44.625,2026/05/28/[$LATEST]5989da090f7445fcb92f7c32ee76dd46,1.75,,86000000
2026-05-28 12:30:44.631,2026/05/28/[$LATEST]96c6e01348cf4245968782a1abd6eaeb,1.61,,85000000
2026-05-28 12:30:44.631,2026/05/28/[$LATEST]4c865db2928045c5b55b6820a532569d,9.32,,86000000
2026-05-28 12:30:44.632,2026/05/28/[$LATEST]7de6c63704704001920746bd5ec85dd3,1.65,,85000000
2026-05-28 12:30:44.633,2026/05/28/[$LATEST]09b41d5fd2894f389e30ae58462b1250,1.5,,85000000
2026-05-28 12:30:44.645,2026/05/28/[$LATEST]5989da090f7445fcb92f7c32ee76dd46,1.76,,86000000
2026-05-28 12:30:44.651,2026/05/28/[$LATEST]4c865db2928045c5b55b6820a532569d,6.47,,86000000
2026-05-28 12:30:44.652,2026/05/28/[$LATEST]09b41d5fd2894f389e30ae58462b1250,1.58,,85000000
2026-05-28 12:30:44.654,2026/05/28/[$LATEST]96c6e01348cf4245968782a1abd6eaeb,1.76,,85000000
2026-05-28 12:30:44.655,2026/05/28/[$LATEST]7de6c63704704001920746bd5ec85dd3,1.59,,85000000
2026-05-28 12:30:44.660,2026/05/28/[$LATEST]09b41d5fd2894f389e30ae58462b1250,1.47,,85000000
2026-05-28 12:30:44.661,2026/05/28/[$LATEST]5989da090f7445fcb92f7c32ee76dd46,2.09,,86000000
2026-05-28 12:30:44.673,2026/05/28/[$LATEST]09b41d5fd2894f389e30ae58462b1250,3.66,,85000000
2026-05-28 12:30:44.673,2026/05/28/[$LATEST]4c865db2928045c5b55b6820a532569d,9.64,,86000000
2026-05-28 12:30:44.676,2026/05/28/[$LATEST]cfb0e958f4874281914ba0b7a1a72bef,1.79,,86000000
2026-05-28 12:30:44.679,2026/05/28/[$LATEST]5989da090f7445fcb92f7c32ee76dd46,10.99,,86000000
2026-05-28 12:30:44.698,2026/05/28/[$LATEST]5989da090f7445fcb92f7c32ee76dd46,3.19,,86000000
2026-05-28 12:30:44.702,2026/05/28/[$LATEST]cfb0e958f4874281914ba0b7a1a72bef,2.08,,86000000
2026-05-28 12:30:44.709,2026/05/28/[$LATEST]09b41d5fd2894f389e30ae58462b1250,1.66,,85000000
2026-05-28 12:30:44.716,2026/05/28/[$LATEST]5989da090f7445fcb92f7c32ee76dd46,1.84,,86000000
2026-05-28 12:30:44.720,2026/05/28/[$LATEST]cfb0e958f4874281914ba0b7a1a72bef,11.17,,86000000
2026-05-28 12:30:44.724,2026/05/28/[$LATEST]09b41d5fd2894f389e30ae58462b1250,1.49,,85000000
2026-05-28 12:30:44.749,2026/05/28/[$LATEST]09b41d5fd2894f389e30ae58462b1250,1.61,,85000000
2026-05-28 12:30:44.750,2026/05/28/[$LATEST]5989da090f7445fcb92f7c32ee76dd46,1.95,,86000000
2026-05-28 12:30:44.750,2026/05/28/[$LATEST]cfb0e958f4874281914ba0b7a1a72bef,1.81,,86000000
2026-05-28 12:30:44.758,2026/05/28/[$LATEST]09b41d5fd2894f389e30ae58462b1250,1.37,,85000000
2026-05-28 12:30:44.763,2026/05/28/[$LATEST]cfb0e958f4874281914ba0b7a1a72bef,5.81,,86000000
2026-05-28 12:30:44.764,2026/05/28/[$LATEST]5989da090f7445fcb92f7c32ee76dd46,1.73,,86000000
2026-05-28 12:30:44.767,2026/05/28/[$LATEST]96c6e01348cf4245968782a1abd6eaeb,1.98,,85000000
2026-05-28 12:30:44.768,2026/05/28/[$LATEST]4c865db2928045c5b55b6820a532569d,2.65,,86000000
2026-05-28 12:30:44.769,2026/05/28/[$LATEST]7de6c63704704001920746bd5ec85dd3,1.7,,85000000
2026-05-28 12:30:44.770,2026/05/28/[$LATEST]5724bbfcea774384b83b606c0c42d806,2.13,,86000000
2026-05-28 12:30:44.773,2026/05/28/[$LATEST]af1260d7b29a4081bdccf63925032932,6.47,,86000000
2026-05-28 12:30:44.773,2026/05/28/[$LATEST]09b41d5fd2894f389e30ae58462b1250,10.25,,85000000
2026-05-28 12:30:44.779,2026/05/28/[$LATEST]7de6c63704704001920746bd5ec85dd3,4.31,,85000000
2026-05-28 12:30:44.789,2026/05/28/[$LATEST]5724bbfcea774384b83b606c0c42d806,12.78,,86000000
2026-05-28 12:30:44.792,2026/05/28/[$LATEST]4c865db2928045c5b55b6820a532569d,2.17,,86000000
2026-05-28 12:30:44.792,2026/05/28/[$LATEST]09b41d5fd2894f389e30ae58462b1250,1.5,,85000000
2026-05-28 12:30:44.795,2026/05/28/[$LATEST]5989da090f7445fcb92f7c32ee76dd46,1.8,,86000000
2026-05-28 12:30:44.796,2026/05/28/[$LATEST]7de6c63704704001920746bd5ec85dd3,1.34,,85000000
2026-05-28 12:30:44.797,2026/05/28/[$LATEST]96c6e01348cf4245968782a1abd6eaeb,1.78,,85000000
2026-05-28 12:30:44.806,2026/05/28/[$LATEST]af1260d7b29a4081bdccf63925032932,1.72,,86000000
2026-05-28 12:30:44.807,2026/05/28/[$LATEST]5989da090f7445fcb92f7c32ee76dd46,1.75,,86000000
2026-05-28 12:30:44.808,2026/05/28/[$LATEST]5724bbfcea774384b83b606c0c42d806,12.82,,86000000
2026-05-28 12:30:44.826,2026/05/28/[$LATEST]96c6e01348cf4245968782a1abd6eaeb,1.85,,85000000
2026-05-28 12:30:44.829,2026/05/28/[$LATEST]5724bbfcea774384b83b606c0c42d806,12.46,,86000000
2026-05-28 12:30:44.840,2026/05/28/[$LATEST]5989da090f7445fcb92f7c32ee76dd46,1.74,,86000000
2026-05-28 12:30:44.842,2026/05/28/[$LATEST]96c6e01348cf4245968782a1abd6eaeb,1.69,,85000000
2026-05-28 12:30:44.848,2026/05/28/[$LATEST]5724bbfcea774384b83b606c0c42d806,10.24,,86000000
2026-05-28 12:30:44.860,2026/05/28/[$LATEST]5989da090f7445fcb92f7c32ee76dd46,1.96,,86000000
2026-05-28 12:30:44.860,2026/05/28/[$LATEST]96c6e01348cf4245968782a1abd6eaeb,5.63,,85000000
2026-05-28 12:30:44.860,2026/05/28/[$LATEST]7de6c63704704001920746bd5ec85dd3,1.72,,85000000
2026-05-28 12:30:44.887,2026/05/28/[$LATEST]5724bbfcea774384b83b606c0c42d806,12.97,,86000000
2026-05-28 12:30:44.890,2026/05/28/[$LATEST]5989da090f7445fcb92f7c32ee76dd46,1.66,,86000000
2026-05-28 12:30:44.892,2026/05/28/[$LATEST]af1260d7b29a4081bdccf63925032932,1.93,,86000000
2026-05-28 12:30:44.892,2026/05/28/[$LATEST]7de6c63704704001920746bd5ec85dd3,1.68,,85000000
2026-05-28 12:30:44.892,2026/05/28/[$LATEST]96c6e01348cf4245968782a1abd6eaeb,2.57,,85000000
2026-05-28 12:30:44.897,2026/05/28/[$LATEST]4c865db2928045c5b55b6820a532569d,2.16,,86000000
2026-05-28 12:30:44.900,2026/05/28/[$LATEST]5989da090f7445fcb92f7c32ee76dd46,1.75,,86000000
2026-05-28 12:30:44.907,2026/05/28/[$LATEST]5724bbfcea774384b83b606c0c42d806,2.72,,86000000
2026-05-28 12:30:44.909,2026/05/28/[$LATEST]af1260d7b29a4081bdccf63925032932,8.07,,86000000
2026-05-28 12:30:44.910,2026/05/28/[$LATEST]96c6e01348cf4245968782a1abd6eaeb,1.93,,85000000
2026-05-28 12:30:44.914,2026/05/28/[$LATEST]7de6c63704704001920746bd5ec85dd3,1.57,,85000000
2026-05-28 12:30:44.919,2026/05/28/[$LATEST]5989da090f7445fcb92f7c32ee76dd46,10.66,,86000000
2026-05-28 12:30:44.920,2026/05/28/[$LATEST]09b41d5fd2894f389e30ae58462b1250,1.9,,85000000
2026-05-28 12:30:44.921,2026/05/28/[$LATEST]96c6e01348cf4245968782a1abd6eaeb,3.16,,85000000
2026-05-28 12:30:44.925,2026/05/28/[$LATEST]7de6c63704704001920746bd5ec85dd3,1.89,,85000000
2026-05-28 12:30:44.928,2026/05/28/[$LATEST]15737d93c14242db96065ddfaa294dc4,2.2,,85000000
2026-05-28 12:30:44.937,2026/05/28/[$LATEST]5989da090f7445fcb92f7c32ee76dd46,1.69,,86000000
2026-05-28 12:30:44.939,2026/05/28/[$LATEST]15737d93c14242db96065ddfaa294dc4,1.93,,85000000
2026-05-28 12:30:44.940,2026/05/28/[$LATEST]af1260d7b29a4081bdccf63925032932,3.05,,86000000
2026-05-28 12:30:44.941,2026/05/28/[$LATEST]5724bbfcea774384b83b606c0c42d806,2.47,,86000000
2026-05-28 12:30:44.950,2026/05/28/[$LATEST]7de6c63704704001920746bd5ec85dd3,1.68,,85000000
2026-05-28 12:30:44.953,2026/05/28/[$LATEST]15737d93c14242db96065ddfaa294dc4,5.96,,85000000
2026-05-28 12:30:44.963,2026/05/28/[$LATEST]5724bbfcea774384b83b606c0c42d806,2.76,,86000000
2026-05-28 12:30:44.969,2026/05/28/[$LATEST]7de6c63704704001920746bd5ec85dd3,1.46,,85000000
2026-05-28 12:30:44.973,2026/05/28/[$LATEST]15737d93c14242db96065ddfaa294dc4,8.19,,85000000
2026-05-28 12:30:44.977,2026/05/28/[$LATEST]09b41d5fd2894f389e30ae58462b1250,1.65,,85000000
2026-05-28 12:30:44.979,2026/05/28/[$LATEST]5724bbfcea774384b83b606c0c42d806,2.32,,86000000
2026-05-28 12:30:44.981,2026/05/28/[$LATEST]96c6e01348cf4245968782a1abd6eaeb,5.83,,85000000
2026-05-28 12:30:44.983,2026/05/28/[$LATEST]7de6c63704704001920746bd5ec85dd3,1.46,,85000000
2026-05-28 12:30:45.003,2026/05/28/[$LATEST]96c6e01348cf4245968782a1abd6eaeb,1.95,,85000000
2026-05-28 12:30:45.007,2026/05/28/[$LATEST]7de6c63704704001920746bd5ec85dd3,1.41,,85000000
2026-05-28 12:30:45.007,2026/05/28/[$LATEST]5724bbfcea774384b83b606c0c42d806,4.69,,86000000
2026-05-28 12:30:45.012,2026/05/28/[$LATEST]af1260d7b29a4081bdccf63925032932,1.96,,86000000
2026-05-28 12:30:45.030,2026/05/28/[$LATEST]7de6c63704704001920746bd5ec85dd3,1.48,,85000000
2026-05-28 12:30:45.032,2026/05/28/[$LATEST]af1260d7b29a4081bdccf63925032932,4.51,,86000000
2026-05-28 12:30:45.032,2026/05/28/[$LATEST]5724bbfcea774384b83b606c0c42d806,1.91,,86000000
2026-05-28 12:30:45.040,2026/05/28/[$LATEST]7de6c63704704001920746bd5ec85dd3,1.35,,85000000
2026-05-28 12:30:45.046,2026/05/28/[$LATEST]96c6e01348cf4245968782a1abd6eaeb,1.91,,85000000
2026-05-28 12:30:45.050,2026/05/28/[$LATEST]af1260d7b29a4081bdccf63925032932,2.79,,86000000
2026-05-28 12:30:45.057,2026/05/28/[$LATEST]5724bbfcea774384b83b606c0c42d806,1.91,,86000000
2026-05-28 12:30:45.058,2026/05/28/[$LATEST]5989da090f7445fcb92f7c32ee76dd46,1.73,,86000000
2026-05-28 12:30:45.074,2026/05/28/[$LATEST]96c6e01348cf4245968782a1abd6eaeb,2.09,,85000000
2026-05-28 12:30:45.076,2026/05/28/[$LATEST]7de6c63704704001920746bd5ec85dd3,1.52,,85000000
2026-05-28 12:30:45.079,2026/05/28/[$LATEST]5989da090f7445fcb92f7c32ee76dd46,1.79,,86000000
2026-05-28 12:30:45.079,2026/05/28/[$LATEST]09b41d5fd2894f389e30ae58462b1250,1.63,,85000000
2026-05-28 12:30:45.080,2026/05/28/[$LATEST]15737d93c14242db96065ddfaa294dc4,1.55,,85000000
2026-05-28 12:30:45.080,2026/05/28/[$LATEST]5724bbfcea774384b83b606c0c42d806,2.25,,86000000
2026-05-28 12:30:45.081,2026/05/28/[$LATEST]645d0a3985b047aa91261d33b7d29c16,1.93,,86000000
2026-05-28 12:30:45.082,2026/05/28/[$LATEST]4f6d928700b0454089f4d3ba5806fd95,2.92,,85000000
2026-05-28 12:30:45.085,2026/05/28/[$LATEST]cfb0e958f4874281914ba0b7a1a72bef,1.98,,86000000
2026-05-28 12:30:45.085,2026/05/28/[$LATEST]4c865db2928045c5b55b6820a532569d,1.77,,86000000
2026-05-28 12:30:45.087,2026/05/28/[$LATEST]188cc19e71ed4e0bb96c479aefb33946,1.85,,86000000
2026-05-28 12:30:45.095,2026/05/28/[$LATEST]7de6c63704704001920746bd5ec85dd3,14.19,,85000000
2026-05-28 12:30:45.103,2026/05/28/[$LATEST]2faaf80cfd9d45a1b10ad92bea2bdc23,2.23,,86000000
2026-05-28 12:30:45.105,2026/05/28/[$LATEST]188cc19e71ed4e0bb96c479aefb33946,3.1,,86000000
2026-05-28 12:30:45.107,2026/05/28/[$LATEST]645d0a3985b047aa91261d33b7d29c16,1.63,,86000000
2026-05-28 12:30:45.108,2026/05/28/[$LATEST]15737d93c14242db96065ddfaa294dc4,1.71,,85000000
2026-05-28 12:30:45.111,2026/05/28/[$LATEST]09b41d5fd2894f389e30ae58462b1250,1.76,,85000000
2026-05-28 12:30:45.113,2026/05/28/[$LATEST]7de6c63704704001920746bd5ec85dd3,1.5,,85000000
2026-05-28 12:30:45.115,2026/05/28/[$LATEST]15737d93c14242db96065ddfaa294dc4,1.28,,85000000
2026-05-28 12:30:45.115,2026/05/28/[$LATEST]4f6d928700b0454089f4d3ba5806fd95,19.12,,85000000
2026-05-28 12:30:45.116,2026/05/28/[$LATEST]188cc19e71ed4e0bb96c479aefb33946,2.03,,86000000
2026-05-28 12:30:45.118,2026/05/28/[$LATEST]09b41d5fd2894f389e30ae58462b1250,1.39,,85000000
2026-05-28 12:30:45.121,2026/05/28/[$LATEST]2faaf80cfd9d45a1b10ad92bea2bdc23,1.57,,86000000
2026-05-28 12:30:45.122,2026/05/28/[$LATEST]7de6c63704704001920746bd5ec85dd3,1.69,,85000000
2026-05-28 12:30:45.123,2026/05/28/[$LATEST]645d0a3985b047aa91261d33b7d29c16,1.55,,86000000
2026-05-28 12:30:45.126,2026/05/28/[$LATEST]4c865db2928045c5b55b6820a532569d,3.79,,86000000
2026-05-28 12:30:45.129,2026/05/28/[$LATEST]188cc19e71ed4e0bb96c479aefb33946,5.08,,86000000
2026-05-28 12:30:45.129,2026/05/28/[$LATEST]af1260d7b29a4081bdccf63925032932,37.62,,86000000
2026-05-28 12:30:45.130,2026/05/28/[$LATEST]cfb0e958f4874281914ba0b7a1a72bef,1.98,,86000000
2026-05-28 12:30:45.133,2026/05/28/[$LATEST]09b41d5fd2894f389e30ae58462b1250,9.16,,85000000
2026-05-28 12:30:45.137,2026/05/28/[$LATEST]7de6c63704704001920746bd5ec85dd3,1.82,,85000000
2026-05-28 12:30:45.137,2026/05/28/[$LATEST]645d0a3985b047aa91261d33b7d29c16,5.75,,86000000
2026-05-28 12:30:45.137,2026/05/28/[$LATEST]4c865db2928045c5b55b6820a532569d,1.94,,86000000
2026-05-28 12:30:45.139,2026/05/28/[$LATEST]4f6d928700b0454089f4d3ba5806fd95,15.77,,85000000
2026-05-28 12:30:45.146,2026/05/28/[$LATEST]cfb0e958f4874281914ba0b7a1a72bef,1.84,,86000000
2026-05-28 12:30:45.152,2026/05/28/[$LATEST]4c865db2928045c5b55b6820a532569d,7.71,,86000000
2026-05-28 12:30:45.153,2026/05/28/[$LATEST]188cc19e71ed4e0bb96c479aefb33946,1.86,,86000000
2026-05-28 12:30:45.154,2026/05/28/[$LATEST]7de6c63704704001920746bd5ec85dd3,1.85,,85000000
2026-05-28 12:30:45.155,2026/05/28/[$LATEST]09b41d5fd2894f389e30ae58462b1250,1.64,,85000000
2026-05-28 12:30:45.156,2026/05/28/[$LATEST]4f6d928700b0454089f4d3ba5806fd95,10.18,,85000000
2026-05-28 12:30:45.157,2026/05/28/[$LATEST]15737d93c14242db96065ddfaa294dc4,1.56,,85000000
2026-05-28 12:30:45.165,2026/05/28/[$LATEST]cfb0e958f4874281914ba0b7a1a72bef,1.95,,86000000
2026-05-28 12:30:45.167,2026/05/28/[$LATEST]af1260d7b29a4081bdccf63925032932,19.18,,86000000
2026-05-28 12:30:45.169,2026/05/28/[$LATEST]2faaf80cfd9d45a1b10ad92bea2bdc23,1.71,,86000000
2026-05-28 12:30:45.169,2026/05/28/[$LATEST]188cc19e71ed4e0bb96c479aefb33946,9.55,,86000000
2026-05-28 12:30:45.171,2026/05/28/[$LATEST]4c865db2928045c5b55b6820a532569d,11.07,,86000000
2026-05-28 12:30:45.175,2026/05/28/[$LATEST]15737d93c14242db96065ddfaa294dc4,1.72,,85000000
2026-05-28 12:30:45.178,2026/05/28/[$LATEST]645d0a3985b047aa91261d33b7d29c16,20.34,,86000000
2026-05-28 12:30:45.181,2026/05/28/[$LATEST]cfb0e958f4874281914ba0b7a1a72bef,8.18,,86000000
2026-05-28 12:30:45.198,2026/05/28/[$LATEST]645d0a3985b047aa91261d33b7d29c16,11.4,,86000000
2026-05-28 12:30:45.199,2026/05/28/[$LATEST]15737d93c14242db96065ddfaa294dc4,1.55,,85000000
2026-05-28 12:30:45.212,2026/05/28/[$LATEST]15737d93c14242db96065ddfaa294dc4,5.65,,85000000
2026-05-28 12:30:45.213,2026/05/28/[$LATEST]cfb0e958f4874281914ba0b7a1a72bef,1.82,,86000000
2026-05-28 12:30:45.215,2026/05/28/[$LATEST]4f6d928700b0454089f4d3ba5806fd95,2.09,,85000000
2026-05-28 12:30:45.217,2026/05/28/[$LATEST]09b41d5fd2894f389e30ae58462b1250,1.82,,85000000
2026-05-28 12:30:45.218,2026/05/28/[$LATEST]645d0a3985b047aa91261d33b7d29c16,10.48,,86000000
2026-05-28 12:30:45.220,2026/05/28/[$LATEST]15737d93c14242db96065ddfaa294dc4,1.37,,85000000
2026-05-28 12:30:45.224,2026/05/28/[$LATEST]cfb0e958f4874281914ba0b7a1a72bef,2.04,,86000000
2026-05-28 12:30:45.226,2026/05/28/[$LATEST]4c865db2928045c5b55b6820a532569d,2.05,,86000000
2026-05-28 12:30:45.238,2026/05/28/[$LATEST]645d0a3985b047aa91261d33b7d29c16,14.73,,86000000
2026-05-28 12:30:45.244,2026/05/28/[$LATEST]4c865db2928045c5b55b6820a532569d,2.06,,86000000
2026-05-28 12:30:45.249,2026/05/28/[$LATEST]af1260d7b29a4081bdccf63925032932,20.77,,86000000
2026-05-28 12:30:45.253,2026/05/28/[$LATEST]09b41d5fd2894f389e30ae58462b1250,24.77,,85000000
2026-05-28 12:30:45.253,2026/05/28/[$LATEST]15737d93c14242db96065ddfaa294dc4,20.57,,85000000
2026-05-28 12:30:45.257,2026/05/28/[$LATEST]645d0a3985b047aa91261d33b7d29c16,9.27,,86000000
2026-05-28 12:30:45.258,2026/05/28/[$LATEST]4f6d928700b0454089f4d3ba5806fd95,1.82,,85000000
2026-05-28 12:30:45.269,2026/05/28/[$LATEST]4c865db2928045c5b55b6820a532569d,1.81,,86000000
2026-05-28 12:30:45.270,2026/05/28/[$LATEST]af1260d7b29a4081bdccf63925032932,5.75,,86000000
2026-05-28 12:30:45.272,2026/05/28/[$LATEST]cfb0e958f4874281914ba0b7a1a72bef,1.81,,86000000
2026-05-28 12:30:45.281,2026/05/28/[$LATEST]4f6d928700b0454089f4d3ba5806fd95,1.72,,85000000
2026-05-28 12:30:45.282,2026/05/28/[$LATEST]cfb0e958f4874281914ba0b7a1a72bef,1.93,,86000000
2026-05-28 12:30:45.284,2026/05/28/[$LATEST]645d0a3985b047aa91261d33b7d29c16,1.53,,86000000
2026-05-28 12:30:45.289,2026/05/28/[$LATEST]188cc19e71ed4e0bb96c479aefb33946,17.5,,86000000
2026-05-28 12:30:45.304,2026/05/28/[$LATEST]cfb0e958f4874281914ba0b7a1a72bef,1.86,,86000000
2026-05-28 12:30:45.305,2026/05/28/[$LATEST]645d0a3985b047aa91261d33b7d29c16,1.66,,86000000
2026-05-28 12:30:45.308,2026/05/28/[$LATEST]4f6d928700b0454089f4d3ba5806fd95,1.96,,85000000
2026-05-28 12:30:45.308,2026/05/28/[$LATEST]09b41d5fd2894f389e30ae58462b1250,1.75,,85000000
2026-05-28 12:30:45.309,2026/05/28/[$LATEST]188cc19e71ed4e0bb96c479aefb33946,9.58,,86000000
2026-05-28 12:30:45.322,2026/05/28/[$LATEST]09b41d5fd2894f389e30ae58462b1250,1.83,,85000000
2026-05-28 12:30:45.324,2026/05/28/[$LATEST]cfb0e958f4874281914ba0b7a1a72bef,1.96,,86000000
2026-05-28 12:30:45.326,2026/05/28/[$LATEST]af1260d7b29a4081bdccf63925032932,1.7,,86000000
2026-05-28 12:30:45.331,2026/05/28/[$LATEST]188cc19e71ed4e0bb96c479aefb33946,1.88,,86000000
2026-05-28 12:30:45.334,2026/05/28/[$LATEST]09b41d5fd2894f389e30ae58462b1250,4.13,,85000000
2026-05-28 12:30:45.341,2026/05/28/[$LATEST]4f6d928700b0454089f4d3ba5806fd95,1.8,,85000000
2026-05-28 12:30:45.352,2026/05/28/[$LATEST]188cc19e71ed4e0bb96c479aefb33946,6.22,,86000000
2026-05-28 12:30:45.355,2026/05/28/[$LATEST]af1260d7b29a4081bdccf63925032932,3.96,,86000000
2026-05-28 12:30:45.358,2026/05/28/[$LATEST]cfb0e958f4874281914ba0b7a1a72bef,1.9,,86000000
2026-05-28 12:30:45.364,2026/05/28/[$LATEST]4c865db2928045c5b55b6820a532569d,3.16,,86000000
2026-05-28 12:30:45.369,2026/05/28/[$LATEST]188cc19e71ed4e0bb96c479aefb33946,11.04,,86000000
2026-05-28 12:30:45.372,2026/05/28/[$LATEST]4f6d928700b0454089f4d3ba5806fd95,1.78,,85000000
2026-05-28 12:30:45.373,2026/05/28/[$LATEST]4c865db2928045c5b55b6820a532569d,1.96,,86000000
2026-05-28 12:30:45.386,2026/05/28/[$LATEST]4f6d928700b0454089f4d3ba5806fd95,1.7,,85000000
2026-05-28 12:30:45.388,2026/05/28/[$LATEST]188cc19e71ed4e0bb96c479aefb33946,7.28,,86000000
2026-05-28 12:30:45.389,2026/05/28/[$LATEST]09b41d5fd2894f389e30ae58462b1250,1.59,,85000000
2026-05-28 12:30:45.389,2026/05/28/[$LATEST]4c865db2928045c5b55b6820a532569d,9.69,,86000000
2026-05-28 12:30:45.400,2026/05/28/[$LATEST]cfb0e958f4874281914ba0b7a1a72bef,2.11,,86000000
2026-05-28 12:30:45.411,2026/05/28/[$LATEST]4c865db2928045c5b55b6820a532569d,16.1,,86000000
2026-05-28 12:30:45.416,2026/05/28/[$LATEST]cfb0e958f4874281914ba0b7a1a72bef,1.84,,86000000
2026-05-28 12:30:45.418,2026/05/28/[$LATEST]09b41d5fd2894f389e30ae58462b1250,1.83,,85000000
2026-05-28 12:30:45.422,2026/05/28/[$LATEST]4f6d928700b0454089f4d3ba5806fd95,1.65,,85000000
2026-05-28 12:30:45.427,2026/05/28/[$LATEST]cfb0e958f4874281914ba0b7a1a72bef,1.75,,86000000
2026-05-28 12:30:45.433,2026/05/28/[$LATEST]09b41d5fd2894f389e30ae58462b1250,7.13,,85000000
2026-05-28 12:30:45.433,2026/05/28/[$LATEST]4c865db2928045c5b55b6820a532569d,1.98,,86000000
2026-05-28 12:30:45.434,2026/05/28/[$LATEST]188cc19e71ed4e0bb96c479aefb33946,1.75,,86000000
2026-05-28 12:30:45.436,2026/05/28/[$LATEST]4f6d928700b0454089f4d3ba5806fd95,4.35,,85000000
2026-05-28 12:30:45.439,2026/05/28/[$LATEST]645d0a3985b047aa91261d33b7d29c16,1.63,,86000000
2026-05-28 12:30:45.440,2026/05/28/[$LATEST]af1260d7b29a4081bdccf63925032932,1.69,,86000000
2026-05-28 12:30:45.441,2026/05/28/[$LATEST]cfb0e958f4874281914ba0b7a1a72bef,3.14,,86000000
2026-05-28 12:30:45.458,2026/05/28/[$LATEST]645d0a3985b047aa91261d33b7d29c16,8.68,,86000000
2026-05-28 12:30:45.459,2026/05/28/[$LATEST]af1260d7b29a4081bdccf63925032932,1.89,,86000000
2026-05-28 12:30:45.460,2026/05/28/[$LATEST]cfb0e958f4874281914ba0b7a1a72bef,5.34,,86000000
2026-05-28 12:30:45.462,2026/05/28/[$LATEST]188cc19e71ed4e0bb96c479aefb33946,1.81,,86000000
2026-05-28 12:30:45.474,2026/05/28/[$LATEST]188cc19e71ed4e0bb96c479aefb33946,1.73,,86000000
2026-05-28 12:30:45.488,2026/05/28/[$LATEST]188cc19e71ed4e0bb96c479aefb33946,4.02,,86000000
2026-05-28 12:30:45.489,2026/05/28/[$LATEST]cfb0e958f4874281914ba0b7a1a72bef,1.76,,86000000
2026-05-28 12:30:45.491,2026/05/28/[$LATEST]4c865db2928045c5b55b6820a532569d,2,,86000000
2026-05-28 12:30:45.498,2026/05/28/[$LATEST]2faaf80cfd9d45a1b10ad92bea2bdc23,1.62,,86000000
2026-05-28 12:30:45.502,2026/05/28/[$LATEST]cfb0e958f4874281914ba0b7a1a72bef,1.97,,86000000
2026-05-28 12:30:45.508,2026/05/28/[$LATEST]af1260d7b29a4081bdccf63925032932,18.52,,86000000
2026-05-28 12:30:45.510,2026/05/28/[$LATEST]4c865db2928045c5b55b6820a532569d,11.93,,86000000
2026-05-28 12:30:45.517,2026/05/28/[$LATEST]645d0a3985b047aa91261d33b7d29c16,1.76,,86000000
2026-05-28 12:30:45.518,2026/05/28/[$LATEST]4f6d928700b0454089f4d3ba5806fd95,2.01,,85000000
2026-05-28 12:30:45.521,2026/05/28/[$LATEST]cfb0e958f4874281914ba0b7a1a72bef,5.24,,86000000
2026-05-28 12:30:45.528,2026/05/28/[$LATEST]af1260d7b29a4081bdccf63925032932,13.28,,86000000
2026-05-28 12:30:45.541,2026/05/28/[$LATEST]cfb0e958f4874281914ba0b7a1a72bef,6.56,,86000000
2026-05-28 12:30:45.563,2026/05/28/[$LATEST]cfb0e958f4874281914ba0b7a1a72bef,2.14,,86000000
2026-05-28 12:30:45.573,2026/05/28/[$LATEST]af1260d7b29a4081bdccf63925032932,32.98,,86000000
2026-05-28 12:30:45.575,2026/05/28/[$LATEST]4f6d928700b0454089f4d3ba5806fd95,1.84,,85000000
2026-05-28 12:30:45.579,2026/05/28/[$LATEST]645d0a3985b047aa91261d33b7d29c16,1.75,,86000000
2026-05-28 12:30:45.581,2026/05/28/[$LATEST]cfb0e958f4874281914ba0b7a1a72bef,10.74,,86000000
2026-05-28 12:30:45.589,2026/05/28/[$LATEST]4c865db2928045c5b55b6820a532569d,6.62,,86000000
2026-05-28 12:30:45.597,2026/05/28/[$LATEST]645d0a3985b047aa91261d33b7d29c16,1.77,,86000000
2026-05-28 12:30:45.600,2026/05/28/[$LATEST]4c865db2928045c5b55b6820a532569d,2.66,,86000000
2026-05-28 12:30:45.601,2026/05/28/[$LATEST]cfb0e958f4874281914ba0b7a1a72bef,1.96,,86000000
2026-05-28 12:30:45.625,2026/05/28/[$LATEST]645d0a3985b047aa91261d33b7d29c16,1.78,,86000000
2026-05-28 12:30:45.627,2026/05/28/[$LATEST]4f6d928700b0454089f4d3ba5806fd95,1.97,,85000000
2026-05-28 12:30:45.633,2026/05/28/[$LATEST]4c865db2928045c5b55b6820a532569d,1.85,,86000000
2026-05-28 12:30:45.635,2026/05/28/[$LATEST]4f6d928700b0454089f4d3ba5806fd95,3.87,,85000000
2026-05-28 12:30:45.636,2026/05/28/[$LATEST]cfb0e958f4874281914ba0b7a1a72bef,2.22,,86000000
2026-05-28 12:30:45.640,2026/05/28/[$LATEST]645d0a3985b047aa91261d33b7d29c16,1.61,,86000000
2026-05-28 12:30:45.649,2026/05/28/[$LATEST]cfb0e958f4874281914ba0b7a1a72bef,1.95,,86000000
2026-05-28 12:30:45.654,2026/05/28/[$LATEST]af1260d7b29a4081bdccf63925032932,16.12,,86000000
2026-05-28 12:30:45.661,2026/05/28/[$LATEST]cfb0e958f4874281914ba0b7a1a72bef,3.07,,86000000
2026-05-28 12:30:45.673,2026/05/28/[$LATEST]af1260d7b29a4081bdccf63925032932,7.01,,86000000
2026-05-28 12:30:45.679,2026/05/28/[$LATEST]645d0a3985b047aa91261d33b7d29c16,1.64,,86000000
2026-05-28 12:30:45.693,2026/05/28/[$LATEST]af1260d7b29a4081bdccf63925032932,2.12,,86000000
2026-05-28 12:30:45.696,2026/05/28/[$LATEST]cfb0e958f4874281914ba0b7a1a72bef,1.92,,86000000
2026-05-28 12:30:45.698,2026/05/28/[$LATEST]645d0a3985b047aa91261d33b7d29c16,6.99,,86000000
2026-05-28 12:30:45.704,2026/05/28/[$LATEST]09b41d5fd2894f389e30ae58462b1250,1.61,,85000000
2026-05-28 12:30:45.710,2026/05/28/[$LATEST]4f6d928700b0454089f4d3ba5806fd95,1.69,,85000000
2026-05-28 12:30:45.713,2026/05/28/[$LATEST]09b41d5fd2894f389e30ae58462b1250,1.92,,85000000
2026-05-28 12:30:45.714,2026/05/28/[$LATEST]cfb0e958f4874281914ba0b7a1a72bef,2.15,,86000000
2026-05-28 12:30:45.720,2026/05/28/[$LATEST]4f6d928700b0454089f4d3ba5806fd95,1.86,,85000000
2026-05-28 12:30:45.722,2026/05/28/[$LATEST]af1260d7b29a4081bdccf63925032932,5.56,,86000000
2026-05-28 12:30:45.733,2026/05/28/[$LATEST]09b41d5fd2894f389e30ae58462b1250,11.7,,85000000
2026-05-28 12:30:45.735,2026/05/28/[$LATEST]4f6d928700b0454089f4d3ba5806fd95,6.33,,85000000
2026-05-28 12:30:45.739,2026/05/28/[$LATEST]cfb0e958f4874281914ba0b7a1a72bef,1.88,,86000000
2026-05-28 12:30:45.744,2026/05/28/[$LATEST]af1260d7b29a4081bdccf63925032932,2.1,,86000000
2026-05-28 12:30:45.747,2026/05/28/[$LATEST]4f6d928700b0454089f4d3ba5806fd95,1.66,,85000000
2026-05-28 12:30:45.749,2026/05/28/[$LATEST]cfb0e958f4874281914ba0b7a1a72bef,1.94,,86000000
2026-05-28 12:30:45.751,2026/05/28/[$LATEST]4c865db2928045c5b55b6820a532569d,2.62,,86000000
2026-05-28 12:30:45.751,2026/05/28/[$LATEST]2faaf80cfd9d45a1b10ad92bea2bdc23,1.93,,86000000
2026-05-28 12:30:45.752,2026/05/28/[$LATEST]09b41d5fd2894f389e30ae58462b1250,2.01,,85000000
2026-05-28 12:30:45.763,2026/05/28/[$LATEST]4f6d928700b0454089f4d3ba5806fd95,1.88,,85000000
2026-05-28 12:30:45.763,2026/05/28/[$LATEST]09b41d5fd2894f389e30ae58462b1250,1.68,,85000000
2026-05-28 12:30:45.775,2026/05/28/[$LATEST]4c865db2928045c5b55b6820a532569d,1.9,,86000000
2026-05-28 12:30:45.777,2026/05/28/[$LATEST]09b41d5fd2894f389e30ae58462b1250,1.56,,85000000
2026-05-28 12:30:45.798,2026/05/28/[$LATEST]4c865db2928045c5b55b6820a532569d,2.25,,86000000
2026-05-28 12:30:45.799,2026/05/28/[$LATEST]2faaf80cfd9d45a1b10ad92bea2bdc23,1.63,,86000000
2026-05-28 12:30:45.800,2026/05/28/[$LATEST]cfb0e958f4874281914ba0b7a1a72bef,1.9,,86000000
2026-05-28 12:30:45.802,2026/05/28/[$LATEST]af1260d7b29a4081bdccf63925032932,1.93,,86000000
2026-05-28 12:30:45.806,2026/05/28/[$LATEST]188cc19e71ed4e0bb96c479aefb33946,1.75,,86000000
2026-05-28 12:30:45.813,2026/05/28/[$LATEST]af1260d7b29a4081bdccf63925032932,2.19,,86000000
2026-05-28 12:30:45.816,2026/05/28/[$LATEST]09b41d5fd2894f389e30ae58462b1250,2.61,,85000000
2026-05-28 12:30:45.819,2026/05/28/[$LATEST]4f6d928700b0454089f4d3ba5806fd95,5.26,,85000000
2026-05-28 12:30:45.833,2026/05/28/[$LATEST]cfb0e958f4874281914ba0b7a1a72bef,1.99,,86000000
2026-05-28 12:30:45.834,2026/05/28/[$LATEST]188cc19e71ed4e0bb96c479aefb33946,2.08,,86000000
2026-05-28 12:30:45.836,2026/05/28/[$LATEST]4f6d928700b0454089f4d3ba5806fd95,2.08,,85000000
2026-05-28 12:30:45.848,2026/05/28/[$LATEST]af1260d7b29a4081bdccf63925032932,22.95,,86000000
2026-05-28 12:30:45.857,2026/05/28/[$LATEST]4f6d928700b0454089f4d3ba5806fd95,2.66,,85000000
2026-05-28 12:30:45.859,2026/05/28/[$LATEST]09b41d5fd2894f389e30ae58462b1250,1.58,,85000000
2026-05-28 12:30:45.864,2026/05/28/[$LATEST]645d0a3985b047aa91261d33b7d29c16,1.67,,86000000
2026-05-28 12:30:45.866,2026/05/28/[$LATEST]af1260d7b29a4081bdccf63925032932,2.73,,86000000
2026-05-28 12:30:45.869,2026/05/28/[$LATEST]188cc19e71ed4e0bb96c479aefb33946,1.71,,86000000
2026-05-28 12:30:45.877,2026/05/28/[$LATEST]af1260d7b29a4081bdccf63925032932,2.21,,86000000
2026-05-28 12:30:45.881,2026/05/28/[$LATEST]cfb0e958f4874281914ba0b7a1a72bef,1.88,,86000000
2026-05-28 12:30:45.887,2026/05/28/[$LATEST]188cc19e71ed4e0bb96c479aefb33946,1.62,,86000000
2026-05-28 12:30:45.889,2026/05/28/[$LATEST]af1260d7b29a4081bdccf63925032932,2.12,,86000000
2026-05-28 12:30:45.891,2026/05/28/[$LATEST]2faaf80cfd9d45a1b10ad92bea2bdc23,1.6,,86000000
2026-05-28 12:30:45.892,2026/05/28/[$LATEST]cfb0e958f4874281914ba0b7a1a72bef,1.95,,86000000
2026-05-28 12:30:45.906,2026/05/28/[$LATEST]cfb0e958f4874281914ba0b7a1a72bef,3.33,,86000000
2026-05-28 12:30:45.909,2026/05/28/[$LATEST]09b41d5fd2894f389e30ae58462b1250,1.61,,85000000
2026-05-28 12:30:45.912,2026/05/28/[$LATEST]645d0a3985b047aa91261d33b7d29c16,1.64,,86000000
2026-05-28 12:30:45.921,2026/05/28/[$LATEST]2faaf80cfd9d45a1b10ad92bea2bdc23,1.63,,86000000
2026-05-28 12:30:45.923,2026/05/28/[$LATEST]cfb0e958f4874281914ba0b7a1a72bef,1.72,,86000000
2026-05-28 12:30:45.923,2026/05/28/[$LATEST]645d0a3985b047aa91261d33b7d29c16,1.56,,86000000
2026-05-28 12:30:45.928,2026/05/28/[$LATEST]2faaf80cfd9d45a1b10ad92bea2bdc23,1.5,,86000000
2026-05-28 12:30:45.935,2026/05/28/[$LATEST]2faaf80cfd9d45a1b10ad92bea2bdc23,1.45,,86000000
2026-05-28 12:30:45.937,2026/05/28/[$LATEST]4f6d928700b0454089f4d3ba5806fd95,23.01,,85000000
2026-05-28 12:30:45.937,2026/05/28/[$LATEST]645d0a3985b047aa91261d33b7d29c16,4,,86000000
2026-05-28 12:30:45.941,2026/05/28/[$LATEST]cfb0e958f4874281914ba0b7a1a72bef,6.58,,86000000
2026-05-28 12:30:45.945,2026/05/28/[$LATEST]188cc19e71ed4e0bb96c479aefb33946,1.81,,86000000
2026-05-28 12:30:45.955,2026/05/28/[$LATEST]188cc19e71ed4e0bb96c479aefb33946,1.85,,86000000
2026-05-28 12:30:45.959,2026/05/28/[$LATEST]645d0a3985b047aa91261d33b7d29c16,1.65,,86000000
2026-05-28 12:30:45.961,2026/05/28/[$LATEST]cfb0e958f4874281914ba0b7a1a72bef,4.64,,86000000
2026-05-28 12:30:45.961,2026/05/28/[$LATEST]2faaf80cfd9d45a1b10ad92bea2bdc23,1.6,,86000000
2026-05-28 12:30:45.964,2026/05/28/[$LATEST]4f6d928700b0454089f4d3ba5806fd95,1.64,,85000000
2026-05-28 12:30:45.967,2026/05/28/[$LATEST]af1260d7b29a4081bdccf63925032932,31.93,,86000000
2026-05-28 12:30:45.968,2026/05/28/[$LATEST]188cc19e71ed4e0bb96c479aefb33946,6.43,,86000000
2026-05-28 12:30:45.974,2026/05/28/[$LATEST]09b41d5fd2894f389e30ae58462b1250,1.56,,85000000
2026-05-28 12:30:45.975,2026/05/28/[$LATEST]4f6d928700b0454089f4d3ba5806fd95,6.36,,85000000
2026-05-28 12:30:45.977,2026/05/28/[$LATEST]188cc19e71ed4e0bb96c479aefb33946,1.74,,86000000
2026-05-28 12:30:45.978,2026/05/28/[$LATEST]645d0a3985b047aa91261d33b7d29c16,10.61,,86000000
2026-05-28 12:30:45.979,2026/05/28/[$LATEST]2faaf80cfd9d45a1b10ad92bea2bdc23,1.51,,86000000
2026-05-28 12:30:45.981,2026/05/28/[$LATEST]cfb0e958f4874281914ba0b7a1a72bef,8.14,,86000000
2026-05-28 12:30:45.990,2026/05/28/[$LATEST]15737d93c14242db96065ddfaa294dc4,1.86,,85000000
2026-05-28 12:30:45.993,2026/05/28/[$LATEST]09b41d5fd2894f389e30ae58462b1250,9.15,,85000000
2026-05-28 12:30:45.994,2026/05/28/[$LATEST]4f6d928700b0454089f4d3ba5806fd95,1.91,,85000000
2026-05-28 12:30:45.997,2026/05/28/[$LATEST]645d0a3985b047aa91261d33b7d29c16,13.8,,86000000
2026-05-28 12:30:46.003,2026/05/28/[$LATEST]cfb0e958f4874281914ba0b7a1a72bef,1.94,,86000000
2026-05-28 12:30:46.007,2026/05/28/[$LATEST]2faaf80cfd9d45a1b10ad92bea2bdc23,1.73,,86000000
2026-05-28 12:30:46.008,2026/05/28/[$LATEST]645d0a3985b047aa91261d33b7d29c16,1.57,,86000000
2026-05-28 12:30:46.015,2026/05/28/[$LATEST]188cc19e71ed4e0bb96c479aefb33946,1.8,,86000000
2026-05-28 12:30:46.019,2026/05/28/[$LATEST]645d0a3985b047aa91261d33b7d29c16,1.54,,86000000
2026-05-28 12:30:46.021,2026/05/28/[$LATEST]cfb0e958f4874281914ba0b7a1a72bef,11.91,,86000000
2026-05-28 12:30:46.024,2026/05/28/[$LATEST]2faaf80cfd9d45a1b10ad92bea2bdc23,10.84,,86000000
2026-05-28 12:30:46.026,2026/05/28/[$LATEST]4f6d928700b0454089f4d3ba5806fd95,1.73,,85000000
2026-05-28 12:30:46.029,2026/05/28/[$LATEST]188cc19e71ed4e0bb96c479aefb33946,2.97,,86000000
2026-05-28 12:30:46.038,2026/05/28/[$LATEST]645d0a3985b047aa91261d33b7d29c16,10.56,,86000000
2026-05-28 12:30:46.042,2026/05/28/[$LATEST]cfb0e958f4874281914ba0b7a1a72bef,12.49,,86000000
2026-05-28 12:30:46.043,2026/05/28/[$LATEST]2faaf80cfd9d45a1b10ad92bea2bdc23,1.52,,86000000
2026-05-28 12:30:46.053,2026/05/28/[$LATEST]188cc19e71ed4e0bb96c479aefb33946,12.38,,86000000
2026-05-28 12:30:46.061,2026/05/28/[$LATEST]2faaf80cfd9d45a1b10ad92bea2bdc23,1.68,,86000000
2026-05-28 12:30:46.065,2026/05/28/[$LATEST]645d0a3985b047aa91261d33b7d29c16,1.83,,86000000
2026-05-28 12:30:46.069,2026/05/28/[$LATEST]188cc19e71ed4e0bb96c479aefb33946,4.68,,86000000
2026-05-28 12:30:46.074,2026/05/28/[$LATEST]2faaf80cfd9d45a1b10ad92bea2bdc23,1.53,,86000000
2026-05-28 12:30:46.076,2026/05/28/[$LATEST]cfb0e958f4874281914ba0b7a1a72bef,2.24,,86000000
2026-05-28 12:30:46.078,2026/05/28/[$LATEST]645d0a3985b047aa91261d33b7d29c16,3.33,,86000000
2026-05-28 12:30:46.090,2026/05/28/[$LATEST]2faaf80cfd9d45a1b10ad92bea2bdc23,1.58,,86000000
2026-05-28 12:30:46.091,2026/05/28/[$LATEST]cfb0e958f4874281914ba0b7a1a72bef,1.83,,86000000
2026-05-28 12:30:46.095,2026/05/28/[$LATEST]188cc19e71ed4e0bb96c479aefb33946,1.77,,86000000
2026-05-28 12:30:46.098,2026/05/28/[$LATEST]645d0a3985b047aa91261d33b7d29c16,6.12,,86000000
2026-05-28 12:30:46.099,2026/05/28/[$LATEST]4f6d928700b0454089f4d3ba5806fd95,1.81,,85000000
2026-05-28 12:30:46.100,2026/05/28/[$LATEST]09b41d5fd2894f389e30ae58462b1250,1.77,,85000000
2026-05-28 12:30:46.101,2026/05/28/[$LATEST]15737d93c14242db96065ddfaa294dc4,3.42,,85000000
2026-05-28 12:30:46.108,2026/05/28/[$LATEST]188cc19e71ed4e0bb96c479aefb33946,1.8,,86000000
2026-05-28 12:30:46.109,2026/05/28/[$LATEST]af1260d7b29a4081bdccf63925032932,6.92,,86000000
2026-05-28 12:30:46.114,2026/05/28/[$LATEST]09b41d5fd2894f389e30ae58462b1250,7.37,,85000000
2026-05-28 12:30:46.114,2026/05/28/[$LATEST]cfb0e958f4874281914ba0b7a1a72bef,1.89,,86000000
2026-05-28 12:30:46.114,2026/05/28/[$LATEST]15737d93c14242db96065ddfaa294dc4,1.61,,85000000
2026-05-28 12:30:46.120,2026/05/28/[$LATEST]4f6d928700b0454089f4d3ba5806fd95,1.72,,85000000
2026-05-28 12:30:46.120,2026/05/28/[$LATEST]2faaf80cfd9d45a1b10ad92bea2bdc23,1.77,,86000000
2026-05-28 12:30:46.124,2026/05/28/[$LATEST]645d0a3985b047aa91261d33b7d29c16,1.83,,86000000
2026-05-28 12:30:46.125,2026/05/28/[$LATEST]7de6c63704704001920746bd5ec85dd3,1.97,,85000000
2026-05-28 12:30:46.125,2026/05/28/[$LATEST]cfb0e958f4874281914ba0b7a1a72bef,1.85,,86000000
2026-05-28 12:30:46.132,2026/05/28/[$LATEST]96c6e01348cf4245968782a1abd6eaeb,1.87,,85000000
2026-05-28 12:30:46.133,2026/05/28/[$LATEST]09b41d5fd2894f389e30ae58462b1250,11.89,,85000000
2026-05-28 12:30:46.133,2026/05/28/[$LATEST]15737d93c14242db96065ddfaa294dc4,11.97,,85000000
2026-05-28 12:30:46.135,2026/05/28/[$LATEST]7de6c63704704001920746bd5ec85dd3,4.6,,85000000
2026-05-28 12:30:46.138,2026/05/28/[$LATEST]645d0a3985b047aa91261d33b7d29c16,3.02,,86000000
2026-05-28 12:30:46.139,2026/05/28/[$LATEST]4f6d928700b0454089f4d3ba5806fd95,1.76,,85000000
2026-05-28 12:30:46.141,2026/05/28/[$LATEST]cfb0e958f4874281914ba0b7a1a72bef,7.7,,86000000
2026-05-28 12:30:46.142,2026/05/28/[$LATEST]2faaf80cfd9d45a1b10ad92bea2bdc23,1.68,,86000000
2026-05-28 12:30:46.154,2026/05/28/[$LATEST]15737d93c14242db96065ddfaa294dc4,2.15,,85000000
2026-05-28 12:30:46.155,2026/05/28/[$LATEST]7de6c63704704001920746bd5ec85dd3,1.7,,85000000
2026-05-28 12:30:46.155,2026/05/28/[$LATEST]4f6d928700b0454089f4d3ba5806fd95,10.31,,85000000
2026-05-28 12:30:46.158,2026/05/28/[$LATEST]645d0a3985b047aa91261d33b7d29c16,9.36,,86000000
2026-05-28 12:30:46.178,2026/05/28/[$LATEST]645d0a3985b047aa91261d33b7d29c16,9.2,,86000000
2026-05-28 12:30:46.183,2026/05/28/[$LATEST]7de6c63704704001920746bd5ec85dd3,1.41,,85000000
2026-05-28 12:30:46.183,2026/05/28/[$LATEST]cfb0e958f4874281914ba0b7a1a72bef,1.79,,86000000
2026-05-28 12:30:46.193,2026/05/28/[$LATEST]7de6c63704704001920746bd5ec85dd3,1.31,,85000000
2026-05-28 12:30:46.198,2026/05/28/[$LATEST]4f6d928700b0454089f4d3ba5806fd95,1.67,,85000000
2026-05-28 12:30:46.199,2026/05/28/[$LATEST]645d0a3985b047aa91261d33b7d29c16,2.25,,86000000
2026-05-28 12:30:46.202,2026/05/28/[$LATEST]7de6c63704704001920746bd5ec85dd3,1.35,,85000000
2026-05-28 12:30:46.211,2026/05/28/[$LATEST]cfb0e958f4874281914ba0b7a1a72bef,1.74,,86000000
2026-05-28 12:30:46.220,2026/05/28/[$LATEST]645d0a3985b047aa91261d33b7d29c16,1.55,,86000000
2026-05-28 12:30:46.221,2026/05/28/[$LATEST]2faaf80cfd9d45a1b10ad92bea2bdc23,1.57,,86000000
2026-05-28 12:30:46.228,2026/05/28/[$LATEST]7de6c63704704001920746bd5ec85dd3,1.5,,85000000
2026-05-28 12:30:46.237,2026/05/28/[$LATEST]7de6c63704704001920746bd5ec85dd3,1.38,,85000000
2026-05-28 12:30:46.238,2026/05/28/[$LATEST]645d0a3985b047aa91261d33b7d29c16,8.23,,86000000
2026-05-28 12:30:46.240,2026/05/28/[$LATEST]4f6d928700b0454089f4d3ba5806fd95,1.79,,85000000
2026-05-28 12:30:46.240,2026/05/28/[$LATEST]2faaf80cfd9d45a1b10ad92bea2bdc23,1.7,,86000000
2026-05-28 12:30:46.242,2026/05/28/[$LATEST]cfb0e958f4874281914ba0b7a1a72bef,1.82,,86000000
2026-05-28 12:30:46.243,2026/05/28/[$LATEST]15737d93c14242db96065ddfaa294dc4,1.76,,85000000
2026-05-28 12:30:46.257,2026/05/28/[$LATEST]15737d93c14242db96065ddfaa294dc4,1.64,,85000000
2026-05-28 12:30:46.259,2026/05/28/[$LATEST]2faaf80cfd9d45a1b10ad92bea2bdc23,1.52,,86000000
2026-05-28 12:30:46.260,2026/05/28/[$LATEST]cfb0e958f4874281914ba0b7a1a72bef,1.81,,86000000
2026-05-28 12:30:46.261,2026/05/28/[$LATEST]188cc19e71ed4e0bb96c479aefb33946,1.97,,86000000
2026-05-28 12:30:46.268,2026/05/28/[$LATEST]cfb0e958f4874281914ba0b7a1a72bef,1.74,,86000000
2026-05-28 12:30:46.272,2026/05/28/[$LATEST]15737d93c14242db96065ddfaa294dc4,3.23,,85000000
2026-05-28 12:30:46.272,2026/05/28/[$LATEST]188cc19e71ed4e0bb96c479aefb33946,1.72,,86000000
2026-05-28 12:30:46.273,2026/05/28/[$LATEST]2faaf80cfd9d45a1b10ad92bea2bdc23,1.58,,86000000
2026-05-28 12:30:46.277,2026/05/28/[$LATEST]645d0a3985b047aa91261d33b7d29c16,2.04,,86000000
2026-05-28 12:30:46.285,2026/05/28/[$LATEST]2faaf80cfd9d45a1b10ad92bea2bdc23,1.99,,86000000
2026-05-28 12:30:46.287,2026/05/28/[$LATEST]af1260d7b29a4081bdccf63925032932,23.91,,86000000
2026-05-28 12:30:46.291,2026/05/28/[$LATEST]15737d93c14242db96065ddfaa294dc4,1.4,,85000000
2026-05-28 12:30:46.293,2026/05/28/[$LATEST]7de6c63704704001920746bd5ec85dd3,1.72,,85000000
2026-05-28 12:30:46.295,2026/05/28/[$LATEST]09b41d5fd2894f389e30ae58462b1250,1.84,,85000000
2026-05-28 12:30:46.296,2026/05/28/[$LATEST]645d0a3985b047aa91261d33b7d29c16,1.69,,86000000
2026-05-28 12:30:46.296,2026/05/28/[$LATEST]4f6d928700b0454089f4d3ba5806fd95,38.48,,85000000
2026-05-28 12:30:46.299,2026/05/28/[$LATEST]15737d93c14242db96065ddfaa294dc4,1.8,,85000000
2026-05-28 12:30:46.301,2026/05/28/[$LATEST]af1260d7b29a4081bdccf63925032932,1.95,,86000000
2026-05-28 12:30:46.304,2026/05/28/[$LATEST]188cc19e71ed4e0bb96c479aefb33946,1.89,,86000000
2026-05-28 12:30:46.304,2026/05/28/[$LATEST]645d0a3985b047aa91261d33b7d29c16,1.73,,86000000
2026-05-28 12:30:46.304,2026/05/28/[$LATEST]2faaf80cfd9d45a1b10ad92bea2bdc23,4.7,,86000000
2026-05-28 12:30:46.317,2026/05/28/[$LATEST]2faaf80cfd9d45a1b10ad92bea2bdc23,1.57,,86000000
2026-05-28 12:30:46.318,2026/05/28/[$LATEST]188cc19e71ed4e0bb96c479aefb33946,1.86,,86000000
2026-05-28 12:30:46.319,2026/05/28/[$LATEST]cfb0e958f4874281914ba0b7a1a72bef,1.89,,86000000
2026-05-28 12:30:46.320,2026/05/28/[$LATEST]4c865db2928045c5b55b6820a532569d,2.06,,86000000
2026-05-28 12:30:46.320,2026/05/28/[$LATEST]5724bbfcea774384b83b606c0c42d806,2.17,,86000000
2026-05-28 12:30:46.324,2026/05/28/[$LATEST]15737d93c14242db96065ddfaa294dc4,1.92,,85000000
2026-05-28 12:30:46.327,2026/05/28/[$LATEST]af1260d7b29a4081bdccf63925032932,8.31,,86000000
2026-05-28 12:30:46.327,2026/05/28/[$LATEST]4f6d928700b0454089f4d3ba5806fd95,1.74,,85000000
2026-05-28 12:30:46.332,2026/05/28/[$LATEST]15737d93c14242db96065ddfaa294dc4,2.21,,85000000
2026-05-28 12:30:46.338,2026/05/28/[$LATEST]645d0a3985b047aa91261d33b7d29c16,20.87,,86000000
2026-05-28 12:30:46.350,2026/05/28/[$LATEST]af1260d7b29a4081bdccf63925032932,11.45,,86000000
2026-05-28 12:30:46.359,2026/05/28/[$LATEST]5724bbfcea774384b83b606c0c42d806,1.9,,86000000
2026-05-28 12:30:46.361,2026/05/28/[$LATEST]645d0a3985b047aa91261d33b7d29c16,1.69,,86000000
2026-05-28 12:30:46.364,2026/05/28/[$LATEST]cfb0e958f4874281914ba0b7a1a72bef,1.64,,86000000
2026-05-28 12:30:46.367,2026/05/28/[$LATEST]15737d93c14242db96065ddfaa294dc4,1.66,,85000000
2026-05-28 12:30:46.370,2026/05/28/[$LATEST]4c865db2928045c5b55b6820a532569d,22.3,,86000000
2026-05-28 12:30:46.373,2026/05/28/[$LATEST]af1260d7b29a4081bdccf63925032932,3.19,,86000000
2026-05-28 12:30:46.378,2026/05/28/[$LATEST]645d0a3985b047aa91261d33b7d29c16,11.05,,86000000
2026-05-28 12:30:46.381,2026/05/28/[$LATEST]cfb0e958f4874281914ba0b7a1a72bef,8.88,,86000000
2026-05-28 12:30:46.385,2026/05/28/[$LATEST]15737d93c14242db96065ddfaa294dc4,1.85,,85000000
2026-05-28 12:30:46.401,2026/05/28/[$LATEST]15737d93c14242db96065ddfaa294dc4,1.55,,85000000
2026-05-28 12:30:46.404,2026/05/28/[$LATEST]cfb0e958f4874281914ba0b7a1a72bef,1.91,,86000000
2026-05-28 12:30:46.406,2026/05/28/[$LATEST]4c865db2928045c5b55b6820a532569d,2.31,,86000000
2026-05-28 12:30:46.411,2026/05/28/[$LATEST]af1260d7b29a4081bdccf63925032932,23.87,,86000000
2026-05-28 12:30:46.412,2026/05/28/[$LATEST]5724bbfcea774384b83b606c0c42d806,1.68,,86000000
2026-05-28 12:30:46.416,2026/05/28/[$LATEST]645d0a3985b047aa91261d33b7d29c16,9.66,,86000000
2026-05-28 12:30:46.421,2026/05/28/[$LATEST]4c865db2928045c5b55b6820a532569d,1.76,,86000000
2026-05-28 12:30:46.421,2026/05/28/[$LATEST]cfb0e958f4874281914ba0b7a1a72bef,10.04,,86000000
2026-05-28 12:30:46.425,2026/05/28/[$LATEST]645d0a3985b047aa91261d33b7d29c16,1.74,,86000000
2026-05-28 12:30:46.426,2026/05/28/[$LATEST]188cc19e71ed4e0bb96c479aefb33946,1.65,,86000000
2026-05-28 12:30:46.427,2026/05/28/[$LATEST]4f6d928700b0454089f4d3ba5806fd95,1.89,,85000000
2026-05-28 12:30:46.427,2026/05/28/[$LATEST]15737d93c14242db96065ddfaa294dc4,1.78,,85000000
2026-05-28 12:30:46.429,2026/05/28/[$LATEST]5724bbfcea774384b83b606c0c42d806,8.16,,86000000
2026-05-28 12:30:46.432,2026/05/28/[$LATEST]af1260d7b29a4081bdccf63925032932,9.45,,86000000
2026-05-28 12:30:46.438,2026/05/28/[$LATEST]645d0a3985b047aa91261d33b7d29c16,1.67,,86000000
2026-05-28 12:30:46.438,2026/05/28/[$LATEST]4f6d928700b0454089f4d3ba5806fd95,1.98,,85000000
2026-05-28 12:30:46.441,2026/05/28/[$LATEST]cfb0e958f4874281914ba0b7a1a72bef,12.59,,86000000
2026-05-28 12:30:46.445,2026/05/28/[$LATEST]4f6d928700b0454089f4d3ba5806fd95,2.06,,85000000
2026-05-28 12:30:46.451,2026/05/28/[$LATEST]15737d93c14242db96065ddfaa294dc4,1.81,,85000000
2026-05-28 12:30:46.456,2026/05/28/[$LATEST]5724bbfcea774384b83b606c0c42d806,2.11,,86000000
2026-05-28 12:30:46.458,2026/05/28/[$LATEST]645d0a3985b047aa91261d33b7d29c16,12.78,,86000000
2026-05-28 12:30:46.458,2026/05/28/[$LATEST]188cc19e71ed4e0bb96c479aefb33946,1.73,,86000000
2026-05-28 12:30:46.460,2026/05/28/[$LATEST]cfb0e958f4874281914ba0b7a1a72bef,1.9,,86000000
2026-05-28 12:30:46.464,2026/05/28/[$LATEST]15737d93c14242db96065ddfaa294dc4,1.79,,85000000
2026-05-28 12:30:46.471,2026/05/28/[$LATEST]af1260d7b29a4081bdccf63925032932,27.09,,86000000
2026-05-28 12:30:46.491,2026/05/28/[$LATEST]15737d93c14242db96065ddfaa294dc4,4.39,,85000000
2026-05-28 12:30:46.492,2026/05/28/[$LATEST]af1260d7b29a4081bdccf63925032932,3.45,,86000000
2026-05-28 12:30:46.499,2026/05/28/[$LATEST]15737d93c14242db96065ddfaa294dc4,1.68,,85000000
2026-05-28 12:30:46.504,2026/05/28/[$LATEST]645d0a3985b047aa91261d33b7d29c16,1.61,,86000000
2026-05-28 12:30:46.506,2026/05/28/[$LATEST]4f6d928700b0454089f4d3ba5806fd95,1.79,,85000000
2026-05-28 12:30:46.511,2026/05/28/[$LATEST]af1260d7b29a4081bdccf63925032932,2.31,,86000000
2026-05-28 12:30:46.522,2026/05/28/[$LATEST]cfb0e958f4874281914ba0b7a1a72bef,2.16,,86000000
2026-05-28 12:30:46.522,2026/05/28/[$LATEST]691a822430384f5ab79537a661223d95,19.3,880.93,85000000
2026-05-28 12:30:46.529,2026/05/28/[$LATEST]188cc19e71ed4e0bb96c479aefb33946,1.9,,86000000
2026-05-28 12:30:46.531,2026/05/28/[$LATEST]cfb0e958f4874281914ba0b7a1a72bef,2.54,,86000000
2026-05-28 12:30:46.531,2026/05/28/[$LATEST]af1260d7b29a4081bdccf63925032932,2.12,,86000000
2026-05-28 12:30:46.536,2026/05/28/[$LATEST]5989da090f7445fcb92f7c32ee76dd46,1.77,,86000000
2026-05-28 12:30:46.539,2026/05/28/[$LATEST]2faaf80cfd9d45a1b10ad92bea2bdc23,1.58,,86000000
2026-05-28 12:30:46.540,2026/05/28/[$LATEST]5724bbfcea774384b83b606c0c42d806,2.1,,86000000
2026-05-28 12:30:46.541,2026/05/28/[$LATEST]4c865db2928045c5b55b6820a532569d,1.83,,86000000
2026-05-28 12:30:46.552,2026/05/28/[$LATEST]4c865db2928045c5b55b6820a532569d,1.95,,86000000
2026-05-28 12:30:46.554,2026/05/28/[$LATEST]5724bbfcea774384b83b606c0c42d806,1.88,,86000000
2026-05-28 12:30:46.557,2026/05/28/[$LATEST]691a822430384f5ab79537a661223d95,2.09,,85000000
2026-05-28 12:30:46.558,2026/05/28/[$LATEST]5989da090f7445fcb92f7c32ee76dd46,1.72,,86000000
2026-05-28 12:30:46.560,2026/05/28/[$LATEST]2faaf80cfd9d45a1b10ad92bea2bdc23,1.7,,86000000
2026-05-28 12:30:46.569,2026/05/28/[$LATEST]5724bbfcea774384b83b606c0c42d806,9.07,,86000000
2026-05-28 12:30:46.571,2026/05/28/[$LATEST]4c865db2928045c5b55b6820a532569d,8.36,,86000000
2026-05-28 12:30:46.571,2026/05/28/[$LATEST]4f6d928700b0454089f4d3ba5806fd95,1.87,,85000000
2026-05-28 12:30:46.572,2026/05/28/[$LATEST]2faaf80cfd9d45a1b10ad92bea2bdc23,1.56,,86000000
2026-05-28 12:30:46.572,2026/05/28/[$LATEST]691a822430384f5ab79537a661223d95,2.97,,85000000
2026-05-28 12:30:46.577,2026/05/28/[$LATEST]cfb0e958f4874281914ba0b7a1a72bef,2,,86000000
2026-05-28 12:30:46.589,2026/05/28/[$LATEST]4f6d928700b0454089f4d3ba5806fd95,2.03,,85000000
2026-05-28 12:30:46.592,2026/05/28/[$LATEST]645d0a3985b047aa91261d33b7d29c16,1.62,,86000000
2026-05-28 12:30:46.592,2026/05/28/[$LATEST]691a822430384f5ab79537a661223d95,3.26,,85000000
2026-05-28 12:30:46.599,2026/05/28/[$LATEST]cfb0e958f4874281914ba0b7a1a72bef,1.83,,86000000
2026-05-28 12:30:46.600,2026/05/28/[$LATEST]2faaf80cfd9d45a1b10ad92bea2bdc23,1.54,,86000000
2026-05-28 12:30:46.601,2026/05/28/[$LATEST]645d0a3985b047aa91261d33b7d29c16,2.16,,86000000
2026-05-28 12:30:46.613,2026/05/28/[$LATEST]2faaf80cfd9d45a1b10ad92bea2bdc23,1.65,,86000000
2026-05-28 12:30:46.619,2026/05/28/[$LATEST]645d0a3985b047aa91261d33b7d29c16,1.75,,86000000
2026-05-28 12:30:46.628,2026/05/28/[$LATEST]5724bbfcea774384b83b606c0c42d806,19.44,,86000000
2026-05-28 12:30:46.629,2026/05/28/[$LATEST]4c865db2928045c5b55b6820a532569d,6.19,,86000000
2026-05-28 12:30:46.630,2026/05/28/[$LATEST]2faaf80cfd9d45a1b10ad92bea2bdc23,1.6,,86000000
2026-05-28 12:30:46.636,2026/05/28/[$LATEST]cfb0e958f4874281914ba0b7a1a72bef,1.76,,86000000
2026-05-28 12:30:46.639,2026/05/28/[$LATEST]645d0a3985b047aa91261d33b7d29c16,1.68,,86000000
2026-05-28 12:30:46.643,2026/05/28/[$LATEST]2faaf80cfd9d45a1b10ad92bea2bdc23,6,,86000000
2026-05-28 12:30:46.659,2026/05/28/[$LATEST]2faaf80cfd9d45a1b10ad92bea2bdc23,1.61,,86000000
2026-05-28 12:30:46.662,2026/05/28/[$LATEST]cfb0e958f4874281914ba0b7a1a72bef,14.37,,86000000
2026-05-28 12:30:46.663,2026/05/28/[$LATEST]645d0a3985b047aa91261d33b7d29c16,1.75,,86000000
2026-05-28 12:30:46.674,2026/05/28/[$LATEST]691a822430384f5ab79537a661223d95,2.08,,85000000
2026-05-28 12:30:46.683,2026/05/28/[$LATEST]cfb0e958f4874281914ba0b7a1a72bef,2.15,,86000000
2026-05-28 12:30:46.685,2026/05/28/[$LATEST]691a822430384f5ab79537a661223d95,3.14,,85000000
2026-05-28 12:30:46.687,2026/05/28/[$LATEST]2faaf80cfd9d45a1b10ad92bea2bdc23,1.68,,86000000
2026-05-28 12:30:46.710,2026/05/28/[$LATEST]2faaf80cfd9d45a1b10ad92bea2bdc23,1.6,,86000000
2026-05-28 12:30:46.712,2026/05/28/[$LATEST]cfb0e958f4874281914ba0b7a1a72bef,2.16,,86000000
2026-05-28 12:30:46.717,2026/05/28/[$LATEST]4c865db2928045c5b55b6820a532569d,2.75,,86000000
2026-05-28 12:30:46.720,2026/05/28/[$LATEST]691a822430384f5ab79537a661223d95,4.35,,85000000
2026-05-28 12:30:46.725,2026/05/28/[$LATEST]645d0a3985b047aa91261d33b7d29c16,1.83,,86000000
2026-05-28 12:30:46.730,2026/05/28/[$LATEST]4c865db2928045c5b55b6820a532569d,2.46,,86000000
2026-05-28 12:30:46.734,2026/05/28/[$LATEST]cfb0e958f4874281914ba0b7a1a72bef,1.77,,86000000
2026-05-28 12:30:46.742,2026/05/28/[$LATEST]645d0a3985b047aa91261d33b7d29c16,1.56,,86000000
2026-05-28 12:30:46.745,2026/05/28/[$LATEST]691a822430384f5ab79537a661223d95,2.21,,85000000
2026-05-28 12:30:46.750,2026/05/28/[$LATEST]4f6d928700b0454089f4d3ba5806fd95,2.83,,85000000
2026-05-28 12:30:46.750,2026/05/28/[$LATEST]15737d93c14242db96065ddfaa294dc4,1.89,,85000000
2026-05-28 12:30:46.752,2026/05/28/[$LATEST]4c865db2928045c5b55b6820a532569d,2.38,,86000000
2026-05-28 12:30:46.762,2026/05/28/[$LATEST]cfb0e958f4874281914ba0b7a1a72bef,13.29,,86000000
2026-05-28 12:30:46.766,2026/05/28/[$LATEST]15737d93c14242db96065ddfaa294dc4,1.6,,85000000
2026-05-28 12:30:46.769,2026/05/28/[$LATEST]2faaf80cfd9d45a1b10ad92bea2bdc23,1.73,,86000000
2026-05-28 12:30:46.770,2026/05/28/[$LATEST]4c865db2928045c5b55b6820a532569d,6.33,,86000000
2026-05-28 12:30:46.772,2026/05/28/[$LATEST]4f6d928700b0454089f4d3ba5806fd95,4.4,,85000000
2026-05-28 12:30:46.778,2026/05/28/[$LATEST]15737d93c14242db96065ddfaa294dc4,1.72,,85000000
2026-05-28 12:30:46.784,2026/05/28/[$LATEST]691a822430384f5ab79537a661223d95,2.11,,85000000
2026-05-28 12:30:46.788,2026/05/28/[$LATEST]4f6d928700b0454089f4d3ba5806fd95,3.17,,85000000
2026-05-28 12:30:46.790,2026/05/28/[$LATEST]4c865db2928045c5b55b6820a532569d,6.44,,86000000
2026-05-28 12:30:46.792,2026/05/28/[$LATEST]2faaf80cfd9d45a1b10ad92bea2bdc23,1.62,,86000000
2026-05-28 12:30:46.795,2026/05/28/[$LATEST]cfb0e958f4874281914ba0b7a1a72bef,1.9,,86000000
2026-05-28 12:30:46.796,2026/05/28/[$LATEST]5989da090f7445fcb92f7c32ee76dd46,2.14,,86000000
2026-05-28 12:30:46.796,2026/05/28/[$LATEST]5724bbfcea774384b83b606c0c42d806,2.19,,86000000
2026-05-28 12:30:46.810,2026/05/28/[$LATEST]5989da090f7445fcb92f7c32ee76dd46,1.92,,86000000
2026-05-28 12:30:46.811,2026/05/28/[$LATEST]4f6d928700b0454089f4d3ba5806fd95,1.88,,85000000
2026-05-28 12:30:46.812,2026/05/28/[$LATEST]5724bbfcea774384b83b606c0c42d806,1.88,,86000000
2026-05-28 12:30:46.815,2026/05/28/[$LATEST]691a822430384f5ab79537a661223d95,1.92,,85000000
2026-05-28 12:30:46.816,2026/05/28/[$LATEST]15737d93c14242db96065ddfaa294dc4,1.62,,85000000
2026-05-28 12:30:46.817,2026/05/28/[$LATEST]cfb0e958f4874281914ba0b7a1a72bef,5.02,,86000000
2026-05-28 12:30:46.821,2026/05/28/[$LATEST]4f6d928700b0454089f4d3ba5806fd95,3.55,,85000000
2026-05-28 12:30:46.833,2026/05/28/[$LATEST]cfb0e958f4874281914ba0b7a1a72bef,2.03,,86000000
2026-05-28 12:30:46.833,2026/05/28/[$LATEST]5724bbfcea774384b83b606c0c42d806,2.13,,86000000
2026-05-28 12:30:46.839,2026/05/28/[$LATEST]5989da090f7445fcb92f7c32ee76dd46,1.97,,86000000
2026-05-28 12:30:46.863,2026/05/28/[$LATEST]4f6d928700b0454089f4d3ba5806fd95,2.18,,85000000
2026-05-28 12:30:46.864,2026/05/28/[$LATEST]15737d93c14242db96065ddfaa294dc4,1.82,,85000000
2026-05-28 12:30:46.865,2026/05/28/[$LATEST]5989da090f7445fcb92f7c32ee76dd46,1.77,,86000000
2026-05-28 12:30:46.869,2026/05/28/[$LATEST]691a822430384f5ab79537a661223d95,2.14,,85000000
2026-05-28 12:30:46.871,2026/05/28/[$LATEST]cfb0e958f4874281914ba0b7a1a72bef,1.85,,86000000
2026-05-28 12:30:46.873,2026/05/28/[$LATEST]15737d93c14242db96065ddfaa294dc4,2.21,,85000000
2026-05-28 12:30:46.879,2026/05/28/[$LATEST]5989da090f7445fcb92f7c32ee76dd46,4.58,,86000000
2026-05-28 12:30:46.883,2026/05/28/[$LATEST]cfb0e958f4874281914ba0b7a1a72bef,1.83,,86000000
2026-05-28 12:30:46.889,2026/05/28/[$LATEST]645d0a3985b047aa91261d33b7d29c16,1.64,,86000000
2026-05-28 12:30:46.893,2026/05/28/[$LATEST]691a822430384f5ab79537a661223d95,2.44,,85000000
2026-05-28 12:30:46.893,2026/05/28/[$LATEST]15737d93c14242db96065ddfaa294dc4,13.59,,85000000
2026-05-28 12:30:46.894,2026/05/28/[$LATEST]4f6d928700b0454089f4d3ba5806fd95,12.34,,85000000
2026-05-28 12:30:46.902,2026/05/28/[$LATEST]cfb0e958f4874281914ba0b7a1a72bef,1.77,,86000000
2026-05-28 12:30:46.909,2026/05/28/[$LATEST]5989da090f7445fcb92f7c32ee76dd46,1.78,,86000000
2026-05-28 12:30:46.916,2026/05/28/[$LATEST]691a822430384f5ab79537a661223d95,2.21,,85000000
2026-05-28 12:30:46.917,2026/05/28/[$LATEST]15737d93c14242db96065ddfaa294dc4,1.84,,85000000
2026-05-28 12:30:46.918,2026/05/28/[$LATEST]4f6d928700b0454089f4d3ba5806fd95,2.3,,85000000
2026-05-28 12:30:46.919,2026/05/28/[$LATEST]645d0a3985b047aa91261d33b7d29c16,1.65,,86000000
2026-05-28 12:30:46.922,2026/05/28/[$LATEST]09b41d5fd2894f389e30ae58462b1250,1.8,,85000000
2026-05-28 12:30:46.931,2026/05/28/[$LATEST]5989da090f7445fcb92f7c32ee76dd46,1.79,,86000000
2026-05-28 12:30:46.938,2026/05/28/[$LATEST]09b41d5fd2894f389e30ae58462b1250,1.7,,85000000
2026-05-28 12:30:46.938,2026/05/28/[$LATEST]cfb0e958f4874281914ba0b7a1a72bef,1.84,,86000000
2026-05-28 12:30:46.942,2026/05/28/[$LATEST]4f6d928700b0454089f4d3ba5806fd95,1.9,,85000000
2026-05-28 12:30:46.945,2026/05/28/[$LATEST]645d0a3985b047aa91261d33b7d29c16,1.78,,86000000
2026-05-28 12:30:46.947,2026/05/28/[$LATEST]cfb0e958f4874281914ba0b7a1a72bef,1.89,,86000000
2026-05-28 12:30:46.950,2026/05/28/[$LATEST]4f6d928700b0454089f4d3ba5806fd95,1.75,,85000000
2026-05-28 12:30:46.952,2026/05/28/[$LATEST]5989da090f7445fcb92f7c32ee76dd46,1.79,,86000000
2026-05-28 12:30:46.953,2026/05/28/[$LATEST]5724bbfcea774384b83b606c0c42d806,2.07,,86000000
2026-05-28 12:30:46.954,2026/05/28/[$LATEST]09b41d5fd2894f389e30ae58462b1250,9.56,,85000000
2026-05-28 12:30:46.957,2026/05/28/[$LATEST]645d0a3985b047aa91261d33b7d29c16,3.65,,86000000
2026-05-28 12:30:46.963,2026/05/28/[$LATEST]cfb0e958f4874281914ba0b7a1a72bef,1.67,,86000000
2026-05-28 12:30:46.964,2026/05/28/[$LATEST]4f6d928700b0454089f4d3ba5806fd95,2,,85000000
2026-05-28 12:30:46.970,2026/05/28/[$LATEST]5724bbfcea774384b83b606c0c42d806,1.78,,86000000
2026-05-28 12:30:46.981,2026/05/28/[$LATEST]cfb0e958f4874281914ba0b7a1a72bef,9.08,,86000000
2026-05-28 12:30:46.991,2026/05/28/[$LATEST]4f6d928700b0454089f4d3ba5806fd95,4.81,,85000000
2026-05-28 12:30:47.002,2026/05/28/[$LATEST]cfb0e958f4874281914ba0b7a1a72bef,7.28,,86000000
2026-05-28 12:30:47.009,2026/05/28/[$LATEST]4f6d928700b0454089f4d3ba5806fd95,2.16,,85000000
2026-05-28 12:30:47.018,2026/05/28/[$LATEST]645d0a3985b047aa91261d33b7d29c16,1.65,,86000000
2026-05-28 12:30:47.020,2026/05/28/[$LATEST]cfb0e958f4874281914ba0b7a1a72bef,1.79,,86000000
2026-05-28 12:30:47.021,2026/05/28/[$LATEST]5724bbfcea774384b83b606c0c42d806,1.9,,86000000
2026-05-28 12:30:47.025,2026/05/28/[$LATEST]645d0a3985b047aa91261d33b7d29c16,1.59,,86000000
2026-05-28 12:30:47.028,2026/05/28/[$LATEST]5989da090f7445fcb92f7c32ee76dd46,1.82,,86000000
2026-05-28 12:30:47.033,2026/05/28/[$LATEST]5724bbfcea774384b83b606c0c42d806,2.01,,86000000
2026-05-28 12:30:47.035,2026/05/28/[$LATEST]4f6d928700b0454089f4d3ba5806fd95,4.5,,85000000
2026-05-28 12:30:47.038,2026/05/28/[$LATEST]09b41d5fd2894f389e30ae58462b1250,2.36,,85000000
2026-05-28 12:30:47.038,2026/05/28/[$LATEST]645d0a3985b047aa91261d33b7d29c16,1.66,,86000000
2026-05-28 12:30:47.048,2026/05/28/[$LATEST]5989da090f7445fcb92f7c32ee76dd46,1.74,,86000000
2026-05-28 12:30:47.050,2026/05/28/[$LATEST]5724bbfcea774384b83b606c0c42d806,8.52,,86000000
2026-05-28 12:30:47.072,2026/05/28/[$LATEST]5989da090f7445fcb92f7c32ee76dd46,1.69,,86000000
2026-05-28 12:30:47.073,2026/05/28/[$LATEST]5724bbfcea774384b83b606c0c42d806,2.19,,86000000
2026-05-28 12:30:47.073,2026/05/28/[$LATEST]cfb0e958f4874281914ba0b7a1a72bef,1.99,,86000000
2026-05-28 12:30:47.078,2026/05/28/[$LATEST]09b41d5fd2894f389e30ae58462b1250,1.69,,85000000
2026-05-28 12:30:47.082,2026/05/28/[$LATEST]645d0a3985b047aa91261d33b7d29c16,1.75,,86000000
2026-05-28 12:30:47.088,2026/05/28/[$LATEST]4f6d928700b0454089f4d3ba5806fd95,1.84,,85000000
2026-05-28 12:30:47.093,2026/05/28/[$LATEST]5724bbfcea774384b83b606c0c42d806,4.98,,86000000
2026-05-28 12:30:47.096,2026/05/28/[$LATEST]5989da090f7445fcb92f7c32ee76dd46,2.01,,86000000
2026-05-28 12:30:47.097,2026/05/28/[$LATEST]645d0a3985b047aa91261d33b7d29c16,6.87,,86000000
2026-05-28 12:30:47.102,2026/05/28/[$LATEST]cfb0e958f4874281914ba0b7a1a72bef,14.96,,86000000
2026-05-28 12:30:47.103,2026/05/28/[$LATEST]09b41d5fd2894f389e30ae58462b1250,1.56,,85000000
2026-05-28 12:30:47.106,2026/05/28/[$LATEST]5989da090f7445fcb92f7c32ee76dd46,1.83,,86000000
2026-05-28 12:30:47.107,2026/05/28/[$LATEST]4f6d928700b0454089f4d3ba5806fd95,3.92,,85000000
2026-05-28 12:30:47.107,2026/05/28/[$LATEST]645d0a3985b047aa91261d33b7d29c16,1.77,,86000000
2026-05-28 12:30:47.109,2026/05/28/[$LATEST]691a822430384f5ab79537a661223d95,1.82,,85000000
2026-05-28 12:30:47.109,2026/05/28/[$LATEST]2faaf80cfd9d45a1b10ad92bea2bdc23,1.89,,86000000
2026-05-28 12:30:47.114,2026/05/28/[$LATEST]5724bbfcea774384b83b606c0c42d806,6.91,,86000000
2026-05-28 12:30:47.119,2026/05/28/[$LATEST]15737d93c14242db96065ddfaa294dc4,1.89,,85000000
2026-05-28 12:30:47.120,2026/05/28/[$LATEST]645d0a3985b047aa91261d33b7d29c16,1.59,,86000000
2026-05-28 12:30:47.122,2026/05/28/[$LATEST]96c6e01348cf4245968782a1abd6eaeb,1.86,,85000000
2026-05-28 12:30:47.124,2026/05/28/[$LATEST]2faaf80cfd9d45a1b10ad92bea2bdc23,6.2,,86000000
2026-05-28 12:30:47.124,2026/05/28/[$LATEST]09b41d5fd2894f389e30ae58462b1250,1.74,,85000000
2026-05-28 12:30:47.124,2026/05/28/[$LATEST]691a822430384f5ab79537a661223d95,8.51,,85000000
2026-05-28 12:30:47.126,2026/05/28/[$LATEST]7de6c63704704001920746bd5ec85dd3,2.57,,85000000
2026-05-28 12:30:47.133,2026/05/28/[$LATEST]15737d93c14242db96065ddfaa294dc4,8.48,,85000000
2026-05-28 12:30:47.141,2026/05/28/[$LATEST]2faaf80cfd9d45a1b10ad92bea2bdc23,1.58,,86000000
2026-05-28 12:30:47.141,2026/05/28/[$LATEST]cfb0e958f4874281914ba0b7a1a72bef,20.46,,86000000
2026-05-28 12:30:47.152,2026/05/28/[$LATEST]7de6c63704704001920746bd5ec85dd3,1.84,,85000000
2026-05-28 12:30:47.153,2026/05/28/[$LATEST]09b41d5fd2894f389e30ae58462b1250,1.72,,85000000
2026-05-28 12:30:47.154,2026/05/28/[$LATEST]691a822430384f5ab79537a661223d95,2.2,,85000000
2026-05-28 12:30:47.154,2026/05/28/[$LATEST]15737d93c14242db96065ddfaa294dc4,1.91,,85000000
2026-05-28 12:30:47.156,2026/05/28/[$LATEST]4f6d928700b0454089f4d3ba5806fd95,38.21,,85000000
2026-05-28 12:30:47.156,2026/05/28/[$LATEST]645d0a3985b047aa91261d33b7d29c16,12.99,,86000000
2026-05-28 12:30:47.161,2026/05/28/[$LATEST]cfb0e958f4874281914ba0b7a1a72bef,5.66,,86000000
2026-05-28 12:30:47.177,2026/05/28/[$LATEST]2faaf80cfd9d45a1b10ad92bea2bdc23,1.66,,86000000
2026-05-28 12:30:47.179,2026/05/28/[$LATEST]4f6d928700b0454089f4d3ba5806fd95,1.99,,85000000
2026-05-28 12:30:47.182,2026/05/28/[$LATEST]cfb0e958f4874281914ba0b7a1a72bef,5.64,,86000000
2026-05-28 12:30:47.184,2026/05/28/[$LATEST]5989da090f7445fcb92f7c32ee76dd46,1.77,,86000000
2026-05-28 12:30:47.186,2026/05/28/[$LATEST]5724bbfcea774384b83b606c0c42d806,2.07,,86000000
2026-05-28 12:30:47.197,2026/05/28/[$LATEST]5724bbfcea774384b83b606c0c42d806,2.17,,86000000
2026-05-28 12:30:47.202,2026/05/28/[$LATEST]4f6d928700b0454089f4d3ba5806fd95,15.33,,85000000
2026-05-28 12:30:47.204,2026/05/28/[$LATEST]cfb0e958f4874281914ba0b7a1a72bef,1.84,,86000000
2026-05-28 12:30:47.204,2026/05/28/[$LATEST]5989da090f7445fcb92f7c32ee76dd46,1.71,,86000000
2026-05-28 12:30:47.204,2026/05/28/[$LATEST]691a822430384f5ab79537a661223d95,1.94,,85000000
2026-05-28 12:30:47.211,2026/05/28/[$LATEST]2faaf80cfd9d45a1b10ad92bea2bdc23,1.66,,86000000
2026-05-28 12:30:47.214,2026/05/28/[$LATEST]15737d93c14242db96065ddfaa294dc4,1.72,,85000000
2026-05-28 12:30:47.219,2026/05/28/[$LATEST]645d0a3985b047aa91261d33b7d29c16,23.65,,86000000
2026-05-28 12:30:47.220,2026/05/28/[$LATEST]4f6d928700b0454089f4d3ba5806fd95,2.48,,85000000
2026-05-28 12:30:47.223,2026/05/28/[$LATEST]2faaf80cfd9d45a1b10ad92bea2bdc23,3.43,,86000000
2026-05-28 12:30:47.225,2026/05/28/[$LATEST]5989da090f7445fcb92f7c32ee76dd46,1.83,,86000000
2026-05-28 12:30:47.226,2026/05/28/[$LATEST]cfb0e958f4874281914ba0b7a1a72bef,1.82,,86000000
2026-05-28 12:30:47.230,2026/05/28/[$LATEST]691a822430384f5ab79537a661223d95,17.22,,85000000
2026-05-28 12:30:47.232,2026/05/28/[$LATEST]15737d93c14242db96065ddfaa294dc4,10.73,,85000000
2026-05-28 12:30:47.237,2026/05/28/[$LATEST]645d0a3985b047aa91261d33b7d29c16,3.96,,86000000
2026-05-28 12:30:47.239,2026/05/28/[$LATEST]09b41d5fd2894f389e30ae58462b1250,1.71,,85000000
2026-05-28 12:30:47.239,2026/05/28/[$LATEST]5989da090f7445fcb92f7c32ee76dd46,6.41,,86000000
2026-05-28 12:30:47.239,2026/05/28/[$LATEST]4f6d928700b0454089f4d3ba5806fd95,11.86,,85000000
2026-05-28 12:30:47.242,2026/05/28/[$LATEST]691a822430384f5ab79537a661223d95,4.45,,85000000
2026-05-28 12:30:47.258,2026/05/28/[$LATEST]5989da090f7445fcb92f7c32ee76dd46,1.83,,86000000
2026-05-28 12:30:47.261,2026/05/28/[$LATEST]691a822430384f5ab79537a661223d95,5.96,,85000000
2026-05-28 12:30:47.263,2026/05/28/[$LATEST]cfb0e958f4874281914ba0b7a1a72bef,2.07,,86000000
2026-05-28 12:30:47.264,2026/05/28/[$LATEST]2faaf80cfd9d45a1b10ad92bea2bdc23,1.58,,86000000
2026-05-28 12:30:47.269,2026/05/28/[$LATEST]5989da090f7445fcb92f7c32ee76dd46,1.79,,86000000
2026-05-28 12:30:47.275,2026/05/28/[$LATEST]2faaf80cfd9d45a1b10ad92bea2bdc23,1.54,,86000000
2026-05-28 12:30:47.281,2026/05/28/[$LATEST]5989da090f7445fcb92f7c32ee76dd46,1.91,,86000000
2026-05-28 12:30:47.285,2026/05/28/[$LATEST]691a822430384f5ab79537a661223d95,10.46,,85000000
2026-05-28 12:30:47.286,2026/05/28/[$LATEST]2faaf80cfd9d45a1b10ad92bea2bdc23,1.43,,86000000
2026-05-28 12:30:47.287,2026/05/28/[$LATEST]cfb0e958f4874281914ba0b7a1a72bef,2,,86000000
2026-05-28 12:30:47.290,2026/05/28/[$LATEST]4f6d928700b0454089f4d3ba5806fd95,2.05,,85000000
2026-05-28 12:30:47.292,2026/05/28/[$LATEST]5724bbfcea774384b83b606c0c42d806,2.32,,86000000
2026-05-28 12:30:47.292,2026/05/28/[$LATEST]09b41d5fd2894f389e30ae58462b1250,1.59,,85000000
2026-05-28 12:30:47.302,2026/05/28/[$LATEST]691a822430384f5ab79537a661223d95,4.16,,85000000
2026-05-28 12:30:47.304,2026/05/28/[$LATEST]09b41d5fd2894f389e30ae58462b1250,1.52,,85000000
2026-05-28 12:30:47.308,2026/05/28/[$LATEST]cfb0e958f4874281914ba0b7a1a72bef,1.7,,86000000
2026-05-28 12:30:47.310,2026/05/28/[$LATEST]645d0a3985b047aa91261d33b7d29c16,1.89,,86000000
2026-05-28 12:30:47.310,2026/05/28/[$LATEST]4f6d928700b0454089f4d3ba5806fd95,2.33,,85000000
2026-05-28 12:30:47.314,2026/05/28/[$LATEST]5724bbfcea774384b83b606c0c42d806,2.08,,86000000
2026-05-28 12:30:47.315,2026/05/28/[$LATEST]09b41d5fd2894f389e30ae58462b1250,1.49,,85000000
2026-05-28 12:30:47.320,2026/05/28/[$LATEST]2faaf80cfd9d45a1b10ad92bea2bdc23,1.52,,86000000
2026-05-28 12:30:47.321,2026/05/28/[$LATEST]cfb0e958f4874281914ba0b7a1a72bef,3.9,,86000000
2026-05-28 12:30:47.321,2026/05/28/[$LATEST]691a822430384f5ab79537a661223d95,11.7,,85000000
2026-05-28 12:30:47.328,2026/05/28/[$LATEST]2faaf80cfd9d45a1b10ad92bea2bdc23,1.88,,86000000
2026-05-28 12:30:47.341,2026/05/28/[$LATEST]cfb0e958f4874281914ba0b7a1a72bef,12.1,,86000000
2026-05-28 12:30:47.342,2026/05/28/[$LATEST]691a822430384f5ab79537a661223d95,13.9,,85000000
2026-05-28 12:30:47.344,2026/05/28/[$LATEST]2faaf80cfd9d45a1b10ad92bea2bdc23,8.97,,86000000
2026-05-28 12:30:47.361,2026/05/28/[$LATEST]691a822430384f5ab79537a661223d95,2.3,,85000000
2026-05-28 12:30:47.364,2026/05/28/[$LATEST]2faaf80cfd9d45a1b10ad92bea2bdc23,7.41,,86000000
2026-05-28 12:30:47.377,2026/05/28/[$LATEST]cfb0e958f4874281914ba0b7a1a72bef,1.8,,86000000
2026-05-28 12:30:47.379,2026/05/28/[$LATEST]5724bbfcea774384b83b606c0c42d806,1.8,,86000000
2026-05-28 12:30:47.384,2026/05/28/[$LATEST]2faaf80cfd9d45a1b10ad92bea2bdc23,9.7,,86000000
2026-05-28 12:30:47.387,2026/05/28/[$LATEST]691a822430384f5ab79537a661223d95,1.85,,85000000
2026-05-28 12:30:47.409,2026/05/28/[$LATEST]2faaf80cfd9d45a1b10ad92bea2bdc23,1.79,,86000000
2026-05-28 12:30:47.415,2026/05/28/[$LATEST]5724bbfcea774384b83b606c0c42d806,2.17,,86000000
2026-05-28 12:30:47.420,2026/05/28/[$LATEST]691a822430384f5ab79537a661223d95,1.89,,85000000
2026-05-28 12:30:47.424,2026/05/28/[$LATEST]2faaf80cfd9d45a1b10ad92bea2bdc23,7.68,,86000000
2026-05-28 12:30:47.424,2026/05/28/[$LATEST]09b41d5fd2894f389e30ae58462b1250,1.66,,85000000
2026-05-28 12:30:47.427,2026/05/28/[$LATEST]5989da090f7445fcb92f7c32ee76dd46,1.8,,86000000
2026-05-28 12:30:47.429,2026/05/28/[$LATEST]cfb0e958f4874281914ba0b7a1a72bef,2.06,,86000000
2026-05-28 12:30:47.430,2026/05/28/[$LATEST]4c865db2928045c5b55b6820a532569d,2.09,,86000000
2026-05-28 12:30:47.433,2026/05/28/[$LATEST]5724bbfcea774384b83b606c0c42d806,10.91,,86000000
2026-05-28 12:30:47.435,2026/05/28/[$LATEST]09b41d5fd2894f389e30ae58462b1250,1.49,,85000000
2026-05-28 12:30:47.450,2026/05/28/[$LATEST]5724bbfcea774384b83b606c0c42d806,2,,86000000
2026-05-28 12:30:47.467,2026/05/28/[$LATEST]af1260d7b29a4081bdccf63925032932,38.65,,86000000
2026-05-28 12:30:47.471,2026/05/28/[$LATEST]09b41d5fd2894f389e30ae58462b1250,1.62,,85000000
2026-05-28 12:30:47.474,2026/05/28/[$LATEST]5724bbfcea774384b83b606c0c42d806,1.99,,86000000
2026-05-28 12:30:47.475,2026/05/28/[$LATEST]4c865db2928045c5b55b6820a532569d,1.9,,86000000
2026-05-28 12:30:47.476,2026/05/28/[$LATEST]691a822430384f5ab79537a661223d95,2.1,,85000000
2026-05-28 12:30:47.479,2026/05/28/[$LATEST]09b41d5fd2894f389e30ae58462b1250,2.42,,85000000
2026-05-28 12:30:47.491,2026/05/28/[$LATEST]4c865db2928045c5b55b6820a532569d,7.26,,86000000
2026-05-28 12:30:47.493,2026/05/28/[$LATEST]691a822430384f5ab79537a661223d95,2.25,,85000000
2026-05-28 12:30:47.494,2026/05/28/[$LATEST]5724bbfcea774384b83b606c0c42d806,2.32,,86000000
2026-05-28 12:30:47.495,2026/05/28/[$LATEST]4f6d928700b0454089f4d3ba5806fd95,2.13,,85000000
2026-05-28 12:30:47.495,2026/05/28/[$LATEST]09b41d5fd2894f389e30ae58462b1250,1.52,,85000000
2026-05-28 12:30:47.507,2026/05/28/[$LATEST]af1260d7b29a4081bdccf63925032932,19.56,,86000000
2026-05-28 12:30:47.509,2026/05/28/[$LATEST]5724bbfcea774384b83b606c0c42d806,6.5,,86000000
2026-05-28 12:30:47.510,2026/05/28/[$LATEST]4f6d928700b0454089f4d3ba5806fd95,1.96,,85000000
2026-05-28 12:30:47.511,2026/05/28/[$LATEST]691a822430384f5ab79537a661223d95,1.93,,85000000
2026-05-28 12:30:47.512,2026/05/28/[$LATEST]4c865db2928045c5b55b6820a532569d,1.96,,86000000
2026-05-28 12:30:47.513,2026/05/28/[$LATEST]2faaf80cfd9d45a1b10ad92bea2bdc23,1.54,,86000000
2026-05-28 12:30:47.513,2026/05/28/[$LATEST]09b41d5fd2894f389e30ae58462b1250,12.82,,85000000
2026-05-28 12:30:47.513,2026/05/28/[$LATEST]5989da090f7445fcb92f7c32ee76dd46,1.87,,86000000
2026-05-28 12:30:47.521,2026/05/28/[$LATEST]cfb0e958f4874281914ba0b7a1a72bef,9.21,,86000000
2026-05-28 12:30:47.528,2026/05/28/[$LATEST]2faaf80cfd9d45a1b10ad92bea2bdc23,5.38,,86000000
2026-05-28 12:30:47.529,2026/05/28/[$LATEST]09b41d5fd2894f389e30ae58462b1250,1.41,,85000000
2026-05-28 12:30:47.530,2026/05/28/[$LATEST]5989da090f7445fcb92f7c32ee76dd46,1.78,,86000000
2026-05-28 12:30:47.537,2026/05/28/[$LATEST]4f6d928700b0454089f4d3ba5806fd95,16.96,,85000000
2026-05-28 12:30:47.542,2026/05/28/[$LATEST]691a822430384f5ab79537a661223d95,8.5,,85000000
2026-05-28 12:30:47.544,2026/05/28/[$LATEST]cfb0e958f4874281914ba0b7a1a72bef,2.18,,86000000
2026-05-28 12:30:47.554,2026/05/28/[$LATEST]09b41d5fd2894f389e30ae58462b1250,1.75,,85000000
2026-05-28 12:30:47.556,2026/05/28/[$LATEST]4f6d928700b0454089f4d3ba5806fd95,6.58,,85000000
2026-05-28 12:30:47.558,2026/05/28/[$LATEST]5989da090f7445fcb92f7c32ee76dd46,1.72,,86000000
2026-05-28 12:30:47.563,2026/05/28/[$LATEST]4c865db2928045c5b55b6820a532569d,1.84,,86000000
2026-05-28 12:30:47.564,2026/05/28/[$LATEST]2faaf80cfd9d45a1b10ad92bea2bdc23,5.29,,86000000
2026-05-28 12:30:47.565,2026/05/28/[$LATEST]691a822430384f5ab79537a661223d95,2.15,,85000000
2026-05-28 12:30:47.565,2026/05/28/[$LATEST]cfb0e958f4874281914ba0b7a1a72bef,13.39,,86000000
2026-05-28 12:30:47.576,2026/05/28/[$LATEST]5989da090f7445fcb92f7c32ee76dd46,1.81,,86000000
2026-05-28 12:30:47.579,2026/05/28/[$LATEST]4c865db2928045c5b55b6820a532569d,1.7,,86000000
2026-05-28 12:30:47.582,2026/05/28/[$LATEST]cfb0e958f4874281914ba0b7a1a72bef,11.5,,86000000
2026-05-28 12:30:47.584,2026/05/28/[$LATEST]2faaf80cfd9d45a1b10ad92bea2bdc23,13.53,,86000000
2026-05-28 12:30:47.585,2026/05/28/[$LATEST]5989da090f7445fcb92f7c32ee76dd46,1.92,,86000000
2026-05-28 12:30:47.592,2026/05/28/[$LATEST]691a822430384f5ab79537a661223d95,2.3,,85000000
2026-05-28 12:30:47.598,2026/05/28/[$LATEST]09b41d5fd2894f389e30ae58462b1250,1.92,,85000000
2026-05-28 12:30:47.599,2026/05/28/[$LATEST]4c865db2928045c5b55b6820a532569d,1.88,,86000000
2026-05-28 12:30:47.599,2026/05/28/[$LATEST]5989da090f7445fcb92f7c32ee76dd46,2.29,,86000000
2026-05-28 12:30:47.601,2026/05/28/[$LATEST]cfb0e958f4874281914ba0b7a1a72bef,7.21,,86000000
2026-05-28 12:30:47.601,2026/05/28/[$LATEST]5724bbfcea774384b83b606c0c42d806,1.93,,86000000
2026-05-28 12:30:47.604,2026/05/28/[$LATEST]4f6d928700b0454089f4d3ba5806fd95,9.97,,85000000
2026-05-28 12:30:47.605,2026/05/28/[$LATEST]2faaf80cfd9d45a1b10ad92bea2bdc23,9.73,,86000000
2026-05-28 12:30:47.629,2026/05/28/[$LATEST]5724bbfcea774384b83b606c0c42d806,2,,86000000
2026-05-28 12:30:47.632,2026/05/28/[$LATEST]4f6d928700b0454089f4d3ba5806fd95,1.81,,85000000
2026-05-28 12:30:47.638,2026/05/28/[$LATEST]09b41d5fd2894f389e30ae58462b1250,1.64,,85000000
2026-05-28 12:30:47.643,2026/05/28/[$LATEST]2faaf80cfd9d45a1b10ad92bea2bdc23,5.24,,86000000
2026-05-28 12:30:47.647,2026/05/28/[$LATEST]5724bbfcea774384b83b606c0c42d806,1.86,,86000000
2026-05-28 12:30:47.653,2026/05/28/[$LATEST]09b41d5fd2894f389e30ae58462b1250,8.64,,85000000
2026-05-28 12:30:47.656,2026/05/28/[$LATEST]691a822430384f5ab79537a661223d95,2.1,,85000000
2026-05-28 12:30:47.656,2026/05/28/[$LATEST]645d0a3985b047aa91261d33b7d29c16,1.95,,86000000
2026-05-28 12:30:47.657,2026/05/28/[$LATEST]5724bbfcea774384b83b606c0c42d806,1.75,,86000000
2026-05-28 12:30:47.659,2026/05/28/[$LATEST]15737d93c14242db96065ddfaa294dc4,2,,85000000
2026-05-28 12:30:47.662,2026/05/28/[$LATEST]4f6d928700b0454089f4d3ba5806fd95,2.15,,85000000
2026-05-28 12:30:47.664,2026/05/28/[$LATEST]2faaf80cfd9d45a1b10ad92bea2bdc23,1.61,,86000000
2026-05-28 12:30:47.669,2026/05/28/[$LATEST]5724bbfcea774384b83b606c0c42d806,6.96,,86000000
2026-05-28 12:30:47.682,2026/05/28/[$LATEST]15737d93c14242db96065ddfaa294dc4,1.8,,85000000
2026-05-28 12:30:47.684,2026/05/28/[$LATEST]2faaf80cfd9d45a1b10ad92bea2bdc23,1.49,,86000000
2026-05-28 12:30:47.692,2026/05/28/[$LATEST]15737d93c14242db96065ddfaa294dc4,4.26,,85000000
2026-05-28 12:30:47.704,2026/05/28/[$LATEST]2faaf80cfd9d45a1b10ad92bea2bdc23,6.2,,86000000
2026-05-28 12:30:47.706,2026/05/28/[$LATEST]4c865db2928045c5b55b6820a532569d,2.05,,86000000
2026-05-28 12:30:47.706,2026/05/28/[$LATEST]5989da090f7445fcb92f7c32ee76dd46,1.7,,86000000
2026-05-28 12:30:47.708,2026/05/28/[$LATEST]5724bbfcea774384b83b606c0c42d806,25.29,,86000000
2026-05-28 12:30:47.709,2026/05/28/[$LATEST]cfb0e958f4874281914ba0b7a1a72bef,4.93,,86000000
2026-05-28 12:30:47.710,2026/05/28/[$LATEST]645d0a3985b047aa91261d33b7d29c16,1.44,,86000000
2026-05-28 12:30:47.712,2026/05/28/[$LATEST]15737d93c14242db96065ddfaa294dc4,8.96,,85000000
2026-05-28 12:30:47.712,2026/05/28/[$LATEST]691a822430384f5ab79537a661223d95,2.88,,85000000
2026-05-28 12:30:47.713,2026/05/28/[$LATEST]af1260d7b29a4081bdccf63925032932,1.99,,86000000
2026-05-28 12:30:47.715,2026/05/28/[$LATEST]5724bbfcea774384b83b606c0c42d806,1.69,,86000000
2026-05-28 12:30:47.725,2026/05/28/[$LATEST]4f6d928700b0454089f4d3ba5806fd95,2.46,,85000000
2026-05-28 12:30:47.726,2026/05/28/[$LATEST]691a822430384f5ab79537a661223d95,2.18,,85000000
2026-05-28 12:30:47.739,2026/05/28/[$LATEST]cfb0e958f4874281914ba0b7a1a72bef,1.74,,86000000
2026-05-28 12:30:47.741,2026/05/28/[$LATEST]5724bbfcea774384b83b606c0c42d806,1.97,,86000000
2026-05-28 12:30:47.743,2026/05/28/[$LATEST]691a822430384f5ab79537a661223d95,8.04,,85000000
2026-05-28 12:30:47.745,2026/05/28/[$LATEST]4f6d928700b0454089f4d3ba5806fd95,2.13,,85000000
2026-05-28 12:30:47.747,2026/05/28/[$LATEST]15737d93c14242db96065ddfaa294dc4,2,,85000000
2026-05-28 12:30:47.749,2026/05/28/[$LATEST]645d0a3985b047aa91261d33b7d29c16,1.81,,86000000
2026-05-28 12:30:47.751,2026/05/28/[$LATEST]5724bbfcea774384b83b606c0c42d806,3.52,,86000000
2026-05-28 12:30:47.753,2026/05/28/[$LATEST]cfb0e958f4874281914ba0b7a1a72bef,3.79,,86000000
2026-05-28 12:30:47.754,2026/05/28/[$LATEST]5989da090f7445fcb92f7c32ee76dd46,1.58,,86000000
2026-05-28 12:30:47.756,2026/05/28/[$LATEST]4f6d928700b0454089f4d3ba5806fd95,4.79,,85000000
2026-05-28 12:30:47.766,2026/05/28/[$LATEST]af1260d7b29a4081bdccf63925032932,6.22,,86000000
2026-05-28 12:30:47.767,2026/05/28/[$LATEST]5989da090f7445fcb92f7c32ee76dd46,1.87,,86000000
2026-05-28 12:30:47.773,2026/05/28/[$LATEST]5724bbfcea774384b83b606c0c42d806,2.05,,86000000
2026-05-28 12:30:47.775,2026/05/28/[$LATEST]645d0a3985b047aa91261d33b7d29c16,1.84,,86000000
2026-05-28 12:30:47.776,2026/05/28/[$LATEST]15737d93c14242db96065ddfaa294dc4,1.78,,85000000
2026-05-28 12:30:47.779,2026/05/28/[$LATEST]96c6e01348cf4245968782a1abd6eaeb,1.88,,85000000
2026-05-28 12:30:47.779,2026/05/28/[$LATEST]7de6c63704704001920746bd5ec85dd3,2.04,,85000000
2026-05-28 12:30:47.780,2026/05/28/[$LATEST]691a822430384f5ab79537a661223d95,3.7,,85000000
2026-05-28 12:30:47.781,2026/05/28/[$LATEST]cfb0e958f4874281914ba0b7a1a72bef,10.48,,86000000
2026-05-28 12:30:47.793,2026/05/28/[$LATEST]cfb0e958f4874281914ba0b7a1a72bef,2.01,,86000000
2026-05-28 12:30:47.794,2026/05/28/[$LATEST]09b41d5fd2894f389e30ae58462b1250,18.12,,85000000
2026-05-28 12:30:47.796,2026/05/28/[$LATEST]7de6c63704704001920746bd5ec85dd3,1.75,,85000000
2026-05-28 12:30:47.796,2026/05/28/[$LATEST]5724bbfcea774384b83b606c0c42d806,1.91,,86000000
2026-05-28 12:30:47.797,2026/05/28/[$LATEST]5989da090f7445fcb92f7c32ee76dd46,1.79,,86000000
2026-05-28 12:30:47.798,2026/05/28/[$LATEST]4f6d928700b0454089f4d3ba5806fd95,22.73,,85000000
2026-05-28 12:30:47.809,2026/05/28/[$LATEST]5989da090f7445fcb92f7c32ee76dd46,1.75,,86000000
2026-05-28 12:30:47.829,2026/05/28/[$LATEST]5724bbfcea774384b83b606c0c42d806,25.19,,86000000
2026-05-28 12:30:47.829,2026/05/28/[$LATEST]7de6c63704704001920746bd5ec85dd3,1.75,,85000000
2026-05-28 12:30:47.830,2026/05/28/[$LATEST]09b41d5fd2894f389e30ae58462b1250,1.66,,85000000
2026-05-28 12:30:47.834,2026/05/28/[$LATEST]5989da090f7445fcb92f7c32ee76dd46,1.72,,86000000
2026-05-28 12:30:47.836,2026/05/28/[$LATEST]cfb0e958f4874281914ba0b7a1a72bef,1.84,,86000000
2026-05-28 12:30:47.839,2026/05/28/[$LATEST]4f6d928700b0454089f4d3ba5806fd95,16.49,,85000000
2026-05-28 12:30:47.847,2026/05/28/[$LATEST]cfb0e958f4874281914ba0b7a1a72bef,1.79,,86000000
2026-05-28 12:30:47.850,2026/05/28/[$LATEST]5989da090f7445fcb92f7c32ee76dd46,1.71,,86000000
2026-05-28 12:30:47.861,2026/05/28/[$LATEST]cfb0e958f4874281914ba0b7a1a72bef,8.3,,86000000
2026-05-28 12:30:47.867,2026/05/28/[$LATEST]5989da090f7445fcb92f7c32ee76dd46,1.82,,86000000
2026-05-28 12:30:47.868,2026/05/28/[$LATEST]5724bbfcea774384b83b606c0c42d806,1.86,,86000000
2026-05-28 12:30:47.870,2026/05/28/[$LATEST]cfb0e958f4874281914ba0b7a1a72bef,1.82,,86000000
2026-05-28 12:30:47.881,2026/05/28/[$LATEST]af1260d7b29a4081bdccf63925032932,2.1,,86000000
2026-05-28 12:30:47.888,2026/05/28/[$LATEST]4f6d928700b0454089f4d3ba5806fd95,2.06,,85000000
2026-05-28 12:30:47.892,2026/05/28/[$LATEST]09b41d5fd2894f389e30ae58462b1250,1.78,,85000000
2026-05-28 12:30:47.898,2026/05/28/[$LATEST]af1260d7b29a4081bdccf63925032932,1.63,,86000000
2026-05-28 12:30:47.898,2026/05/28/[$LATEST]cfb0e958f4874281914ba0b7a1a72bef,1.76,,86000000
2026-05-28 12:30:47.902,2026/05/28/[$LATEST]5724bbfcea774384b83b606c0c42d806,1.95,,86000000
2026-05-28 12:30:47.914,2026/05/28/[$LATEST]af1260d7b29a4081bdccf63925032932,2.42,,86000000
2026-05-28 12:30:47.918,2026/05/28/[$LATEST]09b41d5fd2894f389e30ae58462b1250,1.56,,85000000
2026-05-28 12:30:47.919,2026/05/28/[$LATEST]cfb0e958f4874281914ba0b7a1a72bef,1.64,,86000000
2026-05-28 12:30:47.920,2026/05/28/[$LATEST]7de6c63704704001920746bd5ec85dd3,1.7,,85000000
2026-05-28 12:30:47.920,2026/05/28/[$LATEST]5989da090f7445fcb92f7c32ee76dd46,2.18,,86000000
2026-05-28 12:30:47.924,2026/05/28/[$LATEST]4f6d928700b0454089f4d3ba5806fd95,2.85,,85000000
2026-05-28 12:30:47.927,2026/05/28/[$LATEST]5724bbfcea774384b83b606c0c42d806,5.71,,86000000
2026-05-28 12:30:47.933,2026/05/28/[$LATEST]09b41d5fd2894f389e30ae58462b1250,8.53,,85000000
2026-05-28 12:30:47.934,2026/05/28/[$LATEST]5724bbfcea774384b83b606c0c42d806,1.83,,86000000
2026-05-28 12:30:47.935,2026/05/28/[$LATEST]691a822430384f5ab79537a661223d95,1.78,,85000000
2026-05-28 12:30:47.935,2026/05/28/[$LATEST]7de6c63704704001920746bd5ec85dd3,5.67,,85000000
2026-05-28 12:30:47.936,2026/05/28/[$LATEST]96c6e01348cf4245968782a1abd6eaeb,1.94,,85000000
2026-05-28 12:30:47.938,2026/05/28/[$LATEST]4f6d928700b0454089f4d3ba5806fd95,3.57,,85000000
2026-05-28 12:30:47.939,2026/05/28/[$LATEST]5989da090f7445fcb92f7c32ee76dd46,4.34,,86000000
2026-05-28 12:30:47.944,2026/05/28/[$LATEST]96c6e01348cf4245968782a1abd6eaeb,1.62,,85000000
2026-05-28 12:30:47.945,2026/05/28/[$LATEST]691a822430384f5ab79537a661223d95,1.9,,85000000
2026-05-28 12:30:47.950,2026/05/28/[$LATEST]af1260d7b29a4081bdccf63925032932,9.27,,86000000
2026-05-28 12:30:47.954,2026/05/28/[$LATEST]5989da090f7445fcb92f7c32ee76dd46,1.8,,86000000
2026-05-28 12:30:47.954,2026/05/28/[$LATEST]09b41d5fd2894f389e30ae58462b1250,14.52,,85000000
2026-05-28 12:30:47.964,2026/05/28/[$LATEST]5989da090f7445fcb92f7c32ee76dd46,1.62,,86000000
2026-05-28 12:30:47.967,2026/05/28/[$LATEST]691a822430384f5ab79537a661223d95,1.7,,85000000
2026-05-28 12:30:47.968,2026/05/28/[$LATEST]af1260d7b29a4081bdccf63925032932,2.86,,86000000
2026-05-28 12:30:47.970,2026/05/28/[$LATEST]96c6e01348cf4245968782a1abd6eaeb,1.77,,85000000
2026-05-28 12:30:47.970,2026/05/28/[$LATEST]5724bbfcea774384b83b606c0c42d806,1.95,,86000000
2026-05-28 12:30:47.973,2026/05/28/[$LATEST]09b41d5fd2894f389e30ae58462b1250,9.73,,85000000
2026-05-28 12:30:47.979,2026/05/28/[$LATEST]5989da090f7445fcb92f7c32ee76dd46,7.11,,86000000
2026-05-28 12:30:47.987,2026/05/28/[$LATEST]96c6e01348cf4245968782a1abd6eaeb,1.69,,85000000
2026-05-28 12:30:47.988,2026/05/28/[$LATEST]691a822430384f5ab79537a661223d95,2.03,,85000000
2026-05-28 12:30:47.991,2026/05/28/[$LATEST]5724bbfcea774384b83b606c0c42d806,10.48,,86000000
2026-05-28 12:30:47.993,2026/05/28/[$LATEST]cfb0e958f4874281914ba0b7a1a72bef,1.79,,86000000
2026-05-28 12:30:47.993,2026/05/28/[$LATEST]af1260d7b29a4081bdccf63925032932,3.51,,86000000
2026-05-28 12:30:47.994,2026/05/28/[$LATEST]4c865db2928045c5b55b6820a532569d,1.78,,86000000
2026-05-28 12:30:47.995,2026/05/28/[$LATEST]09b41d5fd2894f389e30ae58462b1250,1.84,,85000000
2026-05-28 12:30:47.998,2026/05/28/[$LATEST]5989da090f7445fcb92f7c32ee76dd46,2.85,,86000000
2026-05-28 12:30:48.013,2026/05/28/[$LATEST]5989da090f7445fcb92f7c32ee76dd46,1.74,,86000000
2026-05-28 12:30:48.017,2026/05/28/[$LATEST]4c865db2928045c5b55b6820a532569d,2.06,,86000000
2026-05-28 12:30:48.018,2026/05/28/[$LATEST]09b41d5fd2894f389e30ae58462b1250,1.93,,85000000
2026-05-28 12:30:48.030,2026/05/28/[$LATEST]691a822430384f5ab79537a661223d95,1.87,,85000000
2026-05-28 12:30:48.033,2026/05/28/[$LATEST]09b41d5fd2894f389e30ae58462b1250,5.04,,85000000
2026-05-28 12:30:48.038,2026/05/28/[$LATEST]96c6e01348cf4245968782a1abd6eaeb,1.67,,85000000
2026-05-28 12:30:48.044,2026/05/28/[$LATEST]09b41d5fd2894f389e30ae58462b1250,1.45,,85000000
2026-05-28 12:30:48.051,2026/05/28/[$LATEST]4c865db2928045c5b55b6820a532569d,20.63,,86000000
2026-05-28 12:30:48.052,2026/05/28/[$LATEST]5989da090f7445fcb92f7c32ee76dd46,1.95,,86000000
2026-05-28 12:30:48.056,2026/05/28/[$LATEST]af1260d7b29a4081bdccf63925032932,2.87,,86000000
2026-05-28 12:30:48.061,2026/05/28/[$LATEST]cfb0e958f4874281914ba0b7a1a72bef,1.76,,86000000
2026-05-28 12:30:48.063,2026/05/28/[$LATEST]09b41d5fd2894f389e30ae58462b1250,1.72,,85000000
2026-05-28 12:30:48.074,2026/05/28/[$LATEST]09b41d5fd2894f389e30ae58462b1250,3.6,,85000000
2026-05-28 12:30:48.079,2026/05/28/[$LATEST]5989da090f7445fcb92f7c32ee76dd46,1.9,,86000000
2026-05-28 12:30:48.080,2026/05/28/[$LATEST]cfb0e958f4874281914ba0b7a1a72bef,5.59,,86000000
2026-05-28 12:30:48.087,2026/05/28/[$LATEST]af1260d7b29a4081bdccf63925032932,6.04,,86000000
2026-05-28 12:30:48.092,2026/05/28/[$LATEST]09b41d5fd2894f389e30ae58462b1250,1.66,,85000000
2026-05-28 12:30:48.104,2026/05/28/[$LATEST]5989da090f7445fcb92f7c32ee76dd46,1.67,,86000000
2026-05-28 12:30:48.105,2026/05/28/[$LATEST]cfb0e958f4874281914ba0b7a1a72bef,1.98,,86000000
2026-05-28 12:30:48.108,2026/05/28/[$LATEST]af1260d7b29a4081bdccf63925032932,2.49,,86000000
2026-05-28 12:30:48.110,2026/05/28/[$LATEST]5724bbfcea774384b83b606c0c42d806,1.78,,86000000
2026-05-28 12:30:48.111,2026/05/28/[$LATEST]96c6e01348cf4245968782a1abd6eaeb,1.67,,85000000
2026-05-28 12:30:48.112,2026/05/28/[$LATEST]2faaf80cfd9d45a1b10ad92bea2bdc23,1.83,,86000000
2026-05-28 12:30:48.113,2026/05/28/[$LATEST]09b41d5fd2894f389e30ae58462b1250,10.23,,85000000
2026-05-28 12:30:48.118,2026/05/28/[$LATEST]af1260d7b29a4081bdccf63925032932,2.14,,86000000
2026-05-28 12:30:48.121,2026/05/28/[$LATEST]cfb0e958f4874281914ba0b7a1a72bef,9.26,,86000000
2026-05-28 12:30:48.130,2026/05/28/[$LATEST]cfb0e958f4874281914ba0b7a1a72bef,1.76,,86000000
2026-05-28 12:30:48.132,2026/05/28/[$LATEST]09b41d5fd2894f389e30ae58462b1250,1.66,,85000000
2026-05-28 12:30:48.143,2026/05/28/[$LATEST]96c6e01348cf4245968782a1abd6eaeb,1.66,,85000000
2026-05-28 12:30:48.146,2026/05/28/[$LATEST]4f6d928700b0454089f4d3ba5806fd95,1.9,,85000000
2026-05-28 12:30:48.150,2026/05/28/[$LATEST]4c865db2928045c5b55b6820a532569d,38.67,,86000000
2026-05-28 12:30:48.154,2026/05/28/[$LATEST]09b41d5fd2894f389e30ae58462b1250,15.57,,85000000
2026-05-28 12:30:48.160,2026/05/28/[$LATEST]96c6e01348cf4245968782a1abd6eaeb,11.04,,85000000
2026-05-28 12:30:48.163,2026/05/28/[$LATEST]4c865db2928045c5b55b6820a532569d,2.49,,86000000
2026-05-28 12:30:48.163,2026/05/28/[$LATEST]691a822430384f5ab79537a661223d95,18.66,,85000000
2026-05-28 12:30:48.164,2026/05/28/[$LATEST]7de6c63704704001920746bd5ec85dd3,1.61,,85000000
2026-05-28 12:30:48.167,2026/05/28/[$LATEST]cfb0e958f4874281914ba0b7a1a72bef,1.79,,86000000
2026-05-28 12:30:48.168,2026/05/28/[$LATEST]15737d93c14242db96065ddfaa294dc4,1.96,,85000000
2026-05-28 12:30:48.173,2026/05/28/[$LATEST]4c865db2928045c5b55b6820a532569d,1.82,,86000000
2026-05-28 12:30:48.175,2026/05/28/[$LATEST]4f6d928700b0454089f4d3ba5806fd95,17.42,,85000000
2026-05-28 12:30:48.175,2026/05/28/[$LATEST]09b41d5fd2894f389e30ae58462b1250,1.95,,85000000
2026-05-28 12:30:48.177,2026/05/28/[$LATEST]15737d93c14242db96065ddfaa294dc4,1.45,,85000000
2026-05-28 12:30:48.181,2026/05/28/[$LATEST]cfb0e958f4874281914ba0b7a1a72bef,1.81,,86000000
2026-05-28 12:30:48.184,2026/05/28/[$LATEST]af1260d7b29a4081bdccf63925032932,2.34,,86000000
2026-05-28 12:30:48.190,2026/05/28/[$LATEST]4c865db2928045c5b55b6820a532569d,8.57,,86000000
2026-05-28 12:30:48.193,2026/05/28/[$LATEST]15737d93c14242db96065ddfaa294dc4,6.37,,85000000
2026-05-28 12:30:48.197,2026/05/28/[$LATEST]7de6c63704704001920746bd5ec85dd3,1.85,,85000000
2026-05-28 12:30:48.200,2026/05/28/[$LATEST]15737d93c14242db96065ddfaa294dc4,1.61,,85000000
2026-05-28 12:30:48.202,2026/05/28/[$LATEST]691a822430384f5ab79537a661223d95,4.55,,85000000
2026-05-28 12:30:48.203,2026/05/28/[$LATEST]af1260d7b29a4081bdccf63925032932,2.06,,86000000
2026-05-28 12:30:48.208,2026/05/28/[$LATEST]cfb0e958f4874281914ba0b7a1a72bef,2.26,,86000000
2026-05-28 12:30:48.209,2026/05/28/[$LATEST]4c865db2928045c5b55b6820a532569d,1.94,,86000000
2026-05-28 12:30:48.212,2026/05/28/[$LATEST]09b41d5fd2894f389e30ae58462b1250,4.85,,85000000
2026-05-28 12:30:48.214,2026/05/28/[$LATEST]4f6d928700b0454089f4d3ba5806fd95,14.44,,85000000
2026-05-28 12:30:48.227,2026/05/28/[$LATEST]4c865db2928045c5b55b6820a532569d,4.99,,86000000
2026-05-28 12:30:48.232,2026/05/28/[$LATEST]15737d93c14242db96065ddfaa294dc4,4.47,,85000000
2026-05-28 12:30:48.237,2026/05/28/[$LATEST]4f6d928700b0454089f4d3ba5806fd95,1.8,,85000000
2026-05-28 12:30:48.251,2026/05/28/[$LATEST]4c865db2928045c5b55b6820a532569d,2.4,,86000000
2026-05-28 12:30:48.252,2026/05/28/[$LATEST]15737d93c14242db96065ddfaa294dc4,1.64,,85000000
2026-05-28 12:30:48.255,2026/05/28/[$LATEST]2faaf80cfd9d45a1b10ad92bea2bdc23,1.59,,86000000
2026-05-28 12:30:48.256,2026/05/28/[$LATEST]09b41d5fd2894f389e30ae58462b1250,1.61,,85000000
2026-05-28 12:30:48.256,2026/05/28/[$LATEST]4f6d928700b0454089f4d3ba5806fd95,10.77,,85000000
2026-05-28 12:30:48.258,2026/05/28/[$LATEST]691a822430384f5ab79537a661223d95,1.77,,85000000
2026-05-28 12:30:48.262,2026/05/28/[$LATEST]cfb0e958f4874281914ba0b7a1a72bef,13.62,,86000000
2026-05-28 12:30:48.271,2026/05/28/[$LATEST]2faaf80cfd9d45a1b10ad92bea2bdc23,1.55,,86000000
2026-05-28 12:30:48.284,2026/05/28/[$LATEST]09b41d5fd2894f389e30ae58462b1250,1.77,,85000000
2026-05-28 12:30:48.286,2026/05/28/[$LATEST]af1260d7b29a4081bdccf63925032932,10.73,,86000000
2026-05-28 12:30:48.288,2026/05/28/[$LATEST]691a822430384f5ab79537a661223d95,4.28,,85000000
2026-05-28 12:30:48.295,2026/05/28/[$LATEST]4f6d928700b0454089f4d3ba5806fd95,20.44,,85000000
2026-05-28 12:30:48.310,2026/05/28/[$LATEST]af1260d7b29a4081bdccf63925032932,3.04,,86000000
2026-05-28 12:30:48.318,2026/05/28/[$LATEST]4f6d928700b0454089f4d3ba5806fd95,9.33,,85000000
2026-05-28 12:30:48.318,2026/05/28/[$LATEST]09b41d5fd2894f389e30ae58462b1250,1.58,,85000000
2026-05-28 12:30:48.324,2026/05/28/[$LATEST]2faaf80cfd9d45a1b10ad92bea2bdc23,5.37,,86000000
2026-05-28 12:30:48.340,2026/05/28/[$LATEST]691a822430384f5ab79537a661223d95,28.67,,85000000
2026-05-28 12:30:48.344,2026/05/28/[$LATEST]2faaf80cfd9d45a1b10ad92bea2bdc23,8.78,,86000000
2026-05-28 12:30:48.347,2026/05/28/[$LATEST]09b41d5fd2894f389e30ae58462b1250,1.72,,85000000
2026-05-28 12:30:48.350,2026/05/28/[$LATEST]cfb0e958f4874281914ba0b7a1a72bef,1.81,,86000000
2026-05-28 12:30:48.353,2026/05/28/[$LATEST]4c865db2928045c5b55b6820a532569d,3.18,,86000000
2026-05-28 12:30:48.356,2026/05/28/[$LATEST]2faaf80cfd9d45a1b10ad92bea2bdc23,1.94,,86000000
2026-05-28 12:30:48.357,2026/05/28/[$LATEST]09b41d5fd2894f389e30ae58462b1250,1.39,,85000000
2026-05-28 12:30:48.367,2026/05/28/[$LATEST]af1260d7b29a4081bdccf63925032932,21.7,,86000000
2026-05-28 12:30:48.373,2026/05/28/[$LATEST]09b41d5fd2894f389e30ae58462b1250,2.97,,85000000
2026-05-28 12:30:48.377,2026/05/28/[$LATEST]15737d93c14242db96065ddfaa294dc4,1.63,,85000000
2026-05-28 12:30:48.381,2026/05/28/[$LATEST]09b41d5fd2894f389e30ae58462b1250,1.32,,85000000
2026-05-28 12:30:48.382,2026/05/28/[$LATEST]4f6d928700b0454089f4d3ba5806fd95,1.66,,85000000
2026-05-28 12:30:48.383,2026/05/28/[$LATEST]7de6c63704704001920746bd5ec85dd3,1.71,,85000000
2026-05-28 12:30:48.392,2026/05/28/[$LATEST]2faaf80cfd9d45a1b10ad92bea2bdc23,1.54,,86000000
2026-05-28 12:30:48.392,2026/05/28/[$LATEST]af1260d7b29a4081bdccf63925032932,2.93,,86000000
2026-05-28 12:30:48.393,2026/05/28/[$LATEST]15737d93c14242db96065ddfaa294dc4,7.31,,85000000
2026-05-28 12:30:48.396,2026/05/28/[$LATEST]4f6d928700b0454089f4d3ba5806fd95,6.97,,85000000
2026-05-28 12:30:48.399,2026/05/28/[$LATEST]cfb0e958f4874281914ba0b7a1a72bef,2.09,,86000000
2026-05-28 12:30:48.400,2026/05/28/[$LATEST]4c865db2928045c5b55b6820a532569d,2.1,,86000000
2026-05-28 12:30:48.403,2026/05/28/[$LATEST]691a822430384f5ab79537a661223d95,20.37,,85000000
2026-05-28 12:30:48.403,2026/05/28/[$LATEST]2faaf80cfd9d45a1b10ad92bea2bdc23,1.4,,86000000
2026-05-28 12:30:48.419,2026/05/28/[$LATEST]4c865db2928045c5b55b6820a532569d,1.98,,86000000
2026-05-28 12:30:48.423,2026/05/28/[$LATEST]2faaf80cfd9d45a1b10ad92bea2bdc23,4.52,,86000000
2026-05-28 12:30:48.424,2026/05/28/[$LATEST]691a822430384f5ab79537a661223d95,2.51,,85000000
2026-05-28 12:30:48.441,2026/05/28/[$LATEST]4c865db2928045c5b55b6820a532569d,3.21,,86000000
2026-05-28 12:30:48.443,2026/05/28/[$LATEST]4f6d928700b0454089f4d3ba5806fd95,2.1,,85000000
2026-05-28 12:30:48.443,2026/05/28/[$LATEST]691a822430384f5ab79537a661223d95,2.39,,85000000
2026-05-28 12:30:48.444,2026/05/28/[$LATEST]2faaf80cfd9d45a1b10ad92bea2bdc23,6.33,,86000000
2026-05-28 12:30:48.445,2026/05/28/[$LATEST]7de6c63704704001920746bd5ec85dd3,1.8,,85000000
2026-05-28 12:30:48.445,2026/05/28/[$LATEST]cfb0e958f4874281914ba0b7a1a72bef,2.03,,86000000
2026-05-28 12:30:48.445,2026/05/28/[$LATEST]15737d93c14242db96065ddfaa294dc4,1.85,,85000000
2026-05-28 12:30:48.448,2026/05/28/[$LATEST]09b41d5fd2894f389e30ae58462b1250,1.59,,85000000
2026-05-28 12:30:48.451,2026/05/28/[$LATEST]96c6e01348cf4245968782a1abd6eaeb,1.95,,85000000
2026-05-28 12:30:48.453,2026/05/28/[$LATEST]15737d93c14242db96065ddfaa294dc4,2.81,,85000000
2026-05-28 12:30:48.454,2026/05/28/[$LATEST]4c865db2928045c5b55b6820a532569d,4.55,,86000000
2026-05-28 12:30:48.459,2026/05/28/[$LATEST]2faaf80cfd9d45a1b10ad92bea2bdc23,1.58,,86000000
2026-05-28 12:30:48.462,2026/05/28/[$LATEST]cfb0e958f4874281914ba0b7a1a72bef,8.16,,86000000
2026-05-28 12:30:48.467,2026/05/28/[$LATEST]af1260d7b29a4081bdccf63925032932,23.34,,86000000
2026-05-28 12:30:48.472,2026/05/28/[$LATEST]15737d93c14242db96065ddfaa294dc4,14.65,,85000000
2026-05-28 12:30:48.473,2026/05/28/[$LATEST]96c6e01348cf4245968782a1abd6eaeb,3.78,,85000000
2026-05-28 12:30:48.477,2026/05/28/[$LATEST]09b41d5fd2894f389e30ae58462b1250,1.67,,85000000
2026-05-28 12:30:48.495,2026/05/28/[$LATEST]cfb0e958f4874281914ba0b7a1a72bef,1.79,,86000000
2026-05-28 12:30:48.499,2026/05/28/[$LATEST]af1260d7b29a4081bdccf63925032932,1.92,,86000000
2026-05-28 12:30:48.506,2026/05/28/[$LATEST]09b41d5fd2894f389e30ae58462b1250,1.67,,85000000
2026-05-28 12:30:48.508,2026/05/28/[$LATEST]2faaf80cfd9d45a1b10ad92bea2bdc23,5.17,,86000000
2026-05-28 12:30:48.510,2026/05/28/[$LATEST]af1260d7b29a4081bdccf63925032932,2.35,,86000000
2026-05-28 12:30:48.510,2026/05/28/[$LATEST]5724bbfcea774384b83b606c0c42d806,2.19,,86000000
2026-05-28 12:30:48.511,2026/05/28/[$LATEST]4c865db2928045c5b55b6820a532569d,2.14,,86000000
2026-05-28 12:30:48.521,2026/05/28/[$LATEST]cfb0e958f4874281914ba0b7a1a72bef,13.76,,86000000
2026-05-28 12:30:48.526,2026/05/28/[$LATEST]09b41d5fd2894f389e30ae58462b1250,1.58,,85000000
2026-05-28 12:30:48.529,2026/05/28/[$LATEST]4c865db2928045c5b55b6820a532569d,1.76,,86000000
2026-05-28 12:30:48.530,2026/05/28/[$LATEST]5724bbfcea774384b83b606c0c42d806,7.98,,86000000
2026-05-28 12:30:48.534,2026/05/28/[$LATEST]96c6e01348cf4245968782a1abd6eaeb,1.65,,85000000
2026-05-28 12:30:48.546,2026/05/28/[$LATEST]96c6e01348cf4245968782a1abd6eaeb,1.79,,85000000
2026-05-28 12:30:48.548,2026/05/28/[$LATEST]4c865db2928045c5b55b6820a532569d,1.77,,86000000
2026-05-28 12:30:48.549,2026/05/28/[$LATEST]5724bbfcea774384b83b606c0c42d806,9.42,,86000000
2026-05-28 12:30:48.549,2026/05/28/[$LATEST]cfb0e958f4874281914ba0b7a1a72bef,1.97,,86000000
2026-05-28 12:30:48.560,2026/05/28/[$LATEST]4c865db2928045c5b55b6820a532569d,2.09,,86000000
2026-05-28 12:30:48.564,2026/05/28/[$LATEST]96c6e01348cf4245968782a1abd6eaeb,1.58,,85000000
2026-05-28 12:30:48.564,2026/05/28/[$LATEST]cfb0e958f4874281914ba0b7a1a72bef,2.08,,86000000
2026-05-28 12:30:48.567,2026/05/28/[$LATEST]af1260d7b29a4081bdccf63925032932,1.71,,86000000
2026-05-28 12:30:48.569,2026/05/28/[$LATEST]5724bbfcea774384b83b606c0c42d806,10.82,,86000000
2026-05-28 12:30:48.571,2026/05/28/[$LATEST]09b41d5fd2894f389e30ae58462b1250,1.61,,85000000
2026-05-28 12:30:48.572,2026/05/28/[$LATEST]2faaf80cfd9d45a1b10ad92bea2bdc23,1.63,,86000000
2026-05-28 12:30:48.572,2026/05/28/[$LATEST]4c865db2928045c5b55b6820a532569d,1.7,,86000000
2026-05-28 12:30:48.577,2026/05/28/[$LATEST]15737d93c14242db96065ddfaa294dc4,1.92,,85000000
2026-05-28 12:30:48.579,2026/05/28/[$LATEST]96c6e01348cf4245968782a1abd6eaeb,1.62,,85000000
2026-05-28 12:30:48.580,2026/05/28/[$LATEST]09b41d5fd2894f389e30ae58462b1250,1.78,,85000000
2026-05-28 12:30:48.587,2026/05/28/[$LATEST]5724bbfcea774384b83b606c0c42d806,1.84,,86000000
2026-05-28 12:30:48.594,2026/05/28/[$LATEST]09b41d5fd2894f389e30ae58462b1250,5.18,,85000000
2026-05-28 12:30:48.597,2026/05/28/[$LATEST]4c865db2928045c5b55b6820a532569d,16.36,,86000000
2026-05-28 12:30:48.599,2026/05/28/[$LATEST]96c6e01348cf4245968782a1abd6eaeb,2.03,,85000000
2026-05-28 12:30:48.601,2026/05/28/[$LATEST]5724bbfcea774384b83b606c0c42d806,1.94,,86000000
2026-05-28 12:30:48.606,2026/05/28/[$LATEST]15737d93c14242db96065ddfaa294dc4,1.62,,85000000
2026-05-28 12:30:48.613,2026/05/28/[$LATEST]5724bbfcea774384b83b606c0c42d806,1.93,,86000000
2026-05-28 12:30:48.615,2026/05/28/[$LATEST]09b41d5fd2894f389e30ae58462b1250,1.48,,85000000
2026-05-28 12:30:48.621,2026/05/28/[$LATEST]15737d93c14242db96065ddfaa294dc4,1.57,,85000000
2026-05-28 12:30:48.634,2026/05/28/[$LATEST]09b41d5fd2894f389e30ae58462b1250,11.04,,85000000
2026-05-28 12:30:48.634,2026/05/28/[$LATEST]15737d93c14242db96065ddfaa294dc4,1.67,,85000000
2026-05-28 12:30:48.638,2026/05/28/[$LATEST]96c6e01348cf4245968782a1abd6eaeb,1.78,,85000000
2026-05-28 12:30:48.639,2026/05/28/[$LATEST]5724bbfcea774384b83b606c0c42d806,2.15,,86000000
2026-05-28 12:30:48.644,2026/05/28/[$LATEST]4c865db2928045c5b55b6820a532569d,5.04,,86000000
2026-05-28 12:30:48.645,2026/05/28/[$LATEST]96c6e01348cf4245968782a1abd6eaeb,1.37,,85000000
2026-05-28 12:30:48.651,2026/05/28/[$LATEST]7de6c63704704001920746bd5ec85dd3,1.68,,85000000
2026-05-28 12:30:48.652,2026/05/28/[$LATEST]691a822430384f5ab79537a661223d95,1.77,,85000000
2026-05-28 12:30:48.653,2026/05/28/[$LATEST]09b41d5fd2894f389e30ae58462b1250,3.88,,85000000
2026-05-28 12:30:48.653,2026/05/28/[$LATEST]15737d93c14242db96065ddfaa294dc4,4.08,,85000000
2026-05-28 12:30:48.655,2026/05/28/[$LATEST]4c865db2928045c5b55b6820a532569d,1.94,,86000000
2026-05-28 12:30:48.658,2026/05/28/[$LATEST]7de6c63704704001920746bd5ec85dd3,1.36,,85000000
2026-05-28 12:30:48.660,2026/05/28/[$LATEST]96c6e01348cf4245968782a1abd6eaeb,1.6,,85000000
2026-05-28 12:30:48.662,2026/05/28/[$LATEST]691a822430384f5ab79537a661223d95,2.01,,85000000
2026-05-28 12:30:48.671,2026/05/28/[$LATEST]5724bbfcea774384b83b606c0c42d806,2.07,,86000000
2026-05-28 12:30:48.680,2026/05/28/[$LATEST]4c865db2928045c5b55b6820a532569d,6,,86000000
2026-05-28 12:30:48.681,2026/05/28/[$LATEST]96c6e01348cf4245968782a1abd6eaeb,1.7,,85000000
2026-05-28 12:30:48.682,2026/05/28/[$LATEST]691a822430384f5ab79537a661223d95,1.85,,85000000
2026-05-28 12:30:48.687,2026/05/28/[$LATEST]7de6c63704704001920746bd5ec85dd3,1.83,,85000000
2026-05-28 12:30:48.690,2026/05/28/[$LATEST]5724bbfcea774384b83b606c0c42d806,10.35,,86000000
2026-05-28 12:30:48.691,2026/05/28/[$LATEST]2faaf80cfd9d45a1b10ad92bea2bdc23,1.67,,86000000
2026-05-28 12:30:48.696,2026/05/28/[$LATEST]7de6c63704704001920746bd5ec85dd3,1.37,,85000000
2026-05-28 12:30:48.697,2026/05/28/[$LATEST]4c865db2928045c5b55b6820a532569d,1.94,,86000000
2026-05-28 12:30:48.712,2026/05/28/[$LATEST]4c865db2928045c5b55b6820a532569d,1.73,,86000000
2026-05-28 12:30:48.714,2026/05/28/[$LATEST]7de6c63704704001920746bd5ec85dd3,3.79,,85000000
2026-05-28 12:30:48.720,2026/05/28/[$LATEST]691a822430384f5ab79537a661223d95,1.81,,85000000
2026-05-28 12:30:48.730,2026/05/28/[$LATEST]4c865db2928045c5b55b6820a532569d,4.82,,86000000
2026-05-28 12:30:48.749,2026/05/28/[$LATEST]4c865db2928045c5b55b6820a532569d,1.93,,86000000
2026-05-28 12:30:48.767,2026/05/28/[$LATEST]691a822430384f5ab79537a661223d95,1.93,,85000000
2026-05-28 12:30:48.770,2026/05/28/[$LATEST]4c865db2928045c5b55b6820a532569d,7.72,,86000000
2026-05-28 12:30:48.771,2026/05/28/[$LATEST]5724bbfcea774384b83b606c0c42d806,2.23,,86000000
2026-05-28 12:30:48.780,2026/05/28/[$LATEST]7de6c63704704001920746bd5ec85dd3,1.55,,85000000
2026-05-28 12:30:48.782,2026/05/28/[$LATEST]691a822430384f5ab79537a661223d95,3.69,,85000000
2026-05-28 12:30:48.784,2026/05/28/[$LATEST]2faaf80cfd9d45a1b10ad92bea2bdc23,18,,86000000
2026-05-28 12:30:48.789,2026/05/28/[$LATEST]5724bbfcea774384b83b606c0c42d806,5.85,,86000000
2026-05-28 12:30:48.793,2026/05/28/[$LATEST]4c865db2928045c5b55b6820a532569d,14.21,,86000000
2026-05-28 12:30:48.795,2026/05/28/[$LATEST]7de6c63704704001920746bd5ec85dd3,8.52,,85000000
2026-05-28 12:30:48.798,2026/05/28/[$LATEST]96c6e01348cf4245968782a1abd6eaeb,1.63,,85000000
2026-05-28 12:30:48.801,2026/05/28/[$LATEST]2faaf80cfd9d45a1b10ad92bea2bdc23,1.78,,86000000
2026-05-28 12:30:48.801,2026/05/28/[$LATEST]691a822430384f5ab79537a661223d95,8.04,,85000000
2026-05-28 12:30:48.806,2026/05/28/[$LATEST]96c6e01348cf4245968782a1abd6eaeb,1.55,,85000000
2026-05-28 12:30:48.810,2026/05/28/[$LATEST]5724bbfcea774384b83b606c0c42d806,2.3,,86000000
2026-05-28 12:30:48.814,2026/05/28/[$LATEST]2faaf80cfd9d45a1b10ad92bea2bdc23,1.47,,86000000
2026-05-28 12:30:48.833,2026/05/28/[$LATEST]2faaf80cfd9d45a1b10ad92bea2bdc23,1.67,,86000000
2026-05-28 12:30:48.840,2026/05/28/[$LATEST]96c6e01348cf4245968782a1abd6eaeb,1.79,,85000000
2026-05-28 12:30:48.849,2026/05/28/[$LATEST]96c6e01348cf4245968782a1abd6eaeb,1.65,,85000000
2026-05-28 12:30:48.860,2026/05/28/[$LATEST]2faaf80cfd9d45a1b10ad92bea2bdc23,1.71,,86000000
2026-05-28 12:30:48.864,2026/05/28/[$LATEST]96c6e01348cf4245968782a1abd6eaeb,1.72,,85000000
2026-05-28 12:30:48.868,2026/05/28/[$LATEST]2faaf80cfd9d45a1b10ad92bea2bdc23,1.81,,86000000
2026-05-28 12:30:48.872,2026/05/28/[$LATEST]5724bbfcea774384b83b606c0c42d806,6.4,,86000000
2026-05-28 12:30:48.874,2026/05/28/[$LATEST]4c865db2928045c5b55b6820a532569d,1.82,,86000000
2026-05-28 12:30:48.880,2026/05/28/[$LATEST]af1260d7b29a4081bdccf63925032932,1.75,,86000000
2026-05-28 12:30:48.880,2026/05/28/[$LATEST]96c6e01348cf4245968782a1abd6eaeb,1.71,,85000000
2026-05-28 12:30:48.882,2026/05/28/[$LATEST]691a822430384f5ab79537a661223d95,2.27,,85000000
2026-05-28 12:30:48.884,2026/05/28/[$LATEST]2faaf80cfd9d45a1b10ad92bea2bdc23,8.11,,86000000
2026-05-28 12:30:48.889,2026/05/28/[$LATEST]5724bbfcea774384b83b606c0c42d806,7.49,,86000000
2026-05-28 12:30:48.890,2026/05/28/[$LATEST]4c865db2928045c5b55b6820a532569d,7.84,,86000000
2026-05-28 12:30:48.893,2026/05/28/[$LATEST]cfb0e958f4874281914ba0b7a1a72bef,2.12,,86000000
2026-05-28 12:30:48.906,2026/05/28/[$LATEST]691a822430384f5ab79537a661223d95,1.91,,85000000
2026-05-28 12:30:48.908,2026/05/28/[$LATEST]cfb0e958f4874281914ba0b7a1a72bef,1.91,,86000000
2026-05-28 12:30:48.909,2026/05/28/[$LATEST]af1260d7b29a4081bdccf63925032932,12.95,,86000000
2026-05-28 12:30:48.910,2026/05/28/[$LATEST]5724bbfcea774384b83b606c0c42d806,3.42,,86000000
2026-05-28 12:30:48.910,2026/05/28/[$LATEST]96c6e01348cf4245968782a1abd6eaeb,1.78,,85000000
2026-05-28 12:30:48.910,2026/05/28/[$LATEST]4c865db2928045c5b55b6820a532569d,13.06,,86000000
2026-05-28 12:30:48.911,2026/05/28/[$LATEST]7de6c63704704001920746bd5ec85dd3,1.82,,85000000
2026-05-28 12:30:48.914,2026/05/28/[$LATEST]5989da090f7445fcb92f7c32ee76dd46,1.68,,86000000
2026-05-28 12:30:48.914,2026/05/28/[$LATEST]2faaf80cfd9d45a1b10ad92bea2bdc23,1.59,,86000000
2026-05-28 12:30:48.924,2026/05/28/[$LATEST]96c6e01348cf4245968782a1abd6eaeb,1.67,,85000000
2026-05-28 12:30:48.926,2026/05/28/[$LATEST]7de6c63704704001920746bd5ec85dd3,1.7,,85000000
2026-05-28 12:30:48.930,2026/05/28/[$LATEST]691a822430384f5ab79537a661223d95,1.77,,85000000
2026-05-28 12:30:48.930,2026/05/28/[$LATEST]4c865db2928045c5b55b6820a532569d,11.34,,86000000
2026-05-28 12:30:48.941,2026/05/28/[$LATEST]691a822430384f5ab79537a661223d95,2.15,,85000000
2026-05-28 12:30:48.943,2026/05/28/[$LATEST]5989da090f7445fcb92f7c32ee76dd46,1.75,,86000000
2026-05-28 12:30:48.950,2026/05/28/[$LATEST]4c865db2928045c5b55b6820a532569d,12.34,,86000000
2026-05-28 12:30:48.952,2026/05/28/[$LATEST]2faaf80cfd9d45a1b10ad92bea2bdc23,1.58,,86000000
2026-05-28 12:30:48.952,2026/05/28/[$LATEST]5724bbfcea774384b83b606c0c42d806,4.46,,86000000
2026-05-28 12:30:48.956,2026/05/28/[$LATEST]7de6c63704704001920746bd5ec85dd3,1.56,,85000000
2026-05-28 12:30:48.961,2026/05/28/[$LATEST]691a822430384f5ab79537a661223d95,7.62,,85000000
2026-05-28 12:30:48.969,2026/05/28/[$LATEST]2faaf80cfd9d45a1b10ad92bea2bdc23,1.71,,86000000
2026-05-28 12:30:48.971,2026/05/28/[$LATEST]5724bbfcea774384b83b606c0c42d806,2.2,,86000000
2026-05-28 12:30:48.975,2026/05/28/[$LATEST]7de6c63704704001920746bd5ec85dd3,8.44,,85000000
2026-05-28 12:30:48.982,2026/05/28/[$LATEST]691a822430384f5ab79537a661223d95,2.97,,85000000
2026-05-28 12:30:48.989,2026/05/28/[$LATEST]5724bbfcea774384b83b606c0c42d806,2,,86000000
2026-05-28 12:30:48.989,2026/05/28/[$LATEST]4c865db2928045c5b55b6820a532569d,5.01,,86000000
2026-05-28 12:30:48.989,2026/05/28/[$LATEST]96c6e01348cf4245968782a1abd6eaeb,1.74,,85000000
2026-05-28 12:30:48.994,2026/05/28/[$LATEST]2faaf80cfd9d45a1b10ad92bea2bdc23,1.62,,86000000
2026-05-28 12:30:48.995,2026/05/28/[$LATEST]7de6c63704704001920746bd5ec85dd3,15.12,,85000000
2026-05-28 12:30:48.998,2026/05/28/[$LATEST]5989da090f7445fcb92f7c32ee76dd46,1.7,,86000000
2026-05-28 12:30:49.000,2026/05/28/[$LATEST]96c6e01348cf4245968782a1abd6eaeb,1.71,,85000000
2026-05-28 12:30:49.001,2026/05/28/[$LATEST]691a822430384f5ab79537a661223d95,10.73,,85000000
2026-05-28 12:30:49.015,2026/05/28/[$LATEST]7de6c63704704001920746bd5ec85dd3,12,,85000000
2026-05-28 12:30:49.017,2026/05/28/[$LATEST]09b41d5fd2894f389e30ae58462b1250,1.62,,85000000
2026-05-28 12:30:49.019,2026/05/28/[$LATEST]96c6e01348cf4245968782a1abd6eaeb,1.77,,85000000
2026-05-28 12:30:49.020,2026/05/28/[$LATEST]691a822430384f5ab79537a661223d95,1.77,,85000000
2026-05-28 12:30:49.027,2026/05/28/[$LATEST]5989da090f7445fcb92f7c32ee76dd46,1.85,,86000000
2026-05-28 12:30:49.028,2026/05/28/[$LATEST]2faaf80cfd9d45a1b10ad92bea2bdc23,1.73,,86000000
2026-05-28 12:30:49.030,2026/05/28/[$LATEST]96c6e01348cf4245968782a1abd6eaeb,1.98,,85000000
2026-05-28 12:30:49.033,2026/05/28/[$LATEST]7de6c63704704001920746bd5ec85dd3,1.41,,85000000
2026-05-28 12:30:49.039,2026/05/28/[$LATEST]4c865db2928045c5b55b6820a532569d,1.84,,86000000
2026-05-28 12:30:49.039,2026/05/28/[$LATEST]5989da090f7445fcb92f7c32ee76dd46,6.01,,86000000
2026-05-28 12:30:49.040,2026/05/28/[$LATEST]5724bbfcea774384b83b606c0c42d806,2.33,,86000000
2026-05-28 12:30:49.041,2026/05/28/[$LATEST]691a822430384f5ab79537a661223d95,7.91,,85000000
2026-05-28 12:30:49.042,2026/05/28/[$LATEST]7de6c63704704001920746bd5ec85dd3,1.7,,85000000
2026-05-28 12:30:49.044,2026/05/28/[$LATEST]2faaf80cfd9d45a1b10ad92bea2bdc23,9.01,,86000000
2026-05-28 12:30:49.050,2026/05/28/[$LATEST]5724bbfcea774384b83b606c0c42d806,1.96,,86000000
2026-05-28 12:30:49.067,2026/05/28/[$LATEST]2faaf80cfd9d45a1b10ad92bea2bdc23,9.91,,86000000
2026-05-28 12:30:49.069,2026/05/28/[$LATEST]5724bbfcea774384b83b606c0c42d806,11.15,,86000000
2026-05-28 12:30:49.073,2026/05/28/[$LATEST]4c865db2928045c5b55b6820a532569d,1.79,,86000000
2026-05-28 12:30:49.091,2026/05/28/[$LATEST]7de6c63704704001920746bd5ec85dd3,1.7,,85000000
2026-05-28 12:30:49.095,2026/05/28/[$LATEST]96c6e01348cf4245968782a1abd6eaeb,1.7,,85000000
2026-05-28 12:30:49.098,2026/05/28/[$LATEST]7de6c63704704001920746bd5ec85dd3,1.51,,85000000
2026-05-28 12:30:49.102,2026/05/28/[$LATEST]2faaf80cfd9d45a1b10ad92bea2bdc23,1.9,,86000000
2026-05-28 12:30:49.102,2026/05/28/[$LATEST]5724bbfcea774384b83b606c0c42d806,1.92,,86000000
2026-05-28 12:30:49.103,2026/05/28/[$LATEST]5989da090f7445fcb92f7c32ee76dd46,1.99,,86000000
2026-05-28 12:30:49.104,2026/05/28/[$LATEST]4c865db2928045c5b55b6820a532569d,1.79,,86000000
2026-05-28 12:30:49.112,2026/05/28/[$LATEST]96c6e01348cf4245968782a1abd6eaeb,1.89,,85000000
2026-05-28 12:30:49.115,2026/05/28/[$LATEST]7de6c63704704001920746bd5ec85dd3,10.25,,85000000
2026-05-28 12:30:49.116,2026/05/28/[$LATEST]4c865db2928045c5b55b6820a532569d,1.87,,86000000
2026-05-28 12:30:49.117,2026/05/28/[$LATEST]15737d93c14242db96065ddfaa294dc4,1.89,,85000000
2026-05-28 12:30:49.119,2026/05/28/[$LATEST]5989da090f7445fcb92f7c32ee76dd46,9.77,,86000000
2026-05-28 12:30:49.119,2026/05/28/[$LATEST]5724bbfcea774384b83b606c0c42d806,1.95,,86000000
2026-05-28 12:30:49.119,2026/05/28/[$LATEST]09b41d5fd2894f389e30ae58462b1250,1.74,,85000000
2026-05-28 12:30:49.123,2026/05/28/[$LATEST]691a822430384f5ab79537a661223d95,2.28,,85000000
2026-05-28 12:30:49.127,2026/05/28/[$LATEST]af1260d7b29a4081bdccf63925032932,14.71,,86000000
2026-05-28 12:30:49.128,2026/05/28/[$LATEST]2faaf80cfd9d45a1b10ad92bea2bdc23,1.69,,86000000
2026-05-28 12:30:49.133,2026/05/28/[$LATEST]15737d93c14242db96065ddfaa294dc4,8.66,,85000000
2026-05-28 12:30:49.134,2026/05/28/[$LATEST]09b41d5fd2894f389e30ae58462b1250,9.58,,85000000
2026-05-28 12:30:49.139,2026/05/28/[$LATEST]5989da090f7445fcb92f7c32ee76dd46,11.6,,86000000
2026-05-28 12:30:49.142,2026/05/28/[$LATEST]5724bbfcea774384b83b606c0c42d806,4.35,,86000000
2026-05-28 12:30:49.144,2026/05/28/[$LATEST]2faaf80cfd9d45a1b10ad92bea2bdc23,7.93,,86000000
2026-05-28 12:30:49.146,2026/05/28/[$LATEST]691a822430384f5ab79537a661223d95,2.09,,85000000
2026-05-28 12:30:49.151,2026/05/28/[$LATEST]4c865db2928045c5b55b6820a532569d,3.57,,86000000
2026-05-28 12:30:49.153,2026/05/28/[$LATEST]af1260d7b29a4081bdccf63925032932,13.25,,86000000
2026-05-28 12:30:49.153,2026/05/28/[$LATEST]15737d93c14242db96065ddfaa294dc4,4.55,,85000000
2026-05-28 12:30:49.155,2026/05/28/[$LATEST]09b41d5fd2894f389e30ae58462b1250,1.62,,85000000
2026-05-28 12:30:49.157,2026/05/28/[$LATEST]5724bbfcea774384b83b606c0c42d806,2.06,,86000000
2026-05-28 12:30:49.160,2026/05/28/[$LATEST]2faaf80cfd9d45a1b10ad92bea2bdc23,1.62,,86000000
2026-05-28 12:30:49.163,2026/05/28/[$LATEST]691a822430384f5ab79537a661223d95,2.24,,85000000
2026-05-28 12:30:49.172,2026/05/28/[$LATEST]2faaf80cfd9d45a1b10ad92bea2bdc23,1.61,,86000000
2026-05-28 12:30:49.174,2026/05/28/[$LATEST]5724bbfcea774384b83b606c0c42d806,1.89,,86000000
2026-05-28 12:30:49.175,2026/05/28/[$LATEST]09b41d5fd2894f389e30ae58462b1250,2.06,,85000000
2026-05-28 12:30:49.180,2026/05/28/[$LATEST]15737d93c14242db96065ddfaa294dc4,1.73,,85000000
2026-05-28 12:30:49.181,2026/05/28/[$LATEST]7de6c63704704001920746bd5ec85dd3,1.52,,85000000
2026-05-28 12:30:49.182,2026/05/28/[$LATEST]691a822430384f5ab79537a661223d95,3.98,,85000000
2026-05-28 12:30:49.189,2026/05/28/[$LATEST]5724bbfcea774384b83b606c0c42d806,4.47,,86000000
2026-05-28 12:30:49.193,2026/05/28/[$LATEST]2faaf80cfd9d45a1b10ad92bea2bdc23,1.75,,86000000
2026-05-28 12:30:49.196,2026/05/28/[$LATEST]4c865db2928045c5b55b6820a532569d,1.99,,86000000
2026-05-28 12:30:49.198,2026/05/28/[$LATEST]af1260d7b29a4081bdccf63925032932,2.25,,86000000
2026-05-28 12:30:49.202,2026/05/28/[$LATEST]691a822430384f5ab79537a661223d95,8.4,,85000000
2026-05-28 12:30:49.205,2026/05/28/[$LATEST]2faaf80cfd9d45a1b10ad92bea2bdc23,6.15,,86000000
2026-05-28 12:30:49.216,2026/05/28/[$LATEST]7de6c63704704001920746bd5ec85dd3,1.57,,85000000
2026-05-28 12:30:49.221,2026/05/28/[$LATEST]691a822430384f5ab79537a661223d95,11.64,,85000000
2026-05-28 12:30:49.229,2026/05/28/[$LATEST]5724bbfcea774384b83b606c0c42d806,29.38,,86000000
2026-05-28 12:30:49.231,2026/05/28/[$LATEST]2faaf80cfd9d45a1b10ad92bea2bdc23,1.66,,86000000
2026-05-28 12:30:49.235,2026/05/28/[$LATEST]15737d93c14242db96065ddfaa294dc4,1.57,,85000000
2026-05-28 12:30:49.235,2026/05/28/[$LATEST]7de6c63704704001920746bd5ec85dd3,10.24,,85000000
2026-05-28 12:30:49.237,2026/05/28/[$LATEST]af1260d7b29a4081bdccf63925032932,2.01,,86000000
2026-05-28 12:30:49.243,2026/05/28/[$LATEST]7de6c63704704001920746bd5ec85dd3,1.78,,85000000
2026-05-28 12:30:49.247,2026/05/28/[$LATEST]691a822430384f5ab79537a661223d95,5.95,,85000000
2026-05-28 12:30:49.252,2026/05/28/[$LATEST]09b41d5fd2894f389e30ae58462b1250,1.85,,85000000
2026-05-28 12:30:49.253,2026/05/28/[$LATEST]15737d93c14242db96065ddfaa294dc4,12.38,,85000000
2026-05-28 12:30:49.256,2026/05/28/[$LATEST]7de6c63704704001920746bd5ec85dd3,1.39,,85000000
2026-05-28 12:30:49.259,2026/05/28/[$LATEST]af1260d7b29a4081bdccf63925032932,1.66,,86000000
2026-05-28 12:30:49.260,2026/05/28/[$LATEST]2faaf80cfd9d45a1b10ad92bea2bdc23,1.63,,86000000
2026-05-28 12:30:49.262,2026/05/28/[$LATEST]691a822430384f5ab79537a661223d95,5.05,,85000000
2026-05-28 12:30:49.267,2026/05/28/[$LATEST]5724bbfcea774384b83b606c0c42d806,1.8,,86000000
2026-05-28 12:30:49.279,2026/05/28/[$LATEST]7de6c63704704001920746bd5ec85dd3,1.53,,85000000
2026-05-28 12:30:49.282,2026/05/28/[$LATEST]15737d93c14242db96065ddfaa294dc4,1.87,,85000000
2026-05-28 12:30:49.283,2026/05/28/[$LATEST]09b41d5fd2894f389e30ae58462b1250,1.67,,85000000
2026-05-28 12:30:49.283,2026/05/28/[$LATEST]691a822430384f5ab79537a661223d95,2.38,,85000000
2026-05-28 12:30:49.296,2026/05/28/[$LATEST]2faaf80cfd9d45a1b10ad92bea2bdc23,1.59,,86000000
2026-05-28 12:30:49.298,2026/05/28/[$LATEST]af1260d7b29a4081bdccf63925032932,2.36,,86000000
2026-05-28 12:30:49.299,2026/05/28/[$LATEST]4c865db2928045c5b55b6820a532569d,1.85,,86000000
2026-05-28 12:30:49.300,2026/05/28/[$LATEST]09b41d5fd2894f389e30ae58462b1250,1.56,,85000000
2026-05-28 12:30:49.303,2026/05/28/[$LATEST]691a822430384f5ab79537a661223d95,8.24,,85000000
2026-05-28 12:30:49.304,2026/05/28/[$LATEST]2faaf80cfd9d45a1b10ad92bea2bdc23,1.74,,86000000
2026-05-28 12:30:49.308,2026/05/28/[$LATEST]5724bbfcea774384b83b606c0c42d806,21.46,,86000000
2026-05-28 12:30:49.314,2026/05/28/[$LATEST]09b41d5fd2894f389e30ae58462b1250,1.56,,85000000
2026-05-28 12:30:49.315,2026/05/28/[$LATEST]15737d93c14242db96065ddfaa294dc4,1.68,,85000000
2026-05-28 12:30:49.322,2026/05/28/[$LATEST]691a822430384f5ab79537a661223d95,10.26,,85000000
2026-05-28 12:30:49.328,2026/05/28/[$LATEST]5724bbfcea774384b83b606c0c42d806,4.33,,86000000
2026-05-28 12:30:49.329,2026/05/28/[$LATEST]2faaf80cfd9d45a1b10ad92bea2bdc23,1.81,,86000000
2026-05-28 12:30:49.333,2026/05/28/[$LATEST]15737d93c14242db96065ddfaa294dc4,10.23,,85000000
2026-05-28 12:30:49.337,2026/05/28/[$LATEST]09b41d5fd2894f389e30ae58462b1250,1.6,,85000000
2026-05-28 12:30:49.340,2026/05/28/[$LATEST]4c865db2928045c5b55b6820a532569d,2.45,,86000000
2026-05-28 12:30:49.342,2026/05/28/[$LATEST]af1260d7b29a4081bdccf63925032932,1.64,,86000000
2026-05-28 12:30:49.343,2026/05/28/[$LATEST]691a822430384f5ab79537a661223d95,2.06,,85000000
2026-05-28 12:30:49.344,2026/05/28/[$LATEST]2faaf80cfd9d45a1b10ad92bea2bdc23,3.29,,86000000
2026-05-28 12:30:49.345,2026/05/28/[$LATEST]5989da090f7445fcb92f7c32ee76dd46,1.66,,86000000
2026-05-28 12:30:49.348,2026/05/28/[$LATEST]5724bbfcea774384b83b606c0c42d806,5.58,,86000000
2026-05-28 12:30:49.353,2026/05/28/[$LATEST]15737d93c14242db96065ddfaa294dc4,12.42,,85000000
2026-05-28 12:30:49.354,2026/05/28/[$LATEST]7de6c63704704001920746bd5ec85dd3,1.71,,85000000
2026-05-28 12:30:49.354,2026/05/28/[$LATEST]09b41d5fd2894f389e30ae58462b1250,9.74,,85000000
2026-05-28 12:30:49.363,2026/05/28/[$LATEST]691a822430384f5ab79537a661223d95,1.83,,85000000
2026-05-28 12:30:49.365,2026/05/28/[$LATEST]5724bbfcea774384b83b606c0c42d806,2.28,,86000000
2026-05-28 12:30:49.367,2026/05/28/[$LATEST]7de6c63704704001920746bd5ec85dd3,1.54,,85000000
2026-05-28 12:30:49.367,2026/05/28/[$LATEST]5989da090f7445fcb92f7c32ee76dd46,2.05,,86000000
2026-05-28 12:30:49.373,2026/05/28/[$LATEST]4c865db2928045c5b55b6820a532569d,1.91,,86000000
2026-05-28 12:30:49.374,2026/05/28/[$LATEST]7de6c63704704001920746bd5ec85dd3,2.38,,85000000
2026-05-28 12:30:49.379,2026/05/28/[$LATEST]5989da090f7445fcb92f7c32ee76dd46,4.5,,86000000
2026-05-28 12:30:49.380,2026/05/28/[$LATEST]5724bbfcea774384b83b606c0c42d806,1.87,,86000000
2026-05-28 12:30:49.381,2026/05/28/[$LATEST]2faaf80cfd9d45a1b10ad92bea2bdc23,1.68,,86000000
2026-05-28 12:30:49.382,2026/05/28/[$LATEST]7de6c63704704001920746bd5ec85dd3,1.36,,85000000
2026-05-28 12:30:49.386,2026/05/28/[$LATEST]691a822430384f5ab79537a661223d95,2.02,,85000000
2026-05-28 12:30:49.388,2026/05/28/[$LATEST]15737d93c14242db96065ddfaa294dc4,1.72,,85000000
2026-05-28 12:30:49.388,2026/05/28/[$LATEST]09b41d5fd2894f389e30ae58462b1250,1.59,,85000000
2026-05-28 12:30:49.389,2026/05/28/[$LATEST]2faaf80cfd9d45a1b10ad92bea2bdc23,1.61,,86000000
2026-05-28 12:30:49.389,2026/05/28/[$LATEST]5724bbfcea774384b83b606c0c42d806,2.13,,86000000
2026-05-28 12:30:49.390,2026/05/28/[$LATEST]4c865db2928045c5b55b6820a532569d,4.89,,86000000
2026-05-28 12:30:49.391,2026/05/28/[$LATEST]96c6e01348cf4245968782a1abd6eaeb,2.11,,85000000
2026-05-28 12:30:49.393,2026/05/28/[$LATEST]4f6d928700b0454089f4d3ba5806fd95,1.93,,85000000
2026-05-28 12:30:49.396,2026/05/28/[$LATEST]7de6c63704704001920746bd5ec85dd3,1.44,,85000000
2026-05-28 12:30:49.403,2026/05/28/[$LATEST]2faaf80cfd9d45a1b10ad92bea2bdc23,1.52,,86000000
2026-05-28 12:30:49.404,2026/05/28/[$LATEST]5989da090f7445fcb92f7c32ee76dd46,1.72,,86000000
2026-05-28 12:30:49.407,2026/05/28/[$LATEST]5724bbfcea774384b83b606c0c42d806,2.09,,86000000
2026-05-28 12:30:49.409,2026/05/28/[$LATEST]af1260d7b29a4081bdccf63925032932,1.55,,86000000
2026-05-28 12:30:49.410,2026/05/28/[$LATEST]4c865db2928045c5b55b6820a532569d,11.97,,86000000
2026-05-28 12:30:49.415,2026/05/28/[$LATEST]7de6c63704704001920746bd5ec85dd3,13.31,,85000000
2026-05-28 12:30:49.416,2026/05/28/[$LATEST]2faaf80cfd9d45a1b10ad92bea2bdc23,1.75,,86000000
2026-05-28 12:30:49.416,2026/05/28/[$LATEST]5724bbfcea774384b83b606c0c42d806,1.97,,86000000
2026-05-28 12:30:49.419,2026/05/28/[$LATEST]5989da090f7445fcb92f7c32ee76dd46,9.03,,86000000
2026-05-28 12:30:49.427,2026/05/28/[$LATEST]af1260d7b29a4081bdccf63925032932,5.95,,86000000
2026-05-28 12:30:49.428,2026/05/28/[$LATEST]5724bbfcea774384b83b606c0c42d806,6.33,,86000000
2026-05-28 12:30:49.430,2026/05/28/[$LATEST]4c865db2928045c5b55b6820a532569d,14.32,,86000000
2026-05-28 12:30:49.432,2026/05/28/[$LATEST]4f6d928700b0454089f4d3ba5806fd95,2.42,,85000000
2026-05-28 12:30:49.436,2026/05/28/[$LATEST]96c6e01348cf4245968782a1abd6eaeb,1.97,,85000000
2026-05-28 12:30:49.436,2026/05/28/[$LATEST]7de6c63704704001920746bd5ec85dd3,1.7,,85000000
2026-05-28 12:30:49.436,2026/05/28/[$LATEST]09b41d5fd2894f389e30ae58462b1250,1.77,,85000000
2026-05-28 12:30:49.439,2026/05/28/[$LATEST]5989da090f7445fcb92f7c32ee76dd46,12.52,,86000000
2026-05-28 12:30:49.452,2026/05/28/[$LATEST]4c865db2928045c5b55b6820a532569d,1.75,,86000000
2026-05-28 12:30:49.454,2026/05/28/[$LATEST]5724bbfcea774384b83b606c0c42d806,1.78,,86000000
2026-05-28 12:30:49.458,2026/05/28/[$LATEST]5989da090f7445fcb92f7c32ee76dd46,6.71,,86000000
2026-05-28 12:30:49.462,2026/05/28/[$LATEST]96c6e01348cf4245968782a1abd6eaeb,2.45,,85000000
2026-05-28 12:30:49.469,2026/05/28/[$LATEST]5724bbfcea774384b83b606c0c42d806,8.48,,86000000
2026-05-28 12:30:49.474,2026/05/28/[$LATEST]5989da090f7445fcb92f7c32ee76dd46,1.79,,86000000
2026-05-28 12:30:49.489,2026/05/28/[$LATEST]96c6e01348cf4245968782a1abd6eaeb,2.93,,85000000
2026-05-28 12:30:49.490,2026/05/28/[$LATEST]5989da090f7445fcb92f7c32ee76dd46,1.72,,86000000
2026-05-28 12:30:49.492,2026/05/28/[$LATEST]5724bbfcea774384b83b606c0c42d806,2.29,,86000000
2026-05-28 12:30:49.498,2026/05/28/[$LATEST]4c865db2928045c5b55b6820a532569d,2.17,,86000000
2026-05-28 12:30:49.504,2026/05/28/[$LATEST]5989da090f7445fcb92f7c32ee76dd46,1.62,,86000000
2026-05-28 12:30:49.519,2026/05/28/[$LATEST]5989da090f7445fcb92f7c32ee76dd46,7.55,,86000000
2026-05-28 12:30:49.522,2026/05/28/[$LATEST]4c865db2928045c5b55b6820a532569d,2.18,,86000000
2026-05-28 12:30:49.525,2026/05/28/[$LATEST]96c6e01348cf4245968782a1abd6eaeb,11.01,,85000000
2026-05-28 12:30:49.526,2026/05/28/[$LATEST]2faaf80cfd9d45a1b10ad92bea2bdc23,1.68,,86000000
2026-05-28 12:30:49.526,2026/05/28/[$LATEST]cfb0e958f4874281914ba0b7a1a72bef,1.97,,86000000
2026-05-28 12:30:49.529,2026/05/28/[$LATEST]5724bbfcea774384b83b606c0c42d806,31.8,,86000000
2026-05-28 12:30:49.539,2026/05/28/[$LATEST]5989da090f7445fcb92f7c32ee76dd46,1.65,,86000000
2026-05-28 12:30:49.541,2026/05/28/[$LATEST]cfb0e958f4874281914ba0b7a1a72bef,7.06,,86000000
2026-05-28 12:30:49.547,2026/05/28/[$LATEST]09b41d5fd2894f389e30ae58462b1250,1.83,,85000000
2026-05-28 12:30:49.549,2026/05/28/[$LATEST]7de6c63704704001920746bd5ec85dd3,1.73,,85000000
2026-05-28 12:30:49.549,2026/05/28/[$LATEST]96c6e01348cf4245968782a1abd6eaeb,3.25,,85000000
2026-05-28 12:30:49.551,2026/05/28/[$LATEST]5724bbfcea774384b83b606c0c42d806,2.08,,86000000
2026-05-28 12:30:49.552,2026/05/28/[$LATEST]4f6d928700b0454089f4d3ba5806fd95,1.81,,85000000
2026-05-28 12:30:49.563,2026/05/28/[$LATEST]96c6e01348cf4245968782a1abd6eaeb,2.04,,85000000
2026-05-28 12:30:49.564,2026/05/28/[$LATEST]4f6d928700b0454089f4d3ba5806fd95,1.88,,85000000
2026-05-28 12:30:49.567,2026/05/28/[$LATEST]5989da090f7445fcb92f7c32ee76dd46,1.71,,86000000
2026-05-28 12:30:49.567,2026/05/28/[$LATEST]cfb0e958f4874281914ba0b7a1a72bef,1.9,,86000000
2026-05-28 12:30:49.569,2026/05/28/[$LATEST]5724bbfcea774384b83b606c0c42d806,4.04,,86000000
2026-05-28 12:30:49.570,2026/05/28/[$LATEST]2faaf80cfd9d45a1b10ad92bea2bdc23,1.6,,86000000
2026-05-28 12:30:49.577,2026/05/28/[$LATEST]4f6d928700b0454089f4d3ba5806fd95,2.64,,85000000
2026-05-28 12:30:49.580,2026/05/28/[$LATEST]4c865db2928045c5b55b6820a532569d,2.14,,86000000
2026-05-28 12:30:49.580,2026/05/28/[$LATEST]96c6e01348cf4245968782a1abd6eaeb,2.04,,85000000
2026-05-28 12:30:49.583,2026/05/28/[$LATEST]7de6c63704704001920746bd5ec85dd3,1.58,,85000000
2026-05-28 12:30:49.584,2026/05/28/[$LATEST]2faaf80cfd9d45a1b10ad92bea2bdc23,5.68,,86000000
2026-05-28 12:30:49.587,2026/05/28/[$LATEST]af1260d7b29a4081bdccf63925032932,86.45,,86000000
2026-05-28 12:30:49.588,2026/05/28/[$LATEST]09b41d5fd2894f389e30ae58462b1250,1.79,,85000000
2026-05-28 12:30:49.594,2026/05/28/[$LATEST]7de6c63704704001920746bd5ec85dd3,2.4,,85000000
2026-05-28 12:30:49.596,2026/05/28/[$LATEST]09b41d5fd2894f389e30ae58462b1250,1.39,,85000000
2026-05-28 12:30:49.596,2026/05/28/[$LATEST]4f6d928700b0454089f4d3ba5806fd95,12.18,,85000000
2026-05-28 12:30:49.606,2026/05/28/[$LATEST]af1260d7b29a4081bdccf63925032932,12.43,,86000000
2026-05-28 12:30:49.606,2026/05/28/[$LATEST]5724bbfcea774384b83b606c0c42d806,1.89,,86000000
2026-05-28 12:30:49.608,2026/05/28/[$LATEST]5989da090f7445fcb92f7c32ee76dd46,1.89,,86000000
2026-05-28 12:30:49.608,2026/05/28/[$LATEST]2faaf80cfd9d45a1b10ad92bea2bdc23,16.53,,86000000
2026-05-28 12:30:49.610,2026/05/28/[$LATEST]4c865db2928045c5b55b6820a532569d,9.22,,86000000
2026-05-28 12:30:49.614,2026/05/28/[$LATEST]4f6d928700b0454089f4d3ba5806fd95,1.8,,85000000
2026-05-28 12:30:49.623,2026/05/28/[$LATEST]5989da090f7445fcb92f7c32ee76dd46,1.78,,86000000
2026-05-28 12:30:49.631,2026/05/28/[$LATEST]4c865db2928045c5b55b6820a532569d,12.3,,86000000
2026-05-28 12:30:49.638,2026/05/28/[$LATEST]09b41d5fd2894f389e30ae58462b1250,1.83,,85000000
2026-05-28 12:30:49.639,2026/05/28/[$LATEST]7de6c63704704001920746bd5ec85dd3,1.58,,85000000
2026-05-28 12:30:49.640,2026/05/28/[$LATEST]4f6d928700b0454089f4d3ba5806fd95,1.82,,85000000
2026-05-28 12:30:49.643,2026/05/28/[$LATEST]96c6e01348cf4245968782a1abd6eaeb,2.59,,85000000
2026-05-28 12:30:49.647,2026/05/28/[$LATEST]5989da090f7445fcb92f7c32ee76dd46,1.67,,86000000
2026-05-28 12:30:49.654,2026/05/28/[$LATEST]4c865db2928045c5b55b6820a532569d,2.17,,86000000
2026-05-28 12:30:49.655,2026/05/28/[$LATEST]2faaf80cfd9d45a1b10ad92bea2bdc23,1.75,,86000000
2026-05-28 12:30:49.662,2026/05/28/[$LATEST]7de6c63704704001920746bd5ec85dd3,1.56,,85000000
2026-05-28 12:30:49.662,2026/05/28/[$LATEST]96c6e01348cf4245968782a1abd6eaeb,1.77,,85000000
2026-05-28 12:30:49.669,2026/05/28/[$LATEST]09b41d5fd2894f389e30ae58462b1250,1.67,,85000000
2026-05-28 12:30:49.671,2026/05/28/[$LATEST]4c865db2928045c5b55b6820a532569d,1.9,,86000000
2026-05-28 12:30:49.675,2026/05/28/[$LATEST]4f6d928700b0454089f4d3ba5806fd95,14.79,,85000000
2026-05-28 12:30:49.679,2026/05/28/[$LATEST]09b41d5fd2894f389e30ae58462b1250,1.6,,85000000
2026-05-28 12:30:49.680,2026/05/28/[$LATEST]2faaf80cfd9d45a1b10ad92bea2bdc23,1.63,,86000000
2026-05-28 12:30:49.692,2026/05/28/[$LATEST]2faaf80cfd9d45a1b10ad92bea2bdc23,4.79,,86000000
2026-05-28 12:30:49.694,2026/05/28/[$LATEST]09b41d5fd2894f389e30ae58462b1250,6.68,,85000000
2026-05-28 12:30:49.695,2026/05/28/[$LATEST]4c865db2928045c5b55b6820a532569d,2.11,,86000000
2026-05-28 12:30:49.711,2026/05/28/[$LATEST]4c865db2928045c5b55b6820a532569d,6.78,,86000000
2026-05-28 12:30:49.712,2026/05/28/[$LATEST]7de6c63704704001920746bd5ec85dd3,1.58,,85000000
2026-05-28 12:30:49.712,2026/05/28/[$LATEST]2faaf80cfd9d45a1b10ad92bea2bdc23,5.03,,86000000
2026-05-28 12:30:49.714,2026/05/28/[$LATEST]09b41d5fd2894f389e30ae58462b1250,11.15,,85000000
2026-05-28 12:30:49.715,2026/05/28/[$LATEST]96c6e01348cf4245968782a1abd6eaeb,1.89,,85000000
2026-05-28 12:30:49.715,2026/05/28/[$LATEST]5989da090f7445fcb92f7c32ee76dd46,1.76,,86000000
2026-05-28 12:30:49.716,2026/05/28/[$LATEST]4f6d928700b0454089f4d3ba5806fd95,1.93,,85000000
2026-05-28 12:30:49.733,2026/05/28/[$LATEST]4f6d928700b0454089f4d3ba5806fd95,1.88,,85000000
2026-05-28 12:30:49.745,2026/05/28/[$LATEST]5989da090f7445fcb92f7c32ee76dd46,1.75,,86000000
2026-05-28 12:30:49.752,2026/05/28/[$LATEST]09b41d5fd2894f389e30ae58462b1250,2.07,,85000000
2026-05-28 12:30:49.754,2026/05/28/[$LATEST]4f6d928700b0454089f4d3ba5806fd95,1.91,,85000000
2026-05-28 12:30:49.757,2026/05/28/[$LATEST]96c6e01348cf4245968782a1abd6eaeb,1.78,,85000000
2026-05-28 12:30:49.778,2026/05/28/[$LATEST]4f6d928700b0454089f4d3ba5806fd95,2.72,,85000000
2026-05-28 12:30:49.779,2026/05/28/[$LATEST]96c6e01348cf4245968782a1abd6eaeb,7.57,,85000000
2026-05-28 12:30:49.780,2026/05/28/[$LATEST]5989da090f7445fcb92f7c32ee76dd46,1.85,,86000000
2026-05-28 12:30:49.780,2026/05/28/[$LATEST]09b41d5fd2894f389e30ae58462b1250,1.64,,85000000
2026-05-28 12:30:49.783,2026/05/28/[$LATEST]4c865db2928045c5b55b6820a532569d,2.05,,86000000
2026-05-28 12:30:49.784,2026/05/28/[$LATEST]af1260d7b29a4081bdccf63925032932,2.31,,86000000
2026-05-28 12:30:49.784,2026/05/28/[$LATEST]2faaf80cfd9d45a1b10ad92bea2bdc23,2.86,,86000000
2026-05-28 12:30:49.788,2026/05/28/[$LATEST]96c6e01348cf4245968782a1abd6eaeb,1.86,,85000000
2026-05-28 12:30:49.789,2026/05/28/[$LATEST]5724bbfcea774384b83b606c0c42d806,2.28,,86000000
2026-05-28 12:30:49.794,2026/05/28/[$LATEST]09b41d5fd2894f389e30ae58462b1250,8.5,,85000000
2026-05-28 12:30:49.796,2026/05/28/[$LATEST]4f6d928700b0454089f4d3ba5806fd95,2.19,,85000000
2026-05-28 12:30:49.799,2026/05/28/[$LATEST]5989da090f7445fcb92f7c32ee76dd46,10.49,,86000000
2026-05-28 12:30:49.807,2026/05/28/[$LATEST]5989da090f7445fcb92f7c32ee76dd46,1.71,,86000000
2026-05-28 12:30:49.810,2026/05/28/[$LATEST]5724bbfcea774384b83b606c0c42d806,8.87,,86000000
2026-05-28 12:30:49.813,2026/05/28/[$LATEST]af1260d7b29a4081bdccf63925032932,4.72,,86000000
2026-05-28 12:30:49.814,2026/05/28/[$LATEST]09b41d5fd2894f389e30ae58462b1250,1.66,,85000000
2026-05-28 12:30:49.816,2026/05/28/[$LATEST]4c865db2928045c5b55b6820a532569d,3.37,,86000000
2026-05-28 12:30:49.818,2026/05/28/[$LATEST]4f6d928700b0454089f4d3ba5806fd95,6.17,,85000000
2026-05-28 12:30:49.833,2026/05/28/[$LATEST]4c865db2928045c5b55b6820a532569d,2.27,,86000000
2026-05-28 12:30:49.837,2026/05/28/[$LATEST]09b41d5fd2894f389e30ae58462b1250,1.67,,85000000
2026-05-28 12:30:49.845,2026/05/28/[$LATEST]4f6d928700b0454089f4d3ba5806fd95,4.04,,85000000
2026-05-28 12:30:49.850,2026/05/28/[$LATEST]4c865db2928045c5b55b6820a532569d,8.2,,86000000
2026-05-28 12:30:49.851,2026/05/28/[$LATEST]af1260d7b29a4081bdccf63925032932,1.92,,86000000
2026-05-28 12:30:49.853,2026/05/28/[$LATEST]09b41d5fd2894f389e30ae58462b1250,4.4,,85000000
2026-05-28 12:30:49.855,2026/05/28/[$LATEST]5724bbfcea774384b83b606c0c42d806,2.01,,86000000
2026-05-28 12:30:49.859,2026/05/28/[$LATEST]96c6e01348cf4245968782a1abd6eaeb,1.61,,85000000
2026-05-28 12:30:49.859,2026/05/28/[$LATEST]4f6d928700b0454089f4d3ba5806fd95,3.06,,85000000
2026-05-28 12:30:49.860,2026/05/28/[$LATEST]5989da090f7445fcb92f7c32ee76dd46,1.94,,86000000
2026-05-28 12:30:49.903,2026/05/28/[$LATEST]5989da090f7445fcb92f7c32ee76dd46,1.77,,86000000
2026-05-28 12:30:49.907,2026/05/28/[$LATEST]5724bbfcea774384b83b606c0c42d806,2.27,,86000000
2026-05-28 12:30:49.913,2026/05/28/[$LATEST]96c6e01348cf4245968782a1abd6eaeb,2.01,,85000000
2026-05-28 12:30:49.919,2026/05/28/[$LATEST]5989da090f7445fcb92f7c32ee76dd46,6.33,,86000000
2026-05-28 12:30:49.920,2026/05/28/[$LATEST]5724bbfcea774384b83b606c0c42d806,2,,86000000
2026-05-28 12:30:49.927,2026/05/28/[$LATEST]4f6d928700b0454089f4d3ba5806fd95,3.29,,85000000
2026-05-28 12:30:49.933,2026/05/28/[$LATEST]5989da090f7445fcb92f7c32ee76dd46,1.72,,86000000
2026-05-28 12:30:49.936,2026/05/28/[$LATEST]09b41d5fd2894f389e30ae58462b1250,1.66,,85000000
2026-05-28 12:30:49.937,2026/05/28/[$LATEST]4f6d928700b0454089f4d3ba5806fd95,2.26,,85000000
2026-05-28 12:30:49.939,2026/05/28/[$LATEST]5724bbfcea774384b83b606c0c42d806,2.44,,86000000
2026-05-28 12:30:49.940,2026/05/28/[$LATEST]96c6e01348cf4245968782a1abd6eaeb,11.11,,85000000
2026-05-28 12:30:49.947,2026/05/28/[$LATEST]af1260d7b29a4081bdccf63925032932,23.53,,86000000
2026-05-28 12:30:49.952,2026/05/28/[$LATEST]5724bbfcea774384b83b606c0c42d806,2.46,,86000000
2026-05-28 12:30:49.957,2026/05/28/[$LATEST]5989da090f7445fcb92f7c32ee76dd46,1.71,,86000000
2026-05-28 12:30:49.962,2026/05/28/[$LATEST]96c6e01348cf4245968782a1abd6eaeb,9.04,,85000000
2026-05-28 12:30:49.967,2026/05/28/[$LATEST]5989da090f7445fcb92f7c32ee76dd46,1.78,,86000000
2026-05-28 12:30:49.982,2026/05/28/[$LATEST]09b41d5fd2894f389e30ae58462b1250,1.92,,85000000
2026-05-28 12:30:49.983,2026/05/28/[$LATEST]96c6e01348cf4245968782a1abd6eaeb,4.5,,85000000
2026-05-28 12:30:49.990,2026/05/28/[$LATEST]5989da090f7445fcb92f7c32ee76dd46,1.93,,86000000
2026-05-28 12:30:49.993,2026/05/28/[$LATEST]5724bbfcea774384b83b606c0c42d806,1.9,,86000000
2026-05-28 12:30:49.996,2026/05/28/[$LATEST]4f6d928700b0454089f4d3ba5806fd95,16.02,,85000000
2026-05-28 12:30:50.001,2026/05/28/[$LATEST]5989da090f7445fcb92f7c32ee76dd46,1.7,,86000000
2026-05-28 12:30:50.015,2026/05/28/[$LATEST]4f6d928700b0454089f4d3ba5806fd95,8.51,,85000000
2026-05-28 12:30:50.019,2026/05/28/[$LATEST]09b41d5fd2894f389e30ae58462b1250,1.76,,85000000
2026-05-28 12:30:50.019,2026/05/28/[$LATEST]96c6e01348cf4245968782a1abd6eaeb,5.17,,85000000
2026-05-28 12:30:50.019,2026/05/28/[$LATEST]5989da090f7445fcb92f7c32ee76dd46,1.82,,86000000
2026-05-28 12:30:50.021,2026/05/28/[$LATEST]5724bbfcea774384b83b606c0c42d806,2.14,,86000000
2026-05-28 12:30:50.025,2026/05/28/[$LATEST]af1260d7b29a4081bdccf63925032932,1.91,,86000000
2026-05-28 12:30:50.026,2026/05/28/[$LATEST]4c865db2928045c5b55b6820a532569d,2.07,,86000000
2026-05-28 12:30:50.037,2026/05/28/[$LATEST]09b41d5fd2894f389e30ae58462b1250,12.36,,85000000
2026-05-28 12:30:50.038,2026/05/28/[$LATEST]96c6e01348cf4245968782a1abd6eaeb,2.21,,85000000
2026-05-28 12:30:50.059,2026/05/28/[$LATEST]af1260d7b29a4081bdccf63925032932,1.93,,86000000
2026-05-28 12:30:50.061,2026/05/28/[$LATEST]5724bbfcea774384b83b606c0c42d806,1.88,,86000000
2026-05-28 12:30:50.065,2026/05/28/[$LATEST]09b41d5fd2894f389e30ae58462b1250,1.96,,85000000
2026-05-28 12:30:50.066,2026/05/28/[$LATEST]96c6e01348cf4245968782a1abd6eaeb,2.65,,85000000
2026-05-28 12:30:50.068,2026/05/28/[$LATEST]5989da090f7445fcb92f7c32ee76dd46,2.37,,86000000
2026-05-28 12:30:50.069,2026/05/28/[$LATEST]4c865db2928045c5b55b6820a532569d,6.67,,86000000
2026-05-28 12:30:50.098,2026/05/28/[$LATEST]5989da090f7445fcb92f7c32ee76dd46,1.97,,86000000
2026-05-28 12:30:50.098,2026/05/28/[$LATEST]5724bbfcea774384b83b606c0c42d806,2.03,,86000000
2026-05-28 12:30:50.099,2026/05/28/[$LATEST]af1260d7b29a4081bdccf63925032932,1.77,,86000000
2026-05-28 12:30:50.100,2026/05/28/[$LATEST]09b41d5fd2894f389e30ae58462b1250,1.61,,85000000
2026-05-28 12:30:50.101,2026/05/28/[$LATEST]4f6d928700b0454089f4d3ba5806fd95,1.8,,85000000
2026-05-28 12:30:50.102,2026/05/28/[$LATEST]7de6c63704704001920746bd5ec85dd3,1.98,,85000000
2026-05-28 12:30:50.104,2026/05/28/[$LATEST]96c6e01348cf4245968782a1abd6eaeb,3.47,,85000000
2026-05-28 12:30:50.106,2026/05/28/[$LATEST]15737d93c14242db96065ddfaa294dc4,2.02,,85000000
2026-05-28 12:30:50.107,2026/05/28/[$LATEST]691a822430384f5ab79537a661223d95,1.63,,85000000
2026-05-28 12:30:50.108,2026/05/28/[$LATEST]2faaf80cfd9d45a1b10ad92bea2bdc23,5.92,,86000000
2026-05-28 12:30:50.110,2026/05/28/[$LATEST]4c865db2928045c5b55b6820a532569d,14.38,,86000000
2026-05-28 12:30:50.111,2026/05/28/[$LATEST]5989da090f7445fcb92f7c32ee76dd46,1.79,,86000000
2026-05-28 12:30:50.113,2026/05/28/[$LATEST]5724bbfcea774384b83b606c0c42d806,2.14,,86000000
2026-05-28 12:30:50.114,2026/05/28/[$LATEST]15737d93c14242db96065ddfaa294dc4,1.6,,85000000
2026-05-28 12:30:50.116,2026/05/28/[$LATEST]af1260d7b29a4081bdccf63925032932,1.99,,86000000
2026-05-28 12:30:50.120,2026/05/28/[$LATEST]96c6e01348cf4245968782a1abd6eaeb,10.5,,85000000
2026-05-28 12:30:50.120,2026/05/28/[$LATEST]4f6d928700b0454089f4d3ba5806fd95,4.57,,85000000
2026-05-28 12:30:50.122,2026/05/28/[$LATEST]691a822430384f5ab79537a661223d95,7.26,,85000000
2026-05-28 12:30:50.124,2026/05/28/[$LATEST]2faaf80cfd9d45a1b10ad92bea2bdc23,10.82,,86000000
2026-05-28 12:30:50.140,2026/05/28/[$LATEST]96c6e01348cf4245968782a1abd6eaeb,9.49,,85000000
2026-05-28 12:30:50.141,2026/05/28/[$LATEST]691a822430384f5ab79537a661223d95,1.99,,85000000
2026-05-28 12:30:50.144,2026/05/28/[$LATEST]2faaf80cfd9d45a1b10ad92bea2bdc23,1.81,,86000000
2026-05-28 12:30:50.146,2026/05/28/[$LATEST]af1260d7b29a4081bdccf63925032932,1.81,,86000000
2026-05-28 12:30:50.148,2026/05/28/[$LATEST]4f6d928700b0454089f4d3ba5806fd95,1.72,,85000000
2026-05-28 12:30:50.148,2026/05/28/[$LATEST]5724bbfcea774384b83b606c0c42d806,2.2,,86000000
2026-05-28 12:30:50.151,2026/05/28/[$LATEST]691a822430384f5ab79537a661223d95,2.2,,85000000
2026-05-28 12:30:50.152,2026/05/28/[$LATEST]15737d93c14242db96065ddfaa294dc4,6.6,,85000000
2026-05-28 12:30:50.155,2026/05/28/[$LATEST]7de6c63704704001920746bd5ec85dd3,46.77,,85000000
2026-05-28 12:30:50.158,2026/05/28/[$LATEST]5724bbfcea774384b83b606c0c42d806,2.19,,86000000
2026-05-28 12:30:50.163,2026/05/28/[$LATEST]15737d93c14242db96065ddfaa294dc4,1.61,,85000000
2026-05-28 12:30:50.163,2026/05/28/[$LATEST]7de6c63704704001920746bd5ec85dd3,1.77,,85000000
2026-05-28 12:30:50.176,2026/05/28/[$LATEST]5724bbfcea774384b83b606c0c42d806,2.06,,86000000
2026-05-28 12:30:50.179,2026/05/28/[$LATEST]15737d93c14242db96065ddfaa294dc4,1.92,,85000000
2026-05-28 12:30:50.183,2026/05/28/[$LATEST]af1260d7b29a4081bdccf63925032932,1.85,,86000000
2026-05-28 12:30:50.186,2026/05/28/[$LATEST]7de6c63704704001920746bd5ec85dd3,1.57,,85000000
2026-05-28 12:30:50.197,2026/05/28/[$LATEST]af1260d7b29a4081bdccf63925032932,3.06,,86000000
2026-05-28 12:30:50.199,2026/05/28/[$LATEST]5724bbfcea774384b83b606c0c42d806,1.76,,86000000
2026-05-28 12:30:50.199,2026/05/28/[$LATEST]2faaf80cfd9d45a1b10ad92bea2bdc23,1.76,,86000000
2026-05-28 12:30:50.203,2026/05/28/[$LATEST]4c865db2928045c5b55b6820a532569d,2.01,,86000000
2026-05-28 12:30:50.206,2026/05/28/[$LATEST]7de6c63704704001920746bd5ec85dd3,1.37,,85000000
2026-05-28 12:30:50.213,2026/05/28/[$LATEST]15737d93c14242db96065ddfaa294dc4,28.66,,85000000
2026-05-28 12:30:50.220,2026/05/28/[$LATEST]4c865db2928045c5b55b6820a532569d,2.03,,86000000
2026-05-28 12:30:50.223,2026/05/28/[$LATEST]2faaf80cfd9d45a1b10ad92bea2bdc23,1.74,,86000000
2026-05-28 12:30:50.225,2026/05/28/[$LATEST]5724bbfcea774384b83b606c0c42d806,1.72,,86000000
2026-05-28 12:30:50.227,2026/05/28/[$LATEST]af1260d7b29a4081bdccf63925032932,2,,86000000
2026-05-28 12:30:50.243,2026/05/28/[$LATEST]5724bbfcea774384b83b606c0c42d806,1.92,,86000000
2026-05-28 12:30:50.246,2026/05/28/[$LATEST]af1260d7b29a4081bdccf63925032932,2.51,,86000000
2026-05-28 12:30:50.251,2026/05/28/[$LATEST]2faaf80cfd9d45a1b10ad92bea2bdc23,1.59,,86000000
2026-05-28 12:30:50.258,2026/05/28/[$LATEST]5724bbfcea774384b83b606c0c42d806,1.95,,86000000
2026-05-28 12:30:50.264,2026/05/28/[$LATEST]2faaf80cfd9d45a1b10ad92bea2bdc23,4.98,,86000000
2026-05-28 12:30:50.268,2026/05/28/[$LATEST]af1260d7b29a4081bdccf63925032932,12.99,,86000000
2026-05-28 12:30:50.272,2026/05/28/[$LATEST]5724bbfcea774384b83b606c0c42d806,2.16,,86000000
2026-05-28 12:30:50.289,2026/05/28/[$LATEST]15737d93c14242db96065ddfaa294dc4,1.75,,85000000
2026-05-28 12:30:50.289,2026/05/28/[$LATEST]7de6c63704704001920746bd5ec85dd3,1.58,,85000000
2026-05-28 12:30:50.290,2026/05/28/[$LATEST]691a822430384f5ab79537a661223d95,1.97,,85000000
2026-05-28 12:30:50.291,2026/05/28/[$LATEST]5724bbfcea774384b83b606c0c42d806,2.05,,86000000
2026-05-28 12:30:50.291,2026/05/28/[$LATEST]2faaf80cfd9d45a1b10ad92bea2bdc23,1.68,,86000000
2026-05-28 12:30:50.292,2026/05/28/[$LATEST]af1260d7b29a4081bdccf63925032932,3.16,,86000000
2026-05-28 12:30:50.292,2026/05/28/[$LATEST]4f6d928700b0454089f4d3ba5806fd95,1.75,,85000000
2026-05-28 12:30:50.293,2026/05/28/[$LATEST]4c865db2928045c5b55b6820a532569d,1.87,,86000000
2026-05-28 12:30:50.295,2026/05/28/[$LATEST]5989da090f7445fcb92f7c32ee76dd46,1.86,,86000000
2026-05-28 12:30:50.299,2026/05/28/[$LATEST]96c6e01348cf4245968782a1abd6eaeb,3.97,,85000000
2026-05-28 12:30:50.304,2026/05/28/[$LATEST]5989da090f7445fcb92f7c32ee76dd46,1.73,,86000000
2026-05-28 12:30:50.311,2026/05/28/[$LATEST]4c865db2928045c5b55b6820a532569d,1.71,,86000000
2026-05-28 12:30:50.318,2026/05/28/[$LATEST]4f6d928700b0454089f4d3ba5806fd95,1.86,,85000000
2026-05-28 12:30:50.319,2026/05/28/[$LATEST]96c6e01348cf4245968782a1abd6eaeb,1.9,,85000000
2026-05-28 12:30:50.320,2026/05/28/[$LATEST]5989da090f7445fcb92f7c32ee76dd46,2.09,,86000000
2026-05-28 12:30:50.323,2026/05/28/[$LATEST]691a822430384f5ab79537a661223d95,1.86,,85000000
2026-05-28 12:30:50.330,2026/05/28/[$LATEST]4c865db2928045c5b55b6820a532569d,2.99,,86000000
2026-05-28 12:30:50.347,2026/05/28/[$LATEST]691a822430384f5ab79537a661223d95,4.62,,85000000
2026-05-28 12:30:50.348,2026/05/28/[$LATEST]5989da090f7445fcb92f7c32ee76dd46,3.34,,86000000
2026-05-28 12:30:50.349,2026/05/28/[$LATEST]4c865db2928045c5b55b6820a532569d,1.94,,86000000
2026-05-28 12:30:50.362,2026/05/28/[$LATEST]96c6e01348cf4245968782a1abd6eaeb,2.04,,85000000
2026-05-28 12:30:50.365,2026/05/28/[$LATEST]691a822430384f5ab79537a661223d95,2.31,,85000000
2026-05-28 12:30:50.377,2026/05/28/[$LATEST]5989da090f7445fcb92f7c32ee76dd46,1.76,,86000000
2026-05-28 12:30:50.385,2026/05/28/[$LATEST]af1260d7b29a4081bdccf63925032932,1.89,,86000000
2026-05-28 12:30:50.386,2026/05/28/[$LATEST]691a822430384f5ab79537a661223d95,1.88,,85000000
2026-05-28 12:30:50.386,2026/05/28/[$LATEST]4c865db2928045c5b55b6820a532569d,2.48,,86000000
2026-05-28 12:30:50.391,2026/05/28/[$LATEST]5989da090f7445fcb92f7c32ee76dd46,1.97,,86000000
2026-05-28 12:30:50.397,2026/05/28/[$LATEST]4f6d928700b0454089f4d3ba5806fd95,1.8,,85000000
2026-05-28 12:30:50.398,2026/05/28/[$LATEST]4c865db2928045c5b55b6820a532569d,2.01,,86000000
2026-05-28 12:30:50.399,2026/05/28/[$LATEST]af1260d7b29a4081bdccf63925032932,1.67,,86000000
2026-05-28 12:30:50.401,2026/05/28/[$LATEST]96c6e01348cf4245968782a1abd6eaeb,5.45,,85000000
2026-05-28 12:30:50.402,2026/05/28/[$LATEST]691a822430384f5ab79537a661223d95,3.74,,85000000
2026-05-28 12:30:50.415,2026/05/28/[$LATEST]4f6d928700b0454089f4d3ba5806fd95,9.96,,85000000
2026-05-28 12:30:50.418,2026/05/28/[$LATEST]4c865db2928045c5b55b6820a532569d,3.62,,86000000
2026-05-28 12:30:50.419,2026/05/28/[$LATEST]5989da090f7445fcb92f7c32ee76dd46,1.96,,86000000
2026-05-28 12:30:50.423,2026/05/28/[$LATEST]691a822430384f5ab79537a661223d95,14.62,,85000000
2026-05-28 12:30:50.425,2026/05/28/[$LATEST]2faaf80cfd9d45a1b10ad92bea2bdc23,1.75,,86000000
2026-05-28 12:30:50.438,2026/05/28/[$LATEST]5989da090f7445fcb92f7c32ee76dd46,1.75,,86000000
2026-05-28 12:30:50.438,2026/05/28/[$LATEST]4f6d928700b0454089f4d3ba5806fd95,11.94,,85000000
2026-05-28 12:30:50.442,2026/05/28/[$LATEST]691a822430384f5ab79537a661223d95,4.58,,85000000
2026-05-28 12:30:50.444,2026/05/28/[$LATEST]2faaf80cfd9d45a1b10ad92bea2bdc23,4.73,,86000000
2026-05-28 12:30:50.447,2026/05/28/[$LATEST]af1260d7b29a4081bdccf63925032932,34.59,,86000000
2026-05-28 12:30:50.448,2026/05/28/[$LATEST]5989da090f7445fcb92f7c32ee76dd46,1.79,,86000000
2026-05-28 12:30:50.459,2026/05/28/[$LATEST]5989da090f7445fcb92f7c32ee76dd46,3.66,,86000000
2026-05-28 12:30:50.467,2026/05/28/[$LATEST]af1260d7b29a4081bdccf63925032932,4,,86000000
2026-05-28 12:30:50.477,2026/05/28/[$LATEST]5989da090f7445fcb92f7c32ee76dd46,1.68,,86000000
2026-05-28 12:30:50.478,2026/05/28/[$LATEST]2faaf80cfd9d45a1b10ad92bea2bdc23,1.7,,86000000
2026-05-28 12:30:50.479,2026/05/28/[$LATEST]4f6d928700b0454089f4d3ba5806fd95,1.92,,85000000
2026-05-28 12:30:50.481,2026/05/28/[$LATEST]691a822430384f5ab79537a661223d95,7.96,,85000000
2026-05-28 12:30:50.483,2026/05/28/[$LATEST]96c6e01348cf4245968782a1abd6eaeb,2.27,,85000000
2026-05-28 12:30:50.489,2026/05/28/[$LATEST]5989da090f7445fcb92f7c32ee76dd46,1.87,,86000000
2026-05-28 12:30:50.489,2026/05/28/[$LATEST]15737d93c14242db96065ddfaa294dc4,2.18,,85000000
2026-05-28 12:30:50.489,2026/05/28/[$LATEST]2faaf80cfd9d45a1b10ad92bea2bdc23,1.77,,86000000
2026-05-28 12:30:50.497,2026/05/28/[$LATEST]4f6d928700b0454089f4d3ba5806fd95,9.95,,85000000
2026-05-28 12:30:50.499,2026/05/28/[$LATEST]15737d93c14242db96065ddfaa294dc4,1.55,,85000000
2026-05-28 12:30:50.500,2026/05/28/[$LATEST]5989da090f7445fcb92f7c32ee76dd46,1.81,,86000000
2026-05-28 12:30:50.504,2026/05/28/[$LATEST]2faaf80cfd9d45a1b10ad92bea2bdc23,2.05,,86000000
2026-05-28 12:30:50.510,2026/05/28/[$LATEST]af1260d7b29a4081bdccf63925032932,19.36,,86000000
2026-05-28 12:30:50.513,2026/05/28/[$LATEST]15737d93c14242db96065ddfaa294dc4,5.23,,85000000
2026-05-28 12:30:50.515,2026/05/28/[$LATEST]2faaf80cfd9d45a1b10ad92bea2bdc23,1.58,,86000000
2026-05-28 12:30:50.526,2026/05/28/[$LATEST]2faaf80cfd9d45a1b10ad92bea2bdc23,1.65,,86000000
2026-05-28 12:30:50.528,2026/05/28/[$LATEST]5989da090f7445fcb92f7c32ee76dd46,1.82,,86000000
2026-05-28 12:30:50.534,2026/05/28/[$LATEST]15737d93c14242db96065ddfaa294dc4,10.76,,85000000
2026-05-28 12:30:50.536,2026/05/28/[$LATEST]4f6d928700b0454089f4d3ba5806fd95,12.01,,85000000
2026-05-28 12:30:50.538,2026/05/28/[$LATEST]96c6e01348cf4245968782a1abd6eaeb,1.79,,85000000
2026-05-28 12:30:50.541,2026/05/28/[$LATEST]691a822430384f5ab79537a661223d95,2.19,,85000000
2026-05-28 12:30:50.543,2026/05/28/[$LATEST]4c865db2928045c5b55b6820a532569d,1.88,,86000000
2026-05-28 12:30:50.543,2026/05/28/[$LATEST]5989da090f7445fcb92f7c32ee76dd46,2.01,,86000000
2026-05-28 12:30:50.544,2026/05/28/[$LATEST]2faaf80cfd9d45a1b10ad92bea2bdc23,5.63,,86000000
2026-05-28 12:30:50.545,2026/05/28/[$LATEST]5724bbfcea774384b83b606c0c42d806,2.05,,86000000
2026-05-28 12:30:50.568,2026/05/28/[$LATEST]96c6e01348cf4245968782a1abd6eaeb,1.87,,85000000
2026-05-28 12:30:50.570,2026/05/28/[$LATEST]af1260d7b29a4081bdccf63925032932,28.87,,86000000
2026-05-28 12:30:50.572,2026/05/28/[$LATEST]15737d93c14242db96065ddfaa294dc4,13.36,,85000000
2026-05-28 12:30:50.575,2026/05/28/[$LATEST]7de6c63704704001920746bd5ec85dd3,1.97,,85000000
2026-05-28 12:30:50.576,2026/05/28/[$LATEST]4f6d928700b0454089f4d3ba5806fd95,32.71,,85000000
2026-05-28 12:30:50.581,2026/05/28/[$LATEST]5724bbfcea774384b83b606c0c42d806,1.83,,86000000
2026-05-28 12:30:50.581,2026/05/28/[$LATEST]2faaf80cfd9d45a1b10ad92bea2bdc23,1.56,,86000000
2026-05-28 12:30:50.586,2026/05/28/[$LATEST]af1260d7b29a4081bdccf63925032932,2.95,,86000000
2026-05-28 12:30:50.589,2026/05/28/[$LATEST]15737d93c14242db96065ddfaa294dc4,1.68,,85000000
2026-05-28 12:30:50.590,2026/05/28/[$LATEST]2faaf80cfd9d45a1b10ad92bea2bdc23,1.47,,86000000
2026-05-28 12:30:50.591,2026/05/28/[$LATEST]5724bbfcea774384b83b606c0c42d806,1.94,,86000000
2026-05-28 12:30:50.592,2026/05/28/[$LATEST]4c865db2928045c5b55b6820a532569d,1.77,,86000000
2026-05-28 12:30:50.592,2026/05/28/[$LATEST]96c6e01348cf4245968782a1abd6eaeb,1.85,,85000000
2026-05-28 12:30:50.594,2026/05/28/[$LATEST]7de6c63704704001920746bd5ec85dd3,8.29,,85000000
2026-05-28 12:30:50.598,2026/05/28/[$LATEST]4f6d928700b0454089f4d3ba5806fd95,12.64,,85000000
2026-05-28 12:30:50.601,2026/05/28/[$LATEST]691a822430384f5ab79537a661223d95,51.36,,85000000
2026-05-28 12:30:50.603,2026/05/28/[$LATEST]96c6e01348cf4245968782a1abd6eaeb,1.98,,85000000
2026-05-28 12:30:50.603,2026/05/28/[$LATEST]15737d93c14242db96065ddfaa294dc4,1.46,,85000000
2026-05-28 12:30:50.605,2026/05/28/[$LATEST]09b41d5fd2894f389e30ae58462b1250,2.03,,85000000
2026-05-28 12:30:50.610,2026/05/28/[$LATEST]4c865db2928045c5b55b6820a532569d,1.71,,86000000
2026-05-28 12:30:50.612,2026/05/28/[$LATEST]15737d93c14242db96065ddfaa294dc4,4.03,,85000000
2026-05-28 12:30:50.612,2026/05/28/[$LATEST]5724bbfcea774384b83b606c0c42d806,1.79,,86000000
2026-05-28 12:30:50.614,2026/05/28/[$LATEST]7de6c63704704001920746bd5ec85dd3,14.4,,85000000
2026-05-28 12:30:50.614,2026/05/28/[$LATEST]09b41d5fd2894f389e30ae58462b1250,1.39,,85000000
2026-05-28 12:30:50.615,2026/05/28/[$LATEST]2faaf80cfd9d45a1b10ad92bea2bdc23,1.89,,86000000
2026-05-28 12:30:50.616,2026/05/28/[$LATEST]96c6e01348cf4245968782a1abd6eaeb,1.72,,85000000
2026-05-28 12:30:50.620,2026/05/28/[$LATEST]691a822430384f5ab79537a661223d95,2.31,,85000000
2026-05-28 12:30:50.632,2026/05/28/[$LATEST]691a822430384f5ab79537a661223d95,1.91,,85000000
2026-05-28 12:30:50.634,2026/05/28/[$LATEST]2faaf80cfd9d45a1b10ad92bea2bdc23,1.65,,86000000
2026-05-28 12:30:50.635,2026/05/28/[$LATEST]96c6e01348cf4245968782a1abd6eaeb,1.77,,85000000
2026-05-28 12:30:50.644,2026/05/28/[$LATEST]2faaf80cfd9d45a1b10ad92bea2bdc23,4.59,,86000000
2026-05-28 12:30:50.644,2026/05/28/[$LATEST]af1260d7b29a4081bdccf63925032932,1.85,,86000000
2026-05-28 12:30:50.646,2026/05/28/[$LATEST]4c865db2928045c5b55b6820a532569d,1.98,,86000000
2026-05-28 12:30:50.651,2026/05/28/[$LATEST]5989da090f7445fcb92f7c32ee76dd46,1.64,,86000000
2026-05-28 12:30:50.656,2026/05/28/[$LATEST]96c6e01348cf4245968782a1abd6eaeb,1.91,,85000000
2026-05-28 12:30:50.661,2026/05/28/[$LATEST]691a822430384f5ab79537a661223d95,2.18,,85000000
2026-05-28 12:30:50.661,2026/05/28/[$LATEST]7de6c63704704001920746bd5ec85dd3,1.66,,85000000
2026-05-28 12:30:50.662,2026/05/28/[$LATEST]5989da090f7445fcb92f7c32ee76dd46,1.64,,86000000
2026-05-28 12:30:50.664,2026/05/28/[$LATEST]09b41d5fd2894f389e30ae58462b1250,1.59,,85000000
2026-05-28 12:30:50.668,2026/05/28/[$LATEST]5724bbfcea774384b83b606c0c42d806,32.19,,86000000
2026-05-28 12:30:50.675,2026/05/28/[$LATEST]09b41d5fd2894f389e30ae58462b1250,1.57,,85000000
2026-05-28 12:30:50.677,2026/05/28/[$LATEST]691a822430384f5ab79537a661223d95,2.82,,85000000
2026-05-28 12:30:50.679,2026/05/28/[$LATEST]5989da090f7445fcb92f7c32ee76dd46,2.9,,86000000
2026-05-28 12:30:50.680,2026/05/28/[$LATEST]96c6e01348cf4245968782a1abd6eaeb,9.53,,85000000
2026-05-28 12:30:50.681,2026/05/28/[$LATEST]7de6c63704704001920746bd5ec85dd3,1.57,,85000000
2026-05-28 12:30:50.682,2026/05/28/[$LATEST]2faaf80cfd9d45a1b10ad92bea2bdc23,1.66,,86000000
2026-05-28 12:30:50.682,2026/05/28/[$LATEST]4c865db2928045c5b55b6820a532569d,1.99,,86000000
2026-05-28 12:30:50.689,2026/05/28/[$LATEST]5724bbfcea774384b83b606c0c42d806,15.32,,86000000
2026-05-28 12:30:50.689,2026/05/28/[$LATEST]2faaf80cfd9d45a1b10ad92bea2bdc23,1.5,,86000000
2026-05-28 12:30:50.691,2026/05/28/[$LATEST]af1260d7b29a4081bdccf63925032932,1.66,,86000000
2026-05-28 12:30:50.694,2026/05/28/[$LATEST]4c865db2928045c5b55b6820a532569d,2.12,,86000000
2026-05-28 12:30:50.694,2026/05/28/[$LATEST]7de6c63704704001920746bd5ec85dd3,2.86,,85000000
2026-05-28 12:30:50.700,2026/05/28/[$LATEST]691a822430384f5ab79537a661223d95,2.39,,85000000
2026-05-28 12:30:50.700,2026/05/28/[$LATEST]96c6e01348cf4245968782a1abd6eaeb,8.86,,85000000
2026-05-28 12:30:50.701,2026/05/28/[$LATEST]09b41d5fd2894f389e30ae58462b1250,1.76,,85000000
2026-05-28 12:30:50.702,2026/05/28/[$LATEST]7de6c63704704001920746bd5ec85dd3,1.58,,85000000
2026-05-28 12:30:50.707,2026/05/28/[$LATEST]af1260d7b29a4081bdccf63925032932,8.13,,86000000
2026-05-28 12:30:50.710,2026/05/28/[$LATEST]4c865db2928045c5b55b6820a532569d,5.08,,86000000
2026-05-28 12:30:50.733,2026/05/28/[$LATEST]7de6c63704704001920746bd5ec85dd3,1.8,,85000000
2026-05-28 12:30:50.736,2026/05/28/[$LATEST]09b41d5fd2894f389e30ae58462b1250,1.77,,85000000
2026-05-28 12:30:50.740,2026/05/28/[$LATEST]7de6c63704704001920746bd5ec85dd3,1.25,,85000000
2026-05-28 12:30:50.743,2026/05/28/[$LATEST]96c6e01348cf4245968782a1abd6eaeb,1.84,,85000000
2026-05-28 12:30:50.749,2026/05/28/[$LATEST]4c865db2928045c5b55b6820a532569d,1.73,,86000000
2026-05-28 12:30:50.757,2026/05/28/[$LATEST]7de6c63704704001920746bd5ec85dd3,1.44,,85000000
2026-05-28 12:30:50.760,2026/05/28/[$LATEST]96c6e01348cf4245968782a1abd6eaeb,10.04,,85000000
2026-05-28 12:30:50.760,2026/05/28/[$LATEST]2faaf80cfd9d45a1b10ad92bea2bdc23,1.6,,86000000
2026-05-28 12:30:50.761,2026/05/28/[$LATEST]af1260d7b29a4081bdccf63925032932,1.84,,86000000
2026-05-28 12:30:50.761,2026/05/28/[$LATEST]4c865db2928045c5b55b6820a532569d,2.3,,86000000
2026-05-28 12:30:50.769,2026/05/28/[$LATEST]5724bbfcea774384b83b606c0c42d806,3.89,,86000000
2026-05-28 12:30:50.789,2026/05/28/[$LATEST]5724bbfcea774384b83b606c0c42d806,7.23,,86000000
2026-05-28 12:30:50.790,2026/05/28/[$LATEST]96c6e01348cf4245968782a1abd6eaeb,1.86,,85000000
2026-05-28 12:30:50.792,2026/05/28/[$LATEST]4c865db2928045c5b55b6820a532569d,2.37,,86000000
2026-05-28 12:30:50.792,2026/05/28/[$LATEST]7de6c63704704001920746bd5ec85dd3,1.73,,85000000
2026-05-28 12:30:50.793,2026/05/28/[$LATEST]2faaf80cfd9d45a1b10ad92bea2bdc23,1.76,,86000000
2026-05-28 12:30:50.794,2026/05/28/[$LATEST]af1260d7b29a4081bdccf63925032932,2.2,,86000000
2026-05-28 12:30:50.795,2026/05/28/[$LATEST]09b41d5fd2894f389e30ae58462b1250,1.61,,85000000
2026-05-28 12:30:50.796,2026/05/28/[$LATEST]5989da090f7445fcb92f7c32ee76dd46,1.73,,86000000
2026-05-28 12:30:50.800,2026/05/28/[$LATEST]691a822430384f5ab79537a661223d95,2.02,,85000000
2026-05-28 12:30:50.802,2026/05/28/[$LATEST]7de6c63704704001920746bd5ec85dd3,1.55,,85000000
2026-05-28 12:30:50.802,2026/05/28/[$LATEST]96c6e01348cf4245968782a1abd6eaeb,5.88,,85000000
2026-05-28 12:30:50.806,2026/05/28/[$LATEST]5989da090f7445fcb92f7c32ee76dd46,2.06,,86000000
2026-05-28 12:30:50.809,2026/05/28/[$LATEST]af1260d7b29a4081bdccf63925032932,2.13,,86000000
2026-05-28 12:30:50.810,2026/05/28/[$LATEST]5724bbfcea774384b83b606c0c42d806,13.66,,86000000
2026-05-28 12:30:50.820,2026/05/28/[$LATEST]96c6e01348cf4245968782a1abd6eaeb,9.79,,85000000
2026-05-28 12:30:50.821,2026/05/28/[$LATEST]7de6c63704704001920746bd5ec85dd3,1.56,,85000000
2026-05-28 12:30:50.826,2026/05/28/[$LATEST]691a822430384f5ab79537a661223d95,2.04,,85000000
2026-05-28 12:30:50.829,2026/05/28/[$LATEST]af1260d7b29a4081bdccf63925032932,12.61,,86000000
2026-05-28 12:30:50.829,2026/05/28/[$LATEST]5724bbfcea774384b83b606c0c42d806,9.45,,86000000
2026-05-28 12:30:50.831,2026/05/28/[$LATEST]5989da090f7445fcb92f7c32ee76dd46,1.69,,86000000
2026-05-28 12:30:50.835,2026/05/28/[$LATEST]7de6c63704704001920746bd5ec85dd3,5.84,,85000000
2026-05-28 12:30:50.896,2026/05/28/[$LATEST]7de6c63704704001920746bd5ec85dd3,1.61,,85000000
2026-05-28 12:30:50.900,2026/05/28/[$LATEST]5989da090f7445fcb92f7c32ee76dd46,1.79,,86000000
2026-05-28 12:30:50.939,2026/05/28/[$LATEST]7de6c63704704001920746bd5ec85dd3,1.75,,85000000
2026-05-28 12:30:50.944,2026/05/28/[$LATEST]5989da090f7445fcb92f7c32ee76dd46,1.72,,86000000
2026-05-28 12:30:50.949,2026/05/28/[$LATEST]691a822430384f5ab79537a661223d95,1.81,,85000000
2026-05-28 12:30:50.949,2026/05/28/[$LATEST]af1260d7b29a4081bdccf63925032932,1.75,,86000000
2026-05-28 12:30:50.950,2026/05/28/[$LATEST]96c6e01348cf4245968782a1abd6eaeb,1.62,,85000000
2026-05-28 12:30:50.950,2026/05/28/[$LATEST]2faaf80cfd9d45a1b10ad92bea2bdc23,1.64,,86000000
2026-05-28 12:30:50.950,2026/05/28/[$LATEST]4c865db2928045c5b55b6820a532569d,1.88,,86000000
2026-05-28 12:30:50.951,2026/05/28/[$LATEST]cfb0e958f4874281914ba0b7a1a72bef,1.75,,86000000
2026-05-28 12:30:50.951,2026/05/28/[$LATEST]188cc19e71ed4e0bb96c479aefb33946,2.08,,86000000
2026-05-28 12:30:50.953,2026/05/28/[$LATEST]09b41d5fd2894f389e30ae58462b1250,2.12,,85000000
2026-05-28 12:30:50.954,2026/05/28/[$LATEST]5724bbfcea774384b83b606c0c42d806,7.47,,86000000
2026-05-28 12:30:50.955,2026/05/28/[$LATEST]7de6c63704704001920746bd5ec85dd3,10.12,,85000000
2026-05-28 12:30:50.955,2026/05/28/[$LATEST]4f6d928700b0454089f4d3ba5806fd95,1.78,,85000000
2026-05-28 12:30:50.955,2026/05/28/[$LATEST]15737d93c14242db96065ddfaa294dc4,1.6,,85000000
2026-05-28 12:30:50.958,2026/05/28/[$LATEST]645d0a3985b047aa91261d33b7d29c16,1.83,,86000000
2026-05-28 12:30:50.959,2026/05/28/[$LATEST]5989da090f7445fcb92f7c32ee76dd46,10,,86000000
2026-05-28 12:30:50.960,2026/05/28/[$LATEST]09b41d5fd2894f389e30ae58462b1250,1.43,,85000000
2026-05-28 12:30:50.960,2026/05/28/[$LATEST]96c6e01348cf4245968782a1abd6eaeb,2.76,,85000000
2026-05-28 12:30:50.960,2026/05/28/[$LATEST]691a822430384f5ab79537a661223d95,4.29,,85000000
2026-05-28 12:30:50.961,2026/05/28/[$LATEST]7de6c63704704001920746bd5ec85dd3,1.49,,85000000
2026-05-28 12:30:50.961,2026/05/28/[$LATEST]cfb0e958f4874281914ba0b7a1a72bef,2.54,,86000000
2026-05-28 12:30:50.962,2026/05/28/[$LATEST]4f6d928700b0454089f4d3ba5806fd95,1.87,,85000000
2026-05-28 12:30:50.963,2026/05/28/[$LATEST]681fa47a762e48919d6814f2dfb42c0c,2.88,696.1,85000000
2026-05-28 12:30:50.964,2026/05/28/[$LATEST]2faaf80cfd9d45a1b10ad92bea2bdc23,5,,86000000
2026-05-28 12:30:50.966,2026/05/28/[$LATEST]07ffab9544874a0f9ad2ce95d2a41d2e,6.13,870.26,85000000
2026-05-28 12:30:50.967,2026/05/28/[$LATEST]645d0a3985b047aa91261d33b7d29c16,1.59,,86000000
2026-05-28 12:30:50.967,2026/05/28/[$LATEST]5989da090f7445fcb92f7c32ee76dd46,1.77,,86000000
2026-05-28 12:30:50.969,2026/05/28/[$LATEST]188cc19e71ed4e0bb96c479aefb33946,10.36,,86000000
2026-05-28 12:30:50.969,2026/05/28/[$LATEST]4c865db2928045c5b55b6820a532569d,8.25,,86000000
2026-05-28 12:30:50.969,2026/05/28/[$LATEST]af1260d7b29a4081bdccf63925032932,5.18,,86000000
2026-05-28 12:30:50.970,2026/05/28/[$LATEST]5724bbfcea774384b83b606c0c42d806,2.19,,86000000
2026-05-28 12:30:50.970,2026/05/28/[$LATEST]8780bb004b644eb6be10188e8ec3da12,4.04,853.22,86000000
2026-05-28 12:30:50.971,2026/05/28/[$LATEST]681fa47a762e48919d6814f2dfb42c0c,1.88,,85000000
2026-05-28 12:30:50.971,2026/05/28/[$LATEST]cdb8a0d50aa64c6485a0abe0d3813eb6,6.07,792.98,86000000
2026-05-28 12:30:50.973,2026/05/28/[$LATEST]15737d93c14242db96065ddfaa294dc4,12.23,,85000000
2026-05-28 12:30:50.974,2026/05/28/[$LATEST]09b41d5fd2894f389e30ae58462b1250,7.49,,85000000
2026-05-28 12:30:50.979,2026/05/28/[$LATEST]96c6e01348cf4245968782a1abd6eaeb,1.78,,85000000
2026-05-28 12:30:50.979,2026/05/28/[$LATEST]645d0a3985b047aa91261d33b7d29c16,1.7,,86000000
2026-05-28 12:30:50.982,2026/05/28/[$LATEST]97a954105e44466ba126f05fc7a8e643,13.73,812.41,86000000
2026-05-28 12:30:50.984,2026/05/28/[$LATEST]2faaf80cfd9d45a1b10ad92bea2bdc23,14.8,,86000000
2026-05-28 12:30:50.985,2026/05/28/[$LATEST]691a822430384f5ab79537a661223d95,14.89,,85000000
2026-05-28 12:30:50.997,2026/05/28/[$LATEST]4f6d928700b0454089f4d3ba5806fd95,19.63,,85000000
2026-05-28 12:30:51.000,2026/05/28/[$LATEST]cfb0e958f4874281914ba0b7a1a72bef,6.74,,86000000
2026-05-28 12:30:51.004,2026/05/28/[$LATEST]2faaf80cfd9d45a1b10ad92bea2bdc23,3.54,,86000000
2026-05-28 12:30:51.011,2026/05/28/[$LATEST]691a822430384f5ab79537a661223d95,2.1,,85000000
2026-05-28 12:30:51.014,2026/05/28/[$LATEST]681fa47a762e48919d6814f2dfb42c0c,36.8,,85000000
2026-05-28 12:30:51.016,2026/05/28/[$LATEST]4f6d928700b0454089f4d3ba5806fd95,8.16,,85000000
2026-05-28 12:30:51.020,2026/05/28/[$LATEST]645d0a3985b047aa91261d33b7d29c16,1.65,,86000000
2026-05-28 12:30:51.022,2026/05/28/[$LATEST]97a954105e44466ba126f05fc7a8e643,13.96,,86000000
2026-05-28 12:30:51.023,2026/05/28/[$LATEST]96c6e01348cf4245968782a1abd6eaeb,10.4,,85000000
2026-05-28 12:30:51.024,2026/05/28/[$LATEST]2faaf80cfd9d45a1b10ad92bea2bdc23,9.81,,86000000
2026-05-28 12:30:51.027,2026/05/28/[$LATEST]691a822430384f5ab79537a661223d95,5.35,,85000000
2026-05-28 12:30:51.040,2026/05/28/[$LATEST]97a954105e44466ba126f05fc7a8e643,2.02,,86000000
2026-05-28 12:30:51.044,2026/05/28/[$LATEST]2faaf80cfd9d45a1b10ad92bea2bdc23,8.41,,86000000
2026-05-28 12:30:51.061,2026/05/28/[$LATEST]cfb0e958f4874281914ba0b7a1a72bef,16.87,,86000000
2026-05-28 12:30:51.062,2026/05/28/[$LATEST]96c6e01348cf4245968782a1abd6eaeb,1.75,,85000000
2026-05-28 12:30:51.064,2026/05/28/[$LATEST]2faaf80cfd9d45a1b10ad92bea2bdc23,8,,86000000
2026-05-28 12:30:51.069,2026/05/28/[$LATEST]645d0a3985b047aa91261d33b7d29c16,1.83,,86000000
2026-05-28 12:30:51.080,2026/05/28/[$LATEST]645d0a3985b047aa91261d33b7d29c16,1.53,,86000000
2026-05-28 12:30:51.080,2026/05/28/[$LATEST]96c6e01348cf4245968782a1abd6eaeb,5.16,,85000000
2026-05-28 12:30:51.080,2026/05/28/[$LATEST]691a822430384f5ab79537a661223d95,10.54,,85000000
2026-05-28 12:30:51.081,2026/05/28/[$LATEST]4f6d928700b0454089f4d3ba5806fd95,1.81,,85000000
2026-05-28 12:30:51.081,2026/05/28/[$LATEST]cfb0e958f4874281914ba0b7a1a72bef,11.64,,86000000
2026-05-28 12:30:51.081,2026/05/28/[$LATEST]97a954105e44466ba126f05fc7a8e643,14.81,,86000000
2026-05-28 12:30:51.088,2026/05/28/[$LATEST]2faaf80cfd9d45a1b10ad92bea2bdc23,1.89,,86000000
2026-05-28 12:30:51.092,2026/05/28/[$LATEST]8780bb004b644eb6be10188e8ec3da12,6.6,,86000000
2026-05-28 12:30:51.100,2026/05/28/[$LATEST]4f6d928700b0454089f4d3ba5806fd95,1.79,,85000000
2026-05-28 12:30:51.104,2026/05/28/[$LATEST]2faaf80cfd9d45a1b10ad92bea2bdc23,6.93,,86000000
2026-05-28 12:30:51.116,2026/05/28/[$LATEST]4f6d928700b0454089f4d3ba5806fd95,2.55,,85000000
2026-05-28 12:30:51.119,2026/05/28/[$LATEST]cfb0e958f4874281914ba0b7a1a72bef,1.95,,86000000
2026-05-28 12:30:51.120,2026/05/28/[$LATEST]97a954105e44466ba126f05fc7a8e643,1.96,,86000000
2026-05-28 12:30:51.122,2026/05/28/[$LATEST]96c6e01348cf4245968782a1abd6eaeb,1.76,,85000000
2026-05-28 12:30:51.124,2026/05/28/[$LATEST]2faaf80cfd9d45a1b10ad92bea2bdc23,10.93,,86000000
2026-05-28 12:30:51.125,2026/05/28/[$LATEST]645d0a3985b047aa91261d33b7d29c16,1.6,,86000000
2026-05-28 12:30:51.125,2026/05/28/[$LATEST]691a822430384f5ab79537a661223d95,1.85,,85000000
2026-05-28 12:30:51.127,2026/05/28/[$LATEST]4c865db2928045c5b55b6820a532569d,2.01,,86000000
2026-05-28 12:30:51.129,2026/05/28/[$LATEST]8780bb004b644eb6be10188e8ec3da12,2.45,,86000000
2026-05-28 12:30:51.131,2026/05/28/[$LATEST]681fa47a762e48919d6814f2dfb42c0c,1.86,,85000000
2026-05-28 12:30:51.133,2026/05/28/[$LATEST]09b41d5fd2894f389e30ae58462b1250,1.72,,85000000
2026-05-28 12:30:51.134,2026/05/28/[$LATEST]4f6d928700b0454089f4d3ba5806fd95,1.78,,85000000
2026-05-28 12:30:51.135,2026/05/28/[$LATEST]15737d93c14242db96065ddfaa294dc4,1.58,,85000000
2026-05-28 12:30:51.138,2026/05/28/[$LATEST]645d0a3985b047aa91261d33b7d29c16,6.71,,86000000
2026-05-28 12:30:51.139,2026/05/28/[$LATEST]07ffab9544874a0f9ad2ce95d2a41d2e,2.12,,85000000
2026-05-28 12:30:51.140,2026/05/28/[$LATEST]96c6e01348cf4245968782a1abd6eaeb,9.44,,85000000
2026-05-28 12:30:51.140,2026/05/28/[$LATEST]97a954105e44466ba126f05fc7a8e643,4.69,,86000000
2026-05-28 12:30:51.142,2026/05/28/[$LATEST]09b41d5fd2894f389e30ae58462b1250,1.35,,85000000
2026-05-28 12:30:51.142,2026/05/28/[$LATEST]691a822430384f5ab79537a661223d95,8.21,,85000000
2026-05-28 12:30:51.143,2026/05/28/[$LATEST]4c865db2928045c5b55b6820a532569d,2.1,,86000000
2026-05-28 12:30:51.150,2026/05/28/[$LATEST]8780bb004b644eb6be10188e8ec3da12,2.68,,86000000
2026-05-28 12:30:51.150,2026/05/28/[$LATEST]681fa47a762e48919d6814f2dfb42c0c,13.15,,85000000
2026-05-28 12:30:51.153,2026/05/28/[$LATEST]15737d93c14242db96065ddfaa294dc4,12.07,,85000000
2026-05-28 12:30:51.158,2026/05/28/[$LATEST]645d0a3985b047aa91261d33b7d29c16,13.84,,86000000
2026-05-28 12:30:51.166,2026/05/28/[$LATEST]4c865db2928045c5b55b6820a532569d,1.94,,86000000
2026-05-28 12:30:51.169,2026/05/28/[$LATEST]97a954105e44466ba126f05fc7a8e643,1.9,,86000000
2026-05-28 12:30:51.170,2026/05/28/[$LATEST]681fa47a762e48919d6814f2dfb42c0c,12.04,,85000000
2026-05-28 12:30:51.170,2026/05/28/[$LATEST]8780bb004b644eb6be10188e8ec3da12,8.29,,86000000
2026-05-28 12:30:51.172,2026/05/28/[$LATEST]15737d93c14242db96065ddfaa294dc4,2,,85000000
2026-05-28 12:30:51.180,2026/05/28/[$LATEST]2faaf80cfd9d45a1b10ad92bea2bdc23,1.65,,86000000
2026-05-28 12:30:51.180,2026/05/28/[$LATEST]645d0a3985b047aa91261d33b7d29c16,1.62,,86000000
2026-05-28 12:30:51.190,2026/05/28/[$LATEST]681fa47a762e48919d6814f2dfb42c0c,3.41,,85000000
2026-05-28 12:30:51.191,2026/05/28/[$LATEST]8780bb004b644eb6be10188e8ec3da12,2.05,,86000000
2026-05-28 12:30:51.192,2026/05/28/[$LATEST]4c865db2928045c5b55b6820a532569d,17.27,,86000000
2026-05-28 12:30:51.192,2026/05/28/[$LATEST]15737d93c14242db96065ddfaa294dc4,10.54,,85000000
2026-05-28 12:30:51.196,2026/05/28/[$LATEST]2faaf80cfd9d45a1b10ad92bea2bdc23,1.73,,86000000
2026-05-28 12:30:51.198,2026/05/28/[$LATEST]645d0a3985b047aa91261d33b7d29c16,11.85,,86000000
2026-05-28 12:30:51.204,2026/05/28/[$LATEST]15737d93c14242db96065ddfaa294dc4,1.72,,85000000
2026-05-28 12:30:51.205,2026/05/28/[$LATEST]2faaf80cfd9d45a1b10ad92bea2bdc23,1.75,,86000000
2026-05-28 12:30:51.210,2026/05/28/[$LATEST]97a954105e44466ba126f05fc7a8e643,2.01,,86000000
2026-05-28 12:30:51.211,2026/05/28/[$LATEST]4c865db2928045c5b55b6820a532569d,2.09,,86000000
2026-05-28 12:30:51.212,2026/05/28/[$LATEST]8780bb004b644eb6be10188e8ec3da12,2.17,,86000000
2026-05-28 12:30:51.217,2026/05/28/[$LATEST]15737d93c14242db96065ddfaa294dc4,1.64,,85000000
2026-05-28 12:30:51.220,2026/05/28/[$LATEST]645d0a3985b047aa91261d33b7d29c16,1.73,,86000000
2026-05-28 12:30:51.221,2026/05/28/[$LATEST]681fa47a762e48919d6814f2dfb42c0c,1.8,,85000000
2026-05-28 12:30:51.233,2026/05/28/[$LATEST]15737d93c14242db96065ddfaa294dc4,9.81,,85000000
2026-05-28 12:30:51.241,2026/05/28/[$LATEST]691a822430384f5ab79537a661223d95,21.42,,85000000
2026-05-28 12:30:51.249,2026/05/28/[$LATEST]4c865db2928045c5b55b6820a532569d,1.94,,86000000
2026-05-28 12:30:51.251,2026/05/28/[$LATEST]8780bb004b644eb6be10188e8ec3da12,1.88,,86000000
2026-05-28 12:30:51.258,2026/05/28/[$LATEST]2faaf80cfd9d45a1b10ad92bea2bdc23,1.67,,86000000
2026-05-28 12:30:51.261,2026/05/28/[$LATEST]15737d93c14242db96065ddfaa294dc4,1.62,,85000000
2026-05-28 12:30:51.262,2026/05/28/[$LATEST]691a822430384f5ab79537a661223d95,9.49,,85000000
2026-05-28 12:30:51.267,2026/05/28/[$LATEST]97a954105e44466ba126f05fc7a8e643,8.05,,86000000
2026-05-28 12:30:51.273,2026/05/28/[$LATEST]2faaf80cfd9d45a1b10ad92bea2bdc23,1.63,,86000000
2026-05-28 12:30:51.274,2026/05/28/[$LATEST]4c865db2928045c5b55b6820a532569d,1.84,,86000000
2026-05-28 12:30:51.282,2026/05/28/[$LATEST]691a822430384f5ab79537a661223d95,13.45,,85000000
2026-05-28 12:30:51.283,2026/05/28/[$LATEST]97a954105e44466ba126f05fc7a8e643,10.51,,86000000
2026-05-28 12:30:51.287,2026/05/28/[$LATEST]15737d93c14242db96065ddfaa294dc4,1.69,,85000000
2026-05-28 12:30:51.290,2026/05/28/[$LATEST]8780bb004b644eb6be10188e8ec3da12,18.14,,86000000
2026-05-28 12:30:51.297,2026/05/28/[$LATEST]645d0a3985b047aa91261d33b7d29c16,1.78,,86000000
2026-05-28 12:30:51.299,2026/05/28/[$LATEST]09b41d5fd2894f389e30ae58462b1250,1.58,,85000000
2026-05-28 12:30:51.300,2026/05/28/[$LATEST]cfb0e958f4874281914ba0b7a1a72bef,17.15,,86000000
2026-05-28 12:30:51.301,2026/05/28/[$LATEST]691a822430384f5ab79537a661223d95,9.73,,85000000
2026-05-28 12:30:51.307,2026/05/28/[$LATEST]97a954105e44466ba126f05fc7a8e643,1.88,,86000000
2026-05-28 12:30:51.310,2026/05/28/[$LATEST]4c865db2928045c5b55b6820a532569d,1.83,,86000000
2026-05-28 12:30:51.311,2026/05/28/[$LATEST]8780bb004b644eb6be10188e8ec3da12,14.59,,86000000
2026-05-28 12:30:51.313,2026/05/28/[$LATEST]15737d93c14242db96065ddfaa294dc4,19.82,,85000000
2026-05-28 12:30:51.317,2026/05/28/[$LATEST]09b41d5fd2894f389e30ae58462b1250,1.63,,85000000
2026-05-28 12:30:51.322,2026/05/28/[$LATEST]97a954105e44466ba126f05fc7a8e643,6.07,,86000000
2026-05-28 12:30:51.328,2026/05/28/[$LATEST]645d0a3985b047aa91261d33b7d29c16,1.78,,86000000
2026-05-28 12:30:51.330,2026/05/28/[$LATEST]681fa47a762e48919d6814f2dfb42c0c,41.87,,85000000
2026-05-28 12:30:51.333,2026/05/28/[$LATEST]15737d93c14242db96065ddfaa294dc4,13.61,,85000000
2026-05-28 12:30:51.333,2026/05/28/[$LATEST]09b41d5fd2894f389e30ae58462b1250,9.9,,85000000
2026-05-28 12:30:51.340,2026/05/28/[$LATEST]691a822430384f5ab79537a661223d95,9.09,,85000000
2026-05-28 12:30:51.341,2026/05/28/[$LATEST]97a954105e44466ba126f05fc7a8e643,5.83,,86000000
2026-05-28 12:30:51.350,2026/05/28/[$LATEST]8780bb004b644eb6be10188e8ec3da12,6.35,,86000000
2026-05-28 12:30:51.351,2026/05/28/[$LATEST]691a822430384f5ab79537a661223d95,2.2,,85000000
2026-05-28 12:30:51.353,2026/05/28/[$LATEST]09b41d5fd2894f389e30ae58462b1250,8.93,,85000000
2026-05-28 12:30:51.362,2026/05/28/[$LATEST]09b41d5fd2894f389e30ae58462b1250,1.53,,85000000
2026-05-28 12:30:51.363,2026/05/28/[$LATEST]8780bb004b644eb6be10188e8ec3da12,1.96,,86000000
2026-05-28 12:30:51.367,2026/05/28/[$LATEST]691a822430384f5ab79537a661223d95,1.79,,85000000
2026-05-28 12:30:51.368,2026/05/28/[$LATEST]4c865db2928045c5b55b6820a532569d,3.35,,86000000
2026-05-28 12:30:51.369,2026/05/28/[$LATEST]cfb0e958f4874281914ba0b7a1a72bef,2.24,,86000000
2026-05-28 12:30:51.372,2026/05/28/[$LATEST]8780bb004b644eb6be10188e8ec3da12,2.43,,86000000
2026-05-28 12:30:51.378,2026/05/28/[$LATEST]2faaf80cfd9d45a1b10ad92bea2bdc23,1.62,,86000000
2026-05-28 12:30:51.382,2026/05/28/[$LATEST]97a954105e44466ba126f05fc7a8e643,2.15,,86000000
2026-05-28 12:30:51.407,2026/05/28/[$LATEST]691a822430384f5ab79537a661223d95,2.03,,85000000
2026-05-28 12:30:51.407,2026/05/28/[$LATEST]97a954105e44466ba126f05fc7a8e643,1.94,,86000000
2026-05-28 12:30:51.408,2026/05/28/[$LATEST]2faaf80cfd9d45a1b10ad92bea2bdc23,1.6,,86000000
2026-05-28 12:30:51.414,2026/05/28/[$LATEST]cfb0e958f4874281914ba0b7a1a72bef,1.92,,86000000
2026-05-28 12:30:51.414,2026/05/28/[$LATEST]8780bb004b644eb6be10188e8ec3da12,1.84,,86000000
2026-05-28 12:30:51.422,2026/05/28/[$LATEST]cfb0e958f4874281914ba0b7a1a72bef,1.7,,86000000
2026-05-28 12:30:51.424,2026/05/28/[$LATEST]2faaf80cfd9d45a1b10ad92bea2bdc23,5.33,,86000000
2026-05-28 12:30:51.426,2026/05/28/[$LATEST]4c865db2928045c5b55b6820a532569d,1.77,,86000000
2026-05-28 12:30:51.427,2026/05/28/[$LATEST]97a954105e44466ba126f05fc7a8e643,2.74,,86000000
2026-05-28 12:30:51.427,2026/05/28/[$LATEST]cdb8a0d50aa64c6485a0abe0d3813eb6,2.32,,86000000
2026-05-28 12:30:51.431,2026/05/28/[$LATEST]8780bb004b644eb6be10188e8ec3da12,6.08,,86000000
2026-05-28 12:30:51.431,2026/05/28/[$LATEST]691a822430384f5ab79537a661223d95,1.8,,85000000
2026-05-28 12:30:51.434,2026/05/28/[$LATEST]09b41d5fd2894f389e30ae58462b1250,2.38,,85000000
2026-05-28 12:30:51.434,2026/05/28/[$LATEST]15737d93c14242db96065ddfaa294dc4,1.84,,85000000
2026-05-28 12:30:51.438,2026/05/28/[$LATEST]681fa47a762e48919d6814f2dfb42c0c,2.08,,85000000
2026-05-28 12:30:51.441,2026/05/28/[$LATEST]cfb0e958f4874281914ba0b7a1a72bef,12.07,,86000000
2026-05-28 12:30:51.442,2026/05/28/[$LATEST]691a822430384f5ab79537a661223d95,2.04,,85000000
2026-05-28 12:30:51.445,2026/05/28/[$LATEST]cdb8a0d50aa64c6485a0abe0d3813eb6,1.91,,86000000
2026-05-28 12:30:51.451,2026/05/28/[$LATEST]681fa47a762e48919d6814f2dfb42c0c,5.37,,85000000
2026-05-28 12:30:51.453,2026/05/28/[$LATEST]09b41d5fd2894f389e30ae58462b1250,11.56,,85000000
2026-05-28 12:30:51.460,2026/05/28/[$LATEST]cfb0e958f4874281914ba0b7a1a72bef,1.87,,86000000
2026-05-28 12:30:51.462,2026/05/28/[$LATEST]cdb8a0d50aa64c6485a0abe0d3813eb6,2.25,,86000000
2026-05-28 12:30:51.470,2026/05/28/[$LATEST]8780bb004b644eb6be10188e8ec3da12,16.9,,86000000
2026-05-28 12:30:51.474,2026/05/28/[$LATEST]09b41d5fd2894f389e30ae58462b1250,10.88,,85000000
2026-05-28 12:30:51.483,2026/05/28/[$LATEST]681fa47a762e48919d6814f2dfb42c0c,2.95,,85000000
2026-05-28 12:30:51.485,2026/05/28/[$LATEST]cfb0e958f4874281914ba0b7a1a72bef,1.93,,86000000
2026-05-28 12:30:51.486,2026/05/28/[$LATEST]cdb8a0d50aa64c6485a0abe0d3813eb6,2.38,,86000000
2026-05-28 12:30:51.488,2026/05/28/[$LATEST]97a954105e44466ba126f05fc7a8e643,2.04,,86000000
2026-05-28 12:30:51.490,2026/05/28/[$LATEST]8780bb004b644eb6be10188e8ec3da12,2.59,,86000000
2026-05-28 12:30:51.491,2026/05/28/[$LATEST]681fa47a762e48919d6814f2dfb42c0c,1.53,,85000000
2026-05-28 12:30:51.492,2026/05/28/[$LATEST]4c865db2928045c5b55b6820a532569d,1.81,,86000000
2026-05-28 12:30:51.493,2026/05/28/[$LATEST]2faaf80cfd9d45a1b10ad92bea2bdc23,1.69,,86000000
2026-05-28 12:30:51.493,2026/05/28/[$LATEST]09b41d5fd2894f389e30ae58462b1250,2.8,,85000000
2026-05-28 12:30:51.497,2026/05/28/[$LATEST]691a822430384f5ab79537a661223d95,2.11,,85000000
2026-05-28 12:30:51.501,2026/05/28/[$LATEST]97a954105e44466ba126f05fc7a8e643,6.47,,86000000
2026-05-28 12:30:51.504,2026/05/28/[$LATEST]09b41d5fd2894f389e30ae58462b1250,1.75,,85000000
2026-05-28 12:30:51.505,2026/05/28/[$LATEST]2faaf80cfd9d45a1b10ad92bea2bdc23,1.61,,86000000
2026-05-28 12:30:51.517,2026/05/28/[$LATEST]09b41d5fd2894f389e30ae58462b1250,1.59,,85000000
2026-05-28 12:30:51.520,2026/05/28/[$LATEST]2faaf80cfd9d45a1b10ad92bea2bdc23,1.57,,86000000
2026-05-28 12:30:51.521,2026/05/28/[$LATEST]97a954105e44466ba126f05fc7a8e643,2.15,,86000000
2026-05-28 12:30:51.529,2026/05/28/[$LATEST]97a954105e44466ba126f05fc7a8e643,2.01,,86000000
2026-05-28 12:30:51.530,2026/05/28/[$LATEST]8780bb004b644eb6be10188e8ec3da12,4.22,,86000000
2026-05-28 12:30:51.532,2026/05/28/[$LATEST]4c865db2928045c5b55b6820a532569d,6.3,,86000000
2026-05-28 12:30:51.533,2026/05/28/[$LATEST]09b41d5fd2894f389e30ae58462b1250,8.84,,85000000
2026-05-28 12:30:51.534,2026/05/28/[$LATEST]cdb8a0d50aa64c6485a0abe0d3813eb6,1.79,,86000000
2026-05-28 12:30:51.534,2026/05/28/[$LATEST]2faaf80cfd9d45a1b10ad92bea2bdc23,1.59,,86000000
2026-05-28 12:30:51.547,2026/05/28/[$LATEST]2faaf80cfd9d45a1b10ad92bea2bdc23,1.79,,86000000
2026-05-28 12:30:51.555,2026/05/28/[$LATEST]09b41d5fd2894f389e30ae58462b1250,1.69,,85000000
2026-05-28 12:30:51.564,2026/05/28/[$LATEST]2faaf80cfd9d45a1b10ad92bea2bdc23,9.16,,86000000
2026-05-28 12:30:51.570,2026/05/28/[$LATEST]cdb8a0d50aa64c6485a0abe0d3813eb6,2.14,,86000000
2026-05-28 12:30:51.573,2026/05/28/[$LATEST]09b41d5fd2894f389e30ae58462b1250,5.51,,85000000
2026-05-28 12:30:51.580,2026/05/28/[$LATEST]681fa47a762e48919d6814f2dfb42c0c,1.84,,85000000
2026-05-28 12:30:51.580,2026/05/28/[$LATEST]691a822430384f5ab79537a661223d95,3.76,,85000000
2026-05-28 12:30:51.583,2026/05/28/[$LATEST]2faaf80cfd9d45a1b10ad92bea2bdc23,1.66,,86000000
2026-05-28 12:30:51.590,2026/05/28/[$LATEST]691a822430384f5ab79537a661223d95,2.08,,85000000
2026-05-28 12:30:51.591,2026/05/28/[$LATEST]681fa47a762e48919d6814f2dfb42c0c,2.5,,85000000
2026-05-28 12:30:51.592,2026/05/28/[$LATEST]09b41d5fd2894f389e30ae58462b1250,1.51,,85000000
2026-05-28 12:30:51.593,2026/05/28/[$LATEST]2faaf80cfd9d45a1b10ad92bea2bdc23,1.61,,86000000
2026-05-28 12:30:51.602,2026/05/28/[$LATEST]691a822430384f5ab79537a661223d95,5.33,,85000000
2026-05-28 12:30:51.602,2026/05/28/[$LATEST]09b41d5fd2894f389e30ae58462b1250,1.36,,85000000
2026-05-28 12:30:51.604,2026/05/28/[$LATEST]2faaf80cfd9d45a1b10ad92bea2bdc23,4.88,,86000000
2026-05-28 12:30:51.612,2026/05/28/[$LATEST]681fa47a762e48919d6814f2dfb42c0c,8.86,,85000000
2026-05-28 12:30:51.631,2026/05/28/[$LATEST]2faaf80cfd9d45a1b10ad92bea2bdc23,1.9,,86000000
2026-05-28 12:30:51.638,2026/05/28/[$LATEST]681fa47a762e48919d6814f2dfb42c0c,1.84,,85000000
2026-05-28 12:30:51.645,2026/05/28/[$LATEST]2faaf80cfd9d45a1b10ad92bea2bdc23,3.84,,86000000
2026-05-28 12:30:51.649,2026/05/28/[$LATEST]cdb8a0d50aa64c6485a0abe0d3813eb6,1.88,,86000000
2026-05-28 12:30:51.667,2026/05/28/[$LATEST]681fa47a762e48919d6814f2dfb42c0c,1.62,,85000000
2026-05-28 12:30:51.671,2026/05/28/[$LATEST]cdb8a0d50aa64c6485a0abe0d3813eb6,1.85,,86000000
2026-05-28 12:30:51.671,2026/05/28/[$LATEST]2faaf80cfd9d45a1b10ad92bea2bdc23,1.76,,86000000
2026-05-28 12:30:51.673,2026/05/28/[$LATEST]4c865db2928045c5b55b6820a532569d,2.23,,86000000
2026-05-28 12:30:51.674,2026/05/28/[$LATEST]681fa47a762e48919d6814f2dfb42c0c,1.61,,85000000
2026-05-28 12:30:51.675,2026/05/28/[$LATEST]97a954105e44466ba126f05fc7a8e643,1.65,,86000000
2026-05-28 12:30:51.676,2026/05/28/[$LATEST]cfb0e958f4874281914ba0b7a1a72bef,1.76,,86000000
2026-05-28 12:30:51.682,2026/05/28/[$LATEST]691a822430384f5ab79537a661223d95,9.55,,85000000
2026-05-28 12:30:51.686,2026/05/28/[$LATEST]cfb0e958f4874281914ba0b7a1a72bef,1.69,,86000000
2026-05-28 12:30:51.691,2026/05/28/[$LATEST]681fa47a762e48919d6814f2dfb42c0c,8.82,,85000000
2026-05-28 12:30:51.692,2026/05/28/[$LATEST]97a954105e44466ba126f05fc7a8e643,1.84,,86000000
2026-05-28 12:30:51.699,2026/05/28/[$LATEST]8780bb004b644eb6be10188e8ec3da12,22.89,,86000000
2026-05-28 12:30:51.701,2026/05/28/[$LATEST]cfb0e958f4874281914ba0b7a1a72bef,8.15,,86000000
2026-05-28 12:30:51.702,2026/05/28/[$LATEST]691a822430384f5ab79537a661223d95,9.28,,85000000
2026-05-28 12:30:51.703,2026/05/28/[$LATEST]09b41d5fd2894f389e30ae58462b1250,1.8,,85000000
2026-05-28 12:30:51.710,2026/05/28/[$LATEST]4c865db2928045c5b55b6820a532569d,24.87,,86000000
2026-05-28 12:30:51.713,2026/05/28/[$LATEST]681fa47a762e48919d6814f2dfb42c0c,1.61,,85000000
2026-05-28 12:30:51.717,2026/05/28/[$LATEST]09b41d5fd2894f389e30ae58462b1250,1.63,,85000000
2026-05-28 12:30:51.729,2026/05/28/[$LATEST]4c865db2928045c5b55b6820a532569d,2.59,,86000000
2026-05-28 12:30:51.731,2026/05/28/[$LATEST]681fa47a762e48919d6814f2dfb42c0c,3.68,,85000000
2026-05-28 12:30:51.732,2026/05/28/[$LATEST]691a822430384f5ab79537a661223d95,2.12,,85000000
2026-05-28 12:30:51.733,2026/05/28/[$LATEST]09b41d5fd2894f389e30ae58462b1250,9.93,,85000000
2026-05-28 12:30:51.734,2026/05/28/[$LATEST]cfb0e958f4874281914ba0b7a1a72bef,1.83,,86000000
2026-05-28 12:30:51.737,2026/05/28/[$LATEST]4c865db2928045c5b55b6820a532569d,1.74,,86000000
2026-05-28 12:30:51.738,2026/05/28/[$LATEST]8780bb004b644eb6be10188e8ec3da12,2.3,,86000000
2026-05-28 12:30:51.740,2026/05/28/[$LATEST]15737d93c14242db96065ddfaa294dc4,3.86,,85000000
2026-05-28 12:30:51.741,2026/05/28/[$LATEST]09b41d5fd2894f389e30ae58462b1250,1.45,,85000000
2026-05-28 12:30:51.742,2026/05/28/[$LATEST]691a822430384f5ab79537a661223d95,2.85,,85000000
2026-05-28 12:30:51.744,2026/05/28/[$LATEST]cfb0e958f4874281914ba0b7a1a72bef,1.84,,86000000
2026-05-28 12:30:51.761,2026/05/28/[$LATEST]cfb0e958f4874281914ba0b7a1a72bef,3.25,,86000000
2026-05-28 12:30:51.763,2026/05/28/[$LATEST]8780bb004b644eb6be10188e8ec3da12,2.03,,86000000
2026-05-28 12:30:51.768,2026/05/28/[$LATEST]691a822430384f5ab79537a661223d95,2.04,,85000000
2026-05-28 12:30:51.780,2026/05/28/[$LATEST]cfb0e958f4874281914ba0b7a1a72bef,1.89,,86000000
2026-05-28 12:30:51.783,2026/05/28/[$LATEST]8780bb004b644eb6be10188e8ec3da12,2.72,,86000000
2026-05-28 12:30:51.783,2026/05/28/[$LATEST]691a822430384f5ab79537a661223d95,7.85,,85000000
2026-05-28 12:30:51.789,2026/05/28/[$LATEST]cfb0e958f4874281914ba0b7a1a72bef,2.02,,86000000
2026-05-28 12:30:51.789,2026/05/28/[$LATEST]09b41d5fd2894f389e30ae58462b1250,1.89,,85000000
2026-05-28 12:30:51.793,2026/05/28/[$LATEST]4c865db2928045c5b55b6820a532569d,2.13,,86000000
2026-05-28 12:30:51.796,2026/05/28/[$LATEST]09b41d5fd2894f389e30ae58462b1250,1.48,,85000000
2026-05-28 12:30:51.802,2026/05/28/[$LATEST]15737d93c14242db96065ddfaa294dc4,1.87,,85000000
2026-05-28 12:30:51.802,2026/05/28/[$LATEST]cfb0e958f4874281914ba0b7a1a72bef,2.08,,86000000
2026-05-28 12:30:51.805,2026/05/28/[$LATEST]691a822430384f5ab79537a661223d95,13.57,,85000000
2026-05-28 12:30:51.811,2026/05/28/[$LATEST]8780bb004b644eb6be10188e8ec3da12,10.23,,86000000
2026-05-28 12:30:51.822,2026/05/28/[$LATEST]cfb0e958f4874281914ba0b7a1a72bef,8.1,,86000000
2026-05-28 12:30:51.823,2026/05/28/[$LATEST]691a822430384f5ab79537a661223d95,2.02,,85000000
2026-05-28 12:30:51.830,2026/05/28/[$LATEST]8780bb004b644eb6be10188e8ec3da12,2.92,,86000000
2026-05-28 12:30:51.835,2026/05/28/[$LATEST]15737d93c14242db96065ddfaa294dc4,12.43,,85000000
2026-05-28 12:30:51.836,2026/05/28/[$LATEST]09b41d5fd2894f389e30ae58462b1250,1.73,,85000000
2026-05-28 12:30:51.842,2026/05/28/[$LATEST]cfb0e958f4874281914ba0b7a1a72bef,1.89,,86000000
2026-05-28 12:30:51.842,2026/05/28/[$LATEST]691a822430384f5ab79537a661223d95,8.65,,85000000
2026-05-28 12:30:51.844,2026/05/28/[$LATEST]4c865db2928045c5b55b6820a532569d,1.99,,86000000
2026-05-28 12:30:51.846,2026/05/28/[$LATEST]97a954105e44466ba126f05fc7a8e643,2.14,,86000000
2026-05-28 12:30:51.850,2026/05/28/[$LATEST]681fa47a762e48919d6814f2dfb42c0c,2.07,,85000000
2026-05-28 12:30:51.853,2026/05/28/[$LATEST]09b41d5fd2894f389e30ae58462b1250,9.81,,85000000
2026-05-28 12:30:51.853,2026/05/28/[$LATEST]8780bb004b644eb6be10188e8ec3da12,9.67,,86000000
2026-05-28 12:30:51.853,2026/05/28/[$LATEST]2faaf80cfd9d45a1b10ad92bea2bdc23,1.84,,86000000
2026-05-28 12:30:51.854,2026/05/28/[$LATEST]cdb8a0d50aa64c6485a0abe0d3813eb6,8.25,,86000000
2026-05-28 12:30:51.854,2026/05/28/[$LATEST]15737d93c14242db96065ddfaa294dc4,1.99,,85000000
2026-05-28 12:30:51.862,2026/05/28/[$LATEST]97a954105e44466ba126f05fc7a8e643,9.14,,86000000
2026-05-28 12:30:51.874,2026/05/28/[$LATEST]09b41d5fd2894f389e30ae58462b1250,1.51,,85000000
2026-05-28 12:30:51.875,2026/05/28/[$LATEST]15737d93c14242db96065ddfaa294dc4,1.9,,85000000
2026-05-28 12:30:51.875,2026/05/28/[$LATEST]681fa47a762e48919d6814f2dfb42c0c,2.01,,85000000
2026-05-28 12:30:51.882,2026/05/28/[$LATEST]691a822430384f5ab79537a661223d95,1.99,,85000000
2026-05-28 12:30:51.887,2026/05/28/[$LATEST]97a954105e44466ba126f05fc7a8e643,1.92,,86000000
2026-05-28 12:30:51.892,2026/05/28/[$LATEST]681fa47a762e48919d6814f2dfb42c0c,1.99,,85000000
2026-05-28 12:30:51.893,2026/05/28/[$LATEST]645d0a3985b047aa91261d33b7d29c16,1.61,,86000000
2026-05-28 12:30:51.893,2026/05/28/[$LATEST]09b41d5fd2894f389e30ae58462b1250,9.04,,85000000
2026-05-28 12:30:51.894,2026/05/28/[$LATEST]15737d93c14242db96065ddfaa294dc4,10.6,,85000000
2026-05-28 12:30:51.899,2026/05/28/[$LATEST]96c6e01348cf4245968782a1abd6eaeb,1.74,,85000000
2026-05-28 12:30:51.901,2026/05/28/[$LATEST]691a822430384f5ab79537a661223d95,10.11,,85000000
2026-05-28 12:30:51.905,2026/05/28/[$LATEST]09b41d5fd2894f389e30ae58462b1250,1.72,,85000000
2026-05-28 12:30:51.913,2026/05/28/[$LATEST]15737d93c14242db96065ddfaa294dc4,8.39,,85000000
2026-05-28 12:30:51.915,2026/05/28/[$LATEST]09b41d5fd2894f389e30ae58462b1250,1.47,,85000000
2026-05-28 12:30:51.932,2026/05/28/[$LATEST]8780bb004b644eb6be10188e8ec3da12,28.15,,86000000
2026-05-28 12:30:51.934,2026/05/28/[$LATEST]09b41d5fd2894f389e30ae58462b1250,1.82,,85000000
2026-05-28 12:30:51.934,2026/05/28/[$LATEST]15737d93c14242db96065ddfaa294dc4,1.62,,85000000
2026-05-28 12:30:51.938,2026/05/28/[$LATEST]97a954105e44466ba126f05fc7a8e643,2.18,,86000000
2026-05-28 12:30:51.953,2026/05/28/[$LATEST]09b41d5fd2894f389e30ae58462b1250,4.27,,85000000
2026-05-28 12:30:51.954,2026/05/28/[$LATEST]15737d93c14242db96065ddfaa294dc4,8.64,,85000000
2026-05-28 12:30:51.957,2026/05/28/[$LATEST]97a954105e44466ba126f05fc7a8e643,1.79,,86000000
2026-05-28 12:30:51.969,2026/05/28/[$LATEST]691a822430384f5ab79537a661223d95,11.91,,85000000
2026-05-28 12:30:51.974,2026/05/28/[$LATEST]15737d93c14242db96065ddfaa294dc4,1.87,,85000000
2026-05-28 12:30:51.994,2026/05/28/[$LATEST]15737d93c14242db96065ddfaa294dc4,5.5,,85000000
2026-05-28 12:30:51.995,2026/05/28/[$LATEST]09b41d5fd2894f389e30ae58462b1250,1.73,,85000000
2026-05-28 12:30:52.003,2026/05/28/[$LATEST]691a822430384f5ab79537a661223d95,20.2,,85000000
2026-05-28 12:30:52.004,2026/05/28/[$LATEST]97a954105e44466ba126f05fc7a8e643,2.07,,86000000
2026-05-28 12:30:52.013,2026/05/28/[$LATEST]15737d93c14242db96065ddfaa294dc4,7.13,,85000000
2026-05-28 12:30:52.014,2026/05/28/[$LATEST]09b41d5fd2894f389e30ae58462b1250,10.6,,85000000
2026-05-28 12:30:52.022,2026/05/28/[$LATEST]691a822430384f5ab79537a661223d95,13.26,,85000000
2026-05-28 12:30:52.023,2026/05/28/[$LATEST]97a954105e44466ba126f05fc7a8e643,1.75,,86000000
2026-05-28 12:30:52.024,2026/05/28/[$LATEST]2faaf80cfd9d45a1b10ad92bea2bdc23,1.55,,86000000
2026-05-28 12:30:52.025,2026/05/28/[$LATEST]cdb8a0d50aa64c6485a0abe0d3813eb6,2.19,,86000000
2026-05-28 12:30:52.028,2026/05/28/[$LATEST]cfb0e958f4874281914ba0b7a1a72bef,1.75,,86000000
2026-05-28 12:30:52.030,2026/05/28/[$LATEST]5724bbfcea774384b83b606c0c42d806,2.24,,86000000
2026-05-28 12:30:52.033,2026/05/28/[$LATEST]8780bb004b644eb6be10188e8ec3da12,8.3,,86000000
2026-05-28 12:30:52.033,2026/05/28/[$LATEST]4c865db2928045c5b55b6820a532569d,4.75,,86000000
2026-05-28 12:30:52.033,2026/05/28/[$LATEST]15737d93c14242db96065ddfaa294dc4,3.84,,85000000
2026-05-28 12:30:52.033,2026/05/28/[$LATEST]09b41d5fd2894f389e30ae58462b1250,7.98,,85000000
2026-05-28 12:30:52.033,2026/05/28/[$LATEST]cdb8a0d50aa64c6485a0abe0d3813eb6,1.64,,86000000
2026-05-28 12:30:52.036,2026/05/28/[$LATEST]af1260d7b29a4081bdccf63925032932,2.06,,86000000
2026-05-28 12:30:52.037,2026/05/28/[$LATEST]2faaf80cfd9d45a1b10ad92bea2bdc23,1.46,,86000000
2026-05-28 12:30:52.040,2026/05/28/[$LATEST]97a954105e44466ba126f05fc7a8e643,2.31,,86000000
2026-05-28 12:30:52.041,2026/05/28/[$LATEST]cfb0e958f4874281914ba0b7a1a72bef,5.9,,86000000
2026-05-28 12:30:52.041,2026/05/28/[$LATEST]691a822430384f5ab79537a661223d95,9.42,,85000000
2026-05-28 12:30:52.048,2026/05/28/[$LATEST]97a954105e44466ba126f05fc7a8e643,1.83,,86000000
2026-05-28 12:30:52.049,2026/05/28/[$LATEST]96c6e01348cf4245968782a1abd6eaeb,2.4,,85000000
2026-05-28 12:30:52.049,2026/05/28/[$LATEST]645d0a3985b047aa91261d33b7d29c16,1.91,,86000000
2026-05-28 12:30:52.052,2026/05/28/[$LATEST]15737d93c14242db96065ddfaa294dc4,7.8,,85000000
2026-05-28 12:30:52.053,2026/05/28/[$LATEST]09b41d5fd2894f389e30ae58462b1250,9.89,,85000000
2026-05-28 12:30:52.062,2026/05/28/[$LATEST]691a822430384f5ab79537a661223d95,7.25,,85000000
2026-05-28 12:30:52.063,2026/05/28/[$LATEST]97a954105e44466ba126f05fc7a8e643,2.15,,86000000
2026-05-28 12:30:52.085,2026/05/28/[$LATEST]09b41d5fd2894f389e30ae58462b1250,1.85,,85000000
2026-05-28 12:30:52.086,2026/05/28/[$LATEST]691a822430384f5ab79537a661223d95,2.27,,85000000
2026-05-28 12:30:52.086,2026/05/28/[$LATEST]97a954105e44466ba126f05fc7a8e643,1.83,,86000000
2026-05-28 12:30:52.090,2026/05/28/[$LATEST]15737d93c14242db96065ddfaa294dc4,1.69,,85000000
2026-05-28 12:30:52.094,2026/05/28/[$LATEST]09b41d5fd2894f389e30ae58462b1250,1.68,,85000000
2026-05-28 12:30:52.097,2026/05/28/[$LATEST]15737d93c14242db96065ddfaa294dc4,2.01,,85000000
2026-05-28 12:30:52.112,2026/05/28/[$LATEST]97a954105e44466ba126f05fc7a8e643,1.9,,86000000
2026-05-28 12:30:52.125,2026/05/28/[$LATEST]15737d93c14242db96065ddfaa294dc4,2.03,,85000000
2026-05-28 12:30:52.125,2026/05/28/[$LATEST]cfb0e958f4874281914ba0b7a1a72bef,2.09,,86000000
2026-05-28 12:30:52.127,2026/05/28/[$LATEST]2faaf80cfd9d45a1b10ad92bea2bdc23,1.82,,86000000
2026-05-28 12:30:52.127,2026/05/28/[$LATEST]97a954105e44466ba126f05fc7a8e643,1.95,,86000000
2026-05-28 12:30:52.129,2026/05/28/[$LATEST]09b41d5fd2894f389e30ae58462b1250,1.9,,85000000
2026-05-28 12:30:52.130,2026/05/28/[$LATEST]af1260d7b29a4081bdccf63925032932,1.9,,86000000
2026-05-28 12:30:52.132,2026/05/28/[$LATEST]96c6e01348cf4245968782a1abd6eaeb,1.73,,85000000
2026-05-28 12:30:52.132,2026/05/28/[$LATEST]691a822430384f5ab79537a661223d95,1.94,,85000000
2026-05-28 12:30:52.132,2026/05/28/[$LATEST]15737d93c14242db96065ddfaa294dc4,2.13,,85000000
2026-05-28 12:30:52.141,2026/05/28/[$LATEST]cfb0e958f4874281914ba0b7a1a72bef,9.46,,86000000
2026-05-28 12:30:52.142,2026/05/28/[$LATEST]97a954105e44466ba126f05fc7a8e643,6.24,,86000000
2026-05-28 12:30:52.143,2026/05/28/[$LATEST]96c6e01348cf4245968782a1abd6eaeb,1.66,,85000000
2026-05-28 12:30:52.144,2026/05/28/[$LATEST]2faaf80cfd9d45a1b10ad92bea2bdc23,8.5,,86000000
2026-05-28 12:30:52.150,2026/05/28/[$LATEST]4c865db2928045c5b55b6820a532569d,20.18,,86000000
2026-05-28 12:30:52.160,2026/05/28/[$LATEST]96c6e01348cf4245968782a1abd6eaeb,1.72,,85000000
2026-05-28 12:30:52.162,2026/05/28/[$LATEST]15737d93c14242db96065ddfaa294dc4,1.75,,85000000
2026-05-28 12:30:52.166,2026/05/28/[$LATEST]4c865db2928045c5b55b6820a532569d,2.34,,86000000
2026-05-28 12:30:52.171,2026/05/28/[$LATEST]2faaf80cfd9d45a1b10ad92bea2bdc23,1.81,,86000000
2026-05-28 12:30:52.174,2026/05/28/[$LATEST]cfb0e958f4874281914ba0b7a1a72bef,1.78,,86000000
2026-05-28 12:30:52.176,2026/05/28/[$LATEST]97a954105e44466ba126f05fc7a8e643,2.19,,86000000
2026-05-28 12:30:52.177,2026/05/28/[$LATEST]4c865db2928045c5b55b6820a532569d,2.38,,86000000
2026-05-28 12:30:52.183,2026/05/28/[$LATEST]15737d93c14242db96065ddfaa294dc4,1.75,,85000000
2026-05-28 12:30:52.193,2026/05/28/[$LATEST]97a954105e44466ba126f05fc7a8e643,1.87,,86000000
2026-05-28 12:30:52.198,2026/05/28/[$LATEST]4c865db2928045c5b55b6820a532569d,2.61,,86000000
2026-05-28 12:30:52.198,2026/05/28/[$LATEST]15737d93c14242db96065ddfaa294dc4,1.77,,85000000
2026-05-28 12:30:52.204,2026/05/28/[$LATEST]97a954105e44466ba126f05fc7a8e643,1.9,,86000000
2026-05-28 12:30:52.216,2026/05/28/[$LATEST]96c6e01348cf4245968782a1abd6eaeb,2.01,,85000000
2026-05-28 12:30:52.217,2026/05/28/[$LATEST]cfb0e958f4874281914ba0b7a1a72bef,1.79,,86000000
2026-05-28 12:30:52.217,2026/05/28/[$LATEST]4c865db2928045c5b55b6820a532569d,1.83,,86000000
2026-05-28 12:30:52.217,2026/05/28/[$LATEST]15737d93c14242db96065ddfaa294dc4,10.78,,85000000
2026-05-28 12:30:52.220,2026/05/28/[$LATEST]691a822430384f5ab79537a661223d95,1.83,,85000000
2026-05-28 12:30:52.222,2026/05/28/[$LATEST]97a954105e44466ba126f05fc7a8e643,10.52,,86000000
2026-05-28 12:30:52.232,2026/05/28/[$LATEST]4c865db2928045c5b55b6820a532569d,1.99,,86000000
2026-05-28 12:30:52.236,2026/05/28/[$LATEST]691a822430384f5ab79537a661223d95,1.92,,85000000
2026-05-28 12:30:52.242,2026/05/28/[$LATEST]97a954105e44466ba126f05fc7a8e643,12.7,,86000000
2026-05-28 12:30:52.247,2026/05/28/[$LATEST]691a822430384f5ab79537a661223d95,1.88,,85000000
2026-05-28 12:30:52.250,2026/05/28/[$LATEST]09b41d5fd2894f389e30ae58462b1250,1.64,,85000000
2026-05-28 12:30:52.250,2026/05/28/[$LATEST]4c865db2928045c5b55b6820a532569d,8.42,,86000000
2026-05-28 12:30:52.250,2026/05/28/[$LATEST]96c6e01348cf4245968782a1abd6eaeb,1.82,,85000000
2026-05-28 12:30:52.252,2026/05/28/[$LATEST]15737d93c14242db96065ddfaa294dc4,4.23,,85000000
2026-05-28 12:30:52.254,2026/05/28/[$LATEST]cfb0e958f4874281914ba0b7a1a72bef,1.81,,86000000
2026-05-28 12:30:52.262,2026/05/28/[$LATEST]15737d93c14242db96065ddfaa294dc4,1.57,,85000000
2026-05-28 12:30:52.262,2026/05/28/[$LATEST]97a954105e44466ba126f05fc7a8e643,5.4,,86000000
2026-05-28 12:30:52.262,2026/05/28/[$LATEST]691a822430384f5ab79537a661223d95,8.04,,85000000
2026-05-28 12:30:52.265,2026/05/28/[$LATEST]09b41d5fd2894f389e30ae58462b1250,1.76,,85000000
2026-05-28 12:30:52.271,2026/05/28/[$LATEST]96c6e01348cf4245968782a1abd6eaeb,2.02,,85000000
2026-05-28 12:30:52.282,2026/05/28/[$LATEST]96c6e01348cf4245968782a1abd6eaeb,1.84,,85000000
2026-05-28 12:30:52.286,2026/05/28/[$LATEST]97a954105e44466ba126f05fc7a8e643,1.87,,86000000
2026-05-28 12:30:52.288,2026/05/28/[$LATEST]09b41d5fd2894f389e30ae58462b1250,1.79,,85000000
2026-05-28 12:30:52.295,2026/05/28/[$LATEST]09b41d5fd2894f389e30ae58462b1250,1.35,,85000000
2026-05-28 12:30:52.300,2026/05/28/[$LATEST]96c6e01348cf4245968782a1abd6eaeb,2.12,,85000000
2026-05-28 12:30:52.301,2026/05/28/[$LATEST]691a822430384f5ab79537a661223d95,1.99,,85000000
2026-05-28 12:30:52.303,2026/05/28/[$LATEST]15737d93c14242db96065ddfaa294dc4,1.81,,85000000
2026-05-28 12:30:52.308,2026/05/28/[$LATEST]97a954105e44466ba126f05fc7a8e643,5.92,,86000000
2026-05-28 12:30:52.312,2026/05/28/[$LATEST]09b41d5fd2894f389e30ae58462b1250,1.37,,85000000
2026-05-28 12:30:52.313,2026/05/28/[$LATEST]15737d93c14242db96065ddfaa294dc4,1.54,,85000000
2026-05-28 12:30:52.320,2026/05/28/[$LATEST]96c6e01348cf4245968782a1abd6eaeb,1.9,,85000000
2026-05-28 12:30:52.324,2026/05/28/[$LATEST]97a954105e44466ba126f05fc7a8e643,1.88,,86000000
2026-05-28 12:30:52.327,2026/05/28/[$LATEST]cfb0e958f4874281914ba0b7a1a72bef,1.75,,86000000
2026-05-28 12:30:52.332,2026/05/28/[$LATEST]4c865db2928045c5b55b6820a532569d,2.13,,86000000
2026-05-28 12:30:52.339,2026/05/28/[$LATEST]cfb0e958f4874281914ba0b7a1a72bef,1.96,,86000000
2026-05-28 12:30:52.340,2026/05/28/[$LATEST]96c6e01348cf4245968782a1abd6eaeb,4.99,,85000000
2026-05-28 12:30:52.342,2026/05/28/[$LATEST]15737d93c14242db96065ddfaa294dc4,2.01,,85000000
2026-05-28 12:30:52.342,2026/05/28/[$LATEST]97a954105e44466ba126f05fc7a8e643,2.64,,86000000
2026-05-28 12:30:52.345,2026/05/28/[$LATEST]2faaf80cfd9d45a1b10ad92bea2bdc23,1.73,,86000000
2026-05-28 12:30:52.348,2026/05/28/[$LATEST]96c6e01348cf4245968782a1abd6eaeb,1.68,,85000000
2026-05-28 12:30:52.350,2026/05/28/[$LATEST]4c865db2928045c5b55b6820a532569d,11.61,,86000000
2026-05-28 12:30:52.351,2026/05/28/[$LATEST]cfb0e958f4874281914ba0b7a1a72bef,3.46,,86000000
2026-05-28 12:30:52.353,2026/05/28/[$LATEST]15737d93c14242db96065ddfaa294dc4,1.64,,85000000
2026-05-28 12:30:52.362,2026/05/28/[$LATEST]96c6e01348cf4245968782a1abd6eaeb,1.73,,85000000
2026-05-28 12:30:52.364,2026/05/28/[$LATEST]2faaf80cfd9d45a1b10ad92bea2bdc23,9.78,,86000000
2026-05-28 12:30:52.370,2026/05/28/[$LATEST]cfb0e958f4874281914ba0b7a1a72bef,1.7,,86000000
2026-05-28 12:30:52.380,2026/05/28/[$LATEST]96c6e01348cf4245968782a1abd6eaeb,5.36,,85000000
2026-05-28 12:30:52.386,2026/05/28/[$LATEST]cfb0e958f4874281914ba0b7a1a72bef,1.77,,86000000
2026-05-28 12:30:52.386,2026/05/28/[$LATEST]15737d93c14242db96065ddfaa294dc4,1.85,,85000000
2026-05-28 12:30:52.389,2026/05/28/[$LATEST]2faaf80cfd9d45a1b10ad92bea2bdc23,1.67,,86000000
2026-05-28 12:30:52.394,2026/05/28/[$LATEST]4c865db2928045c5b55b6820a532569d,2,,86000000
2026-05-28 12:30:52.396,2026/05/28/[$LATEST]15737d93c14242db96065ddfaa294dc4,1.57,,85000000
2026-05-28 12:30:52.399,2026/05/28/[$LATEST]96c6e01348cf4245968782a1abd6eaeb,1.72,,85000000
2026-05-28 12:30:52.400,2026/05/28/[$LATEST]09b41d5fd2894f389e30ae58462b1250,1.84,,85000000
2026-05-28 12:30:52.401,2026/05/28/[$LATEST]cfb0e958f4874281914ba0b7a1a72bef,8.81,,86000000
2026-05-28 12:30:52.404,2026/05/28/[$LATEST]2faaf80cfd9d45a1b10ad92bea2bdc23,1.51,,86000000
2026-05-28 12:30:52.412,2026/05/28/[$LATEST]15737d93c14242db96065ddfaa294dc4,8.98,,85000000
2026-05-28 12:30:52.412,2026/05/28/[$LATEST]4c865db2928045c5b55b6820a532569d,2.49,,86000000
2026-05-28 12:30:52.413,2026/05/28/[$LATEST]96c6e01348cf4245968782a1abd6eaeb,1.75,,85000000
2026-05-28 12:30:52.414,2026/05/28/[$LATEST]09b41d5fd2894f389e30ae58462b1250,5.13,,85000000
2026-05-28 12:30:52.414,2026/05/28/[$LATEST]2faaf80cfd9d45a1b10ad92bea2bdc23,1.62,,86000000
2026-05-28 12:30:52.415,2026/05/28/[$LATEST]97a954105e44466ba126f05fc7a8e643,1.76,,86000000
2026-05-28 12:30:52.417,2026/05/28/[$LATEST]645d0a3985b047aa91261d33b7d29c16,1.96,,86000000
2026-05-28 12:30:52.422,2026/05/28/[$LATEST]cfb0e958f4874281914ba0b7a1a72bef,13.76,,86000000
2026-05-28 12:30:52.425,2026/05/28/[$LATEST]691a822430384f5ab79537a661223d95,2.76,,85000000
2026-05-28 12:30:52.429,2026/05/28/[$LATEST]645d0a3985b047aa91261d33b7d29c16,1.89,,86000000
2026-05-28 12:30:52.438,2026/05/28/[$LATEST]645d0a3985b047aa91261d33b7d29c16,1.66,,86000000
2026-05-28 12:30:52.442,2026/05/28/[$LATEST]cfb0e958f4874281914ba0b7a1a72bef,1.91,,86000000
2026-05-28 12:30:52.442,2026/05/28/[$LATEST]97a954105e44466ba126f05fc7a8e643,2.06,,86000000
2026-05-28 12:30:52.453,2026/05/28/[$LATEST]09b41d5fd2894f389e30ae58462b1250,1.77,,85000000
2026-05-28 12:30:52.453,2026/05/28/[$LATEST]96c6e01348cf4245968782a1abd6eaeb,1.78,,85000000
2026-05-28 12:30:52.456,2026/05/28/[$LATEST]645d0a3985b047aa91261d33b7d29c16,1.31,,86000000
2026-05-28 12:30:52.461,2026/05/28/[$LATEST]cfb0e958f4874281914ba0b7a1a72bef,1.87,,86000000
2026-05-28 12:30:52.462,2026/05/28/[$LATEST]691a822430384f5ab79537a661223d95,12.26,,85000000
2026-05-28 12:30:52.463,2026/05/28/[$LATEST]97a954105e44466ba126f05fc7a8e643,14.19,,86000000
2026-05-28 12:30:52.467,2026/05/28/[$LATEST]645d0a3985b047aa91261d33b7d29c16,1.55,,86000000
2026-05-28 12:30:52.473,2026/05/28/[$LATEST]97a954105e44466ba126f05fc7a8e643,1.91,,86000000
2026-05-28 12:30:52.480,2026/05/28/[$LATEST]cfb0e958f4874281914ba0b7a1a72bef,1.88,,86000000
2026-05-28 12:30:52.484,2026/05/28/[$LATEST]97a954105e44466ba126f05fc7a8e643,1.77,,86000000
2026-05-28 12:30:52.488,2026/05/28/[$LATEST]cfb0e958f4874281914ba0b7a1a72bef,1.93,,86000000
2026-05-28 12:30:52.490,2026/05/28/[$LATEST]645d0a3985b047aa91261d33b7d29c16,1.75,,86000000
2026-05-28 12:30:52.493,2026/05/28/[$LATEST]691a822430384f5ab79537a661223d95,2,,85000000
2026-05-28 12:30:52.498,2026/05/28/[$LATEST]645d0a3985b047aa91261d33b7d29c16,1.53,,86000000
2026-05-28 12:30:52.502,2026/05/28/[$LATEST]cfb0e958f4874281914ba0b7a1a72bef,2.3,,86000000
2026-05-28 12:30:52.521,2026/05/28/[$LATEST]cfb0e958f4874281914ba0b7a1a72bef,12.26,,86000000
2026-05-28 12:30:52.523,2026/05/28/[$LATEST]97a954105e44466ba126f05fc7a8e643,1.95,,86000000
2026-05-28 12:30:52.532,2026/05/28/[$LATEST]645d0a3985b047aa91261d33b7d29c16,1.57,,86000000
2026-05-28 12:30:52.533,2026/05/28/[$LATEST]691a822430384f5ab79537a661223d95,2.3,,85000000
2026-05-28 12:30:52.534,2026/05/28/[$LATEST]96c6e01348cf4245968782a1abd6eaeb,1.56,,85000000
2026-05-28 12:30:52.537,2026/05/28/[$LATEST]09b41d5fd2894f389e30ae58462b1250,1.69,,85000000
2026-05-28 12:30:52.538,2026/05/28/[$LATEST]645d0a3985b047aa91261d33b7d29c16,1.47,,86000000
2026-05-28 12:30:52.541,2026/05/28/[$LATEST]2faaf80cfd9d45a1b10ad92bea2bdc23,1.71,,86000000
2026-05-28 12:30:52.541,2026/05/28/[$LATEST]cfb0e958f4874281914ba0b7a1a72bef,13.78,,86000000
2026-05-28 12:30:52.542,2026/05/28/[$LATEST]97a954105e44466ba126f05fc7a8e643,2.07,,86000000
2026-05-28 12:30:52.545,2026/05/28/[$LATEST]645d0a3985b047aa91261d33b7d29c16,1.56,,86000000
2026-05-28 12:30:52.550,2026/05/28/[$LATEST]4c865db2928045c5b55b6820a532569d,2.21,,86000000
2026-05-28 12:30:52.553,2026/05/28/[$LATEST]09b41d5fd2894f389e30ae58462b1250,8.87,,85000000
2026-05-28 12:30:52.558,2026/05/28/[$LATEST]96c6e01348cf4245968782a1abd6eaeb,1.6,,85000000
2026-05-28 12:30:52.559,2026/05/28/[$LATEST]645d0a3985b047aa91261d33b7d29c16,1.69,,86000000
2026-05-28 12:30:52.562,2026/05/28/[$LATEST]cfb0e958f4874281914ba0b7a1a72bef,7.33,,86000000
2026-05-28 12:30:52.571,2026/05/28/[$LATEST]4c865db2928045c5b55b6820a532569d,2.22,,86000000
2026-05-28 12:30:52.571,2026/05/28/[$LATEST]96c6e01348cf4245968782a1abd6eaeb,1.77,,85000000
2026-05-28 12:30:52.572,2026/05/28/[$LATEST]09b41d5fd2894f389e30ae58462b1250,1.48,,85000000
2026-05-28 12:30:52.578,2026/05/28/[$LATEST]645d0a3985b047aa91261d33b7d29c16,11.21,,86000000
2026-05-28 12:30:52.582,2026/05/28/[$LATEST]cfb0e958f4874281914ba0b7a1a72bef,1.85,,86000000
2026-05-28 12:30:52.589,2026/05/28/[$LATEST]4c865db2928045c5b55b6820a532569d,2.27,,86000000
2026-05-28 12:30:52.593,2026/05/28/[$LATEST]96c6e01348cf4245968782a1abd6eaeb,2.08,,85000000
2026-05-28 12:30:52.594,2026/05/28/[$LATEST]09b41d5fd2894f389e30ae58462b1250,1.56,,85000000
2026-05-28 12:30:52.598,2026/05/28/[$LATEST]645d0a3985b047aa91261d33b7d29c16,13.95,,86000000
2026-05-28 12:30:52.599,2026/05/28/[$LATEST]691a822430384f5ab79537a661223d95,1.89,,85000000
2026-05-28 12:30:52.600,2026/05/28/[$LATEST]cfb0e958f4874281914ba0b7a1a72bef,2.05,,86000000
2026-05-28 12:30:52.601,2026/05/28/[$LATEST]15737d93c14242db96065ddfaa294dc4,1.9,,85000000
2026-05-28 12:30:52.604,2026/05/28/[$LATEST]4c865db2928045c5b55b6820a532569d,2.45,,86000000
2026-05-28 12:30:52.608,2026/05/28/[$LATEST]cfb0e958f4874281914ba0b7a1a72bef,1.74,,86000000
2026-05-28 12:30:52.608,2026/05/28/[$LATEST]2faaf80cfd9d45a1b10ad92bea2bdc23,1.56,,86000000
2026-05-28 12:30:52.610,2026/05/28/[$LATEST]af1260d7b29a4081bdccf63925032932,1.82,,86000000
2026-05-28 12:30:52.613,2026/05/28/[$LATEST]09b41d5fd2894f389e30ae58462b1250,12.66,,85000000
2026-05-28 12:30:52.614,2026/05/28/[$LATEST]15737d93c14242db96065ddfaa294dc4,1.74,,85000000
2026-05-28 12:30:52.615,2026/05/28/[$LATEST]97a954105e44466ba126f05fc7a8e643,2.16,,86000000
2026-05-28 12:30:52.625,2026/05/28/[$LATEST]97a954105e44466ba126f05fc7a8e643,2.04,,86000000
2026-05-28 12:30:52.627,2026/05/28/[$LATEST]645d0a3985b047aa91261d33b7d29c16,1.75,,86000000
2026-05-28 12:30:52.627,2026/05/28/[$LATEST]af1260d7b29a4081bdccf63925032932,1.71,,86000000
2026-05-28 12:30:52.627,2026/05/28/[$LATEST]2faaf80cfd9d45a1b10ad92bea2bdc23,1.75,,86000000
2026-05-28 12:30:52.632,2026/05/28/[$LATEST]96c6e01348cf4245968782a1abd6eaeb,2.54,,85000000
2026-05-28 12:30:52.633,2026/05/28/[$LATEST]15737d93c14242db96065ddfaa294dc4,13.25,,85000000
2026-05-28 12:30:52.633,2026/05/28/[$LATEST]09b41d5fd2894f389e30ae58462b1250,12.91,,85000000
2026-05-28 12:30:52.637,2026/05/28/[$LATEST]681fa47a762e48919d6814f2dfb42c0c,1.95,,85000000
2026-05-28 12:30:52.639,2026/05/28/[$LATEST]07ffab9544874a0f9ad2ce95d2a41d2e,2.05,,85000000
2026-05-28 12:30:52.639,2026/05/28/[$LATEST]645d0a3985b047aa91261d33b7d29c16,1.95,,86000000
2026-05-28 12:30:52.642,2026/05/28/[$LATEST]691a822430384f5ab79537a661223d95,18.54,,85000000
2026-05-28 12:30:52.644,2026/05/28/[$LATEST]15737d93c14242db96065ddfaa294dc4,1.63,,85000000
2026-05-28 12:30:52.646,2026/05/28/[$LATEST]af1260d7b29a4081bdccf63925032932,1.84,,86000000
2026-05-28 12:30:52.646,2026/05/28/[$LATEST]645d0a3985b047aa91261d33b7d29c16,1.73,,86000000
2026-05-28 12:30:52.652,2026/05/28/[$LATEST]09b41d5fd2894f389e30ae58462b1250,1.57,,85000000
2026-05-28 12:30:52.657,2026/05/28/[$LATEST]af1260d7b29a4081bdccf63925032932,1.76,,86000000
2026-05-28 12:30:52.660,2026/05/28/[$LATEST]09b41d5fd2894f389e30ae58462b1250,1.48,,85000000
2026-05-28 12:30:52.664,2026/05/28/[$LATEST]691a822430384f5ab79537a661223d95,1.66,,85000000
2026-05-28 12:30:52.664,2026/05/28/[$LATEST]07ffab9544874a0f9ad2ce95d2a41d2e,8.26,,85000000
2026-05-28 12:30:52.675,2026/05/28/[$LATEST]af1260d7b29a4081bdccf63925032932,1.89,,86000000
2026-05-28 12:30:52.680,2026/05/28/[$LATEST]2faaf80cfd9d45a1b10ad92bea2bdc23,1.65,,86000000
2026-05-28 12:30:52.682,2026/05/28/[$LATEST]97a954105e44466ba126f05fc7a8e643,1.84,,86000000
2026-05-28 12:30:52.687,2026/05/28/[$LATEST]691a822430384f5ab79537a661223d95,1.84,,85000000
2026-05-28 12:30:52.695,2026/05/28/[$LATEST]07ffab9544874a0f9ad2ce95d2a41d2e,3.14,,85000000
2026-05-28 12:30:52.702,2026/05/28/[$LATEST]691a822430384f5ab79537a661223d95,6.95,,85000000
2026-05-28 12:30:52.702,2026/05/28/[$LATEST]645d0a3985b047aa91261d33b7d29c16,2.62,,86000000
2026-05-28 12:30:52.702,2026/05/28/[$LATEST]09b41d5fd2894f389e30ae58462b1250,1.6,,85000000
2026-05-28 12:30:52.705,2026/05/28/[$LATEST]97a954105e44466ba126f05fc7a8e643,14.63,,86000000
2026-05-28 12:30:52.711,2026/05/28/[$LATEST]2faaf80cfd9d45a1b10ad92bea2bdc23,1.65,,86000000
2026-05-28 12:30:52.713,2026/05/28/[$LATEST]07ffab9544874a0f9ad2ce95d2a41d2e,7.79,,85000000
2026-05-28 12:30:52.723,2026/05/28/[$LATEST]97a954105e44466ba126f05fc7a8e643,3.13,,86000000
2026-05-28 12:30:52.724,2026/05/28/[$LATEST]2faaf80cfd9d45a1b10ad92bea2bdc23,5.62,,86000000
2026-05-28 12:30:52.738,2026/05/28/[$LATEST]07ffab9544874a0f9ad2ce95d2a41d2e,2.11,,85000000
2026-05-28 12:30:52.745,2026/05/28/[$LATEST]2faaf80cfd9d45a1b10ad92bea2bdc23,4.05,,86000000
2026-05-28 12:30:52.747,2026/05/28/[$LATEST]97a954105e44466ba126f05fc7a8e643,1.98,,86000000
2026-05-28 12:30:52.764,2026/05/28/[$LATEST]07ffab9544874a0f9ad2ce95d2a41d2e,5.63,,85000000
2026-05-28 12:30:52.773,2026/05/28/[$LATEST]645d0a3985b047aa91261d33b7d29c16,1.89,,86000000
2026-05-28 12:30:52.779,2026/05/28/[$LATEST]97a954105e44466ba126f05fc7a8e643,1.93,,86000000
2026-05-28 12:30:52.781,2026/05/28/[$LATEST]af1260d7b29a4081bdccf63925032932,1.87,,86000000
2026-05-28 12:30:52.781,2026/05/28/[$LATEST]07ffab9544874a0f9ad2ce95d2a41d2e,1.95,,85000000
2026-05-28 12:30:52.782,2026/05/28/[$LATEST]2faaf80cfd9d45a1b10ad92bea2bdc23,1.78,,86000000
2026-05-28 12:30:52.789,2026/05/28/[$LATEST]645d0a3985b047aa91261d33b7d29c16,1.65,,86000000
2026-05-28 12:30:52.789,2026/05/28/[$LATEST]691a822430384f5ab79537a661223d95,2.09,,85000000
2026-05-28 12:30:52.797,2026/05/28/[$LATEST]2faaf80cfd9d45a1b10ad92bea2bdc23,3.37,,86000000
2026-05-28 12:30:52.798,2026/05/28/[$LATEST]645d0a3985b047aa91261d33b7d29c16,1.57,,86000000
2026-05-28 12:30:52.801,2026/05/28/[$LATEST]af1260d7b29a4081bdccf63925032932,1.86,,86000000
2026-05-28 12:30:52.802,2026/05/28/[$LATEST]691a822430384f5ab79537a661223d95,6.03,,85000000
2026-05-28 12:30:52.805,2026/05/28/[$LATEST]09b41d5fd2894f389e30ae58462b1250,1.81,,85000000
2026-05-28 12:30:52.805,2026/05/28/[$LATEST]07ffab9544874a0f9ad2ce95d2a41d2e,2.19,,85000000
2026-05-28 12:30:52.810,2026/05/28/[$LATEST]af1260d7b29a4081bdccf63925032932,1.82,,86000000
2026-05-28 12:30:52.811,2026/05/28/[$LATEST]2faaf80cfd9d45a1b10ad92bea2bdc23,1.45,,86000000
2026-05-28 12:30:52.813,2026/05/28/[$LATEST]cfb0e958f4874281914ba0b7a1a72bef,1.77,,86000000
2026-05-28 12:30:52.814,2026/05/28/[$LATEST]97a954105e44466ba126f05fc7a8e643,1.86,,86000000
2026-05-28 12:30:52.816,2026/05/28/[$LATEST]4c865db2928045c5b55b6820a532569d,2.09,,86000000
2026-05-28 12:30:52.820,2026/05/28/[$LATEST]09b41d5fd2894f389e30ae58462b1250,2.23,,85000000
2026-05-28 12:30:52.825,2026/05/28/[$LATEST]07ffab9544874a0f9ad2ce95d2a41d2e,8.49,,85000000
2026-05-28 12:30:52.827,2026/05/28/[$LATEST]af1260d7b29a4081bdccf63925032932,9.99,,86000000
2026-05-28 12:30:52.840,2026/05/28/[$LATEST]97a954105e44466ba126f05fc7a8e643,5.75,,86000000
2026-05-28 12:30:52.841,2026/05/28/[$LATEST]691a822430384f5ab79537a661223d95,12.18,,85000000
2026-05-28 12:30:52.844,2026/05/28/[$LATEST]07ffab9544874a0f9ad2ce95d2a41d2e,6.07,,85000000
2026-05-28 12:30:52.865,2026/05/28/[$LATEST]97a954105e44466ba126f05fc7a8e643,2.22,,86000000
2026-05-28 12:30:52.868,2026/05/28/[$LATEST]07ffab9544874a0f9ad2ce95d2a41d2e,2.33,,85000000
2026-05-28 12:30:52.874,2026/05/28/[$LATEST]691a822430384f5ab79537a661223d95,1.87,,85000000
2026-05-28 12:30:52.877,2026/05/28/[$LATEST]af1260d7b29a4081bdccf63925032932,1.81,,86000000
2026-05-28 12:30:52.882,2026/05/28/[$LATEST]97a954105e44466ba126f05fc7a8e643,10.84,,86000000
2026-05-28 12:30:52.884,2026/05/28/[$LATEST]691a822430384f5ab79537a661223d95,1.9,,85000000
2026-05-28 12:30:52.885,2026/05/28/[$LATEST]07ffab9544874a0f9ad2ce95d2a41d2e,9.59,,85000000
2026-05-28 12:30:52.888,2026/05/28/[$LATEST]af1260d7b29a4081bdccf63925032932,1.76,,86000000
2026-05-28 12:30:52.888,2026/05/28/[$LATEST]4c865db2928045c5b55b6820a532569d,2.23,,86000000
2026-05-28 12:30:52.909,2026/05/28/[$LATEST]4c865db2928045c5b55b6820a532569d,2.07,,86000000
2026-05-28 12:30:52.913,2026/05/28/[$LATEST]691a822430384f5ab79537a661223d95,2.06,,85000000
2026-05-28 12:30:52.920,2026/05/28/[$LATEST]09b41d5fd2894f389e30ae58462b1250,1.6,,85000000
2026-05-28 12:30:52.925,2026/05/28/[$LATEST]645d0a3985b047aa91261d33b7d29c16,1.87,,86000000
2026-05-28 12:30:52.926,2026/05/28/[$LATEST]691a822430384f5ab79537a661223d95,2.16,,85000000
2026-05-28 12:30:52.926,2026/05/28/[$LATEST]07ffab9544874a0f9ad2ce95d2a41d2e,27.81,,85000000
2026-05-28 12:30:52.933,2026/05/28/[$LATEST]09b41d5fd2894f389e30ae58462b1250,3.47,,85000000
2026-05-28 12:30:52.944,2026/05/28/[$LATEST]691a822430384f5ab79537a661223d95,1.89,,85000000
2026-05-28 12:30:52.947,2026/05/28/[$LATEST]4c865db2928045c5b55b6820a532569d,3.03,,86000000
2026-05-28 12:30:52.948,2026/05/28/[$LATEST]645d0a3985b047aa91261d33b7d29c16,1.8,,86000000
2026-05-28 12:30:52.950,2026/05/28/[$LATEST]af1260d7b29a4081bdccf63925032932,2.03,,86000000
2026-05-28 12:30:52.950,2026/05/28/[$LATEST]97a954105e44466ba126f05fc7a8e643,1.82,,86000000
2026-05-28 12:30:52.951,2026/05/28/[$LATEST]15737d93c14242db96065ddfaa294dc4,1.56,,85000000
2026-05-28 12:30:52.951,2026/05/28/[$LATEST]cfb0e958f4874281914ba0b7a1a72bef,1.75,,86000000
2026-05-28 12:30:52.952,2026/05/28/[$LATEST]cdb8a0d50aa64c6485a0abe0d3813eb6,2.06,,86000000
2026-05-28 12:30:52.954,2026/05/28/[$LATEST]09b41d5fd2894f389e30ae58462b1250,13.95,,85000000
2026-05-28 12:30:52.957,2026/05/28/[$LATEST]2faaf80cfd9d45a1b10ad92bea2bdc23,1.82,,86000000
2026-05-28 12:30:52.958,2026/05/28/[$LATEST]645d0a3985b047aa91261d33b7d29c16,3.92,,86000000
2026-05-28 12:30:52.962,2026/05/28/[$LATEST]691a822430384f5ab79537a661223d95,5.89,,85000000
2026-05-28 12:30:52.964,2026/05/28/[$LATEST]cfb0e958f4874281914ba0b7a1a72bef,1.59,,86000000
2026-05-28 12:30:52.966,2026/05/28/[$LATEST]2faaf80cfd9d45a1b10ad92bea2bdc23,1.58,,86000000
2026-05-28 12:30:52.971,2026/05/28/[$LATEST]cdb8a0d50aa64c6485a0abe0d3813eb6,8.52,,86000000
2026-05-28 12:30:52.972,2026/05/28/[$LATEST]691a822430384f5ab79537a661223d95,1.9,,85000000
2026-05-28 12:30:52.975,2026/05/28/[$LATEST]09b41d5fd2894f389e30ae58462b1250,1.96,,85000000
2026-05-28 12:30:52.977,2026/05/28/[$LATEST]15737d93c14242db96065ddfaa294dc4,1.75,,85000000
2026-05-28 12:30:52.979,2026/05/28/[$LATEST]645d0a3985b047aa91261d33b7d29c16,2.08,,86000000
2026-05-28 12:30:52.980,2026/05/28/[$LATEST]96c6e01348cf4245968782a1abd6eaeb,1.97,,85000000
2026-05-28 12:30:52.980,2026/05/28/[$LATEST]681fa47a762e48919d6814f2dfb42c0c,1.9,,85000000
2026-05-28 12:30:52.984,2026/05/28/[$LATEST]07ffab9544874a0f9ad2ce95d2a41d2e,7.68,,85000000
2026-05-28 12:30:52.985,2026/05/28/[$LATEST]4f6d928700b0454089f4d3ba5806fd95,2.36,,85000000
2026-05-28 12:30:52.987,2026/05/28/[$LATEST]2faaf80cfd9d45a1b10ad92bea2bdc23,1.53,,86000000
2026-05-28 12:30:52.990,2026/05/28/[$LATEST]96c6e01348cf4245968782a1abd6eaeb,1.62,,85000000
2026-05-28 12:30:52.992,2026/05/28/[$LATEST]cdb8a0d50aa64c6485a0abe0d3813eb6,2.29,,86000000
2026-05-28 12:30:52.994,2026/05/28/[$LATEST]cfb0e958f4874281914ba0b7a1a72bef,2.37,,86000000
2026-05-28 12:30:52.995,2026/05/28/[$LATEST]681fa47a762e48919d6814f2dfb42c0c,1.71,,85000000
2026-05-28 12:30:52.998,2026/05/28/[$LATEST]4f6d928700b0454089f4d3ba5806fd95,1.78,,85000000
2026-05-28 12:30:53.000,2026/05/28/[$LATEST]645d0a3985b047aa91261d33b7d29c16,1.6,,86000000
2026-05-28 12:30:53.002,2026/05/28/[$LATEST]96c6e01348cf4245968782a1abd6eaeb,1.67,,85000000
2026-05-28 12:30:53.003,2026/05/28/[$LATEST]cfb0e958f4874281914ba0b7a1a72bef,1.84,,86000000
2026-05-28 12:30:53.005,2026/05/28/[$LATEST]07ffab9544874a0f9ad2ce95d2a41d2e,11.25,,85000000
2026-05-28 12:30:53.017,2026/05/28/[$LATEST]cdb8a0d50aa64c6485a0abe0d3813eb6,2.32,,86000000
2026-05-28 12:30:53.017,2026/05/28/[$LATEST]4f6d928700b0454089f4d3ba5806fd95,7.47,,85000000
2026-05-28 12:30:53.022,2026/05/28/[$LATEST]2faaf80cfd9d45a1b10ad92bea2bdc23,1.69,,86000000
2026-05-28 12:30:53.023,2026/05/28/[$LATEST]cfb0e958f4874281914ba0b7a1a72bef,2.4,,86000000
2026-05-28 12:30:53.024,2026/05/28/[$LATEST]af1260d7b29a4081bdccf63925032932,1.78,,86000000
2026-05-28 12:30:53.025,2026/05/28/[$LATEST]97a954105e44466ba126f05fc7a8e643,2.15,,86000000
2026-05-28 12:30:53.041,2026/05/28/[$LATEST]97a954105e44466ba126f05fc7a8e643,6.81,,86000000
2026-05-28 12:30:53.051,2026/05/28/[$LATEST]4f6d928700b0454089f4d3ba5806fd95,1.91,,85000000
2026-05-28 12:30:53.052,2026/05/28/[$LATEST]af1260d7b29a4081bdccf63925032932,2.07,,86000000
2026-05-28 12:30:53.053,2026/05/28/[$LATEST]07ffab9544874a0f9ad2ce95d2a41d2e,1.91,,85000000
2026-05-28 12:30:53.054,2026/05/28/[$LATEST]645d0a3985b047aa91261d33b7d29c16,1.85,,86000000
2026-05-28 12:30:53.054,2026/05/28/[$LATEST]cfb0e958f4874281914ba0b7a1a72bef,1.92,,86000000
2026-05-28 12:30:53.056,2026/05/28/[$LATEST]96c6e01348cf4245968782a1abd6eaeb,2.27,,85000000
2026-05-28 12:30:53.057,2026/05/28/[$LATEST]4f6d928700b0454089f4d3ba5806fd95,1.82,,85000000
2026-05-28 12:30:53.060,2026/05/28/[$LATEST]97a954105e44466ba126f05fc7a8e643,1.85,,86000000
2026-05-28 12:30:53.066,2026/05/28/[$LATEST]07ffab9544874a0f9ad2ce95d2a41d2e,6.51,,85000000
2026-05-28 12:30:53.086,2026/05/28/[$LATEST]97a954105e44466ba126f05fc7a8e643,1.87,,86000000
2026-05-28 12:30:53.088,2026/05/28/[$LATEST]96c6e01348cf4245968782a1abd6eaeb,1.74,,85000000
2026-05-28 12:30:53.090,2026/05/28/[$LATEST]07ffab9544874a0f9ad2ce95d2a41d2e,7.31,,85000000
2026-05-28 12:30:53.096,2026/05/28/[$LATEST]4f6d928700b0454089f4d3ba5806fd95,29.95,,85000000
2026-05-28 12:30:53.104,2026/05/28/[$LATEST]97a954105e44466ba126f05fc7a8e643,2.03,,86000000
2026-05-28 12:30:53.105,2026/05/28/[$LATEST]07ffab9544874a0f9ad2ce95d2a41d2e,5.88,,85000000
2026-05-28 12:30:53.110,2026/05/28/[$LATEST]645d0a3985b047aa91261d33b7d29c16,1.73,,86000000
2026-05-28 12:30:53.112,2026/05/28/[$LATEST]2faaf80cfd9d45a1b10ad92bea2bdc23,1.48,,86000000
2026-05-28 12:30:53.114,2026/05/28/[$LATEST]4f6d928700b0454089f4d3ba5806fd95,2.28,,85000000
2026-05-28 12:30:53.117,2026/05/28/[$LATEST]645d0a3985b047aa91261d33b7d29c16,1.75,,86000000
2026-05-28 12:30:53.118,2026/05/28/[$LATEST]af1260d7b29a4081bdccf63925032932,2.22,,86000000
2026-05-28 12:30:53.118,2026/05/28/[$LATEST]cfb0e958f4874281914ba0b7a1a72bef,2.12,,86000000
2026-05-28 12:30:53.120,2026/05/28/[$LATEST]cdb8a0d50aa64c6485a0abe0d3813eb6,1.93,,86000000
2026-05-28 12:30:53.121,2026/05/28/[$LATEST]681fa47a762e48919d6814f2dfb42c0c,1.9,,85000000
2026-05-28 12:30:53.121,2026/05/28/[$LATEST]96c6e01348cf4245968782a1abd6eaeb,20.63,,85000000
2026-05-28 12:30:53.121,2026/05/28/[$LATEST]15737d93c14242db96065ddfaa294dc4,1.64,,85000000
2026-05-28 12:30:53.122,2026/05/28/[$LATEST]97a954105e44466ba126f05fc7a8e643,12.9,,86000000
2026-05-28 12:30:53.126,2026/05/28/[$LATEST]4f6d928700b0454089f4d3ba5806fd95,1.78,,85000000
2026-05-28 12:30:53.127,2026/05/28/[$LATEST]07ffab9544874a0f9ad2ce95d2a41d2e,10.68,,85000000
2026-05-28 12:30:53.128,2026/05/28/[$LATEST]af1260d7b29a4081bdccf63925032932,3.71,,86000000
2026-05-28 12:30:53.133,2026/05/28/[$LATEST]09b41d5fd2894f389e30ae58462b1250,8.11,,85000000
2026-05-28 12:30:53.137,2026/05/28/[$LATEST]645d0a3985b047aa91261d33b7d29c16,9.17,,86000000
2026-05-28 12:30:53.143,2026/05/28/[$LATEST]97a954105e44466ba126f05fc7a8e643,1.77,,86000000
2026-05-28 12:30:53.148,2026/05/28/[$LATEST]af1260d7b29a4081bdccf63925032932,9.22,,86000000
2026-05-28 12:30:53.154,2026/05/28/[$LATEST]09b41d5fd2894f389e30ae58462b1250,12.09,,85000000
2026-05-28 12:30:53.157,2026/05/28/[$LATEST]cdb8a0d50aa64c6485a0abe0d3813eb6,2.35,,86000000
2026-05-28 12:30:53.157,2026/05/28/[$LATEST]4f6d928700b0454089f4d3ba5806fd95,2.38,,85000000
2026-05-28 12:30:53.158,2026/05/28/[$LATEST]645d0a3985b047aa91261d33b7d29c16,11.75,,86000000
2026-05-28 12:30:53.158,2026/05/28/[$LATEST]07ffab9544874a0f9ad2ce95d2a41d2e,3.94,,85000000
2026-05-28 12:30:53.161,2026/05/28/[$LATEST]97a954105e44466ba126f05fc7a8e643,7.76,,86000000
2026-05-28 12:30:53.171,2026/05/28/[$LATEST]cdb8a0d50aa64c6485a0abe0d3813eb6,5.12,,86000000
2026-05-28 12:30:53.172,2026/05/28/[$LATEST]af1260d7b29a4081bdccf63925032932,6.22,,86000000
2026-05-28 12:30:53.176,2026/05/28/[$LATEST]4f6d928700b0454089f4d3ba5806fd95,12.95,,85000000
2026-05-28 12:30:53.178,2026/05/28/[$LATEST]07ffab9544874a0f9ad2ce95d2a41d2e,1.81,,85000000
2026-05-28 12:30:53.190,2026/05/28/[$LATEST]645d0a3985b047aa91261d33b7d29c16,1.97,,86000000
2026-05-28 12:30:53.192,2026/05/28/[$LATEST]af1260d7b29a4081bdccf63925032932,5.75,,86000000
2026-05-28 12:30:53.192,2026/05/28/[$LATEST]07ffab9544874a0f9ad2ce95d2a41d2e,5.28,,85000000
2026-05-28 12:30:53.196,2026/05/28/[$LATEST]cdb8a0d50aa64c6485a0abe0d3813eb6,2.05,,86000000
2026-05-28 12:30:53.196,2026/05/28/[$LATEST]4f6d928700b0454089f4d3ba5806fd95,13.5,,85000000
2026-05-28 12:30:53.210,2026/05/28/[$LATEST]af1260d7b29a4081bdccf63925032932,2.67,,86000000
2026-05-28 12:30:53.215,2026/05/28/[$LATEST]645d0a3985b047aa91261d33b7d29c16,1.55,,86000000
2026-05-28 12:30:53.215,2026/05/28/[$LATEST]4f6d928700b0454089f4d3ba5806fd95,4.3,,85000000
2026-05-28 12:30:53.216,2026/05/28/[$LATEST]07ffab9544874a0f9ad2ce95d2a41d2e,1.76,,85000000
2026-05-28 12:30:53.217,2026/05/28/[$LATEST]97a954105e44466ba126f05fc7a8e643,5.06,,86000000
2026-05-28 12:30:53.218,2026/05/28/[$LATEST]cdb8a0d50aa64c6485a0abe0d3813eb6,1.88,,86000000
2026-05-28 12:30:53.220,2026/05/28/[$LATEST]cfb0e958f4874281914ba0b7a1a72bef,1.89,,86000000
2026-05-28 12:30:53.228,2026/05/28/[$LATEST]af1260d7b29a4081bdccf63925032932,9.68,,86000000
2026-05-28 12:30:53.230,2026/05/28/[$LATEST]2faaf80cfd9d45a1b10ad92bea2bdc23,1.7,,86000000
2026-05-28 12:30:53.230,2026/05/28/[$LATEST]07ffab9544874a0f9ad2ce95d2a41d2e,5.1,,85000000
2026-05-28 12:30:53.234,2026/05/28/[$LATEST]09b41d5fd2894f389e30ae58462b1250,1.63,,85000000
2026-05-28 12:30:53.235,2026/05/28/[$LATEST]645d0a3985b047aa91261d33b7d29c16,1.54,,86000000
2026-05-28 12:30:53.235,2026/05/28/[$LATEST]4f6d928700b0454089f4d3ba5806fd95,6.18,,85000000
2026-05-28 12:30:53.235,2026/05/28/[$LATEST]97a954105e44466ba126f05fc7a8e643,1.85,,86000000
2026-05-28 12:30:53.236,2026/05/28/[$LATEST]15737d93c14242db96065ddfaa294dc4,1.71,,85000000
2026-05-28 12:30:53.241,2026/05/28/[$LATEST]645d0a3985b047aa91261d33b7d29c16,1.74,,86000000
2026-05-28 12:30:53.243,2026/05/28/[$LATEST]97a954105e44466ba126f05fc7a8e643,1.82,,86000000
2026-05-28 12:30:53.243,2026/05/28/[$LATEST]4f6d928700b0454089f4d3ba5806fd95,2.08,,85000000
2026-05-28 12:30:53.244,2026/05/28/[$LATEST]96c6e01348cf4245968782a1abd6eaeb,4.87,,85000000
2026-05-28 12:30:53.246,2026/05/28/[$LATEST]07ffab9544874a0f9ad2ce95d2a41d2e,8.66,,85000000
2026-05-28 12:30:53.253,2026/05/28/[$LATEST]09b41d5fd2894f389e30ae58462b1250,11.42,,85000000
2026-05-28 12:30:53.254,2026/05/28/[$LATEST]2faaf80cfd9d45a1b10ad92bea2bdc23,1.69,,86000000
2026-05-28 12:30:53.261,2026/05/28/[$LATEST]af1260d7b29a4081bdccf63925032932,2.15,,86000000
2026-05-28 12:30:53.261,2026/05/28/[$LATEST]97a954105e44466ba126f05fc7a8e643,8.73,,86000000
2026-05-28 12:30:53.264,2026/05/28/[$LATEST]2faaf80cfd9d45a1b10ad92bea2bdc23,2.47,,86000000
2026-05-28 12:30:53.265,2026/05/28/[$LATEST]cfb0e958f4874281914ba0b7a1a72bef,1.83,,86000000
2026-05-28 12:30:53.276,2026/05/28/[$LATEST]09b41d5fd2894f389e30ae58462b1250,1.54,,85000000
2026-05-28 12:30:53.280,2026/05/28/[$LATEST]07ffab9544874a0f9ad2ce95d2a41d2e,2.01,,85000000
2026-05-28 12:30:53.281,2026/05/28/[$LATEST]96c6e01348cf4245968782a1abd6eaeb,1.75,,85000000
2026-05-28 12:30:53.285,2026/05/28/[$LATEST]cfb0e958f4874281914ba0b7a1a72bef,2.59,,86000000
2026-05-28 12:30:53.296,2026/05/28/[$LATEST]2faaf80cfd9d45a1b10ad92bea2bdc23,1.78,,86000000
2026-05-28 12:30:53.296,2026/05/28/[$LATEST]07ffab9544874a0f9ad2ce95d2a41d2e,2.11,,85000000
2026-05-28 12:30:53.299,2026/05/28/[$LATEST]af1260d7b29a4081bdccf63925032932,1.78,,86000000
2026-05-28 12:30:53.299,2026/05/28/[$LATEST]96c6e01348cf4245968782a1abd6eaeb,1.8,,85000000
2026-05-28 12:30:53.299,2026/05/28/[$LATEST]97a954105e44466ba126f05fc7a8e643,1.99,,86000000
2026-05-28 12:30:53.301,2026/05/28/[$LATEST]09b41d5fd2894f389e30ae58462b1250,1.58,,85000000
2026-05-28 12:30:53.302,2026/05/28/[$LATEST]cfb0e958f4874281914ba0b7a1a72bef,9.85,,86000000
2026-05-28 12:30:53.305,2026/05/28/[$LATEST]07ffab9544874a0f9ad2ce95d2a41d2e,2.56,,85000000
2026-05-28 12:30:53.306,2026/05/28/[$LATEST]4f6d928700b0454089f4d3ba5806fd95,1.85,,85000000
2026-05-28 12:30:53.315,2026/05/28/[$LATEST]4f6d928700b0454089f4d3ba5806fd95,3.16,,85000000
2026-05-28 12:30:53.320,2026/05/28/[$LATEST]af1260d7b29a4081bdccf63925032932,2.03,,86000000
2026-05-28 12:30:53.321,2026/05/28/[$LATEST]cfb0e958f4874281914ba0b7a1a72bef,9.5,,86000000
2026-05-28 12:30:53.324,2026/05/28/[$LATEST]07ffab9544874a0f9ad2ce95d2a41d2e,7.76,,85000000
2026-05-28 12:30:53.324,2026/05/28/[$LATEST]97a954105e44466ba126f05fc7a8e643,1.91,,86000000
2026-05-28 12:30:53.327,2026/05/28/[$LATEST]2faaf80cfd9d45a1b10ad92bea2bdc23,1.77,,86000000
2026-05-28 12:30:53.331,2026/05/28/[$LATEST]af1260d7b29a4081bdccf63925032932,4.07,,86000000
2026-05-28 12:30:53.333,2026/05/28/[$LATEST]07ffab9544874a0f9ad2ce95d2a41d2e,2,,85000000
2026-05-28 12:30:53.334,2026/05/28/[$LATEST]09b41d5fd2894f389e30ae58462b1250,1.58,,85000000
2026-05-28 12:30:53.340,2026/05/28/[$LATEST]96c6e01348cf4245968782a1abd6eaeb,5.84,,85000000
2026-05-28 12:30:53.340,2026/05/28/[$LATEST]4f6d928700b0454089f4d3ba5806fd95,14.93,,85000000
2026-05-28 12:30:53.341,2026/05/28/[$LATEST]cfb0e958f4874281914ba0b7a1a72bef,14.18,,86000000
2026-05-28 12:30:53.346,2026/05/28/[$LATEST]07ffab9544874a0f9ad2ce95d2a41d2e,6.79,,85000000
2026-05-28 12:30:53.351,2026/05/28/[$LATEST]af1260d7b29a4081bdccf63925032932,4.26,,86000000
2026-05-28 12:30:53.365,2026/05/28/[$LATEST]07ffab9544874a0f9ad2ce95d2a41d2e,8.82,,85000000
2026-05-28 12:30:53.366,2026/05/28/[$LATEST]cfb0e958f4874281914ba0b7a1a72bef,1.8,,86000000
2026-05-28 12:30:53.366,2026/05/28/[$LATEST]96c6e01348cf4245968782a1abd6eaeb,1.91,,85000000
2026-05-28 12:30:53.366,2026/05/28/[$LATEST]2faaf80cfd9d45a1b10ad92bea2bdc23,1.58,,86000000
2026-05-28 12:30:53.367,2026/05/28/[$LATEST]4f6d928700b0454089f4d3ba5806fd95,2.08,,85000000
2026-05-28 12:30:53.368,2026/05/28/[$LATEST]af1260d7b29a4081bdccf63925032932,1.89,,86000000
2026-05-28 12:30:53.370,2026/05/28/[$LATEST]09b41d5fd2894f389e30ae58462b1250,1.59,,85000000
2026-05-28 12:30:53.384,2026/05/28/[$LATEST]2faaf80cfd9d45a1b10ad92bea2bdc23,2,,86000000
2026-05-28 12:30:53.387,2026/05/28/[$LATEST]09b41d5fd2894f389e30ae58462b1250,1.53,,85000000
2026-05-28 12:30:53.387,2026/05/28/[$LATEST]af1260d7b29a4081bdccf63925032932,4.63,,86000000
2026-05-28 12:30:53.389,2026/05/28/[$LATEST]4f6d928700b0454089f4d3ba5806fd95,1.93,,85000000
2026-05-28 12:30:53.401,2026/05/28/[$LATEST]cfb0e958f4874281914ba0b7a1a72bef,14.9,,86000000
2026-05-28 12:30:53.402,2026/05/28/[$LATEST]2faaf80cfd9d45a1b10ad92bea2bdc23,1.66,,86000000
2026-05-28 12:30:53.406,2026/05/28/[$LATEST]af1260d7b29a4081bdccf63925032932,6.59,,86000000
2026-05-28 12:30:53.406,2026/05/28/[$LATEST]4f6d928700b0454089f4d3ba5806fd95,1.95,,85000000
2026-05-28 12:30:53.408,2026/05/28/[$LATEST]97a954105e44466ba126f05fc7a8e643,2.08,,86000000
2026-05-28 12:30:53.408,2026/05/28/[$LATEST]09b41d5fd2894f389e30ae58462b1250,1.54,,85000000
2026-05-28 12:30:53.410,2026/05/28/[$LATEST]2faaf80cfd9d45a1b10ad92bea2bdc23,1.59,,86000000
2026-05-28 12:30:53.415,2026/05/28/[$LATEST]09b41d5fd2894f389e30ae58462b1250,1.36,,85000000
2026-05-28 12:30:53.418,2026/05/28/[$LATEST]4f6d928700b0454089f4d3ba5806fd95,1.58,,85000000
2026-05-28 12:30:53.424,2026/05/28/[$LATEST]2faaf80cfd9d45a1b10ad92bea2bdc23,6.87,,86000000
2026-05-28 12:30:53.426,2026/05/28/[$LATEST]97a954105e44466ba126f05fc7a8e643,1.75,,86000000
2026-05-28 12:30:53.437,2026/05/28/[$LATEST]4f6d928700b0454089f4d3ba5806fd95,1.84,,85000000
2026-05-28 12:30:53.443,2026/05/28/[$LATEST]2faaf80cfd9d45a1b10ad92bea2bdc23,1.49,,86000000
2026-05-28 12:30:53.452,2026/05/28/[$LATEST]2faaf80cfd9d45a1b10ad92bea2bdc23,1.64,,86000000
2026-05-28 12:30:53.452,2026/05/28/[$LATEST]09b41d5fd2894f389e30ae58462b1250,1.6,,85000000
2026-05-28 12:30:53.456,2026/05/28/[$LATEST]4f6d928700b0454089f4d3ba5806fd95,5.45,,85000000
2026-05-28 12:30:53.466,2026/05/28/[$LATEST]2faaf80cfd9d45a1b10ad92bea2bdc23,1.53,,86000000
2026-05-28 12:30:53.469,2026/05/28/[$LATEST]09b41d5fd2894f389e30ae58462b1250,1.58,,85000000
2026-05-28 12:30:53.471,2026/05/28/[$LATEST]af1260d7b29a4081bdccf63925032932,1.75,,86000000
2026-05-28 12:30:53.471,2026/05/28/[$LATEST]97a954105e44466ba126f05fc7a8e643,1.82,,86000000
2026-05-28 12:30:53.474,2026/05/28/[$LATEST]96c6e01348cf4245968782a1abd6eaeb,2,,85000000
2026-05-28 12:30:53.475,2026/05/28/[$LATEST]645d0a3985b047aa91261d33b7d29c16,1.7,,86000000
2026-05-28 12:30:53.475,2026/05/28/[$LATEST]07ffab9544874a0f9ad2ce95d2a41d2e,1.99,,85000000
2026-05-28 12:30:53.477,2026/05/28/[$LATEST]4f6d928700b0454089f4d3ba5806fd95,8.55,,85000000
2026-05-28 12:30:53.481,2026/05/28/[$LATEST]97a954105e44466ba126f05fc7a8e643,4.06,,86000000
2026-05-28 12:30:53.483,2026/05/28/[$LATEST]96c6e01348cf4245968782a1abd6eaeb,1.87,,85000000
2026-05-28 12:30:53.487,2026/05/28/[$LATEST]af1260d7b29a4081bdccf63925032932,7.95,,86000000
2026-05-28 12:30:53.487,2026/05/28/[$LATEST]2faaf80cfd9d45a1b10ad92bea2bdc23,1.78,,86000000
2026-05-28 12:30:53.499,2026/05/28/[$LATEST]4f6d928700b0454089f4d3ba5806fd95,2.36,,85000000
2026-05-28 12:30:53.500,2026/05/28/[$LATEST]96c6e01348cf4245968782a1abd6eaeb,9.57,,85000000
2026-05-28 12:30:53.502,2026/05/28/[$LATEST]07ffab9544874a0f9ad2ce95d2a41d2e,1.91,,85000000
2026-05-28 12:30:53.502,2026/05/28/[$LATEST]645d0a3985b047aa91261d33b7d29c16,1.71,,86000000
2026-05-28 12:30:53.504,2026/05/28/[$LATEST]2faaf80cfd9d45a1b10ad92bea2bdc23,10.34,,86000000
2026-05-28 12:30:53.505,2026/05/28/[$LATEST]af1260d7b29a4081bdccf63925032932,2.05,,86000000
2026-05-28 12:30:53.516,2026/05/28/[$LATEST]af1260d7b29a4081bdccf63925032932,1.83,,86000000
2026-05-28 12:30:53.523,2026/05/28/[$LATEST]2faaf80cfd9d45a1b10ad92bea2bdc23,1.67,,86000000
2026-05-28 12:30:53.525,2026/05/28/[$LATEST]07ffab9544874a0f9ad2ce95d2a41d2e,1.96,,85000000
2026-05-28 12:30:53.527,2026/05/28/[$LATEST]af1260d7b29a4081bdccf63925032932,3.11,,86000000
2026-05-28 12:30:53.532,2026/05/28/[$LATEST]645d0a3985b047aa91261d33b7d29c16,1.59,,86000000
2026-05-28 12:30:53.534,2026/05/28/[$LATEST]96c6e01348cf4245968782a1abd6eaeb,2.04,,85000000
2026-05-28 12:30:53.548,2026/05/28/[$LATEST]07ffab9544874a0f9ad2ce95d2a41d2e,10.66,,85000000
2026-05-28 12:30:53.549,2026/05/28/[$LATEST]96c6e01348cf4245968782a1abd6eaeb,1.82,,85000000
2026-05-28 12:30:53.556,2026/05/28/[$LATEST]af1260d7b29a4081bdccf63925032932,1.82,,86000000
2026-05-28 12:30:53.561,2026/05/28/[$LATEST]97a954105e44466ba126f05fc7a8e643,1.83,,86000000
2026-05-28 12:30:53.564,2026/05/28/[$LATEST]cfb0e958f4874281914ba0b7a1a72bef,4.2,,86000000
2026-05-28 12:30:53.565,2026/05/28/[$LATEST]2faaf80cfd9d45a1b10ad92bea2bdc23,1.61,,86000000
2026-05-28 12:30:53.572,2026/05/28/[$LATEST]96c6e01348cf4245968782a1abd6eaeb,1.85,,85000000
2026-05-28 12:30:53.577,2026/05/28/[$LATEST]07ffab9544874a0f9ad2ce95d2a41d2e,1.89,,85000000
2026-05-28 12:30:53.578,2026/05/28/[$LATEST]645d0a3985b047aa91261d33b7d29c16,1.7,,86000000
2026-05-28 12:30:53.581,2026/05/28/[$LATEST]cfb0e958f4874281914ba0b7a1a72bef,5.95,,86000000
2026-05-28 12:30:53.584,2026/05/28/[$LATEST]2faaf80cfd9d45a1b10ad92bea2bdc23,3.18,,86000000
2026-05-28 12:30:53.584,2026/05/28/[$LATEST]645d0a3985b047aa91261d33b7d29c16,1.51,,86000000
2026-05-28 12:30:53.586,2026/05/28/[$LATEST]07ffab9544874a0f9ad2ce95d2a41d2e,1.95,,85000000
2026-05-28 12:30:53.589,2026/05/28/[$LATEST]af1260d7b29a4081bdccf63925032932,1.81,,86000000
2026-05-28 12:30:53.591,2026/05/28/[$LATEST]cfb0e958f4874281914ba0b7a1a72bef,1.83,,86000000
2026-05-28 12:30:53.598,2026/05/28/[$LATEST]645d0a3985b047aa91261d33b7d29c16,8.92,,86000000
2026-05-28 12:30:53.603,2026/05/28/[$LATEST]cfb0e958f4874281914ba0b7a1a72bef,1.66,,86000000
2026-05-28 12:30:53.604,2026/05/28/[$LATEST]2faaf80cfd9d45a1b10ad92bea2bdc23,10.42,,86000000
2026-05-28 12:30:53.605,2026/05/28/[$LATEST]97a954105e44466ba126f05fc7a8e643,21.79,,86000000
2026-05-28 12:30:53.605,2026/05/28/[$LATEST]07ffab9544874a0f9ad2ce95d2a41d2e,2.14,,85000000
2026-05-28 12:30:53.607,2026/05/28/[$LATEST]af1260d7b29a4081bdccf63925032932,6.38,,86000000
2026-05-28 12:30:53.618,2026/05/28/[$LATEST]645d0a3985b047aa91261d33b7d29c16,3.66,,86000000
2026-05-28 12:30:53.624,2026/05/28/[$LATEST]96c6e01348cf4245968782a1abd6eaeb,1.91,,85000000
2026-05-28 12:30:53.625,2026/05/28/[$LATEST]07ffab9544874a0f9ad2ce95d2a41d2e,13.52,,85000000
2026-05-28 12:30:53.626,2026/05/28/[$LATEST]af1260d7b29a4081bdccf63925032932,1.79,,86000000
2026-05-28 12:30:53.635,2026/05/28/[$LATEST]af1260d7b29a4081bdccf63925032932,1.85,,86000000
2026-05-28 12:30:53.638,2026/05/28/[$LATEST]645d0a3985b047aa91261d33b7d29c16,13.07,,86000000
2026-05-28 12:30:53.658,2026/05/28/[$LATEST]645d0a3985b047aa91261d33b7d29c16,4.48,,86000000
2026-05-28 12:30:53.674,2026/05/28/[$LATEST]af1260d7b29a4081bdccf63925032932,1.96,,86000000
2026-05-28 12:30:53.676,2026/05/28/[$LATEST]2faaf80cfd9d45a1b10ad92bea2bdc23,1.61,,86000000
2026-05-28 12:30:53.678,2026/05/28/[$LATEST]645d0a3985b047aa91261d33b7d29c16,4.59,,86000000
2026-05-28 12:30:53.679,2026/05/28/[$LATEST]cfb0e958f4874281914ba0b7a1a72bef,1.77,,86000000
2026-05-28 12:30:53.680,2026/05/28/[$LATEST]97a954105e44466ba126f05fc7a8e643,5.2,,86000000
2026-05-28 12:30:53.686,2026/05/28/[$LATEST]645d0a3985b047aa91261d33b7d29c16,1.76,,86000000
2026-05-28 12:30:53.689,2026/05/28/[$LATEST]07ffab9544874a0f9ad2ce95d2a41d2e,2.09,,85000000
2026-05-28 12:30:53.691,2026/05/28/[$LATEST]af1260d7b29a4081bdccf63925032932,9.71,,86000000
2026-05-28 12:30:53.699,2026/05/28/[$LATEST]97a954105e44466ba126f05fc7a8e643,1.8,,86000000
2026-05-28 12:30:53.706,2026/05/28/[$LATEST]07ffab9544874a0f9ad2ce95d2a41d2e,5.34,,85000000
2026-05-28 12:30:53.708,2026/05/28/[$LATEST]645d0a3985b047aa91261d33b7d29c16,1.64,,86000000
2026-05-28 12:30:53.711,2026/05/28/[$LATEST]4f6d928700b0454089f4d3ba5806fd95,2.05,,85000000
2026-05-28 12:30:53.711,2026/05/28/[$LATEST]96c6e01348cf4245968782a1abd6eaeb,1.58,,85000000
2026-05-28 12:30:53.713,2026/05/28/[$LATEST]09b41d5fd2894f389e30ae58462b1250,1.84,,85000000
2026-05-28 12:30:53.717,2026/05/28/[$LATEST]97a954105e44466ba126f05fc7a8e643,1.86,,86000000
2026-05-28 12:30:53.719,2026/05/28/[$LATEST]645d0a3985b047aa91261d33b7d29c16,1.66,,86000000
2026-05-28 12:30:53.720,2026/05/28/[$LATEST]09b41d5fd2894f389e30ae58462b1250,1.43,,85000000
2026-05-28 12:30:53.720,2026/05/28/[$LATEST]4f6d928700b0454089f4d3ba5806fd95,1.79,,85000000
2026-05-28 12:30:53.720,2026/05/28/[$LATEST]15737d93c14242db96065ddfaa294dc4,1.96,,85000000
2026-05-28 12:30:53.724,2026/05/28/[$LATEST]af1260d7b29a4081bdccf63925032932,1.77,,86000000
2026-05-28 12:30:53.725,2026/05/28/[$LATEST]07ffab9544874a0f9ad2ce95d2a41d2e,11.5,,85000000
2026-05-28 12:30:53.725,2026/05/28/[$LATEST]cfb0e958f4874281914ba0b7a1a72bef,1.83,,86000000
2026-05-28 12:30:53.733,2026/05/28/[$LATEST]af1260d7b29a4081bdccf63925032932,2.08,,86000000
2026-05-28 12:30:53.741,2026/05/28/[$LATEST]cfb0e958f4874281914ba0b7a1a72bef,2.25,,86000000
2026-05-28 12:30:53.744,2026/05/28/[$LATEST]97a954105e44466ba126f05fc7a8e643,1.87,,86000000
2026-05-28 12:30:53.747,2026/05/28/[$LATEST]af1260d7b29a4081bdccf63925032932,7.54,,86000000
2026-05-28 12:30:53.748,2026/05/28/[$LATEST]07ffab9544874a0f9ad2ce95d2a41d2e,2.45,,85000000
2026-05-28 12:30:53.762,2026/05/28/[$LATEST]97a954105e44466ba126f05fc7a8e643,10.84,,86000000
2026-05-28 12:30:53.763,2026/05/28/[$LATEST]cfb0e958f4874281914ba0b7a1a72bef,1.75,,86000000
2026-05-28 12:30:53.765,2026/05/28/[$LATEST]07ffab9544874a0f9ad2ce95d2a41d2e,5.07,,85000000
2026-05-28 12:30:53.767,2026/05/28/[$LATEST]af1260d7b29a4081bdccf63925032932,12.12,,86000000
2026-05-28 12:30:53.769,2026/05/28/[$LATEST]4c865db2928045c5b55b6820a532569d,1.77,,86000000
2026-05-28 12:30:53.769,2026/05/28/[$LATEST]2faaf80cfd9d45a1b10ad92bea2bdc23,1.55,,86000000
2026-05-28 12:30:53.769,2026/05/28/[$LATEST]4f6d928700b0454089f4d3ba5806fd95,1.77,,85000000
2026-05-28 12:30:53.773,2026/05/28/[$LATEST]cdb8a0d50aa64c6485a0abe0d3813eb6,1.98,,86000000
2026-05-28 12:30:53.788,2026/05/28/[$LATEST]4f6d928700b0454089f4d3ba5806fd95,2.24,,85000000
2026-05-28 12:30:53.790,2026/05/28/[$LATEST]cdb8a0d50aa64c6485a0abe0d3813eb6,8.49,,86000000
2026-05-28 12:30:53.794,2026/05/28/[$LATEST]2faaf80cfd9d45a1b10ad92bea2bdc23,1.62,,86000000
2026-05-28 12:30:53.797,2026/05/28/[$LATEST]4f6d928700b0454089f4d3ba5806fd95,1.84,,85000000
2026-05-28 12:30:53.797,2026/05/28/[$LATEST]4c865db2928045c5b55b6820a532569d,2.09,,86000000
2026-05-28 12:30:53.811,2026/05/28/[$LATEST]cdb8a0d50aa64c6485a0abe0d3813eb6,10.69,,86000000
2026-05-28 12:30:53.811,2026/05/28/[$LATEST]4c865db2928045c5b55b6820a532569d,2.39,,86000000
2026-05-28 12:30:53.815,2026/05/28/[$LATEST]4f6d928700b0454089f4d3ba5806fd95,3.54,,85000000
2026-05-28 12:30:53.817,2026/05/28/[$LATEST]07ffab9544874a0f9ad2ce95d2a41d2e,1.86,,85000000
2026-05-28 12:30:53.817,2026/05/28/[$LATEST]15737d93c14242db96065ddfaa294dc4,1.9,,85000000
2026-05-28 12:30:53.818,2026/05/28/[$LATEST]2faaf80cfd9d45a1b10ad92bea2bdc23,1.66,,86000000
2026-05-28 12:30:53.834,2026/05/28/[$LATEST]2faaf80cfd9d45a1b10ad92bea2bdc23,1.61,,86000000
2026-05-28 12:30:53.846,2026/05/28/[$LATEST]07ffab9544874a0f9ad2ce95d2a41d2e,2.05,,85000000
2026-05-28 12:30:53.847,2026/05/28/[$LATEST]15737d93c14242db96065ddfaa294dc4,1.75,,85000000
2026-05-28 12:30:53.848,2026/05/28/[$LATEST]4c865db2928045c5b55b6820a532569d,2.2,,86000000
2026-05-28 12:30:53.848,2026/05/28/[$LATEST]2faaf80cfd9d45a1b10ad92bea2bdc23,1.67,,86000000
2026-05-28 12:30:53.851,2026/05/28/[$LATEST]4f6d928700b0454089f4d3ba5806fd95,1.84,,85000000
2026-05-28 12:30:53.860,2026/05/28/[$LATEST]4f6d928700b0454089f4d3ba5806fd95,4.07,,85000000
2026-05-28 12:30:53.864,2026/05/28/[$LATEST]2faaf80cfd9d45a1b10ad92bea2bdc23,1.55,,86000000
2026-05-28 12:30:53.864,2026/05/28/[$LATEST]4c865db2928045c5b55b6820a532569d,2.23,,86000000
2026-05-28 12:30:53.872,2026/05/28/[$LATEST]4c865db2928045c5b55b6820a532569d,1.7,,86000000
2026-05-28 12:30:53.876,2026/05/28/[$LATEST]15737d93c14242db96065ddfaa294dc4,1.66,,85000000
2026-05-28 12:30:53.876,2026/05/28/[$LATEST]07ffab9544874a0f9ad2ce95d2a41d2e,1.9,,85000000
2026-05-28 12:30:53.876,2026/05/28/[$LATEST]4f6d928700b0454089f4d3ba5806fd95,5.78,,85000000
2026-05-28 12:30:53.884,2026/05/28/[$LATEST]2faaf80cfd9d45a1b10ad92bea2bdc23,1.57,,86000000
2026-05-28 12:30:53.890,2026/05/28/[$LATEST]07ffab9544874a0f9ad2ce95d2a41d2e,1.94,,85000000
2026-05-28 12:30:53.890,2026/05/28/[$LATEST]cdb8a0d50aa64c6485a0abe0d3813eb6,2.25,,86000000
2026-05-28 12:30:53.891,2026/05/28/[$LATEST]4c865db2928045c5b55b6820a532569d,2.16,,86000000
2026-05-28 12:30:53.893,2026/05/28/[$LATEST]15737d93c14242db96065ddfaa294dc4,4.72,,85000000
2026-05-28 12:30:53.893,2026/05/28/[$LATEST]09b41d5fd2894f389e30ae58462b1250,1.79,,85000000
2026-05-28 12:30:53.894,2026/05/28/[$LATEST]4f6d928700b0454089f4d3ba5806fd95,1.92,,85000000
2026-05-28 12:30:53.899,2026/05/28/[$LATEST]15737d93c14242db96065ddfaa294dc4,1.4,,85000000
2026-05-28 12:30:53.907,2026/05/28/[$LATEST]4c865db2928045c5b55b6820a532569d,1.93,,86000000
2026-05-28 12:30:53.915,2026/05/28/[$LATEST]15737d93c14242db96065ddfaa294dc4,1.62,,85000000
2026-05-28 12:30:53.928,2026/05/28/[$LATEST]4f6d928700b0454089f4d3ba5806fd95,1.97,,85000000
2026-05-28 12:30:53.929,2026/05/28/[$LATEST]4c865db2928045c5b55b6820a532569d,3.07,,86000000
2026-05-28 12:30:53.931,2026/05/28/[$LATEST]cdb8a0d50aa64c6485a0abe0d3813eb6,8.11,,86000000
2026-05-28 12:30:53.931,2026/05/28/[$LATEST]09b41d5fd2894f389e30ae58462b1250,1.59,,85000000
2026-05-28 12:30:53.932,2026/05/28/[$LATEST]2faaf80cfd9d45a1b10ad92bea2bdc23,1.73,,86000000
2026-05-28 12:30:53.933,2026/05/28/[$LATEST]15737d93c14242db96065ddfaa294dc4,12.93,,85000000
2026-05-28 12:30:53.940,2026/05/28/[$LATEST]07ffab9544874a0f9ad2ce95d2a41d2e,1.86,,85000000
2026-05-28 12:30:53.949,2026/05/28/[$LATEST]2faaf80cfd9d45a1b10ad92bea2bdc23,1.56,,86000000
2026-05-28 12:30:53.951,2026/05/28/[$LATEST]07ffab9544874a0f9ad2ce95d2a41d2e,1.67,,85000000
2026-05-28 12:30:53.953,2026/05/28/[$LATEST]cdb8a0d50aa64c6485a0abe0d3813eb6,1.87,,86000000
2026-05-28 12:30:53.954,2026/05/28/[$LATEST]4f6d928700b0454089f4d3ba5806fd95,3.02,,85000000
2026-05-28 12:30:53.954,2026/05/28/[$LATEST]15737d93c14242db96065ddfaa294dc4,1.58,,85000000
2026-05-28 12:30:53.965,2026/05/28/[$LATEST]07ffab9544874a0f9ad2ce95d2a41d2e,8.87,,85000000
2026-05-28 12:30:53.971,2026/05/28/[$LATEST]4f6d928700b0454089f4d3ba5806fd95,1.74,,85000000
2026-05-28 12:30:53.978,2026/05/28/[$LATEST]15737d93c14242db96065ddfaa294dc4,1.69,,85000000
2026-05-28 12:30:53.984,2026/05/28/[$LATEST]cdb8a0d50aa64c6485a0abe0d3813eb6,1.76,,86000000
2026-05-28 12:30:53.985,2026/05/28/[$LATEST]07ffab9544874a0f9ad2ce95d2a41d2e,2.52,,85000000
2026-05-28 12:30:53.987,2026/05/28/[$LATEST]4c865db2928045c5b55b6820a532569d,2.15,,86000000
2026-05-28 12:30:53.990,2026/05/28/[$LATEST]cfb0e958f4874281914ba0b7a1a72bef,1.74,,86000000
2026-05-28 12:30:53.991,2026/05/28/[$LATEST]2faaf80cfd9d45a1b10ad92bea2bdc23,1.57,,86000000
2026-05-28 12:30:53.991,2026/05/28/[$LATEST]af1260d7b29a4081bdccf63925032932,1.76,,86000000
2026-05-28 12:30:53.992,2026/05/28/[$LATEST]97a954105e44466ba126f05fc7a8e643,2.19,,86000000
2026-05-28 12:30:53.993,2026/05/28/[$LATEST]15737d93c14242db96065ddfaa294dc4,9.06,,85000000
2026-05-28 12:30:54.004,2026/05/28/[$LATEST]97a954105e44466ba126f05fc7a8e643,1.8,,86000000
2026-05-28 12:30:54.004,2026/05/28/[$LATEST]2faaf80cfd9d45a1b10ad92bea2bdc23,6.22,,86000000
2026-05-28 12:30:54.009,2026/05/28/[$LATEST]af1260d7b29a4081bdccf63925032932,1.99,,86000000
2026-05-28 12:30:54.023,2026/05/28/[$LATEST]2faaf80cfd9d45a1b10ad92bea2bdc23,1.56,,86000000
2026-05-28 12:30:54.026,2026/05/28/[$LATEST]07ffab9544874a0f9ad2ce95d2a41d2e,1.99,,85000000
2026-05-28 12:30:54.029,2026/05/28/[$LATEST]4f6d928700b0454089f4d3ba5806fd95,1.77,,85000000
2026-05-28 12:30:54.030,2026/05/28/[$LATEST]09b41d5fd2894f389e30ae58462b1250,1.72,,85000000
2026-05-28 12:30:54.032,2026/05/28/[$LATEST]645d0a3985b047aa91261d33b7d29c16,1.65,,86000000
2026-05-28 12:30:54.032,2026/05/28/[$LATEST]15737d93c14242db96065ddfaa294dc4,6.49,,85000000
2026-05-28 12:30:54.036,2026/05/28/[$LATEST]96c6e01348cf4245968782a1abd6eaeb,2.03,,85000000
2026-05-28 12:30:54.038,2026/05/28/[$LATEST]09b41d5fd2894f389e30ae58462b1250,1.52,,85000000
2026-05-28 12:30:54.044,2026/05/28/[$LATEST]15737d93c14242db96065ddfaa294dc4,1.67,,85000000
2026-05-28 12:30:54.047,2026/05/28/[$LATEST]af1260d7b29a4081bdccf63925032932,28.67,,86000000
2026-05-28 12:30:54.050,2026/05/28/[$LATEST]2faaf80cfd9d45a1b10ad92bea2bdc23,1.57,,86000000
2026-05-28 12:30:54.053,2026/05/28/[$LATEST]15737d93c14242db96065ddfaa294dc4,1.67,,85000000
2026-05-28 12:30:54.064,2026/05/28/[$LATEST]2faaf80cfd9d45a1b10ad92bea2bdc23,6.92,,86000000
2026-05-28 12:30:54.072,2026/05/28/[$LATEST]09b41d5fd2894f389e30ae58462b1250,10.6,,85000000
2026-05-28 12:30:54.073,2026/05/28/[$LATEST]15737d93c14242db96065ddfaa294dc4,4.37,,85000000
2026-05-28 12:30:54.079,2026/05/28/[$LATEST]2faaf80cfd9d45a1b10ad92bea2bdc23,1.75,,86000000
2026-05-28 12:30:54.085,2026/05/28/[$LATEST]2faaf80cfd9d45a1b10ad92bea2bdc23,1.52,,86000000
2026-05-28 12:30:54.085,2026/05/28/[$LATEST]09b41d5fd2894f389e30ae58462b1250,1.53,,85000000
2026-05-28 12:30:54.088,2026/05/28/[$LATEST]645d0a3985b047aa91261d33b7d29c16,1.53,,86000000
2026-05-28 12:30:54.090,2026/05/28/[$LATEST]96c6e01348cf4245968782a1abd6eaeb,1.72,,85000000
2026-05-28 12:30:54.094,2026/05/28/[$LATEST]09b41d5fd2894f389e30ae58462b1250,2.43,,85000000
2026-05-28 12:30:54.096,2026/05/28/[$LATEST]15737d93c14242db96065ddfaa294dc4,14.56,,85000000
2026-05-28 12:30:54.098,2026/05/28/[$LATEST]645d0a3985b047aa91261d33b7d29c16,4.81,,86000000
2026-05-28 12:30:54.104,2026/05/28/[$LATEST]2faaf80cfd9d45a1b10ad92bea2bdc23,10.76,,86000000
2026-05-28 12:30:54.109,2026/05/28/[$LATEST]97a954105e44466ba126f05fc7a8e643,1.88,,86000000
2026-05-28 12:30:54.111,2026/05/28/[$LATEST]cfb0e958f4874281914ba0b7a1a72bef,1.93,,86000000
2026-05-28 12:30:54.112,2026/05/28/[$LATEST]2faaf80cfd9d45a1b10ad92bea2bdc23,1.47,,86000000
2026-05-28 12:30:54.112,2026/05/28/[$LATEST]af1260d7b29a4081bdccf63925032932,2.1,,86000000
2026-05-28 12:30:54.115,2026/05/28/[$LATEST]15737d93c14242db96065ddfaa294dc4,1.88,,85000000
2026-05-28 12:30:54.116,2026/05/28/[$LATEST]09b41d5fd2894f389e30ae58462b1250,1.68,,85000000
2026-05-28 12:30:54.116,2026/05/28/[$LATEST]4c865db2928045c5b55b6820a532569d,2,,86000000
2026-05-28 12:30:54.117,2026/05/28/[$LATEST]645d0a3985b047aa91261d33b7d29c16,9.5,,86000000
2026-05-28 12:30:54.121,2026/05/28/[$LATEST]96c6e01348cf4245968782a1abd6eaeb,1.68,,85000000
2026-05-28 12:30:54.122,2026/05/28/[$LATEST]97a954105e44466ba126f05fc7a8e643,6.59,,86000000
2026-05-28 12:30:54.123,2026/05/28/[$LATEST]07ffab9544874a0f9ad2ce95d2a41d2e,12.21,,85000000
2026-05-28 12:30:54.126,2026/05/28/[$LATEST]2faaf80cfd9d45a1b10ad92bea2bdc23,1.61,,86000000
2026-05-28 12:30:54.127,2026/05/28/[$LATEST]af1260d7b29a4081bdccf63925032932,1.83,,86000000
2026-05-28 12:30:54.128,2026/05/28/[$LATEST]cdb8a0d50aa64c6485a0abe0d3813eb6,1.89,,86000000
2026-05-28 12:30:54.131,2026/05/28/[$LATEST]07ffab9544874a0f9ad2ce95d2a41d2e,1.74,,85000000
2026-05-28 12:30:54.138,2026/05/28/[$LATEST]645d0a3985b047aa91261d33b7d29c16,16.04,,86000000
2026-05-28 12:30:54.139,2026/05/28/[$LATEST]96c6e01348cf4245968782a1abd6eaeb,1.78,,85000000
2026-05-28 12:30:54.141,2026/05/28/[$LATEST]cfb0e958f4874281914ba0b7a1a72bef,24.34,,86000000
2026-05-28 12:30:54.141,2026/05/28/[$LATEST]cdb8a0d50aa64c6485a0abe0d3813eb6,1.97,,86000000
2026-05-28 12:30:54.145,2026/05/28/[$LATEST]2faaf80cfd9d45a1b10ad92bea2bdc23,6.07,,86000000
2026-05-28 12:30:54.146,2026/05/28/[$LATEST]af1260d7b29a4081bdccf63925032932,1.73,,86000000
2026-05-28 12:30:54.146,2026/05/28/[$LATEST]97a954105e44466ba126f05fc7a8e643,1.86,,86000000
2026-05-28 12:30:54.151,2026/05/28/[$LATEST]4c865db2928045c5b55b6820a532569d,20.32,,86000000
2026-05-28 12:30:54.156,2026/05/28/[$LATEST]af1260d7b29a4081bdccf63925032932,1.94,,86000000
2026-05-28 12:30:54.161,2026/05/28/[$LATEST]645d0a3985b047aa91261d33b7d29c16,3.87,,86000000
2026-05-28 12:30:54.161,2026/05/28/[$LATEST]96c6e01348cf4245968782a1abd6eaeb,11.51,,85000000
2026-05-28 12:30:54.164,2026/05/28/[$LATEST]97a954105e44466ba126f05fc7a8e643,1.97,,86000000
2026-05-28 12:30:54.168,2026/05/28/[$LATEST]af1260d7b29a4081bdccf63925032932,3.9,,86000000
2026-05-28 12:30:54.173,2026/05/28/[$LATEST]07ffab9544874a0f9ad2ce95d2a41d2e,1.81,,85000000
2026-05-28 12:30:54.178,2026/05/28/[$LATEST]4c865db2928045c5b55b6820a532569d,3.8,,86000000
2026-05-28 12:30:54.180,2026/05/28/[$LATEST]09b41d5fd2894f389e30ae58462b1250,1.65,,85000000
2026-05-28 12:30:54.183,2026/05/28/[$LATEST]15737d93c14242db96065ddfaa294dc4,1.83,,85000000
2026-05-28 12:30:54.185,2026/05/28/[$LATEST]07ffab9544874a0f9ad2ce95d2a41d2e,5.82,,85000000
2026-05-28 12:30:54.186,2026/05/28/[$LATEST]96c6e01348cf4245968782a1abd6eaeb,13.18,,85000000
2026-05-28 12:30:54.189,2026/05/28/[$LATEST]af1260d7b29a4081bdccf63925032932,12.27,,86000000
2026-05-28 12:30:54.192,2026/05/28/[$LATEST]4c865db2928045c5b55b6820a532569d,3.03,,86000000
2026-05-28 12:30:54.193,2026/05/28/[$LATEST]cfb0e958f4874281914ba0b7a1a72bef,1.67,,86000000
2026-05-28 12:30:54.193,2026/05/28/[$LATEST]2faaf80cfd9d45a1b10ad92bea2bdc23,1.65,,86000000
2026-05-28 12:30:54.193,2026/05/28/[$LATEST]97a954105e44466ba126f05fc7a8e643,2.04,,86000000
2026-05-28 12:30:54.197,2026/05/28/[$LATEST]645d0a3985b047aa91261d33b7d29c16,19.3,,86000000
2026-05-28 12:30:54.202,2026/05/28/[$LATEST]cfb0e958f4874281914ba0b7a1a72bef,1.71,,86000000
2026-05-28 12:30:54.208,2026/05/28/[$LATEST]2faaf80cfd9d45a1b10ad92bea2bdc23,1.63,,86000000
2026-05-28 12:30:54.227,2026/05/28/[$LATEST]645d0a3985b047aa91261d33b7d29c16,1.83,,86000000
2026-05-28 12:30:54.232,2026/05/28/[$LATEST]2faaf80cfd9d45a1b10ad92bea2bdc23,2.43,,86000000
2026-05-28 12:30:54.233,2026/05/28/[$LATEST]cfb0e958f4874281914ba0b7a1a72bef,1.67,,86000000
2026-05-28 12:30:54.234,2026/05/28/[$LATEST]96c6e01348cf4245968782a1abd6eaeb,1.85,,85000000
2026-05-28 12:30:54.239,2026/05/28/[$LATEST]645d0a3985b047aa91261d33b7d29c16,1.74,,86000000
2026-05-28 12:30:54.241,2026/05/28/[$LATEST]15737d93c14242db96065ddfaa294dc4,1.61,,85000000
2026-05-28 12:30:54.243,2026/05/28/[$LATEST]07ffab9544874a0f9ad2ce95d2a41d2e,1.93,,85000000
2026-05-28 12:30:54.246,2026/05/28/[$LATEST]cfb0e958f4874281914ba0b7a1a72bef,1.7,,86000000
2026-05-28 12:30:54.257,2026/05/28/[$LATEST]15737d93c14242db96065ddfaa294dc4,1.73,,85000000
2026-05-28 12:30:54.258,2026/05/28/[$LATEST]645d0a3985b047aa91261d33b7d29c16,12.75,,86000000
2026-05-28 12:30:54.258,2026/05/28/[$LATEST]07ffab9544874a0f9ad2ce95d2a41d2e,1.81,,85000000
2026-05-28 12:30:54.261,2026/05/28/[$LATEST]96c6e01348cf4245968782a1abd6eaeb,1.87,,85000000
2026-05-28 12:30:54.261,2026/05/28/[$LATEST]cfb0e958f4874281914ba0b7a1a72bef,3.52,,86000000
2026-05-28 12:30:54.262,2026/05/28/[$LATEST]2faaf80cfd9d45a1b10ad92bea2bdc23,1.68,,86000000
2026-05-28 12:30:54.265,2026/05/28/[$LATEST]97a954105e44466ba126f05fc7a8e643,1.82,,86000000
2026-05-28 12:30:54.274,2026/05/28/[$LATEST]15737d93c14242db96065ddfaa294dc4,11.31,,85000000
2026-05-28 12:30:54.280,2026/05/28/[$LATEST]2faaf80cfd9d45a1b10ad92bea2bdc23,1.62,,86000000
2026-05-28 12:30:54.282,2026/05/28/[$LATEST]97a954105e44466ba126f05fc7a8e643,5.14,,86000000
2026-05-28 12:30:54.295,2026/05/28/[$LATEST]2faaf80cfd9d45a1b10ad92bea2bdc23,1.64,,86000000
2026-05-28 12:30:54.298,2026/05/28/[$LATEST]15737d93c14242db96065ddfaa294dc4,1.62,,85000000
2026-05-28 12:30:54.301,2026/05/28/[$LATEST]97a954105e44466ba126f05fc7a8e643,11.22,,86000000
2026-05-28 12:30:54.306,2026/05/28/[$LATEST]2faaf80cfd9d45a1b10ad92bea2bdc23,1.61,,86000000
2026-05-28 12:30:54.309,2026/05/28/[$LATEST]96c6e01348cf4245968782a1abd6eaeb,1.88,,85000000
2026-05-28 12:30:54.309,2026/05/28/[$LATEST]cfb0e958f4874281914ba0b7a1a72bef,1.81,,86000000
2026-05-28 12:30:54.311,2026/05/28/[$LATEST]07ffab9544874a0f9ad2ce95d2a41d2e,2.06,,85000000
2026-05-28 12:30:54.313,2026/05/28/[$LATEST]15737d93c14242db96065ddfaa294dc4,9.1,,85000000
2026-05-28 12:30:54.320,2026/05/28/[$LATEST]97a954105e44466ba126f05fc7a8e643,1.99,,86000000
2026-05-28 12:30:54.333,2026/05/28/[$LATEST]15737d93c14242db96065ddfaa294dc4,5.09,,85000000
2026-05-28 12:30:54.334,2026/05/28/[$LATEST]96c6e01348cf4245968782a1abd6eaeb,1.8,,85000000
2026-05-28 12:30:54.347,2026/05/28/[$LATEST]97a954105e44466ba126f05fc7a8e643,2.03,,86000000
2026-05-28 12:30:54.351,2026/05/28/[$LATEST]96c6e01348cf4245968782a1abd6eaeb,1.79,,85000000
2026-05-28 12:30:54.354,2026/05/28/[$LATEST]15737d93c14242db96065ddfaa294dc4,1.83,,85000000
2026-05-28 12:30:54.357,2026/05/28/[$LATEST]645d0a3985b047aa91261d33b7d29c16,1.92,,86000000
2026-05-28 12:30:54.359,2026/05/28/[$LATEST]cfb0e958f4874281914ba0b7a1a72bef,1.78,,86000000
2026-05-28 12:30:54.361,2026/05/28/[$LATEST]96c6e01348cf4245968782a1abd6eaeb,1.82,,85000000
2026-05-28 12:30:54.363,2026/05/28/[$LATEST]97a954105e44466ba126f05fc7a8e643,4.53,,86000000
2026-05-28 12:30:54.364,2026/05/28/[$LATEST]2faaf80cfd9d45a1b10ad92bea2bdc23,1.79,,86000000
2026-05-28 12:30:54.364,2026/05/28/[$LATEST]09b41d5fd2894f389e30ae58462b1250,1.77,,85000000
2026-05-28 12:30:54.365,2026/05/28/[$LATEST]07ffab9544874a0f9ad2ce95d2a41d2e,35.17,,85000000
2026-05-28 12:30:54.373,2026/05/28/[$LATEST]15737d93c14242db96065ddfaa294dc4,12.26,,85000000
2026-05-28 12:30:54.374,2026/05/28/[$LATEST]2faaf80cfd9d45a1b10ad92bea2bdc23,1.7,,86000000
2026-05-28 12:30:54.379,2026/05/28/[$LATEST]cfb0e958f4874281914ba0b7a1a72bef,2.62,,86000000
2026-05-28 12:30:54.386,2026/05/28/[$LATEST]07ffab9544874a0f9ad2ce95d2a41d2e,6.86,,85000000
2026-05-28 12:30:54.394,2026/05/28/[$LATEST]15737d93c14242db96065ddfaa294dc4,1.85,,85000000
2026-05-28 12:30:54.400,2026/05/28/[$LATEST]97a954105e44466ba126f05fc7a8e643,13.55,,86000000
2026-05-28 12:30:54.403,2026/05/28/[$LATEST]09b41d5fd2894f389e30ae58462b1250,1.8,,85000000
2026-05-28 12:30:54.405,2026/05/28/[$LATEST]07ffab9544874a0f9ad2ce95d2a41d2e,3.54,,85000000
2026-05-28 12:30:54.405,2026/05/28/[$LATEST]96c6e01348cf4245968782a1abd6eaeb,1.74,,85000000
2026-05-28 12:30:54.413,2026/05/28/[$LATEST]15737d93c14242db96065ddfaa294dc4,12.48,,85000000
2026-05-28 12:30:54.416,2026/05/28/[$LATEST]97a954105e44466ba126f05fc7a8e643,1.7,,86000000
2026-05-28 12:30:54.420,2026/05/28/[$LATEST]96c6e01348cf4245968782a1abd6eaeb,5.53,,85000000
2026-05-28 12:30:54.424,2026/05/28/[$LATEST]07ffab9544874a0f9ad2ce95d2a41d2e,5,,85000000
2026-05-28 12:30:54.428,2026/05/28/[$LATEST]09b41d5fd2894f389e30ae58462b1250,1.57,,85000000
2026-05-28 12:30:54.429,2026/05/28/[$LATEST]97a954105e44466ba126f05fc7a8e643,1.78,,86000000
2026-05-28 12:30:54.429,2026/05/28/[$LATEST]cfb0e958f4874281914ba0b7a1a72bef,1.71,,86000000
2026-05-28 12:30:54.432,2026/05/28/[$LATEST]2faaf80cfd9d45a1b10ad92bea2bdc23,1.61,,86000000
2026-05-28 12:30:54.433,2026/05/28/[$LATEST]15737d93c14242db96065ddfaa294dc4,7.24,,85000000
2026-05-28 12:30:54.434,2026/05/28/[$LATEST]09b41d5fd2894f389e30ae58462b1250,1.53,,85000000
2026-05-28 12:30:54.435,2026/05/28/[$LATEST]4c865db2928045c5b55b6820a532569d,2.29,,86000000
2026-05-28 12:30:54.441,2026/05/28/[$LATEST]cfb0e958f4874281914ba0b7a1a72bef,3.51,,86000000
2026-05-28 12:30:54.444,2026/05/28/[$LATEST]09b41d5fd2894f389e30ae58462b1250,1.45,,85000000
2026-05-28 12:30:54.444,2026/05/28/[$LATEST]af1260d7b29a4081bdccf63925032932,1.99,,86000000
2026-05-28 12:30:54.452,2026/05/28/[$LATEST]15737d93c14242db96065ddfaa294dc4,5.16,,85000000
2026-05-28 12:30:54.461,2026/05/28/[$LATEST]af1260d7b29a4081bdccf63925032932,1.97,,86000000
2026-05-28 12:30:54.468,2026/05/28/[$LATEST]cfb0e958f4874281914ba0b7a1a72bef,1.91,,86000000
2026-05-28 12:30:54.473,2026/05/28/[$LATEST]15737d93c14242db96065ddfaa294dc4,14.53,,85000000
2026-05-28 12:30:54.481,2026/05/28/[$LATEST]cfb0e958f4874281914ba0b7a1a72bef,1.86,,86000000
2026-05-28 12:30:54.483,2026/05/28/[$LATEST]07ffab9544874a0f9ad2ce95d2a41d2e,1.83,,85000000
2026-05-28 12:30:54.483,2026/05/28/[$LATEST]09b41d5fd2894f389e30ae58462b1250,1.89,,85000000
2026-05-28 12:30:54.484,2026/05/28/[$LATEST]96c6e01348cf4245968782a1abd6eaeb,1.77,,85000000
2026-05-28 12:30:54.484,2026/05/28/[$LATEST]af1260d7b29a4081bdccf63925032932,1.73,,86000000
2026-05-28 12:30:54.484,2026/05/28/[$LATEST]2faaf80cfd9d45a1b10ad92bea2bdc23,1.68,,86000000
2026-05-28 12:30:54.485,2026/05/28/[$LATEST]4c865db2928045c5b55b6820a532569d,2.07,,86000000
2026-05-28 12:30:54.488,2026/05/28/[$LATEST]645d0a3985b047aa91261d33b7d29c16,1.73,,86000000
2026-05-28 12:30:54.488,2026/05/28/[$LATEST]97a954105e44466ba126f05fc7a8e643,1.96,,86000000
2026-05-28 12:30:54.493,2026/05/28/[$LATEST]09b41d5fd2894f389e30ae58462b1250,3.18,,85000000
2026-05-28 12:30:54.493,2026/05/28/[$LATEST]15737d93c14242db96065ddfaa294dc4,12.06,,85000000
2026-05-28 12:30:54.496,2026/05/28/[$LATEST]07ffab9544874a0f9ad2ce95d2a41d2e,2.33,,85000000
2026-05-28 12:30:54.500,2026/05/28/[$LATEST]09b41d5fd2894f389e30ae58462b1250,1.3,,85000000
2026-05-28 12:30:54.500,2026/05/28/[$LATEST]cfb0e958f4874281914ba0b7a1a72bef,1.53,,86000000
2026-05-28 12:30:54.502,2026/05/28/[$LATEST]97a954105e44466ba126f05fc7a8e643,5.29,,86000000
2026-05-28 12:30:54.502,2026/05/28/[$LATEST]4c865db2928045c5b55b6820a532569d,3.17,,86000000
2026-05-28 12:30:54.503,2026/05/28/[$LATEST]af1260d7b29a4081bdccf63925032932,1.96,,86000000
2026-05-28 12:30:54.505,2026/05/28/[$LATEST]8780bb004b644eb6be10188e8ec3da12,2.4,,86000000
2026-05-28 12:30:54.506,2026/05/28/[$LATEST]07ffab9544874a0f9ad2ce95d2a41d2e,2.07,,85000000
2026-05-28 12:30:54.507,2026/05/28/[$LATEST]2faaf80cfd9d45a1b10ad92bea2bdc23,1.7,,86000000
2026-05-28 12:30:54.507,2026/05/28/[$LATEST]cdb8a0d50aa64c6485a0abe0d3813eb6,2.21,,86000000
2026-05-28 12:30:54.515,2026/05/28/[$LATEST]8780bb004b644eb6be10188e8ec3da12,3.32,,86000000
2026-05-28 12:30:54.521,2026/05/28/[$LATEST]97a954105e44466ba126f05fc7a8e643,13.87,,86000000
2026-05-28 12:30:54.522,2026/05/28/[$LATEST]09b41d5fd2894f389e30ae58462b1250,1.6,,85000000
2026-05-28 12:30:54.526,2026/05/28/[$LATEST]07ffab9544874a0f9ad2ce95d2a41d2e,5.46,,85000000
2026-05-28 12:30:54.542,2026/05/28/[$LATEST]97a954105e44466ba126f05fc7a8e643,3.94,,86000000
2026-05-28 12:30:54.544,2026/05/28/[$LATEST]07ffab9544874a0f9ad2ce95d2a41d2e,4.55,,85000000
2026-05-28 12:30:54.544,2026/05/28/[$LATEST]cdb8a0d50aa64c6485a0abe0d3813eb6,2.1,,86000000
2026-05-28 12:30:54.546,2026/05/28/[$LATEST]8780bb004b644eb6be10188e8ec3da12,1.89,,86000000
2026-05-28 12:30:54.553,2026/05/28/[$LATEST]07ffab9544874a0f9ad2ce95d2a41d2e,1.94,,85000000
2026-05-28 12:30:54.554,2026/05/28/[$LATEST]09b41d5fd2894f389e30ae58462b1250,1.7,,85000000
2026-05-28 12:30:54.555,2026/05/28/[$LATEST]cdb8a0d50aa64c6485a0abe0d3813eb6,1.84,,86000000
2026-05-28 12:30:54.556,2026/05/28/[$LATEST]8780bb004b644eb6be10188e8ec3da12,2.03,,86000000
2026-05-28 12:30:54.560,2026/05/28/[$LATEST]15737d93c14242db96065ddfaa294dc4,4.09,,85000000
2026-05-28 12:30:54.562,2026/05/28/[$LATEST]97a954105e44466ba126f05fc7a8e643,2,,86000000
2026-05-28 12:30:54.582,2026/05/28/[$LATEST]97a954105e44466ba126f05fc7a8e643,2.1,,86000000
2026-05-28 12:30:54.585,2026/05/28/[$LATEST]8780bb004b644eb6be10188e8ec3da12,2.41,,86000000
2026-05-28 12:30:54.596,2026/05/28/[$LATEST]09b41d5fd2894f389e30ae58462b1250,1.53,,85000000
2026-05-28 12:30:54.596,2026/05/28/[$LATEST]8780bb004b644eb6be10188e8ec3da12,1.92,,86000000
2026-05-28 12:30:54.600,2026/05/28/[$LATEST]cdb8a0d50aa64c6485a0abe0d3813eb6,1.97,,86000000
2026-05-28 12:30:54.600,2026/05/28/[$LATEST]97a954105e44466ba126f05fc7a8e643,2.44,,86000000
2026-05-28 12:30:54.606,2026/05/28/[$LATEST]2faaf80cfd9d45a1b10ad92bea2bdc23,1.7,,86000000
2026-05-28 12:30:54.611,2026/05/28/[$LATEST]8780bb004b644eb6be10188e8ec3da12,7,,86000000
2026-05-28 12:30:54.613,2026/05/28/[$LATEST]15737d93c14242db96065ddfaa294dc4,18.59,,85000000
2026-05-28 12:30:54.613,2026/05/28/[$LATEST]09b41d5fd2894f389e30ae58462b1250,6.87,,85000000
2026-05-28 12:30:54.614,2026/05/28/[$LATEST]97a954105e44466ba126f05fc7a8e643,2.04,,86000000
2026-05-28 12:30:54.616,2026/05/28/[$LATEST]07ffab9544874a0f9ad2ce95d2a41d2e,2.38,,85000000
2026-05-28 12:30:54.617,2026/05/28/[$LATEST]645d0a3985b047aa91261d33b7d29c16,1.8,,86000000
2026-05-28 12:30:54.624,2026/05/28/[$LATEST]2faaf80cfd9d45a1b10ad92bea2bdc23,9.1,,86000000
2026-05-28 12:30:54.625,2026/05/28/[$LATEST]97a954105e44466ba126f05fc7a8e643,2.01,,86000000
2026-05-28 12:30:54.627,2026/05/28/[$LATEST]645d0a3985b047aa91261d33b7d29c16,1.48,,86000000
2026-05-28 12:30:54.631,2026/05/28/[$LATEST]8780bb004b644eb6be10188e8ec3da12,5.22,,86000000
2026-05-28 12:30:54.651,2026/05/28/[$LATEST]8780bb004b644eb6be10188e8ec3da12,6.81,,86000000
2026-05-28 12:30:54.651,2026/05/28/[$LATEST]645d0a3985b047aa91261d33b7d29c16,1.74,,86000000
2026-05-28 12:30:54.658,2026/05/28/[$LATEST]97a954105e44466ba126f05fc7a8e643,2.02,,86000000
2026-05-28 12:30:54.668,2026/05/28/[$LATEST]645d0a3985b047aa91261d33b7d29c16,1.8,,86000000
2026-05-28 12:30:54.672,2026/05/28/[$LATEST]97a954105e44466ba126f05fc7a8e643,1.82,,86000000
2026-05-28 12:30:54.679,2026/05/28/[$LATEST]2faaf80cfd9d45a1b10ad92bea2bdc23,1.65,,86000000
2026-05-28 12:30:54.680,2026/05/28/[$LATEST]07ffab9544874a0f9ad2ce95d2a41d2e,1.8,,85000000
2026-05-28 12:30:54.681,2026/05/28/[$LATEST]09b41d5fd2894f389e30ae58462b1250,1.62,,85000000
2026-05-28 12:30:54.683,2026/05/28/[$LATEST]15737d93c14242db96065ddfaa294dc4,1.57,,85000000
2026-05-28 12:30:54.687,2026/05/28/[$LATEST]96c6e01348cf4245968782a1abd6eaeb,1.85,,85000000
2026-05-28 12:30:54.691,2026/05/28/[$LATEST]8780bb004b644eb6be10188e8ec3da12,25.14,,86000000
2026-05-28 12:30:54.697,2026/05/28/[$LATEST]645d0a3985b047aa91261d33b7d29c16,24.12,,86000000
2026-05-28 12:30:54.700,2026/05/28/[$LATEST]96c6e01348cf4245968782a1abd6eaeb,3.33,,85000000
2026-05-28 12:30:54.701,2026/05/28/[$LATEST]15737d93c14242db96065ddfaa294dc4,1.71,,85000000
2026-05-28 12:30:54.705,2026/05/28/[$LATEST]09b41d5fd2894f389e30ae58462b1250,1.67,,85000000
2026-05-28 12:30:54.718,2026/05/28/[$LATEST]645d0a3985b047aa91261d33b7d29c16,13.55,,86000000
2026-05-28 12:30:54.723,2026/05/28/[$LATEST]8780bb004b644eb6be10188e8ec3da12,1.99,,86000000
2026-05-28 12:30:54.726,2026/05/28/[$LATEST]97a954105e44466ba126f05fc7a8e643,1.77,,86000000
2026-05-28 12:30:54.727,2026/05/28/[$LATEST]cdb8a0d50aa64c6485a0abe0d3813eb6,1.91,,86000000
2026-05-28 12:30:54.727,2026/05/28/[$LATEST]2faaf80cfd9d45a1b10ad92bea2bdc23,1.58,,86000000
2026-05-28 12:30:54.732,2026/05/28/[$LATEST]09b41d5fd2894f389e30ae58462b1250,1.57,,85000000
2026-05-28 12:30:54.736,2026/05/28/[$LATEST]15737d93c14242db96065ddfaa294dc4,1.95,,85000000
2026-05-28 12:30:54.738,2026/05/28/[$LATEST]645d0a3985b047aa91261d33b7d29c16,14.31,,86000000
2026-05-28 12:30:54.739,2026/05/28/[$LATEST]96c6e01348cf4245968782a1abd6eaeb,1.89,,85000000
2026-05-28 12:30:54.748,2026/05/28/[$LATEST]96c6e01348cf4245968782a1abd6eaeb,1.81,,85000000
2026-05-28 12:30:54.749,2026/05/28/[$LATEST]09b41d5fd2894f389e30ae58462b1250,1.6,,85000000
2026-05-28 12:30:54.752,2026/05/28/[$LATEST]15737d93c14242db96065ddfaa294dc4,5.05,,85000000
2026-05-28 12:30:54.760,2026/05/28/[$LATEST]645d0a3985b047aa91261d33b7d29c16,1.56,,86000000
2026-05-28 12:30:54.767,2026/05/28/[$LATEST]cdb8a0d50aa64c6485a0abe0d3813eb6,1.92,,86000000
2026-05-28 12:30:54.769,2026/05/28/[$LATEST]2faaf80cfd9d45a1b10ad92bea2bdc23,1.76,,86000000
2026-05-28 12:30:54.771,2026/05/28/[$LATEST]97a954105e44466ba126f05fc7a8e643,1.98,,86000000
2026-05-28 12:30:54.774,2026/05/28/[$LATEST]15737d93c14242db96065ddfaa294dc4,1.64,,85000000
2026-05-28 12:30:54.778,2026/05/28/[$LATEST]645d0a3985b047aa91261d33b7d29c16,6.7,,86000000
2026-05-28 12:30:54.781,2026/05/28/[$LATEST]cdb8a0d50aa64c6485a0abe0d3813eb6,2,,86000000
2026-05-28 12:30:54.781,2026/05/28/[$LATEST]97a954105e44466ba126f05fc7a8e643,3.04,,86000000
2026-05-28 12:30:54.782,2026/05/28/[$LATEST]af1260d7b29a4081bdccf63925032932,2.4,,86000000
2026-05-28 12:30:54.784,2026/05/28/[$LATEST]2faaf80cfd9d45a1b10ad92bea2bdc23,8.42,,86000000
2026-05-28 12:30:54.785,2026/05/28/[$LATEST]07ffab9544874a0f9ad2ce95d2a41d2e,35.7,,85000000
2026-05-28 12:30:54.792,2026/05/28/[$LATEST]09b41d5fd2894f389e30ae58462b1250,1.55,,85000000
2026-05-28 12:30:54.793,2026/05/28/[$LATEST]15737d93c14242db96065ddfaa294dc4,4.66,,85000000
2026-05-28 12:30:54.798,2026/05/28/[$LATEST]645d0a3985b047aa91261d33b7d29c16,10.88,,86000000
2026-05-28 12:30:54.802,2026/05/28/[$LATEST]97a954105e44466ba126f05fc7a8e643,1.86,,86000000
2026-05-28 12:30:54.805,2026/05/28/[$LATEST]2faaf80cfd9d45a1b10ad92bea2bdc23,12.89,,86000000
2026-05-28 12:30:54.805,2026/05/28/[$LATEST]af1260d7b29a4081bdccf63925032932,1.73,,86000000
2026-05-28 12:30:54.806,2026/05/28/[$LATEST]09b41d5fd2894f389e30ae58462b1250,1.45,,85000000
2026-05-28 12:30:54.811,2026/05/28/[$LATEST]07ffab9544874a0f9ad2ce95d2a41d2e,2.19,,85000000
2026-05-28 12:30:54.814,2026/05/28/[$LATEST]15737d93c14242db96065ddfaa294dc4,11.6,,85000000
2026-05-28 12:30:54.816,2026/05/28/[$LATEST]645d0a3985b047aa91261d33b7d29c16,1.73,,86000000
2026-05-28 12:30:54.820,2026/05/28/[$LATEST]09b41d5fd2894f389e30ae58462b1250,1.53,,85000000
2026-05-28 12:30:54.825,2026/05/28/[$LATEST]2faaf80cfd9d45a1b10ad92bea2bdc23,15.5,,86000000
2026-05-28 12:30:54.829,2026/05/28/[$LATEST]af1260d7b29a4081bdccf63925032932,2.19,,86000000
2026-05-28 12:30:54.830,2026/05/28/[$LATEST]07ffab9544874a0f9ad2ce95d2a41d2e,7.2,,85000000
2026-05-28 12:30:54.831,2026/05/28/[$LATEST]8780bb004b644eb6be10188e8ec3da12,59.31,,86000000
2026-05-28 12:30:54.833,2026/05/28/[$LATEST]97a954105e44466ba126f05fc7a8e643,1.8,,86000000
2026-05-28 12:30:54.845,2026/05/28/[$LATEST]97a954105e44466ba126f05fc7a8e643,1.87,,86000000
2026-05-28 12:30:54.846,2026/05/28/[$LATEST]07ffab9544874a0f9ad2ce95d2a41d2e,1.88,,85000000
2026-05-28 12:30:54.850,2026/05/28/[$LATEST]2faaf80cfd9d45a1b10ad92bea2bdc23,1.61,,86000000
2026-05-28 12:30:54.850,2026/05/28/[$LATEST]09b41d5fd2894f389e30ae58462b1250,1.73,,85000000
2026-05-28 12:30:54.851,2026/05/28/[$LATEST]4c865db2928045c5b55b6820a532569d,2.22,,86000000
2026-05-28 12:30:54.851,2026/05/28/[$LATEST]cdb8a0d50aa64c6485a0abe0d3813eb6,1.98,,86000000
2026-05-28 12:30:54.851,2026/05/28/[$LATEST]645d0a3985b047aa91261d33b7d29c16,1.67,,86000000
2026-05-28 12:30:54.852,2026/05/28/[$LATEST]8780bb004b644eb6be10188e8ec3da12,13.5,,86000000
2026-05-28 12:30:54.853,2026/05/28/[$LATEST]af1260d7b29a4081bdccf63925032932,1.86,,86000000
2026-05-28 12:30:54.863,2026/05/28/[$LATEST]645d0a3985b047aa91261d33b7d29c16,1.78,,86000000
2026-05-28 12:30:54.874,2026/05/28/[$LATEST]af1260d7b29a4081bdccf63925032932,1.8,,86000000
2026-05-28 12:30:54.875,2026/05/28/[$LATEST]8780bb004b644eb6be10188e8ec3da12,1.84,,86000000
2026-05-28 12:30:54.875,2026/05/28/[$LATEST]07ffab9544874a0f9ad2ce95d2a41d2e,1.97,,85000000
2026-05-28 12:30:54.875,2026/05/28/[$LATEST]09b41d5fd2894f389e30ae58462b1250,1.6,,85000000
2026-05-28 12:30:54.878,2026/05/28/[$LATEST]645d0a3985b047aa91261d33b7d29c16,6.87,,86000000
2026-05-28 12:30:54.881,2026/05/28/[$LATEST]15737d93c14242db96065ddfaa294dc4,1.66,,85000000
2026-05-28 12:30:54.882,2026/05/28/[$LATEST]cdb8a0d50aa64c6485a0abe0d3813eb6,2.28,,86000000
2026-05-28 12:30:54.890,2026/05/28/[$LATEST]4c865db2928045c5b55b6820a532569d,15.05,,86000000
2026-05-28 12:30:54.893,2026/05/28/[$LATEST]09b41d5fd2894f389e30ae58462b1250,13.05,,85000000
2026-05-28 12:30:54.895,2026/05/28/[$LATEST]15737d93c14242db96065ddfaa294dc4,1.57,,85000000
2026-05-28 12:30:54.897,2026/05/28/[$LATEST]cdb8a0d50aa64c6485a0abe0d3813eb6,2.07,,86000000
2026-05-28 12:30:54.911,2026/05/28/[$LATEST]645d0a3985b047aa91261d33b7d29c16,2.67,,86000000
2026-05-28 12:30:54.912,2026/05/28/[$LATEST]15737d93c14242db96065ddfaa294dc4,7.26,,85000000
2026-05-28 12:30:54.912,2026/05/28/[$LATEST]cdb8a0d50aa64c6485a0abe0d3813eb6,1.91,,86000000
2026-05-28 12:30:54.915,2026/05/28/[$LATEST]4c865db2928045c5b55b6820a532569d,12.55,,86000000
2026-05-28 12:30:54.915,2026/05/28/[$LATEST]09b41d5fd2894f389e30ae58462b1250,2.26,,85000000
2026-05-28 12:30:54.917,2026/05/28/[$LATEST]07ffab9544874a0f9ad2ce95d2a41d2e,1.96,,85000000
2026-05-28 12:30:54.923,2026/05/28/[$LATEST]af1260d7b29a4081bdccf63925032932,1.87,,86000000
2026-05-28 12:30:54.928,2026/05/28/[$LATEST]8780bb004b644eb6be10188e8ec3da12,2.11,,86000000
2026-05-28 12:30:54.930,2026/05/28/[$LATEST]cdb8a0d50aa64c6485a0abe0d3813eb6,9.25,,86000000
2026-05-28 12:30:54.931,2026/05/28/[$LATEST]07ffab9544874a0f9ad2ce95d2a41d2e,2.27,,85000000
2026-05-28 12:30:54.932,2026/05/28/[$LATEST]15737d93c14242db96065ddfaa294dc4,2.08,,85000000
2026-05-28 12:30:54.935,2026/05/28/[$LATEST]09b41d5fd2894f389e30ae58462b1250,1.58,,85000000
2026-05-28 12:30:54.949,2026/05/28/[$LATEST]cdb8a0d50aa64c6485a0abe0d3813eb6,1.75,,86000000
2026-05-28 12:30:54.949,2026/05/28/[$LATEST]4c865db2928045c5b55b6820a532569d,5.82,,86000000
2026-05-28 12:30:54.953,2026/05/28/[$LATEST]07ffab9544874a0f9ad2ce95d2a41d2e,1.75,,85000000
2026-05-28 12:30:54.954,2026/05/28/[$LATEST]15737d93c14242db96065ddfaa294dc4,15.46,,85000000
2026-05-28 12:30:54.954,2026/05/28/[$LATEST]09b41d5fd2894f389e30ae58462b1250,9.84,,85000000
2026-05-28 12:30:54.961,2026/05/28/[$LATEST]96c6e01348cf4245968782a1abd6eaeb,2.1,,85000000
2026-05-28 12:30:54.961,2026/05/28/[$LATEST]645d0a3985b047aa91261d33b7d29c16,4.59,,86000000
2026-05-28 12:30:54.963,2026/05/28/[$LATEST]cdb8a0d50aa64c6485a0abe0d3813eb6,2.06,,86000000
2026-05-28 12:30:54.965,2026/05/28/[$LATEST]07ffab9544874a0f9ad2ce95d2a41d2e,2.18,,85000000
2026-05-28 12:30:54.974,2026/05/28/[$LATEST]4c865db2928045c5b55b6820a532569d,16.69,,86000000
2026-05-28 12:30:54.975,2026/05/28/[$LATEST]cdb8a0d50aa64c6485a0abe0d3813eb6,2.13,,86000000
2026-05-28 12:30:54.976,2026/05/28/[$LATEST]09b41d5fd2894f389e30ae58462b1250,1.66,,85000000
2026-05-28 12:30:54.981,2026/05/28/[$LATEST]8780bb004b644eb6be10188e8ec3da12,1.86,,86000000
2026-05-28 12:30:54.990,2026/05/28/[$LATEST]07ffab9544874a0f9ad2ce95d2a41d2e,1.75,,85000000
2026-05-28 12:30:54.990,2026/05/28/[$LATEST]cdb8a0d50aa64c6485a0abe0d3813eb6,3.38,,86000000
2026-05-28 12:30:54.992,2026/05/28/[$LATEST]4c865db2928045c5b55b6820a532569d,2.3,,86000000
2026-05-28 12:30:54.992,2026/05/28/[$LATEST]15737d93c14242db96065ddfaa294dc4,1.94,,85000000
2026-05-28 12:30:54.994,2026/05/28/[$LATEST]09b41d5fd2894f389e30ae58462b1250,7.04,,85000000
2026-05-28 12:30:55.000,2026/05/28/[$LATEST]15737d93c14242db96065ddfaa294dc4,1.67,,85000000
2026-05-28 12:30:55.002,2026/05/28/[$LATEST]af1260d7b29a4081bdccf63925032932,1.83,,86000000
2026-05-28 12:30:55.007,2026/05/28/[$LATEST]2faaf80cfd9d45a1b10ad92bea2bdc23,1.7,,86000000
2026-05-28 12:30:55.010,2026/05/28/[$LATEST]cdb8a0d50aa64c6485a0abe0d3813eb6,8.39,,86000000
2026-05-28 12:30:55.011,2026/05/28/[$LATEST]8780bb004b644eb6be10188e8ec3da12,19.86,,86000000
2026-05-28 12:30:55.012,2026/05/28/[$LATEST]4c865db2928045c5b55b6820a532569d,6.08,,86000000
2026-05-28 12:30:55.014,2026/05/28/[$LATEST]15737d93c14242db96065ddfaa294dc4,1.92,,85000000
2026-05-28 12:30:55.020,2026/05/28/[$LATEST]09b41d5fd2894f389e30ae58462b1250,1.73,,85000000
2026-05-28 12:30:55.031,2026/05/28/[$LATEST]07ffab9544874a0f9ad2ce95d2a41d2e,2.16,,85000000
2026-05-28 12:30:55.031,2026/05/28/[$LATEST]4c865db2928045c5b55b6820a532569d,2.05,,86000000
2026-05-28 12:30:55.033,2026/05/28/[$LATEST]15737d93c14242db96065ddfaa294dc4,12.32,,85000000
2026-05-28 12:30:55.034,2026/05/28/[$LATEST]09b41d5fd2894f389e30ae58462b1250,7.03,,85000000
2026-05-28 12:30:55.035,2026/05/28/[$LATEST]96c6e01348cf4245968782a1abd6eaeb,2.14,,85000000
2026-05-28 12:30:55.040,2026/05/28/[$LATEST]cdb8a0d50aa64c6485a0abe0d3813eb6,1.91,,86000000
2026-05-28 12:30:55.041,2026/05/28/[$LATEST]645d0a3985b047aa91261d33b7d29c16,5.42,,86000000
2026-05-28 12:30:55.050,2026/05/28/[$LATEST]8780bb004b644eb6be10188e8ec3da12,20.01,,86000000
2026-05-28 12:30:55.051,2026/05/28/[$LATEST]96c6e01348cf4245968782a1abd6eaeb,1.85,,85000000
2026-05-28 12:30:55.055,2026/05/28/[$LATEST]15737d93c14242db96065ddfaa294dc4,2.29,,85000000
2026-05-28 12:30:55.060,2026/05/28/[$LATEST]96c6e01348cf4245968782a1abd6eaeb,1.61,,85000000
2026-05-28 12:30:55.063,2026/05/28/[$LATEST]cdb8a0d50aa64c6485a0abe0d3813eb6,1.96,,86000000
2026-05-28 12:30:55.066,2026/05/28/[$LATEST]07ffab9544874a0f9ad2ce95d2a41d2e,5.82,,85000000
2026-05-28 12:30:55.070,2026/05/28/[$LATEST]8780bb004b644eb6be10188e8ec3da12,12.26,,86000000
2026-05-28 12:30:55.072,2026/05/28/[$LATEST]09b41d5fd2894f389e30ae58462b1250,8.29,,85000000
2026-05-28 12:30:55.077,2026/05/28/[$LATEST]645d0a3985b047aa91261d33b7d29c16,24.87,,86000000
2026-05-28 12:30:55.083,2026/05/28/[$LATEST]2faaf80cfd9d45a1b10ad92bea2bdc23,1.69,,86000000
2026-05-28 12:30:55.089,2026/05/28/[$LATEST]8780bb004b644eb6be10188e8ec3da12,2.76,,86000000
2026-05-28 12:30:55.089,2026/05/28/[$LATEST]4c865db2928045c5b55b6820a532569d,1.93,,86000000
2026-05-28 12:30:55.090,2026/05/28/[$LATEST]cdb8a0d50aa64c6485a0abe0d3813eb6,1.79,,86000000
2026-05-28 12:30:55.092,2026/05/28/[$LATEST]af1260d7b29a4081bdccf63925032932,2.12,,86000000
2026-05-28 12:30:55.098,2026/05/28/[$LATEST]645d0a3985b047aa91261d33b7d29c16,9.38,,86000000
2026-05-28 12:30:55.104,2026/05/28/[$LATEST]09b41d5fd2894f389e30ae58462b1250,1.6,,85000000
2026-05-28 12:30:55.106,2026/05/28/[$LATEST]96c6e01348cf4245968782a1abd6eaeb,1.76,,85000000
2026-05-28 12:30:55.107,2026/05/28/[$LATEST]af1260d7b29a4081bdccf63925032932,2.02,,86000000
2026-05-28 12:30:55.108,2026/05/28/[$LATEST]07ffab9544874a0f9ad2ce95d2a41d2e,2.04,,85000000
2026-05-28 12:30:55.109,2026/05/28/[$LATEST]cdb8a0d50aa64c6485a0abe0d3813eb6,2.33,,86000000
2026-05-28 12:30:55.117,2026/05/28/[$LATEST]09b41d5fd2894f389e30ae58462b1250,1.76,,85000000
2026-05-28 12:30:55.120,2026/05/28/[$LATEST]96c6e01348cf4245968782a1abd6eaeb,3.56,,85000000
2026-05-28 12:30:55.120,2026/05/28/[$LATEST]645d0a3985b047aa91261d33b7d29c16,1.75,,86000000
2026-05-28 12:30:55.121,2026/05/28/[$LATEST]cdb8a0d50aa64c6485a0abe0d3813eb6,2.03,,86000000
2026-05-28 12:30:55.125,2026/05/28/[$LATEST]07ffab9544874a0f9ad2ce95d2a41d2e,11.26,,85000000
2026-05-28 12:30:55.132,2026/05/28/[$LATEST]15737d93c14242db96065ddfaa294dc4,1.88,,85000000
2026-05-28 12:30:55.132,2026/05/28/[$LATEST]4f6d928700b0454089f4d3ba5806fd95,2.21,,85000000
2026-05-28 12:30:55.133,2026/05/28/[$LATEST]cdb8a0d50aa64c6485a0abe0d3813eb6,1.98,,86000000
2026-05-28 12:30:55.134,2026/05/28/[$LATEST]09b41d5fd2894f389e30ae58462b1250,8.59,,85000000
2026-05-28 12:30:55.137,2026/05/28/[$LATEST]7de6c63704704001920746bd5ec85dd3,1.97,,85000000
2026-05-28 12:30:55.138,2026/05/28/[$LATEST]681fa47a762e48919d6814f2dfb42c0c,1.97,,85000000
2026-05-28 12:30:55.138,2026/05/28/[$LATEST]4c865db2928045c5b55b6820a532569d,2.01,,86000000
2026-05-28 12:30:55.138,2026/05/28/[$LATEST]645d0a3985b047aa91261d33b7d29c16,8.79,,86000000
2026-05-28 12:30:55.140,2026/05/28/[$LATEST]96c6e01348cf4245968782a1abd6eaeb,12.38,,85000000
2026-05-28 12:30:55.141,2026/05/28/[$LATEST]15737d93c14242db96065ddfaa294dc4,1.6,,85000000
2026-05-28 12:30:55.141,2026/05/28/[$LATEST]a7e9a16d40c3420b830c23d0276b0273,3.15,818.63,85000000
2026-05-28 12:30:55.143,2026/05/28/[$LATEST]691a822430384f5ab79537a661223d95,2.47,,85000000
2026-05-28 12:30:55.144,2026/05/28/[$LATEST]07ffab9544874a0f9ad2ce95d2a41d2e,12.57,,85000000
2026-05-28 12:30:55.146,2026/05/28/[$LATEST]af1260d7b29a4081bdccf63925032932,10.49,,86000000
2026-05-28 12:30:55.156,2026/05/28/[$LATEST]09b41d5fd2894f389e30ae58462b1250,1.66,,85000000
2026-05-28 12:30:55.163,2026/05/28/[$LATEST]691a822430384f5ab79537a661223d95,10.92,,85000000
2026-05-28 12:30:55.165,2026/05/28/[$LATEST]af1260d7b29a4081bdccf63925032932,2.05,,86000000
2026-05-28 12:30:55.168,2026/05/28/[$LATEST]cdb8a0d50aa64c6485a0abe0d3813eb6,1.69,,86000000
2026-05-28 12:30:55.168,2026/05/28/[$LATEST]07ffab9544874a0f9ad2ce95d2a41d2e,3.83,,85000000
2026-05-28 12:30:55.169,2026/05/28/[$LATEST]4c865db2928045c5b55b6820a532569d,1.91,,86000000
2026-05-28 12:30:55.169,2026/05/28/[$LATEST]8780bb004b644eb6be10188e8ec3da12,2.42,,86000000
2026-05-28 12:30:55.170,2026/05/28/[$LATEST]a7e9a16d40c3420b830c23d0276b0273,4.13,,85000000
2026-05-28 12:30:55.173,2026/05/28/[$LATEST]af1260d7b29a4081bdccf63925032932,1.89,,86000000
2026-05-28 12:30:55.174,2026/05/28/[$LATEST]09b41d5fd2894f389e30ae58462b1250,12.37,,85000000
2026-05-28 12:30:55.174,2026/05/28/[$LATEST]2faaf80cfd9d45a1b10ad92bea2bdc23,1.58,,86000000
2026-05-28 12:30:55.186,2026/05/28/[$LATEST]2faaf80cfd9d45a1b10ad92bea2bdc23,1.61,,86000000
2026-05-28 12:30:55.189,2026/05/28/[$LATEST]af1260d7b29a4081bdccf63925032932,1.86,,86000000
2026-05-28 12:30:55.190,2026/05/28/[$LATEST]a7e9a16d40c3420b830c23d0276b0273,1.99,,85000000
2026-05-28 12:30:55.197,2026/05/28/[$LATEST]a7e9a16d40c3420b830c23d0276b0273,2.01,,85000000
2026-05-28 12:30:55.198,2026/05/28/[$LATEST]07ffab9544874a0f9ad2ce95d2a41d2e,4.16,,85000000
2026-05-28 12:30:55.199,2026/05/28/[$LATEST]15737d93c14242db96065ddfaa294dc4,1.58,,85000000
2026-05-28 12:30:55.200,2026/05/28/[$LATEST]691a822430384f5ab79537a661223d95,1.95,,85000000
2026-05-28 12:30:55.202,2026/05/28/[$LATEST]681fa47a762e48919d6814f2dfb42c0c,1.74,,85000000
2026-05-28 12:30:55.203,2026/05/28/[$LATEST]645d0a3985b047aa91261d33b7d29c16,1.68,,86000000
2026-05-28 12:30:55.205,2026/05/28/[$LATEST]96c6e01348cf4245968782a1abd6eaeb,1.97,,85000000
2026-05-28 12:30:55.205,2026/05/28/[$LATEST]2faaf80cfd9d45a1b10ad92bea2bdc23,1.6,,86000000
2026-05-28 12:30:55.212,2026/05/28/[$LATEST]09b41d5fd2894f389e30ae58462b1250,5.46,,85000000
2026-05-28 12:30:55.213,2026/05/28/[$LATEST]af1260d7b29a4081bdccf63925032932,1.85,,86000000
2026-05-28 12:30:55.213,2026/05/28/[$LATEST]15737d93c14242db96065ddfaa294dc4,7.02,,85000000
2026-05-28 12:30:55.218,2026/05/28/[$LATEST]645d0a3985b047aa91261d33b7d29c16,7.69,,86000000
2026-05-28 12:30:55.220,2026/05/28/[$LATEST]96c6e01348cf4245968782a1abd6eaeb,2.76,,85000000
2026-05-28 12:30:55.220,2026/05/28/[$LATEST]15737d93c14242db96065ddfaa294dc4,1.44,,85000000
2026-05-28 12:30:55.224,2026/05/28/[$LATEST]2faaf80cfd9d45a1b10ad92bea2bdc23,1.79,,86000000
2026-05-28 12:30:55.227,2026/05/28/[$LATEST]af1260d7b29a4081bdccf63925032932,3.35,,86000000
2026-05-28 12:30:55.229,2026/05/28/[$LATEST]4c865db2928045c5b55b6820a532569d,1.98,,86000000
2026-05-28 12:30:55.238,2026/05/28/[$LATEST]645d0a3985b047aa91261d33b7d29c16,14.13,,86000000
2026-05-28 12:30:55.241,2026/05/28/[$LATEST]15737d93c14242db96065ddfaa294dc4,1.74,,85000000
2026-05-28 12:30:55.244,2026/05/28/[$LATEST]96c6e01348cf4245968782a1abd6eaeb,1.7,,85000000
2026-05-28 12:30:55.247,2026/05/28/[$LATEST]4c865db2928045c5b55b6820a532569d,1.78,,86000000
2026-05-28 12:30:55.248,2026/05/28/[$LATEST]af1260d7b29a4081bdccf63925032932,1.93,,86000000
2026-05-28 12:30:55.253,2026/05/28/[$LATEST]15737d93c14242db96065ddfaa294dc4,4.37,,85000000
2026-05-28 12:30:55.256,2026/05/28/[$LATEST]645d0a3985b047aa91261d33b7d29c16,1.85,,86000000
2026-05-28 12:30:55.258,2026/05/28/[$LATEST]2faaf80cfd9d45a1b10ad92bea2bdc23,1.87,,86000000
2026-05-28 12:30:55.262,2026/05/28/[$LATEST]4c865db2928045c5b55b6820a532569d,2.31,,86000000
2026-05-28 12:30:55.263,2026/05/28/[$LATEST]8780bb004b644eb6be10188e8ec3da12,2.42,,86000000
2026-05-28 12:30:55.265,2026/05/28/[$LATEST]97a954105e44466ba126f05fc7a8e643,1.92,,86000000
2026-05-28 12:30:55.267,2026/05/28/[$LATEST]af1260d7b29a4081bdccf63925032932,11.07,,86000000
2026-05-28 12:30:55.270,2026/05/28/[$LATEST]cdb8a0d50aa64c6485a0abe0d3813eb6,1.9,,86000000
2026-05-28 12:30:55.282,2026/05/28/[$LATEST]97a954105e44466ba126f05fc7a8e643,9.97,,86000000
2026-05-28 12:30:55.291,2026/05/28/[$LATEST]645d0a3985b047aa91261d33b7d29c16,1.82,,86000000
2026-05-28 12:30:55.292,2026/05/28/[$LATEST]15737d93c14242db96065ddfaa294dc4,1.81,,85000000
2026-05-28 12:30:55.292,2026/05/28/[$LATEST]cdb8a0d50aa64c6485a0abe0d3813eb6,1.93,,86000000
2026-05-28 12:30:55.294,2026/05/28/[$LATEST]96c6e01348cf4245968782a1abd6eaeb,1.77,,85000000
2026-05-28 12:30:55.300,2026/05/28/[$LATEST]15737d93c14242db96065ddfaa294dc4,1.67,,85000000
2026-05-28 12:30:55.300,2026/05/28/[$LATEST]09b41d5fd2894f389e30ae58462b1250,1.6,,85000000
2026-05-28 12:30:55.304,2026/05/28/[$LATEST]681fa47a762e48919d6814f2dfb42c0c,1.6,,85000000
2026-05-28 12:30:55.304,2026/05/28/[$LATEST]96c6e01348cf4245968782a1abd6eaeb,1.72,,85000000
2026-05-28 12:30:55.310,2026/05/28/[$LATEST]97a954105e44466ba126f05fc7a8e643,2.02,,86000000
2026-05-28 12:30:55.310,2026/05/28/[$LATEST]cdb8a0d50aa64c6485a0abe0d3813eb6,2.14,,86000000
2026-05-28 12:30:55.314,2026/05/28/[$LATEST]09b41d5fd2894f389e30ae58462b1250,5.61,,85000000
2026-05-28 12:30:55.316,2026/05/28/[$LATEST]681fa47a762e48919d6814f2dfb42c0c,1.58,,85000000
2026-05-28 12:30:55.318,2026/05/28/[$LATEST]645d0a3985b047aa91261d33b7d29c16,21.19,,86000000
2026-05-28 12:30:55.321,2026/05/28/[$LATEST]96c6e01348cf4245968782a1abd6eaeb,1.96,,85000000
2026-05-28 12:30:55.329,2026/05/28/[$LATEST]681fa47a762e48919d6814f2dfb42c0c,1.75,,85000000
2026-05-28 12:30:55.331,2026/05/28/[$LATEST]cdb8a0d50aa64c6485a0abe0d3813eb6,1.87,,86000000
2026-05-28 12:30:55.332,2026/05/28/[$LATEST]97a954105e44466ba126f05fc7a8e643,2.16,,86000000
2026-05-28 12:30:55.340,2026/05/28/[$LATEST]96c6e01348cf4245968782a1abd6eaeb,11.4,,85000000
2026-05-28 12:30:55.354,2026/05/28/[$LATEST]97a954105e44466ba126f05fc7a8e643,1.97,,86000000
2026-05-28 12:30:55.369,2026/05/28/[$LATEST]97a954105e44466ba126f05fc7a8e643,1.77,,86000000
2026-05-28 12:30:55.370,2026/05/28/[$LATEST]af1260d7b29a4081bdccf63925032932,2.13,,86000000
2026-05-28 12:30:55.371,2026/05/28/[$LATEST]cdb8a0d50aa64c6485a0abe0d3813eb6,10.27,,86000000
2026-05-28 12:30:55.374,2026/05/28/[$LATEST]96c6e01348cf4245968782a1abd6eaeb,1.74,,85000000
2026-05-28 12:30:55.382,2026/05/28/[$LATEST]97a954105e44466ba126f05fc7a8e643,1.7,,86000000
2026-05-28 12:30:55.402,2026/05/28/[$LATEST]97a954105e44466ba126f05fc7a8e643,2.08,,86000000
2026-05-28 12:30:55.410,2026/05/28/[$LATEST]cdb8a0d50aa64c6485a0abe0d3813eb6,1.98,,86000000
2026-05-28 12:30:55.414,2026/05/28/[$LATEST]96c6e01348cf4245968782a1abd6eaeb,1.77,,85000000
2026-05-28 12:30:55.415,2026/05/28/[$LATEST]645d0a3985b047aa91261d33b7d29c16,1.72,,86000000
2026-05-28 12:30:55.417,2026/05/28/[$LATEST]8780bb004b644eb6be10188e8ec3da12,2.46,,86000000
2026-05-28 12:30:55.419,2026/05/28/[$LATEST]681fa47a762e48919d6814f2dfb42c0c,1.6,,85000000
2026-05-28 12:30:55.421,2026/05/28/[$LATEST]97a954105e44466ba126f05fc7a8e643,8.49,,86000000
2026-05-28 12:30:55.426,2026/05/28/[$LATEST]af1260d7b29a4081bdccf63925032932,5.75,,86000000
2026-05-28 12:30:55.427,2026/05/28/[$LATEST]645d0a3985b047aa91261d33b7d29c16,1.78,,86000000
2026-05-28 12:30:55.427,2026/05/28/[$LATEST]cdb8a0d50aa64c6485a0abe0d3813eb6,1.99,,86000000
2026-05-28 12:30:55.429,2026/05/28/[$LATEST]97a954105e44466ba126f05fc7a8e643,1.97,,86000000
2026-05-28 12:30:55.429,2026/05/28/[$LATEST]96c6e01348cf4245968782a1abd6eaeb,1.76,,85000000
2026-05-28 12:30:55.430,2026/05/28/[$LATEST]681fa47a762e48919d6814f2dfb42c0c,4.85,,85000000
2026-05-28 12:30:55.443,2026/05/28/[$LATEST]96c6e01348cf4245968782a1abd6eaeb,1.88,,85000000
2026-05-28 12:30:55.443,2026/05/28/[$LATEST]97a954105e44466ba126f05fc7a8e643,2.21,,86000000
2026-05-28 12:30:55.445,2026/05/28/[$LATEST]cdb8a0d50aa64c6485a0abe0d3813eb6,1.93,,86000000
2026-05-28 12:30:55.449,2026/05/28/[$LATEST]681fa47a762e48919d6814f2dfb42c0c,1.54,,85000000
2026-05-28 12:30:55.449,2026/05/28/[$LATEST]8780bb004b644eb6be10188e8ec3da12,7.53,,86000000
2026-05-28 12:30:55.450,2026/05/28/[$LATEST]09b41d5fd2894f389e30ae58462b1250,2,,85000000
2026-05-28 12:30:55.455,2026/05/28/[$LATEST]645d0a3985b047aa91261d33b7d29c16,1.73,,86000000
2026-05-28 12:30:55.461,2026/05/28/[$LATEST]96c6e01348cf4245968782a1abd6eaeb,1.97,,85000000
2026-05-28 12:30:55.467,2026/05/28/[$LATEST]8780bb004b644eb6be10188e8ec3da12,2.46,,86000000
2026-05-28 12:30:55.467,2026/05/28/[$LATEST]645d0a3985b047aa91261d33b7d29c16,1.51,,86000000
2026-05-28 12:30:55.471,2026/05/28/[$LATEST]97a954105e44466ba126f05fc7a8e643,1.83,,86000000
2026-05-28 12:30:55.471,2026/05/28/[$LATEST]cdb8a0d50aa64c6485a0abe0d3813eb6,3.11,,86000000
2026-05-28 12:30:55.480,2026/05/28/[$LATEST]96c6e01348cf4245968782a1abd6eaeb,7.68,,85000000
2026-05-28 12:30:55.486,2026/05/28/[$LATEST]645d0a3985b047aa91261d33b7d29c16,1.88,,86000000
2026-05-28 12:30:55.499,2026/05/28/[$LATEST]97a954105e44466ba126f05fc7a8e643,1.98,,86000000
2026-05-28 12:30:55.502,2026/05/28/[$LATEST]8780bb004b644eb6be10188e8ec3da12,2.19,,86000000
2026-05-28 12:30:55.502,2026/05/28/[$LATEST]af1260d7b29a4081bdccf63925032932,2.01,,86000000
2026-05-28 12:30:55.505,2026/05/28/[$LATEST]645d0a3985b047aa91261d33b7d29c16,1.82,,86000000
2026-05-28 12:30:55.508,2026/05/28/[$LATEST]96c6e01348cf4245968782a1abd6eaeb,1.7,,85000000
2026-05-28 12:30:55.509,2026/05/28/[$LATEST]cdb8a0d50aa64c6485a0abe0d3813eb6,3.92,,86000000
2026-05-28 12:30:55.520,2026/05/28/[$LATEST]97a954105e44466ba126f05fc7a8e643,1.9,,86000000
2026-05-28 12:30:55.523,2026/05/28/[$LATEST]cdb8a0d50aa64c6485a0abe0d3813eb6,2.14,,86000000
2026-05-28 12:30:55.523,2026/05/28/[$LATEST]645d0a3985b047aa91261d33b7d29c16,1.79,,86000000
2026-05-28 12:30:55.524,2026/05/28/[$LATEST]09b41d5fd2894f389e30ae58462b1250,1.59,,85000000
2026-05-28 12:30:55.527,2026/05/28/[$LATEST]96c6e01348cf4245968782a1abd6eaeb,1.68,,85000000
2026-05-28 12:30:55.529,2026/05/28/[$LATEST]681fa47a762e48919d6814f2dfb42c0c,1.92,,85000000
2026-05-28 12:30:55.535,2026/05/28/[$LATEST]8780bb004b644eb6be10188e8ec3da12,14.46,,86000000
2026-05-28 12:30:55.542,2026/05/28/[$LATEST]681fa47a762e48919d6814f2dfb42c0c,1.8,,85000000
2026-05-28 12:30:55.554,2026/05/28/[$LATEST]681fa47a762e48919d6814f2dfb42c0c,5.91,,85000000
2026-05-28 12:30:55.565,2026/05/28/[$LATEST]8780bb004b644eb6be10188e8ec3da12,2.01,,86000000
2026-05-28 12:30:55.566,2026/05/28/[$LATEST]97a954105e44466ba126f05fc7a8e643,1.75,,86000000
2026-05-28 12:30:55.570,2026/05/28/[$LATEST]09b41d5fd2894f389e30ae58462b1250,1.64,,85000000
2026-05-28 12:30:55.570,2026/05/28/[$LATEST]cdb8a0d50aa64c6485a0abe0d3813eb6,1.9,,86000000
2026-05-28 12:30:55.571,2026/05/28/[$LATEST]96c6e01348cf4245968782a1abd6eaeb,1.88,,85000000
2026-05-28 12:30:55.571,2026/05/28/[$LATEST]4c865db2928045c5b55b6820a532569d,1.78,,86000000
2026-05-28 12:30:55.573,2026/05/28/[$LATEST]af1260d7b29a4081bdccf63925032932,3.35,,86000000
2026-05-28 12:30:55.573,2026/05/28/[$LATEST]681fa47a762e48919d6814f2dfb42c0c,1.84,,85000000
2026-05-28 12:30:55.578,2026/05/28/[$LATEST]09b41d5fd2894f389e30ae58462b1250,1.31,,85000000
2026-05-28 12:30:55.586,2026/05/28/[$LATEST]96c6e01348cf4245968782a1abd6eaeb,1.69,,85000000
2026-05-28 12:30:55.588,2026/05/28/[$LATEST]af1260d7b29a4081bdccf63925032932,2.25,,86000000
2026-05-28 12:30:55.591,2026/05/28/[$LATEST]681fa47a762e48919d6814f2dfb42c0c,7.83,,85000000
2026-05-28 12:30:55.593,2026/05/28/[$LATEST]09b41d5fd2894f389e30ae58462b1250,5.91,,85000000
2026-05-28 12:30:55.599,2026/05/28/[$LATEST]4c865db2928045c5b55b6820a532569d,1.56,,86000000
2026-05-28 12:30:55.600,2026/05/28/[$LATEST]cdb8a0d50aa64c6485a0abe0d3813eb6,1.84,,86000000
2026-05-28 12:30:55.605,2026/05/28/[$LATEST]97a954105e44466ba126f05fc7a8e643,2.64,,86000000
2026-05-28 12:30:55.609,2026/05/28/[$LATEST]8780bb004b644eb6be10188e8ec3da12,2.06,,86000000
2026-05-28 12:30:55.610,2026/05/28/[$LATEST]af1260d7b29a4081bdccf63925032932,2.07,,86000000
2026-05-28 12:30:55.612,2026/05/28/[$LATEST]09b41d5fd2894f389e30ae58462b1250,1.9,,85000000
2026-05-28 12:30:55.615,2026/05/28/[$LATEST]681fa47a762e48919d6814f2dfb42c0c,1.82,,85000000
2026-05-28 12:30:55.624,2026/05/28/[$LATEST]8780bb004b644eb6be10188e8ec3da12,2,,86000000
2026-05-28 12:30:55.625,2026/05/28/[$LATEST]97a954105e44466ba126f05fc7a8e643,1.8,,86000000
2026-05-28 12:30:55.628,2026/05/28/[$LATEST]af1260d7b29a4081bdccf63925032932,3.52,,86000000
2026-05-28 12:30:55.630,2026/05/28/[$LATEST]681fa47a762e48919d6814f2dfb42c0c,8.48,,85000000
2026-05-28 12:30:55.632,2026/05/28/[$LATEST]09b41d5fd2894f389e30ae58462b1250,1.85,,85000000
2026-05-28 12:30:55.636,2026/05/28/[$LATEST]645d0a3985b047aa91261d33b7d29c16,1.92,,86000000
2026-05-28 12:30:55.637,2026/05/28/[$LATEST]96c6e01348cf4245968782a1abd6eaeb,2.1,,85000000
2026-05-28 12:30:55.643,2026/05/28/[$LATEST]09b41d5fd2894f389e30ae58462b1250,1.59,,85000000
2026-05-28 12:30:55.647,2026/05/28/[$LATEST]af1260d7b29a4081bdccf63925032932,8.19,,86000000
2026-05-28 12:30:55.647,2026/05/28/[$LATEST]97a954105e44466ba126f05fc7a8e643,1.8,,86000000
2026-05-28 12:30:55.650,2026/05/28/[$LATEST]96c6e01348cf4245968782a1abd6eaeb,1.7,,85000000
2026-05-28 12:30:55.661,2026/05/28/[$LATEST]09b41d5fd2894f389e30ae58462b1250,1.53,,85000000
2026-05-28 12:30:55.661,2026/05/28/[$LATEST]96c6e01348cf4245968782a1abd6eaeb,1.62,,85000000
2026-05-28 12:30:55.665,2026/05/28/[$LATEST]645d0a3985b047aa91261d33b7d29c16,1.71,,86000000
2026-05-28 12:30:55.666,2026/05/28/[$LATEST]97a954105e44466ba126f05fc7a8e643,2.03,,86000000
2026-05-28 12:30:55.667,2026/05/28/[$LATEST]af1260d7b29a4081bdccf63925032932,3.68,,86000000
2026-05-28 12:30:55.669,2026/05/28/[$LATEST]8780bb004b644eb6be10188e8ec3da12,2.05,,86000000
2026-05-28 12:30:55.678,2026/05/28/[$LATEST]645d0a3985b047aa91261d33b7d29c16,7.62,,86000000
2026-05-28 12:30:55.680,2026/05/28/[$LATEST]cdb8a0d50aa64c6485a0abe0d3813eb6,2.14,,86000000
2026-05-28 12:30:55.682,2026/05/28/[$LATEST]97a954105e44466ba126f05fc7a8e643,8.92,,86000000
2026-05-28 12:30:55.693,2026/05/28/[$LATEST]97a954105e44466ba126f05fc7a8e643,1.68,,86000000
2026-05-28 12:30:55.696,2026/05/28/[$LATEST]645d0a3985b047aa91261d33b7d29c16,1.61,,86000000
2026-05-28 12:30:55.696,2026/05/28/[$LATEST]96c6e01348cf4245968782a1abd6eaeb,1.86,,85000000
2026-05-28 12:30:55.703,2026/05/28/[$LATEST]09b41d5fd2894f389e30ae58462b1250,1.72,,85000000
2026-05-28 12:30:55.704,2026/05/28/[$LATEST]97a954105e44466ba126f05fc7a8e643,1.92,,86000000
2026-05-28 12:30:55.706,2026/05/28/[$LATEST]96c6e01348cf4245968782a1abd6eaeb,1.7,,85000000
2026-05-28 12:30:55.708,2026/05/28/[$LATEST]cdb8a0d50aa64c6485a0abe0d3813eb6,1.98,,86000000
2026-05-28 12:30:55.709,2026/05/28/[$LATEST]8780bb004b644eb6be10188e8ec3da12,2,,86000000
2026-05-28 12:30:55.711,2026/05/28/[$LATEST]af1260d7b29a4081bdccf63925032932,1.81,,86000000
2026-05-28 12:30:55.715,2026/05/28/[$LATEST]09b41d5fd2894f389e30ae58462b1250,1.56,,85000000
2026-05-28 12:30:55.716,2026/05/28/[$LATEST]cdb8a0d50aa64c6485a0abe0d3813eb6,1.98,,86000000
2026-05-28 12:30:55.719,2026/05/28/[$LATEST]645d0a3985b047aa91261d33b7d29c16,1.91,,86000000
2026-05-28 12:30:55.720,2026/05/28/[$LATEST]96c6e01348cf4245968782a1abd6eaeb,6.08,,85000000
2026-05-28 12:30:55.726,2026/05/28/[$LATEST]cdb8a0d50aa64c6485a0abe0d3813eb6,2.13,,86000000
2026-05-28 12:30:55.728,2026/05/28/[$LATEST]af1260d7b29a4081bdccf63925032932,1.95,,86000000
2026-05-28 12:30:55.729,2026/05/28/[$LATEST]96c6e01348cf4245968782a1abd6eaeb,1.67,,85000000
2026-05-28 12:30:55.734,2026/05/28/[$LATEST]8780bb004b644eb6be10188e8ec3da12,5.29,,86000000
2026-05-28 12:30:55.734,2026/05/28/[$LATEST]09b41d5fd2894f389e30ae58462b1250,1.71,,85000000
2026-05-28 12:30:55.735,2026/05/28/[$LATEST]cdb8a0d50aa64c6485a0abe0d3813eb6,1.82,,86000000
2026-05-28 12:30:55.736,2026/05/28/[$LATEST]97a954105e44466ba126f05fc7a8e643,1.69,,86000000
2026-05-28 12:30:55.739,2026/05/28/[$LATEST]645d0a3985b047aa91261d33b7d29c16,6.35,,86000000
2026-05-28 12:30:55.746,2026/05/28/[$LATEST]97a954105e44466ba126f05fc7a8e643,1.65,,86000000
2026-05-28 12:30:55.751,2026/05/28/[$LATEST]8780bb004b644eb6be10188e8ec3da12,9.75,,86000000
2026-05-28 12:30:55.753,2026/05/28/[$LATEST]09b41d5fd2894f389e30ae58462b1250,9.76,,85000000
2026-05-28 12:30:55.753,2026/05/28/[$LATEST]97a954105e44466ba126f05fc7a8e643,1.61,,86000000
2026-05-28 12:30:55.754,2026/05/28/[$LATEST]cdb8a0d50aa64c6485a0abe0d3813eb6,5.85,,86000000
2026-05-28 12:30:55.758,2026/05/28/[$LATEST]645d0a3985b047aa91261d33b7d29c16,14.8,,86000000
2026-05-28 12:30:55.759,2026/05/28/[$LATEST]96c6e01348cf4245968782a1abd6eaeb,1.78,,85000000
2026-05-28 12:30:55.762,2026/05/28/[$LATEST]681fa47a762e48919d6814f2dfb42c0c,1.74,,85000000
2026-05-28 12:30:55.763,2026/05/28/[$LATEST]97a954105e44466ba126f05fc7a8e643,1.77,,86000000
2026-05-28 12:30:55.771,2026/05/28/[$LATEST]cdb8a0d50aa64c6485a0abe0d3813eb6,3.9,,86000000
2026-05-28 12:30:55.777,2026/05/28/[$LATEST]681fa47a762e48919d6814f2dfb42c0c,1.66,,85000000
2026-05-28 12:30:55.778,2026/05/28/[$LATEST]645d0a3985b047aa91261d33b7d29c16,12.87,,86000000
2026-05-28 12:30:55.781,2026/05/28/[$LATEST]97a954105e44466ba126f05fc7a8e643,12.12,,86000000
2026-05-28 12:30:55.782,2026/05/28/[$LATEST]96c6e01348cf4245968782a1abd6eaeb,1.81,,85000000
2026-05-28 12:30:55.783,2026/05/28/[$LATEST]af1260d7b29a4081bdccf63925032932,1.95,,86000000
2026-05-28 12:30:55.788,2026/05/28/[$LATEST]4c865db2928045c5b55b6820a532569d,1.74,,86000000
2026-05-28 12:30:55.790,2026/05/28/[$LATEST]681fa47a762e48919d6814f2dfb42c0c,8.09,,85000000
2026-05-28 12:30:55.790,2026/05/28/[$LATEST]8780bb004b644eb6be10188e8ec3da12,7.69,,86000000
2026-05-28 12:30:55.791,2026/05/28/[$LATEST]cdb8a0d50aa64c6485a0abe0d3813eb6,13.69,,86000000
2026-05-28 12:30:55.810,2026/05/28/[$LATEST]96c6e01348cf4245968782a1abd6eaeb,1.71,,85000000
2026-05-28 12:30:55.825,2026/05/28/[$LATEST]96c6e01348cf4245968782a1abd6eaeb,1.9,,85000000
2026-05-28 12:30:55.826,2026/05/28/[$LATEST]cdb8a0d50aa64c6485a0abe0d3813eb6,4.65,,86000000
2026-05-28 12:30:55.828,2026/05/28/[$LATEST]645d0a3985b047aa91261d33b7d29c16,1.82,,86000000
2026-05-28 12:30:55.829,2026/05/28/[$LATEST]681fa47a762e48919d6814f2dfb42c0c,9.59,,85000000
2026-05-28 12:30:55.830,2026/05/28/[$LATEST]4c865db2928045c5b55b6820a532569d,1.8,,86000000
2026-05-28 12:30:55.836,2026/05/28/[$LATEST]681fa47a762e48919d6814f2dfb42c0c,1.55,,85000000
2026-05-28 12:30:55.837,2026/05/28/[$LATEST]8780bb004b644eb6be10188e8ec3da12,7.4,,86000000
2026-05-28 12:30:55.840,2026/05/28/[$LATEST]09b41d5fd2894f389e30ae58462b1250,1.88,,85000000
2026-05-28 12:30:55.845,2026/05/28/[$LATEST]96c6e01348cf4245968782a1abd6eaeb,1.93,,85000000
2026-05-28 12:30:55.849,2026/05/28/[$LATEST]4c865db2928045c5b55b6820a532569d,2.06,,86000000
2026-05-28 12:30:55.852,2026/05/28/[$LATEST]681fa47a762e48919d6814f2dfb42c0c,1.76,,85000000
2026-05-28 12:30:55.853,2026/05/28/[$LATEST]09b41d5fd2894f389e30ae58462b1250,6.02,,85000000
2026-05-28 12:30:55.853,2026/05/28/[$LATEST]8780bb004b644eb6be10188e8ec3da12,2.05,,86000000
2026-05-28 12:30:55.858,2026/05/28/[$LATEST]645d0a3985b047aa91261d33b7d29c16,24.39,,86000000
2026-05-28 12:30:55.862,2026/05/28/[$LATEST]09b41d5fd2894f389e30ae58462b1250,1.36,,85000000
2026-05-28 12:30:55.866,2026/05/28/[$LATEST]cdb8a0d50aa64c6485a0abe0d3813eb6,2.03,,86000000
2026-05-28 12:30:55.873,2026/05/28/[$LATEST]4c865db2928045c5b55b6820a532569d,9.26,,86000000
2026-05-28 12:30:55.874,2026/05/28/[$LATEST]09b41d5fd2894f389e30ae58462b1250,1.49,,85000000
2026-05-28 12:30:55.875,2026/05/28/[$LATEST]cdb8a0d50aa64c6485a0abe0d3813eb6,1.9,,86000000
2026-05-28 12:30:55.878,2026/05/28/[$LATEST]645d0a3985b047aa91261d33b7d29c16,12.17,,86000000
2026-05-28 12:30:55.881,2026/05/28/[$LATEST]681fa47a762e48919d6814f2dfb42c0c,1.62,,85000000
2026-05-28 12:30:55.889,2026/05/28/[$LATEST]8780bb004b644eb6be10188e8ec3da12,4,,86000000
2026-05-28 12:30:55.895,2026/05/28/[$LATEST]cdb8a0d50aa64c6485a0abe0d3813eb6,1.81,,86000000
2026-05-28 12:30:55.898,2026/05/28/[$LATEST]645d0a3985b047aa91261d33b7d29c16,14.4,,86000000
2026-05-28 12:30:55.899,2026/05/28/[$LATEST]681fa47a762e48919d6814f2dfb42c0c,1.75,,85000000
2026-05-28 12:30:55.903,2026/05/28/[$LATEST]4c865db2928045c5b55b6820a532569d,2.06,,86000000
2026-05-28 12:30:55.909,2026/05/28/[$LATEST]cdb8a0d50aa64c6485a0abe0d3813eb6,4.67,,86000000
2026-05-28 12:30:55.909,2026/05/28/[$LATEST]af1260d7b29a4081bdccf63925032932,1.8,,86000000
2026-05-28 12:30:55.911,2026/05/28/[$LATEST]681fa47a762e48919d6814f2dfb42c0c,1.59,,85000000
2026-05-28 12:30:55.911,2026/05/28/[$LATEST]8780bb004b644eb6be10188e8ec3da12,10.45,,86000000
2026-05-28 12:30:55.913,2026/05/28/[$LATEST]97a954105e44466ba126f05fc7a8e643,5.28,,86000000
2026-05-28 12:30:55.917,2026/05/28/[$LATEST]645d0a3985b047aa91261d33b7d29c16,1.75,,86000000
2026-05-28 12:30:55.917,2026/05/28/[$LATEST]cdb8a0d50aa64c6485a0abe0d3813eb6,1.96,,86000000
2026-05-28 12:30:55.930,2026/05/28/[$LATEST]681fa47a762e48919d6814f2dfb42c0c,9.58,,85000000
2026-05-28 12:30:55.931,2026/05/28/[$LATEST]09b41d5fd2894f389e30ae58462b1250,1.57,,85000000
2026-05-28 12:30:55.935,2026/05/28/[$LATEST]cdb8a0d50aa64c6485a0abe0d3813eb6,2,,86000000
2026-05-28 12:30:55.936,2026/05/28/[$LATEST]97a954105e44466ba126f05fc7a8e643,1.69,,86000000
2026-05-28 12:30:55.937,2026/05/28/[$LATEST]645d0a3985b047aa91261d33b7d29c16,12.57,,86000000
2026-05-28 12:30:55.942,2026/05/28/[$LATEST]09b41d5fd2894f389e30ae58462b1250,1.58,,85000000
2026-05-28 12:30:55.950,2026/05/28/[$LATEST]cdb8a0d50aa64c6485a0abe0d3813eb6,7.34,,86000000
2026-05-28 12:30:55.955,2026/05/28/[$LATEST]97a954105e44466ba126f05fc7a8e643,1.88,,86000000
2026-05-28 12:30:55.960,2026/05/28/[$LATEST]09b41d5fd2894f389e30ae58462b1250,1.63,,85000000
2026-05-28 12:30:55.969,2026/05/28/[$LATEST]681fa47a762e48919d6814f2dfb42c0c,1.79,,85000000
2026-05-28 12:30:55.970,2026/05/28/[$LATEST]96c6e01348cf4245968782a1abd6eaeb,1.96,,85000000
2026-05-28 12:30:55.970,2026/05/28/[$LATEST]15737d93c14242db96065ddfaa294dc4,1.63,,85000000
2026-05-28 12:30:55.971,2026/05/28/[$LATEST]97a954105e44466ba126f05fc7a8e643,2.26,,86000000
2026-05-28 12:30:55.973,2026/05/28/[$LATEST]09b41d5fd2894f389e30ae58462b1250,7.03,,85000000
2026-05-28 12:30:55.974,2026/05/28/[$LATEST]691a822430384f5ab79537a661223d95,2.02,,85000000
2026-05-28 12:30:55.976,2026/05/28/[$LATEST]cdb8a0d50aa64c6485a0abe0d3813eb6,1.89,,86000000
2026-05-28 12:30:55.977,2026/05/28/[$LATEST]645d0a3985b047aa91261d33b7d29c16,16.01,,86000000
2026-05-28 12:30:55.978,2026/05/28/[$LATEST]681fa47a762e48919d6814f2dfb42c0c,1.63,,85000000
2026-05-28 12:30:55.978,2026/05/28/[$LATEST]15737d93c14242db96065ddfaa294dc4,1.8,,85000000
2026-05-28 12:30:55.980,2026/05/28/[$LATEST]8780bb004b644eb6be10188e8ec3da12,2.5,,86000000
2026-05-28 12:30:55.981,2026/05/28/[$LATEST]97a954105e44466ba126f05fc7a8e643,3.87,,86000000
2026-05-28 12:30:55.983,2026/05/28/[$LATEST]691a822430384f5ab79537a661223d95,1.79,,85000000
2026-05-28 12:30:55.990,2026/05/28/[$LATEST]cdb8a0d50aa64c6485a0abe0d3813eb6,5.25,,86000000
2026-05-28 12:30:55.992,2026/05/28/[$LATEST]8780bb004b644eb6be10188e8ec3da12,3.75,,86000000
2026-05-28 12:30:56.003,2026/05/28/[$LATEST]691a822430384f5ab79537a661223d95,1.91,,85000000
2026-05-28 12:30:56.010,2026/05/28/[$LATEST]cdb8a0d50aa64c6485a0abe0d3813eb6,10.4,,86000000
2026-05-28 12:30:56.010,2026/05/28/[$LATEST]8780bb004b644eb6be10188e8ec3da12,8.9,,86000000
2026-05-28 12:30:56.011,2026/05/28/[$LATEST]97a954105e44466ba126f05fc7a8e643,1.86,,86000000
2026-05-28 12:30:56.012,2026/05/28/[$LATEST]15737d93c14242db96065ddfaa294dc4,24.57,,85000000
2026-05-28 12:30:56.014,2026/05/28/[$LATEST]645d0a3985b047aa91261d33b7d29c16,1.69,,86000000
2026-05-28 12:30:56.017,2026/05/28/[$LATEST]af1260d7b29a4081bdccf63925032932,1.89,,86000000
2026-05-28 12:30:56.017,2026/05/28/[$LATEST]4c865db2928045c5b55b6820a532569d,1.94,,86000000
2026-05-28 12:30:56.019,2026/05/28/[$LATEST]cdb8a0d50aa64c6485a0abe0d3813eb6,2.05,,86000000
2026-05-28 12:30:56.022,2026/05/28/[$LATEST]691a822430384f5ab79537a661223d95,9.2,,85000000
2026-05-28 12:30:56.024,2026/05/28/[$LATEST]645d0a3985b047aa91261d33b7d29c16,1.62,,86000000
2026-05-28 12:30:56.028,2026/05/28/[$LATEST]af1260d7b29a4081bdccf63925032932,3.58,,86000000
2026-05-28 12:30:56.029,2026/05/28/[$LATEST]681fa47a762e48919d6814f2dfb42c0c,4.14,,85000000
2026-05-28 12:30:56.042,2026/05/28/[$LATEST]691a822430384f5ab79537a661223d95,12.45,,85000000
2026-05-28 12:30:56.045,2026/05/28/[$LATEST]681fa47a762e48919d6814f2dfb42c0c,2,,85000000
2026-05-28 12:30:56.058,2026/05/28/[$LATEST]681fa47a762e48919d6814f2dfb42c0c,1.81,,85000000
2026-05-28 12:30:56.063,2026/05/28/[$LATEST]645d0a3985b047aa91261d33b7d29c16,1.92,,86000000
2026-05-28 12:30:56.065,2026/05/28/[$LATEST]691a822430384f5ab79537a661223d95,4.12,,85000000
2026-05-28 12:30:56.066,2026/05/28/[$LATEST]cdb8a0d50aa64c6485a0abe0d3813eb6,2.17,,86000000
2026-05-28 12:30:56.068,2026/05/28/[$LATEST]af1260d7b29a4081bdccf63925032932,1.93,,86000000
2026-05-28 12:30:56.079,2026/05/28/[$LATEST]645d0a3985b047aa91261d33b7d29c16,1.62,,86000000
2026-05-28 12:30:56.080,2026/05/28/[$LATEST]681fa47a762e48919d6814f2dfb42c0c,1.77,,85000000
2026-05-28 12:30:56.082,2026/05/28/[$LATEST]691a822430384f5ab79537a661223d95,10.37,,85000000
2026-05-28 12:30:56.082,2026/05/28/[$LATEST]15737d93c14242db96065ddfaa294dc4,1.6,,85000000
2026-05-28 12:30:56.085,2026/05/28/[$LATEST]09b41d5fd2894f389e30ae58462b1250,1.65,,85000000
2026-05-28 12:30:56.086,2026/05/28/[$LATEST]af1260d7b29a4081bdccf63925032932,7.45,,86000000
2026-05-28 12:30:56.089,2026/05/28/[$LATEST]cdb8a0d50aa64c6485a0abe0d3813eb6,2.28,,86000000
2026-05-28 12:30:56.091,2026/05/28/[$LATEST]4c865db2928045c5b55b6820a532569d,1.59,,86000000
2026-05-28 12:30:56.098,2026/05/28/[$LATEST]09b41d5fd2894f389e30ae58462b1250,1.62,,85000000
2026-05-28 12:30:56.104,2026/05/28/[$LATEST]691a822430384f5ab79537a661223d95,1.9,,85000000
2026-05-28 12:30:56.113,2026/05/28/[$LATEST]09b41d5fd2894f389e30ae58462b1250,9.17,,85000000
2026-05-28 12:30:56.114,2026/05/28/[$LATEST]15737d93c14242db96065ddfaa294dc4,1.86,,85000000
2026-05-28 12:30:56.115,2026/05/28/[$LATEST]cdb8a0d50aa64c6485a0abe0d3813eb6,2.24,,86000000
2026-05-28 12:30:56.119,2026/05/28/[$LATEST]681fa47a762e48919d6814f2dfb42c0c,1.78,,85000000
2026-05-28 12:30:56.122,2026/05/28/[$LATEST]691a822430384f5ab79537a661223d95,10.33,,85000000
2026-05-28 12:30:56.122,2026/05/28/[$LATEST]af1260d7b29a4081bdccf63925032932,1.81,,86000000
2026-05-28 12:30:56.129,2026/05/28/[$LATEST]4c865db2928045c5b55b6820a532569d,5.76,,86000000
2026-05-28 12:30:56.130,2026/05/28/[$LATEST]681fa47a762e48919d6814f2dfb42c0c,3.23,,85000000
2026-05-28 12:30:56.132,2026/05/28/[$LATEST]cdb8a0d50aa64c6485a0abe0d3813eb6,2.53,,86000000
2026-05-28 12:30:56.132,2026/05/28/[$LATEST]af1260d7b29a4081bdccf63925032932,1.89,,86000000
2026-05-28 12:30:56.133,2026/05/28/[$LATEST]15737d93c14242db96065ddfaa294dc4,13.47,,85000000
2026-05-28 12:30:56.135,2026/05/28/[$LATEST]09b41d5fd2894f389e30ae58462b1250,1.9,,85000000
2026-05-28 12:30:56.141,2026/05/28/[$LATEST]645d0a3985b047aa91261d33b7d29c16,1.83,,86000000
2026-05-28 12:30:56.142,2026/05/28/[$LATEST]691a822430384f5ab79537a661223d95,6.36,,85000000
2026-05-28 12:30:56.149,2026/05/28/[$LATEST]681fa47a762e48919d6814f2dfb42c0c,1.6,,85000000
2026-05-28 12:30:56.152,2026/05/28/[$LATEST]15737d93c14242db96065ddfaa294dc4,1.74,,85000000
2026-05-28 12:30:56.162,2026/05/28/[$LATEST]af1260d7b29a4081bdccf63925032932,1.97,,86000000
2026-05-28 12:30:56.163,2026/05/28/[$LATEST]15737d93c14242db96065ddfaa294dc4,1.82,,85000000
2026-05-28 12:30:56.171,2026/05/28/[$LATEST]af1260d7b29a4081bdccf63925032932,1.79,,86000000
2026-05-28 12:30:56.173,2026/05/28/[$LATEST]cdb8a0d50aa64c6485a0abe0d3813eb6,1.77,,86000000
2026-05-28 12:30:56.174,2026/05/28/[$LATEST]15737d93c14242db96065ddfaa294dc4,1.53,,85000000
2026-05-28 12:30:56.190,2026/05/28/[$LATEST]cdb8a0d50aa64c6485a0abe0d3813eb6,1.87,,86000000
2026-05-28 12:30:56.192,2026/05/28/[$LATEST]15737d93c14242db96065ddfaa294dc4,3.47,,85000000
2026-05-28 12:30:56.197,2026/05/28/[$LATEST]645d0a3985b047aa91261d33b7d29c16,1.64,,86000000
2026-05-28 12:30:56.198,2026/05/28/[$LATEST]691a822430384f5ab79537a661223d95,1.94,,85000000
2026-05-28 12:30:56.198,2026/05/28/[$LATEST]681fa47a762e48919d6814f2dfb42c0c,1.94,,85000000
2026-05-28 12:30:56.203,2026/05/28/[$LATEST]af1260d7b29a4081bdccf63925032932,1.74,,86000000
2026-05-28 12:30:56.209,2026/05/28/[$LATEST]cdb8a0d50aa64c6485a0abe0d3813eb6,11.79,,86000000
2026-05-28 12:30:56.211,2026/05/28/[$LATEST]4c865db2928045c5b55b6820a532569d,1.94,,86000000
2026-05-28 12:30:56.221,2026/05/28/[$LATEST]af1260d7b29a4081bdccf63925032932,1.82,,86000000
2026-05-28 12:30:56.222,2026/05/28/[$LATEST]681fa47a762e48919d6814f2dfb42c0c,2.29,,85000000
2026-05-28 12:30:56.223,2026/05/28/[$LATEST]cdb8a0d50aa64c6485a0abe0d3813eb6,1.8,,86000000
2026-05-28 12:30:56.225,2026/05/28/[$LATEST]691a822430384f5ab79537a661223d95,15.48,,85000000
2026-05-28 12:30:56.225,2026/05/28/[$LATEST]645d0a3985b047aa91261d33b7d29c16,1.89,,86000000
2026-05-28 12:30:56.226,2026/05/28/[$LATEST]15737d93c14242db96065ddfaa294dc4,1.77,,85000000
2026-05-28 12:30:56.228,2026/05/28/[$LATEST]09b41d5fd2894f389e30ae58462b1250,1.74,,85000000
2026-05-28 12:30:56.230,2026/05/28/[$LATEST]4c865db2928045c5b55b6820a532569d,6.73,,86000000
2026-05-28 12:30:56.231,2026/05/28/[$LATEST]8780bb004b644eb6be10188e8ec3da12,1.98,,86000000
2026-05-28 12:30:56.232,2026/05/28/[$LATEST]681fa47a762e48919d6814f2dfb42c0c,1.71,,85000000
2026-05-28 12:30:56.238,2026/05/28/[$LATEST]645d0a3985b047aa91261d33b7d29c16,8.26,,86000000
2026-05-28 12:30:56.238,2026/05/28/[$LATEST]09b41d5fd2894f389e30ae58462b1250,1.36,,85000000
2026-05-28 12:30:56.241,2026/05/28/[$LATEST]691a822430384f5ab79537a661223d95,3.88,,85000000
2026-05-28 12:30:56.242,2026/05/28/[$LATEST]15737d93c14242db96065ddfaa294dc4,1.67,,85000000
2026-05-28 12:30:56.245,2026/05/28/[$LATEST]96c6e01348cf4245968782a1abd6eaeb,1.78,,85000000
2026-05-28 12:30:56.250,2026/05/28/[$LATEST]8780bb004b644eb6be10188e8ec3da12,9.73,,86000000
2026-05-28 12:30:56.251,2026/05/28/[$LATEST]681fa47a762e48919d6814f2dfb42c0c,13.12,,85000000
2026-05-28 12:30:56.252,2026/05/28/[$LATEST]4c865db2928045c5b55b6820a532569d,1.86,,86000000
2026-05-28 12:30:56.256,2026/05/28/[$LATEST]15737d93c14242db96065ddfaa294dc4,1.65,,85000000
2026-05-28 12:30:56.257,2026/05/28/[$LATEST]645d0a3985b047aa91261d33b7d29c16,3.24,,86000000
2026-05-28 12:30:56.260,2026/05/28/[$LATEST]96c6e01348cf4245968782a1abd6eaeb,2.96,,85000000
2026-05-28 12:30:56.261,2026/05/28/[$LATEST]691a822430384f5ab79537a661223d95,11.83,,85000000
2026-05-28 12:30:56.270,2026/05/28/[$LATEST]4c865db2928045c5b55b6820a532569d,5.25,,86000000
2026-05-28 12:30:56.270,2026/05/28/[$LATEST]681fa47a762e48919d6814f2dfb42c0c,11.51,,85000000
2026-05-28 12:30:56.273,2026/05/28/[$LATEST]8780bb004b644eb6be10188e8ec3da12,2.02,,86000000
2026-05-28 12:30:56.273,2026/05/28/[$LATEST]15737d93c14242db96065ddfaa294dc4,7.37,,85000000
2026-05-28 12:30:56.277,2026/05/28/[$LATEST]645d0a3985b047aa91261d33b7d29c16,11.59,,86000000
2026-05-28 12:30:56.290,2026/05/28/[$LATEST]681fa47a762e48919d6814f2dfb42c0c,1.81,,85000000
2026-05-28 12:30:56.290,2026/05/28/[$LATEST]4c865db2928045c5b55b6820a532569d,11.88,,86000000
2026-05-28 12:30:56.294,2026/05/28/[$LATEST]691a822430384f5ab79537a661223d95,2.18,,85000000
2026-05-28 12:30:56.294,2026/05/28/[$LATEST]15737d93c14242db96065ddfaa294dc4,14.48,,85000000
2026-05-28 12:30:56.298,2026/05/28/[$LATEST]645d0a3985b047aa91261d33b7d29c16,15.3,,86000000
2026-05-28 12:30:56.301,2026/05/28/[$LATEST]96c6e01348cf4245968782a1abd6eaeb,1.95,,85000000
2026-05-28 12:30:56.309,2026/05/28/[$LATEST]681fa47a762e48919d6814f2dfb42c0c,1.53,,85000000
2026-05-28 12:30:56.310,2026/05/28/[$LATEST]8780bb004b644eb6be10188e8ec3da12,19.65,,86000000
2026-05-28 12:30:56.312,2026/05/28/[$LATEST]96c6e01348cf4245968782a1abd6eaeb,1.8,,85000000
2026-05-28 12:30:56.316,2026/05/28/[$LATEST]645d0a3985b047aa91261d33b7d29c16,1.54,,86000000
2026-05-28 12:30:56.326,2026/05/28/[$LATEST]8780bb004b644eb6be10188e8ec3da12,2.32,,86000000
2026-05-28 12:30:56.327,2026/05/28/[$LATEST]645d0a3985b047aa91261d33b7d29c16,1.7,,86000000
2026-05-28 12:30:56.329,2026/05/28/[$LATEST]4c865db2928045c5b55b6820a532569d,1.87,,86000000
2026-05-28 12:30:56.330,2026/05/28/[$LATEST]97a954105e44466ba126f05fc7a8e643,1.75,,86000000
2026-05-28 12:30:56.330,2026/05/28/[$LATEST]cdb8a0d50aa64c6485a0abe0d3813eb6,1.87,,86000000
2026-05-28 12:30:56.336,2026/05/28/[$LATEST]af1260d7b29a4081bdccf63925032932,2.08,,86000000
2026-05-28 12:30:56.338,2026/05/28/[$LATEST]2faaf80cfd9d45a1b10ad92bea2bdc23,2.06,,86000000
2026-05-28 12:30:56.339,2026/05/28/[$LATEST]8780bb004b644eb6be10188e8ec3da12,3.56,,86000000
2026-05-28 12:30:56.343,2026/05/28/[$LATEST]645d0a3985b047aa91261d33b7d29c16,1.68,,86000000
2026-05-28 12:30:56.345,2026/05/28/[$LATEST]96c6e01348cf4245968782a1abd6eaeb,2.04,,85000000
2026-05-28 12:30:56.346,2026/05/28/[$LATEST]681fa47a762e48919d6814f2dfb42c0c,1.87,,85000000
2026-05-28 12:30:56.349,2026/05/28/[$LATEST]691a822430384f5ab79537a661223d95,2.2,,85000000
2026-05-28 12:30:56.359,2026/05/28/[$LATEST]af1260d7b29a4081bdccf63925032932,1.86,,86000000
2026-05-28 12:30:56.362,2026/05/28/[$LATEST]691a822430384f5ab79537a661223d95,3.07,,85000000
2026-05-28 12:30:56.363,2026/05/28/[$LATEST]2faaf80cfd9d45a1b10ad92bea2bdc23,5.4,,86000000
2026-05-28 12:30:56.364,2026/05/28/[$LATEST]681fa47a762e48919d6814f2dfb42c0c,1.82,,85000000
2026-05-28 12:30:56.369,2026/05/28/[$LATEST]8780bb004b644eb6be10188e8ec3da12,5.5,,86000000
2026-05-28 12:30:56.370,2026/05/28/[$LATEST]681fa47a762e48919d6814f2dfb42c0c,1.6,,85000000
2026-05-28 12:30:56.382,2026/05/28/[$LATEST]691a822430384f5ab79537a661223d95,5.59,,85000000
2026-05-28 12:30:56.389,2026/05/28/[$LATEST]96c6e01348cf4245968782a1abd6eaeb,1.8,,85000000
2026-05-28 12:30:56.390,2026/05/28/[$LATEST]681fa47a762e48919d6814f2dfb42c0c,3.61,,85000000
2026-05-28 12:30:56.391,2026/05/28/[$LATEST]645d0a3985b047aa91261d33b7d29c16,2.66,,86000000
2026-05-28 12:30:56.394,2026/05/28/[$LATEST]2faaf80cfd9d45a1b10ad92bea2bdc23,1.61,,86000000
2026-05-28 12:30:56.396,2026/05/28/[$LATEST]8780bb004b644eb6be10188e8ec3da12,4.35,,86000000
2026-05-28 12:30:56.400,2026/05/28/[$LATEST]645d0a3985b047aa91261d33b7d29c16,1.67,,86000000
2026-05-28 12:30:56.404,2026/05/28/[$LATEST]96c6e01348cf4245968782a1abd6eaeb,1.83,,85000000
2026-05-28 12:30:56.411,2026/05/28/[$LATEST]681fa47a762e48919d6814f2dfb42c0c,1.89,,85000000
2026-05-28 12:30:56.418,2026/05/28/[$LATEST]645d0a3985b047aa91261d33b7d29c16,12.01,,86000000
2026-05-28 12:30:56.420,2026/05/28/[$LATEST]96c6e01348cf4245968782a1abd6eaeb,9.11,,85000000
2026-05-28 12:30:56.422,2026/05/28/[$LATEST]8780bb004b644eb6be10188e8ec3da12,2.17,,86000000
2026-05-28 12:30:56.425,2026/05/28/[$LATEST]2faaf80cfd9d45a1b10ad92bea2bdc23,1.53,,86000000
2026-05-28 12:30:56.428,2026/05/28/[$LATEST]af1260d7b29a4081bdccf63925032932,4.04,,86000000
2026-05-28 12:30:56.431,2026/05/28/[$LATEST]681fa47a762e48919d6814f2dfb42c0c,12.6,,85000000
2026-05-28 12:30:56.443,2026/05/28/[$LATEST]2faaf80cfd9d45a1b10ad92bea2bdc23,3.8,,86000000
2026-05-28 12:30:56.448,2026/05/28/[$LATEST]af1260d7b29a4081bdccf63925032932,13.21,,86000000
2026-05-28 12:30:56.463,2026/05/28/[$LATEST]2faaf80cfd9d45a1b10ad92bea2bdc23,1.65,,86000000
2026-05-28 12:30:56.467,2026/05/28/[$LATEST]af1260d7b29a4081bdccf63925032932,10.78,,86000000
2026-05-28 12:30:56.468,2026/05/28/[$LATEST]4c865db2928045c5b55b6820a532569d,2.09,,86000000
2026-05-28 12:30:56.470,2026/05/28/[$LATEST]96c6e01348cf4245968782a1abd6eaeb,1.88,,85000000
2026-05-28 12:30:56.470,2026/05/28/[$LATEST]645d0a3985b047aa91261d33b7d29c16,1.57,,86000000
2026-05-28 12:30:56.471,2026/05/28/[$LATEST]8780bb004b644eb6be10188e8ec3da12,25.07,,86000000
2026-05-28 12:30:56.471,2026/05/28/[$LATEST]681fa47a762e48919d6814f2dfb42c0c,21.2,,85000000
2026-05-28 12:30:56.473,2026/05/28/[$LATEST]691a822430384f5ab79537a661223d95,1.81,,85000000
2026-05-28 12:30:56.477,2026/05/28/[$LATEST]15737d93c14242db96065ddfaa294dc4,1.86,,85000000
2026-05-28 12:30:56.495,2026/05/28/[$LATEST]15737d93c14242db96065ddfaa294dc4,1.61,,85000000
2026-05-28 12:30:56.503,2026/05/28/[$LATEST]8780bb004b644eb6be10188e8ec3da12,2.84,,86000000
2026-05-28 12:30:56.503,2026/05/28/[$LATEST]691a822430384f5ab79537a661223d95,1.8,,85000000
2026-05-28 12:30:56.505,2026/05/28/[$LATEST]2faaf80cfd9d45a1b10ad92bea2bdc23,1.69,,86000000
2026-05-28 12:30:56.506,2026/05/28/[$LATEST]4c865db2928045c5b55b6820a532569d,3.8,,86000000
2026-05-28 12:30:56.506,2026/05/28/[$LATEST]af1260d7b29a4081bdccf63925032932,1.79,,86000000
2026-05-28 12:30:56.509,2026/05/28/[$LATEST]681fa47a762e48919d6814f2dfb42c0c,14.28,,85000000
2026-05-28 12:30:56.511,2026/05/28/[$LATEST]96c6e01348cf4245968782a1abd6eaeb,1.81,,85000000
2026-05-28 12:30:56.513,2026/05/28/[$LATEST]15737d93c14242db96065ddfaa294dc4,10.86,,85000000
2026-05-28 12:30:56.515,2026/05/28/[$LATEST]97a954105e44466ba126f05fc7a8e643,1.92,,86000000
2026-05-28 12:30:56.529,2026/05/28/[$LATEST]97a954105e44466ba126f05fc7a8e643,1.87,,86000000
2026-05-28 12:30:56.530,2026/05/28/[$LATEST]96c6e01348cf4245968782a1abd6eaeb,2.17,,85000000
2026-05-28 12:30:56.533,2026/05/28/[$LATEST]15737d93c14242db96065ddfaa294dc4,7.58,,85000000
2026-05-28 12:30:56.535,2026/05/28/[$LATEST]2faaf80cfd9d45a1b10ad92bea2bdc23,1.87,,86000000
2026-05-28 12:30:56.536,2026/05/28/[$LATEST]af1260d7b29a4081bdccf63925032932,1.73,,86000000
2026-05-28 12:30:56.540,2026/05/28/[$LATEST]8780bb004b644eb6be10188e8ec3da12,2.99,,86000000
2026-05-28 12:30:56.541,2026/05/28/[$LATEST]97a954105e44466ba126f05fc7a8e643,5.19,,86000000
2026-05-28 12:30:56.542,2026/05/28/[$LATEST]cdb8a0d50aa64c6485a0abe0d3813eb6,2.07,,86000000
2026-05-28 12:30:56.550,2026/05/28/[$LATEST]cdb8a0d50aa64c6485a0abe0d3813eb6,2.5,,86000000
2026-05-28 12:30:56.551,2026/05/28/[$LATEST]4c865db2928045c5b55b6820a532569d,27.53,,86000000
2026-05-28 12:30:56.552,2026/05/28/[$LATEST]15737d93c14242db96065ddfaa294dc4,1.48,,85000000
2026-05-28 12:30:56.552,2026/05/28/[$LATEST]681fa47a762e48919d6814f2dfb42c0c,1.99,,85000000
2026-05-28 12:30:56.553,2026/05/28/[$LATEST]691a822430384f5ab79537a661223d95,1.91,,85000000
2026-05-28 12:30:56.556,2026/05/28/[$LATEST]97a954105e44466ba126f05fc7a8e643,1.76,,86000000
2026-05-28 12:30:56.565,2026/05/28/[$LATEST]691a822430384f5ab79537a661223d95,1.95,,85000000
2026-05-28 12:30:56.572,2026/05/28/[$LATEST]4c865db2928045c5b55b6820a532569d,10.95,,86000000
2026-05-28 12:30:56.580,2026/05/28/[$LATEST]96c6e01348cf4245968782a1abd6eaeb,30.96,,85000000
2026-05-28 12:30:56.587,2026/05/28/[$LATEST]97a954105e44466ba126f05fc7a8e643,1.95,,86000000
2026-05-28 12:30:56.591,2026/05/28/[$LATEST]4c865db2928045c5b55b6820a532569d,5.2,,86000000
2026-05-28 12:30:56.600,2026/05/28/[$LATEST]691a822430384f5ab79537a661223d95,1.78,,85000000
2026-05-28 12:30:56.600,2026/05/28/[$LATEST]681fa47a762e48919d6814f2dfb42c0c,1.71,,85000000
2026-05-28 12:30:56.603,2026/05/28/[$LATEST]96c6e01348cf4245968782a1abd6eaeb,1.8,,85000000
2026-05-28 12:30:56.604,2026/05/28/[$LATEST]af1260d7b29a4081bdccf63925032932,2.01,,86000000
2026-05-28 12:30:56.605,2026/05/28/[$LATEST]97a954105e44466ba126f05fc7a8e643,1.84,,86000000
2026-05-28 12:30:56.605,2026/05/28/[$LATEST]cdb8a0d50aa64c6485a0abe0d3813eb6,1.77,,86000000
2026-05-28 12:30:56.610,2026/05/28/[$LATEST]8780bb004b644eb6be10188e8ec3da12,1.89,,86000000
2026-05-28 12:30:56.615,2026/05/28/[$LATEST]cdb8a0d50aa64c6485a0abe0d3813eb6,1.8,,86000000
2026-05-28 12:30:56.620,2026/05/28/[$LATEST]4c865db2928045c5b55b6820a532569d,4.75,,86000000
2026-05-28 12:30:56.623,2026/05/28/[$LATEST]691a822430384f5ab79537a661223d95,1.94,,85000000
2026-05-28 12:30:56.623,2026/05/28/[$LATEST]97a954105e44466ba126f05fc7a8e643,7.77,,86000000
2026-05-28 12:30:56.626,2026/05/28/[$LATEST]681fa47a762e48919d6814f2dfb42c0c,1.62,,85000000
2026-05-28 12:30:56.628,2026/05/28/[$LATEST]15737d93c14242db96065ddfaa294dc4,1.67,,85000000
2026-05-28 12:30:56.629,2026/05/28/[$LATEST]96c6e01348cf4245968782a1abd6eaeb,1.81,,85000000
2026-05-28 12:30:56.633,2026/05/28/[$LATEST]cdb8a0d50aa64c6485a0abe0d3813eb6,1.69,,86000000
2026-05-28 12:30:56.635,2026/05/28/[$LATEST]681fa47a762e48919d6814f2dfb42c0c,1.64,,85000000
2026-05-28 12:30:56.642,2026/05/28/[$LATEST]691a822430384f5ab79537a661223d95,11.76,,85000000
2026-05-28 12:30:56.643,2026/05/28/[$LATEST]97a954105e44466ba126f05fc7a8e643,13.63,,86000000
2026-05-28 12:30:56.651,2026/05/28/[$LATEST]4c865db2928045c5b55b6820a532569d,20.73,,86000000
2026-05-28 12:30:56.651,2026/05/28/[$LATEST]681fa47a762e48919d6814f2dfb42c0c,4.74,,85000000
2026-05-28 12:30:56.655,2026/05/28/[$LATEST]cdb8a0d50aa64c6485a0abe0d3813eb6,1.7,,86000000
2026-05-28 12:30:56.660,2026/05/28/[$LATEST]691a822430384f5ab79537a661223d95,1.72,,85000000
2026-05-28 12:30:56.661,2026/05/28/[$LATEST]8780bb004b644eb6be10188e8ec3da12,4.32,,86000000
2026-05-28 12:30:56.662,2026/05/28/[$LATEST]97a954105e44466ba126f05fc7a8e643,10.47,,86000000
2026-05-28 12:30:56.663,2026/05/28/[$LATEST]96c6e01348cf4245968782a1abd6eaeb,1.76,,85000000
2026-05-28 12:30:56.667,2026/05/28/[$LATEST]15737d93c14242db96065ddfaa294dc4,1.65,,85000000
2026-05-28 12:30:56.670,2026/05/28/[$LATEST]681fa47a762e48919d6814f2dfb42c0c,13.21,,85000000
2026-05-28 12:30:56.679,2026/05/28/[$LATEST]15737d93c14242db96065ddfaa294dc4,1.54,,85000000
2026-05-28 12:30:56.680,2026/05/28/[$LATEST]97a954105e44466ba126f05fc7a8e643,1.78,,86000000
2026-05-28 12:30:56.680,2026/05/28/[$LATEST]8780bb004b644eb6be10188e8ec3da12,3.08,,86000000
2026-05-28 12:30:56.692,2026/05/28/[$LATEST]681fa47a762e48919d6814f2dfb42c0c,14.45,,85000000
2026-05-28 12:30:56.693,2026/05/28/[$LATEST]15737d93c14242db96065ddfaa294dc4,2.19,,85000000
2026-05-28 12:30:56.696,2026/05/28/[$LATEST]97a954105e44466ba126f05fc7a8e643,1.75,,86000000
2026-05-28 12:30:56.697,2026/05/28/[$LATEST]8780bb004b644eb6be10188e8ec3da12,2,,86000000
2026-05-28 12:30:56.711,2026/05/28/[$LATEST]96c6e01348cf4245968782a1abd6eaeb,1.91,,85000000
2026-05-28 12:30:56.713,2026/05/28/[$LATEST]691a822430384f5ab79537a661223d95,2.12,,85000000
2026-05-28 12:30:56.713,2026/05/28/[$LATEST]15737d93c14242db96065ddfaa294dc4,12.19,,85000000
2026-05-28 12:30:56.728,2026/05/28/[$LATEST]691a822430384f5ab79537a661223d95,1.97,,85000000
2026-05-28 12:30:56.729,2026/05/28/[$LATEST]681fa47a762e48919d6814f2dfb42c0c,10.09,,85000000
2026-05-28 12:30:56.729,2026/05/28/[$LATEST]8780bb004b644eb6be10188e8ec3da12,1.9,,86000000
2026-05-28 12:30:56.733,2026/05/28/[$LATEST]15737d93c14242db96065ddfaa294dc4,12.09,,85000000
2026-05-28 12:30:56.734,2026/05/28/[$LATEST]96c6e01348cf4245968782a1abd6eaeb,1.99,,85000000
2026-05-28 12:30:56.741,2026/05/28/[$LATEST]97a954105e44466ba126f05fc7a8e643,1.83,,86000000
2026-05-28 12:30:56.742,2026/05/28/[$LATEST]691a822430384f5ab79537a661223d95,3.1,,85000000
2026-05-28 12:30:56.742,2026/05/28/[$LATEST]8780bb004b644eb6be10188e8ec3da12,2.13,,86000000
2026-05-28 12:30:56.751,2026/05/28/[$LATEST]96c6e01348cf4245968782a1abd6eaeb,1.93,,85000000
2026-05-28 12:30:56.752,2026/05/28/[$LATEST]681fa47a762e48919d6814f2dfb42c0c,14.27,,85000000
2026-05-28 12:30:56.753,2026/05/28/[$LATEST]15737d93c14242db96065ddfaa294dc4,14.22,,85000000
2026-05-28 12:30:56.755,2026/05/28/[$LATEST]8780bb004b644eb6be10188e8ec3da12,1.84,,86000000
2026-05-28 12:30:56.758,2026/05/28/[$LATEST]97a954105e44466ba126f05fc7a8e643,1.87,,86000000
2026-05-28 12:30:56.770,2026/05/28/[$LATEST]691a822430384f5ab79537a661223d95,13.14,,85000000
2026-05-28 12:30:56.771,2026/05/28/[$LATEST]8780bb004b644eb6be10188e8ec3da12,7.48,,86000000
2026-05-28 12:30:56.771,2026/05/28/[$LATEST]96c6e01348cf4245968782a1abd6eaeb,1.71,,85000000
2026-05-28 12:30:56.771,2026/05/28/[$LATEST]cdb8a0d50aa64c6485a0abe0d3813eb6,31.41,,86000000
2026-05-28 12:30:56.772,2026/05/28/[$LATEST]97a954105e44466ba126f05fc7a8e643,1.74,,86000000
2026-05-28 12:30:56.774,2026/05/28/[$LATEST]4c865db2928045c5b55b6820a532569d,1.91,,86000000
2026-05-28 12:30:56.774,2026/05/28/[$LATEST]681fa47a762e48919d6814f2dfb42c0c,1.99,,85000000
2026-05-28 12:30:56.775,2026/05/28/[$LATEST]15737d93c14242db96065ddfaa294dc4,1.77,,85000000
2026-05-28 12:30:56.777,2026/05/28/[$LATEST]af1260d7b29a4081bdccf63925032932,1.9,,86000000
2026-05-28 12:30:56.780,2026/05/28/[$LATEST]96c6e01348cf4245968782a1abd6eaeb,1.97,,85000000
2026-05-28 12:30:56.789,2026/05/28/[$LATEST]af1260d7b29a4081bdccf63925032932,2.04,,86000000
2026-05-28 12:30:56.790,2026/05/28/[$LATEST]4c865db2928045c5b55b6820a532569d,1.94,,86000000
2026-05-28 12:30:56.798,2026/05/28/[$LATEST]96c6e01348cf4245968782a1abd6eaeb,1.75,,85000000
2026-05-28 12:30:56.804,2026/05/28/[$LATEST]15737d93c14242db96065ddfaa294dc4,1.85,,85000000
2026-05-28 12:30:56.807,2026/05/28/[$LATEST]96c6e01348cf4245968782a1abd6eaeb,1.81,,85000000
2026-05-28 12:30:56.809,2026/05/28/[$LATEST]681fa47a762e48919d6814f2dfb42c0c,1.71,,85000000
2026-05-28 12:30:56.810,2026/05/28/[$LATEST]4c865db2928045c5b55b6820a532569d,9.95,,86000000
2026-05-28 12:30:56.811,2026/05/28/[$LATEST]af1260d7b29a4081bdccf63925032932,1.92,,86000000
2026-05-28 12:30:56.813,2026/05/28/[$LATEST]15737d93c14242db96065ddfaa294dc4,3.18,,85000000
2026-05-28 12:30:56.815,2026/05/28/[$LATEST]691a822430384f5ab79537a661223d95,2.19,,85000000
2026-05-28 12:30:56.825,2026/05/28/[$LATEST]681fa47a762e48919d6814f2dfb42c0c,1.72,,85000000
2026-05-28 12:30:56.827,2026/05/28/[$LATEST]af1260d7b29a4081bdccf63925032932,3.41,,86000000
2026-05-28 12:30:56.827,2026/05/28/[$LATEST]691a822430384f5ab79537a661223d95,3.88,,85000000
2026-05-28 12:30:56.832,2026/05/28/[$LATEST]96c6e01348cf4245968782a1abd6eaeb,1.78,,85000000
2026-05-28 12:30:56.832,2026/05/28/[$LATEST]15737d93c14242db96065ddfaa294dc4,11.95,,85000000
2026-05-28 12:30:56.832,2026/05/28/[$LATEST]4c865db2928045c5b55b6820a532569d,1.96,,86000000
2026-05-28 12:30:56.833,2026/05/28/[$LATEST]681fa47a762e48919d6814f2dfb42c0c,1.77,,85000000
2026-05-28 12:30:56.837,2026/05/28/[$LATEST]645d0a3985b047aa91261d33b7d29c16,1.6,,86000000
2026-05-28 12:30:56.839,2026/05/28/[$LATEST]97a954105e44466ba126f05fc7a8e643,1.89,,86000000
2026-05-28 12:30:56.844,2026/05/28/[$LATEST]645d0a3985b047aa91261d33b7d29c16,1.6,,86000000
2026-05-28 12:30:56.845,2026/05/28/[$LATEST]96c6e01348cf4245968782a1abd6eaeb,1.8,,85000000
2026-05-28 12:30:56.846,2026/05/28/[$LATEST]8780bb004b644eb6be10188e8ec3da12,2.09,,86000000
2026-05-28 12:30:56.847,2026/05/28/[$LATEST]af1260d7b29a4081bdccf63925032932,13.47,,86000000
2026-05-28 12:30:56.851,2026/05/28/[$LATEST]681fa47a762e48919d6814f2dfb42c0c,6.77,,85000000
2026-05-28 12:30:56.853,2026/05/28/[$LATEST]4c865db2928045c5b55b6820a532569d,2.04,,86000000
2026-05-28 12:30:56.860,2026/05/28/[$LATEST]97a954105e44466ba126f05fc7a8e643,2,,86000000
2026-05-28 12:30:56.860,2026/05/28/[$LATEST]8780bb004b644eb6be10188e8ec3da12,2.56,,86000000
2026-05-28 12:30:56.865,2026/05/28/[$LATEST]691a822430384f5ab79537a661223d95,21.05,,85000000
2026-05-28 12:30:56.866,2026/05/28/[$LATEST]645d0a3985b047aa91261d33b7d29c16,1.73,,86000000
2026-05-28 12:30:56.866,2026/05/28/[$LATEST]96c6e01348cf4245968782a1abd6eaeb,2.3,,85000000
2026-05-28 12:30:56.867,2026/05/28/[$LATEST]af1260d7b29a4081bdccf63925032932,11.24,,86000000
2026-05-28 12:30:56.871,2026/05/28/[$LATEST]4c865db2928045c5b55b6820a532569d,11.11,,86000000
2026-05-28 12:30:56.871,2026/05/28/[$LATEST]15737d93c14242db96065ddfaa294dc4,1.65,,85000000
2026-05-28 12:30:56.872,2026/05/28/[$LATEST]09b41d5fd2894f389e30ae58462b1250,1.54,,85000000
2026-05-28 12:30:56.878,2026/05/28/[$LATEST]645d0a3985b047aa91261d33b7d29c16,6,,86000000
2026-05-28 12:30:56.878,2026/05/28/[$LATEST]15737d93c14242db96065ddfaa294dc4,1.46,,85000000
2026-05-28 12:30:56.880,2026/05/28/[$LATEST]96c6e01348cf4245968782a1abd6eaeb,2.75,,85000000
2026-05-28 12:30:56.882,2026/05/28/[$LATEST]97a954105e44466ba126f05fc7a8e643,1.95,,86000000
2026-05-28 12:30:56.883,2026/05/28/[$LATEST]691a822430384f5ab79537a661223d95,10.72,,85000000
2026-05-28 12:30:56.886,2026/05/28/[$LATEST]af1260d7b29a4081bdccf63925032932,11.08,,86000000
2026-05-28 12:30:56.889,2026/05/28/[$LATEST]681fa47a762e48919d6814f2dfb42c0c,9.96,,85000000
2026-05-28 12:30:56.890,2026/05/28/[$LATEST]4c865db2928045c5b55b6820a532569d,5.63,,86000000
2026-05-28 12:30:56.902,2026/05/28/[$LATEST]691a822430384f5ab79537a661223d95,10.76,,85000000
2026-05-28 12:30:56.904,2026/05/28/[$LATEST]96c6e01348cf4245968782a1abd6eaeb,9.88,,85000000
2026-05-28 12:30:56.911,2026/05/28/[$LATEST]af1260d7b29a4081bdccf63925032932,2.08,,86000000
2026-05-28 12:30:56.914,2026/05/28/[$LATEST]4c865db2928045c5b55b6820a532569d,4.04,,86000000
2026-05-28 12:30:56.919,2026/05/28/[$LATEST]8780bb004b644eb6be10188e8ec3da12,2.34,,86000000
2026-05-28 12:30:56.921,2026/05/28/[$LATEST]97a954105e44466ba126f05fc7a8e643,1.81,,86000000
2026-05-28 12:30:56.926,2026/05/28/[$LATEST]96c6e01348cf4245968782a1abd6eaeb,1.73,,85000000
2026-05-28 12:30:56.929,2026/05/28/[$LATEST]97a954105e44466ba126f05fc7a8e643,1.88,,86000000
2026-05-28 12:30:56.929,2026/05/28/[$LATEST]691a822430384f5ab79537a661223d95,1.87,,85000000
2026-05-28 12:30:56.934,2026/05/28/[$LATEST]681fa47a762e48919d6814f2dfb42c0c,1.82,,85000000
2026-05-28 12:30:56.942,2026/05/28/[$LATEST]691a822430384f5ab79537a661223d95,5.92,,85000000
2026-05-28 12:30:56.950,2026/05/28/[$LATEST]96c6e01348cf4245968782a1abd6eaeb,1.71,,85000000
2026-05-28 12:30:56.951,2026/05/28/[$LATEST]681fa47a762e48919d6814f2dfb42c0c,10.62,,85000000
2026-05-28 12:30:56.953,2026/05/28/[$LATEST]97a954105e44466ba126f05fc7a8e643,1.85,,86000000
2026-05-28 12:30:56.962,2026/05/28/[$LATEST]96c6e01348cf4245968782a1abd6eaeb,1.74,,85000000
2026-05-28 12:30:56.963,2026/05/28/[$LATEST]15737d93c14242db96065ddfaa294dc4,1.73,,85000000
2026-05-28 12:30:56.965,2026/05/28/[$LATEST]691a822430384f5ab79537a661223d95,11.65,,85000000
2026-05-28 12:30:56.965,2026/05/28/[$LATEST]97a954105e44466ba126f05fc7a8e643,1.8,,86000000
2026-05-28 12:30:56.971,2026/05/28/[$LATEST]681fa47a762e48919d6814f2dfb42c0c,9.9,,85000000
2026-05-28 12:30:56.973,2026/05/28/[$LATEST]15737d93c14242db96065ddfaa294dc4,1.48,,85000000
2026-05-28 12:30:56.977,2026/05/28/[$LATEST]8780bb004b644eb6be10188e8ec3da12,1.84,,86000000
2026-05-28 12:30:56.980,2026/05/28/[$LATEST]af1260d7b29a4081bdccf63925032932,1.87,,86000000
2026-05-28 12:30:56.980,2026/05/28/[$LATEST]96c6e01348cf4245968782a1abd6eaeb,8.33,,85000000
2026-05-28 12:30:56.982,2026/05/28/[$LATEST]97a954105e44466ba126f05fc7a8e643,1.81,,86000000
2026-05-28 12:30:56.984,2026/05/28/[$LATEST]691a822430384f5ab79537a661223d95,2.13,,85000000
2026-05-28 12:30:56.984,2026/05/28/[$LATEST]15737d93c14242db96065ddfaa294dc4,1.48,,85000000
2026-05-28 12:30:56.989,2026/05/28/[$LATEST]af1260d7b29a4081bdccf63925032932,1.87,,86000000
2026-05-28 12:30:56.990,2026/05/28/[$LATEST]681fa47a762e48919d6814f2dfb42c0c,4.74,,85000000
2026-05-28 12:30:56.990,2026/05/28/[$LATEST]4c865db2928045c5b55b6820a532569d,13.12,,86000000
2026-05-28 12:30:57.004,2026/05/28/[$LATEST]15737d93c14242db96065ddfaa294dc4,1.58,,85000000
2026-05-28 12:30:57.004,2026/05/28/[$LATEST]691a822430384f5ab79537a661223d95,14.03,,85000000
2026-05-28 12:30:57.005,2026/05/28/[$LATEST]96c6e01348cf4245968782a1abd6eaeb,2.07,,85000000
2026-05-28 12:30:57.007,2026/05/28/[$LATEST]af1260d7b29a4081bdccf63925032932,10.23,,86000000
2026-05-28 12:30:57.009,2026/05/28/[$LATEST]09b41d5fd2894f389e30ae58462b1250,1.65,,85000000
2026-05-28 12:30:57.009,2026/05/28/[$LATEST]681fa47a762e48919d6814f2dfb42c0c,1.95,,85000000
2026-05-28 12:30:57.011,2026/05/28/[$LATEST]4c865db2928045c5b55b6820a532569d,7.81,,86000000
2026-05-28 12:30:57.013,2026/05/28/[$LATEST]645d0a3985b047aa91261d33b7d29c16,1.69,,86000000
2026-05-28 12:30:57.014,2026/05/28/[$LATEST]97a954105e44466ba126f05fc7a8e643,1.87,,86000000
2026-05-28 12:30:57.019,2026/05/28/[$LATEST]96c6e01348cf4245968782a1abd6eaeb,4.1,,85000000
2026-05-28 12:30:57.021,2026/05/28/[$LATEST]645d0a3985b047aa91261d33b7d29c16,1.59,,86000000
2026-05-28 12:30:57.023,2026/05/28/[$LATEST]97a954105e44466ba126f05fc7a8e643,1.73,,86000000
2026-05-28 12:30:57.026,2026/05/28/[$LATEST]af1260d7b29a4081bdccf63925032932,11.05,,86000000
2026-05-28 12:30:57.038,2026/05/28/[$LATEST]09b41d5fd2894f389e30ae58462b1250,2.1,,85000000
2026-05-28 12:30:57.038,2026/05/28/[$LATEST]681fa47a762e48919d6814f2dfb42c0c,2,,85000000
2026-05-28 12:30:57.038,2026/05/28/[$LATEST]645d0a3985b047aa91261d33b7d29c16,10.27,,86000000
2026-05-28 12:30:57.039,2026/05/28/[$LATEST]96c6e01348cf4245968782a1abd6eaeb,1.9,,85000000
2026-05-28 12:30:57.040,2026/05/28/[$LATEST]15737d93c14242db96065ddfaa294dc4,1.75,,85000000
2026-05-28 12:30:57.041,2026/05/28/[$LATEST]691a822430384f5ab79537a661223d95,19.91,,85000000
2026-05-28 12:30:57.042,2026/05/28/[$LATEST]07ffab9544874a0f9ad2ce95d2a41d2e,1.92,,85000000
2026-05-28 12:30:57.045,2026/05/28/[$LATEST]af1260d7b29a4081bdccf63925032932,1.84,,86000000
2026-05-28 12:30:57.045,2026/05/28/[$LATEST]7de6c63704704001920746bd5ec85dd3,1.99,,85000000
2026-05-28 12:30:57.046,2026/05/28/[$LATEST]a7e9a16d40c3420b830c23d0276b0273,3.42,,85000000
2026-05-28 12:30:57.051,2026/05/28/[$LATEST]97a954105e44466ba126f05fc7a8e643,2.01,,86000000
2026-05-28 12:30:57.053,2026/05/28/[$LATEST]15737d93c14242db96065ddfaa294dc4,7.05,,85000000
2026-05-28 12:30:57.056,2026/05/28/[$LATEST]a7e9a16d40c3420b830c23d0276b0273,2.01,,85000000
2026-05-28 12:30:57.058,2026/05/28/[$LATEST]4c865db2928045c5b55b6820a532569d,2.08,,86000000
2026-05-28 12:30:57.073,2026/05/28/[$LATEST]15737d93c14242db96065ddfaa294dc4,1.58,,85000000
2026-05-28 12:30:57.090,2026/05/28/[$LATEST]a7e9a16d40c3420b830c23d0276b0273,12.2,,85000000
2026-05-28 12:30:57.090,2026/05/28/[$LATEST]97a954105e44466ba126f05fc7a8e643,1.98,,86000000
2026-05-28 12:30:57.092,2026/05/28/[$LATEST]4c865db2928045c5b55b6820a532569d,2.28,,86000000
2026-05-28 12:30:57.092,2026/05/28/[$LATEST]15737d93c14242db96065ddfaa294dc4,1.35,,85000000
2026-05-28 12:30:57.095,2026/05/28/[$LATEST]7de6c63704704001920746bd5ec85dd3,1.8,,85000000
2026-05-28 12:30:57.100,2026/05/28/[$LATEST]07ffab9544874a0f9ad2ce95d2a41d2e,2.16,,85000000
2026-05-28 12:30:57.103,2026/05/28/[$LATEST]97a954105e44466ba126f05fc7a8e643,1.93,,86000000
2026-05-28 12:30:57.110,2026/05/28/[$LATEST]af1260d7b29a4081bdccf63925032932,1.78,,86000000
2026-05-28 12:30:57.111,2026/05/28/[$LATEST]8780bb004b644eb6be10188e8ec3da12,2.08,,86000000
2026-05-28 12:30:57.115,2026/05/28/[$LATEST]15737d93c14242db96065ddfaa294dc4,1.75,,85000000
2026-05-28 12:30:57.117,2026/05/28/[$LATEST]7de6c63704704001920746bd5ec85dd3,12.79,,85000000
2026-05-28 12:30:57.117,2026/05/28/[$LATEST]07ffab9544874a0f9ad2ce95d2a41d2e,1.83,,85000000
2026-05-28 12:30:57.128,2026/05/28/[$LATEST]af1260d7b29a4081bdccf63925032932,1.88,,86000000
2026-05-28 12:30:57.130,2026/05/28/[$LATEST]4c865db2928045c5b55b6820a532569d,29.45,,86000000
2026-05-28 12:30:57.130,2026/05/28/[$LATEST]8780bb004b644eb6be10188e8ec3da12,4.75,,86000000
2026-05-28 12:30:57.133,2026/05/28/[$LATEST]15737d93c14242db96065ddfaa294dc4,11.13,,85000000
2026-05-28 12:30:57.136,2026/05/28/[$LATEST]07ffab9544874a0f9ad2ce95d2a41d2e,1.63,,85000000
2026-05-28 12:30:57.138,2026/05/28/[$LATEST]97a954105e44466ba126f05fc7a8e643,2.05,,86000000
2026-05-28 12:30:57.140,2026/05/28/[$LATEST]7de6c63704704001920746bd5ec85dd3,1.73,,85000000
2026-05-28 12:30:57.142,2026/05/28/[$LATEST]96c6e01348cf4245968782a1abd6eaeb,1.86,,85000000
2026-05-28 12:30:57.145,2026/05/28/[$LATEST]691a822430384f5ab79537a661223d95,1.99,,85000000
2026-05-28 12:30:57.147,2026/05/28/[$LATEST]af1260d7b29a4081bdccf63925032932,12.72,,86000000
2026-05-28 12:30:57.149,2026/05/28/[$LATEST]8780bb004b644eb6be10188e8ec3da12,2.18,,86000000
2026-05-28 12:30:57.151,2026/05/28/[$LATEST]4c865db2928045c5b55b6820a532569d,6.65,,86000000
2026-05-28 12:30:57.157,2026/05/28/[$LATEST]a7e9a16d40c3420b830c23d0276b0273,8.82,,85000000
2026-05-28 12:30:57.160,2026/05/28/[$LATEST]97a954105e44466ba126f05fc7a8e643,6.16,,86000000
2026-05-28 12:30:57.164,2026/05/28/[$LATEST]cdb8a0d50aa64c6485a0abe0d3813eb6,2.07,,86000000
2026-05-28 12:30:57.166,2026/05/28/[$LATEST]af1260d7b29a4081bdccf63925032932,1.73,,86000000
2026-05-28 12:30:57.169,2026/05/28/[$LATEST]2faaf80cfd9d45a1b10ad92bea2bdc23,1.73,,86000000
2026-05-28 12:30:57.170,2026/05/28/[$LATEST]97a954105e44466ba126f05fc7a8e643,3.36,,86000000
2026-05-28 12:30:57.170,2026/05/28/[$LATEST]cfb0e958f4874281914ba0b7a1a72bef,2.09,,86000000
2026-05-28 12:30:57.171,2026/05/28/[$LATEST]8780bb004b644eb6be10188e8ec3da12,11.01,,86000000
2026-05-28 12:30:57.171,2026/05/28/[$LATEST]a7e9a16d40c3420b830c23d0276b0273,5.82,,85000000
2026-05-28 12:30:57.173,2026/05/28/[$LATEST]4c865db2928045c5b55b6820a532569d,2.62,,86000000
2026-05-28 12:30:57.191,2026/05/28/[$LATEST]a7e9a16d40c3420b830c23d0276b0273,5.58,,85000000
2026-05-28 12:30:57.191,2026/05/28/[$LATEST]691a822430384f5ab79537a661223d95,1.9,,85000000
2026-05-28 12:30:57.193,2026/05/28/[$LATEST]7de6c63704704001920746bd5ec85dd3,1.68,,85000000
2026-05-28 12:30:57.193,2026/05/28/[$LATEST]8780bb004b644eb6be10188e8ec3da12,2.1,,86000000
2026-05-28 12:30:57.197,2026/05/28/[$LATEST]96c6e01348cf4245968782a1abd6eaeb,2.21,,85000000
2026-05-28 12:30:57.215,2026/05/28/[$LATEST]8780bb004b644eb6be10188e8ec3da12,1.96,,86000000
2026-05-28 12:30:57.217,2026/05/28/[$LATEST]4c865db2928045c5b55b6820a532569d,1.96,,86000000
2026-05-28 12:30:57.229,2026/05/28/[$LATEST]96c6e01348cf4245968782a1abd6eaeb,1.73,,85000000
2026-05-28 12:30:57.230,2026/05/28/[$LATEST]8780bb004b644eb6be10188e8ec3da12,3.19,,86000000
2026-05-28 12:30:57.231,2026/05/28/[$LATEST]7de6c63704704001920746bd5ec85dd3,1.55,,85000000
2026-05-28 12:30:57.233,2026/05/28/[$LATEST]4c865db2928045c5b55b6820a532569d,2.05,,86000000
2026-05-28 12:30:57.242,2026/05/28/[$LATEST]7de6c63704704001920746bd5ec85dd3,1.45,,85000000
2026-05-28 12:30:57.242,2026/05/28/[$LATEST]97a954105e44466ba126f05fc7a8e643,1.99,,86000000
2026-05-28 12:30:57.246,2026/05/28/[$LATEST]cfb0e958f4874281914ba0b7a1a72bef,1.94,,86000000
2026-05-28 12:30:57.248,2026/05/28/[$LATEST]96c6e01348cf4245968782a1abd6eaeb,1.76,,85000000
2026-05-28 12:30:57.250,2026/05/28/[$LATEST]8780bb004b644eb6be10188e8ec3da12,4.12,,86000000
2026-05-28 12:30:57.261,2026/05/28/[$LATEST]cfb0e958f4874281914ba0b7a1a72bef,8.33,,86000000
2026-05-28 12:30:57.263,2026/05/28/[$LATEST]96c6e01348cf4245968782a1abd6eaeb,2.16,,85000000
2026-05-28 12:30:57.263,2026/05/28/[$LATEST]8780bb004b644eb6be10188e8ec3da12,2.15,,86000000
2026-05-28 12:30:57.265,2026/05/28/[$LATEST]7de6c63704704001920746bd5ec85dd3,1.54,,85000000
2026-05-28 12:30:57.281,2026/05/28/[$LATEST]7de6c63704704001920746bd5ec85dd3,1.71,,85000000
2026-05-28 12:30:57.287,2026/05/28/[$LATEST]8780bb004b644eb6be10188e8ec3da12,2.08,,86000000
2026-05-28 12:30:57.294,2026/05/28/[$LATEST]7de6c63704704001920746bd5ec85dd3,1.54,,85000000
2026-05-28 12:30:57.296,2026/05/28/[$LATEST]8780bb004b644eb6be10188e8ec3da12,2.48,,86000000
2026-05-28 12:30:57.297,2026/05/28/[$LATEST]2faaf80cfd9d45a1b10ad92bea2bdc23,1.75,,86000000
2026-05-28 12:30:57.299,2026/05/28/[$LATEST]a7e9a16d40c3420b830c23d0276b0273,3.37,,85000000
2026-05-28 12:30:57.301,2026/05/28/[$LATEST]cfb0e958f4874281914ba0b7a1a72bef,10.37,,86000000
2026-05-28 12:30:57.302,2026/05/28/[$LATEST]96c6e01348cf4245968782a1abd6eaeb,1.73,,85000000
2026-05-28 12:30:57.302,2026/05/28/[$LATEST]af1260d7b29a4081bdccf63925032932,1.9,,86000000
2026-05-28 12:30:57.303,2026/05/28/[$LATEST]97a954105e44466ba126f05fc7a8e643,7.38,,86000000
2026-05-28 12:30:57.311,2026/05/28/[$LATEST]a7e9a16d40c3420b830c23d0276b0273,4.28,,85000000
2026-05-28 12:30:57.311,2026/05/28/[$LATEST]4c865db2928045c5b55b6820a532569d,15.4,,86000000
2026-05-28 12:30:57.316,2026/05/28/[$LATEST]7de6c63704704001920746bd5ec85dd3,1.76,,85000000
2026-05-28 12:30:57.319,2026/05/28/[$LATEST]af1260d7b29a4081bdccf63925032932,1.94,,86000000
2026-05-28 12:30:57.320,2026/05/28/[$LATEST]96c6e01348cf4245968782a1abd6eaeb,5.11,,85000000
2026-05-28 12:30:57.323,2026/05/28/[$LATEST]97a954105e44466ba126f05fc7a8e643,8.38,,86000000
2026-05-28 12:30:57.331,2026/05/28/[$LATEST]a7e9a16d40c3420b830c23d0276b0273,1.89,,85000000
2026-05-28 12:30:57.334,2026/05/28/[$LATEST]691a822430384f5ab79537a661223d95,1.93,,85000000
2026-05-28 12:30:57.334,2026/05/28/[$LATEST]07ffab9544874a0f9ad2ce95d2a41d2e,1.94,,85000000
2026-05-28 12:30:57.335,2026/05/28/[$LATEST]7de6c63704704001920746bd5ec85dd3,7.07,,85000000
2026-05-28 12:30:57.339,2026/05/28/[$LATEST]a7e9a16d40c3420b830c23d0276b0273,1.51,,85000000
2026-05-28 12:30:57.341,2026/05/28/[$LATEST]96c6e01348cf4245968782a1abd6eaeb,12.16,,85000000
2026-05-28 12:30:57.341,2026/05/28/[$LATEST]97a954105e44466ba126f05fc7a8e643,2.33,,86000000
2026-05-28 12:30:57.345,2026/05/28/[$LATEST]af1260d7b29a4081bdccf63925032932,1.97,,86000000
2026-05-28 12:30:57.346,2026/05/28/[$LATEST]cfb0e958f4874281914ba0b7a1a72bef,1.72,,86000000
2026-05-28 12:30:57.349,2026/05/28/[$LATEST]4c865db2928045c5b55b6820a532569d,5.56,,86000000
2026-05-28 12:30:57.353,2026/05/28/[$LATEST]7de6c63704704001920746bd5ec85dd3,1.43,,85000000
2026-05-28 12:30:57.359,2026/05/28/[$LATEST]15737d93c14242db96065ddfaa294dc4,1.79,,85000000
2026-05-28 12:30:57.359,2026/05/28/[$LATEST]07ffab9544874a0f9ad2ce95d2a41d2e,1.96,,85000000
2026-05-28 12:30:57.361,2026/05/28/[$LATEST]96c6e01348cf4245968782a1abd6eaeb,12.46,,85000000
2026-05-28 12:30:57.361,2026/05/28/[$LATEST]cfb0e958f4874281914ba0b7a1a72bef,4.82,,86000000
2026-05-28 12:30:57.361,2026/05/28/[$LATEST]691a822430384f5ab79537a661223d95,18.36,,85000000
2026-05-28 12:30:57.364,2026/05/28/[$LATEST]7de6c63704704001920746bd5ec85dd3,1.54,,85000000
2026-05-28 12:30:57.367,2026/05/28/[$LATEST]4c865db2928045c5b55b6820a532569d,2.04,,86000000
2026-05-28 12:30:57.369,2026/05/28/[$LATEST]07ffab9544874a0f9ad2ce95d2a41d2e,2.04,,85000000
2026-05-28 12:30:57.369,2026/05/28/[$LATEST]cfb0e958f4874281914ba0b7a1a72bef,1.81,,86000000
2026-05-28 12:30:57.371,2026/05/28/[$LATEST]a7e9a16d40c3420b830c23d0276b0273,15.04,,85000000
2026-05-28 12:30:57.372,2026/05/28/[$LATEST]af1260d7b29a4081bdccf63925032932,1.92,,86000000
2026-05-28 12:30:57.373,2026/05/28/[$LATEST]15737d93c14242db96065ddfaa294dc4,6.88,,85000000
2026-05-28 12:30:57.382,2026/05/28/[$LATEST]cfb0e958f4874281914ba0b7a1a72bef,2.13,,86000000
2026-05-28 12:30:57.385,2026/05/28/[$LATEST]07ffab9544874a0f9ad2ce95d2a41d2e,2.27,,85000000
2026-05-28 12:30:57.386,2026/05/28/[$LATEST]7de6c63704704001920746bd5ec85dd3,1.59,,85000000
2026-05-28 12:30:57.388,2026/05/28/[$LATEST]96c6e01348cf4245968782a1abd6eaeb,1.8,,85000000
2026-05-28 12:30:57.390,2026/05/28/[$LATEST]a7e9a16d40c3420b830c23d0276b0273,12.29,,85000000
2026-05-28 12:30:57.393,2026/05/28/[$LATEST]691a822430384f5ab79537a661223d95,2.41,,85000000
2026-05-28 12:30:57.393,2026/05/28/[$LATEST]15737d93c14242db96065ddfaa294dc4,12.45,,85000000
2026-05-28 12:30:57.400,2026/05/28/[$LATEST]a7e9a16d40c3420b830c23d0276b0273,2.01,,85000000
2026-05-28 12:30:57.402,2026/05/28/[$LATEST]cfb0e958f4874281914ba0b7a1a72bef,1.86,,86000000
2026-05-28 12:30:57.404,2026/05/28/[$LATEST]af1260d7b29a4081bdccf63925032932,1.79,,86000000
2026-05-28 12:30:57.405,2026/05/28/[$LATEST]691a822430384f5ab79537a661223d95,2.53,,85000000
2026-05-28 12:30:57.409,2026/05/28/[$LATEST]cfb0e958f4874281914ba0b7a1a72bef,1.92,,86000000
2026-05-28 12:30:57.413,2026/05/28/[$LATEST]15737d93c14242db96065ddfaa294dc4,9.64,,85000000
2026-05-28 12:30:57.413,2026/05/28/[$LATEST]af1260d7b29a4081bdccf63925032932,1.8,,86000000
2026-05-28 12:30:57.413,2026/05/28/[$LATEST]96c6e01348cf4245968782a1abd6eaeb,1.91,,85000000
2026-05-28 12:30:57.416,2026/05/28/[$LATEST]a7e9a16d40c3420b830c23d0276b0273,1.98,,85000000
2026-05-28 12:30:57.416,2026/05/28/[$LATEST]2faaf80cfd9d45a1b10ad92bea2bdc23,1.61,,86000000
2026-05-28 12:30:57.416,2026/05/28/[$LATEST]97a954105e44466ba126f05fc7a8e643,1.9,,86000000
2026-05-28 12:30:57.417,2026/05/28/[$LATEST]7de6c63704704001920746bd5ec85dd3,1.63,,85000000
2026-05-28 12:30:57.420,2026/05/28/[$LATEST]07ffab9544874a0f9ad2ce95d2a41d2e,1.88,,85000000
2026-05-28 12:30:57.422,2026/05/28/[$LATEST]96c6e01348cf4245968782a1abd6eaeb,1.7,,85000000
2026-05-28 12:30:57.423,2026/05/28/[$LATEST]691a822430384f5ab79537a661223d95,11.85,,85000000
2026-05-28 12:30:57.425,2026/05/28/[$LATEST]97a954105e44466ba126f05fc7a8e643,2.05,,86000000
2026-05-28 12:30:57.427,2026/05/28/[$LATEST]af1260d7b29a4081bdccf63925032932,3.05,,86000000
2026-05-28 12:30:57.428,2026/05/28/[$LATEST]2faaf80cfd9d45a1b10ad92bea2bdc23,5.01,,86000000
2026-05-28 12:30:57.430,2026/05/28/[$LATEST]4c865db2928045c5b55b6820a532569d,14.41,,86000000
2026-05-28 12:30:57.431,2026/05/28/[$LATEST]cfb0e958f4874281914ba0b7a1a72bef,1.78,,86000000
2026-05-28 12:30:57.434,2026/05/28/[$LATEST]15737d93c14242db96065ddfaa294dc4,12.97,,85000000
2026-05-28 12:30:57.444,2026/05/28/[$LATEST]cfb0e958f4874281914ba0b7a1a72bef,1.7,,86000000
2026-05-28 12:30:57.449,2026/05/28/[$LATEST]4c865db2928045c5b55b6820a532569d,2.88,,86000000
2026-05-28 12:30:57.454,2026/05/28/[$LATEST]15737d93c14242db96065ddfaa294dc4,2.45,,85000000
2026-05-28 12:30:57.460,2026/05/28/[$LATEST]2faaf80cfd9d45a1b10ad92bea2bdc23,1.64,,86000000
2026-05-28 12:30:57.461,2026/05/28/[$LATEST]cfb0e958f4874281914ba0b7a1a72bef,2.87,,86000000
2026-05-28 12:30:57.462,2026/05/28/[$LATEST]96c6e01348cf4245968782a1abd6eaeb,1.72,,85000000
2026-05-28 12:30:57.462,2026/05/28/[$LATEST]af1260d7b29a4081bdccf63925032932,1.75,,86000000
2026-05-28 12:30:57.463,2026/05/28/[$LATEST]4c865db2928045c5b55b6820a532569d,4.42,,86000000
2026-05-28 12:30:57.463,2026/05/28/[$LATEST]97a954105e44466ba126f05fc7a8e643,2.06,,86000000
2026-05-28 12:30:57.464,2026/05/28/[$LATEST]8780bb004b644eb6be10188e8ec3da12,1.79,,86000000
2026-05-28 12:30:57.465,2026/05/28/[$LATEST]691a822430384f5ab79537a661223d95,2.15,,85000000
2026-05-28 12:30:57.468,2026/05/28/[$LATEST]7de6c63704704001920746bd5ec85dd3,1.5,,85000000
2026-05-28 12:30:57.468,2026/05/28/[$LATEST]2faaf80cfd9d45a1b10ad92bea2bdc23,1.64,,86000000
2026-05-28 12:30:57.468,2026/05/28/[$LATEST]07ffab9544874a0f9ad2ce95d2a41d2e,2.76,,85000000
2026-05-28 12:30:57.469,2026/05/28/[$LATEST]cdb8a0d50aa64c6485a0abe0d3813eb6,2.12,,86000000
2026-05-28 12:30:57.470,2026/05/28/[$LATEST]cfb0e958f4874281914ba0b7a1a72bef,2.29,,86000000
2026-05-28 12:30:57.472,2026/05/28/[$LATEST]8780bb004b644eb6be10188e8ec3da12,1.86,,86000000
2026-05-28 12:30:57.474,2026/05/28/[$LATEST]15737d93c14242db96065ddfaa294dc4,14.08,,85000000
2026-05-28 12:30:57.480,2026/05/28/[$LATEST]07ffab9544874a0f9ad2ce95d2a41d2e,2.09,,85000000
2026-05-28 12:30:57.482,2026/05/28/[$LATEST]97a954105e44466ba126f05fc7a8e643,12.01,,86000000
2026-05-28 12:30:57.484,2026/05/28/[$LATEST]7de6c63704704001920746bd5ec85dd3,1.71,,85000000
2026-05-28 12:30:57.495,2026/05/28/[$LATEST]15737d93c14242db96065ddfaa294dc4,1.61,,85000000
2026-05-28 12:30:57.503,2026/05/28/[$LATEST]97a954105e44466ba126f05fc7a8e643,3.71,,86000000
2026-05-28 12:30:57.513,2026/05/28/[$LATEST]15737d93c14242db96065ddfaa294dc4,3.42,,85000000
2026-05-28 12:30:57.519,2026/05/28/[$LATEST]cfb0e958f4874281914ba0b7a1a72bef,1.8,,86000000
2026-05-28 12:30:57.519,2026/05/28/[$LATEST]8780bb004b644eb6be10188e8ec3da12,2.29,,86000000
2026-05-28 12:30:57.520,2026/05/28/[$LATEST]cdb8a0d50aa64c6485a0abe0d3813eb6,1.79,,86000000
2026-05-28 12:30:57.522,2026/05/28/[$LATEST]97a954105e44466ba126f05fc7a8e643,6.87,,86000000
2026-05-28 12:30:57.528,2026/05/28/[$LATEST]7de6c63704704001920746bd5ec85dd3,1.67,,85000000
2026-05-28 12:30:57.530,2026/05/28/[$LATEST]8780bb004b644eb6be10188e8ec3da12,3.43,,86000000
2026-05-28 12:30:57.534,2026/05/28/[$LATEST]07ffab9544874a0f9ad2ce95d2a41d2e,1.8,,85000000
2026-05-28 12:30:57.534,2026/05/28/[$LATEST]15737d93c14242db96065ddfaa294dc4,14.25,,85000000
2026-05-28 12:30:57.546,2026/05/28/[$LATEST]97a954105e44466ba126f05fc7a8e643,1.79,,86000000
2026-05-28 12:30:57.547,2026/05/28/[$LATEST]07ffab9544874a0f9ad2ce95d2a41d2e,1.88,,85000000
2026-05-28 12:30:57.547,2026/05/28/[$LATEST]cdb8a0d50aa64c6485a0abe0d3813eb6,2.01,,86000000
2026-05-28 12:30:57.547,2026/05/28/[$LATEST]cfb0e958f4874281914ba0b7a1a72bef,1.83,,86000000
2026-05-28 12:30:57.549,2026/05/28/[$LATEST]7de6c63704704001920746bd5ec85dd3,1.74,,85000000
2026-05-28 12:30:57.549,2026/05/28/[$LATEST]2faaf80cfd9d45a1b10ad92bea2bdc23,1.6,,86000000
2026-05-28 12:30:57.551,2026/05/28/[$LATEST]8780bb004b644eb6be10188e8ec3da12,11.39,,86000000
2026-05-28 12:30:57.553,2026/05/28/[$LATEST]15737d93c14242db96065ddfaa294dc4,9.04,,85000000
2026-05-28 12:30:57.556,2026/05/28/[$LATEST]7de6c63704704001920746bd5ec85dd3,1.41,,85000000
2026-05-28 12:30:57.558,2026/05/28/[$LATEST]691a822430384f5ab79537a661223d95,2.13,,85000000
2026-05-28 12:30:57.565,2026/05/28/[$LATEST]2faaf80cfd9d45a1b10ad92bea2bdc23,1.68,,86000000
2026-05-28 12:30:57.568,2026/05/28/[$LATEST]691a822430384f5ab79537a661223d95,2.42,,85000000
2026-05-28 12:30:57.571,2026/05/28/[$LATEST]8780bb004b644eb6be10188e8ec3da12,12.85,,86000000
2026-05-28 12:30:57.585,2026/05/28/[$LATEST]691a822430384f5ab79537a661223d95,1.91,,85000000
2026-05-28 12:30:57.589,2026/05/28/[$LATEST]8780bb004b644eb6be10188e8ec3da12,1.88,,86000000
2026-05-28 12:30:57.590,2026/05/28/[$LATEST]7de6c63704704001920746bd5ec85dd3,1.61,,85000000
2026-05-28 12:30:57.595,2026/05/28/[$LATEST]15737d93c14242db96065ddfaa294dc4,1.66,,85000000
2026-05-28 12:30:57.595,2026/05/28/[$LATEST]cfb0e958f4874281914ba0b7a1a72bef,1.66,,86000000
2026-05-28 12:30:57.602,2026/05/28/[$LATEST]7de6c63704704001920746bd5ec85dd3,1.49,,85000000
2026-05-28 12:30:57.602,2026/05/28/[$LATEST]691a822430384f5ab79537a661223d95,7.64,,85000000
2026-05-28 12:30:57.604,2026/05/28/[$LATEST]2faaf80cfd9d45a1b10ad92bea2bdc23,17.52,,86000000
2026-05-28 12:30:57.610,2026/05/28/[$LATEST]8780bb004b644eb6be10188e8ec3da12,13.3,,86000000
2026-05-28 12:30:57.611,2026/05/28/[$LATEST]cfb0e958f4874281914ba0b7a1a72bef,1.76,,86000000
2026-05-28 12:30:57.624,2026/05/28/[$LATEST]691a822430384f5ab79537a661223d95,1.72,,85000000
2026-05-28 12:30:57.625,2026/05/28/[$LATEST]2faaf80cfd9d45a1b10ad92bea2bdc23,9.95,,86000000
2026-05-28 12:30:57.637,2026/05/28/[$LATEST]2faaf80cfd9d45a1b10ad92bea2bdc23,1.53,,86000000
2026-05-28 12:30:57.638,2026/05/28/[$LATEST]7de6c63704704001920746bd5ec85dd3,1.75,,85000000
2026-05-28 12:30:57.641,2026/05/28/[$LATEST]cfb0e958f4874281914ba0b7a1a72bef,1.75,,86000000
2026-05-28 12:30:57.641,2026/05/28/[$LATEST]15737d93c14242db96065ddfaa294dc4,1.64,,85000000
2026-05-28 12:30:57.642,2026/05/28/[$LATEST]691a822430384f5ab79537a661223d95,8.42,,85000000
2026-05-28 12:30:57.651,2026/05/28/[$LATEST]8780bb004b644eb6be10188e8ec3da12,4.13,,86000000
2026-05-28 12:30:57.652,2026/05/28/[$LATEST]15737d93c14242db96065ddfaa294dc4,1.53,,85000000
2026-05-28 12:30:57.660,2026/05/28/[$LATEST]cfb0e958f4874281914ba0b7a1a72bef,5.13,,86000000
2026-05-28 12:30:57.666,2026/05/28/[$LATEST]691a822430384f5ab79537a661223d95,9.71,,85000000
2026-05-28 12:30:57.681,2026/05/28/[$LATEST]cfb0e958f4874281914ba0b7a1a72bef,9.1,,86000000
2026-05-28 12:30:57.683,2026/05/28/[$LATEST]2faaf80cfd9d45a1b10ad92bea2bdc23,1.58,,86000000
2026-05-28 12:30:57.686,2026/05/28/[$LATEST]cdb8a0d50aa64c6485a0abe0d3813eb6,2,,86000000
2026-05-28 12:30:57.690,2026/05/28/[$LATEST]8780bb004b644eb6be10188e8ec3da12,14.14,,86000000
2026-05-28 12:30:57.700,2026/05/28/[$LATEST]691a822430384f5ab79537a661223d95,1.68,,85000000
2026-05-28 12:30:57.703,2026/05/28/[$LATEST]15737d93c14242db96065ddfaa294dc4,1.87,,85000000
2026-05-28 12:30:57.708,2026/05/28/[$LATEST]cdb8a0d50aa64c6485a0abe0d3813eb6,1.92,,86000000
2026-05-28 12:30:57.711,2026/05/28/[$LATEST]2faaf80cfd9d45a1b10ad92bea2bdc23,1.84,,86000000
2026-05-28 12:30:57.711,2026/05/28/[$LATEST]cfb0e958f4874281914ba0b7a1a72bef,1.88,,86000000
2026-05-28 12:30:57.712,2026/05/28/[$LATEST]97a954105e44466ba126f05fc7a8e643,1.69,,86000000
2026-05-28 12:30:57.713,2026/05/28/[$LATEST]15737d93c14242db96065ddfaa294dc4,2.91,,85000000
2026-05-28 12:30:57.717,2026/05/28/[$LATEST]4c865db2928045c5b55b6820a532569d,5.78,,86000000
2026-05-28 12:30:57.723,2026/05/28/[$LATEST]af1260d7b29a4081bdccf63925032932,9.13,,86000000
2026-05-28 12:30:57.729,2026/05/28/[$LATEST]8780bb004b644eb6be10188e8ec3da12,5.84,,86000000
2026-05-28 12:30:57.735,2026/05/28/[$LATEST]15737d93c14242db96065ddfaa294dc4,1.75,,85000000
2026-05-28 12:30:57.737,2026/05/28/[$LATEST]691a822430384f5ab79537a661223d95,1.85,,85000000
2026-05-28 12:30:57.737,2026/05/28/[$LATEST]7de6c63704704001920746bd5ec85dd3,1.71,,85000000
2026-05-28 12:30:57.742,2026/05/28/[$LATEST]07ffab9544874a0f9ad2ce95d2a41d2e,1.94,,85000000
2026-05-28 12:30:57.753,2026/05/28/[$LATEST]15737d93c14242db96065ddfaa294dc4,10.99,,85000000
2026-05-28 12:30:57.761,2026/05/28/[$LATEST]af1260d7b29a4081bdccf63925032932,2.05,,86000000
2026-05-28 12:30:57.761,2026/05/28/[$LATEST]8780bb004b644eb6be10188e8ec3da12,2.06,,86000000
2026-05-28 12:30:57.765,2026/05/28/[$LATEST]07ffab9544874a0f9ad2ce95d2a41d2e,13.3,,85000000
2026-05-28 12:30:57.774,2026/05/28/[$LATEST]8780bb004b644eb6be10188e8ec3da12,1.94,,86000000
2026-05-28 12:30:57.775,2026/05/28/[$LATEST]07ffab9544874a0f9ad2ce95d2a41d2e,2.06,,85000000
2026-05-28 12:30:57.776,2026/05/28/[$LATEST]af1260d7b29a4081bdccf63925032932,4.41,,86000000
2026-05-28 12:30:57.777,2026/05/28/[$LATEST]15737d93c14242db96065ddfaa294dc4,1.78,,85000000
2026-05-28 12:30:57.779,2026/05/28/[$LATEST]4c865db2928045c5b55b6820a532569d,1.75,,86000000
2026-05-28 12:30:57.780,2026/05/28/[$LATEST]cfb0e958f4874281914ba0b7a1a72bef,1.82,,86000000
2026-05-28 12:30:57.791,2026/05/28/[$LATEST]07ffab9544874a0f9ad2ce95d2a41d2e,2.42,,85000000
2026-05-28 12:30:57.791,2026/05/28/[$LATEST]4c865db2928045c5b55b6820a532569d,1.9,,86000000
2026-05-28 12:30:57.793,2026/05/28/[$LATEST]15737d93c14242db96065ddfaa294dc4,7.4,,85000000
2026-05-28 12:30:57.798,2026/05/28/[$LATEST]af1260d7b29a4081bdccf63925032932,1.78,,86000000
2026-05-28 12:30:57.846,2026/05/28/[$LATEST]15737d93c14242db96065ddfaa294dc4,1.57,,85000000
2026-05-28 12:30:57.880,2026/05/28/[$LATEST]15737d93c14242db96065ddfaa294dc4,1.7,,85000000
2026-05-28 12:30:57.882,2026/05/28/[$LATEST]07ffab9544874a0f9ad2ce95d2a41d2e,1.95,,85000000
2026-05-28 12:30:57.882,2026/05/28/[$LATEST]af1260d7b29a4081bdccf63925032932,1.72,,86000000
2026-05-28 12:30:57.883,2026/05/28/[$LATEST]691a822430384f5ab79537a661223d95,1.9,,85000000
2026-05-28 12:30:57.883,2026/05/28/[$LATEST]7de6c63704704001920746bd5ec85dd3,2.03,,85000000
2026-05-28 12:30:57.883,2026/05/28/[$LATEST]cfb0e958f4874281914ba0b7a1a72bef,2.11,,86000000
2026-05-28 12:30:57.884,2026/05/28/[$LATEST]96c6e01348cf4245968782a1abd6eaeb,1.98,,85000000
2026-05-28 12:30:57.885,2026/05/28/[$LATEST]8780bb004b644eb6be10188e8ec3da12,1.83,,86000000
2026-05-28 12:30:57.885,2026/05/28/[$LATEST]97a954105e44466ba126f05fc7a8e643,1.98,,86000000
2026-05-28 12:30:57.885,2026/05/28/[$LATEST]09b41d5fd2894f389e30ae58462b1250,1.64,,85000000
2026-05-28 12:30:57.885,2026/05/28/[$LATEST]681fa47a762e48919d6814f2dfb42c0c,1.68,,85000000
2026-05-28 12:30:57.885,2026/05/28/[$LATEST]a7e9a16d40c3420b830c23d0276b0273,1.61,,85000000
2026-05-28 12:30:57.886,2026/05/28/[$LATEST]2faaf80cfd9d45a1b10ad92bea2bdc23,1.58,,86000000
2026-05-28 12:30:57.887,2026/05/28/[$LATEST]5724bbfcea774384b83b606c0c42d806,2.26,,86000000
2026-05-28 12:30:57.887,2026/05/28/[$LATEST]cdb8a0d50aa64c6485a0abe0d3813eb6,1.99,,86000000
2026-05-28 12:30:57.888,2026/05/28/[$LATEST]188cc19e71ed4e0bb96c479aefb33946,1.76,,86000000
2026-05-28 12:30:57.888,2026/05/28/[$LATEST]5989da090f7445fcb92f7c32ee76dd46,1.83,,86000000
2026-05-28 12:30:57.889,2026/05/28/[$LATEST]4f6d928700b0454089f4d3ba5806fd95,1.77,,85000000
2026-05-28 12:30:57.890,2026/05/28/[$LATEST]af1260d7b29a4081bdccf63925032932,1.75,,86000000
2026-05-28 12:30:57.891,2026/05/28/[$LATEST]b7860a4bb51540bc9404bdcfa1cd20e3,2.8,841.11,86000000
2026-05-28 12:30:57.891,2026/05/28/[$LATEST]645d0a3985b047aa91261d33b7d29c16,4.69,,86000000
2026-05-28 12:30:57.892,2026/05/28/[$LATEST]15737d93c14242db96065ddfaa294dc4,6.99,,85000000
2026-05-28 12:30:57.894,2026/05/28/[$LATEST]8780bb004b644eb6be10188e8ec3da12,2.74,,86000000
2026-05-28 12:30:57.894,2026/05/28/[$LATEST]09b41d5fd2894f389e30ae58462b1250,1.42,,85000000
2026-05-28 12:30:57.894,2026/05/28/[$LATEST]cdb8a0d50aa64c6485a0abe0d3813eb6,1.68,,86000000
2026-05-28 12:30:57.900,2026/05/28/[$LATEST]96c6e01348cf4245968782a1abd6eaeb,9.04,,85000000
2026-05-28 12:30:57.901,2026/05/28/[$LATEST]cfb0e958f4874281914ba0b7a1a72bef,12.35,,86000000
2026-05-28 12:30:57.902,2026/05/28/[$LATEST]691a822430384f5ab79537a661223d95,11.06,,85000000
2026-05-28 12:30:57.902,2026/05/28/[$LATEST]97a954105e44466ba126f05fc7a8e643,9.95,,86000000
2026-05-28 12:30:57.904,2026/05/28/[$LATEST]2faaf80cfd9d45a1b10ad92bea2bdc23,12.89,,86000000
2026-05-28 12:30:57.909,2026/05/28/[$LATEST]4c865db2928045c5b55b6820a532569d,9.32,,86000000
2026-05-28 12:30:57.910,2026/05/28/[$LATEST]cdb8a0d50aa64c6485a0abe0d3813eb6,3.87,,86000000
2026-05-28 12:30:57.912,2026/05/28/[$LATEST]09b41d5fd2894f389e30ae58462b1250,1.42,,85000000
2026-05-28 12:30:57.912,2026/05/28/[$LATEST]8780bb004b644eb6be10188e8ec3da12,2.36,,86000000
2026-05-28 12:30:57.913,2026/05/28/[$LATEST]15737d93c14242db96065ddfaa294dc4,7.94,,85000000
2026-05-28 12:30:57.921,2026/05/28/[$LATEST]691a822430384f5ab79537a661223d95,5.2,,85000000
2026-05-28 12:30:57.931,2026/05/28/[$LATEST]cdb8a0d50aa64c6485a0abe0d3813eb6,14.79,,86000000
2026-05-28 12:30:57.933,2026/05/28/[$LATEST]15737d93c14242db96065ddfaa294dc4,7.93,,85000000
2026-05-28 12:30:57.940,2026/05/28/[$LATEST]691a822430384f5ab79537a661223d95,1.91,,85000000
2026-05-28 12:30:57.943,2026/05/28/[$LATEST]15737d93c14242db96065ddfaa294dc4,1.52,,85000000
2026-05-28 12:30:57.946,2026/05/28/[$LATEST]09b41d5fd2894f389e30ae58462b1250,1.75,,85000000
2026-05-28 12:30:57.947,2026/05/28/[$LATEST]96c6e01348cf4245968782a1abd6eaeb,1.98,,85000000
2026-05-28 12:30:57.950,2026/05/28/[$LATEST]8780bb004b644eb6be10188e8ec3da12,8.03,,86000000
2026-05-28 12:30:57.952,2026/05/28/[$LATEST]cdb8a0d50aa64c6485a0abe0d3813eb6,2.35,,86000000
2026-05-28 12:30:57.952,2026/05/28/[$LATEST]cfb0e958f4874281914ba0b7a1a72bef,1.73,,86000000
2026-05-28 12:30:57.952,2026/05/28/[$LATEST]2faaf80cfd9d45a1b10ad92bea2bdc23,1.74,,86000000
2026-05-28 12:30:57.952,2026/05/28/[$LATEST]97a954105e44466ba126f05fc7a8e643,1.75,,86000000
2026-05-28 12:30:57.954,2026/05/28/[$LATEST]af1260d7b29a4081bdccf63925032932,2.09,,86000000
2026-05-28 12:30:57.965,2026/05/28/[$LATEST]96c6e01348cf4245968782a1abd6eaeb,1.91,,85000000
2026-05-28 12:30:57.966,2026/05/28/[$LATEST]09b41d5fd2894f389e30ae58462b1250,1.82,,85000000
2026-05-28 12:30:57.969,2026/05/28/[$LATEST]4c865db2928045c5b55b6820a532569d,5.65,,86000000
2026-05-28 12:30:57.970,2026/05/28/[$LATEST]15737d93c14242db96065ddfaa294dc4,1.76,,85000000
2026-05-28 12:30:57.977,2026/05/28/[$LATEST]15737d93c14242db96065ddfaa294dc4,1.35,,85000000
2026-05-28 12:30:57.980,2026/05/28/[$LATEST]96c6e01348cf4245968782a1abd6eaeb,1.91,,85000000
2026-05-28 12:30:57.984,2026/05/28/[$LATEST]09b41d5fd2894f389e30ae58462b1250,1.47,,85000000
2026-05-28 12:30:57.985,2026/05/28/[$LATEST]af1260d7b29a4081bdccf63925032932,2.22,,86000000
2026-05-28 12:30:57.987,2026/05/28/[$LATEST]cfb0e958f4874281914ba0b7a1a72bef,1.71,,86000000
2026-05-28 12:30:57.992,2026/05/28/[$LATEST]15737d93c14242db96065ddfaa294dc4,8.9,,85000000
2026-05-28 12:30:57.995,2026/05/28/[$LATEST]09b41d5fd2894f389e30ae58462b1250,1.48,,85000000
2026-05-28 12:30:58.010,2026/05/28/[$LATEST]cfb0e958f4874281914ba0b7a1a72bef,1.83,,86000000
2026-05-28 12:30:58.010,2026/05/28/[$LATEST]4c865db2928045c5b55b6820a532569d,17.26,,86000000
2026-05-28 12:30:58.013,2026/05/28/[$LATEST]09b41d5fd2894f389e30ae58462b1250,2.47,,85000000
2026-05-28 12:30:58.013,2026/05/28/[$LATEST]15737d93c14242db96065ddfaa294dc4,1.77,,85000000
2026-05-28 12:30:58.028,2026/05/28/[$LATEST]cfb0e958f4874281914ba0b7a1a72bef,1.78,,86000000
2026-05-28 12:30:58.032,2026/05/28/[$LATEST]09b41d5fd2894f389e30ae58462b1250,1.59,,85000000
2026-05-28 12:30:58.033,2026/05/28/[$LATEST]15737d93c14242db96065ddfaa294dc4,2.65,,85000000
2026-05-28 12:30:58.040,2026/05/28/[$LATEST]cfb0e958f4874281914ba0b7a1a72bef,4.33,,86000000
2026-05-28 12:30:58.045,2026/05/28/[$LATEST]09b41d5fd2894f389e30ae58462b1250,1.68,,85000000
2026-05-28 12:30:58.053,2026/05/28/[$LATEST]15737d93c14242db96065ddfaa294dc4,14.13,,85000000
2026-05-28 12:30:58.054,2026/05/28/[$LATEST]cfb0e958f4874281914ba0b7a1a72bef,1.76,,86000000
2026-05-28 12:30:58.054,2026/05/28/[$LATEST]09b41d5fd2894f389e30ae58462b1250,1.57,,85000000
2026-05-28 12:30:58.069,2026/05/28/[$LATEST]cfb0e958f4874281914ba0b7a1a72bef,1.66,,86000000
2026-05-28 12:30:58.073,2026/05/28/[$LATEST]09b41d5fd2894f389e30ae58462b1250,7.58,,85000000
2026-05-28 12:30:58.076,2026/05/28/[$LATEST]15737d93c14242db96065ddfaa294dc4,1.77,,85000000
2026-05-28 12:30:58.078,2026/05/28/[$LATEST]af1260d7b29a4081bdccf63925032932,1.68,,86000000
2026-05-28 12:30:58.080,2026/05/28/[$LATEST]cfb0e958f4874281914ba0b7a1a72bef,1.48,,86000000
2026-05-28 12:30:58.083,2026/05/28/[$LATEST]2faaf80cfd9d45a1b10ad92bea2bdc23,1.65,,86000000
2026-05-28 12:30:58.084,2026/05/28/[$LATEST]97a954105e44466ba126f05fc7a8e643,1.81,,86000000
2026-05-28 12:30:58.094,2026/05/28/[$LATEST]15737d93c14242db96065ddfaa294dc4,1.73,,85000000
2026-05-28 12:30:58.102,2026/05/28/[$LATEST]97a954105e44466ba126f05fc7a8e643,4.96,,86000000
2026-05-28 12:30:58.106,2026/05/28/[$LATEST]2faaf80cfd9d45a1b10ad92bea2bdc23,1.66,,86000000
2026-05-28 12:30:58.113,2026/05/28/[$LATEST]af1260d7b29a4081bdccf63925032932,1.92,,86000000
2026-05-28 12:30:58.115,2026/05/28/[$LATEST]4c865db2928045c5b55b6820a532569d,32.21,,86000000
2026-05-28 12:30:58.118,2026/05/28/[$LATEST]cfb0e958f4874281914ba0b7a1a72bef,2,,86000000
2026-05-28 12:30:58.120,2026/05/28/[$LATEST]15737d93c14242db96065ddfaa294dc4,1.64,,85000000
2026-05-28 12:30:58.120,2026/05/28/[$LATEST]b7860a4bb51540bc9404bdcfa1cd20e3,2.38,,86000000
2026-05-28 12:30:58.120,2026/05/28/[$LATEST]cdb8a0d50aa64c6485a0abe0d3813eb6,2.06,,86000000
2026-05-28 12:30:58.122,2026/05/28/[$LATEST]97a954105e44466ba126f05fc7a8e643,13.38,,86000000
2026-05-28 12:30:58.124,2026/05/28/[$LATEST]2faaf80cfd9d45a1b10ad92bea2bdc23,11.49,,86000000
2026-05-28 12:30:58.128,2026/05/28/[$LATEST]09b41d5fd2894f389e30ae58462b1250,1.56,,85000000
2026-05-28 12:30:58.130,2026/05/28/[$LATEST]8780bb004b644eb6be10188e8ec3da12,10.5,,86000000
2026-05-28 12:30:58.130,2026/05/28/[$LATEST]96c6e01348cf4245968782a1abd6eaeb,1.64,,85000000
2026-05-28 12:30:58.130,2026/05/28/[$LATEST]645d0a3985b047aa91261d33b7d29c16,1.77,,86000000
2026-05-28 12:30:58.130,2026/05/28/[$LATEST]691a822430384f5ab79537a661223d95,1.84,,85000000
2026-05-28 12:30:58.131,2026/05/28/[$LATEST]b7860a4bb51540bc9404bdcfa1cd20e3,3.1,,86000000
2026-05-28 12:30:58.133,2026/05/28/[$LATEST]15737d93c14242db96065ddfaa294dc4,7.31,,85000000
2026-05-28 12:30:58.134,2026/05/28/[$LATEST]cdb8a0d50aa64c6485a0abe0d3813eb6,1.87,,86000000
2026-05-28 12:30:58.136,2026/05/28/[$LATEST]09b41d5fd2894f389e30ae58462b1250,1.39,,85000000
2026-05-28 12:30:58.144,2026/05/28/[$LATEST]2faaf80cfd9d45a1b10ad92bea2bdc23,8.73,,86000000
2026-05-28 12:30:58.149,2026/05/28/[$LATEST]97a954105e44466ba126f05fc7a8e643,1.87,,86000000
2026-05-28 12:30:58.150,2026/05/28/[$LATEST]cdb8a0d50aa64c6485a0abe0d3813eb6,9.01,,86000000
2026-05-28 12:30:58.151,2026/05/28/[$LATEST]b7860a4bb51540bc9404bdcfa1cd20e3,9.65,,86000000
2026-05-28 12:30:58.152,2026/05/28/[$LATEST]8780bb004b644eb6be10188e8ec3da12,2.25,,86000000
2026-05-28 12:30:58.170,2026/05/28/[$LATEST]b7860a4bb51540bc9404bdcfa1cd20e3,13.2,,86000000
2026-05-28 12:30:58.171,2026/05/28/[$LATEST]09b41d5fd2894f389e30ae58462b1250,1.56,,85000000
2026-05-28 12:30:58.172,2026/05/28/[$LATEST]cdb8a0d50aa64c6485a0abe0d3813eb6,1.97,,86000000
2026-05-28 12:30:58.172,2026/05/28/[$LATEST]645d0a3985b047aa91261d33b7d29c16,1.72,,86000000
2026-05-28 12:30:58.172,2026/05/28/[$LATEST]15737d93c14242db96065ddfaa294dc4,1.82,,85000000
2026-05-28 12:30:58.173,2026/05/28/[$LATEST]681fa47a762e48919d6814f2dfb42c0c,1.66,,85000000
2026-05-28 12:30:58.173,2026/05/28/[$LATEST]a7e9a16d40c3420b830c23d0276b0273,1.75,,85000000
2026-05-28 12:30:58.174,2026/05/28/[$LATEST]691a822430384f5ab79537a661223d95,2.93,,85000000
2026-05-28 12:30:58.174,2026/05/28/[$LATEST]cfb0e958f4874281914ba0b7a1a72bef,2,,86000000
2026-05-28 12:30:58.174,2026/05/28/[$LATEST]4f6d928700b0454089f4d3ba5806fd95,2.1,,85000000
2026-05-28 12:30:58.175,2026/05/28/[$LATEST]97a954105e44466ba126f05fc7a8e643,4.04,,86000000
2026-05-28 12:30:58.176,2026/05/28/[$LATEST]2faaf80cfd9d45a1b10ad92bea2bdc23,4.65,,86000000
2026-05-28 12:30:58.181,2026/05/28/[$LATEST]8780bb004b644eb6be10188e8ec3da12,2.19,,86000000
2026-05-28 12:30:58.185,2026/05/28/[$LATEST]691a822430384f5ab79537a661223d95,1.87,,85000000
2026-05-28 12:30:58.189,2026/05/28/[$LATEST]4c865db2928045c5b55b6820a532569d,9.74,,86000000
2026-05-28 12:30:58.190,2026/05/28/[$LATEST]4f6d928700b0454089f4d3ba5806fd95,1.71,,85000000
2026-05-28 12:30:58.190,2026/05/28/[$LATEST]b7860a4bb51540bc9404bdcfa1cd20e3,12.43,,86000000
2026-05-28 12:30:58.190,2026/05/28/[$LATEST]cdb8a0d50aa64c6485a0abe0d3813eb6,12.4,,86000000
2026-05-28 12:30:58.192,2026/05/28/[$LATEST]681fa47a762e48919d6814f2dfb42c0c,1.6,,85000000
2026-05-28 12:30:58.196,2026/05/28/[$LATEST]8780bb004b644eb6be10188e8ec3da12,2.05,,86000000
2026-05-28 12:30:58.199,2026/05/28/[$LATEST]4f6d928700b0454089f4d3ba5806fd95,2.25,,85000000
2026-05-28 12:30:58.201,2026/05/28/[$LATEST]96c6e01348cf4245968782a1abd6eaeb,17.55,,85000000
2026-05-28 12:30:58.206,2026/05/28/[$LATEST]97a954105e44466ba126f05fc7a8e643,1.81,,86000000
2026-05-28 12:30:58.210,2026/05/28/[$LATEST]681fa47a762e48919d6814f2dfb42c0c,6.52,,85000000
2026-05-28 12:30:58.210,2026/05/28/[$LATEST]2faaf80cfd9d45a1b10ad92bea2bdc23,1.58,,86000000
2026-05-28 12:30:58.210,2026/05/28/[$LATEST]b7860a4bb51540bc9404bdcfa1cd20e3,10.67,,86000000
2026-05-28 12:30:58.210,2026/05/28/[$LATEST]cdb8a0d50aa64c6485a0abe0d3813eb6,13.96,,86000000
2026-05-28 12:30:58.211,2026/05/28/[$LATEST]4c865db2928045c5b55b6820a532569d,8.74,,86000000
2026-05-28 12:30:58.212,2026/05/28/[$LATEST]8780bb004b644eb6be10188e8ec3da12,1.79,,86000000
2026-05-28 12:30:58.212,2026/05/28/[$LATEST]cfb0e958f4874281914ba0b7a1a72bef,1.65,,86000000
2026-05-28 12:30:58.222,2026/05/28/[$LATEST]97a954105e44466ba126f05fc7a8e643,10.03,,86000000
2026-05-28 12:30:58.225,2026/05/28/[$LATEST]cfb0e958f4874281914ba0b7a1a72bef,1.68,,86000000
2026-05-28 12:30:58.230,2026/05/28/[$LATEST]681fa47a762e48919d6814f2dfb42c0c,5.1,,85000000
2026-05-28 12:30:58.230,2026/05/28/[$LATEST]8780bb004b644eb6be10188e8ec3da12,10.51,,86000000
2026-05-28 12:30:58.231,2026/05/28/[$LATEST]cdb8a0d50aa64c6485a0abe0d3813eb6,2.1,,86000000
2026-05-28 12:30:58.232,2026/05/28/[$LATEST]96c6e01348cf4245968782a1abd6eaeb,1.8,,85000000
2026-05-28 12:30:58.232,2026/05/28/[$LATEST]4c865db2928045c5b55b6820a532569d,6.02,,86000000
2026-05-28 12:30:58.235,2026/05/28/[$LATEST]4f6d928700b0454089f4d3ba5806fd95,2.03,,85000000
2026-05-28 12:30:58.240,2026/05/28/[$LATEST]691a822430384f5ab79537a661223d95,1.96,,85000000
2026-05-28 12:30:58.241,2026/05/28/[$LATEST]96c6e01348cf4245968782a1abd6eaeb,2.1,,85000000
2026-05-28 12:30:58.242,2026/05/28/[$LATEST]cfb0e958f4874281914ba0b7a1a72bef,9.3,,86000000
2026-05-28 12:30:58.243,2026/05/28/[$LATEST]4f6d928700b0454089f4d3ba5806fd95,1.82,,85000000
2026-05-28 12:30:58.244,2026/05/28/[$LATEST]a7e9a16d40c3420b830c23d0276b0273,4.87,,85000000
2026-05-28 12:30:58.246,2026/05/28/[$LATEST]97a954105e44466ba126f05fc7a8e643,16.16,,86000000
2026-05-28 12:30:58.250,2026/05/28/[$LATEST]8780bb004b644eb6be10188e8ec3da12,11.61,,86000000
2026-05-28 12:30:58.251,2026/05/28/[$LATEST]681fa47a762e48919d6814f2dfb42c0c,12.61,,85000000
2026-05-28 12:30:58.253,2026/05/28/[$LATEST]cfb0e958f4874281914ba0b7a1a72bef,1.74,,86000000
2026-05-28 12:30:58.262,2026/05/28/[$LATEST]97a954105e44466ba126f05fc7a8e643,7.42,,86000000
2026-05-28 12:30:58.262,2026/05/28/[$LATEST]cfb0e958f4874281914ba0b7a1a72bef,1.57,,86000000
2026-05-28 12:30:58.269,2026/05/28/[$LATEST]a7e9a16d40c3420b830c23d0276b0273,1.87,,85000000
2026-05-28 12:30:58.271,2026/05/28/[$LATEST]681fa47a762e48919d6814f2dfb42c0c,4.19,,85000000
2026-05-28 12:30:58.272,2026/05/28/[$LATEST]96c6e01348cf4245968782a1abd6eaeb,1.96,,85000000
2026-05-28 12:30:58.276,2026/05/28/[$LATEST]4f6d928700b0454089f4d3ba5806fd95,1.98,,85000000
2026-05-28 12:30:58.281,2026/05/28/[$LATEST]97a954105e44466ba126f05fc7a8e643,9.69,,86000000
2026-05-28 12:30:58.290,2026/05/28/[$LATEST]8780bb004b644eb6be10188e8ec3da12,30.71,,86000000
2026-05-28 12:30:58.292,2026/05/28/[$LATEST]681fa47a762e48919d6814f2dfb42c0c,1.93,,85000000
2026-05-28 12:30:58.293,2026/05/28/[$LATEST]96c6e01348cf4245968782a1abd6eaeb,1.98,,85000000
2026-05-28 12:30:58.294,2026/05/28/[$LATEST]4f6d928700b0454089f4d3ba5806fd95,1.88,,85000000
2026-05-28 12:30:58.296,2026/05/28/[$LATEST]a7e9a16d40c3420b830c23d0276b0273,2.13,,85000000
2026-05-28 12:30:58.302,2026/05/28/[$LATEST]691a822430384f5ab79537a661223d95,1.94,,85000000
2026-05-28 12:30:58.311,2026/05/28/[$LATEST]a7e9a16d40c3420b830c23d0276b0273,2.47,,85000000
2026-05-28 12:30:58.311,2026/05/28/[$LATEST]4f6d928700b0454089f4d3ba5806fd95,1.74,,85000000
2026-05-28 12:30:58.317,2026/05/28/[$LATEST]691a822430384f5ab79537a661223d95,1.99,,85000000
2026-05-28 12:30:58.318,2026/05/28/[$LATEST]4f6d928700b0454089f4d3ba5806fd95,1.5,,85000000
2026-05-28 12:30:58.323,2026/05/28/[$LATEST]15737d93c14242db96065ddfaa294dc4,1.83,,85000000
2026-05-28 12:30:58.326,2026/05/28/[$LATEST]8780bb004b644eb6be10188e8ec3da12,1.87,,86000000
2026-05-28 12:30:58.330,2026/05/28/[$LATEST]681fa47a762e48919d6814f2dfb42c0c,32.14,,85000000
2026-05-28 12:30:58.330,2026/05/28/[$LATEST]a7e9a16d40c3420b830c23d0276b0273,1.59,,85000000
2026-05-28 12:30:58.335,2026/05/28/[$LATEST]4f6d928700b0454089f4d3ba5806fd95,7.73,,85000000
2026-05-28 12:30:58.339,2026/05/28/[$LATEST]96c6e01348cf4245968782a1abd6eaeb,6.38,,85000000
2026-05-28 12:30:58.339,2026/05/28/[$LATEST]691a822430384f5ab79537a661223d95,2.18,,85000000
2026-05-28 12:30:58.340,2026/05/28/[$LATEST]cfb0e958f4874281914ba0b7a1a72bef,1.94,,86000000
2026-05-28 12:30:58.341,2026/05/28/[$LATEST]8780bb004b644eb6be10188e8ec3da12,2.03,,86000000
2026-05-28 12:30:58.341,2026/05/28/[$LATEST]cdb8a0d50aa64c6485a0abe0d3813eb6,1.88,,86000000
2026-05-28 12:30:58.342,2026/05/28/[$LATEST]97a954105e44466ba126f05fc7a8e643,13.38,,86000000
2026-05-28 12:30:58.344,2026/05/28/[$LATEST]4c865db2928045c5b55b6820a532569d,2.88,,86000000
2026-05-28 12:30:58.345,2026/05/28/[$LATEST]2faaf80cfd9d45a1b10ad92bea2bdc23,1.88,,86000000
2026-05-28 12:30:58.348,2026/05/28/[$LATEST]b7860a4bb51540bc9404bdcfa1cd20e3,1.95,,86000000
2026-05-28 12:30:58.349,2026/05/28/[$LATEST]681fa47a762e48919d6814f2dfb42c0c,1.86,,85000000
2026-05-28 12:30:58.364,2026/05/28/[$LATEST]2faaf80cfd9d45a1b10ad92bea2bdc23,6.6,,86000000
2026-05-28 12:30:58.369,2026/05/28/[$LATEST]4c865db2928045c5b55b6820a532569d,2.44,,86000000
2026-05-28 12:30:58.369,2026/05/28/[$LATEST]b7860a4bb51540bc9404bdcfa1cd20e3,1.83,,86000000
2026-05-28 12:30:58.371,2026/05/28/[$LATEST]681fa47a762e48919d6814f2dfb42c0c,1.77,,85000000
2026-05-28 12:30:58.389,2026/05/28/[$LATEST]681fa47a762e48919d6814f2dfb42c0c,1.43,,85000000
2026-05-28 12:30:58.392,2026/05/28/[$LATEST]2faaf80cfd9d45a1b10ad92bea2bdc23,1.62,,86000000
2026-05-28 12:30:58.394,2026/05/28/[$LATEST]691a822430384f5ab79537a661223d95,2.16,,85000000
2026-05-28 12:30:58.396,2026/05/28/[$LATEST]97a954105e44466ba126f05fc7a8e643,2.08,,86000000
2026-05-28 12:30:58.396,2026/05/28/[$LATEST]96c6e01348cf4245968782a1abd6eaeb,2.06,,85000000
2026-05-28 12:30:58.398,2026/05/28/[$LATEST]681fa47a762e48919d6814f2dfb42c0c,1.65,,85000000
2026-05-28 12:30:58.398,2026/05/28/[$LATEST]8780bb004b644eb6be10188e8ec3da12,2.37,,86000000
2026-05-28 12:30:58.406,2026/05/28/[$LATEST]691a822430384f5ab79537a661223d95,1.96,,85000000
2026-05-28 12:30:58.408,2026/05/28/[$LATEST]b7860a4bb51540bc9404bdcfa1cd20e3,6.24,,86000000
2026-05-28 12:30:58.410,2026/05/28/[$LATEST]4c865db2928045c5b55b6820a532569d,20.54,,86000000
2026-05-28 12:30:58.412,2026/05/28/[$LATEST]681fa47a762e48919d6814f2dfb42c0c,3.56,,85000000
2026-05-28 12:30:58.417,2026/05/28/[$LATEST]8780bb004b644eb6be10188e8ec3da12,1.85,,86000000
2026-05-28 12:30:58.420,2026/05/28/[$LATEST]b7860a4bb51540bc9404bdcfa1cd20e3,1.95,,86000000
2026-05-28 12:30:58.421,2026/05/28/[$LATEST]97a954105e44466ba126f05fc7a8e643,1.83,,86000000
2026-05-28 12:30:58.424,2026/05/28/[$LATEST]2faaf80cfd9d45a1b10ad92bea2bdc23,1.64,,86000000
2026-05-28 12:30:58.426,2026/05/28/[$LATEST]691a822430384f5ab79537a661223d95,2.16,,85000000
2026-05-28 12:30:58.430,2026/05/28/[$LATEST]4c865db2928045c5b55b6820a532569d,12.2,,86000000
2026-05-28 12:30:58.432,2026/05/28/[$LATEST]681fa47a762e48919d6814f2dfb42c0c,8.16,,85000000
2026-05-28 12:30:58.442,2026/05/28/[$LATEST]691a822430384f5ab79537a661223d95,9.1,,85000000
2026-05-28 12:30:58.447,2026/05/28/[$LATEST]96c6e01348cf4245968782a1abd6eaeb,1.9,,85000000
2026-05-28 12:30:58.450,2026/05/28/[$LATEST]4c865db2928045c5b55b6820a532569d,4.66,,86000000
2026-05-28 12:30:58.451,2026/05/28/[$LATEST]2faaf80cfd9d45a1b10ad92bea2bdc23,1.56,,86000000
2026-05-28 12:30:58.453,2026/05/28/[$LATEST]681fa47a762e48919d6814f2dfb42c0c,1.71,,85000000
2026-05-28 12:30:58.456,2026/05/28/[$LATEST]97a954105e44466ba126f05fc7a8e643,1.78,,86000000
2026-05-28 12:30:58.464,2026/05/28/[$LATEST]691a822430384f5ab79537a661223d95,1.87,,85000000
2026-05-28 12:30:58.471,2026/05/28/[$LATEST]96c6e01348cf4245968782a1abd6eaeb,1.79,,85000000
2026-05-28 12:30:58.471,2026/05/28/[$LATEST]681fa47a762e48919d6814f2dfb42c0c,10.77,,85000000
2026-05-28 12:30:58.476,2026/05/28/[$LATEST]97a954105e44466ba126f05fc7a8e643,2.04,,86000000
2026-05-28 12:30:58.481,2026/05/28/[$LATEST]96c6e01348cf4245968782a1abd6eaeb,1.85,,85000000
2026-05-28 12:30:58.491,2026/05/28/[$LATEST]8780bb004b644eb6be10188e8ec3da12,40.7,,86000000
2026-05-28 12:30:58.491,2026/05/28/[$LATEST]681fa47a762e48919d6814f2dfb42c0c,8.56,,85000000
2026-05-28 12:30:58.494,2026/05/28/[$LATEST]691a822430384f5ab79537a661223d95,2.31,,85000000
2026-05-28 12:30:58.498,2026/05/28/[$LATEST]97a954105e44466ba126f05fc7a8e643,2.2,,86000000
2026-05-28 12:30:58.500,2026/05/28/[$LATEST]96c6e01348cf4245968782a1abd6eaeb,8.47,,85000000
2026-05-28 12:30:58.503,2026/05/28/[$LATEST]691a822430384f5ab79537a661223d95,1.86,,85000000
2026-05-28 12:30:58.506,2026/05/28/[$LATEST]97a954105e44466ba126f05fc7a8e643,1.81,,86000000
2026-05-28 12:30:58.510,2026/05/28/[$LATEST]8780bb004b644eb6be10188e8ec3da12,1.83,,86000000
2026-05-28 12:30:58.513,2026/05/28/[$LATEST]681fa47a762e48919d6814f2dfb42c0c,1.75,,85000000
2026-05-28 12:30:58.513,2026/05/28/[$LATEST]2faaf80cfd9d45a1b10ad92bea2bdc23,1.53,,86000000
2026-05-28 12:30:58.515,2026/05/28/[$LATEST]4c865db2928045c5b55b6820a532569d,1.89,,86000000
2026-05-28 12:30:58.521,2026/05/28/[$LATEST]97a954105e44466ba126f05fc7a8e643,8.27,,86000000
2026-05-28 12:30:58.530,2026/05/28/[$LATEST]4c865db2928045c5b55b6820a532569d,4.16,,86000000
2026-05-28 12:30:58.531,2026/05/28/[$LATEST]681fa47a762e48919d6814f2dfb42c0c,1.88,,85000000
2026-05-28 12:30:58.532,2026/05/28/[$LATEST]97a954105e44466ba126f05fc7a8e643,1.77,,86000000
2026-05-28 12:30:58.534,2026/05/28/[$LATEST]2faaf80cfd9d45a1b10ad92bea2bdc23,1.68,,86000000
2026-05-28 12:30:58.535,2026/05/28/[$LATEST]8780bb004b644eb6be10188e8ec3da12,2.17,,86000000
2026-05-28 12:30:58.536,2026/05/28/[$LATEST]4f6d928700b0454089f4d3ba5806fd95,21.11,,85000000
2026-05-28 12:30:58.546,2026/05/28/[$LATEST]2faaf80cfd9d45a1b10ad92bea2bdc23,1.69,,86000000
2026-05-28 12:30:58.550,2026/05/28/[$LATEST]8780bb004b644eb6be10188e8ec3da12,4.68,,86000000
2026-05-28 12:30:58.551,2026/05/28/[$LATEST]691a822430384f5ab79537a661223d95,1.93,,85000000
2026-05-28 12:30:58.551,2026/05/28/[$LATEST]681fa47a762e48919d6814f2dfb42c0c,14.2,,85000000
2026-05-28 12:30:58.555,2026/05/28/[$LATEST]97a954105e44466ba126f05fc7a8e643,1.9,,86000000
2026-05-28 12:30:58.555,2026/05/28/[$LATEST]4f6d928700b0454089f4d3ba5806fd95,13.76,,85000000
2026-05-28 12:30:58.561,2026/05/28/[$LATEST]96c6e01348cf4245968782a1abd6eaeb,1.7,,85000000
2026-05-28 12:30:58.564,2026/05/28/[$LATEST]97a954105e44466ba126f05fc7a8e643,1.75,,86000000
2026-05-28 12:30:58.566,2026/05/28/[$LATEST]691a822430384f5ab79537a661223d95,2.11,,85000000
2026-05-28 12:30:58.572,2026/05/28/[$LATEST]681fa47a762e48919d6814f2dfb42c0c,6.08,,85000000
2026-05-28 12:30:58.576,2026/05/28/[$LATEST]4f6d928700b0454089f4d3ba5806fd95,12.98,,85000000
2026-05-28 12:30:58.580,2026/05/28/[$LATEST]96c6e01348cf4245968782a1abd6eaeb,8.3,,85000000
2026-05-28 12:30:58.582,2026/05/28/[$LATEST]691a822430384f5ab79537a661223d95,8.73,,85000000
2026-05-28 12:30:58.587,2026/05/28/[$LATEST]97a954105e44466ba126f05fc7a8e643,1.91,,86000000
2026-05-28 12:30:58.588,2026/05/28/[$LATEST]8780bb004b644eb6be10188e8ec3da12,2.12,,86000000
2026-05-28 12:30:58.590,2026/05/28/[$LATEST]2faaf80cfd9d45a1b10ad92bea2bdc23,1.68,,86000000
2026-05-28 12:30:58.595,2026/05/28/[$LATEST]4f6d928700b0454089f4d3ba5806fd95,9.53,,85000000
2026-05-28 12:30:58.600,2026/05/28/[$LATEST]96c6e01348cf4245968782a1abd6eaeb,12.13,,85000000
2026-05-28 12:30:58.602,2026/05/28/[$LATEST]691a822430384f5ab79537a661223d95,6.11,,85000000
2026-05-28 12:30:58.605,2026/05/28/[$LATEST]2faaf80cfd9d45a1b10ad92bea2bdc23,1.58,,86000000
2026-05-28 12:30:58.607,2026/05/28/[$LATEST]8780bb004b644eb6be10188e8ec3da12,1.94,,86000000
2026-05-28 12:30:58.610,2026/05/28/[$LATEST]97a954105e44466ba126f05fc7a8e643,1.91,,86000000
2026-05-28 12:30:58.613,2026/05/28/[$LATEST]2faaf80cfd9d45a1b10ad92bea2bdc23,1.52,,86000000
2026-05-28 12:30:58.615,2026/05/28/[$LATEST]4c865db2928045c5b55b6820a532569d,1.88,,86000000
2026-05-28 12:30:58.620,2026/05/28/[$LATEST]96c6e01348cf4245968782a1abd6eaeb,12.39,,85000000
2026-05-28 12:30:58.624,2026/05/28/[$LATEST]691a822430384f5ab79537a661223d95,2.64,,85000000
2026-05-28 12:30:58.628,2026/05/28/[$LATEST]4f6d928700b0454089f4d3ba5806fd95,1.72,,85000000
2026-05-28 12:30:58.636,2026/05/28/[$LATEST]4f6d928700b0454089f4d3ba5806fd95,1.78,,85000000
2026-05-28 12:30:58.640,2026/05/28/[$LATEST]96c6e01348cf4245968782a1abd6eaeb,10.99,,85000000
2026-05-28 12:30:58.647,2026/05/28/[$LATEST]4c865db2928045c5b55b6820a532569d,1.97,,86000000
2026-05-28 12:30:58.649,2026/05/28/[$LATEST]2faaf80cfd9d45a1b10ad92bea2bdc23,1.68,,86000000
2026-05-28 12:30:58.660,2026/05/28/[$LATEST]96c6e01348cf4245968782a1abd6eaeb,6.69,,85000000
2026-05-28 12:30:58.661,2026/05/28/[$LATEST]4f6d928700b0454089f4d3ba5806fd95,2.09,,85000000
2026-05-28 12:30:58.662,2026/05/28/[$LATEST]681fa47a762e48919d6814f2dfb42c0c,1.75,,85000000
2026-05-28 12:30:58.663,2026/05/28/[$LATEST]691a822430384f5ab79537a661223d95,5.04,,85000000
2026-05-28 12:30:58.664,2026/05/28/[$LATEST]2faaf80cfd9d45a1b10ad92bea2bdc23,4.64,,86000000
2026-05-28 12:30:58.664,2026/05/28/[$LATEST]4c865db2928045c5b55b6820a532569d,2.37,,86000000
2026-05-28 12:30:58.677,2026/05/28/[$LATEST]681fa47a762e48919d6814f2dfb42c0c,1.69,,85000000
2026-05-28 12:30:58.678,2026/05/28/[$LATEST]4c865db2928045c5b55b6820a532569d,2.06,,86000000
2026-05-28 12:30:58.681,2026/05/28/[$LATEST]97a954105e44466ba126f05fc7a8e643,1.83,,86000000
2026-05-28 12:30:58.684,2026/05/28/[$LATEST]2faaf80cfd9d45a1b10ad92bea2bdc23,8.83,,86000000
2026-05-28 12:30:58.685,2026/05/28/[$LATEST]b7860a4bb51540bc9404bdcfa1cd20e3,2.96,,86000000
2026-05-28 12:30:58.691,2026/05/28/[$LATEST]4c865db2928045c5b55b6820a532569d,3.03,,86000000
2026-05-28 12:30:58.691,2026/05/28/[$LATEST]97a954105e44466ba126f05fc7a8e643,1.74,,86000000
2026-05-28 12:30:58.692,2026/05/28/[$LATEST]4f6d928700b0454089f4d3ba5806fd95,1.73,,85000000
2026-05-28 12:30:58.692,2026/05/28/[$LATEST]681fa47a762e48919d6814f2dfb42c0c,1.55,,85000000
2026-05-28 12:30:58.693,2026/05/28/[$LATEST]96c6e01348cf4245968782a1abd6eaeb,1.88,,85000000
2026-05-28 12:30:58.693,2026/05/28/[$LATEST]cdb8a0d50aa64c6485a0abe0d3813eb6,2.16,,86000000
2026-05-28 12:30:58.694,2026/05/28/[$LATEST]8780bb004b644eb6be10188e8ec3da12,11.8,,86000000
2026-05-28 12:30:58.698,2026/05/28/[$LATEST]a7e9a16d40c3420b830c23d0276b0273,1.81,,85000000
2026-05-28 12:30:58.702,2026/05/28/[$LATEST]691a822430384f5ab79537a661223d95,25.49,,85000000