@timestamp,@billedDuration,@duration,@initDuration,@memorySize
2026-05-29 14:12:46.273,7,6.51,,512000000
2026-05-29 14:12:46.221,2,1.73,,512000000
2026-05-29 14:12:46.189,2,1.9,,512000000
2026-05-29 14:12:46.095,3,2.18,,512000000
2026-05-29 14:12:46.041,2,1.7,,512000000
2026-05-29 14:12:46.034,3,2.46,,512000000
2026-05-29 14:12:45.929,2,1.72,,512000000
2026-05-29 14:12:45.880,2,1.83,,512000000
2026-05-29 14:12:45.855,3,2.46,,512000000
2026-05-29 14:12:45.811,2,1.89,,512000000
2026-05-29 14:12:45.756,3,2.09,,512000000
2026-05-29 14:12:45.756,3,2.46,,512000000
2026-05-29 14:12:45.736,2,1.75,,512000000
2026-05-29 14:12:45.699,3,2.07,,512000000
2026-05-29 14:12:45.684,2,1.91,,512000000
2026-05-29 14:12:45.607,3,2,,512000000
2026-05-29 14:12:45.538,2,1.95,,512000000
2026-05-29 14:12:45.513,2,1.7,,512000000
2026-05-29 14:12:45.502,2,1.97,,512000000
2026-05-29 14:12:45.486,2,1.66,,512000000
2026-05-29 14:12:45.482,3,2.09,,512000000
2026-05-29 14:12:45.458,3,2.29,,512000000
2026-05-29 14:12:45.401,18,17.68,,512000000
2026-05-29 14:12:45.199,2,1.72,,512000000
2026-05-29 14:12:45.124,2,1.73,,512000000
2026-05-29 14:12:45.080,2,1.81,,512000000
2026-05-29 14:12:45.053,2,1.65,,512000000
2026-05-29 14:12:44.958,6,5.52,,512000000
2026-05-29 14:12:44.887,2,1.64,,512000000
2026-05-29 14:12:44.877,2,1.75,,512000000
2026-05-29 14:12:44.865,2,1.81,,512000000
2026-05-29 14:12:44.795,3,2.05,,512000000
2026-05-29 14:12:44.779,3,2.12,,512000000
2026-05-29 14:12:44.662,3,2,,512000000
2026-05-29 14:12:44.540,2,1.76,,512000000
2026-05-29 14:12:44.500,16,15.82,,512000000
2026-05-29 14:12:44.427,3,2.49,,512000000
2026-05-29 14:12:44.360,3,2.18,,512000000
2026-05-29 14:12:44.274,2,1.82,,512000000
2026-05-29 14:12:44.251,2,1.87,,512000000
2026-05-29 14:12:44.198,2,1.97,,512000000
2026-05-29 14:12:44.075,2,1.99,,512000000
2026-05-29 14:12:44.067,2,1.77,,512000000
2026-05-29 14:12:43.925,2,1.62,,512000000
2026-05-29 14:12:43.924,3,2.73,,512000000
2026-05-29 14:12:43.884,2,1.98,,512000000
2026-05-29 14:12:43.735,2,1.81,,512000000
2026-05-29 14:12:43.457,3,2.07,,512000000
2026-05-29 14:12:43.456,2,1.68,,512000000
2026-05-29 14:12:43.379,2,1.75,,512000000
2026-05-29 14:12:43.273,2,1.81,,512000000
2026-05-29 14:12:43.253,2,1.63,,512000000
2026-05-29 14:12:43.144,2,1.72,,512000000
2026-05-29 14:12:43.033,3,2.13,,512000000
2026-05-29 14:12:42.854,2,1.73,,512000000
2026-05-29 14:12:42.824,2,1.8,,512000000
2026-05-29 14:12:42.806,2,1.7,,512000000
2026-05-29 14:12:42.758,3,2.11,,512000000
2026-05-29 14:12:42.688,2,1.67,,512000000
2026-05-29 14:12:42.647,2,1.92,,512000000
2026-05-29 14:12:42.577,2,1.7,,512000000
2026-05-29 14:12:42.528,2,1.74,,512000000
2026-05-29 14:12:42.320,3,2.08,,512000000
2026-05-29 14:12:42.263,3,2.21,,512000000
2026-05-29 14:12:42.156,2,1.88,,512000000
2026-05-29 14:12:42.019,2,1.81,,512000000
2026-05-29 14:12:42.013,8,7.01,,512000000
2026-05-29 14:12:41.876,2,1.73,,512000000
2026-05-29 14:12:41.836,2,1.74,,512000000
2026-05-29 14:12:41.750,2,1.72,,512000000
2026-05-29 14:12:41.647,2,1.67,,512000000
2026-05-29 14:12:41.610,3,2.51,,512000000
2026-05-29 14:12:41.580,6,5.95,,512000000
2026-05-29 14:12:41.566,2,1.91,,512000000
2026-05-29 14:12:41.461,2,1.82,,512000000
2026-05-29 14:12:41.421,2,1.95,,512000000
2026-05-29 14:12:41.376,3,2.12,,512000000
2026-05-29 14:12:41.250,3,2.28,,512000000
2026-05-29 14:12:41.248,2,1.74,,512000000
2026-05-29 14:12:41.248,2,1.96,,512000000
2026-05-29 14:12:41.107,2,1.71,,512000000
2026-05-29 14:12:41.084,2,1.71,,512000000
2026-05-29 14:12:41.058,2,1.81,,512000000
2026-05-29 14:12:40.857,2,1.74,,512000000
2026-05-29 14:12:40.794,4,3.29,,512000000
2026-05-29 14:12:40.777,3,2,,512000000
2026-05-29 14:12:40.738,2,1.75,,512000000
2026-05-29 14:12:40.714,2,1.79,,512000000
2026-05-29 14:12:40.623,2,1.78,,512000000
2026-05-29 14:12:40.614,3,2.2,,512000000
2026-05-29 14:12:40.594,5,4.61,,512000000
2026-05-29 14:12:40.425,2,1.87,,512000000
2026-05-29 14:12:40.414,7,6.75,,512000000
2026-05-29 14:12:40.399,2,1.75,,512000000
2026-05-29 14:12:40.362,2,1.82,,512000000
2026-05-29 14:12:40.273,2,1.97,,512000000
2026-05-29 14:12:40.217,2,1.72,,512000000
2026-05-29 14:12:40.181,2,1.91,,512000000
2026-05-29 14:12:40.104,2,1.84,,512000000
2026-05-29 14:12:40.098,3,2.18,,512000000
2026-05-29 14:12:40.082,2,1.96,,512000000
2026-05-29 14:12:40.042,2,1.8,,512000000
2026-05-29 14:12:40.020,2,1.7,,512000000
2026-05-29 14:12:39.998,2,1.69,,512000000
2026-05-29 14:12:39.985,2,1.77,,512000000
2026-05-29 14:12:39.941,3,2.07,,512000000
2026-05-29 14:12:39.839,2,1.87,,512000000
2026-05-29 14:12:39.820,2,1.84,,512000000
2026-05-29 14:12:39.774,3,2.12,,512000000
2026-05-29 14:12:39.762,2,1.8,,512000000
2026-05-29 14:12:39.751,2,1.85,,512000000
2026-05-29 14:12:39.734,2,1.73,,512000000
2026-05-29 14:12:39.720,2,1.93,,512000000
2026-05-29 14:12:39.707,2,1.66,,512000000
2026-05-29 14:12:39.641,3,2.5,,512000000
2026-05-29 14:12:39.599,6,5.16,,512000000
2026-05-29 14:12:39.536,3,2.11,,512000000
2026-05-29 14:12:39.534,2,1.75,,512000000
2026-05-29 14:12:39.479,2,1.84,,512000000
2026-05-29 14:12:39.422,2,1.73,,512000000
2026-05-29 14:12:39.401,2,1.83,,512000000
2026-05-29 14:12:39.370,3,2,,512000000
2026-05-29 14:12:39.356,2,1.99,,512000000
2026-05-29 14:12:39.354,3,2.3,,512000000
2026-05-29 14:12:39.280,3,2.07,,512000000
2026-05-29 14:12:39.274,2,2,,512000000
2026-05-29 14:12:39.268,3,2.27,,512000000
2026-05-29 14:12:39.138,2,1.66,,512000000
2026-05-29 14:12:39.077,5,4.12,,512000000
2026-05-29 14:12:39.042,2,1.72,,512000000
2026-05-29 14:12:39.004,2,1.93,,512000000
2026-05-29 14:12:38.988,2,1.7,,512000000
2026-05-29 14:12:38.953,2,1.74,,512000000
2026-05-29 14:12:38.897,2,1.79,,512000000
2026-05-29 14:12:38.878,3,2.04,,512000000
2026-05-29 14:12:38.760,33,32.84,,512000000
2026-05-29 14:12:38.728,3,2.18,,512000000
2026-05-29 14:12:38.726,3,2.06,,512000000
2026-05-29 14:12:38.653,3,2.01,,512000000
2026-05-29 14:12:38.481,3,2.48,,512000000
2026-05-29 14:12:38.481,2,1.85,,512000000
2026-05-29 14:12:38.382,2,1.91,,512000000
2026-05-29 14:12:38.340,2,1.92,,512000000
2026-05-29 14:12:38.308,2,1.72,,512000000
2026-05-29 14:12:38.283,2,1.98,,512000000
2026-05-29 14:12:38.283,2,1.9,,512000000
2026-05-29 14:12:38.265,2,1.68,,512000000
2026-05-29 14:12:38.212,2,1.78,,512000000
2026-05-29 14:12:38.194,2,1.76,,512000000
2026-05-29 14:12:38.189,2,1.98,,512000000
2026-05-29 14:12:38.177,3,2.25,,512000000
2026-05-29 14:12:38.158,2,1.78,,512000000
2026-05-29 14:12:38.111,3,2.13,,512000000
2026-05-29 14:12:38.108,2,1.9,,512000000
2026-05-29 14:12:38.094,3,2.42,,512000000
2026-05-29 14:12:38.085,2,1.74,,512000000
2026-05-29 14:12:38.069,2,1.74,,512000000
2026-05-29 14:12:38.068,2,1.52,,512000000
2026-05-29 14:12:38.054,2,1.93,,512000000
2026-05-29 14:12:38.014,2,1.77,,512000000
2026-05-29 14:12:38.004,2,1.68,,512000000
2026-05-29 14:12:37.968,2,1.68,,512000000
2026-05-29 14:12:37.957,3,2.26,,512000000
2026-05-29 14:12:37.934,2,1.93,,512000000
2026-05-29 14:12:37.853,2,1.64,,512000000
2026-05-29 14:12:37.849,4,3.22,,512000000
2026-05-29 14:12:37.836,3,2.03,,512000000
2026-05-29 14:12:37.835,2,1.75,,512000000
2026-05-29 14:12:37.831,2,1.95,,512000000
2026-05-29 14:12:37.826,2,1.81,,512000000
2026-05-29 14:12:37.694,3,2.08,,512000000
2026-05-29 14:12:37.518,6,5.23,,512000000
2026-05-29 14:12:37.471,2,1.83,,512000000
2026-05-29 14:12:37.469,3,2.1,,512000000
2026-05-29 14:12:37.455,2,1.9,,512000000
2026-05-29 14:12:37.436,4,3.66,,512000000
2026-05-29 14:12:37.319,2,1.73,,512000000
2026-05-29 14:12:37.273,2,1.92,,512000000
2026-05-29 14:12:37.266,3,2.02,,512000000
2026-05-29 14:12:37.264,3,2.1,,512000000
2026-05-29 14:12:37.237,3,2.11,,512000000
2026-05-29 14:12:37.200,7,6.53,,512000000
2026-05-29 14:12:37.188,2,1.72,,512000000
2026-05-29 14:12:37.180,20,19.75,,512000000
2026-05-29 14:12:37.173,2,1.78,,512000000
2026-05-29 14:12:37.136,30,29.12,,512000000
2026-05-29 14:12:37.055,3,2.05,,512000000
2026-05-29 14:12:37.039,2,1.5,,512000000
2026-05-29 14:12:37.023,5,4.36,,512000000
2026-05-29 14:12:36.897,2,1.95,,512000000
2026-05-29 14:12:36.896,3,2.35,,512000000
2026-05-29 14:12:36.846,3,2.17,,512000000
2026-05-29 14:12:36.833,2,1.77,,512000000
2026-05-29 14:12:36.822,2,2,,512000000
2026-05-29 14:12:36.783,3,2.39,,512000000
2026-05-29 14:12:36.769,3,2.41,,512000000
2026-05-29 14:12:36.716,5,4.34,,512000000
2026-05-29 14:12:36.689,2,1.81,,512000000
2026-05-29 14:12:36.660,9,8.43,,512000000
2026-05-29 14:12:36.658,2,1.65,,512000000
2026-05-29 14:12:36.630,2,1.81,,512000000
2026-05-29 14:12:36.588,2,1.88,,512000000
2026-05-29 14:12:36.539,2,1.83,,512000000
2026-05-29 14:12:36.503,7,6.98,,512000000
2026-05-29 14:12:36.498,2,1.58,,512000000
2026-05-29 14:12:36.492,3,2.17,,512000000
2026-05-29 14:12:36.460,2,1.9,,512000000
2026-05-29 14:12:36.400,2,1.93,,512000000
2026-05-29 14:12:36.266,2,1.97,,512000000
2026-05-29 14:12:36.262,2,1.76,,512000000
2026-05-29 14:12:36.228,2,1.83,,512000000
2026-05-29 14:12:36.204,3,2.54,,512000000
2026-05-29 14:12:36.181,2,1.72,,512000000
2026-05-29 14:12:36.167,2,1.65,,512000000
2026-05-29 14:12:36.161,2,1.89,,512000000
2026-05-29 14:12:36.091,2,1.8,,512000000
2026-05-29 14:12:36.082,11,10.76,,512000000
2026-05-29 14:12:36.058,6,5.86,,512000000
2026-05-29 14:12:36.053,2,1.84,,512000000
2026-05-29 14:12:36.026,2,1.68,,512000000
2026-05-29 14:12:36.004,2,1.55,,512000000
2026-05-29 14:12:36.000,2,1.89,,512000000
2026-05-29 14:12:35.994,3,2.08,,512000000
2026-05-29 14:12:35.988,2,1.62,,512000000
2026-05-29 14:12:35.986,2,1.78,,512000000
2026-05-29 14:12:35.968,3,2.03,,512000000
2026-05-29 14:12:35.895,2,1.92,,512000000
2026-05-29 14:12:35.895,2,1.99,,512000000
2026-05-29 14:12:35.836,2,1.88,,512000000
2026-05-29 14:12:35.770,3,2.09,,512000000
2026-05-29 14:12:35.747,2,1.69,,512000000
2026-05-29 14:12:35.625,2,1.77,,512000000
2026-05-29 14:12:35.619,2,1.8,,512000000
2026-05-29 14:12:35.588,3,2.08,,512000000
2026-05-29 14:12:35.517,2,1.77,,512000000
2026-05-29 14:12:35.497,6,5.58,,512000000
2026-05-29 14:12:35.477,2,1.81,,512000000
2026-05-29 14:12:35.397,3,2.07,,512000000
2026-05-29 14:12:35.378,9,8.42,,512000000
2026-05-29 14:12:35.357,9,8.07,,512000000
2026-05-29 14:12:35.333,2,1.62,,512000000
2026-05-29 14:12:35.300,3,2.13,,512000000
2026-05-29 14:12:35.260,2,1.84,,512000000
2026-05-29 14:12:35.257,6,5.55,,512000000
2026-05-29 14:12:35.110,2,1.77,,512000000
2026-05-29 14:12:35.005,2,1.59,,512000000
2026-05-29 14:12:34.987,2,1.78,,512000000
2026-05-29 14:12:34.965,18,17.88,,512000000
2026-05-29 14:12:34.873,3,2.53,,512000000
2026-05-29 14:12:34.860,2,1.82,,512000000
2026-05-29 14:12:34.804,16,15.71,,512000000
2026-05-29 14:12:34.783,3,2.06,,512000000
2026-05-29 14:12:34.751,2,1.97,,512000000
2026-05-29 14:12:34.750,3,2.19,,512000000
2026-05-29 14:12:34.685,2,1.86,,512000000
2026-05-29 14:12:34.663,5,4.96,,512000000
2026-05-29 14:12:34.614,3,2.05,,512000000
2026-05-29 14:12:34.602,2,1.97,,512000000
2026-05-29 14:12:34.572,3,2.22,,512000000
2026-05-29 14:12:34.539,10,9.32,,512000000
2026-05-29 14:12:34.492,2,1.74,,512000000
2026-05-29 14:12:34.472,3,2.28,,512000000
2026-05-29 14:12:34.409,2,1.99,,512000000
2026-05-29 14:12:34.369,3,2.49,,512000000
2026-05-29 14:12:34.357,2,1.76,,512000000
2026-05-29 14:12:34.320,2,1.91,,512000000
2026-05-29 14:12:34.302,3,2.08,,512000000
2026-05-29 14:12:34.294,2,2,,512000000
2026-05-29 14:12:34.242,7,6.41,,512000000
2026-05-29 14:12:34.102,7,6.44,,512000000
2026-05-29 14:12:34.034,2,1.75,,512000000
2026-05-29 14:12:34.021,8,7.02,,512000000
2026-05-29 14:12:34.002,2,1.61,,512000000
2026-05-29 14:12:34.002,2,1.92,,512000000
2026-05-29 14:12:33.969,2,1.98,,512000000
2026-05-29 14:12:33.933,2,1.65,,512000000
2026-05-29 14:12:33.877,2,1.82,,512000000
2026-05-29 14:12:33.789,2,1.79,,512000000
2026-05-29 14:12:33.702,3,2.02,,512000000
2026-05-29 14:12:33.636,2,1.94,,512000000
2026-05-29 14:12:33.584,3,2.13,,512000000
2026-05-29 14:12:33.582,4,3.32,,512000000
2026-05-29 14:12:33.559,3,2.09,,512000000
2026-05-29 14:12:33.541,7,6.52,,512000000
2026-05-29 14:12:33.434,2,1.97,,512000000
2026-05-29 14:12:33.377,2,1.77,,512000000
2026-05-29 14:12:33.326,3,2.08,,512000000
2026-05-29 14:12:33.295,2,1.74,,512000000
2026-05-29 14:12:33.262,3,2.32,,512000000
2026-05-29 14:12:33.205,2,1.72,,512000000
2026-05-29 14:12:33.166,10,9.87,,512000000
2026-05-29 14:12:33.138,2,1.9,,512000000
2026-05-29 14:12:33.122,7,6.69,,512000000
2026-05-29 14:12:33.113,2,1.7,,512000000
2026-05-29 14:12:33.063,2,1.87,,512000000
2026-05-29 14:12:33.055,4,3,,512000000
2026-05-29 14:12:33.015,2,1.83,,512000000
2026-05-29 14:12:33.014,3,2.09,,512000000
2026-05-29 14:12:33.004,2,1.96,,512000000
2026-05-29 14:12:32.969,4,3.87,,512000000
2026-05-29 14:12:32.922,8,7.41,,512000000
2026-05-29 14:12:32.826,2,1.89,,512000000
2026-05-29 14:12:32.822,3,2.72,,512000000
2026-05-29 14:12:32.780,2,1.79,,512000000
2026-05-29 14:12:32.766,3,2.23,,512000000
2026-05-29 14:12:32.615,3,2.27,,512000000
2026-05-29 14:12:32.511,2,1.86,,512000000
2026-05-29 14:12:32.415,2,1.85,,512000000
2026-05-29 14:12:32.352,2,1.97,,512000000
2026-05-29 14:12:32.336,2,1.88,,512000000
2026-05-29 14:12:32.323,2,1.76,,512000000
2026-05-29 14:12:32.261,2,1.66,,512000000
2026-05-29 14:12:32.229,2,1.74,,512000000
2026-05-29 14:12:32.178,2,1.79,,512000000
2026-05-29 14:12:32.115,3,2.73,,512000000
2026-05-29 14:12:32.097,2,1.68,,512000000
2026-05-29 14:12:32.040,17,16.82,,512000000
2026-05-29 14:12:32.012,3,2.03,,512000000
2026-05-29 14:12:31.996,2,1.72,,512000000
2026-05-29 14:12:31.957,2,1.85,,512000000
2026-05-29 14:12:31.928,2,1.78,,512000000
2026-05-29 14:12:31.878,3,2.07,,512000000
2026-05-29 14:12:31.866,2,1.89,,512000000
2026-05-29 14:12:31.839,25,24.2,,512000000
2026-05-29 14:12:31.745,2,1.91,,512000000
2026-05-29 14:12:31.679,3,2.31,,512000000
2026-05-29 14:12:31.637,3,2.31,,512000000
2026-05-29 14:12:31.611,2,1.78,,512000000
2026-05-29 14:12:31.542,3,2.47,,512000000
2026-05-29 14:12:31.526,2,1.91,,512000000
2026-05-29 14:12:31.521,3,2.45,,512000000
2026-05-29 14:12:31.501,17,16.19,,512000000
2026-05-29 14:12:31.462,2,1.83,,512000000
2026-05-29 14:12:31.455,4,3.84,,512000000
2026-05-29 14:12:31.453,2,1.91,,512000000
2026-05-29 14:12:31.407,3,2.21,,512000000
2026-05-29 14:12:31.368,2,1.99,,512000000
2026-05-29 14:12:31.345,2,1.73,,512000000
2026-05-29 14:12:31.332,2,1.92,,512000000
2026-05-29 14:12:31.314,2,1.77,,512000000
2026-05-29 14:12:31.303,2,2,,512000000
2026-05-29 14:12:31.294,15,14.19,,512000000
2026-05-29 14:12:31.222,2,1.81,,512000000
2026-05-29 14:12:31.166,2,1.86,,512000000
2026-05-29 14:12:31.137,2,1.95,,512000000
2026-05-29 14:12:31.120,3,2.58,,512000000
2026-05-29 14:12:31.089,2,1.72,,512000000
2026-05-29 14:12:31.079,5,4.1,,512000000
2026-05-29 14:12:31.032,2,1.71,,512000000
2026-05-29 14:12:30.974,2,1.98,,512000000
2026-05-29 14:12:30.970,3,2.31,,512000000
2026-05-29 14:12:30.917,2,1.67,,512000000
2026-05-29 14:12:30.917,2,1.78,,512000000
2026-05-29 14:12:30.870,2,1.67,,512000000
2026-05-29 14:12:30.846,38,37.3,,512000000
2026-05-29 14:12:30.836,2,1.94,,512000000
2026-05-29 14:12:30.767,2,1.81,,512000000
2026-05-29 14:12:30.764,3,2.05,,512000000
2026-05-29 14:12:30.711,2,1.91,,512000000
2026-05-29 14:12:30.693,3,2.19,,512000000
2026-05-29 14:12:30.534,2,1.67,,512000000
2026-05-29 14:12:30.484,2,1.8,,512000000
2026-05-29 14:12:30.456,2,1.99,,512000000
2026-05-29 14:12:30.435,2,1.6,,512000000
2026-05-29 14:12:30.303,2,1.74,,512000000
2026-05-29 14:12:30.272,2,1.76,,512000000
2026-05-29 14:12:30.239,2,1.67,,512000000
2026-05-29 14:12:30.230,2,1.85,,512000000
2026-05-29 14:12:30.230,3,2.21,,512000000
2026-05-29 14:12:30.210,2,1.92,,512000000
2026-05-29 14:12:30.207,4,3.46,,512000000
2026-05-29 14:12:30.140,35,34.25,,512000000
2026-05-29 14:12:30.130,3,2.29,,512000000
2026-05-29 14:12:30.099,2,1.72,,512000000
2026-05-29 14:12:30.060,14,13.62,,512000000
2026-05-29 14:12:30.056,3,2.52,,512000000
2026-05-29 14:12:30.022,2,1.69,,512000000
2026-05-29 14:12:29.937,13,12.37,,512000000
2026-05-29 14:12:29.896,2,1.73,,512000000
2026-05-29 14:12:29.884,2,1.76,,512000000
2026-05-29 14:12:29.863,8,7.75,,512000000
2026-05-29 14:12:29.836,7,6.94,,512000000
2026-05-29 14:12:29.830,2,1.71,,512000000
2026-05-29 14:12:29.823,3,2.01,,512000000
2026-05-29 14:12:29.818,3,2.01,,512000000
2026-05-29 14:12:29.813,2,1.75,,512000000
2026-05-29 14:12:29.734,2,1.82,,512000000
2026-05-29 14:12:29.730,2,1.65,,512000000
2026-05-29 14:12:29.629,2,1.96,,512000000
2026-05-29 14:12:29.569,2,1.72,,512000000
2026-05-29 14:12:29.565,2,1.86,,512000000
2026-05-29 14:12:29.538,2,1.76,,512000000
2026-05-29 14:12:29.516,11,10.97,,512000000
2026-05-29 14:12:29.500,2,1.97,,512000000
2026-05-29 14:12:29.497,2,1.82,,512000000
2026-05-29 14:12:29.469,4,3.26,,512000000
2026-05-29 14:12:29.446,4,3.21,,512000000
2026-05-29 14:12:29.413,3,2.25,,512000000
2026-05-29 14:12:29.208,3,2.18,,512000000
2026-05-29 14:12:29.176,2,1.78,,512000000
2026-05-29 14:12:29.159,2,1.9,,512000000
2026-05-29 14:12:29.142,2,1.61,,512000000
2026-05-29 14:12:29.111,2,1.77,,512000000
2026-05-29 14:12:29.024,2,1.81,,512000000
2026-05-29 14:12:28.974,3,2.13,,512000000
2026-05-29 14:12:28.923,2,1.84,,512000000
2026-05-29 14:12:28.825,2,1.75,,512000000
2026-05-29 14:12:28.709,2,1.62,,512000000
2026-05-29 14:12:28.652,2,1.66,,512000000
2026-05-29 14:12:28.567,2,1.78,,512000000
2026-05-29 14:12:28.526,2,1.81,,512000000
2026-05-29 14:12:28.505,2,1.88,,512000000
2026-05-29 14:12:28.482,3,2.21,,512000000
2026-05-29 14:12:28.433,2,1.9,,512000000
2026-05-29 14:12:28.389,2,1.77,,512000000
2026-05-29 14:12:28.348,2,1.82,,512000000
2026-05-29 14:12:28.342,2,1.64,,512000000
2026-05-29 14:12:28.316,3,2.53,,512000000
2026-05-29 14:12:28.304,2,1.82,,512000000
2026-05-29 14:12:28.279,2,1.67,,512000000
2026-05-29 14:12:28.160,2,1.67,,512000000
2026-05-29 14:12:28.136,2,1.73,,512000000
2026-05-29 14:12:28.087,2,1.72,,512000000
2026-05-29 14:12:28.049,2,1.79,,512000000
2026-05-29 14:12:28.035,2,1.63,,512000000
2026-05-29 14:12:28.021,2,1.65,,512000000
2026-05-29 14:12:28.003,2,1.84,,512000000
2026-05-29 14:12:27.991,3,2.11,,512000000
2026-05-29 14:12:27.989,2,1.68,,512000000
2026-05-29 14:12:27.843,2,1.83,,512000000
2026-05-29 14:12:27.805,2,1.8,,512000000
2026-05-29 14:12:27.750,2,1.83,,512000000
2026-05-29 14:12:27.744,2,1.86,,512000000
2026-05-29 14:12:27.678,13,12.77,,512000000
2026-05-29 14:12:27.606,2,1.92,,512000000
2026-05-29 14:12:27.551,6,5.01,,512000000
2026-05-29 14:12:27.437,22,21.13,,512000000
2026-05-29 14:12:27.420,2,1.97,,512000000
2026-05-29 14:12:27.207,2,1.79,,512000000
2026-05-29 14:12:27.169,2,1.72,,512000000
2026-05-29 14:12:27.155,2,1.9,,512000000
2026-05-29 14:12:27.106,2,1.63,,512000000
2026-05-29 14:12:26.939,4,3.36,,512000000
2026-05-29 14:12:26.928,2,1.75,,512000000
2026-05-29 14:12:26.829,2,1.88,,512000000
2026-05-29 14:12:26.814,2,1.66,,512000000
2026-05-29 14:12:26.795,2,1.73,,512000000
2026-05-29 14:12:26.774,2,1.74,,512000000
2026-05-29 14:12:26.744,2,1.77,,512000000
2026-05-29 14:12:26.737,2,1.68,,512000000
2026-05-29 14:12:26.708,2,1.58,,512000000
2026-05-29 14:12:26.658,2,1.76,,512000000
2026-05-29 14:12:26.556,2,1.85,,512000000
2026-05-29 14:12:26.548,2,1.85,,512000000
2026-05-29 14:12:26.536,2,1.93,,512000000
2026-05-29 14:12:26.524,3,2.04,,512000000
2026-05-29 14:12:26.504,2,2,,512000000
2026-05-29 14:12:26.390,2,1.8,,512000000
2026-05-29 14:12:26.356,2,1.83,,512000000
2026-05-29 14:12:26.352,2,1.98,,512000000
2026-05-29 14:12:26.347,2,1.82,,512000000
2026-05-29 14:12:26.337,2,1.7,,512000000
2026-05-29 14:12:26.310,2,1.76,,512000000
2026-05-29 14:12:26.275,2,1.7,,512000000
2026-05-29 14:12:26.261,2,1.75,,512000000
2026-05-29 14:12:26.204,2,1.68,,512000000
2026-05-29 14:12:26.199,2,1.71,,512000000
2026-05-29 14:12:26.090,2,1.78,,512000000
2026-05-29 14:12:25.947,2,1.93,,512000000
2026-05-29 14:12:25.938,2,1.89,,512000000
2026-05-29 14:12:25.929,2,1.81,,512000000
2026-05-29 14:12:25.894,2,1.61,,512000000
2026-05-29 14:12:25.710,9,8.96,,512000000
2026-05-29 14:12:25.657,4,3.67,,512000000
2026-05-29 14:12:25.629,3,2.09,,512000000
2026-05-29 14:12:25.584,2,1.77,,512000000
2026-05-29 14:12:25.535,2,1.98,,512000000
2026-05-29 14:12:25.478,3,2.01,,512000000
2026-05-29 14:12:25.459,2,1.73,,512000000
2026-05-29 14:12:25.356,2,1.66,,512000000
2026-05-29 14:12:25.262,18,17.35,,512000000
2026-05-29 14:12:25.230,2,1.81,,512000000
2026-05-29 14:12:25.173,2,1.77,,512000000
2026-05-29 14:12:25.172,2,1.86,,512000000
2026-05-29 14:12:25.113,18,17.86,,512000000
2026-05-29 14:12:25.087,3,2.08,,512000000
2026-05-29 14:12:25.025,2,1.71,,512000000
2026-05-29 14:12:25.021,2,1.71,,512000000
2026-05-29 14:12:24.935,2,1.87,,512000000
2026-05-29 14:12:24.913,2,1.65,,512000000
2026-05-29 14:12:24.809,3,2.58,,512000000
2026-05-29 14:12:24.620,2,1.68,,512000000
2026-05-29 14:12:24.591,2,1.65,,512000000
2026-05-29 14:12:24.534,3,2.07,,512000000
2026-05-29 14:12:24.526,3,2.13,,512000000
2026-05-29 14:12:24.410,2,1.74,,512000000
2026-05-29 14:12:24.332,2,1.75,,512000000
2026-05-29 14:12:24.314,2,1.8,,512000000
2026-05-29 14:12:24.258,3,2,,512000000
2026-05-29 14:12:24.206,2,1.78,,512000000
2026-05-29 14:12:24.103,2,1.77,,512000000
2026-05-29 14:12:24.088,2,1.71,,512000000
2026-05-29 14:12:23.996,2,1.76,,512000000
2026-05-29 14:12:23.918,2,1.78,,512000000
2026-05-29 14:12:23.903,2,1.77,,512000000
2026-05-29 14:12:23.902,2,1.86,,512000000
2026-05-29 14:12:23.813,2,1.99,,512000000
2026-05-29 14:12:23.653,7,6.37,,512000000
2026-05-29 14:12:23.462,2,1.77,,512000000
2026-05-29 14:12:23.435,2,1.85,,512000000
2026-05-29 14:12:23.410,2,1.93,,512000000
2026-05-29 14:12:23.408,3,2.08,,512000000
2026-05-29 14:12:23.382,3,2.03,,512000000
2026-05-29 14:12:23.289,6,5.49,,512000000
2026-05-29 14:12:23.285,2,1.62,,512000000
2026-05-29 14:12:23.273,2,1.9,,512000000
2026-05-29 14:12:23.206,2,1.86,,512000000
2026-05-29 14:12:23.079,2,1.63,,512000000
2026-05-29 14:12:22.995,3,2.06,,512000000
2026-05-29 14:12:22.979,2,1.72,,512000000
2026-05-29 14:12:22.968,2,1.72,,512000000
2026-05-29 14:12:22.958,3,2.19,,512000000
2026-05-29 14:12:22.941,2,1.77,,512000000
2026-05-29 14:12:22.922,5,4.22,,512000000
2026-05-29 14:12:22.815,2,1.78,,512000000
2026-05-29 14:12:22.765,4,3.11,,512000000
2026-05-29 14:12:22.733,2,1.66,,512000000
2026-05-29 14:12:22.718,2,1.76,,512000000
2026-05-29 14:12:22.640,2,1.86,,512000000
2026-05-29 14:12:22.613,2,1.8,,512000000
2026-05-29 14:12:22.582,2,1.91,,512000000
2026-05-29 14:12:22.542,3,2.25,,512000000
2026-05-29 14:12:22.503,2,1.78,,512000000
2026-05-29 14:12:22.487,3,2.21,,512000000
2026-05-29 14:12:22.374,5,4.49,,512000000
2026-05-29 14:12:22.360,2,1.75,,512000000
2026-05-29 14:12:22.359,2,1.71,,512000000
2026-05-29 14:12:22.318,2,1.98,,512000000
2026-05-29 14:12:22.219,2,1.73,,512000000
2026-05-29 14:12:22.170,2,1.75,,512000000
2026-05-29 14:12:22.127,2,1.63,,512000000
2026-05-29 14:12:22.049,2,1.82,,512000000
2026-05-29 14:12:21.937,2,1.81,,512000000
2026-05-29 14:12:21.910,3,2.06,,512000000
2026-05-29 14:12:21.816,3,2.61,,512000000
2026-05-29 14:12:21.732,2,1.73,,512000000
2026-05-29 14:12:21.603,2,1.94,,512000000
2026-05-29 14:12:21.436,10,9.67,,512000000
2026-05-29 14:12:21.421,3,2.04,,512000000
2026-05-29 14:12:21.258,3,2.27,,512000000
2026-05-29 14:12:21.241,5,4.98,,512000000
2026-05-29 14:12:21.080,2,1.92,,512000000
2026-05-29 14:12:20.959,3,2.08,,512000000
2026-05-29 14:12:20.908,3,2.01,,512000000
2026-05-29 14:12:20.867,3,2.5,,512000000
2026-05-29 14:12:20.830,3,2.1,,512000000
2026-05-29 14:12:20.829,2,1.64,,512000000
2026-05-29 14:12:20.824,2,1.66,,512000000
2026-05-29 14:12:20.814,4,3.21,,512000000
2026-05-29 14:12:20.758,2,1.84,,512000000
2026-05-29 14:12:20.704,2,1.93,,512000000
2026-05-29 14:12:20.673,3,2.21,,512000000
2026-05-29 14:12:20.653,2,1.77,,512000000
2026-05-29 14:12:20.638,10,9.2,,512000000
2026-05-29 14:12:20.632,3,2.05,,512000000
2026-05-29 14:12:20.626,2,1.82,,512000000
2026-05-29 14:12:20.580,2,1.89,,512000000
2026-05-29 14:12:20.484,2,1.8,,512000000
2026-05-29 14:12:20.459,6,5.66,,512000000
2026-05-29 14:12:20.454,2,1.85,,512000000
2026-05-29 14:12:20.447,2,1.82,,512000000
2026-05-29 14:12:20.434,2,1.79,,512000000
2026-05-29 14:12:20.419,2,1.72,,512000000
2026-05-29 14:12:20.407,2,1.85,,512000000
2026-05-29 14:12:20.368,3,2.13,,512000000
2026-05-29 14:12:20.306,2,1.71,,512000000
2026-05-29 14:12:20.304,2,1.89,,512000000
2026-05-29 14:12:20.302,2,1.64,,512000000
2026-05-29 14:12:20.178,2,1.74,,512000000
2026-05-29 14:12:20.055,3,2.37,,512000000
2026-05-29 14:12:19.936,2,1.73,,512000000
2026-05-29 14:12:19.887,2,1.88,,512000000
2026-05-29 14:12:19.816,2,1.85,,512000000
2026-05-29 14:12:19.768,2,1.78,,512000000
2026-05-29 14:12:19.761,2,1.76,,512000000
2026-05-29 14:12:19.741,2,1.76,,512000000
2026-05-29 14:12:19.687,2,1.89,,512000000
2026-05-29 14:12:19.665,2,1.75,,512000000
2026-05-29 14:12:19.656,2,1.68,,512000000
2026-05-29 14:12:19.569,2,1.88,,512000000
2026-05-29 14:12:19.546,2,1.65,,512000000
2026-05-29 14:12:19.437,2,1.65,,512000000
2026-05-29 14:12:19.304,2,1.86,,512000000
2026-05-29 14:12:19.295,2,1.97,,512000000
2026-05-29 14:12:19.290,2,1.75,,512000000
2026-05-29 14:12:19.265,2,1.83,,512000000
2026-05-29 14:12:19.253,5,4.35,,512000000
2026-05-29 14:12:19.203,2,1.81,,512000000
2026-05-29 14:12:19.163,2,1.72,,512000000
2026-05-29 14:12:19.161,2,2,,512000000
2026-05-29 14:12:19.118,2,1.71,,512000000
2026-05-29 14:12:19.107,2,1.92,,512000000
2026-05-29 14:12:19.086,3,2.12,,512000000
2026-05-29 14:12:19.080,2,1.71,,512000000
2026-05-29 14:12:19.005,2,1.69,,512000000
2026-05-29 14:12:18.981,10,9.02,,512000000
2026-05-29 14:12:18.932,6,5.32,,512000000
2026-05-29 14:12:18.893,2,1.61,,512000000
2026-05-29 14:12:18.862,3,2.18,,512000000
2026-05-29 14:12:18.858,5,4.98,,512000000
2026-05-29 14:12:18.848,2,1.82,,512000000
2026-05-29 14:12:18.801,7,6.58,,512000000
2026-05-29 14:12:18.783,3,2.04,,512000000
2026-05-29 14:12:18.782,3,2.1,,512000000
2026-05-29 14:12:18.773,2,1.98,,512000000
2026-05-29 14:12:18.745,2,1.82,,512000000
2026-05-29 14:12:18.732,2,1.96,,512000000
2026-05-29 14:12:18.718,6,5.78,,512000000
2026-05-29 14:12:18.674,16,15.5,,512000000
2026-05-29 14:12:18.631,2,1.68,,512000000
2026-05-29 14:12:18.576,2,1.76,,512000000
2026-05-29 14:12:18.568,2,1.76,,512000000
2026-05-29 14:12:18.562,2,1.95,,512000000
2026-05-29 14:12:18.549,2,1.81,,512000000
2026-05-29 14:12:18.490,3,2.04,,512000000
2026-05-29 14:12:18.478,2,1.79,,512000000
2026-05-29 14:12:18.371,2,1.67,,512000000
2026-05-29 14:12:18.237,2,1.89,,512000000
2026-05-29 14:12:18.197,2,1.88,,512000000
2026-05-29 14:12:18.176,2,1.78,,512000000
2026-05-29 14:12:18.139,3,2.06,,512000000
2026-05-29 14:12:18.138,2,1.94,,512000000
2026-05-29 14:12:18.066,2,1.92,,512000000
2026-05-29 14:12:18.021,11,10.26,,512000000
2026-05-29 14:12:17.900,2,1.91,,512000000
2026-05-29 14:12:17.871,2,1.87,,512000000
2026-05-29 14:12:17.859,3,2.16,,512000000
2026-05-29 14:12:17.804,3,2.49,,512000000
2026-05-29 14:12:17.732,2,1.86,,512000000
2026-05-29 14:12:17.732,2,1.85,,512000000
2026-05-29 14:12:17.727,2,1.84,,512000000
2026-05-29 14:12:17.693,2,1.69,,512000000
2026-05-29 14:12:17.665,2,1.74,,512000000
2026-05-29 14:12:17.563,2,1.74,,512000000
2026-05-29 14:12:17.504,2,1.77,,512000000
2026-05-29 14:12:17.503,2,1.59,,512000000
2026-05-29 14:12:17.483,2,1.65,,512000000
2026-05-29 14:12:17.345,2,1.9,,512000000
2026-05-29 14:12:17.322,2,1.67,,512000000
2026-05-29 14:12:17.282,7,6.22,,512000000
2026-05-29 14:12:17.271,2,1.77,,512000000
2026-05-29 14:12:17.264,2,1.92,,512000000
2026-05-29 14:12:17.235,2,1.98,,512000000
2026-05-29 14:12:17.221,2,1.61,,512000000
2026-05-29 14:12:17.221,3,2.1,,512000000
2026-05-29 14:12:17.194,3,2.15,,512000000
2026-05-29 14:12:17.125,2,1.62,,512000000
2026-05-29 14:12:16.980,6,5.02,,512000000
2026-05-29 14:12:16.947,2,1.68,,512000000
2026-05-29 14:12:16.922,2,1.96,,512000000
2026-05-29 14:12:16.829,2,1.81,,512000000
2026-05-29 14:12:16.724,2,1.55,,512000000
2026-05-29 14:12:16.664,4,3.9,,512000000
2026-05-29 14:12:16.610,2,1.89,,512000000
2026-05-29 14:12:16.601,2,1.78,,512000000
2026-05-29 14:12:16.568,2,1.77,,512000000
2026-05-29 14:12:16.546,19,18.73,,512000000
2026-05-29 14:12:16.525,2,1.61,,512000000
2026-05-29 14:12:16.445,7,6.18,,512000000
2026-05-29 14:12:16.408,2,1.68,,512000000
2026-05-29 14:12:16.404,5,4.14,,512000000
2026-05-29 14:12:16.401,6,5.13,,512000000
2026-05-29 14:12:16.314,2,1.7,,512000000
2026-05-29 14:12:16.307,21,20.3,,512000000
2026-05-29 14:12:16.300,2,1.94,,512000000
2026-05-29 14:12:16.288,3,2.2,,512000000
2026-05-29 14:12:16.269,2,1.98,,512000000
2026-05-29 14:12:16.268,2,1.69,,512000000
2026-05-29 14:12:16.222,9,8,,512000000
2026-05-29 14:12:16.174,2,1.86,,512000000
2026-05-29 14:12:16.161,2,1.79,,512000000
2026-05-29 14:12:16.137,3,2.51,,512000000
2026-05-29 14:12:16.116,2,1.74,,512000000
2026-05-29 14:12:16.087,14,13.01,,512000000
2026-05-29 14:12:16.022,2,1.59,,512000000
2026-05-29 14:12:15.990,2,1.98,,512000000
2026-05-29 14:12:15.988,3,2.05,,512000000
2026-05-29 14:12:15.983,2,1.79,,512000000
2026-05-29 14:12:15.947,6,5.03,,512000000
2026-05-29 14:12:15.895,3,2.23,,512000000
2026-05-29 14:12:15.880,3,2.14,,512000000
2026-05-29 14:12:15.828,3,2.18,,512000000
2026-05-29 14:12:15.795,2,1.82,,512000000
2026-05-29 14:12:15.765,3,2.11,,512000000
2026-05-29 14:12:15.753,5,4.8,,512000000
2026-05-29 14:12:15.740,2,1.86,,512000000
2026-05-29 14:12:15.647,2,1.87,,512000000
2026-05-29 14:12:15.612,2,1.79,,512000000
2026-05-29 14:12:15.602,22,21.75,,512000000
2026-05-29 14:12:15.584,2,1.81,,512000000
2026-05-29 14:12:15.559,2,1.98,,512000000
2026-05-29 14:12:15.536,3,2.04,,512000000
2026-05-29 14:12:15.518,2,1.88,,512000000
2026-05-29 14:12:15.504,8,7.64,,512000000
2026-05-29 14:12:15.500,2,1.74,,512000000
2026-05-29 14:12:15.445,2,1.91,,512000000
2026-05-29 14:12:15.391,3,2.2,,512000000
2026-05-29 14:12:15.278,2,1.75,,512000000
2026-05-29 14:12:15.213,2,1.82,,512000000
2026-05-29 14:12:15.190,2,1.7,,512000000
2026-05-29 14:12:15.148,3,2.01,,512000000
2026-05-29 14:12:15.137,26,25.78,,512000000
2026-05-29 14:12:15.077,2,1.97,,512000000
2026-05-29 14:12:15.052,3,2.13,,512000000
2026-05-29 14:12:15.048,2,1.82,,512000000
2026-05-29 14:12:15.041,4,3.02,,512000000
2026-05-29 14:12:14.987,3,2.11,,512000000
2026-05-29 14:12:14.925,2,1.62,,512000000
2026-05-29 14:12:14.922,3,2.04,,512000000
2026-05-29 14:12:14.874,2,1.75,,512000000
2026-05-29 14:12:14.865,5,4.64,,512000000
2026-05-29 14:12:14.788,2,1.69,,512000000
2026-05-29 14:12:14.777,2,1.71,,512000000
2026-05-29 14:12:14.765,2,1.81,,512000000
2026-05-29 14:12:14.755,2,1.84,,512000000
2026-05-29 14:12:14.747,2,2,,512000000
2026-05-29 14:12:14.680,2,1.84,,512000000
2026-05-29 14:12:14.662,2,1.82,,512000000
2026-05-29 14:12:14.652,2,1.9,,512000000
2026-05-29 14:12:14.647,2,1.91,,512000000
2026-05-29 14:12:14.625,2,1.77,,512000000
2026-05-29 14:12:14.590,2,1.77,,512000000
2026-05-29 14:12:14.587,2,1.73,,512000000
2026-05-29 14:12:14.511,3,2.29,,512000000
2026-05-29 14:12:14.502,3,2.03,,512000000
2026-05-29 14:12:14.500,9,8.36,,512000000
2026-05-29 14:12:14.467,2,1.86,,512000000
2026-05-29 14:12:14.445,2,1.74,,512000000
2026-05-29 14:12:14.441,3,2.03,,512000000
2026-05-29 14:12:14.335,2,1.71,,512000000
2026-05-29 14:12:14.327,2,1.92,,512000000
2026-05-29 14:12:14.283,2,1.73,,512000000
2026-05-29 14:12:14.269,2,1.69,,512000000
2026-05-29 14:12:14.256,2,1.76,,512000000
2026-05-29 14:12:14.239,2,1.99,,512000000
2026-05-29 14:12:14.233,2,1.85,,512000000
2026-05-29 14:12:14.215,2,1.94,,512000000
2026-05-29 14:12:14.212,2,1.78,,512000000
2026-05-29 14:12:14.186,2,1.77,,512000000
2026-05-29 14:12:14.182,6,5.13,,512000000
2026-05-29 14:12:14.165,2,1.8,,512000000
2026-05-29 14:12:14.143,2,1.93,,512000000
2026-05-29 14:12:14.125,2,1.79,,512000000
2026-05-29 14:12:14.075,3,2.41,,512000000
2026-05-29 14:12:14.033,3,2.01,,512000000
2026-05-29 14:12:14.028,2,1.83,,512000000
2026-05-29 14:12:13.990,2,1.98,,512000000
2026-05-29 14:12:13.891,3,2.03,,512000000
2026-05-29 14:12:13.886,2,1.82,,512000000
2026-05-29 14:12:13.794,4,3.4,,512000000
2026-05-29 14:12:13.792,2,1.94,,512000000
2026-05-29 14:12:13.776,2,1.82,,512000000
2026-05-29 14:12:13.711,3,2.13,,512000000
2026-05-29 14:12:13.639,2,1.74,,512000000
2026-05-29 14:12:13.604,3,2.18,,512000000
2026-05-29 14:12:13.513,2,1.82,,512000000
2026-05-29 14:12:13.497,2,1.96,,512000000
2026-05-29 14:12:13.469,2,1.68,,512000000
2026-05-29 14:12:13.394,3,2.13,,512000000
2026-05-29 14:12:13.390,3,2.3,,512000000
2026-05-29 14:12:13.387,2,1.55,,512000000
2026-05-29 14:12:13.372,3,2.13,,512000000
2026-05-29 14:12:13.338,2,1.91,,512000000
2026-05-29 14:12:13.327,2,1.75,,512000000
2026-05-29 14:12:13.265,2,1.86,,512000000
2026-05-29 14:12:13.227,2,1.81,,512000000
2026-05-29 14:12:13.148,3,2.08,,512000000
2026-05-29 14:12:13.147,12,11.4,,512000000
2026-05-29 14:12:13.125,2,1.94,,512000000
2026-05-29 14:12:13.109,2,1.58,,512000000
2026-05-29 14:12:13.097,3,2.14,,512000000
2026-05-29 14:12:13.089,2,1.84,,512000000
2026-05-29 14:12:13.076,2,1.73,,512000000
2026-05-29 14:12:12.978,3,2.05,,512000000
2026-05-29 14:12:12.944,2,1.94,,512000000
2026-05-29 14:12:12.880,3,2.15,,512000000
2026-05-29 14:12:12.876,3,2.23,,512000000
2026-05-29 14:12:12.863,3,2.06,,512000000
2026-05-29 14:12:12.863,2,1.88,,512000000
2026-05-29 14:12:12.857,5,4.13,,512000000
2026-05-29 14:12:12.836,2,1.81,,512000000
2026-05-29 14:12:12.818,2,1.98,,512000000
2026-05-29 14:12:12.786,3,2.08,,512000000
2026-05-29 14:12:12.780,19,18.95,,512000000
2026-05-29 14:12:12.744,2,1.85,,512000000
2026-05-29 14:12:12.713,2,1.87,,512000000
2026-05-29 14:12:12.699,5,4.98,,512000000
2026-05-29 14:12:12.696,8,7.5,,512000000
2026-05-29 14:12:12.677,2,1.98,,512000000
2026-05-29 14:12:12.675,2,1.89,,512000000
2026-05-29 14:12:12.649,2,1.95,,512000000
2026-05-29 14:12:12.630,3,2.12,,512000000
2026-05-29 14:12:12.628,2,1.97,,512000000
2026-05-29 14:12:12.613,2,1.85,,512000000
2026-05-29 14:12:12.609,2,1.76,,512000000
2026-05-29 14:12:12.600,18,17.26,,512000000
2026-05-29 14:12:12.553,2,1.79,,512000000
2026-05-29 14:12:12.530,6,5.1,,512000000
2026-05-29 14:12:12.447,2,1.79,,512000000
2026-05-29 14:12:12.436,15,14.39,,512000000
2026-05-29 14:12:12.415,3,2.06,,512000000
2026-05-29 14:12:12.409,3,2.08,,512000000
2026-05-29 14:12:12.361,2,1.91,,512000000
2026-05-29 14:12:12.254,2,1.86,,512000000
2026-05-29 14:12:12.239,3,2.64,,512000000
2026-05-29 14:12:12.227,3,2.06,,512000000
2026-05-29 14:12:12.220,2,1.79,,512000000
2026-05-29 14:12:12.194,2,1.66,,512000000
2026-05-29 14:12:12.178,4,3.1,,512000000
2026-05-29 14:12:12.174,3,2.24,,512000000
2026-05-29 14:12:12.172,2,1.99,,512000000
2026-05-29 14:12:12.155,2,1.97,,512000000
2026-05-29 14:12:12.153,2,1.85,,512000000
2026-05-29 14:12:12.116,3,2.13,,512000000
2026-05-29 14:12:12.077,21,20.16,,512000000
2026-05-29 14:12:12.059,2,1.87,,512000000
2026-05-29 14:12:11.956,2,1.72,,512000000
2026-05-29 14:12:11.931,2,1.76,,512000000
2026-05-29 14:12:11.899,2,1.89,,512000000
2026-05-29 14:12:11.887,3,2.02,,512000000
2026-05-29 14:12:11.870,2,1.99,,512000000
2026-05-29 14:12:11.828,3,2.79,,512000000
2026-05-29 14:12:11.807,2,1.7,,512000000
2026-05-29 14:12:11.778,9,8.84,,512000000
2026-05-29 14:12:11.759,13,12.01,,512000000
2026-05-29 14:12:11.738,3,2.13,,512000000
2026-05-29 14:12:11.716,2,1.95,,512000000
2026-05-29 14:12:11.625,2,1.67,,512000000
2026-05-29 14:12:11.474,3,2.06,,512000000
2026-05-29 14:12:11.467,2,1.95,,512000000
2026-05-29 14:12:11.433,2,1.72,,512000000
2026-05-29 14:12:11.396,3,2.12,,512000000
2026-05-29 14:12:11.371,2,1.79,,512000000
2026-05-29 14:12:11.343,2,1.97,,512000000
2026-05-29 14:12:11.338,2,1.76,,512000000
2026-05-29 14:12:11.311,3,2.39,,512000000
2026-05-29 14:12:11.307,3,2.1,,512000000
2026-05-29 14:12:11.269,2,1.97,,512000000
2026-05-29 14:12:11.257,2,1.98,,512000000
2026-05-29 14:12:11.233,4,3.99,,512000000
2026-05-29 14:12:11.224,2,1.98,,512000000
2026-05-29 14:12:11.214,2,1.94,,512000000
2026-05-29 14:12:11.211,2,1.97,,512000000
2026-05-29 14:12:11.209,2,1.72,,512000000
2026-05-29 14:12:11.185,2,1.9,,512000000
2026-05-29 14:12:11.167,3,2.03,,512000000
2026-05-29 14:12:11.159,2,1.97,,512000000
2026-05-29 14:12:11.059,2,1.8,,512000000
2026-05-29 14:12:11.009,3,2.06,,512000000
2026-05-29 14:12:10.998,3,2.77,,512000000
2026-05-29 14:12:10.975,9,8.23,,512000000
2026-05-29 14:12:10.974,2,1.96,,512000000
2026-05-29 14:12:10.962,3,2.38,,512000000
2026-05-29 14:12:10.912,2,1.79,,512000000
2026-05-29 14:12:10.834,2,1.73,,512000000
2026-05-29 14:12:10.831,5,4.94,,512000000
2026-05-29 14:12:10.822,2,1.86,,512000000
2026-05-29 14:12:10.804,8,7.73,,512000000
2026-05-29 14:12:10.773,2,1.89,,512000000
2026-05-29 14:12:10.741,8,7.71,,512000000
2026-05-29 14:12:10.730,3,2.13,,512000000
2026-05-29 14:12:10.726,2,1.89,,512000000
2026-05-29 14:12:10.724,30,29.56,,512000000
2026-05-29 14:12:10.695,3,2.57,,512000000
2026-05-29 14:12:10.676,3,2.42,,512000000
2026-05-29 14:12:10.642,2,1.85,,512000000
2026-05-29 14:12:10.619,5,4.51,,512000000
2026-05-29 14:12:10.599,2,1.8,,512000000
2026-05-29 14:12:10.572,2,1.72,,512000000
2026-05-29 14:12:10.564,2,1.88,,512000000
2026-05-29 14:12:10.533,3,2.48,,512000000
2026-05-29 14:12:10.515,3,2.04,,512000000
2026-05-29 14:12:10.466,2,1.67,,512000000
2026-05-29 14:12:10.463,2,1.78,,512000000
2026-05-29 14:12:10.432,2,1.74,,512000000
2026-05-29 14:12:10.428,6,5.46,,512000000
2026-05-29 14:12:10.396,2,1.78,,512000000
2026-05-29 14:12:10.341,2,1.83,,512000000
2026-05-29 14:12:10.338,2,1.95,,512000000
2026-05-29 14:12:10.329,3,2.24,,512000000
2026-05-29 14:12:10.266,3,2.03,,512000000
2026-05-29 14:12:10.261,3,2.23,,512000000
2026-05-29 14:12:10.176,12,11.31,,512000000
2026-05-29 14:12:10.156,20,19.62,,512000000
2026-05-29 14:12:10.089,2,1.8,,512000000
2026-05-29 14:12:10.037,14,13.92,,512000000
2026-05-29 14:12:09.996,5,4.94,,512000000
2026-05-29 14:12:09.984,2,1.66,,512000000
2026-05-29 14:12:09.961,20,19.86,,512000000
2026-05-29 14:12:09.961,3,2.14,,512000000
2026-05-29 14:12:09.959,2,1.7,,512000000
2026-05-29 14:12:09.951,2,1.98,,512000000
2026-05-29 14:12:09.937,2,1.79,,512000000
2026-05-29 14:12:09.892,2,1.61,,512000000
2026-05-29 14:12:09.891,3,2.21,,512000000
2026-05-29 14:12:09.852,2,1.66,,512000000
2026-05-29 14:12:09.609,2,1.81,,512000000
2026-05-29 14:12:09.589,4,3.92,,512000000
2026-05-29 14:12:09.516,3,2.16,,512000000
2026-05-29 14:12:09.474,5,4.95,,512000000
2026-05-29 14:12:09.455,6,5.94,,512000000
2026-05-29 14:12:09.451,2,1.73,,512000000
2026-05-29 14:12:09.435,10,9.83,,512000000
2026-05-29 14:12:09.435,2,1.94,,512000000
2026-05-29 14:12:09.425,2,1.9,,512000000
2026-05-29 14:12:09.377,3,2.7,,512000000
2026-05-29 14:12:09.376,3,2.09,,512000000
2026-05-29 14:12:09.339,2,1.74,,512000000
2026-05-29 14:12:09.288,2,1.87,,512000000
2026-05-29 14:12:09.276,2,1.93,,512000000
2026-05-29 14:12:09.252,12,11.52,,512000000
2026-05-29 14:12:09.199,2,1.98,,512000000
2026-05-29 14:12:09.180,5,4.3,,512000000
2026-05-29 14:12:09.168,2,1.64,,512000000
2026-05-29 14:12:09.135,11,10.1,,512000000
2026-05-29 14:12:09.117,2,1.77,,512000000
2026-05-29 14:12:09.075,3,2.06,,512000000
2026-05-29 14:12:09.070,3,2.04,,512000000
2026-05-29 14:12:09.022,13,12.08,,512000000
2026-05-29 14:12:09.002,8,7.63,,512000000
2026-05-29 14:12:08.983,2,1.84,,512000000
2026-05-29 14:12:08.955,2,1.74,,512000000
2026-05-29 14:12:08.940,2,1.78,,512000000
2026-05-29 14:12:08.910,2,1.8,,512000000
2026-05-29 14:12:08.895,2,1.85,,512000000
2026-05-29 14:12:08.881,2,1.74,,512000000
2026-05-29 14:12:08.820,3,2.23,,512000000
2026-05-29 14:12:08.817,2,1.72,,512000000
2026-05-29 14:12:08.796,2,1.78,,512000000
2026-05-29 14:12:08.754,2,1.81,,512000000
2026-05-29 14:12:08.741,2,1.92,,512000000
2026-05-29 14:12:08.693,2,1.82,,512000000
2026-05-29 14:12:08.559,3,2.16,,512000000
2026-05-29 14:12:08.540,2,1.75,,512000000
2026-05-29 14:12:08.497,2,1.87,,512000000
2026-05-29 14:12:08.381,2,1.78,,512000000
2026-05-29 14:12:08.367,2,1.66,,512000000
2026-05-29 14:12:08.330,3,2.16,,512000000
2026-05-29 14:12:08.317,2,1.86,,512000000
2026-05-29 14:12:08.236,2,1.83,,512000000
2026-05-29 14:12:08.173,5,4.86,,512000000
2026-05-29 14:12:08.038,10,9.7,,512000000
2026-05-29 14:12:08.021,3,2.43,,512000000
2026-05-29 14:12:08.014,2,1.86,,512000000
2026-05-29 14:12:07.985,2,1.82,,512000000
2026-05-29 14:12:07.949,2,1.75,,512000000
2026-05-29 14:12:07.921,2,1.7,,512000000
2026-05-29 14:12:07.906,2,1.82,,512000000
2026-05-29 14:12:07.841,2,1.95,,512000000
2026-05-29 14:12:07.797,3,2.03,,512000000
2026-05-29 14:12:07.777,2,1.9,,512000000
2026-05-29 14:12:07.643,2,1.72,,512000000
2026-05-29 14:12:07.601,2,1.99,,512000000
2026-05-29 14:12:07.562,2,1.7,,512000000
2026-05-29 14:12:07.546,2,1.69,,512000000
2026-05-29 14:12:07.540,17,16.52,,512000000
2026-05-29 14:12:07.538,2,1.98,,512000000
2026-05-29 14:12:07.497,2,1.85,,512000000
2026-05-29 14:12:07.429,3,2.21,,512000000
2026-05-29 14:12:07.416,2,1.76,,512000000
2026-05-29 14:12:07.408,6,5.61,,512000000
2026-05-29 14:12:07.403,3,2.17,,512000000
2026-05-29 14:12:07.393,2,1.79,,512000000
2026-05-29 14:12:07.369,3,2.03,,512000000
2026-05-29 14:12:07.346,2,1.69,,512000000
2026-05-29 14:12:07.330,2,1.87,,512000000
2026-05-29 14:12:07.301,2,1.79,,512000000
2026-05-29 14:12:07.292,2,1.77,,512000000
2026-05-29 14:12:07.263,2,1.77,,512000000
2026-05-29 14:12:07.248,2,1.87,,512000000
2026-05-29 14:12:07.226,2,1.8,,512000000
2026-05-29 14:12:07.211,2,1.76,,512000000
2026-05-29 14:12:07.192,3,2.44,,512000000
2026-05-29 14:12:07.190,2,1.86,,512000000
2026-05-29 14:12:07.186,2,1.82,,512000000
2026-05-29 14:12:07.170,2,1.82,,512000000
2026-05-29 14:12:07.152,2,1.85,,512000000
2026-05-29 14:12:07.097,14,13.89,,512000000
2026-05-29 14:12:07.042,2,1.86,,512000000
2026-05-29 14:12:07.039,2,1.82,,512000000
2026-05-29 14:12:07.014,2,1.87,,512000000
2026-05-29 14:12:07.008,3,2.09,,512000000
2026-05-29 14:12:06.989,2,1.86,,512000000
2026-05-29 14:12:06.964,2,1.91,,512000000
2026-05-29 14:12:06.929,3,2.49,,512000000
2026-05-29 14:12:06.914,3,2.11,,512000000
2026-05-29 14:12:06.911,2,1.89,,512000000
2026-05-29 14:12:06.890,2,1.79,,512000000
2026-05-29 14:12:06.829,3,2.1,,512000000
2026-05-29 14:12:06.826,2,1.8,,512000000
2026-05-29 14:12:06.807,3,2.04,,512000000
2026-05-29 14:12:06.788,2,1.99,,512000000
2026-05-29 14:12:06.626,3,2.19,,512000000
2026-05-29 14:12:06.606,2,1.76,,512000000
2026-05-29 14:12:06.553,2,1.91,,512000000
2026-05-29 14:12:06.498,2,1.89,,512000000
2026-05-29 14:12:06.498,2,1.63,,512000000
2026-05-29 14:12:06.442,5,4.49,,512000000
2026-05-29 14:12:06.423,2,1.7,,512000000
2026-05-29 14:12:06.387,2,1.71,,512000000
2026-05-29 14:12:06.350,2,1.85,,512000000
2026-05-29 14:12:06.276,2,2,,512000000
2026-05-29 14:12:06.243,3,2.06,,512000000
2026-05-29 14:12:06.231,2,1.92,,512000000
2026-05-29 14:12:06.177,2,1.75,,512000000
2026-05-29 14:12:06.146,2,1.73,,512000000
2026-05-29 14:12:06.052,3,2.17,,512000000
2026-05-29 14:12:05.980,3,2.48,,512000000
2026-05-29 14:12:05.966,3,2.02,,512000000
2026-05-29 14:12:05.960,17,16.01,,512000000
2026-05-29 14:12:05.955,24,23.5,,512000000
2026-05-29 14:12:05.942,2,1.66,,512000000
2026-05-29 14:12:05.916,2,1.82,,512000000
2026-05-29 14:12:05.894,2,1.79,,512000000
2026-05-29 14:12:05.889,2,1.89,,512000000
2026-05-29 14:12:05.887,3,2.8,,512000000
2026-05-29 14:12:05.831,2,1.84,,512000000
2026-05-29 14:12:05.803,2,1.67,,512000000
2026-05-29 14:12:05.778,3,2.02,,512000000
2026-05-29 14:12:05.756,15,14.62,,512000000
2026-05-29 14:12:05.744,2,1.8,,512000000
2026-05-29 14:12:05.708,2,1.89,,512000000
2026-05-29 14:12:05.707,2,1.99,,512000000
2026-05-29 14:12:05.668,2,1.84,,512000000
2026-05-29 14:12:05.656,13,12.63,,512000000
2026-05-29 14:12:05.656,2,1.92,,512000000
2026-05-29 14:12:05.640,2,1.9,,512000000
2026-05-29 14:12:05.606,2,2,,512000000
2026-05-29 14:12:05.601,2,1.84,,512000000
2026-05-29 14:12:05.544,2,1.86,,512000000
2026-05-29 14:12:05.529,2,1.95,,512000000
2026-05-29 14:12:05.517,2,1.81,,512000000
2026-05-29 14:12:05.508,2,1.8,,512000000
2026-05-29 14:12:05.497,3,2.07,,512000000
2026-05-29 14:12:05.490,2,1.91,,512000000
2026-05-29 14:12:05.440,10,9.37,,512000000
2026-05-29 14:12:05.385,2,1.94,,512000000
2026-05-29 14:12:05.375,11,10.36,,512000000
2026-05-29 14:12:05.358,3,2.11,,512000000
2026-05-29 14:12:05.310,2,1.87,,512000000
2026-05-29 14:12:05.284,2,1.99,,512000000
2026-05-29 14:12:05.277,13,12.46,,512000000
2026-05-29 14:12:05.251,2,1.7,,512000000
2026-05-29 14:12:05.186,2,1.74,,512000000
2026-05-29 14:12:05.181,2,1.95,,512000000
2026-05-29 14:12:05.169,2,1.81,,512000000
2026-05-29 14:12:05.131,6,5.58,,512000000
2026-05-29 14:12:05.130,2,1.89,,512000000
2026-05-29 14:12:05.123,3,2.01,,512000000
2026-05-29 14:12:05.052,2,1.96,,512000000
2026-05-29 14:12:04.889,2,1.72,,512000000
2026-05-29 14:12:04.880,10,9.46,,512000000
2026-05-29 14:12:04.868,2,1.68,,512000000
2026-05-29 14:12:04.847,2,1.81,,512000000
2026-05-29 14:12:04.833,2,1.91,,512000000
2026-05-29 14:12:04.828,2,1.73,,512000000
2026-05-29 14:12:04.720,3,2.21,,512000000
2026-05-29 14:12:04.713,2,1.76,,512000000
2026-05-29 14:12:04.561,2,1.88,,512000000
2026-05-29 14:12:04.554,2,1.87,,512000000
2026-05-29 14:12:04.481,2,1.81,,512000000
2026-05-29 14:12:04.459,5,4.59,,512000000
2026-05-29 14:12:04.443,2,1.73,,512000000
2026-05-29 14:12:04.417,2,1.72,,512000000
2026-05-29 14:12:04.416,2,1.87,,512000000
2026-05-29 14:12:04.385,2,1.88,,512000000
2026-05-29 14:12:04.374,2,1.83,,512000000
2026-05-29 14:12:04.362,2,1.9,,512000000
2026-05-29 14:12:04.361,5,4.21,,512000000
2026-05-29 14:12:04.354,3,2.33,,512000000
2026-05-29 14:12:04.344,2,1.79,,512000000
2026-05-29 14:12:04.296,3,2.1,,512000000
2026-05-29 14:12:04.273,4,3.4,,512000000
2026-05-29 14:12:04.254,2,1.88,,512000000
2026-05-29 14:12:04.249,2,1.75,,512000000
2026-05-29 14:12:04.141,3,2.07,,512000000
2026-05-29 14:12:04.136,3,2.14,,512000000
2026-05-29 14:12:04.100,2,1.66,,512000000
2026-05-29 14:12:04.093,6,5.97,,512000000
2026-05-29 14:12:04.092,2,1.7,,512000000
2026-05-29 14:12:04.075,2,1.8,,512000000
2026-05-29 14:12:04.033,2,1.62,,512000000
2026-05-29 14:12:03.976,2,1.9,,512000000
2026-05-29 14:12:03.972,10,9.63,,512000000
2026-05-29 14:12:03.963,2,1.89,,512000000
2026-05-29 14:12:03.932,2,1.77,,512000000
2026-05-29 14:12:03.866,2,1.77,,512000000
2026-05-29 14:12:03.832,2,1.73,,512000000
2026-05-29 14:12:03.785,2,1.72,,512000000
2026-05-29 14:12:03.718,2,1.85,,512000000
2026-05-29 14:12:03.700,2,2,,512000000
2026-05-29 14:12:03.652,2,1.95,,512000000
2026-05-29 14:12:03.648,2,1.82,,512000000
2026-05-29 14:12:03.574,13,12.29,,512000000
2026-05-29 14:12:03.531,2,1.74,,512000000
2026-05-29 14:12:03.505,2,1.71,,512000000
2026-05-29 14:12:03.439,3,2.08,,512000000
2026-05-29 14:12:03.436,2,1.75,,512000000
2026-05-29 14:12:03.434,2,1.75,,512000000
2026-05-29 14:12:03.404,3,2.02,,512000000
2026-05-29 14:12:03.396,7,6.5,,512000000
2026-05-29 14:12:03.319,2,1.85,,512000000
2026-05-29 14:12:03.282,2,1.83,,512000000
2026-05-29 14:12:03.229,3,2.54,,512000000
2026-05-29 14:12:03.163,3,2.14,,512000000
2026-05-29 14:12:03.160,35,34.74,,512000000
2026-05-29 14:12:03.142,20,19.41,,512000000
2026-05-29 14:12:03.084,6,5.21,,512000000
2026-05-29 14:12:03.064,2,1.82,,512000000
2026-05-29 14:12:03.011,2,1.69,,512000000
2026-05-29 14:12:02.921,35,34.77,,512000000
2026-05-29 14:12:02.915,3,2.54,,512000000
2026-05-29 14:12:02.898,3,2.11,,512000000
2026-05-29 14:12:02.847,2,1.67,,512000000
2026-05-29 14:12:02.842,3,2.04,,512000000
2026-05-29 14:12:02.809,2,1.72,,512000000
2026-05-29 14:12:02.742,3,2.05,,512000000
2026-05-29 14:12:02.734,3,2.09,,512000000
2026-05-29 14:12:02.669,2,1.73,,512000000
2026-05-29 14:12:02.618,3,2.38,,512000000
2026-05-29 14:12:02.597,2,1.71,,512000000
2026-05-29 14:12:02.566,2,1.74,,512000000
2026-05-29 14:12:02.535,2,1.7,,512000000
2026-05-29 14:12:02.514,2,1.72,,512000000
2026-05-29 14:12:02.480,3,2.61,,512000000
2026-05-29 14:12:02.468,2,1.61,,512000000
2026-05-29 14:12:02.398,2,1.6,,512000000
2026-05-29 14:12:02.393,7,6.66,,512000000
2026-05-29 14:12:02.357,15,14.43,,512000000
2026-05-29 14:12:02.355,2,1.72,,512000000
2026-05-29 14:12:02.334,2,1.69,,512000000
2026-05-29 14:12:02.283,3,2.64,,512000000
2026-05-29 14:12:02.242,43,42.24,,512000000
2026-05-29 14:12:02.204,2,1.83,,512000000
2026-05-29 14:12:02.195,2,1.97,,512000000
2026-05-29 14:12:02.154,6,5.28,,512000000
2026-05-29 14:12:02.142,19,18.6,,512000000
2026-05-29 14:12:02.123,3,2.19,,512000000
2026-05-29 14:12:02.122,2,1.92,,512000000
2026-05-29 14:12:02.093,3,2.31,,512000000
2026-05-29 14:12:01.982,2,1.72,,512000000
2026-05-29 14:12:01.953,2,1.58,,512000000
2026-05-29 14:12:01.927,5,4.28,,512000000
2026-05-29 14:12:01.911,2,1.9,,512000000
2026-05-29 14:12:01.889,2,1.85,,512000000
2026-05-29 14:12:01.828,2,1.89,,512000000
2026-05-29 14:12:01.823,3,2.2,,512000000
2026-05-29 14:12:01.820,2,1.73,,512000000
2026-05-29 14:12:01.811,2,1.84,,512000000
2026-05-29 14:12:01.758,2,1.91,,512000000
2026-05-29 14:12:01.713,4,3.45,,512000000
2026-05-29 14:12:01.705,2,1.82,,512000000
2026-05-29 14:12:01.700,3,2.05,,512000000
2026-05-29 14:12:01.616,2,1.79,,512000000
2026-05-29 14:12:01.583,2,1.87,,512000000
2026-05-29 14:12:01.551,3,2.21,,512000000
2026-05-29 14:12:01.532,2,1.79,,512000000
2026-05-29 14:12:01.491,8,7.47,,512000000
2026-05-29 14:12:01.483,2,1.82,,512000000
2026-05-29 14:12:01.476,2,1.97,,512000000
2026-05-29 14:12:01.453,2,1.67,,512000000
2026-05-29 14:12:01.428,2,1.93,,512000000
2026-05-29 14:12:01.342,2,1.74,,512000000
2026-05-29 14:12:01.328,2,1.95,,512000000
2026-05-29 14:12:01.323,2,1.82,,512000000
2026-05-29 14:12:01.300,2,1.87,,512000000
2026-05-29 14:12:01.207,2,1.9,,512000000
2026-05-29 14:12:01.195,2,2,,512000000
2026-05-29 14:12:01.190,2,1.81,,512000000
2026-05-29 14:12:01.170,2,1.67,,512000000
2026-05-29 14:12:01.153,2,1.89,,512000000
2026-05-29 14:12:01.095,2,1.85,,512000000
2026-05-29 14:12:01.073,2,1.91,,512000000
2026-05-29 14:12:01.059,2,1.79,,512000000
2026-05-29 14:12:01.000,7,6.39,,512000000
2026-05-29 14:12:00.992,2,1.95,,512000000
2026-05-29 14:12:00.983,4,3.53,,512000000
2026-05-29 14:12:00.967,3,2.21,,512000000
2026-05-29 14:12:00.959,2,1.93,,512000000
2026-05-29 14:12:00.959,3,2.14,,512000000
2026-05-29 14:12:00.917,3,2.4,,512000000
2026-05-29 14:12:00.861,3,2.95,,512000000
2026-05-29 14:12:00.772,2,1.97,,512000000
2026-05-29 14:12:00.755,2,1.83,,512000000
2026-05-29 14:12:00.741,2,1.79,,512000000
2026-05-29 14:12:00.710,3,2.06,,512000000
2026-05-29 14:12:00.692,3,2.06,,512000000
2026-05-29 14:12:00.678,5,4.8,,512000000
2026-05-29 14:12:00.677,2,1.72,,512000000
2026-05-29 14:12:00.665,2,1.73,,512000000
2026-05-29 14:12:00.635,2,1.72,,512000000
2026-05-29 14:12:00.596,2,1.85,,512000000
2026-05-29 14:12:00.594,2,1.7,,512000000
2026-05-29 14:12:00.551,2,1.73,,512000000
2026-05-29 14:12:00.463,2,1.72,,512000000
2026-05-29 14:12:00.445,2,1.87,,512000000
2026-05-29 14:12:00.430,2,1.84,,512000000
2026-05-29 14:12:00.361,67,66.76,,512000000
2026-05-29 14:12:00.342,2,1.81,,512000000
2026-05-29 14:12:00.305,2,1.99,,512000000
2026-05-29 14:12:00.276,2,1.84,,512000000
2026-05-29 14:12:00.261,24,23.13,,512000000
2026-05-29 14:12:00.214,3,2.23,,512000000
2026-05-29 14:12:00.185,2,1.65,,512000000
2026-05-29 14:12:00.161,2,1.91,,512000000
2026-05-29 14:12:00.140,2,1.97,,512000000
2026-05-29 14:12:00.117,8,7.58,,512000000
2026-05-29 14:12:00.101,2,1.92,,512000000
2026-05-29 14:12:00.022,7,6,,512000000
2026-05-29 14:11:59.973,3,2.11,,512000000
2026-05-29 14:11:59.940,2,1.72,,512000000
2026-05-29 14:11:59.912,3,2.49,,512000000
2026-05-29 14:11:59.903,3,2.05,,512000000
2026-05-29 14:11:59.868,2,1.73,,512000000
2026-05-29 14:11:59.856,2,1.92,,512000000
2026-05-29 14:11:59.840,2,1.73,,512000000
2026-05-29 14:11:59.802,8,7.66,,512000000
2026-05-29 14:11:59.785,26,25.66,,512000000
2026-05-29 14:11:59.745,3,2.19,,512000000
2026-05-29 14:11:59.737,3,2.44,,512000000
2026-05-29 14:11:59.726,2,1.72,,512000000
2026-05-29 14:11:59.650,2,1.8,,512000000
2026-05-29 14:11:59.643,2,1.97,,512000000
2026-05-29 14:11:59.586,2,1.81,,512000000
2026-05-29 14:11:59.572,3,2.13,,512000000
2026-05-29 14:11:59.556,10,9.3,,512000000
2026-05-29 14:11:59.536,4,3.41,,512000000
2026-05-29 14:11:59.518,2,1.72,,512000000
2026-05-29 14:11:59.375,2,1.81,,512000000
2026-05-29 14:11:59.363,2,1.93,,512000000
2026-05-29 14:11:59.333,3,2.06,,512000000
2026-05-29 14:11:59.315,2,1.98,,512000000
2026-05-29 14:11:59.283,3,2.04,,512000000
2026-05-29 14:11:59.223,2,1.72,,512000000
2026-05-29 14:11:59.182,3,2.09,,512000000
2026-05-29 14:11:59.174,7,6.81,,512000000
2026-05-29 14:11:59.054,3,2.03,,512000000
2026-05-29 14:11:59.040,3,2.08,,512000000
2026-05-29 14:11:59.037,3,2.07,,512000000
2026-05-29 14:11:59.024,2,1.91,,512000000
2026-05-29 14:11:59.003,2,1.8,,512000000
2026-05-29 14:11:58.996,31,30.29,,512000000
2026-05-29 14:11:58.990,4,3.18,,512000000
2026-05-29 14:11:58.981,15,14.87,,512000000
2026-05-29 14:11:58.973,6,5.23,,512000000
2026-05-29 14:11:58.963,3,2.13,,512000000
2026-05-29 14:11:58.958,2,1.76,,512000000
2026-05-29 14:11:58.954,3,2.12,,512000000
2026-05-29 14:11:58.949,3,2.48,,512000000
2026-05-29 14:11:58.933,3,2.2,,512000000
2026-05-29 14:11:58.928,4,3.48,,512000000
2026-05-29 14:11:58.922,3,2.89,,512000000
2026-05-29 14:11:58.922,2,1.84,,512000000
2026-05-29 14:11:58.872,2,1.9,,512000000
2026-05-29 14:11:58.836,2,1.82,,512000000
2026-05-29 14:11:58.801,2,1.7,,512000000
2026-05-29 14:11:58.634,3,2.04,,512000000
2026-05-29 14:11:58.590,2,1.83,,512000000
2026-05-29 14:11:58.546,2,1.8,,512000000
2026-05-29 14:11:58.540,39,38.21,,512000000
2026-05-29 14:11:58.534,2,1.76,,512000000
2026-05-29 14:11:58.526,2,1.6,,512000000
2026-05-29 14:11:58.485,2,1.96,,512000000
2026-05-29 14:11:58.469,2,1.92,,512000000
2026-05-29 14:11:58.438,2,1.64,,512000000
2026-05-29 14:11:58.371,3,2.09,,512000000
2026-05-29 14:11:58.311,4,3.43,,512000000
2026-05-29 14:11:58.307,2,1.89,,512000000
2026-05-29 14:11:58.297,2,1.47,,512000000
2026-05-29 14:11:58.250,2,1.58,,512000000
2026-05-29 14:11:58.238,2,2,,512000000
2026-05-29 14:11:58.217,2,1.85,,512000000
2026-05-29 14:11:58.192,2,1.86,,512000000
2026-05-29 14:11:58.155,4,3.43,,512000000
2026-05-29 14:11:58.153,2,1.69,,512000000
2026-05-29 14:11:58.090,2,1.88,,512000000
2026-05-29 14:11:58.086,3,2.07,,512000000
2026-05-29 14:11:58.020,2,1.65,,512000000
2026-05-29 14:11:57.978,2,1.77,,512000000
2026-05-29 14:11:57.953,2,1.72,,512000000
2026-05-29 14:11:57.947,5,4.09,,512000000
2026-05-29 14:11:57.901,3,2.11,,512000000
2026-05-29 14:11:57.886,25,24.23,,512000000
2026-05-29 14:11:57.878,2,1.81,,512000000
2026-05-29 14:11:57.846,45,44.46,,512000000
2026-05-29 14:11:57.770,2,1.87,,512000000
2026-05-29 14:11:57.710,2,1.99,,512000000
2026-05-29 14:11:57.690,5,4.11,,512000000
2026-05-29 14:11:57.676,2,1.78,,512000000
2026-05-29 14:11:57.670,2,1.97,,512000000
2026-05-29 14:11:57.646,2,1.64,,512000000
2026-05-29 14:11:57.644,2,1.98,,512000000
2026-05-29 14:11:57.621,2,1.7,,512000000
2026-05-29 14:11:57.571,3,2.03,,512000000
2026-05-29 14:11:57.547,3,2.1,,512000000
2026-05-29 14:11:57.530,2,1.97,,512000000
2026-05-29 14:11:57.520,2,1.84,,512000000
2026-05-29 14:11:57.489,5,4.79,,512000000
2026-05-29 14:11:57.452,2,1.99,,512000000
2026-05-29 14:11:57.413,3,2.07,,512000000
2026-05-29 14:11:57.315,2,1.99,,512000000
2026-05-29 14:11:57.187,2,1.41,,512000000
2026-05-29 14:11:57.174,2,1.76,,512000000
2026-05-29 14:11:57.166,15,14.99,,512000000
2026-05-29 14:11:57.162,6,5.77,,512000000
2026-05-29 14:11:57.147,2,1.73,,512000000
2026-05-29 14:11:57.087,3,2.04,,512000000
2026-05-29 14:11:57.063,7,6.83,,512000000
2026-05-29 14:11:57.035,3,2.29,,512000000
2026-05-29 14:11:57.031,3,2.05,,512000000
2026-05-29 14:11:56.962,2,1.92,,512000000
2026-05-29 14:11:56.962,2,1.89,,512000000
2026-05-29 14:11:56.924,2,1.93,,512000000
2026-05-29 14:11:56.908,2,1.9,,512000000
2026-05-29 14:11:56.903,2,1.84,,512000000
2026-05-29 14:11:56.887,3,2.17,,512000000
2026-05-29 14:11:56.870,2,1.87,,512000000
2026-05-29 14:11:56.845,2,1.77,,512000000
2026-05-29 14:11:56.827,2,1.5,,512000000
2026-05-29 14:11:56.813,2,1.95,,512000000
2026-05-29 14:11:56.794,2,1.82,,512000000
2026-05-29 14:11:56.730,2,1.98,,512000000
2026-05-29 14:11:56.703,3,2.26,,512000000
2026-05-29 14:11:56.701,3,2.1,,512000000
2026-05-29 14:11:56.698,2,1.84,,512000000
2026-05-29 14:11:56.676,3,2.11,,512000000
2026-05-29 14:11:56.603,2,1.66,,512000000
2026-05-29 14:11:56.586,38,37.4,,512000000
2026-05-29 14:11:56.571,2,1.78,,512000000
2026-05-29 14:11:56.570,2,1.76,,512000000
2026-05-29 14:11:56.560,2,1.65,,512000000
2026-05-29 14:11:56.518,2,1.94,,512000000
2026-05-29 14:11:56.514,2,1.72,,512000000
2026-05-29 14:11:56.491,2,1.73,,512000000
2026-05-29 14:11:56.486,2,1.75,,512000000
2026-05-29 14:11:56.484,2,1.9,,512000000
2026-05-29 14:11:56.443,3,2.1,,512000000
2026-05-29 14:11:56.408,2,1.86,,512000000
2026-05-29 14:11:56.388,2,1.98,,512000000
2026-05-29 14:11:56.373,2,1.87,,512000000
2026-05-29 14:11:56.345,4,3.01,,512000000
2026-05-29 14:11:56.314,2,1.97,,512000000
2026-05-29 14:11:56.299,2,1.73,,512000000
2026-05-29 14:11:56.282,3,2.23,,512000000
2026-05-29 14:11:56.183,2,1.86,,512000000
2026-05-29 14:11:56.164,2,1.99,,512000000
2026-05-29 14:11:56.144,3,2.07,,512000000
2026-05-29 14:11:56.109,2,1.74,,512000000
2026-05-29 14:11:56.071,3,2.02,,512000000
2026-05-29 14:11:56.052,2,1.78,,512000000
2026-05-29 14:11:55.983,3,2.04,,512000000
2026-05-29 14:11:55.959,2,1.85,,512000000
2026-05-29 14:11:55.883,2,1.86,,512000000
2026-05-29 14:11:55.847,2,1.91,,512000000
2026-05-29 14:11:55.814,2,1.8,,512000000
2026-05-29 14:11:55.762,15,14.05,,512000000
2026-05-29 14:11:55.729,2,1.85,,512000000
2026-05-29 14:11:55.719,21,20.78,,512000000
2026-05-29 14:11:55.699,2,1.73,,512000000
2026-05-29 14:11:55.647,26,25.84,,512000000
2026-05-29 14:11:55.628,3,2.38,,512000000
2026-05-29 14:11:55.606,3,2.39,,512000000
2026-05-29 14:11:55.576,3,2.06,,512000000
2026-05-29 14:11:55.537,3,2.26,,512000000
2026-05-29 14:11:55.446,5,4.18,,512000000
2026-05-29 14:11:55.434,2,1.92,,512000000
2026-05-29 14:11:55.414,2,1.77,,512000000
2026-05-29 14:11:55.405,2,1.71,,512000000
2026-05-29 14:11:55.361,13,12.74,,512000000
2026-05-29 14:11:55.339,2,1.9,,512000000
2026-05-29 14:11:55.320,4,3.31,,512000000
2026-05-29 14:11:55.301,20,19.39,,512000000
2026-05-29 14:11:55.280,4,3.04,,512000000
2026-05-29 14:11:55.279,21,20.66,,512000000
2026-05-29 14:11:55.263,3,2.54,,512000000
2026-05-29 14:11:55.248,2,1.79,,512000000
2026-05-29 14:11:55.218,2,1.83,,512000000
2026-05-29 14:11:55.180,2,1.87,,512000000
2026-05-29 14:11:55.156,2,1.81,,512000000
2026-05-29 14:11:55.073,2,1.96,,512000000
2026-05-29 14:11:55.061,2,1.76,,512000000
2026-05-29 14:11:55.044,2,1.81,,512000000
2026-05-29 14:11:55.008,2,1.88,,512000000
2026-05-29 14:11:54.997,3,2.11,,512000000
2026-05-29 14:11:54.977,3,2.29,,512000000
2026-05-29 14:11:54.937,2,1.75,,512000000
2026-05-29 14:11:54.907,3,2.31,,512000000
2026-05-29 14:11:54.872,2,1.79,,512000000
2026-05-29 14:11:54.860,2,1.82,,512000000
2026-05-29 14:11:54.855,2,1.91,,512000000
2026-05-29 14:11:54.848,3,2.07,,512000000
2026-05-29 14:11:54.839,8,7.61,,512000000
2026-05-29 14:11:54.837,2,1.66,,512000000
2026-05-29 14:11:54.784,2,1.85,,512000000
2026-05-29 14:11:54.711,2,1.78,,512000000
2026-05-29 14:11:54.704,2,1.65,,512000000
2026-05-29 14:11:54.694,2,1.68,,512000000
2026-05-29 14:11:54.693,3,2.1,,512000000
2026-05-29 14:11:54.690,2,1.97,,512000000
2026-05-29 14:11:54.671,2,1.97,,512000000
2026-05-29 14:11:54.646,2,1.72,,512000000
2026-05-29 14:11:54.605,2,1.65,,512000000
2026-05-29 14:11:54.549,2,1.72,,512000000
2026-05-29 14:11:54.509,2,1.91,,512000000
2026-05-29 14:11:54.497,3,2.01,,512000000
2026-05-29 14:11:54.479,14,13.83,,512000000
2026-05-29 14:11:54.443,2,1.81,,512000000
2026-05-29 14:11:54.437,2,1.72,,512000000
2026-05-29 14:11:54.369,2,1.79,,512000000
2026-05-29 14:11:54.319,35,34.17,,512000000
2026-05-29 14:11:54.268,3,2.15,,512000000
2026-05-29 14:11:54.260,3,2.38,,512000000
2026-05-29 14:11:54.202,2,1.65,,512000000
2026-05-29 14:11:54.164,2,1.95,,512000000
2026-05-29 14:11:54.125,3,2.17,,512000000
2026-05-29 14:11:54.101,2,1.63,,512000000
2026-05-29 14:11:54.052,2,1.85,,512000000
2026-05-29 14:11:54.028,3,2.53,,512000000
2026-05-29 14:11:53.976,2,1.78,,512000000
2026-05-29 14:11:53.955,2,1.82,,512000000
2026-05-29 14:11:53.937,2,1.67,,512000000
2026-05-29 14:11:53.878,3,2.41,,512000000
2026-05-29 14:11:53.848,2,1.76,,512000000
2026-05-29 14:11:53.820,2,1.91,,512000000
2026-05-29 14:11:53.791,3,2.09,,512000000
2026-05-29 14:11:53.760,6,5.86,,512000000
2026-05-29 14:11:53.700,15,14.03,,512000000
2026-05-29 14:11:53.699,3,2.02,,512000000
2026-05-29 14:11:53.680,3,2.07,,512000000
2026-05-29 14:11:53.680,22,21.96,,512000000
2026-05-29 14:11:53.670,2,1.7,,512000000
2026-05-29 14:11:53.631,2,1.53,,512000000
2026-05-29 14:11:53.622,2,1.94,,512000000
2026-05-29 14:11:53.578,2,1.98,,512000000
2026-05-29 14:11:53.560,3,2.14,,512000000
2026-05-29 14:11:53.551,2,1.87,,512000000
2026-05-29 14:11:53.548,3,2.16,,512000000
2026-05-29 14:11:53.545,2,1.77,,512000000
2026-05-29 14:11:53.489,3,2.08,,512000000
2026-05-29 14:11:53.462,2,1.8,,512000000
2026-05-29 14:11:53.446,2,1.9,,512000000
2026-05-29 14:11:53.434,6,5.65,,512000000
2026-05-29 14:11:53.384,4,3.06,,512000000
2026-05-29 14:11:53.383,3,2.17,,512000000
2026-05-29 14:11:53.378,2,1.81,,512000000
2026-05-29 14:11:53.361,2,1.85,,512000000
2026-05-29 14:11:53.358,2,1.68,,512000000
2026-05-29 14:11:53.325,3,2.6,,512000000
2026-05-29 14:11:53.284,8,7.96,,512000000
2026-05-29 14:11:53.270,2,1.98,,512000000
2026-05-29 14:11:53.270,3,2.02,,512000000
2026-05-29 14:11:53.241,2,1.91,,512000000
2026-05-29 14:11:53.128,3,2.03,,512000000
2026-05-29 14:11:53.120,2,1.97,,512000000
2026-05-29 14:11:53.116,17,16.96,,512000000
2026-05-29 14:11:53.078,3,2.04,,512000000
2026-05-29 14:11:52.989,2,1.94,,512000000
2026-05-29 14:11:52.988,2,1.87,,512000000
2026-05-29 14:11:52.956,2,1.75,,512000000
2026-05-29 14:11:52.953,3,2.13,,512000000
2026-05-29 14:11:52.900,2,1.94,,512000000
2026-05-29 14:11:52.888,2,1.92,,512000000
2026-05-29 14:11:52.881,3,2.05,,512000000
2026-05-29 14:11:52.878,2,1.66,,512000000
2026-05-29 14:11:52.826,2,1.79,,512000000
2026-05-29 14:11:52.806,2,1.73,,512000000
2026-05-29 14:11:52.700,5,4.65,,512000000
2026-05-29 14:11:52.693,2,1.97,,512000000
2026-05-29 14:11:52.672,3,2.05,,512000000
2026-05-29 14:11:52.663,2,1.87,,512000000
2026-05-29 14:11:52.589,2,1.67,,512000000
2026-05-29 14:11:52.567,2,1.88,,512000000
2026-05-29 14:11:52.530,2,1.89,,512000000
2026-05-29 14:11:52.523,11,10.87,,512000000
2026-05-29 14:11:52.469,3,2.72,,512000000
2026-05-29 14:11:52.442,2,1.9,,512000000
2026-05-29 14:11:52.385,3,2.24,,512000000
2026-05-29 14:11:52.318,2,1.86,,512000000
2026-05-29 14:11:52.282,4,3.33,,512000000
2026-05-29 14:11:52.279,19,18.41,,512000000
2026-05-29 14:11:52.250,2,1.83,,512000000
2026-05-29 14:11:52.207,2,1.74,,512000000
2026-05-29 14:11:52.192,2,1.78,,512000000
2026-05-29 14:11:52.181,2,1.74,,512000000
2026-05-29 14:11:52.167,4,3.69,,512000000
2026-05-29 14:11:52.161,3,2.26,,512000000
2026-05-29 14:11:52.155,2,1.76,,512000000
2026-05-29 14:11:52.133,5,4.62,,512000000
2026-05-29 14:11:52.128,3,2.08,,512000000
2026-05-29 14:11:52.082,2,1.72,,512000000
2026-05-29 14:11:52.051,2,1.83,,512000000
2026-05-29 14:11:52.034,2,1.81,,512000000
2026-05-29 14:11:52.006,2,1.84,,512000000
2026-05-29 14:11:51.926,2,1.69,,512000000
2026-05-29 14:11:51.925,3,2.03,,512000000
2026-05-29 14:11:51.906,2,1.73,,512000000
2026-05-29 14:11:51.898,15,14.09,,512000000
2026-05-29 14:11:51.827,2,1.8,,512000000
2026-05-29 14:11:51.707,2,1.72,,512000000
2026-05-29 14:11:51.696,2,1.82,,512000000
2026-05-29 14:11:51.694,2,1.88,,512000000
2026-05-29 14:11:51.674,2,1.76,,512000000
2026-05-29 14:11:51.653,3,2.03,,512000000
2026-05-29 14:11:51.603,3,2.01,,512000000
2026-05-29 14:11:51.581,3,2.31,,512000000
2026-05-29 14:11:51.579,3,2.21,,512000000
2026-05-29 14:11:51.546,3,2.18,,512000000
2026-05-29 14:11:51.524,2,1.78,,512000000
2026-05-29 14:11:51.518,2,1.93,,512000000
2026-05-29 14:11:51.501,6,5.67,,512000000
2026-05-29 14:11:51.500,21,20.71,,512000000
2026-05-29 14:11:51.446,2,1.82,,512000000
2026-05-29 14:11:51.439,2,1.82,,512000000
2026-05-29 14:11:51.426,2,1.62,,512000000
2026-05-29 14:11:51.421,2,1.82,,512000000
2026-05-29 14:11:51.377,6,5.87,,512000000
2026-05-29 14:11:51.361,2,1.8,,512000000
2026-05-29 14:11:51.343,2,1.76,,512000000
2026-05-29 14:11:51.337,2,1.97,,512000000
2026-05-29 14:11:51.336,3,2.4,,512000000
2026-05-29 14:11:51.298,2,1.91,,512000000
2026-05-29 14:11:51.281,2,1.71,,512000000
2026-05-29 14:11:51.267,2,1.81,,512000000
2026-05-29 14:11:51.226,2,1.8,,512000000
2026-05-29 14:11:51.132,3,2.05,,512000000
2026-05-29 14:11:51.114,3,2.11,,512000000
2026-05-29 14:11:50.934,7,6.7,,512000000
2026-05-29 14:11:50.881,2,1.62,,512000000
2026-05-29 14:11:50.821,2,1.81,,512000000
2026-05-29 14:11:50.800,2,1.91,,512000000
2026-05-29 14:11:50.797,3,2.35,,512000000
2026-05-29 14:11:50.791,2,1.67,,512000000
2026-05-29 14:11:50.781,3,2.35,,512000000
2026-05-29 14:11:50.756,2,1.75,,512000000
2026-05-29 14:11:50.733,3,2.09,,512000000
2026-05-29 14:11:50.732,2,1.75,,512000000
2026-05-29 14:11:50.727,3,2.08,,512000000
2026-05-29 14:11:50.662,3,2.24,,512000000
2026-05-29 14:11:50.606,2,1.77,,512000000
2026-05-29 14:11:50.599,18,17.86,,512000000
2026-05-29 14:11:50.599,3,2.02,,512000000
2026-05-29 14:11:50.589,2,1.78,,512000000
2026-05-29 14:11:50.575,2,1.63,,512000000
2026-05-29 14:11:50.542,9,8.62,,512000000
2026-05-29 14:11:50.498,4,3.9,,512000000
2026-05-29 14:11:50.451,2,1.87,,512000000
2026-05-29 14:11:50.427,2,1.96,,512000000
2026-05-29 14:11:50.417,3,2.18,,512000000
2026-05-29 14:11:50.366,3,2.05,,512000000
2026-05-29 14:11:50.358,3,2.2,,512000000
2026-05-29 14:11:50.338,25,24.27,,512000000
2026-05-29 14:11:50.327,3,2.16,,512000000
2026-05-29 14:11:50.293,2,1.7,,512000000
2026-05-29 14:11:50.275,2,1.83,,512000000
2026-05-29 14:11:50.267,2,1.81,,512000000
2026-05-29 14:11:50.260,2,1.98,,512000000
2026-05-29 14:11:50.219,3,2.37,,512000000
2026-05-29 14:11:50.196,2,1.92,,512000000
2026-05-29 14:11:50.158,13,12.08,,512000000
2026-05-29 14:11:50.153,3,2.2,,512000000
2026-05-29 14:11:50.116,3,2.94,,512000000
2026-05-29 14:11:50.107,2,1.84,,512000000
2026-05-29 14:11:50.063,3,2.17,,512000000
2026-05-29 14:11:50.050,3,2.02,,512000000
2026-05-29 14:11:50.049,2,1.56,,512000000
2026-05-29 14:11:49.973,2,1.99,,512000000
2026-05-29 14:11:49.957,3,2.48,,512000000
2026-05-29 14:11:49.926,2,1.86,,512000000
2026-05-29 14:11:49.877,2,1.86,,512000000
2026-05-29 14:11:49.826,3,2.18,,512000000
2026-05-29 14:11:49.822,6,5.04,,512000000
2026-05-29 14:11:49.818,7,6.31,,512000000
2026-05-29 14:11:49.802,2,1.95,,512000000
2026-05-29 14:11:49.773,2,1.83,,512000000
2026-05-29 14:11:49.734,2,1.77,,512000000
2026-05-29 14:11:49.708,2,1.85,,512000000
2026-05-29 14:11:49.659,2,1.85,,512000000
2026-05-29 14:11:49.658,2,1.79,,512000000
2026-05-29 14:11:49.617,3,2.13,,512000000
2026-05-29 14:11:49.586,3,2.02,,512000000
2026-05-29 14:11:49.531,3,2.32,,512000000
2026-05-29 14:11:49.426,4,3.41,,512000000
2026-05-29 14:11:49.385,2,1.81,,512000000
2026-05-29 14:11:49.365,3,2.13,,512000000
2026-05-29 14:11:49.337,2,1.96,,512000000
2026-05-29 14:11:49.332,2,1.48,,512000000
2026-05-29 14:11:49.331,2,1.71,,512000000
2026-05-29 14:11:49.322,4,3.94,,512000000
2026-05-29 14:11:49.210,6,5.73,,512000000
2026-05-29 14:11:49.195,2,1.62,,512000000
2026-05-29 14:11:49.193,2,1.97,,512000000
2026-05-29 14:11:49.138,2,1.8,,512000000
2026-05-29 14:11:49.136,2,1.82,,512000000
2026-05-29 14:11:49.074,2,1.88,,512000000
2026-05-29 14:11:49.062,3,2.24,,512000000
2026-05-29 14:11:49.024,5,4.37,,512000000
2026-05-29 14:11:49.006,2,1.83,,512000000
2026-05-29 14:11:48.980,4,3.65,,512000000
2026-05-29 14:11:48.941,3,2.24,,512000000
2026-05-29 14:11:48.843,24,23.88,,512000000
2026-05-29 14:11:48.838,2,1.98,,512000000
2026-05-29 14:11:48.830,2,1.92,,512000000
2026-05-29 14:11:48.824,3,2.18,,512000000
2026-05-29 14:11:48.818,23,22.75,,512000000
2026-05-29 14:11:48.797,2,1.9,,512000000
2026-05-29 14:11:48.796,2,1.99,,512000000
2026-05-29 14:11:48.733,4,3.31,,512000000
2026-05-29 14:11:48.715,2,1.82,,512000000
2026-05-29 14:11:48.654,3,2.27,,512000000
2026-05-29 14:11:48.635,3,2.91,,512000000
2026-05-29 14:11:48.632,3,2.37,,512000000
2026-05-29 14:11:48.625,2,1.72,,512000000
2026-05-29 14:11:48.615,3,2.23,,512000000
2026-05-29 14:11:48.577,3,2.53,,512000000
2026-05-29 14:11:48.559,2,1.98,,512000000
2026-05-29 14:11:48.520,2,1.74,,512000000
2026-05-29 14:11:48.505,4,3.05,,512000000
2026-05-29 14:11:48.499,2,1.65,,512000000
2026-05-29 14:11:48.467,3,2.08,,512000000
2026-05-29 14:11:48.444,2,1.75,,512000000
2026-05-29 14:11:48.443,2,1.67,,512000000
2026-05-29 14:11:48.413,2,2,,512000000
2026-05-29 14:11:48.381,2,1.9,,512000000
2026-05-29 14:11:48.357,25,24.18,,512000000
2026-05-29 14:11:48.341,2,1.61,,512000000
2026-05-29 14:11:48.327,2,1.8,,512000000
2026-05-29 14:11:48.239,27,26.31,,512000000
2026-05-29 14:11:48.202,3,2.35,,512000000
2026-05-29 14:11:48.154,3,2.25,,512000000
2026-05-29 14:11:48.049,2,1.87,,512000000
2026-05-29 14:11:48.035,3,2.17,,512000000
2026-05-29 14:11:48.016,2,1.87,,512000000
2026-05-29 14:11:47.980,2,1.93,,512000000
2026-05-29 14:11:47.951,3,2.12,,512000000
2026-05-29 14:11:47.926,2,1.67,,512000000
2026-05-29 14:11:47.872,2,1.89,,512000000
2026-05-29 14:11:47.847,2,1.7,,512000000
2026-05-29 14:11:47.824,2,1.8,,512000000
2026-05-29 14:11:47.769,2,1.7,,512000000
2026-05-29 14:11:47.710,2,1.93,,512000000
2026-05-29 14:11:47.705,2,1.87,,512000000
2026-05-29 14:11:47.662,2,1.77,,512000000
2026-05-29 14:11:47.649,3,2.11,,512000000
2026-05-29 14:11:47.630,3,2.07,,512000000
2026-05-29 14:11:47.615,2,1.66,,512000000
2026-05-29 14:11:47.605,11,10.72,,512000000
2026-05-29 14:11:47.594,2,1.88,,512000000
2026-05-29 14:11:47.586,11,10.11,,512000000
2026-05-29 14:11:47.584,2,1.83,,512000000
2026-05-29 14:11:47.561,5,4.41,,512000000
2026-05-29 14:11:47.546,3,2.21,,512000000
2026-05-29 14:11:47.499,2,1.9,,512000000
2026-05-29 14:11:47.480,2,1.88,,512000000
2026-05-29 14:11:47.442,2,1.86,,512000000
2026-05-29 14:11:47.346,3,2.05,,512000000
2026-05-29 14:11:47.309,2,1.94,,512000000
2026-05-29 14:11:47.298,9,8.49,,512000000
2026-05-29 14:11:47.269,5,4.1,,512000000
2026-05-29 14:11:47.221,3,2.53,,512000000
2026-05-29 14:11:47.204,2,1.84,,512000000
2026-05-29 14:11:47.201,2,1.88,,512000000
2026-05-29 14:11:47.176,2,1.5,,512000000
2026-05-29 14:11:47.165,3,2.23,,512000000
2026-05-29 14:11:47.125,6,5.62,,512000000
2026-05-29 14:11:47.120,37,36.81,,512000000
2026-05-29 14:11:47.077,3,2.31,,512000000
2026-05-29 14:11:47.060,2,1.77,,512000000
2026-05-29 14:11:47.031,2,1.88,,512000000
2026-05-29 14:11:46.990,2,1.98,,512000000
2026-05-29 14:11:46.965,3,2.09,,512000000
2026-05-29 14:11:46.958,2,1.74,,512000000
2026-05-29 14:11:46.905,3,2.53,,512000000
2026-05-29 14:11:46.890,3,2.02,,512000000
2026-05-29 14:11:46.877,3,2.07,,512000000
2026-05-29 14:11:46.862,8,7.66,,512000000
2026-05-29 14:11:46.843,2,1.91,,512000000
2026-05-29 14:11:46.816,16,15.2,,512000000
2026-05-29 14:11:46.814,3,2.1,,512000000
2026-05-29 14:11:46.756,4,3.85,,512000000
2026-05-29 14:11:46.731,3,2.34,,512000000
2026-05-29 14:11:46.683,2,1.97,,512000000
2026-05-29 14:11:46.652,2,1.87,,512000000
2026-05-29 14:11:46.592,2,1.73,,512000000
2026-05-29 14:11:46.560,2,1.9,,512000000
2026-05-29 14:11:46.531,3,2.26,,512000000
2026-05-29 14:11:46.521,2,1.89,,512000000
2026-05-29 14:11:46.521,3,2.89,,512000000
2026-05-29 14:11:46.511,2,1.79,,512000000
2026-05-29 14:11:46.501,5,4.42,,512000000
2026-05-29 14:11:46.471,4,3.27,,512000000
2026-05-29 14:11:46.366,3,2.04,,512000000
2026-05-29 14:11:46.344,3,2.14,,512000000
2026-05-29 14:11:46.344,2,1.75,,512000000
2026-05-29 14:11:46.302,2,1.9,,512000000
2026-05-29 14:11:46.223,3,2.01,,512000000
2026-05-29 14:11:46.212,3,2.08,,512000000
2026-05-29 14:11:46.169,2,1.9,,512000000
2026-05-29 14:11:46.163,3,2.02,,512000000
2026-05-29 14:11:46.143,3,2.05,,512000000
2026-05-29 14:11:46.124,3,2.21,,512000000
2026-05-29 14:11:46.114,27,26.76,,512000000
2026-05-29 14:11:46.093,13,12.11,,512000000
2026-05-29 14:11:46.059,3,2.38,,512000000
2026-05-29 14:11:45.985,2,1.89,,512000000
2026-05-29 14:11:45.971,2,1.68,,512000000
2026-05-29 14:11:45.970,3,2.22,,512000000
2026-05-29 14:11:45.952,4,3.95,,512000000
2026-05-29 14:11:45.887,3,2.03,,512000000
2026-05-29 14:11:45.882,2,1.83,,512000000
2026-05-29 14:11:45.823,2,1.92,,512000000
2026-05-29 14:11:45.806,2,1.73,,512000000
2026-05-29 14:11:45.754,2,1.72,,512000000
2026-05-29 14:11:45.753,2,1.72,,512000000
2026-05-29 14:11:45.707,3,2.19,,512000000
2026-05-29 14:11:45.699,2,1.75,,512000000
2026-05-29 14:11:45.697,2,1.86,,512000000
2026-05-29 14:11:45.693,2,1.93,,512000000
2026-05-29 14:11:45.673,2,1.79,,512000000
2026-05-29 14:11:45.658,2,1.89,,512000000
2026-05-29 14:11:45.624,2,1.76,,512000000
2026-05-29 14:11:45.605,2,1.83,,512000000
2026-05-29 14:11:45.605,2,1.97,,512000000
2026-05-29 14:11:45.605,3,2.27,,512000000
2026-05-29 14:11:45.582,3,2.02,,512000000
2026-05-29 14:11:45.560,15,14.49,,512000000
2026-05-29 14:11:45.446,60,59.34,,512000000
2026-05-29 14:11:45.439,24,23.19,,512000000
2026-05-29 14:11:45.384,4,3.04,,512000000
2026-05-29 14:11:45.330,2,1.6,,512000000
2026-05-29 14:11:45.266,3,2.19,,512000000
2026-05-29 14:11:45.254,5,4.08,,512000000
2026-05-29 14:11:45.166,7,6.24,,512000000
2026-05-29 14:11:45.161,2,1.9,,512000000
2026-05-29 14:11:45.143,3,2.48,,512000000
2026-05-29 14:11:45.132,5,4.97,,512000000
2026-05-29 14:11:45.115,3,2.04,,512000000
2026-05-29 14:11:45.053,3,2.18,,512000000
2026-05-29 14:11:45.033,3,2.25,,512000000
2026-05-29 14:11:45.023,2,1.9,,512000000
2026-05-29 14:11:45.006,8,7.58,,512000000
2026-05-29 14:11:44.987,2,1.45,,512000000
2026-05-29 14:11:44.980,2,1.86,,512000000
2026-05-29 14:11:44.859,33,32.71,,512000000
2026-05-29 14:11:44.818,2,1.88,,512000000
2026-05-29 14:11:44.786,21,20.68,,512000000
2026-05-29 14:11:44.765,2,1.82,,512000000
2026-05-29 14:11:44.760,3,2.08,,512000000
2026-05-29 14:11:44.760,2,1.65,,512000000
2026-05-29 14:11:44.747,7,6.31,,512000000
2026-05-29 14:11:44.736,3,2.02,,512000000
2026-05-29 14:11:44.725,3,2.27,,512000000
2026-05-29 14:11:44.719,3,2.11,,512000000
2026-05-29 14:11:44.709,22,21.45,,512000000
2026-05-29 14:11:44.678,2,1.82,,512000000
2026-05-29 14:11:44.674,2,1.87,,512000000
2026-05-29 14:11:44.656,2,1.82,,512000000
2026-05-29 14:11:44.641,2,1.73,,512000000
2026-05-29 14:11:44.607,2,1.69,,512000000
2026-05-29 14:11:44.597,2,2,,512000000
2026-05-29 14:11:44.590,3,2.29,,512000000
2026-05-29 14:11:44.569,2,1.82,,512000000
2026-05-29 14:11:44.555,3,2.18,,512000000
2026-05-29 14:11:44.546,3,2.01,,512000000
2026-05-29 14:11:44.536,7,6.03,,512000000
2026-05-29 14:11:44.535,3,2.02,,512000000
2026-05-29 14:11:44.492,4,3.38,,512000000
2026-05-29 14:11:44.438,9,8.63,,512000000
2026-05-29 14:11:44.391,3,2.18,,512000000
2026-05-29 14:11:44.225,2,1.78,,512000000
2026-05-29 14:11:44.219,3,2.56,,512000000
2026-05-29 14:11:44.176,2,1.72,,512000000
2026-05-29 14:11:44.163,3,2.07,,512000000
2026-05-29 14:11:44.132,2,1.84,,512000000
2026-05-29 14:11:44.057,10,9.42,,512000000
2026-05-29 14:11:44.037,11,10.2,,512000000
2026-05-29 14:11:44.019,2,1.93,,512000000
2026-05-29 14:11:44.013,13,12.2,,512000000
2026-05-29 14:11:43.992,9,8.56,,512000000
2026-05-29 14:11:43.981,3,2.15,,512000000
2026-05-29 14:11:43.981,3,2.01,,512000000
2026-05-29 14:11:43.906,2,1.96,,512000000
2026-05-29 14:11:43.902,2,1.83,,512000000
2026-05-29 14:11:43.886,3,2.07,,512000000
2026-05-29 14:11:43.855,2,1.77,,512000000
2026-05-29 14:11:43.794,3,2.15,,512000000
2026-05-29 14:11:43.740,22,21.41,,512000000
2026-05-29 14:11:43.712,2,1.84,,512000000
2026-05-29 14:11:43.702,5,4.97,,512000000
2026-05-29 14:11:43.696,2,1.65,,512000000
2026-05-29 14:11:43.694,3,2.1,,512000000
2026-05-29 14:11:43.681,2,1.87,,512000000
2026-05-29 14:11:43.675,3,2.35,,512000000
2026-05-29 14:11:43.659,13,12.5,,512000000
2026-05-29 14:11:43.644,2,1.99,,512000000
2026-05-29 14:11:43.629,2,1.8,,512000000
2026-05-29 14:11:43.526,3,2.03,,512000000
2026-05-29 14:11:43.519,2,1.69,,512000000
2026-05-29 14:11:43.454,3,2.08,,512000000
2026-05-29 14:11:43.431,2,1.98,,512000000
2026-05-29 14:11:43.402,2,1.94,,512000000
2026-05-29 14:11:43.353,2,1.58,,512000000
2026-05-29 14:11:43.342,3,2.03,,512000000
2026-05-29 14:11:43.310,2,1.85,,512000000
2026-05-29 14:11:43.305,3,2.35,,512000000
2026-05-29 14:11:43.300,5,4.14,,512000000
2026-05-29 14:11:43.277,3,2.36,,512000000
2026-05-29 14:11:43.261,2,1.94,,512000000
2026-05-29 14:11:43.238,2,2,,512000000
2026-05-29 14:11:43.135,3,2.72,,512000000
2026-05-29 14:11:43.079,2,1.68,,512000000
2026-05-29 14:11:43.053,2,1.85,,512000000
2026-05-29 14:11:43.038,2,1.88,,512000000
2026-05-29 14:11:42.954,2,1.8,,512000000
2026-05-29 14:11:42.949,3,2.18,,512000000
2026-05-29 14:11:42.929,2,1.95,,512000000
2026-05-29 14:11:42.926,22,21.26,,512000000
2026-05-29 14:11:42.886,2,1.66,,512000000
2026-05-29 14:11:42.876,2,1.88,,512000000
2026-05-29 14:11:42.871,2,1.78,,512000000
2026-05-29 14:11:42.861,2,1.95,,512000000
2026-05-29 14:11:42.799,2,1.74,,512000000
2026-05-29 14:11:42.797,23,22.62,,512000000
2026-05-29 14:11:42.779,2,1.87,,512000000
2026-05-29 14:11:42.743,3,2.51,,512000000
2026-05-29 14:11:42.735,3,2.01,,512000000
2026-05-29 14:11:42.697,2,1.79,,512000000
2026-05-29 14:11:42.677,13,12.44,,512000000
2026-05-29 14:11:42.653,3,2.39,,512000000
2026-05-29 14:11:42.638,2,1.98,,512000000
2026-05-29 14:11:42.634,2,1.95,,512000000
2026-05-29 14:11:42.627,7,6.75,,512000000
2026-05-29 14:11:42.611,3,2.24,,512000000
2026-05-29 14:11:42.559,2,1.76,,512000000
2026-05-29 14:11:42.460,3,2.08,,512000000
2026-05-29 14:11:42.419,3,2.24,,512000000
2026-05-29 14:11:42.406,10,9.88,,512000000
2026-05-29 14:11:42.396,2,1.99,,512000000
2026-05-29 14:11:42.377,3,2.17,,512000000
2026-05-29 14:11:42.371,2,1.88,,512000000
2026-05-29 14:11:42.353,9,8.33,,512000000
2026-05-29 14:11:42.332,24,23.82,,512000000
2026-05-29 14:11:42.267,3,2.56,,512000000
2026-05-29 14:11:42.243,6,5.6,,512000000
2026-05-29 14:11:42.204,3,2.08,,512000000
2026-05-29 14:11:42.196,2,1.91,,512000000
2026-05-29 14:11:42.178,3,2.9,,512000000
2026-05-29 14:11:42.166,3,2.67,,512000000
2026-05-29 14:11:42.129,2,1.77,,512000000
2026-05-29 14:11:42.017,2,1.66,,512000000
2026-05-29 14:11:42.008,3,2.04,,512000000
2026-05-29 14:11:41.913,2,1.96,,512000000
2026-05-29 14:11:41.895,2,1.8,,512000000
2026-05-29 14:11:41.838,2,1.74,,512000000
2026-05-29 14:11:41.819,2,1.74,,512000000
2026-05-29 14:11:41.798,2,1.94,,512000000
2026-05-29 14:11:41.777,2,1.98,,512000000
2026-05-29 14:11:41.747,22,21.21,,512000000
2026-05-29 14:11:41.734,2,1.81,,512000000
2026-05-29 14:11:41.713,3,2.02,,512000000
2026-05-29 14:11:41.711,2,1.93,,512000000
2026-05-29 14:11:41.689,4,3.17,,512000000
2026-05-29 14:11:41.681,2,1.91,,512000000
2026-05-29 14:11:41.670,3,2.19,,512000000
2026-05-29 14:11:41.621,7,6.16,,512000000
2026-05-29 14:11:41.607,2,1.75,,512000000
2026-05-29 14:11:41.598,3,2.44,,512000000
2026-05-29 14:11:41.594,2,1.92,,512000000
2026-05-29 14:11:41.559,2,1.78,,512000000
2026-05-29 14:11:41.491,2,1.79,,512000000
2026-05-29 14:11:41.485,6,5.02,,512000000
2026-05-29 14:11:41.346,2,1.73,,512000000
2026-05-29 14:11:41.345,3,2.12,,512000000
2026-05-29 14:11:41.344,3,2.34,,512000000
2026-05-29 14:11:41.316,3,2.03,,512000000
2026-05-29 14:11:41.264,3,2.2,,512000000
2026-05-29 14:11:41.264,2,1.91,,512000000
2026-05-29 14:11:41.247,2,1.97,,512000000
2026-05-29 14:11:41.225,2,1.8,,512000000
2026-05-29 14:11:41.219,2,1.82,,512000000
2026-05-29 14:11:41.202,4,3.7,,512000000
2026-05-29 14:11:41.193,3,2.12,,512000000
2026-05-29 14:11:41.185,3,2.05,,512000000
2026-05-29 14:11:41.182,14,13.18,,512000000
2026-05-29 14:11:41.147,2,1.93,,512000000
2026-05-29 14:11:41.140,18,17.39,,512000000
2026-05-29 14:11:41.106,2,1.82,,512000000
2026-05-29 14:11:41.028,2,1.85,,512000000
2026-05-29 14:11:40.977,2,1.95,,512000000
2026-05-29 14:11:40.967,2,1.79,,512000000
2026-05-29 14:11:40.950,2,1.89,,512000000
2026-05-29 14:11:40.933,3,2.09,,512000000
2026-05-29 14:11:40.873,2,1.99,,512000000
2026-05-29 14:11:40.831,2,1.79,,512000000
2026-05-29 14:11:40.822,2,1.84,,512000000
2026-05-29 14:11:40.780,7,6.04,,512000000
2026-05-29 14:11:40.770,2,1.74,,512000000
2026-05-29 14:11:40.761,15,14.86,,512000000
2026-05-29 14:11:40.754,22,21.38,,512000000
2026-05-29 14:11:40.742,2,1.82,,512000000
2026-05-29 14:11:40.727,2,1.74,,512000000
2026-05-29 14:11:40.715,2,1.84,,512000000
2026-05-29 14:11:40.673,2,1.92,,512000000
2026-05-29 14:11:40.609,3,2.08,,512000000
2026-05-29 14:11:40.601,2,1.88,,512000000
2026-05-29 14:11:40.597,2,1.93,,512000000
2026-05-29 14:11:40.589,2,1.89,,512000000
2026-05-29 14:11:40.495,2,1.68,,512000000
2026-05-29 14:11:40.481,9,8.6,,512000000
2026-05-29 14:11:40.457,7,6.02,,512000000
2026-05-29 14:11:40.438,2,1.99,,512000000
2026-05-29 14:11:40.436,3,2.05,,512000000
2026-05-29 14:11:40.408,2,1.67,,512000000
2026-05-29 14:11:40.303,5,4.44,,512000000
2026-05-29 14:11:40.296,2,1.97,,512000000
2026-05-29 14:11:40.177,2,1.81,,512000000
2026-05-29 14:11:40.168,2,1.69,,512000000
2026-05-29 14:11:40.067,2,1.98,,512000000
2026-05-29 14:11:40.045,2,1.87,,512000000
2026-05-29 14:11:40.018,2,1.67,,512000000
2026-05-29 14:11:39.965,2,1.96,,512000000
2026-05-29 14:11:39.890,4,3.07,,512000000
2026-05-29 14:11:39.881,2,1.8,,512000000
2026-05-29 14:11:39.857,2,1.76,,512000000
2026-05-29 14:11:39.838,2,1.75,,512000000
2026-05-29 14:11:39.836,3,2.18,,512000000
2026-05-29 14:11:39.819,3,2.27,,512000000
2026-05-29 14:11:39.801,2,1.9,,512000000
2026-05-29 14:11:39.780,2,1.64,,512000000
2026-05-29 14:11:39.767,3,2.23,,512000000
2026-05-29 14:11:39.747,4,3.61,,512000000
2026-05-29 14:11:39.736,2,1.82,,512000000
2026-05-29 14:11:39.712,2,1.85,,512000000
2026-05-29 14:11:39.648,2,1.83,,512000000
2026-05-29 14:11:39.630,2,1.79,,512000000
2026-05-29 14:11:39.624,2,1.97,,512000000
2026-05-29 14:11:39.614,3,2.02,,512000000
2026-05-29 14:11:39.597,2,1.85,,512000000
2026-05-29 14:11:39.528,2,1.92,,512000000
2026-05-29 14:11:39.519,2,1.98,,512000000
2026-05-29 14:11:39.469,2,1.8,,512000000
2026-05-29 14:11:39.452,2,1.77,,512000000
2026-05-29 14:11:39.398,3,2.02,,512000000
2026-05-29 14:11:39.384,17,16.37,,512000000
2026-05-29 14:11:39.365,8,7.58,,512000000
2026-05-29 14:11:39.361,2,1.9,,512000000
2026-05-29 14:11:39.347,2,1.76,,512000000
2026-05-29 14:11:39.345,2,1.81,,512000000
2026-05-29 14:11:39.343,9,8.65,,512000000
2026-05-29 14:11:39.315,2,1.89,,512000000
2026-05-29 14:11:39.266,3,2.16,,512000000
2026-05-29 14:11:39.261,13,12.99,,512000000
2026-05-29 14:11:39.241,3,2.08,,512000000
2026-05-29 14:11:39.166,2,1.83,,512000000
2026-05-29 14:11:39.089,3,2.2,,512000000
2026-05-29 14:11:39.075,2,1.93,,512000000
2026-05-29 14:11:39.058,5,4.6,,512000000
2026-05-29 14:11:39.042,2,1.78,,512000000
2026-05-29 14:11:38.968,3,2.1,,512000000
2026-05-29 14:11:38.953,3,2.07,,512000000
2026-05-29 14:11:38.912,2,1.93,,512000000
2026-05-29 14:11:38.908,5,4.81,,512000000
2026-05-29 14:11:38.908,3,2.09,,512000000
2026-05-29 14:11:38.907,3,2.2,,512000000
2026-05-29 14:11:38.899,15,14.2,,512000000
2026-05-29 14:11:38.858,11,10.23,,512000000
2026-05-29 14:11:38.831,2,1.81,,512000000
2026-05-29 14:11:38.824,3,2.2,,512000000
2026-05-29 14:11:38.807,2,1.99,,512000000
2026-05-29 14:11:38.710,3,2.29,,512000000
2026-05-29 14:11:38.702,2,1.89,,512000000
2026-05-29 14:11:38.680,2,1.94,,512000000
2026-05-29 14:11:38.615,2,1.87,,512000000
2026-05-29 14:11:38.591,3,2.46,,512000000
2026-05-29 14:11:38.578,7,6.33,,512000000
2026-05-29 14:11:38.575,3,2.06,,512000000
2026-05-29 14:11:38.505,2,1.91,,512000000
2026-05-29 14:11:38.500,2,1.81,,512000000
2026-05-29 14:11:38.456,3,2.05,,512000000
2026-05-29 14:11:38.438,2,1.77,,512000000
2026-05-29 14:11:38.417,2,1.78,,512000000
2026-05-29 14:11:38.266,2,1.81,,512000000
2026-05-29 14:11:38.216,3,2.48,,512000000
2026-05-29 14:11:38.187,2,1.98,,512000000
2026-05-29 14:11:38.182,3,2.02,,512000000
2026-05-29 14:11:38.181,2,1.7,,512000000
2026-05-29 14:11:38.175,9,8.75,,512000000
2026-05-29 14:11:38.112,2,1.89,,512000000
2026-05-29 14:11:38.111,2,1.77,,512000000
2026-05-29 14:11:38.086,2,1.98,,512000000
2026-05-29 14:11:38.066,2,1.87,,512000000
2026-05-29 14:11:38.057,2,1.67,,512000000
2026-05-29 14:11:38.034,2,1.82,,512000000
2026-05-29 14:11:38.013,2,1.78,,512000000
2026-05-29 14:11:37.896,2,1.85,,512000000
2026-05-29 14:11:37.851,2,1.68,,512000000
2026-05-29 14:11:37.834,2,1.77,,512000000
2026-05-29 14:11:37.802,2,1.92,,512000000
2026-05-29 14:11:37.792,2,1.79,,512000000
2026-05-29 14:11:37.782,2,1.64,,512000000
2026-05-29 14:11:37.755,2,1.89,,512000000
2026-05-29 14:11:37.712,2,1.84,,512000000
2026-05-29 14:11:37.711,2,1.63,,512000000
2026-05-29 14:11:37.704,2,1.46,,512000000
2026-05-29 14:11:37.633,9,8.56,,512000000
2026-05-29 14:11:37.632,2,1.82,,512000000
2026-05-29 14:11:37.630,3,2.1,,512000000
2026-05-29 14:11:37.606,2,1.82,,512000000
2026-05-29 14:11:37.605,2,1.82,,512000000
2026-05-29 14:11:37.593,5,4.5,,512000000
2026-05-29 14:11:37.554,2,1.93,,512000000
2026-05-29 14:11:37.534,2,1.73,,512000000
2026-05-29 14:11:37.500,3,2.5,,512000000
2026-05-29 14:11:37.480,3,2.1,,512000000
2026-05-29 14:11:37.478,2,1.71,,512000000
2026-05-29 14:11:37.462,3,2.61,,512000000
2026-05-29 14:11:37.462,2,1.9,,512000000
2026-05-29 14:11:37.441,2,1.71,,512000000
2026-05-29 14:11:37.422,2,1.78,,512000000
2026-05-29 14:11:37.342,3,2.26,,512000000
2026-05-29 14:11:37.317,2,1.81,,512000000
2026-05-29 14:11:37.314,3,2.02,,512000000
2026-05-29 14:11:37.294,2,1.77,,512000000
2026-05-29 14:11:37.282,2,1.89,,512000000
2026-05-29 14:11:37.253,2,1.63,,512000000
2026-05-29 14:11:37.241,2,1.78,,512000000
2026-05-29 14:11:37.236,3,2.06,,512000000
2026-05-29 14:11:37.216,2,1.74,,512000000
2026-05-29 14:11:37.167,3,2.51,,512000000
2026-05-29 14:11:37.135,2,1.97,,512000000
2026-05-29 14:11:37.130,2,1.73,,512000000
2026-05-29 14:11:37.044,2,1.86,,512000000
2026-05-29 14:11:37.018,3,2.01,,512000000
2026-05-29 14:11:37.008,2,1.87,,512000000
2026-05-29 14:11:36.948,3,2.01,,512000000
2026-05-29 14:11:36.925,3,2.47,,512000000
2026-05-29 14:11:36.885,3,2.4,,512000000
2026-05-29 14:11:36.861,2,1.82,,512000000
2026-05-29 14:11:36.836,2,1.67,,512000000
2026-05-29 14:11:36.832,14,13.79,,512000000
2026-05-29 14:11:36.773,2,1.87,,512000000
2026-05-29 14:11:36.759,2,1.95,,512000000
2026-05-29 14:11:36.745,2,1.86,,512000000
2026-05-29 14:11:36.735,3,2.02,,512000000
2026-05-29 14:11:36.630,3,2.07,,512000000
2026-05-29 14:11:36.595,2,1.93,,512000000
2026-05-29 14:11:36.563,2,1.91,,512000000
2026-05-29 14:11:36.554,2,1.92,,512000000
2026-05-29 14:11:36.523,2,1.95,,512000000
2026-05-29 14:11:36.507,3,2.15,,512000000
2026-05-29 14:11:36.482,2,1.98,,512000000
2026-05-29 14:11:36.428,3,2.01,,512000000
2026-05-29 14:11:36.400,6,5.39,,512000000
2026-05-29 14:11:36.338,23,22.71,,512000000
2026-05-29 14:11:36.318,4,3.19,,512000000
2026-05-29 14:11:36.290,3,2.22,,512000000
2026-05-29 14:11:36.274,5,4.95,,512000000
2026-05-29 14:11:36.258,3,2.07,,512000000
2026-05-29 14:11:36.195,3,2.32,,512000000
2026-05-29 14:11:36.177,22,21.62,,512000000
2026-05-29 14:11:36.105,2,1.93,,512000000
2026-05-29 14:11:36.095,12,11.71,,512000000
2026-05-29 14:11:36.077,14,13.32,,512000000
2026-05-29 14:11:36.075,3,2.52,,512000000
2026-05-29 14:11:36.040,7,6.35,,512000000
2026-05-29 14:11:36.018,2,1.8,,512000000
2026-05-29 14:11:35.984,2,1.83,,512000000
2026-05-29 14:11:35.964,3,2.1,,512000000
2026-05-29 14:11:35.951,2,1.91,,512000000
2026-05-29 14:11:35.911,5,4.85,,512000000
2026-05-29 14:11:35.873,2,1.69,,512000000
2026-05-29 14:11:35.862,2,1.99,,512000000
2026-05-29 14:11:35.860,2,1.89,,512000000
2026-05-29 14:11:35.712,2,1.8,,512000000
2026-05-29 14:11:35.686,2,1.66,,512000000
2026-05-29 14:11:35.657,3,2.76,,512000000
2026-05-29 14:11:35.645,2,1.9,,512000000
2026-05-29 14:11:35.642,3,2.15,,512000000
2026-05-29 14:11:35.628,2,1.65,,512000000
2026-05-29 14:11:35.583,2,1.89,,512000000
2026-05-29 14:11:35.579,21,20.96,,512000000
2026-05-29 14:11:35.543,2,1.82,,512000000
2026-05-29 14:11:35.527,63,62.65,,512000000
2026-05-29 14:11:35.503,2,1.76,,512000000
2026-05-29 14:11:35.476,2,1.84,,512000000
2026-05-29 14:11:35.474,6,5.95,,512000000
2026-05-29 14:11:35.444,6,5.18,,512000000
2026-05-29 14:11:35.393,3,2.12,,512000000
2026-05-29 14:11:35.366,14,13.06,,512000000
2026-05-29 14:11:35.354,8,7.75,,512000000
2026-05-29 14:11:35.320,2,1.85,,512000000
2026-05-29 14:11:35.319,2,1.69,,512000000
2026-05-29 14:11:35.318,2,1.68,,512000000
2026-05-29 14:11:35.317,2,1.91,,512000000
2026-05-29 14:11:35.299,3,2.64,,512000000
2026-05-29 14:11:35.288,3,2.2,,512000000
2026-05-29 14:11:35.264,2,1.77,,512000000
2026-05-29 14:11:35.261,2,1.71,,512000000
2026-05-29 14:11:35.212,3,2.24,,512000000
2026-05-29 14:11:35.128,2,1.82,,512000000
2026-05-29 14:11:35.111,3,2.21,,512000000
2026-05-29 14:11:35.104,3,2.17,,512000000
2026-05-29 14:11:35.092,2,1.89,,512000000
2026-05-29 14:11:34.946,2,1.79,,512000000
2026-05-29 14:11:34.921,3,2.09,,512000000
2026-05-29 14:11:34.886,2,1.91,,512000000
2026-05-29 14:11:34.841,8,7.55,,512000000
2026-05-29 14:11:34.826,2,1.76,,512000000
2026-05-29 14:11:34.814,3,2.13,,512000000
2026-05-29 14:11:34.810,3,2.12,,512000000
2026-05-29 14:11:34.785,2,1.83,,512000000
2026-05-29 14:11:34.732,26,25.05,,512000000
2026-05-29 14:11:34.610,2,1.69,,512000000
2026-05-29 14:11:34.604,2,1.8,,512000000
2026-05-29 14:11:34.556,3,2.19,,512000000
2026-05-29 14:11:34.517,2,1.94,,512000000
2026-05-29 14:11:34.493,7,6.56,,512000000
2026-05-29 14:11:34.481,3,2.01,,512000000
2026-05-29 14:11:34.470,2,1.91,,512000000
2026-05-29 14:11:34.456,2,1.89,,512000000
2026-05-29 14:11:34.451,2,1.78,,512000000
2026-05-29 14:11:34.411,2,1.74,,512000000
2026-05-29 14:11:34.393,2,1.88,,512000000
2026-05-29 14:11:34.388,2,1.75,,512000000
2026-05-29 14:11:34.343,2,1.64,,512000000
2026-05-29 14:11:34.343,3,2.04,,512000000
2026-05-29 14:11:34.339,3,2.25,,512000000
2026-05-29 14:11:34.338,3,2.08,,512000000
2026-05-29 14:11:34.336,2,1.81,,512000000
2026-05-29 14:11:34.305,2,1.7,,512000000
2026-05-29 14:11:34.248,2,1.93,,512000000
2026-05-29 14:11:34.176,3,2.24,,512000000
2026-05-29 14:11:34.131,3,2.2,,512000000
2026-05-29 14:11:34.124,2,1.95,,512000000
2026-05-29 14:11:34.119,15,14.5,,512000000
2026-05-29 14:11:34.085,2,1.95,,512000000
2026-05-29 14:11:34.074,3,2.16,,512000000
2026-05-29 14:11:34.057,2,1.95,,512000000
2026-05-29 14:11:34.051,3,2.74,,512000000
2026-05-29 14:11:34.047,2,1.99,,512000000
2026-05-29 14:11:34.042,24,23.2,,512000000
2026-05-29 14:11:34.002,5,4.06,,512000000
2026-05-29 14:11:33.961,3,2.07,,512000000
2026-05-29 14:11:33.940,2,1.96,,512000000
2026-05-29 14:11:33.933,2,1.84,,512000000
2026-05-29 14:11:33.932,3,2.18,,512000000
2026-05-29 14:11:33.916,3,2.08,,512000000
2026-05-29 14:11:33.848,3,2.06,,512000000
2026-05-29 14:11:33.773,8,7.11,,512000000
2026-05-29 14:11:33.716,3,2.15,,512000000
2026-05-29 14:11:33.686,2,1.84,,512000000
2026-05-29 14:11:33.652,3,2.72,,512000000
2026-05-29 14:11:33.622,3,2.05,,512000000
2026-05-29 14:11:33.607,2,1.72,,512000000
2026-05-29 14:11:33.602,2,1.76,,512000000
2026-05-29 14:11:33.574,2,1.98,,512000000
2026-05-29 14:11:33.551,2,1.76,,512000000
2026-05-29 14:11:33.515,2,1.74,,512000000
2026-05-29 14:11:33.514,2,1.66,,512000000
2026-05-29 14:11:33.492,2,1.91,,512000000
2026-05-29 14:11:33.486,2,1.71,,512000000
2026-05-29 14:11:33.477,3,2.06,,512000000
2026-05-29 14:11:33.472,2,1.63,,512000000
2026-05-29 14:11:33.431,2,1.91,,512000000
2026-05-29 14:11:33.381,3,2.35,,512000000
2026-05-29 14:11:33.353,2,1.95,,512000000
2026-05-29 14:11:33.327,2,1.98,,512000000
2026-05-29 14:11:33.175,3,2.13,,512000000
2026-05-29 14:11:33.142,3,2.33,,512000000
2026-05-29 14:11:33.012,4,3.67,,512000000
2026-05-29 14:11:32.950,2,1.91,,512000000
2026-05-29 14:11:32.938,3,2.05,,512000000
2026-05-29 14:11:32.894,5,4.8,,512000000
2026-05-29 14:11:32.864,2,1.75,,512000000
2026-05-29 14:11:32.818,8,7.84,,512000000
2026-05-29 14:11:32.802,2,1.8,,512000000
2026-05-29 14:11:32.790,3,2.5,,512000000
2026-05-29 14:11:32.770,2,1.79,,512000000
2026-05-29 14:11:32.754,2,1.94,,512000000
2026-05-29 14:11:32.753,3,2.33,,512000000
2026-05-29 14:11:32.740,3,2.3,,512000000
2026-05-29 14:11:32.719,2,1.84,,512000000
2026-05-29 14:11:32.716,3,2.21,,512000000
2026-05-29 14:11:32.715,2,1.72,,512000000
2026-05-29 14:11:32.617,3,2.59,,512000000
2026-05-29 14:11:32.583,4,3.19,,512000000
2026-05-29 14:11:32.539,3,2.06,,512000000
2026-05-29 14:11:32.520,2,1.84,,512000000
2026-05-29 14:11:32.487,2,1.69,,512000000
2026-05-29 14:11:32.453,2,1.63,,512000000
2026-05-29 14:11:32.444,2,1.83,,512000000
2026-05-29 14:11:32.423,2,1.82,,512000000
2026-05-29 14:11:32.391,2,1.97,,512000000
2026-05-29 14:11:32.345,2,1.62,,512000000
2026-05-29 14:11:32.345,2,1.73,,512000000
2026-05-29 14:11:32.325,2,1.81,,512000000
2026-05-29 14:11:32.321,2,1.7,,512000000
2026-05-29 14:11:32.282,3,2.02,,512000000
2026-05-29 14:11:32.279,27,26.77,,512000000
2026-05-29 14:11:32.265,2,1.9,,512000000
2026-05-29 14:11:32.263,2,1.8,,512000000
2026-05-29 14:11:32.237,3,2.98,,512000000
2026-05-29 14:11:32.196,2,1.85,,512000000
2026-05-29 14:11:32.168,2,1.78,,512000000
2026-05-29 14:11:32.168,2,1.8,,512000000
2026-05-29 14:11:32.060,18,17.26,,512000000
2026-05-29 14:11:32.048,2,1.97,,512000000
2026-05-29 14:11:32.048,2,2,,512000000
2026-05-29 14:11:32.044,2,1.83,,512000000
2026-05-29 14:11:32.016,2,1.96,,512000000
2026-05-29 14:11:31.954,3,2.05,,512000000
2026-05-29 14:11:31.953,3,2.04,,512000000
2026-05-29 14:11:31.911,2,1.95,,512000000
2026-05-29 14:11:31.893,19,18.64,,512000000
2026-05-29 14:11:31.853,2,1.93,,512000000
2026-05-29 14:11:31.817,3,2.18,,512000000
2026-05-29 14:11:31.798,23,22.84,,512000000
2026-05-29 14:11:31.794,15,14.77,,512000000
2026-05-29 14:11:31.739,2,1.89,,512000000
2026-05-29 14:11:31.690,2,1.69,,512000000
2026-05-29 14:11:31.686,2,1.87,,512000000
2026-05-29 14:11:31.651,9,8.34,,512000000
2026-05-29 14:11:31.609,2,1.77,,512000000
2026-05-29 14:11:31.608,2,1.65,,512000000
2026-05-29 14:11:31.562,2,1.8,,512000000
2026-05-29 14:11:31.553,2,1.9,,512000000
2026-05-29 14:11:31.538,2,1.89,,512000000
2026-05-29 14:11:31.522,2,1.97,,512000000
2026-05-29 14:11:31.494,3,2.04,,512000000
2026-05-29 14:11:31.373,2,1.77,,512000000
2026-05-29 14:11:31.313,6,5.64,,512000000
2026-05-29 14:11:31.305,2,1.89,,512000000
2026-05-29 14:11:31.300,3,2.73,,512000000
2026-05-29 14:11:31.282,2,1.63,,512000000
2026-05-29 14:11:31.272,3,2.6,,512000000
2026-05-29 14:11:31.261,2,1.93,,512000000
2026-05-29 14:11:31.227,3,2.03,,512000000
2026-05-29 14:11:31.203,3,2.18,,512000000
2026-05-29 14:11:31.189,3,2.11,,512000000
2026-05-29 14:11:31.170,3,2.11,,512000000
2026-05-29 14:11:31.141,2,1.77,,512000000
2026-05-29 14:11:31.084,6,5.25,,512000000
2026-05-29 14:11:31.059,2,1.75,,512000000
2026-05-29 14:11:31.013,3,2.3,,512000000
2026-05-29 14:11:31.000,2,1.91,,512000000
2026-05-29 14:11:30.954,3,2.07,,512000000
2026-05-29 14:11:30.933,2,1.96,,512000000
2026-05-29 14:11:30.924,2,1.9,,512000000
2026-05-29 14:11:30.918,3,2.02,,512000000
2026-05-29 14:11:30.794,2,1.8,,512000000
2026-05-29 14:11:30.791,8,7.05,,512000000
2026-05-29 14:11:30.776,3,2.12,,512000000
2026-05-29 14:11:30.742,7,6.37,,512000000
2026-05-29 14:11:30.739,5,4.81,,512000000
2026-05-29 14:11:30.736,3,2.38,,512000000
2026-05-29 14:11:30.722,2,1.9,,512000000
2026-05-29 14:11:30.712,2,1.64,,512000000
2026-05-29 14:11:30.700,3,2.21,,512000000
2026-05-29 14:11:30.680,3,2.08,,512000000
2026-05-29 14:11:30.668,2,1.77,,512000000
2026-05-29 14:11:30.602,2,1.97,,512000000
2026-05-29 14:11:30.579,2,1.88,,512000000
2026-05-29 14:11:30.572,15,14.34,,512000000
2026-05-29 14:11:30.497,2,1.94,,512000000
2026-05-29 14:11:30.488,2,2,,512000000
2026-05-29 14:11:30.475,3,2.08,,512000000
2026-05-29 14:11:30.473,2,1.64,,512000000
2026-05-29 14:11:30.435,30,29.8,,512000000
2026-05-29 14:11:30.430,2,1.8,,512000000
2026-05-29 14:11:30.416,2,1.74,,512000000
2026-05-29 14:11:30.367,3,2.02,,512000000
2026-05-29 14:11:30.332,2,1.8,,512000000
2026-05-29 14:11:30.311,6,5.62,,512000000
2026-05-29 14:11:30.306,2,1.82,,512000000
2026-05-29 14:11:30.280,2,1.7,,512000000
2026-05-29 14:11:30.213,2,1.79,,512000000
2026-05-29 14:11:30.194,2,1.92,,512000000
2026-05-29 14:11:30.185,2,1.95,,512000000
2026-05-29 14:11:30.141,2,1.96,,512000000
2026-05-29 14:11:30.137,2,1.9,,512000000
2026-05-29 14:11:30.123,3,2.05,,512000000
2026-05-29 14:11:30.039,6,5.35,,512000000
2026-05-29 14:11:30.015,2,1.74,,512000000
2026-05-29 14:11:30.012,2,1.72,,512000000
2026-05-29 14:11:29.983,2,1.88,,512000000
2026-05-29 14:11:29.966,3,2.17,,512000000
2026-05-29 14:11:29.872,2,1.94,,512000000
2026-05-29 14:11:29.800,11,10.7,,512000000
2026-05-29 14:11:29.783,2,1.82,,512000000
2026-05-29 14:11:29.780,2,1.9,,512000000
2026-05-29 14:11:29.755,14,13.44,,512000000
2026-05-29 14:11:29.747,2,1.98,,512000000
2026-05-29 14:11:29.695,2,1.94,,512000000
2026-05-29 14:11:29.617,2,1.6,,512000000
2026-05-29 14:11:29.593,2,1.78,,512000000
2026-05-29 14:11:29.581,2,1.82,,512000000
2026-05-29 14:11:29.578,11,10.98,,512000000
2026-05-29 14:11:29.561,2,1.84,,512000000
2026-05-29 14:11:29.560,3,2.04,,512000000
2026-05-29 14:11:29.538,2,1.76,,512000000
2026-05-29 14:11:29.514,2,1.77,,512000000
2026-05-29 14:11:29.442,2,1.94,,512000000
2026-05-29 14:11:29.439,47,46.12,,512000000
2026-05-29 14:11:29.404,3,2.01,,512000000
2026-05-29 14:11:29.390,3,2.08,,512000000
2026-05-29 14:11:29.359,2,1.97,,512000000
2026-05-29 14:11:29.339,2,1.74,,512000000
2026-05-29 14:11:29.326,3,2,,512000000
2026-05-29 14:11:29.265,2,1.92,,512000000
2026-05-29 14:11:29.232,3,2.04,,512000000
2026-05-29 14:11:29.229,2,1.89,,512000000
2026-05-29 14:11:29.162,2,1.95,,512000000
2026-05-29 14:11:29.157,3,2.1,,512000000
2026-05-29 14:11:29.153,3,2.85,,512000000
2026-05-29 14:11:29.136,2,1.73,,512000000
2026-05-29 14:11:29.096,2,1.84,,512000000
2026-05-29 14:11:29.091,2,1.77,,512000000
2026-05-29 14:11:29.060,3,2.04,,512000000
2026-05-29 14:11:29.036,2,1.81,,512000000
2026-05-29 14:11:28.986,2,1.94,,512000000
2026-05-29 14:11:28.970,2,1.88,,512000000
2026-05-29 14:11:28.966,3,2,,512000000
2026-05-29 14:11:28.900,2,1.65,,512000000
2026-05-29 14:11:28.840,3,2.63,,512000000
2026-05-29 14:11:28.835,2,1.87,,512000000
2026-05-29 14:11:28.817,3,2.33,,512000000
2026-05-29 14:11:28.792,2,1.84,,512000000
2026-05-29 14:11:28.760,2,1.87,,512000000
2026-05-29 14:11:28.741,3,2.05,,512000000
2026-05-29 14:11:28.739,5,4.16,,512000000
2026-05-29 14:11:28.709,3,2.13,,512000000
2026-05-29 14:11:28.699,2,1.77,,512000000
2026-05-29 14:11:28.665,2,1.89,,512000000
2026-05-29 14:11:28.607,3,2,,512000000
2026-05-29 14:11:28.569,2,1.83,,512000000
2026-05-29 14:11:28.515,3,2.42,,512000000
2026-05-29 14:11:28.506,2,1.64,,512000000
2026-05-29 14:11:28.380,14,13.26,,512000000
2026-05-29 14:11:28.367,2,1.79,,512000000
2026-05-29 14:11:28.308,3,2.41,,512000000
2026-05-29 14:11:28.259,2,1.77,,512000000
2026-05-29 14:11:28.251,8,7.03,,512000000
2026-05-29 14:11:28.248,2,1.88,,512000000
2026-05-29 14:11:28.222,11,10.62,,512000000
2026-05-29 14:11:28.210,2,1.92,,512000000
2026-05-29 14:11:28.202,8,7.1,,512000000
2026-05-29 14:11:28.184,7,6.45,,512000000
2026-05-29 14:11:28.170,2,1.77,,512000000
2026-05-29 14:11:28.122,2,1.86,,512000000
2026-05-29 14:11:28.122,3,2.38,,512000000
2026-05-29 14:11:28.010,3,2.17,,512000000
2026-05-29 14:11:27.973,3,2.26,,512000000
2026-05-29 14:11:27.956,3,2.08,,512000000
2026-05-29 14:11:27.919,3,2.05,,512000000
2026-05-29 14:11:27.871,6,5.46,,512000000
2026-05-29 14:11:27.822,12,11.05,,512000000
2026-05-29 14:11:27.804,2,1.79,,512000000
2026-05-29 14:11:27.763,3,2.17,,512000000
2026-05-29 14:11:27.712,10,9.32,,512000000
2026-05-29 14:11:27.695,3,2.35,,512000000
2026-05-29 14:11:27.694,2,1.86,,512000000
2026-05-29 14:11:27.674,3,2.03,,512000000
2026-05-29 14:11:27.649,2,1.74,,512000000
2026-05-29 14:11:27.638,2,1.84,,512000000
2026-05-29 14:11:27.625,2,1.93,,512000000
2026-05-29 14:11:27.561,4,3.55,,512000000
2026-05-29 14:11:27.542,2,1.84,,512000000
2026-05-29 14:11:27.535,8,7.82,,512000000
2026-05-29 14:11:27.524,2,1.7,,512000000
2026-05-29 14:11:27.516,3,2.27,,512000000
2026-05-29 14:11:27.514,3,2.05,,512000000
2026-05-29 14:11:27.495,7,6.04,,512000000
2026-05-29 14:11:27.476,2,1.94,,512000000
2026-05-29 14:11:27.442,2,1.8,,512000000
2026-05-29 14:11:27.438,3,2.06,,512000000
2026-05-29 14:11:27.426,2,1.65,,512000000
2026-05-29 14:11:27.410,2,1.85,,512000000
2026-05-29 14:11:27.334,3,2.23,,512000000
2026-05-29 14:11:27.328,2,1.85,,512000000
2026-05-29 14:11:27.324,2,1.86,,512000000
2026-05-29 14:11:27.299,4,3.94,,512000000
2026-05-29 14:11:27.298,2,1.9,,512000000
2026-05-29 14:11:27.281,2,1.68,,512000000
2026-05-29 14:11:27.251,2,1.93,,512000000
2026-05-29 14:11:27.230,2,1.84,,512000000
2026-05-29 14:11:27.210,3,2.02,,512000000
2026-05-29 14:11:27.193,2,1.92,,512000000
2026-05-29 14:11:27.190,2,1.82,,512000000
2026-05-29 14:11:27.138,3,2.2,,512000000
2026-05-29 14:11:27.075,2,1.75,,512000000
2026-05-29 14:11:27.044,2,1.74,,512000000
2026-05-29 14:11:27.040,2,1.72,,512000000
2026-05-29 14:11:26.921,2,1.73,,512000000
2026-05-29 14:11:26.889,3,2.25,,512000000
2026-05-29 14:11:26.842,3,2.41,,512000000
2026-05-29 14:11:26.840,18,17.63,,512000000
2026-05-29 14:11:26.808,7,6.09,,512000000
2026-05-29 14:11:26.806,3,2.07,,512000000
2026-05-29 14:11:26.797,2,1.72,,512000000
2026-05-29 14:11:26.786,2,1.72,,512000000
2026-05-29 14:11:26.701,2,1.81,,512000000
2026-05-29 14:11:26.648,2,1.77,,512000000
2026-05-29 14:11:26.571,2,1.84,,512000000
2026-05-29 14:11:26.548,3,2.18,,512000000
2026-05-29 14:11:26.543,2,1.87,,512000000
2026-05-29 14:11:26.536,2,1.81,,512000000
2026-05-29 14:11:26.515,2,1.95,,512000000
2026-05-29 14:11:26.477,2,2,,512000000
2026-05-29 14:11:26.458,2,1.91,,512000000
2026-05-29 14:11:26.440,2,1.75,,512000000
2026-05-29 14:11:26.436,4,3.75,,512000000
2026-05-29 14:11:26.411,3,2.17,,512000000
2026-05-29 14:11:26.348,2,1.79,,512000000
2026-05-29 14:11:26.338,7,6.29,,512000000
2026-05-29 14:11:26.330,2,1.74,,512000000
2026-05-29 14:11:26.240,7,6.38,,512000000
2026-05-29 14:11:26.239,2,1.84,,512000000
2026-05-29 14:11:26.220,6,5.42,,512000000
2026-05-29 14:11:26.211,2,1.89,,512000000
2026-05-29 14:11:26.203,2,1.75,,512000000
2026-05-29 14:11:26.177,4,3.98,,512000000
2026-05-29 14:11:26.152,3,2.17,,512000000
2026-05-29 14:11:26.145,2,1.9,,512000000
2026-05-29 14:11:26.017,3,2.19,,512000000
2026-05-29 14:11:26.013,11,10.64,,512000000
2026-05-29 14:11:25.991,2,1.94,,512000000
2026-05-29 14:11:25.961,3,2.05,,512000000
2026-05-29 14:11:25.938,2,1.63,,512000000
2026-05-29 14:11:25.935,2,2,,512000000
2026-05-29 14:11:25.915,3,2.02,,512000000
2026-05-29 14:11:25.901,3,2.4,,512000000
2026-05-29 14:11:25.894,14,13.53,,512000000
2026-05-29 14:11:25.891,2,1.87,,512000000
2026-05-29 14:11:25.809,2,1.72,,512000000
2026-05-29 14:11:25.750,2,1.94,,512000000
2026-05-29 14:11:25.734,10,9.25,,512000000
2026-05-29 14:11:25.719,3,2.1,,512000000
2026-05-29 14:11:25.714,2,1.87,,512000000
2026-05-29 14:11:25.704,2,1.75,,512000000
2026-05-29 14:11:25.677,3,2.21,,512000000
2026-05-29 14:11:25.671,2,1.72,,512000000
2026-05-29 14:11:25.656,3,2.12,,512000000
2026-05-29 14:11:25.638,2,1.8,,512000000
2026-05-29 14:11:25.569,3,2.01,,512000000
2026-05-29 14:11:25.552,2,1.8,,512000000
2026-05-29 14:11:25.534,2,1.95,,512000000
2026-05-29 14:11:25.527,2,1.71,,512000000
2026-05-29 14:11:25.502,6,5.03,,512000000
2026-05-29 14:11:25.488,2,1.7,,512000000
2026-05-29 14:11:25.482,2,1.75,,512000000
2026-05-29 14:11:25.378,2,1.87,,512000000
2026-05-29 14:11:25.372,3,2.16,,512000000
2026-05-29 14:11:25.364,3,2.44,,512000000
2026-05-29 14:11:25.254,3,2.11,,512000000
2026-05-29 14:11:25.158,2,1.89,,512000000
2026-05-29 14:11:25.149,3,2.06,,512000000
2026-05-29 14:11:25.139,10,9.41,,512000000
2026-05-29 14:11:25.130,3,2.42,,512000000
2026-05-29 14:11:25.056,2,1.87,,512000000
2026-05-29 14:11:24.982,2,1.94,,512000000
2026-05-29 14:11:24.958,3,2.08,,512000000
2026-05-29 14:11:24.909,3,2.15,,512000000
2026-05-29 14:11:24.848,3,2.1,,512000000
2026-05-29 14:11:24.818,3,2.58,,512000000
2026-05-29 14:11:24.787,5,4.85,,512000000
2026-05-29 14:11:24.738,11,10.69,,512000000
2026-05-29 14:11:24.717,8,7.87,,512000000
2026-05-29 14:11:24.662,2,1.89,,512000000
2026-05-29 14:11:24.653,2,1.81,,512000000
2026-05-29 14:11:24.645,2,1.97,,512000000
2026-05-29 14:11:24.642,2,1.86,,512000000
2026-05-29 14:11:24.629,3,2.17,,512000000
2026-05-29 14:11:24.618,2,1.96,,512000000
2026-05-29 14:11:24.595,16,15.94,,512000000
2026-05-29 14:11:24.563,4,3.03,,512000000
2026-05-29 14:11:24.544,2,1.7,,512000000
2026-05-29 14:11:24.502,3,2.83,,512000000
2026-05-29 14:11:24.490,3,2.05,,512000000
2026-05-29 14:11:24.468,2,1.94,,512000000
2026-05-29 14:11:24.463,2,1.79,,512000000
2026-05-29 14:11:24.432,3,2.28,,512000000
2026-05-29 14:11:24.409,3,2,,512000000
2026-05-29 14:11:24.390,2,1.57,,512000000
2026-05-29 14:11:24.312,3,2.08,,512000000
2026-05-29 14:11:24.288,3,2.06,,512000000
2026-05-29 14:11:24.255,16,15.73,,512000000
2026-05-29 14:11:24.226,3,2.01,,512000000
2026-05-29 14:11:24.199,3,2.09,,512000000
2026-05-29 14:11:24.191,3,2.17,,512000000
2026-05-29 14:11:24.176,14,13.19,,512000000
2026-05-29 14:11:24.155,19,18.57,,512000000
2026-05-29 14:11:24.143,19,18.88,,512000000
2026-05-29 14:11:24.125,3,2.29,,512000000
2026-05-29 14:11:24.117,3,2.18,,512000000
2026-05-29 14:11:24.115,2,1.64,,512000000
2026-05-29 14:11:24.102,2,1.87,,512000000
2026-05-29 14:11:24.082,2,1.84,,512000000
2026-05-29 14:11:24.004,2,1.74,,512000000
2026-05-29 14:11:23.999,3,2,,512000000
2026-05-29 14:11:23.994,2,1.97,,512000000
2026-05-29 14:11:23.993,3,2.01,,512000000
2026-05-29 14:11:23.929,3,2.19,,512000000
2026-05-29 14:11:23.928,2,1.78,,512000000
2026-05-29 14:11:23.914,2,1.77,,512000000
2026-05-29 14:11:23.863,3,2.29,,512000000
2026-05-29 14:11:23.849,2,1.85,,512000000
2026-05-29 14:11:23.848,3,2.21,,512000000
2026-05-29 14:11:23.816,26,25.26,,512000000
2026-05-29 14:11:23.783,2,1.91,,512000000
2026-05-29 14:11:23.718,3,2,,512000000
2026-05-29 14:11:23.596,2,1.95,,512000000
2026-05-29 14:11:23.579,9,8.3,,512000000
2026-05-29 14:11:23.562,7,6.44,,512000000
2026-05-29 14:11:23.559,5,4.38,,512000000
2026-05-29 14:11:23.492,3,2.03,,512000000
2026-05-29 14:11:23.455,2,1.84,,512000000
2026-05-29 14:11:23.400,3,2.03,,512000000
2026-05-29 14:11:23.370,2,1.92,,512000000
2026-05-29 14:11:23.323,2,1.86,,512000000
2026-05-29 14:11:23.302,2,1.94,,512000000
2026-05-29 14:11:23.301,9,8.96,,512000000
2026-05-29 14:11:23.275,3,2.05,,512000000
2026-05-29 14:11:23.238,2,1.9,,512000000
2026-05-29 14:11:23.235,4,3.64,,512000000
2026-05-29 14:11:23.156,3,2.1,,512000000
2026-05-29 14:11:23.131,2,1.83,,512000000
2026-05-29 14:11:23.108,2,1.8,,512000000
2026-05-29 14:11:23.059,20,19.04,,512000000
2026-05-29 14:11:23.045,3,2.14,,512000000
2026-05-29 14:11:23.039,3,2.3,,512000000
2026-05-29 14:11:23.020,3,2.1,,512000000
2026-05-29 14:11:23.019,3,2.07,,512000000
2026-05-29 14:11:22.906,3,2.08,,512000000
2026-05-29 14:11:22.878,2,1.92,,512000000
2026-05-29 14:11:22.877,3,2.03,,512000000
2026-05-29 14:11:22.848,3,2.13,,512000000
2026-05-29 14:11:22.818,9,8.21,,512000000
2026-05-29 14:11:22.793,2,1.86,,512000000
2026-05-29 14:11:22.792,2,1.84,,512000000
2026-05-29 14:11:22.787,4,3.81,,512000000
2026-05-29 14:11:22.748,2,1.72,,512000000
2026-05-29 14:11:22.728,2,1.75,,512000000
2026-05-29 14:11:22.695,2,1.92,,512000000
2026-05-29 14:11:22.688,3,2.56,,512000000
2026-05-29 14:11:22.684,3,2.17,,512000000
2026-05-29 14:11:22.683,3,2.26,,512000000
2026-05-29 14:11:22.666,2,1.69,,512000000
2026-05-29 14:11:22.663,3,2.19,,512000000
2026-05-29 14:11:22.652,2,1.82,,512000000
2026-05-29 14:11:22.626,2,1.97,,512000000
2026-05-29 14:11:22.584,2,1.71,,512000000
2026-05-29 14:11:22.584,2,1.77,,512000000
2026-05-29 14:11:22.575,3,2.21,,512000000
2026-05-29 14:11:22.566,2,1.93,,512000000
2026-05-29 14:11:22.476,2,1.62,,512000000
2026-05-29 14:11:22.467,2,1.78,,512000000
2026-05-29 14:11:22.421,2,1.85,,512000000
2026-05-29 14:11:22.377,2,1.91,,512000000
2026-05-29 14:11:22.340,2,1.79,,512000000
2026-05-29 14:11:22.338,20,19.52,,512000000
2026-05-29 14:11:22.289,3,2.13,,512000000
2026-05-29 14:11:22.248,3,2.2,,512000000
2026-05-29 14:11:22.198,2,1.98,,512000000
2026-05-29 14:11:22.195,7,6.5,,512000000
2026-05-29 14:11:22.164,3,2.06,,512000000
2026-05-29 14:11:22.130,3,2.14,,512000000
2026-05-29 14:11:22.119,2,1.91,,512000000
2026-05-29 14:11:22.117,3,2.09,,512000000
2026-05-29 14:11:22.114,3,2.54,,512000000
2026-05-29 14:11:22.113,2,1.82,,512000000
2026-05-29 14:11:22.113,3,2.28,,512000000
2026-05-29 14:11:22.109,2,1.78,,512000000
2026-05-29 14:11:22.103,2,1.87,,512000000
2026-05-29 14:11:21.954,3,2.08,,512000000
2026-05-29 14:11:21.922,8,7.13,,512000000
2026-05-29 14:11:21.905,2,1.76,,512000000
2026-05-29 14:11:21.900,31,30.49,,512000000
2026-05-29 14:11:21.873,2,1.95,,512000000
2026-05-29 14:11:21.712,3,2.3,,512000000
2026-05-29 14:11:21.704,7,6.08,,512000000
2026-05-29 14:11:21.678,3,2.1,,512000000
2026-05-29 14:11:21.641,11,10.36,,512000000
2026-05-29 14:11:21.435,2,1.84,,512000000
2026-05-29 14:11:21.426,38,37.62,,512000000
2026-05-29 14:11:21.424,14,13.59,,512000000
2026-05-29 14:11:21.415,2,1.92,,512000000
2026-05-29 14:11:21.394,3,2.17,,512000000
2026-05-29 14:11:21.390,2,1.99,,512000000
2026-05-29 14:11:21.276,2,1.8,,512000000
2026-05-29 14:11:21.185,3,2.25,,512000000
2026-05-29 14:11:21.167,725,19.26,705.27,512000000
2026-05-29 14:11:21.155,898,5.24,892.53,512000000
2026-05-29 14:11:21.153,11,10.85,,512000000
2026-05-29 14:11:21.147,2,1.72,,512000000
2026-05-29 14:11:21.145,2,1.77,,512000000
2026-05-29 14:11:21.145,2,1.73,,512000000
2026-05-29 14:11:21.144,2,1.73,,512000000
2026-05-29 14:11:21.144,3,2.15,,512000000
2026-05-29 14:11:21.142,3,2.12,,512000000
2026-05-29 14:11:20.988,2,1.88,,512000000
2026-05-29 14:11:20.962,3,2.18,,512000000
2026-05-29 14:11:20.959,2,1.78,,512000000
2026-05-29 14:11:20.957,2,1.79,,512000000
2026-05-29 14:11:20.923,10,9.21,,512000000
2026-05-29 14:11:20.918,3,2.03,,512000000
2026-05-29 14:11:20.917,3,2.01,,512000000
2026-05-29 14:11:20.916,2,1.83,,512000000
2026-05-29 14:11:20.915,2,1.84,,512000000
2026-05-29 14:11:20.744,3,2.11,,512000000
2026-05-29 14:11:20.726,2,1.76,,512000000
2026-05-29 14:11:20.689,2,1.86,,512000000
2026-05-29 14:11:20.681,13,12.72,,512000000
2026-05-29 14:11:20.669,2,1.75,,512000000
2026-05-29 14:11:20.664,3,2.1,,512000000
2026-05-29 14:11:20.663,3,2.67,,512000000
2026-05-29 14:11:20.661,3,2.4,,512000000
2026-05-29 14:11:20.660,2,1.75,,512000000
2026-05-29 14:11:20.502,2,1.75,,512000000
2026-05-29 14:11:20.495,2,1.9,,512000000
2026-05-29 14:11:20.464,6,5.07,,512000000
2026-05-29 14:11:20.462,3,2.15,,512000000
2026-05-29 14:11:20.455,2,1.61,,512000000
2026-05-29 14:11:20.440,2,1.75,,512000000
2026-05-29 14:11:20.422,2,1.69,,512000000
2026-05-29 14:11:20.420,2,1.8,,512000000
2026-05-29 14:11:20.420,6,5.29,,512000000
2026-05-29 14:11:20.404,3,2.15,,512000000
2026-05-29 14:11:20.399,2,1.8,,512000000
2026-05-29 14:11:20.399,2,1.88,,512000000
2026-05-29 14:11:20.305,3,2.24,,512000000
2026-05-29 14:11:20.200,3,2.51,,512000000
2026-05-29 14:11:20.185,2,1.67,,512000000
2026-05-29 14:11:20.180,3,2.14,,512000000
2026-05-29 14:11:20.180,3,2.07,,512000000
2026-05-29 14:11:20.179,3,2.06,,512000000
2026-05-29 14:11:20.178,2,2,,512000000
2026-05-29 14:11:20.177,3,2.13,,512000000
2026-05-29 14:11:20.016,2,1.68,,512000000
2026-05-29 14:11:19.939,3,2.2,,512000000
2026-05-29 14:11:19.800,3,2.04,,512000000
2026-05-29 14:11:19.733,2,1.66,,512000000
2026-05-29 14:11:19.721,16,15.17,,512000000
2026-05-29 14:11:19.704,2,1.99,,512000000
2026-05-29 14:11:19.701,3,2.08,,512000000
2026-05-29 14:11:19.701,2,1.96,,512000000
2026-05-29 14:11:19.701,2,1.78,,512000000
2026-05-29 14:11:19.565,2,1.85,,512000000
2026-05-29 14:11:19.504,2,1.92,,512000000
2026-05-29 14:11:19.475,19,18.31,,512000000
2026-05-29 14:11:19.464,3,2.16,,512000000
2026-05-29 14:11:19.462,2,1.96,,512000000
2026-05-29 14:11:19.461,2,1.74,,512000000
2026-05-29 14:11:19.460,3,2.42,,512000000
2026-05-29 14:11:19.332,3,2.08,,512000000
2026-05-29 14:11:19.275,3,2.08,,512000000
2026-05-29 14:11:19.265,2,1.71,,512000000
2026-05-29 14:11:19.233,8,7.91,,512000000
2026-05-29 14:11:19.227,2,1.91,,512000000
2026-05-29 14:11:19.222,2,1.89,,512000000
2026-05-29 14:11:19.221,2,1.94,,512000000
2026-05-29 14:11:19.220,2,1.7,,512000000
2026-05-29 14:11:19.102,2,1.8,,512000000
2026-05-29 14:11:19.074,3,2.02,,512000000
2026-05-29 14:11:19.073,5,4.09,,512000000
2026-05-29 14:11:19.069,2,1.79,,512000000
2026-05-29 14:11:18.998,6,5.16,,512000000
2026-05-29 14:11:18.994,3,2.06,,512000000
2026-05-29 14:11:18.990,12,11.53,,512000000
2026-05-29 14:11:18.989,3,2.24,,512000000
2026-05-29 14:11:18.983,3,2.03,,512000000
2026-05-29 14:11:18.982,3,2.1,,512000000
2026-05-29 14:11:18.978,2,1.8,,512000000
2026-05-29 14:11:18.847,10,9.72,,512000000
2026-05-29 14:11:18.822,2,1.84,,512000000
2026-05-29 14:11:18.822,3,2.03,,512000000
2026-05-29 14:11:18.807,2,1.92,,512000000
2026-05-29 14:11:18.771,3,2.04,,512000000
2026-05-29 14:11:18.743,2,1.89,,512000000
2026-05-29 14:11:18.735,2,1.7,,512000000
2026-05-29 14:11:18.599,2,1.95,,512000000
2026-05-29 14:11:18.576,2,1.7,,512000000
2026-05-29 14:11:18.573,2,1.94,,512000000
2026-05-29 14:11:18.570,21,20.37,,512000000
2026-05-29 14:11:18.569,3,2.35,,512000000
2026-05-29 14:11:18.522,2,1.76,,512000000
2026-05-29 14:11:18.520,2,1.81,,512000000
2026-05-29 14:11:18.499,3,2.22,,512000000
2026-05-29 14:11:18.497,3,2.48,,512000000
2026-05-29 14:11:18.495,2,1.83,,512000000
2026-05-29 14:11:18.476,2,1.96,,512000000
2026-05-29 14:11:18.366,2,1.97,,512000000
2026-05-29 14:11:18.338,2,1.8,,512000000
2026-05-29 14:11:18.267,4,3.15,,512000000
2026-05-29 14:11:18.261,2,1.72,,512000000
2026-05-29 14:11:18.261,3,2.08,,512000000
2026-05-29 14:11:18.260,3,2.12,,512000000
2026-05-29 14:11:18.128,2,1.89,,512000000
2026-05-29 14:11:18.104,2,1.92,,512000000
2026-05-29 14:11:18.078,3,2.14,,512000000
2026-05-29 14:11:18.063,2,1.81,,512000000
2026-05-29 14:11:18.058,3,2.24,,512000000
2026-05-29 14:11:18.039,2,1.94,,512000000
2026-05-29 14:11:17.923,2,1.9,,512000000
2026-05-29 14:11:17.889,92,91.88,,512000000
2026-05-29 14:11:17.861,2,1.69,,512000000
2026-05-29 14:11:17.841,2,1.99,,512000000
2026-05-29 14:11:17.823,3,2.21,,512000000
2026-05-29 14:11:17.800,3,2.1,,512000000
2026-05-29 14:11:17.796,2,1.67,,512000000
2026-05-29 14:11:17.795,3,2.12,,512000000
2026-05-29 14:11:17.793,2,1.71,,512000000
2026-05-29 14:11:17.779,3,2.04,,512000000
2026-05-29 14:11:17.636,2,1.84,,512000000
2026-05-29 14:11:17.617,2,1.96,,512000000
2026-05-29 14:11:17.579,4,3.94,,512000000
2026-05-29 14:11:17.575,2,1.68,,512000000
2026-05-29 14:11:17.571,2,1.69,,512000000
2026-05-29 14:11:17.567,4,3.12,,512000000
2026-05-29 14:11:17.564,3,2,,512000000
2026-05-29 14:11:17.562,2,1.91,,512000000
2026-05-29 14:11:17.562,2,1.78,,512000000
2026-05-29 14:11:17.425,2,1.98,,512000000
2026-05-29 14:11:17.406,2,1.85,,512000000
2026-05-29 14:11:17.405,3,2.13,,512000000
2026-05-29 14:11:17.364,2,1.89,,512000000
2026-05-29 14:11:17.310,2,1.73,,512000000
2026-05-29 14:11:17.210,2,1.76,,512000000
2026-05-29 14:11:17.206,3,2.02,,512000000
2026-05-29 14:11:17.202,3,2.03,,512000000
2026-05-29 14:11:17.177,2,1.67,,512000000
2026-05-29 14:11:17.164,2,1.94,,512000000
2026-05-29 14:11:17.127,2,1.79,,512000000
2026-05-29 14:11:17.122,2,1.88,,512000000
2026-05-29 14:11:17.115,22,21.73,,512000000
2026-05-29 14:11:17.103,2,1.87,,512000000
2026-05-29 14:11:17.078,2,1.96,,512000000
2026-05-29 14:11:17.050,2,2,,512000000
2026-05-29 14:11:17.027,2,1.91,,512000000
2026-05-29 14:11:16.988,2,1.91,,512000000
2026-05-29 14:11:16.968,3,2.36,,512000000
2026-05-29 14:11:16.961,2,1.97,,512000000
2026-05-29 14:11:16.914,2,1.97,,512000000
2026-05-29 14:11:16.884,2,1.86,,512000000
2026-05-29 14:11:16.858,2,1.89,,512000000
2026-05-29 14:11:16.854,3,2.21,,512000000
2026-05-29 14:11:16.854,2,1.94,,512000000
2026-05-29 14:11:16.818,60,59.56,,512000000
2026-05-29 14:11:16.784,3,2.02,,512000000
2026-05-29 14:11:16.763,3,2,,512000000
2026-05-29 14:11:16.735,3,2.01,,512000000
2026-05-29 14:11:16.730,16,15.29,,512000000
2026-05-29 14:11:16.695,2,1.7,,512000000
2026-05-29 14:11:16.683,2,1.68,,512000000
2026-05-29 14:11:16.594,4,3.24,,512000000
2026-05-29 14:11:16.575,2,1.67,,512000000
2026-05-29 14:11:16.573,3,2.44,,512000000
2026-05-29 14:11:16.571,2,2,,512000000
2026-05-29 14:11:16.500,3,2.01,,512000000
2026-05-29 14:11:16.412,2,1.94,,512000000
2026-05-29 14:11:16.411,2,1.92,,512000000
2026-05-29 14:11:16.378,2,1.79,,512000000
2026-05-29 14:11:16.376,2,1.93,,512000000
2026-05-29 14:11:16.368,3,2.55,,512000000
2026-05-29 14:11:16.357,4,3.63,,512000000
2026-05-29 14:11:16.342,2,1.97,,512000000
2026-05-29 14:11:16.330,3,2.26,,512000000
2026-05-29 14:11:16.225,3,2.18,,512000000
2026-05-29 14:11:16.216,2,1.78,,512000000
2026-05-29 14:11:16.204,3,2.04,,512000000
2026-05-29 14:11:16.182,2,1.81,,512000000
2026-05-29 14:11:16.162,2,1.76,,512000000
2026-05-29 14:11:16.056,2,1.7,,512000000
2026-05-29 14:11:16.027,3,2.06,,512000000
2026-05-29 14:11:16.025,3,2.5,,512000000
2026-05-29 14:11:16.024,3,2.06,,512000000
2026-05-29 14:11:16.007,3,2.12,,512000000
2026-05-29 14:11:15.957,2,1.79,,512000000
2026-05-29 14:11:15.927,2,1.77,,512000000
2026-05-29 14:11:15.898,2,1.88,,512000000
2026-05-29 14:11:15.848,3,2.01,,512000000
2026-05-29 14:11:15.803,2,1.75,,512000000
2026-05-29 14:11:15.791,3,2.4,,512000000
2026-05-29 14:11:15.755,2,1.64,,512000000
2026-05-29 14:11:15.753,3,2.16,,512000000
2026-05-29 14:11:15.721,3,2.73,,512000000
2026-05-29 14:11:15.680,3,2.14,,512000000
2026-05-29 14:11:15.677,2,1.88,,512000000
2026-05-29 14:11:15.669,2,1.86,,512000000
2026-05-29 14:11:15.662,3,2.2,,512000000
2026-05-29 14:11:15.653,6,5.3,,512000000
2026-05-29 14:11:15.538,3,2.01,,512000000
2026-05-29 14:11:15.526,6,5.3,,512000000
2026-05-29 14:11:15.492,2,1.9,,512000000
2026-05-29 14:11:15.491,6,5.57,,512000000
2026-05-29 14:11:15.462,2,1.84,,512000000
2026-05-29 14:11:15.460,2,1.87,,512000000
2026-05-29 14:11:15.408,13,12.24,,512000000
2026-05-29 14:11:15.362,2,1.77,,512000000
2026-05-29 14:11:15.334,10,9.5,,512000000
2026-05-29 14:11:15.318,2,1.81,,512000000
2026-05-29 14:11:15.303,2,1.72,,512000000
2026-05-29 14:11:15.302,2,1.95,,512000000
2026-05-29 14:11:15.283,2,1.82,,512000000
2026-05-29 14:11:15.173,2,1.93,,512000000
2026-05-29 14:11:15.155,22,21.19,,512000000
2026-05-29 14:11:15.135,2,1.85,,512000000
2026-05-29 14:11:15.106,3,2.01,,512000000
2026-05-29 14:11:15.104,3,2.02,,512000000
2026-05-29 14:11:15.074,2,1.73,,512000000
2026-05-29 14:11:15.066,3,2.15,,512000000
2026-05-29 14:11:15.060,2,1.83,,512000000
2026-05-29 14:11:15.054,3,2.13,,512000000
2026-05-29 14:11:15.017,3,2.1,,512000000
2026-05-29 14:11:14.911,2,1.81,,512000000
2026-05-29 14:11:14.910,2,1.86,,512000000
2026-05-29 14:11:14.839,2,1.94,,512000000
2026-05-29 14:11:14.821,3,2.18,,512000000
2026-05-29 14:11:14.810,2,1.94,,512000000
2026-05-29 14:11:14.770,2,1.73,,512000000
2026-05-29 14:11:14.727,2,1.76,,512000000
2026-05-29 14:11:14.717,3,2.07,,512000000
2026-05-29 14:11:14.679,2,1.75,,512000000
2026-05-29 14:11:14.675,2,1.77,,512000000
2026-05-29 14:11:14.664,2,1.68,,512000000
2026-05-29 14:11:14.629,2,1.91,,512000000
2026-05-29 14:11:14.592,2,1.86,,512000000
2026-05-29 14:11:14.557,23,22.91,,512000000
2026-05-29 14:11:14.539,3,2.01,,512000000
2026-05-29 14:11:14.532,2,1.93,,512000000
2026-05-29 14:11:14.500,2,1.89,,512000000
2026-05-29 14:11:14.482,8,7.31,,512000000
2026-05-29 14:11:14.452,2,1.66,,512000000
2026-05-29 14:11:14.442,2,1.95,,512000000
2026-05-29 14:11:14.418,3,2.11,,512000000
2026-05-29 14:11:14.407,8,7.12,,512000000
2026-05-29 14:11:14.349,2,1.87,,512000000
2026-05-29 14:11:14.341,3,2.09,,512000000
2026-05-29 14:11:14.314,2,1.85,,512000000
2026-05-29 14:11:14.312,2,1.95,,512000000
2026-05-29 14:11:14.293,6,5.08,,512000000
2026-05-29 14:11:14.290,2,1.72,,512000000
2026-05-29 14:11:14.257,2,1.98,,512000000
2026-05-29 14:11:14.235,15,14.96,,512000000
2026-05-29 14:11:14.216,4,3.37,,512000000
2026-05-29 14:11:14.171,2,1.76,,512000000
2026-05-29 14:11:14.150,24,23.48,,512000000
2026-05-29 14:11:14.147,4,3.74,,512000000
2026-05-29 14:11:14.065,3,2.07,,512000000
2026-05-29 14:11:14.056,18,17.62,,512000000
2026-05-29 14:11:14.044,2,1.77,,512000000
2026-05-29 14:11:14.041,3,2.04,,512000000
2026-05-29 14:11:14.039,3,2.19,,512000000
2026-05-29 14:11:13.998,3,2,,512000000
2026-05-29 14:11:13.982,2,1.74,,512000000
2026-05-29 14:11:13.934,2,1.92,,512000000
2026-05-29 14:11:13.843,3,2.7,,512000000
2026-05-29 14:11:13.817,3,2.39,,512000000
2026-05-29 14:11:13.814,5,4.27,,512000000
2026-05-29 14:11:13.801,2,1.8,,512000000
2026-05-29 14:11:13.784,2,1.75,,512000000
2026-05-29 14:11:13.684,3,2.09,,512000000
2026-05-29 14:11:13.665,2,1.77,,512000000
2026-05-29 14:11:13.663,2,1.88,,512000000
2026-05-29 14:11:13.615,10,9.58,,512000000
2026-05-29 14:11:13.599,2,1.78,,512000000
2026-05-29 14:11:13.564,2,1.95,,512000000
2026-05-29 14:11:13.548,2,1.7,,512000000
2026-05-29 14:11:13.523,2,1.56,,512000000
2026-05-29 14:11:13.492,3,2.75,,512000000
2026-05-29 14:11:13.397,2,1.97,,512000000
2026-05-29 14:11:13.374,3,2.05,,512000000
2026-05-29 14:11:13.347,3,2.12,,512000000
2026-05-29 14:11:13.334,3,2.19,,512000000
2026-05-29 14:11:13.217,3,2.1,,512000000
2026-05-29 14:11:13.166,2,1.84,,512000000
2026-05-29 14:11:13.154,3,2.08,,512000000
2026-05-29 14:11:13.148,2,1.83,,512000000
2026-05-29 14:11:13.143,3,2.2,,512000000
2026-05-29 14:11:13.098,3,2.04,,512000000
2026-05-29 14:11:13.065,3,2.16,,512000000
2026-05-29 14:11:13.009,2,1.88,,512000000
2026-05-29 14:11:13.009,19,18.61,,512000000
2026-05-29 14:11:12.999,3,2.11,,512000000
2026-05-29 14:11:12.991,2,1.68,,512000000
2026-05-29 14:11:12.934,2,1.92,,512000000
2026-05-29 14:11:12.910,3,2.09,,512000000
2026-05-29 14:11:12.891,2,1.74,,512000000
2026-05-29 14:11:12.875,6,5.26,,512000000
2026-05-29 14:11:12.838,2,2,,512000000
2026-05-29 14:11:12.769,2,1.94,,512000000
2026-05-29 14:11:12.734,2,1.73,,512000000
2026-05-29 14:11:12.730,23,22.91,,512000000
2026-05-29 14:11:12.721,2,1.91,,512000000
2026-05-29 14:11:12.697,5,4.85,,512000000
2026-05-29 14:11:12.697,2,1.96,,512000000
2026-05-29 14:11:12.688,3,2.1,,512000000
2026-05-29 14:11:12.683,2,1.89,,512000000
2026-05-29 14:11:12.665,2,1.71,,512000000
2026-05-29 14:11:12.645,2,1.97,,512000000
2026-05-29 14:11:12.622,2,1.79,,512000000
2026-05-29 14:11:12.569,11,10.71,,512000000
2026-05-29 14:11:12.552,2,1.71,,512000000
2026-05-29 14:11:12.525,2,1.78,,512000000
2026-05-29 14:11:12.519,2,1.86,,512000000
2026-05-29 14:11:12.507,2,1.67,,512000000
2026-05-29 14:11:12.495,2,1.91,,512000000
2026-05-29 14:11:12.478,2,1.78,,512000000
2026-05-29 14:11:12.443,2,1.65,,512000000
2026-05-29 14:11:12.418,4,3.04,,512000000
2026-05-29 14:11:12.398,2,1.81,,512000000
2026-05-29 14:11:12.389,2,1.92,,512000000
2026-05-29 14:11:12.378,2,1.87,,512000000
2026-05-29 14:11:12.375,3,2.09,,512000000
2026-05-29 14:11:12.367,2,1.83,,512000000
2026-05-29 14:11:12.335,2,1.69,,512000000
2026-05-29 14:11:12.323,2,1.83,,512000000
2026-05-29 14:11:12.260,2,1.99,,512000000
2026-05-29 14:11:12.231,2,1.61,,512000000
2026-05-29 14:11:12.173,3,2.12,,512000000
2026-05-29 14:11:12.136,2,1.77,,512000000
2026-05-29 14:11:12.068,2,1.81,,512000000
2026-05-29 14:11:12.005,3,2.05,,512000000
2026-05-29 14:11:11.919,2,1.88,,512000000
2026-05-29 14:11:11.911,3,2.12,,512000000
2026-05-29 14:11:11.903,2,1.94,,512000000
2026-05-29 14:11:11.875,3,2,,512000000
2026-05-29 14:11:11.846,3,2.03,,512000000
2026-05-29 14:11:11.843,13,12.8,,512000000
2026-05-29 14:11:11.807,3,2.2,,512000000
2026-05-29 14:11:11.736,2,1.94,,512000000
2026-05-29 14:11:11.694,4,3.12,,512000000
2026-05-29 14:11:11.678,2,1.92,,512000000
2026-05-29 14:11:11.676,3,2.22,,512000000
2026-05-29 14:11:11.656,7,6.65,,512000000
2026-05-29 14:11:11.651,3,2.22,,512000000
2026-05-29 14:11:11.608,3,2.18,,512000000
2026-05-29 14:11:11.604,3,2.12,,512000000
2026-05-29 14:11:11.590,2,1.87,,512000000
2026-05-29 14:11:11.553,2,1.75,,512000000
2026-05-29 14:11:11.522,3,2.05,,512000000
2026-05-29 14:11:11.490,3,2.16,,512000000
2026-05-29 14:11:11.466,2,1.81,,512000000
2026-05-29 14:11:11.416,6,5.03,,512000000
2026-05-29 14:11:11.393,3,2.22,,512000000
2026-05-29 14:11:11.381,2,1.72,,512000000
2026-05-29 14:11:11.379,3,2.43,,512000000
2026-05-29 14:11:11.348,3,2.42,,512000000
2026-05-29 14:11:11.324,3,2.08,,512000000
2026-05-29 14:11:11.229,3,2.16,,512000000
2026-05-29 14:11:11.218,6,5.33,,512000000
2026-05-29 14:11:11.202,3,2.2,,512000000
2026-05-29 14:11:11.182,2,1.6,,512000000
2026-05-29 14:11:11.159,3,2.05,,512000000
2026-05-29 14:11:11.126,2,1.85,,512000000
2026-05-29 14:11:11.125,2,1.8,,512000000
2026-05-29 14:11:11.115,3,2.02,,512000000
2026-05-29 14:11:11.108,3,2.29,,512000000
2026-05-29 14:11:11.096,3,2.26,,512000000
2026-05-29 14:11:11.088,2,1.77,,512000000
2026-05-29 14:11:11.056,2,1.93,,512000000
2026-05-29 14:11:11.035,2,1.71,,512000000
2026-05-29 14:11:10.982,2,1.88,,512000000
2026-05-29 14:11:10.977,2,1.86,,512000000
2026-05-29 14:11:10.942,2,1.96,,512000000
2026-05-29 14:11:10.940,3,2.25,,512000000
2026-05-29 14:11:10.929,3,2.06,,512000000
2026-05-29 14:11:10.926,2,1.92,,512000000
2026-05-29 14:11:10.868,2,1.75,,512000000
2026-05-29 14:11:10.748,11,10.17,,512000000
2026-05-29 14:11:10.676,2,1.82,,512000000
2026-05-29 14:11:10.661,2,1.83,,512000000
2026-05-29 14:11:10.647,4,3.05,,512000000
2026-05-29 14:11:10.634,9,8.21,,512000000
2026-05-29 14:11:10.612,2,1.77,,512000000
2026-05-29 14:11:10.604,2,1.95,,512000000
2026-05-29 14:11:10.455,3,2.03,,512000000
2026-05-29 14:11:10.443,4,3.8,,512000000
2026-05-29 14:11:10.405,2,1.78,,512000000
2026-05-29 14:11:10.388,3,2.23,,512000000
2026-05-29 14:11:10.387,2,1.77,,512000000
2026-05-29 14:11:10.364,2,1.72,,512000000
2026-05-29 14:11:10.313,3,2.27,,512000000
2026-05-29 14:11:10.311,2,1.9,,512000000
2026-05-29 14:11:10.271,2,1.77,,512000000
2026-05-29 14:11:10.232,10,9.89,,512000000
2026-05-29 14:11:10.223,3,2,,512000000
2026-05-29 14:11:10.103,3,2.01,,512000000
2026-05-29 14:11:10.003,3,2.54,,512000000
2026-05-29 14:11:09.970,3,2.12,,512000000
2026-05-29 14:11:09.950,18,17.46,,512000000
2026-05-29 14:11:09.933,3,2.31,,512000000
2026-05-29 14:11:09.919,3,2.29,,512000000
2026-05-29 14:11:09.905,2,1.96,,512000000
2026-05-29 14:11:09.904,3,2.54,,512000000
2026-05-29 14:11:09.899,7,6.18,,512000000
2026-05-29 14:11:09.872,3,2.08,,512000000
2026-05-29 14:11:09.824,3,2.22,,512000000
2026-05-29 14:11:09.814,3,2.34,,512000000
2026-05-29 14:11:09.806,3,2.52,,512000000
2026-05-29 14:11:09.796,2,1.86,,512000000
2026-05-29 14:11:09.791,2,1.94,,512000000
2026-05-29 14:11:09.777,16,15.2,,512000000
2026-05-29 14:11:09.769,2,1.83,,512000000
2026-05-29 14:11:09.698,3,2.22,,512000000
2026-05-29 14:11:09.681,2,1.73,,512000000
2026-05-29 14:11:09.663,3,2.01,,512000000
2026-05-29 14:11:09.643,2,1.63,,512000000
2026-05-29 14:11:09.622,4,3.18,,512000000
2026-05-29 14:11:09.620,2,1.96,,512000000
2026-05-29 14:11:09.576,3,2.04,,512000000
2026-05-29 14:11:09.513,3,2.78,,512000000
2026-05-29 14:11:09.495,3,2.07,,512000000
2026-05-29 14:11:09.494,2,1.91,,512000000
2026-05-29 14:11:09.464,3,2.3,,512000000
2026-05-29 14:11:09.461,3,2.75,,512000000
2026-05-29 14:11:09.433,6,5.36,,512000000
2026-05-29 14:11:09.414,4,3.75,,512000000
2026-05-29 14:11:09.345,2,1.88,,512000000
2026-05-29 14:11:09.304,2,1.93,,512000000
2026-05-29 14:11:09.273,2,2,,512000000
2026-05-29 14:11:09.221,2,1.92,,512000000
2026-05-29 14:11:09.209,2,1.82,,512000000
2026-05-29 14:11:09.189,3,2.17,,512000000
2026-05-29 14:11:09.186,2,1.99,,512000000
2026-05-29 14:11:09.165,2,1.67,,512000000
2026-05-29 14:11:09.156,6,5.45,,512000000
2026-05-29 14:11:09.147,2,1.69,,512000000
2026-05-29 14:11:09.133,2,1.88,,512000000
2026-05-29 14:11:09.125,3,2.18,,512000000
2026-05-29 14:11:09.110,9,8.55,,512000000
2026-05-29 14:11:09.094,3,2.17,,512000000
2026-05-29 14:11:09.087,2,1.74,,512000000
2026-05-29 14:11:09.079,3,2.02,,512000000
2026-05-29 14:11:09.040,2,1.81,,512000000
2026-05-29 14:11:09.029,2,1.82,,512000000
2026-05-29 14:11:09.008,2,2,,512000000
2026-05-29 14:11:08.916,2,1.69,,512000000
2026-05-29 14:11:08.890,5,4.78,,512000000
2026-05-29 14:11:08.827,3,2.1,,512000000
2026-05-29 14:11:08.808,29,28.4,,512000000
2026-05-29 14:11:08.793,2,1.97,,512000000
2026-05-29 14:11:08.713,2,1.93,,512000000
2026-05-29 14:11:08.620,2,2,,512000000
2026-05-29 14:11:08.617,2,1.82,,512000000
2026-05-29 14:11:08.569,3,2.1,,512000000
2026-05-29 14:11:08.565,2,1.93,,512000000
2026-05-29 14:11:08.540,2,1.63,,512000000
2026-05-29 14:11:08.494,3,2.3,,512000000
2026-05-29 14:11:08.477,22,21.36,,512000000
2026-05-29 14:11:08.380,2,1.66,,512000000
2026-05-29 14:11:08.373,2,1.75,,512000000
2026-05-29 14:11:08.361,2,1.86,,512000000
2026-05-29 14:11:08.340,3,2.26,,512000000
2026-05-29 14:11:08.335,2,1.94,,512000000
2026-05-29 14:11:08.306,2,1.99,,512000000
2026-05-29 14:11:08.264,2,1.87,,512000000
2026-05-29 14:11:08.216,3,2.04,,512000000
2026-05-29 14:11:08.183,39,38.74,,512000000
2026-05-29 14:11:08.176,2,1.62,,512000000
2026-05-29 14:11:08.156,6,5.45,,512000000
2026-05-29 14:11:08.146,2,1.75,,512000000
2026-05-29 14:11:08.130,3,2.44,,512000000
2026-05-29 14:11:08.122,2,1.75,,512000000
2026-05-29 14:11:08.105,2,1.81,,512000000
2026-05-29 14:11:08.075,2,1.82,,512000000
2026-05-29 14:11:08.062,2,1.88,,512000000
2026-05-29 14:11:08.021,2,1.7,,512000000
2026-05-29 14:11:08.014,2,1.8,,512000000
2026-05-29 14:11:08.006,2,1.89,,512000000
2026-05-29 14:11:07.981,4,3.32,,512000000
2026-05-29 14:11:07.945,2,1.85,,512000000
2026-05-29 14:11:07.930,2,1.76,,512000000
2026-05-29 14:11:07.891,3,2.23,,512000000
2026-05-29 14:11:07.884,2,1.95,,512000000
2026-05-29 14:11:07.869,20,19.8,,512000000
2026-05-29 14:11:07.854,3,2.06,,512000000
2026-05-29 14:11:07.811,2,1.74,,512000000
2026-05-29 14:11:07.765,3,2.06,,512000000
2026-05-29 14:11:07.741,2,1.97,,512000000
2026-05-29 14:11:07.702,2,1.75,,512000000
2026-05-29 14:11:07.699,2,1.86,,512000000
2026-05-29 14:11:07.672,2,1.89,,512000000
2026-05-29 14:11:07.511,2,1.87,,512000000
2026-05-29 14:11:07.504,3,2.08,,512000000
2026-05-29 14:11:07.504,3,2.16,,512000000
2026-05-29 14:11:07.451,2,1.81,,512000000
2026-05-29 14:11:07.404,2,1.93,,512000000
2026-05-29 14:11:07.375,2,1.57,,512000000
2026-05-29 14:11:07.289,10,9.29,,512000000
2026-05-29 14:11:07.237,2,1.74,,512000000
2026-05-29 14:11:07.205,2,1.74,,512000000
2026-05-29 14:11:07.190,9,8.55,,512000000
2026-05-29 14:11:07.177,2,2,,512000000
2026-05-29 14:11:07.175,5,4.77,,512000000
2026-05-29 14:11:07.169,2,1.94,,512000000
2026-05-29 14:11:07.150,2,1.91,,512000000
2026-05-29 14:11:07.134,4,3.07,,512000000
2026-05-29 14:11:07.123,2,1.88,,512000000
2026-05-29 14:11:07.119,2,1.79,,512000000
2026-05-29 14:11:07.101,3,2.08,,512000000
2026-05-29 14:11:07.077,5,4.39,,512000000
2026-05-29 14:11:07.058,3,2.2,,512000000
2026-05-29 14:11:07.049,17,16.97,,512000000
2026-05-29 14:11:07.041,2,1.75,,512000000
2026-05-29 14:11:07.009,8,7.83,,512000000
2026-05-29 14:11:06.956,3,2.06,,512000000
2026-05-29 14:11:06.906,2,1.74,,512000000
2026-05-29 14:11:06.860,2,1.82,,512000000
2026-05-29 14:11:06.850,2,1.72,,512000000
2026-05-29 14:11:06.811,2,1.92,,512000000
2026-05-29 14:11:06.804,4,3.41,,512000000
2026-05-29 14:11:06.788,2,1.87,,512000000
2026-05-29 14:11:06.739,2,1.6,,512000000
2026-05-29 14:11:06.734,7,6.85,,512000000
2026-05-29 14:11:06.695,19,18.92,,512000000
2026-05-29 14:11:06.683,10,9.37,,512000000
2026-05-29 14:11:06.672,2,1.66,,512000000
2026-05-29 14:11:06.622,21,20.52,,512000000
2026-05-29 14:11:06.612,2,1.88,,512000000
2026-05-29 14:11:06.596,2,1.77,,512000000
2026-05-29 14:11:06.581,18,17.08,,512000000
2026-05-29 14:11:06.527,7,6.14,,512000000
2026-05-29 14:11:06.498,2,1.94,,512000000
2026-05-29 14:11:06.490,3,2.05,,512000000
2026-05-29 14:11:06.471,3,2.1,,512000000
2026-05-29 14:11:06.407,2,1.77,,512000000
2026-05-29 14:11:06.403,2,1.71,,512000000
2026-05-29 14:11:06.341,2,1.9,,512000000
2026-05-29 14:11:06.303,2,1.69,,512000000
2026-05-29 14:11:06.293,2,1.97,,512000000
2026-05-29 14:11:06.281,2,1.78,,512000000
2026-05-29 14:11:06.263,2,1.76,,512000000
2026-05-29 14:11:06.195,27,26.75,,512000000
2026-05-29 14:11:06.148,2,1.79,,512000000
2026-05-29 14:11:06.129,2,1.81,,512000000
2026-05-29 14:11:06.099,2,1.83,,512000000
2026-05-29 14:11:06.079,2,1.71,,512000000
2026-05-29 14:11:06.056,2,1.8,,512000000
2026-05-29 14:11:06.023,2,1.74,,512000000
2026-05-29 14:11:05.987,2,1.94,,512000000
2026-05-29 14:11:05.930,3,2.16,,512000000
2026-05-29 14:11:05.927,3,2.28,,512000000
2026-05-29 14:11:05.922,3,2.13,,512000000
2026-05-29 14:11:05.859,2,1.82,,512000000
2026-05-29 14:11:05.835,2,1.72,,512000000
2026-05-29 14:11:05.799,2,1.82,,512000000
2026-05-29 14:11:05.756,3,2,,512000000
2026-05-29 14:11:05.720,3,2.02,,512000000
2026-05-29 14:11:05.691,2,1.86,,512000000
2026-05-29 14:11:05.675,2,1.95,,512000000
2026-05-29 14:11:05.639,3,2.02,,512000000
2026-05-29 14:11:05.638,2,1.68,,512000000
2026-05-29 14:11:05.594,3,2.27,,512000000
2026-05-29 14:11:05.576,2,1.73,,512000000
2026-05-29 14:11:05.511,3,2.04,,512000000
2026-05-29 14:11:05.472,3,2.04,,512000000
2026-05-29 14:11:05.464,2,1.99,,512000000
2026-05-29 14:11:05.418,2,1.75,,512000000
2026-05-29 14:11:05.381,3,2,,512000000
2026-05-29 14:11:05.376,3,2.24,,512000000
2026-05-29 14:11:05.357,2,1.86,,512000000
2026-05-29 14:11:05.338,2,1.83,,512000000
2026-05-29 14:11:05.324,2,2,,512000000
2026-05-29 14:11:05.285,2,1.95,,512000000
2026-05-29 14:11:05.179,2,1.85,,512000000
2026-05-29 14:11:05.178,2,1.98,,512000000
2026-05-29 14:11:05.160,2,1.94,,512000000
2026-05-29 14:11:05.151,2,1.86,,512000000
2026-05-29 14:11:05.150,2,1.85,,512000000
2026-05-29 14:11:05.140,4,3.03,,512000000
2026-05-29 14:11:05.115,2,1.8,,512000000
2026-05-29 14:11:05.103,2,1.82,,512000000
2026-05-29 14:11:05.073,3,2.07,,512000000
2026-05-29 14:11:05.072,2,1.97,,512000000
2026-05-29 14:11:05.019,2,1.75,,512000000
2026-05-29 14:11:05.008,2,1.94,,512000000
2026-05-29 14:11:04.994,3,2.05,,512000000
2026-05-29 14:11:04.989,5,4.87,,512000000
2026-05-29 14:11:04.957,4,3.2,,512000000
2026-05-29 14:11:04.945,4,3.77,,512000000
2026-05-29 14:11:04.873,8,7.08,,512000000
2026-05-29 14:11:04.831,21,20.44,,512000000
2026-05-29 14:11:04.816,2,1.75,,512000000
2026-05-29 14:11:04.767,7,6.87,,512000000
2026-05-29 14:11:04.763,2,1.84,,512000000
2026-05-29 14:11:04.746,2,1.85,,512000000
2026-05-29 14:11:04.669,3,2.05,,512000000
2026-05-29 14:11:04.647,2,1.96,,512000000
2026-05-29 14:11:04.597,2,1.75,,512000000
2026-05-29 14:11:04.579,3,2.24,,512000000
2026-05-29 14:11:04.536,3,2.06,,512000000
2026-05-29 14:11:04.534,3,2.08,,512000000
2026-05-29 14:11:04.487,2,1.69,,512000000
2026-05-29 14:11:04.472,2,1.94,,512000000
2026-05-29 14:11:04.443,2,1.79,,512000000
2026-05-29 14:11:04.428,8,7.77,,512000000
2026-05-29 14:11:04.428,3,2.28,,512000000
2026-05-29 14:11:04.418,2,1.83,,512000000
2026-05-29 14:11:04.408,8,7.33,,512000000
2026-05-29 14:11:04.293,2,1.98,,512000000
2026-05-29 14:11:04.269,5,4.52,,512000000
2026-05-29 14:11:04.249,5,4.95,,512000000
2026-05-29 14:11:04.237,2,1.79,,512000000
2026-05-29 14:11:04.219,2,1.74,,512000000
2026-05-29 14:11:04.163,2,1.75,,512000000
2026-05-29 14:11:04.122,3,2.06,,512000000
2026-05-29 14:11:04.029,12,11.24,,512000000
2026-05-29 14:11:04.009,2,1.71,,512000000
2026-05-29 14:11:04.009,14,13.27,,512000000
2026-05-29 14:11:03.990,8,7.26,,512000000
2026-05-29 14:11:03.976,2,1.84,,512000000
2026-05-29 14:11:03.948,2,1.72,,512000000
2026-05-29 14:11:03.905,2,1.76,,512000000
2026-05-29 14:11:03.870,36,35.76,,512000000
2026-05-29 14:11:03.850,2,1.88,,512000000
2026-05-29 14:11:03.811,2,1.82,,512000000
2026-05-29 14:11:03.769,3,2.48,,512000000
2026-05-29 14:11:03.761,2,1.7,,512000000
2026-05-29 14:11:03.737,2,1.97,,512000000
2026-05-29 14:11:03.732,3,2.29,,512000000
2026-05-29 14:11:03.698,2,1.99,,512000000
2026-05-29 14:11:03.560,3,2.4,,512000000
2026-05-29 14:11:03.462,3,2.05,,512000000
2026-05-29 14:11:03.445,2,1.76,,512000000
2026-05-29 14:11:03.427,2,1.97,,512000000
2026-05-29 14:11:03.425,2,1.69,,512000000
2026-05-29 14:11:03.409,2,1.71,,512000000
2026-05-29 14:11:03.407,2,1.7,,512000000
2026-05-29 14:11:03.387,2,1.81,,512000000
2026-05-29 14:11:03.367,3,2.19,,512000000
2026-05-29 14:11:03.280,2,1.94,,512000000
2026-05-29 14:11:03.278,3,2.01,,512000000
2026-05-29 14:11:03.250,3,2.24,,512000000
2026-05-29 14:11:03.245,2,1.83,,512000000
2026-05-29 14:11:03.242,2,1.69,,512000000
2026-05-29 14:11:03.193,2,1.93,,512000000
2026-05-29 14:11:03.149,4,3.26,,512000000
2026-05-29 14:11:03.137,3,2.29,,512000000
2026-05-29 14:11:03.128,17,16.19,,512000000
2026-05-29 14:11:03.124,3,2.49,,512000000
2026-05-29 14:11:03.113,2,1.99,,512000000
2026-05-29 14:11:03.080,3,2.07,,512000000
2026-05-29 14:11:03.075,3,2.79,,512000000
2026-05-29 14:11:03.054,40,39.04,,512000000
2026-05-29 14:11:03.024,2,1.77,,512000000
2026-05-29 14:11:02.968,3,2.65,,512000000
2026-05-29 14:11:02.945,3,2.31,,512000000
2026-05-29 14:11:02.888,2,1.86,,512000000
2026-05-29 14:11:02.857,2,1.82,,512000000
2026-05-29 14:11:02.853,2,1.87,,512000000
2026-05-29 14:11:02.845,2,1.6,,512000000
2026-05-29 14:11:02.708,2,1.87,,512000000
2026-05-29 14:11:02.685,2,1.66,,512000000
2026-05-29 14:11:02.683,2,1.98,,512000000
2026-05-29 14:11:02.679,3,2.21,,512000000
2026-05-29 14:11:02.639,2,1.95,,512000000
2026-05-29 14:11:02.590,5,4.17,,512000000
2026-05-29 14:11:02.574,2,1.97,,512000000
2026-05-29 14:11:02.553,3,2.12,,512000000
2026-05-29 14:11:02.549,3,2.1,,512000000
2026-05-29 14:11:02.547,2,2,,512000000
2026-05-29 14:11:02.507,3,2.02,,512000000
2026-05-29 14:11:02.496,3,2.04,,512000000
2026-05-29 14:11:02.493,2,1.72,,512000000
2026-05-29 14:11:02.466,2,1.88,,512000000
2026-05-29 14:11:02.450,2,1.89,,512000000
2026-05-29 14:11:02.434,2,1.99,,512000000
2026-05-29 14:11:02.382,2,1.78,,512000000
2026-05-29 14:11:02.335,5,4.81,,512000000
2026-05-29 14:11:02.329,2,1.68,,512000000
2026-05-29 14:11:02.319,2,1.86,,512000000
2026-05-29 14:11:02.277,2,1.88,,512000000
2026-05-29 14:11:02.188,2,1.88,,512000000
2026-05-29 14:11:02.168,2,1.74,,512000000
2026-05-29 14:11:02.157,3,2.45,,512000000
2026-05-29 14:11:02.145,3,2.12,,512000000
2026-05-29 14:11:02.143,2,1.75,,512000000
2026-05-29 14:11:02.107,2,1.8,,512000000
2026-05-29 14:11:02.095,3,2.83,,512000000
2026-05-29 14:11:02.048,5,4.5,,512000000
2026-05-29 14:11:02.035,28,27.36,,512000000
2026-05-29 14:11:02.029,3,2.02,,512000000
2026-05-29 14:11:01.944,2,1.9,,512000000
2026-05-29 14:11:01.906,2,1.77,,512000000
2026-05-29 14:11:01.849,2,1.74,,512000000
2026-05-29 14:11:01.841,2,1.95,,512000000
2026-05-29 14:11:01.823,2,1.68,,512000000
2026-05-29 14:11:01.805,2,1.95,,512000000
2026-05-29 14:11:01.773,2,1.88,,512000000
2026-05-29 14:11:01.723,2,1.93,,512000000
2026-05-29 14:11:01.647,3,2.06,,512000000
2026-05-29 14:11:01.628,2,1.82,,512000000
2026-05-29 14:11:01.627,3,2.13,,512000000
2026-05-29 14:11:01.595,2,1.88,,512000000
2026-05-29 14:11:01.591,3,2.33,,512000000
2026-05-29 14:11:01.554,5,4.71,,512000000
2026-05-29 14:11:01.537,3,2.19,,512000000
2026-05-29 14:11:01.497,21,20.53,,512000000
2026-05-29 14:11:01.466,2,1.82,,512000000
2026-05-29 14:11:01.382,2,1.75,,512000000
2026-05-29 14:11:01.360,2,1.74,,512000000
2026-05-29 14:11:01.351,2,1.99,,512000000
2026-05-29 14:11:01.311,2,1.94,,512000000
2026-05-29 14:11:01.288,3,2.05,,512000000
2026-05-29 14:11:01.201,12,11.42,,512000000
2026-05-29 14:11:01.200,3,2.91,,512000000
2026-05-29 14:11:01.179,9,8.67,,512000000
2026-05-29 14:11:01.175,2,1.63,,512000000
2026-05-29 14:11:01.166,2,1.75,,512000000
2026-05-29 14:11:01.142,2,1.85,,512000000
2026-05-29 14:11:01.139,2,1.66,,512000000
2026-05-29 14:11:01.116,2,1.93,,512000000
2026-05-29 14:11:01.104,2,1.67,,512000000
2026-05-29 14:11:01.100,2,1.67,,512000000
2026-05-29 14:11:01.092,2,1.82,,512000000
2026-05-29 14:11:01.074,2,1.93,,512000000
2026-05-29 14:11:01.026,2,1.87,,512000000
2026-05-29 14:11:01.005,2,1.81,,512000000
2026-05-29 14:11:00.981,12,11.78,,512000000
2026-05-29 14:11:00.961,15,14.52,,512000000
2026-05-29 14:11:00.942,2,1.78,,512000000
2026-05-29 14:11:00.940,16,15.55,,512000000
2026-05-29 14:11:00.937,10,9.17,,512000000
2026-05-29 14:11:00.918,2,1.96,,512000000
2026-05-29 14:11:00.888,2,1.83,,512000000
2026-05-29 14:11:00.859,2,1.92,,512000000
2026-05-29 14:11:00.855,2,1.96,,512000000
2026-05-29 14:11:00.764,2,1.98,,512000000
2026-05-29 14:11:00.758,2,1.84,,512000000
2026-05-29 14:11:00.754,2,1.85,,512000000
2026-05-29 14:11:00.698,140,139.27,,512000000
2026-05-29 14:11:00.695,2,1.64,,512000000
2026-05-29 14:11:00.687,3,2.48,,512000000
2026-05-29 14:11:00.653,2,1.77,,512000000
2026-05-29 14:11:00.650,2,1.7,,512000000
2026-05-29 14:11:00.595,17,16.02,,512000000
2026-05-29 14:11:00.575,2,1.76,,512000000
2026-05-29 14:11:00.397,2,1.74,,512000000
2026-05-29 14:11:00.395,3,2.21,,512000000
2026-05-29 14:11:00.388,3,2,,512000000
2026-05-29 14:11:00.356,2,1.79,,512000000
2026-05-29 14:11:00.341,2,1.82,,512000000
2026-05-29 14:11:00.295,3,2.12,,512000000
2026-05-29 14:11:00.261,2,1.82,,512000000
2026-05-29 14:11:00.241,2,1.89,,512000000
2026-05-29 14:11:00.229,2,1.97,,512000000
2026-05-29 14:11:00.088,2,1.78,,512000000
2026-05-29 14:10:59.993,2,1.81,,512000000
2026-05-29 14:10:59.991,2,1.7,,512000000
2026-05-29 14:10:59.960,2,1.77,,512000000
2026-05-29 14:10:59.900,2,1.81,,512000000
2026-05-29 14:10:59.890,12,11.71,,512000000
2026-05-29 14:10:59.875,2,1.78,,512000000
2026-05-29 14:10:59.859,2,1.67,,512000000
2026-05-29 14:10:59.852,2,1.72,,512000000
2026-05-29 14:10:59.803,2,1.94,,512000000
2026-05-29 14:10:59.740,8,7.08,,512000000
2026-05-29 14:10:59.721,2,1.87,,512000000
2026-05-29 14:10:59.719,2,1.92,,512000000
2026-05-29 14:10:59.700,6,5.36,,512000000
2026-05-29 14:10:59.681,2,1.78,,512000000
2026-05-29 14:10:59.675,2,1.61,,512000000
2026-05-29 14:10:59.657,3,2.01,,512000000
2026-05-29 14:10:59.606,3,2.07,,512000000
2026-05-29 14:10:59.587,6,5.55,,512000000
2026-05-29 14:10:59.548,12,11.3,,512000000
2026-05-29 14:10:59.532,2,1.65,,512000000
2026-05-29 14:10:59.498,3,2.06,,512000000
2026-05-29 14:10:59.498,2,1.93,,512000000
2026-05-29 14:10:59.453,2,1.77,,512000000
2026-05-29 14:10:59.438,2,1.89,,512000000
2026-05-29 14:10:59.432,2,1.78,,512000000
2026-05-29 14:10:59.412,3,2.08,,512000000
2026-05-29 14:10:59.390,2,1.83,,512000000
2026-05-29 14:10:59.388,2,1.86,,512000000
2026-05-29 14:10:59.388,3,2.14,,512000000
2026-05-29 14:10:59.371,2,1.93,,512000000
2026-05-29 14:10:59.360,2,1.93,,512000000
2026-05-29 14:10:59.331,3,2,,512000000
2026-05-29 14:10:59.329,2,1.92,,512000000
2026-05-29 14:10:59.324,3,2.05,,512000000
2026-05-29 14:10:59.324,3,2,,512000000
2026-05-29 14:10:59.323,2,1.88,,512000000
2026-05-29 14:10:59.254,3,2.1,,512000000
2026-05-29 14:10:59.214,2,1.89,,512000000
2026-05-29 14:10:59.181,7,6.21,,512000000
2026-05-29 14:10:59.171,9,8.61,,512000000
2026-05-29 14:10:59.081,2,1.79,,512000000
2026-05-29 14:10:59.069,2,1.89,,512000000
2026-05-29 14:10:59.059,2,1.69,,512000000
2026-05-29 14:10:59.047,2,1.79,,512000000
2026-05-29 14:10:59.043,3,2.21,,512000000
2026-05-29 14:10:59.038,2,1.98,,512000000
2026-05-29 14:10:58.909,14,13.46,,512000000
2026-05-29 14:10:58.872,3,2.02,,512000000
2026-05-29 14:10:58.867,2,1.82,,512000000
2026-05-29 14:10:58.859,2,1.68,,512000000
2026-05-29 14:10:58.849,2,1.75,,512000000
2026-05-29 14:10:58.782,2,1.69,,512000000
2026-05-29 14:10:58.715,2,1.64,,512000000
2026-05-29 14:10:58.703,2,1.95,,512000000
2026-05-29 14:10:58.674,3,2.18,,512000000
2026-05-29 14:10:58.670,2,1.76,,512000000
2026-05-29 14:10:58.589,3,2.01,,512000000
2026-05-29 14:10:58.437,2,1.87,,512000000
2026-05-29 14:10:58.377,2,1.77,,512000000
2026-05-29 14:10:58.370,3,2.24,,512000000
2026-05-29 14:10:58.329,2,1.76,,512000000
2026-05-29 14:10:58.323,3,2.45,,512000000
2026-05-29 14:10:58.319,2,1.71,,512000000
2026-05-29 14:10:58.316,2,1.65,,512000000
2026-05-29 14:10:58.284,2,1.8,,512000000
2026-05-29 14:10:58.266,2,1.96,,512000000
2026-05-29 14:10:58.264,2,1.67,,512000000
2026-05-29 14:10:58.235,2,1.86,,512000000
2026-05-29 14:10:58.224,2,1.95,,512000000
2026-05-29 14:10:58.213,2,1.68,,512000000
2026-05-29 14:10:58.183,2,1.63,,512000000
2026-05-29 14:10:58.145,2,1.94,,512000000
2026-05-29 14:10:58.137,2,1.95,,512000000
2026-05-29 14:10:58.103,2,1.65,,512000000
2026-05-29 14:10:58.102,3,2.21,,512000000
2026-05-29 14:10:58.099,2,1.81,,512000000
2026-05-29 14:10:58.066,3,2.03,,512000000
2026-05-29 14:10:58.059,2,1.8,,512000000
2026-05-29 14:10:58.040,3,2.75,,512000000
2026-05-29 14:10:57.990,2,1.91,,512000000
2026-05-29 14:10:57.969,2,1.98,,512000000
2026-05-29 14:10:57.932,2,1.62,,512000000
2026-05-29 14:10:57.900,2,1.91,,512000000
2026-05-29 14:10:57.854,2,1.73,,512000000
2026-05-29 14:10:57.844,2,1.79,,512000000
2026-05-29 14:10:57.810,2,1.75,,512000000
2026-05-29 14:10:57.804,2,1.9,,512000000
2026-05-29 14:10:57.762,2,1.69,,512000000
2026-05-29 14:10:57.754,2,1.77,,512000000
2026-05-29 14:10:57.747,2,1.74,,512000000
2026-05-29 14:10:57.734,2,1.89,,512000000
2026-05-29 14:10:57.639,2,1.78,,512000000
2026-05-29 14:10:57.627,2,1.86,,512000000
2026-05-29 14:10:57.626,2,2,,512000000
2026-05-29 14:10:57.539,2,1.75,,512000000
2026-05-29 14:10:57.533,2,1.91,,512000000
2026-05-29 14:10:57.518,2,1.92,,512000000
2026-05-29 14:10:57.508,2,1.94,,512000000
2026-05-29 14:10:57.472,2,1.87,,512000000
2026-05-29 14:10:57.432,2,1.84,,512000000
2026-05-29 14:10:57.407,2,2,,512000000
2026-05-29 14:10:57.373,2,1.98,,512000000
2026-05-29 14:10:57.366,2,1.94,,512000000
2026-05-29 14:10:57.360,2,1.94,,512000000
2026-05-29 14:10:57.303,2,1.66,,512000000
2026-05-29 14:10:57.281,2,1.91,,512000000
2026-05-29 14:10:57.255,2,1.79,,512000000
2026-05-29 14:10:57.243,2,1.67,,512000000
2026-05-29 14:10:57.221,4,3.02,,512000000
2026-05-29 14:10:57.220,2,1.62,,512000000
2026-05-29 14:10:57.182,3,2.02,,512000000
2026-05-29 14:10:57.179,3,2.08,,512000000
2026-05-29 14:10:57.000,2,1.81,,512000000
2026-05-29 14:10:56.986,2,1.93,,512000000
2026-05-29 14:10:56.964,2,1.71,,512000000
2026-05-29 14:10:56.826,2,1.95,,512000000
2026-05-29 14:10:56.799,2,1.82,,512000000
2026-05-29 14:10:56.773,2,1.98,,512000000
2026-05-29 14:10:56.743,2,1.9,,512000000
2026-05-29 14:10:56.719,2,1.77,,512000000
2026-05-29 14:10:56.719,2,1.85,,512000000
2026-05-29 14:10:56.677,2,1.66,,512000000
2026-05-29 14:10:56.675,2,1.89,,512000000
2026-05-29 14:10:56.670,2,1.9,,512000000
2026-05-29 14:10:56.642,2,1.91,,512000000
2026-05-29 14:10:56.631,2,1.68,,512000000
2026-05-29 14:10:56.611,2,1.71,,512000000
2026-05-29 14:10:56.547,2,1.72,,512000000
2026-05-29 14:10:56.537,3,2.12,,512000000
2026-05-29 14:10:56.513,2,1.94,,512000000
2026-05-29 14:10:56.468,2,1.89,,512000000
2026-05-29 14:10:56.441,2,1.87,,512000000
2026-05-29 14:10:56.404,3,2.15,,512000000
2026-05-29 14:10:56.347,2,1.92,,512000000
2026-05-29 14:10:56.323,3,2.08,,512000000
2026-05-29 14:10:56.309,2,1.72,,512000000
2026-05-29 14:10:56.261,8,7.07,,512000000
2026-05-29 14:10:56.212,3,2.07,,512000000
2026-05-29 14:10:56.210,2,1.97,,512000000
2026-05-29 14:10:56.210,3,2.77,,512000000
2026-05-29 14:10:56.185,2,1.77,,512000000
2026-05-29 14:10:56.181,9,8.83,,512000000
2026-05-29 14:10:56.162,3,2.03,,512000000
2026-05-29 14:10:56.161,2,1.76,,512000000
2026-05-29 14:10:56.092,2,1.68,,512000000
2026-05-29 14:10:56.080,19,18,,512000000
2026-05-29 14:10:56.069,3,2.06,,512000000
2026-05-29 14:10:56.040,2,1.98,,512000000
2026-05-29 14:10:56.020,11,10.43,,512000000
2026-05-29 14:10:56.009,2,1.76,,512000000
2026-05-29 14:10:56.004,2,1.77,,512000000
2026-05-29 14:10:55.994,2,1.9,,512000000
2026-05-29 14:10:55.977,2,1.72,,512000000
2026-05-29 14:10:55.924,3,2.19,,512000000
2026-05-29 14:10:55.920,2,1.93,,512000000
2026-05-29 14:10:55.897,2,1.88,,512000000
2026-05-29 14:10:55.894,2,1.82,,512000000
2026-05-29 14:10:55.890,3,2.21,,512000000
2026-05-29 14:10:55.871,3,2.03,,512000000
2026-05-29 14:10:55.826,3,2.03,,512000000
2026-05-29 14:10:55.807,2,1.83,,512000000
2026-05-29 14:10:55.742,2,1.77,,512000000
2026-05-29 14:10:55.686,3,2.2,,512000000
2026-05-29 14:10:55.640,2,1.71,,512000000
2026-05-29 14:10:55.616,2,1.76,,512000000
2026-05-29 14:10:55.558,2,1.78,,512000000
2026-05-29 14:10:55.526,2,1.79,,512000000
2026-05-29 14:10:55.505,2,1.81,,512000000
2026-05-29 14:10:55.427,3,2.03,,512000000
2026-05-29 14:10:55.419,2,1.85,,512000000
2026-05-29 14:10:55.411,2,1.63,,512000000
2026-05-29 14:10:55.393,3,2.19,,512000000
2026-05-29 14:10:55.380,3,2.06,,512000000
2026-05-29 14:10:55.358,2,1.78,,512000000
2026-05-29 14:10:55.297,3,2.11,,512000000
2026-05-29 14:10:55.156,2,1.89,,512000000
2026-05-29 14:10:55.087,2,1.8,,512000000
2026-05-29 14:10:55.054,2,1.71,,512000000
2026-05-29 14:10:55.007,2,1.75,,512000000
2026-05-29 14:10:54.985,2,1.87,,512000000
2026-05-29 14:10:54.985,2,1.95,,512000000
2026-05-29 14:10:54.930,16,15.73,,512000000
2026-05-29 14:10:54.918,2,1.71,,512000000
2026-05-29 14:10:54.880,2,1.69,,512000000
2026-05-29 14:10:54.857,2,1.97,,512000000
2026-05-29 14:10:54.829,2,1.77,,512000000
2026-05-29 14:10:54.794,2,1.66,,512000000
2026-05-29 14:10:54.773,2,1.71,,512000000
2026-05-29 14:10:54.756,3,2.03,,512000000
2026-05-29 14:10:54.733,2,1.93,,512000000
2026-05-29 14:10:54.724,2,1.95,,512000000
2026-05-29 14:10:54.689,5,4.71,,512000000
2026-05-29 14:10:54.682,3,2.36,,512000000
2026-05-29 14:10:54.679,3,2.28,,512000000
2026-05-29 14:10:54.675,2,1.8,,512000000
2026-05-29 14:10:54.659,3,2.02,,512000000
2026-05-29 14:10:54.659,2,1.73,,512000000
2026-05-29 14:10:54.620,2,1.9,,512000000
2026-05-29 14:10:54.610,2,1.61,,512000000
2026-05-29 14:10:54.602,2,1.81,,512000000
2026-05-29 14:10:54.596,3,2.14,,512000000
2026-05-29 14:10:54.588,2,1.81,,512000000
2026-05-29 14:10:54.567,2,1.79,,512000000
2026-05-29 14:10:54.552,2,1.84,,512000000
2026-05-29 14:10:54.547,3,2.5,,512000000
2026-05-29 14:10:54.546,3,2.14,,512000000
2026-05-29 14:10:54.540,2,1.84,,512000000
2026-05-29 14:10:54.452,2,1.84,,512000000
2026-05-29 14:10:54.444,2,1.73,,512000000
2026-05-29 14:10:54.399,2,1.7,,512000000
2026-05-29 14:10:54.388,4,3.11,,512000000
2026-05-29 14:10:54.365,3,2.03,,512000000
2026-05-29 14:10:54.287,2,1.66,,512000000
2026-05-29 14:10:54.246,2,1.72,,512000000
2026-05-29 14:10:54.214,2,1.91,,512000000
2026-05-29 14:10:54.147,3,2.12,,512000000
2026-05-29 14:10:54.053,2,1.79,,512000000
2026-05-29 14:10:54.023,3,2.04,,512000000
2026-05-29 14:10:53.965,3,2.1,,512000000
2026-05-29 14:10:53.943,2,1.89,,512000000
2026-05-29 14:10:53.938,3,2.05,,512000000
2026-05-29 14:10:53.927,2,1.95,,512000000
2026-05-29 14:10:53.921,2,1.84,,512000000
2026-05-29 14:10:53.917,2,1.8,,512000000
2026-05-29 14:10:53.841,2,1.97,,512000000
2026-05-29 14:10:53.811,2,1.85,,512000000
2026-05-29 14:10:53.774,2,1.79,,512000000
2026-05-29 14:10:53.770,2,1.65,,512000000
2026-05-29 14:10:53.733,2,1.82,,512000000
2026-05-29 14:10:53.678,2,1.86,,512000000
2026-05-29 14:10:53.677,2,1.85,,512000000
2026-05-29 14:10:53.634,2,1.64,,512000000
2026-05-29 14:10:53.615,2,1.63,,512000000
2026-05-29 14:10:53.604,2,1.9,,512000000
2026-05-29 14:10:53.596,2,1.8,,512000000
2026-05-29 14:10:53.589,3,2.36,,512000000
2026-05-29 14:10:53.532,2,1.64,,512000000
2026-05-29 14:10:53.492,3,2.07,,512000000
2026-05-29 14:10:53.488,6,5.16,,512000000
2026-05-29 14:10:53.471,3,2.17,,512000000
2026-05-29 14:10:53.341,2,1.64,,512000000
2026-05-29 14:10:53.318,2,1.77,,512000000
2026-05-29 14:10:53.317,6,5.47,,512000000
2026-05-29 14:10:53.317,2,1.71,,512000000
2026-05-29 14:10:53.306,2,1.84,,512000000
2026-05-29 14:10:53.274,2,1.63,,512000000
2026-05-29 14:10:53.226,2,1.93,,512000000
2026-05-29 14:10:53.223,2,1.69,,512000000
2026-05-29 14:10:53.181,2,1.92,,512000000
2026-05-29 14:10:53.168,2,1.91,,512000000
2026-05-29 14:10:53.130,4,3.35,,512000000
2026-05-29 14:10:53.101,2,1.74,,512000000
2026-05-29 14:10:53.099,19,18.59,,512000000
2026-05-29 14:10:53.097,2,1.73,,512000000
2026-05-29 14:10:53.086,3,2.04,,512000000
2026-05-29 14:10:53.049,2,1.63,,512000000
2026-05-29 14:10:53.036,3,2.09,,512000000
2026-05-29 14:10:53.036,2,1.75,,512000000
2026-05-29 14:10:52.926,2,1.82,,512000000
2026-05-29 14:10:52.910,2,1.83,,512000000
2026-05-29 14:10:52.898,2,1.79,,512000000
2026-05-29 14:10:52.881,2,1.85,,512000000
2026-05-29 14:10:52.858,2,1.61,,512000000
2026-05-29 14:10:52.834,3,2.03,,512000000
2026-05-29 14:10:52.796,2,1.72,,512000000
2026-05-29 14:10:52.788,2,1.71,,512000000
2026-05-29 14:10:52.773,2,1.56,,512000000
2026-05-29 14:10:52.765,3,2.38,,512000000
2026-05-29 14:10:52.732,6,5.02,,512000000
2026-05-29 14:10:52.719,2,1.62,,512000000
2026-05-29 14:10:52.712,2,1.75,,512000000
2026-05-29 14:10:52.678,3,2.36,,512000000
2026-05-29 14:10:52.668,3,2.04,,512000000
2026-05-29 14:10:52.645,3,2.15,,512000000
2026-05-29 14:10:52.632,2,1.67,,512000000
2026-05-29 14:10:52.603,2,1.61,,512000000
2026-05-29 14:10:52.601,2,1.83,,512000000
2026-05-29 14:10:52.597,2,1.78,,512000000
2026-05-29 14:10:52.521,2,1.82,,512000000
2026-05-29 14:10:52.512,3,2.36,,512000000
2026-05-29 14:10:52.415,2,1.94,,512000000
2026-05-29 14:10:52.381,2,1.78,,512000000
2026-05-29 14:10:52.368,2,1.66,,512000000
2026-05-29 14:10:52.297,2,1.77,,512000000
2026-05-29 14:10:52.282,3,2.02,,512000000
2026-05-29 14:10:52.173,7,6.33,,512000000
2026-05-29 14:10:52.147,2,1.84,,512000000
2026-05-29 14:10:52.059,2,1.73,,512000000
2026-05-29 14:10:52.058,2,1.95,,512000000
2026-05-29 14:10:51.962,9,8.59,,512000000
2026-05-29 14:10:51.949,2,1.86,,512000000
2026-05-29 14:10:51.890,3,2.2,,512000000
2026-05-29 14:10:51.877,2,1.98,,512000000
2026-05-29 14:10:51.840,2,1.96,,512000000
2026-05-29 14:10:51.805,2,1.92,,512000000
2026-05-29 14:10:51.778,16,15.3,,512000000
2026-05-29 14:10:51.730,5,4.21,,512000000
2026-05-29 14:10:51.715,2,1.81,,512000000
2026-05-29 14:10:51.711,3,2.06,,512000000
2026-05-29 14:10:51.680,2,1.99,,512000000
2026-05-29 14:10:51.630,15,14.96,,512000000
2026-05-29 14:10:51.615,2,1.67,,512000000
2026-05-29 14:10:51.608,2,1.88,,512000000
2026-05-29 14:10:51.578,2,1.73,,512000000
2026-05-29 14:10:51.560,2,1.76,,512000000
2026-05-29 14:10:51.556,6,5.97,,512000000
2026-05-29 14:10:51.549,20,19.11,,512000000
2026-05-29 14:10:51.517,4,3.36,,512000000
2026-05-29 14:10:51.513,7,6.42,,512000000
2026-05-29 14:10:51.509,3,2.13,,512000000
2026-05-29 14:10:51.494,3,2.02,,512000000
2026-05-29 14:10:51.420,3,2.26,,512000000
2026-05-29 14:10:51.355,2,1.66,,512000000
2026-05-29 14:10:51.275,2,1.74,,512000000
2026-05-29 14:10:51.264,2,1.8,,512000000
2026-05-29 14:10:51.258,2,1.82,,512000000
2026-05-29 14:10:51.258,3,2.4,,512000000
2026-05-29 14:10:51.234,3,2.17,,512000000
2026-05-29 14:10:51.232,2,1.8,,512000000
2026-05-29 14:10:51.217,2,1.85,,512000000
2026-05-29 14:10:51.213,2,1.73,,512000000
2026-05-29 14:10:51.190,2,1.8,,512000000
2026-05-29 14:10:51.190,3,2,,512000000
2026-05-29 14:10:51.163,2,1.8,,512000000
2026-05-29 14:10:51.124,2,1.71,,512000000
2026-05-29 14:10:51.099,2,2,,512000000
2026-05-29 14:10:51.095,4,3.23,,512000000
2026-05-29 14:10:51.090,2,1.99,,512000000
2026-05-29 14:10:51.080,2,1.75,,512000000
2026-05-29 14:10:51.040,2,1.65,,512000000
2026-05-29 14:10:51.014,2,1.93,,512000000
2026-05-29 14:10:51.011,2,1.82,,512000000
2026-05-29 14:10:50.914,12,11.37,,512000000
2026-05-29 14:10:50.903,3,2.04,,512000000
2026-05-29 14:10:50.895,3,2.07,,512000000
2026-05-29 14:10:50.874,4,3.25,,512000000
2026-05-29 14:10:50.866,3,2.15,,512000000
2026-05-29 14:10:50.862,2,1.99,,512000000
2026-05-29 14:10:50.774,11,10.09,,512000000
2026-05-29 14:10:50.755,10,9.29,,512000000
2026-05-29 14:10:50.724,2,1.71,,512000000
2026-05-29 14:10:50.722,4,3.43,,512000000
2026-05-29 14:10:50.689,16,15.23,,512000000
2026-05-29 14:10:50.680,3,2.18,,512000000
2026-05-29 14:10:50.673,3,2.06,,512000000
2026-05-29 14:10:50.482,5,4.39,,512000000
2026-05-29 14:10:50.441,7,6.72,,512000000
2026-05-29 14:10:50.430,2,1.62,,512000000
2026-05-29 14:10:50.378,16,15.46,,512000000
2026-05-29 14:10:50.355,28,27.93,,512000000
2026-05-29 14:10:50.274,5,4.1,,512000000
2026-05-29 14:10:50.274,12,11.37,,512000000
2026-05-29 14:10:50.257,2,1.81,,512000000
2026-05-29 14:10:50.204,2,1.77,,512000000
2026-05-29 14:10:50.162,2,1.6,,512000000
2026-05-29 14:10:50.125,2,1.96,,512000000
2026-05-29 14:10:50.123,3,2.44,,512000000
2026-05-29 14:10:50.110,2,1.95,,512000000
2026-05-29 14:10:50.070,2,1.78,,512000000
2026-05-29 14:10:50.067,3,2.13,,512000000
2026-05-29 14:10:50.047,3,2.01,,512000000
2026-05-29 14:10:50.031,3,2.1,,512000000
2026-05-29 14:10:50.014,2,1.79,,512000000
2026-05-29 14:10:49.959,2,1.73,,512000000
2026-05-29 14:10:49.934,2,1.82,,512000000
2026-05-29 14:10:49.932,2,1.98,,512000000
2026-05-29 14:10:49.911,2,1.94,,512000000
2026-05-29 14:10:49.899,2,1.87,,512000000
2026-05-29 14:10:49.877,3,2.08,,512000000
2026-05-29 14:10:49.736,2,1.76,,512000000
2026-05-29 14:10:49.735,3,2.08,,512000000
2026-05-29 14:10:49.734,3,2.25,,512000000
2026-05-29 14:10:49.732,3,2.36,,512000000
2026-05-29 14:10:49.690,2,1.8,,512000000
2026-05-29 14:10:49.625,2,1.82,,512000000
2026-05-29 14:10:49.577,2,1.86,,512000000
2026-05-29 14:10:49.486,2,1.75,,512000000
2026-05-29 14:10:49.471,3,2.29,,512000000
2026-05-29 14:10:49.464,2,1.85,,512000000
2026-05-29 14:10:49.432,2,1.7,,512000000
2026-05-29 14:10:49.424,2,1.89,,512000000
2026-05-29 14:10:49.406,2,1.99,,512000000
2026-05-29 14:10:49.404,2,1.78,,512000000
2026-05-29 14:10:49.400,2,1.76,,512000000
2026-05-29 14:10:49.400,2,1.83,,512000000
2026-05-29 14:10:49.391,2,1.62,,512000000
2026-05-29 14:10:49.379,2,1.87,,512000000
2026-05-29 14:10:49.368,2,1.7,,512000000
2026-05-29 14:10:49.351,2,1.92,,512000000
2026-05-29 14:10:49.317,8,7.53,,512000000
2026-05-29 14:10:49.313,2,1.73,,512000000
2026-05-29 14:10:49.254,2,1.78,,512000000
2026-05-29 14:10:49.176,2,1.74,,512000000
2026-05-29 14:10:49.174,2,1.65,,512000000
2026-05-29 14:10:49.154,2,1.73,,512000000
2026-05-29 14:10:49.135,2,1.75,,512000000
2026-05-29 14:10:49.073,2,1.69,,512000000
2026-05-29 14:10:49.071,2,1.63,,512000000
2026-05-29 14:10:48.992,2,1.62,,512000000
2026-05-29 14:10:48.973,2,1.64,,512000000
2026-05-29 14:10:48.972,3,2.27,,512000000
2026-05-29 14:10:48.953,2,1.81,,512000000
2026-05-29 14:10:48.930,2,1.72,,512000000
2026-05-29 14:10:48.898,2,1.67,,512000000
2026-05-29 14:10:48.880,2,1.67,,512000000
2026-05-29 14:10:48.816,3,2.25,,512000000
2026-05-29 14:10:48.770,2,1.97,,512000000
2026-05-29 14:10:48.732,2,1.66,,512000000
2026-05-29 14:10:48.728,8,7.16,,512000000
2026-05-29 14:10:48.722,2,1.75,,512000000
2026-05-29 14:10:48.712,2,1.79,,512000000
2026-05-29 14:10:48.710,2,1.91,,512000000
2026-05-29 14:10:48.709,2,1.8,,512000000
2026-05-29 14:10:48.665,2,1.73,,512000000
2026-05-29 14:10:48.661,2,1.69,,512000000
2026-05-29 14:10:48.635,2,1.75,,512000000
2026-05-29 14:10:48.613,2,1.67,,512000000
2026-05-29 14:10:48.607,3,2.13,,512000000
2026-05-29 14:10:48.514,2,1.82,,512000000
2026-05-29 14:10:48.506,2,1.77,,512000000
2026-05-29 14:10:48.460,2,1.92,,512000000
2026-05-29 14:10:48.434,2,1.86,,512000000
2026-05-29 14:10:48.369,2,1.9,,512000000
2026-05-29 14:10:48.278,2,1.95,,512000000
2026-05-29 14:10:48.229,13,12.71,,512000000
2026-05-29 14:10:48.210,3,2.5,,512000000
2026-05-29 14:10:48.174,5,4.61,,512000000
2026-05-29 14:10:48.157,2,1.78,,512000000
2026-05-29 14:10:48.048,14,13.53,,512000000
2026-05-29 14:10:47.980,2,1.94,,512000000
2026-05-29 14:10:47.973,2,1.76,,512000000
2026-05-29 14:10:47.945,3,2.04,,512000000
2026-05-29 14:10:47.938,3,2.33,,512000000
2026-05-29 14:10:47.913,4,3.34,,512000000
2026-05-29 14:10:47.854,11,10.16,,512000000
2026-05-29 14:10:47.843,5,4.93,,512000000
2026-05-29 14:10:47.782,2,1.86,,512000000
2026-05-29 14:10:47.749,3,2.06,,512000000
2026-05-29 14:10:47.745,2,1.82,,512000000
2026-05-29 14:10:47.710,2,1.86,,512000000
2026-05-29 14:10:47.709,2,1.88,,512000000
2026-05-29 14:10:47.689,3,2.02,,512000000
2026-05-29 14:10:47.652,3,2.13,,512000000
2026-05-29 14:10:47.620,2,1.75,,512000000
2026-05-29 14:10:47.568,3,2.08,,512000000
2026-05-29 14:10:47.551,2,1.67,,512000000
2026-05-29 14:10:47.541,2,1.73,,512000000
2026-05-29 14:10:47.525,2,1.79,,512000000
2026-05-29 14:10:47.494,2,1.73,,512000000
2026-05-29 14:10:47.463,2,1.7,,512000000
2026-05-29 14:10:47.454,2,1.94,,512000000
2026-05-29 14:10:47.443,4,3.1,,512000000
2026-05-29 14:10:47.421,2,1.83,,512000000
2026-05-29 14:10:47.420,3,2.28,,512000000
2026-05-29 14:10:47.417,6,5.78,,512000000
2026-05-29 14:10:47.415,2,1.65,,512000000
2026-05-29 14:10:47.395,3,2.88,,512000000
2026-05-29 14:10:47.367,2,1.76,,512000000
2026-05-29 14:10:47.317,3,2.03,,512000000
2026-05-29 14:10:47.290,5,4.99,,512000000
2026-05-29 14:10:47.279,26,25.26,,512000000
2026-05-29 14:10:47.278,2,2,,512000000
2026-05-29 14:10:47.275,2,1.71,,512000000
2026-05-29 14:10:47.215,2,2,,512000000
2026-05-29 14:10:47.212,2,1.73,,512000000
2026-05-29 14:10:47.180,2,1.86,,512000000
2026-05-29 14:10:47.171,2,1.7,,512000000
2026-05-29 14:10:47.113,2,1.98,,512000000
2026-05-29 14:10:47.072,2,1.83,,512000000
2026-05-29 14:10:47.051,5,4.59,,512000000
2026-05-29 14:10:47.030,2,1.58,,512000000
2026-05-29 14:10:46.968,2,1.64,,512000000
2026-05-29 14:10:46.898,21,20.92,,512000000
2026-05-29 14:10:46.824,2,1.89,,512000000
2026-05-29 14:10:46.793,3,2.1,,512000000
2026-05-29 14:10:46.769,2,1.77,,512000000
2026-05-29 14:10:46.721,3,2.07,,512000000
2026-05-29 14:10:46.717,2,1.72,,512000000
2026-05-29 14:10:46.700,22,21.86,,512000000
2026-05-29 14:10:46.669,5,4.13,,512000000
2026-05-29 14:10:46.661,13,12.02,,512000000
2026-05-29 14:10:46.590,5,4.49,,512000000
2026-05-29 14:10:46.568,3,2.11,,512000000
2026-05-29 14:10:46.537,2,1.71,,512000000
2026-05-29 14:10:46.536,2,1.73,,512000000
2026-05-29 14:10:46.520,8,7.04,,512000000
2026-05-29 14:10:46.459,2,1.59,,512000000
2026-05-29 14:10:46.404,2,1.62,,512000000
2026-05-29 14:10:46.355,2,1.8,,512000000
2026-05-29 14:10:46.337,30,29.98,,512000000
2026-05-29 14:10:46.335,2,1.69,,512000000
2026-05-29 14:10:46.334,2,1.73,,512000000
2026-05-29 14:10:46.310,2,1.78,,512000000
2026-05-29 14:10:46.174,11,10.03,,512000000
2026-05-29 14:10:46.166,2,1.89,,512000000
2026-05-29 14:10:46.149,2,1.54,,512000000
2026-05-29 14:10:46.139,7,6.56,,512000000
2026-05-29 14:10:46.128,2,1.76,,512000000
2026-05-29 14:10:46.113,2,1.96,,512000000
2026-05-29 14:10:46.064,2,1.83,,512000000
2026-05-29 14:10:46.013,2,1.78,,512000000
2026-05-29 14:10:45.940,2,1.59,,512000000
2026-05-29 14:10:45.901,3,2.08,,512000000
2026-05-29 14:10:45.876,2,1.75,,512000000
2026-05-29 14:10:45.818,2,1.85,,512000000
2026-05-29 14:10:45.770,2,1.9,,512000000
2026-05-29 14:10:45.740,3,2.1,,512000000
2026-05-29 14:10:45.649,2,1.72,,512000000
2026-05-29 14:10:45.633,2,1.88,,512000000
2026-05-29 14:10:45.621,2,1.91,,512000000
2026-05-29 14:10:45.613,2,1.75,,512000000
2026-05-29 14:10:45.609,3,2.49,,512000000
2026-05-29 14:10:45.565,2,1.78,,512000000
2026-05-29 14:10:45.536,2,1.76,,512000000
2026-05-29 14:10:45.525,2,1.85,,512000000
2026-05-29 14:10:45.513,2,1.56,,512000000
2026-05-29 14:10:45.505,2,1.73,,512000000
2026-05-29 14:10:45.487,3,2.06,,512000000
2026-05-29 14:10:45.434,2,1.92,,512000000
2026-05-29 14:10:45.428,5,4.63,,512000000
2026-05-29 14:10:45.417,2,1.74,,512000000
2026-05-29 14:10:45.378,10,9.37,,512000000
2026-05-29 14:10:45.347,3,2,,512000000
2026-05-29 14:10:45.347,2,1.8,,512000000
2026-05-29 14:10:45.319,6,5.88,,512000000
2026-05-29 14:10:45.301,3,2.03,,512000000
2026-05-29 14:10:45.299,6,5.13,,512000000
2026-05-29 14:10:45.258,3,2.01,,512000000
2026-05-29 14:10:45.218,3,2.07,,512000000
2026-05-29 14:10:45.215,2,1.96,,512000000
2026-05-29 14:10:45.170,2,1.47,,512000000
2026-05-29 14:10:45.163,2,1.63,,512000000
2026-05-29 14:10:45.142,2,1.52,,512000000
2026-05-29 14:10:45.129,2,1.72,,512000000
2026-05-29 14:10:45.078,2,1.97,,512000000
2026-05-29 14:10:45.034,2,1.72,,512000000
2026-05-29 14:10:45.024,2,1.95,,512000000
2026-05-29 14:10:45.000,2,1.56,,512000000
2026-05-29 14:10:44.940,3,2.2,,512000000
2026-05-29 14:10:44.915,3,2.09,,512000000
2026-05-29 14:10:44.907,2,1.78,,512000000
2026-05-29 14:10:44.886,2,1.76,,512000000
2026-05-29 14:10:44.857,2,1.92,,512000000
2026-05-29 14:10:44.845,2,1.69,,512000000
2026-05-29 14:10:44.816,3,2.14,,512000000
2026-05-29 14:10:44.800,2,1.64,,512000000
2026-05-29 14:10:44.739,2,1.62,,512000000
2026-05-29 14:10:44.728,2,1.81,,512000000
2026-05-29 14:10:44.672,2,1.84,,512000000
2026-05-29 14:10:44.664,3,2.05,,512000000
2026-05-29 14:10:44.618,2,1.96,,512000000
2026-05-29 14:10:44.613,2,1.68,,512000000
2026-05-29 14:10:44.610,2,1.66,,512000000
2026-05-29 14:10:44.590,2,1.84,,512000000
2026-05-29 14:10:44.546,2,1.64,,512000000
2026-05-29 14:10:44.479,2,1.77,,512000000
2026-05-29 14:10:44.438,2,1.89,,512000000
2026-05-29 14:10:44.378,2,2,,512000000
2026-05-29 14:10:44.358,2,1.94,,512000000
2026-05-29 14:10:44.294,6,5.05,,512000000
2026-05-29 14:10:44.290,2,1.75,,512000000
2026-05-29 14:10:44.278,7,6.78,,512000000
2026-05-29 14:10:44.263,2,1.85,,512000000
2026-05-29 14:10:44.259,11,10.04,,512000000
2026-05-29 14:10:44.234,9,8.65,,512000000
2026-05-29 14:10:44.232,3,2.27,,512000000
2026-05-29 14:10:44.228,3,2.14,,512000000
2026-05-29 14:10:44.174,2,1.98,,512000000
2026-05-29 14:10:44.119,2,1.67,,512000000
2026-05-29 14:10:44.078,2,1.93,,512000000
2026-05-29 14:10:44.041,5,4.31,,512000000
2026-05-29 14:10:44.033,7,6.86,,512000000
2026-05-29 14:10:44.006,3,2.2,,512000000
2026-05-29 14:10:43.946,2,1.87,,512000000
2026-05-29 14:10:43.882,3,2.44,,512000000
2026-05-29 14:10:43.870,2,1.93,,512000000
2026-05-29 14:10:43.848,2,1.74,,512000000
2026-05-29 14:10:43.750,2,1.66,,512000000
2026-05-29 14:10:43.725,2,1.83,,512000000
2026-05-29 14:10:43.688,3,2.01,,512000000
2026-05-29 14:10:43.675,2,1.83,,512000000
2026-05-29 14:10:43.667,2,1.62,,512000000
2026-05-29 14:10:43.641,2,1.72,,512000000
2026-05-29 14:10:43.634,3,2.1,,512000000
2026-05-29 14:10:43.630,3,2.49,,512000000
2026-05-29 14:10:43.596,3,2.03,,512000000
2026-05-29 14:10:43.593,3,2.39,,512000000
2026-05-29 14:10:43.549,3,2.23,,512000000
2026-05-29 14:10:43.354,9,8.32,,512000000
2026-05-29 14:10:43.350,2,1.76,,512000000
2026-05-29 14:10:43.350,2,1.83,,512000000
2026-05-29 14:10:43.335,21,20.83,,512000000
2026-05-29 14:10:43.328,3,2.13,,512000000
2026-05-29 14:10:43.328,3,2.5,,512000000
2026-05-29 14:10:43.327,6,5.55,,512000000
2026-05-29 14:10:43.326,2,1.7,,512000000
2026-05-29 14:10:43.311,2,1.95,,512000000
2026-05-29 14:10:43.209,2,1.63,,512000000
2026-05-29 14:10:43.200,2,1.63,,512000000
2026-05-29 14:10:43.189,2,1.72,,512000000
2026-05-29 14:10:43.164,3,2,,512000000
2026-05-29 14:10:43.104,2,1.58,,512000000
2026-05-29 14:10:43.093,3,2.84,,512000000
2026-05-29 14:10:43.086,2,1.87,,512000000
2026-05-29 14:10:43.081,2,1.72,,512000000
2026-05-29 14:10:43.066,2,1.71,,512000000
2026-05-29 14:10:43.033,2,1.64,,512000000
2026-05-29 14:10:43.029,2,1.96,,512000000
2026-05-29 14:10:43.028,2,1.84,,512000000
2026-05-29 14:10:43.016,2,1.87,,512000000
2026-05-29 14:10:43.002,3,2.25,,512000000
2026-05-29 14:10:42.949,3,2.35,,512000000
2026-05-29 14:10:42.915,3,2.21,,512000000
2026-05-29 14:10:42.890,2,1.81,,512000000
2026-05-29 14:10:42.882,2,1.9,,512000000
2026-05-29 14:10:42.873,2,1.76,,512000000
2026-05-29 14:10:42.851,2,1.99,,512000000
2026-05-29 14:10:42.842,3,2.15,,512000000
2026-05-29 14:10:42.814,3,2.05,,512000000
2026-05-29 14:10:42.814,19,18.3,,512000000
2026-05-29 14:10:42.803,3,2.05,,512000000
2026-05-29 14:10:42.731,2,1.53,,512000000
2026-05-29 14:10:42.644,2,1.87,,512000000
2026-05-29 14:10:42.567,4,3.91,,512000000
2026-05-29 14:10:42.535,2,1.97,,512000000
2026-05-29 14:10:42.514,3,2.22,,512000000
2026-05-29 14:10:42.474,3,2,,512000000
2026-05-29 14:10:42.455,2,1.88,,512000000
2026-05-29 14:10:42.448,2,1.97,,512000000
2026-05-29 14:10:42.414,2,1.76,,512000000
2026-05-29 14:10:42.398,2,1.87,,512000000
2026-05-29 14:10:42.343,2,1.74,,512000000
2026-05-29 14:10:42.282,2,1.83,,512000000
2026-05-29 14:10:42.278,18,17.72,,512000000
2026-05-29 14:10:42.263,2,1.72,,512000000
2026-05-29 14:10:42.245,3,2.11,,512000000
2026-05-29 14:10:42.189,22,21.18,,512000000
2026-05-29 14:10:42.162,2,1.92,,512000000
2026-05-29 14:10:42.033,2,1.75,,512000000
2026-05-29 14:10:41.991,3,2.75,,512000000
2026-05-29 14:10:41.934,2,1.72,,512000000
2026-05-29 14:10:41.924,2,1.91,,512000000
2026-05-29 14:10:41.903,2,1.71,,512000000
2026-05-29 14:10:41.882,3,2.33,,512000000
2026-05-29 14:10:41.807,3,2.13,,512000000
2026-05-29 14:10:41.777,2,1.85,,512000000
2026-05-29 14:10:41.740,3,2.19,,512000000
2026-05-29 14:10:41.725,2,1.83,,512000000
2026-05-29 14:10:41.634,2,1.81,,512000000
2026-05-29 14:10:41.561,3,2.05,,512000000
2026-05-29 14:10:41.548,2,1.83,,512000000
2026-05-29 14:10:41.522,3,2.27,,512000000
2026-05-29 14:10:41.520,2,1.82,,512000000
2026-05-29 14:10:41.509,21,20.5,,512000000
2026-05-29 14:10:41.502,3,2.13,,512000000
2026-05-29 14:10:41.478,2,1.84,,512000000
2026-05-29 14:10:41.477,2,1.83,,512000000
2026-05-29 14:10:41.469,2,1.8,,512000000
2026-05-29 14:10:41.462,2,1.71,,512000000
2026-05-29 14:10:41.437,2,1.91,,512000000
2026-05-29 14:10:41.437,2,1.91,,512000000
2026-05-29 14:10:41.425,2,1.76,,512000000
2026-05-29 14:10:41.405,2,1.82,,512000000
2026-05-29 14:10:41.400,7,6.02,,512000000
2026-05-29 14:10:41.386,2,1.94,,512000000
2026-05-29 14:10:41.376,2,1.85,,512000000
2026-05-29 14:10:41.373,2,1.78,,512000000
2026-05-29 14:10:41.346,2,1.83,,512000000
2026-05-29 14:10:41.296,2,1.7,,512000000
2026-05-29 14:10:41.283,2,1.87,,512000000
2026-05-29 14:10:41.278,2,1.81,,512000000
2026-05-29 14:10:41.254,3,2.58,,512000000
2026-05-29 14:10:41.244,2,1.88,,512000000
2026-05-29 14:10:41.241,2,1.95,,512000000
2026-05-29 14:10:41.215,2,1.74,,512000000
2026-05-29 14:10:41.171,2,1.75,,512000000
2026-05-29 14:10:41.157,2,1.87,,512000000
2026-05-29 14:10:41.138,19,18.74,,512000000
2026-05-29 14:10:41.136,4,3.02,,512000000
2026-05-29 14:10:41.091,2,1.83,,512000000
2026-05-29 14:10:41.048,2,1.61,,512000000
2026-05-29 14:10:41.029,2,1.77,,512000000
2026-05-29 14:10:40.998,2,1.76,,512000000
2026-05-29 14:10:40.985,2,1.76,,512000000
2026-05-29 14:10:40.956,2,1.73,,512000000
2026-05-29 14:10:40.947,3,2.13,,512000000
2026-05-29 14:10:40.946,2,1.77,,512000000
2026-05-29 14:10:40.921,3,2.15,,512000000
2026-05-29 14:10:40.918,2,1.72,,512000000
2026-05-29 14:10:40.864,2,1.8,,512000000
2026-05-29 14:10:40.841,2,1.87,,512000000
2026-05-29 14:10:40.719,2,1.68,,512000000
2026-05-29 14:10:40.589,3,2.06,,512000000
2026-05-29 14:10:40.585,2,1.87,,512000000
2026-05-29 14:10:40.554,2,2,,512000000
2026-05-29 14:10:40.521,3,2.03,,512000000
2026-05-29 14:10:40.488,21,20.3,,512000000
2026-05-29 14:10:40.481,2,1.86,,512000000
2026-05-29 14:10:40.452,2,1.95,,512000000
2026-05-29 14:10:40.445,2,1.67,,512000000
2026-05-29 14:10:40.396,2,1.82,,512000000
2026-05-29 14:10:40.395,2,1.74,,512000000
2026-05-29 14:10:40.388,3,2.63,,512000000
2026-05-29 14:10:40.339,3,2.06,,512000000
2026-05-29 14:10:40.320,9,8.38,,512000000
2026-05-29 14:10:40.318,3,2.06,,512000000
2026-05-29 14:10:40.313,2,1.81,,512000000
2026-05-29 14:10:40.294,2,1.81,,512000000
2026-05-29 14:10:40.176,2,1.92,,512000000
2026-05-29 14:10:40.173,2,1.7,,512000000
2026-05-29 14:10:40.157,2,1.83,,512000000
2026-05-29 14:10:40.094,2,1.78,,512000000
2026-05-29 14:10:40.027,3,2.18,,512000000
2026-05-29 14:10:40.004,2,1.91,,512000000
2026-05-29 14:10:39.973,2,1.8,,512000000
2026-05-29 14:10:39.959,18,17.96,,512000000
2026-05-29 14:10:39.935,2,1.7,,512000000
2026-05-29 14:10:39.897,3,2.04,,512000000
2026-05-29 14:10:39.874,2,1.91,,512000000
2026-05-29 14:10:39.850,2,1.85,,512000000
2026-05-29 14:10:39.843,2,1.67,,512000000
2026-05-29 14:10:39.832,3,2.05,,512000000
2026-05-29 14:10:39.831,2,1.71,,512000000
2026-05-29 14:10:39.817,2,1.91,,512000000
2026-05-29 14:10:39.743,2,1.9,,512000000
2026-05-29 14:10:39.666,2,1.87,,512000000
2026-05-29 14:10:39.644,2,1.73,,512000000
2026-05-29 14:10:39.633,2,1.9,,512000000
2026-05-29 14:10:39.546,2,1.8,,512000000
2026-05-29 14:10:39.543,2,1.98,,512000000
2026-05-29 14:10:39.513,2,1.77,,512000000
2026-05-29 14:10:39.477,3,2.02,,512000000
2026-05-29 14:10:39.458,2,1.76,,512000000
2026-05-29 14:10:39.445,2,1.76,,512000000
2026-05-29 14:10:39.415,2,1.69,,512000000
2026-05-29 14:10:39.358,3,2.03,,512000000
2026-05-29 14:10:39.354,2,1.79,,512000000
2026-05-29 14:10:39.332,2,1.73,,512000000
2026-05-29 14:10:39.319,2,1.7,,512000000
2026-05-29 14:10:39.309,2,1.95,,512000000
2026-05-29 14:10:39.309,2,1.94,,512000000
2026-05-29 14:10:39.229,7,6.12,,512000000
2026-05-29 14:10:39.218,2,1.79,,512000000
2026-05-29 14:10:39.202,2,1.79,,512000000
2026-05-29 14:10:39.202,2,1.98,,512000000
2026-05-29 14:10:39.181,3,2.08,,512000000
2026-05-29 14:10:39.144,2,1.81,,512000000
2026-05-29 14:10:39.128,2,1.64,,512000000
2026-05-29 14:10:39.071,2,1.82,,512000000
2026-05-29 14:10:39.069,14,13.88,,512000000
2026-05-29 14:10:39.031,2,1.77,,512000000
2026-05-29 14:10:39.015,2,1.68,,512000000
2026-05-29 14:10:39.001,2,1.84,,512000000
2026-05-29 14:10:38.999,2,1.68,,512000000
2026-05-29 14:10:38.985,2,1.59,,512000000
2026-05-29 14:10:38.952,2,1.75,,512000000
2026-05-29 14:10:38.936,2,1.84,,512000000
2026-05-29 14:10:38.923,2,1.78,,512000000
2026-05-29 14:10:38.863,2,1.95,,512000000
2026-05-29 14:10:38.853,2,1.97,,512000000
2026-05-29 14:10:38.845,9,8.26,,512000000
2026-05-29 14:10:38.752,2,1.72,,512000000
2026-05-29 14:10:38.727,2,1.71,,512000000
2026-05-29 14:10:38.726,3,2.06,,512000000
2026-05-29 14:10:38.718,3,2.19,,512000000
2026-05-29 14:10:38.702,7,6.25,,512000000
2026-05-29 14:10:38.688,2,1.97,,512000000
2026-05-29 14:10:38.603,2,1.83,,512000000
2026-05-29 14:10:38.496,2,1.66,,512000000
2026-05-29 14:10:38.484,3,2.07,,512000000
2026-05-29 14:10:38.461,2,1.76,,512000000
2026-05-29 14:10:38.359,3,2.35,,512000000
2026-05-29 14:10:38.358,2,2,,512000000
2026-05-29 14:10:38.338,24,23.04,,512000000
2026-05-29 14:10:38.300,2,1.99,,512000000
2026-05-29 14:10:38.274,2,1.94,,512000000
2026-05-29 14:10:38.265,2,1.83,,512000000
2026-05-29 14:10:38.236,9,8.02,,512000000
2026-05-29 14:10:38.224,2,1.89,,512000000
2026-05-29 14:10:38.187,2,1.91,,512000000
2026-05-29 14:10:38.158,2,1.96,,512000000
2026-05-29 14:10:38.081,2,1.68,,512000000
2026-05-29 14:10:38.077,3,2.09,,512000000
2026-05-29 14:10:38.019,16,15.72,,512000000
2026-05-29 14:10:37.981,2,1.87,,512000000
2026-05-29 14:10:37.935,2,1.75,,512000000
2026-05-29 14:10:37.918,2,1.72,,512000000
2026-05-29 14:10:37.904,2,1.77,,512000000
2026-05-29 14:10:37.875,2,1.69,,512000000
2026-05-29 14:10:37.856,2,1.74,,512000000
2026-05-29 14:10:37.853,3,2.15,,512000000
2026-05-29 14:10:37.820,3,2.04,,512000000
2026-05-29 14:10:37.817,15,14.48,,512000000
2026-05-29 14:10:37.816,2,1.96,,512000000
2026-05-29 14:10:37.810,2,1.75,,512000000
2026-05-29 14:10:37.791,3,2.09,,512000000
2026-05-29 14:10:37.704,2,1.86,,512000000
2026-05-29 14:10:37.700,2,1.92,,512000000
2026-05-29 14:10:37.559,2,1.91,,512000000
2026-05-29 14:10:37.528,2,1.86,,512000000
2026-05-29 14:10:37.497,2,1.75,,512000000
2026-05-29 14:10:37.474,2,1.77,,512000000
2026-05-29 14:10:37.464,2,1.73,,512000000
2026-05-29 14:10:37.438,2,1.82,,512000000
2026-05-29 14:10:37.435,2,1.84,,512000000
2026-05-29 14:10:37.427,2,1.68,,512000000
2026-05-29 14:10:37.390,4,3.31,,512000000
2026-05-29 14:10:37.316,2,1.92,,512000000
2026-05-29 14:10:37.312,2,1.97,,512000000
2026-05-29 14:10:37.310,2,1.77,,512000000
2026-05-29 14:10:37.310,2,1.85,,512000000
2026-05-29 14:10:37.279,9,8.17,,512000000
2026-05-29 14:10:37.278,3,2.08,,512000000
2026-05-29 14:10:37.257,2,1.93,,512000000
2026-05-29 14:10:37.234,2,1.74,,512000000
2026-05-29 14:10:37.228,2,1.8,,512000000
2026-05-29 14:10:37.193,6,5.54,,512000000
2026-05-29 14:10:37.188,2,1.77,,512000000
2026-05-29 14:10:37.176,3,2.21,,512000000
2026-05-29 14:10:37.137,3,2.03,,512000000
2026-05-29 14:10:37.111,2,1.74,,512000000
2026-05-29 14:10:37.054,3,2.02,,512000000
2026-05-29 14:10:37.027,13,12.2,,512000000
2026-05-29 14:10:37.019,3,2.11,,512000000
2026-05-29 14:10:37.014,2,1.72,,512000000
2026-05-29 14:10:36.977,3,2.04,,512000000
2026-05-29 14:10:36.925,2,1.93,,512000000
2026-05-29 14:10:36.915,16,15.72,,512000000
2026-05-29 14:10:36.895,3,2.1,,512000000
2026-05-29 14:10:36.889,3,2.13,,512000000
2026-05-29 14:10:36.884,3,2.08,,512000000
2026-05-29 14:10:36.822,3,2.26,,512000000
2026-05-29 14:10:36.810,2,1.89,,512000000
2026-05-29 14:10:36.730,2,1.85,,512000000
2026-05-29 14:10:36.708,3,2.02,,512000000
2026-05-29 14:10:36.674,2,1.81,,512000000
2026-05-29 14:10:36.627,2,1.97,,512000000
2026-05-29 14:10:36.620,11,10.77,,512000000
2026-05-29 14:10:36.601,2,1.87,,512000000
2026-05-29 14:10:36.578,2,1.63,,512000000
2026-05-29 14:10:36.567,2,1.78,,512000000
2026-05-29 14:10:36.543,2,1.6,,512000000
2026-05-29 14:10:36.533,3,2.35,,512000000
2026-05-29 14:10:36.455,2,1.75,,512000000
2026-05-29 14:10:36.349,2,1.83,,512000000
2026-05-29 14:10:36.331,2,1.57,,512000000
2026-05-29 14:10:36.298,6,5.21,,512000000
2026-05-29 14:10:36.280,3,2.03,,512000000
2026-05-29 14:10:36.270,2,1.91,,512000000
2026-05-29 14:10:36.213,3,2.01,,512000000
2026-05-29 14:10:36.213,2,1.79,,512000000
2026-05-29 14:10:36.105,2,1.88,,512000000
2026-05-29 14:10:36.073,3,2.1,,512000000
2026-05-29 14:10:35.968,2,1.68,,512000000
2026-05-29 14:10:35.955,2,1.89,,512000000
2026-05-29 14:10:35.893,4,3.66,,512000000
2026-05-29 14:10:35.883,3,2.03,,512000000
2026-05-29 14:10:35.861,3,2.03,,512000000
2026-05-29 14:10:35.836,2,1.9,,512000000
2026-05-29 14:10:35.835,4,3.52,,512000000
2026-05-29 14:10:35.828,3,2.04,,512000000
2026-05-29 14:10:35.808,2,1.97,,512000000
2026-05-29 14:10:35.776,3,2.19,,512000000
2026-05-29 14:10:35.776,2,1.67,,512000000
2026-05-29 14:10:35.732,2,1.89,,512000000
2026-05-29 14:10:35.675,3,2.04,,512000000
2026-05-29 14:10:35.668,2,1.64,,512000000
2026-05-29 14:10:35.648,2,1.85,,512000000
2026-05-29 14:10:35.642,2,1.81,,512000000
2026-05-29 14:10:35.619,2,1.99,,512000000
2026-05-29 14:10:35.609,2,1.84,,512000000
2026-05-29 14:10:35.605,4,3.81,,512000000
2026-05-29 14:10:35.582,2,1.85,,512000000
2026-05-29 14:10:35.556,9,8.88,,512000000
2026-05-29 14:10:35.553,2,1.7,,512000000
2026-05-29 14:10:35.517,2,1.87,,512000000
2026-05-29 14:10:35.515,11,10.79,,512000000
2026-05-29 14:10:35.496,3,2.15,,512000000
2026-05-29 14:10:35.477,3,2.04,,512000000
2026-05-29 14:10:35.449,2,1.97,,512000000
2026-05-29 14:10:35.449,2,1.7,,512000000
2026-05-29 14:10:35.419,2,1.69,,512000000
2026-05-29 14:10:35.390,2,1.9,,512000000
2026-05-29 14:10:35.355,3,2.12,,512000000
2026-05-29 14:10:35.347,2,1.92,,512000000
2026-05-29 14:10:35.277,3,2.15,,512000000
2026-05-29 14:10:35.264,3,2.13,,512000000
2026-05-29 14:10:35.238,2,1.9,,512000000
2026-05-29 14:10:35.232,3,2.26,,512000000
2026-05-29 14:10:35.231,2,1.88,,512000000
2026-05-29 14:10:35.192,3,2.2,,512000000
2026-05-29 14:10:35.102,2,1.89,,512000000
2026-05-29 14:10:35.099,2,1.9,,512000000
2026-05-29 14:10:35.092,3,2.04,,512000000
2026-05-29 14:10:34.997,6,5.09,,512000000
2026-05-29 14:10:34.984,3,2.75,,512000000
2026-05-29 14:10:34.905,2,1.93,,512000000
2026-05-29 14:10:34.903,2,1.86,,512000000
2026-05-29 14:10:34.899,3,2.06,,512000000
2026-05-29 14:10:34.862,3,2.11,,512000000
2026-05-29 14:10:34.811,13,12.34,,512000000
2026-05-29 14:10:34.723,2,1.88,,512000000
2026-05-29 14:10:34.715,21,20.93,,512000000
2026-05-29 14:10:34.686,2,1.99,,512000000
2026-05-29 14:10:34.654,2,1.9,,512000000
2026-05-29 14:10:34.634,3,2.31,,512000000
2026-05-29 14:10:34.629,2,1.86,,512000000
2026-05-29 14:10:34.616,2,1.69,,512000000
2026-05-29 14:10:34.614,3,2.09,,512000000
2026-05-29 14:10:34.598,2,1.79,,512000000
2026-05-29 14:10:34.526,2,1.7,,512000000
2026-05-29 14:10:34.507,2,1.71,,512000000
2026-05-29 14:10:34.492,2,1.82,,512000000
2026-05-29 14:10:34.464,2,1.86,,512000000
2026-05-29 14:10:34.414,2,1.99,,512000000
2026-05-29 14:10:34.369,2,1.76,,512000000
2026-05-29 14:10:34.344,2,1.88,,512000000
2026-05-29 14:10:34.323,2,1.79,,512000000
2026-05-29 14:10:34.320,2,1.76,,512000000
2026-05-29 14:10:34.284,3,2.17,,512000000
2026-05-29 14:10:34.269,2,1.94,,512000000
2026-05-29 14:10:34.267,2,1.66,,512000000
2026-05-29 14:10:34.245,2,1.92,,512000000
2026-05-29 14:10:34.223,2,1.94,,512000000
2026-05-29 14:10:34.222,3,2.1,,512000000
2026-05-29 14:10:34.169,2,1.82,,512000000
2026-05-29 14:10:34.136,2,1.9,,512000000
2026-05-29 14:10:34.125,3,2.33,,512000000
2026-05-29 14:10:34.117,3,2.12,,512000000
2026-05-29 14:10:34.088,2,1.72,,512000000
2026-05-29 14:10:34.019,3,2.43,,512000000
2026-05-29 14:10:33.956,2,1.8,,512000000
2026-05-29 14:10:33.933,2,1.84,,512000000
2026-05-29 14:10:33.928,2,1.99,,512000000
2026-05-29 14:10:33.917,2,1.7,,512000000
2026-05-29 14:10:33.866,2,1.8,,512000000
2026-05-29 14:10:33.860,2,1.82,,512000000
2026-05-29 14:10:33.849,2,1.93,,512000000
2026-05-29 14:10:33.835,6,5.4,,512000000
2026-05-29 14:10:33.815,10,9.03,,512000000
2026-05-29 14:10:33.800,2,1.83,,512000000
2026-05-29 14:10:33.782,2,1.7,,512000000
2026-05-29 14:10:33.778,3,2.07,,512000000
2026-05-29 14:10:33.773,2,1.84,,512000000
2026-05-29 14:10:33.753,2,1.99,,512000000
2026-05-29 14:10:33.700,10,9.74,,512000000
2026-05-29 14:10:33.694,8,7.64,,512000000
2026-05-29 14:10:33.691,2,1.86,,512000000
2026-05-29 14:10:33.683,3,2,,512000000
2026-05-29 14:10:33.679,2,1.96,,512000000
2026-05-29 14:10:33.576,2,1.83,,512000000
2026-05-29 14:10:33.455,3,2.03,,512000000
2026-05-29 14:10:33.437,2,1.78,,512000000
2026-05-29 14:10:33.385,7,6.28,,512000000
2026-05-29 14:10:33.381,2,1.88,,512000000
2026-05-29 14:10:33.360,2,1.77,,512000000
2026-05-29 14:10:33.343,3,2,,512000000
2026-05-29 14:10:33.285,3,2.04,,512000000
2026-05-29 14:10:33.237,2,1.76,,512000000
2026-05-29 14:10:33.193,2,1.66,,512000000
2026-05-29 14:10:33.145,3,2.02,,512000000
2026-05-29 14:10:33.108,2,1.81,,512000000
2026-05-29 14:10:33.089,4,3,,512000000
2026-05-29 14:10:33.074,5,4.52,,512000000
2026-05-29 14:10:33.061,2,1.82,,512000000
2026-05-29 14:10:32.991,2,1.79,,512000000
2026-05-29 14:10:32.941,2,1.74,,512000000
2026-05-29 14:10:32.921,3,2.08,,512000000
2026-05-29 14:10:32.901,3,2.45,,512000000
2026-05-29 14:10:32.879,2,1.9,,512000000
2026-05-29 14:10:32.858,2,1.91,,512000000
2026-05-29 14:10:32.856,2,1.72,,512000000
2026-05-29 14:10:32.808,2,1.94,,512000000
2026-05-29 14:10:32.805,2,1.94,,512000000
2026-05-29 14:10:32.799,2,1.53,,512000000
2026-05-29 14:10:32.768,5,4.25,,512000000
2026-05-29 14:10:32.765,3,2.08,,512000000
2026-05-29 14:10:32.738,7,6.55,,512000000
2026-05-29 14:10:32.713,2,1.72,,512000000
2026-05-29 14:10:32.628,7,6.29,,512000000
2026-05-29 14:10:32.596,2,1.72,,512000000
2026-05-29 14:10:32.596,2,1.99,,512000000
2026-05-29 14:10:32.595,2,1.67,,512000000
2026-05-29 14:10:32.574,2,1.93,,512000000
2026-05-29 14:10:32.556,2,1.97,,512000000
2026-05-29 14:10:32.532,2,1.86,,512000000
2026-05-29 14:10:32.513,3,2.05,,512000000
2026-05-29 14:10:32.420,2,1.89,,512000000
2026-05-29 14:10:32.398,5,4.86,,512000000
2026-05-29 14:10:32.335,5,4.21,,512000000
2026-05-29 14:10:32.320,2,1.68,,512000000
2026-05-29 14:10:32.305,2,1.89,,512000000
2026-05-29 14:10:32.275,2,1.96,,512000000
2026-05-29 14:10:32.227,2,1.94,,512000000
2026-05-29 14:10:32.212,2,1.71,,512000000
2026-05-29 14:10:32.194,5,4.93,,512000000
2026-05-29 14:10:32.183,2,1.7,,512000000
2026-05-29 14:10:32.159,3,2.19,,512000000
2026-05-29 14:10:32.157,21,20.39,,512000000
2026-05-29 14:10:32.138,2,1.85,,512000000
2026-05-29 14:10:32.124,3,2.53,,512000000
2026-05-29 14:10:32.121,2,1.87,,512000000
2026-05-29 14:10:32.106,3,2.07,,512000000
2026-05-29 14:10:32.088,2,1.79,,512000000
2026-05-29 14:10:32.018,7,6.28,,512000000
2026-05-29 14:10:31.993,3,2.1,,512000000
2026-05-29 14:10:31.914,18,17.5,,512000000
2026-05-29 14:10:31.903,2,1.64,,512000000
2026-05-29 14:10:31.858,28,27.61,,512000000
2026-05-29 14:10:31.840,10,9.8,,512000000
2026-05-29 14:10:31.824,2,1.89,,512000000
2026-05-29 14:10:31.786,3,2.02,,512000000
2026-05-29 14:10:31.711,2,1.72,,512000000
2026-05-29 14:10:31.709,2,1.78,,512000000
2026-05-29 14:10:31.694,3,2.16,,512000000
2026-05-29 14:10:31.670,2,1.59,,512000000
2026-05-29 14:10:31.650,2,1.81,,512000000
2026-05-29 14:10:31.600,3,2.1,,512000000
2026-05-29 14:10:31.460,2,1.95,,512000000
2026-05-29 14:10:31.387,2,1.7,,512000000
2026-05-29 14:10:31.387,2,1.79,,512000000
2026-05-29 14:10:31.365,3,2.3,,512000000
2026-05-29 14:10:31.318,3,2.01,,512000000
2026-05-29 14:10:31.303,2,1.81,,512000000
2026-05-29 14:10:31.292,2,1.62,,512000000
2026-05-29 14:10:31.241,2,1.96,,512000000
2026-05-29 14:10:31.232,2,1.85,,512000000
2026-05-29 14:10:31.225,3,2.2,,512000000
2026-05-29 14:10:31.211,2,1.7,,512000000
2026-05-29 14:10:31.160,2,1.77,,512000000
2026-05-29 14:10:31.152,2,1.7,,512000000
2026-05-29 14:10:31.108,2,1.79,,512000000
2026-05-29 14:10:31.102,2,1.77,,512000000
2026-05-29 14:10:31.098,2,1.87,,512000000
2026-05-29 14:10:31.067,3,2.11,,512000000
2026-05-29 14:10:31.052,2,1.71,,512000000
2026-05-29 14:10:31.045,2,1.74,,512000000
2026-05-29 14:10:31.036,2,1.75,,512000000
2026-05-29 14:10:31.006,2,1.89,,512000000
2026-05-29 14:10:30.958,5,4.26,,512000000
2026-05-29 14:10:30.881,2,1.67,,512000000
2026-05-29 14:10:30.869,2,1.92,,512000000
2026-05-29 14:10:30.820,3,2.83,,512000000
2026-05-29 14:10:30.793,2,1.74,,512000000
2026-05-29 14:10:30.752,2,1.69,,512000000
2026-05-29 14:10:30.731,3,2.08,,512000000
2026-05-29 14:10:30.729,26,25.04,,512000000
2026-05-29 14:10:30.719,2,1.82,,512000000
2026-05-29 14:10:30.658,2,1.78,,512000000
2026-05-29 14:10:30.649,12,11.13,,512000000
2026-05-29 14:10:30.632,2,1.84,,512000000
2026-05-29 14:10:30.618,3,2.14,,512000000
2026-05-29 14:10:30.564,2,1.71,,512000000
2026-05-29 14:10:30.555,2,1.69,,512000000
2026-05-29 14:10:30.549,24,23.8,,512000000
2026-05-29 14:10:30.534,2,1.68,,512000000
2026-05-29 14:10:30.504,3,2.22,,512000000
2026-05-29 14:10:30.471,2,1.9,,512000000
2026-05-29 14:10:30.468,3,2.15,,512000000
2026-05-29 14:10:30.453,2,1.78,,512000000
2026-05-29 14:10:30.452,2,1.77,,512000000
2026-05-29 14:10:30.409,3,2.32,,512000000
2026-05-29 14:10:30.403,2,1.7,,512000000
2026-05-29 14:10:30.392,3,2.24,,512000000
2026-05-29 14:10:30.390,2,1.72,,512000000
2026-05-29 14:10:30.362,2,1.75,,512000000
2026-05-29 14:10:30.259,2,1.71,,512000000
2026-05-29 14:10:30.211,2,1.9,,512000000
2026-05-29 14:10:30.197,2,1.8,,512000000
2026-05-29 14:10:30.193,2,1.8,,512000000
2026-05-29 14:10:30.147,2,1.8,,512000000
2026-05-29 14:10:30.068,2,1.85,,512000000
2026-05-29 14:10:30.057,11,10.16,,512000000
2026-05-29 14:10:30.040,2,1.69,,512000000
2026-05-29 14:10:30.036,2,1.85,,512000000
2026-05-29 14:10:30.033,2,1.88,,512000000
2026-05-29 14:10:30.027,2,1.91,,512000000
2026-05-29 14:10:29.916,2,1.91,,512000000
2026-05-29 14:10:29.894,8,7.81,,512000000
2026-05-29 14:10:29.876,3,2.08,,512000000
2026-05-29 14:10:29.853,2,1.63,,512000000
2026-05-29 14:10:29.804,2,1.72,,512000000
2026-05-29 14:10:29.717,2,1.9,,512000000
2026-05-29 14:10:29.712,2,1.69,,512000000
2026-05-29 14:10:29.689,3,2,,512000000
2026-05-29 14:10:29.687,2,1.87,,512000000
2026-05-29 14:10:29.681,2,1.98,,512000000
2026-05-29 14:10:29.664,2,1.8,,512000000
2026-05-29 14:10:29.650,2,1.74,,512000000
2026-05-29 14:10:29.647,12,11.98,,512000000
2026-05-29 14:10:29.639,2,1.79,,512000000
2026-05-29 14:10:29.609,3,2.16,,512000000
2026-05-29 14:10:29.583,3,2.08,,512000000
2026-05-29 14:10:29.532,2,1.85,,512000000
2026-05-29 14:10:29.512,3,2.12,,512000000
2026-05-29 14:10:29.509,2,1.88,,512000000
2026-05-29 14:10:29.467,2,1.7,,512000000
2026-05-29 14:10:29.401,2,1.78,,512000000
2026-05-29 14:10:29.400,2,1.63,,512000000
2026-05-29 14:10:29.385,2,1.66,,512000000
2026-05-29 14:10:29.364,2,1.71,,512000000
2026-05-29 14:10:29.350,2,1.85,,512000000
2026-05-29 14:10:29.349,3,2.09,,512000000
2026-05-29 14:10:29.334,2,1.94,,512000000
2026-05-29 14:10:29.285,2,1.83,,512000000
2026-05-29 14:10:29.250,2,1.84,,512000000
2026-05-29 14:10:29.227,2,1.86,,512000000
2026-05-29 14:10:29.221,3,2.03,,512000000
2026-05-29 14:10:29.204,3,2.01,,512000000
2026-05-29 14:10:29.135,3,2.06,,512000000
2026-05-29 14:10:28.997,2,1.75,,512000000
2026-05-29 14:10:28.976,6,5.75,,512000000
2026-05-29 14:10:28.974,2,1.82,,512000000
2026-05-29 14:10:28.924,3,2.06,,512000000
2026-05-29 14:10:28.909,2,1.83,,512000000
2026-05-29 14:10:28.813,2,1.92,,512000000
2026-05-29 14:10:28.783,3,2.16,,512000000
2026-05-29 14:10:28.782,2,1.83,,512000000
2026-05-29 14:10:28.751,2,1.82,,512000000
2026-05-29 14:10:28.733,3,2.08,,512000000
2026-05-29 14:10:28.729,3,2.9,,512000000
2026-05-29 14:10:28.719,2,1.6,,512000000
2026-05-29 14:10:28.713,3,2.04,,512000000
2026-05-29 14:10:28.677,3,2.2,,512000000
2026-05-29 14:10:28.651,2,1.89,,512000000
2026-05-29 14:10:28.597,2,1.78,,512000000
2026-05-29 14:10:28.596,2,1.84,,512000000
2026-05-29 14:10:28.592,3,2.2,,512000000
2026-05-29 14:10:28.592,3,2.07,,512000000
2026-05-29 14:10:28.522,2,2,,512000000
2026-05-29 14:10:28.512,2,1.77,,512000000
2026-05-29 14:10:28.413,2,1.71,,512000000
2026-05-29 14:10:28.391,2,1.94,,512000000
2026-05-29 14:10:28.353,2,1.59,,512000000
2026-05-29 14:10:28.348,2,1.75,,512000000
2026-05-29 14:10:28.307,6,5.87,,512000000
2026-05-29 14:10:28.299,4,3.71,,512000000
2026-05-29 14:10:28.288,2,1.76,,512000000
2026-05-29 14:10:28.275,2,1.73,,512000000
2026-05-29 14:10:28.272,2,1.98,,512000000
2026-05-29 14:10:28.270,2,1.64,,512000000
2026-05-29 14:10:28.214,7,6.93,,512000000
2026-05-29 14:10:28.212,2,1.76,,512000000
2026-05-29 14:10:28.197,2,1.78,,512000000
2026-05-29 14:10:28.195,2,1.75,,512000000
2026-05-29 14:10:28.130,2,1.88,,512000000
2026-05-29 14:10:28.066,2,1.96,,512000000
2026-05-29 14:10:28.057,3,2.08,,512000000
2026-05-29 14:10:28.041,3,2.08,,512000000
2026-05-29 14:10:27.988,3,2.11,,512000000
2026-05-29 14:10:27.967,2,1.99,,512000000
2026-05-29 14:10:27.958,15,14.72,,512000000
2026-05-29 14:10:27.858,3,2.01,,512000000
2026-05-29 14:10:27.853,2,1.8,,512000000
2026-05-29 14:10:27.818,2,1.78,,512000000
2026-05-29 14:10:27.813,2,1.84,,512000000
2026-05-29 14:10:27.813,3,2.26,,512000000
2026-05-29 14:10:27.812,2,1.92,,512000000
2026-05-29 14:10:27.758,3,2.07,,512000000
2026-05-29 14:10:27.737,3,2.01,,512000000
2026-05-29 14:10:27.685,3,2.55,,512000000
2026-05-29 14:10:27.677,3,2.21,,512000000
2026-05-29 14:10:27.638,2,1.71,,512000000
2026-05-29 14:10:27.583,2,1.83,,512000000
2026-05-29 14:10:27.582,2,1.7,,512000000
2026-05-29 14:10:27.575,2,1.81,,512000000
2026-05-29 14:10:27.523,2,1.92,,512000000
2026-05-29 14:10:27.517,2,1.81,,512000000
2026-05-29 14:10:27.495,2,1.98,,512000000
2026-05-29 14:10:27.467,2,1.86,,512000000
2026-05-29 14:10:27.441,2,1.82,,512000000
2026-05-29 14:10:27.438,2,1.7,,512000000
2026-05-29 14:10:27.352,2,1.68,,512000000
2026-05-29 14:10:27.335,2,1.78,,512000000
2026-05-29 14:10:27.334,2,1.77,,512000000
2026-05-29 14:10:27.332,2,1.94,,512000000
2026-05-29 14:10:27.332,2,1.88,,512000000
2026-05-29 14:10:27.233,2,1.64,,512000000
2026-05-29 14:10:27.224,2,1.99,,512000000
2026-05-29 14:10:27.167,3,2.75,,512000000
2026-05-29 14:10:27.122,2,1.77,,512000000
2026-05-29 14:10:27.122,2,1.73,,512000000
2026-05-29 14:10:27.028,3,2.7,,512000000
2026-05-29 14:10:27.008,2,1.71,,512000000
2026-05-29 14:10:26.968,5,4.99,,512000000
2026-05-29 14:10:26.967,3,2.25,,512000000
2026-05-29 14:10:26.961,2,1.89,,512000000
2026-05-29 14:10:26.952,3,2.1,,512000000
2026-05-29 14:10:26.945,2,1.78,,512000000
2026-05-29 14:10:26.901,4,3.14,,512000000
2026-05-29 14:10:26.846,3,2.17,,512000000
2026-05-29 14:10:26.827,3,2.31,,512000000
2026-05-29 14:10:26.807,3,2.04,,512000000
2026-05-29 14:10:26.807,2,1.64,,512000000
2026-05-29 14:10:26.744,2,1.83,,512000000
2026-05-29 14:10:26.734,3,2.06,,512000000
2026-05-29 14:10:26.652,2,1.77,,512000000
2026-05-29 14:10:26.612,2,1.77,,512000000
2026-05-29 14:10:26.602,3,2.28,,512000000
2026-05-29 14:10:26.587,2,1.65,,512000000
2026-05-29 14:10:26.561,17,16.15,,512000000
2026-05-29 14:10:26.544,2,1.72,,512000000
2026-05-29 14:10:26.470,2,1.63,,512000000
2026-05-29 14:10:26.446,2,1.92,,512000000
2026-05-29 14:10:26.419,2,1.78,,512000000
2026-05-29 14:10:26.328,2,1.88,,512000000
2026-05-29 14:10:26.307,3,2.08,,512000000
2026-05-29 14:10:26.281,2,1.74,,512000000
2026-05-29 14:10:26.254,2,1.82,,512000000
2026-05-29 14:10:26.239,2,1.84,,512000000
2026-05-29 14:10:26.207,3,2.21,,512000000
2026-05-29 14:10:26.200,2,1.94,,512000000
2026-05-29 14:10:26.144,2,1.83,,512000000
2026-05-29 14:10:26.133,3,2.35,,512000000
2026-05-29 14:10:26.128,5,4.83,,512000000
2026-05-29 14:10:26.124,2,1.75,,512000000
2026-05-29 14:10:26.113,2,1.97,,512000000
2026-05-29 14:10:26.075,2,1.69,,512000000
2026-05-29 14:10:26.024,2,1.74,,512000000
2026-05-29 14:10:25.981,12,11.48,,512000000
2026-05-29 14:10:25.960,3,2.02,,512000000
2026-05-29 14:10:25.928,21,20.26,,512000000
2026-05-29 14:10:25.927,2,1.46,,512000000
2026-05-29 14:10:25.918,3,2.01,,512000000
2026-05-29 14:10:25.910,2,1.99,,512000000
2026-05-29 14:10:25.899,2,1.65,,512000000
2026-05-29 14:10:25.898,27,26.84,,512000000
2026-05-29 14:10:25.849,3,2.2,,512000000
2026-05-29 14:10:25.759,2,1.93,,512000000
2026-05-29 14:10:25.749,17,16.52,,512000000
2026-05-29 14:10:25.745,2,1.95,,512000000
2026-05-29 14:10:25.725,3,2.04,,512000000
2026-05-29 14:10:25.724,2,1.87,,512000000
2026-05-29 14:10:25.658,3,2.54,,512000000
2026-05-29 14:10:25.599,2,1.77,,512000000
2026-05-29 14:10:25.590,26,25.58,,512000000
2026-05-29 14:10:25.551,3,2.08,,512000000
2026-05-29 14:10:25.544,2,1.77,,512000000
2026-05-29 14:10:25.525,2,1.77,,512000000
2026-05-29 14:10:25.458,3,2.21,,512000000
2026-05-29 14:10:25.429,2,1.83,,512000000
2026-05-29 14:10:25.351,2,1.84,,512000000
2026-05-29 14:10:25.329,2,1.75,,512000000
2026-05-29 14:10:25.316,2,1.71,,512000000
2026-05-29 14:10:25.302,2,1.77,,512000000
2026-05-29 14:10:25.280,2,1.73,,512000000
2026-05-29 14:10:25.253,3,2.19,,512000000
2026-05-29 14:10:25.247,2,1.77,,512000000
2026-05-29 14:10:25.239,2,1.79,,512000000
2026-05-29 14:10:25.231,2,1.68,,512000000
2026-05-29 14:10:25.159,2,1.73,,512000000
2026-05-29 14:10:25.100,2,2,,512000000
2026-05-29 14:10:25.074,2,1.64,,512000000
2026-05-29 14:10:25.058,21,20.7,,512000000
2026-05-29 14:10:25.047,3,2.08,,512000000
2026-05-29 14:10:25.020,2,1.94,,512000000
2026-05-29 14:10:25.000,10,9.88,,512000000
2026-05-29 14:10:24.995,2,1.77,,512000000
2026-05-29 14:10:24.981,5,4.2,,512000000
2026-05-29 14:10:24.981,2,1.97,,512000000
2026-05-29 14:10:24.920,3,2.38,,512000000
2026-05-29 14:10:24.874,18,17.39,,512000000
2026-05-29 14:10:24.866,2,1.75,,512000000
2026-05-29 14:10:24.821,3,2.01,,512000000
2026-05-29 14:10:24.714,5,4.3,,512000000
2026-05-29 14:10:24.714,2,1.8,,512000000
2026-05-29 14:10:24.690,3,2.41,,512000000
2026-05-29 14:10:24.651,2,1.66,,512000000
2026-05-29 14:10:24.649,5,4.29,,512000000
2026-05-29 14:10:24.622,2,1.77,,512000000
2026-05-29 14:10:24.606,2,1.97,,512000000
2026-05-29 14:10:24.548,30,29.14,,512000000
2026-05-29 14:10:24.535,2,1.84,,512000000
2026-05-29 14:10:24.472,2,1.8,,512000000
2026-05-29 14:10:24.444,3,2.03,,512000000
2026-05-29 14:10:24.407,2,1.87,,512000000
2026-05-29 14:10:24.380,6,5.92,,512000000
2026-05-29 14:10:24.379,3,2.01,,512000000
2026-05-29 14:10:24.361,3,2.15,,512000000
2026-05-29 14:10:24.350,2,1.73,,512000000
2026-05-29 14:10:24.305,2,1.87,,512000000
2026-05-29 14:10:24.295,11,10.89,,512000000
2026-05-29 14:10:24.258,2,1.87,,512000000
2026-05-29 14:10:24.227,3,2.19,,512000000
2026-05-29 14:10:24.150,10,9.39,,512000000
2026-05-29 14:10:24.131,2,1.99,,512000000
2026-05-29 14:10:24.066,2,1.78,,512000000
2026-05-29 14:10:24.063,3,2.11,,512000000
2026-05-29 14:10:24.045,2,1.91,,512000000
2026-05-29 14:10:23.995,4,3.71,,512000000
2026-05-29 14:10:23.995,2,1.81,,512000000
2026-05-29 14:10:23.988,2,1.9,,512000000
2026-05-29 14:10:23.979,33,32.99,,512000000
2026-05-29 14:10:23.916,2,1.92,,512000000
2026-05-29 14:10:23.868,3,2.02,,512000000
2026-05-29 14:10:23.867,2,1.96,,512000000
2026-05-29 14:10:23.863,2,1.6,,512000000
2026-05-29 14:10:23.856,3,2.81,,512000000
2026-05-29 14:10:23.799,3,2.1,,512000000
2026-05-29 14:10:23.782,2,1.68,,512000000
2026-05-29 14:10:23.773,2,1.89,,512000000
2026-05-29 14:10:23.772,2,1.74,,512000000
2026-05-29 14:10:23.759,11,10.88,,512000000
2026-05-29 14:10:23.654,2,1.96,,512000000
2026-05-29 14:10:23.622,2,1.97,,512000000
2026-05-29 14:10:23.582,3,2.09,,512000000
2026-05-29 14:10:23.581,2,1.91,,512000000
2026-05-29 14:10:23.576,3,2.2,,512000000
2026-05-29 14:10:23.575,3,2.02,,512000000
2026-05-29 14:10:23.544,2,1.93,,512000000
2026-05-29 14:10:23.508,3,2.17,,512000000
2026-05-29 14:10:23.447,2,1.79,,512000000
2026-05-29 14:10:23.416,3,2.38,,512000000
2026-05-29 14:10:23.390,10,9.41,,512000000
2026-05-29 14:10:23.310,2,1.99,,512000000
2026-05-29 14:10:23.296,2,1.79,,512000000
2026-05-29 14:10:23.278,9,8.35,,512000000
2026-05-29 14:10:23.264,2,1.81,,512000000
2026-05-29 14:10:23.232,2,1.76,,512000000
2026-05-29 14:10:23.222,2,1.83,,512000000
2026-05-29 14:10:23.213,2,1.94,,512000000
2026-05-29 14:10:23.206,20,19.12,,512000000
2026-05-29 14:10:23.113,2,1.77,,512000000
2026-05-29 14:10:23.106,2,1.85,,512000000
2026-05-29 14:10:23.094,4,3.67,,512000000
2026-05-29 14:10:23.085,2,1.86,,512000000
2026-05-29 14:10:23.035,2,1.71,,512000000
2026-05-29 14:10:23.027,2,1.86,,512000000
2026-05-29 14:10:23.012,2,1.82,,512000000
2026-05-29 14:10:22.910,2,1.97,,512000000
2026-05-29 14:10:22.855,3,2.17,,512000000
2026-05-29 14:10:22.850,2,1.84,,512000000
2026-05-29 14:10:22.832,2,1.82,,512000000
2026-05-29 14:10:22.737,2,1.87,,512000000
2026-05-29 14:10:22.673,2,1.91,,512000000
2026-05-29 14:10:22.575,18,17.54,,512000000
2026-05-29 14:10:22.543,2,1.84,,512000000
2026-05-29 14:10:22.534,3,2.16,,512000000
2026-05-29 14:10:22.512,2,1.88,,512000000
2026-05-29 14:10:22.473,6,5.27,,512000000
2026-05-29 14:10:22.465,2,1.76,,512000000
2026-05-29 14:10:22.438,2,1.89,,512000000
2026-05-29 14:10:22.430,2,1.93,,512000000
2026-05-29 14:10:22.407,2,1.77,,512000000
2026-05-29 14:10:22.388,2,1.71,,512000000
2026-05-29 14:10:22.369,3,2.06,,512000000
2026-05-29 14:10:22.321,2,1.53,,512000000
2026-05-29 14:10:22.287,2,1.81,,512000000
2026-05-29 14:10:22.269,2,1.91,,512000000
2026-05-29 14:10:22.263,3,2.33,,512000000
2026-05-29 14:10:22.259,3,2.02,,512000000
2026-05-29 14:10:22.255,2,1.97,,512000000
2026-05-29 14:10:22.245,2,1.88,,512000000
2026-05-29 14:10:22.180,2,1.91,,512000000
2026-05-29 14:10:22.155,3,2.12,,512000000
2026-05-29 14:10:22.152,2,1.89,,512000000
2026-05-29 14:10:22.138,3,2.27,,512000000
2026-05-29 14:10:22.130,2,1.97,,512000000
2026-05-29 14:10:22.114,2,1.84,,512000000
2026-05-29 14:10:22.035,2,1.8,,512000000
2026-05-29 14:10:21.982,2,1.84,,512000000
2026-05-29 14:10:21.974,5,4.58,,512000000
2026-05-29 14:10:21.962,2,1.85,,512000000
2026-05-29 14:10:21.960,3,2.07,,512000000
2026-05-29 14:10:21.944,2,1.75,,512000000
2026-05-29 14:10:21.925,2,1.74,,512000000
2026-05-29 14:10:21.898,13,12.73,,512000000
2026-05-29 14:10:21.877,12,11.98,,512000000
2026-05-29 14:10:21.821,2,1.83,,512000000
2026-05-29 14:10:21.816,2,1.74,,512000000
2026-05-29 14:10:21.805,5,4.39,,512000000
2026-05-29 14:10:21.743,2,1.89,,512000000
2026-05-29 14:10:21.738,3,2.65,,512000000
2026-05-29 14:10:21.728,3,2.08,,512000000
2026-05-29 14:10:21.727,2,1.9,,512000000
2026-05-29 14:10:21.705,3,2.26,,512000000
2026-05-29 14:10:21.653,2,1.93,,512000000
2026-05-29 14:10:21.621,2,1.66,,512000000
2026-05-29 14:10:21.621,2,1.78,,512000000
2026-05-29 14:10:21.510,2,1.63,,512000000
2026-05-29 14:10:21.499,2,1.76,,512000000
2026-05-29 14:10:21.486,2,1.92,,512000000
2026-05-29 14:10:21.416,2,1.75,,512000000
2026-05-29 14:10:21.401,2,1.88,,512000000
2026-05-29 14:10:21.369,6,5.52,,512000000
2026-05-29 14:10:21.273,3,2.21,,512000000
2026-05-29 14:10:21.244,2,1.8,,512000000
2026-05-29 14:10:21.233,2,1.76,,512000000
2026-05-29 14:10:21.203,2,1.84,,512000000
2026-05-29 14:10:21.187,3,2.04,,512000000
2026-05-29 14:10:21.185,3,2.17,,512000000
2026-05-29 14:10:21.141,2,1.9,,512000000
2026-05-29 14:10:21.128,2,1.86,,512000000
2026-05-29 14:10:21.083,2,1.75,,512000000
2026-05-29 14:10:21.080,2,1.81,,512000000
2026-05-29 14:10:21.060,2,1.7,,512000000
2026-05-29 14:10:21.024,2,1.72,,512000000
2026-05-29 14:10:21.002,2,1.77,,512000000
2026-05-29 14:10:20.968,3,2.07,,512000000
2026-05-29 14:10:20.953,2,1.75,,512000000
2026-05-29 14:10:20.952,3,2.03,,512000000
2026-05-29 14:10:20.912,3,2,,512000000
2026-05-29 14:10:20.838,21,20.41,,512000000
2026-05-29 14:10:20.793,3,2.13,,512000000
2026-05-29 14:10:20.775,11,10.14,,512000000
2026-05-29 14:10:20.755,29,28.83,,512000000
2026-05-29 14:10:20.718,2,2,,512000000
2026-05-29 14:10:20.711,3,2.28,,512000000
2026-05-29 14:10:20.696,2,1.83,,512000000
2026-05-29 14:10:20.635,2,1.9,,512000000
2026-05-29 14:10:20.618,2,1.71,,512000000
2026-05-29 14:10:20.597,2,1.96,,512000000
2026-05-29 14:10:20.597,11,10.51,,512000000
2026-05-29 14:10:20.585,3,2.06,,512000000
2026-05-29 14:10:20.576,7,6.76,,512000000
2026-05-29 14:10:20.518,3,2.05,,512000000
2026-05-29 14:10:20.433,2,1.74,,512000000
2026-05-29 14:10:20.424,2,1.69,,512000000
2026-05-29 14:10:20.397,2,1.94,,512000000
2026-05-29 14:10:20.365,3,2.15,,512000000
2026-05-29 14:10:20.312,2,1.81,,512000000
2026-05-29 14:10:20.308,3,2.05,,512000000
2026-05-29 14:10:20.296,20,19.8,,512000000
2026-05-29 14:10:20.290,2,1.82,,512000000
2026-05-29 14:10:20.290,3,2.9,,512000000
2026-05-29 14:10:20.275,2,1.8,,512000000
2026-05-29 14:10:20.254,2,1.77,,512000000
2026-05-29 14:10:20.240,3,2.07,,512000000
2026-05-29 14:10:20.216,3,2.16,,512000000
2026-05-29 14:10:20.211,2,1.88,,512000000
2026-05-29 14:10:20.175,2,1.88,,512000000
2026-05-29 14:10:20.096,2,1.97,,512000000
2026-05-29 14:10:20.094,3,2.21,,512000000
2026-05-29 14:10:19.977,5,4.89,,512000000
2026-05-29 14:10:19.976,2,1.72,,512000000
2026-05-29 14:10:19.946,2,1.78,,512000000
2026-05-29 14:10:19.933,2,1.75,,512000000
2026-05-29 14:10:19.853,7,6.99,,512000000
2026-05-29 14:10:19.845,10,9.64,,512000000
2026-05-29 14:10:19.845,3,2.05,,512000000
2026-05-29 14:10:19.841,2,1.72,,512000000
2026-05-29 14:10:19.788,2,1.84,,512000000
2026-05-29 14:10:19.761,2,1.85,,512000000
2026-05-29 14:10:19.740,3,2.08,,512000000
2026-05-29 14:10:19.713,5,4.91,,512000000
2026-05-29 14:10:19.710,3,2.33,,512000000
2026-05-29 14:10:19.709,2,1.92,,512000000
2026-05-29 14:10:19.664,2,1.82,,512000000
2026-05-29 14:10:19.636,2,1.76,,512000000
2026-05-29 14:10:19.633,6,5.75,,512000000
2026-05-29 14:10:19.564,3,2.14,,512000000
2026-05-29 14:10:19.542,2,1.99,,512000000
2026-05-29 14:10:19.511,23,22.13,,512000000
2026-05-29 14:10:19.502,2,1.99,,512000000
2026-05-29 14:10:19.451,3,2.05,,512000000
2026-05-29 14:10:19.421,3,2.11,,512000000
2026-05-29 14:10:19.417,3,2.22,,512000000
2026-05-29 14:10:19.411,3,2.26,,512000000
2026-05-29 14:10:19.397,2,1.74,,512000000
2026-05-29 14:10:19.375,2,1.76,,512000000
2026-05-29 14:10:19.319,2,1.77,,512000000
2026-05-29 14:10:19.251,2,1.82,,512000000
2026-05-29 14:10:19.242,3,2.05,,512000000
2026-05-29 14:10:19.168,10,9.29,,512000000
2026-05-29 14:10:19.162,2,1.85,,512000000
2026-05-29 14:10:19.152,2,1.7,,512000000
2026-05-29 14:10:19.151,2,1.96,,512000000
2026-05-29 14:10:19.122,2,1.81,,512000000
2026-05-29 14:10:19.001,2,1.78,,512000000
2026-05-29 14:10:18.979,2,1.82,,512000000
2026-05-29 14:10:18.978,2,1.95,,512000000
2026-05-29 14:10:18.848,2,1.69,,512000000
2026-05-29 14:10:18.813,2,1.87,,512000000
2026-05-29 14:10:18.766,2,1.93,,512000000
2026-05-29 14:10:18.764,2,1.86,,512000000
2026-05-29 14:10:18.711,2,1.87,,512000000
2026-05-29 14:10:18.702,2,1.9,,512000000
2026-05-29 14:10:18.698,3,2.12,,512000000
2026-05-29 14:10:18.690,2,2,,512000000
2026-05-29 14:10:18.660,3,2.09,,512000000
2026-05-29 14:10:18.659,3,2.33,,512000000
2026-05-29 14:10:18.647,2,1.86,,512000000
2026-05-29 14:10:18.627,2,1.88,,512000000
2026-05-29 14:10:18.610,2,1.89,,512000000
2026-05-29 14:10:18.576,2,1.82,,512000000
2026-05-29 14:10:18.530,2,1.87,,512000000
2026-05-29 14:10:18.512,2,1.99,,512000000
2026-05-29 14:10:18.509,3,2.21,,512000000
2026-05-29 14:10:18.507,14,13.58,,512000000
2026-05-29 14:10:18.504,2,1.92,,512000000
2026-05-29 14:10:18.452,3,2.73,,512000000
2026-05-29 14:10:18.376,2,1.85,,512000000
2026-05-29 14:10:18.334,2,1.91,,512000000
2026-05-29 14:10:18.323,2,1.86,,512000000
2026-05-29 14:10:18.247,3,2.17,,512000000
2026-05-29 14:10:18.233,2,1.94,,512000000
2026-05-29 14:10:18.190,2,1.95,,512000000
2026-05-29 14:10:18.159,2,1.89,,512000000
2026-05-29 14:10:18.100,2,1.74,,512000000
2026-05-29 14:10:18.098,3,2.01,,512000000
2026-05-29 14:10:18.068,5,4.18,,512000000
2026-05-29 14:10:18.060,3,2.42,,512000000
2026-05-29 14:10:18.057,3,2.15,,512000000
2026-05-29 14:10:18.034,5,4.93,,512000000
2026-05-29 14:10:18.030,2,1.88,,512000000
2026-05-29 14:10:18.019,2,1.84,,512000000
2026-05-29 14:10:17.997,18,17.68,,512000000
2026-05-29 14:10:17.831,2,1.95,,512000000
2026-05-29 14:10:17.825,3,2.04,,512000000
2026-05-29 14:10:17.792,2,1.81,,512000000
2026-05-29 14:10:17.771,2,1.92,,512000000
2026-05-29 14:10:17.700,8,7.39,,512000000
2026-05-29 14:10:17.688,3,2.08,,512000000
2026-05-29 14:10:17.676,2,1.79,,512000000
2026-05-29 14:10:17.674,3,2.04,,512000000
2026-05-29 14:10:17.620,2,1.98,,512000000
2026-05-29 14:10:17.612,2,1.8,,512000000
2026-05-29 14:10:17.607,4,3.57,,512000000
2026-05-29 14:10:17.573,3,2.3,,512000000
2026-05-29 14:10:17.535,2,1.92,,512000000
2026-05-29 14:10:17.500,2,1.93,,512000000
2026-05-29 14:10:17.490,3,2.01,,512000000
2026-05-29 14:10:17.477,7,6.99,,512000000
2026-05-29 14:10:17.453,3,2.06,,512000000
2026-05-29 14:10:17.398,2,1.99,,512000000
2026-05-29 14:10:17.361,2,1.83,,512000000
2026-05-29 14:10:17.360,2,1.75,,512000000
2026-05-29 14:10:17.358,3,2.42,,512000000
2026-05-29 14:10:17.340,3,2.06,,512000000
2026-05-29 14:10:17.333,3,2.01,,512000000
2026-05-29 14:10:17.326,3,2,,512000000
2026-05-29 14:10:17.233,2,1.97,,512000000
2026-05-29 14:10:17.224,2,1.97,,512000000
2026-05-29 14:10:17.214,2,1.92,,512000000
2026-05-29 14:10:17.204,3,2.21,,512000000
2026-05-29 14:10:17.180,2,1.96,,512000000
2026-05-29 14:10:17.127,2,1.98,,512000000
2026-05-29 14:10:17.109,2,1.91,,512000000
2026-05-29 14:10:17.105,2,1.96,,512000000
2026-05-29 14:10:17.075,2,1.7,,512000000
2026-05-29 14:10:17.070,3,2.24,,512000000
2026-05-29 14:10:17.019,11,10.08,,512000000
2026-05-29 14:10:16.954,2,1.99,,512000000
2026-05-29 14:10:16.878,2,1.69,,512000000
2026-05-29 14:10:16.759,2,1.67,,512000000
2026-05-29 14:10:16.746,2,1.67,,512000000
2026-05-29 14:10:16.698,2,1.74,,512000000
2026-05-29 14:10:16.619,5,4.09,,512000000
2026-05-29 14:10:16.603,4,3.01,,512000000
2026-05-29 14:10:16.587,3,2.05,,512000000
2026-05-29 14:10:16.565,3,2.16,,512000000
2026-05-29 14:10:16.540,2,1.83,,512000000
2026-05-29 14:10:16.510,2,1.75,,512000000
2026-05-29 14:10:16.486,3,2.06,,512000000
2026-05-29 14:10:16.476,2,1.86,,512000000
2026-05-29 14:10:16.446,2,1.69,,512000000
2026-05-29 14:10:16.408,3,2.87,,512000000
2026-05-29 14:10:16.371,2,1.71,,512000000
2026-05-29 14:10:16.356,3,2.15,,512000000
2026-05-29 14:10:16.341,4,3.24,,512000000
2026-05-29 14:10:16.322,12,11.42,,512000000
2026-05-29 14:10:16.253,6,5.23,,512000000
2026-05-29 14:10:16.247,2,1.87,,512000000
2026-05-29 14:10:16.219,3,2.29,,512000000
2026-05-29 14:10:16.204,2,1.71,,512000000
2026-05-29 14:10:16.191,3,2.11,,512000000
2026-05-29 14:10:16.188,5,4.35,,512000000
2026-05-29 14:10:16.108,2,1.8,,512000000
2026-05-29 14:10:16.105,3,2.01,,512000000
2026-05-29 14:10:16.043,3,2.02,,512000000
2026-05-29 14:10:16.037,7,6.49,,512000000
2026-05-29 14:10:16.025,3,2.07,,512000000
2026-05-29 14:10:16.012,2,1.76,,512000000
2026-05-29 14:10:16.011,2,1.74,,512000000
2026-05-29 14:10:16.010,2,1.81,,512000000
2026-05-29 14:10:15.936,2,1.82,,512000000
2026-05-29 14:10:15.934,3,2.08,,512000000
2026-05-29 14:10:15.912,2,1.76,,512000000
2026-05-29 14:10:15.812,28,27.81,,512000000
2026-05-29 14:10:15.783,3,2.15,,512000000
2026-05-29 14:10:15.774,2,1.83,,512000000
2026-05-29 14:10:15.749,2,1.77,,512000000
2026-05-29 14:10:15.714,2,1.77,,512000000
2026-05-29 14:10:15.684,4,3.94,,512000000
2026-05-29 14:10:15.680,2,1.85,,512000000
2026-05-29 14:10:15.678,2,1.77,,512000000
2026-05-29 14:10:15.631,3,2.71,,512000000
2026-05-29 14:10:15.628,2,1.92,,512000000
2026-05-29 14:10:15.620,2,1.95,,512000000
2026-05-29 14:10:15.614,2,2,,512000000
2026-05-29 14:10:15.558,3,2.13,,512000000
2026-05-29 14:10:15.555,3,2.26,,512000000
2026-05-29 14:10:15.551,2,1.55,,512000000
2026-05-29 14:10:15.548,2,1.77,,512000000
2026-05-29 14:10:15.544,2,1.9,,512000000
2026-05-29 14:10:15.520,3,2.25,,512000000
2026-05-29 14:10:15.467,6,5.27,,512000000
2026-05-29 14:10:15.293,5,4.03,,512000000
2026-05-29 14:10:15.281,2,1.95,,512000000
2026-05-29 14:10:15.275,2,1.77,,512000000
2026-05-29 14:10:15.239,3,2,,512000000
2026-05-29 14:10:15.233,2,1.91,,512000000
2026-05-29 14:10:15.225,2,1.73,,512000000
2026-05-29 14:10:15.133,2,1.79,,512000000
2026-05-29 14:10:15.077,3,2.06,,512000000
2026-05-29 14:10:15.048,2,1.79,,512000000
2026-05-29 14:10:15.033,2,1.9,,512000000
2026-05-29 14:10:15.011,3,2.33,,512000000
2026-05-29 14:10:14.956,2,1.9,,512000000
2026-05-29 14:10:14.883,2,1.66,,512000000
2026-05-29 14:10:14.879,8,7.64,,512000000
2026-05-29 14:10:14.869,2,1.97,,512000000
2026-05-29 14:10:14.863,2,1.83,,512000000
2026-05-29 14:10:14.852,2,1.91,,512000000
2026-05-29 14:10:14.834,2,1.84,,512000000
2026-05-29 14:10:14.807,2,1.96,,512000000
2026-05-29 14:10:14.799,3,2.52,,512000000
2026-05-29 14:10:14.712,2,1.88,,512000000
2026-05-29 14:10:14.712,2,1.67,,512000000
2026-05-29 14:10:14.672,3,2.02,,512000000
2026-05-29 14:10:14.666,2,1.8,,512000000
2026-05-29 14:10:14.666,2,1.83,,512000000
2026-05-29 14:10:14.665,2,1.68,,512000000
2026-05-29 14:10:14.526,3,2.12,,512000000
2026-05-29 14:10:14.514,3,2.13,,512000000
2026-05-29 14:10:14.514,2,1.92,,512000000
2026-05-29 14:10:14.494,2,1.73,,512000000
2026-05-29 14:10:14.489,3,2.01,,512000000
2026-05-29 14:10:14.478,2,1.8,,512000000
2026-05-29 14:10:14.447,2,1.91,,512000000
2026-05-29 14:10:14.411,13,12.91,,512000000
2026-05-29 14:10:14.370,2,1.75,,512000000
2026-05-29 14:10:14.364,2,1.8,,512000000
2026-05-29 14:10:14.316,5,4.42,,512000000
2026-05-29 14:10:14.267,3,2.14,,512000000
2026-05-29 14:10:14.250,2,1.86,,512000000
2026-05-29 14:10:14.203,3,2.06,,512000000
2026-05-29 14:10:14.180,2,1.98,,512000000
2026-05-29 14:10:14.177,2,1.76,,512000000
2026-05-29 14:10:14.146,3,2.06,,512000000
2026-05-29 14:10:14.140,12,11.38,,512000000
2026-05-29 14:10:14.116,6,5.8,,512000000
2026-05-29 14:10:14.116,3,2.17,,512000000
2026-05-29 14:10:14.115,2,1.8,,512000000
2026-05-29 14:10:14.093,3,2.02,,512000000
2026-05-29 14:10:14.083,2,1.97,,512000000
2026-05-29 14:10:14.079,5,4.96,,512000000
2026-05-29 14:10:14.076,3,2.11,,512000000
2026-05-29 14:10:14.013,13,12.66,,512000000
2026-05-29 14:10:13.987,8,7.6,,512000000
2026-05-29 14:10:13.978,31,30.45,,512000000
2026-05-29 14:10:13.907,3,2.08,,512000000
2026-05-29 14:10:13.906,2,1.94,,512000000
2026-05-29 14:10:13.895,2,1.79,,512000000
2026-05-29 14:10:13.893,52,51.82,,512000000
2026-05-29 14:10:13.820,2,1.78,,512000000
2026-05-29 14:10:13.810,3,2.29,,512000000
2026-05-29 14:10:13.718,2,1.73,,512000000
2026-05-29 14:10:13.687,2,1.83,,512000000
2026-05-29 14:10:13.662,3,2.05,,512000000
2026-05-29 14:10:13.657,24,23.56,,512000000
2026-05-29 14:10:13.542,2,1.77,,512000000
2026-05-29 14:10:13.509,2,1.77,,512000000
2026-05-29 14:10:13.386,2,1.97,,512000000
2026-05-29 14:10:13.386,3,2.52,,512000000
2026-05-29 14:10:13.352,2,1.95,,512000000
2026-05-29 14:10:13.303,3,2.2,,512000000
2026-05-29 14:10:13.235,3,2.07,,512000000
2026-05-29 14:10:13.199,2,1.71,,512000000
2026-05-29 14:10:13.177,3,2.25,,512000000
2026-05-29 14:10:13.176,2,1.74,,512000000
2026-05-29 14:10:13.167,3,2.11,,512000000
2026-05-29 14:10:13.122,3,2.85,,512000000
2026-05-29 14:10:13.092,3,2.01,,512000000
2026-05-29 14:10:13.080,3,2.25,,512000000
2026-05-29 14:10:13.070,2,1.94,,512000000
2026-05-29 14:10:13.064,2,1.97,,512000000
2026-05-29 14:10:13.054,3,2.97,,512000000
2026-05-29 14:10:13.039,2,1.94,,512000000
2026-05-29 14:10:13.018,9,8.18,,512000000
2026-05-29 14:10:13.008,2,1.67,,512000000
2026-05-29 14:10:12.970,2,1.79,,512000000
2026-05-29 14:10:12.948,3,2.04,,512000000
2026-05-29 14:10:12.946,2,1.71,,512000000
2026-05-29 14:10:12.942,4,3.09,,512000000
2026-05-29 14:10:12.876,8,7.7,,512000000
2026-05-29 14:10:12.850,2,1.78,,512000000
2026-05-29 14:10:12.844,2,1.81,,512000000
2026-05-29 14:10:12.835,3,2.01,,512000000
2026-05-29 14:10:12.778,8,7.26,,512000000
2026-05-29 14:10:12.750,2,1.96,,512000000
2026-05-29 14:10:12.686,2,1.84,,512000000
2026-05-29 14:10:12.666,2,1.95,,512000000
2026-05-29 14:10:12.660,2,1.91,,512000000
2026-05-29 14:10:12.602,2,1.86,,512000000
2026-05-29 14:10:12.595,2,1.94,,512000000
2026-05-29 14:10:12.471,2,1.81,,512000000
2026-05-29 14:10:12.464,3,2.43,,512000000
2026-05-29 14:10:12.457,2,1.98,,512000000
2026-05-29 14:10:12.445,9,8.2,,512000000
2026-05-29 14:10:12.373,3,2.07,,512000000
2026-05-29 14:10:12.350,3,2.15,,512000000
2026-05-29 14:10:12.313,2,1.97,,512000000
2026-05-29 14:10:12.309,2,1.86,,512000000
2026-05-29 14:10:12.306,3,2.36,,512000000
2026-05-29 14:10:12.283,3,2.06,,512000000
2026-05-29 14:10:12.271,2,1.94,,512000000
2026-05-29 14:10:12.266,5,4.52,,512000000
2026-05-29 14:10:12.253,2,1.76,,512000000
2026-05-29 14:10:12.217,3,2.19,,512000000
2026-05-29 14:10:12.209,53,52.41,,512000000
2026-05-29 14:10:12.144,3,2.13,,512000000
2026-05-29 14:10:12.130,2,1.97,,512000000
2026-05-29 14:10:12.070,2,1.91,,512000000
2026-05-29 14:10:11.987,3,2.05,,512000000
2026-05-29 14:10:11.969,12,11.54,,512000000
2026-05-29 14:10:11.951,2,1.74,,512000000
2026-05-29 14:10:11.948,3,2.11,,512000000
2026-05-29 14:10:11.941,3,2.03,,512000000
2026-05-29 14:10:11.929,8,7.63,,512000000
2026-05-29 14:10:11.900,46,46,,512000000
2026-05-29 14:10:11.891,3,2.29,,512000000
2026-05-29 14:10:11.871,2,1.82,,512000000
2026-05-29 14:10:11.837,2,1.78,,512000000
2026-05-29 14:10:11.778,20,19.3,,512000000
2026-05-29 14:10:11.744,2,1.61,,512000000
2026-05-29 14:10:11.664,2,1.78,,512000000
2026-05-29 14:10:11.662,2,1.84,,512000000
2026-05-29 14:10:11.653,7,6.22,,512000000
2026-05-29 14:10:11.638,2,1.78,,512000000
2026-05-29 14:10:11.617,3,2.59,,512000000
2026-05-29 14:10:11.510,2,1.72,,512000000
2026-05-29 14:10:11.509,2,1.98,,512000000
2026-05-29 14:10:11.469,2,1.67,,512000000
2026-05-29 14:10:11.448,3,2.13,,512000000
2026-05-29 14:10:11.443,2,1.93,,512000000
2026-05-29 14:10:11.439,21,20.54,,512000000
2026-05-29 14:10:11.382,3,2.38,,512000000
2026-05-29 14:10:11.369,13,12.53,,512000000
2026-05-29 14:10:11.263,2,1.7,,512000000
2026-05-29 14:10:11.170,5,4.7,,512000000
2026-05-29 14:10:11.166,2,1.9,,512000000
2026-05-29 14:10:11.165,2,1.87,,512000000
2026-05-29 14:10:11.109,2,1.94,,512000000
2026-05-29 14:10:11.105,3,2.02,,512000000
2026-05-29 14:10:11.101,2,1.7,,512000000
2026-05-29 14:10:11.084,3,2.1,,512000000
2026-05-29 14:10:11.080,2,1.97,,512000000
2026-05-29 14:10:11.079,3,2.56,,512000000
2026-05-29 14:10:11.056,4,3.17,,512000000
2026-05-29 14:10:10.972,3,2.06,,512000000
2026-05-29 14:10:10.970,6,5.7,,512000000
2026-05-29 14:10:10.947,3,2.08,,512000000
2026-05-29 14:10:10.945,2,1.89,,512000000
2026-05-29 14:10:10.928,2,1.98,,512000000
2026-05-29 14:10:10.910,2,1.72,,512000000
2026-05-29 14:10:10.829,2,1.68,,512000000
2026-05-29 14:10:10.807,4,3.25,,512000000
2026-05-29 14:10:10.773,4,3.32,,512000000
2026-05-29 14:10:10.697,2,1.73,,512000000
2026-05-29 14:10:10.687,2,1.69,,512000000
2026-05-29 14:10:10.679,3,2.04,,512000000
2026-05-29 14:10:10.640,2,1.91,,512000000
2026-05-29 14:10:10.630,2,1.96,,512000000
2026-05-29 14:10:10.535,2,1.84,,512000000
2026-05-29 14:10:10.499,2,1.99,,512000000
2026-05-29 14:10:10.441,3,2.04,,512000000
2026-05-29 14:10:10.420,2,1.98,,512000000
2026-05-29 14:10:10.406,2,1.98,,512000000
2026-05-29 14:10:10.401,23,22.14,,512000000
2026-05-29 14:10:10.399,3,2.88,,512000000
2026-05-29 14:10:10.385,4,3.67,,512000000
2026-05-29 14:10:10.364,24,23.71,,512000000
2026-05-29 14:10:10.326,3,2.81,,512000000
2026-05-29 14:10:10.316,2,1.8,,512000000
2026-05-29 14:10:10.240,2,1.94,,512000000
2026-05-29 14:10:10.236,2,1.8,,512000000
2026-05-29 14:10:10.234,2,1.65,,512000000
2026-05-29 14:10:10.217,2,1.94,,512000000
2026-05-29 14:10:10.181,3,2.08,,512000000
2026-05-29 14:10:10.151,2,1.95,,512000000
2026-05-29 14:10:10.120,2,1.59,,512000000
2026-05-29 14:10:10.092,3,2.17,,512000000
2026-05-29 14:10:10.061,3,2.02,,512000000
2026-05-29 14:10:10.046,2,1.83,,512000000
2026-05-29 14:10:10.046,3,2.27,,512000000
2026-05-29 14:10:10.035,5,4.19,,512000000
2026-05-29 14:10:09.998,2,1.8,,512000000
2026-05-29 14:10:09.964,3,2.06,,512000000
2026-05-29 14:10:09.949,2,1.8,,512000000
2026-05-29 14:10:09.926,3,2.19,,512000000
2026-05-29 14:10:09.917,5,4.33,,512000000
2026-05-29 14:10:09.814,2,1.89,,512000000
2026-05-29 14:10:09.723,2,1.72,,512000000
2026-05-29 14:10:09.688,2,1.97,,512000000
2026-05-29 14:10:09.657,6,5.58,,512000000
2026-05-29 14:10:09.647,3,2.03,,512000000
2026-05-29 14:10:09.625,2,1.84,,512000000
2026-05-29 14:10:09.594,2,1.78,,512000000
2026-05-29 14:10:09.579,14,13.84,,512000000
2026-05-29 14:10:09.574,22,21.2,,512000000
2026-05-29 14:10:09.545,2,1.94,,512000000
2026-05-29 14:10:09.468,2,1.71,,512000000
2026-05-29 14:10:09.408,3,2.15,,512000000
2026-05-29 14:10:09.401,3,2.42,,512000000
2026-05-29 14:10:09.396,2,1.78,,512000000
2026-05-29 14:10:09.380,3,2.2,,512000000
2026-05-29 14:10:09.359,18,17.23,,512000000
2026-05-29 14:10:09.312,3,2.04,,512000000
2026-05-29 14:10:09.287,3,2.25,,512000000
2026-05-29 14:10:09.267,3,2.24,,512000000
2026-05-29 14:10:09.240,3,2.41,,512000000
2026-05-29 14:10:09.196,3,2.53,,512000000
2026-05-29 14:10:09.182,2,1.84,,512000000
2026-05-29 14:10:09.168,3,2.13,,512000000
2026-05-29 14:10:09.157,10,9.35,,512000000
2026-05-29 14:10:09.118,2,1.74,,512000000
2026-05-29 14:10:09.070,3,2.15,,512000000
2026-05-29 14:10:09.065,2,1.8,,512000000
2026-05-29 14:10:09.053,3,2.49,,512000000
2026-05-29 14:10:09.035,3,2.02,,512000000
2026-05-29 14:10:08.993,6,5.69,,512000000
2026-05-29 14:10:08.963,3,2.24,,512000000
2026-05-29 14:10:08.883,2,2,,512000000
2026-05-29 14:10:08.871,3,2.94,,512000000
2026-05-29 14:10:08.871,3,2.02,,512000000
2026-05-29 14:10:08.850,2,1.84,,512000000
2026-05-29 14:10:08.841,3,2.15,,512000000
2026-05-29 14:10:08.839,2,1.83,,512000000
2026-05-29 14:10:08.817,3,2.82,,512000000
2026-05-29 14:10:08.759,2,1.96,,512000000
2026-05-29 14:10:08.740,2,1.81,,512000000
2026-05-29 14:10:08.707,2,1.9,,512000000
2026-05-29 14:10:08.630,3,2.61,,512000000
2026-05-29 14:10:08.601,6,5.7,,512000000
2026-05-29 14:10:08.589,2,1.97,,512000000
2026-05-29 14:10:08.575,2,1.79,,512000000
2026-05-29 14:10:08.561,10,9.86,,512000000
2026-05-29 14:10:08.534,2,1.98,,512000000
2026-05-29 14:10:08.513,2,1.88,,512000000
2026-05-29 14:10:08.512,2,1.91,,512000000
2026-05-29 14:10:08.464,2,1.91,,512000000
2026-05-29 14:10:08.461,7,6.01,,512000000
2026-05-29 14:10:08.416,2,1.94,,512000000
2026-05-29 14:10:08.298,3,2.15,,512000000
2026-05-29 14:10:08.269,3,2.07,,512000000
2026-05-29 14:10:08.220,9,8.49,,512000000
2026-05-29 14:10:08.214,2,1.86,,512000000
2026-05-29 14:10:08.178,2,2,,512000000
2026-05-29 14:10:08.154,2,1.91,,512000000
2026-05-29 14:10:08.114,2,1.86,,512000000
2026-05-29 14:10:08.112,3,2.18,,512000000
2026-05-29 14:10:08.064,2,1.75,,512000000
2026-05-29 14:10:08.064,3,2.49,,512000000
2026-05-29 14:10:08.029,3,2.07,,512000000
2026-05-29 14:10:08.017,3,2.32,,512000000
2026-05-29 14:10:07.990,3,2.11,,512000000
2026-05-29 14:10:07.970,2,1.74,,512000000
2026-05-29 14:10:07.962,2,1.8,,512000000
2026-05-29 14:10:07.947,3,2.92,,512000000
2026-05-29 14:10:07.943,2,1.81,,512000000
2026-05-29 14:10:07.902,2,1.93,,512000000
2026-05-29 14:10:07.901,3,2.22,,512000000
2026-05-29 14:10:07.875,2,1.82,,512000000
2026-05-29 14:10:07.855,14,13.58,,512000000
2026-05-29 14:10:07.802,2,1.88,,512000000
2026-05-29 14:10:07.784,17,16.6,,512000000
2026-05-29 14:10:07.771,32,31.5,,512000000
2026-05-29 14:10:07.749,3,2.06,,512000000
2026-05-29 14:10:07.714,3,2.27,,512000000
2026-05-29 14:10:07.713,2,1.83,,512000000
2026-05-29 14:10:07.677,2,1.97,,512000000
2026-05-29 14:10:07.669,2,1.8,,512000000
2026-05-29 14:10:07.658,2,1.82,,512000000
2026-05-29 14:10:07.649,4,3.16,,512000000
2026-05-29 14:10:07.646,3,2.12,,512000000
2026-05-29 14:10:07.640,2,1.85,,512000000
2026-05-29 14:10:07.613,2,1.97,,512000000
2026-05-29 14:10:07.605,2,1.63,,512000000
2026-05-29 14:10:07.532,2,1.92,,512000000
2026-05-29 14:10:07.510,24,23.9,,512000000
2026-05-29 14:10:07.477,15,14.21,,512000000
2026-05-29 14:10:07.457,2,1.98,,512000000
2026-05-29 14:10:07.453,3,2.09,,512000000
2026-05-29 14:10:07.447,3,2.4,,512000000
2026-05-29 14:10:07.398,2,1.75,,512000000
2026-05-29 14:10:07.377,2,1.91,,512000000
2026-05-29 14:10:07.351,3,2.28,,512000000
2026-05-29 14:10:07.275,21,20.51,,512000000
2026-05-29 14:10:07.211,2,1.63,,512000000
2026-05-29 14:10:07.123,3,2.17,,512000000
2026-05-29 14:10:07.122,2,1.69,,512000000
2026-05-29 14:10:07.083,3,2.03,,512000000
2026-05-29 14:10:07.037,2,1.72,,512000000
2026-05-29 14:10:07.015,2,1.7,,512000000
2026-05-29 14:10:07.006,2,1.67,,512000000
2026-05-29 14:10:07.005,3,2.98,,512000000
2026-05-29 14:10:06.966,2,1.81,,512000000
2026-05-29 14:10:06.939,2,1.98,,512000000
2026-05-29 14:10:06.924,6,5.92,,512000000
2026-05-29 14:10:06.914,3,2.01,,512000000
2026-05-29 14:10:06.858,2,1.78,,512000000
2026-05-29 14:10:06.805,2,1.79,,512000000
2026-05-29 14:10:06.769,2,1.76,,512000000
2026-05-29 14:10:06.741,3,2,,512000000
2026-05-29 14:10:06.696,2,1.67,,512000000
2026-05-29 14:10:06.667,2,1.91,,512000000
2026-05-29 14:10:06.618,2,1.8,,512000000
2026-05-29 14:10:06.589,3,2.14,,512000000
2026-05-29 14:10:06.560,2,1.97,,512000000
2026-05-29 14:10:06.519,3,2.12,,512000000
2026-05-29 14:10:06.517,2,1.77,,512000000
2026-05-29 14:10:06.511,2,1.73,,512000000
2026-05-29 14:10:06.408,5,4.4,,512000000
2026-05-29 14:10:06.385,3,2.22,,512000000
2026-05-29 14:10:06.383,2,1.55,,512000000
2026-05-29 14:10:06.329,18,17.34,,512000000
2026-05-29 14:10:06.321,3,2.09,,512000000
2026-05-29 14:10:06.303,7,6.55,,512000000
2026-05-29 14:10:06.299,3,2.17,,512000000
2026-05-29 14:10:06.287,3,2.31,,512000000
2026-05-29 14:10:06.235,3,2.3,,512000000
2026-05-29 14:10:06.214,2,1.89,,512000000
2026-05-29 14:10:06.204,2,1.89,,512000000
2026-05-29 14:10:06.150,9,8.25,,512000000
2026-05-29 14:10:06.148,2,1.82,,512000000
2026-05-29 14:10:06.100,2,1.93,,512000000
2026-05-29 14:10:06.098,2,1.7,,512000000
2026-05-29 14:10:06.072,2,1.87,,512000000
2026-05-29 14:10:06.069,2,1.69,,512000000
2026-05-29 14:10:06.058,3,2.04,,512000000
2026-05-29 14:10:05.996,4,3.09,,512000000
2026-05-29 14:10:05.995,3,2.11,,512000000
2026-05-29 14:10:05.993,2,1.83,,512000000
2026-05-29 14:10:05.986,3,2.96,,512000000
2026-05-29 14:10:05.973,9,8.23,,512000000
2026-05-29 14:10:05.967,3,2.02,,512000000
2026-05-29 14:10:05.960,16,15.14,,512000000
2026-05-29 14:10:05.945,2,1.99,,512000000
2026-05-29 14:10:05.902,2,1.96,,512000000
2026-05-29 14:10:05.790,3,2.15,,512000000
2026-05-29 14:10:05.736,2,1.69,,512000000
2026-05-29 14:10:05.708,2,1.67,,512000000
2026-05-29 14:10:05.698,2,1.73,,512000000
2026-05-29 14:10:05.674,3,2.73,,512000000
2026-05-29 14:10:05.655,3,2.12,,512000000
2026-05-29 14:10:05.607,2,1.79,,512000000
2026-05-29 14:10:05.560,3,2.07,,512000000
2026-05-29 14:10:05.503,2,1.93,,512000000
2026-05-29 14:10:05.460,28,27.16,,512000000
2026-05-29 14:10:05.459,6,5.9,,512000000
2026-05-29 14:10:05.373,2,1.85,,512000000
2026-05-29 14:10:05.305,2,1.72,,512000000
2026-05-29 14:10:05.299,19,18.93,,512000000
2026-05-29 14:10:05.299,17,16,,512000000
2026-05-29 14:10:05.182,3,2.01,,512000000
2026-05-29 14:10:05.168,3,2.06,,512000000
2026-05-29 14:10:05.161,18,17.38,,512000000
2026-05-29 14:10:05.136,3,2.54,,512000000
2026-05-29 14:10:05.129,5,4.43,,512000000
2026-05-29 14:10:05.114,3,2.07,,512000000
2026-05-29 14:10:05.113,3,2.04,,512000000
2026-05-29 14:10:05.112,2,1.92,,512000000
2026-05-29 14:10:05.077,6,5.82,,512000000
2026-05-29 14:10:05.060,2,1.79,,512000000
2026-05-29 14:10:05.043,3,2.76,,512000000
2026-05-29 14:10:05.025,2,1.72,,512000000
2026-05-29 14:10:05.003,2,1.78,,512000000
2026-05-29 14:10:04.991,2,1.66,,512000000
2026-05-29 14:10:04.957,2,1.66,,512000000
2026-05-29 14:10:04.886,6,5.19,,512000000
2026-05-29 14:10:04.884,2,1.86,,512000000
2026-05-29 14:10:04.855,2,1.7,,512000000
2026-05-29 14:10:04.839,2,1.67,,512000000
2026-05-29 14:10:04.738,3,2.01,,512000000
2026-05-29 14:10:04.697,2,1.77,,512000000
2026-05-29 14:10:04.691,2,1.8,,512000000
2026-05-29 14:10:04.684,2,1.78,,512000000
2026-05-29 14:10:04.622,2,1.73,,512000000
2026-05-29 14:10:04.579,3,2.01,,512000000
2026-05-29 14:10:04.534,2,1.84,,512000000
2026-05-29 14:10:04.531,3,2.05,,512000000
2026-05-29 14:10:04.531,3,2.13,,512000000
2026-05-29 14:10:04.491,2,1.73,,512000000
2026-05-29 14:10:04.458,4,3.5,,512000000
2026-05-29 14:10:04.423,2,1.8,,512000000
2026-05-29 14:10:04.422,2,1.71,,512000000
2026-05-29 14:10:04.408,3,2.18,,512000000
2026-05-29 14:10:04.405,2,1.84,,512000000
2026-05-29 14:10:04.333,3,2.18,,512000000
2026-05-29 14:10:04.332,2,1.71,,512000000
2026-05-29 14:10:04.275,2,1.7,,512000000
2026-05-29 14:10:04.229,7,6.57,,512000000
2026-05-29 14:10:04.201,2,1.92,,512000000
2026-05-29 14:10:04.190,3,2.24,,512000000
2026-05-29 14:10:04.188,2,1.76,,512000000
2026-05-29 14:10:04.181,3,2.36,,512000000
2026-05-29 14:10:04.145,2,1.82,,512000000
2026-05-29 14:10:04.122,3,2.63,,512000000
2026-05-29 14:10:04.071,2,1.83,,512000000
2026-05-29 14:10:04.054,2,1.68,,512000000
2026-05-29 14:10:04.040,12,12,,512000000
2026-05-29 14:10:03.971,3,2.23,,512000000
2026-05-29 14:10:03.957,2,1.96,,512000000
2026-05-29 14:10:03.936,2,1.96,,512000000
2026-05-29 14:10:03.934,21,20.84,,512000000
2026-05-29 14:10:03.917,3,2.07,,512000000
2026-05-29 14:10:03.892,2,1.65,,512000000
2026-05-29 14:10:03.875,32,31.53,,512000000
2026-05-29 14:10:03.865,5,4.33,,512000000
2026-05-29 14:10:03.834,2,1.91,,512000000
2026-05-29 14:10:03.833,3,2.08,,512000000
2026-05-29 14:10:03.740,2,1.94,,512000000
2026-05-29 14:10:03.724,2,1.83,,512000000
2026-05-29 14:10:03.672,3,2.23,,512000000
2026-05-29 14:10:03.600,2,1.89,,512000000
2026-05-29 14:10:03.587,3,2.58,,512000000
2026-05-29 14:10:03.554,35,34.49,,512000000
2026-05-29 14:10:03.519,2,1.84,,512000000
2026-05-29 14:10:03.433,2,1.72,,512000000
2026-05-29 14:10:03.424,3,2.19,,512000000
2026-05-29 14:10:03.402,3,2.08,,512000000
2026-05-29 14:10:03.383,3,2.38,,512000000
2026-05-29 14:10:03.357,3,2.45,,512000000
2026-05-29 14:10:03.319,2,1.78,,512000000
2026-05-29 14:10:03.312,4,3.62,,512000000
2026-05-29 14:10:03.307,3,2.13,,512000000
2026-05-29 14:10:03.253,3,2.34,,512000000
2026-05-29 14:10:03.242,3,2.13,,512000000
2026-05-29 14:10:03.234,3,2.01,,512000000
2026-05-29 14:10:03.166,2,1.96,,512000000
2026-05-29 14:10:03.146,2,1.99,,512000000
2026-05-29 14:10:03.139,6,5.44,,512000000
2026-05-29 14:10:03.122,9,8.63,,512000000
2026-05-29 14:10:03.105,2,1.77,,512000000
2026-05-29 14:10:03.099,6,5.6,,512000000
2026-05-29 14:10:03.063,3,2.01,,512000000
2026-05-29 14:10:03.047,2,1.87,,512000000
2026-05-29 14:10:03.000,52,51.1,,512000000
2026-05-29 14:10:02.999,3,2.1,,512000000
2026-05-29 14:10:02.994,3,2.01,,512000000
2026-05-29 14:10:02.989,2,1.9,,512000000
2026-05-29 14:10:02.938,2,1.75,,512000000
2026-05-29 14:10:02.924,3,2.3,,512000000
2026-05-29 14:10:02.918,2,1.78,,512000000
2026-05-29 14:10:02.902,2,1.94,,512000000
2026-05-29 14:10:02.890,2,1.68,,512000000
2026-05-29 14:10:02.829,3,2.12,,512000000
2026-05-29 14:10:02.807,2,1.68,,512000000
2026-05-29 14:10:02.799,3,2.53,,512000000
2026-05-29 14:10:02.781,2,1.71,,512000000
2026-05-29 14:10:02.763,2,1.65,,512000000
2026-05-29 14:10:02.632,2,1.83,,512000000
2026-05-29 14:10:02.630,2,1.89,,512000000
2026-05-29 14:10:02.615,3,2.28,,512000000
2026-05-29 14:10:02.577,3,2.31,,512000000
2026-05-29 14:10:02.557,19,18.14,,512000000
2026-05-29 14:10:02.508,2,1.8,,512000000
2026-05-29 14:10:02.435,21,20.02,,512000000
2026-05-29 14:10:02.420,2,1.74,,512000000
2026-05-29 14:10:02.357,2,1.71,,512000000
2026-05-29 14:10:02.302,2,1.88,,512000000
2026-05-29 14:10:02.295,2,1.79,,512000000
2026-05-29 14:10:02.257,2,1.74,,512000000
2026-05-29 14:10:02.250,7,6.98,,512000000
2026-05-29 14:10:02.211,3,2.11,,512000000
2026-05-29 14:10:02.206,3,2.44,,512000000
2026-05-29 14:10:02.197,2,1.97,,512000000
2026-05-29 14:10:02.188,2,1.92,,512000000
2026-05-29 14:10:02.170,4,3.66,,512000000
2026-05-29 14:10:02.148,5,5,,512000000
2026-05-29 14:10:02.132,2,1.76,,512000000
2026-05-29 14:10:02.108,5,4.74,,512000000
2026-05-29 14:10:02.103,3,2.11,,512000000
2026-05-29 14:10:02.098,20,19.81,,512000000
2026-05-29 14:10:02.077,3,2.07,,512000000
2026-05-29 14:10:02.068,2,1.9,,512000000
2026-05-29 14:10:02.058,10,9.01,,512000000
2026-05-29 14:10:02.033,2,1.94,,512000000
2026-05-29 14:10:01.976,3,2.11,,512000000
2026-05-29 14:10:01.976,2,1.99,,512000000
2026-05-29 14:10:01.949,2,1.85,,512000000
2026-05-29 14:10:01.904,27,26.97,,512000000
2026-05-29 14:10:01.858,3,2.23,,512000000
2026-05-29 14:10:01.836,2,1.88,,512000000
2026-05-29 14:10:01.719,17,16.1,,512000000
2026-05-29 14:10:01.714,2,2,,512000000
2026-05-29 14:10:01.710,2,1.7,,512000000
2026-05-29 14:10:01.644,3,2.31,,512000000
2026-05-29 14:10:01.635,2,1.82,,512000000
2026-05-29 14:10:01.633,3,2.02,,512000000
2026-05-29 14:10:01.629,2,1.79,,512000000
2026-05-29 14:10:01.601,2,1.83,,512000000
2026-05-29 14:10:01.600,2,1.93,,512000000
2026-05-29 14:10:01.562,3,2.99,,512000000
2026-05-29 14:10:01.560,3,2.01,,512000000
2026-05-29 14:10:01.554,2,1.64,,512000000
2026-05-29 14:10:01.505,3,2.25,,512000000
2026-05-29 14:10:01.472,2,1.83,,512000000
2026-05-29 14:10:01.438,3,2.23,,512000000
2026-05-29 14:10:01.436,3,2.13,,512000000
2026-05-29 14:10:01.401,2,1.97,,512000000
2026-05-29 14:10:01.330,3,2.03,,512000000
2026-05-29 14:10:01.305,3,2.34,,512000000
2026-05-29 14:10:01.296,2,1.8,,512000000
2026-05-29 14:10:01.176,2,1.86,,512000000
2026-05-29 14:10:01.164,2,1.91,,512000000
2026-05-29 14:10:01.152,2,1.61,,512000000
2026-05-29 14:10:01.073,2,2,,512000000
2026-05-29 14:10:01.036,2,1.58,,512000000
2026-05-29 14:10:01.000,2,1.81,,512000000
2026-05-29 14:10:00.990,2,1.92,,512000000
2026-05-29 14:10:00.981,2,1.79,,512000000
2026-05-29 14:10:00.949,2,1.82,,512000000
2026-05-29 14:10:00.905,2,1.83,,512000000
2026-05-29 14:10:00.834,2,1.7,,512000000
2026-05-29 14:10:00.787,2,1.74,,512000000
2026-05-29 14:10:00.756,2,1.94,,512000000
2026-05-29 14:10:00.708,3,2.67,,512000000
2026-05-29 14:10:00.669,3,2.28,,512000000
2026-05-29 14:10:00.662,22,21.4,,512000000
2026-05-29 14:10:00.659,2,1.83,,512000000
2026-05-29 14:10:00.641,5,4.25,,512000000
2026-05-29 14:10:00.610,2,1.91,,512000000
2026-05-29 14:10:00.573,3,2.3,,512000000
2026-05-29 14:10:00.537,3,2.16,,512000000
2026-05-29 14:10:00.527,2,1.87,,512000000
2026-05-29 14:10:00.512,3,2.19,,512000000
2026-05-29 14:10:00.504,2,1.81,,512000000
2026-05-29 14:10:00.496,3,2.05,,512000000
2026-05-29 14:10:00.489,2,1.72,,512000000
2026-05-29 14:10:00.488,2,1.89,,512000000
2026-05-29 14:10:00.471,3,2.03,,512000000
2026-05-29 14:10:00.438,2,1.71,,512000000
2026-05-29 14:10:00.417,2,1.9,,512000000
2026-05-29 14:10:00.359,2,2,,512000000
2026-05-29 14:10:00.310,3,2.13,,512000000
2026-05-29 14:10:00.287,2,1.97,,512000000
2026-05-29 14:10:00.275,2,1.8,,512000000
2026-05-29 14:10:00.236,3,2.07,,512000000
2026-05-29 14:10:00.232,2,1.99,,512000000
2026-05-29 14:10:00.186,2,1.87,,512000000
2026-05-29 14:10:00.164,2,1.97,,512000000
2026-05-29 14:10:00.162,2,1.93,,512000000
2026-05-29 14:10:00.157,2,1.78,,512000000
2026-05-29 14:10:00.100,15,14.23,,512000000
2026-05-29 14:10:00.096,2,1.82,,512000000
2026-05-29 14:10:00.078,11,10.7,,512000000
2026-05-29 14:10:00.066,2,1.79,,512000000
2026-05-29 14:09:59.981,3,2.02,,512000000
2026-05-29 14:09:59.964,3,2.11,,512000000
2026-05-29 14:09:59.938,60,59.15,,512000000
2026-05-29 14:09:59.936,2,1.76,,512000000
2026-05-29 14:09:59.931,2,1.87,,512000000
2026-05-29 14:09:59.918,2,1.82,,512000000
2026-05-29 14:09:59.886,2,1.83,,512000000
2026-05-29 14:09:59.855,3,2.66,,512000000
2026-05-29 14:09:59.823,2,1.97,,512000000
2026-05-29 14:09:59.786,2,1.73,,512000000
2026-05-29 14:09:59.780,2,1.77,,512000000
2026-05-29 14:09:59.761,15,14.79,,512000000
2026-05-29 14:09:59.750,3,2.54,,512000000
2026-05-29 14:09:59.715,19,18.17,,512000000
2026-05-29 14:09:59.669,2,1.72,,512000000
2026-05-29 14:09:59.656,2,1.98,,512000000
2026-05-29 14:09:59.616,16,15.63,,512000000
2026-05-29 14:09:59.607,2,1.72,,512000000
2026-05-29 14:09:59.586,2,1.72,,512000000
2026-05-29 14:09:59.515,3,2.37,,512000000
2026-05-29 14:09:59.509,3,2.12,,512000000
2026-05-29 14:09:59.447,2,1.76,,512000000
2026-05-29 14:09:59.402,32,31.53,,512000000
2026-05-29 14:09:59.358,8,7.59,,512000000
2026-05-29 14:09:59.342,3,2.05,,512000000
2026-05-29 14:09:59.335,2,1.78,,512000000
2026-05-29 14:09:59.309,9,8.32,,512000000
2026-05-29 14:09:59.281,2,1.9,,512000000
2026-05-29 14:09:59.249,2,1.75,,512000000
2026-05-29 14:09:59.204,7,6.63,,512000000
2026-05-29 14:09:59.202,2,1.97,,512000000
2026-05-29 14:09:59.130,2,1.92,,512000000
2026-05-29 14:09:59.098,2,1.78,,512000000
2026-05-29 14:09:59.088,3,2.46,,512000000
2026-05-29 14:09:59.068,2,1.6,,512000000
2026-05-29 14:09:58.969,3,2.05,,512000000
2026-05-29 14:09:58.905,2,1.96,,512000000
2026-05-29 14:09:58.877,2,1.74,,512000000
2026-05-29 14:09:58.826,3,2.08,,512000000
2026-05-29 14:09:58.776,2,1.8,,512000000
2026-05-29 14:09:58.772,2,1.93,,512000000
2026-05-29 14:09:58.757,2,1.79,,512000000
2026-05-29 14:09:58.745,3,2.23,,512000000
2026-05-29 14:09:58.663,2,1.96,,512000000
2026-05-29 14:09:58.657,3,2.07,,512000000
2026-05-29 14:09:58.648,2,2,,512000000
2026-05-29 14:09:58.588,3,2.24,,512000000
2026-05-29 14:09:58.581,3,2.04,,512000000
2026-05-29 14:09:58.561,3,2.13,,512000000
2026-05-29 14:09:58.535,5,4.74,,512000000
2026-05-29 14:09:58.534,3,2.02,,512000000
2026-05-29 14:09:58.533,3,2.04,,512000000
2026-05-29 14:09:58.530,2,1.78,,512000000
2026-05-29 14:09:58.513,2,1.88,,512000000
2026-05-29 14:09:58.509,3,2.11,,512000000
2026-05-29 14:09:58.500,4,3.01,,512000000
2026-05-29 14:09:58.481,2,1.83,,512000000
2026-05-29 14:09:58.450,12,11.75,,512000000
2026-05-29 14:09:58.440,7,6.24,,512000000
2026-05-29 14:09:58.428,2,1.94,,512000000
2026-05-29 14:09:58.421,2,1.72,,512000000
2026-05-29 14:09:58.387,3,2.16,,512000000
2026-05-29 14:09:58.376,7,6.25,,512000000
2026-05-29 14:09:58.333,2,1.71,,512000000
2026-05-29 14:09:58.301,8,7.31,,512000000
2026-05-29 14:09:58.271,2,1.94,,512000000
2026-05-29 14:09:58.244,3,2.18,,512000000
2026-05-29 14:09:58.204,2,1.76,,512000000
2026-05-29 14:09:58.111,2,1.99,,512000000
2026-05-29 14:09:58.029,3,2.28,,512000000
2026-05-29 14:09:58.014,2,1.76,,512000000
2026-05-29 14:09:57.977,2,1.63,,512000000
2026-05-29 14:09:57.966,2,1.8,,512000000
2026-05-29 14:09:57.961,7,6.17,,512000000
2026-05-29 14:09:57.955,2,1.91,,512000000
2026-05-29 14:09:57.951,2,1.75,,512000000
2026-05-29 14:09:57.950,3,2.28,,512000000
2026-05-29 14:09:57.947,2,1.94,,512000000
2026-05-29 14:09:57.945,2,1.65,,512000000
2026-05-29 14:09:57.903,2,1.71,,512000000
2026-05-29 14:09:57.901,2,1.58,,512000000
2026-05-29 14:09:57.877,8,7.17,,512000000
2026-05-29 14:09:57.796,3,2.61,,512000000
2026-05-29 14:09:57.737,2,1.81,,512000000
2026-05-29 14:09:57.732,2,1.82,,512000000
2026-05-29 14:09:57.707,3,2.01,,512000000
2026-05-29 14:09:57.700,2,1.69,,512000000
2026-05-29 14:09:57.680,6,5.23,,512000000
2026-05-29 14:09:57.679,4,3.15,,512000000
2026-05-29 14:09:57.638,2,1.96,,512000000
2026-05-29 14:09:57.588,2,1.71,,512000000
2026-05-29 14:09:57.541,2,1.82,,512000000
2026-05-29 14:09:57.538,2,1.91,,512000000
2026-05-29 14:09:57.517,6,5.41,,512000000
2026-05-29 14:09:57.489,3,2.95,,512000000
2026-05-29 14:09:57.383,2,1.7,,512000000
2026-05-29 14:09:57.364,2,1.91,,512000000
2026-05-29 14:09:57.314,3,2.9,,512000000
2026-05-29 14:09:57.182,3,2.06,,512000000
2026-05-29 14:09:57.158,2,1.68,,512000000
2026-05-29 14:09:57.158,9,8.99,,512000000
2026-05-29 14:09:57.148,2,1.8,,512000000
2026-05-29 14:09:57.124,2,1.68,,512000000
2026-05-29 14:09:57.023,2,1.76,,512000000
2026-05-29 14:09:57.001,2,1.82,,512000000
2026-05-29 14:09:56.988,2,1.94,,512000000
2026-05-29 14:09:56.957,2,1.8,,512000000
2026-05-29 14:09:56.953,2,1.72,,512000000
2026-05-29 14:09:56.929,2,1.84,,512000000
2026-05-29 14:09:56.915,2,1.95,,512000000
2026-05-29 14:09:56.913,2,1.91,,512000000
2026-05-29 14:09:56.911,2,1.88,,512000000
2026-05-29 14:09:56.882,3,2.02,,512000000
2026-05-29 14:09:56.878,3,2.08,,512000000
2026-05-29 14:09:56.870,3,2.15,,512000000
2026-05-29 14:09:56.780,3,2.07,,512000000
2026-05-29 14:09:56.738,16,15.48,,512000000
2026-05-29 14:09:56.735,3,2.08,,512000000
2026-05-29 14:09:56.687,2,1.75,,512000000
2026-05-29 14:09:56.679,5,4.52,,512000000
2026-05-29 14:09:56.667,2,1.89,,512000000
2026-05-29 14:09:56.641,2,1.76,,512000000
2026-05-29 14:09:56.640,3,2.1,,512000000
2026-05-29 14:09:56.599,3,2.16,,512000000
2026-05-29 14:09:56.575,3,2.1,,512000000
2026-05-29 14:09:56.574,5,4.95,,512000000
2026-05-29 14:09:56.558,2,1.72,,512000000
2026-05-29 14:09:56.505,2,1.71,,512000000
2026-05-29 14:09:56.486,5,4.79,,512000000
2026-05-29 14:09:56.484,2,1.98,,512000000
2026-05-29 14:09:56.472,3,2.47,,512000000
2026-05-29 14:09:56.442,8,7,,512000000
2026-05-29 14:09:56.439,5,4.95,,512000000
2026-05-29 14:09:56.431,2,1.91,,512000000
2026-05-29 14:09:56.421,73,72.97,,512000000
2026-05-29 14:09:56.402,2,1.77,,512000000
2026-05-29 14:09:56.365,2,1.67,,512000000
2026-05-29 14:09:56.330,2,1.95,,512000000
2026-05-29 14:09:56.170,2,1.85,,512000000
2026-05-29 14:09:56.100,2,1.76,,512000000
2026-05-29 14:09:56.080,3,2.17,,512000000
2026-05-29 14:09:56.077,40,39.91,,512000000
2026-05-29 14:09:56.058,7,6.18,,512000000
2026-05-29 14:09:56.047,2,1.91,,512000000
2026-05-29 14:09:56.045,3,2.26,,512000000
2026-05-29 14:09:56.000,2,1.85,,512000000
2026-05-29 14:09:55.966,3,2.13,,512000000
2026-05-29 14:09:55.958,3,2.04,,512000000
2026-05-29 14:09:55.955,15,14.83,,512000000
2026-05-29 14:09:55.945,2,1.7,,512000000
2026-05-29 14:09:55.921,4,3.47,,512000000
2026-05-29 14:09:55.877,2,1.75,,512000000
2026-05-29 14:09:55.876,3,2.38,,512000000
2026-05-29 14:09:55.873,2,1.8,,512000000
2026-05-29 14:09:55.866,2,1.84,,512000000
2026-05-29 14:09:55.783,2,1.87,,512000000
2026-05-29 14:09:55.761,3,2.17,,512000000
2026-05-29 14:09:55.753,3,2.09,,512000000
2026-05-29 14:09:55.657,2,1.66,,512000000
2026-05-29 14:09:55.650,2,1.87,,512000000
2026-05-29 14:09:55.602,2,1.92,,512000000
2026-05-29 14:09:55.575,14,13.69,,512000000
2026-05-29 14:09:55.418,2,1.79,,512000000
2026-05-29 14:09:55.412,3,2.16,,512000000
2026-05-29 14:09:55.386,3,2.04,,512000000
2026-05-29 14:09:55.258,3,2.15,,512000000
2026-05-29 14:09:55.257,2,1.92,,512000000
2026-05-29 14:09:55.234,2,1.77,,512000000
2026-05-29 14:09:55.213,3,2.12,,512000000
2026-05-29 14:09:55.187,3,2.2,,512000000
2026-05-29 14:09:55.174,2,1.95,,512000000
2026-05-29 14:09:55.172,2,1.95,,512000000
2026-05-29 14:09:55.129,2,2,,512000000
2026-05-29 14:09:55.111,2,1.88,,512000000
2026-05-29 14:09:55.083,5,4.02,,512000000
2026-05-29 14:09:55.060,3,2.6,,512000000
2026-05-29 14:09:55.047,3,2.23,,512000000
2026-05-29 14:09:54.973,3,2.12,,512000000
2026-05-29 14:09:54.932,2,1.92,,512000000
2026-05-29 14:09:54.894,3,2.16,,512000000
2026-05-29 14:09:54.891,2,1.89,,512000000
2026-05-29 14:09:54.859,2,1.87,,512000000
2026-05-29 14:09:54.839,6,5.14,,512000000
2026-05-29 14:09:54.830,2,1.77,,512000000
2026-05-29 14:09:54.827,2,1.85,,512000000
2026-05-29 14:09:54.813,5,4.5,,512000000
2026-05-29 14:09:54.801,17,16.5,,512000000
2026-05-29 14:09:54.797,3,2.37,,512000000
2026-05-29 14:09:54.789,5,4.1,,512000000
2026-05-29 14:09:54.727,2,1.75,,512000000
2026-05-29 14:09:54.720,2,1.67,,512000000
2026-05-29 14:09:54.716,2,1.94,,512000000
2026-05-29 14:09:54.704,2,1.98,,512000000
2026-05-29 14:09:54.697,4,3.3,,512000000
2026-05-29 14:09:54.679,2,1.91,,512000000
2026-05-29 14:09:54.661,2,1.76,,512000000
2026-05-29 14:09:54.653,2,1.88,,512000000
2026-05-29 14:09:54.652,2,1.81,,512000000
2026-05-29 14:09:54.614,2,1.85,,512000000
2026-05-29 14:09:54.562,3,2.62,,512000000
2026-05-29 14:09:54.555,5,4.57,,512000000
2026-05-29 14:09:54.523,2,1.63,,512000000
2026-05-29 14:09:54.507,3,2.07,,512000000
2026-05-29 14:09:54.426,2,1.97,,512000000
2026-05-29 14:09:54.356,2,1.96,,512000000
2026-05-29 14:09:54.352,3,2.01,,512000000
2026-05-29 14:09:54.352,2,1.97,,512000000
2026-05-29 14:09:54.282,3,2.05,,512000000
2026-05-29 14:09:54.236,2,1.72,,512000000
2026-05-29 14:09:54.211,3,2.07,,512000000
2026-05-29 14:09:54.155,2,1.78,,512000000
2026-05-29 14:09:54.153,2,1.9,,512000000
2026-05-29 14:09:54.080,2,1.82,,512000000
2026-05-29 14:09:54.063,2,1.82,,512000000
2026-05-29 14:09:54.024,3,2.4,,512000000
2026-05-29 14:09:54.008,2,1.94,,512000000
2026-05-29 14:09:53.998,6,5.88,,512000000
2026-05-29 14:09:53.985,3,2.05,,512000000
2026-05-29 14:09:53.976,2,1.79,,512000000
2026-05-29 14:09:53.963,3,2.04,,512000000
2026-05-29 14:09:53.933,5,4.33,,512000000
2026-05-29 14:09:53.928,2,1.77,,512000000
2026-05-29 14:09:53.891,2,1.87,,512000000
2026-05-29 14:09:53.844,2,1.84,,512000000
2026-05-29 14:09:53.819,3,2.08,,512000000
2026-05-29 14:09:53.800,26,25.14,,512000000
2026-05-29 14:09:53.767,3,2.19,,512000000
2026-05-29 14:09:53.763,2,1.77,,512000000
2026-05-29 14:09:53.572,4,3.4,,512000000
2026-05-29 14:09:53.528,2,1.91,,512000000
2026-05-29 14:09:53.508,2,1.76,,512000000
2026-05-29 14:09:53.491,2,1.64,,512000000
2026-05-29 14:09:53.463,2,1.62,,512000000
2026-05-29 14:09:53.393,2,1.63,,512000000
2026-05-29 14:09:53.367,2,1.81,,512000000
2026-05-29 14:09:53.366,2,1.95,,512000000
2026-05-29 14:09:53.355,2,1.94,,512000000
2026-05-29 14:09:53.346,2,1.77,,512000000
2026-05-29 14:09:53.333,2,1.83,,512000000
2026-05-29 14:09:53.317,2,1.91,,512000000
2026-05-29 14:09:53.303,2,1.57,,512000000
2026-05-29 14:09:53.284,3,2.48,,512000000
2026-05-29 14:09:53.254,3,2.25,,512000000
2026-05-29 14:09:53.251,2,1.68,,512000000
2026-05-29 14:09:53.223,2,1.64,,512000000
2026-05-29 14:09:53.197,40,39.06,,512000000
2026-05-29 14:09:53.192,2,1.76,,512000000
2026-05-29 14:09:53.175,3,2.4,,512000000
2026-05-29 14:09:53.171,2,1.75,,512000000
2026-05-29 14:09:53.080,3,2.17,,512000000
2026-05-29 14:09:53.079,14,13.31,,512000000
2026-05-29 14:09:53.053,3,2.02,,512000000
2026-05-29 14:09:53.044,2,1.9,,512000000
2026-05-29 14:09:53.031,2,1.97,,512000000
2026-05-29 14:09:53.029,14,13.87,,512000000
2026-05-29 14:09:53.026,3,2,,512000000
2026-05-29 14:09:53.026,2,1.92,,512000000
2026-05-29 14:09:53.009,4,3.32,,512000000
2026-05-29 14:09:52.993,2,1.84,,512000000
2026-05-29 14:09:52.992,2,1.87,,512000000
2026-05-29 14:09:52.927,3,2.35,,512000000
2026-05-29 14:09:52.897,3,2.08,,512000000
2026-05-29 14:09:52.868,2,1.98,,512000000
2026-05-29 14:09:52.817,2,1.95,,512000000
2026-05-29 14:09:52.701,3,2.08,,512000000
2026-05-29 14:09:52.699,2,1.75,,512000000
2026-05-29 14:09:52.692,2,1.71,,512000000
2026-05-29 14:09:52.648,2,1.69,,512000000
2026-05-29 14:09:52.598,3,2.08,,512000000
2026-05-29 14:09:52.591,2,1.66,,512000000
2026-05-29 14:09:52.545,2,1.84,,512000000
2026-05-29 14:09:52.470,2,1.78,,512000000
2026-05-29 14:09:52.469,2,1.93,,512000000
2026-05-29 14:09:52.441,3,2.47,,512000000
2026-05-29 14:09:52.420,14,13.02,,512000000
2026-05-29 14:09:52.415,2,1.87,,512000000
2026-05-29 14:09:52.320,11,10.38,,512000000
2026-05-29 14:09:52.301,2,1.91,,512000000
2026-05-29 14:09:52.299,2,1.8,,512000000
2026-05-29 14:09:52.299,15,14.89,,512000000
2026-05-29 14:09:52.266,2,1.75,,512000000
2026-05-29 14:09:52.258,2,1.7,,512000000
2026-05-29 14:09:52.245,2,1.77,,512000000
2026-05-29 14:09:52.199,5,4.93,,512000000
2026-05-29 14:09:52.116,2,1.88,,512000000
2026-05-29 14:09:52.106,2,1.95,,512000000
2026-05-29 14:09:52.081,3,2.27,,512000000
2026-05-29 14:09:51.958,2,1.89,,512000000
2026-05-29 14:09:51.952,2,1.73,,512000000
2026-05-29 14:09:51.923,3,2.96,,512000000
2026-05-29 14:09:51.876,2,1.91,,512000000
2026-05-29 14:09:51.868,2,1.92,,512000000
2026-05-29 14:09:51.843,2,1.81,,512000000
2026-05-29 14:09:51.812,2,1.73,,512000000
2026-05-29 14:09:51.798,3,2,,512000000
2026-05-29 14:09:51.797,2,1.85,,512000000
2026-05-29 14:09:51.767,2,1.64,,512000000
2026-05-29 14:09:51.737,3,2.05,,512000000
2026-05-29 14:09:51.736,2,1.89,,512000000
2026-05-29 14:09:51.691,2,1.77,,512000000
2026-05-29 14:09:51.678,3,2.13,,512000000
2026-05-29 14:09:51.669,2,1.75,,512000000
2026-05-29 14:09:51.668,3,2.03,,512000000
2026-05-29 14:09:51.647,2,1.67,,512000000
2026-05-29 14:09:51.634,3,2.01,,512000000
2026-05-29 14:09:51.577,3,2.14,,512000000
2026-05-29 14:09:51.574,11,10.01,,512000000
2026-05-29 14:09:51.565,2,1.95,,512000000
2026-05-29 14:09:51.564,3,2.04,,512000000
2026-05-29 14:09:51.559,11,10.73,,512000000
2026-05-29 14:09:51.558,3,2.02,,512000000
2026-05-29 14:09:51.542,2,1.81,,512000000
2026-05-29 14:09:51.483,3,2.1,,512000000
2026-05-29 14:09:51.432,2,1.89,,512000000
2026-05-29 14:09:51.390,4,3.19,,512000000
2026-05-29 14:09:51.374,2,1.82,,512000000
2026-05-29 14:09:51.286,2,1.93,,512000000
2026-05-29 14:09:51.279,14,13.06,,512000000
2026-05-29 14:09:51.207,3,2.25,,512000000
2026-05-29 14:09:51.179,3,2.86,,512000000
2026-05-29 14:09:51.174,2,1.85,,512000000
2026-05-29 14:09:51.168,2,1.81,,512000000
2026-05-29 14:09:51.165,4,3.75,,512000000
2026-05-29 14:09:51.078,2,1.91,,512000000
2026-05-29 14:09:51.052,2,1.87,,512000000
2026-05-29 14:09:51.050,2,1.69,,512000000
2026-05-29 14:09:51.050,3,2.07,,512000000
2026-05-29 14:09:51.003,3,2.27,,512000000
2026-05-29 14:09:50.965,3,2.58,,512000000
2026-05-29 14:09:50.949,2,1.7,,512000000
2026-05-29 14:09:50.930,4,3.57,,512000000
2026-05-29 14:09:50.911,2,1.99,,512000000
2026-05-29 14:09:50.900,14,13.81,,512000000
2026-05-29 14:09:50.838,3,2.55,,512000000
2026-05-29 14:09:50.749,3,2.34,,512000000
2026-05-29 14:09:50.717,3,2,,512000000
2026-05-29 14:09:50.699,2,1.88,,512000000
2026-05-29 14:09:50.642,2,1.69,,512000000
2026-05-29 14:09:50.619,4,3.91,,512000000
2026-05-29 14:09:50.604,2,1.93,,512000000
2026-05-29 14:09:50.596,3,2.05,,512000000
2026-05-29 14:09:50.558,59,58.92,,512000000
2026-05-29 14:09:50.534,2,1.8,,512000000
2026-05-29 14:09:50.509,2,1.65,,512000000
2026-05-29 14:09:50.497,2,1.76,,512000000
2026-05-29 14:09:50.492,3,2.01,,512000000
2026-05-29 14:09:50.386,3,2.13,,512000000
2026-05-29 14:09:50.345,6,5.36,,512000000
2026-05-29 14:09:50.344,11,10.01,,512000000
2026-05-29 14:09:50.301,3,2.13,,512000000
2026-05-29 14:09:50.254,3,2.18,,512000000
2026-05-29 14:09:50.079,3,2.3,,512000000
2026-05-29 14:09:50.019,2,1.79,,512000000
2026-05-29 14:09:50.019,26,25.63,,512000000
2026-05-29 14:09:49.984,3,2.11,,512000000
2026-05-29 14:09:49.957,10,9.73,,512000000
2026-05-29 14:09:49.903,2,1.69,,512000000
2026-05-29 14:09:49.900,3,2.35,,512000000
2026-05-29 14:09:49.897,3,2.04,,512000000
2026-05-29 14:09:49.882,2,1.9,,512000000
2026-05-29 14:09:49.878,2,1.73,,512000000
2026-05-29 14:09:49.878,30,29.94,,512000000
2026-05-29 14:09:49.837,2,1.91,,512000000
2026-05-29 14:09:49.836,6,5.07,,512000000
2026-05-29 14:09:49.835,3,2.03,,512000000
2026-05-29 14:09:49.813,3,2.04,,512000000
2026-05-29 14:09:49.812,2,1.72,,512000000
2026-05-29 14:09:49.795,2,1.95,,512000000
2026-05-29 14:09:49.794,8,7.14,,512000000
2026-05-29 14:09:49.791,2,1.8,,512000000
2026-05-29 14:09:49.777,2,1.78,,512000000
2026-05-29 14:09:49.761,2,1.88,,512000000
2026-05-29 14:09:49.731,2,1.94,,512000000
2026-05-29 14:09:49.729,51,50.9,,512000000
2026-05-29 14:09:49.689,2,1.68,,512000000
2026-05-29 14:09:49.677,9,8.88,,512000000
2026-05-29 14:09:49.676,4,3.24,,512000000
2026-05-29 14:09:49.606,2,1.78,,512000000
2026-05-29 14:09:49.598,2,1.85,,512000000
2026-05-29 14:09:49.560,2,1.98,,512000000
2026-05-29 14:09:49.546,2,1.94,,512000000
2026-05-29 14:09:49.527,3,2.81,,512000000
2026-05-29 14:09:49.489,2,1.99,,512000000
2026-05-29 14:09:49.441,3,2.39,,512000000
2026-05-29 14:09:49.435,2,1.85,,512000000
2026-05-29 14:09:49.400,2,1.92,,512000000
2026-05-29 14:09:49.399,2,1.77,,512000000
2026-05-29 14:09:49.309,19,18.84,,512000000
2026-05-29 14:09:49.297,3,2.1,,512000000
2026-05-29 14:09:49.291,26,25.3,,512000000
2026-05-29 14:09:49.264,2,1.78,,512000000
2026-05-29 14:09:49.261,2,1.9,,512000000
2026-05-29 14:09:49.253,2,1.79,,512000000
2026-05-29 14:09:49.234,9,8.25,,512000000
2026-05-29 14:09:49.229,3,2.09,,512000000
2026-05-29 14:09:49.217,2,1.94,,512000000
2026-05-29 14:09:49.214,11,10.8,,512000000
2026-05-29 14:09:49.201,2,1.94,,512000000
2026-05-29 14:09:49.145,4,3.46,,512000000
2026-05-29 14:09:49.130,2,1.95,,512000000
2026-05-29 14:09:49.076,2,1.72,,512000000
2026-05-29 14:09:49.040,3,2.32,,512000000
2026-05-29 14:09:49.035,3,2.24,,512000000
2026-05-29 14:09:49.011,2,1.72,,512000000
2026-05-29 14:09:48.923,2,1.72,,512000000
2026-05-29 14:09:48.734,5,4.77,,512000000
2026-05-29 14:09:48.660,2,1.99,,512000000
2026-05-29 14:09:48.630,2,1.94,,512000000
2026-05-29 14:09:48.610,835,26.04,808.35,512000000
2026-05-29 14:09:48.477,18,17.27,,512000000
2026-05-29 14:09:48.458,45,44.9,,512000000
2026-05-29 14:09:48.458,7,6.25,,512000000
2026-05-29 14:09:48.448,805,15.17,788.88,512000000
2026-05-29 14:09:48.342,3,2.1,,512000000
2026-05-29 14:09:48.298,1064,23.55,1040.15,512000000
2026-05-29 14:09:48.166,3,2.8,,512000000
2026-05-29 14:09:48.162,974,20.02,953.52,512000000
2026-05-29 14:09:48.161,2,1.8,,512000000
2026-05-29 14:09:48.140,8,7.28,,512000000
2026-05-29 14:09:48.135,3,2,,512000000
2026-05-29 14:09:48.080,780,6.02,773.47,512000000
2026-05-29 14:09:48.039,847,14.15,832.82,512000000
2026-05-29 14:09:48.011,893,14.72,877.88,512000000
2026-05-29 14:09:47.977,898,19.47,878,512000000
2026-05-29 14:09:47.926,829,9.3,818.75,512000000
2026-05-29 14:09:47.913,880,12.45,866.61,512000000
2026-05-29 14:09:47.893,820,13.91,805.29,512000000
2026-05-29 14:09:47.893,770,5.87,763.31,512000000
2026-05-29 14:09:47.892,830,18.99,810.38,512000000
2026-05-29 14:09:47.891,826,3.7,821.49,512000000
2026-05-29 14:09:47.888,816,5.28,810.12,512000000
2026-05-29 14:09:47.884,793,3.37,789.58,512000000
2026-05-29 14:09:47.883,794,8.21,785.79,512000000
2026-05-29 14:09:47.878,811,4.77,805.7,512000000
2026-05-29 14:09:47.876,757,37.93,718.26,512000000
2026-05-29 14:09:47.871,16,15.87,,512000000
2026-05-29 14:09:47.870,807,3.57,803.14,512000000
2026-05-29 14:09:47.865,770,3.77,765.89,512000000
2026-05-29 14:09:47.852,854,23.27,830.46,512000000
2026-05-29 14:09:47.850,780,5.65,774,512000000
2026-05-29 14:09:47.850,873,18.3,854.2,512000000
2026-05-29 14:09:47.845,791,3,787.36,512000000
2026-05-29 14:09:47.844,2,1.78,,512000000
2026-05-29 14:09:47.826,687,3.33,683.26,512000000
2026-05-29 14:09:47.821,3,2.2,,512000000
2026-05-29 14:09:47.808,797,2.85,794.1,512000000
2026-05-29 14:09:47.801,791,7.41,783.24,512000000
2026-05-29 14:09:47.795,714,4.16,709.39,512000000
2026-05-29 14:09:47.794,817,7.25,809.11,512000000
2026-05-29 14:09:47.792,826,10.1,815.2,512000000
2026-05-29 14:09:47.787,824,3.17,820.06,512000000
2026-05-29 14:09:47.761,809,5.36,803.06,512000000
2026-05-29 14:09:47.736,790,17.48,772.03,512000000
2026-05-29 14:09:47.730,780,4.65,774.96,512000000
2026-05-29 14:09:47.724,844,39.94,803.52,512000000
2026-05-29 14:09:47.723,714,7.54,706.16,512000000
2026-05-29 14:09:47.720,685,2.97,681.43,512000000
2026-05-29 14:09:47.713,827,4.21,822.36,512000000
2026-05-29 14:09:47.712,15,14.29,,512000000
2026-05-29 14:09:47.695,830,15.12,814.16,512000000
2026-05-29 14:09:47.688,708,17.59,690.24,512000000
2026-05-29 14:09:47.672,809,13.47,794.57,512000000
2026-05-29 14:09:47.652,793,17.73,775.13,512000000
2026-05-29 14:09:47.614,3,2.25,,512000000
2026-05-29 14:09:47.568,4,3.12,,512000000
2026-05-29 14:09:46.569,11,10.99,,512000000
2026-05-29 14:09:46.557,3,2.22,,512000000
2026-05-29 14:09:46.552,2,1.73,,512000000
2026-05-29 14:09:46.550,2,1.89,,512000000
2026-05-29 14:09:46.529,3,2.06,,512000000
2026-05-29 14:09:46.523,2,1.68,,512000000
2026-05-29 14:09:46.502,2,1.7,,512000000
2026-05-29 14:09:46.495,6,5.15,,512000000
2026-05-29 14:09:46.394,16,15.65,,512000000
2026-05-29 14:09:46.393,22,21.74,,512000000
2026-05-29 14:09:46.376,3,2.13,,512000000
2026-05-29 14:09:46.361,2,1.59,,512000000
2026-05-29 14:09:46.355,15,14.79,,512000000
2026-05-29 14:09:46.354,12,11.85,,512000000
2026-05-29 14:09:46.354,3,2.96,,512000000
2026-05-29 14:09:46.335,42,41.19,,512000000
2026-05-29 14:09:46.334,53,52.59,,512000000
2026-05-29 14:09:46.333,45,44.9,,512000000