@timestamp,@billedDuration,@duration,@initDuration,@memorySize
2026-05-30 17:33:54.038,3,2.42,,1024000000
2026-05-30 17:33:52.820,2,1.74,,1024000000
2026-05-30 17:33:52.133,2,1.76,,1024000000
2026-05-30 17:33:51.520,3,2.97,,1024000000
2026-05-30 17:33:50.819,2,1.96,,1024000000
2026-05-30 17:33:49.592,3,2.06,,1024000000
2026-05-30 17:33:49.408,3,2.03,,1024000000
2026-05-30 17:33:48.050,2,1.81,,1024000000
2026-05-30 17:33:46.895,3,2.19,,1024000000
2026-05-30 17:33:45.538,2,1.86,,1024000000
2026-05-30 17:33:43.628,3,2.12,,1024000000
2026-05-30 17:33:42.895,2,1.92,,1024000000
2026-05-30 17:33:42.562,3,2.05,,1024000000
2026-05-30 17:33:40.828,7,6.78,,1024000000
2026-05-30 17:33:40.194,3,2.05,,1024000000
2026-05-30 17:33:38.971,6,5.92,,1024000000
2026-05-30 17:33:38.421,3,2.04,,1024000000
2026-05-30 17:33:38.381,3,2.16,,1024000000
2026-05-30 17:33:37.052,2,1.73,,1024000000
2026-05-30 17:33:36.962,2,1.78,,1024000000
2026-05-30 17:33:36.806,2,1.92,,1024000000
2026-05-30 17:33:36.126,3,2.07,,1024000000
2026-05-30 17:33:35.516,2,1.58,,1024000000
2026-05-30 17:33:34.252,3,2.2,,1024000000
2026-05-30 17:33:34.102,3,2.97,,1024000000
2026-05-30 17:33:33.799,2,1.81,,1024000000
2026-05-30 17:33:33.319,3,2.33,,1024000000
2026-05-30 17:33:33.208,2,1.88,,1024000000
2026-05-30 17:33:32.845,2,1.73,,1024000000
2026-05-30 17:33:32.578,3,2.07,,1024000000
2026-05-30 17:33:32.561,8,7.42,,1024000000
2026-05-30 17:33:31.778,2,1.75,,1024000000
2026-05-30 17:33:31.131,2,1.73,,1024000000
2026-05-30 17:33:31.081,3,2.49,,1024000000
2026-05-30 17:33:30.467,2,1.78,,1024000000
2026-05-30 17:33:30.436,2,1.96,,1024000000
2026-05-30 17:33:29.650,3,2.27,,1024000000
2026-05-30 17:33:29.534,4,3.4,,1024000000
2026-05-30 17:33:29.460,2,2,,1024000000
2026-05-30 17:33:28.929,5,4.14,,1024000000
2026-05-30 17:33:28.551,3,2.19,,1024000000
2026-05-30 17:33:28.075,3,2.32,,1024000000
2026-05-30 17:33:28.070,2,1.76,,1024000000
2026-05-30 17:33:27.570,3,2.3,,1024000000
2026-05-30 17:33:27.541,2,1.99,,1024000000
2026-05-30 17:33:26.835,3,2.44,,1024000000
2026-05-30 17:33:26.606,2,1.84,,1024000000
2026-05-30 17:33:25.752,3,2.1,,1024000000
2026-05-30 17:33:25.580,4,3.33,,1024000000
2026-05-30 17:33:25.486,3,2.18,,1024000000
2026-05-30 17:33:24.613,3,2.41,,1024000000
2026-05-30 17:33:24.497,3,2.71,,1024000000
2026-05-30 17:33:24.059,3,2.17,,1024000000
2026-05-30 17:33:23.887,2,1.97,,1024000000
2026-05-30 17:33:23.257,3,2.03,,1024000000
2026-05-30 17:33:22.393,3,2.05,,1024000000
2026-05-30 17:33:22.358,13,12.44,,1024000000
2026-05-30 17:33:22.351,18,17.88,,1024000000
2026-05-30 17:33:21.378,11,10.58,,1024000000
2026-05-30 17:33:20.189,24,23.2,,1024000000
2026-05-30 17:33:20.081,2,1.73,,1024000000
2026-05-30 17:33:20.017,3,2.24,,1024000000
2026-05-30 17:33:19.828,3,2.29,,1024000000
2026-05-30 17:33:18.595,2,1.83,,1024000000
2026-05-30 17:33:18.409,10,9.7,,1024000000
2026-05-30 17:33:18.305,3,2.01,,1024000000
2026-05-30 17:33:18.197,2,1.83,,1024000000
2026-05-30 17:33:17.851,15,14.11,,1024000000
2026-05-30 17:33:16.648,9,8.01,,1024000000
2026-05-30 17:33:16.329,2,1.93,,1024000000
2026-05-30 17:33:16.269,10,9.6,,1024000000
2026-05-30 17:33:14.503,3,2.07,,1024000000
2026-05-30 17:33:14.400,3,2.09,,1024000000
2026-05-30 17:33:14.157,3,2.1,,1024000000
2026-05-30 17:33:13.185,3,2.04,,1024000000
2026-05-30 17:33:13.079,3,2.1,,1024000000
2026-05-30 17:33:12.386,5,4.52,,1024000000
2026-05-30 17:33:12.076,4,3.13,,1024000000
2026-05-30 17:33:12.010,3,2.03,,1024000000
2026-05-30 17:33:11.556,3,2.06,,1024000000
2026-05-30 17:33:11.042,3,2.14,,1024000000
2026-05-30 17:33:10.785,2,1.67,,1024000000
2026-05-30 17:33:10.767,2,1.78,,1024000000
2026-05-30 17:33:09.487,9,8.93,,1024000000
2026-05-30 17:33:07.445,4,3.25,,1024000000
2026-05-30 17:33:06.723,2,1.97,,1024000000
2026-05-30 17:33:05.515,2,1.95,,1024000000
2026-05-30 17:33:04.374,9,8.91,,1024000000
2026-05-30 17:33:04.043,3,2.14,,1024000000
2026-05-30 17:33:02.540,2,1.83,,1024000000
2026-05-30 17:33:02.519,2,1.76,,1024000000
2026-05-30 17:33:01.808,3,2.12,,1024000000
2026-05-30 17:33:00.582,8,7.86,,1024000000
2026-05-30 17:33:00.380,3,2.25,,1024000000
2026-05-30 17:33:00.261,3,2.12,,1024000000
2026-05-30 17:32:59.815,3,2.57,,1024000000
2026-05-30 17:32:58.888,3,2.05,,1024000000
2026-05-30 17:32:58.658,2,1.92,,1024000000
2026-05-30 17:32:58.178,3,2.35,,1024000000
2026-05-30 17:32:57.549,3,2.25,,1024000000
2026-05-30 17:32:57.375,2,1.75,,1024000000
2026-05-30 17:32:57.322,5,4.88,,1024000000
2026-05-30 17:32:56.770,2,1.7,,1024000000
2026-05-30 17:32:56.058,3,2.13,,1024000000
2026-05-30 17:32:55.910,3,2.44,,1024000000
2026-05-30 17:32:55.705,2,1.71,,1024000000
2026-05-30 17:32:55.249,3,2.11,,1024000000
2026-05-30 17:32:55.190,3,2.62,,1024000000
2026-05-30 17:32:54.388,6,5.44,,1024000000
2026-05-30 17:32:54.064,3,2.13,,1024000000
2026-05-30 17:32:53.991,17,16.74,,1024000000
2026-05-30 17:32:53.767,6,5.86,,1024000000
2026-05-30 17:32:52.481,2,1.79,,1024000000
2026-05-30 17:32:52.298,2,1.99,,1024000000
2026-05-30 17:32:52.210,2,1.92,,1024000000
2026-05-30 17:32:52.099,2,1.85,,1024000000
2026-05-30 17:32:51.749,10,9.13,,1024000000
2026-05-30 17:32:50.806,3,2.08,,1024000000
2026-05-30 17:32:50.535,3,2.12,,1024000000
2026-05-30 17:32:50.266,2,1.91,,1024000000
2026-05-30 17:32:50.226,2,1.86,,1024000000
2026-05-30 17:32:50.152,3,2.03,,1024000000
2026-05-30 17:32:48.852,3,2.27,,1024000000
2026-05-30 17:32:48.488,2,1.79,,1024000000
2026-05-30 17:32:48.407,3,2.06,,1024000000
2026-05-30 17:32:48.373,3,2.07,,1024000000
2026-05-30 17:32:47.922,3,2.04,,1024000000
2026-05-30 17:32:46.899,3,2.21,,1024000000
2026-05-30 17:32:46.737,2,1.72,,1024000000
2026-05-30 17:32:46.373,21,20,,1024000000
2026-05-30 17:32:46.355,3,2.74,,1024000000
2026-05-30 17:32:45.904,2,1.75,,1024000000
2026-05-30 17:32:44.843,3,2.1,,1024000000
2026-05-30 17:32:44.805,2,1.84,,1024000000
2026-05-30 17:32:44.689,2,1.92,,1024000000
2026-05-30 17:32:44.048,4,3.52,,1024000000
2026-05-30 17:32:43.669,3,2.31,,1024000000
2026-05-30 17:32:43.068,7,6.56,,1024000000
2026-05-30 17:32:42.900,3,2.26,,1024000000
2026-05-30 17:32:42.460,2,1.69,,1024000000
2026-05-30 17:32:41.972,3,2.36,,1024000000
2026-05-30 17:32:41.737,3,2.67,,1024000000
2026-05-30 17:32:40.916,2,1.75,,1024000000
2026-05-30 17:32:40.794,2,1.72,,1024000000
2026-05-30 17:32:40.700,3,2.11,,1024000000
2026-05-30 17:32:40.238,3,2.31,,1024000000
2026-05-30 17:32:40.215,2,1.85,,1024000000
2026-05-30 17:32:38.923,3,2.12,,1024000000
2026-05-30 17:32:38.796,2,1.85,,1024000000
2026-05-30 17:32:38.682,2,1.76,,1024000000
2026-05-30 17:32:38.538,3,2.08,,1024000000
2026-05-30 17:32:38.067,6,5.74,,1024000000
2026-05-30 17:32:37.515,3,2.06,,1024000000
2026-05-30 17:32:37.443,3,2.04,,1024000000
2026-05-30 17:32:36.872,3,2.35,,1024000000
2026-05-30 17:32:36.609,3,2.55,,1024000000
2026-05-30 17:32:36.582,2,1.96,,1024000000
2026-05-30 17:32:35.649,2,1.85,,1024000000
2026-05-30 17:32:35.467,3,2.3,,1024000000
2026-05-30 17:32:35.139,3,2.52,,1024000000
2026-05-30 17:32:34.870,3,2.25,,1024000000
2026-05-30 17:32:34.606,3,2.18,,1024000000
2026-05-30 17:32:34.360,6,5.33,,1024000000
2026-05-30 17:32:34.303,2,1.96,,1024000000
2026-05-30 17:32:32.930,2,1.9,,1024000000
2026-05-30 17:32:32.868,4,3.82,,1024000000
2026-05-30 17:32:32.867,3,2.23,,1024000000
2026-05-30 17:32:32.752,2,1.98,,1024000000
2026-05-30 17:32:32.250,3,2.12,,1024000000
2026-05-30 17:32:31.216,3,2.02,,1024000000
2026-05-30 17:32:31.044,17,16.87,,1024000000
2026-05-30 17:32:31.033,2,1.74,,1024000000
2026-05-30 17:32:31.017,3,2.04,,1024000000
2026-05-30 17:32:30.638,5,4.51,,1024000000
2026-05-30 17:32:29.659,2,1.84,,1024000000
2026-05-30 17:32:29.578,3,2.09,,1024000000
2026-05-30 17:32:29.558,3,2.03,,1024000000
2026-05-30 17:32:29.436,7,6.4,,1024000000
2026-05-30 17:32:28.744,2,1.85,,1024000000
2026-05-30 17:32:27.758,2,1.98,,1024000000
2026-05-30 17:32:27.388,2,1.8,,1024000000
2026-05-30 17:32:27.387,3,2.32,,1024000000
2026-05-30 17:32:27.368,3,2.13,,1024000000
2026-05-30 17:32:27.364,4,3.96,,1024000000
2026-05-30 17:32:26.206,3,2.41,,1024000000
2026-05-30 17:32:25.943,2,1.86,,1024000000
2026-05-30 17:32:25.781,2,1.8,,1024000000
2026-05-30 17:32:25.773,2,1.75,,1024000000
2026-05-30 17:32:25.556,2,1.78,,1024000000
2026-05-30 17:32:24.319,2,1.89,,1024000000
2026-05-30 17:32:24.215,3,2.05,,1024000000
2026-05-30 17:32:24.174,3,2.06,,1024000000
2026-05-30 17:32:24.082,2,1.87,,1024000000
2026-05-30 17:32:23.989,11,10.32,,1024000000
2026-05-30 17:32:22.792,3,2.1,,1024000000
2026-05-30 17:32:22.611,3,2.1,,1024000000
2026-05-30 17:32:22.435,2,1.92,,1024000000
2026-05-30 17:32:22.252,3,2.21,,1024000000
2026-05-30 17:32:22.117,4,3.85,,1024000000
2026-05-30 17:32:20.750,3,2.08,,1024000000
2026-05-30 17:32:20.714,5,4.44,,1024000000
2026-05-30 17:32:20.706,3,2.63,,1024000000
2026-05-30 17:32:20.524,3,2.05,,1024000000
2026-05-30 17:32:20.442,9,8.23,,1024000000
2026-05-30 17:32:18.965,4,3.42,,1024000000
2026-05-30 17:32:18.831,2,1.73,,1024000000
2026-05-30 17:32:18.678,3,2.12,,1024000000
2026-05-30 17:32:18.614,10,9.69,,1024000000
2026-05-30 17:32:18.589,3,2.35,,1024000000
2026-05-30 17:32:17.303,2,1.87,,1024000000
2026-05-30 17:32:17.167,3,2.21,,1024000000
2026-05-30 17:32:17.039,2,1.71,,1024000000
2026-05-30 17:32:16.856,3,2.24,,1024000000
2026-05-30 17:32:16.674,18,17.48,,1024000000
2026-05-30 17:32:15.269,8,7.09,,1024000000
2026-05-30 17:32:15.256,4,3.71,,1024000000
2026-05-30 17:32:15.177,2,1.96,,1024000000
2026-05-30 17:32:15.131,7,6.47,,1024000000
2026-05-30 17:32:15.013,5,4.1,,1024000000
2026-05-30 17:32:13.614,2,1.86,,1024000000
2026-05-30 17:32:13.556,2,1.69,,1024000000
2026-05-30 17:32:13.408,3,2.33,,1024000000
2026-05-30 17:32:13.297,3,2.18,,1024000000
2026-05-30 17:32:13.156,3,2.2,,1024000000
2026-05-30 17:32:11.836,3,2.29,,1024000000
2026-05-30 17:32:11.770,12,11,,1024000000
2026-05-30 17:32:11.710,6,5.61,,1024000000
2026-05-30 17:32:11.606,3,2.27,,1024000000
2026-05-30 17:32:11.421,2,1.59,,1024000000
2026-05-30 17:32:09.920,3,2.3,,1024000000
2026-05-30 17:32:09.853,4,3.91,,1024000000
2026-05-30 17:32:09.757,3,2.52,,1024000000
2026-05-30 17:32:09.410,10,9.39,,1024000000
2026-05-30 17:32:09.290,2,1.87,,1024000000
2026-05-30 17:32:08.371,2,1.85,,1024000000
2026-05-30 17:32:08.111,10,9.23,,1024000000
2026-05-30 17:32:07.870,23,22.91,,1024000000
2026-05-30 17:32:07.770,19,18.21,,1024000000
2026-05-30 17:32:07.481,4,3.49,,1024000000
2026-05-30 17:32:06.448,2,1.74,,1024000000
2026-05-30 17:32:06.255,3,2.18,,1024000000
2026-05-30 17:32:06.003,3,2.13,,1024000000
2026-05-30 17:32:05.788,2,2,,1024000000
2026-05-30 17:32:05.666,3,2.28,,1024000000
2026-05-30 17:32:04.609,2,1.88,,1024000000
2026-05-30 17:32:04.526,2,1.86,,1024000000
2026-05-30 17:32:04.225,3,2.02,,1024000000
2026-05-30 17:32:04.161,2,1.93,,1024000000
2026-05-30 17:32:04.079,3,2.28,,1024000000
2026-05-30 17:32:02.729,2,1.69,,1024000000
2026-05-30 17:32:02.705,2,1.67,,1024000000
2026-05-30 17:32:02.698,4,3.56,,1024000000
2026-05-30 17:32:02.609,2,1.7,,1024000000
2026-05-30 17:32:02.030,2,1.73,,1024000000
2026-05-30 17:32:00.975,3,2.06,,1024000000
2026-05-30 17:32:00.764,2,1.82,,1024000000
2026-05-30 17:32:00.745,3,2.1,,1024000000
2026-05-30 17:32:00.597,15,14.21,,1024000000
2026-05-30 17:31:59.673,3,2.42,,1024000000
2026-05-30 17:31:59.439,3,2.05,,1024000000
2026-05-30 17:31:59.286,3,2.02,,1024000000
2026-05-30 17:31:58.928,3,2.08,,1024000000
2026-05-30 17:31:58.417,2,1.96,,1024000000
2026-05-30 17:31:58.245,3,2.05,,1024000000
2026-05-30 17:31:58.081,4,3.18,,1024000000
2026-05-30 17:31:57.895,2,1.96,,1024000000
2026-05-30 17:31:57.039,2,1.92,,1024000000
2026-05-30 17:31:56.980,3,2.15,,1024000000
2026-05-30 17:31:56.261,2,1.76,,1024000000
2026-05-30 17:31:56.193,2,1.98,,1024000000
2026-05-30 17:31:55.997,2,1.75,,1024000000
2026-05-30 17:31:55.043,3,2.14,,1024000000
2026-05-30 17:31:54.894,3,2.37,,1024000000
2026-05-30 17:31:54.610,3,2.17,,1024000000
2026-05-30 17:31:54.596,3,2.1,,1024000000
2026-05-30 17:31:54.280,2,1.93,,1024000000
2026-05-30 17:31:53.442,2,1.93,,1024000000
2026-05-30 17:31:53.395,3,2.1,,1024000000
2026-05-30 17:31:53.383,6,5.23,,1024000000
2026-05-30 17:31:52.738,3,2.05,,1024000000
2026-05-30 17:31:52.258,2,1.9,,1024000000
2026-05-30 17:31:51.212,2,1.81,,1024000000
2026-05-30 17:31:51.164,2,2,,1024000000
2026-05-30 17:31:51.073,3,2.26,,1024000000
2026-05-30 17:31:50.797,3,2.13,,1024000000
2026-05-30 17:31:50.323,2,1.79,,1024000000
2026-05-30 17:31:49.428,2,1.87,,1024000000
2026-05-30 17:31:49.325,3,2.31,,1024000000
2026-05-30 17:31:49.128,3,2.09,,1024000000
2026-05-30 17:31:48.844,2,1.88,,1024000000
2026-05-30 17:31:48.421,2,1.74,,1024000000
2026-05-30 17:31:47.661,2,1.92,,1024000000
2026-05-30 17:31:47.473,3,2.29,,1024000000
2026-05-30 17:31:47.149,2,1.9,,1024000000
2026-05-30 17:31:47.091,3,2.18,,1024000000
2026-05-30 17:31:46.270,2,1.8,,1024000000
2026-05-30 17:31:46.166,12,11.75,,1024000000
2026-05-30 17:31:45.659,2,1.79,,1024000000
2026-05-30 17:31:45.433,19,18.2,,1024000000
2026-05-30 17:31:45.077,3,2.24,,1024000000
2026-05-30 17:31:44.292,2,1.96,,1024000000
2026-05-30 17:31:44.143,2,1.99,,1024000000
2026-05-30 17:31:43.901,2,1.73,,1024000000
2026-05-30 17:31:43.705,6,5.25,,1024000000
2026-05-30 17:31:43.704,3,2.19,,1024000000
2026-05-30 17:31:42.965,2,1.83,,1024000000
2026-05-30 17:31:42.690,3,2.01,,1024000000
2026-05-30 17:31:42.331,2,1.99,,1024000000
2026-05-30 17:31:41.868,3,2.03,,1024000000
2026-05-30 17:31:41.451,2,1.93,,1024000000
2026-05-30 17:31:41.117,2,1.96,,1024000000
2026-05-30 17:31:40.901,4,3.58,,1024000000
2026-05-30 17:31:40.673,5,4.7,,1024000000
2026-05-30 17:31:40.246,2,1.88,,1024000000
2026-05-30 17:31:40.007,2,1.83,,1024000000
2026-05-30 17:31:39.006,2,1.96,,1024000000
2026-05-30 17:31:38.831,3,2.14,,1024000000
2026-05-30 17:31:38.469,3,2.12,,1024000000
2026-05-30 17:31:38.416,3,2.4,,1024000000
2026-05-30 17:31:37.793,3,2.12,,1024000000
2026-05-30 17:31:37.218,3,2.16,,1024000000
2026-05-30 17:31:37.004,3,2.26,,1024000000
2026-05-30 17:31:36.835,2,1.86,,1024000000
2026-05-30 17:31:36.403,3,2.17,,1024000000
2026-05-30 17:31:36.400,7,6.02,,1024000000
2026-05-30 17:31:35.511,13,12.73,,1024000000
2026-05-30 17:31:35.431,2,1.93,,1024000000
2026-05-30 17:31:35.003,3,2.02,,1024000000
2026-05-30 17:31:34.981,3,2.28,,1024000000
2026-05-30 17:31:34.521,3,2.22,,1024000000
2026-05-30 17:31:34.265,3,2.16,,1024000000
2026-05-30 17:31:33.792,3,2.18,,1024000000
2026-05-30 17:31:32.833,4,3.28,,1024000000
2026-05-30 17:31:32.745,2,2,,1024000000
2026-05-30 17:31:32.715,3,2.06,,1024000000
2026-05-30 17:31:32.089,2,1.87,,1024000000
2026-05-30 17:31:32.041,3,2.14,,1024000000
2026-05-30 17:31:31.265,2,1.87,,1024000000
2026-05-30 17:31:31.232,2,1.77,,1024000000
2026-05-30 17:31:31.146,2,1.93,,1024000000
2026-05-30 17:31:30.096,2,1.93,,1024000000
2026-05-30 17:31:29.851,3,2.26,,1024000000
2026-05-30 17:31:29.566,2,1.97,,1024000000
2026-05-30 17:31:29.433,4,3.66,,1024000000
2026-05-30 17:31:29.283,7,6.48,,1024000000
2026-05-30 17:31:28.531,2,1.89,,1024000000
2026-05-30 17:31:28.401,2,1.86,,1024000000
2026-05-30 17:31:28.089,3,2.54,,1024000000
2026-05-30 17:31:27.602,2,1.93,,1024000000
2026-05-30 17:31:27.456,3,2.55,,1024000000
2026-05-30 17:31:26.557,2,1.7,,1024000000
2026-05-30 17:31:26.114,2,1.68,,1024000000
2026-05-30 17:31:25.826,2,1.87,,1024000000
2026-05-30 17:31:25.371,2,1.75,,1024000000
2026-05-30 17:31:25.325,3,2.22,,1024000000
2026-05-30 17:31:24.538,17,16.17,,1024000000
2026-05-30 17:31:24.479,3,2,,1024000000
2026-05-30 17:31:23.969,3,2.78,,1024000000
2026-05-30 17:31:23.892,2,1.76,,1024000000
2026-05-30 17:31:23.464,2,1.91,,1024000000
2026-05-30 17:31:23.114,3,2.32,,1024000000
2026-05-30 17:31:22.774,3,2.18,,1024000000
2026-05-30 17:31:22.479,2,1.9,,1024000000
2026-05-30 17:31:21.784,3,2.03,,1024000000
2026-05-30 17:31:21.299,2,1.89,,1024000000
2026-05-30 17:31:21.299,3,2.36,,1024000000
2026-05-30 17:31:20.989,3,2.09,,1024000000
2026-05-30 17:31:20.427,3,2.12,,1024000000
2026-05-30 17:31:19.880,4,3.55,,1024000000
2026-05-30 17:31:19.687,2,1.74,,1024000000
2026-05-30 17:31:19.451,4,3.74,,1024000000
2026-05-30 17:31:19.187,2,1.82,,1024000000
2026-05-30 17:31:18.617,3,2.19,,1024000000
2026-05-30 17:31:18.140,2,1.96,,1024000000
2026-05-30 17:31:18.099,3,2.04,,1024000000
2026-05-30 17:31:18.055,7,6.94,,1024000000
2026-05-30 17:31:17.822,3,2.2,,1024000000
2026-05-30 17:31:16.760,3,2.02,,1024000000
2026-05-30 17:31:16.760,2,1.8,,1024000000
2026-05-30 17:31:16.323,3,2.03,,1024000000
2026-05-30 17:31:15.990,3,2,,1024000000
2026-05-30 17:31:15.490,3,2.09,,1024000000
2026-05-30 17:31:15.161,2,1.8,,1024000000
2026-05-30 17:31:15.001,13,12.73,,1024000000
2026-05-30 17:31:14.184,3,2.24,,1024000000
2026-05-30 17:31:14.067,2,1.81,,1024000000
2026-05-30 17:31:13.614,3,2.54,,1024000000
2026-05-30 17:31:13.269,3,2.17,,1024000000
2026-05-30 17:31:13.193,28,27.85,,1024000000
2026-05-30 17:31:12.657,2,1.85,,1024000000
2026-05-30 17:31:11.972,6,5.65,,1024000000
2026-05-30 17:31:11.945,3,2.16,,1024000000
2026-05-30 17:31:11.524,2,1.98,,1024000000
2026-05-30 17:31:11.063,2,1.92,,1024000000
2026-05-30 17:31:10.956,2,1.91,,1024000000
2026-05-30 17:31:10.123,3,2.34,,1024000000
2026-05-30 17:31:09.890,2,1.78,,1024000000
2026-05-30 17:31:09.750,2,1.88,,1024000000
2026-05-30 17:31:09.593,12,11.71,,1024000000
2026-05-30 17:31:09.269,3,2.4,,1024000000
2026-05-30 17:31:08.173,3,2.18,,1024000000
2026-05-30 17:31:08.152,3,2.03,,1024000000
2026-05-30 17:31:08.135,4,3.9,,1024000000
2026-05-30 17:31:07.888,2,1.99,,1024000000
2026-05-30 17:31:07.478,3,2.15,,1024000000
2026-05-30 17:31:06.819,3,2.06,,1024000000
2026-05-30 17:31:06.331,3,2.1,,1024000000
2026-05-30 17:31:06.238,2,1.86,,1024000000
2026-05-30 17:31:05.746,2,1.77,,1024000000
2026-05-30 17:31:05.243,3,2.1,,1024000000
2026-05-30 17:31:05.204,2,1.91,,1024000000
2026-05-30 17:31:04.334,2,1.94,,1024000000
2026-05-30 17:31:04.314,3,2.25,,1024000000
2026-05-30 17:31:03.952,2,1.74,,1024000000
2026-05-30 17:31:03.501,2,1.88,,1024000000
2026-05-30 17:31:03.094,3,2,,1024000000
2026-05-30 17:31:02.305,2,1.77,,1024000000
2026-05-30 17:31:02.195,3,2.19,,1024000000
2026-05-30 17:31:02.016,3,2.11,,1024000000
2026-05-30 17:31:01.265,6,5.9,,1024000000
2026-05-30 17:31:01.208,3,2.95,,1024000000
2026-05-30 17:31:00.644,10,9.29,,1024000000
2026-05-30 17:31:00.377,3,2.18,,1024000000
2026-05-30 17:31:00.080,3,2.4,,1024000000
2026-05-30 17:30:59.585,2,1.85,,1024000000
2026-05-30 17:30:59.442,3,2.23,,1024000000
2026-05-30 17:30:59.160,7,6.27,,1024000000
2026-05-30 17:30:58.532,3,2.24,,1024000000
2026-05-30 17:30:58.385,3,2.21,,1024000000
2026-05-30 17:30:58.174,2,1.66,,1024000000
2026-05-30 17:30:57.577,2,1.82,,1024000000
2026-05-30 17:30:57.567,9,8.03,,1024000000
2026-05-30 17:30:56.504,3,2.99,,1024000000
2026-05-30 17:30:56.232,3,2.04,,1024000000
2026-05-30 17:30:56.193,9,8.88,,1024000000
2026-05-30 17:30:55.499,2,1.66,,1024000000
2026-05-30 17:30:55.217,2,1.73,,1024000000
2026-05-30 17:30:54.454,2,1.66,,1024000000
2026-05-30 17:30:54.417,3,2.4,,1024000000
2026-05-30 17:30:53.840,2,2,,1024000000
2026-05-30 17:30:53.368,3,2.19,,1024000000
2026-05-30 17:30:53.178,3,2.31,,1024000000
2026-05-30 17:30:52.311,2,1.64,,1024000000
2026-05-30 17:30:52.305,3,2.09,,1024000000
2026-05-30 17:30:51.799,10,9.13,,1024000000
2026-05-30 17:30:51.164,11,10.56,,1024000000
2026-05-30 17:30:51.085,2,1.92,,1024000000
2026-05-30 17:30:50.392,4,3.08,,1024000000
2026-05-30 17:30:50.307,3,2.37,,1024000000
2026-05-30 17:30:50.282,3,2.57,,1024000000
2026-05-30 17:30:49.913,3,2.04,,1024000000
2026-05-30 17:30:49.104,2,1.98,,1024000000
2026-05-30 17:30:49.020,11,10.07,,1024000000
2026-05-30 17:30:48.884,2,1.91,,1024000000
2026-05-30 17:30:48.800,3,2.14,,1024000000
2026-05-30 17:30:48.013,2,1.91,,1024000000
2026-05-30 17:30:47.637,3,2.11,,1024000000
2026-05-30 17:30:47.255,4,3.34,,1024000000
2026-05-30 17:30:47.068,2,1.7,,1024000000
2026-05-30 17:30:46.851,3,2.2,,1024000000
2026-05-30 17:30:46.660,3,2.41,,1024000000
2026-05-30 17:30:46.210,2,1.7,,1024000000
2026-05-30 17:30:45.458,3,2.15,,1024000000
2026-05-30 17:30:45.311,3,2.25,,1024000000
2026-05-30 17:30:45.261,2,1.81,,1024000000
2026-05-30 17:30:44.630,9,8.15,,1024000000
2026-05-30 17:30:44.166,2,1.96,,1024000000
2026-05-30 17:30:43.804,2,1.6,,1024000000
2026-05-30 17:30:43.774,3,2.58,,1024000000
2026-05-30 17:30:43.007,3,2.21,,1024000000
2026-05-30 17:30:42.972,3,2.25,,1024000000
2026-05-30 17:30:42.709,3,2.3,,1024000000
2026-05-30 17:30:42.147,7,6.31,,1024000000
2026-05-30 17:30:41.634,2,1.7,,1024000000
2026-05-30 17:30:41.625,3,2.17,,1024000000
2026-05-30 17:30:41.307,2,2,,1024000000
2026-05-30 17:30:41.084,2,1.7,,1024000000
2026-05-30 17:30:40.425,3,2.13,,1024000000
2026-05-30 17:30:40.009,3,2.06,,1024000000
2026-05-30 17:30:39.521,3,2.35,,1024000000
2026-05-30 17:30:39.352,3,2.69,,1024000000
2026-05-30 17:30:39.000,3,2.1,,1024000000
2026-05-30 17:30:38.340,3,2.02,,1024000000
2026-05-30 17:30:38.276,2,1.72,,1024000000
2026-05-30 17:30:37.930,2,1.81,,1024000000
2026-05-30 17:30:37.390,18,17.31,,1024000000
2026-05-30 17:30:37.199,2,1.89,,1024000000
2026-05-30 17:30:36.738,2,1.89,,1024000000
2026-05-30 17:30:36.602,2,1.85,,1024000000
2026-05-30 17:30:36.202,3,2.06,,1024000000
2026-05-30 17:30:35.835,4,3.77,,1024000000
2026-05-30 17:30:35.099,2,1.87,,1024000000
2026-05-30 17:30:35.095,3,2.27,,1024000000
2026-05-30 17:30:34.541,10,9.98,,1024000000
2026-05-30 17:30:34.493,2,1.81,,1024000000
2026-05-30 17:30:34.439,3,2.06,,1024000000
2026-05-30 17:30:33.563,2,1.89,,1024000000
2026-05-30 17:30:33.111,7,6.49,,1024000000
2026-05-30 17:30:32.883,3,2.13,,1024000000
2026-05-30 17:30:32.594,3,2.06,,1024000000
2026-05-30 17:30:32.578,3,2.71,,1024000000
2026-05-30 17:30:31.541,3,2.12,,1024000000
2026-05-30 17:30:31.356,13,12.27,,1024000000
2026-05-30 17:30:31.033,10,9.33,,1024000000
2026-05-30 17:30:30.921,8,7.26,,1024000000
2026-05-30 17:30:30.234,2,1.65,,1024000000
2026-05-30 17:30:29.597,3,2.4,,1024000000
2026-05-30 17:30:29.563,2,1.83,,1024000000
2026-05-30 17:30:29.376,3,2.01,,1024000000
2026-05-30 17:30:28.917,2,1.98,,1024000000
2026-05-30 17:30:28.208,2,1.97,,1024000000
2026-05-30 17:30:28.192,3,2.31,,1024000000
2026-05-30 17:30:27.997,2,1.75,,1024000000
2026-05-30 17:30:27.532,9,8.15,,1024000000
2026-05-30 17:30:26.895,2,1.76,,1024000000
2026-05-30 17:30:26.169,3,2.28,,1024000000
2026-05-30 17:30:26.128,12,11.15,,1024000000
2026-05-30 17:30:25.920,3,2.01,,1024000000
2026-05-30 17:30:25.819,2,1.97,,1024000000
2026-05-30 17:30:25.240,7,6.8,,1024000000
2026-05-30 17:30:24.657,3,2.21,,1024000000
2026-05-30 17:30:24.329,3,2.17,,1024000000
2026-05-30 17:30:24.097,13,12.57,,1024000000
2026-05-30 17:30:23.879,2,1.75,,1024000000
2026-05-30 17:30:23.330,2,1.94,,1024000000
2026-05-30 17:30:22.748,2,1.86,,1024000000
2026-05-30 17:30:22.739,3,2.28,,1024000000
2026-05-30 17:30:22.586,3,2.01,,1024000000
2026-05-30 17:30:22.090,3,2.26,,1024000000
2026-05-30 17:30:21.902,3,2.36,,1024000000
2026-05-30 17:30:20.659,3,2.56,,1024000000
2026-05-30 17:30:20.627,2,1.64,,1024000000
2026-05-30 17:30:20.449,4,3.63,,1024000000
2026-05-30 17:30:20.442,3,2.3,,1024000000
2026-05-30 17:30:19.568,3,2.29,,1024000000
2026-05-30 17:30:19.431,2,1.75,,1024000000
2026-05-30 17:30:19.263,2,1.99,,1024000000
2026-05-30 17:30:18.494,3,2.47,,1024000000
2026-05-30 17:30:18.208,2,1.95,,1024000000
2026-05-30 17:30:17.946,2,1.95,,1024000000
2026-05-30 17:30:17.307,3,2.17,,1024000000
2026-05-30 17:30:17.077,2,1.91,,1024000000
2026-05-30 17:30:16.742,2,1.98,,1024000000
2026-05-30 17:30:16.734,3,2.12,,1024000000
2026-05-30 17:30:16.514,3,2.25,,1024000000
2026-05-30 17:30:15.596,2,1.86,,1024000000
2026-05-30 17:30:15.570,2,1.66,,1024000000
2026-05-30 17:30:15.513,2,1.86,,1024000000
2026-05-30 17:30:15.345,3,2.08,,1024000000
2026-05-30 17:30:14.886,2,1.99,,1024000000
2026-05-30 17:30:13.696,3,2.38,,1024000000
2026-05-30 17:30:13.520,3,2.06,,1024000000
2026-05-30 17:30:13.424,3,2.24,,1024000000
2026-05-30 17:30:13.401,3,2.87,,1024000000
2026-05-30 17:30:12.597,3,2.02,,1024000000
2026-05-30 17:30:11.893,3,2.34,,1024000000
2026-05-30 17:30:11.757,3,2.08,,1024000000
2026-05-30 17:30:11.388,5,4.08,,1024000000
2026-05-30 17:30:10.968,5,4.09,,1024000000
2026-05-30 17:30:10.642,3,2.44,,1024000000
2026-05-30 17:30:10.528,2,1.84,,1024000000
2026-05-30 17:30:10.410,3,2.14,,1024000000
2026-05-30 17:30:09.723,2,1.88,,1024000000
2026-05-30 17:30:09.381,3,2.47,,1024000000
2026-05-30 17:30:09.015,6,5.14,,1024000000
2026-05-30 17:30:08.603,2,1.75,,1024000000
2026-05-30 17:30:08.251,3,2.08,,1024000000
2026-05-30 17:30:07.961,11,10.28,,1024000000
2026-05-30 17:30:07.427,2,2,,1024000000
2026-05-30 17:30:07.248,2,1.94,,1024000000
2026-05-30 17:30:07.055,2,1.89,,1024000000
2026-05-30 17:30:06.038,2,1.78,,1024000000
2026-05-30 17:30:05.966,2,1.94,,1024000000
2026-05-30 17:30:05.805,8,7.23,,1024000000
2026-05-30 17:30:05.607,2,1.92,,1024000000
2026-05-30 17:30:04.850,3,2.2,,1024000000
2026-05-30 17:30:04.131,20,19.96,,1024000000
2026-05-30 17:30:03.810,8,7.18,,1024000000
2026-05-30 17:30:03.684,3,2.18,,1024000000
2026-05-30 17:30:03.570,3,2.04,,1024000000
2026-05-30 17:30:03.389,2,1.77,,1024000000
2026-05-30 17:30:02.627,3,2.05,,1024000000
2026-05-30 17:30:02.179,3,2.03,,1024000000
2026-05-30 17:30:02.007,2,1.85,,1024000000
2026-05-30 17:30:01.887,4,3.38,,1024000000
2026-05-30 17:30:01.271,2,1.8,,1024000000
2026-05-30 17:30:01.013,2,1.96,,1024000000
2026-05-30 17:30:00.383,2,1.88,,1024000000
2026-05-30 17:30:00.178,2,1.65,,1024000000
2026-05-30 17:29:59.757,3,2.02,,1024000000
2026-05-30 17:29:59.523,2,2,,1024000000
2026-05-30 17:29:58.780,2,1.91,,1024000000
2026-05-30 17:29:58.668,3,2.08,,1024000000
2026-05-30 17:29:58.504,3,2.01,,1024000000
2026-05-30 17:29:57.516,3,2.24,,1024000000
2026-05-30 17:29:57.422,4,3.12,,1024000000
2026-05-30 17:29:57.328,2,1.73,,1024000000
2026-05-30 17:29:57.076,3,2.11,,1024000000
2026-05-30 17:29:56.742,2,1.78,,1024000000
2026-05-30 17:29:55.991,3,2.1,,1024000000
2026-05-30 17:29:55.855,6,5.19,,1024000000
2026-05-30 17:29:55.231,3,2.06,,1024000000
2026-05-30 17:29:55.101,2,1.65,,1024000000
2026-05-30 17:29:54.933,3,2.17,,1024000000
2026-05-30 17:29:53.611,3,2.06,,1024000000
2026-05-30 17:29:53.573,3,2.03,,1024000000
2026-05-30 17:29:53.568,2,1.69,,1024000000
2026-05-30 17:29:53.220,2,1.91,,1024000000
2026-05-30 17:29:53.049,2,1.94,,1024000000
2026-05-30 17:29:51.978,2,1.84,,1024000000
2026-05-30 17:29:51.786,3,2.06,,1024000000
2026-05-30 17:29:51.509,2,1.9,,1024000000
2026-05-30 17:29:51.299,3,2.28,,1024000000
2026-05-30 17:29:51.273,2,1.96,,1024000000
2026-05-30 17:29:50.307,3,2.1,,1024000000
2026-05-30 17:29:50.062,3,2.12,,1024000000
2026-05-30 17:29:49.598,3,2.02,,1024000000
2026-05-30 17:29:49.588,2,1.9,,1024000000
2026-05-30 17:29:49.338,3,2.24,,1024000000
2026-05-30 17:29:48.612,2,1.81,,1024000000
2026-05-30 17:29:48.487,2,1.97,,1024000000
2026-05-30 17:29:48.033,4,3.38,,1024000000
2026-05-30 17:29:47.712,3,2.09,,1024000000
2026-05-30 17:29:47.360,3,2.06,,1024000000
2026-05-30 17:29:46.671,2,1.98,,1024000000
2026-05-30 17:29:46.624,3,2.19,,1024000000
2026-05-30 17:29:46.352,2,1.96,,1024000000
2026-05-30 17:29:46.209,2,1.9,,1024000000
2026-05-30 17:29:45.887,3,2.16,,1024000000
2026-05-30 17:29:44.759,2,1.91,,1024000000
2026-05-30 17:29:44.715,2,1.85,,1024000000
2026-05-30 17:29:44.682,2,1.84,,1024000000
2026-05-30 17:29:44.650,3,2.01,,1024000000
2026-05-30 17:29:43.988,2,1.87,,1024000000
2026-05-30 17:29:43.107,2,1.74,,1024000000
2026-05-30 17:29:42.688,2,1.84,,1024000000
2026-05-30 17:29:42.558,3,2.02,,1024000000
2026-05-30 17:29:42.536,2,1.73,,1024000000
2026-05-30 17:29:42.381,2,1.74,,1024000000
2026-05-30 17:29:41.331,2,1.97,,1024000000
2026-05-30 17:29:40.771,2,1.77,,1024000000
2026-05-30 17:29:40.718,2,1.82,,1024000000
2026-05-30 17:29:40.590,3,2.03,,1024000000
2026-05-30 17:29:40.220,2,1.98,,1024000000
2026-05-30 17:29:39.353,2,1.65,,1024000000
2026-05-30 17:29:39.184,3,2.34,,1024000000
2026-05-30 17:29:39.163,3,2.12,,1024000000
2026-05-30 17:29:39.003,2,1.89,,1024000000
2026-05-30 17:29:38.345,2,1.99,,1024000000
2026-05-30 17:29:37.955,2,1.8,,1024000000
2026-05-30 17:29:37.941,3,2.04,,1024000000
2026-05-30 17:29:37.922,3,2.13,,1024000000
2026-05-30 17:29:37.878,3,2.09,,1024000000
2026-05-30 17:29:37.797,2,1.66,,1024000000
2026-05-30 17:29:37.651,2,1.92,,1024000000
2026-05-30 17:29:37.623,3,2.16,,1024000000
2026-05-30 17:29:37.305,3,2.05,,1024000000
2026-05-30 17:29:37.249,2,1.8,,1024000000
2026-05-30 17:29:37.180,3,2.31,,1024000000
2026-05-30 17:29:37.078,3,2.21,,1024000000
2026-05-30 17:29:36.993,2,1.77,,1024000000
2026-05-30 17:29:36.942,2,1.94,,1024000000
2026-05-30 17:29:36.781,2,1.82,,1024000000
2026-05-30 17:29:36.620,2,1.87,,1024000000
2026-05-30 17:29:36.546,2,1.99,,1024000000
2026-05-30 17:29:36.487,2,1.99,,1024000000
2026-05-30 17:29:36.366,4,3.52,,1024000000
2026-05-30 17:29:36.166,2,1.92,,1024000000
2026-05-30 17:29:36.156,2,1.72,,1024000000
2026-05-30 17:29:36.073,3,2.26,,1024000000
2026-05-30 17:29:35.988,2,1.67,,1024000000
2026-05-30 17:29:35.928,3,2.21,,1024000000
2026-05-30 17:29:35.704,3,2.21,,1024000000
2026-05-30 17:29:35.696,3,2.22,,1024000000
2026-05-30 17:29:35.643,2,1.65,,1024000000
2026-05-30 17:29:35.519,2,1.96,,1024000000
2026-05-30 17:29:35.457,3,2.06,,1024000000
2026-05-30 17:29:35.384,2,1.7,,1024000000
2026-05-30 17:29:35.364,2,1.86,,1024000000
2026-05-30 17:29:35.343,2,1.76,,1024000000
2026-05-30 17:29:35.170,3,2.08,,1024000000
2026-05-30 17:29:35.148,3,2.26,,1024000000
2026-05-30 17:29:34.849,3,2.28,,1024000000
2026-05-30 17:29:34.841,2,1.8,,1024000000
2026-05-30 17:29:34.840,2,1.85,,1024000000
2026-05-30 17:29:34.780,3,2.31,,1024000000
2026-05-30 17:29:34.773,2,1.97,,1024000000
2026-05-30 17:29:34.768,8,7.14,,1024000000
2026-05-30 17:29:34.657,2,1.95,,1024000000
2026-05-30 17:29:34.653,5,4.05,,1024000000
2026-05-30 17:29:34.635,3,2.17,,1024000000
2026-05-30 17:29:34.536,2,1.91,,1024000000
2026-05-30 17:29:34.450,3,2.04,,1024000000
2026-05-30 17:29:34.387,3,2.15,,1024000000
2026-05-30 17:29:34.370,3,2.38,,1024000000
2026-05-30 17:29:34.325,2,1.57,,1024000000
2026-05-30 17:29:34.254,3,2.14,,1024000000
2026-05-30 17:29:34.214,2,1.85,,1024000000
2026-05-30 17:29:34.204,3,2.12,,1024000000
2026-05-30 17:29:34.164,14,13.37,,1024000000
2026-05-30 17:29:34.157,2,1.96,,1024000000
2026-05-30 17:29:34.154,2,1.96,,1024000000
2026-05-30 17:29:34.094,2,1.99,,1024000000
2026-05-30 17:29:34.067,3,2.05,,1024000000
2026-05-30 17:29:34.038,3,2.11,,1024000000
2026-05-30 17:29:33.968,3,2.18,,1024000000
2026-05-30 17:29:33.918,3,2.03,,1024000000
2026-05-30 17:29:33.768,2,1.57,,1024000000
2026-05-30 17:29:33.739,2,1.94,,1024000000
2026-05-30 17:29:33.557,2,1.77,,1024000000
2026-05-30 17:29:33.532,18,17.68,,1024000000
2026-05-30 17:29:33.486,5,4.19,,1024000000
2026-05-30 17:29:33.436,2,1.95,,1024000000
2026-05-30 17:29:33.426,8,7.16,,1024000000
2026-05-30 17:29:33.372,2,1.74,,1024000000
2026-05-30 17:29:33.348,2,1.85,,1024000000
2026-05-30 17:29:33.257,2,1.86,,1024000000
2026-05-30 17:29:33.230,5,4.69,,1024000000
2026-05-30 17:29:33.150,2,1.9,,1024000000
2026-05-30 17:29:33.124,3,2.06,,1024000000
2026-05-30 17:29:33.039,4,3.81,,1024000000
2026-05-30 17:29:33.007,2,1.88,,1024000000
2026-05-30 17:29:32.972,2,1.94,,1024000000
2026-05-30 17:29:32.963,2,1.68,,1024000000
2026-05-30 17:29:32.953,2,1.76,,1024000000
2026-05-30 17:29:32.890,3,2.17,,1024000000
2026-05-30 17:29:32.769,2,1.91,,1024000000
2026-05-30 17:29:32.759,3,2.34,,1024000000
2026-05-30 17:29:32.613,5,4.19,,1024000000
2026-05-30 17:29:32.612,2,1.83,,1024000000
2026-05-30 17:29:32.553,15,14.59,,1024000000
2026-05-30 17:29:32.514,3,2.09,,1024000000
2026-05-30 17:29:32.421,2,1.73,,1024000000
2026-05-30 17:29:32.414,2,1.91,,1024000000
2026-05-30 17:29:32.403,2,1.82,,1024000000
2026-05-30 17:29:32.392,14,13.67,,1024000000
2026-05-30 17:29:32.386,2,1.97,,1024000000
2026-05-30 17:29:32.306,9,8.37,,1024000000
2026-05-30 17:29:32.297,2,1.92,,1024000000
2026-05-30 17:29:32.230,3,2.11,,1024000000
2026-05-30 17:29:32.034,2,1.98,,1024000000
2026-05-30 17:29:31.981,3,2.04,,1024000000
2026-05-30 17:29:31.975,3,2.38,,1024000000
2026-05-30 17:29:31.967,3,2.23,,1024000000
2026-05-30 17:29:31.963,3,2.47,,1024000000
2026-05-30 17:29:31.940,6,5.25,,1024000000
2026-05-30 17:29:31.904,8,7.13,,1024000000
2026-05-30 17:29:31.889,3,2.68,,1024000000
2026-05-30 17:29:31.842,3,2.31,,1024000000
2026-05-30 17:29:31.799,3,2.22,,1024000000
2026-05-30 17:29:31.760,8,7.51,,1024000000
2026-05-30 17:29:31.687,2,1.83,,1024000000
2026-05-30 17:29:31.632,9,8.5,,1024000000
2026-05-30 17:29:31.629,3,2.02,,1024000000
2026-05-30 17:29:31.621,3,2.14,,1024000000
2026-05-30 17:29:31.590,2,1.63,,1024000000
2026-05-30 17:29:31.564,2,1.79,,1024000000
2026-05-30 17:29:31.509,2,1.91,,1024000000
2026-05-30 17:29:31.457,2,1.68,,1024000000
2026-05-30 17:29:31.430,3,2.28,,1024000000
2026-05-30 17:29:31.394,2,1.81,,1024000000
2026-05-30 17:29:31.390,3,2.28,,1024000000
2026-05-30 17:29:31.388,2,1.75,,1024000000
2026-05-30 17:29:31.388,2,1.94,,1024000000
2026-05-30 17:29:31.347,2,1.7,,1024000000
2026-05-30 17:29:31.335,3,2.06,,1024000000
2026-05-30 17:29:31.241,2,1.97,,1024000000
2026-05-30 17:29:31.214,8,7.84,,1024000000
2026-05-30 17:29:31.108,2,1.87,,1024000000
2026-05-30 17:29:31.068,2,1.8,,1024000000
2026-05-30 17:29:31.027,3,2.02,,1024000000
2026-05-30 17:29:30.945,2,1.62,,1024000000
2026-05-30 17:29:30.817,2,1.97,,1024000000
2026-05-30 17:29:30.813,2,1.92,,1024000000
2026-05-30 17:29:30.752,2,1.95,,1024000000
2026-05-30 17:29:30.751,3,2.07,,1024000000
2026-05-30 17:29:30.749,3,2.45,,1024000000
2026-05-30 17:29:30.732,3,2.18,,1024000000
2026-05-30 17:29:30.712,2,1.76,,1024000000
2026-05-30 17:29:30.699,3,2.07,,1024000000
2026-05-30 17:29:30.659,3,2.15,,1024000000
2026-05-30 17:29:30.627,3,2.2,,1024000000
2026-05-30 17:29:30.618,11,10.75,,1024000000
2026-05-30 17:29:30.567,2,1.64,,1024000000
2026-05-30 17:29:30.468,2,1.84,,1024000000
2026-05-30 17:29:30.464,3,2.05,,1024000000
2026-05-30 17:29:30.447,2,1.88,,1024000000
2026-05-30 17:29:30.411,2,1.63,,1024000000
2026-05-30 17:29:30.409,10,9.47,,1024000000
2026-05-30 17:29:30.389,9,8.24,,1024000000
2026-05-30 17:29:30.345,3,2.2,,1024000000
2026-05-30 17:29:30.330,2,1.86,,1024000000
2026-05-30 17:29:30.324,2,1.94,,1024000000
2026-05-30 17:29:30.320,3,2.27,,1024000000
2026-05-30 17:29:30.302,3,2.06,,1024000000
2026-05-30 17:29:30.288,2,1.88,,1024000000
2026-05-30 17:29:30.233,2,1.83,,1024000000
2026-05-30 17:29:30.144,2,1.86,,1024000000
2026-05-30 17:29:30.136,2,1.72,,1024000000
2026-05-30 17:29:30.086,2,1.93,,1024000000
2026-05-30 17:29:30.040,3,2.3,,1024000000
2026-05-30 17:29:30.024,2,1.71,,1024000000
2026-05-30 17:29:30.022,2,1.83,,1024000000
2026-05-30 17:29:30.007,2,1.83,,1024000000
2026-05-30 17:29:29.922,3,2.11,,1024000000
2026-05-30 17:29:29.916,2,1.71,,1024000000
2026-05-30 17:29:29.874,2,1.79,,1024000000
2026-05-30 17:29:29.871,2,1.78,,1024000000
2026-05-30 17:29:29.854,3,2.05,,1024000000
2026-05-30 17:29:29.784,2,1.98,,1024000000
2026-05-30 17:29:29.736,2,1.88,,1024000000
2026-05-30 17:29:29.668,2,1.69,,1024000000
2026-05-30 17:29:29.649,2,1.86,,1024000000
2026-05-30 17:29:29.588,2,1.87,,1024000000
2026-05-30 17:29:29.566,2,1.82,,1024000000
2026-05-30 17:29:29.536,2,1.91,,1024000000
2026-05-30 17:29:29.516,3,2.13,,1024000000
2026-05-30 17:29:29.472,3,2.08,,1024000000
2026-05-30 17:29:29.448,2,1.99,,1024000000
2026-05-30 17:29:29.447,2,1.8,,1024000000
2026-05-30 17:29:29.343,2,1.73,,1024000000
2026-05-30 17:29:29.326,3,2.19,,1024000000
2026-05-30 17:29:29.297,7,6.96,,1024000000
2026-05-30 17:29:29.289,2,1.72,,1024000000
2026-05-30 17:29:29.208,2,1.69,,1024000000
2026-05-30 17:29:29.204,2,1.72,,1024000000
2026-05-30 17:29:29.189,3,2.34,,1024000000
2026-05-30 17:29:29.171,2,1.79,,1024000000
2026-05-30 17:29:29.104,2,1.8,,1024000000
2026-05-30 17:29:29.062,2,1.89,,1024000000
2026-05-30 17:29:29.022,2,1.94,,1024000000
2026-05-30 17:29:29.003,2,1.95,,1024000000
2026-05-30 17:29:28.999,2,1.99,,1024000000
2026-05-30 17:29:28.988,2,1.98,,1024000000
2026-05-30 17:29:28.939,3,2.05,,1024000000
2026-05-30 17:29:28.938,3,2.62,,1024000000
2026-05-30 17:29:28.932,2,1.86,,1024000000
2026-05-30 17:29:28.911,3,2.19,,1024000000
2026-05-30 17:29:28.883,2,1.83,,1024000000
2026-05-30 17:29:28.847,2,1.77,,1024000000
2026-05-30 17:29:28.763,2,1.72,,1024000000
2026-05-30 17:29:28.747,4,3.83,,1024000000
2026-05-30 17:29:28.744,2,1.9,,1024000000
2026-05-30 17:29:28.708,2,1.93,,1024000000
2026-05-30 17:29:28.704,2,1.89,,1024000000
2026-05-30 17:29:28.691,2,1.85,,1024000000
2026-05-30 17:29:28.659,3,2.04,,1024000000
2026-05-30 17:29:28.600,2,1.83,,1024000000
2026-05-30 17:29:28.590,2,1.92,,1024000000
2026-05-30 17:29:28.521,3,2.29,,1024000000
2026-05-30 17:29:28.465,2,1.98,,1024000000
2026-05-30 17:29:28.455,3,2,,1024000000
2026-05-30 17:29:28.425,2,1.84,,1024000000
2026-05-30 17:29:28.381,2,1.93,,1024000000
2026-05-30 17:29:28.372,9,8.46,,1024000000
2026-05-30 17:29:28.352,2,1.77,,1024000000
2026-05-30 17:29:28.350,2,1.66,,1024000000
2026-05-30 17:29:28.348,3,2.04,,1024000000
2026-05-30 17:29:28.335,4,3.87,,1024000000
2026-05-30 17:29:28.217,2,1.71,,1024000000
2026-05-30 17:29:28.173,16,15.29,,1024000000
2026-05-30 17:29:28.165,4,3.39,,1024000000
2026-05-30 17:29:28.132,2,1.7,,1024000000
2026-05-30 17:29:28.125,2,1.74,,1024000000
2026-05-30 17:29:28.124,6,5.88,,1024000000
2026-05-30 17:29:28.121,3,2.4,,1024000000
2026-05-30 17:29:28.117,2,1.74,,1024000000
2026-05-30 17:29:28.113,2,1.78,,1024000000
2026-05-30 17:29:28.079,2,1.92,,1024000000
2026-05-30 17:29:28.044,2,1.74,,1024000000
2026-05-30 17:29:28.006,3,2.16,,1024000000
2026-05-30 17:29:27.984,3,2,,1024000000
2026-05-30 17:29:27.968,2,1.68,,1024000000
2026-05-30 17:29:27.961,3,2.02,,1024000000
2026-05-30 17:29:27.897,3,2.12,,1024000000
2026-05-30 17:29:27.885,2,1.74,,1024000000
2026-05-30 17:29:27.791,5,4.14,,1024000000
2026-05-30 17:29:27.781,2,1.83,,1024000000
2026-05-30 17:29:27.780,2,1.82,,1024000000
2026-05-30 17:29:27.748,2,1.74,,1024000000
2026-05-30 17:29:27.717,2,1.94,,1024000000
2026-05-30 17:29:27.717,2,1.84,,1024000000
2026-05-30 17:29:27.686,3,2.01,,1024000000
2026-05-30 17:29:27.679,2,2,,1024000000
2026-05-30 17:29:27.668,3,2.26,,1024000000
2026-05-30 17:29:27.626,2,1.94,,1024000000
2026-05-30 17:29:27.613,8,7.47,,1024000000
2026-05-30 17:29:27.450,2,1.96,,1024000000
2026-05-30 17:29:27.434,2,1.62,,1024000000
2026-05-30 17:29:27.426,2,1.69,,1024000000
2026-05-30 17:29:27.393,2,1.8,,1024000000
2026-05-30 17:29:27.349,2,1.57,,1024000000
2026-05-30 17:29:27.338,2,2,,1024000000
2026-05-30 17:29:27.326,2,1.75,,1024000000
2026-05-30 17:29:27.279,2,1.71,,1024000000
2026-05-30 17:29:27.262,6,5.4,,1024000000
2026-05-30 17:29:27.185,3,2.01,,1024000000
2026-05-30 17:29:27.177,2,1.82,,1024000000
2026-05-30 17:29:27.145,2,1.86,,1024000000
2026-05-30 17:29:27.142,6,5.86,,1024000000
2026-05-30 17:29:27.140,3,2.04,,1024000000
2026-05-30 17:29:27.138,2,1.72,,1024000000
2026-05-30 17:29:27.101,2,1.76,,1024000000
2026-05-30 17:29:27.092,2,1.68,,1024000000
2026-05-30 17:29:27.068,3,2.02,,1024000000
2026-05-30 17:29:27.021,3,2.05,,1024000000
2026-05-30 17:29:27.003,3,2.02,,1024000000
2026-05-30 17:29:27.002,3,2.14,,1024000000
2026-05-30 17:29:26.963,2,1.91,,1024000000
2026-05-30 17:29:26.906,3,2.06,,1024000000
2026-05-30 17:29:26.886,3,2.03,,1024000000
2026-05-30 17:29:26.870,3,2.04,,1024000000
2026-05-30 17:29:26.849,2,1.75,,1024000000
2026-05-30 17:29:26.846,6,5.37,,1024000000
2026-05-30 17:29:26.831,2,1.8,,1024000000
2026-05-30 17:29:26.823,3,2.45,,1024000000
2026-05-30 17:29:26.812,2,1.73,,1024000000
2026-05-30 17:29:26.807,2,1.76,,1024000000
2026-05-30 17:29:26.788,2,1.71,,1024000000
2026-05-30 17:29:26.741,2,1.78,,1024000000
2026-05-30 17:29:26.691,2,1.7,,1024000000
2026-05-30 17:29:26.686,2,1.86,,1024000000
2026-05-30 17:29:26.647,2,1.76,,1024000000
2026-05-30 17:29:26.636,2,1.74,,1024000000
2026-05-30 17:29:26.598,2,1.82,,1024000000
2026-05-30 17:29:26.574,3,2.6,,1024000000
2026-05-30 17:29:26.565,4,3.72,,1024000000
2026-05-30 17:29:26.557,2,1.84,,1024000000
2026-05-30 17:29:26.534,2,1.58,,1024000000
2026-05-30 17:29:26.506,2,1.75,,1024000000
2026-05-30 17:29:26.495,2,1.75,,1024000000
2026-05-30 17:29:26.491,3,2.15,,1024000000
2026-05-30 17:29:26.486,2,1.99,,1024000000
2026-05-30 17:29:26.474,3,2.08,,1024000000
2026-05-30 17:29:26.468,2,1.8,,1024000000
2026-05-30 17:29:26.451,3,2.23,,1024000000
2026-05-30 17:29:26.336,3,2.34,,1024000000
2026-05-30 17:29:26.326,2,1.83,,1024000000
2026-05-30 17:29:26.318,3,2.32,,1024000000
2026-05-30 17:29:26.276,3,2.36,,1024000000
2026-05-30 17:29:26.254,3,2.22,,1024000000
2026-05-30 17:29:26.249,11,10.03,,1024000000
2026-05-30 17:29:26.226,3,2.06,,1024000000
2026-05-30 17:29:26.218,3,2.05,,1024000000
2026-05-30 17:29:26.205,2,1.88,,1024000000
2026-05-30 17:29:26.151,2,1.9,,1024000000
2026-05-30 17:29:26.107,3,2.02,,1024000000
2026-05-30 17:29:26.086,3,2.02,,1024000000
2026-05-30 17:29:26.016,2,1.88,,1024000000
2026-05-30 17:29:26.014,6,5.51,,1024000000
2026-05-30 17:29:26.000,2,1.82,,1024000000
2026-05-30 17:29:25.990,2,1.82,,1024000000
2026-05-30 17:29:25.982,2,1.89,,1024000000
2026-05-30 17:29:25.979,3,2.37,,1024000000
2026-05-30 17:29:25.973,2,1.87,,1024000000
2026-05-30 17:29:25.918,4,3.24,,1024000000
2026-05-30 17:29:25.885,2,1.87,,1024000000
2026-05-30 17:29:25.874,3,2.17,,1024000000
2026-05-30 17:29:25.838,10,9.81,,1024000000
2026-05-30 17:29:25.722,2,1.95,,1024000000
2026-05-30 17:29:25.720,3,2.79,,1024000000
2026-05-30 17:29:25.687,2,1.77,,1024000000
2026-05-30 17:29:25.661,2,1.67,,1024000000
2026-05-30 17:29:25.654,2,1.85,,1024000000
2026-05-30 17:29:25.647,3,2.04,,1024000000
2026-05-30 17:29:25.641,2,1.63,,1024000000
2026-05-30 17:29:25.629,2,1.81,,1024000000
2026-05-30 17:29:25.626,3,2.3,,1024000000
2026-05-30 17:29:25.567,3,2.39,,1024000000
2026-05-30 17:29:25.564,2,1.63,,1024000000
2026-05-30 17:29:25.537,3,2.23,,1024000000
2026-05-30 17:29:25.527,7,6.25,,1024000000
2026-05-30 17:29:25.497,2,1.94,,1024000000
2026-05-30 17:29:25.476,9,8.2,,1024000000
2026-05-30 17:29:25.468,2,1.69,,1024000000
2026-05-30 17:29:25.467,2,1.74,,1024000000
2026-05-30 17:29:25.466,3,2.31,,1024000000
2026-05-30 17:29:25.448,3,2.23,,1024000000
2026-05-30 17:29:25.391,24,23.86,,1024000000
2026-05-30 17:29:25.368,3,2.16,,1024000000
2026-05-30 17:29:25.365,2,2,,1024000000
2026-05-30 17:29:25.342,3,2.5,,1024000000
2026-05-30 17:29:25.331,2,1.81,,1024000000
2026-05-30 17:29:25.320,4,3.02,,1024000000
2026-05-30 17:29:25.316,3,2.05,,1024000000
2026-05-30 17:29:25.314,3,2.42,,1024000000
2026-05-30 17:29:25.299,2,1.85,,1024000000
2026-05-30 17:29:25.282,9,8.11,,1024000000
2026-05-30 17:29:25.234,2,1.86,,1024000000
2026-05-30 17:29:25.212,18,17.25,,1024000000
2026-05-30 17:29:25.206,2,1.79,,1024000000
2026-05-30 17:29:25.162,7,6.75,,1024000000
2026-05-30 17:29:25.160,3,2.11,,1024000000
2026-05-30 17:29:25.150,3,2.44,,1024000000
2026-05-30 17:29:25.133,2,1.85,,1024000000
2026-05-30 17:29:25.053,2,1.67,,1024000000
2026-05-30 17:29:25.040,2,1.76,,1024000000
2026-05-30 17:29:24.984,3,2.16,,1024000000
2026-05-30 17:29:24.944,3,2.1,,1024000000
2026-05-30 17:29:24.935,2,1.88,,1024000000
2026-05-30 17:29:24.918,3,2.4,,1024000000
2026-05-30 17:29:24.915,2,1.8,,1024000000
2026-05-30 17:29:24.900,2,1.97,,1024000000
2026-05-30 17:29:24.849,2,1.91,,1024000000
2026-05-30 17:29:24.819,2,1.9,,1024000000
2026-05-30 17:29:24.809,2,1.85,,1024000000
2026-05-30 17:29:24.791,2,1.71,,1024000000
2026-05-30 17:29:24.784,2,1.93,,1024000000
2026-05-30 17:29:24.771,2,1.66,,1024000000
2026-05-30 17:29:24.718,2,1.97,,1024000000
2026-05-30 17:29:24.710,9,8.97,,1024000000
2026-05-30 17:29:24.611,2,1.95,,1024000000
2026-05-30 17:29:24.560,3,2.64,,1024000000
2026-05-30 17:29:24.556,2,1.93,,1024000000
2026-05-30 17:29:24.543,2,1.79,,1024000000
2026-05-30 17:29:24.509,2,1.89,,1024000000
2026-05-30 17:29:24.488,9,8.57,,1024000000
2026-05-30 17:29:24.487,2,1.86,,1024000000
2026-05-30 17:29:24.486,2,1.95,,1024000000
2026-05-30 17:29:24.475,2,1.79,,1024000000
2026-05-30 17:29:24.449,2,1.74,,1024000000
2026-05-30 17:29:24.439,2,1.95,,1024000000
2026-05-30 17:29:24.383,3,2.15,,1024000000
2026-05-30 17:29:24.335,2,1.73,,1024000000
2026-05-30 17:29:24.330,2,1.94,,1024000000
2026-05-30 17:29:24.316,3,2.39,,1024000000
2026-05-30 17:29:24.314,2,1.94,,1024000000
2026-05-30 17:29:24.308,3,2.93,,1024000000
2026-05-30 17:29:24.288,2,1.81,,1024000000
2026-05-30 17:29:24.275,2,1.65,,1024000000
2026-05-30 17:29:24.262,2,1.68,,1024000000
2026-05-30 17:29:24.226,3,2.29,,1024000000
2026-05-30 17:29:24.123,3,2.15,,1024000000
2026-05-30 17:29:24.123,2,1.73,,1024000000
2026-05-30 17:29:24.122,2,1.67,,1024000000
2026-05-30 17:29:24.122,3,2.01,,1024000000
2026-05-30 17:29:24.087,2,1.8,,1024000000
2026-05-30 17:29:24.044,3,2.04,,1024000000
2026-05-30 17:29:24.015,2,1.85,,1024000000
2026-05-30 17:29:23.999,2,1.82,,1024000000
2026-05-30 17:29:23.993,2,1.96,,1024000000
2026-05-30 17:29:23.993,3,2.27,,1024000000
2026-05-30 17:29:23.989,2,1.92,,1024000000
2026-05-30 17:29:23.989,2,1.93,,1024000000
2026-05-30 17:29:23.952,2,1.72,,1024000000
2026-05-30 17:29:23.911,2,1.65,,1024000000
2026-05-30 17:29:23.909,2,1.88,,1024000000
2026-05-30 17:29:23.895,3,2.08,,1024000000
2026-05-30 17:29:23.821,2,1.76,,1024000000
2026-05-30 17:29:23.813,2,1.91,,1024000000
2026-05-30 17:29:23.808,2,1.74,,1024000000
2026-05-30 17:29:23.759,2,1.71,,1024000000
2026-05-30 17:29:23.756,3,2.03,,1024000000
2026-05-30 17:29:23.709,2,1.78,,1024000000
2026-05-30 17:29:23.674,2,1.98,,1024000000
2026-05-30 17:29:23.658,3,2.04,,1024000000
2026-05-30 17:29:23.642,6,5.24,,1024000000
2026-05-30 17:29:23.621,6,5.14,,1024000000
2026-05-30 17:29:23.614,2,1.84,,1024000000
2026-05-30 17:29:23.606,2,1.83,,1024000000
2026-05-30 17:29:23.600,3,2.39,,1024000000
2026-05-30 17:29:23.596,2,1.96,,1024000000
2026-05-30 17:29:23.595,8,7.91,,1024000000
2026-05-30 17:29:23.588,3,2.02,,1024000000
2026-05-30 17:29:23.584,3,2.68,,1024000000
2026-05-30 17:29:23.561,2,1.63,,1024000000
2026-05-30 17:29:23.553,2,1.89,,1024000000
2026-05-30 17:29:23.549,2,1.54,,1024000000
2026-05-30 17:29:23.543,2,1.59,,1024000000
2026-05-30 17:29:23.529,3,2.24,,1024000000
2026-05-30 17:29:23.509,2,1.72,,1024000000
2026-05-30 17:29:23.449,2,1.69,,1024000000
2026-05-30 17:29:23.423,3,2.04,,1024000000
2026-05-30 17:29:23.390,2,1.8,,1024000000
2026-05-30 17:29:23.390,11,10.27,,1024000000
2026-05-30 17:29:23.378,2,1.89,,1024000000
2026-05-30 17:29:23.363,2,1.81,,1024000000
2026-05-30 17:29:23.296,2,1.78,,1024000000
2026-05-30 17:29:23.267,2,1.78,,1024000000
2026-05-30 17:29:23.263,2,1.59,,1024000000
2026-05-30 17:29:23.243,2,1.79,,1024000000
2026-05-30 17:29:23.229,2,1.68,,1024000000
2026-05-30 17:29:23.197,3,2.02,,1024000000
2026-05-30 17:29:23.177,3,2.03,,1024000000
2026-05-30 17:29:23.122,2,1.66,,1024000000
2026-05-30 17:29:23.114,2,1.68,,1024000000
2026-05-30 17:29:23.111,3,2.03,,1024000000
2026-05-30 17:29:23.061,2,1.85,,1024000000
2026-05-30 17:29:23.058,2,1.75,,1024000000
2026-05-30 17:29:23.047,2,1.75,,1024000000
2026-05-30 17:29:23.029,2,2,,1024000000
2026-05-30 17:29:23.023,3,2.11,,1024000000
2026-05-30 17:29:23.000,3,2.21,,1024000000
2026-05-30 17:29:22.990,2,1.85,,1024000000
2026-05-30 17:29:22.977,3,2.22,,1024000000
2026-05-30 17:29:22.955,2,1.84,,1024000000
2026-05-30 17:29:22.943,2,1.75,,1024000000
2026-05-30 17:29:22.923,2,1.97,,1024000000
2026-05-30 17:29:22.881,3,2.03,,1024000000
2026-05-30 17:29:22.855,2,1.93,,1024000000
2026-05-30 17:29:22.821,2,1.99,,1024000000
2026-05-30 17:29:22.821,2,1.78,,1024000000
2026-05-30 17:29:22.746,3,2.05,,1024000000
2026-05-30 17:29:22.745,2,1.85,,1024000000
2026-05-30 17:29:22.732,2,1.83,,1024000000
2026-05-30 17:29:22.725,2,1.98,,1024000000
2026-05-30 17:29:22.680,2,1.62,,1024000000
2026-05-30 17:29:22.671,3,2.45,,1024000000
2026-05-30 17:29:22.665,2,1.93,,1024000000
2026-05-30 17:29:22.659,3,2.2,,1024000000
2026-05-30 17:29:22.641,2,1.77,,1024000000
2026-05-30 17:29:22.632,28,27.32,,1024000000
2026-05-30 17:29:22.595,2,1.99,,1024000000
2026-05-30 17:29:22.594,2,1.69,,1024000000
2026-05-30 17:29:22.574,2,1.84,,1024000000
2026-05-30 17:29:22.520,3,2.06,,1024000000
2026-05-30 17:29:22.508,2,1.92,,1024000000
2026-05-30 17:29:22.494,3,2.86,,1024000000
2026-05-30 17:29:22.484,2,1.72,,1024000000
2026-05-30 17:29:22.482,8,7.37,,1024000000
2026-05-30 17:29:22.479,2,1.85,,1024000000
2026-05-30 17:29:22.466,2,1.81,,1024000000
2026-05-30 17:29:22.460,2,1.82,,1024000000
2026-05-30 17:29:22.441,2,1.99,,1024000000
2026-05-30 17:29:22.439,8,7.29,,1024000000
2026-05-30 17:29:22.425,2,1.77,,1024000000
2026-05-30 17:29:22.420,3,2.21,,1024000000
2026-05-30 17:29:22.415,2,1.91,,1024000000
2026-05-30 17:29:22.402,3,2.43,,1024000000
2026-05-30 17:29:22.394,2,1.64,,1024000000
2026-05-30 17:29:22.374,2,1.74,,1024000000
2026-05-30 17:29:22.366,2,1.72,,1024000000
2026-05-30 17:29:22.342,2,1.92,,1024000000
2026-05-30 17:29:22.334,3,2.1,,1024000000
2026-05-30 17:29:22.330,2,1.77,,1024000000
2026-05-30 17:29:22.322,3,2.14,,1024000000
2026-05-30 17:29:22.293,4,3.73,,1024000000
2026-05-30 17:29:22.288,8,7.54,,1024000000
2026-05-30 17:29:22.266,6,5.26,,1024000000
2026-05-30 17:29:22.254,2,1.7,,1024000000
2026-05-30 17:29:22.228,2,1.88,,1024000000
2026-05-30 17:29:22.221,2,1.9,,1024000000
2026-05-30 17:29:22.208,2,1.65,,1024000000
2026-05-30 17:29:22.202,2,1.67,,1024000000
2026-05-30 17:29:22.197,2,1.96,,1024000000
2026-05-30 17:29:22.159,2,1.99,,1024000000
2026-05-30 17:29:22.081,3,2.02,,1024000000
2026-05-30 17:29:22.066,13,12.63,,1024000000
2026-05-30 17:29:22.052,2,1.66,,1024000000
2026-05-30 17:29:22.042,3,2.35,,1024000000
2026-05-30 17:29:22.038,2,1.99,,1024000000
2026-05-30 17:29:22.028,2,1.77,,1024000000
2026-05-30 17:29:22.026,2,1.92,,1024000000
2026-05-30 17:29:22.006,2,1.74,,1024000000
2026-05-30 17:29:21.999,2,1.95,,1024000000
2026-05-30 17:29:21.952,3,2.04,,1024000000
2026-05-30 17:29:21.906,2,1.79,,1024000000
2026-05-30 17:29:21.880,12,11.02,,1024000000
2026-05-30 17:29:21.847,2,1.78,,1024000000
2026-05-30 17:29:21.831,3,2.15,,1024000000
2026-05-30 17:29:21.814,2,1.75,,1024000000
2026-05-30 17:29:21.806,2,1.96,,1024000000
2026-05-30 17:29:21.772,3,2.31,,1024000000
2026-05-30 17:29:21.734,2,1.98,,1024000000
2026-05-30 17:29:21.716,16,15.88,,1024000000
2026-05-30 17:29:21.712,2,1.89,,1024000000
2026-05-30 17:29:21.686,2,1.96,,1024000000
2026-05-30 17:29:21.621,4,3.81,,1024000000
2026-05-30 17:29:21.601,3,2.16,,1024000000
2026-05-30 17:29:21.600,2,1.8,,1024000000
2026-05-30 17:29:21.578,2,1.87,,1024000000
2026-05-30 17:29:21.573,12,11.13,,1024000000
2026-05-30 17:29:21.559,3,2.6,,1024000000
2026-05-30 17:29:21.555,5,4.93,,1024000000
2026-05-30 17:29:21.528,2,1.91,,1024000000
2026-05-30 17:29:21.517,3,2.2,,1024000000
2026-05-30 17:29:21.490,2,1.85,,1024000000
2026-05-30 17:29:21.488,7,6.65,,1024000000
2026-05-30 17:29:21.457,3,2.23,,1024000000
2026-05-30 17:29:21.454,3,2.75,,1024000000
2026-05-30 17:29:21.431,2,1.89,,1024000000
2026-05-30 17:29:21.408,2,1.98,,1024000000
2026-05-30 17:29:21.406,2,1.69,,1024000000
2026-05-30 17:29:21.381,2,1.91,,1024000000
2026-05-30 17:29:21.361,3,2.6,,1024000000
2026-05-30 17:29:21.348,10,9.99,,1024000000
2026-05-30 17:29:21.342,2,1.96,,1024000000
2026-05-30 17:29:21.326,3,2.1,,1024000000
2026-05-30 17:29:21.294,2,1.84,,1024000000
2026-05-30 17:29:21.263,2,2,,1024000000
2026-05-30 17:29:21.256,2,1.64,,1024000000
2026-05-30 17:29:21.253,13,12.42,,1024000000
2026-05-30 17:29:21.178,2,1.8,,1024000000
2026-05-30 17:29:21.161,4,3.05,,1024000000
2026-05-30 17:29:21.156,2,1.59,,1024000000
2026-05-30 17:29:21.154,3,2.06,,1024000000
2026-05-30 17:29:21.136,2,1.66,,1024000000
2026-05-30 17:29:21.131,4,3.11,,1024000000
2026-05-30 17:29:21.130,3,2.08,,1024000000
2026-05-30 17:29:21.063,4,3.38,,1024000000
2026-05-30 17:29:21.061,2,1.65,,1024000000
2026-05-30 17:29:21.034,3,2.03,,1024000000
2026-05-30 17:29:21.025,3,2.15,,1024000000
2026-05-30 17:29:20.996,2,1.78,,1024000000
2026-05-30 17:29:20.992,2,1.8,,1024000000
2026-05-30 17:29:20.946,3,2.1,,1024000000
2026-05-30 17:29:20.931,2,1.66,,1024000000
2026-05-30 17:29:20.929,3,2.01,,1024000000
2026-05-30 17:29:20.908,2,1.98,,1024000000
2026-05-30 17:29:20.906,2,1.68,,1024000000
2026-05-30 17:29:20.895,2,1.65,,1024000000
2026-05-30 17:29:20.884,2,1.85,,1024000000
2026-05-30 17:29:20.882,3,2.26,,1024000000
2026-05-30 17:29:20.862,3,2.23,,1024000000
2026-05-30 17:29:20.852,2,1.87,,1024000000
2026-05-30 17:29:20.847,2,1.72,,1024000000
2026-05-30 17:29:20.837,3,2.21,,1024000000
2026-05-30 17:29:20.793,3,2.99,,1024000000
2026-05-30 17:29:20.783,3,2.03,,1024000000
2026-05-30 17:29:20.771,3,2.07,,1024000000
2026-05-30 17:29:20.761,6,5.7,,1024000000
2026-05-30 17:29:20.744,2,1.76,,1024000000
2026-05-30 17:29:20.743,2,1.96,,1024000000
2026-05-30 17:29:20.717,2,1.82,,1024000000
2026-05-30 17:29:20.710,2,1.7,,1024000000
2026-05-30 17:29:20.691,18,17.11,,1024000000
2026-05-30 17:29:20.678,2,1.81,,1024000000
2026-05-30 17:29:20.670,2,1.95,,1024000000
2026-05-30 17:29:20.639,3,2.48,,1024000000
2026-05-30 17:29:20.636,2,1.99,,1024000000
2026-05-30 17:29:20.604,3,2.26,,1024000000
2026-05-30 17:29:20.580,3,2.89,,1024000000
2026-05-30 17:29:20.577,2,1.75,,1024000000
2026-05-30 17:29:20.564,3,2,,1024000000
2026-05-30 17:29:20.558,2,1.86,,1024000000
2026-05-30 17:29:20.557,2,1.64,,1024000000
2026-05-30 17:29:20.540,2,1.94,,1024000000
2026-05-30 17:29:20.529,2,1.89,,1024000000
2026-05-30 17:29:20.522,4,3.86,,1024000000
2026-05-30 17:29:20.521,2,1.71,,1024000000
2026-05-30 17:29:20.514,23,22.18,,1024000000
2026-05-30 17:29:20.513,2,1.71,,1024000000
2026-05-30 17:29:20.467,2,1.68,,1024000000
2026-05-30 17:29:20.449,3,2.18,,1024000000
2026-05-30 17:29:20.448,3,2.31,,1024000000
2026-05-30 17:29:20.447,2,1.64,,1024000000
2026-05-30 17:29:20.437,2,1.83,,1024000000
2026-05-30 17:29:20.434,2,1.93,,1024000000
2026-05-30 17:29:20.389,2,1.9,,1024000000
2026-05-30 17:29:20.362,3,2.04,,1024000000
2026-05-30 17:29:20.355,2,1.83,,1024000000
2026-05-30 17:29:20.334,2,1.86,,1024000000
2026-05-30 17:29:20.321,2,1.86,,1024000000
2026-05-30 17:29:20.302,2,1.61,,1024000000
2026-05-30 17:29:20.289,2,1.93,,1024000000
2026-05-30 17:29:20.267,2,1.99,,1024000000
2026-05-30 17:29:20.187,2,1.99,,1024000000
2026-05-30 17:29:20.184,2,1.83,,1024000000
2026-05-30 17:29:20.161,2,1.91,,1024000000
2026-05-30 17:29:20.150,2,1.99,,1024000000
2026-05-30 17:29:20.129,3,2.11,,1024000000
2026-05-30 17:29:20.118,2,2,,1024000000
2026-05-30 17:29:20.106,2,1.72,,1024000000
2026-05-30 17:29:20.098,2,1.96,,1024000000
2026-05-30 17:29:20.028,2,1.88,,1024000000
2026-05-30 17:29:20.023,2,1.79,,1024000000
2026-05-30 17:29:20.008,2,1.94,,1024000000
2026-05-30 17:29:19.964,2,1.96,,1024000000
2026-05-30 17:29:19.883,2,1.94,,1024000000
2026-05-30 17:29:19.883,2,1.97,,1024000000
2026-05-30 17:29:19.831,2,1.87,,1024000000
2026-05-30 17:29:19.808,3,2.27,,1024000000
2026-05-30 17:29:19.803,2,1.87,,1024000000
2026-05-30 17:29:19.786,2,1.91,,1024000000
2026-05-30 17:29:19.780,2,1.76,,1024000000
2026-05-30 17:29:19.780,2,1.66,,1024000000
2026-05-30 17:29:19.773,2,1.75,,1024000000
2026-05-30 17:29:19.768,2,1.94,,1024000000
2026-05-30 17:29:19.767,3,2.13,,1024000000
2026-05-30 17:29:19.753,2,1.82,,1024000000
2026-05-30 17:29:19.746,2,1.92,,1024000000
2026-05-30 17:29:19.730,3,2.12,,1024000000
2026-05-30 17:29:19.728,2,1.89,,1024000000
2026-05-30 17:29:19.723,2,1.86,,1024000000
2026-05-30 17:29:19.651,3,2.09,,1024000000
2026-05-30 17:29:19.641,2,1.93,,1024000000
2026-05-30 17:29:19.638,2,1.94,,1024000000
2026-05-30 17:29:19.622,2,1.87,,1024000000
2026-05-30 17:29:19.622,2,1.71,,1024000000
2026-05-30 17:29:19.585,3,2.07,,1024000000
2026-05-30 17:29:19.578,2,1.75,,1024000000
2026-05-30 17:29:19.553,2,1.76,,1024000000
2026-05-30 17:29:19.523,2,1.77,,1024000000
2026-05-30 17:29:19.521,2,1.71,,1024000000
2026-05-30 17:29:19.514,3,2.08,,1024000000
2026-05-30 17:29:19.513,3,2.07,,1024000000
2026-05-30 17:29:19.512,3,2.16,,1024000000
2026-05-30 17:29:19.496,3,2.02,,1024000000
2026-05-30 17:29:19.495,3,2.54,,1024000000
2026-05-30 17:29:19.489,2,1.71,,1024000000
2026-05-30 17:29:19.480,2,1.95,,1024000000
2026-05-30 17:29:19.469,2,1.84,,1024000000
2026-05-30 17:29:19.463,2,1.96,,1024000000
2026-05-30 17:29:19.459,16,15.77,,1024000000
2026-05-30 17:29:19.437,2,1.72,,1024000000
2026-05-30 17:29:19.428,2,1.84,,1024000000
2026-05-30 17:29:19.413,2,1.89,,1024000000
2026-05-30 17:29:19.411,3,2.13,,1024000000
2026-05-30 17:29:19.404,23,22.64,,1024000000
2026-05-30 17:29:19.368,2,1.95,,1024000000
2026-05-30 17:29:19.350,2,1.91,,1024000000
2026-05-30 17:29:19.343,5,4.89,,1024000000
2026-05-30 17:29:19.331,2,1.57,,1024000000
2026-05-30 17:29:19.305,2,1.89,,1024000000
2026-05-30 17:29:19.275,2,1.77,,1024000000
2026-05-30 17:29:19.251,2,1.82,,1024000000
2026-05-30 17:29:19.222,3,2,,1024000000
2026-05-30 17:29:19.198,2,1.79,,1024000000
2026-05-30 17:29:19.181,2,1.88,,1024000000
2026-05-30 17:29:19.148,3,2.25,,1024000000
2026-05-30 17:29:19.144,3,2.32,,1024000000
2026-05-30 17:29:19.143,3,2.12,,1024000000
2026-05-30 17:29:19.138,2,1.9,,1024000000
2026-05-30 17:29:19.137,3,2,,1024000000
2026-05-30 17:29:19.120,2,1.74,,1024000000
2026-05-30 17:29:19.119,2,1.95,,1024000000
2026-05-30 17:29:19.111,2,1.63,,1024000000
2026-05-30 17:29:19.109,2,1.72,,1024000000
2026-05-30 17:29:19.100,2,1.85,,1024000000
2026-05-30 17:29:19.057,2,1.79,,1024000000
2026-05-30 17:29:19.038,2,1.88,,1024000000
2026-05-30 17:29:19.023,2,1.84,,1024000000
2026-05-30 17:29:18.989,2,1.65,,1024000000
2026-05-30 17:29:18.912,2,1.71,,1024000000
2026-05-30 17:29:18.898,3,2.29,,1024000000
2026-05-30 17:29:18.887,2,1.69,,1024000000
2026-05-30 17:29:18.846,2,1.76,,1024000000
2026-05-30 17:29:18.818,2,1.86,,1024000000
2026-05-30 17:29:18.781,2,1.88,,1024000000
2026-05-30 17:29:18.764,2,1.7,,1024000000
2026-05-30 17:29:18.752,2,1.99,,1024000000
2026-05-30 17:29:18.752,2,1.92,,1024000000
2026-05-30 17:29:18.739,2,1.62,,1024000000
2026-05-30 17:29:18.726,3,2.31,,1024000000
2026-05-30 17:29:18.725,2,1.91,,1024000000
2026-05-30 17:29:18.692,2,1.59,,1024000000
2026-05-30 17:29:18.638,2,1.89,,1024000000
2026-05-30 17:29:18.636,2,1.86,,1024000000
2026-05-30 17:29:18.627,2,1.84,,1024000000
2026-05-30 17:29:18.613,3,2.02,,1024000000
2026-05-30 17:29:18.603,2,1.77,,1024000000
2026-05-30 17:29:18.593,2,1.73,,1024000000
2026-05-30 17:29:18.575,4,3.63,,1024000000
2026-05-30 17:29:18.479,4,3.3,,1024000000
2026-05-30 17:29:18.478,3,2.16,,1024000000
2026-05-30 17:29:18.451,2,1.84,,1024000000
2026-05-30 17:29:18.446,2,1.95,,1024000000
2026-05-30 17:29:18.437,2,1.74,,1024000000
2026-05-30 17:29:18.417,2,1.83,,1024000000
2026-05-30 17:29:18.398,2,1.78,,1024000000
2026-05-30 17:29:18.398,2,1.9,,1024000000
2026-05-30 17:29:18.370,3,2,,1024000000
2026-05-30 17:29:18.335,2,1.79,,1024000000
2026-05-30 17:29:18.334,3,2.14,,1024000000
2026-05-30 17:29:18.320,2,1.94,,1024000000
2026-05-30 17:29:18.313,2,1.71,,1024000000
2026-05-30 17:29:18.304,2,1.93,,1024000000
2026-05-30 17:29:18.295,2,1.83,,1024000000
2026-05-30 17:29:18.286,3,2.14,,1024000000
2026-05-30 17:29:18.278,2,1.74,,1024000000
2026-05-30 17:29:18.266,2,1.87,,1024000000
2026-05-30 17:29:18.265,8,7.89,,1024000000
2026-05-30 17:29:18.260,2,1.9,,1024000000
2026-05-30 17:29:18.256,3,2.06,,1024000000
2026-05-30 17:29:18.202,2,1.89,,1024000000
2026-05-30 17:29:18.201,3,2.1,,1024000000
2026-05-30 17:29:18.190,10,9.9,,1024000000
2026-05-30 17:29:18.154,3,2.2,,1024000000
2026-05-30 17:29:18.152,2,1.86,,1024000000
2026-05-30 17:29:18.138,2,1.78,,1024000000
2026-05-30 17:29:18.108,2,1.73,,1024000000
2026-05-30 17:29:18.069,3,2.17,,1024000000
2026-05-30 17:29:18.062,2,1.88,,1024000000
2026-05-30 17:29:18.043,2,1.85,,1024000000
2026-05-30 17:29:18.019,2,1.83,,1024000000
2026-05-30 17:29:18.018,2,1.83,,1024000000
2026-05-30 17:29:18.013,2,1.97,,1024000000
2026-05-30 17:29:18.008,2,1.69,,1024000000
2026-05-30 17:29:18.005,5,4.18,,1024000000
2026-05-30 17:29:17.963,3,2.34,,1024000000
2026-05-30 17:29:17.957,3,2.16,,1024000000
2026-05-30 17:29:17.952,4,3.55,,1024000000
2026-05-30 17:29:17.944,2,1.85,,1024000000
2026-05-30 17:29:17.941,2,1.99,,1024000000
2026-05-30 17:29:17.923,3,2.58,,1024000000
2026-05-30 17:29:17.922,2,1.76,,1024000000
2026-05-30 17:29:17.898,2,1.7,,1024000000
2026-05-30 17:29:17.896,2,1.78,,1024000000
2026-05-30 17:29:17.894,3,2.18,,1024000000
2026-05-30 17:29:17.885,2,1.86,,1024000000
2026-05-30 17:29:17.873,2,1.91,,1024000000
2026-05-30 17:29:17.873,9,8.47,,1024000000
2026-05-30 17:29:17.866,2,1.85,,1024000000
2026-05-30 17:29:17.837,3,2.25,,1024000000
2026-05-30 17:29:17.830,5,4.07,,1024000000
2026-05-30 17:29:17.812,2,1.94,,1024000000
2026-05-30 17:29:17.810,8,7.35,,1024000000
2026-05-30 17:29:17.801,2,1.92,,1024000000
2026-05-30 17:29:17.784,2,1.64,,1024000000
2026-05-30 17:29:17.763,2,1.76,,1024000000
2026-05-30 17:29:17.758,2,2,,1024000000
2026-05-30 17:29:17.755,2,1.7,,1024000000
2026-05-30 17:29:17.754,3,2.07,,1024000000
2026-05-30 17:29:17.731,2,1.74,,1024000000
2026-05-30 17:29:17.726,2,1.93,,1024000000
2026-05-30 17:29:17.720,3,2.97,,1024000000
2026-05-30 17:29:17.697,2,1.95,,1024000000
2026-05-30 17:29:17.693,20,19.51,,1024000000
2026-05-30 17:29:17.687,3,2.33,,1024000000
2026-05-30 17:29:17.680,2,1.69,,1024000000
2026-05-30 17:29:17.675,2,1.94,,1024000000
2026-05-30 17:29:17.666,2,1.7,,1024000000
2026-05-30 17:29:17.595,3,2.03,,1024000000
2026-05-30 17:29:17.583,7,6.77,,1024000000
2026-05-30 17:29:17.581,3,2.04,,1024000000
2026-05-30 17:29:17.547,2,1.92,,1024000000
2026-05-30 17:29:17.539,2,1.84,,1024000000
2026-05-30 17:29:17.528,2,1.71,,1024000000
2026-05-30 17:29:17.509,2,1.83,,1024000000
2026-05-30 17:29:17.507,2,1.7,,1024000000
2026-05-30 17:29:17.505,2,1.83,,1024000000
2026-05-30 17:29:17.498,3,2.49,,1024000000
2026-05-30 17:29:17.497,2,1.79,,1024000000
2026-05-30 17:29:17.484,3,2.12,,1024000000
2026-05-30 17:29:17.478,3,2.02,,1024000000
2026-05-30 17:29:17.456,3,2.02,,1024000000
2026-05-30 17:29:17.445,2,1.87,,1024000000
2026-05-30 17:29:17.444,2,1.84,,1024000000
2026-05-30 17:29:17.375,2,1.61,,1024000000
2026-05-30 17:29:17.346,2,1.86,,1024000000
2026-05-30 17:29:17.311,2,1.57,,1024000000
2026-05-30 17:29:17.304,2,1.67,,1024000000
2026-05-30 17:29:17.300,2,1.82,,1024000000
2026-05-30 17:29:17.253,2,1.95,,1024000000
2026-05-30 17:29:17.244,2,1.66,,1024000000
2026-05-30 17:29:17.229,2,1.85,,1024000000
2026-05-30 17:29:17.223,2,1.87,,1024000000
2026-05-30 17:29:17.212,2,1.85,,1024000000
2026-05-30 17:29:17.140,3,2.18,,1024000000
2026-05-30 17:29:17.138,3,2.02,,1024000000
2026-05-30 17:29:17.135,3,2.21,,1024000000
2026-05-30 17:29:17.090,3,2.29,,1024000000
2026-05-30 17:29:17.088,2,1.83,,1024000000
2026-05-30 17:29:17.078,2,1.79,,1024000000
2026-05-30 17:29:17.078,2,1.78,,1024000000
2026-05-30 17:29:17.056,2,1.79,,1024000000
2026-05-30 17:29:17.036,3,2.09,,1024000000
2026-05-30 17:29:17.016,2,1.87,,1024000000
2026-05-30 17:29:16.996,3,2.28,,1024000000
2026-05-30 17:29:16.966,2,1.8,,1024000000
2026-05-30 17:29:16.836,2,1.98,,1024000000
2026-05-30 17:29:16.776,2,1.9,,1024000000
2026-05-30 17:29:16.774,2,1.82,,1024000000
2026-05-30 17:29:16.756,2,1.98,,1024000000
2026-05-30 17:29:16.740,3,2,,1024000000
2026-05-30 17:29:16.715,2,1.98,,1024000000
2026-05-30 17:29:16.713,2,1.67,,1024000000
2026-05-30 17:29:16.709,2,1.74,,1024000000
2026-05-30 17:29:16.697,6,5.91,,1024000000
2026-05-30 17:29:16.695,2,1.82,,1024000000
2026-05-30 17:29:16.681,3,2.08,,1024000000
2026-05-30 17:29:16.650,3,2.22,,1024000000
2026-05-30 17:29:16.648,3,2.02,,1024000000
2026-05-30 17:29:16.648,5,4.21,,1024000000
2026-05-30 17:29:16.640,2,1.84,,1024000000
2026-05-30 17:29:16.622,2,1.99,,1024000000
2026-05-30 17:29:16.622,4,3.06,,1024000000
2026-05-30 17:29:16.618,2,1.71,,1024000000
2026-05-30 17:29:16.604,9,8.61,,1024000000
2026-05-30 17:29:16.600,3,2.22,,1024000000
2026-05-30 17:29:16.576,2,1.91,,1024000000
2026-05-30 17:29:16.573,2,1.73,,1024000000
2026-05-30 17:29:16.566,2,1.79,,1024000000
2026-05-30 17:29:16.563,3,2.86,,1024000000
2026-05-30 17:29:16.563,3,2.88,,1024000000
2026-05-30 17:29:16.560,2,1.86,,1024000000
2026-05-30 17:29:16.532,2,1.97,,1024000000
2026-05-30 17:29:16.520,9,8.11,,1024000000
2026-05-30 17:29:16.520,2,1.89,,1024000000
2026-05-30 17:29:16.513,21,20.18,,1024000000
2026-05-30 17:29:16.508,2,1.79,,1024000000
2026-05-30 17:29:16.507,4,3.36,,1024000000
2026-05-30 17:29:16.497,2,1.87,,1024000000
2026-05-30 17:29:16.496,2,1.82,,1024000000
2026-05-30 17:29:16.495,3,2.27,,1024000000
2026-05-30 17:29:16.484,10,9.05,,1024000000
2026-05-30 17:29:16.472,3,2.17,,1024000000
2026-05-30 17:29:16.459,2,1.74,,1024000000
2026-05-30 17:29:16.450,2,1.72,,1024000000
2026-05-30 17:29:16.444,4,3.11,,1024000000
2026-05-30 17:29:16.442,2,1.83,,1024000000
2026-05-30 17:29:16.429,2,1.95,,1024000000
2026-05-30 17:29:16.429,2,1.8,,1024000000
2026-05-30 17:29:16.421,2,1.96,,1024000000
2026-05-30 17:29:16.363,2,1.9,,1024000000
2026-05-30 17:29:16.343,3,2.37,,1024000000
2026-05-30 17:29:16.335,3,2.14,,1024000000
2026-05-30 17:29:16.331,3,2.01,,1024000000
2026-05-30 17:29:16.330,4,3.29,,1024000000
2026-05-30 17:29:16.324,3,2.02,,1024000000
2026-05-30 17:29:16.319,2,1.72,,1024000000
2026-05-30 17:29:16.311,3,2.55,,1024000000
2026-05-30 17:29:16.270,4,3.28,,1024000000
2026-05-30 17:29:16.266,2,1.71,,1024000000
2026-05-30 17:29:16.263,3,2.01,,1024000000
2026-05-30 17:29:16.213,9,8.6,,1024000000
2026-05-30 17:29:16.164,2,1.92,,1024000000
2026-05-30 17:29:16.160,2,1.79,,1024000000
2026-05-30 17:29:16.141,2,1.7,,1024000000
2026-05-30 17:29:16.138,12,11.96,,1024000000
2026-05-30 17:29:16.112,2,1.86,,1024000000
2026-05-30 17:29:16.104,2,1.75,,1024000000
2026-05-30 17:29:16.095,4,3.77,,1024000000
2026-05-30 17:29:16.091,2,1.94,,1024000000
2026-05-30 17:29:16.084,2,1.8,,1024000000
2026-05-30 17:29:16.078,2,1.65,,1024000000
2026-05-30 17:29:16.075,2,1.76,,1024000000
2026-05-30 17:29:16.069,3,2.04,,1024000000
2026-05-30 17:29:16.065,2,1.64,,1024000000
2026-05-30 17:29:16.053,2,1.8,,1024000000
2026-05-30 17:29:16.019,3,2.28,,1024000000
2026-05-30 17:29:16.002,12,11.74,,1024000000
2026-05-30 17:29:16.000,3,2.11,,1024000000
2026-05-30 17:29:15.974,2,1.95,,1024000000
2026-05-30 17:29:15.969,2,1.79,,1024000000
2026-05-30 17:29:15.945,2,1.83,,1024000000
2026-05-30 17:29:15.937,2,1.97,,1024000000
2026-05-30 17:29:15.933,4,3.4,,1024000000
2026-05-30 17:29:15.930,8,7.51,,1024000000
2026-05-30 17:29:15.899,2,1.9,,1024000000
2026-05-30 17:29:15.873,2,1.95,,1024000000
2026-05-30 17:29:15.872,2,1.96,,1024000000
2026-05-30 17:29:15.868,2,1.86,,1024000000
2026-05-30 17:29:15.864,3,2.33,,1024000000
2026-05-30 17:29:15.834,6,5.28,,1024000000
2026-05-30 17:29:15.792,3,2.24,,1024000000
2026-05-30 17:29:15.788,2,1.75,,1024000000
2026-05-30 17:29:15.782,3,2.51,,1024000000
2026-05-30 17:29:15.761,12,11.97,,1024000000
2026-05-30 17:29:15.749,2,1.71,,1024000000
2026-05-30 17:29:15.737,2,1.98,,1024000000
2026-05-30 17:29:15.718,3,2.04,,1024000000
2026-05-30 17:29:15.669,2,1.85,,1024000000
2026-05-30 17:29:15.660,9,8.24,,1024000000
2026-05-30 17:29:15.652,2,1.74,,1024000000
2026-05-30 17:29:15.638,2,1.89,,1024000000
2026-05-30 17:29:15.635,16,15.5,,1024000000
2026-05-30 17:29:15.624,2,1.84,,1024000000
2026-05-30 17:29:15.624,2,1.78,,1024000000
2026-05-30 17:29:15.620,2,1.65,,1024000000
2026-05-30 17:29:15.612,2,1.66,,1024000000
2026-05-30 17:29:15.606,3,2.12,,1024000000
2026-05-30 17:29:15.590,2,1.9,,1024000000
2026-05-30 17:29:15.574,3,2.19,,1024000000
2026-05-30 17:29:15.558,2,1.88,,1024000000
2026-05-30 17:29:15.545,3,2.1,,1024000000
2026-05-30 17:29:15.541,2,1.7,,1024000000
2026-05-30 17:29:15.541,2,1.66,,1024000000
2026-05-30 17:29:15.506,2,1.91,,1024000000
2026-05-30 17:29:15.502,2,1.8,,1024000000
2026-05-30 17:29:15.483,2,1.68,,1024000000
2026-05-30 17:29:15.479,2,1.61,,1024000000
2026-05-30 17:29:15.438,2,1.99,,1024000000
2026-05-30 17:29:15.436,6,5.29,,1024000000
2026-05-30 17:29:15.431,2,1.68,,1024000000
2026-05-30 17:29:15.429,2,1.92,,1024000000
2026-05-30 17:29:15.426,3,2.87,,1024000000
2026-05-30 17:29:15.371,3,2.15,,1024000000
2026-05-30 17:29:15.367,3,2.07,,1024000000
2026-05-30 17:29:15.362,2,1.93,,1024000000
2026-05-30 17:29:15.357,2,1.65,,1024000000
2026-05-30 17:29:15.347,3,2.14,,1024000000
2026-05-30 17:29:15.341,3,2.08,,1024000000
2026-05-30 17:29:15.326,2,1.93,,1024000000
2026-05-30 17:29:15.314,2,1.76,,1024000000
2026-05-30 17:29:15.310,2,1.61,,1024000000
2026-05-30 17:29:15.307,2,1.83,,1024000000
2026-05-30 17:29:15.304,2,1.79,,1024000000
2026-05-30 17:29:15.302,3,2.21,,1024000000
2026-05-30 17:29:15.297,2,1.78,,1024000000
2026-05-30 17:29:15.282,2,1.74,,1024000000
2026-05-30 17:29:15.278,2,1.79,,1024000000
2026-05-30 17:29:15.208,3,2.13,,1024000000
2026-05-30 17:29:15.205,2,1.85,,1024000000
2026-05-30 17:29:15.174,3,2.08,,1024000000
2026-05-30 17:29:15.171,2,1.9,,1024000000
2026-05-30 17:29:15.167,3,2.05,,1024000000
2026-05-30 17:29:15.133,2,1.78,,1024000000
2026-05-30 17:29:15.118,2,1.68,,1024000000
2026-05-30 17:29:15.097,3,2.07,,1024000000
2026-05-30 17:29:15.011,2,1.76,,1024000000
2026-05-30 17:29:15.007,2,1.61,,1024000000
2026-05-30 17:29:15.005,3,2.1,,1024000000
2026-05-30 17:29:15.000,2,1.95,,1024000000
2026-05-30 17:29:14.969,2,1.76,,1024000000
2026-05-30 17:29:14.958,2,1.9,,1024000000
2026-05-30 17:29:14.945,2,1.81,,1024000000
2026-05-30 17:29:14.923,2,1.78,,1024000000
2026-05-30 17:29:14.923,3,2.16,,1024000000
2026-05-30 17:29:14.919,2,1.81,,1024000000
2026-05-30 17:29:14.913,10,9.34,,1024000000
2026-05-30 17:29:14.891,2,1.85,,1024000000
2026-05-30 17:29:14.887,4,3.57,,1024000000
2026-05-30 17:29:14.869,2,1.88,,1024000000
2026-05-30 17:29:14.842,2,1.79,,1024000000
2026-05-30 17:29:14.827,2,1.87,,1024000000
2026-05-30 17:29:14.820,2,1.75,,1024000000
2026-05-30 17:29:14.800,6,5.92,,1024000000
2026-05-30 17:29:14.785,2,1.76,,1024000000
2026-05-30 17:29:14.774,5,4.4,,1024000000
2026-05-30 17:29:14.727,3,2.08,,1024000000
2026-05-30 17:29:14.719,6,5.95,,1024000000
2026-05-30 17:29:14.717,2,1.84,,1024000000
2026-05-30 17:29:14.702,6,5.48,,1024000000
2026-05-30 17:29:14.695,2,1.99,,1024000000
2026-05-30 17:29:14.691,2,1.92,,1024000000
2026-05-30 17:29:14.688,2,1.63,,1024000000
2026-05-30 17:29:14.687,3,2.08,,1024000000
2026-05-30 17:29:14.684,2,1.74,,1024000000
2026-05-30 17:29:14.677,2,1.92,,1024000000
2026-05-30 17:29:14.637,2,1.75,,1024000000
2026-05-30 17:29:14.635,2,1.77,,1024000000
2026-05-30 17:29:14.614,2,1.68,,1024000000
2026-05-30 17:29:14.612,2,1.74,,1024000000
2026-05-30 17:29:14.612,2,1.63,,1024000000
2026-05-30 17:29:14.599,2,1.8,,1024000000
2026-05-30 17:29:14.596,2,1.88,,1024000000
2026-05-30 17:29:14.565,2,1.93,,1024000000
2026-05-30 17:29:14.565,2,1.84,,1024000000
2026-05-30 17:29:14.550,2,1.8,,1024000000
2026-05-30 17:29:14.541,2,1.82,,1024000000
2026-05-30 17:29:14.541,2,1.75,,1024000000
2026-05-30 17:29:14.537,3,2.72,,1024000000
2026-05-30 17:29:14.534,2,1.83,,1024000000
2026-05-30 17:29:14.519,2,1.76,,1024000000
2026-05-30 17:29:14.513,2,1.76,,1024000000
2026-05-30 17:29:14.506,4,3.77,,1024000000
2026-05-30 17:29:14.499,3,2.59,,1024000000
2026-05-30 17:29:14.490,2,1.8,,1024000000
2026-05-30 17:29:14.481,2,2,,1024000000
2026-05-30 17:29:14.453,2,1.96,,1024000000
2026-05-30 17:29:14.452,2,1.84,,1024000000
2026-05-30 17:29:14.445,2,1.73,,1024000000
2026-05-30 17:29:14.445,3,2.01,,1024000000
2026-05-30 17:29:14.444,3,2.11,,1024000000
2026-05-30 17:29:14.430,2,1.88,,1024000000
2026-05-30 17:29:14.406,2,1.86,,1024000000
2026-05-30 17:29:14.397,2,1.71,,1024000000
2026-05-30 17:29:14.381,2,1.82,,1024000000
2026-05-30 17:29:14.362,7,6.45,,1024000000
2026-05-30 17:29:14.361,6,5.95,,1024000000
2026-05-30 17:29:14.358,3,2.43,,1024000000
2026-05-30 17:29:14.333,16,15.84,,1024000000
2026-05-30 17:29:14.319,2,1.7,,1024000000
2026-05-30 17:29:14.307,2,1.67,,1024000000
2026-05-30 17:29:14.302,2,1.96,,1024000000
2026-05-30 17:29:14.296,5,4.06,,1024000000
2026-05-30 17:29:14.294,2,1.93,,1024000000
2026-05-30 17:29:14.267,19,18.85,,1024000000
2026-05-30 17:29:14.244,3,2.12,,1024000000
2026-05-30 17:29:14.235,2,1.85,,1024000000
2026-05-30 17:29:14.227,2,1.8,,1024000000
2026-05-30 17:29:14.215,9,8.61,,1024000000
2026-05-30 17:29:14.189,2,1.71,,1024000000
2026-05-30 17:29:14.180,2,1.88,,1024000000
2026-05-30 17:29:14.171,3,2.53,,1024000000
2026-05-30 17:29:14.155,3,2.13,,1024000000
2026-05-30 17:29:14.153,2,1.81,,1024000000
2026-05-30 17:29:14.136,2,1.86,,1024000000
2026-05-30 17:29:14.129,2,1.96,,1024000000
2026-05-30 17:29:14.118,3,2.14,,1024000000
2026-05-30 17:29:14.110,2,1.99,,1024000000
2026-05-30 17:29:14.085,6,5.01,,1024000000
2026-05-30 17:29:14.043,2,1.92,,1024000000
2026-05-30 17:29:14.038,3,2.29,,1024000000
2026-05-30 17:29:14.030,2,1.77,,1024000000
2026-05-30 17:29:14.029,2,1.85,,1024000000
2026-05-30 17:29:14.023,2,1.67,,1024000000
2026-05-30 17:29:14.014,3,2.97,,1024000000
2026-05-30 17:29:13.999,3,2.1,,1024000000
2026-05-30 17:29:13.990,3,2.67,,1024000000
2026-05-30 17:29:13.982,3,2.17,,1024000000
2026-05-30 17:29:13.979,2,1.61,,1024000000
2026-05-30 17:29:13.960,3,2.26,,1024000000
2026-05-30 17:29:13.948,22,21.04,,1024000000
2026-05-30 17:29:13.924,5,4.87,,1024000000
2026-05-30 17:29:13.916,2,1.81,,1024000000
2026-05-30 17:29:13.902,3,2.03,,1024000000
2026-05-30 17:29:13.863,2,1.76,,1024000000
2026-05-30 17:29:13.800,3,2.06,,1024000000
2026-05-30 17:29:13.796,2,1.88,,1024000000
2026-05-30 17:29:13.790,3,2.06,,1024000000
2026-05-30 17:29:13.784,2,1.78,,1024000000
2026-05-30 17:29:13.781,2,1.7,,1024000000
2026-05-30 17:29:13.741,2,1.79,,1024000000
2026-05-30 17:29:13.736,2,1.87,,1024000000
2026-05-30 17:29:13.710,2,1.85,,1024000000
2026-05-30 17:29:13.697,2,1.83,,1024000000
2026-05-30 17:29:13.681,2,1.94,,1024000000
2026-05-30 17:29:13.674,7,6.81,,1024000000
2026-05-30 17:29:13.653,2,1.87,,1024000000
2026-05-30 17:29:13.650,3,2.37,,1024000000
2026-05-30 17:29:13.638,2,1.72,,1024000000
2026-05-30 17:29:13.620,2,1.85,,1024000000
2026-05-30 17:29:13.612,12,11.19,,1024000000
2026-05-30 17:29:13.602,2,1.85,,1024000000
2026-05-30 17:29:13.594,2,1.76,,1024000000
2026-05-30 17:29:13.577,12,11.35,,1024000000
2026-05-30 17:29:13.570,3,2.57,,1024000000
2026-05-30 17:29:13.568,2,1.73,,1024000000
2026-05-30 17:29:13.542,2,1.75,,1024000000
2026-05-30 17:29:13.529,3,2.23,,1024000000
2026-05-30 17:29:13.527,2,1.66,,1024000000
2026-05-30 17:29:13.521,2,1.94,,1024000000
2026-05-30 17:29:13.503,3,2.89,,1024000000
2026-05-30 17:29:13.498,2,1.8,,1024000000
2026-05-30 17:29:13.498,2,1.75,,1024000000
2026-05-30 17:29:13.489,2,1.76,,1024000000
2026-05-30 17:29:13.456,2,1.85,,1024000000
2026-05-30 17:29:13.449,2,1.85,,1024000000
2026-05-30 17:29:13.447,2,1.66,,1024000000
2026-05-30 17:29:13.415,10,9.49,,1024000000
2026-05-30 17:29:13.412,2,1.96,,1024000000
2026-05-30 17:29:13.389,2,1.58,,1024000000
2026-05-30 17:29:13.382,2,1.86,,1024000000
2026-05-30 17:29:13.371,3,2.07,,1024000000
2026-05-30 17:29:13.356,2,1.77,,1024000000
2026-05-30 17:29:13.351,3,2,,1024000000
2026-05-30 17:29:13.321,2,1.94,,1024000000
2026-05-30 17:29:13.308,2,1.74,,1024000000
2026-05-30 17:29:13.302,2,1.62,,1024000000
2026-05-30 17:29:13.300,2,1.66,,1024000000
2026-05-30 17:29:13.289,2,1.8,,1024000000
2026-05-30 17:29:13.279,2,1.75,,1024000000
2026-05-30 17:29:13.245,2,1.83,,1024000000
2026-05-30 17:29:13.242,3,2.03,,1024000000
2026-05-30 17:29:13.230,2,1.91,,1024000000
2026-05-30 17:29:13.221,2,1.76,,1024000000
2026-05-30 17:29:13.205,3,2.19,,1024000000
2026-05-30 17:29:13.204,16,15.45,,1024000000
2026-05-30 17:29:13.198,2,1.83,,1024000000
2026-05-30 17:29:13.189,2,1.81,,1024000000
2026-05-30 17:29:13.175,3,2.25,,1024000000
2026-05-30 17:29:13.168,7,6.5,,1024000000
2026-05-30 17:29:13.161,7,6.42,,1024000000
2026-05-30 17:29:13.133,2,1.96,,1024000000
2026-05-30 17:29:13.129,2,1.78,,1024000000
2026-05-30 17:29:13.113,2,1.95,,1024000000
2026-05-30 17:29:13.036,2,1.96,,1024000000
2026-05-30 17:29:13.027,3,2.56,,1024000000
2026-05-30 17:29:13.019,3,2.21,,1024000000
2026-05-30 17:29:13.002,3,2.02,,1024000000
2026-05-30 17:29:12.999,2,1.9,,1024000000
2026-05-30 17:29:12.990,5,4.17,,1024000000
2026-05-30 17:29:12.983,2,1.79,,1024000000
2026-05-30 17:29:12.978,3,2.25,,1024000000
2026-05-30 17:29:12.969,2,1.98,,1024000000
2026-05-30 17:29:12.966,2,1.61,,1024000000
2026-05-30 17:29:12.946,2,1.83,,1024000000
2026-05-30 17:29:12.918,2,1.81,,1024000000
2026-05-30 17:29:12.901,2,1.91,,1024000000
2026-05-30 17:29:12.880,12,11.8,,1024000000
2026-05-30 17:29:12.868,3,2.09,,1024000000
2026-05-30 17:29:12.866,3,2.36,,1024000000
2026-05-30 17:29:12.859,2,1.78,,1024000000
2026-05-30 17:29:12.839,3,2.19,,1024000000
2026-05-30 17:29:12.834,2,1.95,,1024000000
2026-05-30 17:29:12.821,3,2.06,,1024000000
2026-05-30 17:29:12.819,3,2.19,,1024000000
2026-05-30 17:29:12.802,2,1.76,,1024000000
2026-05-30 17:29:12.789,2,1.76,,1024000000
2026-05-30 17:29:12.767,2,1.98,,1024000000
2026-05-30 17:29:12.754,2,1.88,,1024000000
2026-05-30 17:29:12.750,3,2.09,,1024000000
2026-05-30 17:29:12.737,3,2.19,,1024000000
2026-05-30 17:29:12.725,19,18.06,,1024000000
2026-05-30 17:29:12.703,3,2.14,,1024000000
2026-05-30 17:29:12.697,3,2.63,,1024000000
2026-05-30 17:29:12.685,22,21.62,,1024000000
2026-05-30 17:29:12.682,3,2.02,,1024000000
2026-05-30 17:29:12.680,2,1.95,,1024000000
2026-05-30 17:29:12.680,2,1.98,,1024000000
2026-05-30 17:29:12.665,7,6.31,,1024000000
2026-05-30 17:29:12.661,10,9.04,,1024000000
2026-05-30 17:29:12.654,2,1.99,,1024000000
2026-05-30 17:29:12.649,2,1.94,,1024000000
2026-05-30 17:29:12.615,3,2.73,,1024000000
2026-05-30 17:29:12.600,2,1.77,,1024000000
2026-05-30 17:29:12.598,2,1.75,,1024000000
2026-05-30 17:29:12.596,2,1.71,,1024000000
2026-05-30 17:29:12.591,15,14.59,,1024000000
2026-05-30 17:29:12.589,2,1.71,,1024000000
2026-05-30 17:29:12.585,8,7.34,,1024000000
2026-05-30 17:29:12.582,2,1.98,,1024000000
2026-05-30 17:29:12.567,3,2.18,,1024000000
2026-05-30 17:29:12.550,2,1.77,,1024000000
2026-05-30 17:29:12.532,3,2.02,,1024000000
2026-05-30 17:29:12.526,2,1.9,,1024000000
2026-05-30 17:29:12.519,2,1.83,,1024000000
2026-05-30 17:29:12.515,2,1.73,,1024000000
2026-05-30 17:29:12.483,2,1.9,,1024000000
2026-05-30 17:29:12.479,3,2.1,,1024000000
2026-05-30 17:29:12.446,5,4.61,,1024000000
2026-05-30 17:29:12.443,3,2.21,,1024000000
2026-05-30 17:29:12.440,3,2.63,,1024000000
2026-05-30 17:29:12.414,2,2,,1024000000
2026-05-30 17:29:12.369,6,5.36,,1024000000
2026-05-30 17:29:12.365,2,1.88,,1024000000
2026-05-30 17:29:12.361,2,1.99,,1024000000
2026-05-30 17:29:12.350,2,1.78,,1024000000
2026-05-30 17:29:12.348,4,3.02,,1024000000
2026-05-30 17:29:12.345,2,1.63,,1024000000
2026-05-30 17:29:12.328,2,1.77,,1024000000
2026-05-30 17:29:12.327,2,1.68,,1024000000
2026-05-30 17:29:12.304,2,1.78,,1024000000
2026-05-30 17:29:12.296,8,7.67,,1024000000
2026-05-30 17:29:12.286,3,2.48,,1024000000
2026-05-30 17:29:12.286,3,2.06,,1024000000
2026-05-30 17:29:12.245,2,1.73,,1024000000
2026-05-30 17:29:12.236,2,1.67,,1024000000
2026-05-30 17:29:12.226,2,1.91,,1024000000
2026-05-30 17:29:12.226,2,1.9,,1024000000
2026-05-30 17:29:12.222,2,1.72,,1024000000
2026-05-30 17:29:12.200,2,1.74,,1024000000
2026-05-30 17:29:12.196,3,2.15,,1024000000
2026-05-30 17:29:12.183,2,1.93,,1024000000
2026-05-30 17:29:12.182,8,7.22,,1024000000
2026-05-30 17:29:12.182,9,8.73,,1024000000
2026-05-30 17:29:12.168,3,2.17,,1024000000
2026-05-30 17:29:12.164,2,1.9,,1024000000
2026-05-30 17:29:12.160,2,1.84,,1024000000
2026-05-30 17:29:12.147,2,1.76,,1024000000
2026-05-30 17:29:12.131,2,1.69,,1024000000
2026-05-30 17:29:12.107,2,1.83,,1024000000
2026-05-30 17:29:12.101,3,2.2,,1024000000
2026-05-30 17:29:12.088,2,1.92,,1024000000
2026-05-30 17:29:12.086,2,1.94,,1024000000
2026-05-30 17:29:12.076,3,2.08,,1024000000
2026-05-30 17:29:12.059,2,1.82,,1024000000
2026-05-30 17:29:12.050,4,3.11,,1024000000
2026-05-30 17:29:12.039,2,1.7,,1024000000
2026-05-30 17:29:12.004,2,1.78,,1024000000
2026-05-30 17:29:11.985,2,1.86,,1024000000
2026-05-30 17:29:11.960,2,1.85,,1024000000
2026-05-30 17:29:11.950,2,1.9,,1024000000
2026-05-30 17:29:11.924,2,1.73,,1024000000
2026-05-30 17:29:11.920,3,2.06,,1024000000
2026-05-30 17:29:11.911,2,1.96,,1024000000
2026-05-30 17:29:11.910,2,1.72,,1024000000
2026-05-30 17:29:11.891,3,2.15,,1024000000
2026-05-30 17:29:11.864,2,1.77,,1024000000
2026-05-30 17:29:11.838,2,1.9,,1024000000
2026-05-30 17:29:11.837,2,1.73,,1024000000
2026-05-30 17:29:11.834,2,1.85,,1024000000
2026-05-30 17:29:11.823,3,2.06,,1024000000
2026-05-30 17:29:11.810,2,1.81,,1024000000
2026-05-30 17:29:11.803,2,1.75,,1024000000
2026-05-30 17:29:11.774,2,1.76,,1024000000
2026-05-30 17:29:11.730,3,2,,1024000000
2026-05-30 17:29:11.724,2,1.84,,1024000000
2026-05-30 17:29:11.723,2,1.98,,1024000000
2026-05-30 17:29:11.700,2,1.85,,1024000000
2026-05-30 17:29:11.697,2,1.7,,1024000000
2026-05-30 17:29:11.683,3,2.65,,1024000000
2026-05-30 17:29:11.682,2,1.8,,1024000000
2026-05-30 17:29:11.669,3,2.13,,1024000000
2026-05-30 17:29:11.660,2,1.79,,1024000000
2026-05-30 17:29:11.640,2,1.98,,1024000000
2026-05-30 17:29:11.621,2,1.78,,1024000000
2026-05-30 17:29:11.601,3,2.01,,1024000000
2026-05-30 17:29:11.590,3,2.18,,1024000000
2026-05-30 17:29:11.589,2,1.66,,1024000000
2026-05-30 17:29:11.578,2,1.89,,1024000000
2026-05-30 17:29:11.565,2,1.74,,1024000000
2026-05-30 17:29:11.531,2,1.9,,1024000000
2026-05-30 17:29:11.525,2,1.74,,1024000000
2026-05-30 17:29:11.516,2,1.73,,1024000000
2026-05-30 17:29:11.515,3,2.04,,1024000000
2026-05-30 17:29:11.487,2,1.87,,1024000000
2026-05-30 17:29:11.484,3,2.1,,1024000000
2026-05-30 17:29:11.477,2,1.76,,1024000000
2026-05-30 17:29:11.477,2,1.8,,1024000000
2026-05-30 17:29:11.474,3,2.03,,1024000000
2026-05-30 17:29:11.473,11,10.54,,1024000000
2026-05-30 17:29:11.441,2,1.76,,1024000000
2026-05-30 17:29:11.439,4,3.37,,1024000000
2026-05-30 17:29:11.410,2,1.87,,1024000000
2026-05-30 17:29:11.401,2,1.88,,1024000000
2026-05-30 17:29:11.394,4,3.37,,1024000000
2026-05-30 17:29:11.391,3,2.07,,1024000000
2026-05-30 17:29:11.383,3,2.19,,1024000000
2026-05-30 17:29:11.373,2,1.93,,1024000000
2026-05-30 17:29:11.371,3,2.22,,1024000000
2026-05-30 17:29:11.371,14,13.39,,1024000000
2026-05-30 17:29:11.363,2,1.84,,1024000000
2026-05-30 17:29:11.362,2,1.74,,1024000000
2026-05-30 17:29:11.349,6,5.37,,1024000000
2026-05-30 17:29:11.323,3,2.1,,1024000000
2026-05-30 17:29:11.318,3,2.1,,1024000000
2026-05-30 17:29:11.308,3,2,,1024000000
2026-05-30 17:29:11.303,2,1.7,,1024000000
2026-05-30 17:29:11.287,2,1.82,,1024000000
2026-05-30 17:29:11.286,2,1.79,,1024000000
2026-05-30 17:29:11.275,3,2.76,,1024000000
2026-05-30 17:29:11.231,2,1.87,,1024000000
2026-05-30 17:29:11.226,13,12.37,,1024000000
2026-05-30 17:29:11.220,2,1.86,,1024000000
2026-05-30 17:29:11.219,2,1.84,,1024000000
2026-05-30 17:29:11.201,2,1.85,,1024000000
2026-05-30 17:29:11.195,2,1.68,,1024000000
2026-05-30 17:29:11.192,15,14.9,,1024000000
2026-05-30 17:29:11.186,2,1.85,,1024000000
2026-05-30 17:29:11.177,2,1.78,,1024000000
2026-05-30 17:29:11.175,2,1.77,,1024000000
2026-05-30 17:29:11.171,3,2,,1024000000
2026-05-30 17:29:11.154,2,1.79,,1024000000
2026-05-30 17:29:11.145,2,1.75,,1024000000
2026-05-30 17:29:11.139,3,2.07,,1024000000
2026-05-30 17:29:11.131,2,1.76,,1024000000
2026-05-30 17:29:11.097,5,4.68,,1024000000
2026-05-30 17:29:11.094,3,2.09,,1024000000
2026-05-30 17:29:11.089,2,1.8,,1024000000
2026-05-30 17:29:11.079,2,1.71,,1024000000
2026-05-30 17:29:11.066,2,1.94,,1024000000
2026-05-30 17:29:11.065,2,1.88,,1024000000
2026-05-30 17:29:11.045,3,2.34,,1024000000
2026-05-30 17:29:11.038,2,1.9,,1024000000
2026-05-30 17:29:11.012,2,1.99,,1024000000
2026-05-30 17:29:11.010,2,1.87,,1024000000
2026-05-30 17:29:11.007,2,1.97,,1024000000
2026-05-30 17:29:10.997,2,1.8,,1024000000
2026-05-30 17:29:10.989,2,1.92,,1024000000
2026-05-30 17:29:10.970,2,1.72,,1024000000
2026-05-30 17:29:10.949,2,1.93,,1024000000
2026-05-30 17:29:10.933,4,3.43,,1024000000
2026-05-30 17:29:10.925,2,1.88,,1024000000
2026-05-30 17:29:10.924,15,14.41,,1024000000
2026-05-30 17:29:10.924,3,2.06,,1024000000
2026-05-30 17:29:10.896,2,1.6,,1024000000
2026-05-30 17:29:10.884,3,2.17,,1024000000
2026-05-30 17:29:10.821,2,1.94,,1024000000
2026-05-30 17:29:10.819,2,1.83,,1024000000
2026-05-30 17:29:10.819,3,2.33,,1024000000
2026-05-30 17:29:10.817,2,1.72,,1024000000
2026-05-30 17:29:10.802,2,1.8,,1024000000
2026-05-30 17:29:10.795,4,3.03,,1024000000
2026-05-30 17:29:10.792,3,2.23,,1024000000
2026-05-30 17:29:10.789,3,2.06,,1024000000
2026-05-30 17:29:10.765,3,2.4,,1024000000
2026-05-30 17:29:10.738,2,1.89,,1024000000
2026-05-30 17:29:10.735,3,2.93,,1024000000
2026-05-30 17:29:10.713,2,1.77,,1024000000
2026-05-30 17:29:10.698,2,1.86,,1024000000
2026-05-30 17:29:10.698,2,1.87,,1024000000
2026-05-30 17:29:10.678,2,1.72,,1024000000
2026-05-30 17:29:10.669,2,1.8,,1024000000
2026-05-30 17:29:10.662,2,1.87,,1024000000
2026-05-30 17:29:10.642,2,1.83,,1024000000
2026-05-30 17:29:10.636,3,2.18,,1024000000
2026-05-30 17:29:10.621,5,4.3,,1024000000
2026-05-30 17:29:10.617,2,1.99,,1024000000
2026-05-30 17:29:10.616,2,1.94,,1024000000
2026-05-30 17:29:10.616,2,1.77,,1024000000
2026-05-30 17:29:10.615,3,2.11,,1024000000
2026-05-30 17:29:10.613,2,1.9,,1024000000
2026-05-30 17:29:10.604,3,2.03,,1024000000
2026-05-30 17:29:10.603,2,1.79,,1024000000
2026-05-30 17:29:10.588,5,4.61,,1024000000
2026-05-30 17:29:10.583,2,1.65,,1024000000
2026-05-30 17:29:10.577,2,1.85,,1024000000
2026-05-30 17:29:10.567,3,2.11,,1024000000
2026-05-30 17:29:10.559,2,1.8,,1024000000
2026-05-30 17:29:10.544,3,2.18,,1024000000
2026-05-30 17:29:10.534,3,2.16,,1024000000
2026-05-30 17:29:10.527,2,2,,1024000000
2026-05-30 17:29:10.520,3,2.91,,1024000000
2026-05-30 17:29:10.517,3,2.04,,1024000000
2026-05-30 17:29:10.513,2,1.71,,1024000000
2026-05-30 17:29:10.485,3,2.45,,1024000000
2026-05-30 17:29:10.477,15,14.31,,1024000000
2026-05-30 17:29:10.462,2,1.97,,1024000000
2026-05-30 17:29:10.432,2,1.85,,1024000000
2026-05-30 17:29:10.420,10,9.37,,1024000000
2026-05-30 17:29:10.413,2,1.9,,1024000000
2026-05-30 17:29:10.392,2,1.76,,1024000000
2026-05-30 17:29:10.388,2,1.87,,1024000000
2026-05-30 17:29:10.370,2,1.76,,1024000000
2026-05-30 17:29:10.347,3,2.03,,1024000000
2026-05-30 17:29:10.333,3,2.67,,1024000000
2026-05-30 17:29:10.319,3,2.06,,1024000000
2026-05-30 17:29:10.317,2,1.83,,1024000000
2026-05-30 17:29:10.287,3,2.52,,1024000000
2026-05-30 17:29:10.284,3,2.1,,1024000000
2026-05-30 17:29:10.283,2,1.77,,1024000000
2026-05-30 17:29:10.282,3,2.08,,1024000000
2026-05-30 17:29:10.279,2,1.96,,1024000000
2026-05-30 17:29:10.254,4,3.41,,1024000000
2026-05-30 17:29:10.252,2,1.85,,1024000000
2026-05-30 17:29:10.214,2,1.83,,1024000000
2026-05-30 17:29:10.212,2,1.79,,1024000000
2026-05-30 17:29:10.200,2,1.84,,1024000000
2026-05-30 17:29:10.176,2,1.87,,1024000000
2026-05-30 17:29:10.156,2,1.96,,1024000000
2026-05-30 17:29:10.146,3,2.08,,1024000000
2026-05-30 17:29:10.145,2,1.79,,1024000000
2026-05-30 17:29:10.131,2,1.74,,1024000000
2026-05-30 17:29:10.128,8,7.89,,1024000000
2026-05-30 17:29:10.117,2,1.78,,1024000000
2026-05-30 17:29:10.049,2,1.63,,1024000000
2026-05-30 17:29:10.043,2,1.8,,1024000000
2026-05-30 17:29:10.041,2,1.83,,1024000000
2026-05-30 17:29:10.040,8,7.42,,1024000000
2026-05-30 17:29:10.028,2,1.92,,1024000000
2026-05-30 17:29:10.005,2,1.71,,1024000000
2026-05-30 17:29:10.003,3,2.06,,1024000000
2026-05-30 17:29:09.996,2,1.64,,1024000000
2026-05-30 17:29:09.990,2,1.75,,1024000000
2026-05-30 17:29:09.988,8,7.33,,1024000000
2026-05-30 17:29:09.988,3,2.03,,1024000000
2026-05-30 17:29:09.985,2,1.98,,1024000000
2026-05-30 17:29:09.960,2,1.92,,1024000000
2026-05-30 17:29:09.953,3,2.41,,1024000000
2026-05-30 17:29:09.952,2,1.76,,1024000000
2026-05-30 17:29:09.946,2,1.76,,1024000000
2026-05-30 17:29:09.933,5,4,,1024000000
2026-05-30 17:29:09.916,3,2.92,,1024000000
2026-05-30 17:29:09.897,2,1.95,,1024000000
2026-05-30 17:29:09.887,2,1.78,,1024000000
2026-05-30 17:29:09.882,2,1.91,,1024000000
2026-05-30 17:29:09.850,3,2.01,,1024000000
2026-05-30 17:29:09.827,36,35.69,,1024000000
2026-05-30 17:29:09.816,2,1.82,,1024000000
2026-05-30 17:29:09.810,2,1.76,,1024000000
2026-05-30 17:29:09.807,3,2.92,,1024000000
2026-05-30 17:29:09.784,2,1.6,,1024000000
2026-05-30 17:29:09.783,3,2.49,,1024000000
2026-05-30 17:29:09.782,2,2,,1024000000
2026-05-30 17:29:09.778,2,1.78,,1024000000
2026-05-30 17:29:09.771,2,1.99,,1024000000
2026-05-30 17:29:09.768,2,1.99,,1024000000
2026-05-30 17:29:09.754,2,1.77,,1024000000
2026-05-30 17:29:09.742,2,1.63,,1024000000
2026-05-30 17:29:09.732,3,2.69,,1024000000
2026-05-30 17:29:09.722,2,1.7,,1024000000
2026-05-30 17:29:09.715,2,1.88,,1024000000
2026-05-30 17:29:09.705,2,1.79,,1024000000
2026-05-30 17:29:09.701,2,1.87,,1024000000
2026-05-30 17:29:09.698,3,2.1,,1024000000
2026-05-30 17:29:09.677,2,2,,1024000000
2026-05-30 17:29:09.666,3,2.17,,1024000000
2026-05-30 17:29:09.631,2,1.89,,1024000000
2026-05-30 17:29:09.622,10,9.03,,1024000000
2026-05-30 17:29:09.596,2,1.98,,1024000000
2026-05-30 17:29:09.577,2,1.7,,1024000000
2026-05-30 17:29:09.570,3,2.4,,1024000000
2026-05-30 17:29:09.564,2,1.74,,1024000000
2026-05-30 17:29:09.563,3,2.31,,1024000000
2026-05-30 17:29:09.552,3,2,,1024000000
2026-05-30 17:29:09.551,2,1.82,,1024000000
2026-05-30 17:29:09.543,2,1.81,,1024000000
2026-05-30 17:29:09.532,6,5.87,,1024000000
2026-05-30 17:29:09.527,2,1.89,,1024000000
2026-05-30 17:29:09.521,2,1.79,,1024000000
2026-05-30 17:29:09.492,2,1.83,,1024000000
2026-05-30 17:29:09.477,4,3.05,,1024000000
2026-05-30 17:29:09.460,2,1.93,,1024000000
2026-05-30 17:29:09.441,2,1.62,,1024000000
2026-05-30 17:29:09.438,2,1.84,,1024000000
2026-05-30 17:29:09.429,2,1.81,,1024000000
2026-05-30 17:29:09.384,2,1.8,,1024000000
2026-05-30 17:29:09.359,2,1.87,,1024000000
2026-05-30 17:29:09.352,3,2.84,,1024000000
2026-05-30 17:29:09.352,3,2.31,,1024000000
2026-05-30 17:29:09.343,3,2.41,,1024000000
2026-05-30 17:29:09.326,3,2.1,,1024000000
2026-05-30 17:29:09.315,2,1.91,,1024000000
2026-05-30 17:29:09.309,3,2.1,,1024000000
2026-05-30 17:29:09.305,5,4.03,,1024000000
2026-05-30 17:29:09.277,2,1.96,,1024000000
2026-05-30 17:29:09.257,3,2.1,,1024000000
2026-05-30 17:29:09.249,3,2.22,,1024000000
2026-05-30 17:29:09.245,2,1.92,,1024000000
2026-05-30 17:29:09.226,2,1.93,,1024000000
2026-05-30 17:29:09.221,2,1.76,,1024000000
2026-05-30 17:29:09.214,8,7.46,,1024000000
2026-05-30 17:29:09.200,3,2.15,,1024000000
2026-05-30 17:29:09.171,3,2.02,,1024000000
2026-05-30 17:29:09.158,2,1.73,,1024000000
2026-05-30 17:29:09.136,3,2.03,,1024000000
2026-05-30 17:29:09.113,3,2.04,,1024000000
2026-05-30 17:29:09.099,9,8.27,,1024000000
2026-05-30 17:29:09.096,2,2,,1024000000
2026-05-30 17:29:09.094,10,9.02,,1024000000
2026-05-30 17:29:09.091,2,1.86,,1024000000
2026-05-30 17:29:09.091,3,2.05,,1024000000
2026-05-30 17:29:09.080,2,1.86,,1024000000
2026-05-30 17:29:09.080,11,10.77,,1024000000
2026-05-30 17:29:09.069,2,1.69,,1024000000
2026-05-30 17:29:09.068,4,3.58,,1024000000
2026-05-30 17:29:09.065,2,1.94,,1024000000
2026-05-30 17:29:09.059,3,2.8,,1024000000
2026-05-30 17:29:09.052,17,16.35,,1024000000
2026-05-30 17:29:09.021,5,4.32,,1024000000
2026-05-30 17:29:09.009,9,8.38,,1024000000
2026-05-30 17:29:08.993,3,2.08,,1024000000
2026-05-30 17:29:08.987,4,3.39,,1024000000
2026-05-30 17:29:08.979,2,1.71,,1024000000
2026-05-30 17:29:08.964,7,6.75,,1024000000
2026-05-30 17:29:08.953,3,2.06,,1024000000
2026-05-30 17:29:08.938,3,2.3,,1024000000
2026-05-30 17:29:08.909,2,1.78,,1024000000
2026-05-30 17:29:08.896,2,1.78,,1024000000
2026-05-30 17:29:08.893,16,15.78,,1024000000
2026-05-30 17:29:08.872,2,1.94,,1024000000
2026-05-30 17:29:08.865,3,2.09,,1024000000
2026-05-30 17:29:08.862,2,1.74,,1024000000
2026-05-30 17:29:08.859,3,2.23,,1024000000
2026-05-30 17:29:08.835,2,1.94,,1024000000
2026-05-30 17:29:08.832,2,1.75,,1024000000
2026-05-30 17:29:08.831,2,1.84,,1024000000
2026-05-30 17:29:08.825,2,1.83,,1024000000
2026-05-30 17:29:08.806,5,4.08,,1024000000
2026-05-30 17:29:08.799,2,1.79,,1024000000
2026-05-30 17:29:08.768,2,1.75,,1024000000
2026-05-30 17:29:08.760,5,4.03,,1024000000
2026-05-30 17:29:08.759,2,1.84,,1024000000
2026-05-30 17:29:08.744,3,2.42,,1024000000
2026-05-30 17:29:08.737,2,1.92,,1024000000
2026-05-30 17:29:08.730,2,1.86,,1024000000
2026-05-30 17:29:08.725,2,1.81,,1024000000
2026-05-30 17:29:08.723,2,1.79,,1024000000
2026-05-30 17:29:08.714,2,1.72,,1024000000
2026-05-30 17:29:08.713,7,6.2,,1024000000
2026-05-30 17:29:08.687,2,1.82,,1024000000
2026-05-30 17:29:08.683,2,1.88,,1024000000
2026-05-30 17:29:08.680,8,7.54,,1024000000
2026-05-30 17:29:08.679,2,1.97,,1024000000
2026-05-30 17:29:08.675,3,2.04,,1024000000
2026-05-30 17:29:08.656,2,1.94,,1024000000
2026-05-30 17:29:08.654,3,2.19,,1024000000
2026-05-30 17:29:08.649,2,1.88,,1024000000
2026-05-30 17:29:08.630,3,2.37,,1024000000
2026-05-30 17:29:08.630,3,2.33,,1024000000
2026-05-30 17:29:08.619,2,1.89,,1024000000
2026-05-30 17:29:08.599,2,1.89,,1024000000
2026-05-30 17:29:08.598,2,1.92,,1024000000
2026-05-30 17:29:08.562,2,1.91,,1024000000
2026-05-30 17:29:08.550,2,1.83,,1024000000
2026-05-30 17:29:08.549,2,1.75,,1024000000
2026-05-30 17:29:08.543,3,2.41,,1024000000
2026-05-30 17:29:08.534,2,1.64,,1024000000
2026-05-30 17:29:08.528,3,2.35,,1024000000
2026-05-30 17:29:08.523,3,2.13,,1024000000
2026-05-30 17:29:08.522,2,1.9,,1024000000
2026-05-30 17:29:08.516,2,2,,1024000000
2026-05-30 17:29:08.489,3,2.94,,1024000000
2026-05-30 17:29:08.480,2,1.6,,1024000000
2026-05-30 17:29:08.474,2,1.95,,1024000000
2026-05-30 17:29:08.472,2,1.88,,1024000000
2026-05-30 17:29:08.459,8,7.34,,1024000000
2026-05-30 17:29:08.452,2,1.73,,1024000000
2026-05-30 17:29:08.452,3,2.19,,1024000000
2026-05-30 17:29:08.441,2,1.73,,1024000000
2026-05-30 17:29:08.434,16,15.79,,1024000000
2026-05-30 17:29:08.417,2,1.74,,1024000000
2026-05-30 17:29:08.409,3,2.02,,1024000000
2026-05-30 17:29:08.401,2,1.97,,1024000000
2026-05-30 17:29:08.393,2,1.89,,1024000000
2026-05-30 17:29:08.385,2,1.81,,1024000000
2026-05-30 17:29:08.384,2,1.83,,1024000000
2026-05-30 17:29:08.357,2,1.89,,1024000000
2026-05-30 17:29:08.355,2,1.79,,1024000000
2026-05-30 17:29:08.327,3,2.39,,1024000000
2026-05-30 17:29:08.314,3,2.13,,1024000000
2026-05-30 17:29:08.297,2,1.8,,1024000000
2026-05-30 17:29:08.264,2,1.92,,1024000000
2026-05-30 17:29:08.250,3,2.03,,1024000000
2026-05-30 17:29:08.246,2,1.87,,1024000000
2026-05-30 17:29:08.238,3,2.1,,1024000000
2026-05-30 17:29:08.229,3,2.2,,1024000000
2026-05-30 17:29:08.224,2,1.99,,1024000000
2026-05-30 17:29:08.223,2,1.73,,1024000000
2026-05-30 17:29:08.213,2,1.89,,1024000000
2026-05-30 17:29:08.206,2,1.72,,1024000000
2026-05-30 17:29:08.201,2,1.87,,1024000000
2026-05-30 17:29:08.160,2,1.8,,1024000000
2026-05-30 17:29:08.155,2,1.69,,1024000000
2026-05-30 17:29:08.152,3,2.35,,1024000000
2026-05-30 17:29:08.146,3,2.4,,1024000000
2026-05-30 17:29:08.133,2,1.85,,1024000000
2026-05-30 17:29:08.129,2,1.74,,1024000000
2026-05-30 17:29:08.122,6,5.81,,1024000000
2026-05-30 17:29:08.115,2,1.88,,1024000000
2026-05-30 17:29:08.112,2,1.82,,1024000000
2026-05-30 17:29:08.076,2,1.76,,1024000000
2026-05-30 17:29:08.061,2,1.74,,1024000000
2026-05-30 17:29:08.051,2,1.67,,1024000000
2026-05-30 17:29:08.041,2,1.77,,1024000000
2026-05-30 17:29:08.022,2,1.78,,1024000000
2026-05-30 17:29:08.004,2,1.78,,1024000000
2026-05-30 17:29:08.001,8,7.34,,1024000000
2026-05-30 17:29:08.000,3,2.15,,1024000000
2026-05-30 17:29:07.999,3,2.08,,1024000000
2026-05-30 17:29:07.997,2,1.63,,1024000000
2026-05-30 17:29:07.996,2,1.98,,1024000000
2026-05-30 17:29:07.992,2,1.69,,1024000000
2026-05-30 17:29:07.921,2,1.72,,1024000000
2026-05-30 17:29:07.911,3,2.17,,1024000000
2026-05-30 17:29:07.901,2,1.79,,1024000000
2026-05-30 17:29:07.899,2,1.97,,1024000000
2026-05-30 17:29:07.894,2,1.82,,1024000000
2026-05-30 17:29:07.880,2,1.86,,1024000000
2026-05-30 17:29:07.880,2,1.78,,1024000000
2026-05-30 17:29:07.861,2,1.69,,1024000000
2026-05-30 17:29:07.857,2,1.78,,1024000000
2026-05-30 17:29:07.853,3,2.47,,1024000000
2026-05-30 17:29:07.842,3,2.07,,1024000000
2026-05-30 17:29:07.776,2,1.91,,1024000000
2026-05-30 17:29:07.766,2,1.75,,1024000000
2026-05-30 17:29:07.762,2,1.78,,1024000000
2026-05-30 17:29:07.755,2,1.75,,1024000000
2026-05-30 17:29:07.750,2,1.71,,1024000000
2026-05-30 17:29:07.734,2,1.89,,1024000000
2026-05-30 17:29:07.727,2,1.84,,1024000000
2026-05-30 17:29:07.705,2,1.64,,1024000000
2026-05-30 17:29:07.696,3,2.44,,1024000000
2026-05-30 17:29:07.692,2,1.81,,1024000000
2026-05-30 17:29:07.669,2,1.9,,1024000000
2026-05-30 17:29:07.667,2,1.76,,1024000000
2026-05-30 17:29:07.663,2,1.79,,1024000000
2026-05-30 17:29:07.647,2,1.8,,1024000000
2026-05-30 17:29:07.632,2,1.96,,1024000000
2026-05-30 17:29:07.630,3,2.09,,1024000000
2026-05-30 17:29:07.601,2,1.75,,1024000000
2026-05-30 17:29:07.584,2,1.7,,1024000000
2026-05-30 17:29:07.580,2,1.69,,1024000000
2026-05-30 17:29:07.567,2,1.76,,1024000000
2026-05-30 17:29:07.553,2,1.86,,1024000000
2026-05-30 17:29:07.543,3,2.13,,1024000000
2026-05-30 17:29:07.525,3,2.3,,1024000000
2026-05-30 17:29:07.524,3,2.09,,1024000000
2026-05-30 17:29:07.506,3,2.57,,1024000000
2026-05-30 17:29:07.501,2,1.87,,1024000000
2026-05-30 17:29:07.485,2,1.96,,1024000000
2026-05-30 17:29:07.480,2,1.59,,1024000000
2026-05-30 17:29:07.479,2,1.81,,1024000000
2026-05-30 17:29:07.476,2,1.84,,1024000000
2026-05-30 17:29:07.474,5,4.05,,1024000000
2026-05-30 17:29:07.472,2,1.63,,1024000000
2026-05-30 17:29:07.457,2,1.62,,1024000000
2026-05-30 17:29:07.409,2,1.83,,1024000000
2026-05-30 17:29:07.401,3,2.1,,1024000000
2026-05-30 17:29:07.397,2,1.7,,1024000000
2026-05-30 17:29:07.385,2,1.67,,1024000000
2026-05-30 17:29:07.375,2,1.87,,1024000000
2026-05-30 17:29:07.373,2,1.91,,1024000000
2026-05-30 17:29:07.355,2,1.89,,1024000000
2026-05-30 17:29:07.355,2,1.81,,1024000000
2026-05-30 17:29:07.344,2,1.84,,1024000000
2026-05-30 17:29:07.265,3,2.02,,1024000000
2026-05-30 17:29:07.234,3,2.04,,1024000000
2026-05-30 17:29:07.203,2,1.77,,1024000000
2026-05-30 17:29:07.184,2,1.9,,1024000000
2026-05-30 17:29:07.180,3,2.01,,1024000000
2026-05-30 17:29:07.170,3,2.07,,1024000000
2026-05-30 17:29:07.160,3,2.03,,1024000000
2026-05-30 17:29:07.147,7,6.48,,1024000000
2026-05-30 17:29:07.146,2,1.77,,1024000000
2026-05-30 17:29:07.146,3,2.15,,1024000000
2026-05-30 17:29:07.144,2,1.67,,1024000000
2026-05-30 17:29:07.140,2,1.69,,1024000000
2026-05-30 17:29:07.131,3,2.05,,1024000000
2026-05-30 17:29:07.118,2,1.87,,1024000000
2026-05-30 17:29:07.103,2,1.79,,1024000000
2026-05-30 17:29:07.077,5,4.43,,1024000000
2026-05-30 17:29:07.069,3,2.02,,1024000000
2026-05-30 17:29:07.068,2,1.89,,1024000000
2026-05-30 17:29:07.058,2,1.7,,1024000000
2026-05-30 17:29:07.044,2,1.79,,1024000000
2026-05-30 17:29:07.041,2,1.99,,1024000000
2026-05-30 17:29:07.031,2,1.88,,1024000000
2026-05-30 17:29:07.007,2,1.87,,1024000000
2026-05-30 17:29:06.996,2,1.93,,1024000000
2026-05-30 17:29:06.995,8,7.98,,1024000000
2026-05-30 17:29:06.995,2,1.74,,1024000000
2026-05-30 17:29:06.985,11,10.22,,1024000000
2026-05-30 17:29:06.978,2,1.79,,1024000000
2026-05-30 17:29:06.962,3,2.17,,1024000000
2026-05-30 17:29:06.959,2,1.8,,1024000000
2026-05-30 17:29:06.939,3,2.01,,1024000000
2026-05-30 17:29:06.930,2,1.98,,1024000000
2026-05-30 17:29:06.930,2,1.78,,1024000000
2026-05-30 17:29:06.923,2,1.92,,1024000000
2026-05-30 17:29:06.904,3,2.06,,1024000000
2026-05-30 17:29:06.903,3,2.04,,1024000000
2026-05-30 17:29:06.888,4,3.43,,1024000000
2026-05-30 17:29:06.867,2,1.77,,1024000000
2026-05-30 17:29:06.860,2,1.78,,1024000000
2026-05-30 17:29:06.849,3,2.21,,1024000000
2026-05-30 17:29:06.836,2,2,,1024000000
2026-05-30 17:29:06.834,2,1.73,,1024000000
2026-05-30 17:29:06.833,3,2.14,,1024000000
2026-05-30 17:29:06.811,3,2.18,,1024000000
2026-05-30 17:29:06.804,2,1.96,,1024000000
2026-05-30 17:29:06.802,2,1.83,,1024000000
2026-05-30 17:29:06.767,2,1.84,,1024000000
2026-05-30 17:29:06.750,8,7.98,,1024000000
2026-05-30 17:29:06.746,3,2.19,,1024000000
2026-05-30 17:29:06.731,2,1.85,,1024000000
2026-05-30 17:29:06.725,2,1.94,,1024000000
2026-05-30 17:29:06.722,2,1.87,,1024000000
2026-05-30 17:29:06.720,3,2.24,,1024000000
2026-05-30 17:29:06.717,5,4.18,,1024000000
2026-05-30 17:29:06.714,3,2.12,,1024000000
2026-05-30 17:29:06.709,2,1.75,,1024000000
2026-05-30 17:29:06.697,2,1.71,,1024000000
2026-05-30 17:29:06.685,17,16.4,,1024000000
2026-05-30 17:29:06.683,2,1.78,,1024000000
2026-05-30 17:29:06.671,3,2,,1024000000
2026-05-30 17:29:06.642,2,1.74,,1024000000
2026-05-30 17:29:06.617,2,1.82,,1024000000
2026-05-30 17:29:06.610,2,1.81,,1024000000
2026-05-30 17:29:06.606,2,1.74,,1024000000
2026-05-30 17:29:06.603,7,6.26,,1024000000
2026-05-30 17:29:06.600,16,15.8,,1024000000
2026-05-30 17:29:06.596,2,1.97,,1024000000
2026-05-30 17:29:06.586,3,2.16,,1024000000
2026-05-30 17:29:06.585,2,1.86,,1024000000
2026-05-30 17:29:06.581,2,1.93,,1024000000
2026-05-30 17:29:06.573,2,1.68,,1024000000
2026-05-30 17:29:06.571,2,1.75,,1024000000
2026-05-30 17:29:06.566,2,1.74,,1024000000
2026-05-30 17:29:06.560,2,1.88,,1024000000
2026-05-30 17:29:06.559,2,1.79,,1024000000
2026-05-30 17:29:06.558,3,2.38,,1024000000
2026-05-30 17:29:06.558,2,1.9,,1024000000
2026-05-30 17:29:06.539,3,2.75,,1024000000
2026-05-30 17:29:06.538,2,1.88,,1024000000
2026-05-30 17:29:06.529,2,1.98,,1024000000
2026-05-30 17:29:06.524,2,1.89,,1024000000
2026-05-30 17:29:06.522,2,1.89,,1024000000
2026-05-30 17:29:06.520,2,1.96,,1024000000
2026-05-30 17:29:06.513,15,14.6,,1024000000
2026-05-30 17:29:06.506,2,1.85,,1024000000
2026-05-30 17:29:06.501,2,1.87,,1024000000
2026-05-30 17:29:06.497,2,1.99,,1024000000
2026-05-30 17:29:06.496,2,1.75,,1024000000
2026-05-30 17:29:06.480,3,2.02,,1024000000
2026-05-30 17:29:06.470,3,2.04,,1024000000
2026-05-30 17:29:06.469,2,1.98,,1024000000
2026-05-30 17:29:06.422,3,2.13,,1024000000
2026-05-30 17:29:06.387,3,2.01,,1024000000
2026-05-30 17:29:06.385,3,2.16,,1024000000
2026-05-30 17:29:06.379,2,1.7,,1024000000
2026-05-30 17:29:06.368,2,1.95,,1024000000
2026-05-30 17:29:06.365,11,10.59,,1024000000
2026-05-30 17:29:06.351,2,1.8,,1024000000
2026-05-30 17:29:06.345,2,1.83,,1024000000
2026-05-30 17:29:06.344,2,2,,1024000000
2026-05-30 17:29:06.343,2,1.91,,1024000000
2026-05-30 17:29:06.341,2,1.77,,1024000000
2026-05-30 17:29:06.326,2,1.75,,1024000000
2026-05-30 17:29:06.314,3,2.11,,1024000000
2026-05-30 17:29:06.286,2,1.72,,1024000000
2026-05-30 17:29:06.285,2,1.82,,1024000000
2026-05-30 17:29:06.281,2,1.68,,1024000000
2026-05-30 17:29:06.270,3,2.12,,1024000000
2026-05-30 17:29:06.218,3,2.08,,1024000000
2026-05-30 17:29:06.207,2,1.89,,1024000000
2026-05-30 17:29:06.184,2,1.89,,1024000000
2026-05-30 17:29:06.165,3,2.21,,1024000000
2026-05-30 17:29:06.148,2,1.72,,1024000000
2026-05-30 17:29:06.142,5,4.08,,1024000000
2026-05-30 17:29:06.132,4,3.56,,1024000000
2026-05-30 17:29:06.131,2,1.6,,1024000000
2026-05-30 17:29:06.122,2,1.71,,1024000000
2026-05-30 17:29:06.090,2,1.68,,1024000000
2026-05-30 17:29:06.089,2,1.9,,1024000000
2026-05-30 17:29:06.085,2,1.73,,1024000000
2026-05-30 17:29:06.079,2,1.62,,1024000000
2026-05-30 17:29:06.078,2,1.69,,1024000000
2026-05-30 17:29:06.070,2,1.69,,1024000000
2026-05-30 17:29:06.058,2,1.74,,1024000000
2026-05-30 17:29:06.025,3,2.02,,1024000000
2026-05-30 17:29:06.024,3,2.3,,1024000000
2026-05-30 17:29:06.023,3,2.04,,1024000000
2026-05-30 17:29:06.021,2,1.81,,1024000000
2026-05-30 17:29:06.016,2,1.78,,1024000000
2026-05-30 17:29:05.988,2,1.83,,1024000000
2026-05-30 17:29:05.982,3,2.02,,1024000000
2026-05-30 17:29:05.926,3,2,,1024000000
2026-05-30 17:29:05.922,2,1.8,,1024000000
2026-05-30 17:29:05.921,3,2.02,,1024000000
2026-05-30 17:29:05.907,2,1.71,,1024000000
2026-05-30 17:29:05.903,3,2.09,,1024000000
2026-05-30 17:29:05.896,2,1.92,,1024000000
2026-05-30 17:29:05.827,2,1.8,,1024000000
2026-05-30 17:29:05.823,2,1.85,,1024000000
2026-05-30 17:29:05.816,2,1.96,,1024000000
2026-05-30 17:29:05.814,3,2.06,,1024000000
2026-05-30 17:29:05.794,2,1.84,,1024000000
2026-05-30 17:29:05.787,2,1.76,,1024000000
2026-05-30 17:29:05.766,2,1.86,,1024000000
2026-05-30 17:29:05.748,2,1.79,,1024000000
2026-05-30 17:29:05.742,3,2.01,,1024000000
2026-05-30 17:29:05.728,3,2.05,,1024000000
2026-05-30 17:29:05.692,2,1.78,,1024000000
2026-05-30 17:29:05.670,2,1.82,,1024000000
2026-05-30 17:29:05.668,2,1.87,,1024000000
2026-05-30 17:29:05.662,2,1.91,,1024000000
2026-05-30 17:29:05.658,2,1.9,,1024000000
2026-05-30 17:29:05.633,3,2.17,,1024000000
2026-05-30 17:29:05.632,4,3.73,,1024000000
2026-05-30 17:29:05.616,2,1.77,,1024000000
2026-05-30 17:29:05.612,3,2.01,,1024000000
2026-05-30 17:29:05.609,3,2.59,,1024000000
2026-05-30 17:29:05.598,2,1.83,,1024000000
2026-05-30 17:29:05.596,2,1.9,,1024000000
2026-05-30 17:29:05.581,2,1.77,,1024000000
2026-05-30 17:29:05.562,2,1.73,,1024000000
2026-05-30 17:29:05.545,2,1.92,,1024000000
2026-05-30 17:29:05.523,2,1.73,,1024000000
2026-05-30 17:29:05.498,2,1.82,,1024000000
2026-05-30 17:29:05.495,22,21.53,,1024000000
2026-05-30 17:29:05.493,3,2.54,,1024000000
2026-05-30 17:29:05.468,2,1.89,,1024000000
2026-05-30 17:29:05.431,2,1.85,,1024000000
2026-05-30 17:29:05.423,3,2.18,,1024000000
2026-05-30 17:29:05.416,2,1.74,,1024000000
2026-05-30 17:29:05.414,3,2.55,,1024000000
2026-05-30 17:29:05.390,2,1.66,,1024000000
2026-05-30 17:29:05.373,3,2.23,,1024000000
2026-05-30 17:29:05.373,2,1.86,,1024000000
2026-05-30 17:29:05.368,2,1.83,,1024000000
2026-05-30 17:29:05.337,2,1.78,,1024000000
2026-05-30 17:29:05.334,2,1.85,,1024000000
2026-05-30 17:29:05.332,13,12.26,,1024000000
2026-05-30 17:29:05.329,2,1.74,,1024000000
2026-05-30 17:29:05.315,2,1.86,,1024000000
2026-05-30 17:29:05.315,2,1.97,,1024000000
2026-05-30 17:29:05.289,2,1.99,,1024000000
2026-05-30 17:29:05.289,2,1.7,,1024000000
2026-05-30 17:29:05.279,2,1.87,,1024000000
2026-05-30 17:29:05.273,2,1.86,,1024000000
2026-05-30 17:29:05.254,2,1.87,,1024000000
2026-05-30 17:29:05.248,3,2.21,,1024000000
2026-05-30 17:29:05.241,3,2.03,,1024000000
2026-05-30 17:29:05.239,2,1.69,,1024000000
2026-05-30 17:29:05.238,2,1.86,,1024000000
2026-05-30 17:29:05.230,2,1.89,,1024000000
2026-05-30 17:29:05.202,10,9.45,,1024000000
2026-05-30 17:29:05.181,2,1.73,,1024000000
2026-05-30 17:29:05.177,2,1.73,,1024000000
2026-05-30 17:29:05.171,8,7.13,,1024000000
2026-05-30 17:29:05.171,3,2.12,,1024000000
2026-05-30 17:29:05.159,2,1.67,,1024000000
2026-05-30 17:29:05.158,2,1.95,,1024000000
2026-05-30 17:29:05.157,2,1.87,,1024000000
2026-05-30 17:29:05.138,2,1.85,,1024000000
2026-05-30 17:29:05.129,3,2.15,,1024000000
2026-05-30 17:29:05.115,2,1.84,,1024000000
2026-05-30 17:29:05.100,2,1.9,,1024000000
2026-05-30 17:29:05.079,3,2.13,,1024000000
2026-05-30 17:29:05.066,3,2.19,,1024000000
2026-05-30 17:29:05.053,2,1.9,,1024000000
2026-05-30 17:29:05.031,3,2.09,,1024000000
2026-05-30 17:29:04.998,2,1.81,,1024000000
2026-05-30 17:29:04.977,2,1.88,,1024000000
2026-05-30 17:29:04.974,2,1.92,,1024000000
2026-05-30 17:29:04.972,2,1.81,,1024000000
2026-05-30 17:29:04.964,2,1.74,,1024000000
2026-05-30 17:29:04.963,2,1.8,,1024000000
2026-05-30 17:29:04.956,2,1.7,,1024000000
2026-05-30 17:29:04.952,2,1.87,,1024000000
2026-05-30 17:29:04.949,2,1.72,,1024000000
2026-05-30 17:29:04.949,10,9.28,,1024000000
2026-05-30 17:29:04.939,3,2.12,,1024000000
2026-05-30 17:29:04.938,2,1.81,,1024000000
2026-05-30 17:29:04.933,2,1.82,,1024000000
2026-05-30 17:29:04.923,2,1.99,,1024000000
2026-05-30 17:29:04.921,2,1.75,,1024000000
2026-05-30 17:29:04.914,7,6.11,,1024000000
2026-05-30 17:29:04.908,3,2.27,,1024000000
2026-05-30 17:29:04.896,2,1.63,,1024000000
2026-05-30 17:29:04.895,2,1.66,,1024000000
2026-05-30 17:29:04.869,3,2.08,,1024000000
2026-05-30 17:29:04.852,3,2.59,,1024000000
2026-05-30 17:29:04.852,2,1.78,,1024000000
2026-05-30 17:29:04.851,2,1.91,,1024000000
2026-05-30 17:29:04.836,2,1.94,,1024000000
2026-05-30 17:29:04.830,10,9.14,,1024000000
2026-05-30 17:29:04.827,2,1.64,,1024000000
2026-05-30 17:29:04.820,2,1.91,,1024000000
2026-05-30 17:29:04.820,2,1.72,,1024000000
2026-05-30 17:29:04.819,3,2.03,,1024000000
2026-05-30 17:29:04.812,2,1.76,,1024000000
2026-05-30 17:29:04.808,2,1.74,,1024000000
2026-05-30 17:29:04.797,3,2.07,,1024000000
2026-05-30 17:29:04.795,2,1.79,,1024000000
2026-05-30 17:29:04.795,8,7.22,,1024000000
2026-05-30 17:29:04.774,2,1.73,,1024000000
2026-05-30 17:29:04.771,2,1.75,,1024000000
2026-05-30 17:29:04.763,2,1.85,,1024000000
2026-05-30 17:29:04.729,3,2.58,,1024000000
2026-05-30 17:29:04.681,2,1.79,,1024000000
2026-05-30 17:29:04.676,8,7.07,,1024000000
2026-05-30 17:29:04.675,3,2.15,,1024000000
2026-05-30 17:29:04.663,2,1.98,,1024000000
2026-05-30 17:29:04.662,3,2.08,,1024000000
2026-05-30 17:29:04.659,3,2.34,,1024000000
2026-05-30 17:29:04.659,2,1.7,,1024000000
2026-05-30 17:29:04.657,2,1.97,,1024000000
2026-05-30 17:29:04.655,8,7.54,,1024000000
2026-05-30 17:29:04.654,2,1.75,,1024000000
2026-05-30 17:29:04.638,2,1.79,,1024000000
2026-05-30 17:29:04.618,6,5.23,,1024000000
2026-05-30 17:29:04.615,3,2.28,,1024000000
2026-05-30 17:29:04.614,2,1.82,,1024000000
2026-05-30 17:29:04.594,3,2.28,,1024000000
2026-05-30 17:29:04.583,3,2.6,,1024000000
2026-05-30 17:29:04.563,2,1.59,,1024000000
2026-05-30 17:29:04.561,2,1.95,,1024000000
2026-05-30 17:29:04.555,2,1.86,,1024000000
2026-05-30 17:29:04.522,2,1.99,,1024000000
2026-05-30 17:29:04.498,3,2.22,,1024000000
2026-05-30 17:29:04.494,2,1.95,,1024000000
2026-05-30 17:29:04.494,2,1.7,,1024000000
2026-05-30 17:29:04.479,2,1.88,,1024000000
2026-05-30 17:29:04.478,2,1.79,,1024000000
2026-05-30 17:29:04.475,2,1.93,,1024000000
2026-05-30 17:29:04.464,2,1.76,,1024000000
2026-05-30 17:29:04.462,2,1.78,,1024000000
2026-05-30 17:29:04.414,2,1.81,,1024000000
2026-05-30 17:29:04.409,2,1.65,,1024000000
2026-05-30 17:29:04.391,2,1.75,,1024000000
2026-05-30 17:29:04.357,2,1.9,,1024000000
2026-05-30 17:29:04.356,2,1.87,,1024000000
2026-05-30 17:29:04.318,2,1.84,,1024000000
2026-05-30 17:29:04.310,3,2.15,,1024000000
2026-05-30 17:29:04.304,2,1.81,,1024000000
2026-05-30 17:29:04.293,2,1.7,,1024000000
2026-05-30 17:29:04.281,2,1.74,,1024000000
2026-05-30 17:29:04.257,2,1.88,,1024000000
2026-05-30 17:29:04.255,3,2.23,,1024000000
2026-05-30 17:29:04.251,2,1.77,,1024000000
2026-05-30 17:29:04.240,6,5.8,,1024000000
2026-05-30 17:29:04.201,2,1.65,,1024000000
2026-05-30 17:29:04.178,3,2.43,,1024000000
2026-05-30 17:29:04.177,2,1.76,,1024000000
2026-05-30 17:29:04.160,6,5.64,,1024000000
2026-05-30 17:29:04.123,2,1.86,,1024000000
2026-05-30 17:29:04.119,2,1.93,,1024000000
2026-05-30 17:29:04.107,8,7.17,,1024000000
2026-05-30 17:29:04.099,3,2.11,,1024000000
2026-05-30 17:29:04.092,3,2,,1024000000
2026-05-30 17:29:04.079,3,2.09,,1024000000
2026-05-30 17:29:04.064,2,1.9,,1024000000
2026-05-30 17:29:04.062,2,1.74,,1024000000
2026-05-30 17:29:04.056,7,6.23,,1024000000
2026-05-30 17:29:04.052,2,2,,1024000000
2026-05-30 17:29:04.041,2,1.99,,1024000000
2026-05-30 17:29:04.040,3,2.11,,1024000000
2026-05-30 17:29:04.033,3,2.05,,1024000000
2026-05-30 17:29:04.027,2,1.71,,1024000000
2026-05-30 17:29:03.969,2,1.82,,1024000000
2026-05-30 17:29:03.969,13,12.36,,1024000000
2026-05-30 17:29:03.962,2,1.82,,1024000000
2026-05-30 17:29:03.949,2,1.71,,1024000000
2026-05-30 17:29:03.922,2,1.8,,1024000000
2026-05-30 17:29:03.921,2,1.95,,1024000000
2026-05-30 17:29:03.921,2,1.7,,1024000000
2026-05-30 17:29:03.912,2,1.95,,1024000000
2026-05-30 17:29:03.902,3,2.02,,1024000000
2026-05-30 17:29:03.887,2,1.9,,1024000000
2026-05-30 17:29:03.840,2,1.8,,1024000000
2026-05-30 17:29:03.818,3,2.03,,1024000000
2026-05-30 17:29:03.816,2,1.86,,1024000000
2026-05-30 17:29:03.784,2,1.91,,1024000000
2026-05-30 17:29:03.777,3,2.73,,1024000000
2026-05-30 17:29:03.772,3,2.01,,1024000000
2026-05-30 17:29:03.766,2,1.89,,1024000000
2026-05-30 17:29:03.765,6,5.54,,1024000000
2026-05-30 17:29:03.759,3,2.35,,1024000000
2026-05-30 17:29:03.745,4,3.23,,1024000000
2026-05-30 17:29:03.740,2,1.74,,1024000000
2026-05-30 17:29:03.714,2,1.76,,1024000000
2026-05-30 17:29:03.714,3,2.12,,1024000000
2026-05-30 17:29:03.706,3,2.06,,1024000000
2026-05-30 17:29:03.706,3,2.37,,1024000000
2026-05-30 17:29:03.703,2,1.6,,1024000000
2026-05-30 17:29:03.699,2,1.97,,1024000000
2026-05-30 17:29:03.677,3,2.05,,1024000000
2026-05-30 17:29:03.673,2,1.77,,1024000000
2026-05-30 17:29:03.673,2,1.87,,1024000000
2026-05-30 17:29:03.672,2,1.76,,1024000000
2026-05-30 17:29:03.647,3,2.02,,1024000000
2026-05-30 17:29:03.637,3,2.08,,1024000000
2026-05-30 17:29:03.612,4,3.15,,1024000000
2026-05-30 17:29:03.611,2,1.81,,1024000000
2026-05-30 17:29:03.604,2,1.83,,1024000000
2026-05-30 17:29:03.601,4,3.96,,1024000000
2026-05-30 17:29:03.589,6,5.95,,1024000000
2026-05-30 17:29:03.581,2,1.8,,1024000000
2026-05-30 17:29:03.579,2,1.84,,1024000000
2026-05-30 17:29:03.579,7,6.83,,1024000000
2026-05-30 17:29:03.573,2,1.95,,1024000000
2026-05-30 17:29:03.564,2,1.74,,1024000000
2026-05-30 17:29:03.553,2,1.89,,1024000000
2026-05-30 17:29:03.545,2,1.78,,1024000000
2026-05-30 17:29:03.541,2,1.82,,1024000000
2026-05-30 17:29:03.513,2,1.98,,1024000000
2026-05-30 17:29:03.513,2,1.92,,1024000000
2026-05-30 17:29:03.508,2,1.91,,1024000000
2026-05-30 17:29:03.501,17,16.76,,1024000000
2026-05-30 17:29:03.500,2,1.86,,1024000000
2026-05-30 17:29:03.499,3,2.2,,1024000000
2026-05-30 17:29:03.497,2,1.84,,1024000000
2026-05-30 17:29:03.490,2,1.74,,1024000000
2026-05-30 17:29:03.482,2,1.94,,1024000000
2026-05-30 17:29:03.469,2,1.89,,1024000000
2026-05-30 17:29:03.457,2,1.67,,1024000000
2026-05-30 17:29:03.454,20,19.57,,1024000000
2026-05-30 17:29:03.448,2,1.96,,1024000000
2026-05-30 17:29:03.420,2,1.96,,1024000000
2026-05-30 17:29:03.385,2,1.93,,1024000000
2026-05-30 17:29:03.384,3,2.05,,1024000000
2026-05-30 17:29:03.359,2,1.76,,1024000000
2026-05-30 17:29:03.349,3,2.15,,1024000000
2026-05-30 17:29:03.330,2,1.93,,1024000000
2026-05-30 17:29:03.329,2,1.86,,1024000000
2026-05-30 17:29:03.292,2,1.64,,1024000000
2026-05-30 17:29:03.272,2,1.85,,1024000000
2026-05-30 17:29:03.268,2,1.88,,1024000000
2026-05-30 17:29:03.261,2,1.69,,1024000000
2026-05-30 17:29:03.261,2,1.78,,1024000000
2026-05-30 17:29:03.255,2,1.72,,1024000000
2026-05-30 17:29:03.254,2,1.81,,1024000000
2026-05-30 17:29:03.249,3,2.04,,1024000000
2026-05-30 17:29:03.237,2,1.71,,1024000000
2026-05-30 17:29:03.235,3,2.6,,1024000000
2026-05-30 17:29:03.230,3,2.07,,1024000000
2026-05-30 17:29:03.216,2,1.87,,1024000000
2026-05-30 17:29:03.184,2,1.87,,1024000000
2026-05-30 17:29:03.180,3,2.05,,1024000000
2026-05-30 17:29:03.179,2,1.73,,1024000000
2026-05-30 17:29:03.175,3,2.02,,1024000000
2026-05-30 17:29:03.164,2,1.75,,1024000000
2026-05-30 17:29:03.132,2,1.82,,1024000000
2026-05-30 17:29:03.130,3,2.16,,1024000000
2026-05-30 17:29:03.127,2,1.92,,1024000000
2026-05-30 17:29:03.117,2,1.78,,1024000000
2026-05-30 17:29:03.115,3,2.23,,1024000000
2026-05-30 17:29:03.107,2,1.76,,1024000000
2026-05-30 17:29:03.086,3,2.31,,1024000000
2026-05-30 17:29:03.084,3,2.02,,1024000000
2026-05-30 17:29:03.079,6,5.27,,1024000000
2026-05-30 17:29:03.041,3,2.77,,1024000000
2026-05-30 17:29:02.984,2,1.81,,1024000000
2026-05-30 17:29:02.964,2,1.7,,1024000000
2026-05-30 17:29:02.956,2,1.88,,1024000000
2026-05-30 17:29:02.944,2,1.92,,1024000000
2026-05-30 17:29:02.944,2,1.72,,1024000000
2026-05-30 17:29:02.933,2,1.82,,1024000000
2026-05-30 17:29:02.923,2,1.75,,1024000000
2026-05-30 17:29:02.902,2,1.94,,1024000000
2026-05-30 17:29:02.897,2,1.63,,1024000000
2026-05-30 17:29:02.894,2,1.96,,1024000000
2026-05-30 17:29:02.893,3,2.05,,1024000000
2026-05-30 17:29:02.877,2,1.77,,1024000000
2026-05-30 17:29:02.849,7,6.24,,1024000000
2026-05-30 17:29:02.833,2,1.87,,1024000000
2026-05-30 17:29:02.823,4,3.92,,1024000000
2026-05-30 17:29:02.784,2,1.7,,1024000000
2026-05-30 17:29:02.781,2,1.72,,1024000000
2026-05-30 17:29:02.763,3,2.15,,1024000000
2026-05-30 17:29:02.760,2,1.82,,1024000000
2026-05-30 17:29:02.759,3,2.09,,1024000000
2026-05-30 17:29:02.755,2,1.93,,1024000000
2026-05-30 17:29:02.749,4,3.1,,1024000000
2026-05-30 17:29:02.712,3,2.26,,1024000000
2026-05-30 17:29:02.711,3,2.32,,1024000000
2026-05-30 17:29:02.710,3,2.24,,1024000000
2026-05-30 17:29:02.680,2,1.86,,1024000000
2026-05-30 17:29:02.668,2,1.78,,1024000000
2026-05-30 17:29:02.660,2,1.89,,1024000000
2026-05-30 17:29:02.654,2,1.77,,1024000000
2026-05-30 17:29:02.627,2,1.89,,1024000000
2026-05-30 17:29:02.613,3,2.11,,1024000000
2026-05-30 17:29:02.607,2,1.75,,1024000000
2026-05-30 17:29:02.584,2,1.83,,1024000000
2026-05-30 17:29:02.577,2,1.78,,1024000000
2026-05-30 17:29:02.573,23,22.38,,1024000000
2026-05-30 17:29:02.569,2,1.68,,1024000000
2026-05-30 17:29:02.564,3,2.4,,1024000000
2026-05-30 17:29:02.554,2,1.71,,1024000000
2026-05-30 17:29:02.553,2,1.64,,1024000000
2026-05-30 17:29:02.552,2,1.77,,1024000000
2026-05-30 17:29:02.545,2,1.98,,1024000000
2026-05-30 17:29:02.526,2,1.73,,1024000000
2026-05-30 17:29:02.522,2,1.8,,1024000000
2026-05-30 17:29:02.519,3,2.11,,1024000000
2026-05-30 17:29:02.495,2,1.8,,1024000000
2026-05-30 17:29:02.476,2,1.83,,1024000000
2026-05-30 17:29:02.476,2,1.96,,1024000000
2026-05-30 17:29:02.475,2,1.81,,1024000000
2026-05-30 17:29:02.460,2,1.94,,1024000000
2026-05-30 17:29:02.450,3,2.47,,1024000000
2026-05-30 17:29:02.442,2,1.84,,1024000000
2026-05-30 17:29:02.438,2,1.81,,1024000000
2026-05-30 17:29:02.436,2,1.78,,1024000000
2026-05-30 17:29:02.430,4,3.87,,1024000000
2026-05-30 17:29:02.417,2,1.77,,1024000000
2026-05-30 17:29:02.398,3,2.27,,1024000000
2026-05-30 17:29:02.389,2,1.82,,1024000000
2026-05-30 17:29:02.371,3,2.18,,1024000000
2026-05-30 17:29:02.365,2,1.87,,1024000000
2026-05-30 17:29:02.350,3,2.58,,1024000000
2026-05-30 17:29:02.343,2,1.89,,1024000000
2026-05-30 17:29:02.340,2,1.97,,1024000000
2026-05-30 17:29:02.334,2,1.81,,1024000000
2026-05-30 17:29:02.322,2,1.82,,1024000000
2026-05-30 17:29:02.302,2,1.71,,1024000000
2026-05-30 17:29:02.287,2,1.71,,1024000000
2026-05-30 17:29:02.270,3,2.21,,1024000000
2026-05-30 17:29:02.249,3,2.08,,1024000000
2026-05-30 17:29:02.246,2,1.9,,1024000000
2026-05-30 17:29:02.231,3,2.06,,1024000000
2026-05-30 17:29:02.228,2,1.76,,1024000000
2026-05-30 17:29:02.228,2,1.81,,1024000000
2026-05-30 17:29:02.205,2,1.72,,1024000000
2026-05-30 17:29:02.177,6,5.77,,1024000000
2026-05-30 17:29:02.173,3,2.15,,1024000000
2026-05-30 17:29:02.173,2,1.94,,1024000000
2026-05-30 17:29:02.158,2,1.64,,1024000000
2026-05-30 17:29:02.146,2,1.72,,1024000000
2026-05-30 17:29:02.135,3,2.04,,1024000000
2026-05-30 17:29:02.105,2,1.74,,1024000000
2026-05-30 17:29:02.090,3,2.13,,1024000000
2026-05-30 17:29:02.086,3,2.83,,1024000000
2026-05-30 17:29:02.081,3,2.2,,1024000000
2026-05-30 17:29:02.081,3,2.05,,1024000000
2026-05-30 17:29:02.080,2,1.8,,1024000000
2026-05-30 17:29:02.078,11,10.79,,1024000000
2026-05-30 17:29:02.018,2,1.96,,1024000000
2026-05-30 17:29:02.018,3,2.19,,1024000000
2026-05-30 17:29:01.997,4,3.13,,1024000000
2026-05-30 17:29:01.989,2,1.8,,1024000000
2026-05-30 17:29:01.986,2,1.81,,1024000000
2026-05-30 17:29:01.982,3,2.12,,1024000000
2026-05-30 17:29:01.976,2,1.66,,1024000000
2026-05-30 17:29:01.974,2,1.82,,1024000000
2026-05-30 17:29:01.960,2,1.9,,1024000000
2026-05-30 17:29:01.954,2,1.81,,1024000000
2026-05-30 17:29:01.948,2,1.65,,1024000000
2026-05-30 17:29:01.942,2,1.91,,1024000000
2026-05-30 17:29:01.935,2,1.89,,1024000000
2026-05-30 17:29:01.930,2,1.7,,1024000000
2026-05-30 17:29:01.921,3,2.5,,1024000000
2026-05-30 17:29:01.881,2,1.82,,1024000000
2026-05-30 17:29:01.874,2,1.85,,1024000000
2026-05-30 17:29:01.866,2,1.79,,1024000000
2026-05-30 17:29:01.865,2,1.65,,1024000000
2026-05-30 17:29:01.859,2,1.73,,1024000000
2026-05-30 17:29:01.854,2,1.77,,1024000000
2026-05-30 17:29:01.852,3,2.56,,1024000000
2026-05-30 17:29:01.845,8,7.86,,1024000000
2026-05-30 17:29:01.844,3,2.03,,1024000000
2026-05-30 17:29:01.794,3,2.23,,1024000000
2026-05-30 17:29:01.789,3,2.07,,1024000000
2026-05-30 17:29:01.783,2,1.97,,1024000000
2026-05-30 17:29:01.779,3,2.18,,1024000000
2026-05-30 17:29:01.764,3,2,,1024000000
2026-05-30 17:29:01.761,2,1.89,,1024000000
2026-05-30 17:29:01.733,47,46.57,,1024000000
2026-05-30 17:29:01.731,3,2.5,,1024000000
2026-05-30 17:29:01.727,2,1.86,,1024000000
2026-05-30 17:29:01.723,2,1.58,,1024000000
2026-05-30 17:29:01.688,2,1.8,,1024000000
2026-05-30 17:29:01.688,3,2.15,,1024000000
2026-05-30 17:29:01.680,2,1.87,,1024000000
2026-05-30 17:29:01.679,2,1.96,,1024000000
2026-05-30 17:29:01.638,2,1.89,,1024000000
2026-05-30 17:29:01.610,3,2.43,,1024000000
2026-05-30 17:29:01.609,4,3.31,,1024000000
2026-05-30 17:29:01.581,2,1.92,,1024000000
2026-05-30 17:29:01.570,2,1.65,,1024000000
2026-05-30 17:29:01.567,6,5.25,,1024000000
2026-05-30 17:29:01.566,3,2.18,,1024000000
2026-05-30 17:29:01.564,3,2.7,,1024000000
2026-05-30 17:29:01.562,3,2.1,,1024000000
2026-05-30 17:29:01.559,2,1.87,,1024000000
2026-05-30 17:29:01.558,3,2.24,,1024000000
2026-05-30 17:29:01.555,3,2.01,,1024000000
2026-05-30 17:29:01.538,2,1.67,,1024000000
2026-05-30 17:29:01.531,2,1.74,,1024000000
2026-05-30 17:29:01.508,8,7.31,,1024000000
2026-05-30 17:29:01.506,2,1.77,,1024000000
2026-05-30 17:29:01.494,3,2.35,,1024000000
2026-05-30 17:29:01.480,5,4.72,,1024000000
2026-05-30 17:29:01.449,2,1.81,,1024000000
2026-05-30 17:29:01.403,2,1.65,,1024000000
2026-05-30 17:29:01.389,10,9.84,,1024000000
2026-05-30 17:29:01.385,3,2.2,,1024000000
2026-05-30 17:29:01.379,2,1.93,,1024000000
2026-05-30 17:29:01.348,2,1.65,,1024000000
2026-05-30 17:29:01.341,8,7.88,,1024000000
2026-05-30 17:29:01.335,3,2.02,,1024000000
2026-05-30 17:29:01.316,3,2.11,,1024000000
2026-05-30 17:29:01.264,3,2.5,,1024000000
2026-05-30 17:29:01.247,4,3.49,,1024000000
2026-05-30 17:29:01.244,2,1.69,,1024000000
2026-05-30 17:29:01.243,2,1.73,,1024000000
2026-05-30 17:29:01.231,2,1.95,,1024000000
2026-05-30 17:29:01.227,2,1.91,,1024000000
2026-05-30 17:29:01.225,2,1.78,,1024000000
2026-05-30 17:29:01.186,2,1.85,,1024000000
2026-05-30 17:29:01.167,2,1.63,,1024000000
2026-05-30 17:29:01.161,2,1.81,,1024000000
2026-05-30 17:29:01.158,3,2.22,,1024000000
2026-05-30 17:29:01.145,3,2.26,,1024000000
2026-05-30 17:29:01.138,3,2.52,,1024000000
2026-05-30 17:29:01.136,3,2.08,,1024000000
2026-05-30 17:29:01.136,3,2.01,,1024000000
2026-05-30 17:29:01.123,2,1.73,,1024000000
2026-05-30 17:29:01.104,2,1.96,,1024000000
2026-05-30 17:29:01.099,2,1.75,,1024000000
2026-05-30 17:29:01.030,2,1.56,,1024000000
2026-05-30 17:29:01.022,3,2.23,,1024000000
2026-05-30 17:29:01.022,2,1.78,,1024000000
2026-05-30 17:29:01.020,2,1.85,,1024000000
2026-05-30 17:29:01.006,2,1.74,,1024000000
2026-05-30 17:29:01.003,2,1.6,,1024000000
2026-05-30 17:29:00.997,3,2.07,,1024000000
2026-05-30 17:29:00.994,3,2.04,,1024000000
2026-05-30 17:29:00.989,2,1.99,,1024000000
2026-05-30 17:29:00.979,2,1.95,,1024000000
2026-05-30 17:29:00.973,2,1.82,,1024000000
2026-05-30 17:29:00.962,2,1.72,,1024000000
2026-05-30 17:29:00.956,3,2.32,,1024000000
2026-05-30 17:29:00.954,3,2.03,,1024000000
2026-05-30 17:29:00.953,2,1.8,,1024000000
2026-05-30 17:29:00.907,2,1.85,,1024000000
2026-05-30 17:29:00.900,2,1.87,,1024000000
2026-05-30 17:29:00.894,12,11.57,,1024000000
2026-05-30 17:29:00.881,2,1.92,,1024000000
2026-05-30 17:29:00.877,3,2.07,,1024000000
2026-05-30 17:29:00.876,2,1.62,,1024000000
2026-05-30 17:29:00.858,2,1.61,,1024000000
2026-05-30 17:29:00.850,3,2.02,,1024000000
2026-05-30 17:29:00.843,2,1.69,,1024000000
2026-05-30 17:29:00.830,2,1.95,,1024000000
2026-05-30 17:29:00.819,5,4.74,,1024000000
2026-05-30 17:29:00.817,2,1.78,,1024000000
2026-05-30 17:29:00.813,19,18.14,,1024000000
2026-05-30 17:29:00.806,2,1.89,,1024000000
2026-05-30 17:29:00.771,21,20.4,,1024000000
2026-05-30 17:29:00.765,2,1.77,,1024000000
2026-05-30 17:29:00.765,3,2.1,,1024000000
2026-05-30 17:29:00.759,2,1.82,,1024000000
2026-05-30 17:29:00.757,2,1.88,,1024000000
2026-05-30 17:29:00.725,2,1.76,,1024000000
2026-05-30 17:29:00.722,2,1.8,,1024000000
2026-05-30 17:29:00.706,2,1.98,,1024000000
2026-05-30 17:29:00.676,2,1.89,,1024000000
2026-05-30 17:29:00.674,3,2.2,,1024000000
2026-05-30 17:29:00.660,3,2.09,,1024000000
2026-05-30 17:29:00.650,2,1.96,,1024000000
2026-05-30 17:29:00.649,3,2.75,,1024000000
2026-05-30 17:29:00.632,3,2.13,,1024000000
2026-05-30 17:29:00.630,6,5,,1024000000
2026-05-30 17:29:00.610,2,1.74,,1024000000
2026-05-30 17:29:00.607,7,6.33,,1024000000
2026-05-30 17:29:00.594,2,1.87,,1024000000
2026-05-30 17:29:00.591,2,1.8,,1024000000
2026-05-30 17:29:00.590,3,2.08,,1024000000
2026-05-30 17:29:00.575,12,11.09,,1024000000
2026-05-30 17:29:00.568,4,3.15,,1024000000
2026-05-30 17:29:00.566,2,1.81,,1024000000
2026-05-30 17:29:00.563,2,1.88,,1024000000
2026-05-30 17:29:00.558,2,1.64,,1024000000
2026-05-30 17:29:00.545,2,1.73,,1024000000
2026-05-30 17:29:00.540,2,1.88,,1024000000
2026-05-30 17:29:00.539,2,1.89,,1024000000
2026-05-30 17:29:00.524,2,1.91,,1024000000
2026-05-30 17:29:00.521,2,1.65,,1024000000
2026-05-30 17:29:00.465,8,7.3,,1024000000
2026-05-30 17:29:00.462,3,2.03,,1024000000
2026-05-30 17:29:00.430,5,4.82,,1024000000
2026-05-30 17:29:00.422,2,1.94,,1024000000
2026-05-30 17:29:00.407,3,2.11,,1024000000
2026-05-30 17:29:00.406,2,1.79,,1024000000
2026-05-30 17:29:00.400,2,1.73,,1024000000
2026-05-30 17:29:00.395,3,2.11,,1024000000
2026-05-30 17:29:00.390,2,1.83,,1024000000
2026-05-30 17:29:00.390,2,1.84,,1024000000
2026-05-30 17:29:00.371,2,1.89,,1024000000
2026-05-30 17:29:00.342,2,2,,1024000000
2026-05-30 17:29:00.326,3,2.14,,1024000000
2026-05-30 17:29:00.316,2,1.88,,1024000000
2026-05-30 17:29:00.315,2,1.67,,1024000000
2026-05-30 17:29:00.310,2,1.99,,1024000000
2026-05-30 17:29:00.300,3,2.01,,1024000000
2026-05-30 17:29:00.286,14,13.06,,1024000000
2026-05-30 17:29:00.269,3,2.08,,1024000000
2026-05-30 17:29:00.268,3,2.05,,1024000000
2026-05-30 17:29:00.259,2,1.69,,1024000000
2026-05-30 17:29:00.246,2,1.85,,1024000000
2026-05-30 17:29:00.239,3,2.03,,1024000000
2026-05-30 17:29:00.226,3,2.27,,1024000000
2026-05-30 17:29:00.223,2,1.87,,1024000000
2026-05-30 17:29:00.218,3,2.01,,1024000000
2026-05-30 17:29:00.208,3,2.2,,1024000000
2026-05-30 17:29:00.180,2,1.94,,1024000000
2026-05-30 17:29:00.176,2,1.91,,1024000000
2026-05-30 17:29:00.174,2,1.78,,1024000000
2026-05-30 17:29:00.149,2,1.84,,1024000000
2026-05-30 17:29:00.142,3,2.28,,1024000000
2026-05-30 17:29:00.130,2,1.69,,1024000000
2026-05-30 17:29:00.127,2,1.89,,1024000000
2026-05-30 17:29:00.125,2,1.62,,1024000000
2026-05-30 17:29:00.123,2,1.96,,1024000000
2026-05-30 17:29:00.114,3,2.08,,1024000000
2026-05-30 17:29:00.106,4,3.98,,1024000000
2026-05-30 17:29:00.099,2,1.88,,1024000000
2026-05-30 17:29:00.093,2,1.82,,1024000000
2026-05-30 17:29:00.077,2,1.77,,1024000000
2026-05-30 17:29:00.073,2,1.9,,1024000000
2026-05-30 17:29:00.069,3,2.1,,1024000000
2026-05-30 17:29:00.061,2,1.77,,1024000000
2026-05-30 17:29:00.012,3,2.13,,1024000000
2026-05-30 17:28:59.988,3,2.04,,1024000000
2026-05-30 17:28:59.982,3,2.47,,1024000000
2026-05-30 17:28:59.955,2,1.77,,1024000000
2026-05-30 17:28:59.934,2,1.94,,1024000000
2026-05-30 17:28:59.933,2,1.94,,1024000000
2026-05-30 17:28:59.933,2,1.95,,1024000000
2026-05-30 17:28:59.906,3,2.61,,1024000000
2026-05-30 17:28:59.891,3,2.19,,1024000000
2026-05-30 17:28:59.888,3,2.2,,1024000000
2026-05-30 17:28:59.885,2,1.79,,1024000000
2026-05-30 17:28:59.884,2,1.83,,1024000000
2026-05-30 17:28:59.866,3,2.74,,1024000000
2026-05-30 17:28:59.857,2,1.75,,1024000000
2026-05-30 17:28:59.850,3,2.03,,1024000000
2026-05-30 17:28:59.829,2,1.68,,1024000000
2026-05-30 17:28:59.823,3,2.12,,1024000000
2026-05-30 17:28:59.817,3,2.07,,1024000000
2026-05-30 17:28:59.802,2,1.74,,1024000000
2026-05-30 17:28:59.786,2,1.98,,1024000000
2026-05-30 17:28:59.784,2,1.84,,1024000000
2026-05-30 17:28:59.783,2,1.72,,1024000000
2026-05-30 17:28:59.742,2,1.79,,1024000000
2026-05-30 17:28:59.737,2,1.8,,1024000000
2026-05-30 17:28:59.735,2,1.83,,1024000000
2026-05-30 17:28:59.727,2,1.94,,1024000000
2026-05-30 17:28:59.724,12,11.23,,1024000000
2026-05-30 17:28:59.710,2,1.67,,1024000000
2026-05-30 17:28:59.700,3,2.06,,1024000000
2026-05-30 17:28:59.699,3,2.1,,1024000000
2026-05-30 17:28:59.695,2,1.73,,1024000000
2026-05-30 17:28:59.687,13,12.53,,1024000000
2026-05-30 17:28:59.663,2,1.92,,1024000000
2026-05-30 17:28:59.647,2,1.97,,1024000000
2026-05-30 17:28:59.612,3,2.44,,1024000000
2026-05-30 17:28:59.600,2,2,,1024000000
2026-05-30 17:28:59.575,2,1.98,,1024000000
2026-05-30 17:28:59.570,2,2,,1024000000
2026-05-30 17:28:59.538,3,2.11,,1024000000
2026-05-30 17:28:59.536,2,1.99,,1024000000
2026-05-30 17:28:59.524,2,1.72,,1024000000
2026-05-30 17:28:59.520,8,7.77,,1024000000
2026-05-30 17:28:59.502,3,2.4,,1024000000
2026-05-30 17:28:59.489,2,1.67,,1024000000
2026-05-30 17:28:59.483,2,1.7,,1024000000
2026-05-30 17:28:59.481,2,1.95,,1024000000
2026-05-30 17:28:59.472,11,10.42,,1024000000
2026-05-30 17:28:59.447,2,1.93,,1024000000
2026-05-30 17:28:59.428,3,2.17,,1024000000
2026-05-30 17:28:59.415,2,1.87,,1024000000
2026-05-30 17:28:59.409,2,1.72,,1024000000
2026-05-30 17:28:59.405,27,26.14,,1024000000
2026-05-30 17:28:59.395,2,1.63,,1024000000
2026-05-30 17:28:59.391,2,1.93,,1024000000
2026-05-30 17:28:59.391,7,6.01,,1024000000
2026-05-30 17:28:59.356,2,1.8,,1024000000
2026-05-30 17:28:59.349,2,1.71,,1024000000
2026-05-30 17:28:59.317,2,1.72,,1024000000
2026-05-30 17:28:59.306,2,1.91,,1024000000
2026-05-30 17:28:59.281,2,1.9,,1024000000
2026-05-30 17:28:59.274,3,2.01,,1024000000
2026-05-30 17:28:59.256,2,2,,1024000000
2026-05-30 17:28:59.229,7,6.74,,1024000000
2026-05-30 17:28:59.218,2,1.79,,1024000000
2026-05-30 17:28:59.216,2,1.99,,1024000000
2026-05-30 17:28:59.208,2,1.96,,1024000000
2026-05-30 17:28:59.202,3,2,,1024000000
2026-05-30 17:28:59.201,2,1.74,,1024000000
2026-05-30 17:28:59.194,2,1.93,,1024000000
2026-05-30 17:28:59.177,2,1.61,,1024000000
2026-05-30 17:28:59.161,2,1.68,,1024000000
2026-05-30 17:28:59.160,2,2,,1024000000
2026-05-30 17:28:59.115,2,1.97,,1024000000
2026-05-30 17:28:59.109,2,1.74,,1024000000
2026-05-30 17:28:59.100,2,1.8,,1024000000
2026-05-30 17:28:59.096,2,1.89,,1024000000
2026-05-30 17:28:59.095,2,1.83,,1024000000
2026-05-30 17:28:59.060,2,1.95,,1024000000
2026-05-30 17:28:59.046,2,1.96,,1024000000
2026-05-30 17:28:59.020,3,2.08,,1024000000
2026-05-30 17:28:59.019,3,2.38,,1024000000
2026-05-30 17:28:59.017,3,2.04,,1024000000
2026-05-30 17:28:58.992,2,1.74,,1024000000
2026-05-30 17:28:58.986,2,1.93,,1024000000
2026-05-30 17:28:58.985,2,1.74,,1024000000
2026-05-30 17:28:58.983,2,1.78,,1024000000
2026-05-30 17:28:58.983,2,1.92,,1024000000
2026-05-30 17:28:58.971,2,1.86,,1024000000
2026-05-30 17:28:58.957,2,1.89,,1024000000
2026-05-30 17:28:58.954,2,1.76,,1024000000
2026-05-30 17:28:58.945,2,1.95,,1024000000
2026-05-30 17:28:58.934,2,1.71,,1024000000
2026-05-30 17:28:58.930,2,1.78,,1024000000
2026-05-30 17:28:58.927,2,1.63,,1024000000
2026-05-30 17:28:58.926,2,1.86,,1024000000
2026-05-30 17:28:58.921,2,1.86,,1024000000
2026-05-30 17:28:58.920,2,1.81,,1024000000
2026-05-30 17:28:58.913,2,1.78,,1024000000
2026-05-30 17:28:58.906,2,1.77,,1024000000
2026-05-30 17:28:58.898,2,1.91,,1024000000
2026-05-30 17:28:58.864,3,2.07,,1024000000
2026-05-30 17:28:58.844,3,2.1,,1024000000
2026-05-30 17:28:58.839,10,10,,1024000000
2026-05-30 17:28:58.838,2,1.67,,1024000000
2026-05-30 17:28:58.801,3,2.4,,1024000000
2026-05-30 17:28:58.791,2,1.85,,1024000000
2026-05-30 17:28:58.790,2,1.68,,1024000000
2026-05-30 17:28:58.779,3,2.05,,1024000000
2026-05-30 17:28:58.742,3,2.01,,1024000000
2026-05-30 17:28:58.700,2,1.83,,1024000000
2026-05-30 17:28:58.687,2,1.65,,1024000000
2026-05-30 17:28:58.686,2,1.77,,1024000000
2026-05-30 17:28:58.679,2,1.76,,1024000000
2026-05-30 17:28:58.677,2,1.92,,1024000000
2026-05-30 17:28:58.677,2,1.82,,1024000000
2026-05-30 17:28:58.655,2,1.68,,1024000000
2026-05-30 17:28:58.639,2,1.87,,1024000000
2026-05-30 17:28:58.629,2,1.83,,1024000000
2026-05-30 17:28:58.621,2,1.75,,1024000000
2026-05-30 17:28:58.612,2,1.84,,1024000000
2026-05-30 17:28:58.610,3,2.22,,1024000000
2026-05-30 17:28:58.585,2,1.84,,1024000000
2026-05-30 17:28:58.584,2,1.74,,1024000000
2026-05-30 17:28:58.572,2,1.67,,1024000000
2026-05-30 17:28:58.562,2,1.82,,1024000000
2026-05-30 17:28:58.546,2,1.74,,1024000000
2026-05-30 17:28:58.546,2,1.71,,1024000000
2026-05-30 17:28:58.541,2,1.71,,1024000000
2026-05-30 17:28:58.538,2,1.71,,1024000000
2026-05-30 17:28:58.535,2,1.93,,1024000000
2026-05-30 17:28:58.535,2,1.75,,1024000000
2026-05-30 17:28:58.531,2,1.75,,1024000000
2026-05-30 17:28:58.526,3,2.16,,1024000000
2026-05-30 17:28:58.516,2,1.82,,1024000000
2026-05-30 17:28:58.511,2,1.75,,1024000000
2026-05-30 17:28:58.502,3,2.04,,1024000000
2026-05-30 17:28:58.491,4,3.09,,1024000000
2026-05-30 17:28:58.464,2,1.9,,1024000000
2026-05-30 17:28:58.463,2,1.8,,1024000000
2026-05-30 17:28:58.441,2,2,,1024000000
2026-05-30 17:28:58.425,2,1.91,,1024000000
2026-05-30 17:28:58.424,2,1.81,,1024000000
2026-05-30 17:28:58.389,3,2.32,,1024000000
2026-05-30 17:28:58.383,3,2.2,,1024000000
2026-05-30 17:28:58.374,2,1.83,,1024000000
2026-05-30 17:28:58.364,2,1.77,,1024000000
2026-05-30 17:28:58.356,3,2.03,,1024000000
2026-05-30 17:28:58.335,2,1.74,,1024000000
2026-05-30 17:28:58.329,2,1.95,,1024000000
2026-05-30 17:28:58.326,2,1.74,,1024000000
2026-05-30 17:28:58.309,2,1.8,,1024000000
2026-05-30 17:28:58.306,2,1.81,,1024000000
2026-05-30 17:28:58.298,2,1.96,,1024000000
2026-05-30 17:28:58.291,2,1.71,,1024000000
2026-05-30 17:28:58.288,2,1.77,,1024000000
2026-05-30 17:28:58.276,2,1.94,,1024000000
2026-05-30 17:28:58.265,2,1.79,,1024000000
2026-05-30 17:28:58.261,2,1.98,,1024000000
2026-05-30 17:28:58.260,3,2.19,,1024000000
2026-05-30 17:28:58.254,2,1.84,,1024000000
2026-05-30 17:28:58.243,2,1.79,,1024000000
2026-05-30 17:28:58.237,3,2.11,,1024000000
2026-05-30 17:28:58.228,2,1.86,,1024000000
2026-05-30 17:28:58.222,2,1.84,,1024000000
2026-05-30 17:28:58.218,2,1.65,,1024000000
2026-05-30 17:28:58.175,3,2.19,,1024000000
2026-05-30 17:28:58.172,2,1.81,,1024000000
2026-05-30 17:28:58.145,16,15.71,,1024000000
2026-05-30 17:28:58.145,3,2.11,,1024000000
2026-05-30 17:28:58.144,2,1.87,,1024000000
2026-05-30 17:28:58.139,2,1.78,,1024000000
2026-05-30 17:28:58.109,2,1.8,,1024000000
2026-05-30 17:28:58.101,2,1.91,,1024000000
2026-05-30 17:28:58.087,2,1.75,,1024000000
2026-05-30 17:28:58.060,2,1.67,,1024000000
2026-05-30 17:28:58.053,3,2.13,,1024000000
2026-05-30 17:28:58.048,2,1.82,,1024000000
2026-05-30 17:28:58.046,2,1.64,,1024000000
2026-05-30 17:28:58.039,2,1.73,,1024000000
2026-05-30 17:28:58.028,2,1.84,,1024000000
2026-05-30 17:28:58.024,2,1.72,,1024000000
2026-05-30 17:28:58.022,2,1.74,,1024000000
2026-05-30 17:28:57.994,2,1.95,,1024000000
2026-05-30 17:28:57.987,2,1.96,,1024000000
2026-05-30 17:28:57.986,2,1.76,,1024000000
2026-05-30 17:28:57.973,2,1.77,,1024000000
2026-05-30 17:28:57.968,2,1.81,,1024000000
2026-05-30 17:28:57.900,2,1.94,,1024000000
2026-05-30 17:28:57.870,2,1.89,,1024000000
2026-05-30 17:28:57.858,3,2.08,,1024000000
2026-05-30 17:28:57.858,2,1.94,,1024000000
2026-05-30 17:28:57.857,2,1.73,,1024000000
2026-05-30 17:28:57.856,3,2.03,,1024000000
2026-05-30 17:28:57.853,3,2.06,,1024000000
2026-05-30 17:28:57.840,3,2.19,,1024000000
2026-05-30 17:28:57.834,3,2.03,,1024000000
2026-05-30 17:28:57.813,2,1.76,,1024000000
2026-05-30 17:28:57.810,2,1.75,,1024000000
2026-05-30 17:28:57.800,2,1.77,,1024000000
2026-05-30 17:28:57.778,2,1.91,,1024000000
2026-05-30 17:28:57.772,3,2.15,,1024000000
2026-05-30 17:28:57.765,3,2.08,,1024000000
2026-05-30 17:28:57.746,2,1.62,,1024000000
2026-05-30 17:28:57.739,2,1.86,,1024000000
2026-05-30 17:28:57.720,2,1.83,,1024000000
2026-05-30 17:28:57.702,3,2,,1024000000
2026-05-30 17:28:57.674,2,1.99,,1024000000
2026-05-30 17:28:57.655,2,1.95,,1024000000
2026-05-30 17:28:57.648,2,1.71,,1024000000
2026-05-30 17:28:57.603,3,2.04,,1024000000
2026-05-30 17:28:57.601,2,1.83,,1024000000
2026-05-30 17:28:57.599,7,6.29,,1024000000
2026-05-30 17:28:57.582,2,1.71,,1024000000
2026-05-30 17:28:57.582,3,2.26,,1024000000
2026-05-30 17:28:57.574,2,1.98,,1024000000
2026-05-30 17:28:57.544,3,2.05,,1024000000
2026-05-30 17:28:57.532,2,1.83,,1024000000
2026-05-30 17:28:57.519,2,1.77,,1024000000
2026-05-30 17:28:57.498,2,1.87,,1024000000
2026-05-30 17:28:57.471,2,1.94,,1024000000
2026-05-30 17:28:57.468,2,1.63,,1024000000
2026-05-30 17:28:57.459,2,1.81,,1024000000
2026-05-30 17:28:57.446,2,1.79,,1024000000
2026-05-30 17:28:57.445,29,28.97,,1024000000
2026-05-30 17:28:57.438,2,1.88,,1024000000
2026-05-30 17:28:57.437,3,2.22,,1024000000
2026-05-30 17:28:57.416,2,1.92,,1024000000
2026-05-30 17:28:57.408,3,2.31,,1024000000
2026-05-30 17:28:57.407,2,1.96,,1024000000
2026-05-30 17:28:57.396,2,1.84,,1024000000
2026-05-30 17:28:57.388,2,1.72,,1024000000
2026-05-30 17:28:57.371,2,1.97,,1024000000
2026-05-30 17:28:57.370,2,1.96,,1024000000
2026-05-30 17:28:57.341,2,1.93,,1024000000
2026-05-30 17:28:57.331,2,1.74,,1024000000
2026-05-30 17:28:57.331,2,1.9,,1024000000
2026-05-30 17:28:57.322,2,1.56,,1024000000
2026-05-30 17:28:57.315,2,1.82,,1024000000
2026-05-30 17:28:57.315,2,1.86,,1024000000
2026-05-30 17:28:57.310,2,1.71,,1024000000
2026-05-30 17:28:57.280,3,2.04,,1024000000
2026-05-30 17:28:57.263,2,1.69,,1024000000
2026-05-30 17:28:57.261,4,3.29,,1024000000
2026-05-30 17:28:57.253,2,1.79,,1024000000
2026-05-30 17:28:57.245,3,2.05,,1024000000
2026-05-30 17:28:57.237,2,1.93,,1024000000
2026-05-30 17:28:57.221,2,1.92,,1024000000
2026-05-30 17:28:57.218,2,1.74,,1024000000
2026-05-30 17:28:57.210,2,1.67,,1024000000
2026-05-30 17:28:57.202,2,1.73,,1024000000
2026-05-30 17:28:57.190,2,1.82,,1024000000
2026-05-30 17:28:57.184,2,1.86,,1024000000
2026-05-30 17:28:57.173,2,1.72,,1024000000
2026-05-30 17:28:57.156,2,1.83,,1024000000
2026-05-30 17:28:57.139,2,1.91,,1024000000
2026-05-30 17:28:57.135,2,1.81,,1024000000
2026-05-30 17:28:57.125,3,2.04,,1024000000
2026-05-30 17:28:57.097,2,1.89,,1024000000
2026-05-30 17:28:57.078,2,1.97,,1024000000
2026-05-30 17:28:57.076,2,1.78,,1024000000
2026-05-30 17:28:57.075,2,1.69,,1024000000
2026-05-30 17:28:57.063,2,1.76,,1024000000
2026-05-30 17:28:57.063,2,1.94,,1024000000
2026-05-30 17:28:57.034,2,1.98,,1024000000
2026-05-30 17:28:57.031,2,1.8,,1024000000
2026-05-30 17:28:57.029,2,1.81,,1024000000
2026-05-30 17:28:57.022,2,1.75,,1024000000
2026-05-30 17:28:57.021,2,1.97,,1024000000
2026-05-30 17:28:56.988,2,1.8,,1024000000
2026-05-30 17:28:56.984,3,2.11,,1024000000
2026-05-30 17:28:56.974,2,2,,1024000000
2026-05-30 17:28:56.950,2,1.95,,1024000000
2026-05-30 17:28:56.945,2,1.77,,1024000000
2026-05-30 17:28:56.940,3,2.18,,1024000000
2026-05-30 17:28:56.934,2,1.88,,1024000000
2026-05-30 17:28:56.913,2,1.8,,1024000000
2026-05-30 17:28:56.912,9,8.09,,1024000000
2026-05-30 17:28:56.903,2,1.9,,1024000000
2026-05-30 17:28:56.903,2,1.85,,1024000000
2026-05-30 17:28:56.901,2,1.88,,1024000000
2026-05-30 17:28:56.899,2,1.73,,1024000000
2026-05-30 17:28:56.898,15,14.5,,1024000000
2026-05-30 17:28:56.884,2,1.67,,1024000000
2026-05-30 17:28:56.884,2,1.86,,1024000000
2026-05-30 17:28:56.863,2,1.86,,1024000000
2026-05-30 17:28:56.859,2,1.76,,1024000000
2026-05-30 17:28:56.834,2,2,,1024000000
2026-05-30 17:28:56.831,3,2.03,,1024000000
2026-05-30 17:28:56.815,2,1.97,,1024000000
2026-05-30 17:28:56.806,3,2.02,,1024000000
2026-05-30 17:28:56.805,5,4.67,,1024000000
2026-05-30 17:28:56.805,2,1.71,,1024000000
2026-05-30 17:28:56.803,2,1.98,,1024000000
2026-05-30 17:28:56.799,2,1.88,,1024000000
2026-05-30 17:28:56.791,2,1.89,,1024000000
2026-05-30 17:28:56.790,3,2.32,,1024000000
2026-05-30 17:28:56.776,2,1.82,,1024000000
2026-05-30 17:28:56.774,2,1.76,,1024000000
2026-05-30 17:28:56.773,3,2.25,,1024000000
2026-05-30 17:28:56.771,3,2.15,,1024000000
2026-05-30 17:28:56.758,2,1.59,,1024000000
2026-05-30 17:28:56.716,2,1.78,,1024000000
2026-05-30 17:28:56.663,2,1.99,,1024000000
2026-05-30 17:28:56.656,2,1.96,,1024000000
2026-05-30 17:28:56.615,2,1.65,,1024000000
2026-05-30 17:28:56.609,3,2.24,,1024000000
2026-05-30 17:28:56.600,3,2.12,,1024000000
2026-05-30 17:28:56.593,3,2.02,,1024000000
2026-05-30 17:28:56.574,2,1.79,,1024000000
2026-05-30 17:28:56.565,2,1.82,,1024000000
2026-05-30 17:28:56.560,2,1.84,,1024000000
2026-05-30 17:28:56.547,3,2.09,,1024000000
2026-05-30 17:28:56.520,2,1.72,,1024000000
2026-05-30 17:28:56.495,3,2.04,,1024000000
2026-05-30 17:28:56.492,2,1.94,,1024000000
2026-05-30 17:28:56.489,2,1.8,,1024000000
2026-05-30 17:28:56.474,2,1.89,,1024000000
2026-05-30 17:28:56.471,2,1.79,,1024000000
2026-05-30 17:28:56.459,2,1.85,,1024000000
2026-05-30 17:28:56.456,2,1.73,,1024000000
2026-05-30 17:28:56.450,2,1.84,,1024000000
2026-05-30 17:28:56.441,2,1.95,,1024000000
2026-05-30 17:28:56.431,2,1.89,,1024000000
2026-05-30 17:28:56.419,6,5.47,,1024000000
2026-05-30 17:28:56.396,2,1.85,,1024000000
2026-05-30 17:28:56.381,2,1.87,,1024000000
2026-05-30 17:28:56.379,2,1.79,,1024000000
2026-05-30 17:28:56.334,3,2.09,,1024000000
2026-05-30 17:28:56.314,2,1.79,,1024000000
2026-05-30 17:28:56.277,2,1.94,,1024000000
2026-05-30 17:28:56.274,3,2.32,,1024000000
2026-05-30 17:28:56.273,2,1.68,,1024000000
2026-05-30 17:28:56.258,2,1.74,,1024000000
2026-05-30 17:28:56.258,2,1.77,,1024000000
2026-05-30 17:28:56.258,2,1.68,,1024000000
2026-05-30 17:28:56.255,12,11.44,,1024000000
2026-05-30 17:28:56.240,2,1.71,,1024000000
2026-05-30 17:28:56.218,2,1.77,,1024000000
2026-05-30 17:28:56.218,2,1.97,,1024000000
2026-05-30 17:28:56.212,2,1.7,,1024000000
2026-05-30 17:28:56.198,2,1.86,,1024000000
2026-05-30 17:28:56.193,2,1.67,,1024000000
2026-05-30 17:28:56.184,2,1.59,,1024000000
2026-05-30 17:28:56.175,2,1.86,,1024000000
2026-05-30 17:28:56.148,2,1.85,,1024000000
2026-05-30 17:28:56.143,3,2.01,,1024000000
2026-05-30 17:28:56.135,2,1.92,,1024000000
2026-05-30 17:28:56.114,2,1.86,,1024000000
2026-05-30 17:28:56.100,2,1.85,,1024000000
2026-05-30 17:28:56.098,2,1.82,,1024000000
2026-05-30 17:28:56.092,3,2.08,,1024000000
2026-05-30 17:28:56.091,2,1.76,,1024000000
2026-05-30 17:28:56.080,2,1.81,,1024000000
2026-05-30 17:28:56.076,3,2.09,,1024000000
2026-05-30 17:28:56.033,2,1.96,,1024000000
2026-05-30 17:28:56.031,2,1.78,,1024000000
2026-05-30 17:28:56.008,2,1.82,,1024000000
2026-05-30 17:28:55.990,15,14.88,,1024000000
2026-05-30 17:28:55.974,2,1.78,,1024000000
2026-05-30 17:28:55.967,2,1.84,,1024000000
2026-05-30 17:28:55.964,2,1.79,,1024000000
2026-05-30 17:28:55.952,3,2.04,,1024000000
2026-05-30 17:28:55.948,2,1.61,,1024000000
2026-05-30 17:28:55.932,2,1.75,,1024000000
2026-05-30 17:28:55.926,2,1.86,,1024000000
2026-05-30 17:28:55.924,2,1.82,,1024000000
2026-05-30 17:28:55.919,2,1.84,,1024000000
2026-05-30 17:28:55.881,2,1.83,,1024000000
2026-05-30 17:28:55.875,3,2.03,,1024000000
2026-05-30 17:28:55.864,2,1.8,,1024000000
2026-05-30 17:28:55.863,2,1.79,,1024000000
2026-05-30 17:28:55.824,2,1.96,,1024000000
2026-05-30 17:28:55.823,2,1.79,,1024000000
2026-05-30 17:28:55.819,2,1.84,,1024000000
2026-05-30 17:28:55.801,3,2.11,,1024000000
2026-05-30 17:28:55.790,3,2.05,,1024000000
2026-05-30 17:28:55.775,2,1.79,,1024000000
2026-05-30 17:28:55.760,3,2.1,,1024000000
2026-05-30 17:28:55.759,2,1.84,,1024000000
2026-05-30 17:28:55.749,4,3.08,,1024000000
2026-05-30 17:28:55.749,3,2.24,,1024000000
2026-05-30 17:28:55.740,2,1.93,,1024000000
2026-05-30 17:28:55.716,3,2.1,,1024000000
2026-05-30 17:28:55.715,2,1.7,,1024000000
2026-05-30 17:28:55.695,2,1.7,,1024000000
2026-05-30 17:28:55.688,2,1.96,,1024000000
2026-05-30 17:28:55.678,2,1.75,,1024000000
2026-05-30 17:28:55.658,3,2.01,,1024000000
2026-05-30 17:28:55.647,2,1.81,,1024000000
2026-05-30 17:28:55.640,2,1.69,,1024000000
2026-05-30 17:28:55.633,2,1.89,,1024000000
2026-05-30 17:28:55.631,2,1.75,,1024000000
2026-05-30 17:28:55.628,2,1.83,,1024000000
2026-05-30 17:28:55.619,2,1.61,,1024000000
2026-05-30 17:28:55.618,2,1.74,,1024000000
2026-05-30 17:28:55.617,3,2.95,,1024000000
2026-05-30 17:28:55.598,13,12.19,,1024000000
2026-05-30 17:28:55.586,2,1.83,,1024000000
2026-05-30 17:28:55.568,2,1.71,,1024000000
2026-05-30 17:28:55.526,2,1.86,,1024000000
2026-05-30 17:28:55.499,3,2.43,,1024000000
2026-05-30 17:28:55.499,2,1.82,,1024000000
2026-05-30 17:28:55.498,2,1.89,,1024000000
2026-05-30 17:28:55.489,2,1.74,,1024000000
2026-05-30 17:28:55.450,2,1.83,,1024000000
2026-05-30 17:28:55.435,3,2.06,,1024000000
2026-05-30 17:28:55.432,2,1.78,,1024000000
2026-05-30 17:28:55.425,3,2.02,,1024000000
2026-05-30 17:28:55.425,2,1.77,,1024000000
2026-05-30 17:28:55.420,2,1.67,,1024000000
2026-05-30 17:28:55.412,28,27,,1024000000
2026-05-30 17:28:55.406,2,1.95,,1024000000
2026-05-30 17:28:55.406,2,1.95,,1024000000
2026-05-30 17:28:55.387,2,1.88,,1024000000
2026-05-30 17:28:55.387,2,1.86,,1024000000
2026-05-30 17:28:55.357,2,1.83,,1024000000
2026-05-30 17:28:55.339,2,1.92,,1024000000
2026-05-30 17:28:55.335,2,1.88,,1024000000
2026-05-30 17:28:55.332,3,2.55,,1024000000
2026-05-30 17:28:55.329,2,1.84,,1024000000
2026-05-30 17:28:55.320,3,2.43,,1024000000
2026-05-30 17:28:55.310,2,1.53,,1024000000
2026-05-30 17:28:55.290,6,5.04,,1024000000
2026-05-30 17:28:55.282,2,1.94,,1024000000
2026-05-30 17:28:55.280,2,1.75,,1024000000
2026-05-30 17:28:55.261,2,1.94,,1024000000
2026-05-30 17:28:55.217,2,1.78,,1024000000
2026-05-30 17:28:55.217,3,2.11,,1024000000
2026-05-30 17:28:55.215,2,1.79,,1024000000
2026-05-30 17:28:55.210,13,12.55,,1024000000
2026-05-30 17:28:55.194,3,2.05,,1024000000
2026-05-30 17:28:55.192,2,1.82,,1024000000
2026-05-30 17:28:55.189,2,1.74,,1024000000
2026-05-30 17:28:55.186,2,1.77,,1024000000
2026-05-30 17:28:55.171,3,2.59,,1024000000
2026-05-30 17:28:55.170,2,1.7,,1024000000
2026-05-30 17:28:55.168,3,2.01,,1024000000
2026-05-30 17:28:55.162,2,1.86,,1024000000
2026-05-30 17:28:55.158,3,2.17,,1024000000
2026-05-30 17:28:55.149,11,10.26,,1024000000
2026-05-30 17:28:55.132,2,1.82,,1024000000
2026-05-30 17:28:55.131,4,3.04,,1024000000
2026-05-30 17:28:55.126,2,1.72,,1024000000
2026-05-30 17:28:55.100,2,1.89,,1024000000
2026-05-30 17:28:55.094,2,1.65,,1024000000
2026-05-30 17:28:55.092,2,1.72,,1024000000
2026-05-30 17:28:55.082,2,1.72,,1024000000
2026-05-30 17:28:55.069,2,1.66,,1024000000
2026-05-30 17:28:55.057,2,1.75,,1024000000
2026-05-30 17:28:55.049,2,1.86,,1024000000
2026-05-30 17:28:55.047,2,1.9,,1024000000
2026-05-30 17:28:55.037,2,1.98,,1024000000
2026-05-30 17:28:55.036,2,1.84,,1024000000
2026-05-30 17:28:55.033,2,1.68,,1024000000
2026-05-30 17:28:55.010,2,1.87,,1024000000
2026-05-30 17:28:54.972,2,1.67,,1024000000
2026-05-30 17:28:54.967,2,1.83,,1024000000
2026-05-30 17:28:54.962,2,1.87,,1024000000
2026-05-30 17:28:54.944,2,1.99,,1024000000
2026-05-30 17:28:54.926,2,1.69,,1024000000
2026-05-30 17:28:54.923,3,2.2,,1024000000
2026-05-30 17:28:54.913,2,1.8,,1024000000
2026-05-30 17:28:54.910,2,1.67,,1024000000
2026-05-30 17:28:54.840,2,1.91,,1024000000
2026-05-30 17:28:54.820,2,1.71,,1024000000
2026-05-30 17:28:54.816,2,1.76,,1024000000
2026-05-30 17:28:54.815,3,2.01,,1024000000
2026-05-30 17:28:54.814,3,2.24,,1024000000
2026-05-30 17:28:54.812,2,1.82,,1024000000
2026-05-30 17:28:54.812,2,1.96,,1024000000
2026-05-30 17:28:54.797,2,1.96,,1024000000
2026-05-30 17:28:54.796,2,1.78,,1024000000
2026-05-30 17:28:54.784,2,1.95,,1024000000
2026-05-30 17:28:54.782,2,1.64,,1024000000
2026-05-30 17:28:54.767,2,1.96,,1024000000
2026-05-30 17:28:54.765,4,3.53,,1024000000
2026-05-30 17:28:54.748,2,1.81,,1024000000
2026-05-30 17:28:54.745,3,2.33,,1024000000
2026-05-30 17:28:54.742,2,1.78,,1024000000
2026-05-30 17:28:54.741,2,1.8,,1024000000
2026-05-30 17:28:54.707,2,1.85,,1024000000
2026-05-30 17:28:54.657,2,2,,1024000000
2026-05-30 17:28:54.630,2,1.93,,1024000000
2026-05-30 17:28:54.622,2,1.87,,1024000000
2026-05-30 17:28:54.586,2,1.96,,1024000000
2026-05-30 17:28:54.577,2,1.73,,1024000000
2026-05-30 17:28:54.559,8,7.22,,1024000000
2026-05-30 17:28:54.550,3,2.07,,1024000000
2026-05-30 17:28:54.547,15,14.84,,1024000000
2026-05-30 17:28:54.538,9,8.73,,1024000000
2026-05-30 17:28:54.535,2,1.85,,1024000000
2026-05-30 17:28:54.522,7,6.17,,1024000000
2026-05-30 17:28:54.518,2,1.71,,1024000000
2026-05-30 17:28:54.500,2,1.86,,1024000000
2026-05-30 17:28:54.478,3,2.37,,1024000000
2026-05-30 17:28:54.471,3,2.05,,1024000000
2026-05-30 17:28:54.469,4,3.86,,1024000000
2026-05-30 17:28:54.468,3,2.09,,1024000000
2026-05-30 17:28:54.464,3,2.02,,1024000000
2026-05-30 17:28:54.459,2,1.88,,1024000000
2026-05-30 17:28:54.446,2,1.95,,1024000000
2026-05-30 17:28:54.444,2,1.78,,1024000000
2026-05-30 17:28:54.443,2,1.83,,1024000000
2026-05-30 17:28:54.433,2,1.77,,1024000000
2026-05-30 17:28:54.433,2,1.8,,1024000000
2026-05-30 17:28:54.409,15,14.67,,1024000000
2026-05-30 17:28:54.408,2,1.85,,1024000000
2026-05-30 17:28:54.339,2,1.72,,1024000000
2026-05-30 17:28:54.329,2,1.76,,1024000000
2026-05-30 17:28:54.325,11,10.3,,1024000000
2026-05-30 17:28:54.318,2,1.68,,1024000000
2026-05-30 17:28:54.291,10,9.38,,1024000000
2026-05-30 17:28:54.282,2,1.96,,1024000000
2026-05-30 17:28:54.279,2,1.84,,1024000000
2026-05-30 17:28:54.273,18,17.7,,1024000000
2026-05-30 17:28:54.266,2,1.88,,1024000000
2026-05-30 17:28:54.260,2,1.7,,1024000000
2026-05-30 17:28:54.247,2,1.67,,1024000000
2026-05-30 17:28:54.236,2,1.98,,1024000000
2026-05-30 17:28:54.235,3,2.05,,1024000000
2026-05-30 17:28:54.219,12,11.17,,1024000000
2026-05-30 17:28:54.162,2,1.96,,1024000000
2026-05-30 17:28:54.161,2,1.81,,1024000000
2026-05-30 17:28:54.160,2,1.89,,1024000000
2026-05-30 17:28:54.153,8,7.42,,1024000000
2026-05-30 17:28:54.152,3,2.16,,1024000000
2026-05-30 17:28:54.146,3,2.05,,1024000000
2026-05-30 17:28:54.128,2,1.88,,1024000000
2026-05-30 17:28:54.085,2,1.76,,1024000000
2026-05-30 17:28:54.083,3,2.17,,1024000000
2026-05-30 17:28:54.075,2,1.9,,1024000000
2026-05-30 17:28:54.075,3,2.2,,1024000000
2026-05-30 17:28:54.062,3,2.65,,1024000000
2026-05-30 17:28:54.045,2,1.77,,1024000000
2026-05-30 17:28:54.031,3,2.67,,1024000000
2026-05-30 17:28:54.007,2,1.88,,1024000000
2026-05-30 17:28:54.002,2,2,,1024000000
2026-05-30 17:28:53.975,2,1.61,,1024000000
2026-05-30 17:28:53.965,3,2.85,,1024000000
2026-05-30 17:28:53.964,2,1.68,,1024000000
2026-05-30 17:28:53.957,3,2.02,,1024000000
2026-05-30 17:28:53.957,4,3.16,,1024000000
2026-05-30 17:28:53.956,2,1.91,,1024000000
2026-05-30 17:28:53.956,2,1.79,,1024000000
2026-05-30 17:28:53.935,3,2.79,,1024000000
2026-05-30 17:28:53.894,2,1.89,,1024000000
2026-05-30 17:28:53.875,2,1.77,,1024000000
2026-05-30 17:28:53.868,2,1.82,,1024000000
2026-05-30 17:28:53.856,3,2.46,,1024000000
2026-05-30 17:28:53.844,2,1.83,,1024000000
2026-05-30 17:28:53.840,2,1.76,,1024000000
2026-05-30 17:28:53.833,3,2.04,,1024000000
2026-05-30 17:28:53.832,2,1.9,,1024000000
2026-05-30 17:28:53.828,3,2.27,,1024000000
2026-05-30 17:28:53.825,2,1.9,,1024000000
2026-05-30 17:28:53.818,3,2.01,,1024000000
2026-05-30 17:28:53.811,3,2.01,,1024000000
2026-05-30 17:28:53.809,2,1.76,,1024000000
2026-05-30 17:28:53.795,2,1.89,,1024000000
2026-05-30 17:28:53.791,2,1.88,,1024000000
2026-05-30 17:28:53.784,2,1.94,,1024000000
2026-05-30 17:28:53.782,3,2.21,,1024000000
2026-05-30 17:28:53.779,2,1.77,,1024000000
2026-05-30 17:28:53.766,2,1.73,,1024000000
2026-05-30 17:28:53.759,2,1.78,,1024000000
2026-05-30 17:28:53.753,2,1.9,,1024000000
2026-05-30 17:28:53.732,2,1.75,,1024000000
2026-05-30 17:28:53.727,5,4.82,,1024000000
2026-05-30 17:28:53.713,2,1.98,,1024000000
2026-05-30 17:28:53.694,3,2.03,,1024000000
2026-05-30 17:28:53.691,6,5.64,,1024000000
2026-05-30 17:28:53.684,2,1.92,,1024000000
2026-05-30 17:28:53.679,3,2.19,,1024000000
2026-05-30 17:28:53.676,2,1.9,,1024000000
2026-05-30 17:28:53.657,3,2.11,,1024000000
2026-05-30 17:28:53.651,9,8.12,,1024000000
2026-05-30 17:28:53.626,2,1.68,,1024000000
2026-05-30 17:28:53.606,16,15.05,,1024000000
2026-05-30 17:28:53.599,6,5.12,,1024000000
2026-05-30 17:28:53.589,3,2.06,,1024000000
2026-05-30 17:28:53.567,5,4.53,,1024000000
2026-05-30 17:28:53.566,2,1.83,,1024000000
2026-05-30 17:28:53.559,3,2.07,,1024000000
2026-05-30 17:28:53.535,2,1.83,,1024000000
2026-05-30 17:28:53.535,10,9.55,,1024000000
2026-05-30 17:28:53.532,2,1.76,,1024000000
2026-05-30 17:28:53.527,2,1.93,,1024000000
2026-05-30 17:28:53.489,2,1.72,,1024000000
2026-05-30 17:28:53.480,3,2.31,,1024000000
2026-05-30 17:28:53.467,2,1.87,,1024000000
2026-05-30 17:28:53.465,49,48.46,,1024000000
2026-05-30 17:28:53.458,2,1.96,,1024000000
2026-05-30 17:28:53.452,2,1.7,,1024000000
2026-05-30 17:28:53.451,3,2.1,,1024000000
2026-05-30 17:28:53.449,2,1.94,,1024000000
2026-05-30 17:28:53.448,2,1.92,,1024000000
2026-05-30 17:28:53.433,2,1.84,,1024000000
2026-05-30 17:28:53.420,3,2.06,,1024000000
2026-05-30 17:28:53.402,2,1.7,,1024000000
2026-05-30 17:28:53.385,8,7.71,,1024000000
2026-05-30 17:28:53.382,3,2.05,,1024000000
2026-05-30 17:28:53.382,2,1.8,,1024000000
2026-05-30 17:28:53.380,2,1.71,,1024000000
2026-05-30 17:28:53.373,2,1.94,,1024000000
2026-05-30 17:28:53.373,2,1.77,,1024000000
2026-05-30 17:28:53.368,2,1.78,,1024000000
2026-05-30 17:28:53.341,2,1.94,,1024000000
2026-05-30 17:28:53.326,2,1.91,,1024000000
2026-05-30 17:28:53.308,2,1.98,,1024000000
2026-05-30 17:28:53.302,2,1.67,,1024000000
2026-05-30 17:28:53.290,2,1.94,,1024000000
2026-05-30 17:28:53.265,3,2.16,,1024000000
2026-05-30 17:28:53.263,2,1.76,,1024000000
2026-05-30 17:28:53.260,2,1.67,,1024000000
2026-05-30 17:28:53.251,3,2.08,,1024000000
2026-05-30 17:28:53.241,2,1.76,,1024000000
2026-05-30 17:28:53.208,3,2.59,,1024000000
2026-05-30 17:28:53.193,3,2.2,,1024000000
2026-05-30 17:28:53.192,3,2.02,,1024000000
2026-05-30 17:28:53.189,2,1.63,,1024000000
2026-05-30 17:28:53.183,2,1.95,,1024000000
2026-05-30 17:28:53.170,3,2.5,,1024000000
2026-05-30 17:28:53.165,2,1.82,,1024000000
2026-05-30 17:28:53.161,2,1.74,,1024000000
2026-05-30 17:28:53.125,2,1.98,,1024000000
2026-05-30 17:28:53.123,2,1.82,,1024000000
2026-05-30 17:28:53.114,2,1.98,,1024000000
2026-05-30 17:28:53.100,3,2.02,,1024000000
2026-05-30 17:28:53.086,3,2.48,,1024000000
2026-05-30 17:28:53.072,2,1.72,,1024000000
2026-05-30 17:28:53.065,2,1.84,,1024000000
2026-05-30 17:28:53.056,2,1.99,,1024000000
2026-05-30 17:28:53.025,2,1.99,,1024000000
2026-05-30 17:28:52.997,2,1.85,,1024000000
2026-05-30 17:28:52.985,3,2.1,,1024000000
2026-05-30 17:28:52.975,2,1.94,,1024000000
2026-05-30 17:28:52.973,2,1.97,,1024000000
2026-05-30 17:28:52.970,2,1.82,,1024000000
2026-05-30 17:28:52.956,2,1.97,,1024000000
2026-05-30 17:28:52.941,3,2.07,,1024000000
2026-05-30 17:28:52.933,2,1.99,,1024000000
2026-05-30 17:28:52.932,2,1.75,,1024000000
2026-05-30 17:28:52.927,3,2.19,,1024000000
2026-05-30 17:28:52.927,16,15.04,,1024000000
2026-05-30 17:28:52.920,2,1.7,,1024000000
2026-05-30 17:28:52.914,2,1.73,,1024000000
2026-05-30 17:28:52.886,2,1.87,,1024000000
2026-05-30 17:28:52.851,2,1.86,,1024000000
2026-05-30 17:28:52.840,2,1.92,,1024000000
2026-05-30 17:28:52.828,2,1.85,,1024000000
2026-05-30 17:28:52.824,3,2.04,,1024000000
2026-05-30 17:28:52.823,13,12.26,,1024000000
2026-05-30 17:28:52.817,3,2.12,,1024000000
2026-05-30 17:28:52.814,3,2.27,,1024000000
2026-05-30 17:28:52.813,10,9.75,,1024000000
2026-05-30 17:28:52.811,2,1.78,,1024000000
2026-05-30 17:28:52.788,2,1.94,,1024000000
2026-05-30 17:28:52.786,2,1.82,,1024000000
2026-05-30 17:28:52.742,2,1.65,,1024000000
2026-05-30 17:28:52.728,2,2,,1024000000
2026-05-30 17:28:52.725,2,1.76,,1024000000
2026-05-30 17:28:52.718,2,1.79,,1024000000
2026-05-30 17:28:52.712,3,2.02,,1024000000
2026-05-30 17:28:52.693,2,1.97,,1024000000
2026-05-30 17:28:52.690,2,1.84,,1024000000
2026-05-30 17:28:52.654,3,2.31,,1024000000
2026-05-30 17:28:52.653,3,2.14,,1024000000
2026-05-30 17:28:52.647,2,1.61,,1024000000
2026-05-30 17:28:52.647,2,1.7,,1024000000
2026-05-30 17:28:52.638,2,1.7,,1024000000
2026-05-30 17:28:52.636,2,1.84,,1024000000
2026-05-30 17:28:52.636,5,4.63,,1024000000
2026-05-30 17:28:52.634,2,1.89,,1024000000
2026-05-30 17:28:52.618,10,9.09,,1024000000
2026-05-30 17:28:52.617,3,2.08,,1024000000
2026-05-30 17:28:52.596,5,4.29,,1024000000
2026-05-30 17:28:52.564,6,5.51,,1024000000
2026-05-30 17:28:52.551,3,2.29,,1024000000
2026-05-30 17:28:52.542,2,1.99,,1024000000
2026-05-30 17:28:52.534,2,1.68,,1024000000
2026-05-30 17:28:52.484,3,2.03,,1024000000
2026-05-30 17:28:52.439,2,1.97,,1024000000
2026-05-30 17:28:52.432,7,6.69,,1024000000
2026-05-30 17:28:52.432,2,1.79,,1024000000
2026-05-30 17:28:52.411,2,1.75,,1024000000
2026-05-30 17:28:52.411,3,2.16,,1024000000
2026-05-30 17:28:52.404,6,5.53,,1024000000
2026-05-30 17:28:52.401,3,2.07,,1024000000
2026-05-30 17:28:52.396,2,1.62,,1024000000
2026-05-30 17:28:52.389,2,1.91,,1024000000
2026-05-30 17:28:52.383,2,1.69,,1024000000
2026-05-30 17:28:52.354,2,1.76,,1024000000
2026-05-30 17:28:52.347,3,2.31,,1024000000
2026-05-30 17:28:52.346,3,2.19,,1024000000
2026-05-30 17:28:52.342,2,1.87,,1024000000
2026-05-30 17:28:52.323,2,1.95,,1024000000
2026-05-30 17:28:52.304,2,1.75,,1024000000
2026-05-30 17:28:52.299,2,1.79,,1024000000
2026-05-30 17:28:52.291,3,2.04,,1024000000
2026-05-30 17:28:52.282,2,1.84,,1024000000
2026-05-30 17:28:52.260,3,2.02,,1024000000
2026-05-30 17:28:52.259,2,1.8,,1024000000
2026-05-30 17:28:52.253,2,1.6,,1024000000
2026-05-30 17:28:52.251,2,1.98,,1024000000
2026-05-30 17:28:52.250,2,2,,1024000000
2026-05-30 17:28:52.237,2,1.95,,1024000000
2026-05-30 17:28:52.236,2,1.7,,1024000000
2026-05-30 17:28:52.229,2,1.9,,1024000000
2026-05-30 17:28:52.221,2,1.94,,1024000000
2026-05-30 17:28:52.213,2,1.78,,1024000000
2026-05-30 17:28:52.192,2,1.77,,1024000000
2026-05-30 17:28:52.187,2,1.92,,1024000000
2026-05-30 17:28:52.172,2,1.93,,1024000000
2026-05-30 17:28:52.159,2,1.88,,1024000000
2026-05-30 17:28:52.159,2,1.92,,1024000000
2026-05-30 17:28:52.156,2,1.98,,1024000000
2026-05-30 17:28:52.117,2,1.72,,1024000000
2026-05-30 17:28:52.116,2,1.98,,1024000000
2026-05-30 17:28:52.105,2,1.89,,1024000000
2026-05-30 17:28:52.104,2,1.9,,1024000000
2026-05-30 17:28:52.099,3,2.44,,1024000000
2026-05-30 17:28:52.090,2,1.66,,1024000000
2026-05-30 17:28:52.082,3,2.01,,1024000000
2026-05-30 17:28:52.076,2,1.91,,1024000000
2026-05-30 17:28:52.072,2,1.81,,1024000000
2026-05-30 17:28:52.060,2,1.71,,1024000000
2026-05-30 17:28:52.053,2,1.92,,1024000000
2026-05-30 17:28:52.048,2,1.77,,1024000000
2026-05-30 17:28:52.027,2,1.8,,1024000000
2026-05-30 17:28:52.020,2,1.8,,1024000000
2026-05-30 17:28:52.015,2,1.69,,1024000000
2026-05-30 17:28:51.989,2,1.85,,1024000000
2026-05-30 17:28:51.951,2,1.9,,1024000000
2026-05-30 17:28:51.941,2,1.87,,1024000000
2026-05-30 17:28:51.937,2,1.84,,1024000000
2026-05-30 17:28:51.926,3,2.46,,1024000000
2026-05-30 17:28:51.921,2,1.86,,1024000000
2026-05-30 17:28:51.918,2,1.83,,1024000000
2026-05-30 17:28:51.897,2,1.96,,1024000000
2026-05-30 17:28:51.885,5,4.75,,1024000000
2026-05-30 17:28:51.856,2,1.75,,1024000000
2026-05-30 17:28:51.843,2,1.81,,1024000000
2026-05-30 17:28:51.839,2,1.94,,1024000000
2026-05-30 17:28:51.825,2,1.74,,1024000000
2026-05-30 17:28:51.807,2,1.75,,1024000000
2026-05-30 17:28:51.783,3,2.02,,1024000000
2026-05-30 17:28:51.779,3,2.24,,1024000000
2026-05-30 17:28:51.756,2,1.83,,1024000000
2026-05-30 17:28:51.746,3,2.04,,1024000000
2026-05-30 17:28:51.730,2,1.91,,1024000000
2026-05-30 17:28:51.708,3,2.12,,1024000000
2026-05-30 17:28:51.696,2,1.78,,1024000000
2026-05-30 17:28:51.693,2,1.77,,1024000000
2026-05-30 17:28:51.688,3,2.17,,1024000000
2026-05-30 17:28:51.674,2,2,,1024000000
2026-05-30 17:28:51.673,3,2.05,,1024000000
2026-05-30 17:28:51.672,2,1.79,,1024000000
2026-05-30 17:28:51.667,2,1.98,,1024000000
2026-05-30 17:28:51.647,2,1.79,,1024000000
2026-05-30 17:28:51.634,2,1.86,,1024000000
2026-05-30 17:28:51.615,2,1.73,,1024000000
2026-05-30 17:28:51.591,2,1.75,,1024000000
2026-05-30 17:28:51.583,12,12,,1024000000
2026-05-30 17:28:51.579,2,1.66,,1024000000
2026-05-30 17:28:51.574,2,1.67,,1024000000
2026-05-30 17:28:51.557,3,2.07,,1024000000
2026-05-30 17:28:51.554,2,1.71,,1024000000
2026-05-30 17:28:51.551,2,1.84,,1024000000
2026-05-30 17:28:51.536,2,1.81,,1024000000
2026-05-30 17:28:51.520,2,1.76,,1024000000
2026-05-30 17:28:51.518,2,1.76,,1024000000
2026-05-30 17:28:51.510,6,5.65,,1024000000
2026-05-30 17:28:51.505,2,1.68,,1024000000
2026-05-30 17:28:51.504,2,1.92,,1024000000
2026-05-30 17:28:51.487,2,1.71,,1024000000
2026-05-30 17:28:51.482,2,1.98,,1024000000
2026-05-30 17:28:51.460,2,1.76,,1024000000
2026-05-30 17:28:51.457,2,1.97,,1024000000
2026-05-30 17:28:51.432,3,2.11,,1024000000
2026-05-30 17:28:51.429,2,1.77,,1024000000
2026-05-30 17:28:51.417,2,1.8,,1024000000
2026-05-30 17:28:51.366,2,1.73,,1024000000
2026-05-30 17:28:51.362,3,2.05,,1024000000
2026-05-30 17:28:51.351,2,1.81,,1024000000
2026-05-30 17:28:51.347,2,1.89,,1024000000
2026-05-30 17:28:51.319,2,1.76,,1024000000
2026-05-30 17:28:51.318,3,2.18,,1024000000
2026-05-30 17:28:51.317,2,1.79,,1024000000
2026-05-30 17:28:51.315,2,1.71,,1024000000
2026-05-30 17:28:51.304,2,1.87,,1024000000
2026-05-30 17:28:51.300,3,2.13,,1024000000
2026-05-30 17:28:51.293,2,1.81,,1024000000
2026-05-30 17:28:51.282,2,1.93,,1024000000
2026-05-30 17:28:51.267,2,1.87,,1024000000
2026-05-30 17:28:51.247,2,1.64,,1024000000
2026-05-30 17:28:51.238,2,1.88,,1024000000
2026-05-30 17:28:51.235,3,2.04,,1024000000
2026-05-30 17:28:51.231,3,2.17,,1024000000
2026-05-30 17:28:51.225,2,1.82,,1024000000
2026-05-30 17:28:51.222,2,1.73,,1024000000
2026-05-30 17:28:51.211,2,1.94,,1024000000
2026-05-30 17:28:51.206,2,1.76,,1024000000
2026-05-30 17:28:51.206,2,1.86,,1024000000
2026-05-30 17:28:51.197,2,1.75,,1024000000
2026-05-30 17:28:51.186,2,1.97,,1024000000
2026-05-30 17:28:51.178,3,2.18,,1024000000
2026-05-30 17:28:51.157,4,3.75,,1024000000
2026-05-30 17:28:51.086,2,1.92,,1024000000
2026-05-30 17:28:51.064,2,1.75,,1024000000
2026-05-30 17:28:51.058,2,1.76,,1024000000
2026-05-30 17:28:51.046,2,1.65,,1024000000
2026-05-30 17:28:51.042,3,2.37,,1024000000
2026-05-30 17:28:51.041,2,1.77,,1024000000
2026-05-30 17:28:51.040,3,2.1,,1024000000
2026-05-30 17:28:51.037,2,1.89,,1024000000
2026-05-30 17:28:51.030,6,5.24,,1024000000
2026-05-30 17:28:51.026,2,2,,1024000000
2026-05-30 17:28:51.010,2,1.79,,1024000000
2026-05-30 17:28:51.007,2,1.74,,1024000000
2026-05-30 17:28:50.967,2,1.78,,1024000000
2026-05-30 17:28:50.922,4,3.73,,1024000000
2026-05-30 17:28:50.922,2,1.71,,1024000000
2026-05-30 17:28:50.913,2,1.83,,1024000000
2026-05-30 17:28:50.912,2,1.92,,1024000000
2026-05-30 17:28:50.908,2,1.78,,1024000000
2026-05-30 17:28:50.905,2,1.96,,1024000000
2026-05-30 17:28:50.898,17,16.18,,1024000000
2026-05-30 17:28:50.895,2,2,,1024000000
2026-05-30 17:28:50.894,8,7.05,,1024000000
2026-05-30 17:28:50.876,2,1.83,,1024000000
2026-05-30 17:28:50.872,2,1.62,,1024000000
2026-05-30 17:28:50.850,4,3,,1024000000
2026-05-30 17:28:50.828,2,1.86,,1024000000
2026-05-30 17:28:50.823,3,2.07,,1024000000
2026-05-30 17:28:50.800,2,1.68,,1024000000
2026-05-30 17:28:50.782,2,1.72,,1024000000
2026-05-30 17:28:50.770,2,1.71,,1024000000
2026-05-30 17:28:50.768,2,1.92,,1024000000
2026-05-30 17:28:50.764,3,2.16,,1024000000
2026-05-30 17:28:50.745,2,1.81,,1024000000
2026-05-30 17:28:50.740,2,1.73,,1024000000
2026-05-30 17:28:50.730,2,1.9,,1024000000
2026-05-30 17:28:50.730,6,5.05,,1024000000
2026-05-30 17:28:50.721,3,2.1,,1024000000
2026-05-30 17:28:50.717,2,1.76,,1024000000
2026-05-30 17:28:50.712,2,1.81,,1024000000
2026-05-30 17:28:50.709,2,1.77,,1024000000
2026-05-30 17:28:50.698,3,2.02,,1024000000
2026-05-30 17:28:50.691,3,2.1,,1024000000
2026-05-30 17:28:50.671,3,2.07,,1024000000
2026-05-30 17:28:50.662,2,1.81,,1024000000
2026-05-30 17:28:50.662,3,2.04,,1024000000
2026-05-30 17:28:50.660,2,1.86,,1024000000
2026-05-30 17:28:50.649,2,1.78,,1024000000
2026-05-30 17:28:50.642,4,3.02,,1024000000
2026-05-30 17:28:50.641,3,2.07,,1024000000
2026-05-30 17:28:50.611,2,1.76,,1024000000
2026-05-30 17:28:50.600,2,1.73,,1024000000
2026-05-30 17:28:50.593,2,1.9,,1024000000
2026-05-30 17:28:50.577,2,1.69,,1024000000
2026-05-30 17:28:50.577,2,1.82,,1024000000
2026-05-30 17:28:50.555,2,1.8,,1024000000
2026-05-30 17:28:50.536,2,1.62,,1024000000
2026-05-30 17:28:50.529,2,1.75,,1024000000
2026-05-30 17:28:50.504,2,1.77,,1024000000
2026-05-30 17:28:50.483,2,1.72,,1024000000
2026-05-30 17:28:50.478,3,2.05,,1024000000
2026-05-30 17:28:50.470,2,1.68,,1024000000
2026-05-30 17:28:50.468,2,1.69,,1024000000
2026-05-30 17:28:50.466,2,1.83,,1024000000
2026-05-30 17:28:50.463,2,1.74,,1024000000
2026-05-30 17:28:50.451,2,1.87,,1024000000
2026-05-30 17:28:50.445,2,1.59,,1024000000
2026-05-30 17:28:50.434,3,2.06,,1024000000
2026-05-30 17:28:50.427,3,2.02,,1024000000
2026-05-30 17:28:50.417,2,1.8,,1024000000
2026-05-30 17:28:50.416,2,1.93,,1024000000
2026-05-30 17:28:50.409,2,1.93,,1024000000
2026-05-30 17:28:50.396,2,1.98,,1024000000
2026-05-30 17:28:50.391,2,1.97,,1024000000
2026-05-30 17:28:50.371,3,2.2,,1024000000
2026-05-30 17:28:50.342,5,4.13,,1024000000
2026-05-30 17:28:50.333,11,10.34,,1024000000
2026-05-30 17:28:50.323,2,1.89,,1024000000
2026-05-30 17:28:50.322,2,1.77,,1024000000
2026-05-30 17:28:50.284,3,2.02,,1024000000
2026-05-30 17:28:50.279,2,1.77,,1024000000
2026-05-30 17:28:50.261,8,7.48,,1024000000
2026-05-30 17:28:50.226,2,1.89,,1024000000
2026-05-30 17:28:50.216,2,1.7,,1024000000
2026-05-30 17:28:50.206,2,1.68,,1024000000
2026-05-30 17:28:50.206,2,1.74,,1024000000
2026-05-30 17:28:50.197,2,1.66,,1024000000
2026-05-30 17:28:50.188,2,1.76,,1024000000
2026-05-30 17:28:50.182,2,1.99,,1024000000
2026-05-30 17:28:50.168,2,1.92,,1024000000
2026-05-30 17:28:50.162,2,1.81,,1024000000
2026-05-30 17:28:50.108,2,1.79,,1024000000
2026-05-30 17:28:50.105,3,2.02,,1024000000
2026-05-30 17:28:50.084,2,1.71,,1024000000
2026-05-30 17:28:50.077,2,1.71,,1024000000
2026-05-30 17:28:50.071,2,1.74,,1024000000
2026-05-30 17:28:50.059,2,1.82,,1024000000
2026-05-30 17:28:50.058,3,2.03,,1024000000
2026-05-30 17:28:50.036,2,1.94,,1024000000
2026-05-30 17:28:50.017,2,1.7,,1024000000
2026-05-30 17:28:50.015,2,1.76,,1024000000
2026-05-30 17:28:50.014,6,5.23,,1024000000
2026-05-30 17:28:50.013,2,1.76,,1024000000
2026-05-30 17:28:50.002,2,1.65,,1024000000
2026-05-30 17:28:49.988,2,1.82,,1024000000
2026-05-30 17:28:49.977,2,1.93,,1024000000
2026-05-30 17:28:49.973,2,1.87,,1024000000
2026-05-30 17:28:49.956,2,1.61,,1024000000
2026-05-30 17:28:49.947,2,1.82,,1024000000
2026-05-30 17:28:49.932,2,1.95,,1024000000
2026-05-30 17:28:49.929,7,6.21,,1024000000
2026-05-30 17:28:49.902,3,2.62,,1024000000
2026-05-30 17:28:49.902,2,1.77,,1024000000
2026-05-30 17:28:49.901,2,1.8,,1024000000
2026-05-30 17:28:49.896,2,1.91,,1024000000
2026-05-30 17:28:49.874,2,1.85,,1024000000
2026-05-30 17:28:49.865,8,7.19,,1024000000
2026-05-30 17:28:49.860,3,2.33,,1024000000
2026-05-30 17:28:49.855,2,1.9,,1024000000
2026-05-30 17:28:49.842,2,1.92,,1024000000
2026-05-30 17:28:49.840,2,1.95,,1024000000
2026-05-30 17:28:49.823,2,1.71,,1024000000
2026-05-30 17:28:49.819,2,1.72,,1024000000
2026-05-30 17:28:49.788,2,1.78,,1024000000
2026-05-30 17:28:49.760,2,1.55,,1024000000
2026-05-30 17:28:49.758,2,1.8,,1024000000
2026-05-30 17:28:49.753,2,1.81,,1024000000
2026-05-30 17:28:49.738,3,2,,1024000000
2026-05-30 17:28:49.728,2,1.76,,1024000000
2026-05-30 17:28:49.725,2,1.98,,1024000000
2026-05-30 17:28:49.706,2,1.97,,1024000000
2026-05-30 17:28:49.696,3,2.14,,1024000000
2026-05-30 17:28:49.691,2,1.84,,1024000000
2026-05-30 17:28:49.687,2,1.99,,1024000000
2026-05-30 17:28:49.658,2,1.6,,1024000000
2026-05-30 17:28:49.653,2,1.78,,1024000000
2026-05-30 17:28:49.651,2,1.71,,1024000000
2026-05-30 17:28:49.628,2,1.81,,1024000000
2026-05-30 17:28:49.624,2,1.71,,1024000000
2026-05-30 17:28:49.618,2,1.88,,1024000000
2026-05-30 17:28:49.615,2,1.81,,1024000000
2026-05-30 17:28:49.606,2,1.73,,1024000000
2026-05-30 17:28:49.573,2,1.68,,1024000000
2026-05-30 17:28:49.569,2,1.88,,1024000000
2026-05-30 17:28:49.566,7,6.8,,1024000000
2026-05-30 17:28:49.547,3,2.03,,1024000000
2026-05-30 17:28:49.537,2,1.85,,1024000000
2026-05-30 17:28:49.511,2,1.84,,1024000000
2026-05-30 17:28:49.498,2,1.75,,1024000000
2026-05-30 17:28:49.487,3,2.09,,1024000000
2026-05-30 17:28:49.483,3,2.27,,1024000000
2026-05-30 17:28:49.480,3,2.1,,1024000000
2026-05-30 17:28:49.467,2,1.96,,1024000000
2026-05-30 17:28:49.454,3,2.05,,1024000000
2026-05-30 17:28:49.441,2,1.91,,1024000000
2026-05-30 17:28:49.436,2,1.77,,1024000000
2026-05-30 17:28:49.416,5,4.24,,1024000000
2026-05-30 17:28:49.411,2,1.96,,1024000000
2026-05-30 17:28:49.407,2,1.86,,1024000000
2026-05-30 17:28:49.387,2,1.85,,1024000000
2026-05-30 17:28:49.351,2,1.84,,1024000000
2026-05-30 17:28:49.341,3,2.22,,1024000000
2026-05-30 17:28:49.335,2,1.67,,1024000000
2026-05-30 17:28:49.309,3,2.06,,1024000000
2026-05-30 17:28:49.302,2,1.76,,1024000000
2026-05-30 17:28:49.301,2,1.9,,1024000000
2026-05-30 17:28:49.289,2,1.92,,1024000000
2026-05-30 17:28:49.252,2,1.97,,1024000000
2026-05-30 17:28:49.242,3,2.45,,1024000000
2026-05-30 17:28:49.242,2,1.76,,1024000000
2026-05-30 17:28:49.242,2,1.82,,1024000000
2026-05-30 17:28:49.236,6,5.05,,1024000000
2026-05-30 17:28:49.232,2,1.76,,1024000000
2026-05-30 17:28:49.228,2,1.68,,1024000000
2026-05-30 17:28:49.223,3,2.13,,1024000000
2026-05-30 17:28:49.207,2,1.81,,1024000000
2026-05-30 17:28:49.207,22,21.98,,1024000000
2026-05-30 17:28:49.194,2,1.95,,1024000000
2026-05-30 17:28:49.190,2,1.79,,1024000000
2026-05-30 17:28:49.186,2,1.79,,1024000000
2026-05-30 17:28:49.162,3,2.02,,1024000000
2026-05-30 17:28:49.161,2,1.91,,1024000000
2026-05-30 17:28:49.157,2,1.91,,1024000000
2026-05-30 17:28:49.153,3,2.06,,1024000000
2026-05-30 17:28:49.146,2,1.87,,1024000000
2026-05-30 17:28:49.143,2,1.9,,1024000000
2026-05-30 17:28:49.132,2,1.8,,1024000000
2026-05-30 17:28:49.107,3,2.01,,1024000000
2026-05-30 17:28:49.092,2,1.78,,1024000000
2026-05-30 17:28:49.089,2,1.91,,1024000000
2026-05-30 17:28:49.088,3,2.01,,1024000000
2026-05-30 17:28:49.073,2,1.71,,1024000000
2026-05-30 17:28:49.069,2,1.93,,1024000000
2026-05-30 17:28:49.069,3,2.18,,1024000000
2026-05-30 17:28:49.053,2,1.92,,1024000000
2026-05-30 17:28:49.044,3,2.7,,1024000000
2026-05-30 17:28:49.032,2,1.81,,1024000000
2026-05-30 17:28:49.021,3,2.1,,1024000000
2026-05-30 17:28:49.013,2,1.77,,1024000000
2026-05-30 17:28:49.005,2,1.83,,1024000000
2026-05-30 17:28:49.005,2,1.83,,1024000000
2026-05-30 17:28:49.004,2,1.86,,1024000000
2026-05-30 17:28:48.984,2,1.7,,1024000000
2026-05-30 17:28:48.978,2,1.62,,1024000000
2026-05-30 17:28:48.969,2,1.78,,1024000000
2026-05-30 17:28:48.967,2,1.76,,1024000000
2026-05-30 17:28:48.966,2,1.82,,1024000000
2026-05-30 17:28:48.943,2,1.87,,1024000000
2026-05-30 17:28:48.932,2,1.8,,1024000000
2026-05-30 17:28:48.919,2,1.86,,1024000000
2026-05-30 17:28:48.916,3,2.01,,1024000000
2026-05-30 17:28:48.911,2,1.78,,1024000000
2026-05-30 17:28:48.892,2,1.91,,1024000000
2026-05-30 17:28:48.882,2,1.74,,1024000000
2026-05-30 17:28:48.871,2,1.94,,1024000000
2026-05-30 17:28:48.857,2,1.75,,1024000000
2026-05-30 17:28:48.855,2,1.98,,1024000000
2026-05-30 17:28:48.853,2,1.99,,1024000000
2026-05-30 17:28:48.848,2,1.76,,1024000000
2026-05-30 17:28:48.837,2,1.75,,1024000000
2026-05-30 17:28:48.832,6,5.22,,1024000000
2026-05-30 17:28:48.790,7,6.76,,1024000000
2026-05-30 17:28:48.787,5,4.75,,1024000000
2026-05-30 17:28:48.773,2,1.88,,1024000000
2026-05-30 17:28:48.754,4,3.48,,1024000000
2026-05-30 17:28:48.753,3,2.01,,1024000000
2026-05-30 17:28:48.742,2,1.7,,1024000000
2026-05-30 17:28:48.706,2,1.91,,1024000000
2026-05-30 17:28:48.705,2,1.8,,1024000000
2026-05-30 17:28:48.691,5,4.46,,1024000000
2026-05-30 17:28:48.671,3,2.1,,1024000000
2026-05-30 17:28:48.666,2,1.95,,1024000000
2026-05-30 17:28:48.662,7,6.05,,1024000000
2026-05-30 17:28:48.578,3,2.27,,1024000000
2026-05-30 17:28:48.571,2,1.77,,1024000000
2026-05-30 17:28:48.570,2,1.77,,1024000000
2026-05-30 17:28:48.541,2,1.98,,1024000000
2026-05-30 17:28:48.538,2,1.81,,1024000000
2026-05-30 17:28:48.512,2,1.88,,1024000000
2026-05-30 17:28:48.488,3,2.06,,1024000000
2026-05-30 17:28:48.472,2,1.68,,1024000000
2026-05-30 17:28:48.466,2,1.76,,1024000000
2026-05-30 17:28:48.456,2,1.83,,1024000000
2026-05-30 17:28:48.448,2,1.81,,1024000000
2026-05-30 17:28:48.448,2,1.8,,1024000000
2026-05-30 17:28:48.435,2,1.83,,1024000000
2026-05-30 17:28:48.421,2,1.92,,1024000000
2026-05-30 17:28:48.413,4,3.14,,1024000000
2026-05-30 17:28:48.403,2,1.78,,1024000000
2026-05-30 17:28:48.399,2,1.92,,1024000000
2026-05-30 17:28:48.384,2,1.83,,1024000000
2026-05-30 17:28:48.380,2,1.98,,1024000000
2026-05-30 17:28:48.365,2,1.7,,1024000000
2026-05-30 17:28:48.352,2,1.69,,1024000000
2026-05-30 17:28:48.325,3,2.69,,1024000000
2026-05-30 17:28:48.325,3,2.03,,1024000000
2026-05-30 17:28:48.302,2,1.76,,1024000000
2026-05-30 17:28:48.290,2,1.84,,1024000000
2026-05-30 17:28:48.283,2,1.75,,1024000000
2026-05-30 17:28:48.271,2,1.74,,1024000000
2026-05-30 17:28:48.255,2,1.79,,1024000000
2026-05-30 17:28:48.221,3,2.13,,1024000000
2026-05-30 17:28:48.203,2,1.97,,1024000000
2026-05-30 17:28:48.199,3,2.22,,1024000000
2026-05-30 17:28:48.192,2,1.61,,1024000000
2026-05-30 17:28:48.190,3,2.11,,1024000000
2026-05-30 17:28:48.190,2,1.74,,1024000000
2026-05-30 17:28:48.169,11,10.18,,1024000000
2026-05-30 17:28:48.161,2,1.94,,1024000000
2026-05-30 17:28:48.159,2,1.82,,1024000000
2026-05-30 17:28:48.153,3,2.14,,1024000000
2026-05-30 17:28:48.150,2,1.6,,1024000000
2026-05-30 17:28:48.113,3,2.16,,1024000000
2026-05-30 17:28:48.110,2,1.95,,1024000000
2026-05-30 17:28:48.108,3,2.02,,1024000000
2026-05-30 17:28:48.093,2,1.69,,1024000000
2026-05-30 17:28:48.091,2,1.83,,1024000000
2026-05-30 17:28:48.078,4,3.33,,1024000000
2026-05-30 17:28:48.067,2,1.96,,1024000000
2026-05-30 17:28:48.060,2,1.89,,1024000000
2026-05-30 17:28:48.041,2,1.78,,1024000000
2026-05-30 17:28:48.030,2,1.63,,1024000000
2026-05-30 17:28:48.017,2,1.8,,1024000000
2026-05-30 17:28:47.979,2,1.88,,1024000000
2026-05-30 17:28:47.961,2,1.97,,1024000000
2026-05-30 17:28:47.960,10,9.09,,1024000000
2026-05-30 17:28:47.954,2,1.96,,1024000000
2026-05-30 17:28:47.948,3,2.46,,1024000000
2026-05-30 17:28:47.945,10,9.33,,1024000000
2026-05-30 17:28:47.932,2,1.67,,1024000000
2026-05-30 17:28:47.926,2,1.82,,1024000000
2026-05-30 17:28:47.926,2,1.92,,1024000000
2026-05-30 17:28:47.904,2,1.84,,1024000000
2026-05-30 17:28:47.862,10,9.35,,1024000000
2026-05-30 17:28:47.852,2,1.64,,1024000000
2026-05-30 17:28:47.848,3,2.02,,1024000000
2026-05-30 17:28:47.846,2,1.83,,1024000000
2026-05-30 17:28:47.845,2,1.78,,1024000000
2026-05-30 17:28:47.837,4,3.08,,1024000000
2026-05-30 17:28:47.825,2,1.92,,1024000000
2026-05-30 17:28:47.825,3,2.02,,1024000000
2026-05-30 17:28:47.814,2,1.73,,1024000000
2026-05-30 17:28:47.783,3,2.05,,1024000000
2026-05-30 17:28:47.778,2,1.84,,1024000000
2026-05-30 17:28:47.762,3,2.23,,1024000000
2026-05-30 17:28:47.762,2,1.68,,1024000000
2026-05-30 17:28:47.761,2,1.73,,1024000000
2026-05-30 17:28:47.752,2,1.81,,1024000000
2026-05-30 17:28:47.746,2,1.95,,1024000000
2026-05-30 17:28:47.745,2,1.87,,1024000000
2026-05-30 17:28:47.733,3,2.18,,1024000000
2026-05-30 17:28:47.730,2,1.83,,1024000000
2026-05-30 17:28:47.729,2,1.64,,1024000000
2026-05-30 17:28:47.726,2,1.86,,1024000000
2026-05-30 17:28:47.712,2,1.93,,1024000000
2026-05-30 17:28:47.660,2,1.94,,1024000000
2026-05-30 17:28:47.637,2,1.84,,1024000000
2026-05-30 17:28:47.634,2,1.76,,1024000000
2026-05-30 17:28:47.626,3,2.06,,1024000000
2026-05-30 17:28:47.618,2,1.95,,1024000000
2026-05-30 17:28:47.610,2,1.89,,1024000000
2026-05-30 17:28:47.591,3,2.07,,1024000000
2026-05-30 17:28:47.581,2,1.8,,1024000000
2026-05-30 17:28:47.573,2,1.78,,1024000000
2026-05-30 17:28:47.570,2,1.77,,1024000000
2026-05-30 17:28:47.562,2,1.67,,1024000000
2026-05-30 17:28:47.519,3,2.5,,1024000000
2026-05-30 17:28:47.513,2,1.89,,1024000000
2026-05-30 17:28:47.513,2,1.7,,1024000000
2026-05-30 17:28:47.510,2,1.69,,1024000000
2026-05-30 17:28:47.503,2,1.79,,1024000000
2026-05-30 17:28:47.501,2,1.85,,1024000000
2026-05-30 17:28:47.500,2,1.82,,1024000000
2026-05-30 17:28:47.492,2,1.77,,1024000000
2026-05-30 17:28:47.481,2,1.79,,1024000000
2026-05-30 17:28:47.468,2,1.9,,1024000000
2026-05-30 17:28:47.460,2,1.72,,1024000000
2026-05-30 17:28:47.458,2,1.69,,1024000000
2026-05-30 17:28:47.441,2,1.99,,1024000000
2026-05-30 17:28:47.431,3,2.25,,1024000000
2026-05-30 17:28:47.411,2,1.98,,1024000000
2026-05-30 17:28:47.408,6,5.3,,1024000000
2026-05-30 17:28:47.406,2,1.77,,1024000000
2026-05-30 17:28:47.392,2,1.77,,1024000000
2026-05-30 17:28:47.385,3,2.04,,1024000000
2026-05-30 17:28:47.344,6,5.38,,1024000000
2026-05-30 17:28:47.337,2,1.85,,1024000000
2026-05-30 17:28:47.332,2,1.75,,1024000000
2026-05-30 17:28:47.316,3,2.27,,1024000000
2026-05-30 17:28:47.310,3,2.12,,1024000000
2026-05-30 17:28:47.303,2,2,,1024000000
2026-05-30 17:28:47.293,2,1.69,,1024000000
2026-05-30 17:28:47.287,2,1.96,,1024000000
2026-05-30 17:28:47.286,2,1.83,,1024000000
2026-05-30 17:28:47.278,2,1.96,,1024000000
2026-05-30 17:28:47.273,2,1.74,,1024000000
2026-05-30 17:28:47.267,3,2.31,,1024000000
2026-05-30 17:28:47.250,17,16.74,,1024000000
2026-05-30 17:28:47.247,2,1.82,,1024000000
2026-05-30 17:28:47.240,2,1.79,,1024000000
2026-05-30 17:28:47.224,8,7.95,,1024000000
2026-05-30 17:28:47.220,3,2.37,,1024000000
2026-05-30 17:28:47.196,2,1.91,,1024000000
2026-05-30 17:28:47.181,2,1.86,,1024000000
2026-05-30 17:28:47.172,7,6.45,,1024000000
2026-05-30 17:28:47.135,3,2.82,,1024000000
2026-05-30 17:28:47.126,2,1.84,,1024000000
2026-05-30 17:28:47.116,2,1.79,,1024000000
2026-05-30 17:28:47.103,2,1.81,,1024000000
2026-05-30 17:28:47.099,2,1.72,,1024000000
2026-05-30 17:28:47.090,2,1.81,,1024000000
2026-05-30 17:28:47.090,2,1.68,,1024000000
2026-05-30 17:28:47.076,10,9.53,,1024000000
2026-05-30 17:28:47.063,3,2.23,,1024000000
2026-05-30 17:28:47.042,3,2.08,,1024000000
2026-05-30 17:28:47.035,5,4.71,,1024000000
2026-05-30 17:28:47.029,3,2.12,,1024000000
2026-05-30 17:28:47.021,2,1.66,,1024000000
2026-05-30 17:28:47.006,2,1.85,,1024000000
2026-05-30 17:28:46.971,2,1.72,,1024000000
2026-05-30 17:28:46.959,2,1.76,,1024000000
2026-05-30 17:28:46.955,2,1.99,,1024000000
2026-05-30 17:28:46.947,8,7.35,,1024000000
2026-05-30 17:28:46.946,2,1.74,,1024000000
2026-05-30 17:28:46.941,5,4.69,,1024000000
2026-05-30 17:28:46.922,2,1.83,,1024000000
2026-05-30 17:28:46.915,3,2,,1024000000
2026-05-30 17:28:46.908,3,2.17,,1024000000
2026-05-30 17:28:46.906,2,1.61,,1024000000
2026-05-30 17:28:46.906,2,1.83,,1024000000
2026-05-30 17:28:46.898,2,1.73,,1024000000
2026-05-30 17:28:46.891,2,1.92,,1024000000
2026-05-30 17:28:46.888,3,2.01,,1024000000
2026-05-30 17:28:46.888,2,1.75,,1024000000
2026-05-30 17:28:46.848,3,2.03,,1024000000
2026-05-30 17:28:46.839,2,1.87,,1024000000
2026-05-30 17:28:46.833,2,1.75,,1024000000
2026-05-30 17:28:46.814,3,2.26,,1024000000
2026-05-30 17:28:46.813,2,1.95,,1024000000
2026-05-30 17:28:46.788,2,1.9,,1024000000
2026-05-30 17:28:46.781,2,1.69,,1024000000
2026-05-30 17:28:46.759,2,1.82,,1024000000
2026-05-30 17:28:46.758,2,1.76,,1024000000
2026-05-30 17:28:46.732,2,1.87,,1024000000
2026-05-30 17:28:46.729,2,1.85,,1024000000
2026-05-30 17:28:46.691,2,1.76,,1024000000
2026-05-30 17:28:46.673,2,1.97,,1024000000
2026-05-30 17:28:46.672,2,1.81,,1024000000
2026-05-30 17:28:46.666,2,1.97,,1024000000
2026-05-30 17:28:46.642,2,1.84,,1024000000
2026-05-30 17:28:46.622,3,2.05,,1024000000
2026-05-30 17:28:46.622,3,2.1,,1024000000
2026-05-30 17:28:46.617,2,1.69,,1024000000
2026-05-30 17:28:46.615,2,1.84,,1024000000
2026-05-30 17:28:46.605,10,9.87,,1024000000
2026-05-30 17:28:46.593,3,2.1,,1024000000
2026-05-30 17:28:46.570,2,1.76,,1024000000
2026-05-30 17:28:46.563,2,1.97,,1024000000
2026-05-30 17:28:46.563,2,1.94,,1024000000
2026-05-30 17:28:46.562,2,1.8,,1024000000
2026-05-30 17:28:46.512,24,23.29,,1024000000
2026-05-30 17:28:46.500,3,2,,1024000000
2026-05-30 17:28:46.446,2,1.83,,1024000000
2026-05-30 17:28:46.436,2,1.86,,1024000000
2026-05-30 17:28:46.431,2,1.83,,1024000000
2026-05-30 17:28:46.427,2,1.84,,1024000000
2026-05-30 17:28:46.417,2,1.81,,1024000000
2026-05-30 17:28:46.395,2,1.8,,1024000000
2026-05-30 17:28:46.389,2,2,,1024000000
2026-05-30 17:28:46.354,2,1.85,,1024000000
2026-05-30 17:28:46.340,2,1.82,,1024000000
2026-05-30 17:28:46.326,3,2.13,,1024000000
2026-05-30 17:28:46.325,3,2.07,,1024000000
2026-05-30 17:28:46.322,2,1.82,,1024000000
2026-05-30 17:28:46.318,2,1.82,,1024000000
2026-05-30 17:28:46.311,2,1.69,,1024000000
2026-05-30 17:28:46.302,2,1.71,,1024000000
2026-05-30 17:28:46.295,2,1.86,,1024000000
2026-05-30 17:28:46.286,2,1.89,,1024000000
2026-05-30 17:28:46.286,2,1.82,,1024000000
2026-05-30 17:28:46.274,2,1.88,,1024000000
2026-05-30 17:28:46.254,3,2.31,,1024000000
2026-05-30 17:28:46.250,3,2.06,,1024000000
2026-05-30 17:28:46.239,3,2.14,,1024000000
2026-05-30 17:28:46.238,2,1.84,,1024000000
2026-05-30 17:28:46.220,2,1.72,,1024000000
2026-05-30 17:28:46.217,2,1.99,,1024000000
2026-05-30 17:28:46.205,2,1.91,,1024000000
2026-05-30 17:28:46.201,3,2.18,,1024000000
2026-05-30 17:28:46.196,2,1.87,,1024000000
2026-05-30 17:28:46.194,2,1.91,,1024000000
2026-05-30 17:28:46.189,2,1.93,,1024000000
2026-05-30 17:28:46.184,2,1.91,,1024000000
2026-05-30 17:28:46.182,2,1.89,,1024000000
2026-05-30 17:28:46.179,2,1.86,,1024000000
2026-05-30 17:28:46.174,2,1.92,,1024000000
2026-05-30 17:28:46.164,3,2.16,,1024000000
2026-05-30 17:28:46.161,2,1.72,,1024000000
2026-05-30 17:28:46.149,2,1.72,,1024000000
2026-05-30 17:28:46.145,2,1.86,,1024000000
2026-05-30 17:28:46.121,2,1.99,,1024000000
2026-05-30 17:28:46.106,3,2.05,,1024000000
2026-05-30 17:28:46.104,2,1.74,,1024000000
2026-05-30 17:28:46.086,2,1.93,,1024000000
2026-05-30 17:28:46.067,2,1.73,,1024000000
2026-05-30 17:28:46.063,2,1.54,,1024000000
2026-05-30 17:28:46.061,2,1.85,,1024000000
2026-05-30 17:28:46.057,2,1.8,,1024000000
2026-05-30 17:28:46.042,3,2,,1024000000
2026-05-30 17:28:46.001,2,1.73,,1024000000
2026-05-30 17:28:46.001,3,2.13,,1024000000
2026-05-30 17:28:45.993,3,2.17,,1024000000
2026-05-30 17:28:45.993,2,1.7,,1024000000
2026-05-30 17:28:45.977,2,1.71,,1024000000
2026-05-30 17:28:45.972,2,1.68,,1024000000
2026-05-30 17:28:45.951,2,1.86,,1024000000
2026-05-30 17:28:45.949,3,2.4,,1024000000
2026-05-30 17:28:45.942,3,2.08,,1024000000
2026-05-30 17:28:45.922,3,2.01,,1024000000
2026-05-30 17:28:45.911,2,1.69,,1024000000
2026-05-30 17:28:45.898,2,1.82,,1024000000
2026-05-30 17:28:45.861,3,2.44,,1024000000
2026-05-30 17:28:45.848,2,1.73,,1024000000
2026-05-30 17:28:45.842,3,2.04,,1024000000
2026-05-30 17:28:45.834,2,1.79,,1024000000
2026-05-30 17:28:45.825,2,1.86,,1024000000
2026-05-30 17:28:45.809,2,1.86,,1024000000
2026-05-30 17:28:45.805,3,2,,1024000000
2026-05-30 17:28:45.805,2,1.87,,1024000000
2026-05-30 17:28:45.802,2,1.81,,1024000000
2026-05-30 17:28:45.800,2,1.74,,1024000000
2026-05-30 17:28:45.777,3,2.54,,1024000000
2026-05-30 17:28:45.776,2,1.88,,1024000000
2026-05-30 17:28:45.768,2,1.78,,1024000000
2026-05-30 17:28:45.758,2,1.7,,1024000000
2026-05-30 17:28:45.736,2,1.99,,1024000000
2026-05-30 17:28:45.735,2,1.92,,1024000000
2026-05-30 17:28:45.733,3,2.57,,1024000000
2026-05-30 17:28:45.729,2,1.76,,1024000000
2026-05-30 17:28:45.728,3,2.3,,1024000000
2026-05-30 17:28:45.704,2,1.78,,1024000000
2026-05-30 17:28:45.664,2,1.84,,1024000000
2026-05-30 17:28:45.644,4,3.66,,1024000000
2026-05-30 17:28:45.626,2,1.7,,1024000000
2026-05-30 17:28:45.601,2,1.72,,1024000000
2026-05-30 17:28:45.589,2,1.88,,1024000000
2026-05-30 17:28:45.564,2,1.88,,1024000000
2026-05-30 17:28:45.559,2,1.82,,1024000000
2026-05-30 17:28:45.559,3,2.05,,1024000000
2026-05-30 17:28:45.553,3,2.25,,1024000000
2026-05-30 17:28:45.542,2,1.73,,1024000000
2026-05-30 17:28:45.509,2,1.84,,1024000000
2026-05-30 17:28:45.498,2,1.8,,1024000000
2026-05-30 17:28:45.485,2,1.98,,1024000000
2026-05-30 17:28:45.482,3,2.1,,1024000000
2026-05-30 17:28:45.473,2,1.84,,1024000000
2026-05-30 17:28:45.471,2,1.87,,1024000000
2026-05-30 17:28:45.467,2,1.69,,1024000000
2026-05-30 17:28:45.466,2,1.89,,1024000000
2026-05-30 17:28:45.448,2,1.68,,1024000000
2026-05-30 17:28:45.444,2,1.79,,1024000000
2026-05-30 17:28:45.442,2,1.73,,1024000000
2026-05-30 17:28:45.430,2,2,,1024000000
2026-05-30 17:28:45.410,2,1.86,,1024000000
2026-05-30 17:28:45.390,2,1.75,,1024000000
2026-05-30 17:28:45.387,2,1.85,,1024000000
2026-05-30 17:28:45.351,2,1.7,,1024000000
2026-05-30 17:28:45.349,2,1.66,,1024000000
2026-05-30 17:28:45.346,2,1.88,,1024000000
2026-05-30 17:28:45.344,2,1.64,,1024000000
2026-05-30 17:28:45.343,2,1.76,,1024000000
2026-05-30 17:28:45.335,3,2.06,,1024000000
2026-05-30 17:28:45.325,3,2,,1024000000
2026-05-30 17:28:45.312,2,1.7,,1024000000
2026-05-30 17:28:45.293,3,2.45,,1024000000
2026-05-30 17:28:45.274,3,2.24,,1024000000
2026-05-30 17:28:45.270,2,1.82,,1024000000
2026-05-30 17:28:45.260,3,2.31,,1024000000
2026-05-30 17:28:45.257,3,2.04,,1024000000
2026-05-30 17:28:45.179,6,5.92,,1024000000
2026-05-30 17:28:45.178,3,2.19,,1024000000
2026-05-30 17:28:45.171,2,1.79,,1024000000
2026-05-30 17:28:45.170,3,2.07,,1024000000
2026-05-30 17:28:45.157,3,2.21,,1024000000
2026-05-30 17:28:45.137,2,1.82,,1024000000
2026-05-30 17:28:45.134,2,1.83,,1024000000
2026-05-30 17:28:45.118,2,1.92,,1024000000
2026-05-30 17:28:45.099,2,1.67,,1024000000
2026-05-30 17:28:45.089,2,1.9,,1024000000
2026-05-30 17:28:45.067,2,1.89,,1024000000
2026-05-30 17:28:45.057,2,1.85,,1024000000
2026-05-30 17:28:45.018,2,1.73,,1024000000
2026-05-30 17:28:45.015,3,2.13,,1024000000
2026-05-30 17:28:44.996,2,1.91,,1024000000
2026-05-30 17:28:44.996,2,1.93,,1024000000
2026-05-30 17:28:44.995,3,2.27,,1024000000
2026-05-30 17:28:44.985,2,1.8,,1024000000
2026-05-30 17:28:44.981,2,1.84,,1024000000
2026-05-30 17:28:44.973,12,11.91,,1024000000
2026-05-30 17:28:44.967,5,4.47,,1024000000
2026-05-30 17:28:44.966,3,2.3,,1024000000
2026-05-30 17:28:44.956,2,1.9,,1024000000
2026-05-30 17:28:44.951,8,7.23,,1024000000
2026-05-30 17:28:44.943,3,2.09,,1024000000
2026-05-30 17:28:44.941,2,1.98,,1024000000
2026-05-30 17:28:44.939,2,1.87,,1024000000
2026-05-30 17:28:44.938,2,1.96,,1024000000
2026-05-30 17:28:44.928,2,1.89,,1024000000
2026-05-30 17:28:44.921,3,2.16,,1024000000
2026-05-30 17:28:44.900,3,2.4,,1024000000
2026-05-30 17:28:44.880,2,1.68,,1024000000
2026-05-30 17:28:44.859,3,2.07,,1024000000
2026-05-30 17:28:44.856,3,2.99,,1024000000
2026-05-30 17:28:44.856,3,2.23,,1024000000
2026-05-30 17:28:44.836,3,2.89,,1024000000
2026-05-30 17:28:44.835,8,7.25,,1024000000
2026-05-30 17:28:44.808,2,1.85,,1024000000
2026-05-30 17:28:44.804,2,1.67,,1024000000
2026-05-30 17:28:44.797,2,1.71,,1024000000
2026-05-30 17:28:44.795,2,1.91,,1024000000
2026-05-30 17:28:44.788,6,5.2,,1024000000
2026-05-30 17:28:44.773,3,2.17,,1024000000
2026-05-30 17:28:44.758,3,2.09,,1024000000
2026-05-30 17:28:44.743,2,1.81,,1024000000
2026-05-30 17:28:44.727,2,1.92,,1024000000
2026-05-30 17:28:44.694,2,1.88,,1024000000
2026-05-30 17:28:44.684,3,2.06,,1024000000
2026-05-30 17:28:44.684,2,1.79,,1024000000
2026-05-30 17:28:44.679,3,2.01,,1024000000
2026-05-30 17:28:44.678,2,1.72,,1024000000
2026-05-30 17:28:44.673,2,1.78,,1024000000
2026-05-30 17:28:44.670,3,2.43,,1024000000
2026-05-30 17:28:44.637,2,1.84,,1024000000
2026-05-30 17:28:44.636,2,1.79,,1024000000
2026-05-30 17:28:44.625,11,10.13,,1024000000
2026-05-30 17:28:44.623,2,1.8,,1024000000
2026-05-30 17:28:44.609,2,1.75,,1024000000
2026-05-30 17:28:44.608,2,1.78,,1024000000
2026-05-30 17:28:44.586,4,3.08,,1024000000
2026-05-30 17:28:44.579,2,1.83,,1024000000
2026-05-30 17:28:44.576,3,2.04,,1024000000
2026-05-30 17:28:44.564,3,2.05,,1024000000
2026-05-30 17:28:44.559,2,1.8,,1024000000
2026-05-30 17:28:44.557,2,1.78,,1024000000
2026-05-30 17:28:44.555,3,2.06,,1024000000
2026-05-30 17:28:44.552,2,1.75,,1024000000
2026-05-30 17:28:44.540,2,1.74,,1024000000
2026-05-30 17:28:44.497,2,1.67,,1024000000
2026-05-30 17:28:44.487,2,1.96,,1024000000
2026-05-30 17:28:44.483,2,1.94,,1024000000
2026-05-30 17:28:44.466,2,1.93,,1024000000
2026-05-30 17:28:44.452,10,9.38,,1024000000
2026-05-30 17:28:44.452,2,1.81,,1024000000
2026-05-30 17:28:44.425,2,1.8,,1024000000
2026-05-30 17:28:44.397,2,1.96,,1024000000
2026-05-30 17:28:44.396,2,1.71,,1024000000
2026-05-30 17:28:44.386,2,1.81,,1024000000
2026-05-30 17:28:44.380,2,1.84,,1024000000
2026-05-30 17:28:44.368,2,1.61,,1024000000
2026-05-30 17:28:44.360,2,1.65,,1024000000
2026-05-30 17:28:44.350,2,1.81,,1024000000
2026-05-30 17:28:44.347,2,1.73,,1024000000
2026-05-30 17:28:44.338,2,1.86,,1024000000
2026-05-30 17:28:44.335,2,1.81,,1024000000
2026-05-30 17:28:44.330,2,1.71,,1024000000
2026-05-30 17:28:44.322,3,2.25,,1024000000
2026-05-30 17:28:44.289,2,1.8,,1024000000
2026-05-30 17:28:44.288,2,1.75,,1024000000
2026-05-30 17:28:44.276,2,1.96,,1024000000
2026-05-30 17:28:44.266,2,1.82,,1024000000
2026-05-30 17:28:44.266,2,1.96,,1024000000
2026-05-30 17:28:44.253,2,1.68,,1024000000
2026-05-30 17:28:44.245,2,1.71,,1024000000
2026-05-30 17:28:44.244,2,1.72,,1024000000
2026-05-30 17:28:44.244,2,1.75,,1024000000
2026-05-30 17:28:44.226,3,2.16,,1024000000
2026-05-30 17:28:44.226,3,2.55,,1024000000
2026-05-30 17:28:44.220,2,1.76,,1024000000
2026-05-30 17:28:44.220,2,1.92,,1024000000
2026-05-30 17:28:44.204,3,2.01,,1024000000
2026-05-30 17:28:44.202,2,1.75,,1024000000
2026-05-30 17:28:44.201,2,1.93,,1024000000
2026-05-30 17:28:44.171,2,1.68,,1024000000
2026-05-30 17:28:44.155,2,1.75,,1024000000
2026-05-30 17:28:44.130,2,1.71,,1024000000
2026-05-30 17:28:44.129,2,1.91,,1024000000
2026-05-30 17:28:44.116,2,1.97,,1024000000
2026-05-30 17:28:44.114,3,2.12,,1024000000
2026-05-30 17:28:44.079,3,2.09,,1024000000
2026-05-30 17:28:44.064,2,1.95,,1024000000
2026-05-30 17:28:44.010,2,1.8,,1024000000
2026-05-30 17:28:43.998,2,1.81,,1024000000
2026-05-30 17:28:43.989,2,1.76,,1024000000
2026-05-30 17:28:43.985,6,5.07,,1024000000
2026-05-30 17:28:43.967,3,2.06,,1024000000
2026-05-30 17:28:43.951,2,1.94,,1024000000
2026-05-30 17:28:43.943,2,1.93,,1024000000
2026-05-30 17:28:43.938,3,2.3,,1024000000
2026-05-30 17:28:43.907,2,1.69,,1024000000
2026-05-30 17:28:43.898,2,1.8,,1024000000
2026-05-30 17:28:43.882,2,1.84,,1024000000
2026-05-30 17:28:43.864,2,1.59,,1024000000
2026-05-30 17:28:43.860,2,1.7,,1024000000
2026-05-30 17:28:43.855,2,1.7,,1024000000
2026-05-30 17:28:43.854,3,2.02,,1024000000
2026-05-30 17:28:43.831,2,1.81,,1024000000
2026-05-30 17:28:43.820,2,1.75,,1024000000
2026-05-30 17:28:43.820,2,1.96,,1024000000
2026-05-30 17:28:43.819,3,2.79,,1024000000
2026-05-30 17:28:43.797,2,1.93,,1024000000
2026-05-30 17:28:43.791,2,1.81,,1024000000
2026-05-30 17:28:43.775,2,2,,1024000000
2026-05-30 17:28:43.773,10,9.9,,1024000000
2026-05-30 17:28:43.758,2,1.89,,1024000000
2026-05-30 17:28:43.745,2,1.86,,1024000000
2026-05-30 17:28:43.745,2,1.81,,1024000000
2026-05-30 17:28:43.718,3,2.17,,1024000000
2026-05-30 17:28:43.716,3,2.08,,1024000000
2026-05-30 17:28:43.704,2,1.99,,1024000000
2026-05-30 17:28:43.679,2,1.68,,1024000000
2026-05-30 17:28:43.653,2,1.72,,1024000000
2026-05-30 17:28:43.652,3,2.12,,1024000000
2026-05-30 17:28:43.643,3,2.26,,1024000000
2026-05-30 17:28:43.640,3,2.51,,1024000000
2026-05-30 17:28:43.638,3,2.06,,1024000000
2026-05-30 17:28:43.626,2,1.89,,1024000000
2026-05-30 17:28:43.623,2,1.69,,1024000000
2026-05-30 17:28:43.594,2,1.84,,1024000000
2026-05-30 17:28:43.591,7,6.29,,1024000000
2026-05-30 17:28:43.573,2,1.91,,1024000000
2026-05-30 17:28:43.546,3,2.1,,1024000000
2026-05-30 17:28:43.533,3,2.4,,1024000000
2026-05-30 17:28:43.525,2,1.89,,1024000000
2026-05-30 17:28:43.520,2,1.62,,1024000000
2026-05-30 17:28:43.478,2,1.67,,1024000000
2026-05-30 17:28:43.474,3,2.07,,1024000000
2026-05-30 17:28:43.468,3,2.24,,1024000000
2026-05-30 17:28:43.466,10,9.04,,1024000000
2026-05-30 17:28:43.463,3,2,,1024000000
2026-05-30 17:28:43.424,2,1.71,,1024000000
2026-05-30 17:28:43.418,3,2.16,,1024000000
2026-05-30 17:28:43.411,2,1.73,,1024000000
2026-05-30 17:28:43.407,2,1.94,,1024000000
2026-05-30 17:28:43.392,3,2.72,,1024000000
2026-05-30 17:28:43.391,3,2.08,,1024000000
2026-05-30 17:28:43.388,2,1.6,,1024000000
2026-05-30 17:28:43.358,2,1.89,,1024000000
2026-05-30 17:28:43.344,3,2.05,,1024000000
2026-05-30 17:28:43.338,3,2.09,,1024000000
2026-05-30 17:28:43.331,21,20.3,,1024000000
2026-05-30 17:28:43.320,2,1.75,,1024000000
2026-05-30 17:28:43.308,2,1.83,,1024000000
2026-05-30 17:28:43.307,2,1.88,,1024000000
2026-05-30 17:28:43.307,3,2.22,,1024000000
2026-05-30 17:28:43.305,2,1.76,,1024000000
2026-05-30 17:28:43.256,3,2.52,,1024000000
2026-05-30 17:28:43.245,3,2.35,,1024000000
2026-05-30 17:28:43.238,2,1.78,,1024000000
2026-05-30 17:28:43.233,2,1.89,,1024000000
2026-05-30 17:28:43.218,2,1.77,,1024000000
2026-05-30 17:28:43.186,2,1.87,,1024000000
2026-05-30 17:28:43.183,2,1.76,,1024000000
2026-05-30 17:28:43.183,2,1.8,,1024000000
2026-05-30 17:28:43.117,2,1.69,,1024000000
2026-05-30 17:28:43.079,6,5.04,,1024000000
2026-05-30 17:28:43.064,2,1.89,,1024000000
2026-05-30 17:28:43.061,2,1.7,,1024000000
2026-05-30 17:28:43.059,3,2.12,,1024000000
2026-05-30 17:28:43.056,4,3.76,,1024000000
2026-05-30 17:28:43.051,2,1.77,,1024000000
2026-05-30 17:28:43.049,3,2.13,,1024000000
2026-05-30 17:28:43.048,3,2.77,,1024000000
2026-05-30 17:28:43.046,3,2.66,,1024000000
2026-05-30 17:28:43.044,2,1.82,,1024000000
2026-05-30 17:28:43.041,12,11.87,,1024000000
2026-05-30 17:28:43.027,19,18.95,,1024000000
2026-05-30 17:28:43.024,2,1.68,,1024000000
2026-05-30 17:28:43.023,9,8.35,,1024000000
2026-05-30 17:28:43.018,2,1.99,,1024000000
2026-05-30 17:28:43.004,2,1.84,,1024000000
2026-05-30 17:28:43.004,2,1.76,,1024000000
2026-05-30 17:28:43.000,3,2.25,,1024000000
2026-05-30 17:28:42.996,2,1.93,,1024000000
2026-05-30 17:28:42.994,2,1.84,,1024000000
2026-05-30 17:28:42.992,2,1.8,,1024000000
2026-05-30 17:28:42.968,3,2.03,,1024000000
2026-05-30 17:28:42.957,3,2.26,,1024000000
2026-05-30 17:28:42.950,2,1.51,,1024000000
2026-05-30 17:28:42.944,2,1.77,,1024000000
2026-05-30 17:28:42.940,2,1.88,,1024000000
2026-05-30 17:28:42.937,2,1.86,,1024000000
2026-05-30 17:28:42.932,2,1.62,,1024000000
2026-05-30 17:28:42.921,2,1.78,,1024000000
2026-05-30 17:28:42.911,2,1.89,,1024000000
2026-05-30 17:28:42.866,12,11.76,,1024000000
2026-05-30 17:28:42.851,2,1.85,,1024000000
2026-05-30 17:28:42.837,2,1.8,,1024000000
2026-05-30 17:28:42.823,2,1.77,,1024000000
2026-05-30 17:28:42.820,5,4.03,,1024000000
2026-05-30 17:28:42.818,3,2.15,,1024000000
2026-05-30 17:28:42.817,2,1.69,,1024000000
2026-05-30 17:28:42.805,2,1.79,,1024000000
2026-05-30 17:28:42.776,2,1.84,,1024000000
2026-05-30 17:28:42.768,7,6.83,,1024000000
2026-05-30 17:28:42.763,3,2.02,,1024000000
2026-05-30 17:28:42.731,2,1.84,,1024000000
2026-05-30 17:28:42.703,2,1.82,,1024000000
2026-05-30 17:28:42.701,3,2.04,,1024000000
2026-05-30 17:28:42.696,6,5.16,,1024000000
2026-05-30 17:28:42.681,2,1.79,,1024000000
2026-05-30 17:28:42.658,2,1.73,,1024000000
2026-05-30 17:28:42.651,2,1.75,,1024000000
2026-05-30 17:28:42.638,2,1.78,,1024000000
2026-05-30 17:28:42.607,2,1.89,,1024000000
2026-05-30 17:28:42.603,2,1.88,,1024000000
2026-05-30 17:28:42.591,2,1.81,,1024000000
2026-05-30 17:28:42.590,2,1.75,,1024000000
2026-05-30 17:28:42.588,2,1.9,,1024000000
2026-05-30 17:28:42.576,2,1.73,,1024000000
2026-05-30 17:28:42.574,2,1.89,,1024000000
2026-05-30 17:28:42.573,3,2.19,,1024000000
2026-05-30 17:28:42.528,3,2.02,,1024000000
2026-05-30 17:28:42.522,3,2.2,,1024000000
2026-05-30 17:28:42.516,3,2.05,,1024000000
2026-05-30 17:28:42.514,2,1.76,,1024000000
2026-05-30 17:28:42.506,2,1.83,,1024000000
2026-05-30 17:28:42.504,2,1.62,,1024000000
2026-05-30 17:28:42.499,2,1.67,,1024000000
2026-05-30 17:28:42.492,7,6.37,,1024000000
2026-05-30 17:28:42.492,2,1.69,,1024000000
2026-05-30 17:28:42.466,2,1.82,,1024000000
2026-05-30 17:28:42.460,2,1.76,,1024000000
2026-05-30 17:28:42.447,2,1.75,,1024000000
2026-05-30 17:28:42.430,2,1.63,,1024000000
2026-05-30 17:28:42.423,2,2,,1024000000
2026-05-30 17:28:42.409,3,2.04,,1024000000
2026-05-30 17:28:42.405,2,1.67,,1024000000
2026-05-30 17:28:42.394,2,1.71,,1024000000
2026-05-30 17:28:42.390,2,1.86,,1024000000
2026-05-30 17:28:42.366,2,1.85,,1024000000
2026-05-30 17:28:42.360,3,2.3,,1024000000
2026-05-30 17:28:42.353,2,1.73,,1024000000
2026-05-30 17:28:42.344,2,1.63,,1024000000
2026-05-30 17:28:42.326,2,1.86,,1024000000
2026-05-30 17:28:42.320,3,2.45,,1024000000
2026-05-30 17:28:42.317,2,1.74,,1024000000
2026-05-30 17:28:42.300,2,1.64,,1024000000
2026-05-30 17:28:42.293,2,1.88,,1024000000
2026-05-30 17:28:42.277,3,2.09,,1024000000
2026-05-30 17:28:42.268,2,1.84,,1024000000
2026-05-30 17:28:42.230,2,1.91,,1024000000
2026-05-30 17:28:42.222,3,2.37,,1024000000
2026-05-30 17:28:42.208,2,1.75,,1024000000
2026-05-30 17:28:42.185,2,1.72,,1024000000
2026-05-30 17:28:42.181,2,1.95,,1024000000
2026-05-30 17:28:42.173,2,1.73,,1024000000
2026-05-30 17:28:42.162,2,1.92,,1024000000
2026-05-30 17:28:42.159,2,1.72,,1024000000
2026-05-30 17:28:42.159,2,1.73,,1024000000
2026-05-30 17:28:42.138,2,1.71,,1024000000
2026-05-30 17:28:42.126,3,2.27,,1024000000
2026-05-30 17:28:42.121,2,1.96,,1024000000
2026-05-30 17:28:42.120,2,1.68,,1024000000
2026-05-30 17:28:42.114,14,13.71,,1024000000
2026-05-30 17:28:42.111,2,1.92,,1024000000
2026-05-30 17:28:42.088,3,2.02,,1024000000
2026-05-30 17:28:42.088,2,1.83,,1024000000
2026-05-30 17:28:42.085,2,1.94,,1024000000
2026-05-30 17:28:42.085,2,1.8,,1024000000
2026-05-30 17:28:42.083,2,1.84,,1024000000
2026-05-30 17:28:42.075,3,2.06,,1024000000
2026-05-30 17:28:42.049,2,1.91,,1024000000
2026-05-30 17:28:42.044,2,1.78,,1024000000
2026-05-30 17:28:42.026,2,1.79,,1024000000
2026-05-30 17:28:42.018,3,2,,1024000000
2026-05-30 17:28:41.984,2,1.71,,1024000000
2026-05-30 17:28:41.961,2,1.93,,1024000000
2026-05-30 17:28:41.959,6,5.2,,1024000000
2026-05-30 17:28:41.951,2,1.68,,1024000000
2026-05-30 17:28:41.949,4,3.05,,1024000000
2026-05-30 17:28:41.932,5,4.99,,1024000000
2026-05-30 17:28:41.925,2,1.92,,1024000000
2026-05-30 17:28:41.923,2,1.86,,1024000000
2026-05-30 17:28:41.895,4,3.75,,1024000000
2026-05-30 17:28:41.872,2,1.75,,1024000000
2026-05-30 17:28:41.858,2,1.76,,1024000000
2026-05-30 17:28:41.846,2,1.9,,1024000000
2026-05-30 17:28:41.839,2,1.98,,1024000000
2026-05-30 17:28:41.807,2,1.95,,1024000000
2026-05-30 17:28:41.803,2,1.62,,1024000000
2026-05-30 17:28:41.788,4,3.61,,1024000000
2026-05-30 17:28:41.788,2,1.78,,1024000000
2026-05-30 17:28:41.781,2,1.83,,1024000000
2026-05-30 17:28:41.774,2,1.6,,1024000000
2026-05-30 17:28:41.760,2,1.67,,1024000000
2026-05-30 17:28:41.740,2,1.7,,1024000000
2026-05-30 17:28:41.732,3,2,,1024000000
2026-05-30 17:28:41.726,2,1.81,,1024000000
2026-05-30 17:28:41.711,2,1.97,,1024000000
2026-05-30 17:28:41.689,2,1.84,,1024000000
2026-05-30 17:28:41.683,3,2.37,,1024000000
2026-05-30 17:28:41.681,2,1.8,,1024000000
2026-05-30 17:28:41.653,2,1.78,,1024000000
2026-05-30 17:28:41.648,3,2.02,,1024000000
2026-05-30 17:28:41.603,2,1.67,,1024000000
2026-05-30 17:28:41.592,2,1.99,,1024000000
2026-05-30 17:28:41.571,3,2.18,,1024000000
2026-05-30 17:28:41.556,4,3.77,,1024000000
2026-05-30 17:28:41.540,13,12.31,,1024000000
2026-05-30 17:28:41.536,3,2.1,,1024000000
2026-05-30 17:28:41.531,5,4.94,,1024000000
2026-05-30 17:28:41.523,2,1.67,,1024000000
2026-05-30 17:28:41.496,2,1.98,,1024000000
2026-05-30 17:28:41.495,2,1.77,,1024000000
2026-05-30 17:28:41.495,2,1.91,,1024000000
2026-05-30 17:28:41.489,2,1.65,,1024000000
2026-05-30 17:28:41.482,3,2.04,,1024000000
2026-05-30 17:28:41.480,2,1.9,,1024000000
2026-05-30 17:28:41.477,2,1.72,,1024000000
2026-05-30 17:28:41.451,3,2.13,,1024000000
2026-05-30 17:28:41.443,8,7.02,,1024000000
2026-05-30 17:28:41.436,3,2.07,,1024000000
2026-05-30 17:28:41.413,3,2.05,,1024000000
2026-05-30 17:28:41.402,2,1.79,,1024000000
2026-05-30 17:28:41.384,2,1.78,,1024000000
2026-05-30 17:28:41.379,3,2.1,,1024000000
2026-05-30 17:28:41.353,3,2.33,,1024000000
2026-05-30 17:28:41.346,2,1.94,,1024000000
2026-05-30 17:28:41.335,2,1.92,,1024000000
2026-05-30 17:28:41.334,2,1.65,,1024000000
2026-05-30 17:28:41.333,2,1.77,,1024000000
2026-05-30 17:28:41.330,2,1.82,,1024000000
2026-05-30 17:28:41.307,2,1.83,,1024000000
2026-05-30 17:28:41.307,3,2.51,,1024000000
2026-05-30 17:28:41.301,2,1.77,,1024000000
2026-05-30 17:28:41.284,2,1.92,,1024000000
2026-05-30 17:28:41.282,2,1.64,,1024000000
2026-05-30 17:28:41.265,2,1.83,,1024000000
2026-05-30 17:28:41.260,2,1.68,,1024000000
2026-05-30 17:28:41.255,3,2.12,,1024000000
2026-05-30 17:28:41.253,2,1.73,,1024000000
2026-05-30 17:28:41.252,2,1.89,,1024000000
2026-05-30 17:28:41.244,2,1.82,,1024000000
2026-05-30 17:28:41.235,3,2.28,,1024000000
2026-05-30 17:28:41.208,2,1.86,,1024000000
2026-05-30 17:28:41.200,9,8.09,,1024000000
2026-05-30 17:28:41.194,2,1.8,,1024000000
2026-05-30 17:28:41.194,2,1.62,,1024000000
2026-05-30 17:28:41.194,2,1.71,,1024000000
2026-05-30 17:28:41.182,2,1.95,,1024000000
2026-05-30 17:28:41.174,3,2.09,,1024000000
2026-05-30 17:28:41.152,2,1.99,,1024000000
2026-05-30 17:28:41.148,2,1.98,,1024000000
2026-05-30 17:28:41.147,2,1.82,,1024000000
2026-05-30 17:28:41.147,2,1.85,,1024000000
2026-05-30 17:28:41.133,2,1.75,,1024000000
2026-05-30 17:28:41.109,2,1.73,,1024000000
2026-05-30 17:28:41.064,35,34.86,,1024000000
2026-05-30 17:28:41.028,2,1.68,,1024000000
2026-05-30 17:28:41.017,12,11.19,,1024000000
2026-05-30 17:28:40.975,5,4.5,,1024000000
2026-05-30 17:28:40.939,2,1.75,,1024000000
2026-05-30 17:28:40.935,3,2.2,,1024000000
2026-05-30 17:28:40.932,2,1.76,,1024000000
2026-05-30 17:28:40.931,2,1.88,,1024000000
2026-05-30 17:28:40.930,2,1.95,,1024000000
2026-05-30 17:28:40.924,3,2.02,,1024000000
2026-05-30 17:28:40.918,2,1.76,,1024000000
2026-05-30 17:28:40.898,2,1.94,,1024000000
2026-05-30 17:28:40.883,5,4.46,,1024000000
2026-05-30 17:28:40.878,3,2.41,,1024000000
2026-05-30 17:28:40.873,2,1.99,,1024000000
2026-05-30 17:28:40.867,2,1.86,,1024000000
2026-05-30 17:28:40.861,2,1.74,,1024000000
2026-05-30 17:28:40.855,3,2.07,,1024000000
2026-05-30 17:28:40.850,2,1.79,,1024000000
2026-05-30 17:28:40.828,2,1.82,,1024000000
2026-05-30 17:28:40.825,3,2.31,,1024000000
2026-05-30 17:28:40.818,2,1.92,,1024000000
2026-05-30 17:28:40.806,2,1.84,,1024000000
2026-05-30 17:28:40.792,2,1.77,,1024000000
2026-05-30 17:28:40.789,2,1.67,,1024000000
2026-05-30 17:28:40.780,2,1.88,,1024000000
2026-05-30 17:28:40.765,3,2.1,,1024000000
2026-05-30 17:28:40.762,2,1.62,,1024000000
2026-05-30 17:28:40.747,3,2.02,,1024000000
2026-05-30 17:28:40.727,3,2.28,,1024000000
2026-05-30 17:28:40.708,2,1.79,,1024000000
2026-05-30 17:28:40.691,2,1.72,,1024000000
2026-05-30 17:28:40.690,2,1.8,,1024000000
2026-05-30 17:28:40.680,2,1.84,,1024000000
2026-05-30 17:28:40.672,2,1.74,,1024000000
2026-05-30 17:28:40.647,3,2.2,,1024000000
2026-05-30 17:28:40.641,2,1.8,,1024000000
2026-05-30 17:28:40.639,2,1.85,,1024000000
2026-05-30 17:28:40.638,2,1.71,,1024000000
2026-05-30 17:28:40.632,3,2.12,,1024000000
2026-05-30 17:28:40.625,2,1.71,,1024000000
2026-05-30 17:28:40.600,2,1.59,,1024000000
2026-05-30 17:28:40.593,2,1.83,,1024000000
2026-05-30 17:28:40.591,2,1.67,,1024000000
2026-05-30 17:28:40.590,2,1.9,,1024000000
2026-05-30 17:28:40.580,2,1.78,,1024000000
2026-05-30 17:28:40.578,3,2.19,,1024000000
2026-05-30 17:28:40.570,4,3.69,,1024000000
2026-05-30 17:28:40.569,3,2.16,,1024000000
2026-05-30 17:28:40.567,2,1.93,,1024000000
2026-05-30 17:28:40.552,2,1.96,,1024000000
2026-05-30 17:28:40.548,3,2.78,,1024000000
2026-05-30 17:28:40.534,2,1.74,,1024000000
2026-05-30 17:28:40.531,2,1.77,,1024000000
2026-05-30 17:28:40.522,2,1.85,,1024000000
2026-05-30 17:28:40.519,2,1.87,,1024000000
2026-05-30 17:28:40.511,2,1.9,,1024000000
2026-05-30 17:28:40.508,2,1.64,,1024000000
2026-05-30 17:28:40.505,3,2.52,,1024000000
2026-05-30 17:28:40.495,2,1.69,,1024000000
2026-05-30 17:28:40.485,2,1.89,,1024000000
2026-05-30 17:28:40.483,3,2.1,,1024000000
2026-05-30 17:28:40.481,3,2.01,,1024000000
2026-05-30 17:28:40.478,2,1.73,,1024000000
2026-05-30 17:28:40.430,4,3.03,,1024000000
2026-05-30 17:28:40.403,2,2,,1024000000
2026-05-30 17:28:40.403,2,1.79,,1024000000
2026-05-30 17:28:40.400,7,6.91,,1024000000
2026-05-30 17:28:40.391,3,2.16,,1024000000
2026-05-30 17:28:40.360,2,1.76,,1024000000
2026-05-30 17:28:40.357,2,1.66,,1024000000
2026-05-30 17:28:40.313,3,2.04,,1024000000
2026-05-30 17:28:40.263,2,1.8,,1024000000
2026-05-30 17:28:40.251,3,2,,1024000000
2026-05-30 17:28:40.241,8,7.59,,1024000000
2026-05-30 17:28:40.217,2,1.77,,1024000000
2026-05-30 17:28:40.202,2,1.73,,1024000000
2026-05-30 17:28:40.198,2,1.75,,1024000000
2026-05-30 17:28:40.183,2,1.83,,1024000000
2026-05-30 17:28:40.182,2,1.91,,1024000000
2026-05-30 17:28:40.158,3,2.31,,1024000000
2026-05-30 17:28:40.157,3,2.01,,1024000000
2026-05-30 17:28:40.132,2,1.75,,1024000000
2026-05-30 17:28:40.121,2,1.77,,1024000000
2026-05-30 17:28:40.117,2,1.61,,1024000000
2026-05-30 17:28:40.112,2,1.89,,1024000000
2026-05-30 17:28:40.097,2,1.87,,1024000000
2026-05-30 17:28:40.081,2,1.78,,1024000000
2026-05-30 17:28:40.056,2,1.89,,1024000000
2026-05-30 17:28:40.036,5,4.79,,1024000000
2026-05-30 17:28:40.025,3,2.02,,1024000000
2026-05-30 17:28:40.024,3,2.07,,1024000000
2026-05-30 17:28:40.017,2,1.71,,1024000000
2026-05-30 17:28:40.002,2,1.71,,1024000000
2026-05-30 17:28:40.000,2,1.82,,1024000000
2026-05-30 17:28:39.968,3,2.02,,1024000000
2026-05-30 17:28:39.951,2,1.68,,1024000000
2026-05-30 17:28:39.940,6,5.37,,1024000000
2026-05-30 17:28:39.897,10,9.78,,1024000000
2026-05-30 17:28:39.882,2,1.8,,1024000000
2026-05-30 17:28:39.867,3,2.07,,1024000000
2026-05-30 17:28:39.867,3,2.22,,1024000000
2026-05-30 17:28:39.837,2,1.96,,1024000000
2026-05-30 17:28:39.834,6,5.43,,1024000000
2026-05-30 17:28:39.821,2,1.79,,1024000000
2026-05-30 17:28:39.820,2,1.76,,1024000000
2026-05-30 17:28:39.783,2,1.95,,1024000000
2026-05-30 17:28:39.762,2,1.75,,1024000000
2026-05-30 17:28:39.755,3,2.01,,1024000000
2026-05-30 17:28:39.748,3,2.12,,1024000000
2026-05-30 17:28:39.745,3,2.08,,1024000000
2026-05-30 17:28:39.740,3,2,,1024000000
2026-05-30 17:28:39.740,4,3.22,,1024000000
2026-05-30 17:28:39.738,14,13.72,,1024000000
2026-05-30 17:28:39.733,2,1.76,,1024000000
2026-05-30 17:28:39.723,2,1.85,,1024000000
2026-05-30 17:28:39.717,10,9.32,,1024000000
2026-05-30 17:28:39.709,2,1.85,,1024000000
2026-05-30 17:28:39.708,2,1.79,,1024000000
2026-05-30 17:28:39.706,3,2.13,,1024000000
2026-05-30 17:28:39.706,3,2.12,,1024000000
2026-05-30 17:28:39.705,3,2.09,,1024000000
2026-05-30 17:28:39.690,2,1.73,,1024000000
2026-05-30 17:28:39.690,2,1.82,,1024000000
2026-05-30 17:28:39.670,2,1.87,,1024000000
2026-05-30 17:28:39.648,2,1.73,,1024000000
2026-05-30 17:28:39.645,2,1.98,,1024000000
2026-05-30 17:28:39.633,2,1.85,,1024000000
2026-05-30 17:28:39.617,3,2.03,,1024000000
2026-05-30 17:28:39.598,2,1.84,,1024000000
2026-05-30 17:28:39.597,2,1.96,,1024000000
2026-05-30 17:28:39.547,2,1.85,,1024000000
2026-05-30 17:28:39.541,2,1.9,,1024000000
2026-05-30 17:28:39.539,2,1.66,,1024000000
2026-05-30 17:28:39.526,3,2.11,,1024000000
2026-05-30 17:28:39.516,2,1.9,,1024000000
2026-05-30 17:28:39.511,2,1.77,,1024000000
2026-05-30 17:28:39.509,3,2.08,,1024000000
2026-05-30 17:28:39.502,3,2.02,,1024000000
2026-05-30 17:28:39.496,4,3.22,,1024000000
2026-05-30 17:28:39.494,2,1.79,,1024000000
2026-05-30 17:28:39.482,2,1.89,,1024000000
2026-05-30 17:28:39.466,3,2.13,,1024000000
2026-05-30 17:28:39.451,2,1.84,,1024000000
2026-05-30 17:28:39.442,2,1.79,,1024000000
2026-05-30 17:28:39.435,2,1.81,,1024000000
2026-05-30 17:28:39.434,2,1.8,,1024000000
2026-05-30 17:28:39.432,2,1.76,,1024000000
2026-05-30 17:28:39.416,2,1.83,,1024000000
2026-05-30 17:28:39.404,2,1.67,,1024000000
2026-05-30 17:28:39.402,2,1.69,,1024000000
2026-05-30 17:28:39.398,2,1.63,,1024000000
2026-05-30 17:28:39.395,2,1.85,,1024000000
2026-05-30 17:28:39.374,2,1.69,,1024000000
2026-05-30 17:28:39.373,2,1.79,,1024000000
2026-05-30 17:28:39.338,2,1.73,,1024000000
2026-05-30 17:28:39.329,2,1.69,,1024000000
2026-05-30 17:28:39.329,2,1.6,,1024000000
2026-05-30 17:28:39.307,2,1.78,,1024000000
2026-05-30 17:28:39.281,2,1.73,,1024000000
2026-05-30 17:28:39.276,2,1.57,,1024000000
2026-05-30 17:28:39.276,2,1.82,,1024000000
2026-05-30 17:28:39.276,3,2.1,,1024000000
2026-05-30 17:28:39.275,3,2.17,,1024000000
2026-05-30 17:28:39.265,2,1.82,,1024000000
2026-05-30 17:28:39.257,3,2.02,,1024000000
2026-05-30 17:28:39.253,2,1.75,,1024000000
2026-05-30 17:28:39.253,3,2.08,,1024000000
2026-05-30 17:28:39.250,2,1.94,,1024000000
2026-05-30 17:28:39.229,9,8.9,,1024000000
2026-05-30 17:28:39.189,2,1.75,,1024000000
2026-05-30 17:28:39.188,2,1.78,,1024000000
2026-05-30 17:28:39.168,2,1.77,,1024000000
2026-05-30 17:28:39.162,2,1.75,,1024000000
2026-05-30 17:28:39.159,2,1.97,,1024000000
2026-05-30 17:28:39.143,2,1.78,,1024000000
2026-05-30 17:28:39.134,2,1.53,,1024000000
2026-05-30 17:28:39.125,2,1.8,,1024000000
2026-05-30 17:28:39.107,19,18.6,,1024000000
2026-05-30 17:28:39.096,2,1.65,,1024000000
2026-05-30 17:28:39.023,2,1.65,,1024000000
2026-05-30 17:28:38.993,8,7.36,,1024000000
2026-05-30 17:28:38.987,2,1.67,,1024000000
2026-05-30 17:28:38.982,3,2.16,,1024000000
2026-05-30 17:28:38.979,2,1.96,,1024000000
2026-05-30 17:28:38.972,2,1.9,,1024000000
2026-05-30 17:28:38.972,20,19.28,,1024000000
2026-05-30 17:28:38.966,3,2.01,,1024000000
2026-05-30 17:28:38.938,2,1.74,,1024000000
2026-05-30 17:28:38.934,2,1.95,,1024000000
2026-05-30 17:28:38.929,2,1.87,,1024000000
2026-05-30 17:28:38.927,5,4.66,,1024000000
2026-05-30 17:28:38.918,2,1.77,,1024000000
2026-05-30 17:28:38.911,2,1.75,,1024000000
2026-05-30 17:28:38.907,3,2.11,,1024000000
2026-05-30 17:28:38.903,2,1.78,,1024000000
2026-05-30 17:28:38.866,2,1.97,,1024000000
2026-05-30 17:28:38.845,2,1.99,,1024000000
2026-05-30 17:28:38.845,3,2.04,,1024000000
2026-05-30 17:28:38.843,2,1.76,,1024000000
2026-05-30 17:28:38.833,2,1.97,,1024000000
2026-05-30 17:28:38.826,2,1.72,,1024000000
2026-05-30 17:28:38.822,2,1.84,,1024000000
2026-05-30 17:28:38.814,3,2.06,,1024000000
2026-05-30 17:28:38.811,2,1.87,,1024000000
2026-05-30 17:28:38.801,3,2.06,,1024000000
2026-05-30 17:28:38.797,3,2.15,,1024000000
2026-05-30 17:28:38.772,2,1.76,,1024000000
2026-05-30 17:28:38.757,6,5.79,,1024000000
2026-05-30 17:28:38.748,2,1.98,,1024000000
2026-05-30 17:28:38.744,3,2.07,,1024000000
2026-05-30 17:28:38.740,3,2.16,,1024000000
2026-05-30 17:28:38.712,2,1.88,,1024000000
2026-05-30 17:28:38.697,3,2.57,,1024000000
2026-05-30 17:28:38.693,3,2.12,,1024000000
2026-05-30 17:28:38.690,2,1.74,,1024000000
2026-05-30 17:28:38.685,2,1.58,,1024000000
2026-05-30 17:28:38.684,3,2.11,,1024000000
2026-05-30 17:28:38.680,2,1.88,,1024000000
2026-05-30 17:28:38.677,2,1.6,,1024000000
2026-05-30 17:28:38.639,4,3.53,,1024000000
2026-05-30 17:28:38.638,2,1.72,,1024000000
2026-05-30 17:28:38.628,2,1.97,,1024000000
2026-05-30 17:28:38.624,2,1.66,,1024000000
2026-05-30 17:28:38.606,2,1.93,,1024000000
2026-05-30 17:28:38.583,2,1.83,,1024000000
2026-05-30 17:28:38.574,2,1.84,,1024000000
2026-05-30 17:28:38.569,2,1.9,,1024000000
2026-05-30 17:28:38.562,2,1.62,,1024000000
2026-05-30 17:28:38.552,2,1.82,,1024000000
2026-05-30 17:28:38.543,3,2.08,,1024000000
2026-05-30 17:28:38.532,2,1.73,,1024000000
2026-05-30 17:28:38.532,3,2.03,,1024000000
2026-05-30 17:28:38.514,2,1.97,,1024000000
2026-05-30 17:28:38.513,2,1.85,,1024000000
2026-05-30 17:28:38.500,2,1.71,,1024000000
2026-05-30 17:28:38.491,2,1.76,,1024000000
2026-05-30 17:28:38.462,3,2.17,,1024000000
2026-05-30 17:28:38.442,2,1.97,,1024000000
2026-05-30 17:28:38.437,2,1.72,,1024000000
2026-05-30 17:28:38.432,28,27.97,,1024000000
2026-05-30 17:28:38.429,2,1.98,,1024000000
2026-05-30 17:28:38.415,2,1.82,,1024000000
2026-05-30 17:28:38.412,15,14.81,,1024000000
2026-05-30 17:28:38.405,2,1.84,,1024000000
2026-05-30 17:28:38.387,2,1.85,,1024000000
2026-05-30 17:28:38.382,3,2.08,,1024000000
2026-05-30 17:28:38.368,2,1.94,,1024000000
2026-05-30 17:28:38.361,2,1.84,,1024000000
2026-05-30 17:28:38.361,3,2.01,,1024000000
2026-05-30 17:28:38.358,2,1.81,,1024000000
2026-05-30 17:28:38.337,2,1.77,,1024000000
2026-05-30 17:28:38.329,14,13.17,,1024000000
2026-05-30 17:28:38.311,3,2.04,,1024000000
2026-05-30 17:28:38.306,3,2.01,,1024000000
2026-05-30 17:28:38.302,3,2,,1024000000
2026-05-30 17:28:38.301,2,1.97,,1024000000
2026-05-30 17:28:38.251,2,1.71,,1024000000
2026-05-30 17:28:38.217,2,1.67,,1024000000
2026-05-30 17:28:38.198,2,1.74,,1024000000
2026-05-30 17:28:38.198,2,1.89,,1024000000
2026-05-30 17:28:38.195,2,1.94,,1024000000
2026-05-30 17:28:38.189,2,1.8,,1024000000
2026-05-30 17:28:38.166,2,1.92,,1024000000
2026-05-30 17:28:38.164,2,1.75,,1024000000
2026-05-30 17:28:38.154,3,2.04,,1024000000
2026-05-30 17:28:38.144,2,1.79,,1024000000
2026-05-30 17:28:38.138,2,1.75,,1024000000
2026-05-30 17:28:38.132,3,2.02,,1024000000
2026-05-30 17:28:38.125,2,1.63,,1024000000
2026-05-30 17:28:38.120,3,2.51,,1024000000
2026-05-30 17:28:38.109,2,1.74,,1024000000
2026-05-30 17:28:38.078,2,1.97,,1024000000
2026-05-30 17:28:38.059,3,2.21,,1024000000
2026-05-30 17:28:38.051,2,1.76,,1024000000
2026-05-30 17:28:38.034,2,1.91,,1024000000
2026-05-30 17:28:38.031,2,1.96,,1024000000
2026-05-30 17:28:38.018,2,1.6,,1024000000
2026-05-30 17:28:38.009,2,1.97,,1024000000
2026-05-30 17:28:38.002,3,2.08,,1024000000
2026-05-30 17:28:37.964,2,1.65,,1024000000
2026-05-30 17:28:37.949,3,2.15,,1024000000
2026-05-30 17:28:37.942,2,1.79,,1024000000
2026-05-30 17:28:37.914,2,1.56,,1024000000
2026-05-30 17:28:37.910,2,1.77,,1024000000
2026-05-30 17:28:37.906,2,1.78,,1024000000
2026-05-30 17:28:37.887,3,2.53,,1024000000
2026-05-30 17:28:37.876,2,1.8,,1024000000
2026-05-30 17:28:37.863,3,2.25,,1024000000
2026-05-30 17:28:37.858,2,1.83,,1024000000
2026-05-30 17:28:37.853,2,1.88,,1024000000
2026-05-30 17:28:37.826,8,7.46,,1024000000
2026-05-30 17:28:37.812,2,1.83,,1024000000
2026-05-30 17:28:37.805,2,1.7,,1024000000
2026-05-30 17:28:37.797,2,1.87,,1024000000
2026-05-30 17:28:37.794,2,1.73,,1024000000
2026-05-30 17:28:37.786,2,1.96,,1024000000
2026-05-30 17:28:37.768,2,1.81,,1024000000
2026-05-30 17:28:37.768,2,1.87,,1024000000
2026-05-30 17:28:37.754,2,1.75,,1024000000
2026-05-30 17:28:37.754,2,1.85,,1024000000
2026-05-30 17:28:37.753,2,1.88,,1024000000
2026-05-30 17:28:37.741,17,16.42,,1024000000
2026-05-30 17:28:37.731,2,1.82,,1024000000
2026-05-30 17:28:37.727,9,8.7,,1024000000
2026-05-30 17:28:37.722,6,5.88,,1024000000
2026-05-30 17:28:37.721,2,1.62,,1024000000
2026-05-30 17:28:37.690,2,1.7,,1024000000
2026-05-30 17:28:37.677,7,6.06,,1024000000
2026-05-30 17:28:37.674,2,1.73,,1024000000
2026-05-30 17:28:37.672,3,2.26,,1024000000
2026-05-30 17:28:37.658,2,1.75,,1024000000
2026-05-30 17:28:37.633,2,1.96,,1024000000
2026-05-30 17:28:37.630,2,1.75,,1024000000
2026-05-30 17:28:37.612,2,1.61,,1024000000
2026-05-30 17:28:37.608,5,4.65,,1024000000
2026-05-30 17:28:37.602,2,1.81,,1024000000
2026-05-30 17:28:37.596,2,1.67,,1024000000
2026-05-30 17:28:37.586,2,1.93,,1024000000
2026-05-30 17:28:37.569,2,1.73,,1024000000
2026-05-30 17:28:37.545,2,1.74,,1024000000
2026-05-30 17:28:37.522,3,2.17,,1024000000
2026-05-30 17:28:37.518,2,1.6,,1024000000
2026-05-30 17:28:37.504,3,2.54,,1024000000
2026-05-30 17:28:37.504,3,2.54,,1024000000
2026-05-30 17:28:37.502,3,2.04,,1024000000
2026-05-30 17:28:37.497,3,2.2,,1024000000
2026-05-30 17:28:37.497,18,17.48,,1024000000
2026-05-30 17:28:37.493,2,1.83,,1024000000
2026-05-30 17:28:37.493,2,1.96,,1024000000
2026-05-30 17:28:37.490,3,2.03,,1024000000
2026-05-30 17:28:37.489,2,1.91,,1024000000
2026-05-30 17:28:37.473,2,1.77,,1024000000
2026-05-30 17:28:37.469,8,7.01,,1024000000
2026-05-30 17:28:37.418,3,2.04,,1024000000
2026-05-30 17:28:37.403,2,1.47,,1024000000
2026-05-30 17:28:37.395,3,2.19,,1024000000
2026-05-30 17:28:37.393,3,2.4,,1024000000
2026-05-30 17:28:37.390,2,1.98,,1024000000
2026-05-30 17:28:37.387,2,1.82,,1024000000
2026-05-30 17:28:37.373,2,1.93,,1024000000
2026-05-30 17:28:37.358,3,2.01,,1024000000
2026-05-30 17:28:37.356,6,5.94,,1024000000
2026-05-30 17:28:37.356,2,1.77,,1024000000
2026-05-30 17:28:37.342,2,1.89,,1024000000
2026-05-30 17:28:37.337,2,1.78,,1024000000
2026-05-30 17:28:37.316,2,2,,1024000000
2026-05-30 17:28:37.300,2,1.85,,1024000000
2026-05-30 17:28:37.290,2,1.96,,1024000000
2026-05-30 17:28:37.290,2,1.95,,1024000000
2026-05-30 17:28:37.259,2,1.89,,1024000000
2026-05-30 17:28:37.221,3,2.01,,1024000000
2026-05-30 17:28:37.211,3,2.12,,1024000000
2026-05-30 17:28:37.201,3,2.14,,1024000000
2026-05-30 17:28:37.158,2,1.86,,1024000000
2026-05-30 17:28:37.094,3,2.03,,1024000000
2026-05-30 17:28:37.080,2,1.93,,1024000000
2026-05-30 17:28:37.057,2,1.78,,1024000000
2026-05-30 17:28:37.051,2,1.81,,1024000000
2026-05-30 17:28:37.044,2,1.75,,1024000000
2026-05-30 17:28:37.043,2,1.78,,1024000000
2026-05-30 17:28:37.029,2,1.97,,1024000000
2026-05-30 17:28:37.022,2,1.7,,1024000000
2026-05-30 17:28:36.987,14,13.02,,1024000000
2026-05-30 17:28:36.974,2,1.79,,1024000000
2026-05-30 17:28:36.963,2,1.91,,1024000000
2026-05-30 17:28:36.949,2,1.75,,1024000000
2026-05-30 17:28:36.938,2,1.92,,1024000000
2026-05-30 17:28:36.935,2,1.83,,1024000000
2026-05-30 17:28:36.929,2,1.74,,1024000000
2026-05-30 17:28:36.913,2,1.95,,1024000000
2026-05-30 17:28:36.902,2,1.66,,1024000000
2026-05-30 17:28:36.874,2,1.79,,1024000000
2026-05-30 17:28:36.873,2,1.92,,1024000000
2026-05-30 17:28:36.866,9,8.47,,1024000000
2026-05-30 17:28:36.859,2,1.72,,1024000000
2026-05-30 17:28:36.843,2,1.87,,1024000000
2026-05-30 17:28:36.841,3,2.27,,1024000000
2026-05-30 17:28:36.836,2,1.84,,1024000000
2026-05-30 17:28:36.833,3,2.11,,1024000000
2026-05-30 17:28:36.826,2,1.87,,1024000000
2026-05-30 17:28:36.822,3,2.04,,1024000000
2026-05-30 17:28:36.813,2,1.93,,1024000000
2026-05-30 17:28:36.798,2,1.96,,1024000000
2026-05-30 17:28:36.797,2,1.79,,1024000000
2026-05-30 17:28:36.788,2,1.86,,1024000000
2026-05-30 17:28:36.762,2,1.84,,1024000000
2026-05-30 17:28:36.753,3,2.24,,1024000000
2026-05-30 17:28:36.750,2,1.91,,1024000000
2026-05-30 17:28:36.713,2,1.81,,1024000000
2026-05-30 17:28:36.694,7,6.32,,1024000000
2026-05-30 17:28:36.693,2,1.89,,1024000000
2026-05-30 17:28:36.681,3,2.03,,1024000000
2026-05-30 17:28:36.672,2,1.72,,1024000000
2026-05-30 17:28:36.670,3,2.17,,1024000000
2026-05-30 17:28:36.663,3,2.2,,1024000000
2026-05-30 17:28:36.662,2,1.7,,1024000000
2026-05-30 17:28:36.646,3,2.02,,1024000000
2026-05-30 17:28:36.644,3,2.18,,1024000000
2026-05-30 17:28:36.633,3,2.61,,1024000000
2026-05-30 17:28:36.630,2,1.74,,1024000000
2026-05-30 17:28:36.612,2,1.77,,1024000000
2026-05-30 17:28:36.610,2,1.69,,1024000000
2026-05-30 17:28:36.595,2,1.99,,1024000000
2026-05-30 17:28:36.588,3,2.53,,1024000000
2026-05-30 17:28:36.569,3,2.21,,1024000000
2026-05-30 17:28:36.565,2,1.88,,1024000000
2026-05-30 17:28:36.548,2,2,,1024000000
2026-05-30 17:28:36.538,3,2.22,,1024000000
2026-05-30 17:28:36.524,2,1.72,,1024000000
2026-05-30 17:28:36.507,2,1.95,,1024000000
2026-05-30 17:28:36.504,3,2.24,,1024000000
2026-05-30 17:28:36.497,2,1.81,,1024000000
2026-05-30 17:28:36.482,2,1.7,,1024000000
2026-05-30 17:28:36.472,7,6.12,,1024000000
2026-05-30 17:28:36.469,3,2.02,,1024000000
2026-05-30 17:28:36.459,3,2.05,,1024000000
2026-05-30 17:28:36.452,18,17.06,,1024000000
2026-05-30 17:28:36.442,2,1.74,,1024000000
2026-05-30 17:28:36.439,3,2.23,,1024000000
2026-05-30 17:28:36.438,2,1.91,,1024000000
2026-05-30 17:28:36.425,3,2.09,,1024000000
2026-05-30 17:28:36.413,4,3.1,,1024000000
2026-05-30 17:28:36.407,2,1.89,,1024000000
2026-05-30 17:28:36.391,2,1.74,,1024000000
2026-05-30 17:28:36.376,3,2.18,,1024000000
2026-05-30 17:28:36.368,3,2.06,,1024000000
2026-05-30 17:28:36.361,3,2.05,,1024000000
2026-05-30 17:28:36.355,2,1.77,,1024000000
2026-05-30 17:28:36.354,3,2.43,,1024000000
2026-05-30 17:28:36.339,3,2.87,,1024000000
2026-05-30 17:28:36.321,2,1.84,,1024000000
2026-05-30 17:28:36.296,2,1.81,,1024000000
2026-05-30 17:28:36.278,9,8.54,,1024000000
2026-05-30 17:28:36.270,2,1.84,,1024000000
2026-05-30 17:28:36.238,2,1.76,,1024000000
2026-05-30 17:28:36.237,2,1.79,,1024000000
2026-05-30 17:28:36.222,2,1.94,,1024000000
2026-05-30 17:28:36.211,3,2.17,,1024000000
2026-05-30 17:28:36.202,2,1.96,,1024000000
2026-05-30 17:28:36.199,2,1.82,,1024000000
2026-05-30 17:28:36.196,2,1.77,,1024000000
2026-05-30 17:28:36.184,3,2.24,,1024000000
2026-05-30 17:28:36.184,3,2.55,,1024000000
2026-05-30 17:28:36.180,2,1.94,,1024000000
2026-05-30 17:28:36.169,2,1.71,,1024000000
2026-05-30 17:28:36.163,3,2.09,,1024000000
2026-05-30 17:28:36.140,2,1.77,,1024000000
2026-05-30 17:28:36.124,2,1.96,,1024000000
2026-05-30 17:28:36.115,2,1.55,,1024000000
2026-05-30 17:28:36.085,2,1.96,,1024000000
2026-05-30 17:28:36.077,2,1.82,,1024000000
2026-05-30 17:28:36.075,2,1.75,,1024000000
2026-05-30 17:28:36.048,3,2.34,,1024000000
2026-05-30 17:28:36.044,2,1.93,,1024000000
2026-05-30 17:28:36.024,2,1.72,,1024000000
2026-05-30 17:28:36.015,2,1.76,,1024000000
2026-05-30 17:28:36.010,2,1.93,,1024000000
2026-05-30 17:28:36.007,8,7.29,,1024000000
2026-05-30 17:28:35.982,3,2.6,,1024000000
2026-05-30 17:28:35.971,10,9.84,,1024000000
2026-05-30 17:28:35.934,2,1.89,,1024000000
2026-05-30 17:28:35.931,2,1.92,,1024000000
2026-05-30 17:28:35.910,2,1.84,,1024000000
2026-05-30 17:28:35.903,2,1.77,,1024000000
2026-05-30 17:28:35.886,2,1.75,,1024000000
2026-05-30 17:28:35.884,2,1.85,,1024000000
2026-05-30 17:28:35.880,2,1.77,,1024000000
2026-05-30 17:28:35.865,2,1.88,,1024000000
2026-05-30 17:28:35.853,2,1.93,,1024000000
2026-05-30 17:28:35.844,3,2.3,,1024000000
2026-05-30 17:28:35.832,2,1.95,,1024000000
2026-05-30 17:28:35.823,2,1.72,,1024000000
2026-05-30 17:28:35.815,2,1.88,,1024000000
2026-05-30 17:28:35.804,2,1.77,,1024000000
2026-05-30 17:28:35.797,2,1.81,,1024000000
2026-05-30 17:28:35.777,3,2.06,,1024000000
2026-05-30 17:28:35.777,2,1.62,,1024000000
2026-05-30 17:28:35.750,2,1.84,,1024000000
2026-05-30 17:28:35.737,9,8.13,,1024000000
2026-05-30 17:28:35.731,3,2.33,,1024000000
2026-05-30 17:28:35.728,2,1.95,,1024000000
2026-05-30 17:28:35.722,2,1.8,,1024000000
2026-05-30 17:28:35.707,2,1.78,,1024000000
2026-05-30 17:28:35.676,2,1.96,,1024000000
2026-05-30 17:28:35.673,2,1.98,,1024000000
2026-05-30 17:28:35.656,2,1.75,,1024000000
2026-05-30 17:28:35.651,3,2.06,,1024000000
2026-05-30 17:28:35.647,3,2.17,,1024000000
2026-05-30 17:28:35.645,2,1.93,,1024000000
2026-05-30 17:28:35.641,2,1.93,,1024000000
2026-05-30 17:28:35.626,2,1.95,,1024000000
2026-05-30 17:28:35.623,2,1.84,,1024000000
2026-05-30 17:28:35.604,7,6.29,,1024000000
2026-05-30 17:28:35.571,2,1.76,,1024000000
2026-05-30 17:28:35.562,2,1.98,,1024000000
2026-05-30 17:28:35.558,2,1.85,,1024000000
2026-05-30 17:28:35.549,2,1.83,,1024000000
2026-05-30 17:28:35.547,2,1.74,,1024000000
2026-05-30 17:28:35.523,2,1.78,,1024000000
2026-05-30 17:28:35.478,2,1.85,,1024000000
2026-05-30 17:28:35.463,2,1.76,,1024000000
2026-05-30 17:28:35.439,2,1.99,,1024000000
2026-05-30 17:28:35.433,2,1.82,,1024000000
2026-05-30 17:28:35.416,2,1.91,,1024000000
2026-05-30 17:28:35.391,3,2.08,,1024000000
2026-05-30 17:28:35.363,2,1.89,,1024000000
2026-05-30 17:28:35.331,3,2.13,,1024000000
2026-05-30 17:28:35.328,2,1.6,,1024000000
2026-05-30 17:28:35.310,2,1.72,,1024000000
2026-05-30 17:28:35.297,2,1.64,,1024000000
2026-05-30 17:28:35.280,2,1.88,,1024000000
2026-05-30 17:28:35.271,2,1.77,,1024000000
2026-05-30 17:28:35.267,2,1.74,,1024000000
2026-05-30 17:28:35.266,2,1.82,,1024000000
2026-05-30 17:28:35.237,2,1.72,,1024000000
2026-05-30 17:28:35.232,2,1.92,,1024000000
2026-05-30 17:28:35.223,2,1.79,,1024000000
2026-05-30 17:28:35.206,3,2.15,,1024000000
2026-05-30 17:28:35.193,3,2.16,,1024000000
2026-05-30 17:28:35.191,3,2.08,,1024000000
2026-05-30 17:28:35.190,2,1.83,,1024000000
2026-05-30 17:28:35.190,3,2.21,,1024000000
2026-05-30 17:28:35.188,2,1.86,,1024000000
2026-05-30 17:28:35.182,2,1.87,,1024000000
2026-05-30 17:28:35.157,6,5.24,,1024000000
2026-05-30 17:28:35.152,17,16.77,,1024000000
2026-05-30 17:28:35.147,2,1.98,,1024000000
2026-05-30 17:28:35.134,2,1.76,,1024000000
2026-05-30 17:28:35.121,2,1.87,,1024000000
2026-05-30 17:28:35.114,2,1.68,,1024000000
2026-05-30 17:28:35.108,2,1.89,,1024000000
2026-05-30 17:28:35.104,2,1.82,,1024000000
2026-05-30 17:28:35.096,3,2.03,,1024000000
2026-05-30 17:28:35.092,2,1.68,,1024000000
2026-05-30 17:28:35.087,2,1.9,,1024000000
2026-05-30 17:28:35.070,3,2.02,,1024000000
2026-05-30 17:28:35.051,2,1.66,,1024000000
2026-05-30 17:28:35.041,3,2.02,,1024000000
2026-05-30 17:28:35.039,2,1.76,,1024000000
2026-05-30 17:28:35.035,2,1.86,,1024000000
2026-05-30 17:28:35.026,2,1.95,,1024000000
2026-05-30 17:28:35.018,2,1.85,,1024000000
2026-05-30 17:28:35.001,2,1.67,,1024000000
2026-05-30 17:28:34.979,2,1.84,,1024000000
2026-05-30 17:28:34.978,2,1.9,,1024000000
2026-05-30 17:28:34.974,2,1.99,,1024000000
2026-05-30 17:28:34.967,2,1.69,,1024000000
2026-05-30 17:28:34.965,2,1.78,,1024000000
2026-05-30 17:28:34.964,2,1.93,,1024000000
2026-05-30 17:28:34.961,2,1.71,,1024000000
2026-05-30 17:28:34.942,5,4.62,,1024000000
2026-05-30 17:28:34.942,2,1.92,,1024000000
2026-05-30 17:28:34.939,2,1.88,,1024000000
2026-05-30 17:28:34.932,2,1.79,,1024000000
2026-05-30 17:28:34.925,2,1.8,,1024000000
2026-05-30 17:28:34.923,2,1.87,,1024000000
2026-05-30 17:28:34.923,3,2.1,,1024000000
2026-05-30 17:28:34.899,2,1.94,,1024000000
2026-05-30 17:28:34.897,2,1.99,,1024000000
2026-05-30 17:28:34.897,2,1.6,,1024000000
2026-05-30 17:28:34.887,2,1.89,,1024000000
2026-05-30 17:28:34.861,2,1.73,,1024000000
2026-05-30 17:28:34.861,2,1.71,,1024000000
2026-05-30 17:28:34.839,3,2.11,,1024000000
2026-05-30 17:28:34.837,2,1.77,,1024000000
2026-05-30 17:28:34.828,2,1.76,,1024000000
2026-05-30 17:28:34.823,2,1.92,,1024000000
2026-05-30 17:28:34.815,2,1.81,,1024000000
2026-05-30 17:28:34.811,2,1.81,,1024000000
2026-05-30 17:28:34.799,2,1.75,,1024000000
2026-05-30 17:28:34.795,7,6.21,,1024000000
2026-05-30 17:28:34.777,2,1.76,,1024000000
2026-05-30 17:28:34.775,2,1.81,,1024000000
2026-05-30 17:28:34.765,2,1.8,,1024000000
2026-05-30 17:28:34.749,2,1.93,,1024000000
2026-05-30 17:28:34.726,4,3.85,,1024000000
2026-05-30 17:28:34.723,2,1.95,,1024000000
2026-05-30 17:28:34.714,9,8.95,,1024000000
2026-05-30 17:28:34.705,2,1.63,,1024000000
2026-05-30 17:28:34.699,7,6.01,,1024000000
2026-05-30 17:28:34.698,2,1.92,,1024000000
2026-05-30 17:28:34.691,3,2.19,,1024000000
2026-05-30 17:28:34.689,2,1.84,,1024000000
2026-05-30 17:28:34.679,3,2.26,,1024000000
2026-05-30 17:28:34.664,2,1.86,,1024000000
2026-05-30 17:28:34.655,8,7.75,,1024000000
2026-05-30 17:28:34.652,13,12.33,,1024000000
2026-05-30 17:28:34.642,2,1.6,,1024000000
2026-05-30 17:28:34.596,2,1.96,,1024000000
2026-05-30 17:28:34.588,2,1.97,,1024000000
2026-05-30 17:28:34.586,2,1.98,,1024000000
2026-05-30 17:28:34.583,4,3.96,,1024000000
2026-05-30 17:28:34.568,3,2.14,,1024000000
2026-05-30 17:28:34.567,5,4.43,,1024000000
2026-05-30 17:28:34.562,2,1.76,,1024000000
2026-05-30 17:28:34.535,2,1.82,,1024000000
2026-05-30 17:28:34.531,2,1.96,,1024000000
2026-05-30 17:28:34.520,2,1.79,,1024000000
2026-05-30 17:28:34.512,2,1.77,,1024000000
2026-05-30 17:28:34.501,8,7.89,,1024000000
2026-05-30 17:28:34.498,2,1.78,,1024000000
2026-05-30 17:28:34.477,2,1.89,,1024000000
2026-05-30 17:28:34.474,2,1.73,,1024000000
2026-05-30 17:28:34.468,3,2.18,,1024000000
2026-05-30 17:28:34.456,2,1.83,,1024000000
2026-05-30 17:28:34.453,2,1.87,,1024000000
2026-05-30 17:28:34.449,3,2.04,,1024000000
2026-05-30 17:28:34.448,2,1.82,,1024000000
2026-05-30 17:28:34.429,2,1.91,,1024000000
2026-05-30 17:28:34.415,3,2.17,,1024000000
2026-05-30 17:28:34.403,3,2.14,,1024000000
2026-05-30 17:28:34.385,2,1.71,,1024000000
2026-05-30 17:28:34.373,2,1.81,,1024000000
2026-05-30 17:28:34.339,3,2.03,,1024000000
2026-05-30 17:28:34.335,2,1.89,,1024000000
2026-05-30 17:28:34.331,2,1.77,,1024000000
2026-05-30 17:28:34.315,2,1.84,,1024000000
2026-05-30 17:28:34.308,2,1.79,,1024000000
2026-05-30 17:28:34.303,2,1.96,,1024000000
2026-05-30 17:28:34.263,2,1.83,,1024000000
2026-05-30 17:28:34.257,16,15.14,,1024000000
2026-05-30 17:28:34.256,2,1.94,,1024000000
2026-05-30 17:28:34.230,3,2.6,,1024000000
2026-05-30 17:28:34.201,2,1.75,,1024000000
2026-05-30 17:28:34.177,3,2.25,,1024000000
2026-05-30 17:28:34.138,3,2.18,,1024000000
2026-05-30 17:28:34.129,2,1.89,,1024000000
2026-05-30 17:28:34.115,6,5.64,,1024000000
2026-05-30 17:28:34.115,3,2.14,,1024000000
2026-05-30 17:28:34.093,2,1.72,,1024000000
2026-05-30 17:28:34.062,2,1.94,,1024000000
2026-05-30 17:28:34.061,2,1.79,,1024000000
2026-05-30 17:28:34.040,2,1.77,,1024000000
2026-05-30 17:28:34.036,3,2.14,,1024000000
2026-05-30 17:28:34.029,3,2.68,,1024000000
2026-05-30 17:28:34.015,2,1.86,,1024000000
2026-05-30 17:28:34.006,2,1.82,,1024000000
2026-05-30 17:28:34.003,2,1.88,,1024000000
2026-05-30 17:28:33.985,2,1.93,,1024000000
2026-05-30 17:28:33.985,2,1.82,,1024000000
2026-05-30 17:28:33.980,9,8.92,,1024000000
2026-05-30 17:28:33.952,2,1.97,,1024000000
2026-05-30 17:28:33.910,2,1.95,,1024000000
2026-05-30 17:28:33.900,2,1.89,,1024000000
2026-05-30 17:28:33.899,6,5.27,,1024000000
2026-05-30 17:28:33.843,3,2.15,,1024000000
2026-05-30 17:28:33.843,6,5.07,,1024000000
2026-05-30 17:28:33.803,4,3.21,,1024000000
2026-05-30 17:28:33.803,6,5.04,,1024000000
2026-05-30 17:28:33.769,3,2.06,,1024000000
2026-05-30 17:28:33.768,3,2.05,,1024000000
2026-05-30 17:28:33.759,2,1.77,,1024000000
2026-05-30 17:28:33.759,2,1.65,,1024000000
2026-05-30 17:28:33.751,2,1.95,,1024000000
2026-05-30 17:28:33.735,2,1.87,,1024000000
2026-05-30 17:28:33.718,3,2.56,,1024000000
2026-05-30 17:28:33.712,2,1.82,,1024000000
2026-05-30 17:28:33.706,2,1.82,,1024000000
2026-05-30 17:28:33.706,2,1.8,,1024000000
2026-05-30 17:28:33.687,2,1.8,,1024000000
2026-05-30 17:28:33.684,3,2.09,,1024000000
2026-05-30 17:28:33.681,2,1.87,,1024000000
2026-05-30 17:28:33.662,3,2.03,,1024000000
2026-05-30 17:28:33.662,3,2.31,,1024000000
2026-05-30 17:28:33.657,3,2.03,,1024000000
2026-05-30 17:28:33.657,2,1.84,,1024000000
2026-05-30 17:28:33.656,2,1.95,,1024000000
2026-05-30 17:28:33.637,2,1.82,,1024000000
2026-05-30 17:28:33.621,3,2.07,,1024000000
2026-05-30 17:28:33.598,2,1.8,,1024000000
2026-05-30 17:28:33.587,3,2.23,,1024000000
2026-05-30 17:28:33.586,2,1.68,,1024000000
2026-05-30 17:28:33.578,2,1.91,,1024000000
2026-05-30 17:28:33.565,2,1.66,,1024000000
2026-05-30 17:28:33.550,3,2.14,,1024000000
2026-05-30 17:28:33.538,2,1.62,,1024000000
2026-05-30 17:28:33.535,2,1.8,,1024000000
2026-05-30 17:28:33.508,2,1.91,,1024000000
2026-05-30 17:28:33.496,2,1.66,,1024000000
2026-05-30 17:28:33.495,2,1.87,,1024000000
2026-05-30 17:28:33.494,2,1.59,,1024000000
2026-05-30 17:28:33.480,2,1.92,,1024000000
2026-05-30 17:28:33.464,2,1.78,,1024000000
2026-05-30 17:28:33.464,2,1.92,,1024000000
2026-05-30 17:28:33.440,2,1.94,,1024000000
2026-05-30 17:28:33.439,3,2.02,,1024000000
2026-05-30 17:28:33.435,2,1.69,,1024000000
2026-05-30 17:28:33.427,2,1.91,,1024000000
2026-05-30 17:28:33.424,2,1.93,,1024000000
2026-05-30 17:28:33.420,2,1.63,,1024000000
2026-05-30 17:28:33.409,12,11.66,,1024000000
2026-05-30 17:28:33.401,2,1.83,,1024000000
2026-05-30 17:28:33.398,2,1.74,,1024000000
2026-05-30 17:28:33.375,3,2.43,,1024000000
2026-05-30 17:28:33.361,2,1.94,,1024000000
2026-05-30 17:28:33.353,2,1.86,,1024000000
2026-05-30 17:28:33.348,2,1.99,,1024000000
2026-05-30 17:28:33.347,3,2.12,,1024000000
2026-05-30 17:28:33.345,2,1.96,,1024000000
2026-05-30 17:28:33.328,16,15.31,,1024000000
2026-05-30 17:28:33.325,2,1.76,,1024000000
2026-05-30 17:28:33.317,2,1.85,,1024000000
2026-05-30 17:28:33.316,3,2.1,,1024000000
2026-05-30 17:28:33.309,2,1.72,,1024000000
2026-05-30 17:28:33.303,3,2.23,,1024000000
2026-05-30 17:28:33.265,2,1.86,,1024000000
2026-05-30 17:28:33.255,2,1.94,,1024000000
2026-05-30 17:28:33.255,2,1.87,,1024000000
2026-05-30 17:28:33.251,2,1.77,,1024000000
2026-05-30 17:28:33.238,2,1.76,,1024000000
2026-05-30 17:28:33.231,4,3.48,,1024000000
2026-05-30 17:28:33.229,8,7.71,,1024000000
2026-05-30 17:28:33.229,2,1.81,,1024000000
2026-05-30 17:28:33.224,2,1.82,,1024000000
2026-05-30 17:28:33.203,2,1.63,,1024000000
2026-05-30 17:28:33.191,2,1.7,,1024000000
2026-05-30 17:28:33.189,2,1.68,,1024000000
2026-05-30 17:28:33.179,2,1.86,,1024000000
2026-05-30 17:28:33.162,2,1.77,,1024000000
2026-05-30 17:28:33.151,2,1.85,,1024000000
2026-05-30 17:28:33.149,2,1.6,,1024000000
2026-05-30 17:28:33.138,2,1.52,,1024000000
2026-05-30 17:28:33.135,3,2.7,,1024000000
2026-05-30 17:28:33.130,2,1.5,,1024000000
2026-05-30 17:28:33.126,2,1.96,,1024000000
2026-05-30 17:28:33.123,2,1.73,,1024000000
2026-05-30 17:28:33.111,2,1.75,,1024000000
2026-05-30 17:28:33.104,2,1.87,,1024000000
2026-05-30 17:28:33.080,2,1.53,,1024000000
2026-05-30 17:28:33.070,2,1.89,,1024000000
2026-05-30 17:28:33.069,2,1.67,,1024000000
2026-05-30 17:28:33.069,2,1.89,,1024000000
2026-05-30 17:28:33.068,3,2.11,,1024000000
2026-05-30 17:28:33.065,2,1.91,,1024000000
2026-05-30 17:28:33.050,2,1.7,,1024000000
2026-05-30 17:28:33.024,2,1.8,,1024000000
2026-05-30 17:28:33.007,2,1.65,,1024000000
2026-05-30 17:28:32.993,3,2.01,,1024000000
2026-05-30 17:28:32.993,2,1.76,,1024000000
2026-05-30 17:28:32.979,3,2.01,,1024000000
2026-05-30 17:28:32.975,2,1.79,,1024000000
2026-05-30 17:28:32.974,2,1.9,,1024000000
2026-05-30 17:28:32.947,2,1.59,,1024000000
2026-05-30 17:28:32.939,2,1.84,,1024000000
2026-05-30 17:28:32.936,7,6.11,,1024000000
2026-05-30 17:28:32.935,2,1.74,,1024000000
2026-05-30 17:28:32.928,2,1.78,,1024000000
2026-05-30 17:28:32.919,2,1.94,,1024000000
2026-05-30 17:28:32.897,2,1.89,,1024000000
2026-05-30 17:28:32.870,3,2.25,,1024000000
2026-05-30 17:28:32.858,2,1.82,,1024000000
2026-05-30 17:28:32.845,5,4.83,,1024000000
2026-05-30 17:28:32.838,2,1.92,,1024000000
2026-05-30 17:28:32.837,2,1.83,,1024000000
2026-05-30 17:28:32.816,4,3.92,,1024000000
2026-05-30 17:28:32.813,3,2.14,,1024000000
2026-05-30 17:28:32.812,2,1.74,,1024000000
2026-05-30 17:28:32.790,3,2.26,,1024000000
2026-05-30 17:28:32.766,2,1.89,,1024000000
2026-05-30 17:28:32.762,2,1.67,,1024000000
2026-05-30 17:28:32.761,2,1.62,,1024000000
2026-05-30 17:28:32.714,2,1.69,,1024000000
2026-05-30 17:28:32.701,2,1.6,,1024000000
2026-05-30 17:28:32.699,2,1.92,,1024000000
2026-05-30 17:28:32.686,2,1.97,,1024000000
2026-05-30 17:28:32.640,2,1.9,,1024000000
2026-05-30 17:28:32.638,2,1.78,,1024000000
2026-05-30 17:28:32.635,3,2.14,,1024000000
2026-05-30 17:28:32.634,2,1.84,,1024000000
2026-05-30 17:28:32.632,3,2.14,,1024000000
2026-05-30 17:28:32.630,2,1.75,,1024000000
2026-05-30 17:28:32.620,2,1.72,,1024000000
2026-05-30 17:28:32.617,2,1.98,,1024000000
2026-05-30 17:28:32.596,2,1.86,,1024000000
2026-05-30 17:28:32.588,8,7.61,,1024000000
2026-05-30 17:28:32.521,3,2.28,,1024000000
2026-05-30 17:28:32.484,2,1.95,,1024000000
2026-05-30 17:28:32.482,2,1.85,,1024000000
2026-05-30 17:28:32.457,5,4.11,,1024000000
2026-05-30 17:28:32.432,2,1.94,,1024000000
2026-05-30 17:28:32.412,3,2.65,,1024000000
2026-05-30 17:28:32.409,2,1.77,,1024000000
2026-05-30 17:28:32.401,4,3.08,,1024000000
2026-05-30 17:28:32.389,2,1.75,,1024000000
2026-05-30 17:28:32.376,3,2.15,,1024000000
2026-05-30 17:28:32.336,3,2.24,,1024000000
2026-05-30 17:28:32.327,3,2.41,,1024000000
2026-05-30 17:28:32.323,2,1.87,,1024000000
2026-05-30 17:28:32.295,3,2.02,,1024000000
2026-05-30 17:28:32.280,2,1.9,,1024000000
2026-05-30 17:28:32.263,2,1.85,,1024000000
2026-05-30 17:28:32.256,8,7.96,,1024000000
2026-05-30 17:28:32.238,3,2.74,,1024000000
2026-05-30 17:28:32.237,2,1.72,,1024000000
2026-05-30 17:28:32.225,2,1.81,,1024000000
2026-05-30 17:28:32.199,2,1.68,,1024000000
2026-05-30 17:28:32.190,3,2.05,,1024000000
2026-05-30 17:28:32.182,3,2.01,,1024000000
2026-05-30 17:28:32.181,8,7.19,,1024000000
2026-05-30 17:28:32.171,2,1.8,,1024000000
2026-05-30 17:28:32.157,7,6.46,,1024000000
2026-05-30 17:28:32.142,4,3.35,,1024000000
2026-05-30 17:28:32.137,2,1.78,,1024000000
2026-05-30 17:28:32.131,2,1.86,,1024000000
2026-05-30 17:28:32.093,2,1.73,,1024000000
2026-05-30 17:28:32.083,2,1.85,,1024000000
2026-05-30 17:28:32.081,2,1.95,,1024000000
2026-05-30 17:28:32.077,5,4.43,,1024000000
2026-05-30 17:28:32.074,2,1.69,,1024000000
2026-05-30 17:28:32.064,2,1.76,,1024000000
2026-05-30 17:28:32.053,2,1.99,,1024000000
2026-05-30 17:28:32.027,2,1.88,,1024000000
2026-05-30 17:28:32.023,2,1.83,,1024000000
2026-05-30 17:28:32.016,2,1.85,,1024000000
2026-05-30 17:28:31.997,2,1.96,,1024000000
2026-05-30 17:28:31.995,2,1.7,,1024000000
2026-05-30 17:28:31.979,2,1.71,,1024000000
2026-05-30 17:28:31.973,3,2.12,,1024000000
2026-05-30 17:28:31.964,2,1.66,,1024000000
2026-05-30 17:28:31.960,2,1.82,,1024000000
2026-05-30 17:28:31.959,3,2.36,,1024000000
2026-05-30 17:28:31.950,2,1.83,,1024000000
2026-05-30 17:28:31.945,2,1.75,,1024000000
2026-05-30 17:28:31.944,2,1.76,,1024000000
2026-05-30 17:28:31.942,2,1.96,,1024000000
2026-05-30 17:28:31.936,4,3.7,,1024000000
2026-05-30 17:28:31.920,2,1.8,,1024000000
2026-05-30 17:28:31.913,2,1.93,,1024000000
2026-05-30 17:28:31.885,3,2.53,,1024000000
2026-05-30 17:28:31.856,2,1.71,,1024000000
2026-05-30 17:28:31.852,2,1.99,,1024000000
2026-05-30 17:28:31.847,3,2.13,,1024000000
2026-05-30 17:28:31.843,8,7.65,,1024000000
2026-05-30 17:28:31.837,5,4.49,,1024000000
2026-05-30 17:28:31.829,3,2.4,,1024000000
2026-05-30 17:28:31.801,2,1.68,,1024000000
2026-05-30 17:28:31.800,4,3.16,,1024000000
2026-05-30 17:28:31.799,2,1.75,,1024000000
2026-05-30 17:28:31.784,4,3.46,,1024000000
2026-05-30 17:28:31.774,7,6.23,,1024000000
2026-05-30 17:28:31.767,2,1.89,,1024000000
2026-05-30 17:28:31.761,3,2.26,,1024000000
2026-05-30 17:28:31.752,2,1.76,,1024000000
2026-05-30 17:28:31.735,2,1.77,,1024000000
2026-05-30 17:28:31.702,3,2.03,,1024000000
2026-05-30 17:28:31.701,2,1.74,,1024000000
2026-05-30 17:28:31.683,4,3.5,,1024000000
2026-05-30 17:28:31.682,2,1.98,,1024000000
2026-05-30 17:28:31.672,2,1.82,,1024000000
2026-05-30 17:28:31.667,4,3.23,,1024000000
2026-05-30 17:28:31.659,3,2.06,,1024000000
2026-05-30 17:28:31.655,2,1.76,,1024000000
2026-05-30 17:28:31.647,2,1.95,,1024000000
2026-05-30 17:28:31.643,2,1.79,,1024000000
2026-05-30 17:28:31.636,4,3.42,,1024000000
2026-05-30 17:28:31.635,3,2.03,,1024000000
2026-05-30 17:28:31.633,2,1.77,,1024000000
2026-05-30 17:28:31.624,3,2.66,,1024000000
2026-05-30 17:28:31.622,2,1.59,,1024000000
2026-05-30 17:28:31.612,2,1.83,,1024000000
2026-05-30 17:28:31.597,3,2.22,,1024000000
2026-05-30 17:28:31.581,3,2.16,,1024000000
2026-05-30 17:28:31.559,2,1.82,,1024000000
2026-05-30 17:28:31.559,3,2.2,,1024000000
2026-05-30 17:28:31.543,2,1.83,,1024000000
2026-05-30 17:28:31.541,2,1.9,,1024000000
2026-05-30 17:28:31.526,3,2.21,,1024000000
2026-05-30 17:28:31.526,2,1.91,,1024000000
2026-05-30 17:28:31.521,2,1.62,,1024000000
2026-05-30 17:28:31.519,2,1.8,,1024000000
2026-05-30 17:28:31.518,2,1.76,,1024000000
2026-05-30 17:28:31.501,2,1.71,,1024000000
2026-05-30 17:28:31.483,2,1.78,,1024000000
2026-05-30 17:28:31.477,3,2.02,,1024000000
2026-05-30 17:28:31.463,2,1.87,,1024000000
2026-05-30 17:28:31.461,2,1.82,,1024000000
2026-05-30 17:28:31.445,7,6.26,,1024000000
2026-05-30 17:28:31.431,2,1.9,,1024000000
2026-05-30 17:28:31.426,8,7.03,,1024000000
2026-05-30 17:28:31.424,2,1.75,,1024000000
2026-05-30 17:28:31.419,2,1.84,,1024000000
2026-05-30 17:28:31.398,2,1.71,,1024000000
2026-05-30 17:28:31.380,2,1.81,,1024000000
2026-05-30 17:28:31.379,3,2.19,,1024000000
2026-05-30 17:28:31.375,2,1.87,,1024000000
2026-05-30 17:28:31.363,2,1.67,,1024000000
2026-05-30 17:28:31.288,2,1.86,,1024000000
2026-05-30 17:28:31.285,13,12.22,,1024000000
2026-05-30 17:28:31.282,2,1.86,,1024000000
2026-05-30 17:28:31.265,2,1.66,,1024000000
2026-05-30 17:28:31.257,2,1.78,,1024000000
2026-05-30 17:28:31.255,3,2.5,,1024000000
2026-05-30 17:28:31.248,2,1.89,,1024000000
2026-05-30 17:28:31.236,2,1.72,,1024000000
2026-05-30 17:28:31.223,2,1.9,,1024000000
2026-05-30 17:28:31.221,2,1.83,,1024000000
2026-05-30 17:28:31.204,2,1.71,,1024000000
2026-05-30 17:28:31.187,6,5.91,,1024000000
2026-05-30 17:28:31.178,10,9.54,,1024000000
2026-05-30 17:28:31.161,2,1.98,,1024000000
2026-05-30 17:28:31.144,2,1.73,,1024000000
2026-05-30 17:28:31.143,2,1.94,,1024000000
2026-05-30 17:28:31.126,2,1.89,,1024000000
2026-05-30 17:28:31.123,2,1.87,,1024000000
2026-05-30 17:28:31.122,2,1.75,,1024000000
2026-05-30 17:28:31.120,5,4.01,,1024000000
2026-05-30 17:28:31.107,2,1.79,,1024000000
2026-05-30 17:28:31.098,2,1.73,,1024000000
2026-05-30 17:28:31.094,3,2.36,,1024000000
2026-05-30 17:28:31.092,3,2.33,,1024000000
2026-05-30 17:28:31.091,2,1.81,,1024000000
2026-05-30 17:28:31.080,2,1.88,,1024000000
2026-05-30 17:28:31.056,5,4.3,,1024000000
2026-05-30 17:28:31.026,3,2.71,,1024000000
2026-05-30 17:28:31.022,3,2.04,,1024000000
2026-05-30 17:28:30.991,9,8.69,,1024000000
2026-05-30 17:28:30.978,2,1.85,,1024000000
2026-05-30 17:28:30.969,2,1.66,,1024000000
2026-05-30 17:28:30.965,14,13.05,,1024000000
2026-05-30 17:28:30.959,2,1.83,,1024000000
2026-05-30 17:28:30.954,2,1.98,,1024000000
2026-05-30 17:28:30.933,2,1.93,,1024000000
2026-05-30 17:28:30.930,3,2.04,,1024000000
2026-05-30 17:28:30.928,5,4.97,,1024000000
2026-05-30 17:28:30.920,2,1.73,,1024000000
2026-05-30 17:28:30.907,3,2.15,,1024000000
2026-05-30 17:28:30.896,3,2.79,,1024000000
2026-05-30 17:28:30.892,3,2.25,,1024000000
2026-05-30 17:28:30.871,12,11.07,,1024000000
2026-05-30 17:28:30.859,2,1.98,,1024000000
2026-05-30 17:28:30.836,9,8.59,,1024000000
2026-05-30 17:28:30.828,2,1.8,,1024000000
2026-05-30 17:28:30.828,2,1.94,,1024000000
2026-05-30 17:28:30.812,3,2.12,,1024000000
2026-05-30 17:28:30.811,3,2.13,,1024000000
2026-05-30 17:28:30.805,2,1.63,,1024000000
2026-05-30 17:28:30.800,2,1.76,,1024000000
2026-05-30 17:28:30.748,2,1.71,,1024000000
2026-05-30 17:28:30.743,2,1.55,,1024000000
2026-05-30 17:28:30.742,2,1.83,,1024000000
2026-05-30 17:28:30.734,2,1.72,,1024000000
2026-05-30 17:28:30.731,2,1.73,,1024000000
2026-05-30 17:28:30.724,2,1.99,,1024000000
2026-05-30 17:28:30.724,2,1.93,,1024000000
2026-05-30 17:28:30.710,2,1.64,,1024000000
2026-05-30 17:28:30.703,2,1.98,,1024000000
2026-05-30 17:28:30.699,2,1.76,,1024000000
2026-05-30 17:28:30.693,2,1.73,,1024000000
2026-05-30 17:28:30.687,2,1.66,,1024000000
2026-05-30 17:28:30.673,2,1.75,,1024000000
2026-05-30 17:28:30.666,2,1.61,,1024000000
2026-05-30 17:28:30.660,2,1.8,,1024000000
2026-05-30 17:28:30.650,3,2.04,,1024000000
2026-05-30 17:28:30.631,2,1.9,,1024000000
2026-05-30 17:28:30.602,2,1.92,,1024000000
2026-05-30 17:28:30.576,2,1.91,,1024000000
2026-05-30 17:28:30.535,2,1.81,,1024000000
2026-05-30 17:28:30.526,2,1.82,,1024000000
2026-05-30 17:28:30.524,2,1.91,,1024000000
2026-05-30 17:28:30.510,3,2.21,,1024000000
2026-05-30 17:28:30.477,3,2.18,,1024000000
2026-05-30 17:28:30.448,2,1.94,,1024000000
2026-05-30 17:28:30.439,2,1.85,,1024000000
2026-05-30 17:28:30.420,2,1.82,,1024000000
2026-05-30 17:28:30.394,4,3.07,,1024000000
2026-05-30 17:28:30.388,2,1.62,,1024000000
2026-05-30 17:28:30.378,2,1.72,,1024000000
2026-05-30 17:28:30.366,2,1.84,,1024000000
2026-05-30 17:28:30.360,3,2.13,,1024000000
2026-05-30 17:28:30.354,2,1.89,,1024000000
2026-05-30 17:28:30.353,2,1.82,,1024000000
2026-05-30 17:28:30.340,2,1.72,,1024000000
2026-05-30 17:28:30.326,2,2,,1024000000
2026-05-30 17:28:30.322,2,1.84,,1024000000
2026-05-30 17:28:30.310,2,1.88,,1024000000
2026-05-30 17:28:30.301,3,2.07,,1024000000
2026-05-30 17:28:30.287,2,1.69,,1024000000
2026-05-30 17:28:30.277,3,2.06,,1024000000
2026-05-30 17:28:30.244,3,2.13,,1024000000
2026-05-30 17:28:30.233,2,1.83,,1024000000
2026-05-30 17:28:30.227,3,2.03,,1024000000
2026-05-30 17:28:30.225,2,1.89,,1024000000
2026-05-30 17:28:30.214,2,1.83,,1024000000
2026-05-30 17:28:30.207,2,1.8,,1024000000
2026-05-30 17:28:30.205,3,2.05,,1024000000
2026-05-30 17:28:30.190,3,2.18,,1024000000
2026-05-30 17:28:30.172,2,1.87,,1024000000
2026-05-30 17:28:30.157,2,1.98,,1024000000
2026-05-30 17:28:30.136,2,1.95,,1024000000
2026-05-30 17:28:30.118,2,1.66,,1024000000
2026-05-30 17:28:30.117,2,1.91,,1024000000
2026-05-30 17:28:30.105,3,2.72,,1024000000
2026-05-30 17:28:30.105,3,2.07,,1024000000
2026-05-30 17:28:30.101,2,1.7,,1024000000
2026-05-30 17:28:30.094,2,1.8,,1024000000
2026-05-30 17:28:30.083,2,1.95,,1024000000
2026-05-30 17:28:30.058,3,2.96,,1024000000
2026-05-30 17:28:30.055,2,1.96,,1024000000
2026-05-30 17:28:30.055,2,1.86,,1024000000
2026-05-30 17:28:30.051,3,2.06,,1024000000
2026-05-30 17:28:30.046,26,25.86,,1024000000
2026-05-30 17:28:30.046,2,1.72,,1024000000
2026-05-30 17:28:30.032,2,1.8,,1024000000
2026-05-30 17:28:30.017,4,3.05,,1024000000
2026-05-30 17:28:30.014,2,1.79,,1024000000
2026-05-30 17:28:30.014,2,1.85,,1024000000
2026-05-30 17:28:30.004,2,1.71,,1024000000
2026-05-30 17:28:29.997,3,2.96,,1024000000
2026-05-30 17:28:29.995,3,2.08,,1024000000
2026-05-30 17:28:29.994,2,1.92,,1024000000
2026-05-30 17:28:29.988,2,1.77,,1024000000
2026-05-30 17:28:29.985,3,2.45,,1024000000
2026-05-30 17:28:29.950,3,2.08,,1024000000
2026-05-30 17:28:29.941,2,1.66,,1024000000
2026-05-30 17:28:29.934,6,5.07,,1024000000
2026-05-30 17:28:29.911,2,1.79,,1024000000
2026-05-30 17:28:29.911,2,1.94,,1024000000
2026-05-30 17:28:29.909,2,1.92,,1024000000
2026-05-30 17:28:29.901,2,1.74,,1024000000
2026-05-30 17:28:29.896,2,1.84,,1024000000
2026-05-30 17:28:29.892,2,1.96,,1024000000
2026-05-30 17:28:29.884,2,1.76,,1024000000
2026-05-30 17:28:29.883,7,6.95,,1024000000
2026-05-30 17:28:29.867,2,1.78,,1024000000
2026-05-30 17:28:29.850,3,2.08,,1024000000
2026-05-30 17:28:29.836,3,2.07,,1024000000
2026-05-30 17:28:29.831,2,1.6,,1024000000
2026-05-30 17:28:29.793,3,2.05,,1024000000
2026-05-30 17:28:29.758,2,1.87,,1024000000
2026-05-30 17:28:29.754,3,2.23,,1024000000
2026-05-30 17:28:29.748,3,2.09,,1024000000
2026-05-30 17:28:29.729,2,1.84,,1024000000
2026-05-30 17:28:29.706,3,2.25,,1024000000
2026-05-30 17:28:29.697,2,1.69,,1024000000
2026-05-30 17:28:29.695,6,5.55,,1024000000
2026-05-30 17:28:29.687,5,4.08,,1024000000
2026-05-30 17:28:29.668,3,2.09,,1024000000
2026-05-30 17:28:29.642,3,2.66,,1024000000
2026-05-30 17:28:29.640,8,7.12,,1024000000
2026-05-30 17:28:29.629,2,1.85,,1024000000
2026-05-30 17:28:29.627,2,1.69,,1024000000
2026-05-30 17:28:29.626,2,1.92,,1024000000
2026-05-30 17:28:29.620,2,1.73,,1024000000
2026-05-30 17:28:29.606,2,1.81,,1024000000
2026-05-30 17:28:29.572,2,1.92,,1024000000
2026-05-30 17:28:29.548,2,1.74,,1024000000
2026-05-30 17:28:29.546,3,2.01,,1024000000
2026-05-30 17:28:29.546,2,1.77,,1024000000
2026-05-30 17:28:29.540,2,1.67,,1024000000
2026-05-30 17:28:29.536,2,1.95,,1024000000
2026-05-30 17:28:29.533,3,2.29,,1024000000
2026-05-30 17:28:29.526,2,1.76,,1024000000
2026-05-30 17:28:29.520,2,1.86,,1024000000
2026-05-30 17:28:29.496,7,6.74,,1024000000
2026-05-30 17:28:29.492,2,1.69,,1024000000
2026-05-30 17:28:29.479,2,1.87,,1024000000
2026-05-30 17:28:29.474,2,1.81,,1024000000
2026-05-30 17:28:29.461,9,8.65,,1024000000
2026-05-30 17:28:29.441,2,1.88,,1024000000
2026-05-30 17:28:29.418,2,1.69,,1024000000
2026-05-30 17:28:29.408,2,1.93,,1024000000
2026-05-30 17:28:29.406,3,2.68,,1024000000
2026-05-30 17:28:29.391,2,1.83,,1024000000
2026-05-30 17:28:29.389,2,1.95,,1024000000
2026-05-30 17:28:29.377,6,5.53,,1024000000
2026-05-30 17:28:29.374,2,1.95,,1024000000
2026-05-30 17:28:29.370,2,1.65,,1024000000
2026-05-30 17:28:29.335,2,1.8,,1024000000
2026-05-30 17:28:29.318,2,1.75,,1024000000
2026-05-30 17:28:29.316,15,14.82,,1024000000
2026-05-30 17:28:29.314,2,1.96,,1024000000
2026-05-30 17:28:29.306,3,2.14,,1024000000
2026-05-30 17:28:29.305,2,1.82,,1024000000
2026-05-30 17:28:29.288,2,1.83,,1024000000
2026-05-30 17:28:29.279,3,2.03,,1024000000
2026-05-30 17:28:29.270,2,1.8,,1024000000
2026-05-30 17:28:29.270,2,1.85,,1024000000
2026-05-30 17:28:29.264,3,2.37,,1024000000
2026-05-30 17:28:29.250,2,1.65,,1024000000
2026-05-30 17:28:29.243,2,1.85,,1024000000
2026-05-30 17:28:29.240,2,1.81,,1024000000
2026-05-30 17:28:29.224,2,1.68,,1024000000
2026-05-30 17:28:29.199,8,7.06,,1024000000
2026-05-30 17:28:29.190,2,1.61,,1024000000
2026-05-30 17:28:29.163,10,9.25,,1024000000
2026-05-30 17:28:29.159,5,4.99,,1024000000
2026-05-30 17:28:29.158,3,2.24,,1024000000
2026-05-30 17:28:29.135,2,1.9,,1024000000
2026-05-30 17:28:29.112,6,5.85,,1024000000
2026-05-30 17:28:29.107,2,1.96,,1024000000
2026-05-30 17:28:29.102,3,2.29,,1024000000
2026-05-30 17:28:29.098,2,1.9,,1024000000
2026-05-30 17:28:29.092,2,1.82,,1024000000
2026-05-30 17:28:29.090,2,1.94,,1024000000
2026-05-30 17:28:29.075,2,1.87,,1024000000
2026-05-30 17:28:29.065,3,2.23,,1024000000
2026-05-30 17:28:29.064,2,1.78,,1024000000
2026-05-30 17:28:29.026,2,1.97,,1024000000
2026-05-30 17:28:29.002,2,1.93,,1024000000
2026-05-30 17:28:28.997,2,1.94,,1024000000
2026-05-30 17:28:28.986,3,2.72,,1024000000
2026-05-30 17:28:28.968,2,1.87,,1024000000
2026-05-30 17:28:28.961,2,1.97,,1024000000
2026-05-30 17:28:28.948,2,1.83,,1024000000
2026-05-30 17:28:28.939,2,1.94,,1024000000
2026-05-30 17:28:28.901,2,1.68,,1024000000
2026-05-30 17:28:28.896,2,1.96,,1024000000
2026-05-30 17:28:28.870,2,1.87,,1024000000
2026-05-30 17:28:28.845,3,2.04,,1024000000
2026-05-30 17:28:28.843,10,9.5,,1024000000
2026-05-30 17:28:28.831,2,1.77,,1024000000
2026-05-30 17:28:28.831,2,1.74,,1024000000
2026-05-30 17:28:28.816,2,1.79,,1024000000
2026-05-30 17:28:28.796,2,1.8,,1024000000
2026-05-30 17:28:28.791,2,2,,1024000000
2026-05-30 17:28:28.790,2,1.98,,1024000000
2026-05-30 17:28:28.786,2,1.71,,1024000000
2026-05-30 17:28:28.771,3,2.01,,1024000000
2026-05-30 17:28:28.729,2,1.91,,1024000000
2026-05-30 17:28:28.716,3,2.94,,1024000000
2026-05-30 17:28:28.714,5,4.55,,1024000000
2026-05-30 17:28:28.713,2,1.75,,1024000000
2026-05-30 17:28:28.708,2,1.81,,1024000000
2026-05-30 17:28:28.704,2,1.9,,1024000000
2026-05-30 17:28:28.697,2,1.73,,1024000000
2026-05-30 17:28:28.696,2,1.69,,1024000000
2026-05-30 17:28:28.696,2,1.77,,1024000000
2026-05-30 17:28:28.669,2,1.98,,1024000000
2026-05-30 17:28:28.667,2,1.77,,1024000000
2026-05-30 17:28:28.665,2,1.75,,1024000000
2026-05-30 17:28:28.641,2,1.9,,1024000000
2026-05-30 17:28:28.636,3,2.12,,1024000000
2026-05-30 17:28:28.632,3,2.12,,1024000000
2026-05-30 17:28:28.606,2,1.76,,1024000000
2026-05-30 17:28:28.593,2,1.82,,1024000000
2026-05-30 17:28:28.587,2,1.78,,1024000000
2026-05-30 17:28:28.586,2,1.86,,1024000000
2026-05-30 17:28:28.582,2,1.85,,1024000000
2026-05-30 17:28:28.572,18,17.88,,1024000000
2026-05-30 17:28:28.566,2,1.7,,1024000000
2026-05-30 17:28:28.564,2,1.82,,1024000000
2026-05-30 17:28:28.557,2,1.85,,1024000000
2026-05-30 17:28:28.553,2,1.86,,1024000000
2026-05-30 17:28:28.526,3,2.1,,1024000000
2026-05-30 17:28:28.513,3,3,,1024000000
2026-05-30 17:28:28.481,2,1.72,,1024000000
2026-05-30 17:28:28.478,3,2.01,,1024000000
2026-05-30 17:28:28.474,2,1.84,,1024000000
2026-05-30 17:28:28.453,2,1.79,,1024000000
2026-05-30 17:28:28.445,2,1.71,,1024000000
2026-05-30 17:28:28.431,2,1.83,,1024000000
2026-05-30 17:28:28.429,2,1.69,,1024000000
2026-05-30 17:28:28.428,2,1.71,,1024000000
2026-05-30 17:28:28.410,6,5.76,,1024000000
2026-05-30 17:28:28.404,2,1.6,,1024000000
2026-05-30 17:28:28.402,2,1.99,,1024000000
2026-05-30 17:28:28.366,3,2.53,,1024000000
2026-05-30 17:28:28.348,2,1.79,,1024000000
2026-05-30 17:28:28.337,2,2,,1024000000
2026-05-30 17:28:28.337,2,1.7,,1024000000
2026-05-30 17:28:28.332,8,7.05,,1024000000
2026-05-30 17:28:28.330,2,1.91,,1024000000
2026-05-30 17:28:28.310,2,1.85,,1024000000
2026-05-30 17:28:28.300,2,1.94,,1024000000
2026-05-30 17:28:28.257,2,1.97,,1024000000
2026-05-30 17:28:28.224,2,1.87,,1024000000
2026-05-30 17:28:28.217,2,1.8,,1024000000
2026-05-30 17:28:28.203,2,1.71,,1024000000
2026-05-30 17:28:28.196,2,1.7,,1024000000
2026-05-30 17:28:28.184,2,1.85,,1024000000
2026-05-30 17:28:28.174,2,1.63,,1024000000
2026-05-30 17:28:28.167,2,1.71,,1024000000
2026-05-30 17:28:28.165,2,1.87,,1024000000
2026-05-30 17:28:28.150,2,1.76,,1024000000
2026-05-30 17:28:28.130,2,1.97,,1024000000
2026-05-30 17:28:28.119,2,1.59,,1024000000
2026-05-30 17:28:28.100,6,5.51,,1024000000
2026-05-30 17:28:28.091,9,8.05,,1024000000
2026-05-30 17:28:28.089,2,1.83,,1024000000
2026-05-30 17:28:28.072,3,2.42,,1024000000
2026-05-30 17:28:28.070,2,1.76,,1024000000
2026-05-30 17:28:28.064,4,3.31,,1024000000
2026-05-30 17:28:28.059,3,2.06,,1024000000
2026-05-30 17:28:28.059,2,1.77,,1024000000
2026-05-30 17:28:28.046,3,2.39,,1024000000
2026-05-30 17:28:28.045,2,1.79,,1024000000
2026-05-30 17:28:28.033,15,14.95,,1024000000
2026-05-30 17:28:28.031,3,2.27,,1024000000
2026-05-30 17:28:28.005,3,2.16,,1024000000
2026-05-30 17:28:27.999,2,1.94,,1024000000
2026-05-30 17:28:27.996,2,1.71,,1024000000
2026-05-30 17:28:27.982,3,2.33,,1024000000
2026-05-30 17:28:27.981,2,1.8,,1024000000
2026-05-30 17:28:27.973,2,1.82,,1024000000
2026-05-30 17:28:27.959,2,1.73,,1024000000
2026-05-30 17:28:27.957,3,2.01,,1024000000
2026-05-30 17:28:27.952,2,1.7,,1024000000
2026-05-30 17:28:27.950,3,2.19,,1024000000
2026-05-30 17:28:27.949,3,2.01,,1024000000
2026-05-30 17:28:27.938,3,2.19,,1024000000
2026-05-30 17:28:27.931,2,1.73,,1024000000
2026-05-30 17:28:27.921,2,1.98,,1024000000
2026-05-30 17:28:27.918,3,2.18,,1024000000
2026-05-30 17:28:27.897,2,1.96,,1024000000
2026-05-30 17:28:27.887,7,6.87,,1024000000
2026-05-30 17:28:27.885,2,1.94,,1024000000
2026-05-30 17:28:27.884,2,1.99,,1024000000
2026-05-30 17:28:27.883,2,1.87,,1024000000
2026-05-30 17:28:27.882,2,1.61,,1024000000
2026-05-30 17:28:27.869,2,1.95,,1024000000
2026-05-30 17:28:27.803,2,1.71,,1024000000
2026-05-30 17:28:27.770,2,1.76,,1024000000
2026-05-30 17:28:27.768,2,1.77,,1024000000
2026-05-30 17:28:27.767,3,2.09,,1024000000
2026-05-30 17:28:27.765,2,1.89,,1024000000
2026-05-30 17:28:27.721,3,2.9,,1024000000
2026-05-30 17:28:27.706,2,2,,1024000000
2026-05-30 17:28:27.705,2,1.94,,1024000000
2026-05-30 17:28:27.691,2,1.95,,1024000000
2026-05-30 17:28:27.674,2,1.74,,1024000000
2026-05-30 17:28:27.669,2,1.76,,1024000000
2026-05-30 17:28:27.643,2,1.95,,1024000000
2026-05-30 17:28:27.624,7,6.79,,1024000000
2026-05-30 17:28:27.623,6,5.99,,1024000000
2026-05-30 17:28:27.620,2,1.83,,1024000000
2026-05-30 17:28:27.605,2,1.94,,1024000000
2026-05-30 17:28:27.568,2,1.9,,1024000000
2026-05-30 17:28:27.549,2,2,,1024000000
2026-05-30 17:28:27.545,2,1.74,,1024000000
2026-05-30 17:28:27.532,2,1.94,,1024000000
2026-05-30 17:28:27.515,2,1.73,,1024000000
2026-05-30 17:28:27.512,3,2.06,,1024000000
2026-05-30 17:28:27.511,2,1.82,,1024000000
2026-05-30 17:28:27.493,2,1.91,,1024000000
2026-05-30 17:28:27.488,2,1.97,,1024000000
2026-05-30 17:28:27.487,3,2.02,,1024000000
2026-05-30 17:28:27.470,2,1.92,,1024000000
2026-05-30 17:28:27.468,2,1.89,,1024000000
2026-05-30 17:28:27.466,37,36.74,,1024000000
2026-05-30 17:28:27.449,2,1.86,,1024000000
2026-05-30 17:28:27.432,2,1.92,,1024000000
2026-05-30 17:28:27.428,2,1.82,,1024000000
2026-05-30 17:28:27.428,3,2.45,,1024000000
2026-05-30 17:28:27.421,2,1.83,,1024000000
2026-05-30 17:28:27.394,2,1.86,,1024000000
2026-05-30 17:28:27.384,2,1.89,,1024000000
2026-05-30 17:28:27.376,2,1.98,,1024000000
2026-05-30 17:28:27.370,2,1.8,,1024000000
2026-05-30 17:28:27.366,3,2.13,,1024000000
2026-05-30 17:28:27.365,2,1.94,,1024000000
2026-05-30 17:28:27.363,2,1.8,,1024000000
2026-05-30 17:28:27.357,2,1.79,,1024000000
2026-05-30 17:28:27.355,2,1.76,,1024000000
2026-05-30 17:28:27.326,2,1.88,,1024000000
2026-05-30 17:28:27.304,2,1.77,,1024000000
2026-05-30 17:28:27.294,2,1.89,,1024000000
2026-05-30 17:28:27.284,3,2.05,,1024000000
2026-05-30 17:28:27.283,3,2.5,,1024000000
2026-05-30 17:28:27.264,2,1.74,,1024000000
2026-05-30 17:28:27.258,2,1.86,,1024000000
2026-05-30 17:28:27.250,2,1.96,,1024000000
2026-05-30 17:28:27.248,2,1.88,,1024000000
2026-05-30 17:28:27.237,2,1.7,,1024000000
2026-05-30 17:28:27.227,2,1.82,,1024000000
2026-05-30 17:28:27.214,3,2.1,,1024000000
2026-05-30 17:28:27.214,2,1.84,,1024000000
2026-05-30 17:28:27.201,2,1.75,,1024000000
2026-05-30 17:28:27.174,2,1.7,,1024000000
2026-05-30 17:28:27.174,2,1.81,,1024000000
2026-05-30 17:28:27.166,2,1.69,,1024000000
2026-05-30 17:28:27.107,2,1.66,,1024000000
2026-05-30 17:28:27.086,2,1.8,,1024000000
2026-05-30 17:28:27.084,3,2.62,,1024000000
2026-05-30 17:28:27.065,10,9.91,,1024000000
2026-05-30 17:28:27.049,2,1.83,,1024000000
2026-05-30 17:28:27.046,2,1.79,,1024000000
2026-05-30 17:28:27.039,2,1.84,,1024000000
2026-05-30 17:28:27.033,3,2.17,,1024000000
2026-05-30 17:28:27.017,11,10.32,,1024000000
2026-05-30 17:28:26.994,4,3.86,,1024000000
2026-05-30 17:28:26.989,3,2.21,,1024000000
2026-05-30 17:28:26.973,10,9.32,,1024000000
2026-05-30 17:28:26.971,2,1.63,,1024000000
2026-05-30 17:28:26.969,3,2.66,,1024000000
2026-05-30 17:28:26.959,2,1.72,,1024000000
2026-05-30 17:28:26.947,3,2.07,,1024000000
2026-05-30 17:28:26.934,3,2.24,,1024000000
2026-05-30 17:28:26.903,2,1.72,,1024000000
2026-05-30 17:28:26.894,2,1.7,,1024000000
2026-05-30 17:28:26.883,2,1.65,,1024000000
2026-05-30 17:28:26.880,2,1.73,,1024000000
2026-05-30 17:28:26.855,2,1.73,,1024000000
2026-05-30 17:28:26.852,2,1.81,,1024000000
2026-05-30 17:28:26.851,2,1.7,,1024000000
2026-05-30 17:28:26.846,2,1.88,,1024000000
2026-05-30 17:28:26.823,3,2.04,,1024000000
2026-05-30 17:28:26.818,2,1.84,,1024000000
2026-05-30 17:28:26.798,2,1.84,,1024000000
2026-05-30 17:28:26.790,2,1.68,,1024000000
2026-05-30 17:28:26.783,6,5.73,,1024000000
2026-05-30 17:28:26.765,3,2.35,,1024000000
2026-05-30 17:28:26.758,2,1.85,,1024000000
2026-05-30 17:28:26.752,2,1.95,,1024000000
2026-05-30 17:28:26.745,2,1.76,,1024000000
2026-05-30 17:28:26.731,2,1.78,,1024000000
2026-05-30 17:28:26.717,2,1.59,,1024000000
2026-05-30 17:28:26.711,3,2.04,,1024000000
2026-05-30 17:28:26.710,2,1.75,,1024000000
2026-05-30 17:28:26.709,12,11.69,,1024000000
2026-05-30 17:28:26.659,2,1.88,,1024000000
2026-05-30 17:28:26.652,2,2,,1024000000
2026-05-30 17:28:26.650,15,14.66,,1024000000
2026-05-30 17:28:26.630,2,1.72,,1024000000
2026-05-30 17:28:26.587,2,1.76,,1024000000
2026-05-30 17:28:26.576,2,1.87,,1024000000
2026-05-30 17:28:26.570,2,1.9,,1024000000
2026-05-30 17:28:26.559,2,1.96,,1024000000
2026-05-30 17:28:26.551,2,1.94,,1024000000
2026-05-30 17:28:26.549,2,1.88,,1024000000
2026-05-30 17:28:26.530,2,1.71,,1024000000
2026-05-30 17:28:26.529,2,1.89,,1024000000
2026-05-30 17:28:26.526,2,1.51,,1024000000
2026-05-30 17:28:26.524,2,1.96,,1024000000
2026-05-30 17:28:26.520,2,1.69,,1024000000
2026-05-30 17:28:26.519,2,1.79,,1024000000
2026-05-30 17:28:26.515,2,1.89,,1024000000
2026-05-30 17:28:26.513,2,1.66,,1024000000
2026-05-30 17:28:26.501,2,1.76,,1024000000
2026-05-30 17:28:26.496,2,1.97,,1024000000
2026-05-30 17:28:26.479,3,2.01,,1024000000
2026-05-30 17:28:26.479,3,2.15,,1024000000
2026-05-30 17:28:26.471,2,1.77,,1024000000
2026-05-30 17:28:26.466,2,1.74,,1024000000
2026-05-30 17:28:26.456,3,2.13,,1024000000
2026-05-30 17:28:26.444,3,2.02,,1024000000
2026-05-30 17:28:26.442,2,1.85,,1024000000
2026-05-30 17:28:26.421,2,1.69,,1024000000
2026-05-30 17:28:26.406,2,1.9,,1024000000
2026-05-30 17:28:26.362,2,1.85,,1024000000
2026-05-30 17:28:26.360,2,1.91,,1024000000
2026-05-30 17:28:26.358,2,1.77,,1024000000
2026-05-30 17:28:26.357,3,2.14,,1024000000
2026-05-30 17:28:26.333,2,1.68,,1024000000
2026-05-30 17:28:26.322,3,2.01,,1024000000
2026-05-30 17:28:26.316,3,2.17,,1024000000
2026-05-30 17:28:26.313,2,1.8,,1024000000
2026-05-30 17:28:26.300,2,1.74,,1024000000
2026-05-30 17:28:26.285,2,1.86,,1024000000
2026-05-30 17:28:26.274,2,1.64,,1024000000
2026-05-30 17:28:26.259,3,2.1,,1024000000
2026-05-30 17:28:26.203,2,1.93,,1024000000
2026-05-30 17:28:26.171,2,1.88,,1024000000
2026-05-30 17:28:26.164,2,1.78,,1024000000
2026-05-30 17:28:26.141,2,1.66,,1024000000
2026-05-30 17:28:26.139,11,10.23,,1024000000
2026-05-30 17:28:26.130,3,2.31,,1024000000
2026-05-30 17:28:26.129,2,1.96,,1024000000
2026-05-30 17:28:26.129,3,2.22,,1024000000
2026-05-30 17:28:26.127,2,1.66,,1024000000
2026-05-30 17:28:26.119,2,1.84,,1024000000
2026-05-30 17:28:26.106,3,2.05,,1024000000
2026-05-30 17:28:26.092,2,1.98,,1024000000
2026-05-30 17:28:26.075,2,1.91,,1024000000
2026-05-30 17:28:26.073,2,1.83,,1024000000
2026-05-30 17:28:26.071,3,2.13,,1024000000
2026-05-30 17:28:26.059,3,2.23,,1024000000
2026-05-30 17:28:26.058,2,1.87,,1024000000
2026-05-30 17:28:26.051,2,1.81,,1024000000
2026-05-30 17:28:26.043,2,1.98,,1024000000
2026-05-30 17:28:26.041,2,1.85,,1024000000
2026-05-30 17:28:26.018,3,2.22,,1024000000
2026-05-30 17:28:26.007,2,1.79,,1024000000
2026-05-30 17:28:26.002,2,1.77,,1024000000
2026-05-30 17:28:25.997,2,1.85,,1024000000
2026-05-30 17:28:25.992,2,1.77,,1024000000
2026-05-30 17:28:25.979,2,1.77,,1024000000
2026-05-30 17:28:25.965,2,1.94,,1024000000
2026-05-30 17:28:25.958,2,1.66,,1024000000
2026-05-30 17:28:25.956,11,10.63,,1024000000
2026-05-30 17:28:25.945,2,1.83,,1024000000
2026-05-30 17:28:25.941,2,1.83,,1024000000
2026-05-30 17:28:25.940,2,1.85,,1024000000
2026-05-30 17:28:25.926,2,1.7,,1024000000
2026-05-30 17:28:25.924,4,3.15,,1024000000
2026-05-30 17:28:25.916,2,1.78,,1024000000
2026-05-30 17:28:25.899,2,1.95,,1024000000
2026-05-30 17:28:25.885,3,2.1,,1024000000
2026-05-30 17:28:25.858,3,2.02,,1024000000
2026-05-30 17:28:25.851,2,1.78,,1024000000
2026-05-30 17:28:25.849,2,1.9,,1024000000
2026-05-30 17:28:25.845,2,1.91,,1024000000
2026-05-30 17:28:25.838,2,1.69,,1024000000
2026-05-30 17:28:25.831,2,1.85,,1024000000
2026-05-30 17:28:25.807,3,2.17,,1024000000
2026-05-30 17:28:25.799,3,2.1,,1024000000
2026-05-30 17:28:25.789,3,2,,1024000000
2026-05-30 17:28:25.776,2,1.75,,1024000000
2026-05-30 17:28:25.767,2,1.67,,1024000000
2026-05-30 17:28:25.766,2,1.81,,1024000000
2026-05-30 17:28:25.758,4,3.8,,1024000000
2026-05-30 17:28:25.757,2,1.75,,1024000000
2026-05-30 17:28:25.749,2,1.85,,1024000000
2026-05-30 17:28:25.736,2,1.86,,1024000000
2026-05-30 17:28:25.721,2,1.97,,1024000000
2026-05-30 17:28:25.717,6,5.53,,1024000000
2026-05-30 17:28:25.699,2,1.72,,1024000000
2026-05-30 17:28:25.669,3,2.1,,1024000000
2026-05-30 17:28:25.663,3,2.16,,1024000000
2026-05-30 17:28:25.659,2,1.95,,1024000000
2026-05-30 17:28:25.656,2,1.77,,1024000000
2026-05-30 17:28:25.653,9,8.6,,1024000000
2026-05-30 17:28:25.642,2,1.75,,1024000000
2026-05-30 17:28:25.628,2,1.83,,1024000000
2026-05-30 17:28:25.591,2,1.91,,1024000000
2026-05-30 17:28:25.584,2,1.71,,1024000000
2026-05-30 17:28:25.572,2,1.95,,1024000000
2026-05-30 17:28:25.571,2,1.87,,1024000000
2026-05-30 17:28:25.552,2,1.71,,1024000000
2026-05-30 17:28:25.551,3,2.18,,1024000000
2026-05-30 17:28:25.527,2,1.73,,1024000000
2026-05-30 17:28:25.489,2,1.81,,1024000000
2026-05-30 17:28:25.453,2,1.64,,1024000000
2026-05-30 17:28:25.450,2,1.89,,1024000000
2026-05-30 17:28:25.380,2,1.89,,1024000000
2026-05-30 17:28:25.363,2,1.74,,1024000000
2026-05-30 17:28:25.357,3,2.13,,1024000000
2026-05-30 17:28:25.354,2,1.88,,1024000000
2026-05-30 17:28:25.349,2,1.86,,1024000000
2026-05-30 17:28:25.326,2,1.76,,1024000000
2026-05-30 17:28:25.321,2,1.78,,1024000000
2026-05-30 17:28:25.320,2,1.6,,1024000000
2026-05-30 17:28:25.320,2,1.84,,1024000000
2026-05-30 17:28:25.320,2,1.77,,1024000000
2026-05-30 17:28:25.314,2,1.82,,1024000000
2026-05-30 17:28:25.313,3,2.32,,1024000000
2026-05-30 17:28:25.287,2,1.75,,1024000000
2026-05-30 17:28:25.282,5,4.03,,1024000000
2026-05-30 17:28:25.266,3,2.07,,1024000000
2026-05-30 17:28:25.258,2,1.71,,1024000000
2026-05-30 17:28:25.256,2,1.98,,1024000000
2026-05-30 17:28:25.244,2,1.94,,1024000000
2026-05-30 17:28:25.207,2,1.78,,1024000000
2026-05-30 17:28:25.176,2,1.56,,1024000000
2026-05-30 17:28:25.175,2,1.88,,1024000000
2026-05-30 17:28:25.168,2,1.85,,1024000000
2026-05-30 17:28:25.141,3,2.31,,1024000000
2026-05-30 17:28:25.134,3,2.05,,1024000000
2026-05-30 17:28:25.108,9,8.54,,1024000000
2026-05-30 17:28:25.092,6,5.78,,1024000000
2026-05-30 17:28:25.043,2,1.92,,1024000000
2026-05-30 17:28:25.016,3,2.04,,1024000000
2026-05-30 17:28:25.006,2,1.9,,1024000000
2026-05-30 17:28:24.985,2,1.75,,1024000000
2026-05-30 17:28:24.985,2,1.7,,1024000000
2026-05-30 17:28:24.975,2,1.9,,1024000000
2026-05-30 17:28:24.969,2,1.8,,1024000000
2026-05-30 17:28:24.966,2,1.86,,1024000000
2026-05-30 17:28:24.958,2,1.8,,1024000000
2026-05-30 17:28:24.948,2,1.77,,1024000000
2026-05-30 17:28:24.941,3,2.36,,1024000000
2026-05-30 17:28:24.934,2,1.88,,1024000000
2026-05-30 17:28:24.933,16,15.87,,1024000000
2026-05-30 17:28:24.927,2,1.83,,1024000000
2026-05-30 17:28:24.926,3,2,,1024000000
2026-05-30 17:28:24.922,2,1.73,,1024000000
2026-05-30 17:28:24.918,2,1.89,,1024000000
2026-05-30 17:28:24.901,3,2.04,,1024000000
2026-05-30 17:28:24.889,2,1.91,,1024000000
2026-05-30 17:28:24.870,2,1.95,,1024000000
2026-05-30 17:28:24.870,2,1.93,,1024000000
2026-05-30 17:28:24.858,2,1.98,,1024000000
2026-05-30 17:28:24.853,2,1.93,,1024000000
2026-05-30 17:28:24.841,2,1.75,,1024000000
2026-05-30 17:28:24.835,2,1.75,,1024000000
2026-05-30 17:28:24.829,3,2.06,,1024000000
2026-05-30 17:28:24.828,2,1.83,,1024000000
2026-05-30 17:28:24.806,3,2.85,,1024000000
2026-05-30 17:28:24.802,3,2.59,,1024000000
2026-05-30 17:28:24.798,2,1.73,,1024000000
2026-05-30 17:28:24.772,2,1.79,,1024000000
2026-05-30 17:28:24.743,2,1.79,,1024000000
2026-05-30 17:28:24.740,2,1.7,,1024000000
2026-05-30 17:28:24.723,2,1.75,,1024000000
2026-05-30 17:28:24.697,12,11.63,,1024000000
2026-05-30 17:28:24.695,3,2.13,,1024000000
2026-05-30 17:28:24.692,2,1.97,,1024000000
2026-05-30 17:28:24.682,3,2.04,,1024000000
2026-05-30 17:28:24.676,3,2.12,,1024000000
2026-05-30 17:28:24.669,2,1.87,,1024000000
2026-05-30 17:28:24.663,2,1.72,,1024000000
2026-05-30 17:28:24.662,2,2,,1024000000
2026-05-30 17:28:24.653,3,2.06,,1024000000
2026-05-30 17:28:24.642,2,1.73,,1024000000
2026-05-30 17:28:24.631,2,1.68,,1024000000
2026-05-30 17:28:24.622,3,2.02,,1024000000
2026-05-30 17:28:24.604,3,2.06,,1024000000
2026-05-30 17:28:24.591,2,1.87,,1024000000
2026-05-30 17:28:24.559,2,1.7,,1024000000
2026-05-30 17:28:24.558,2,1.82,,1024000000
2026-05-30 17:28:24.557,2,1.81,,1024000000
2026-05-30 17:28:24.550,7,6.06,,1024000000
2026-05-30 17:28:24.549,3,2.55,,1024000000
2026-05-30 17:28:24.508,5,4.49,,1024000000
2026-05-30 17:28:24.495,9,8.61,,1024000000
2026-05-30 17:28:24.485,2,1.81,,1024000000
2026-05-30 17:28:24.473,2,1.8,,1024000000
2026-05-30 17:28:24.465,3,2.13,,1024000000
2026-05-30 17:28:24.465,2,1.67,,1024000000
2026-05-30 17:28:24.458,3,2.16,,1024000000
2026-05-30 17:28:24.444,2,1.65,,1024000000
2026-05-30 17:28:24.430,2,1.86,,1024000000
2026-05-30 17:28:24.430,11,10.89,,1024000000
2026-05-30 17:28:24.412,2,1.84,,1024000000
2026-05-30 17:28:24.401,2,1.63,,1024000000
2026-05-30 17:28:24.392,2,1.81,,1024000000
2026-05-30 17:28:24.372,2,1.82,,1024000000
2026-05-30 17:28:24.371,2,1.7,,1024000000
2026-05-30 17:28:24.365,2,1.82,,1024000000
2026-05-30 17:28:24.365,4,3.55,,1024000000
2026-05-30 17:28:24.361,2,1.83,,1024000000
2026-05-30 17:28:24.329,2,1.91,,1024000000
2026-05-30 17:28:24.314,2,1.78,,1024000000
2026-05-30 17:28:24.304,2,1.86,,1024000000
2026-05-30 17:28:24.275,2,1.92,,1024000000
2026-05-30 17:28:24.254,3,2.27,,1024000000
2026-05-30 17:28:24.253,3,2.21,,1024000000
2026-05-30 17:28:24.248,2,1.7,,1024000000
2026-05-30 17:28:24.247,4,3.9,,1024000000
2026-05-30 17:28:24.236,2,1.88,,1024000000
2026-05-30 17:28:24.224,3,2.02,,1024000000
2026-05-30 17:28:24.217,2,1.69,,1024000000
2026-05-30 17:28:24.175,2,1.69,,1024000000
2026-05-30 17:28:24.170,3,2.01,,1024000000
2026-05-30 17:28:24.167,3,2.01,,1024000000
2026-05-30 17:28:24.163,3,2.12,,1024000000
2026-05-30 17:28:24.159,2,1.97,,1024000000
2026-05-30 17:28:24.151,2,1.77,,1024000000
2026-05-30 17:28:24.133,2,1.78,,1024000000
2026-05-30 17:28:24.131,2,1.71,,1024000000
2026-05-30 17:28:24.131,2,1.87,,1024000000
2026-05-30 17:28:24.130,2,1.64,,1024000000
2026-05-30 17:28:24.128,2,1.76,,1024000000
2026-05-30 17:28:24.091,2,1.99,,1024000000
2026-05-30 17:28:24.089,3,2.28,,1024000000
2026-05-30 17:28:24.076,2,1.97,,1024000000
2026-05-30 17:28:24.070,2,1.69,,1024000000
2026-05-30 17:28:24.044,2,1.76,,1024000000
2026-05-30 17:28:24.041,2,1.86,,1024000000
2026-05-30 17:28:24.026,2,1.77,,1024000000
2026-05-30 17:28:24.009,3,2.05,,1024000000
2026-05-30 17:28:24.002,4,3.03,,1024000000
2026-05-30 17:28:23.999,2,1.79,,1024000000
2026-05-30 17:28:23.996,2,1.62,,1024000000
2026-05-30 17:28:23.994,2,1.98,,1024000000
2026-05-30 17:28:23.987,4,3.76,,1024000000
2026-05-30 17:28:23.981,2,1.93,,1024000000
2026-05-30 17:28:23.980,2,1.83,,1024000000
2026-05-30 17:28:23.975,3,2.67,,1024000000
2026-05-30 17:28:23.967,2,1.75,,1024000000
2026-05-30 17:28:23.960,2,1.8,,1024000000
2026-05-30 17:28:23.953,7,6.11,,1024000000
2026-05-30 17:28:23.950,7,6.48,,1024000000
2026-05-30 17:28:23.947,2,1.87,,1024000000
2026-05-30 17:28:23.922,2,1.8,,1024000000
2026-05-30 17:28:23.897,2,1.92,,1024000000
2026-05-30 17:28:23.897,2,1.82,,1024000000
2026-05-30 17:28:23.896,2,1.96,,1024000000
2026-05-30 17:28:23.878,2,1.93,,1024000000
2026-05-30 17:28:23.878,3,2.06,,1024000000
2026-05-30 17:28:23.878,2,1.7,,1024000000
2026-05-30 17:28:23.875,2,1.75,,1024000000
2026-05-30 17:28:23.871,2,1.69,,1024000000
2026-05-30 17:28:23.862,11,10.87,,1024000000
2026-05-30 17:28:23.845,2,1.72,,1024000000
2026-05-30 17:28:23.836,2,1.85,,1024000000
2026-05-30 17:28:23.820,19,18.16,,1024000000
2026-05-30 17:28:23.815,2,1.87,,1024000000
2026-05-30 17:28:23.793,3,2.09,,1024000000
2026-05-30 17:28:23.777,2,1.76,,1024000000
2026-05-30 17:28:23.764,12,11.94,,1024000000
2026-05-30 17:28:23.755,3,2.07,,1024000000
2026-05-30 17:28:23.738,2,1.86,,1024000000
2026-05-30 17:28:23.737,2,1.81,,1024000000
2026-05-30 17:28:23.726,2,1.74,,1024000000
2026-05-30 17:28:23.722,2,1.95,,1024000000
2026-05-30 17:28:23.722,2,1.86,,1024000000
2026-05-30 17:28:23.708,3,2.09,,1024000000
2026-05-30 17:28:23.680,2,1.88,,1024000000
2026-05-30 17:28:23.660,2,1.66,,1024000000
2026-05-30 17:28:23.631,2,1.86,,1024000000
2026-05-30 17:28:23.586,2,1.82,,1024000000
2026-05-30 17:28:23.583,2,1.96,,1024000000
2026-05-30 17:28:23.582,2,1.7,,1024000000
2026-05-30 17:28:23.581,3,2.21,,1024000000
2026-05-30 17:28:23.574,2,1.91,,1024000000
2026-05-30 17:28:23.569,2,1.87,,1024000000
2026-05-30 17:28:23.538,2,1.72,,1024000000
2026-05-30 17:28:23.526,2,1.77,,1024000000
2026-05-30 17:28:23.522,3,2.14,,1024000000
2026-05-30 17:28:23.508,2,1.77,,1024000000
2026-05-30 17:28:23.508,2,1.79,,1024000000
2026-05-30 17:28:23.489,2,1.77,,1024000000
2026-05-30 17:28:23.478,2,1.78,,1024000000
2026-05-30 17:28:23.466,3,2.06,,1024000000
2026-05-30 17:28:23.460,2,1.91,,1024000000
2026-05-30 17:28:23.435,2,1.99,,1024000000
2026-05-30 17:28:23.427,2,1.75,,1024000000
2026-05-30 17:28:23.363,2,1.79,,1024000000
2026-05-30 17:28:23.352,2,1.86,,1024000000
2026-05-30 17:28:23.351,2,1.91,,1024000000
2026-05-30 17:28:23.350,2,1.84,,1024000000
2026-05-30 17:28:23.342,2,1.9,,1024000000
2026-05-30 17:28:23.333,2,1.89,,1024000000
2026-05-30 17:28:23.310,2,1.71,,1024000000
2026-05-30 17:28:23.310,3,2.15,,1024000000
2026-05-30 17:28:23.308,2,1.66,,1024000000
2026-05-30 17:28:23.269,2,1.8,,1024000000
2026-05-30 17:28:23.254,6,5.13,,1024000000
2026-05-30 17:28:23.253,7,6.36,,1024000000
2026-05-30 17:28:23.246,2,1.95,,1024000000
2026-05-30 17:28:23.243,2,1.54,,1024000000
2026-05-30 17:28:23.223,3,2.22,,1024000000
2026-05-30 17:28:23.209,2,2,,1024000000
2026-05-30 17:28:23.208,2,1.88,,1024000000
2026-05-30 17:28:23.187,3,2.39,,1024000000
2026-05-30 17:28:23.187,2,1.67,,1024000000
2026-05-30 17:28:23.181,2,1.95,,1024000000
2026-05-30 17:28:23.155,3,2.15,,1024000000
2026-05-30 17:28:23.153,2,1.83,,1024000000
2026-05-30 17:28:23.153,2,1.73,,1024000000
2026-05-30 17:28:23.149,2,1.97,,1024000000
2026-05-30 17:28:23.132,3,2.02,,1024000000
2026-05-30 17:28:23.125,2,1.93,,1024000000
2026-05-30 17:28:23.113,2,1.77,,1024000000
2026-05-30 17:28:23.111,2,1.78,,1024000000
2026-05-30 17:28:23.087,2,1.9,,1024000000
2026-05-30 17:28:23.083,2,1.71,,1024000000
2026-05-30 17:28:23.066,3,2.48,,1024000000
2026-05-30 17:28:23.051,6,5.66,,1024000000
2026-05-30 17:28:23.040,3,2.06,,1024000000
2026-05-30 17:28:23.040,2,1.93,,1024000000
2026-05-30 17:28:23.018,3,2.1,,1024000000
2026-05-30 17:28:23.004,6,5.14,,1024000000
2026-05-30 17:28:22.987,2,1.88,,1024000000
2026-05-30 17:28:22.973,2,1.88,,1024000000
2026-05-30 17:28:22.960,3,2.08,,1024000000
2026-05-30 17:28:22.957,8,7.33,,1024000000
2026-05-30 17:28:22.953,2,1.67,,1024000000
2026-05-30 17:28:22.951,2,1.85,,1024000000
2026-05-30 17:28:22.949,2,1.91,,1024000000
2026-05-30 17:28:22.921,3,2,,1024000000
2026-05-30 17:28:22.919,2,1.96,,1024000000
2026-05-30 17:28:22.906,2,1.85,,1024000000
2026-05-30 17:28:22.898,2,1.7,,1024000000
2026-05-30 17:28:22.883,2,1.79,,1024000000
2026-05-30 17:28:22.867,7,6.3,,1024000000
2026-05-30 17:28:22.861,2,1.91,,1024000000
2026-05-30 17:28:22.853,3,2.31,,1024000000
2026-05-30 17:28:22.810,2,1.59,,1024000000
2026-05-30 17:28:22.808,3,2.02,,1024000000
2026-05-30 17:28:22.800,2,1.91,,1024000000
2026-05-30 17:28:22.792,2,1.97,,1024000000
2026-05-30 17:28:22.791,4,3.62,,1024000000
2026-05-30 17:28:22.784,2,1.83,,1024000000
2026-05-30 17:28:22.780,2,1.94,,1024000000
2026-05-30 17:28:22.751,2,1.97,,1024000000
2026-05-30 17:28:22.743,3,2.49,,1024000000
2026-05-30 17:28:22.734,3,2.53,,1024000000
2026-05-30 17:28:22.712,2,1.7,,1024000000
2026-05-30 17:28:22.709,2,1.87,,1024000000
2026-05-30 17:28:22.681,7,6.38,,1024000000
2026-05-30 17:28:22.673,3,2.31,,1024000000
2026-05-30 17:28:22.657,3,2.15,,1024000000
2026-05-30 17:28:22.657,3,2.77,,1024000000
2026-05-30 17:28:22.657,3,2.03,,1024000000
2026-05-30 17:28:22.649,2,1.74,,1024000000
2026-05-30 17:28:22.622,3,2.03,,1024000000
2026-05-30 17:28:22.619,2,1.95,,1024000000
2026-05-30 17:28:22.616,2,1.86,,1024000000
2026-05-30 17:28:22.614,2,1.93,,1024000000
2026-05-30 17:28:22.603,2,1.74,,1024000000
2026-05-30 17:28:22.597,2,1.88,,1024000000
2026-05-30 17:28:22.591,2,1.75,,1024000000
2026-05-30 17:28:22.588,2,1.71,,1024000000
2026-05-30 17:28:22.576,2,1.84,,1024000000
2026-05-30 17:28:22.561,3,2.08,,1024000000
2026-05-30 17:28:22.555,7,6.03,,1024000000
2026-05-30 17:28:22.539,2,1.76,,1024000000
2026-05-30 17:28:22.534,3,2.3,,1024000000
2026-05-30 17:28:22.487,2,1.82,,1024000000
2026-05-30 17:28:22.484,2,1.82,,1024000000
2026-05-30 17:28:22.473,2,1.76,,1024000000
2026-05-30 17:28:22.468,2,1.77,,1024000000
2026-05-30 17:28:22.448,2,1.74,,1024000000
2026-05-30 17:28:22.445,2,1.72,,1024000000
2026-05-30 17:28:22.439,4,3.59,,1024000000
2026-05-30 17:28:22.387,3,2.17,,1024000000
2026-05-30 17:28:22.385,2,1.86,,1024000000
2026-05-30 17:28:22.381,3,2.02,,1024000000
2026-05-30 17:28:22.367,2,1.82,,1024000000
2026-05-30 17:28:22.361,3,2.77,,1024000000
2026-05-30 17:28:22.351,2,1.75,,1024000000
2026-05-30 17:28:22.351,3,2.04,,1024000000
2026-05-30 17:28:22.333,3,2.1,,1024000000
2026-05-30 17:28:22.331,2,1.82,,1024000000
2026-05-30 17:28:22.324,2,1.81,,1024000000
2026-05-30 17:28:22.307,2,1.76,,1024000000
2026-05-30 17:28:22.296,2,1.85,,1024000000
2026-05-30 17:28:22.281,6,5.88,,1024000000
2026-05-30 17:28:22.281,3,2.02,,1024000000
2026-05-30 17:28:22.278,2,1.74,,1024000000
2026-05-30 17:28:22.278,2,1.96,,1024000000
2026-05-30 17:28:22.275,2,1.89,,1024000000
2026-05-30 17:28:22.267,2,1.81,,1024000000
2026-05-30 17:28:22.258,2,1.91,,1024000000
2026-05-30 17:28:22.243,2,1.94,,1024000000
2026-05-30 17:28:22.233,3,2.09,,1024000000
2026-05-30 17:28:22.218,2,1.88,,1024000000
2026-05-30 17:28:22.212,2,1.78,,1024000000
2026-05-30 17:28:22.208,2,1.78,,1024000000
2026-05-30 17:28:22.204,2,2,,1024000000
2026-05-30 17:28:22.203,2,1.91,,1024000000
2026-05-30 17:28:22.202,3,2.12,,1024000000
2026-05-30 17:28:22.202,3,2.02,,1024000000
2026-05-30 17:28:22.191,3,2.02,,1024000000
2026-05-30 17:28:22.174,2,1.85,,1024000000
2026-05-30 17:28:22.155,3,2.1,,1024000000
2026-05-30 17:28:22.155,3,2.31,,1024000000
2026-05-30 17:28:22.154,9,8.56,,1024000000
2026-05-30 17:28:22.132,8,7.91,,1024000000
2026-05-30 17:28:22.116,3,2.17,,1024000000
2026-05-30 17:28:22.098,3,2.86,,1024000000
2026-05-30 17:28:22.066,2,1.8,,1024000000
2026-05-30 17:28:22.005,3,2.55,,1024000000
2026-05-30 17:28:21.985,2,1.76,,1024000000
2026-05-30 17:28:21.977,2,1.89,,1024000000
2026-05-30 17:28:21.956,3,2.08,,1024000000
2026-05-30 17:28:21.954,2,1.8,,1024000000
2026-05-30 17:28:21.931,2,1.78,,1024000000
2026-05-30 17:28:21.914,2,1.64,,1024000000
2026-05-30 17:28:21.912,2,1.81,,1024000000
2026-05-30 17:28:21.895,3,2.43,,1024000000
2026-05-30 17:28:21.846,2,1.85,,1024000000
2026-05-30 17:28:21.845,2,1.73,,1024000000
2026-05-30 17:28:21.842,3,2.46,,1024000000
2026-05-30 17:28:21.839,2,1.78,,1024000000
2026-05-30 17:28:21.823,2,1.82,,1024000000
2026-05-30 17:28:21.823,7,6.93,,1024000000
2026-05-30 17:28:21.807,2,1.82,,1024000000
2026-05-30 17:28:21.787,2,1.9,,1024000000
2026-05-30 17:28:21.776,3,2.02,,1024000000
2026-05-30 17:28:21.771,2,1.86,,1024000000
2026-05-30 17:28:21.770,2,1.78,,1024000000
2026-05-30 17:28:21.755,2,1.68,,1024000000
2026-05-30 17:28:21.702,2,1.84,,1024000000
2026-05-30 17:28:21.696,2,1.99,,1024000000
2026-05-30 17:28:21.673,2,1.68,,1024000000
2026-05-30 17:28:21.671,2,1.74,,1024000000
2026-05-30 17:28:21.670,2,1.92,,1024000000
2026-05-30 17:28:21.661,2,1.84,,1024000000
2026-05-30 17:28:21.644,2,1.79,,1024000000
2026-05-30 17:28:21.633,3,2.02,,1024000000
2026-05-30 17:28:21.623,2,1.79,,1024000000
2026-05-30 17:28:21.617,2,1.81,,1024000000
2026-05-30 17:28:21.607,2,1.83,,1024000000
2026-05-30 17:28:21.593,2,1.69,,1024000000
2026-05-30 17:28:21.593,2,1.74,,1024000000
2026-05-30 17:28:21.593,2,1.8,,1024000000
2026-05-30 17:28:21.587,2,1.87,,1024000000
2026-05-30 17:28:21.579,2,1.78,,1024000000
2026-05-30 17:28:21.537,2,1.77,,1024000000
2026-05-30 17:28:21.530,2,1.91,,1024000000
2026-05-30 17:28:21.530,2,1.79,,1024000000
2026-05-30 17:28:21.527,3,2.09,,1024000000
2026-05-30 17:28:21.522,2,1.8,,1024000000
2026-05-30 17:28:21.509,2,1.98,,1024000000
2026-05-30 17:28:21.507,2,1.68,,1024000000
2026-05-30 17:28:21.497,2,1.91,,1024000000
2026-05-30 17:28:21.490,2,1.94,,1024000000
2026-05-30 17:28:21.490,3,2.4,,1024000000
2026-05-30 17:28:21.489,2,1.73,,1024000000
2026-05-30 17:28:21.486,2,1.87,,1024000000
2026-05-30 17:28:21.462,3,2.52,,1024000000
2026-05-30 17:28:21.460,4,3.24,,1024000000
2026-05-30 17:28:21.445,10,9.53,,1024000000
2026-05-30 17:28:21.431,2,1.57,,1024000000
2026-05-30 17:28:21.424,3,2.08,,1024000000
2026-05-30 17:28:21.414,3,2.05,,1024000000
2026-05-30 17:28:21.413,2,1.68,,1024000000
2026-05-30 17:28:21.403,2,1.92,,1024000000
2026-05-30 17:28:21.400,2,1.82,,1024000000
2026-05-30 17:28:21.377,2,1.96,,1024000000
2026-05-30 17:28:21.348,3,2.11,,1024000000
2026-05-30 17:28:21.344,2,1.98,,1024000000
2026-05-30 17:28:21.341,2,1.9,,1024000000
2026-05-30 17:28:21.340,8,7.38,,1024000000
2026-05-30 17:28:21.338,2,1.83,,1024000000
2026-05-30 17:28:21.334,2,1.82,,1024000000
2026-05-30 17:28:21.321,2,1.68,,1024000000
2026-05-30 17:28:21.316,2,1.67,,1024000000
2026-05-30 17:28:21.312,2,1.89,,1024000000
2026-05-30 17:28:21.306,2,1.84,,1024000000
2026-05-30 17:28:21.271,3,2.04,,1024000000
2026-05-30 17:28:21.243,3,2.31,,1024000000
2026-05-30 17:28:21.232,2,1.76,,1024000000
2026-05-30 17:28:21.228,2,1.8,,1024000000
2026-05-30 17:28:21.224,3,2.19,,1024000000
2026-05-30 17:28:21.220,2,1.89,,1024000000
2026-05-30 17:28:21.219,2,1.73,,1024000000
2026-05-30 17:28:21.200,3,2.7,,1024000000
2026-05-30 17:28:21.187,2,1.86,,1024000000
2026-05-30 17:28:21.182,2,1.99,,1024000000
2026-05-30 17:28:21.181,2,1.89,,1024000000
2026-05-30 17:28:21.163,2,1.77,,1024000000
2026-05-30 17:28:21.158,2,1.8,,1024000000
2026-05-30 17:28:21.153,3,2.17,,1024000000
2026-05-30 17:28:21.140,2,1.91,,1024000000
2026-05-30 17:28:21.126,3,2.08,,1024000000
2026-05-30 17:28:21.116,2,1.77,,1024000000
2026-05-30 17:28:21.112,3,2.25,,1024000000
2026-05-30 17:28:21.111,2,1.9,,1024000000
2026-05-30 17:28:21.082,2,1.72,,1024000000
2026-05-30 17:28:21.082,2,1.93,,1024000000
2026-05-30 17:28:21.078,2,1.8,,1024000000
2026-05-30 17:28:21.075,2,1.84,,1024000000
2026-05-30 17:28:21.061,2,1.89,,1024000000
2026-05-30 17:28:21.059,3,2.19,,1024000000
2026-05-30 17:28:21.058,2,1.95,,1024000000
2026-05-30 17:28:21.046,2,1.85,,1024000000
2026-05-30 17:28:21.043,2,1.68,,1024000000
2026-05-30 17:28:21.040,2,1.87,,1024000000
2026-05-30 17:28:21.031,2,1.87,,1024000000
2026-05-30 17:28:21.009,3,2.36,,1024000000
2026-05-30 17:28:21.008,2,1.73,,1024000000
2026-05-30 17:28:21.006,2,1.98,,1024000000
2026-05-30 17:28:21.002,2,1.89,,1024000000
2026-05-30 17:28:21.001,2,1.98,,1024000000
2026-05-30 17:28:20.999,2,1.78,,1024000000
2026-05-30 17:28:20.998,2,1.88,,1024000000
2026-05-30 17:28:20.994,2,1.73,,1024000000
2026-05-30 17:28:20.964,2,1.97,,1024000000
2026-05-30 17:28:20.940,2,1.91,,1024000000
2026-05-30 17:28:20.930,2,1.94,,1024000000
2026-05-30 17:28:20.887,2,1.89,,1024000000
2026-05-30 17:28:20.864,2,1.76,,1024000000
2026-05-30 17:28:20.861,2,1.94,,1024000000
2026-05-30 17:28:20.861,2,1.86,,1024000000
2026-05-30 17:28:20.850,2,1.64,,1024000000
2026-05-30 17:28:20.844,3,2.17,,1024000000
2026-05-30 17:28:20.842,2,1.75,,1024000000
2026-05-30 17:28:20.829,2,1.93,,1024000000
2026-05-30 17:28:20.793,2,1.99,,1024000000
2026-05-30 17:28:20.789,2,1.72,,1024000000
2026-05-30 17:28:20.763,2,1.99,,1024000000
2026-05-30 17:28:20.761,2,1.72,,1024000000
2026-05-30 17:28:20.743,3,2.21,,1024000000
2026-05-30 17:28:20.722,3,2.07,,1024000000
2026-05-30 17:28:20.721,2,1.85,,1024000000
2026-05-30 17:28:20.720,2,1.94,,1024000000
2026-05-30 17:28:20.719,3,2.12,,1024000000
2026-05-30 17:28:20.714,2,1.72,,1024000000
2026-05-30 17:28:20.696,2,1.81,,1024000000
2026-05-30 17:28:20.679,3,2.81,,1024000000
2026-05-30 17:28:20.652,2,1.83,,1024000000
2026-05-30 17:28:20.643,2,1.76,,1024000000
2026-05-30 17:28:20.640,2,1.96,,1024000000
2026-05-30 17:28:20.626,2,1.77,,1024000000
2026-05-30 17:28:20.610,2,1.66,,1024000000
2026-05-30 17:28:20.588,2,1.76,,1024000000
2026-05-30 17:28:20.583,2,1.86,,1024000000
2026-05-30 17:28:20.579,3,2.17,,1024000000
2026-05-30 17:28:20.540,2,1.73,,1024000000
2026-05-30 17:28:20.532,2,1.99,,1024000000
2026-05-30 17:28:20.517,2,1.96,,1024000000
2026-05-30 17:28:20.512,3,2.13,,1024000000
2026-05-30 17:28:20.487,2,1.96,,1024000000
2026-05-30 17:28:20.466,3,2.05,,1024000000
2026-05-30 17:28:20.465,2,1.73,,1024000000
2026-05-30 17:28:20.442,2,1.7,,1024000000
2026-05-30 17:28:20.437,2,1.95,,1024000000
2026-05-30 17:28:20.435,3,2.19,,1024000000
2026-05-30 17:28:20.432,2,1.75,,1024000000
2026-05-30 17:28:20.425,3,2.12,,1024000000
2026-05-30 17:28:20.405,14,13.8,,1024000000
2026-05-30 17:28:20.401,2,1.94,,1024000000
2026-05-30 17:28:20.386,2,1.79,,1024000000
2026-05-30 17:28:20.369,3,2.22,,1024000000
2026-05-30 17:28:20.359,2,1.68,,1024000000
2026-05-30 17:28:20.357,3,2.15,,1024000000
2026-05-30 17:28:20.351,2,1.77,,1024000000
2026-05-30 17:28:20.325,2,1.73,,1024000000
2026-05-30 17:28:20.317,2,1.93,,1024000000
2026-05-30 17:28:20.308,2,1.99,,1024000000
2026-05-30 17:28:20.304,3,2.06,,1024000000
2026-05-30 17:28:20.291,3,2.24,,1024000000
2026-05-30 17:28:20.275,2,1.76,,1024000000
2026-05-30 17:28:20.260,3,2.04,,1024000000
2026-05-30 17:28:20.223,2,1.97,,1024000000
2026-05-30 17:28:20.217,2,1.89,,1024000000
2026-05-30 17:28:20.208,2,1.78,,1024000000
2026-05-30 17:28:20.174,2,1.74,,1024000000
2026-05-30 17:28:20.172,2,1.92,,1024000000
2026-05-30 17:28:20.167,2,1.79,,1024000000
2026-05-30 17:28:20.146,3,2.2,,1024000000
2026-05-30 17:28:20.140,2,1.69,,1024000000
2026-05-30 17:28:20.118,2,1.8,,1024000000
2026-05-30 17:28:20.100,2,1.8,,1024000000
2026-05-30 17:28:20.099,2,1.68,,1024000000
2026-05-30 17:28:20.095,2,1.97,,1024000000
2026-05-30 17:28:20.093,2,1.85,,1024000000
2026-05-30 17:28:20.086,2,1.81,,1024000000
2026-05-30 17:28:20.083,2,1.79,,1024000000
2026-05-30 17:28:20.039,2,1.82,,1024000000
2026-05-30 17:28:20.032,2,1.63,,1024000000
2026-05-30 17:28:20.029,6,5.62,,1024000000
2026-05-30 17:28:20.022,2,1.82,,1024000000
2026-05-30 17:28:20.014,2,1.72,,1024000000
2026-05-30 17:28:20.007,2,1.9,,1024000000
2026-05-30 17:28:19.999,2,1.7,,1024000000
2026-05-30 17:28:19.994,3,2.2,,1024000000
2026-05-30 17:28:19.988,4,3.11,,1024000000
2026-05-30 17:28:19.978,2,1.79,,1024000000
2026-05-30 17:28:19.957,3,2.21,,1024000000
2026-05-30 17:28:19.953,2,1.95,,1024000000
2026-05-30 17:28:19.953,3,2.09,,1024000000
2026-05-30 17:28:19.947,2,1.83,,1024000000
2026-05-30 17:28:19.893,2,1.83,,1024000000
2026-05-30 17:28:19.886,2,1.71,,1024000000
2026-05-30 17:28:19.883,3,2.18,,1024000000
2026-05-30 17:28:19.873,4,3.28,,1024000000
2026-05-30 17:28:19.869,2,1.71,,1024000000
2026-05-30 17:28:19.864,18,17.49,,1024000000
2026-05-30 17:28:19.846,2,1.77,,1024000000
2026-05-30 17:28:19.834,2,1.72,,1024000000
2026-05-30 17:28:19.811,2,1.73,,1024000000
2026-05-30 17:28:19.792,2,1.87,,1024000000
2026-05-30 17:28:19.783,2,1.74,,1024000000
2026-05-30 17:28:19.776,11,10,,1024000000
2026-05-30 17:28:19.768,2,1.78,,1024000000
2026-05-30 17:28:19.760,6,5.06,,1024000000
2026-05-30 17:28:19.742,2,1.69,,1024000000
2026-05-30 17:28:19.724,2,1.69,,1024000000
2026-05-30 17:28:19.717,3,2.06,,1024000000
2026-05-30 17:28:19.704,8,7.37,,1024000000
2026-05-30 17:28:19.703,2,1.76,,1024000000
2026-05-30 17:28:19.680,3,2.06,,1024000000
2026-05-30 17:28:19.676,2,1.72,,1024000000
2026-05-30 17:28:19.648,2,1.9,,1024000000
2026-05-30 17:28:19.628,2,1.79,,1024000000
2026-05-30 17:28:19.623,2,1.78,,1024000000
2026-05-30 17:28:19.609,2,1.73,,1024000000
2026-05-30 17:28:19.582,2,1.95,,1024000000
2026-05-30 17:28:19.576,2,2,,1024000000
2026-05-30 17:28:19.571,2,1.73,,1024000000
2026-05-30 17:28:19.563,15,14.15,,1024000000
2026-05-30 17:28:19.555,2,1.73,,1024000000
2026-05-30 17:28:19.546,2,1.79,,1024000000
2026-05-30 17:28:19.520,2,1.83,,1024000000
2026-05-30 17:28:19.517,2,1.79,,1024000000
2026-05-30 17:28:19.496,2,1.78,,1024000000
2026-05-30 17:28:19.490,2,1.89,,1024000000
2026-05-30 17:28:19.484,2,1.69,,1024000000
2026-05-30 17:28:19.479,2,1.88,,1024000000
2026-05-30 17:28:19.477,2,1.68,,1024000000
2026-05-30 17:28:19.475,2,1.77,,1024000000
2026-05-30 17:28:19.467,3,2.69,,1024000000
2026-05-30 17:28:19.455,2,1.8,,1024000000
2026-05-30 17:28:19.452,2,1.81,,1024000000
2026-05-30 17:28:19.422,2,1.85,,1024000000
2026-05-30 17:28:19.396,2,1.96,,1024000000
2026-05-30 17:28:19.392,2,1.77,,1024000000
2026-05-30 17:28:19.392,2,1.72,,1024000000
2026-05-30 17:28:19.385,2,1.78,,1024000000
2026-05-30 17:28:19.376,2,1.66,,1024000000
2026-05-30 17:28:19.376,3,2.06,,1024000000
2026-05-30 17:28:19.370,6,5.96,,1024000000
2026-05-30 17:28:19.368,2,1.85,,1024000000
2026-05-30 17:28:19.367,2,1.7,,1024000000
2026-05-30 17:28:19.355,2,1.83,,1024000000
2026-05-30 17:28:19.328,2,1.51,,1024000000
2026-05-30 17:28:19.325,2,1.94,,1024000000
2026-05-30 17:28:19.324,3,2.09,,1024000000
2026-05-30 17:28:19.324,2,1.99,,1024000000
2026-05-30 17:28:19.322,3,2.37,,1024000000
2026-05-30 17:28:19.322,2,1.76,,1024000000
2026-05-30 17:28:19.319,3,2.12,,1024000000
2026-05-30 17:28:19.318,3,2.54,,1024000000
2026-05-30 17:28:19.304,3,2.04,,1024000000
2026-05-30 17:28:19.274,2,1.88,,1024000000
2026-05-30 17:28:19.273,2,1.9,,1024000000
2026-05-30 17:28:19.272,2,1.82,,1024000000
2026-05-30 17:28:19.248,3,2.04,,1024000000
2026-05-30 17:28:19.234,2,1.91,,1024000000
2026-05-30 17:28:19.234,2,1.7,,1024000000
2026-05-30 17:28:19.221,2,1.66,,1024000000
2026-05-30 17:28:19.212,2,1.95,,1024000000
2026-05-30 17:28:19.189,2,1.68,,1024000000
2026-05-30 17:28:19.182,2,1.83,,1024000000
2026-05-30 17:28:19.178,2,1.87,,1024000000
2026-05-30 17:28:19.160,2,1.9,,1024000000
2026-05-30 17:28:19.142,2,1.78,,1024000000
2026-05-30 17:28:19.129,3,2.25,,1024000000
2026-05-30 17:28:19.117,2,1.75,,1024000000
2026-05-30 17:28:19.097,25,24.61,,1024000000
2026-05-30 17:28:19.081,2,1.83,,1024000000
2026-05-30 17:28:19.062,2,1.72,,1024000000
2026-05-30 17:28:19.061,3,2.14,,1024000000
2026-05-30 17:28:19.059,2,1.73,,1024000000
2026-05-30 17:28:19.056,2,1.56,,1024000000
2026-05-30 17:28:19.046,2,1.78,,1024000000
2026-05-30 17:28:19.046,2,1.63,,1024000000
2026-05-30 17:28:19.023,2,1.74,,1024000000
2026-05-30 17:28:19.012,3,2.11,,1024000000
2026-05-30 17:28:19.003,2,1.79,,1024000000
2026-05-30 17:28:18.999,28,27.04,,1024000000
2026-05-30 17:28:18.999,8,7.34,,1024000000
2026-05-30 17:28:18.997,2,1.96,,1024000000
2026-05-30 17:28:18.979,2,1.75,,1024000000
2026-05-30 17:28:18.963,2,1.94,,1024000000
2026-05-30 17:28:18.961,2,1.89,,1024000000
2026-05-30 17:28:18.948,2,1.8,,1024000000
2026-05-30 17:28:18.933,2,1.9,,1024000000
2026-05-30 17:28:18.922,2,1.96,,1024000000
2026-05-30 17:28:18.906,3,2.07,,1024000000
2026-05-30 17:28:18.895,2,1.77,,1024000000
2026-05-30 17:28:18.885,3,2.04,,1024000000
2026-05-30 17:28:18.881,2,1.72,,1024000000
2026-05-30 17:28:18.877,2,1.79,,1024000000
2026-05-30 17:28:18.857,3,2.83,,1024000000
2026-05-30 17:28:18.820,3,2.04,,1024000000
2026-05-30 17:28:18.811,2,1.77,,1024000000
2026-05-30 17:28:18.797,3,2.12,,1024000000
2026-05-30 17:28:18.782,3,2.04,,1024000000
2026-05-30 17:28:18.782,2,1.75,,1024000000
2026-05-30 17:28:18.772,2,1.85,,1024000000
2026-05-30 17:28:18.767,2,1.87,,1024000000
2026-05-30 17:28:18.763,3,2.16,,1024000000
2026-05-30 17:28:18.727,2,1.89,,1024000000
2026-05-30 17:28:18.721,2,1.97,,1024000000
2026-05-30 17:28:18.715,2,1.82,,1024000000
2026-05-30 17:28:18.704,3,2.41,,1024000000
2026-05-30 17:28:18.698,2,1.98,,1024000000
2026-05-30 17:28:18.682,2,1.8,,1024000000
2026-05-30 17:28:18.664,3,2.05,,1024000000
2026-05-30 17:28:18.662,2,1.8,,1024000000
2026-05-30 17:28:18.655,2,1.81,,1024000000
2026-05-30 17:28:18.633,2,1.76,,1024000000
2026-05-30 17:28:18.603,2,1.92,,1024000000
2026-05-30 17:28:18.564,3,2.06,,1024000000
2026-05-30 17:28:18.535,2,1.81,,1024000000
2026-05-30 17:28:18.505,2,1.94,,1024000000
2026-05-30 17:28:18.504,2,1.8,,1024000000
2026-05-30 17:28:18.504,3,2.01,,1024000000
2026-05-30 17:28:18.503,2,1.79,,1024000000
2026-05-30 17:28:18.487,2,1.92,,1024000000
2026-05-30 17:28:18.485,2,1.75,,1024000000
2026-05-30 17:28:18.484,2,1.86,,1024000000
2026-05-30 17:28:18.481,3,2.04,,1024000000
2026-05-30 17:28:18.476,2,1.9,,1024000000
2026-05-30 17:28:18.450,2,1.85,,1024000000
2026-05-30 17:28:18.424,2,1.67,,1024000000
2026-05-30 17:28:18.417,3,2.08,,1024000000
2026-05-30 17:28:18.395,2,1.75,,1024000000
2026-05-30 17:28:18.377,2,1.97,,1024000000
2026-05-30 17:28:18.367,2,1.72,,1024000000
2026-05-30 17:28:18.310,2,1.79,,1024000000
2026-05-30 17:28:18.291,2,1.94,,1024000000
2026-05-30 17:28:18.278,2,1.81,,1024000000
2026-05-30 17:28:18.255,2,1.74,,1024000000
2026-05-30 17:28:18.239,2,1.56,,1024000000
2026-05-30 17:28:18.229,2,1.75,,1024000000
2026-05-30 17:28:18.227,2,1.62,,1024000000
2026-05-30 17:28:18.219,2,1.77,,1024000000
2026-05-30 17:28:18.169,2,1.78,,1024000000
2026-05-30 17:28:18.168,2,1.65,,1024000000
2026-05-30 17:28:18.163,3,2.1,,1024000000
2026-05-30 17:28:18.130,3,2.16,,1024000000
2026-05-30 17:28:18.126,2,1.9,,1024000000
2026-05-30 17:28:18.124,2,1.96,,1024000000
2026-05-30 17:28:18.121,2,1.78,,1024000000
2026-05-30 17:28:18.116,2,1.91,,1024000000
2026-05-30 17:28:18.107,2,1.72,,1024000000
2026-05-30 17:28:18.103,2,1.62,,1024000000
2026-05-30 17:28:18.094,3,2.19,,1024000000
2026-05-30 17:28:18.092,5,4.05,,1024000000
2026-05-30 17:28:18.087,3,2.07,,1024000000
2026-05-30 17:28:18.085,2,1.62,,1024000000
2026-05-30 17:28:18.074,3,2.07,,1024000000
2026-05-30 17:28:18.068,2,1.86,,1024000000
2026-05-30 17:28:18.054,3,2.17,,1024000000
2026-05-30 17:28:18.047,2,1.86,,1024000000
2026-05-30 17:28:18.022,2,1.78,,1024000000
2026-05-30 17:28:18.010,3,2.09,,1024000000
2026-05-30 17:28:18.007,2,1.77,,1024000000
2026-05-30 17:28:18.007,2,1.94,,1024000000
2026-05-30 17:28:17.983,2,1.96,,1024000000
2026-05-30 17:28:17.978,3,2.1,,1024000000
2026-05-30 17:28:17.973,2,1.85,,1024000000
2026-05-30 17:28:17.972,2,1.76,,1024000000
2026-05-30 17:28:17.965,2,1.71,,1024000000
2026-05-30 17:28:17.965,10,9.04,,1024000000
2026-05-30 17:28:17.958,11,10.55,,1024000000
2026-05-30 17:28:17.935,2,1.9,,1024000000
2026-05-30 17:28:17.928,3,2.14,,1024000000
2026-05-30 17:28:17.927,10,9.84,,1024000000
2026-05-30 17:28:17.920,2,1.73,,1024000000
2026-05-30 17:28:17.901,2,1.96,,1024000000
2026-05-30 17:28:17.897,13,12.36,,1024000000
2026-05-30 17:28:17.869,2,1.86,,1024000000
2026-05-30 17:28:17.864,2,1.87,,1024000000
2026-05-30 17:28:17.842,2,1.72,,1024000000
2026-05-30 17:28:17.797,2,1.78,,1024000000
2026-05-30 17:28:17.785,7,6.68,,1024000000
2026-05-30 17:28:17.781,2,1.98,,1024000000
2026-05-30 17:28:17.767,2,1.83,,1024000000
2026-05-30 17:28:17.763,2,1.97,,1024000000
2026-05-30 17:28:17.759,3,2.16,,1024000000
2026-05-30 17:28:17.758,2,1.94,,1024000000
2026-05-30 17:28:17.738,2,1.9,,1024000000
2026-05-30 17:28:17.737,3,2.31,,1024000000
2026-05-30 17:28:17.737,2,1.67,,1024000000
2026-05-30 17:28:17.724,2,1.88,,1024000000
2026-05-30 17:28:17.723,2,1.77,,1024000000
2026-05-30 17:28:17.709,3,2.08,,1024000000
2026-05-30 17:28:17.695,2,1.94,,1024000000
2026-05-30 17:28:17.689,2,1.99,,1024000000
2026-05-30 17:28:17.678,2,1.81,,1024000000
2026-05-30 17:28:17.639,2,1.9,,1024000000
2026-05-30 17:28:17.637,3,2.4,,1024000000
2026-05-30 17:28:17.624,2,1.96,,1024000000
2026-05-30 17:28:17.612,3,2.6,,1024000000
2026-05-30 17:28:17.590,2,1.95,,1024000000
2026-05-30 17:28:17.580,2,2,,1024000000
2026-05-30 17:28:17.574,2,1.93,,1024000000
2026-05-30 17:28:17.566,3,2.15,,1024000000
2026-05-30 17:28:17.552,3,2.6,,1024000000
2026-05-30 17:28:17.538,3,2.48,,1024000000
2026-05-30 17:28:17.535,2,1.77,,1024000000
2026-05-30 17:28:17.518,2,1.75,,1024000000
2026-05-30 17:28:17.515,3,2.08,,1024000000
2026-05-30 17:28:17.515,2,1.76,,1024000000
2026-05-30 17:28:17.514,3,2.17,,1024000000
2026-05-30 17:28:17.495,2,1.87,,1024000000
2026-05-30 17:28:17.495,2,1.86,,1024000000
2026-05-30 17:28:17.489,2,1.84,,1024000000
2026-05-30 17:28:17.488,2,1.89,,1024000000
2026-05-30 17:28:17.475,2,1.95,,1024000000
2026-05-30 17:28:17.472,2,1.92,,1024000000
2026-05-30 17:28:17.472,3,2.04,,1024000000
2026-05-30 17:28:17.465,3,2.29,,1024000000
2026-05-30 17:28:17.450,2,1.73,,1024000000
2026-05-30 17:28:17.448,9,8.34,,1024000000
2026-05-30 17:28:17.446,2,1.77,,1024000000
2026-05-30 17:28:17.438,2,1.84,,1024000000
2026-05-30 17:28:17.434,2,1.63,,1024000000
2026-05-30 17:28:17.429,2,1.9,,1024000000
2026-05-30 17:28:17.421,2,1.7,,1024000000
2026-05-30 17:28:17.409,3,2.3,,1024000000
2026-05-30 17:28:17.409,2,1.46,,1024000000
2026-05-30 17:28:17.401,2,1.71,,1024000000
2026-05-30 17:28:17.399,2,1.81,,1024000000
2026-05-30 17:28:17.395,3,2.04,,1024000000
2026-05-30 17:28:17.392,7,6.88,,1024000000
2026-05-30 17:28:17.355,2,1.9,,1024000000
2026-05-30 17:28:17.312,2,1.65,,1024000000
2026-05-30 17:28:17.304,2,1.88,,1024000000
2026-05-30 17:28:17.300,2,1.64,,1024000000
2026-05-30 17:28:17.266,2,1.98,,1024000000
2026-05-30 17:28:17.266,2,1.66,,1024000000
2026-05-30 17:28:17.251,2,1.79,,1024000000
2026-05-30 17:28:17.247,2,1.45,,1024000000
2026-05-30 17:28:17.244,2,1.81,,1024000000
2026-05-30 17:28:17.242,2,1.88,,1024000000
2026-05-30 17:28:17.235,2,1.6,,1024000000
2026-05-30 17:28:17.228,2,1.85,,1024000000
2026-05-30 17:28:17.205,2,1.66,,1024000000
2026-05-30 17:28:17.192,2,1.84,,1024000000
2026-05-30 17:28:17.187,2,1.84,,1024000000
2026-05-30 17:28:17.164,3,2.13,,1024000000
2026-05-30 17:28:17.157,2,1.63,,1024000000
2026-05-30 17:28:17.156,2,1.89,,1024000000
2026-05-30 17:28:17.148,2,1.88,,1024000000
2026-05-30 17:28:17.118,3,2.63,,1024000000
2026-05-30 17:28:17.084,2,1.63,,1024000000
2026-05-30 17:28:17.075,2,1.89,,1024000000
2026-05-30 17:28:17.075,2,1.71,,1024000000
2026-05-30 17:28:17.072,2,1.7,,1024000000
2026-05-30 17:28:17.062,2,1.98,,1024000000
2026-05-30 17:28:17.061,6,5.08,,1024000000
2026-05-30 17:28:17.005,2,1.61,,1024000000
2026-05-30 17:28:17.001,2,1.8,,1024000000
2026-05-30 17:28:16.985,2,1.68,,1024000000
2026-05-30 17:28:16.979,2,1.68,,1024000000
2026-05-30 17:28:16.977,2,1.91,,1024000000
2026-05-30 17:28:16.970,3,2.21,,1024000000
2026-05-30 17:28:16.934,3,2.03,,1024000000
2026-05-30 17:28:16.932,2,1.66,,1024000000
2026-05-30 17:28:16.931,18,17.82,,1024000000
2026-05-30 17:28:16.920,2,1.84,,1024000000
2026-05-30 17:28:16.918,3,2.23,,1024000000
2026-05-30 17:28:16.914,7,6.79,,1024000000
2026-05-30 17:28:16.914,2,1.95,,1024000000
2026-05-30 17:28:16.900,2,1.76,,1024000000
2026-05-30 17:28:16.898,2,1.76,,1024000000
2026-05-30 17:28:16.875,2,1.74,,1024000000
2026-05-30 17:28:16.868,2,1.98,,1024000000
2026-05-30 17:28:16.844,2,1.75,,1024000000
2026-05-30 17:28:16.835,2,1.89,,1024000000
2026-05-30 17:28:16.828,3,2.27,,1024000000
2026-05-30 17:28:16.801,2,1.73,,1024000000
2026-05-30 17:28:16.800,3,2.04,,1024000000
2026-05-30 17:28:16.773,2,1.81,,1024000000
2026-05-30 17:28:16.764,2,1.67,,1024000000
2026-05-30 17:28:16.749,8,7.95,,1024000000
2026-05-30 17:28:16.721,3,2.02,,1024000000
2026-05-30 17:28:16.710,2,1.77,,1024000000
2026-05-30 17:28:16.685,3,2.05,,1024000000
2026-05-30 17:28:16.651,2,1.91,,1024000000
2026-05-30 17:28:16.638,3,2.1,,1024000000
2026-05-30 17:28:16.632,2,1.92,,1024000000
2026-05-30 17:28:16.631,5,4.08,,1024000000
2026-05-30 17:28:16.603,2,1.75,,1024000000
2026-05-30 17:28:16.575,2,1.94,,1024000000
2026-05-30 17:28:16.552,2,1.82,,1024000000
2026-05-30 17:28:16.543,2,1.75,,1024000000
2026-05-30 17:28:16.508,2,1.83,,1024000000
2026-05-30 17:28:16.506,2,1.96,,1024000000
2026-05-30 17:28:16.484,2,1.87,,1024000000
2026-05-30 17:28:16.483,2,1.81,,1024000000
2026-05-30 17:28:16.476,2,1.94,,1024000000
2026-05-30 17:28:16.470,3,2.1,,1024000000
2026-05-30 17:28:16.462,3,2.68,,1024000000
2026-05-30 17:28:16.454,2,1.84,,1024000000
2026-05-30 17:28:16.443,2,1.7,,1024000000
2026-05-30 17:28:16.436,3,2.5,,1024000000
2026-05-30 17:28:16.435,2,1.74,,1024000000
2026-05-30 17:28:16.432,2,1.73,,1024000000
2026-05-30 17:28:16.423,2,1.79,,1024000000
2026-05-30 17:28:16.418,9,8.05,,1024000000
2026-05-30 17:28:16.381,2,1.66,,1024000000
2026-05-30 17:28:16.370,14,13.39,,1024000000
2026-05-30 17:28:16.348,3,2.05,,1024000000
2026-05-30 17:28:16.345,2,1.77,,1024000000
2026-05-30 17:28:16.313,3,2.96,,1024000000
2026-05-30 17:28:16.299,3,2.83,,1024000000
2026-05-30 17:28:16.298,2,1.9,,1024000000
2026-05-30 17:28:16.296,2,1.87,,1024000000
2026-05-30 17:28:16.291,9,8.31,,1024000000
2026-05-30 17:28:16.281,3,2.07,,1024000000
2026-05-30 17:28:16.270,2,1.99,,1024000000
2026-05-30 17:28:16.267,5,4.11,,1024000000
2026-05-30 17:28:16.261,2,1.74,,1024000000
2026-05-30 17:28:16.255,3,2.01,,1024000000
2026-05-30 17:28:16.243,2,1.81,,1024000000
2026-05-30 17:28:16.242,5,4.57,,1024000000
2026-05-30 17:28:16.239,2,1.71,,1024000000
2026-05-30 17:28:16.228,2,1.81,,1024000000
2026-05-30 17:28:16.227,3,2.11,,1024000000
2026-05-30 17:28:16.219,3,2.12,,1024000000
2026-05-30 17:28:16.203,3,2.3,,1024000000
2026-05-30 17:28:16.202,2,1.89,,1024000000
2026-05-30 17:28:16.191,3,2.09,,1024000000
2026-05-30 17:28:16.189,2,1.83,,1024000000
2026-05-30 17:28:16.184,3,2.15,,1024000000
2026-05-30 17:28:16.183,3,2.06,,1024000000
2026-05-30 17:28:16.183,3,2.07,,1024000000
2026-05-30 17:28:16.178,2,1.85,,1024000000
2026-05-30 17:28:16.178,3,2.28,,1024000000
2026-05-30 17:28:16.145,3,2.05,,1024000000
2026-05-30 17:28:16.121,2,1.87,,1024000000
2026-05-30 17:28:16.120,4,3.13,,1024000000
2026-05-30 17:28:16.117,3,2.12,,1024000000
2026-05-30 17:28:16.117,2,1.65,,1024000000
2026-05-30 17:28:16.113,2,1.73,,1024000000
2026-05-30 17:28:16.110,2,1.76,,1024000000
2026-05-30 17:28:16.110,15,14.05,,1024000000
2026-05-30 17:28:16.074,2,1.98,,1024000000
2026-05-30 17:28:16.074,2,1.96,,1024000000
2026-05-30 17:28:16.071,2,1.77,,1024000000
2026-05-30 17:28:16.064,2,1.86,,1024000000
2026-05-30 17:28:16.061,2,1.73,,1024000000
2026-05-30 17:28:16.055,2,1.7,,1024000000
2026-05-30 17:28:16.051,14,13.29,,1024000000
2026-05-30 17:28:16.043,2,1.66,,1024000000
2026-05-30 17:28:16.036,2,1.9,,1024000000
2026-05-30 17:28:15.999,2,1.91,,1024000000
2026-05-30 17:28:15.998,3,2.09,,1024000000
2026-05-30 17:28:15.995,10,9.46,,1024000000
2026-05-30 17:28:15.975,2,1.89,,1024000000
2026-05-30 17:28:15.966,2,2,,1024000000
2026-05-30 17:28:15.961,3,2.01,,1024000000
2026-05-30 17:28:15.954,3,2.31,,1024000000
2026-05-30 17:28:15.939,2,1.84,,1024000000
2026-05-30 17:28:15.937,3,2.02,,1024000000
2026-05-30 17:28:15.937,2,1.87,,1024000000
2026-05-30 17:28:15.916,2,1.72,,1024000000
2026-05-30 17:28:15.915,2,1.85,,1024000000
2026-05-30 17:28:15.910,2,1.73,,1024000000
2026-05-30 17:28:15.903,2,1.84,,1024000000
2026-05-30 17:28:15.890,3,2.19,,1024000000
2026-05-30 17:28:15.872,2,1.93,,1024000000
2026-05-30 17:28:15.870,2,1.75,,1024000000
2026-05-30 17:28:15.798,2,1.76,,1024000000
2026-05-30 17:28:15.794,3,2.03,,1024000000
2026-05-30 17:28:15.776,3,2.12,,1024000000
2026-05-30 17:28:15.774,3,2.39,,1024000000
2026-05-30 17:28:15.767,3,2.06,,1024000000
2026-05-30 17:28:15.758,3,2.02,,1024000000
2026-05-30 17:28:15.742,2,1.76,,1024000000
2026-05-30 17:28:15.733,2,1.89,,1024000000
2026-05-30 17:28:15.706,2,1.98,,1024000000
2026-05-30 17:28:15.684,3,2.05,,1024000000
2026-05-30 17:28:15.654,4,3.08,,1024000000
2026-05-30 17:28:15.644,2,1.78,,1024000000
2026-05-30 17:28:15.642,2,1.79,,1024000000
2026-05-30 17:28:15.632,2,1.93,,1024000000
2026-05-30 17:28:15.613,3,2.02,,1024000000
2026-05-30 17:28:15.612,2,1.88,,1024000000
2026-05-30 17:28:15.603,2,1.81,,1024000000
2026-05-30 17:28:15.599,3,2.14,,1024000000
2026-05-30 17:28:15.597,2,1.77,,1024000000
2026-05-30 17:28:15.596,2,1.83,,1024000000
2026-05-30 17:28:15.588,2,1.97,,1024000000
2026-05-30 17:28:15.571,2,1.9,,1024000000
2026-05-30 17:28:15.567,2,1.7,,1024000000
2026-05-30 17:28:15.550,2,1.71,,1024000000
2026-05-30 17:28:15.550,2,1.72,,1024000000
2026-05-30 17:28:15.545,3,2.16,,1024000000
2026-05-30 17:28:15.544,9,8.12,,1024000000
2026-05-30 17:28:15.529,2,1.75,,1024000000
2026-05-30 17:28:15.500,2,1.95,,1024000000
2026-05-30 17:28:15.495,2,1.76,,1024000000
2026-05-30 17:28:15.485,2,1.81,,1024000000
2026-05-30 17:28:15.477,2,1.91,,1024000000
2026-05-30 17:28:15.472,3,2.39,,1024000000
2026-05-30 17:28:15.470,6,5.06,,1024000000
2026-05-30 17:28:15.469,2,1.97,,1024000000
2026-05-30 17:28:15.464,2,1.96,,1024000000
2026-05-30 17:28:15.413,9,8.93,,1024000000
2026-05-30 17:28:15.362,3,2.12,,1024000000
2026-05-30 17:28:15.349,3,2.09,,1024000000
2026-05-30 17:28:15.345,2,1.83,,1024000000
2026-05-30 17:28:15.343,2,1.86,,1024000000
2026-05-30 17:28:15.341,2,1.95,,1024000000
2026-05-30 17:28:15.326,3,2.02,,1024000000
2026-05-30 17:28:15.313,3,2.07,,1024000000
2026-05-30 17:28:15.309,2,1.92,,1024000000
2026-05-30 17:28:15.306,2,1.94,,1024000000
2026-05-30 17:28:15.284,3,2.02,,1024000000
2026-05-30 17:28:15.278,3,2.76,,1024000000
2026-05-30 17:28:15.265,2,1.81,,1024000000
2026-05-30 17:28:15.255,2,1.84,,1024000000
2026-05-30 17:28:15.252,3,2.14,,1024000000
2026-05-30 17:28:15.250,2,1.8,,1024000000
2026-05-30 17:28:15.222,2,1.78,,1024000000
2026-05-30 17:28:15.216,3,2.11,,1024000000
2026-05-30 17:28:15.202,2,1.67,,1024000000
2026-05-30 17:28:15.191,2,1.61,,1024000000
2026-05-30 17:28:15.191,2,1.85,,1024000000
2026-05-30 17:28:15.182,2,1.77,,1024000000
2026-05-30 17:28:15.151,2,1.72,,1024000000
2026-05-30 17:28:15.111,8,7.51,,1024000000
2026-05-30 17:28:15.109,2,1.96,,1024000000
2026-05-30 17:28:15.081,6,5.52,,1024000000
2026-05-30 17:28:15.076,2,1.78,,1024000000
2026-05-30 17:28:15.072,3,2.45,,1024000000
2026-05-30 17:28:15.063,2,1.86,,1024000000
2026-05-30 17:28:15.061,3,2.1,,1024000000
2026-05-30 17:28:15.054,4,3.12,,1024000000
2026-05-30 17:28:15.049,8,7.43,,1024000000
2026-05-30 17:28:15.020,3,2.03,,1024000000
2026-05-30 17:28:15.019,2,1.63,,1024000000
2026-05-30 17:28:15.006,3,2.19,,1024000000
2026-05-30 17:28:15.000,2,1.74,,1024000000
2026-05-30 17:28:14.966,2,1.79,,1024000000
2026-05-30 17:28:14.965,3,2.14,,1024000000
2026-05-30 17:28:14.919,6,5.05,,1024000000
2026-05-30 17:28:14.906,2,1.81,,1024000000
2026-05-30 17:28:14.904,2,1.93,,1024000000
2026-05-30 17:28:14.886,3,2.05,,1024000000
2026-05-30 17:28:14.884,3,2.1,,1024000000
2026-05-30 17:28:14.877,2,1.74,,1024000000
2026-05-30 17:28:14.865,2,1.7,,1024000000
2026-05-30 17:28:14.854,3,2.06,,1024000000
2026-05-30 17:28:14.832,2,1.9,,1024000000
2026-05-30 17:28:14.780,3,2.02,,1024000000
2026-05-30 17:28:14.753,2,1.76,,1024000000
2026-05-30 17:28:14.713,2,1.86,,1024000000
2026-05-30 17:28:14.709,2,1.76,,1024000000
2026-05-30 17:28:14.702,2,1.77,,1024000000
2026-05-30 17:28:14.688,2,1.7,,1024000000
2026-05-30 17:28:14.680,9,8.81,,1024000000
2026-05-30 17:28:14.669,3,2.43,,1024000000
2026-05-30 17:28:14.666,2,1.91,,1024000000
2026-05-30 17:28:14.654,2,1.87,,1024000000
2026-05-30 17:28:14.652,2,1.67,,1024000000
2026-05-30 17:28:14.643,3,2.03,,1024000000
2026-05-30 17:28:14.638,6,5.72,,1024000000
2026-05-30 17:28:14.633,2,1.8,,1024000000
2026-05-30 17:28:14.625,2,1.72,,1024000000
2026-05-30 17:28:14.619,5,4.15,,1024000000
2026-05-30 17:28:14.618,2,1.59,,1024000000
2026-05-30 17:28:14.614,3,2.53,,1024000000
2026-05-30 17:28:14.600,2,1.89,,1024000000
2026-05-30 17:28:14.585,2,1.88,,1024000000
2026-05-30 17:28:14.573,2,1.98,,1024000000
2026-05-30 17:28:14.547,3,2.26,,1024000000
2026-05-30 17:28:14.545,3,2.17,,1024000000
2026-05-30 17:28:14.542,8,7.44,,1024000000
2026-05-30 17:28:14.504,3,2.14,,1024000000
2026-05-30 17:28:14.495,3,2.46,,1024000000
2026-05-30 17:28:14.493,3,2.08,,1024000000
2026-05-30 17:28:14.483,2,1.75,,1024000000
2026-05-30 17:28:14.479,4,3.31,,1024000000
2026-05-30 17:28:14.477,2,1.86,,1024000000
2026-05-30 17:28:14.466,2,1.87,,1024000000
2026-05-30 17:28:14.464,2,1.79,,1024000000
2026-05-30 17:28:14.448,4,3.27,,1024000000
2026-05-30 17:28:14.447,3,2.23,,1024000000
2026-05-30 17:28:14.446,2,1.83,,1024000000
2026-05-30 17:28:14.444,2,1.84,,1024000000
2026-05-30 17:28:14.432,2,1.8,,1024000000
2026-05-30 17:28:14.416,2,1.82,,1024000000
2026-05-30 17:28:14.407,2,1.85,,1024000000
2026-05-30 17:28:14.378,3,2.02,,1024000000
2026-05-30 17:28:14.372,4,3.4,,1024000000
2026-05-30 17:28:14.371,3,2.03,,1024000000
2026-05-30 17:28:14.368,3,2.64,,1024000000
2026-05-30 17:28:14.360,2,1.86,,1024000000
2026-05-30 17:28:14.345,3,2.02,,1024000000
2026-05-30 17:28:14.344,3,2.12,,1024000000
2026-05-30 17:28:14.334,3,2.03,,1024000000
2026-05-30 17:28:14.325,12,11.07,,1024000000
2026-05-30 17:28:14.325,2,1.8,,1024000000
2026-05-30 17:28:14.319,2,1.69,,1024000000
2026-05-30 17:28:14.311,2,1.78,,1024000000
2026-05-30 17:28:14.302,2,1.85,,1024000000
2026-05-30 17:28:14.299,3,2.6,,1024000000
2026-05-30 17:28:14.292,2,1.87,,1024000000
2026-05-30 17:28:14.291,3,2.08,,1024000000
2026-05-30 17:28:14.290,3,2.12,,1024000000
2026-05-30 17:28:14.289,3,2.04,,1024000000
2026-05-30 17:28:14.252,2,1.84,,1024000000
2026-05-30 17:28:14.246,3,2.13,,1024000000
2026-05-30 17:28:14.235,4,3.49,,1024000000
2026-05-30 17:28:14.234,3,2.49,,1024000000
2026-05-30 17:28:14.219,3,2.7,,1024000000
2026-05-30 17:28:14.204,2,1.89,,1024000000
2026-05-30 17:28:14.191,2,1.97,,1024000000
2026-05-30 17:28:14.173,11,10.67,,1024000000
2026-05-30 17:28:14.158,2,2,,1024000000
2026-05-30 17:28:14.153,2,1.86,,1024000000
2026-05-30 17:28:14.123,2,1.94,,1024000000
2026-05-30 17:28:14.120,3,2.17,,1024000000
2026-05-30 17:28:14.113,2,1.78,,1024000000
2026-05-30 17:28:14.088,2,1.75,,1024000000
2026-05-30 17:28:14.076,6,5.46,,1024000000
2026-05-30 17:28:14.072,2,1.71,,1024000000
2026-05-30 17:28:14.070,6,5.59,,1024000000
2026-05-30 17:28:14.066,2,1.92,,1024000000
2026-05-30 17:28:14.045,2,1.77,,1024000000
2026-05-30 17:28:14.036,2,1.89,,1024000000
2026-05-30 17:28:14.030,2,1.97,,1024000000
2026-05-30 17:28:14.025,3,2.22,,1024000000
2026-05-30 17:28:14.013,2,1.75,,1024000000
2026-05-30 17:28:14.012,3,2.16,,1024000000
2026-05-30 17:28:14.005,2,1.93,,1024000000
2026-05-30 17:28:13.972,3,2.43,,1024000000
2026-05-30 17:28:13.965,3,2.62,,1024000000
2026-05-30 17:28:13.953,2,1.93,,1024000000
2026-05-30 17:28:13.940,3,2.08,,1024000000
2026-05-30 17:28:13.917,3,2.06,,1024000000
2026-05-30 17:28:13.904,2,1.89,,1024000000
2026-05-30 17:28:13.887,4,3.13,,1024000000
2026-05-30 17:28:13.882,10,9.52,,1024000000
2026-05-30 17:28:13.871,3,2.46,,1024000000
2026-05-30 17:28:13.867,2,1.95,,1024000000
2026-05-30 17:28:13.862,4,3.03,,1024000000
2026-05-30 17:28:13.842,4,3.32,,1024000000
2026-05-30 17:28:13.829,2,1.77,,1024000000
2026-05-30 17:28:13.824,2,1.86,,1024000000
2026-05-30 17:28:13.816,2,1.73,,1024000000
2026-05-30 17:28:13.813,3,2.16,,1024000000
2026-05-30 17:28:13.787,3,2.16,,1024000000
2026-05-30 17:28:13.770,3,2.15,,1024000000
2026-05-30 17:28:13.764,2,1.9,,1024000000
2026-05-30 17:28:13.756,2,1.8,,1024000000
2026-05-30 17:28:13.749,2,1.77,,1024000000
2026-05-30 17:28:13.746,2,2,,1024000000
2026-05-30 17:28:13.717,2,1.93,,1024000000
2026-05-30 17:28:13.711,2,1.84,,1024000000
2026-05-30 17:28:13.705,3,2.06,,1024000000
2026-05-30 17:28:13.705,3,2.22,,1024000000
2026-05-30 17:28:13.704,2,1.78,,1024000000
2026-05-30 17:28:13.685,3,2.34,,1024000000
2026-05-30 17:28:13.682,3,2.12,,1024000000
2026-05-30 17:28:13.678,7,6.62,,1024000000
2026-05-30 17:28:13.658,2,1.85,,1024000000
2026-05-30 17:28:13.653,3,2.13,,1024000000
2026-05-30 17:28:13.646,2,1.82,,1024000000
2026-05-30 17:28:13.645,15,14.35,,1024000000
2026-05-30 17:28:13.597,2,1.79,,1024000000
2026-05-30 17:28:13.584,13,12.35,,1024000000
2026-05-30 17:28:13.565,2,1.72,,1024000000
2026-05-30 17:28:13.554,8,7.04,,1024000000
2026-05-30 17:28:13.505,3,2.14,,1024000000
2026-05-30 17:28:13.491,11,10.54,,1024000000
2026-05-30 17:28:13.486,6,5.19,,1024000000
2026-05-30 17:28:13.479,2,1.66,,1024000000
2026-05-30 17:28:13.479,2,1.77,,1024000000
2026-05-30 17:28:13.448,3,2.14,,1024000000
2026-05-30 17:28:13.427,2,1.8,,1024000000
2026-05-30 17:28:13.387,2,1.8,,1024000000
2026-05-30 17:28:13.365,9,8.81,,1024000000
2026-05-30 17:28:13.354,2,1.91,,1024000000
2026-05-30 17:28:13.336,2,1.68,,1024000000
2026-05-30 17:28:13.328,2,1.81,,1024000000
2026-05-30 17:28:13.324,2,1.82,,1024000000
2026-05-30 17:28:13.307,2,1.87,,1024000000
2026-05-30 17:28:13.302,2,1.88,,1024000000
2026-05-30 17:28:13.293,10,9.41,,1024000000
2026-05-30 17:28:13.266,3,2.37,,1024000000
2026-05-30 17:28:13.213,2,1.78,,1024000000
2026-05-30 17:28:13.211,15,14.49,,1024000000
2026-05-30 17:28:13.200,2,1.68,,1024000000
2026-05-30 17:28:13.197,3,2.42,,1024000000
2026-05-30 17:28:13.192,2,1.79,,1024000000
2026-05-30 17:28:13.164,8,7.83,,1024000000
2026-05-30 17:28:13.153,2,1.78,,1024000000
2026-05-30 17:28:13.149,3,2.57,,1024000000
2026-05-30 17:28:13.146,3,2.05,,1024000000
2026-05-30 17:28:13.129,2,1.79,,1024000000
2026-05-30 17:28:13.123,3,2.34,,1024000000
2026-05-30 17:28:13.110,2,1.76,,1024000000
2026-05-30 17:28:13.081,2,1.83,,1024000000
2026-05-30 17:28:13.075,2,1.95,,1024000000
2026-05-30 17:28:13.064,2,1.71,,1024000000
2026-05-30 17:28:13.037,2,1.72,,1024000000
2026-05-30 17:28:13.032,7,6.04,,1024000000
2026-05-30 17:28:13.008,6,5.45,,1024000000
2026-05-30 17:28:13.006,6,5.31,,1024000000
2026-05-30 17:28:13.001,3,2.14,,1024000000
2026-05-30 17:28:12.964,2,1.74,,1024000000
2026-05-30 17:28:12.956,2,1.89,,1024000000
2026-05-30 17:28:12.955,3,2.45,,1024000000
2026-05-30 17:28:12.953,5,4.76,,1024000000
2026-05-30 17:28:12.942,2,1.8,,1024000000
2026-05-30 17:28:12.939,3,2.1,,1024000000
2026-05-30 17:28:12.939,2,1.84,,1024000000
2026-05-30 17:28:12.932,3,2.2,,1024000000
2026-05-30 17:28:12.927,2,1.67,,1024000000
2026-05-30 17:28:12.924,2,1.84,,1024000000
2026-05-30 17:28:12.915,3,2.14,,1024000000
2026-05-30 17:28:12.909,2,1.82,,1024000000
2026-05-30 17:28:12.902,2,1.83,,1024000000
2026-05-30 17:28:12.900,3,2.55,,1024000000
2026-05-30 17:28:12.881,3,2.32,,1024000000
2026-05-30 17:28:12.854,13,12.37,,1024000000
2026-05-30 17:28:12.826,4,3.18,,1024000000
2026-05-30 17:28:12.815,2,1.82,,1024000000
2026-05-30 17:28:12.813,5,4.57,,1024000000
2026-05-30 17:28:12.811,2,1.75,,1024000000
2026-05-30 17:28:12.811,6,5.58,,1024000000
2026-05-30 17:28:12.806,3,2.01,,1024000000
2026-05-30 17:28:12.791,9,8.71,,1024000000
2026-05-30 17:28:12.790,2,1.84,,1024000000
2026-05-30 17:28:12.785,3,2.17,,1024000000
2026-05-30 17:28:12.784,2,1.94,,1024000000
2026-05-30 17:28:12.779,6,5.58,,1024000000
2026-05-30 17:28:12.756,3,2,,1024000000
2026-05-30 17:28:12.755,2,1.84,,1024000000
2026-05-30 17:28:12.740,8,7.25,,1024000000
2026-05-30 17:28:12.737,3,2.21,,1024000000
2026-05-30 17:28:12.725,2,1.82,,1024000000
2026-05-30 17:28:12.720,3,2.21,,1024000000
2026-05-30 17:28:12.703,2,1.81,,1024000000
2026-05-30 17:28:12.682,2,1.84,,1024000000
2026-05-30 17:28:12.681,6,5.37,,1024000000
2026-05-30 17:28:12.665,2,1.86,,1024000000
2026-05-30 17:28:12.659,3,3,,1024000000
2026-05-30 17:28:12.659,2,1.85,,1024000000
2026-05-30 17:28:12.647,2,1.81,,1024000000
2026-05-30 17:28:12.622,3,2.48,,1024000000
2026-05-30 17:28:12.602,2,1.88,,1024000000
2026-05-30 17:28:12.593,3,2.36,,1024000000
2026-05-30 17:28:12.592,2,1.83,,1024000000
2026-05-30 17:28:12.584,2,1.62,,1024000000
2026-05-30 17:28:12.580,3,2.75,,1024000000
2026-05-30 17:28:12.573,2,1.9,,1024000000
2026-05-30 17:28:12.562,2,1.93,,1024000000
2026-05-30 17:28:12.534,3,2.15,,1024000000
2026-05-30 17:28:12.531,16,15.74,,1024000000
2026-05-30 17:28:12.531,3,2.84,,1024000000
2026-05-30 17:28:12.529,3,2.48,,1024000000
2026-05-30 17:28:12.527,2,1.82,,1024000000
2026-05-30 17:28:12.519,2,1.76,,1024000000
2026-05-30 17:28:12.519,2,1.94,,1024000000
2026-05-30 17:28:12.500,2,1.86,,1024000000
2026-05-30 17:28:12.496,7,6.03,,1024000000
2026-05-30 17:28:12.493,3,2.72,,1024000000
2026-05-30 17:28:12.477,9,8.31,,1024000000
2026-05-30 17:28:12.466,2,1.95,,1024000000
2026-05-30 17:28:12.464,3,2.16,,1024000000
2026-05-30 17:28:12.461,2,1.84,,1024000000
2026-05-30 17:28:12.461,2,1.83,,1024000000
2026-05-30 17:28:12.454,3,2.01,,1024000000
2026-05-30 17:28:12.447,2,1.91,,1024000000
2026-05-30 17:28:12.442,2,1.91,,1024000000
2026-05-30 17:28:12.432,3,2.17,,1024000000
2026-05-30 17:28:12.422,2,1.88,,1024000000
2026-05-30 17:28:12.415,7,6.69,,1024000000
2026-05-30 17:28:12.405,12,11.78,,1024000000
2026-05-30 17:28:12.405,2,1.76,,1024000000
2026-05-30 17:28:12.401,3,2.2,,1024000000
2026-05-30 17:28:12.399,2,1.64,,1024000000
2026-05-30 17:28:12.390,3,2.25,,1024000000
2026-05-30 17:28:12.379,6,5.62,,1024000000
2026-05-30 17:28:12.377,2,1.72,,1024000000
2026-05-30 17:28:12.375,2,1.88,,1024000000
2026-05-30 17:28:12.351,2,1.77,,1024000000
2026-05-30 17:28:12.350,3,2.03,,1024000000
2026-05-30 17:28:12.349,2,1.93,,1024000000
2026-05-30 17:28:12.320,5,4.92,,1024000000
2026-05-30 17:28:12.303,2,1.97,,1024000000
2026-05-30 17:28:12.269,2,1.81,,1024000000
2026-05-30 17:28:12.235,4,3.03,,1024000000
2026-05-30 17:28:12.229,2,2,,1024000000
2026-05-30 17:28:12.226,2,1.82,,1024000000
2026-05-30 17:28:12.223,3,2.82,,1024000000
2026-05-30 17:28:12.217,2,1.91,,1024000000
2026-05-30 17:28:12.193,3,2.43,,1024000000
2026-05-30 17:28:12.179,2,1.81,,1024000000
2026-05-30 17:28:12.153,2,1.82,,1024000000
2026-05-30 17:28:12.113,4,3.19,,1024000000
2026-05-30 17:28:12.107,2,1.95,,1024000000
2026-05-30 17:28:12.078,2,1.73,,1024000000
2026-05-30 17:28:12.077,2,1.91,,1024000000
2026-05-30 17:28:12.073,7,6.67,,1024000000
2026-05-30 17:28:12.032,2,1.88,,1024000000
2026-05-30 17:28:12.020,6,5.28,,1024000000
2026-05-30 17:28:12.008,9,8.1,,1024000000
2026-05-30 17:28:11.995,3,2.09,,1024000000
2026-05-30 17:28:11.990,3,2.01,,1024000000
2026-05-30 17:28:11.940,2,1.72,,1024000000
2026-05-30 17:28:11.933,3,2.04,,1024000000
2026-05-30 17:28:11.930,3,2.16,,1024000000
2026-05-30 17:28:11.923,3,2.44,,1024000000
2026-05-30 17:28:11.906,3,2.21,,1024000000
2026-05-30 17:28:11.900,2,1.94,,1024000000
2026-05-30 17:28:11.899,5,4.95,,1024000000
2026-05-30 17:28:11.895,2,1.8,,1024000000
2026-05-30 17:28:11.842,2,1.8,,1024000000
2026-05-30 17:28:11.836,2,1.82,,1024000000
2026-05-30 17:28:11.814,2,1.94,,1024000000
2026-05-30 17:28:11.814,2,1.96,,1024000000
2026-05-30 17:28:11.813,7,6.47,,1024000000
2026-05-30 17:28:11.807,2,1.8,,1024000000
2026-05-30 17:28:11.786,7,6.05,,1024000000
2026-05-30 17:28:11.781,3,2.11,,1024000000
2026-05-30 17:28:11.770,2,1.98,,1024000000
2026-05-30 17:28:11.757,3,2.01,,1024000000
2026-05-30 17:28:11.756,2,1.87,,1024000000
2026-05-30 17:28:11.743,8,7.57,,1024000000
2026-05-30 17:28:11.741,3,2.27,,1024000000
2026-05-30 17:28:11.698,2,1.99,,1024000000
2026-05-30 17:28:11.693,2,1.93,,1024000000
2026-05-30 17:28:11.675,8,7.07,,1024000000
2026-05-30 17:28:11.655,2,1.76,,1024000000
2026-05-30 17:28:11.647,20,19.34,,1024000000
2026-05-30 17:28:11.645,3,2.04,,1024000000
2026-05-30 17:28:11.613,3,2.09,,1024000000
2026-05-30 17:28:11.566,2,1.79,,1024000000
2026-05-30 17:28:11.558,3,2.16,,1024000000
2026-05-30 17:28:11.553,2,1.74,,1024000000
2026-05-30 17:28:11.536,2,1.89,,1024000000
2026-05-30 17:28:11.519,2,1.69,,1024000000
2026-05-30 17:28:11.516,3,2.11,,1024000000
2026-05-30 17:28:11.509,3,2.19,,1024000000
2026-05-30 17:28:11.485,41,40.97,,1024000000
2026-05-30 17:28:11.482,2,1.7,,1024000000
2026-05-30 17:28:11.439,3,2.01,,1024000000
2026-05-30 17:28:11.437,19,18.48,,1024000000
2026-05-30 17:28:11.424,2,1.78,,1024000000
2026-05-30 17:28:11.414,2,1.9,,1024000000
2026-05-30 17:28:11.410,3,2.56,,1024000000
2026-05-30 17:28:11.403,2,1.59,,1024000000
2026-05-30 17:28:11.394,2,1.79,,1024000000
2026-05-30 17:28:11.393,2,1.99,,1024000000
2026-05-30 17:28:11.389,2,1.93,,1024000000
2026-05-30 17:28:11.366,2,1.9,,1024000000
2026-05-30 17:28:11.363,2,1.8,,1024000000
2026-05-30 17:28:11.361,2,1.79,,1024000000
2026-05-30 17:28:11.358,7,6,,1024000000
2026-05-30 17:28:11.353,3,2.07,,1024000000
2026-05-30 17:28:11.335,2,1.77,,1024000000
2026-05-30 17:28:11.327,2,1.99,,1024000000
2026-05-30 17:28:11.325,2,1.74,,1024000000
2026-05-30 17:28:11.307,2,1.79,,1024000000
2026-05-30 17:28:11.303,2,1.72,,1024000000
2026-05-30 17:28:11.300,2,1.82,,1024000000
2026-05-30 17:28:11.289,2,1.87,,1024000000
2026-05-30 17:28:11.289,3,2.16,,1024000000
2026-05-30 17:28:11.285,2,1.82,,1024000000
2026-05-30 17:28:11.275,3,2,,1024000000
2026-05-30 17:28:11.272,2,1.88,,1024000000
2026-05-30 17:28:11.265,2,1.74,,1024000000
2026-05-30 17:28:11.256,3,2.15,,1024000000
2026-05-30 17:28:11.255,2,1.76,,1024000000
2026-05-30 17:28:11.251,3,2.09,,1024000000
2026-05-30 17:28:11.229,2,1.97,,1024000000
2026-05-30 17:28:11.223,2,1.72,,1024000000
2026-05-30 17:28:11.201,3,2.9,,1024000000
2026-05-30 17:28:11.167,2,1.66,,1024000000
2026-05-30 17:28:11.164,2,1.81,,1024000000
2026-05-30 17:28:11.161,3,2.37,,1024000000
2026-05-30 17:28:11.137,4,3.23,,1024000000
2026-05-30 17:28:11.134,4,3.88,,1024000000
2026-05-30 17:28:11.130,2,1.93,,1024000000
2026-05-30 17:28:11.128,3,2.01,,1024000000
2026-05-30 17:28:11.127,2,1.8,,1024000000
2026-05-30 17:28:11.091,27,26.19,,1024000000
2026-05-30 17:28:11.090,2,2,,1024000000
2026-05-30 17:28:11.072,2,1.75,,1024000000
2026-05-30 17:28:11.062,2,1.84,,1024000000
2026-05-30 17:28:11.056,2,1.64,,1024000000
2026-05-30 17:28:11.041,2,1.89,,1024000000
2026-05-30 17:28:11.036,2,1.78,,1024000000
2026-05-30 17:28:11.026,2,1.66,,1024000000
2026-05-30 17:28:11.024,2,1.72,,1024000000
2026-05-30 17:28:11.012,2,1.73,,1024000000
2026-05-30 17:28:11.006,2,1.8,,1024000000
2026-05-30 17:28:10.981,3,2.16,,1024000000
2026-05-30 17:28:10.967,2,1.67,,1024000000
2026-05-30 17:28:10.966,2,1.7,,1024000000
2026-05-30 17:28:10.953,2,1.87,,1024000000
2026-05-30 17:28:10.941,5,4.09,,1024000000
2026-05-30 17:28:10.938,2,1.72,,1024000000
2026-05-30 17:28:10.933,3,2.17,,1024000000
2026-05-30 17:28:10.916,2,1.65,,1024000000
2026-05-30 17:28:10.915,3,2.03,,1024000000
2026-05-30 17:28:10.913,3,2.27,,1024000000
2026-05-30 17:28:10.894,3,2.04,,1024000000
2026-05-30 17:28:10.891,2,1.89,,1024000000
2026-05-30 17:28:10.839,2,1.97,,1024000000
2026-05-30 17:28:10.838,2,1.94,,1024000000
2026-05-30 17:28:10.812,3,2.08,,1024000000
2026-05-30 17:28:10.791,3,2.16,,1024000000
2026-05-30 17:28:10.761,2,1.99,,1024000000
2026-05-30 17:28:10.750,11,10.59,,1024000000
2026-05-30 17:28:10.746,2,1.98,,1024000000
2026-05-30 17:28:10.717,2,1.73,,1024000000
2026-05-30 17:28:10.714,2,1.89,,1024000000
2026-05-30 17:28:10.712,2,1.99,,1024000000
2026-05-30 17:28:10.689,3,2.03,,1024000000
2026-05-30 17:28:10.680,2,1.88,,1024000000
2026-05-30 17:28:10.679,2,1.94,,1024000000
2026-05-30 17:28:10.670,3,2.18,,1024000000
2026-05-30 17:28:10.647,2,1.81,,1024000000
2026-05-30 17:28:10.642,3,2.16,,1024000000
2026-05-30 17:28:10.628,2,1.87,,1024000000
2026-05-30 17:28:10.627,2,1.95,,1024000000
2026-05-30 17:28:10.618,3,2.02,,1024000000
2026-05-30 17:28:10.615,8,7.39,,1024000000
2026-05-30 17:28:10.613,3,2.1,,1024000000
2026-05-30 17:28:10.604,3,2.21,,1024000000
2026-05-30 17:28:10.593,2,1.62,,1024000000
2026-05-30 17:28:10.590,3,2.14,,1024000000
2026-05-30 17:28:10.590,3,2.34,,1024000000
2026-05-30 17:28:10.589,13,12.93,,1024000000
2026-05-30 17:28:10.588,3,2.19,,1024000000
2026-05-30 17:28:10.583,2,1.74,,1024000000
2026-05-30 17:28:10.577,7,6.88,,1024000000
2026-05-30 17:28:10.561,6,5.55,,1024000000
2026-05-30 17:28:10.553,3,2.01,,1024000000
2026-05-30 17:28:10.545,3,2.05,,1024000000
2026-05-30 17:28:10.527,3,2.04,,1024000000
2026-05-30 17:28:10.518,3,2.99,,1024000000
2026-05-30 17:28:10.517,2,1.92,,1024000000
2026-05-30 17:28:10.438,2,1.97,,1024000000
2026-05-30 17:28:10.430,2,1.79,,1024000000
2026-05-30 17:28:10.417,3,2.05,,1024000000
2026-05-30 17:28:10.414,2,1.65,,1024000000
2026-05-30 17:28:10.381,2,1.76,,1024000000
2026-05-30 17:28:10.367,3,2.05,,1024000000
2026-05-30 17:28:10.363,2,1.81,,1024000000
2026-05-30 17:28:10.359,3,2.06,,1024000000
2026-05-30 17:28:10.352,2,1.93,,1024000000
2026-05-30 17:28:10.350,3,2.15,,1024000000
2026-05-30 17:28:10.346,2,1.77,,1024000000
2026-05-30 17:28:10.341,2,1.99,,1024000000
2026-05-30 17:28:10.313,3,2.27,,1024000000
2026-05-30 17:28:10.312,3,2.07,,1024000000
2026-05-30 17:28:10.298,3,2.25,,1024000000
2026-05-30 17:28:10.284,7,6.59,,1024000000
2026-05-30 17:28:10.284,3,2.32,,1024000000
2026-05-30 17:28:10.265,2,1.76,,1024000000
2026-05-30 17:28:10.250,2,1.8,,1024000000
2026-05-30 17:28:10.221,2,1.79,,1024000000
2026-05-30 17:28:10.179,2,1.85,,1024000000
2026-05-30 17:28:10.162,7,6.75,,1024000000
2026-05-30 17:28:10.155,7,6.97,,1024000000
2026-05-30 17:28:10.149,3,2.06,,1024000000
2026-05-30 17:28:10.144,2,1.99,,1024000000
2026-05-30 17:28:10.126,2,2,,1024000000
2026-05-30 17:28:10.122,2,1.79,,1024000000
2026-05-30 17:28:10.119,3,2.36,,1024000000
2026-05-30 17:28:10.087,3,2.46,,1024000000
2026-05-30 17:28:10.075,2,1.9,,1024000000
2026-05-30 17:28:10.067,3,2.02,,1024000000
2026-05-30 17:28:10.050,3,2.05,,1024000000
2026-05-30 17:28:10.047,2,1.67,,1024000000
2026-05-30 17:28:10.043,2,1.79,,1024000000
2026-05-30 17:28:10.037,2,1.76,,1024000000
2026-05-30 17:28:10.022,2,1.74,,1024000000
2026-05-30 17:28:10.016,3,2.05,,1024000000
2026-05-30 17:28:10.014,2,1.68,,1024000000
2026-05-30 17:28:10.012,3,2.01,,1024000000
2026-05-30 17:28:10.009,2,1.94,,1024000000
2026-05-30 17:28:09.976,2,1.91,,1024000000
2026-05-30 17:28:09.976,2,1.94,,1024000000
2026-05-30 17:28:09.950,2,1.78,,1024000000
2026-05-30 17:28:09.929,2,1.84,,1024000000
2026-05-30 17:28:09.913,2,1.99,,1024000000
2026-05-30 17:28:09.913,3,2.31,,1024000000
2026-05-30 17:28:09.907,2,1.7,,1024000000
2026-05-30 17:28:09.884,3,2.2,,1024000000
2026-05-30 17:28:09.883,2,1.91,,1024000000
2026-05-30 17:28:09.880,3,2,,1024000000
2026-05-30 17:28:09.872,2,1.8,,1024000000
2026-05-30 17:28:09.871,2,1.64,,1024000000
2026-05-30 17:28:09.864,2,1.83,,1024000000
2026-05-30 17:28:09.860,2,1.91,,1024000000
2026-05-30 17:28:09.844,2,1.79,,1024000000
2026-05-30 17:28:09.842,2,1.96,,1024000000
2026-05-30 17:28:09.832,6,5.4,,1024000000
2026-05-30 17:28:09.811,7,6.72,,1024000000
2026-05-30 17:28:09.807,8,7.31,,1024000000
2026-05-30 17:28:09.799,3,2.01,,1024000000
2026-05-30 17:28:09.798,3,2.01,,1024000000
2026-05-30 17:28:09.792,2,1.99,,1024000000
2026-05-30 17:28:09.773,2,1.98,,1024000000
2026-05-30 17:28:09.761,2,1.81,,1024000000
2026-05-30 17:28:09.760,9,8.04,,1024000000
2026-05-30 17:28:09.714,2,1.93,,1024000000
2026-05-30 17:28:09.706,2,1.87,,1024000000
2026-05-30 17:28:09.691,2,1.97,,1024000000
2026-05-30 17:28:09.688,2,1.97,,1024000000
2026-05-30 17:28:09.683,2,1.77,,1024000000
2026-05-30 17:28:09.681,2,1.74,,1024000000
2026-05-30 17:28:09.678,3,2.12,,1024000000
2026-05-30 17:28:09.641,5,4.07,,1024000000
2026-05-30 17:28:09.628,2,1.74,,1024000000
2026-05-30 17:28:09.617,2,1.79,,1024000000
2026-05-30 17:28:09.617,2,1.9,,1024000000
2026-05-30 17:28:09.606,13,12.92,,1024000000
2026-05-30 17:28:09.605,12,11.75,,1024000000
2026-05-30 17:28:09.592,6,6,,1024000000
2026-05-30 17:28:09.558,3,2,,1024000000
2026-05-30 17:28:09.557,3,2.95,,1024000000
2026-05-30 17:28:09.542,2,1.83,,1024000000
2026-05-30 17:28:09.537,2,1.92,,1024000000
2026-05-30 17:28:09.537,3,2.27,,1024000000
2026-05-30 17:28:09.536,11,10.03,,1024000000
2026-05-30 17:28:09.532,3,2.57,,1024000000
2026-05-30 17:28:09.520,2,1.9,,1024000000
2026-05-30 17:28:09.519,7,6.14,,1024000000
2026-05-30 17:28:09.507,3,2.03,,1024000000
2026-05-30 17:28:09.504,6,5.95,,1024000000
2026-05-30 17:28:09.503,2,1.81,,1024000000
2026-05-30 17:28:09.502,2,1.92,,1024000000
2026-05-30 17:28:09.480,2,1.61,,1024000000
2026-05-30 17:28:09.475,4,3.07,,1024000000
2026-05-30 17:28:09.450,6,5.88,,1024000000
2026-05-30 17:28:09.449,2,1.67,,1024000000
2026-05-30 17:28:09.435,2,1.75,,1024000000
2026-05-30 17:28:09.420,9,8.21,,1024000000
2026-05-30 17:28:09.386,6,5.62,,1024000000
2026-05-30 17:28:09.381,3,2.66,,1024000000
2026-05-30 17:28:09.355,2,1.84,,1024000000
2026-05-30 17:28:09.353,5,4.63,,1024000000
2026-05-30 17:28:09.324,2,1.73,,1024000000
2026-05-30 17:28:09.317,2,1.99,,1024000000
2026-05-30 17:28:09.317,4,3.12,,1024000000
2026-05-30 17:28:09.306,2,1.96,,1024000000
2026-05-30 17:28:09.288,2,1.7,,1024000000
2026-05-30 17:28:09.235,2,1.92,,1024000000
2026-05-30 17:28:09.235,3,2.13,,1024000000
2026-05-30 17:28:09.234,3,2.13,,1024000000
2026-05-30 17:28:09.227,2,1.83,,1024000000
2026-05-30 17:28:09.220,3,2.04,,1024000000
2026-05-30 17:28:09.213,6,5.4,,1024000000
2026-05-30 17:28:09.210,31,30.48,,1024000000
2026-05-30 17:28:09.208,2,1.65,,1024000000
2026-05-30 17:28:09.202,2,1.84,,1024000000
2026-05-30 17:28:09.183,2,1.85,,1024000000
2026-05-30 17:28:09.174,12,11.34,,1024000000
2026-05-30 17:28:09.173,2,1.81,,1024000000
2026-05-30 17:28:09.167,3,2.1,,1024000000
2026-05-30 17:28:09.160,2,1.86,,1024000000
2026-05-30 17:28:09.149,7,6.89,,1024000000
2026-05-30 17:28:09.144,3,2.04,,1024000000
2026-05-30 17:28:09.108,7,6.89,,1024000000
2026-05-30 17:28:09.099,2,1.93,,1024000000
2026-05-30 17:28:09.098,3,2.19,,1024000000
2026-05-30 17:28:09.084,9,8.23,,1024000000
2026-05-30 17:28:09.084,2,1.66,,1024000000
2026-05-30 17:28:09.078,2,1.78,,1024000000
2026-05-30 17:28:09.077,3,2.17,,1024000000
2026-05-30 17:28:09.031,2,1.77,,1024000000
2026-05-30 17:28:09.021,2,1.99,,1024000000
2026-05-30 17:28:09.014,2,1.92,,1024000000
2026-05-30 17:28:08.998,2,1.93,,1024000000
2026-05-30 17:28:08.987,3,2.1,,1024000000
2026-05-30 17:28:08.975,2,1.86,,1024000000
2026-05-30 17:28:08.970,3,2.4,,1024000000
2026-05-30 17:28:08.970,2,1.81,,1024000000
2026-05-30 17:28:08.963,3,2.09,,1024000000
2026-05-30 17:28:08.953,2,1.82,,1024000000
2026-05-30 17:28:08.907,5,4.97,,1024000000
2026-05-30 17:28:08.886,2,1.85,,1024000000
2026-05-30 17:28:08.849,2,1.72,,1024000000
2026-05-30 17:28:08.837,10,9.28,,1024000000
2026-05-30 17:28:08.834,2,1.87,,1024000000
2026-05-30 17:28:08.820,3,2.16,,1024000000
2026-05-30 17:28:08.808,3,2.08,,1024000000
2026-05-30 17:28:08.802,2,1.66,,1024000000
2026-05-30 17:28:08.790,2,1.85,,1024000000
2026-05-30 17:28:08.785,2,1.99,,1024000000
2026-05-30 17:28:08.781,3,2.03,,1024000000
2026-05-30 17:28:08.780,2,1.71,,1024000000
2026-05-30 17:28:08.769,2,1.83,,1024000000
2026-05-30 17:28:08.757,2,1.62,,1024000000
2026-05-30 17:28:08.739,2,1.72,,1024000000
2026-05-30 17:28:08.712,2,1.76,,1024000000
2026-05-30 17:28:08.711,3,2.17,,1024000000
2026-05-30 17:28:08.706,3,2.1,,1024000000
2026-05-30 17:28:08.701,3,2.02,,1024000000
2026-05-30 17:28:08.680,3,2.86,,1024000000
2026-05-30 17:28:08.679,2,1.76,,1024000000
2026-05-30 17:28:08.678,2,1.81,,1024000000
2026-05-30 17:28:08.651,2,1.94,,1024000000
2026-05-30 17:28:08.613,2,1.95,,1024000000
2026-05-30 17:28:08.604,3,2,,1024000000
2026-05-30 17:28:08.600,2,1.83,,1024000000
2026-05-30 17:28:08.579,3,2.93,,1024000000
2026-05-30 17:28:08.575,7,6.79,,1024000000
2026-05-30 17:28:08.565,2,1.99,,1024000000
2026-05-30 17:28:08.563,2,1.91,,1024000000
2026-05-30 17:28:08.537,2,1.75,,1024000000
2026-05-30 17:28:08.528,4,3.18,,1024000000
2026-05-30 17:28:08.505,2,1.98,,1024000000
2026-05-30 17:28:08.503,2,1.71,,1024000000
2026-05-30 17:28:08.467,2,1.62,,1024000000
2026-05-30 17:28:08.466,2,1.78,,1024000000
2026-05-30 17:28:08.462,3,2.91,,1024000000
2026-05-30 17:28:08.461,2,1.94,,1024000000
2026-05-30 17:28:08.459,3,2.13,,1024000000
2026-05-30 17:28:08.455,3,2.25,,1024000000
2026-05-30 17:28:08.454,2,1.82,,1024000000
2026-05-30 17:28:08.440,9,8.02,,1024000000
2026-05-30 17:28:08.435,3,2.07,,1024000000
2026-05-30 17:28:08.434,2,1.7,,1024000000
2026-05-30 17:28:08.422,2,1.9,,1024000000
2026-05-30 17:28:08.403,2,1.77,,1024000000
2026-05-30 17:28:08.401,2,1.79,,1024000000
2026-05-30 17:28:08.393,3,2.73,,1024000000
2026-05-30 17:28:08.373,3,2.09,,1024000000
2026-05-30 17:28:08.371,16,15.3,,1024000000
2026-05-30 17:28:08.355,2,1.89,,1024000000
2026-05-30 17:28:08.320,2,1.83,,1024000000
2026-05-30 17:28:08.303,2,1.88,,1024000000
2026-05-30 17:28:08.299,2,1.91,,1024000000
2026-05-30 17:28:08.282,2,1.82,,1024000000
2026-05-30 17:28:08.270,2,1.96,,1024000000
2026-05-30 17:28:08.266,2,1.97,,1024000000
2026-05-30 17:28:08.242,2,1.92,,1024000000
2026-05-30 17:28:08.242,3,2.02,,1024000000
2026-05-30 17:28:08.241,3,2.03,,1024000000
2026-05-30 17:28:08.224,2,1.75,,1024000000
2026-05-30 17:28:08.224,8,7.54,,1024000000
2026-05-30 17:28:08.218,3,2.36,,1024000000
2026-05-30 17:28:08.206,2,1.71,,1024000000
2026-05-30 17:28:08.202,11,10.16,,1024000000
2026-05-30 17:28:08.197,2,1.65,,1024000000
2026-05-30 17:28:08.183,65,64.84,,1024000000
2026-05-30 17:28:08.182,2,1.92,,1024000000
2026-05-30 17:28:08.160,3,2.37,,1024000000
2026-05-30 17:28:08.135,15,14.8,,1024000000
2026-05-30 17:28:08.124,2,1.89,,1024000000
2026-05-30 17:28:08.120,3,2.06,,1024000000
2026-05-30 17:28:08.111,3,2.09,,1024000000
2026-05-30 17:28:08.111,2,1.94,,1024000000
2026-05-30 17:28:08.103,3,2.03,,1024000000
2026-05-30 17:28:08.085,3,2.03,,1024000000
2026-05-30 17:28:08.080,2,1.89,,1024000000
2026-05-30 17:28:08.073,2,1.84,,1024000000
2026-05-30 17:28:08.047,2,1.89,,1024000000
2026-05-30 17:28:08.044,2,1.81,,1024000000
2026-05-30 17:28:08.038,2,1.72,,1024000000
2026-05-30 17:28:08.031,2,1.93,,1024000000
2026-05-30 17:28:08.016,3,2.65,,1024000000
2026-05-30 17:28:08.015,2,1.59,,1024000000
2026-05-30 17:28:07.974,2,1.76,,1024000000
2026-05-30 17:28:07.963,2,1.58,,1024000000
2026-05-30 17:28:07.961,3,2.23,,1024000000
2026-05-30 17:28:07.957,2,1.9,,1024000000
2026-05-30 17:28:07.955,2,1.79,,1024000000
2026-05-30 17:28:07.948,2,1.84,,1024000000
2026-05-30 17:28:07.938,3,2.06,,1024000000
2026-05-30 17:28:07.933,7,6.11,,1024000000
2026-05-30 17:28:07.930,2,1.91,,1024000000
2026-05-30 17:28:07.917,2,1.67,,1024000000
2026-05-30 17:28:07.916,2,1.76,,1024000000
2026-05-30 17:28:07.914,2,1.97,,1024000000
2026-05-30 17:28:07.913,2,1.99,,1024000000
2026-05-30 17:28:07.891,3,2.47,,1024000000
2026-05-30 17:28:07.883,3,2.1,,1024000000
2026-05-30 17:28:07.846,2,1.96,,1024000000
2026-05-30 17:28:07.838,2,1.7,,1024000000
2026-05-30 17:28:07.819,9,8.44,,1024000000
2026-05-30 17:28:07.818,2,1.85,,1024000000
2026-05-30 17:28:07.814,2,1.87,,1024000000
2026-05-30 17:28:07.809,2,1.71,,1024000000
2026-05-30 17:28:07.781,2,1.86,,1024000000
2026-05-30 17:28:07.777,3,2.03,,1024000000
2026-05-30 17:28:07.776,2,1.65,,1024000000
2026-05-30 17:28:07.773,3,2.05,,1024000000
2026-05-30 17:28:07.746,2,1.7,,1024000000
2026-05-30 17:28:07.725,2,1.94,,1024000000
2026-05-30 17:28:07.706,2,1.96,,1024000000
2026-05-30 17:28:07.684,2,1.86,,1024000000
2026-05-30 17:28:07.666,2,1.74,,1024000000
2026-05-30 17:28:07.656,2,1.71,,1024000000
2026-05-30 17:28:07.656,13,12.86,,1024000000
2026-05-30 17:28:07.643,2,1.83,,1024000000
2026-05-30 17:28:07.642,3,2.07,,1024000000
2026-05-30 17:28:07.636,2,1.77,,1024000000
2026-05-30 17:28:07.634,23,22.48,,1024000000
2026-05-30 17:28:07.625,2,1.84,,1024000000
2026-05-30 17:28:07.614,10,9.45,,1024000000
2026-05-30 17:28:07.610,4,3.76,,1024000000
2026-05-30 17:28:07.608,3,2.51,,1024000000
2026-05-30 17:28:07.546,3,2.01,,1024000000
2026-05-30 17:28:07.542,2,1.88,,1024000000
2026-05-30 17:28:07.539,2,1.82,,1024000000
2026-05-30 17:28:07.534,5,4.11,,1024000000
2026-05-30 17:28:07.530,3,2.17,,1024000000
2026-05-30 17:28:07.530,2,1.85,,1024000000
2026-05-30 17:28:07.524,2,1.7,,1024000000
2026-05-30 17:28:07.501,13,12.3,,1024000000
2026-05-30 17:28:07.479,3,2,,1024000000
2026-05-30 17:28:07.477,2,1.83,,1024000000
2026-05-30 17:28:07.468,2,1.74,,1024000000
2026-05-30 17:28:07.440,2,1.84,,1024000000
2026-05-30 17:28:07.428,3,2.22,,1024000000
2026-05-30 17:28:07.422,2,1.74,,1024000000
2026-05-30 17:28:07.373,3,2.02,,1024000000
2026-05-30 17:28:07.357,2,1.89,,1024000000
2026-05-30 17:28:07.322,2,1.99,,1024000000
2026-05-30 17:28:07.311,2,1.82,,1024000000
2026-05-30 17:28:07.306,3,2.29,,1024000000
2026-05-30 17:28:07.305,2,1.82,,1024000000
2026-05-30 17:28:07.304,2,1.89,,1024000000
2026-05-30 17:28:07.291,3,2.02,,1024000000
2026-05-30 17:28:07.289,3,2.64,,1024000000
2026-05-30 17:28:07.282,2,1.83,,1024000000
2026-05-30 17:28:07.281,3,2.65,,1024000000
2026-05-30 17:28:07.261,18,17.8,,1024000000
2026-05-30 17:28:07.242,2,1.83,,1024000000
2026-05-30 17:28:07.241,6,5.82,,1024000000
2026-05-30 17:28:07.235,2,1.75,,1024000000
2026-05-30 17:28:07.231,2,1.77,,1024000000
2026-05-30 17:28:07.219,2,1.83,,1024000000
2026-05-30 17:28:07.185,2,1.75,,1024000000
2026-05-30 17:28:07.180,3,2.1,,1024000000
2026-05-30 17:28:07.174,2,1.98,,1024000000
2026-05-30 17:28:07.166,2,1.77,,1024000000
2026-05-30 17:28:07.162,2,1.99,,1024000000
2026-05-30 17:28:07.154,2,1.72,,1024000000
2026-05-30 17:28:07.148,2,1.97,,1024000000
2026-05-30 17:28:07.140,2,1.83,,1024000000
2026-05-30 17:28:07.134,2,1.81,,1024000000
2026-05-30 17:28:07.131,2,1.81,,1024000000
2026-05-30 17:28:07.108,3,2.69,,1024000000
2026-05-30 17:28:07.106,2,1.78,,1024000000
2026-05-30 17:28:07.103,3,2.08,,1024000000
2026-05-30 17:28:07.060,3,2.04,,1024000000
2026-05-30 17:28:07.043,2,1.8,,1024000000
2026-05-30 17:28:07.029,2,1.61,,1024000000
2026-05-30 17:28:07.026,3,2.48,,1024000000
2026-05-30 17:28:07.019,2,1.9,,1024000000
2026-05-30 17:28:07.007,2,1.95,,1024000000
2026-05-30 17:28:07.004,3,2.79,,1024000000
2026-05-30 17:28:06.993,11,10.95,,1024000000
2026-05-30 17:28:06.975,2,1.88,,1024000000
2026-05-30 17:28:06.969,2,1.79,,1024000000
2026-05-30 17:28:06.940,6,5.99,,1024000000
2026-05-30 17:28:06.894,5,4.59,,1024000000
2026-05-30 17:28:06.878,2,1.66,,1024000000
2026-05-30 17:28:06.858,2,1.92,,1024000000
2026-05-30 17:28:06.852,2,1.94,,1024000000
2026-05-30 17:28:06.850,7,6.91,,1024000000
2026-05-30 17:28:06.833,2,1.83,,1024000000
2026-05-30 17:28:06.822,2,1.67,,1024000000
2026-05-30 17:28:06.811,2,1.97,,1024000000
2026-05-30 17:28:06.809,3,2.72,,1024000000
2026-05-30 17:28:06.808,2,1.91,,1024000000
2026-05-30 17:28:06.790,2,1.77,,1024000000
2026-05-30 17:28:06.786,3,2.86,,1024000000
2026-05-30 17:28:06.770,3,2.12,,1024000000
2026-05-30 17:28:06.769,3,2.05,,1024000000
2026-05-30 17:28:06.762,3,2.19,,1024000000
2026-05-30 17:28:06.735,2,1.86,,1024000000
2026-05-30 17:28:06.733,3,2.07,,1024000000
2026-05-30 17:28:06.732,2,1.83,,1024000000
2026-05-30 17:28:06.716,3,2.04,,1024000000
2026-05-30 17:28:06.713,2,1.8,,1024000000
2026-05-30 17:28:06.711,3,2,,1024000000
2026-05-30 17:28:06.705,2,1.79,,1024000000
2026-05-30 17:28:06.700,3,2.12,,1024000000
2026-05-30 17:28:06.696,7,6.23,,1024000000
2026-05-30 17:28:06.690,10,9.76,,1024000000
2026-05-30 17:28:06.671,2,1.97,,1024000000
2026-05-30 17:28:06.667,2,1.82,,1024000000
2026-05-30 17:28:06.666,2,1.93,,1024000000
2026-05-30 17:28:06.656,2,2,,1024000000
2026-05-30 17:28:06.643,3,2.18,,1024000000
2026-05-30 17:28:06.641,2,1.77,,1024000000
2026-05-30 17:28:06.640,3,2.15,,1024000000
2026-05-30 17:28:06.634,8,7.27,,1024000000
2026-05-30 17:28:06.611,3,2.04,,1024000000
2026-05-30 17:28:06.611,2,1.99,,1024000000
2026-05-30 17:28:06.591,2,1.75,,1024000000
2026-05-30 17:28:06.586,2,1.7,,1024000000
2026-05-30 17:28:06.578,2,1.76,,1024000000
2026-05-30 17:28:06.564,3,2.4,,1024000000
2026-05-30 17:28:06.561,3,2.23,,1024000000
2026-05-30 17:28:06.558,11,10.21,,1024000000
2026-05-30 17:28:06.512,2,1.91,,1024000000
2026-05-30 17:28:06.508,2,1.57,,1024000000
2026-05-30 17:28:06.506,3,2.02,,1024000000
2026-05-30 17:28:06.502,2,1.83,,1024000000
2026-05-30 17:28:06.497,2,1.99,,1024000000
2026-05-30 17:28:06.496,3,2.02,,1024000000
2026-05-30 17:28:06.484,2,1.79,,1024000000
2026-05-30 17:28:06.464,2,1.99,,1024000000
2026-05-30 17:28:06.464,2,1.78,,1024000000
2026-05-30 17:28:06.459,3,2.12,,1024000000
2026-05-30 17:28:06.442,5,4.82,,1024000000
2026-05-30 17:28:06.437,6,5.44,,1024000000
2026-05-30 17:28:06.432,3,2,,1024000000
2026-05-30 17:28:06.428,2,1.87,,1024000000
2026-05-30 17:28:06.422,2,1.6,,1024000000
2026-05-30 17:28:06.404,2,1.99,,1024000000
2026-05-30 17:28:06.376,2,1.86,,1024000000
2026-05-30 17:28:06.375,2,1.96,,1024000000
2026-05-30 17:28:06.369,2,1.72,,1024000000
2026-05-30 17:28:06.345,2,1.73,,1024000000
2026-05-30 17:28:06.312,5,4.89,,1024000000
2026-05-30 17:28:06.289,2,1.93,,1024000000
2026-05-30 17:28:06.272,2,1.79,,1024000000
2026-05-30 17:28:06.263,2,1.66,,1024000000
2026-05-30 17:28:06.259,3,2.11,,1024000000
2026-05-30 17:28:06.258,2,1.92,,1024000000
2026-05-30 17:28:06.250,2,1.71,,1024000000
2026-05-30 17:28:06.245,2,1.95,,1024000000
2026-05-30 17:28:06.224,2,2,,1024000000
2026-05-30 17:28:06.223,5,4.29,,1024000000
2026-05-30 17:28:06.220,2,1.86,,1024000000
2026-05-30 17:28:06.210,2,1.76,,1024000000
2026-05-30 17:28:06.195,3,2.04,,1024000000
2026-05-30 17:28:06.191,2,1.6,,1024000000
2026-05-30 17:28:06.189,2,1.91,,1024000000
2026-05-30 17:28:06.179,2,1.91,,1024000000
2026-05-30 17:28:06.154,2,1.67,,1024000000
2026-05-30 17:28:06.141,6,5.39,,1024000000
2026-05-30 17:28:06.141,3,2.1,,1024000000
2026-05-30 17:28:06.132,3,2.08,,1024000000
2026-05-30 17:28:06.132,9,8.27,,1024000000
2026-05-30 17:28:06.104,2,1.63,,1024000000
2026-05-30 17:28:06.092,2,1.89,,1024000000
2026-05-30 17:28:06.087,2,1.87,,1024000000
2026-05-30 17:28:06.065,3,2.78,,1024000000
2026-05-30 17:28:06.058,2,1.75,,1024000000
2026-05-30 17:28:06.053,3,2.39,,1024000000
2026-05-30 17:28:06.045,2,1.81,,1024000000
2026-05-30 17:28:06.037,3,2.07,,1024000000
2026-05-30 17:28:06.012,3,2.9,,1024000000
2026-05-30 17:28:05.993,40,39.54,,1024000000
2026-05-30 17:28:05.991,3,2.02,,1024000000
2026-05-30 17:28:05.989,5,4.58,,1024000000
2026-05-30 17:28:05.989,2,1.73,,1024000000
2026-05-30 17:28:05.976,2,1.94,,1024000000
2026-05-30 17:28:05.962,2,1.84,,1024000000
2026-05-30 17:28:05.957,7,6.69,,1024000000
2026-05-30 17:28:05.952,2,1.79,,1024000000
2026-05-30 17:28:05.945,2,1.92,,1024000000
2026-05-30 17:28:05.931,3,2.21,,1024000000
2026-05-30 17:28:05.930,2,1.76,,1024000000
2026-05-30 17:28:05.886,2,1.9,,1024000000
2026-05-30 17:28:05.836,2,1.75,,1024000000
2026-05-30 17:28:05.836,3,2.12,,1024000000
2026-05-30 17:28:05.819,2,1.72,,1024000000
2026-05-30 17:28:05.816,3,2.04,,1024000000
2026-05-30 17:28:05.805,2,1.69,,1024000000
2026-05-30 17:28:05.803,2,1.86,,1024000000
2026-05-30 17:28:05.778,2,1.71,,1024000000
2026-05-30 17:28:05.776,3,2.06,,1024000000
2026-05-30 17:28:05.774,3,2.5,,1024000000
2026-05-30 17:28:05.748,2,1.79,,1024000000
2026-05-30 17:28:05.744,2,1.73,,1024000000
2026-05-30 17:28:05.727,2,1.62,,1024000000
2026-05-30 17:28:05.709,3,2.46,,1024000000
2026-05-30 17:28:05.656,2,1.89,,1024000000
2026-05-30 17:28:05.649,3,2.01,,1024000000
2026-05-30 17:28:05.645,2,1.69,,1024000000
2026-05-30 17:28:05.640,2,1.79,,1024000000
2026-05-30 17:28:05.629,7,6.44,,1024000000
2026-05-30 17:28:05.616,3,2.48,,1024000000
2026-05-30 17:28:05.604,2,1.94,,1024000000
2026-05-30 17:28:05.596,2,1.93,,1024000000
2026-05-30 17:28:05.590,2,1.92,,1024000000
2026-05-30 17:28:05.576,3,2.17,,1024000000
2026-05-30 17:28:05.562,2,1.73,,1024000000
2026-05-30 17:28:05.559,3,2,,1024000000
2026-05-30 17:28:05.559,2,1.6,,1024000000
2026-05-30 17:28:05.540,2,1.71,,1024000000
2026-05-30 17:28:05.520,2,1.78,,1024000000
2026-05-30 17:28:05.514,2,1.75,,1024000000
2026-05-30 17:28:05.513,2,1.74,,1024000000
2026-05-30 17:28:05.496,2,1.73,,1024000000
2026-05-30 17:28:05.489,2,1.9,,1024000000
2026-05-30 17:28:05.489,2,1.63,,1024000000
2026-05-30 17:28:05.471,2,2,,1024000000
2026-05-30 17:28:05.459,3,2.12,,1024000000
2026-05-30 17:28:05.459,5,4.27,,1024000000
2026-05-30 17:28:05.445,2,1.76,,1024000000
2026-05-30 17:28:05.440,2,1.88,,1024000000
2026-05-30 17:28:05.437,2,1.77,,1024000000
2026-05-30 17:28:05.427,3,2.04,,1024000000
2026-05-30 17:28:05.410,6,5.21,,1024000000
2026-05-30 17:28:05.387,3,2.62,,1024000000
2026-05-30 17:28:05.373,2,1.9,,1024000000
2026-05-30 17:28:05.365,13,12.26,,1024000000
2026-05-30 17:28:05.347,8,7.63,,1024000000
2026-05-30 17:28:05.344,2,1.93,,1024000000
2026-05-30 17:28:05.340,2,1.97,,1024000000
2026-05-30 17:28:05.340,2,1.79,,1024000000
2026-05-30 17:28:05.338,3,2.43,,1024000000
2026-05-30 17:28:05.320,8,7.57,,1024000000
2026-05-30 17:28:05.318,2,1.78,,1024000000
2026-05-30 17:28:05.302,3,2.96,,1024000000
2026-05-30 17:28:05.299,4,3.61,,1024000000
2026-05-30 17:28:05.296,2,1.7,,1024000000
2026-05-30 17:28:05.275,3,2.16,,1024000000
2026-05-30 17:28:05.268,2,1.87,,1024000000
2026-05-30 17:28:05.259,3,2.49,,1024000000
2026-05-30 17:28:05.253,2,1.74,,1024000000
2026-05-30 17:28:05.248,9,8.95,,1024000000
2026-05-30 17:28:05.204,5,4.03,,1024000000
2026-05-30 17:28:05.191,12,11.3,,1024000000
2026-05-30 17:28:05.176,3,2.56,,1024000000
2026-05-30 17:28:05.170,2,1.71,,1024000000
2026-05-30 17:28:05.151,10,9.68,,1024000000
2026-05-30 17:28:05.135,2,1.78,,1024000000
2026-05-30 17:28:05.114,2,1.94,,1024000000
2026-05-30 17:28:05.105,2,1.88,,1024000000
2026-05-30 17:28:05.088,4,3.41,,1024000000
2026-05-30 17:28:05.080,2,1.94,,1024000000
2026-05-30 17:28:05.077,3,2.31,,1024000000
2026-05-30 17:28:05.062,2,1.97,,1024000000
2026-05-30 17:28:05.055,3,2.02,,1024000000
2026-05-30 17:28:05.055,2,1.99,,1024000000
2026-05-30 17:28:05.051,22,21.86,,1024000000
2026-05-30 17:28:05.043,3,2.08,,1024000000
2026-05-30 17:28:05.043,2,1.91,,1024000000
2026-05-30 17:28:05.036,2,1.77,,1024000000
2026-05-30 17:28:05.028,3,2.03,,1024000000
2026-05-30 17:28:05.020,2,1.81,,1024000000
2026-05-30 17:28:05.017,2,1.86,,1024000000
2026-05-30 17:28:04.982,8,7.4,,1024000000
2026-05-30 17:28:04.975,3,2.22,,1024000000
2026-05-30 17:28:04.966,3,2.02,,1024000000
2026-05-30 17:28:04.947,3,2.04,,1024000000
2026-05-30 17:28:04.935,3,2.56,,1024000000
2026-05-30 17:28:04.920,2,1.85,,1024000000
2026-05-30 17:28:04.920,2,1.77,,1024000000
2026-05-30 17:28:04.879,2,1.71,,1024000000
2026-05-30 17:28:04.871,2,1.9,,1024000000
2026-05-30 17:28:04.858,14,13.67,,1024000000
2026-05-30 17:28:04.856,2,1.95,,1024000000
2026-05-30 17:28:04.848,2,1.78,,1024000000
2026-05-30 17:28:04.845,2,1.91,,1024000000
2026-05-30 17:28:04.842,2,1.83,,1024000000
2026-05-30 17:28:04.818,2,1.71,,1024000000
2026-05-30 17:28:04.815,2,1.74,,1024000000
2026-05-30 17:28:04.793,2,1.84,,1024000000
2026-05-30 17:28:04.788,2,1.98,,1024000000
2026-05-30 17:28:04.773,2,1.76,,1024000000
2026-05-30 17:28:04.768,2,1.65,,1024000000
2026-05-30 17:28:04.764,3,2.02,,1024000000
2026-05-30 17:28:04.759,2,1.77,,1024000000
2026-05-30 17:28:04.752,2,1.78,,1024000000
2026-05-30 17:28:04.742,2,1.86,,1024000000
2026-05-30 17:28:04.715,2,1.94,,1024000000
2026-05-30 17:28:04.665,2,1.97,,1024000000
2026-05-30 17:28:04.662,3,2.07,,1024000000
2026-05-30 17:28:04.657,3,2.31,,1024000000
2026-05-30 17:28:04.641,2,1.66,,1024000000
2026-05-30 17:28:04.640,2,1.88,,1024000000
2026-05-30 17:28:04.625,3,2.13,,1024000000
2026-05-30 17:28:04.609,2,1.71,,1024000000
2026-05-30 17:28:04.593,4,3.06,,1024000000
2026-05-30 17:28:04.575,6,5.17,,1024000000
2026-05-30 17:28:04.572,2,1.82,,1024000000
2026-05-30 17:28:04.570,2,1.97,,1024000000
2026-05-30 17:28:04.536,3,2.16,,1024000000
2026-05-30 17:28:04.526,3,2.02,,1024000000
2026-05-30 17:28:04.507,3,2.04,,1024000000
2026-05-30 17:28:04.496,3,2.18,,1024000000
2026-05-30 17:28:04.470,2,1.87,,1024000000
2026-05-30 17:28:04.459,2,1.92,,1024000000
2026-05-30 17:28:04.459,2,1.69,,1024000000
2026-05-30 17:28:04.424,7,6.77,,1024000000
2026-05-30 17:28:04.420,3,2.22,,1024000000
2026-05-30 17:28:04.417,6,5.15,,1024000000
2026-05-30 17:28:04.415,7,6.53,,1024000000
2026-05-30 17:28:04.400,2,1.64,,1024000000
2026-05-30 17:28:04.378,2,1.99,,1024000000
2026-05-30 17:28:04.362,2,1.74,,1024000000
2026-05-30 17:28:04.361,6,5.16,,1024000000
2026-05-30 17:28:04.349,2,1.67,,1024000000
2026-05-30 17:28:04.334,2,1.84,,1024000000
2026-05-30 17:28:04.333,2,1.91,,1024000000
2026-05-30 17:28:04.328,2,1.98,,1024000000
2026-05-30 17:28:04.304,2,1.77,,1024000000
2026-05-30 17:28:04.298,2,1.68,,1024000000
2026-05-30 17:28:04.294,2,1.73,,1024000000
2026-05-30 17:28:04.290,2,1.93,,1024000000
2026-05-30 17:28:04.288,3,2.01,,1024000000
2026-05-30 17:28:04.283,3,2.04,,1024000000
2026-05-30 17:28:04.267,2,1.73,,1024000000
2026-05-30 17:28:04.263,3,2.07,,1024000000
2026-05-30 17:28:04.253,3,2.1,,1024000000
2026-05-30 17:28:04.245,2,1.77,,1024000000
2026-05-30 17:28:04.237,6,5.61,,1024000000
2026-05-30 17:28:04.224,2,1.84,,1024000000
2026-05-30 17:28:04.179,3,2.12,,1024000000
2026-05-30 17:28:04.178,3,2.66,,1024000000
2026-05-30 17:28:04.175,3,2.22,,1024000000
2026-05-30 17:28:04.171,2,1.92,,1024000000
2026-05-30 17:28:04.166,2,1.86,,1024000000
2026-05-30 17:28:04.164,4,3.46,,1024000000
2026-05-30 17:28:04.163,5,4.97,,1024000000
2026-05-30 17:28:04.153,3,2,,1024000000
2026-05-30 17:28:04.144,2,1.95,,1024000000
2026-05-30 17:28:04.138,2,1.78,,1024000000
2026-05-30 17:28:04.138,2,1.99,,1024000000
2026-05-30 17:28:04.133,2,1.9,,1024000000
2026-05-30 17:28:04.133,2,1.83,,1024000000
2026-05-30 17:28:04.126,2,1.75,,1024000000
2026-05-30 17:28:04.102,2,1.93,,1024000000
2026-05-30 17:28:04.100,10,9.92,,1024000000
2026-05-30 17:28:04.085,3,2.02,,1024000000
2026-05-30 17:28:04.084,2,1.75,,1024000000
2026-05-30 17:28:04.072,2,1.85,,1024000000
2026-05-30 17:28:04.066,3,2.63,,1024000000
2026-05-30 17:28:04.066,3,2.08,,1024000000
2026-05-30 17:28:04.058,2,1.94,,1024000000
2026-05-30 17:28:04.054,2,1.78,,1024000000
2026-05-30 17:28:04.045,11,10.76,,1024000000
2026-05-30 17:28:04.031,2,1.74,,1024000000
2026-05-30 17:28:04.030,3,2.14,,1024000000
2026-05-30 17:28:04.029,2,1.93,,1024000000
2026-05-30 17:28:04.027,8,7.68,,1024000000
2026-05-30 17:28:04.003,12,11.36,,1024000000
2026-05-30 17:28:03.982,3,2.03,,1024000000
2026-05-30 17:28:03.975,2,1.96,,1024000000
2026-05-30 17:28:03.952,2,1.87,,1024000000
2026-05-30 17:28:03.949,2,1.92,,1024000000
2026-05-30 17:28:03.936,3,2.09,,1024000000
2026-05-30 17:28:03.932,3,2.42,,1024000000
2026-05-30 17:28:03.910,2,1.99,,1024000000
2026-05-30 17:28:03.894,2,1.95,,1024000000
2026-05-30 17:28:03.892,3,2.06,,1024000000
2026-05-30 17:28:03.889,2,1.75,,1024000000
2026-05-30 17:28:03.887,2,1.59,,1024000000
2026-05-30 17:28:03.879,3,2.03,,1024000000
2026-05-30 17:28:03.876,2,1.71,,1024000000
2026-05-30 17:28:03.866,2,1.84,,1024000000
2026-05-30 17:28:03.829,3,2.17,,1024000000
2026-05-30 17:28:03.823,2,1.85,,1024000000
2026-05-30 17:28:03.822,2,1.73,,1024000000
2026-05-30 17:28:03.817,3,2.35,,1024000000
2026-05-30 17:28:03.787,2,1.73,,1024000000
2026-05-30 17:28:03.787,3,2.47,,1024000000
2026-05-30 17:28:03.784,3,2.03,,1024000000
2026-05-30 17:28:03.774,7,6.86,,1024000000
2026-05-30 17:28:03.768,2,1.81,,1024000000
2026-05-30 17:28:03.752,7,6.86,,1024000000
2026-05-30 17:28:03.748,3,2.03,,1024000000
2026-05-30 17:28:03.742,6,5.91,,1024000000
2026-05-30 17:28:03.660,2,1.96,,1024000000
2026-05-30 17:28:03.656,2,1.85,,1024000000
2026-05-30 17:28:03.637,2,1.95,,1024000000
2026-05-30 17:28:03.619,3,2.1,,1024000000
2026-05-30 17:28:03.616,3,2.13,,1024000000
2026-05-30 17:28:03.608,3,2.18,,1024000000
2026-05-30 17:28:03.599,3,2.12,,1024000000
2026-05-30 17:28:03.547,2,1.68,,1024000000
2026-05-30 17:28:03.529,2,1.74,,1024000000
2026-05-30 17:28:03.522,2,1.87,,1024000000
2026-05-30 17:28:03.515,2,1.88,,1024000000
2026-05-30 17:28:03.501,3,2.21,,1024000000
2026-05-30 17:28:03.499,3,2.01,,1024000000
2026-05-30 17:28:03.495,2,1.89,,1024000000
2026-05-30 17:28:03.479,2,1.8,,1024000000
2026-05-30 17:28:03.452,2,1.88,,1024000000
2026-05-30 17:28:03.440,2,1.76,,1024000000
2026-05-30 17:28:03.429,2,1.77,,1024000000
2026-05-30 17:28:03.412,6,5.61,,1024000000
2026-05-30 17:28:03.401,2,1.97,,1024000000
2026-05-30 17:28:03.389,3,2.11,,1024000000
2026-05-30 17:28:03.385,2,1.9,,1024000000
2026-05-30 17:28:03.372,3,2,,1024000000
2026-05-30 17:28:03.347,2,1.75,,1024000000
2026-05-30 17:28:03.340,2,1.91,,1024000000
2026-05-30 17:28:03.339,2,1.76,,1024000000
2026-05-30 17:28:03.328,5,4.1,,1024000000
2026-05-30 17:28:03.326,3,2.12,,1024000000
2026-05-30 17:28:03.317,2,1.96,,1024000000
2026-05-30 17:28:03.304,3,2.64,,1024000000
2026-05-30 17:28:03.298,3,2.18,,1024000000
2026-05-30 17:28:03.297,3,2.34,,1024000000
2026-05-30 17:28:03.296,5,4.09,,1024000000
2026-05-30 17:28:03.291,2,1.78,,1024000000
2026-05-30 17:28:03.284,3,2.17,,1024000000
2026-05-30 17:28:03.279,2,1.87,,1024000000
2026-05-30 17:28:03.279,2,1.84,,1024000000
2026-05-30 17:28:03.237,3,2.07,,1024000000
2026-05-30 17:28:03.234,3,2.23,,1024000000
2026-05-30 17:28:03.225,2,1.79,,1024000000
2026-05-30 17:28:03.193,2,1.84,,1024000000
2026-05-30 17:28:03.189,3,2.66,,1024000000
2026-05-30 17:28:03.184,3,2.01,,1024000000
2026-05-30 17:28:03.175,2,1.71,,1024000000
2026-05-30 17:28:03.168,2,1.95,,1024000000
2026-05-30 17:28:03.166,2,1.96,,1024000000
2026-05-30 17:28:03.136,2,1.61,,1024000000
2026-05-30 17:28:03.134,3,2.37,,1024000000
2026-05-30 17:28:03.131,2,1.71,,1024000000
2026-05-30 17:28:03.109,3,2.4,,1024000000
2026-05-30 17:28:03.072,28,27.18,,1024000000
2026-05-30 17:28:03.072,26,25.18,,1024000000
2026-05-30 17:28:03.068,17,16.71,,1024000000
2026-05-30 17:28:03.063,2,1.75,,1024000000
2026-05-30 17:28:03.059,3,2.29,,1024000000
2026-05-30 17:28:03.057,8,7.84,,1024000000
2026-05-30 17:28:03.050,3,2.02,,1024000000
2026-05-30 17:28:03.033,2,1.87,,1024000000
2026-05-30 17:28:03.024,3,2.02,,1024000000
2026-05-30 17:28:02.993,2,1.97,,1024000000
2026-05-30 17:28:02.973,2,1.63,,1024000000
2026-05-30 17:28:02.969,3,2.15,,1024000000
2026-05-30 17:28:02.966,3,2.08,,1024000000
2026-05-30 17:28:02.944,2,1.72,,1024000000
2026-05-30 17:28:02.942,3,2.06,,1024000000
2026-05-30 17:28:02.928,3,2.81,,1024000000
2026-05-30 17:28:02.924,3,2.51,,1024000000
2026-05-30 17:28:02.919,2,1.88,,1024000000
2026-05-30 17:28:02.918,2,1.75,,1024000000
2026-05-30 17:28:02.909,2,1.78,,1024000000
2026-05-30 17:28:02.891,2,1.79,,1024000000
2026-05-30 17:28:02.881,3,2.02,,1024000000
2026-05-30 17:28:02.874,3,2.95,,1024000000
2026-05-30 17:28:02.871,6,5.9,,1024000000
2026-05-30 17:28:02.856,2,1.84,,1024000000
2026-05-30 17:28:02.821,2,1.89,,1024000000
2026-05-30 17:28:02.813,2,1.8,,1024000000
2026-05-30 17:28:02.808,3,2.19,,1024000000
2026-05-30 17:28:02.794,2,1.73,,1024000000
2026-05-30 17:28:02.793,3,2.16,,1024000000
2026-05-30 17:28:02.774,3,2.19,,1024000000
2026-05-30 17:28:02.770,2,1.75,,1024000000
2026-05-30 17:28:02.764,2,1.69,,1024000000
2026-05-30 17:28:02.758,2,1.84,,1024000000
2026-05-30 17:28:02.754,2,1.79,,1024000000
2026-05-30 17:28:02.737,3,2.07,,1024000000
2026-05-30 17:28:02.736,2,1.77,,1024000000
2026-05-30 17:28:02.735,2,1.89,,1024000000
2026-05-30 17:28:02.723,2,1.7,,1024000000
2026-05-30 17:28:02.722,3,2.1,,1024000000
2026-05-30 17:28:02.720,2,1.76,,1024000000
2026-05-30 17:28:02.718,3,2.43,,1024000000
2026-05-30 17:28:02.692,3,2.58,,1024000000
2026-05-30 17:28:02.687,2,1.91,,1024000000
2026-05-30 17:28:02.682,2,1.82,,1024000000
2026-05-30 17:28:02.643,2,1.77,,1024000000
2026-05-30 17:28:02.613,2,1.69,,1024000000
2026-05-30 17:28:02.607,3,2.01,,1024000000
2026-05-30 17:28:02.591,2,1.69,,1024000000
2026-05-30 17:28:02.565,3,2.01,,1024000000
2026-05-30 17:28:02.563,2,1.67,,1024000000
2026-05-30 17:28:02.526,2,1.66,,1024000000
2026-05-30 17:28:02.522,2,1.85,,1024000000
2026-05-30 17:28:02.519,2,1.8,,1024000000
2026-05-30 17:28:02.511,2,1.87,,1024000000
2026-05-30 17:28:02.503,2,1.85,,1024000000
2026-05-30 17:28:02.485,3,2.15,,1024000000
2026-05-30 17:28:02.464,2,1.82,,1024000000
2026-05-30 17:28:02.461,2,1.74,,1024000000
2026-05-30 17:28:02.450,3,2.15,,1024000000
2026-05-30 17:28:02.445,2,1.97,,1024000000
2026-05-30 17:28:02.439,2,1.81,,1024000000
2026-05-30 17:28:02.430,3,2.12,,1024000000
2026-05-30 17:28:02.409,2,1.76,,1024000000
2026-05-30 17:28:02.404,3,2.17,,1024000000
2026-05-30 17:28:02.384,3,2.12,,1024000000
2026-05-30 17:28:02.379,2,1.81,,1024000000
2026-05-30 17:28:02.374,3,2.04,,1024000000
2026-05-30 17:28:02.359,2,1.77,,1024000000
2026-05-30 17:28:02.343,2,1.8,,1024000000
2026-05-30 17:28:02.337,13,12.2,,1024000000
2026-05-30 17:28:02.318,2,1.71,,1024000000
2026-05-30 17:28:02.306,2,1.81,,1024000000
2026-05-30 17:28:02.298,3,2.17,,1024000000
2026-05-30 17:28:02.292,2,1.83,,1024000000
2026-05-30 17:28:02.285,2,1.65,,1024000000
2026-05-30 17:28:02.277,2,1.79,,1024000000
2026-05-30 17:28:02.225,3,2.01,,1024000000
2026-05-30 17:28:02.218,3,2.3,,1024000000
2026-05-30 17:28:02.217,3,2.17,,1024000000
2026-05-30 17:28:02.208,2,1.8,,1024000000
2026-05-30 17:28:02.204,2,1.89,,1024000000
2026-05-30 17:28:02.201,2,1.87,,1024000000
2026-05-30 17:28:02.200,2,1.63,,1024000000
2026-05-30 17:28:02.184,2,1.9,,1024000000
2026-05-30 17:28:02.182,3,2.05,,1024000000
2026-05-30 17:28:02.168,3,2.42,,1024000000
2026-05-30 17:28:02.163,2,1.69,,1024000000
2026-05-30 17:28:02.146,3,2.49,,1024000000
2026-05-30 17:28:02.127,2,1.86,,1024000000
2026-05-30 17:28:02.126,2,1.9,,1024000000
2026-05-30 17:28:02.119,2,1.68,,1024000000
2026-05-30 17:28:02.118,4,3.22,,1024000000
2026-05-30 17:28:02.107,5,4.33,,1024000000
2026-05-30 17:28:02.104,3,2.19,,1024000000
2026-05-30 17:28:02.099,2,1.69,,1024000000
2026-05-30 17:28:02.092,2,1.75,,1024000000
2026-05-30 17:28:02.083,2,1.97,,1024000000
2026-05-30 17:28:02.070,12,11.46,,1024000000
2026-05-30 17:28:02.054,2,1.82,,1024000000
2026-05-30 17:28:02.035,2,1.89,,1024000000
2026-05-30 17:28:01.996,2,1.96,,1024000000
2026-05-30 17:28:01.994,2,1.98,,1024000000
2026-05-30 17:28:01.985,2,1.68,,1024000000
2026-05-30 17:28:01.956,2,1.93,,1024000000
2026-05-30 17:28:01.953,3,2.01,,1024000000
2026-05-30 17:28:01.922,2,1.8,,1024000000
2026-05-30 17:28:01.917,2,1.84,,1024000000
2026-05-30 17:28:01.897,2,1.73,,1024000000
2026-05-30 17:28:01.851,2,1.81,,1024000000
2026-05-30 17:28:01.845,3,2.05,,1024000000
2026-05-30 17:28:01.845,2,1.87,,1024000000
2026-05-30 17:28:01.843,2,1.86,,1024000000
2026-05-30 17:28:01.839,2,1.77,,1024000000
2026-05-30 17:28:01.832,2,1.91,,1024000000
2026-05-30 17:28:01.813,3,2.24,,1024000000
2026-05-30 17:28:01.811,3,2.02,,1024000000
2026-05-30 17:28:01.810,48,47.74,,1024000000
2026-05-30 17:28:01.800,3,2.71,,1024000000
2026-05-30 17:28:01.799,2,1.7,,1024000000
2026-05-30 17:28:01.784,2,1.86,,1024000000
2026-05-30 17:28:01.775,3,2.08,,1024000000
2026-05-30 17:28:01.770,2,1.88,,1024000000
2026-05-30 17:28:01.769,3,2.71,,1024000000
2026-05-30 17:28:01.766,2,1.82,,1024000000
2026-05-30 17:28:01.764,2,1.86,,1024000000
2026-05-30 17:28:01.744,2,1.77,,1024000000
2026-05-30 17:28:01.721,2,1.82,,1024000000
2026-05-30 17:28:01.714,3,2.04,,1024000000
2026-05-30 17:28:01.707,2,1.72,,1024000000
2026-05-30 17:28:01.702,2,1.83,,1024000000
2026-05-30 17:28:01.700,2,1.89,,1024000000
2026-05-30 17:28:01.693,2,1.76,,1024000000
2026-05-30 17:28:01.691,2,1.79,,1024000000
2026-05-30 17:28:01.685,2,1.67,,1024000000
2026-05-30 17:28:01.678,2,1.65,,1024000000
2026-05-30 17:28:01.673,2,1.94,,1024000000
2026-05-30 17:28:01.650,2,1.72,,1024000000
2026-05-30 17:28:01.597,16,15.02,,1024000000
2026-05-30 17:28:01.596,2,1.87,,1024000000
2026-05-30 17:28:01.585,2,1.72,,1024000000
2026-05-30 17:28:01.564,2,1.91,,1024000000
2026-05-30 17:28:01.544,2,1.74,,1024000000
2026-05-30 17:28:01.540,2,1.75,,1024000000
2026-05-30 17:28:01.537,3,2.01,,1024000000
2026-05-30 17:28:01.527,2,1.89,,1024000000
2026-05-30 17:28:01.505,2,1.82,,1024000000
2026-05-30 17:28:01.502,2,1.93,,1024000000
2026-05-30 17:28:01.498,2,1.93,,1024000000
2026-05-30 17:28:01.477,2,1.77,,1024000000
2026-05-30 17:28:01.475,2,1.93,,1024000000
2026-05-30 17:28:01.469,2,1.85,,1024000000
2026-05-30 17:28:01.458,2,1.79,,1024000000
2026-05-30 17:28:01.442,2,1.91,,1024000000
2026-05-30 17:28:01.430,3,2.01,,1024000000
2026-05-30 17:28:01.425,3,2.27,,1024000000
2026-05-30 17:28:01.420,3,2.11,,1024000000
2026-05-30 17:28:01.408,2,1.91,,1024000000
2026-05-30 17:28:01.404,2,1.69,,1024000000
2026-05-30 17:28:01.386,3,2.14,,1024000000
2026-05-30 17:28:01.379,2,1.81,,1024000000
2026-05-30 17:28:01.379,3,2.16,,1024000000
2026-05-30 17:28:01.376,2,1.73,,1024000000
2026-05-30 17:28:01.361,2,1.93,,1024000000
2026-05-30 17:28:01.358,3,2.3,,1024000000
2026-05-30 17:28:01.289,2,1.72,,1024000000
2026-05-30 17:28:01.282,2,1.76,,1024000000
2026-05-30 17:28:01.268,3,2.21,,1024000000
2026-05-30 17:28:01.267,2,1.7,,1024000000
2026-05-30 17:28:01.257,2,1.8,,1024000000
2026-05-30 17:28:01.218,2,1.7,,1024000000
2026-05-30 17:28:01.206,2,1.78,,1024000000
2026-05-30 17:28:01.195,2,1.76,,1024000000
2026-05-30 17:28:01.165,2,1.78,,1024000000
2026-05-30 17:28:01.165,7,6.37,,1024000000
2026-05-30 17:28:01.150,2,1.93,,1024000000
2026-05-30 17:28:01.139,2,1.75,,1024000000
2026-05-30 17:28:01.111,2,1.83,,1024000000
2026-05-30 17:28:01.098,2,1.7,,1024000000
2026-05-30 17:28:01.096,2,1.81,,1024000000
2026-05-30 17:28:01.089,2,1.71,,1024000000
2026-05-30 17:28:01.083,2,1.93,,1024000000
2026-05-30 17:28:01.083,2,1.71,,1024000000
2026-05-30 17:28:01.076,2,1.64,,1024000000
2026-05-30 17:28:01.050,3,2.07,,1024000000
2026-05-30 17:28:01.046,2,1.93,,1024000000
2026-05-30 17:28:01.036,3,2.15,,1024000000
2026-05-30 17:28:01.018,3,2.09,,1024000000
2026-05-30 17:28:01.014,2,1.84,,1024000000
2026-05-30 17:28:01.014,2,1.82,,1024000000
2026-05-30 17:28:00.996,2,1.95,,1024000000
2026-05-30 17:28:00.984,2,1.83,,1024000000
2026-05-30 17:28:00.963,2,1.8,,1024000000
2026-05-30 17:28:00.959,2,1.84,,1024000000
2026-05-30 17:28:00.951,2,1.73,,1024000000
2026-05-30 17:28:00.950,2,1.77,,1024000000
2026-05-30 17:28:00.949,4,3.44,,1024000000
2026-05-30 17:28:00.943,2,1.75,,1024000000
2026-05-30 17:28:00.919,3,2.53,,1024000000
2026-05-30 17:28:00.917,2,1.78,,1024000000
2026-05-30 17:28:00.916,3,2.25,,1024000000
2026-05-30 17:28:00.915,3,2.37,,1024000000
2026-05-30 17:28:00.913,2,1.74,,1024000000
2026-05-30 17:28:00.911,11,10.79,,1024000000
2026-05-30 17:28:00.884,2,1.93,,1024000000
2026-05-30 17:28:00.879,2,1.78,,1024000000
2026-05-30 17:28:00.873,2,1.82,,1024000000
2026-05-30 17:28:00.837,3,2.02,,1024000000
2026-05-30 17:28:00.835,7,6.44,,1024000000
2026-05-30 17:28:00.815,3,2.03,,1024000000
2026-05-30 17:28:00.809,3,2.52,,1024000000
2026-05-30 17:28:00.793,3,2.39,,1024000000
2026-05-30 17:28:00.768,3,2.17,,1024000000
2026-05-30 17:28:00.765,2,1.71,,1024000000
2026-05-30 17:28:00.743,11,10.83,,1024000000
2026-05-30 17:28:00.720,2,1.72,,1024000000
2026-05-30 17:28:00.689,2,1.65,,1024000000
2026-05-30 17:28:00.689,2,1.75,,1024000000
2026-05-30 17:28:00.689,2,1.7,,1024000000
2026-05-30 17:28:00.680,2,1.74,,1024000000
2026-05-30 17:28:00.657,3,2.13,,1024000000
2026-05-30 17:28:00.655,11,10.95,,1024000000
2026-05-30 17:28:00.645,2,1.67,,1024000000
2026-05-30 17:28:00.629,2,1.85,,1024000000
2026-05-30 17:28:00.620,2,1.69,,1024000000
2026-05-30 17:28:00.616,2,1.79,,1024000000
2026-05-30 17:28:00.610,2,1.89,,1024000000
2026-05-30 17:28:00.581,3,2.17,,1024000000
2026-05-30 17:28:00.580,2,1.7,,1024000000
2026-05-30 17:28:00.569,2,1.69,,1024000000
2026-05-30 17:28:00.556,2,1.68,,1024000000
2026-05-30 17:28:00.548,2,1.96,,1024000000
2026-05-30 17:28:00.543,2,1.82,,1024000000
2026-05-30 17:28:00.537,2,1.93,,1024000000
2026-05-30 17:28:00.531,3,2,,1024000000
2026-05-30 17:28:00.527,2,1.78,,1024000000
2026-05-30 17:28:00.512,2,1.8,,1024000000
2026-05-30 17:28:00.512,3,2,,1024000000
2026-05-30 17:28:00.487,3,2.09,,1024000000
2026-05-30 17:28:00.483,2,1.93,,1024000000
2026-05-30 17:28:00.480,2,1.92,,1024000000
2026-05-30 17:28:00.469,2,1.85,,1024000000
2026-05-30 17:28:00.460,3,2.83,,1024000000
2026-05-30 17:28:00.423,2,1.85,,1024000000
2026-05-30 17:28:00.378,2,1.92,,1024000000
2026-05-30 17:28:00.339,3,2.21,,1024000000
2026-05-30 17:28:00.326,2,1.81,,1024000000
2026-05-30 17:28:00.294,2,1.82,,1024000000
2026-05-30 17:28:00.277,2,1.73,,1024000000
2026-05-30 17:28:00.266,8,7.12,,1024000000
2026-05-30 17:28:00.222,3,2.71,,1024000000
2026-05-30 17:28:00.211,2,1.87,,1024000000
2026-05-30 17:28:00.207,3,2.04,,1024000000
2026-05-30 17:28:00.206,2,1.67,,1024000000
2026-05-30 17:28:00.197,2,1.95,,1024000000
2026-05-30 17:28:00.196,2,1.92,,1024000000
2026-05-30 17:28:00.171,2,1.86,,1024000000
2026-05-30 17:28:00.170,2,1.8,,1024000000
2026-05-30 17:28:00.155,2,1.84,,1024000000
2026-05-30 17:28:00.145,2,1.72,,1024000000
2026-05-30 17:28:00.143,3,2.08,,1024000000
2026-05-30 17:28:00.141,2,1.95,,1024000000
2026-05-30 17:28:00.140,2,1.88,,1024000000
2026-05-30 17:28:00.137,8,7.42,,1024000000
2026-05-30 17:28:00.130,2,1.95,,1024000000
2026-05-30 17:28:00.112,3,2.13,,1024000000
2026-05-30 17:28:00.112,5,4.86,,1024000000
2026-05-30 17:28:00.106,2,1.73,,1024000000
2026-05-30 17:28:00.100,2,1.85,,1024000000
2026-05-30 17:28:00.096,15,14.88,,1024000000
2026-05-30 17:28:00.093,3,2.12,,1024000000
2026-05-30 17:28:00.085,2,1.73,,1024000000
2026-05-30 17:28:00.081,2,1.48,,1024000000
2026-05-30 17:28:00.074,2,1.78,,1024000000
2026-05-30 17:28:00.071,3,2.18,,1024000000
2026-05-30 17:28:00.070,2,1.99,,1024000000
2026-05-30 17:28:00.065,2,1.82,,1024000000
2026-05-30 17:28:00.056,2,1.84,,1024000000
2026-05-30 17:28:00.047,2,1.96,,1024000000
2026-05-30 17:28:00.047,3,2.16,,1024000000
2026-05-30 17:28:00.039,2,1.87,,1024000000
2026-05-30 17:28:00.015,6,5.87,,1024000000
2026-05-30 17:27:59.996,2,1.8,,1024000000
2026-05-30 17:27:59.994,2,1.85,,1024000000
2026-05-30 17:27:59.980,2,1.98,,1024000000
2026-05-30 17:27:59.976,2,1.75,,1024000000
2026-05-30 17:27:59.968,2,1.75,,1024000000
2026-05-30 17:27:59.964,2,1.79,,1024000000
2026-05-30 17:27:59.963,3,2.08,,1024000000
2026-05-30 17:27:59.936,2,1.72,,1024000000
2026-05-30 17:27:59.927,2,1.85,,1024000000
2026-05-30 17:27:59.903,2,1.79,,1024000000
2026-05-30 17:27:59.877,2,1.75,,1024000000
2026-05-30 17:27:59.865,2,1.81,,1024000000
2026-05-30 17:27:59.862,2,1.8,,1024000000
2026-05-30 17:27:59.837,2,1.83,,1024000000
2026-05-30 17:27:59.825,2,1.87,,1024000000
2026-05-30 17:27:59.810,2,1.98,,1024000000
2026-05-30 17:27:59.801,2,1.7,,1024000000
2026-05-30 17:27:59.798,2,1.75,,1024000000
2026-05-30 17:27:59.797,2,1.78,,1024000000
2026-05-30 17:27:59.784,2,1.75,,1024000000
2026-05-30 17:27:59.782,3,2.12,,1024000000
2026-05-30 17:27:59.756,2,1.86,,1024000000
2026-05-30 17:27:59.733,3,2.03,,1024000000
2026-05-30 17:27:59.712,2,1.98,,1024000000
2026-05-30 17:27:59.709,3,2.04,,1024000000
2026-05-30 17:27:59.702,2,1.9,,1024000000
2026-05-30 17:27:59.687,2,1.86,,1024000000
2026-05-30 17:27:59.684,2,1.93,,1024000000
2026-05-30 17:27:59.681,2,1.8,,1024000000
2026-05-30 17:27:59.675,6,5.22,,1024000000
2026-05-30 17:27:59.666,5,4.2,,1024000000
2026-05-30 17:27:59.660,2,1.75,,1024000000
2026-05-30 17:27:59.660,2,1.88,,1024000000
2026-05-30 17:27:59.656,2,1.82,,1024000000
2026-05-30 17:27:59.647,2,1.63,,1024000000
2026-05-30 17:27:59.646,2,1.73,,1024000000
2026-05-30 17:27:59.634,2,1.73,,1024000000
2026-05-30 17:27:59.617,3,2,,1024000000
2026-05-30 17:27:59.578,3,2.04,,1024000000
2026-05-30 17:27:59.575,2,1.79,,1024000000
2026-05-30 17:27:59.566,2,1.78,,1024000000
2026-05-30 17:27:59.502,3,2.17,,1024000000
2026-05-30 17:27:59.497,2,1.75,,1024000000
2026-05-30 17:27:59.492,2,1.81,,1024000000
2026-05-30 17:27:59.482,3,2.29,,1024000000
2026-05-30 17:27:59.466,4,3.51,,1024000000
2026-05-30 17:27:59.453,3,2.56,,1024000000
2026-05-30 17:27:59.452,13,12.51,,1024000000
2026-05-30 17:27:59.443,2,1.98,,1024000000
2026-05-30 17:27:59.436,3,2.24,,1024000000
2026-05-30 17:27:59.428,2,1.82,,1024000000
2026-05-30 17:27:59.418,4,3.87,,1024000000
2026-05-30 17:27:59.415,2,1.82,,1024000000
2026-05-30 17:27:59.402,2,1.97,,1024000000
2026-05-30 17:27:59.386,10,9.48,,1024000000
2026-05-30 17:27:59.385,2,1.74,,1024000000
2026-05-30 17:27:59.377,3,2.01,,1024000000
2026-05-30 17:27:59.365,2,1.73,,1024000000
2026-05-30 17:27:59.359,3,2.02,,1024000000
2026-05-30 17:27:59.340,3,2.07,,1024000000
2026-05-30 17:27:59.325,2,1.6,,1024000000
2026-05-30 17:27:59.315,5,4.66,,1024000000
2026-05-30 17:27:59.302,2,1.81,,1024000000
2026-05-30 17:27:59.286,9,8.61,,1024000000
2026-05-30 17:27:59.282,2,1.82,,1024000000
2026-05-30 17:27:59.276,2,1.78,,1024000000
2026-05-30 17:27:59.275,2,1.86,,1024000000
2026-05-30 17:27:59.270,2,1.79,,1024000000
2026-05-30 17:27:59.244,2,1.8,,1024000000
2026-05-30 17:27:59.242,2,1.81,,1024000000
2026-05-30 17:27:59.233,2,1.67,,1024000000
2026-05-30 17:27:59.212,2,1.88,,1024000000
2026-05-30 17:27:59.203,9,8.86,,1024000000
2026-05-30 17:27:59.190,2,1.65,,1024000000
2026-05-30 17:27:59.179,2,1.77,,1024000000
2026-05-30 17:27:59.151,2,1.81,,1024000000
2026-05-30 17:27:59.143,2,1.82,,1024000000
2026-05-30 17:27:59.129,2,1.63,,1024000000
2026-05-30 17:27:59.128,2,1.82,,1024000000
2026-05-30 17:27:59.122,2,1.94,,1024000000
2026-05-30 17:27:59.121,2,1.9,,1024000000
2026-05-30 17:27:59.115,13,12.64,,1024000000
2026-05-30 17:27:59.107,2,1.79,,1024000000
2026-05-30 17:27:59.104,2,1.95,,1024000000
2026-05-30 17:27:59.103,2,1.96,,1024000000
2026-05-30 17:27:59.087,2,1.79,,1024000000
2026-05-30 17:27:59.065,2,1.85,,1024000000
2026-05-30 17:27:59.053,2,1.84,,1024000000
2026-05-30 17:27:59.039,3,2.04,,1024000000
2026-05-30 17:27:59.035,5,4.42,,1024000000
2026-05-30 17:27:59.015,3,2.78,,1024000000
2026-05-30 17:27:59.014,3,2.04,,1024000000
2026-05-30 17:27:58.994,3,2.1,,1024000000
2026-05-30 17:27:58.988,2,1.86,,1024000000
2026-05-30 17:27:58.964,3,2.94,,1024000000
2026-05-30 17:27:58.939,2,1.61,,1024000000
2026-05-30 17:27:58.933,2,1.84,,1024000000
2026-05-30 17:27:58.919,2,1.82,,1024000000
2026-05-30 17:27:58.908,3,2.13,,1024000000
2026-05-30 17:27:58.878,3,2.02,,1024000000
2026-05-30 17:27:58.862,2,1.83,,1024000000
2026-05-30 17:27:58.858,2,1.67,,1024000000
2026-05-30 17:27:58.852,2,1.78,,1024000000
2026-05-30 17:27:58.850,2,1.67,,1024000000
2026-05-30 17:27:58.835,2,1.71,,1024000000
2026-05-30 17:27:58.811,2,1.9,,1024000000
2026-05-30 17:27:58.804,2,1.92,,1024000000
2026-05-30 17:27:58.795,3,2.38,,1024000000
2026-05-30 17:27:58.788,3,2.1,,1024000000
2026-05-30 17:27:58.782,2,1.82,,1024000000
2026-05-30 17:27:58.748,2,1.75,,1024000000
2026-05-30 17:27:58.734,3,2.02,,1024000000
2026-05-30 17:27:58.731,2,1.89,,1024000000
2026-05-30 17:27:58.725,2,1.75,,1024000000
2026-05-30 17:27:58.680,2,1.83,,1024000000
2026-05-30 17:27:58.669,2,1.87,,1024000000
2026-05-30 17:27:58.630,2,1.8,,1024000000
2026-05-30 17:27:58.625,2,1.82,,1024000000
2026-05-30 17:27:58.622,2,1.81,,1024000000
2026-05-30 17:27:58.614,3,2.13,,1024000000
2026-05-30 17:27:58.590,2,1.88,,1024000000
2026-05-30 17:27:58.584,4,3.35,,1024000000
2026-05-30 17:27:58.580,2,1.81,,1024000000
2026-05-30 17:27:58.547,2,1.75,,1024000000
2026-05-30 17:27:58.527,3,2.12,,1024000000
2026-05-30 17:27:58.520,3,2.23,,1024000000
2026-05-30 17:27:58.517,3,2.02,,1024000000
2026-05-30 17:27:58.510,2,1.99,,1024000000
2026-05-30 17:27:58.506,3,2.02,,1024000000
2026-05-30 17:27:58.505,2,1.85,,1024000000
2026-05-30 17:27:58.501,2,1.78,,1024000000
2026-05-30 17:27:58.497,3,2.07,,1024000000
2026-05-30 17:27:58.495,3,2.13,,1024000000
2026-05-30 17:27:58.434,3,2.08,,1024000000
2026-05-30 17:27:58.432,2,1.85,,1024000000
2026-05-30 17:27:58.427,3,2.34,,1024000000
2026-05-30 17:27:58.422,3,2.09,,1024000000
2026-05-30 17:27:58.418,3,2.15,,1024000000
2026-05-30 17:27:58.404,3,2.1,,1024000000
2026-05-30 17:27:58.402,2,1.78,,1024000000
2026-05-30 17:27:58.391,2,1.94,,1024000000
2026-05-30 17:27:58.391,22,21.02,,1024000000
2026-05-30 17:27:58.375,2,1.78,,1024000000
2026-05-30 17:27:58.372,2,1.91,,1024000000
2026-05-30 17:27:58.369,2,1.73,,1024000000
2026-05-30 17:27:58.368,2,1.56,,1024000000
2026-05-30 17:27:58.367,2,1.93,,1024000000
2026-05-30 17:27:58.366,3,2.33,,1024000000
2026-05-30 17:27:58.365,2,1.76,,1024000000
2026-05-30 17:27:58.358,2,1.72,,1024000000
2026-05-30 17:27:58.347,2,1.8,,1024000000
2026-05-30 17:27:58.331,2,1.77,,1024000000
2026-05-30 17:27:58.324,2,2,,1024000000
2026-05-30 17:27:58.299,2,1.71,,1024000000
2026-05-30 17:27:58.296,2,1.78,,1024000000
2026-05-30 17:27:58.285,2,1.73,,1024000000
2026-05-30 17:27:58.271,2,1.91,,1024000000
2026-05-30 17:27:58.231,2,1.69,,1024000000
2026-05-30 17:27:58.190,3,2.02,,1024000000
2026-05-30 17:27:58.189,2,1.76,,1024000000
2026-05-30 17:27:58.186,2,1.92,,1024000000
2026-05-30 17:27:58.170,2,1.77,,1024000000
2026-05-30 17:27:58.168,2,1.96,,1024000000
2026-05-30 17:27:58.159,2,1.86,,1024000000
2026-05-30 17:27:58.151,2,1.81,,1024000000
2026-05-30 17:27:58.122,2,1.9,,1024000000
2026-05-30 17:27:58.111,2,1.92,,1024000000
2026-05-30 17:27:58.088,2,1.76,,1024000000
2026-05-30 17:27:58.084,2,1.94,,1024000000
2026-05-30 17:27:58.061,2,1.77,,1024000000
2026-05-30 17:27:58.059,2,1.9,,1024000000
2026-05-30 17:27:58.052,3,2.13,,1024000000
2026-05-30 17:27:58.045,3,2.16,,1024000000
2026-05-30 17:27:58.039,2,1.84,,1024000000
2026-05-30 17:27:58.009,2,1.56,,1024000000
2026-05-30 17:27:57.999,2,1.97,,1024000000
2026-05-30 17:27:57.996,2,1.77,,1024000000
2026-05-30 17:27:57.981,2,1.85,,1024000000
2026-05-30 17:27:57.970,3,2.1,,1024000000
2026-05-30 17:27:57.958,2,1.9,,1024000000
2026-05-30 17:27:57.944,7,6.06,,1024000000
2026-05-30 17:27:57.908,2,1.64,,1024000000
2026-05-30 17:27:57.895,2,1.81,,1024000000
2026-05-30 17:27:57.892,2,1.6,,1024000000
2026-05-30 17:27:57.882,2,1.61,,1024000000
2026-05-30 17:27:57.875,2,1.78,,1024000000
2026-05-30 17:27:57.861,2,1.98,,1024000000
2026-05-30 17:27:57.854,2,1.77,,1024000000
2026-05-30 17:27:57.826,2,1.74,,1024000000
2026-05-30 17:27:57.814,2,1.9,,1024000000
2026-05-30 17:27:57.812,4,3.34,,1024000000
2026-05-30 17:27:57.794,2,1.85,,1024000000
2026-05-30 17:27:57.786,2,1.81,,1024000000
2026-05-30 17:27:57.766,2,1.95,,1024000000
2026-05-30 17:27:57.761,2,1.98,,1024000000
2026-05-30 17:27:57.761,2,1.81,,1024000000
2026-05-30 17:27:57.728,2,1.7,,1024000000
2026-05-30 17:27:57.727,2,1.75,,1024000000
2026-05-30 17:27:57.719,2,1.75,,1024000000
2026-05-30 17:27:57.715,2,1.92,,1024000000
2026-05-30 17:27:57.703,2,1.55,,1024000000
2026-05-30 17:27:57.701,2,1.83,,1024000000
2026-05-30 17:27:57.695,2,1.8,,1024000000
2026-05-30 17:27:57.695,2,1.71,,1024000000
2026-05-30 17:27:57.692,2,1.76,,1024000000
2026-05-30 17:27:57.681,3,2.14,,1024000000
2026-05-30 17:27:57.678,3,2.17,,1024000000
2026-05-30 17:27:57.655,2,1.97,,1024000000
2026-05-30 17:27:57.601,2,1.77,,1024000000
2026-05-30 17:27:57.572,2,1.69,,1024000000
2026-05-30 17:27:57.567,2,1.92,,1024000000
2026-05-30 17:27:57.566,3,2.11,,1024000000
2026-05-30 17:27:57.558,2,1.63,,1024000000
2026-05-30 17:27:57.542,2,1.92,,1024000000
2026-05-30 17:27:57.537,2,1.88,,1024000000
2026-05-30 17:27:57.523,2,1.86,,1024000000
2026-05-30 17:27:57.519,2,1.85,,1024000000
2026-05-30 17:27:57.517,2,1.9,,1024000000
2026-05-30 17:27:57.517,2,1.69,,1024000000
2026-05-30 17:27:57.504,3,2.72,,1024000000
2026-05-30 17:27:57.489,2,1.84,,1024000000
2026-05-30 17:27:57.489,2,1.66,,1024000000
2026-05-30 17:27:57.478,2,1.71,,1024000000
2026-05-30 17:27:57.475,2,1.71,,1024000000
2026-05-30 17:27:57.454,2,1.65,,1024000000
2026-05-30 17:27:57.454,2,1.72,,1024000000
2026-05-30 17:27:57.438,2,1.89,,1024000000
2026-05-30 17:27:57.435,3,2.19,,1024000000
2026-05-30 17:27:57.415,3,2.11,,1024000000
2026-05-30 17:27:57.412,2,1.62,,1024000000
2026-05-30 17:27:57.405,2,1.96,,1024000000
2026-05-30 17:27:57.386,5,4.38,,1024000000
2026-05-30 17:27:57.361,2,1.74,,1024000000
2026-05-30 17:27:57.354,2,1.85,,1024000000
2026-05-30 17:27:57.352,2,1.81,,1024000000
2026-05-30 17:27:57.347,2,1.68,,1024000000
2026-05-30 17:27:57.340,2,1.92,,1024000000
2026-05-30 17:27:57.339,2,1.73,,1024000000
2026-05-30 17:27:57.339,3,2.87,,1024000000
2026-05-30 17:27:57.312,3,2.11,,1024000000
2026-05-30 17:27:57.310,3,2.01,,1024000000
2026-05-30 17:27:57.305,2,1.77,,1024000000
2026-05-30 17:27:57.304,2,1.81,,1024000000
2026-05-30 17:27:57.301,2,1.84,,1024000000
2026-05-30 17:27:57.300,3,2.25,,1024000000
2026-05-30 17:27:57.298,3,2.22,,1024000000
2026-05-30 17:27:57.278,2,1.81,,1024000000
2026-05-30 17:27:57.276,3,2.08,,1024000000
2026-05-30 17:27:57.273,2,1.74,,1024000000
2026-05-30 17:27:57.247,2,1.6,,1024000000
2026-05-30 17:27:57.239,2,1.76,,1024000000
2026-05-30 17:27:57.233,2,1.72,,1024000000
2026-05-30 17:27:57.228,2,1.74,,1024000000
2026-05-30 17:27:57.218,3,2.06,,1024000000
2026-05-30 17:27:57.198,2,1.95,,1024000000
2026-05-30 17:27:57.190,17,16.6,,1024000000
2026-05-30 17:27:57.190,2,1.82,,1024000000
2026-05-30 17:27:57.154,2,1.62,,1024000000
2026-05-30 17:27:57.140,2,1.78,,1024000000
2026-05-30 17:27:57.133,2,1.92,,1024000000
2026-05-30 17:27:57.099,2,1.74,,1024000000
2026-05-30 17:27:57.093,2,1.97,,1024000000
2026-05-30 17:27:57.080,2,1.82,,1024000000
2026-05-30 17:27:57.072,2,1.7,,1024000000
2026-05-30 17:27:57.063,2,1.81,,1024000000
2026-05-30 17:27:57.047,2,1.84,,1024000000
2026-05-30 17:27:57.039,3,2.03,,1024000000
2026-05-30 17:27:57.019,2,1.94,,1024000000
2026-05-30 17:27:57.016,2,1.78,,1024000000
2026-05-30 17:27:57.002,2,1.77,,1024000000
2026-05-30 17:27:56.994,2,1.49,,1024000000
2026-05-30 17:27:56.974,22,21.36,,1024000000
2026-05-30 17:27:56.973,2,1.98,,1024000000
2026-05-30 17:27:56.969,2,1.91,,1024000000
2026-05-30 17:27:56.962,2,1.78,,1024000000
2026-05-30 17:27:56.958,2,1.64,,1024000000
2026-05-30 17:27:56.951,2,1.78,,1024000000
2026-05-30 17:27:56.948,2,1.85,,1024000000
2026-05-30 17:27:56.947,2,1.77,,1024000000
2026-05-30 17:27:56.942,2,1.91,,1024000000
2026-05-30 17:27:56.917,2,1.78,,1024000000
2026-05-30 17:27:56.907,3,2.13,,1024000000
2026-05-30 17:27:56.904,4,3.42,,1024000000
2026-05-30 17:27:56.902,2,1.85,,1024000000
2026-05-30 17:27:56.898,2,1.61,,1024000000
2026-05-30 17:27:56.886,2,1.78,,1024000000
2026-05-30 17:27:56.876,2,1.69,,1024000000
2026-05-30 17:27:56.827,2,1.75,,1024000000
2026-05-30 17:27:56.813,3,2.01,,1024000000
2026-05-30 17:27:56.786,2,1.86,,1024000000
2026-05-30 17:27:56.782,2,1.67,,1024000000
2026-05-30 17:27:56.777,2,1.92,,1024000000
2026-05-30 17:27:56.740,2,1.77,,1024000000
2026-05-30 17:27:56.725,2,1.83,,1024000000
2026-05-30 17:27:56.711,2,1.75,,1024000000
2026-05-30 17:27:56.700,2,1.76,,1024000000
2026-05-30 17:27:56.697,2,1.81,,1024000000
2026-05-30 17:27:56.694,3,2.35,,1024000000
2026-05-30 17:27:56.675,2,1.88,,1024000000
2026-05-30 17:27:56.665,2,1.67,,1024000000
2026-05-30 17:27:56.664,2,1.87,,1024000000
2026-05-30 17:27:56.648,2,1.9,,1024000000
2026-05-30 17:27:56.646,2,1.66,,1024000000
2026-05-30 17:27:56.633,2,1.83,,1024000000
2026-05-30 17:27:56.632,2,1.9,,1024000000
2026-05-30 17:27:56.604,2,1.91,,1024000000
2026-05-30 17:27:56.602,2,1.79,,1024000000
2026-05-30 17:27:56.594,2,1.7,,1024000000
2026-05-30 17:27:56.594,2,1.96,,1024000000
2026-05-30 17:27:56.592,2,1.57,,1024000000
2026-05-30 17:27:56.585,2,1.84,,1024000000
2026-05-30 17:27:56.582,2,1.8,,1024000000
2026-05-30 17:27:56.582,2,1.91,,1024000000
2026-05-30 17:27:56.572,2,1.72,,1024000000
2026-05-30 17:27:56.539,2,1.9,,1024000000
2026-05-30 17:27:56.530,2,1.7,,1024000000
2026-05-30 17:27:56.515,3,2.02,,1024000000
2026-05-30 17:27:56.507,2,1.76,,1024000000
2026-05-30 17:27:56.502,3,2.01,,1024000000
2026-05-30 17:27:56.496,2,1.89,,1024000000
2026-05-30 17:27:56.495,2,1.85,,1024000000
2026-05-30 17:27:56.483,2,1.93,,1024000000
2026-05-30 17:27:56.481,2,1.84,,1024000000
2026-05-30 17:27:56.475,3,2.29,,1024000000
2026-05-30 17:27:56.471,2,1.77,,1024000000
2026-05-30 17:27:56.469,2,1.85,,1024000000
2026-05-30 17:27:56.431,2,1.85,,1024000000
2026-05-30 17:27:56.411,2,1.72,,1024000000
2026-05-30 17:27:56.391,2,1.85,,1024000000
2026-05-30 17:27:56.383,2,1.76,,1024000000
2026-05-30 17:27:56.379,2,1.74,,1024000000
2026-05-30 17:27:56.362,2,1.91,,1024000000
2026-05-30 17:27:56.321,2,1.83,,1024000000
2026-05-30 17:27:56.298,2,1.84,,1024000000
2026-05-30 17:27:56.293,2,1.63,,1024000000
2026-05-30 17:27:56.288,2,1.85,,1024000000
2026-05-30 17:27:56.275,2,1.83,,1024000000
2026-05-30 17:27:56.245,2,1.8,,1024000000
2026-05-30 17:27:56.208,2,1.7,,1024000000
2026-05-30 17:27:56.208,2,1.92,,1024000000
2026-05-30 17:27:56.171,2,1.81,,1024000000
2026-05-30 17:27:56.166,2,1.78,,1024000000
2026-05-30 17:27:56.164,2,1.8,,1024000000
2026-05-30 17:27:56.157,2,1.73,,1024000000
2026-05-30 17:27:56.154,2,1.79,,1024000000
2026-05-30 17:27:56.154,2,1.66,,1024000000
2026-05-30 17:27:56.145,2,1.76,,1024000000
2026-05-30 17:27:56.122,3,2.3,,1024000000
2026-05-30 17:27:56.120,2,1.58,,1024000000
2026-05-30 17:27:56.116,2,1.78,,1024000000
2026-05-30 17:27:56.107,2,1.7,,1024000000
2026-05-30 17:27:56.103,6,5.84,,1024000000
2026-05-30 17:27:56.098,2,1.98,,1024000000
2026-05-30 17:27:56.096,2,1.71,,1024000000
2026-05-30 17:27:56.094,3,2.22,,1024000000
2026-05-30 17:27:56.075,2,1.78,,1024000000
2026-05-30 17:27:56.017,3,2.1,,1024000000
2026-05-30 17:27:56.011,2,1.74,,1024000000
2026-05-30 17:27:56.003,2,1.75,,1024000000
2026-05-30 17:27:55.983,2,1.78,,1024000000
2026-05-30 17:27:55.955,2,1.79,,1024000000
2026-05-30 17:27:55.951,2,1.74,,1024000000
2026-05-30 17:27:55.934,2,1.75,,1024000000
2026-05-30 17:27:55.922,16,15.11,,1024000000
2026-05-30 17:27:55.884,3,2.23,,1024000000
2026-05-30 17:27:55.880,2,1.78,,1024000000
2026-05-30 17:27:55.877,3,2.49,,1024000000
2026-05-30 17:27:55.877,2,1.7,,1024000000
2026-05-30 17:27:55.873,15,14.82,,1024000000
2026-05-30 17:27:55.872,2,1.9,,1024000000
2026-05-30 17:27:55.861,2,1.94,,1024000000
2026-05-30 17:27:55.800,2,1.9,,1024000000
2026-05-30 17:27:55.786,2,1.74,,1024000000
2026-05-30 17:27:55.763,2,1.83,,1024000000
2026-05-30 17:27:55.757,2,1.91,,1024000000
2026-05-30 17:27:55.739,2,1.71,,1024000000
2026-05-30 17:27:55.731,2,1.71,,1024000000
2026-05-30 17:27:55.721,2,1.99,,1024000000
2026-05-30 17:27:55.717,2,1.78,,1024000000
2026-05-30 17:27:55.717,2,1.73,,1024000000
2026-05-30 17:27:55.712,2,1.74,,1024000000
2026-05-30 17:27:55.712,2,1.74,,1024000000
2026-05-30 17:27:55.706,2,1.69,,1024000000
2026-05-30 17:27:55.705,4,3.67,,1024000000
2026-05-30 17:27:55.704,2,1.66,,1024000000
2026-05-30 17:27:55.693,2,1.62,,1024000000
2026-05-30 17:27:55.687,2,1.7,,1024000000
2026-05-30 17:27:55.684,2,1.52,,1024000000
2026-05-30 17:27:55.676,2,1.71,,1024000000
2026-05-30 17:27:55.673,2,1.77,,1024000000
2026-05-30 17:27:55.668,2,1.85,,1024000000
2026-05-30 17:27:55.665,2,1.71,,1024000000
2026-05-30 17:27:55.653,2,1.65,,1024000000
2026-05-30 17:27:55.652,2,1.78,,1024000000
2026-05-30 17:27:55.631,2,1.9,,1024000000
2026-05-30 17:27:55.616,2,1.97,,1024000000
2026-05-30 17:27:55.595,3,2.27,,1024000000
2026-05-30 17:27:55.589,2,1.98,,1024000000
2026-05-30 17:27:55.587,3,2.69,,1024000000
2026-05-30 17:27:55.586,2,1.85,,1024000000
2026-05-30 17:27:55.568,2,1.94,,1024000000
2026-05-30 17:27:55.568,2,1.94,,1024000000
2026-05-30 17:27:55.551,3,2.53,,1024000000
2026-05-30 17:27:55.545,6,5.08,,1024000000
2026-05-30 17:27:55.540,2,1.88,,1024000000
2026-05-30 17:27:55.496,3,2.59,,1024000000
2026-05-30 17:27:55.487,2,1.99,,1024000000
2026-05-30 17:27:55.479,2,1.85,,1024000000
2026-05-30 17:27:55.476,2,1.85,,1024000000
2026-05-30 17:27:55.473,2,1.78,,1024000000
2026-05-30 17:27:55.453,2,1.88,,1024000000
2026-05-30 17:27:55.452,3,2.04,,1024000000
2026-05-30 17:27:55.415,3,2.38,,1024000000
2026-05-30 17:27:55.409,2,1.97,,1024000000
2026-05-30 17:27:55.405,3,2.01,,1024000000
2026-05-30 17:27:55.401,3,2.18,,1024000000
2026-05-30 17:27:55.400,2,1.8,,1024000000
2026-05-30 17:27:55.352,2,1.77,,1024000000
2026-05-30 17:27:55.318,4,3.32,,1024000000
2026-05-30 17:27:55.309,2,1.77,,1024000000
2026-05-30 17:27:55.301,2,1.83,,1024000000
2026-05-30 17:27:55.301,2,1.61,,1024000000
2026-05-30 17:27:55.282,2,1.75,,1024000000
2026-05-30 17:27:55.273,2,1.71,,1024000000
2026-05-30 17:27:55.271,3,2.35,,1024000000
2026-05-30 17:27:55.254,2,1.88,,1024000000
2026-05-30 17:27:55.241,11,10.72,,1024000000
2026-05-30 17:27:55.230,2,1.93,,1024000000
2026-05-30 17:27:55.219,3,2.25,,1024000000
2026-05-30 17:27:55.217,2,1.6,,1024000000
2026-05-30 17:27:55.213,2,1.89,,1024000000
2026-05-30 17:27:55.207,2,1.82,,1024000000
2026-05-30 17:27:55.182,2,1.89,,1024000000
2026-05-30 17:27:55.160,3,2.15,,1024000000
2026-05-30 17:27:55.156,2,1.72,,1024000000
2026-05-30 17:27:55.156,2,1.88,,1024000000
2026-05-30 17:27:55.139,2,1.81,,1024000000
2026-05-30 17:27:55.139,2,1.79,,1024000000
2026-05-30 17:27:55.129,2,1.9,,1024000000
2026-05-30 17:27:55.128,2,1.97,,1024000000
2026-05-30 17:27:55.127,2,1.87,,1024000000
2026-05-30 17:27:55.104,2,1.82,,1024000000
2026-05-30 17:27:55.098,3,2.06,,1024000000
2026-05-30 17:27:55.097,3,2.09,,1024000000
2026-05-30 17:27:55.095,2,1.77,,1024000000
2026-05-30 17:27:55.060,2,1.83,,1024000000
2026-05-30 17:27:55.059,2,1.78,,1024000000
2026-05-30 17:27:55.055,2,1.74,,1024000000
2026-05-30 17:27:55.054,2,1.67,,1024000000
2026-05-30 17:27:55.054,2,1.82,,1024000000
2026-05-30 17:27:55.054,2,1.9,,1024000000
2026-05-30 17:27:55.038,2,1.79,,1024000000
2026-05-30 17:27:55.021,2,1.65,,1024000000
2026-05-30 17:27:55.016,3,2.23,,1024000000
2026-05-30 17:27:55.011,2,1.79,,1024000000
2026-05-30 17:27:55.007,2,1.74,,1024000000
2026-05-30 17:27:54.986,2,1.85,,1024000000
2026-05-30 17:27:54.969,2,1.92,,1024000000
2026-05-30 17:27:54.959,3,2.14,,1024000000
2026-05-30 17:27:54.954,2,1.99,,1024000000
2026-05-30 17:27:54.939,3,2.02,,1024000000
2026-05-30 17:27:54.937,2,1.71,,1024000000
2026-05-30 17:27:54.919,2,1.77,,1024000000
2026-05-30 17:27:54.889,2,1.78,,1024000000
2026-05-30 17:27:54.853,2,1.58,,1024000000
2026-05-30 17:27:54.844,2,1.83,,1024000000
2026-05-30 17:27:54.834,2,1.8,,1024000000
2026-05-30 17:27:54.821,2,1.86,,1024000000
2026-05-30 17:27:54.820,3,2.01,,1024000000
2026-05-30 17:27:54.814,4,3.05,,1024000000
2026-05-30 17:27:54.802,2,1.97,,1024000000
2026-05-30 17:27:54.793,3,2.26,,1024000000
2026-05-30 17:27:54.783,3,2.26,,1024000000
2026-05-30 17:27:54.776,2,1.82,,1024000000
2026-05-30 17:27:54.775,2,1.82,,1024000000
2026-05-30 17:27:54.756,2,1.98,,1024000000
2026-05-30 17:27:54.749,2,1.8,,1024000000
2026-05-30 17:27:54.740,2,1.63,,1024000000
2026-05-30 17:27:54.738,3,2.14,,1024000000
2026-05-30 17:27:54.730,2,1.73,,1024000000
2026-05-30 17:27:54.713,3,2.04,,1024000000
2026-05-30 17:27:54.703,2,1.71,,1024000000
2026-05-30 17:27:54.660,2,1.94,,1024000000
2026-05-30 17:27:54.650,3,2.73,,1024000000
2026-05-30 17:27:54.648,2,1.85,,1024000000
2026-05-30 17:27:54.647,2,1.8,,1024000000
2026-05-30 17:27:54.633,2,1.77,,1024000000
2026-05-30 17:27:54.620,12,11.36,,1024000000
2026-05-30 17:27:54.559,2,1.75,,1024000000
2026-05-30 17:27:54.557,3,2.38,,1024000000
2026-05-30 17:27:54.534,2,1.77,,1024000000
2026-05-30 17:27:54.530,2,1.77,,1024000000
2026-05-30 17:27:54.497,2,1.77,,1024000000
2026-05-30 17:27:54.492,2,1.66,,1024000000
2026-05-30 17:27:54.475,2,1.82,,1024000000
2026-05-30 17:27:54.460,2,1.84,,1024000000
2026-05-30 17:27:54.453,2,1.86,,1024000000
2026-05-30 17:27:54.447,6,5.35,,1024000000
2026-05-30 17:27:54.447,2,1.78,,1024000000
2026-05-30 17:27:54.447,2,1.97,,1024000000
2026-05-30 17:27:54.446,2,1.86,,1024000000
2026-05-30 17:27:54.435,2,1.68,,1024000000
2026-05-30 17:27:54.396,2,1.89,,1024000000
2026-05-30 17:27:54.387,2,1.86,,1024000000
2026-05-30 17:27:54.371,2,1.67,,1024000000
2026-05-30 17:27:54.359,2,1.87,,1024000000
2026-05-30 17:27:54.355,6,5.02,,1024000000
2026-05-30 17:27:54.354,3,2.17,,1024000000
2026-05-30 17:27:54.348,3,2.3,,1024000000
2026-05-30 17:27:54.347,3,2.15,,1024000000
2026-05-30 17:27:54.345,2,1.7,,1024000000
2026-05-30 17:27:54.337,2,1.83,,1024000000
2026-05-30 17:27:54.335,2,1.94,,1024000000
2026-05-30 17:27:54.331,3,2.13,,1024000000
2026-05-30 17:27:54.320,2,1.68,,1024000000
2026-05-30 17:27:54.301,3,2.11,,1024000000
2026-05-30 17:27:54.278,2,1.97,,1024000000
2026-05-30 17:27:54.273,2,1.69,,1024000000
2026-05-30 17:27:54.251,3,2.02,,1024000000
2026-05-30 17:27:54.251,11,10.04,,1024000000
2026-05-30 17:27:54.239,2,1.79,,1024000000
2026-05-30 17:27:54.230,3,2.1,,1024000000
2026-05-30 17:27:54.205,3,2.04,,1024000000
2026-05-30 17:27:54.205,2,1.89,,1024000000
2026-05-30 17:27:54.205,2,1.75,,1024000000
2026-05-30 17:27:54.204,2,1.92,,1024000000
2026-05-30 17:27:54.184,2,1.77,,1024000000
2026-05-30 17:27:54.181,2,1.97,,1024000000
2026-05-30 17:27:54.168,9,8.61,,1024000000
2026-05-30 17:27:54.154,2,1.97,,1024000000
2026-05-30 17:27:54.095,6,6,,1024000000
2026-05-30 17:27:54.091,2,1.73,,1024000000
2026-05-30 17:27:54.074,3,2.38,,1024000000
2026-05-30 17:27:54.072,2,1.71,,1024000000
2026-05-30 17:27:54.061,2,1.71,,1024000000
2026-05-30 17:27:54.043,16,15.34,,1024000000
2026-05-30 17:27:54.027,2,1.72,,1024000000
2026-05-30 17:27:53.976,3,2.04,,1024000000
2026-05-30 17:27:53.969,2,1.78,,1024000000
2026-05-30 17:27:53.969,2,1.83,,1024000000
2026-05-30 17:27:53.966,2,1.83,,1024000000
2026-05-30 17:27:53.942,3,2.13,,1024000000
2026-05-30 17:27:53.940,2,1.73,,1024000000
2026-05-30 17:27:53.904,3,2.34,,1024000000
2026-05-30 17:27:53.901,2,1.7,,1024000000
2026-05-30 17:27:53.887,2,1.98,,1024000000
2026-05-30 17:27:53.880,2,1.87,,1024000000
2026-05-30 17:27:53.878,2,1.53,,1024000000
2026-05-30 17:27:53.876,2,1.79,,1024000000
2026-05-30 17:27:53.858,2,1.92,,1024000000
2026-05-30 17:27:53.852,2,1.85,,1024000000
2026-05-30 17:27:53.845,2,1.85,,1024000000
2026-05-30 17:27:53.838,2,1.69,,1024000000
2026-05-30 17:27:53.824,2,1.8,,1024000000
2026-05-30 17:27:53.820,2,1.88,,1024000000
2026-05-30 17:27:53.795,3,2.12,,1024000000
2026-05-30 17:27:53.786,3,2.19,,1024000000
2026-05-30 17:27:53.764,2,1.93,,1024000000
2026-05-30 17:27:53.736,2,1.61,,1024000000
2026-05-30 17:27:53.734,3,2.2,,1024000000
2026-05-30 17:27:53.733,2,1.76,,1024000000
2026-05-30 17:27:53.721,3,2.04,,1024000000
2026-05-30 17:27:53.720,3,2.05,,1024000000
2026-05-30 17:27:53.716,2,1.8,,1024000000
2026-05-30 17:27:53.685,2,1.77,,1024000000
2026-05-30 17:27:53.678,2,1.8,,1024000000
2026-05-30 17:27:53.673,2,1.74,,1024000000
2026-05-30 17:27:53.664,2,1.73,,1024000000
2026-05-30 17:27:53.655,2,1.78,,1024000000
2026-05-30 17:27:53.654,2,1.87,,1024000000
2026-05-30 17:27:53.638,2,1.69,,1024000000
2026-05-30 17:27:53.636,2,1.94,,1024000000
2026-05-30 17:27:53.634,2,1.76,,1024000000
2026-05-30 17:27:53.618,3,2.01,,1024000000
2026-05-30 17:27:53.582,2,2,,1024000000
2026-05-30 17:27:53.568,2,1.8,,1024000000
2026-05-30 17:27:53.564,2,1.79,,1024000000
2026-05-30 17:27:53.563,2,1.76,,1024000000
2026-05-30 17:27:53.560,2,1.94,,1024000000
2026-05-30 17:27:53.546,2,1.86,,1024000000
2026-05-30 17:27:53.539,2,1.84,,1024000000
2026-05-30 17:27:53.537,2,2,,1024000000
2026-05-30 17:27:53.511,2,1.79,,1024000000
2026-05-30 17:27:53.508,2,1.65,,1024000000
2026-05-30 17:27:53.504,3,2.09,,1024000000
2026-05-30 17:27:53.503,2,1.74,,1024000000
2026-05-30 17:27:53.498,2,1.65,,1024000000
2026-05-30 17:27:53.495,3,2.22,,1024000000
2026-05-30 17:27:53.493,2,1.72,,1024000000
2026-05-30 17:27:53.480,3,2.03,,1024000000
2026-05-30 17:27:53.480,3,2.06,,1024000000
2026-05-30 17:27:53.442,2,1.71,,1024000000
2026-05-30 17:27:53.416,2,1.86,,1024000000
2026-05-30 17:27:53.415,3,2.25,,1024000000
2026-05-30 17:27:53.386,2,1.74,,1024000000
2026-05-30 17:27:53.384,2,1.6,,1024000000
2026-05-30 17:27:53.366,3,2.23,,1024000000
2026-05-30 17:27:53.329,2,1.65,,1024000000
2026-05-30 17:27:53.328,3,2.17,,1024000000
2026-05-30 17:27:53.328,2,1.85,,1024000000
2026-05-30 17:27:53.309,2,1.77,,1024000000
2026-05-30 17:27:53.292,2,1.75,,1024000000
2026-05-30 17:27:53.290,2,1.63,,1024000000
2026-05-30 17:27:53.279,2,1.69,,1024000000
2026-05-30 17:27:53.267,2,1.96,,1024000000
2026-05-30 17:27:53.264,3,2.58,,1024000000
2026-05-30 17:27:53.260,2,1.85,,1024000000
2026-05-30 17:27:53.259,2,1.68,,1024000000
2026-05-30 17:27:53.250,2,1.7,,1024000000
2026-05-30 17:27:53.250,2,1.86,,1024000000
2026-05-30 17:27:53.237,2,1.88,,1024000000
2026-05-30 17:27:53.236,2,1.78,,1024000000
2026-05-30 17:27:53.225,2,1.79,,1024000000
2026-05-30 17:27:53.223,3,2.71,,1024000000
2026-05-30 17:27:53.219,2,1.97,,1024000000
2026-05-30 17:27:53.217,2,1.91,,1024000000
2026-05-30 17:27:53.199,2,1.84,,1024000000
2026-05-30 17:27:53.198,2,1.66,,1024000000
2026-05-30 17:27:53.196,2,1.84,,1024000000
2026-05-30 17:27:53.195,2,1.74,,1024000000
2026-05-30 17:27:53.176,3,2.07,,1024000000
2026-05-30 17:27:53.143,2,1.97,,1024000000
2026-05-30 17:27:53.138,2,1.85,,1024000000
2026-05-30 17:27:53.133,3,2.19,,1024000000
2026-05-30 17:27:53.108,2,1.96,,1024000000
2026-05-30 17:27:53.099,2,1.81,,1024000000
2026-05-30 17:27:53.091,2,1.7,,1024000000
2026-05-30 17:27:53.081,2,1.94,,1024000000
2026-05-30 17:27:53.080,2,1.86,,1024000000
2026-05-30 17:27:53.078,3,2.08,,1024000000
2026-05-30 17:27:53.076,3,2.13,,1024000000
2026-05-30 17:27:53.062,2,1.93,,1024000000
2026-05-30 17:27:53.059,2,1.84,,1024000000
2026-05-30 17:27:53.054,2,1.62,,1024000000
2026-05-30 17:27:53.052,2,1.93,,1024000000
2026-05-30 17:27:53.039,2,1.78,,1024000000
2026-05-30 17:27:53.024,2,1.89,,1024000000
2026-05-30 17:27:53.017,3,2.47,,1024000000
2026-05-30 17:27:53.008,2,1.69,,1024000000
2026-05-30 17:27:52.983,2,1.65,,1024000000
2026-05-30 17:27:52.934,2,1.97,,1024000000
2026-05-30 17:27:52.932,10,9.74,,1024000000
2026-05-30 17:27:52.932,3,2.11,,1024000000
2026-05-30 17:27:52.925,3,2.45,,1024000000
2026-05-30 17:27:52.906,5,4.47,,1024000000
2026-05-30 17:27:52.894,2,1.84,,1024000000
2026-05-30 17:27:52.886,3,2.57,,1024000000
2026-05-30 17:27:52.873,3,2.87,,1024000000
2026-05-30 17:27:52.860,3,2.13,,1024000000
2026-05-30 17:27:52.852,2,1.96,,1024000000
2026-05-30 17:27:52.800,4,3.27,,1024000000
2026-05-30 17:27:52.797,3,2.19,,1024000000
2026-05-30 17:27:52.794,2,1.92,,1024000000
2026-05-30 17:27:52.765,2,1.84,,1024000000
2026-05-30 17:27:52.763,2,1.88,,1024000000
2026-05-30 17:27:52.748,2,1.68,,1024000000
2026-05-30 17:27:52.727,2,1.85,,1024000000
2026-05-30 17:27:52.720,2,1.94,,1024000000
2026-05-30 17:27:52.713,3,2.54,,1024000000
2026-05-30 17:27:52.710,2,1.76,,1024000000
2026-05-30 17:27:52.709,3,2,,1024000000
2026-05-30 17:27:52.705,2,1.93,,1024000000
2026-05-30 17:27:52.651,2,1.92,,1024000000
2026-05-30 17:27:52.649,2,1.9,,1024000000
2026-05-30 17:27:52.639,2,1.65,,1024000000
2026-05-30 17:27:52.639,8,7.83,,1024000000
2026-05-30 17:27:52.577,2,1.88,,1024000000
2026-05-30 17:27:52.576,3,2.18,,1024000000
2026-05-30 17:27:52.574,2,1.74,,1024000000
2026-05-30 17:27:52.573,3,2.2,,1024000000
2026-05-30 17:27:52.563,2,1.76,,1024000000
2026-05-30 17:27:52.521,3,2,,1024000000
2026-05-30 17:27:52.518,2,1.66,,1024000000
2026-05-30 17:27:52.504,2,1.69,,1024000000
2026-05-30 17:27:52.500,9,8.94,,1024000000
2026-05-30 17:27:52.494,6,5.97,,1024000000
2026-05-30 17:27:52.478,2,1.46,,1024000000
2026-05-30 17:27:52.476,2,1.7,,1024000000
2026-05-30 17:27:52.473,2,1.73,,1024000000
2026-05-30 17:27:52.471,2,1.69,,1024000000
2026-05-30 17:27:52.448,2,1.95,,1024000000
2026-05-30 17:27:52.444,2,1.7,,1024000000
2026-05-30 17:27:52.426,2,1.69,,1024000000
2026-05-30 17:27:52.425,2,1.73,,1024000000
2026-05-30 17:27:52.420,2,1.91,,1024000000
2026-05-30 17:27:52.416,2,1.83,,1024000000
2026-05-30 17:27:52.384,2,1.81,,1024000000
2026-05-30 17:27:52.353,3,2.04,,1024000000
2026-05-30 17:27:52.350,11,10.36,,1024000000
2026-05-30 17:27:52.349,2,1.71,,1024000000
2026-05-30 17:27:52.339,5,4.68,,1024000000
2026-05-30 17:27:52.338,2,1.98,,1024000000
2026-05-30 17:27:52.324,2,1.97,,1024000000
2026-05-30 17:27:52.321,3,2.07,,1024000000
2026-05-30 17:27:52.321,2,1.84,,1024000000
2026-05-30 17:27:52.319,2,1.95,,1024000000
2026-05-30 17:27:52.317,2,1.83,,1024000000
2026-05-30 17:27:52.312,4,3.43,,1024000000
2026-05-30 17:27:52.307,2,1.98,,1024000000
2026-05-30 17:27:52.307,2,1.86,,1024000000
2026-05-30 17:27:52.300,8,7.35,,1024000000
2026-05-30 17:27:52.264,2,1.5,,1024000000
2026-05-30 17:27:52.262,2,1.9,,1024000000
2026-05-30 17:27:52.256,2,1.66,,1024000000
2026-05-30 17:27:52.254,2,1.86,,1024000000
2026-05-30 17:27:52.229,3,2.01,,1024000000
2026-05-30 17:27:52.212,2,1.66,,1024000000
2026-05-30 17:27:52.211,2,1.89,,1024000000
2026-05-30 17:27:52.193,2,1.94,,1024000000
2026-05-30 17:27:52.134,3,2.22,,1024000000
2026-05-30 17:27:52.129,2,1.66,,1024000000
2026-05-30 17:27:52.120,2,1.82,,1024000000
2026-05-30 17:27:52.118,2,1.8,,1024000000
2026-05-30 17:27:52.117,2,1.78,,1024000000
2026-05-30 17:27:52.110,2,1.85,,1024000000
2026-05-30 17:27:52.096,3,2.43,,1024000000
2026-05-30 17:27:52.096,3,2.1,,1024000000
2026-05-30 17:27:52.094,2,1.76,,1024000000
2026-05-30 17:27:52.087,2,1.92,,1024000000
2026-05-30 17:27:52.084,2,1.89,,1024000000
2026-05-30 17:27:52.079,2,1.8,,1024000000
2026-05-30 17:27:52.076,2,1.82,,1024000000
2026-05-30 17:27:52.070,2,1.71,,1024000000
2026-05-30 17:27:52.063,2,1.87,,1024000000
2026-05-30 17:27:52.037,2,1.67,,1024000000
2026-05-30 17:27:52.012,3,2.15,,1024000000
2026-05-30 17:27:52.010,2,1.79,,1024000000
2026-05-30 17:27:51.975,2,1.73,,1024000000
2026-05-30 17:27:51.965,2,1.86,,1024000000
2026-05-30 17:27:51.964,2,1.88,,1024000000
2026-05-30 17:27:51.915,2,1.7,,1024000000
2026-05-30 17:27:51.890,2,1.85,,1024000000
2026-05-30 17:27:51.878,2,1.71,,1024000000
2026-05-30 17:27:51.875,3,2.12,,1024000000
2026-05-30 17:27:51.862,2,1.94,,1024000000
2026-05-30 17:27:51.855,2,1.9,,1024000000
2026-05-30 17:27:51.843,2,1.8,,1024000000
2026-05-30 17:27:51.842,2,1.66,,1024000000
2026-05-30 17:27:51.842,2,1.85,,1024000000
2026-05-30 17:27:51.830,3,2.07,,1024000000
2026-05-30 17:27:51.829,2,1.91,,1024000000
2026-05-30 17:27:51.823,2,1.68,,1024000000
2026-05-30 17:27:51.822,3,2.29,,1024000000
2026-05-30 17:27:51.814,10,9.63,,1024000000
2026-05-30 17:27:51.813,2,1.76,,1024000000
2026-05-30 17:27:51.775,2,1.72,,1024000000
2026-05-30 17:27:51.772,2,1.84,,1024000000
2026-05-30 17:27:51.770,3,2.01,,1024000000
2026-05-30 17:27:51.762,2,1.92,,1024000000
2026-05-30 17:27:51.755,2,1.65,,1024000000
2026-05-30 17:27:51.746,2,1.81,,1024000000
2026-05-30 17:27:51.738,2,1.72,,1024000000
2026-05-30 17:27:51.718,2,1.67,,1024000000
2026-05-30 17:27:51.705,2,1.74,,1024000000
2026-05-30 17:27:51.696,3,2.16,,1024000000
2026-05-30 17:27:51.675,2,1.5,,1024000000
2026-05-30 17:27:51.668,3,2.33,,1024000000
2026-05-30 17:27:51.664,2,1.79,,1024000000
2026-05-30 17:27:51.662,2,1.78,,1024000000
2026-05-30 17:27:51.658,3,2.94,,1024000000
2026-05-30 17:27:51.654,2,1.77,,1024000000
2026-05-30 17:27:51.636,2,1.78,,1024000000
2026-05-30 17:27:51.632,2,1.78,,1024000000
2026-05-30 17:27:51.630,2,1.93,,1024000000
2026-05-30 17:27:51.621,2,1.92,,1024000000
2026-05-30 17:27:51.609,2,1.91,,1024000000
2026-05-30 17:27:51.607,3,2.18,,1024000000
2026-05-30 17:27:51.584,2,1.98,,1024000000
2026-05-30 17:27:51.580,2,1.89,,1024000000
2026-05-30 17:27:51.550,15,14.53,,1024000000
2026-05-30 17:27:51.527,6,5.15,,1024000000
2026-05-30 17:27:51.508,2,1.71,,1024000000
2026-05-30 17:27:51.488,3,2.15,,1024000000
2026-05-30 17:27:51.471,3,2,,1024000000
2026-05-30 17:27:51.458,2,1.68,,1024000000
2026-05-30 17:27:51.448,2,1.94,,1024000000
2026-05-30 17:27:51.436,3,2.17,,1024000000
2026-05-30 17:27:51.435,2,1.84,,1024000000
2026-05-30 17:27:51.415,3,2.01,,1024000000
2026-05-30 17:27:51.409,2,1.64,,1024000000
2026-05-30 17:27:51.407,2,1.88,,1024000000
2026-05-30 17:27:51.393,2,2,,1024000000
2026-05-30 17:27:51.352,3,2,,1024000000
2026-05-30 17:27:51.345,2,1.97,,1024000000
2026-05-30 17:27:51.342,2,1.79,,1024000000
2026-05-30 17:27:51.338,2,1.81,,1024000000
2026-05-30 17:27:51.322,7,6.08,,1024000000
2026-05-30 17:27:51.320,2,1.77,,1024000000
2026-05-30 17:27:51.281,2,1.76,,1024000000
2026-05-30 17:27:51.280,3,2.23,,1024000000
2026-05-30 17:27:51.277,2,1.63,,1024000000
2026-05-30 17:27:51.238,2,1.63,,1024000000
2026-05-30 17:27:51.231,2,1.78,,1024000000
2026-05-30 17:27:51.223,2,1.82,,1024000000
2026-05-30 17:27:51.216,2,1.68,,1024000000
2026-05-30 17:27:51.211,2,1.62,,1024000000
2026-05-30 17:27:51.203,2,1.68,,1024000000
2026-05-30 17:27:51.191,2,1.86,,1024000000
2026-05-30 17:27:51.170,3,2.43,,1024000000
2026-05-30 17:27:51.167,2,1.72,,1024000000
2026-05-30 17:27:51.157,3,2.23,,1024000000
2026-05-30 17:27:51.146,2,1.81,,1024000000
2026-05-30 17:27:51.134,3,2.25,,1024000000
2026-05-30 17:27:51.130,2,1.92,,1024000000
2026-05-30 17:27:51.129,2,1.82,,1024000000
2026-05-30 17:27:51.093,2,1.84,,1024000000
2026-05-30 17:27:51.091,2,1.74,,1024000000
2026-05-30 17:27:51.079,2,1.81,,1024000000
2026-05-30 17:27:51.029,2,1.74,,1024000000
2026-05-30 17:27:50.998,2,1.63,,1024000000
2026-05-30 17:27:50.998,2,1.85,,1024000000
2026-05-30 17:27:50.977,3,2.04,,1024000000
2026-05-30 17:27:50.977,2,1.8,,1024000000
2026-05-30 17:27:50.971,2,1.78,,1024000000
2026-05-30 17:27:50.946,3,2.14,,1024000000
2026-05-30 17:27:50.928,2,1.68,,1024000000
2026-05-30 17:27:50.923,14,13.41,,1024000000
2026-05-30 17:27:50.908,2,1.73,,1024000000
2026-05-30 17:27:50.906,2,1.69,,1024000000
2026-05-30 17:27:50.896,3,2.02,,1024000000
2026-05-30 17:27:50.892,2,1.72,,1024000000
2026-05-30 17:27:50.890,2,1.73,,1024000000
2026-05-30 17:27:50.879,3,2.04,,1024000000
2026-05-30 17:27:50.872,3,2.05,,1024000000
2026-05-30 17:27:50.858,2,1.7,,1024000000
2026-05-30 17:27:50.838,3,2.17,,1024000000
2026-05-30 17:27:50.834,2,1.99,,1024000000
2026-05-30 17:27:50.831,2,1.85,,1024000000
2026-05-30 17:27:50.823,3,2.18,,1024000000
2026-05-30 17:27:50.798,2,1.83,,1024000000
2026-05-30 17:27:50.787,2,1.77,,1024000000
2026-05-30 17:27:50.773,2,1.91,,1024000000
2026-05-30 17:27:50.771,2,1.69,,1024000000
2026-05-30 17:27:50.768,2,1.84,,1024000000
2026-05-30 17:27:50.766,2,1.92,,1024000000
2026-05-30 17:27:50.756,2,1.85,,1024000000
2026-05-30 17:27:50.752,2,1.78,,1024000000
2026-05-30 17:27:50.726,2,1.81,,1024000000
2026-05-30 17:27:50.724,2,1.68,,1024000000
2026-05-30 17:27:50.723,4,3.83,,1024000000
2026-05-30 17:27:50.713,3,2.03,,1024000000
2026-05-30 17:27:50.708,3,2.14,,1024000000
2026-05-30 17:27:50.678,3,2.21,,1024000000
2026-05-30 17:27:50.661,2,1.69,,1024000000
2026-05-30 17:27:50.644,3,2.36,,1024000000
2026-05-30 17:27:50.631,2,1.82,,1024000000
2026-05-30 17:27:50.592,3,2.68,,1024000000
2026-05-30 17:27:50.591,2,1.81,,1024000000
2026-05-30 17:27:50.584,2,1.89,,1024000000
2026-05-30 17:27:50.581,2,1.75,,1024000000
2026-05-30 17:27:50.579,6,5.61,,1024000000
2026-05-30 17:27:50.578,2,1.98,,1024000000
2026-05-30 17:27:50.574,3,2.26,,1024000000
2026-05-30 17:27:50.558,3,2.07,,1024000000
2026-05-30 17:27:50.554,2,1.82,,1024000000
2026-05-30 17:27:50.554,2,1.69,,1024000000
2026-05-30 17:27:50.542,2,1.81,,1024000000
2026-05-30 17:27:50.534,2,1.9,,1024000000
2026-05-30 17:27:50.516,2,1.87,,1024000000
2026-05-30 17:27:50.513,2,1.81,,1024000000
2026-05-30 17:27:50.498,3,2.04,,1024000000
2026-05-30 17:27:50.473,2,1.78,,1024000000
2026-05-30 17:27:50.470,2,1.81,,1024000000
2026-05-30 17:27:50.465,2,1.81,,1024000000
2026-05-30 17:27:50.464,2,1.57,,1024000000
2026-05-30 17:27:50.451,15,14.32,,1024000000
2026-05-30 17:27:50.434,2,1.86,,1024000000
2026-05-30 17:27:50.427,3,2.01,,1024000000
2026-05-30 17:27:50.413,8,7.36,,1024000000
2026-05-30 17:27:50.396,2,1.87,,1024000000
2026-05-30 17:27:50.396,2,1.74,,1024000000
2026-05-30 17:27:50.392,2,1.98,,1024000000
2026-05-30 17:27:50.387,2,1.89,,1024000000
2026-05-30 17:27:50.383,2,1.83,,1024000000
2026-05-30 17:27:50.361,2,1.77,,1024000000
2026-05-30 17:27:50.359,4,3.25,,1024000000
2026-05-30 17:27:50.355,2,1.98,,1024000000
2026-05-30 17:27:50.329,3,2.27,,1024000000
2026-05-30 17:27:50.295,2,1.69,,1024000000
2026-05-30 17:27:50.294,3,2.01,,1024000000
2026-05-30 17:27:50.291,3,2.27,,1024000000
2026-05-30 17:27:50.290,2,1.78,,1024000000
2026-05-30 17:27:50.280,6,5.11,,1024000000
2026-05-30 17:27:50.272,2,1.88,,1024000000
2026-05-30 17:27:50.255,2,1.63,,1024000000
2026-05-30 17:27:50.244,2,1.76,,1024000000
2026-05-30 17:27:50.237,2,1.82,,1024000000
2026-05-30 17:27:50.237,2,1.94,,1024000000
2026-05-30 17:27:50.223,2,1.92,,1024000000
2026-05-30 17:27:50.216,2,1.7,,1024000000
2026-05-30 17:27:50.197,2,1.69,,1024000000
2026-05-30 17:27:50.189,2,1.8,,1024000000
2026-05-30 17:27:50.182,3,2.06,,1024000000
2026-05-30 17:27:50.180,2,1.72,,1024000000
2026-05-30 17:27:50.164,2,1.84,,1024000000
2026-05-30 17:27:50.145,2,1.65,,1024000000
2026-05-30 17:27:50.139,2,1.85,,1024000000
2026-05-30 17:27:50.126,2,1.86,,1024000000
2026-05-30 17:27:50.124,2,1.89,,1024000000
2026-05-30 17:27:50.096,17,16.74,,1024000000
2026-05-30 17:27:50.091,2,1.69,,1024000000
2026-05-30 17:27:50.078,11,10.57,,1024000000
2026-05-30 17:27:50.078,2,1.72,,1024000000
2026-05-30 17:27:50.076,2,1.63,,1024000000
2026-05-30 17:27:50.075,2,1.9,,1024000000
2026-05-30 17:27:50.063,2,1.96,,1024000000
2026-05-30 17:27:50.062,2,1.71,,1024000000
2026-05-30 17:27:50.060,2,1.62,,1024000000
2026-05-30 17:27:50.048,3,2.06,,1024000000
2026-05-30 17:27:50.043,5,4.54,,1024000000
2026-05-30 17:27:50.038,3,2.23,,1024000000
2026-05-30 17:27:50.037,2,1.86,,1024000000
2026-05-30 17:27:50.036,2,1.86,,1024000000
2026-05-30 17:27:50.024,2,1.87,,1024000000
2026-05-30 17:27:50.024,2,1.64,,1024000000
2026-05-30 17:27:49.964,2,2,,1024000000
2026-05-30 17:27:49.962,2,1.99,,1024000000
2026-05-30 17:27:49.956,2,1.63,,1024000000
2026-05-30 17:27:49.942,2,1.7,,1024000000
2026-05-30 17:27:49.918,3,2.03,,1024000000
2026-05-30 17:27:49.905,2,1.87,,1024000000
2026-05-30 17:27:49.902,2,1.8,,1024000000
2026-05-30 17:27:49.899,2,1.82,,1024000000
2026-05-30 17:27:49.890,2,1.85,,1024000000
2026-05-30 17:27:49.877,2,1.79,,1024000000
2026-05-30 17:27:49.867,2,1.67,,1024000000
2026-05-30 17:27:49.854,2,1.92,,1024000000
2026-05-30 17:27:49.846,3,2.03,,1024000000
2026-05-30 17:27:49.794,2,1.9,,1024000000
2026-05-30 17:27:49.757,2,1.88,,1024000000
2026-05-30 17:27:49.748,2,1.73,,1024000000
2026-05-30 17:27:49.746,2,1.86,,1024000000
2026-05-30 17:27:49.739,2,1.68,,1024000000
2026-05-30 17:27:49.736,2,1.67,,1024000000
2026-05-30 17:27:49.720,3,2.07,,1024000000
2026-05-30 17:27:49.717,2,1.75,,1024000000
2026-05-30 17:27:49.714,2,1.82,,1024000000
2026-05-30 17:27:49.659,3,2.98,,1024000000
2026-05-30 17:27:49.648,2,1.83,,1024000000
2026-05-30 17:27:49.620,2,1.84,,1024000000
2026-05-30 17:27:49.613,2,1.82,,1024000000
2026-05-30 17:27:49.609,2,1.69,,1024000000
2026-05-30 17:27:49.607,2,1.65,,1024000000
2026-05-30 17:27:49.602,2,1.93,,1024000000
2026-05-30 17:27:49.596,2,1.83,,1024000000
2026-05-30 17:27:49.587,3,2.52,,1024000000
2026-05-30 17:27:49.585,2,1.69,,1024000000
2026-05-30 17:27:49.578,3,2.28,,1024000000
2026-05-30 17:27:49.569,2,1.72,,1024000000
2026-05-30 17:27:49.564,2,1.8,,1024000000
2026-05-30 17:27:49.551,2,1.75,,1024000000
2026-05-30 17:27:49.530,2,1.9,,1024000000
2026-05-30 17:27:49.525,2,1.77,,1024000000
2026-05-30 17:27:49.486,2,1.42,,1024000000
2026-05-30 17:27:49.478,2,1.69,,1024000000
2026-05-30 17:27:49.470,2,1.61,,1024000000
2026-05-30 17:27:49.468,2,1.77,,1024000000
2026-05-30 17:27:49.442,3,2.32,,1024000000
2026-05-30 17:27:49.428,2,1.89,,1024000000
2026-05-30 17:27:49.420,3,2.19,,1024000000
2026-05-30 17:27:49.402,2,1.78,,1024000000
2026-05-30 17:27:49.374,2,1.65,,1024000000
2026-05-30 17:27:49.370,3,2.63,,1024000000
2026-05-30 17:27:49.359,3,2.25,,1024000000
2026-05-30 17:27:49.355,2,1.82,,1024000000
2026-05-30 17:27:49.354,3,2.27,,1024000000
2026-05-30 17:27:49.326,3,2.21,,1024000000
2026-05-30 17:27:49.316,2,1.93,,1024000000
2026-05-30 17:27:49.298,2,1.71,,1024000000
2026-05-30 17:27:49.267,2,1.86,,1024000000
2026-05-30 17:27:49.264,2,1.76,,1024000000
2026-05-30 17:27:49.257,2,1.7,,1024000000
2026-05-30 17:27:49.254,2,1.91,,1024000000
2026-05-30 17:27:49.230,2,1.79,,1024000000
2026-05-30 17:27:49.203,2,1.8,,1024000000
2026-05-30 17:27:49.199,3,2.26,,1024000000
2026-05-30 17:27:49.180,7,6.97,,1024000000
2026-05-30 17:27:49.154,2,1.71,,1024000000
2026-05-30 17:27:49.144,2,1.79,,1024000000
2026-05-30 17:27:49.116,3,2.17,,1024000000
2026-05-30 17:27:49.116,2,1.75,,1024000000
2026-05-30 17:27:49.114,2,1.72,,1024000000
2026-05-30 17:27:49.114,2,1.98,,1024000000
2026-05-30 17:27:49.095,3,2.04,,1024000000
2026-05-30 17:27:49.095,3,2.23,,1024000000
2026-05-30 17:27:49.092,3,2.36,,1024000000
2026-05-30 17:27:49.087,12,11.58,,1024000000
2026-05-30 17:27:49.085,3,2.09,,1024000000
2026-05-30 17:27:49.055,2,1.85,,1024000000
2026-05-30 17:27:49.045,30,29.26,,1024000000
2026-05-30 17:27:49.027,3,2.36,,1024000000
2026-05-30 17:27:49.011,3,2.38,,1024000000
2026-05-30 17:27:48.983,3,2.03,,1024000000
2026-05-30 17:27:48.971,3,2.09,,1024000000
2026-05-30 17:27:48.967,2,1.67,,1024000000
2026-05-30 17:27:48.966,3,2.15,,1024000000
2026-05-30 17:27:48.961,2,1.73,,1024000000
2026-05-30 17:27:48.944,2,1.74,,1024000000
2026-05-30 17:27:48.938,2,1.81,,1024000000
2026-05-30 17:27:48.934,2,1.8,,1024000000
2026-05-30 17:27:48.911,2,1.94,,1024000000
2026-05-30 17:27:48.903,3,2.13,,1024000000
2026-05-30 17:27:48.900,2,1.83,,1024000000
2026-05-30 17:27:48.885,3,2.11,,1024000000
2026-05-30 17:27:48.873,2,1.74,,1024000000
2026-05-30 17:27:48.852,3,2,,1024000000
2026-05-30 17:27:48.847,2,1.66,,1024000000
2026-05-30 17:27:48.847,2,1.78,,1024000000
2026-05-30 17:27:48.837,3,2.19,,1024000000
2026-05-30 17:27:48.837,3,2.18,,1024000000
2026-05-30 17:27:48.827,3,2.06,,1024000000
2026-05-30 17:27:48.823,2,1.95,,1024000000
2026-05-30 17:27:48.811,2,1.82,,1024000000
2026-05-30 17:27:48.785,2,1.65,,1024000000
2026-05-30 17:27:48.782,4,3.62,,1024000000
2026-05-30 17:27:48.775,2,1.74,,1024000000
2026-05-30 17:27:48.771,2,1.65,,1024000000
2026-05-30 17:27:48.768,2,1.78,,1024000000
2026-05-30 17:27:48.754,3,2.19,,1024000000
2026-05-30 17:27:48.749,2,1.75,,1024000000
2026-05-30 17:27:48.739,2,1.99,,1024000000
2026-05-30 17:27:48.721,3,2.04,,1024000000
2026-05-30 17:27:48.715,3,2.34,,1024000000
2026-05-30 17:27:48.692,2,1.69,,1024000000
2026-05-30 17:27:48.671,2,1.58,,1024000000
2026-05-30 17:27:48.655,2,1.88,,1024000000
2026-05-30 17:27:48.652,3,2.31,,1024000000
2026-05-30 17:27:48.645,2,1.69,,1024000000
2026-05-30 17:27:48.634,2,1.68,,1024000000
2026-05-30 17:27:48.625,5,4.09,,1024000000
2026-05-30 17:27:48.622,2,1.57,,1024000000
2026-05-30 17:27:48.609,2,1.93,,1024000000
2026-05-30 17:27:48.607,3,2.18,,1024000000
2026-05-30 17:27:48.607,2,1.48,,1024000000
2026-05-30 17:27:48.595,2,1.69,,1024000000
2026-05-30 17:27:48.591,2,1.64,,1024000000
2026-05-30 17:27:48.583,2,1.76,,1024000000
2026-05-30 17:27:48.582,2,1.91,,1024000000
2026-05-30 17:27:48.574,2,1.7,,1024000000
2026-05-30 17:27:48.569,2,1.68,,1024000000
2026-05-30 17:27:48.565,3,2.16,,1024000000
2026-05-30 17:27:48.564,3,2.13,,1024000000
2026-05-30 17:27:48.512,2,1.81,,1024000000
2026-05-30 17:27:48.506,3,2.02,,1024000000
2026-05-30 17:27:48.505,2,1.79,,1024000000
2026-05-30 17:27:48.483,2,2,,1024000000
2026-05-30 17:27:48.480,2,1.8,,1024000000
2026-05-30 17:27:48.475,2,1.98,,1024000000
2026-05-30 17:27:48.469,2,1.71,,1024000000
2026-05-30 17:27:48.464,3,2.1,,1024000000
2026-05-30 17:27:48.462,2,1.63,,1024000000
2026-05-30 17:27:48.460,2,1.8,,1024000000
2026-05-30 17:27:48.453,2,1.88,,1024000000
2026-05-30 17:27:48.424,2,1.79,,1024000000
2026-05-30 17:27:48.420,2,1.91,,1024000000
2026-05-30 17:27:48.414,2,1.62,,1024000000
2026-05-30 17:27:48.408,2,1.72,,1024000000
2026-05-30 17:27:48.402,2,1.76,,1024000000
2026-05-30 17:27:48.396,2,1.75,,1024000000
2026-05-30 17:27:48.369,2,1.9,,1024000000
2026-05-30 17:27:48.337,2,1.81,,1024000000
2026-05-30 17:27:48.335,2,1.87,,1024000000
2026-05-30 17:27:48.327,2,1.77,,1024000000
2026-05-30 17:27:48.321,2,1.84,,1024000000
2026-05-30 17:27:48.308,3,2.05,,1024000000
2026-05-30 17:27:48.301,3,2.4,,1024000000
2026-05-30 17:27:48.295,2,1.84,,1024000000
2026-05-30 17:27:48.294,3,2.1,,1024000000
2026-05-30 17:27:48.289,2,1.66,,1024000000
2026-05-30 17:27:48.275,2,1.63,,1024000000
2026-05-30 17:27:48.272,3,2.83,,1024000000
2026-05-30 17:27:48.265,2,1.86,,1024000000
2026-05-30 17:27:48.263,17,16.48,,1024000000
2026-05-30 17:27:48.257,3,2.22,,1024000000
2026-05-30 17:27:48.217,2,1.81,,1024000000
2026-05-30 17:27:48.210,2,1.91,,1024000000
2026-05-30 17:27:48.170,2,1.86,,1024000000
2026-05-30 17:27:48.159,2,1.79,,1024000000
2026-05-30 17:27:48.140,2,1.79,,1024000000
2026-05-30 17:27:48.127,2,1.73,,1024000000
2026-05-30 17:27:48.108,2,1.98,,1024000000
2026-05-30 17:27:48.105,2,1.65,,1024000000
2026-05-30 17:27:48.096,2,1.78,,1024000000
2026-05-30 17:27:48.092,2,1.85,,1024000000
2026-05-30 17:27:48.081,3,2.24,,1024000000
2026-05-30 17:27:48.053,2,1.66,,1024000000
2026-05-30 17:27:48.033,2,1.79,,1024000000
2026-05-30 17:27:48.017,3,2.01,,1024000000
2026-05-30 17:27:48.014,3,2.52,,1024000000
2026-05-30 17:27:48.005,2,1.88,,1024000000
2026-05-30 17:27:48.000,2,1.93,,1024000000
2026-05-30 17:27:47.957,3,2.09,,1024000000
2026-05-30 17:27:47.951,4,3.98,,1024000000
2026-05-30 17:27:47.951,3,2.07,,1024000000
2026-05-30 17:27:47.951,2,1.84,,1024000000
2026-05-30 17:27:47.944,2,1.59,,1024000000
2026-05-30 17:27:47.944,2,1.91,,1024000000
2026-05-30 17:27:47.937,3,2.12,,1024000000
2026-05-30 17:27:47.914,3,2.42,,1024000000
2026-05-30 17:27:47.899,6,5.54,,1024000000
2026-05-30 17:27:47.899,2,1.91,,1024000000
2026-05-30 17:27:47.879,2,1.93,,1024000000
2026-05-30 17:27:47.875,2,1.71,,1024000000
2026-05-30 17:27:47.849,2,1.7,,1024000000
2026-05-30 17:27:47.843,6,5.68,,1024000000
2026-05-30 17:27:47.804,2,1.8,,1024000000
2026-05-30 17:27:47.799,2,1.82,,1024000000
2026-05-30 17:27:47.783,2,1.94,,1024000000
2026-05-30 17:27:47.765,2,1.95,,1024000000
2026-05-30 17:27:47.746,2,1.73,,1024000000
2026-05-30 17:27:47.736,3,2.87,,1024000000
2026-05-30 17:27:47.722,3,2.2,,1024000000
2026-05-30 17:27:47.721,2,1.96,,1024000000
2026-05-30 17:27:47.698,3,2.08,,1024000000
2026-05-30 17:27:47.691,2,1.76,,1024000000
2026-05-30 17:27:47.690,2,1.72,,1024000000
2026-05-30 17:27:47.685,12,11.21,,1024000000
2026-05-30 17:27:47.646,3,2.24,,1024000000
2026-05-30 17:27:47.644,17,16.78,,1024000000
2026-05-30 17:27:47.635,2,1.94,,1024000000
2026-05-30 17:27:47.626,2,1.92,,1024000000
2026-05-30 17:27:47.622,3,2.05,,1024000000
2026-05-30 17:27:47.603,2,1.9,,1024000000
2026-05-30 17:27:47.600,2,1.7,,1024000000
2026-05-30 17:27:47.592,2,1.7,,1024000000
2026-05-30 17:27:47.589,2,1.83,,1024000000
2026-05-30 17:27:47.583,2,1.72,,1024000000
2026-05-30 17:27:47.571,21,20.29,,1024000000
2026-05-30 17:27:47.563,2,1.82,,1024000000
2026-05-30 17:27:47.556,2,1.75,,1024000000
2026-05-30 17:27:47.539,2,1.91,,1024000000
2026-05-30 17:27:47.489,2,1.71,,1024000000
2026-05-30 17:27:47.488,2,1.74,,1024000000
2026-05-30 17:27:47.485,2,1.76,,1024000000
2026-05-30 17:27:47.476,2,1.75,,1024000000
2026-05-30 17:27:47.468,3,2.28,,1024000000
2026-05-30 17:27:47.464,2,1.78,,1024000000
2026-05-30 17:27:47.458,2,1.71,,1024000000
2026-05-30 17:27:47.435,2,1.96,,1024000000
2026-05-30 17:27:47.434,3,2.1,,1024000000
2026-05-30 17:27:47.432,2,1.78,,1024000000
2026-05-30 17:27:47.424,2,1.85,,1024000000
2026-05-30 17:27:47.418,2,1.99,,1024000000
2026-05-30 17:27:47.417,2,1.71,,1024000000
2026-05-30 17:27:47.409,3,2.01,,1024000000
2026-05-30 17:27:47.402,2,1.83,,1024000000
2026-05-30 17:27:47.388,2,1.84,,1024000000
2026-05-30 17:27:47.371,3,2.08,,1024000000
2026-05-30 17:27:47.360,2,1.75,,1024000000
2026-05-30 17:27:47.352,2,1.92,,1024000000
2026-05-30 17:27:47.350,2,1.6,,1024000000
2026-05-30 17:27:47.335,2,1.73,,1024000000
2026-05-30 17:27:47.319,2,1.86,,1024000000
2026-05-30 17:27:47.311,2,2,,1024000000
2026-05-30 17:27:47.311,3,2.12,,1024000000
2026-05-30 17:27:47.286,2,1.67,,1024000000
2026-05-30 17:27:47.284,2,1.83,,1024000000
2026-05-30 17:27:47.275,2,1.83,,1024000000
2026-05-30 17:27:47.274,2,1.79,,1024000000
2026-05-30 17:27:47.266,2,1.88,,1024000000
2026-05-30 17:27:47.244,2,1.66,,1024000000
2026-05-30 17:27:47.237,3,2.25,,1024000000
2026-05-30 17:27:47.228,2,1.87,,1024000000
2026-05-30 17:27:47.227,2,1.74,,1024000000
2026-05-30 17:27:47.225,2,1.7,,1024000000
2026-05-30 17:27:47.202,2,1.72,,1024000000
2026-05-30 17:27:47.201,3,2.27,,1024000000
2026-05-30 17:27:47.200,2,1.98,,1024000000
2026-05-30 17:27:47.175,2,1.73,,1024000000
2026-05-30 17:27:47.172,2,1.78,,1024000000
2026-05-30 17:27:47.162,2,1.94,,1024000000
2026-05-30 17:27:47.157,2,1.98,,1024000000
2026-05-30 17:27:47.148,3,2.69,,1024000000
2026-05-30 17:27:47.147,3,2.09,,1024000000
2026-05-30 17:27:47.124,2,1.9,,1024000000
2026-05-30 17:27:47.081,2,1.69,,1024000000
2026-05-30 17:27:47.080,2,1.61,,1024000000
2026-05-30 17:27:47.072,2,1.71,,1024000000
2026-05-30 17:27:47.059,2,1.83,,1024000000
2026-05-30 17:27:47.041,3,2.02,,1024000000
2026-05-30 17:27:47.037,2,1.87,,1024000000
2026-05-30 17:27:47.036,2,1.74,,1024000000
2026-05-30 17:27:47.027,2,1.92,,1024000000
2026-05-30 17:27:47.015,2,1.86,,1024000000
2026-05-30 17:27:46.994,2,1.78,,1024000000
2026-05-30 17:27:46.989,2,1.96,,1024000000
2026-05-30 17:27:46.975,2,1.82,,1024000000
2026-05-30 17:27:46.966,2,1.72,,1024000000
2026-05-30 17:27:46.954,2,1.59,,1024000000
2026-05-30 17:27:46.953,2,1.89,,1024000000
2026-05-30 17:27:46.945,2,1.58,,1024000000
2026-05-30 17:27:46.931,2,1.97,,1024000000
2026-05-30 17:27:46.930,3,2.03,,1024000000
2026-05-30 17:27:46.930,2,1.92,,1024000000
2026-05-30 17:27:46.918,2,1.9,,1024000000
2026-05-30 17:27:46.912,2,1.9,,1024000000
2026-05-30 17:27:46.911,2,1.93,,1024000000
2026-05-30 17:27:46.903,2,1.79,,1024000000
2026-05-30 17:27:46.887,2,1.8,,1024000000
2026-05-30 17:27:46.879,2,1.74,,1024000000
2026-05-30 17:27:46.868,2,1.77,,1024000000
2026-05-30 17:27:46.867,2,1.79,,1024000000
2026-05-30 17:27:46.847,2,1.93,,1024000000
2026-05-30 17:27:46.833,2,1.77,,1024000000
2026-05-30 17:27:46.832,2,1.96,,1024000000
2026-05-30 17:27:46.829,2,1.77,,1024000000
2026-05-30 17:27:46.815,2,1.7,,1024000000
2026-05-30 17:27:46.803,2,1.79,,1024000000
2026-05-30 17:27:46.777,2,1.67,,1024000000
2026-05-30 17:27:46.775,7,6.07,,1024000000
2026-05-30 17:27:46.772,2,1.53,,1024000000
2026-05-30 17:27:46.759,2,1.68,,1024000000
2026-05-30 17:27:46.730,2,1.67,,1024000000
2026-05-30 17:27:46.721,2,1.75,,1024000000
2026-05-30 17:27:46.711,2,1.93,,1024000000
2026-05-30 17:27:46.682,2,1.86,,1024000000
2026-05-30 17:27:46.672,3,2.61,,1024000000
2026-05-30 17:27:46.666,2,1.92,,1024000000
2026-05-30 17:27:46.665,2,1.93,,1024000000
2026-05-30 17:27:46.637,2,1.83,,1024000000
2026-05-30 17:27:46.629,2,1.77,,1024000000
2026-05-30 17:27:46.628,2,1.7,,1024000000
2026-05-30 17:27:46.571,5,4.99,,1024000000
2026-05-30 17:27:46.570,3,2.91,,1024000000
2026-05-30 17:27:46.552,2,1.98,,1024000000
2026-05-30 17:27:46.527,2,1.87,,1024000000
2026-05-30 17:27:46.519,8,7.5,,1024000000
2026-05-30 17:27:46.518,3,2.16,,1024000000
2026-05-30 17:27:46.509,2,1.53,,1024000000
2026-05-30 17:27:46.497,2,1.65,,1024000000
2026-05-30 17:27:46.487,2,1.78,,1024000000
2026-05-30 17:27:46.474,2,1.71,,1024000000
2026-05-30 17:27:46.436,2,1.77,,1024000000
2026-05-30 17:27:46.427,3,2.1,,1024000000
2026-05-30 17:27:46.414,2,1.97,,1024000000
2026-05-30 17:27:46.400,2,1.7,,1024000000
2026-05-30 17:27:46.395,3,2.18,,1024000000
2026-05-30 17:27:46.394,2,1.96,,1024000000
2026-05-30 17:27:46.379,2,1.97,,1024000000
2026-05-30 17:27:46.376,2,1.77,,1024000000
2026-05-30 17:27:46.375,2,1.73,,1024000000
2026-05-30 17:27:46.336,2,1.73,,1024000000
2026-05-30 17:27:46.295,3,2.05,,1024000000
2026-05-30 17:27:46.281,2,1.9,,1024000000
2026-05-30 17:27:46.272,2,1.74,,1024000000
2026-05-30 17:27:46.270,2,1.87,,1024000000
2026-05-30 17:27:46.258,2,1.76,,1024000000
2026-05-30 17:27:46.257,3,2.12,,1024000000
2026-05-30 17:27:46.254,3,2.31,,1024000000
2026-05-30 17:27:46.247,2,2,,1024000000
2026-05-30 17:27:46.235,2,1.98,,1024000000
2026-05-30 17:27:46.228,2,1.68,,1024000000
2026-05-30 17:27:46.210,2,1.65,,1024000000
2026-05-30 17:27:46.196,2,1.67,,1024000000
2026-05-30 17:27:46.196,2,2,,1024000000
2026-05-30 17:27:46.184,2,1.88,,1024000000
2026-05-30 17:27:46.183,3,2.12,,1024000000
2026-05-30 17:27:46.160,2,1.97,,1024000000
2026-05-30 17:27:46.150,2,1.9,,1024000000
2026-05-30 17:27:46.141,2,1.92,,1024000000
2026-05-30 17:27:46.131,7,6.58,,1024000000
2026-05-30 17:27:46.101,3,2.09,,1024000000
2026-05-30 17:27:46.094,2,1.68,,1024000000
2026-05-30 17:27:46.079,2,1.85,,1024000000
2026-05-30 17:27:46.053,7,6.44,,1024000000
2026-05-30 17:27:46.040,2,1.6,,1024000000
2026-05-30 17:27:46.033,2,1.79,,1024000000
2026-05-30 17:27:46.023,2,1.78,,1024000000
2026-05-30 17:27:46.022,2,1.86,,1024000000
2026-05-30 17:27:46.020,22,21.55,,1024000000
2026-05-30 17:27:46.019,2,1.71,,1024000000
2026-05-30 17:27:45.995,2,1.84,,1024000000
2026-05-30 17:27:45.994,2,1.81,,1024000000
2026-05-30 17:27:45.964,3,2.21,,1024000000
2026-05-30 17:27:45.935,3,2.85,,1024000000
2026-05-30 17:27:45.931,2,1.66,,1024000000
2026-05-30 17:27:45.909,2,1.78,,1024000000
2026-05-30 17:27:45.903,2,1.67,,1024000000
2026-05-30 17:27:45.887,2,1.67,,1024000000
2026-05-30 17:27:45.885,2,1.93,,1024000000
2026-05-30 17:27:45.879,2,1.68,,1024000000
2026-05-30 17:27:45.879,2,1.83,,1024000000
2026-05-30 17:27:45.877,2,1.92,,1024000000
2026-05-30 17:27:45.856,2,1.79,,1024000000
2026-05-30 17:27:45.825,6,5.19,,1024000000
2026-05-30 17:27:45.809,3,2.74,,1024000000
2026-05-30 17:27:45.805,2,1.75,,1024000000
2026-05-30 17:27:45.802,2,1.79,,1024000000
2026-05-30 17:27:45.795,2,1.85,,1024000000
2026-05-30 17:27:45.794,2,1.82,,1024000000
2026-05-30 17:27:45.793,2,1.86,,1024000000
2026-05-30 17:27:45.784,2,1.8,,1024000000
2026-05-30 17:27:45.777,2,1.79,,1024000000
2026-05-30 17:27:45.746,2,1.99,,1024000000
2026-05-30 17:27:45.731,2,1.78,,1024000000
2026-05-30 17:27:45.731,2,1.75,,1024000000
2026-05-30 17:27:45.728,2,2,,1024000000
2026-05-30 17:27:45.722,2,1.97,,1024000000
2026-05-30 17:27:45.716,2,1.79,,1024000000
2026-05-30 17:27:45.703,2,1.5,,1024000000
2026-05-30 17:27:45.698,11,10.63,,1024000000
2026-05-30 17:27:45.690,3,2,,1024000000
2026-05-30 17:27:45.674,2,1.85,,1024000000
2026-05-30 17:27:45.665,2,1.89,,1024000000
2026-05-30 17:27:45.663,9,8.18,,1024000000
2026-05-30 17:27:45.641,2,1.87,,1024000000
2026-05-30 17:27:45.615,2,1.65,,1024000000
2026-05-30 17:27:45.607,2,1.95,,1024000000
2026-05-30 17:27:45.579,2,1.71,,1024000000
2026-05-30 17:27:45.575,2,1.6,,1024000000
2026-05-30 17:27:45.568,2,1.78,,1024000000
2026-05-30 17:27:45.559,2,1.71,,1024000000
2026-05-30 17:27:45.549,3,2.45,,1024000000
2026-05-30 17:27:45.538,3,2.07,,1024000000
2026-05-30 17:27:45.537,2,1.78,,1024000000
2026-05-30 17:27:45.532,2,1.51,,1024000000
2026-05-30 17:27:45.528,2,1.99,,1024000000
2026-05-30 17:27:45.526,2,1.69,,1024000000
2026-05-30 17:27:45.525,2,1.7,,1024000000
2026-05-30 17:27:45.518,16,15.19,,1024000000
2026-05-30 17:27:45.507,3,2.08,,1024000000
2026-05-30 17:27:45.500,3,2.03,,1024000000
2026-05-30 17:27:45.477,2,1.65,,1024000000
2026-05-30 17:27:45.473,2,1.94,,1024000000
2026-05-30 17:27:45.469,3,2.19,,1024000000
2026-05-30 17:27:45.466,2,1.69,,1024000000
2026-05-30 17:27:45.464,2,1.86,,1024000000
2026-05-30 17:27:45.462,2,1.85,,1024000000
2026-05-30 17:27:45.450,3,2.05,,1024000000
2026-05-30 17:27:45.426,2,1.81,,1024000000
2026-05-30 17:27:45.416,9,8.58,,1024000000
2026-05-30 17:27:45.413,2,1.82,,1024000000
2026-05-30 17:27:45.412,2,1.65,,1024000000
2026-05-30 17:27:45.411,22,22,,1024000000
2026-05-30 17:27:45.405,2,1.65,,1024000000
2026-05-30 17:27:45.385,2,1.67,,1024000000
2026-05-30 17:27:45.356,2,1.83,,1024000000
2026-05-30 17:27:45.350,2,1.85,,1024000000
2026-05-30 17:27:45.334,2,1.69,,1024000000
2026-05-30 17:27:45.331,2,1.76,,1024000000
2026-05-30 17:27:45.308,2,1.62,,1024000000
2026-05-30 17:27:45.290,2,1.75,,1024000000
2026-05-30 17:27:45.282,2,1.68,,1024000000
2026-05-30 17:27:45.278,3,2.06,,1024000000
2026-05-30 17:27:45.278,3,2.09,,1024000000
2026-05-30 17:27:45.256,3,2.41,,1024000000
2026-05-30 17:27:45.237,2,1.67,,1024000000
2026-05-30 17:27:45.228,7,6.65,,1024000000
2026-05-30 17:27:45.226,2,1.97,,1024000000
2026-05-30 17:27:45.221,3,2.5,,1024000000
2026-05-30 17:27:45.219,2,1.8,,1024000000
2026-05-30 17:27:45.219,3,2.13,,1024000000
2026-05-30 17:27:45.218,2,1.76,,1024000000
2026-05-30 17:27:45.216,2,1.64,,1024000000
2026-05-30 17:27:45.215,2,1.75,,1024000000
2026-05-30 17:27:45.209,3,2.07,,1024000000
2026-05-30 17:27:45.185,3,2.09,,1024000000
2026-05-30 17:27:45.171,2,1.73,,1024000000
2026-05-30 17:27:45.161,2,1.93,,1024000000
2026-05-30 17:27:45.146,4,3.27,,1024000000
2026-05-30 17:27:45.137,2,1.75,,1024000000
2026-05-30 17:27:45.134,2,1.83,,1024000000
2026-05-30 17:27:45.134,2,1.71,,1024000000
2026-05-30 17:27:45.121,2,1.79,,1024000000
2026-05-30 17:27:45.120,2,1.71,,1024000000
2026-05-30 17:27:45.096,2,1.64,,1024000000
2026-05-30 17:27:45.095,2,1.73,,1024000000
2026-05-30 17:27:45.094,3,2.32,,1024000000
2026-05-30 17:27:45.062,2,1.65,,1024000000
2026-05-30 17:27:45.058,2,1.64,,1024000000
2026-05-30 17:27:45.056,2,1.9,,1024000000
2026-05-30 17:27:45.049,2,1.73,,1024000000
2026-05-30 17:27:45.020,2,1.62,,1024000000
2026-05-30 17:27:45.015,3,2.05,,1024000000
2026-05-30 17:27:45.009,2,1.8,,1024000000
2026-05-30 17:27:45.001,2,1.65,,1024000000
2026-05-30 17:27:44.991,2,1.65,,1024000000
2026-05-30 17:27:44.974,10,9.07,,1024000000
2026-05-30 17:27:44.966,2,1.73,,1024000000
2026-05-30 17:27:44.950,2,1.88,,1024000000
2026-05-30 17:27:44.942,2,1.88,,1024000000
2026-05-30 17:27:44.890,2,1.79,,1024000000
2026-05-30 17:27:44.877,3,2.34,,1024000000
2026-05-30 17:27:44.858,2,1.79,,1024000000
2026-05-30 17:27:44.842,2,1.76,,1024000000
2026-05-30 17:27:44.837,2,1.7,,1024000000
2026-05-30 17:27:44.805,2,1.93,,1024000000
2026-05-30 17:27:44.784,3,2.04,,1024000000
2026-05-30 17:27:44.766,3,2.9,,1024000000
2026-05-30 17:27:44.746,3,2.04,,1024000000
2026-05-30 17:27:44.732,2,1.91,,1024000000
2026-05-30 17:27:44.710,2,1.87,,1024000000
2026-05-30 17:27:44.708,2,1.87,,1024000000
2026-05-30 17:27:44.690,2,1.76,,1024000000
2026-05-30 17:27:44.678,2,1.9,,1024000000
2026-05-30 17:27:44.600,4,3.25,,1024000000
2026-05-30 17:27:44.597,2,1.62,,1024000000
2026-05-30 17:27:44.590,2,1.82,,1024000000
2026-05-30 17:27:44.588,2,1.87,,1024000000
2026-05-30 17:27:44.588,3,2.01,,1024000000
2026-05-30 17:27:44.573,2,1.65,,1024000000
2026-05-30 17:27:44.565,2,1.78,,1024000000
2026-05-30 17:27:44.562,2,1.68,,1024000000
2026-05-30 17:27:44.522,2,1.77,,1024000000
2026-05-30 17:27:44.516,2,1.65,,1024000000
2026-05-30 17:27:44.514,3,2.1,,1024000000
2026-05-30 17:27:44.509,2,1.9,,1024000000
2026-05-30 17:27:44.492,3,2.34,,1024000000
2026-05-30 17:27:44.478,2,1.85,,1024000000
2026-05-30 17:27:44.474,2,1.65,,1024000000
2026-05-30 17:27:44.459,2,1.82,,1024000000
2026-05-30 17:27:44.459,3,2.11,,1024000000
2026-05-30 17:27:44.453,2,1.81,,1024000000
2026-05-30 17:27:44.442,3,2.16,,1024000000
2026-05-30 17:27:44.438,2,1.6,,1024000000
2026-05-30 17:27:44.427,2,1.87,,1024000000
2026-05-30 17:27:44.418,2,1.8,,1024000000
2026-05-30 17:27:44.400,2,1.76,,1024000000
2026-05-30 17:27:44.398,2,1.61,,1024000000
2026-05-30 17:27:44.390,2,1.93,,1024000000
2026-05-30 17:27:44.374,2,1.93,,1024000000
2026-05-30 17:27:44.371,2,1.67,,1024000000
2026-05-30 17:27:44.362,2,1.63,,1024000000
2026-05-30 17:27:44.353,2,1.76,,1024000000
2026-05-30 17:27:44.333,3,2.16,,1024000000
2026-05-30 17:27:44.329,2,1.75,,1024000000
2026-05-30 17:27:44.322,2,1.77,,1024000000
2026-05-30 17:27:44.309,2,1.74,,1024000000
2026-05-30 17:27:44.300,3,2.13,,1024000000
2026-05-30 17:27:44.291,2,1.84,,1024000000
2026-05-30 17:27:44.260,2,1.95,,1024000000
2026-05-30 17:27:44.252,2,1.89,,1024000000
2026-05-30 17:27:44.249,3,2.04,,1024000000
2026-05-30 17:27:44.222,2,2,,1024000000
2026-05-30 17:27:44.216,2,1.89,,1024000000
2026-05-30 17:27:44.212,2,1.77,,1024000000
2026-05-30 17:27:44.210,2,1.75,,1024000000
2026-05-30 17:27:44.201,2,1.78,,1024000000
2026-05-30 17:27:44.190,2,1.76,,1024000000
2026-05-30 17:27:44.171,2,1.82,,1024000000
2026-05-30 17:27:44.146,11,10.39,,1024000000
2026-05-30 17:27:44.138,3,2.15,,1024000000
2026-05-30 17:27:44.126,2,1.93,,1024000000
2026-05-30 17:27:44.116,3,2.41,,1024000000
2026-05-30 17:27:44.112,2,1.86,,1024000000
2026-05-30 17:27:44.091,2,1.77,,1024000000
2026-05-30 17:27:44.088,2,1.85,,1024000000
2026-05-30 17:27:44.084,2,1.79,,1024000000
2026-05-30 17:27:44.076,2,1.92,,1024000000
2026-05-30 17:27:44.063,2,1.79,,1024000000
2026-05-30 17:27:44.044,2,1.78,,1024000000
2026-05-30 17:27:44.033,2,1.97,,1024000000
2026-05-30 17:27:44.027,2,1.96,,1024000000
2026-05-30 17:27:44.024,2,1.83,,1024000000
2026-05-30 17:27:44.022,2,1.72,,1024000000
2026-05-30 17:27:43.995,2,1.69,,1024000000
2026-05-30 17:27:43.976,2,1.75,,1024000000
2026-05-30 17:27:43.976,6,5.39,,1024000000
2026-05-30 17:27:43.956,3,2.04,,1024000000
2026-05-30 17:27:43.947,3,2.32,,1024000000
2026-05-30 17:27:43.945,3,2.24,,1024000000
2026-05-30 17:27:43.942,3,2.89,,1024000000
2026-05-30 17:27:43.929,2,1.91,,1024000000
2026-05-30 17:27:43.919,2,1.76,,1024000000
2026-05-30 17:27:43.904,2,1.93,,1024000000
2026-05-30 17:27:43.903,2,1.88,,1024000000
2026-05-30 17:27:43.880,2,1.89,,1024000000
2026-05-30 17:27:43.848,2,1.81,,1024000000
2026-05-30 17:27:43.824,2,1.92,,1024000000
2026-05-30 17:27:43.821,5,4.8,,1024000000
2026-05-30 17:27:43.802,2,1.91,,1024000000
2026-05-30 17:27:43.794,2,1.91,,1024000000
2026-05-30 17:27:43.786,2,1.72,,1024000000
2026-05-30 17:27:43.779,2,1.81,,1024000000
2026-05-30 17:27:43.766,2,1.71,,1024000000
2026-05-30 17:27:43.764,2,1.75,,1024000000
2026-05-30 17:27:43.759,3,2.34,,1024000000
2026-05-30 17:27:43.758,2,1.82,,1024000000
2026-05-30 17:27:43.748,2,1.73,,1024000000
2026-05-30 17:27:43.727,2,1.75,,1024000000
2026-05-30 17:27:43.708,3,2.86,,1024000000
2026-05-30 17:27:43.707,2,1.64,,1024000000
2026-05-30 17:27:43.690,9,8.41,,1024000000
2026-05-30 17:27:43.683,3,2.22,,1024000000
2026-05-30 17:27:43.680,3,2.03,,1024000000
2026-05-30 17:27:43.673,21,20.33,,1024000000
2026-05-30 17:27:43.645,2,1.78,,1024000000
2026-05-30 17:27:43.628,11,10.97,,1024000000
2026-05-30 17:27:43.622,2,1.76,,1024000000
2026-05-30 17:27:43.619,2,1.92,,1024000000
2026-05-30 17:27:43.602,2,1.94,,1024000000
2026-05-30 17:27:43.578,2,1.98,,1024000000
2026-05-30 17:27:43.568,3,2.63,,1024000000
2026-05-30 17:27:43.554,2,1.9,,1024000000
2026-05-30 17:27:43.553,2,1.71,,1024000000
2026-05-30 17:27:43.530,2,1.98,,1024000000
2026-05-30 17:27:43.525,2,1.76,,1024000000
2026-05-30 17:27:43.524,3,2.04,,1024000000
2026-05-30 17:27:43.520,3,2.11,,1024000000
2026-05-30 17:27:43.516,2,1.9,,1024000000
2026-05-30 17:27:43.484,2,1.78,,1024000000
2026-05-30 17:27:43.471,3,2.04,,1024000000
2026-05-30 17:27:43.464,3,2.14,,1024000000
2026-05-30 17:27:43.450,2,1.8,,1024000000
2026-05-30 17:27:43.448,2,1.7,,1024000000
2026-05-30 17:27:43.446,2,1.59,,1024000000
2026-05-30 17:27:43.442,2,1.7,,1024000000
2026-05-30 17:27:43.419,2,1.76,,1024000000
2026-05-30 17:27:43.407,2,1.72,,1024000000
2026-05-30 17:27:43.402,3,2.2,,1024000000
2026-05-30 17:27:43.396,2,1.82,,1024000000
2026-05-30 17:27:43.392,2,1.78,,1024000000
2026-05-30 17:27:43.370,3,2.2,,1024000000
2026-05-30 17:27:43.370,2,2,,1024000000
2026-05-30 17:27:43.368,2,1.95,,1024000000
2026-05-30 17:27:43.365,2,1.8,,1024000000
2026-05-30 17:27:43.330,2,1.74,,1024000000
2026-05-30 17:27:43.312,3,2.12,,1024000000
2026-05-30 17:27:43.303,2,1.88,,1024000000
2026-05-30 17:27:43.300,2,1.87,,1024000000
2026-05-30 17:27:43.283,3,2,,1024000000
2026-05-30 17:27:43.275,2,1.7,,1024000000
2026-05-30 17:27:43.273,2,1.7,,1024000000
2026-05-30 17:27:43.254,3,2.51,,1024000000
2026-05-30 17:27:43.242,2,1.91,,1024000000
2026-05-30 17:27:43.235,2,1.9,,1024000000
2026-05-30 17:27:43.220,2,1.73,,1024000000
2026-05-30 17:27:43.183,2,1.79,,1024000000
2026-05-30 17:27:43.178,2,1.97,,1024000000
2026-05-30 17:27:43.161,3,2.13,,1024000000
2026-05-30 17:27:43.160,2,1.65,,1024000000
2026-05-30 17:27:43.160,2,1.67,,1024000000
2026-05-30 17:27:43.153,2,1.81,,1024000000
2026-05-30 17:27:43.152,2,1.79,,1024000000
2026-05-30 17:27:43.124,3,2,,1024000000
2026-05-30 17:27:43.111,2,1.84,,1024000000
2026-05-30 17:27:43.104,3,2,,1024000000
2026-05-30 17:27:43.068,2,1.66,,1024000000
2026-05-30 17:27:43.068,2,1.86,,1024000000
2026-05-30 17:27:43.057,2,1.58,,1024000000
2026-05-30 17:27:43.052,3,2.26,,1024000000
2026-05-30 17:27:43.048,2,1.69,,1024000000
2026-05-30 17:27:43.047,2,1.98,,1024000000
2026-05-30 17:27:43.047,2,1.78,,1024000000
2026-05-30 17:27:43.044,2,1.85,,1024000000
2026-05-30 17:27:43.043,2,1.79,,1024000000
2026-05-30 17:27:43.043,3,2.04,,1024000000
2026-05-30 17:27:43.028,2,1.95,,1024000000
2026-05-30 17:27:43.025,2,1.75,,1024000000
2026-05-30 17:27:42.994,2,1.73,,1024000000
2026-05-30 17:27:42.978,2,1.7,,1024000000
2026-05-30 17:27:42.965,2,1.7,,1024000000
2026-05-30 17:27:42.939,3,2.39,,1024000000
2026-05-30 17:27:42.938,2,1.88,,1024000000
2026-05-30 17:27:42.923,2,1.87,,1024000000
2026-05-30 17:27:42.916,2,1.75,,1024000000
2026-05-30 17:27:42.891,2,1.56,,1024000000
2026-05-30 17:27:42.884,4,3.25,,1024000000
2026-05-30 17:27:42.876,2,1.63,,1024000000
2026-05-30 17:27:42.872,2,1.95,,1024000000
2026-05-30 17:27:42.858,2,1.78,,1024000000
2026-05-30 17:27:42.852,2,1.66,,1024000000
2026-05-30 17:27:42.847,4,3.7,,1024000000
2026-05-30 17:27:42.847,2,1.98,,1024000000
2026-05-30 17:27:42.840,2,1.99,,1024000000
2026-05-30 17:27:42.834,8,7.77,,1024000000
2026-05-30 17:27:42.783,2,1.95,,1024000000
2026-05-30 17:27:42.776,2,1.82,,1024000000
2026-05-30 17:27:42.769,2,1.91,,1024000000
2026-05-30 17:27:42.766,2,1.83,,1024000000
2026-05-30 17:27:42.758,2,1.79,,1024000000
2026-05-30 17:27:42.757,2,1.77,,1024000000
2026-05-30 17:27:42.661,2,1.86,,1024000000
2026-05-30 17:27:42.652,2,1.8,,1024000000
2026-05-30 17:27:42.651,2,1.69,,1024000000
2026-05-30 17:27:42.642,2,1.85,,1024000000
2026-05-30 17:27:42.640,2,1.72,,1024000000
2026-05-30 17:27:42.631,2,1.74,,1024000000
2026-05-30 17:27:42.621,2,1.77,,1024000000
2026-05-30 17:27:42.602,2,1.71,,1024000000
2026-05-30 17:27:42.591,2,1.69,,1024000000
2026-05-30 17:27:42.580,2,1.75,,1024000000
2026-05-30 17:27:42.563,3,2.62,,1024000000
2026-05-30 17:27:42.535,3,2.06,,1024000000
2026-05-30 17:27:42.508,2,1.8,,1024000000
2026-05-30 17:27:42.508,2,1.69,,1024000000
2026-05-30 17:27:42.503,2,1.65,,1024000000
2026-05-30 17:27:42.473,10,9.65,,1024000000
2026-05-30 17:27:42.463,2,1.95,,1024000000
2026-05-30 17:27:42.426,2,1.81,,1024000000
2026-05-30 17:27:42.419,3,2.04,,1024000000
2026-05-30 17:27:42.415,6,5.99,,1024000000
2026-05-30 17:27:42.410,2,1.82,,1024000000
2026-05-30 17:27:42.390,2,1.71,,1024000000
2026-05-30 17:27:42.380,2,1.65,,1024000000
2026-05-30 17:27:42.367,2,1.75,,1024000000
2026-05-30 17:27:42.361,2,1.88,,1024000000
2026-05-30 17:27:42.357,3,2.12,,1024000000
2026-05-30 17:27:42.350,2,1.74,,1024000000
2026-05-30 17:27:42.345,2,1.71,,1024000000
2026-05-30 17:27:42.338,2,1.92,,1024000000
2026-05-30 17:27:42.327,3,2.03,,1024000000
2026-05-30 17:27:42.324,2,1.85,,1024000000