@timestamp,@billedDuration,@duration,@initDuration,@memorySize
2026-05-29 13:19:10.226,3,2,,1024000000
2026-05-29 13:19:10.009,3,2.12,,1024000000
2026-05-29 13:19:08.211,3,2.19,,1024000000
2026-05-29 13:19:07.350,2,1.95,,1024000000
2026-05-29 13:19:07.103,2,1.96,,1024000000
2026-05-29 13:19:05.652,3,2.07,,1024000000
2026-05-29 13:19:04.507,3,2.12,,1024000000
2026-05-29 13:19:04.246,2,1.74,,1024000000
2026-05-29 13:19:04.142,3,2.13,,1024000000
2026-05-29 13:19:03.709,3,2.08,,1024000000
2026-05-29 13:19:02.474,3,2.16,,1024000000
2026-05-29 13:19:02.115,2,1.68,,1024000000
2026-05-29 13:19:01.593,5,4.49,,1024000000
2026-05-29 13:19:00.906,2,2,,1024000000
2026-05-29 13:18:59.729,14,13.06,,1024000000
2026-05-29 13:18:59.721,3,2.08,,1024000000
2026-05-29 13:18:58.914,2,1.7,,1024000000
2026-05-29 13:18:58.067,2,1.57,,1024000000
2026-05-29 13:18:58.013,2,1.77,,1024000000
2026-05-29 13:18:57.979,2,1.76,,1024000000
2026-05-29 13:18:56.614,3,2.59,,1024000000
2026-05-29 13:18:56.488,2,1.85,,1024000000
2026-05-29 13:18:54.969,2,1.83,,1024000000
2026-05-29 13:18:54.961,2,1.66,,1024000000
2026-05-29 13:18:54.837,2,1.75,,1024000000
2026-05-29 13:18:54.656,2,1.98,,1024000000
2026-05-29 13:18:54.568,2,1.83,,1024000000
2026-05-29 13:18:53.522,2,1.73,,1024000000
2026-05-29 13:18:52.947,2,1.97,,1024000000
2026-05-29 13:18:51.393,3,2.46,,1024000000
2026-05-29 13:18:50.882,2,1.49,,1024000000
2026-05-29 13:18:50.860,3,2.16,,1024000000
2026-05-29 13:18:49.431,3,2.21,,1024000000
2026-05-29 13:18:47.093,3,2.24,,1024000000
2026-05-29 13:18:46.998,3,2.01,,1024000000
2026-05-29 13:18:43.378,2,1.88,,1024000000
2026-05-29 13:18:43.015,5,4.45,,1024000000
2026-05-29 13:18:41.464,2,1.95,,1024000000
2026-05-29 13:18:41.376,3,2.23,,1024000000
2026-05-29 13:18:40.871,2,1.98,,1024000000
2026-05-29 13:18:40.075,3,2.08,,1024000000
2026-05-29 13:18:39.952,2,1.74,,1024000000
2026-05-29 13:18:39.656,2,1.65,,1024000000
2026-05-29 13:18:39.421,2,1.89,,1024000000
2026-05-29 13:18:38.698,2,1.93,,1024000000
2026-05-29 13:18:38.549,3,2.16,,1024000000
2026-05-29 13:18:38.417,2,1.65,,1024000000
2026-05-29 13:18:37.482,2,1.66,,1024000000
2026-05-29 13:18:37.286,3,2.06,,1024000000
2026-05-29 13:18:36.920,2,1.85,,1024000000
2026-05-29 13:18:36.919,2,1.65,,1024000000
2026-05-29 13:18:36.663,2,1.77,,1024000000
2026-05-29 13:18:36.180,3,2.23,,1024000000
2026-05-29 13:18:35.688,3,2.09,,1024000000
2026-05-29 13:18:35.401,4,3.93,,1024000000
2026-05-29 13:18:35.284,8,7.14,,1024000000
2026-05-29 13:18:35.084,2,1.75,,1024000000
2026-05-29 13:18:34.577,2,1.61,,1024000000
2026-05-29 13:18:34.019,2,1.75,,1024000000
2026-05-29 13:18:33.935,2,1.83,,1024000000
2026-05-29 13:18:33.923,2,1.52,,1024000000
2026-05-29 13:18:33.269,2,1.93,,1024000000
2026-05-29 13:18:32.779,2,1.96,,1024000000
2026-05-29 13:18:32.567,2,1.99,,1024000000
2026-05-29 13:18:32.462,2,1.92,,1024000000
2026-05-29 13:18:31.770,3,2.2,,1024000000
2026-05-29 13:18:31.464,2,1.83,,1024000000
2026-05-29 13:18:31.152,2,1.94,,1024000000
2026-05-29 13:18:31.037,5,4.22,,1024000000
2026-05-29 13:18:30.951,2,1.71,,1024000000
2026-05-29 13:18:30.228,2,1.88,,1024000000
2026-05-29 13:18:29.543,2,1.78,,1024000000
2026-05-29 13:18:29.459,2,1.63,,1024000000
2026-05-29 13:18:29.446,3,2.18,,1024000000
2026-05-29 13:18:29.159,6,5.29,,1024000000
2026-05-29 13:18:28.328,2,1.75,,1024000000
2026-05-29 13:18:28.241,2,1.87,,1024000000
2026-05-29 13:18:28.195,2,1.62,,1024000000
2026-05-29 13:18:28.115,3,2.04,,1024000000
2026-05-29 13:18:27.072,2,1.69,,1024000000
2026-05-29 13:18:26.667,6,5.41,,1024000000
2026-05-29 13:18:26.609,3,2.06,,1024000000
2026-05-29 13:18:26.144,3,2.1,,1024000000
2026-05-29 13:18:25.952,2,1.64,,1024000000
2026-05-29 13:18:25.822,3,2.07,,1024000000
2026-05-29 13:18:25.015,2,1.77,,1024000000
2026-05-29 13:18:24.869,8,7.75,,1024000000
2026-05-29 13:18:24.462,3,2.01,,1024000000
2026-05-29 13:18:24.027,2,1.92,,1024000000
2026-05-29 13:18:23.880,2,1.65,,1024000000
2026-05-29 13:18:23.407,2,1.72,,1024000000
2026-05-29 13:18:23.388,7,6.17,,1024000000
2026-05-29 13:18:22.270,3,2.02,,1024000000
2026-05-29 13:18:22.240,2,1.76,,1024000000
2026-05-29 13:18:22.239,3,2.02,,1024000000
2026-05-29 13:18:21.604,7,6.38,,1024000000
2026-05-29 13:18:21.222,3,2.44,,1024000000
2026-05-29 13:18:20.510,2,1.96,,1024000000
2026-05-29 13:18:20.151,3,2.14,,1024000000
2026-05-29 13:18:20.020,28,27.32,,1024000000
2026-05-29 13:18:19.615,2,1.92,,1024000000
2026-05-29 13:18:19.344,3,2.3,,1024000000
2026-05-29 13:18:19.064,2,1.74,,1024000000
2026-05-29 13:18:18.579,2,1.85,,1024000000
2026-05-29 13:18:17.929,3,2.17,,1024000000
2026-05-29 13:18:17.787,2,1.96,,1024000000
2026-05-29 13:18:17.664,3,2.29,,1024000000
2026-05-29 13:18:17.189,2,1.79,,1024000000
2026-05-29 13:18:16.466,2,1.82,,1024000000
2026-05-29 13:18:16.243,3,2.27,,1024000000
2026-05-29 13:18:15.955,2,1.97,,1024000000
2026-05-29 13:18:15.609,2,1.79,,1024000000
2026-05-29 13:18:15.596,2,1.7,,1024000000
2026-05-29 13:18:14.919,2,1.77,,1024000000
2026-05-29 13:18:14.591,3,2.1,,1024000000
2026-05-29 13:18:14.036,4,3.06,,1024000000
2026-05-29 13:18:13.756,2,1.96,,1024000000
2026-05-29 13:18:13.626,2,1.79,,1024000000
2026-05-29 13:18:12.723,2,1.9,,1024000000
2026-05-29 13:18:12.403,3,2.09,,1024000000
2026-05-29 13:18:12.225,2,1.89,,1024000000
2026-05-29 13:18:11.970,3,2.58,,1024000000
2026-05-29 13:18:11.292,2,1.87,,1024000000
2026-05-29 13:18:10.805,3,2.04,,1024000000
2026-05-29 13:18:10.734,2,1.8,,1024000000
2026-05-29 13:18:10.557,2,1.66,,1024000000
2026-05-29 13:18:10.326,3,2.01,,1024000000
2026-05-29 13:18:09.100,2,1.9,,1024000000
2026-05-29 13:18:08.932,3,2.1,,1024000000
2026-05-29 13:18:08.717,3,2.27,,1024000000
2026-05-29 13:18:08.680,2,1.94,,1024000000
2026-05-29 13:18:08.303,2,1.95,,1024000000
2026-05-29 13:18:07.423,2,1.79,,1024000000
2026-05-29 13:18:07.039,2,1.79,,1024000000
2026-05-29 13:18:06.993,3,2.13,,1024000000
2026-05-29 13:18:06.742,3,2.26,,1024000000
2026-05-29 13:18:06.640,3,2.61,,1024000000
2026-05-29 13:18:05.192,2,1.95,,1024000000
2026-05-29 13:18:05.101,2,1.73,,1024000000
2026-05-29 13:18:04.986,3,2.24,,1024000000
2026-05-29 13:18:04.979,3,2.49,,1024000000
2026-05-29 13:18:04.861,3,2.14,,1024000000
2026-05-29 13:18:03.602,2,1.83,,1024000000
2026-05-29 13:18:03.570,2,1.93,,1024000000
2026-05-29 13:18:03.519,2,1.95,,1024000000
2026-05-29 13:18:02.935,8,7.45,,1024000000
2026-05-29 13:18:02.677,2,1.73,,1024000000
2026-05-29 13:18:02.148,2,1.54,,1024000000
2026-05-29 13:18:01.962,12,11.45,,1024000000
2026-05-29 13:18:01.399,8,7.04,,1024000000
2026-05-29 13:18:01.267,2,1.94,,1024000000
2026-05-29 13:18:00.893,2,1.95,,1024000000
2026-05-29 13:18:00.626,3,2.15,,1024000000
2026-05-29 13:18:00.478,6,5.78,,1024000000
2026-05-29 13:17:59.776,2,1.72,,1024000000
2026-05-29 13:17:59.246,3,2.04,,1024000000
2026-05-29 13:17:59.034,4,3.51,,1024000000
2026-05-29 13:17:58.966,3,2.06,,1024000000
2026-05-29 13:17:58.952,2,1.92,,1024000000
2026-05-29 13:17:57.760,2,1.5,,1024000000
2026-05-29 13:17:57.735,2,1.88,,1024000000
2026-05-29 13:17:57.577,2,1.97,,1024000000
2026-05-29 13:17:57.126,3,2.1,,1024000000
2026-05-29 13:17:56.861,3,2.65,,1024000000
2026-05-29 13:17:56.399,2,1.79,,1024000000
2026-05-29 13:17:55.941,3,2.59,,1024000000
2026-05-29 13:17:55.796,3,2.02,,1024000000
2026-05-29 13:17:55.744,3,2.27,,1024000000
2026-05-29 13:17:55.270,2,1.97,,1024000000
2026-05-29 13:17:54.494,2,1.87,,1024000000
2026-05-29 13:17:54.060,2,1.7,,1024000000
2026-05-29 13:17:53.637,2,1.98,,1024000000
2026-05-29 13:17:53.519,2,1.93,,1024000000
2026-05-29 13:17:53.467,2,1.88,,1024000000
2026-05-29 13:17:52.575,3,2.19,,1024000000
2026-05-29 13:17:52.486,3,2,,1024000000
2026-05-29 13:17:52.113,16,15.24,,1024000000
2026-05-29 13:17:51.955,2,1.6,,1024000000
2026-05-29 13:17:51.831,2,1.9,,1024000000
2026-05-29 13:17:51.186,3,2.04,,1024000000
2026-05-29 13:17:50.407,2,1.79,,1024000000
2026-05-29 13:17:50.157,2,1.81,,1024000000
2026-05-29 13:17:49.990,2,1.94,,1024000000
2026-05-29 13:17:49.635,3,2.11,,1024000000
2026-05-29 13:17:49.328,3,2.06,,1024000000
2026-05-29 13:17:49.015,2,1.71,,1024000000
2026-05-29 13:17:48.159,3,2.2,,1024000000
2026-05-29 13:17:48.125,2,1.75,,1024000000
2026-05-29 13:17:47.981,3,2.07,,1024000000
2026-05-29 13:17:47.516,2,1.93,,1024000000
2026-05-29 13:17:46.932,3,2.2,,1024000000
2026-05-29 13:17:46.108,2,1.78,,1024000000
2026-05-29 13:17:45.847,2,1.69,,1024000000
2026-05-29 13:17:45.699,2,1.68,,1024000000
2026-05-29 13:17:45.568,2,1.92,,1024000000
2026-05-29 13:17:44.775,2,1.8,,1024000000
2026-05-29 13:17:44.313,3,2.13,,1024000000
2026-05-29 13:17:43.909,2,1.95,,1024000000
2026-05-29 13:17:43.777,2,1.63,,1024000000
2026-05-29 13:17:43.339,3,2.01,,1024000000
2026-05-29 13:17:43.330,3,2.11,,1024000000
2026-05-29 13:17:42.644,3,2.12,,1024000000
2026-05-29 13:17:42.317,2,1.99,,1024000000
2026-05-29 13:17:41.802,2,1.95,,1024000000
2026-05-29 13:17:41.667,3,2.04,,1024000000
2026-05-29 13:17:41.477,2,1.85,,1024000000
2026-05-29 13:17:40.875,2,1.81,,1024000000
2026-05-29 13:17:40.196,2,1.63,,1024000000
2026-05-29 13:17:40.180,2,1.89,,1024000000
2026-05-29 13:17:40.104,2,1.92,,1024000000
2026-05-29 13:17:39.255,3,2.01,,1024000000
2026-05-29 13:17:38.687,2,1.96,,1024000000
2026-05-29 13:17:38.298,2,1.86,,1024000000
2026-05-29 13:17:38.185,3,2.37,,1024000000
2026-05-29 13:17:38.128,2,1.93,,1024000000
2026-05-29 13:17:37.446,2,1.82,,1024000000
2026-05-29 13:17:36.746,2,1.95,,1024000000
2026-05-29 13:17:36.646,3,2.01,,1024000000
2026-05-29 13:17:36.036,3,2.06,,1024000000
2026-05-29 13:17:35.867,2,1.76,,1024000000
2026-05-29 13:17:35.857,2,1.77,,1024000000
2026-05-29 13:17:34.727,3,2,,1024000000
2026-05-29 13:17:34.677,3,2.01,,1024000000
2026-05-29 13:17:34.585,3,2.01,,1024000000
2026-05-29 13:17:34.003,2,1.8,,1024000000
2026-05-29 13:17:33.907,3,2.39,,1024000000
2026-05-29 13:17:33.040,2,1.72,,1024000000
2026-05-29 13:17:32.975,2,1.73,,1024000000
2026-05-29 13:17:32.873,2,1.93,,1024000000
2026-05-29 13:17:32.437,3,2.03,,1024000000
2026-05-29 13:17:31.641,2,1.91,,1024000000
2026-05-29 13:17:31.540,2,1.59,,1024000000
2026-05-29 13:17:30.884,2,1.77,,1024000000
2026-05-29 13:17:30.693,2,1.84,,1024000000
2026-05-29 13:17:30.526,2,1.83,,1024000000
2026-05-29 13:17:29.701,2,1.73,,1024000000
2026-05-29 13:17:29.527,2,1.95,,1024000000
2026-05-29 13:17:29.141,2,1.84,,1024000000
2026-05-29 13:17:28.907,4,3.49,,1024000000
2026-05-29 13:17:28.714,4,3.09,,1024000000
2026-05-29 13:17:28.203,2,1.96,,1024000000
2026-05-29 13:17:28.109,3,2.36,,1024000000
2026-05-29 13:17:27.515,2,1.86,,1024000000
2026-05-29 13:17:27.508,3,2.16,,1024000000
2026-05-29 13:17:27.067,2,1.64,,1024000000
2026-05-29 13:17:26.756,6,5.71,,1024000000
2026-05-29 13:17:26.287,2,1.61,,1024000000
2026-05-29 13:17:25.810,2,1.96,,1024000000
2026-05-29 13:17:25.686,6,5.05,,1024000000
2026-05-29 13:17:24.901,5,4.41,,1024000000
2026-05-29 13:17:24.850,2,1.64,,1024000000
2026-05-29 13:17:24.620,2,1.71,,1024000000
2026-05-29 13:17:24.259,2,1.94,,1024000000
2026-05-29 13:17:23.944,2,1.85,,1024000000
2026-05-29 13:17:23.463,3,2.47,,1024000000
2026-05-29 13:17:22.766,4,3.91,,1024000000
2026-05-29 13:17:22.760,2,1.81,,1024000000
2026-05-29 13:17:22.731,2,1.74,,1024000000
2026-05-29 13:17:22.564,3,2.31,,1024000000
2026-05-29 13:17:21.557,2,1.91,,1024000000
2026-05-29 13:17:21.048,6,5.01,,1024000000
2026-05-29 13:17:20.948,5,4.79,,1024000000
2026-05-29 13:17:20.682,2,1.96,,1024000000
2026-05-29 13:17:20.472,6,5.42,,1024000000
2026-05-29 13:17:19.620,3,2.32,,1024000000
2026-05-29 13:17:19.048,2,1.85,,1024000000
2026-05-29 13:17:18.890,9,8.44,,1024000000
2026-05-29 13:17:18.826,2,1.64,,1024000000
2026-05-29 13:17:18.466,2,1.61,,1024000000
2026-05-29 13:17:17.693,3,2.08,,1024000000
2026-05-29 13:17:17.351,2,1.64,,1024000000
2026-05-29 13:17:17.263,2,1.9,,1024000000
2026-05-29 13:17:16.986,2,1.8,,1024000000
2026-05-29 13:17:16.640,3,2.08,,1024000000
2026-05-29 13:17:15.691,3,2.12,,1024000000
2026-05-29 13:17:15.640,2,1.95,,1024000000
2026-05-29 13:17:15.523,2,1.61,,1024000000
2026-05-29 13:17:15.329,2,1.71,,1024000000
2026-05-29 13:17:14.772,2,1.98,,1024000000
2026-05-29 13:17:14.248,2,1.66,,1024000000
2026-05-29 13:17:14.225,2,1.92,,1024000000
2026-05-29 13:17:14.114,2,1.91,,1024000000
2026-05-29 13:17:14.062,2,1.54,,1024000000
2026-05-29 13:17:13.376,2,1.81,,1024000000
2026-05-29 13:17:12.842,2,1.63,,1024000000
2026-05-29 13:17:12.693,3,2.09,,1024000000
2026-05-29 13:17:12.370,2,1.97,,1024000000
2026-05-29 13:17:12.328,2,1.78,,1024000000
2026-05-29 13:17:11.417,3,2.05,,1024000000
2026-05-29 13:17:11.286,2,1.77,,1024000000
2026-05-29 13:17:10.816,2,1.56,,1024000000
2026-05-29 13:17:10.666,2,1.92,,1024000000
2026-05-29 13:17:10.407,2,1.83,,1024000000
2026-05-29 13:17:10.035,2,1.88,,1024000000
2026-05-29 13:17:10.005,2,1.89,,1024000000
2026-05-29 13:17:09.048,3,2.23,,1024000000
2026-05-29 13:17:08.594,2,1.95,,1024000000
2026-05-29 13:17:08.563,2,1.68,,1024000000
2026-05-29 13:17:08.353,5,4.28,,1024000000
2026-05-29 13:17:07.658,3,2.1,,1024000000
2026-05-29 13:17:07.555,2,1.62,,1024000000
2026-05-29 13:17:06.960,2,1.78,,1024000000
2026-05-29 13:17:06.869,3,2.31,,1024000000
2026-05-29 13:17:06.100,3,2.16,,1024000000
2026-05-29 13:17:05.954,3,2.17,,1024000000
2026-05-29 13:17:05.589,2,1.74,,1024000000
2026-05-29 13:17:05.539,2,1.7,,1024000000
2026-05-29 13:17:05.326,2,1.83,,1024000000
2026-05-29 13:17:04.455,2,1.65,,1024000000
2026-05-29 13:17:03.956,2,1.75,,1024000000
2026-05-29 13:17:03.457,2,1.99,,1024000000
2026-05-29 13:17:03.364,2,1.68,,1024000000
2026-05-29 13:17:03.354,14,13.64,,1024000000
2026-05-29 13:17:02.407,2,1.82,,1024000000
2026-05-29 13:17:02.148,2,1.59,,1024000000
2026-05-29 13:17:01.870,3,2.21,,1024000000
2026-05-29 13:17:01.695,3,2.17,,1024000000
2026-05-29 13:17:01.272,3,2.1,,1024000000
2026-05-29 13:17:00.861,2,1.78,,1024000000
2026-05-29 13:17:00.459,2,1.78,,1024000000
2026-05-29 13:17:00.007,3,2.19,,1024000000
2026-05-29 13:16:59.665,2,1.94,,1024000000
2026-05-29 13:16:59.108,2,1.79,,1024000000
2026-05-29 13:16:59.027,2,1.67,,1024000000
2026-05-29 13:16:58.972,2,1.96,,1024000000
2026-05-29 13:16:58.452,2,1.77,,1024000000
2026-05-29 13:16:58.255,2,1.87,,1024000000
2026-05-29 13:16:57.735,2,1.67,,1024000000
2026-05-29 13:16:57.674,3,2.03,,1024000000
2026-05-29 13:16:56.893,3,2.04,,1024000000
2026-05-29 13:16:56.271,2,1.84,,1024000000
2026-05-29 13:16:56.200,2,1.73,,1024000000
2026-05-29 13:16:56.176,3,2.02,,1024000000
2026-05-29 13:16:55.368,3,2.36,,1024000000
2026-05-29 13:16:55.057,2,1.58,,1024000000
2026-05-29 13:16:54.748,3,2.02,,1024000000
2026-05-29 13:16:54.420,3,2.15,,1024000000
2026-05-29 13:16:53.963,2,1.73,,1024000000
2026-05-29 13:16:53.678,3,2.19,,1024000000
2026-05-29 13:16:53.323,2,1.67,,1024000000
2026-05-29 13:16:52.995,2,1.75,,1024000000
2026-05-29 13:16:52.929,3,2.99,,1024000000
2026-05-29 13:16:52.336,3,2.4,,1024000000
2026-05-29 13:16:51.708,2,1.93,,1024000000
2026-05-29 13:16:51.058,2,1.84,,1024000000
2026-05-29 13:16:51.055,2,1.67,,1024000000
2026-05-29 13:16:51.039,2,1.63,,1024000000
2026-05-29 13:16:50.519,2,1.81,,1024000000
2026-05-29 13:16:50.042,2,1.9,,1024000000
2026-05-29 13:16:49.696,3,2.21,,1024000000
2026-05-29 13:16:49.370,2,1.79,,1024000000
2026-05-29 13:16:49.258,2,1.97,,1024000000
2026-05-29 13:16:48.760,3,2.01,,1024000000
2026-05-29 13:16:48.363,2,1.72,,1024000000
2026-05-29 13:16:47.845,2,1.89,,1024000000
2026-05-29 13:16:47.810,2,1.63,,1024000000
2026-05-29 13:16:47.537,3,2.05,,1024000000
2026-05-29 13:16:47.129,2,1.88,,1024000000
2026-05-29 13:16:46.770,2,1.82,,1024000000
2026-05-29 13:16:46.331,2,1.68,,1024000000
2026-05-29 13:16:45.979,3,2.16,,1024000000
2026-05-29 13:16:45.754,2,1.9,,1024000000
2026-05-29 13:16:45.591,2,1.98,,1024000000
2026-05-29 13:16:45.066,2,1.96,,1024000000
2026-05-29 13:16:44.931,3,2.05,,1024000000
2026-05-29 13:16:44.614,2,2,,1024000000
2026-05-29 13:16:43.815,2,1.88,,1024000000
2026-05-29 13:16:43.338,2,1.89,,1024000000
2026-05-29 13:16:43.235,2,1.57,,1024000000
2026-05-29 13:16:43.092,2,1.65,,1024000000
2026-05-29 13:16:42.856,2,1.76,,1024000000
2026-05-29 13:16:41.966,2,1.98,,1024000000
2026-05-29 13:16:41.320,2,1.8,,1024000000
2026-05-29 13:16:41.275,2,1.61,,1024000000
2026-05-29 13:16:41.118,2,1.75,,1024000000
2026-05-29 13:16:40.681,5,4.78,,1024000000
2026-05-29 13:16:39.892,2,1.95,,1024000000
2026-05-29 13:16:39.822,2,1.91,,1024000000
2026-05-29 13:16:39.748,2,1.68,,1024000000
2026-05-29 13:16:39.616,3,2.07,,1024000000
2026-05-29 13:16:38.505,2,1.79,,1024000000
2026-05-29 13:16:38.016,2,1.72,,1024000000
2026-05-29 13:16:38.000,2,1.71,,1024000000
2026-05-29 13:16:37.985,2,1.65,,1024000000
2026-05-29 13:16:37.835,2,1.72,,1024000000
2026-05-29 13:16:36.906,2,1.88,,1024000000
2026-05-29 13:16:36.425,2,1.56,,1024000000
2026-05-29 13:16:36.372,2,1.94,,1024000000
2026-05-29 13:16:36.212,3,2.06,,1024000000
2026-05-29 13:16:36.108,2,1.6,,1024000000
2026-05-29 13:16:34.817,2,1.8,,1024000000
2026-05-29 13:16:34.591,2,1.71,,1024000000
2026-05-29 13:16:34.536,3,2.08,,1024000000
2026-05-29 13:16:34.431,2,1.66,,1024000000
2026-05-29 13:16:34.237,2,1.81,,1024000000
2026-05-29 13:16:33.103,2,1.97,,1024000000
2026-05-29 13:16:33.067,2,1.63,,1024000000
2026-05-29 13:16:32.934,2,1.86,,1024000000
2026-05-29 13:16:32.730,3,2.08,,1024000000
2026-05-29 13:16:32.239,2,1.98,,1024000000
2026-05-29 13:16:31.321,2,1.97,,1024000000
2026-05-29 13:16:31.185,3,2.59,,1024000000
2026-05-29 13:16:30.979,3,2.6,,1024000000
2026-05-29 13:16:30.856,2,1.99,,1024000000
2026-05-29 13:16:30.025,4,3.17,,1024000000
2026-05-29 13:16:29.742,3,2.13,,1024000000
2026-05-29 13:16:29.561,2,1.99,,1024000000
2026-05-29 13:16:29.523,2,1.7,,1024000000
2026-05-29 13:16:28.925,6,5.5,,1024000000
2026-05-29 13:16:28.458,2,1.62,,1024000000
2026-05-29 13:16:28.052,2,1.82,,1024000000
2026-05-29 13:16:27.969,3,2.03,,1024000000
2026-05-29 13:16:27.467,2,1.83,,1024000000
2026-05-29 13:16:27.333,4,3.24,,1024000000
2026-05-29 13:16:26.639,3,2.17,,1024000000
2026-05-29 13:16:26.193,3,2.04,,1024000000
2026-05-29 13:16:26.001,3,2.23,,1024000000
2026-05-29 13:16:25.597,2,1.83,,1024000000
2026-05-29 13:16:25.541,7,6.53,,1024000000
2026-05-29 13:16:25.130,3,2.17,,1024000000
2026-05-29 13:16:24.420,2,1.71,,1024000000
2026-05-29 13:16:24.205,2,1.69,,1024000000
2026-05-29 13:16:24.037,3,2.53,,1024000000
2026-05-29 13:16:23.872,2,1.94,,1024000000
2026-05-29 13:16:23.439,2,1.76,,1024000000
2026-05-29 13:16:23.056,3,2.12,,1024000000
2026-05-29 13:16:22.842,2,1.78,,1024000000
2026-05-29 13:16:22.186,2,1.98,,1024000000
2026-05-29 13:16:22.164,2,1.85,,1024000000
2026-05-29 13:16:21.955,2,1.95,,1024000000
2026-05-29 13:16:21.387,3,2.46,,1024000000
2026-05-29 13:16:21.179,2,1.8,,1024000000
2026-05-29 13:16:20.878,3,2.49,,1024000000
2026-05-29 13:16:20.488,3,2.01,,1024000000
2026-05-29 13:16:19.979,3,2.86,,1024000000
2026-05-29 13:16:19.392,2,1.74,,1024000000
2026-05-29 13:16:19.109,4,3.67,,1024000000
2026-05-29 13:16:18.784,19,18.5,,1024000000
2026-05-29 13:16:18.587,2,1.92,,1024000000
2026-05-29 13:16:18.364,3,2.05,,1024000000
2026-05-29 13:16:17.640,3,2.15,,1024000000
2026-05-29 13:16:17.372,2,1.99,,1024000000
2026-05-29 13:16:17.101,3,2.16,,1024000000
2026-05-29 13:16:17.094,2,1.96,,1024000000
2026-05-29 13:16:16.249,2,1.93,,1024000000
2026-05-29 13:16:15.743,2,1.92,,1024000000
2026-05-29 13:16:15.257,3,2.28,,1024000000
2026-05-29 13:16:15.124,2,1.89,,1024000000
2026-05-29 13:16:15.092,2,1.97,,1024000000
2026-05-29 13:16:14.136,2,1.85,,1024000000
2026-05-29 13:16:13.575,3,2.37,,1024000000
2026-05-29 13:16:13.485,3,2.67,,1024000000
2026-05-29 13:16:13.390,4,3.23,,1024000000
2026-05-29 13:16:13.056,2,1.72,,1024000000
2026-05-29 13:16:12.480,2,1.75,,1024000000
2026-05-29 13:16:11.720,3,2.17,,1024000000
2026-05-29 13:16:11.459,3,2.51,,1024000000
2026-05-29 13:16:11.383,30,29.59,,1024000000
2026-05-29 13:16:11.214,2,1.85,,1024000000
2026-05-29 13:16:10.925,3,2.1,,1024000000
2026-05-29 13:16:09.852,8,7.8,,1024000000
2026-05-29 13:16:09.782,3,2.53,,1024000000
2026-05-29 13:16:09.757,2,1.79,,1024000000
2026-05-29 13:16:09.110,2,1.75,,1024000000
2026-05-29 13:16:08.933,3,2.1,,1024000000
2026-05-29 13:16:08.335,3,2.14,,1024000000
2026-05-29 13:16:08.032,2,1.88,,1024000000
2026-05-29 13:16:07.562,2,1.9,,1024000000
2026-05-29 13:16:07.394,2,1.85,,1024000000
2026-05-29 13:16:07.002,8,7.11,,1024000000
2026-05-29 13:16:06.243,2,1.78,,1024000000
2026-05-29 13:16:06.062,2,1.84,,1024000000
2026-05-29 13:16:05.742,3,2.09,,1024000000
2026-05-29 13:16:05.279,2,1.97,,1024000000
2026-05-29 13:16:05.084,3,2.02,,1024000000
2026-05-29 13:16:04.672,2,1.88,,1024000000
2026-05-29 13:16:04.413,2,1.75,,1024000000
2026-05-29 13:16:04.400,2,1.75,,1024000000
2026-05-29 13:16:03.497,3,2.87,,1024000000
2026-05-29 13:16:02.804,2,1.63,,1024000000
2026-05-29 13:16:02.577,2,1.71,,1024000000
2026-05-29 13:16:02.561,2,1.78,,1024000000
2026-05-29 13:16:02.447,2,1.69,,1024000000
2026-05-29 13:16:01.568,2,1.96,,1024000000
2026-05-29 13:16:01.064,2,1.7,,1024000000
2026-05-29 13:16:00.879,3,2.12,,1024000000
2026-05-29 13:16:00.282,2,1.91,,1024000000
2026-05-29 13:16:00.253,2,1.76,,1024000000
2026-05-29 13:15:59.805,2,1.72,,1024000000
2026-05-29 13:15:59.693,3,2.03,,1024000000
2026-05-29 13:15:59.035,6,5.97,,1024000000
2026-05-29 13:15:58.989,3,2.37,,1024000000
2026-05-29 13:15:58.059,2,1.77,,1024000000
2026-05-29 13:15:57.944,2,1.66,,1024000000
2026-05-29 13:15:57.878,3,2.22,,1024000000
2026-05-29 13:15:57.464,2,1.86,,1024000000
2026-05-29 13:15:56.719,2,1.68,,1024000000
2026-05-29 13:15:56.558,2,1.93,,1024000000
2026-05-29 13:15:56.330,3,2.2,,1024000000
2026-05-29 13:15:56.328,16,15.74,,1024000000
2026-05-29 13:15:56.241,2,1.8,,1024000000
2026-05-29 13:15:54.755,2,1.67,,1024000000
2026-05-29 13:15:54.623,2,1.93,,1024000000
2026-05-29 13:15:54.531,2,1.82,,1024000000
2026-05-29 13:15:54.484,3,2.17,,1024000000
2026-05-29 13:15:53.891,2,1.75,,1024000000
2026-05-29 13:15:53.133,2,1.86,,1024000000
2026-05-29 13:15:52.826,2,1.94,,1024000000
2026-05-29 13:15:52.737,2,1.69,,1024000000
2026-05-29 13:15:52.540,6,5.91,,1024000000
2026-05-29 13:15:51.650,2,1.73,,1024000000
2026-05-29 13:15:51.524,2,1.96,,1024000000
2026-05-29 13:15:51.399,2,1.65,,1024000000
2026-05-29 13:15:50.870,3,2.06,,1024000000
2026-05-29 13:15:50.499,2,1.74,,1024000000
2026-05-29 13:15:50.064,2,1.73,,1024000000
2026-05-29 13:15:49.960,2,1.82,,1024000000
2026-05-29 13:15:49.593,2,1.99,,1024000000
2026-05-29 13:15:48.965,2,1.68,,1024000000
2026-05-29 13:15:48.878,9,8.31,,1024000000
2026-05-29 13:15:47.942,8,7.45,,1024000000
2026-05-29 13:15:47.704,2,1.73,,1024000000
2026-05-29 13:15:47.597,2,1.9,,1024000000
2026-05-29 13:15:47.419,3,2.09,,1024000000
2026-05-29 13:15:46.929,3,2.08,,1024000000
2026-05-29 13:15:46.354,2,1.64,,1024000000
2026-05-29 13:15:46.014,2,1.56,,1024000000
2026-05-29 13:15:45.979,2,1.6,,1024000000
2026-05-29 13:15:45.757,2,1.69,,1024000000
2026-05-29 13:15:45.301,3,2.36,,1024000000
2026-05-29 13:15:44.631,2,1.73,,1024000000
2026-05-29 13:15:44.550,2,1.79,,1024000000
2026-05-29 13:15:44.354,3,2.07,,1024000000
2026-05-29 13:15:44.236,2,1.95,,1024000000
2026-05-29 13:15:43.740,2,1.98,,1024000000
2026-05-29 13:15:43.127,2,1.97,,1024000000
2026-05-29 13:15:42.978,3,2.02,,1024000000
2026-05-29 13:15:42.277,3,2.12,,1024000000
2026-05-29 13:15:42.116,2,1.75,,1024000000
2026-05-29 13:15:41.480,2,1.95,,1024000000
2026-05-29 13:15:40.970,3,2.25,,1024000000
2026-05-29 13:15:40.851,2,1.69,,1024000000
2026-05-29 13:15:40.330,3,2.33,,1024000000
2026-05-29 13:15:39.889,3,2.13,,1024000000
2026-05-29 13:15:39.580,3,2.01,,1024000000
2026-05-29 13:15:39.266,10,9.66,,1024000000
2026-05-29 13:15:39.060,2,1.88,,1024000000
2026-05-29 13:15:38.400,2,1.88,,1024000000
2026-05-29 13:15:37.570,4,4,,1024000000
2026-05-29 13:15:37.405,25,24.63,,1024000000
2026-05-29 13:15:37.327,2,1.99,,1024000000
2026-05-29 13:15:37.250,2,1.53,,1024000000
2026-05-29 13:15:36.219,2,1.9,,1024000000
2026-05-29 13:15:35.618,2,1.76,,1024000000
2026-05-29 13:15:35.510,2,1.73,,1024000000
2026-05-29 13:15:35.486,2,1.8,,1024000000
2026-05-29 13:15:35.323,2,1.99,,1024000000
2026-05-29 13:15:34.707,3,2.08,,1024000000
2026-05-29 13:15:33.876,2,1.87,,1024000000
2026-05-29 13:15:33.868,2,1.82,,1024000000
2026-05-29 13:15:33.401,2,1.95,,1024000000
2026-05-29 13:15:33.228,3,2.04,,1024000000
2026-05-29 13:15:32.650,3,2.01,,1024000000
2026-05-29 13:15:32.381,2,1.61,,1024000000
2026-05-29 13:15:31.858,2,1.83,,1024000000
2026-05-29 13:15:31.674,3,2.07,,1024000000
2026-05-29 13:15:31.267,3,2.01,,1024000000
2026-05-29 13:15:30.692,8,7.59,,1024000000
2026-05-29 13:15:30.595,2,1.96,,1024000000
2026-05-29 13:15:30.029,3,2.17,,1024000000
2026-05-29 13:15:29.653,2,1.92,,1024000000
2026-05-29 13:15:29.428,3,2.37,,1024000000
2026-05-29 13:15:29.226,2,1.98,,1024000000
2026-05-29 13:15:28.989,3,2.23,,1024000000
2026-05-29 13:15:28.295,3,2.18,,1024000000
2026-05-29 13:15:27.520,2,1.85,,1024000000
2026-05-29 13:15:27.289,2,1.86,,1024000000
2026-05-29 13:15:27.072,2,1.9,,1024000000
2026-05-29 13:15:27.024,2,1.91,,1024000000
2026-05-29 13:15:25.857,5,4.42,,1024000000
2026-05-29 13:15:25.407,2,1.91,,1024000000
2026-05-29 13:15:25.338,3,2.1,,1024000000
2026-05-29 13:15:25.313,2,1.69,,1024000000
2026-05-29 13:15:24.898,2,1.99,,1024000000
2026-05-29 13:15:23.955,3,2.02,,1024000000
2026-05-29 13:15:23.887,2,1.93,,1024000000
2026-05-29 13:15:23.349,6,5.68,,1024000000
2026-05-29 13:15:23.294,3,2.08,,1024000000
2026-05-29 13:15:23.285,3,2.06,,1024000000
2026-05-29 13:15:22.703,3,2,,1024000000
2026-05-29 13:15:22.420,2,1.83,,1024000000
2026-05-29 13:15:21.832,2,1.73,,1024000000
2026-05-29 13:15:21.813,3,2.13,,1024000000
2026-05-29 13:15:21.417,2,1.9,,1024000000
2026-05-29 13:15:21.053,2,1.89,,1024000000
2026-05-29 13:15:20.543,2,1.88,,1024000000
2026-05-29 13:15:20.406,2,1.71,,1024000000
2026-05-29 13:15:20.245,4,3.77,,1024000000
2026-05-29 13:15:19.333,3,2.02,,1024000000
2026-05-29 13:15:19.257,2,1.81,,1024000000
2026-05-29 13:15:19.090,2,1.73,,1024000000
2026-05-29 13:15:18.765,3,2.08,,1024000000
2026-05-29 13:15:18.511,2,1.85,,1024000000
2026-05-29 13:15:18.008,2,1.88,,1024000000
2026-05-29 13:15:17.807,8,7.67,,1024000000
2026-05-29 13:15:17.360,2,1.92,,1024000000
2026-05-29 13:15:16.913,3,2.1,,1024000000
2026-05-29 13:15:16.871,7,6.27,,1024000000
2026-05-29 13:15:16.461,7,6.96,,1024000000
2026-05-29 13:15:15.881,2,1.8,,1024000000
2026-05-29 13:15:15.643,3,2.47,,1024000000
2026-05-29 13:15:15.449,3,2.14,,1024000000
2026-05-29 13:15:15.059,3,2.3,,1024000000
2026-05-29 13:15:14.284,3,2.22,,1024000000
2026-05-29 13:15:14.103,3,2.06,,1024000000
2026-05-29 13:15:13.730,3,2.03,,1024000000
2026-05-29 13:15:13.551,2,1.97,,1024000000
2026-05-29 13:15:13.141,3,2.15,,1024000000
2026-05-29 13:15:12.698,3,2.13,,1024000000
2026-05-29 13:15:12.132,3,2.56,,1024000000
2026-05-29 13:15:12.100,2,1.66,,1024000000
2026-05-29 13:15:12.024,2,1.81,,1024000000
2026-05-29 13:15:11.087,3,2,,1024000000
2026-05-29 13:15:10.849,3,2.19,,1024000000
2026-05-29 13:15:10.522,2,1.95,,1024000000
2026-05-29 13:15:10.344,3,2.06,,1024000000
2026-05-29 13:15:10.055,2,1.84,,1024000000
2026-05-29 13:15:09.205,3,2.07,,1024000000
2026-05-29 13:15:08.926,2,1.91,,1024000000
2026-05-29 13:15:08.600,2,1.68,,1024000000
2026-05-29 13:15:08.414,2,1.83,,1024000000
2026-05-29 13:15:08.246,3,2.08,,1024000000
2026-05-29 13:15:07.663,2,1.97,,1024000000
2026-05-29 13:15:07.468,2,1.93,,1024000000
2026-05-29 13:15:06.885,3,2.19,,1024000000
2026-05-29 13:15:06.703,3,2.14,,1024000000
2026-05-29 13:15:06.530,7,6.4,,1024000000
2026-05-29 13:15:05.630,2,1.83,,1024000000
2026-05-29 13:15:05.320,6,5.99,,1024000000
2026-05-29 13:15:04.950,2,1.85,,1024000000
2026-05-29 13:15:04.675,2,1.65,,1024000000
2026-05-29 13:15:04.621,2,1.81,,1024000000
2026-05-29 13:15:04.045,3,2.18,,1024000000
2026-05-29 13:15:03.516,2,1.94,,1024000000
2026-05-29 13:15:03.414,3,2.19,,1024000000
2026-05-29 13:15:02.548,3,2.05,,1024000000
2026-05-29 13:15:02.540,2,1.73,,1024000000
2026-05-29 13:15:02.489,3,2.23,,1024000000
2026-05-29 13:15:01.393,2,1.84,,1024000000
2026-05-29 13:15:01.169,2,1.69,,1024000000
2026-05-29 13:15:00.808,2,1.87,,1024000000
2026-05-29 13:15:00.710,2,1.76,,1024000000
2026-05-29 13:15:00.565,2,1.97,,1024000000
2026-05-29 13:14:59.681,2,1.68,,1024000000
2026-05-29 13:14:59.332,3,2.17,,1024000000
2026-05-29 13:14:59.291,2,1.94,,1024000000
2026-05-29 13:14:58.742,3,2.12,,1024000000
2026-05-29 13:14:58.473,2,1.88,,1024000000
2026-05-29 13:14:58.282,3,2.11,,1024000000
2026-05-29 13:14:57.885,2,1.67,,1024000000
2026-05-29 13:14:57.804,17,16.41,,1024000000
2026-05-29 13:14:57.123,3,2.13,,1024000000
2026-05-29 13:14:56.711,2,1.77,,1024000000
2026-05-29 13:14:56.465,11,10.83,,1024000000
2026-05-29 13:14:56.397,3,2.11,,1024000000
2026-05-29 13:14:55.929,3,2.27,,1024000000
2026-05-29 13:14:55.775,2,1.97,,1024000000
2026-05-29 13:14:54.746,2,1.8,,1024000000
2026-05-29 13:14:54.718,2,1.73,,1024000000
2026-05-29 13:14:54.704,2,1.74,,1024000000
2026-05-29 13:14:54.081,2,1.94,,1024000000
2026-05-29 13:14:53.759,2,1.65,,1024000000
2026-05-29 13:14:53.670,2,1.58,,1024000000
2026-05-29 13:14:53.318,3,2.02,,1024000000
2026-05-29 13:14:53.199,2,1.55,,1024000000
2026-05-29 13:14:53.002,2,2,,1024000000
2026-05-29 13:14:53.000,3,2.23,,1024000000
2026-05-29 13:14:52.731,2,1.74,,1024000000
2026-05-29 13:14:52.653,2,1.65,,1024000000
2026-05-29 13:14:52.498,3,2.01,,1024000000
2026-05-29 13:14:52.036,3,2.14,,1024000000
2026-05-29 13:14:51.909,3,2.19,,1024000000
2026-05-29 13:14:51.855,2,1.6,,1024000000
2026-05-29 13:14:51.846,2,1.72,,1024000000
2026-05-29 13:14:51.569,2,1.72,,1024000000
2026-05-29 13:14:51.537,3,2.06,,1024000000
2026-05-29 13:14:51.471,2,1.88,,1024000000
2026-05-29 13:14:51.363,2,1.74,,1024000000
2026-05-29 13:14:51.335,2,1.91,,1024000000
2026-05-29 13:14:51.315,2,1.87,,1024000000
2026-05-29 13:14:51.212,2,1.91,,1024000000
2026-05-29 13:14:51.123,2,1.93,,1024000000
2026-05-29 13:14:51.100,3,2.02,,1024000000
2026-05-29 13:14:51.099,2,1.85,,1024000000
2026-05-29 13:14:51.057,2,1.88,,1024000000
2026-05-29 13:14:50.974,2,1.92,,1024000000
2026-05-29 13:14:50.782,8,7.37,,1024000000
2026-05-29 13:14:50.756,2,1.93,,1024000000
2026-05-29 13:14:50.677,2,1.8,,1024000000
2026-05-29 13:14:50.613,6,5.62,,1024000000
2026-05-29 13:14:50.607,2,1.92,,1024000000
2026-05-29 13:14:50.606,6,5.32,,1024000000
2026-05-29 13:14:50.555,2,1.84,,1024000000
2026-05-29 13:14:50.489,3,2.22,,1024000000
2026-05-29 13:14:50.381,7,6.17,,1024000000
2026-05-29 13:14:50.152,2,1.78,,1024000000
2026-05-29 13:14:50.144,2,1.8,,1024000000
2026-05-29 13:14:50.103,3,2.11,,1024000000
2026-05-29 13:14:49.927,2,1.71,,1024000000
2026-05-29 13:14:49.904,2,1.92,,1024000000
2026-05-29 13:14:49.856,2,1.93,,1024000000
2026-05-29 13:14:49.802,2,1.88,,1024000000
2026-05-29 13:14:49.772,3,2.02,,1024000000
2026-05-29 13:14:49.540,2,1.8,,1024000000
2026-05-29 13:14:49.392,3,2.06,,1024000000
2026-05-29 13:14:49.329,2,1.82,,1024000000
2026-05-29 13:14:49.278,3,2.06,,1024000000
2026-05-29 13:14:49.196,2,1.74,,1024000000
2026-05-29 13:14:49.194,2,1.68,,1024000000
2026-05-29 13:14:49.133,2,1.8,,1024000000
2026-05-29 13:14:49.111,2,1.92,,1024000000
2026-05-29 13:14:49.053,2,1.74,,1024000000
2026-05-29 13:14:49.029,2,1.71,,1024000000
2026-05-29 13:14:49.008,2,1.65,,1024000000
2026-05-29 13:14:48.991,2,1.97,,1024000000
2026-05-29 13:14:48.974,2,1.76,,1024000000
2026-05-29 13:14:48.963,12,11.41,,1024000000
2026-05-29 13:14:48.962,2,1.6,,1024000000
2026-05-29 13:14:48.931,3,2.06,,1024000000
2026-05-29 13:14:48.874,2,1.96,,1024000000
2026-05-29 13:14:48.846,2,1.89,,1024000000
2026-05-29 13:14:48.727,2,1.95,,1024000000
2026-05-29 13:14:48.633,3,2.1,,1024000000
2026-05-29 13:14:48.574,2,1.81,,1024000000
2026-05-29 13:14:48.544,2,1.77,,1024000000
2026-05-29 13:14:48.418,3,2.09,,1024000000
2026-05-29 13:14:48.300,2,1.74,,1024000000
2026-05-29 13:14:48.290,2,1.71,,1024000000
2026-05-29 13:14:48.221,3,2.2,,1024000000
2026-05-29 13:14:48.190,2,1.69,,1024000000
2026-05-29 13:14:48.068,2,1.99,,1024000000
2026-05-29 13:14:48.035,3,2.12,,1024000000
2026-05-29 13:14:48.033,2,1.97,,1024000000
2026-05-29 13:14:47.797,2,1.82,,1024000000
2026-05-29 13:14:47.757,2,1.75,,1024000000
2026-05-29 13:14:47.741,2,1.93,,1024000000
2026-05-29 13:14:47.719,3,2.44,,1024000000
2026-05-29 13:14:47.682,2,1.91,,1024000000
2026-05-29 13:14:47.638,2,1.88,,1024000000
2026-05-29 13:14:47.637,3,2.3,,1024000000
2026-05-29 13:14:47.637,2,1.72,,1024000000
2026-05-29 13:14:47.587,2,1.68,,1024000000
2026-05-29 13:14:47.572,2,1.77,,1024000000
2026-05-29 13:14:47.479,2,1.9,,1024000000
2026-05-29 13:14:47.457,2,1.75,,1024000000
2026-05-29 13:14:47.367,2,1.68,,1024000000
2026-05-29 13:14:47.323,3,2.06,,1024000000
2026-05-29 13:14:47.318,2,1.64,,1024000000
2026-05-29 13:14:47.296,2,1.91,,1024000000
2026-05-29 13:14:47.271,2,1.76,,1024000000
2026-05-29 13:14:47.262,2,1.71,,1024000000
2026-05-29 13:14:47.250,2,1.71,,1024000000
2026-05-29 13:14:47.240,2,1.95,,1024000000
2026-05-29 13:14:47.240,2,1.67,,1024000000
2026-05-29 13:14:47.219,2,1.97,,1024000000
2026-05-29 13:14:47.184,2,1.89,,1024000000
2026-05-29 13:14:47.167,2,1.75,,1024000000
2026-05-29 13:14:47.109,3,2.52,,1024000000
2026-05-29 13:14:47.068,2,1.78,,1024000000
2026-05-29 13:14:46.964,2,1.78,,1024000000
2026-05-29 13:14:46.933,2,1.96,,1024000000
2026-05-29 13:14:46.920,7,6.01,,1024000000
2026-05-29 13:14:46.915,2,1.58,,1024000000
2026-05-29 13:14:46.875,2,1.91,,1024000000
2026-05-29 13:14:46.775,3,2.11,,1024000000
2026-05-29 13:14:46.723,3,2.1,,1024000000
2026-05-29 13:14:46.690,3,2.27,,1024000000
2026-05-29 13:14:46.485,3,2.04,,1024000000
2026-05-29 13:14:46.452,2,1.68,,1024000000
2026-05-29 13:14:46.390,3,2.45,,1024000000
2026-05-29 13:14:46.368,2,1.88,,1024000000
2026-05-29 13:14:46.257,2,1.8,,1024000000
2026-05-29 13:14:46.248,2,1.96,,1024000000
2026-05-29 13:14:46.175,3,2.14,,1024000000
2026-05-29 13:14:46.173,2,1.78,,1024000000
2026-05-29 13:14:46.123,2,1.77,,1024000000
2026-05-29 13:14:46.079,2,1.96,,1024000000
2026-05-29 13:14:46.061,2,1.74,,1024000000
2026-05-29 13:14:46.028,2,1.82,,1024000000
2026-05-29 13:14:46.006,2,1.76,,1024000000
2026-05-29 13:14:45.995,2,1.8,,1024000000
2026-05-29 13:14:45.981,2,1.85,,1024000000
2026-05-29 13:14:45.966,2,1.71,,1024000000
2026-05-29 13:14:45.931,2,1.8,,1024000000
2026-05-29 13:14:45.819,2,1.76,,1024000000
2026-05-29 13:14:45.800,3,2.03,,1024000000
2026-05-29 13:14:45.735,2,1.77,,1024000000
2026-05-29 13:14:45.735,2,1.95,,1024000000
2026-05-29 13:14:45.733,2,1.63,,1024000000
2026-05-29 13:14:45.712,2,1.94,,1024000000
2026-05-29 13:14:45.693,9,9,,1024000000
2026-05-29 13:14:45.657,2,1.83,,1024000000
2026-05-29 13:14:45.632,2,1.85,,1024000000
2026-05-29 13:14:45.616,2,1.63,,1024000000
2026-05-29 13:14:45.610,3,2.43,,1024000000
2026-05-29 13:14:45.598,3,2.48,,1024000000
2026-05-29 13:14:45.595,2,1.89,,1024000000
2026-05-29 13:14:45.505,2,1.75,,1024000000
2026-05-29 13:14:45.500,2,1.83,,1024000000
2026-05-29 13:14:45.489,2,1.71,,1024000000
2026-05-29 13:14:45.458,2,1.73,,1024000000
2026-05-29 13:14:45.341,2,1.92,,1024000000
2026-05-29 13:14:45.320,2,1.99,,1024000000
2026-05-29 13:14:45.275,2,1.86,,1024000000
2026-05-29 13:14:45.274,2,1.88,,1024000000
2026-05-29 13:14:45.273,2,1.82,,1024000000
2026-05-29 13:14:45.200,2,1.66,,1024000000
2026-05-29 13:14:45.114,2,1.87,,1024000000
2026-05-29 13:14:45.106,2,1.7,,1024000000
2026-05-29 13:14:45.010,2,1.87,,1024000000
2026-05-29 13:14:44.989,3,2.3,,1024000000
2026-05-29 13:14:44.980,3,2.01,,1024000000
2026-05-29 13:14:44.975,2,1.69,,1024000000
2026-05-29 13:14:44.971,2,1.84,,1024000000
2026-05-29 13:14:44.958,2,1.85,,1024000000
2026-05-29 13:14:44.852,2,1.81,,1024000000
2026-05-29 13:14:44.852,3,2.04,,1024000000
2026-05-29 13:14:44.699,2,1.72,,1024000000
2026-05-29 13:14:44.622,3,2.02,,1024000000
2026-05-29 13:14:44.534,2,1.75,,1024000000
2026-05-29 13:14:44.534,2,1.67,,1024000000
2026-05-29 13:14:44.533,2,1.73,,1024000000
2026-05-29 13:14:44.527,2,1.71,,1024000000
2026-05-29 13:14:44.464,2,1.98,,1024000000
2026-05-29 13:14:44.464,2,1.68,,1024000000
2026-05-29 13:14:44.454,2,1.95,,1024000000
2026-05-29 13:14:44.453,2,1.83,,1024000000
2026-05-29 13:14:44.388,2,1.7,,1024000000
2026-05-29 13:14:44.338,2,1.78,,1024000000
2026-05-29 13:14:44.337,2,1.86,,1024000000
2026-05-29 13:14:44.309,2,1.75,,1024000000
2026-05-29 13:14:44.283,2,1.69,,1024000000
2026-05-29 13:14:44.242,3,2.06,,1024000000
2026-05-29 13:14:44.188,2,1.84,,1024000000
2026-05-29 13:14:44.180,2,1.6,,1024000000
2026-05-29 13:14:44.172,2,1.79,,1024000000
2026-05-29 13:14:44.127,2,1.79,,1024000000
2026-05-29 13:14:44.066,2,1.77,,1024000000
2026-05-29 13:14:44.062,3,2.1,,1024000000
2026-05-29 13:14:43.947,2,1.58,,1024000000
2026-05-29 13:14:43.937,2,1.64,,1024000000
2026-05-29 13:14:43.914,2,1.89,,1024000000
2026-05-29 13:14:43.896,2,1.74,,1024000000
2026-05-29 13:14:43.886,2,1.62,,1024000000
2026-05-29 13:14:43.869,4,3.43,,1024000000
2026-05-29 13:14:43.837,2,1.64,,1024000000
2026-05-29 13:14:43.825,2,1.61,,1024000000
2026-05-29 13:14:43.799,3,2.12,,1024000000
2026-05-29 13:14:43.793,2,1.7,,1024000000
2026-05-29 13:14:43.783,3,2.11,,1024000000
2026-05-29 13:14:43.760,2,1.65,,1024000000
2026-05-29 13:14:43.738,2,1.72,,1024000000
2026-05-29 13:14:43.717,2,1.78,,1024000000
2026-05-29 13:14:43.701,2,1.78,,1024000000
2026-05-29 13:14:43.665,3,2.16,,1024000000
2026-05-29 13:14:43.578,2,1.7,,1024000000
2026-05-29 13:14:43.530,2,1.7,,1024000000
2026-05-29 13:14:43.517,2,1.76,,1024000000
2026-05-29 13:14:43.458,2,1.98,,1024000000
2026-05-29 13:14:43.454,2,1.86,,1024000000
2026-05-29 13:14:43.422,3,2.1,,1024000000
2026-05-29 13:14:43.404,2,1.68,,1024000000
2026-05-29 13:14:43.400,2,1.94,,1024000000
2026-05-29 13:14:43.383,2,1.79,,1024000000
2026-05-29 13:14:43.382,2,1.87,,1024000000
2026-05-29 13:14:43.378,2,1.97,,1024000000
2026-05-29 13:14:43.344,2,1.71,,1024000000
2026-05-29 13:14:43.290,2,1.88,,1024000000
2026-05-29 13:14:43.212,2,1.83,,1024000000
2026-05-29 13:14:43.165,2,1.91,,1024000000
2026-05-29 13:14:43.165,2,1.82,,1024000000
2026-05-29 13:14:43.063,2,1.68,,1024000000
2026-05-29 13:14:43.003,2,1.68,,1024000000
2026-05-29 13:14:43.003,2,1.85,,1024000000
2026-05-29 13:14:42.967,2,1.8,,1024000000
2026-05-29 13:14:42.938,2,1.81,,1024000000
2026-05-29 13:14:42.878,2,1.95,,1024000000
2026-05-29 13:14:42.877,2,1.75,,1024000000
2026-05-29 13:14:42.851,2,1.71,,1024000000
2026-05-29 13:14:42.839,2,1.89,,1024000000
2026-05-29 13:14:42.838,2,1.67,,1024000000
2026-05-29 13:14:42.780,2,1.67,,1024000000
2026-05-29 13:14:42.778,2,1.6,,1024000000
2026-05-29 13:14:42.704,2,1.71,,1024000000
2026-05-29 13:14:42.694,3,2.01,,1024000000
2026-05-29 13:14:42.574,2,1.71,,1024000000
2026-05-29 13:14:42.549,2,1.79,,1024000000
2026-05-29 13:14:42.545,2,1.97,,1024000000
2026-05-29 13:14:42.494,2,1.81,,1024000000
2026-05-29 13:14:42.440,2,1.92,,1024000000
2026-05-29 13:14:42.366,2,1.73,,1024000000
2026-05-29 13:14:42.340,2,1.81,,1024000000
2026-05-29 13:14:42.315,2,1.75,,1024000000
2026-05-29 13:14:42.312,3,2.59,,1024000000
2026-05-29 13:14:42.310,2,1.75,,1024000000
2026-05-29 13:14:42.285,3,2.15,,1024000000
2026-05-29 13:14:42.275,2,1.76,,1024000000
2026-05-29 13:14:42.274,2,1.72,,1024000000
2026-05-29 13:14:42.272,2,1.84,,1024000000
2026-05-29 13:14:42.271,4,3.65,,1024000000
2026-05-29 13:14:42.258,2,1.67,,1024000000
2026-05-29 13:14:42.251,2,1.76,,1024000000
2026-05-29 13:14:42.232,2,1.84,,1024000000
2026-05-29 13:14:42.230,2,1.65,,1024000000
2026-05-29 13:14:42.196,2,1.74,,1024000000
2026-05-29 13:14:42.189,2,1.96,,1024000000
2026-05-29 13:14:42.186,2,1.56,,1024000000
2026-05-29 13:14:42.135,2,1.81,,1024000000
2026-05-29 13:14:42.134,5,4.88,,1024000000
2026-05-29 13:14:42.119,2,1.87,,1024000000
2026-05-29 13:14:42.062,2,1.58,,1024000000
2026-05-29 13:14:42.001,2,1.85,,1024000000
2026-05-29 13:14:41.993,2,1.73,,1024000000
2026-05-29 13:14:41.990,5,4.64,,1024000000
2026-05-29 13:14:41.943,3,2.08,,1024000000
2026-05-29 13:14:41.919,2,1.61,,1024000000
2026-05-29 13:14:41.877,3,2.01,,1024000000
2026-05-29 13:14:41.840,2,1.76,,1024000000
2026-05-29 13:14:41.804,2,1.74,,1024000000
2026-05-29 13:14:41.786,2,1.77,,1024000000
2026-05-29 13:14:41.767,2,1.82,,1024000000
2026-05-29 13:14:41.697,2,1.86,,1024000000
2026-05-29 13:14:41.622,2,1.59,,1024000000
2026-05-29 13:14:41.561,2,1.99,,1024000000
2026-05-29 13:14:41.552,2,1.67,,1024000000
2026-05-29 13:14:41.550,2,1.83,,1024000000
2026-05-29 13:14:41.548,2,1.76,,1024000000
2026-05-29 13:14:41.532,2,1.66,,1024000000
2026-05-29 13:14:41.496,2,1.91,,1024000000
2026-05-29 13:14:41.459,2,2,,1024000000
2026-05-29 13:14:41.382,6,5.3,,1024000000
2026-05-29 13:14:41.360,2,1.73,,1024000000
2026-05-29 13:14:41.262,2,1.89,,1024000000
2026-05-29 13:14:41.262,2,1.82,,1024000000
2026-05-29 13:14:41.245,2,1.76,,1024000000
2026-05-29 13:14:41.235,2,1.72,,1024000000
2026-05-29 13:14:41.211,2,1.7,,1024000000
2026-05-29 13:14:41.197,2,1.71,,1024000000
2026-05-29 13:14:41.192,2,1.8,,1024000000
2026-05-29 13:14:41.121,2,1.62,,1024000000
2026-05-29 13:14:41.104,12,11.83,,1024000000
2026-05-29 13:14:41.087,3,2.02,,1024000000
2026-05-29 13:14:41.082,4,3.19,,1024000000
2026-05-29 13:14:41.080,2,1.82,,1024000000
2026-05-29 13:14:41.061,2,1.8,,1024000000
2026-05-29 13:14:41.056,2,1.78,,1024000000
2026-05-29 13:14:41.038,3,2.08,,1024000000
2026-05-29 13:14:41.008,3,2.04,,1024000000
2026-05-29 13:14:41.003,2,1.81,,1024000000
2026-05-29 13:14:40.997,2,1.73,,1024000000
2026-05-29 13:14:40.986,2,1.89,,1024000000
2026-05-29 13:14:40.967,2,1.99,,1024000000
2026-05-29 13:14:40.961,2,1.85,,1024000000
2026-05-29 13:14:40.944,2,1.97,,1024000000
2026-05-29 13:14:40.898,2,1.79,,1024000000
2026-05-29 13:14:40.876,2,1.79,,1024000000
2026-05-29 13:14:40.857,2,1.88,,1024000000
2026-05-29 13:14:40.832,2,1.77,,1024000000
2026-05-29 13:14:40.827,2,1.57,,1024000000
2026-05-29 13:14:40.813,3,2.09,,1024000000
2026-05-29 13:14:40.758,2,1.74,,1024000000
2026-05-29 13:14:40.662,2,1.68,,1024000000
2026-05-29 13:14:40.638,2,1.77,,1024000000
2026-05-29 13:14:40.620,2,1.8,,1024000000
2026-05-29 13:14:40.568,2,1.93,,1024000000
2026-05-29 13:14:40.540,2,1.78,,1024000000
2026-05-29 13:14:40.528,2,1.85,,1024000000
2026-05-29 13:14:40.466,2,1.78,,1024000000
2026-05-29 13:14:40.465,6,5.42,,1024000000
2026-05-29 13:14:40.425,2,1.86,,1024000000
2026-05-29 13:14:40.367,2,2,,1024000000
2026-05-29 13:14:40.363,2,1.92,,1024000000
2026-05-29 13:14:40.342,2,1.96,,1024000000
2026-05-29 13:14:40.330,3,2.04,,1024000000
2026-05-29 13:14:40.323,2,1.86,,1024000000
2026-05-29 13:14:40.314,3,2.19,,1024000000
2026-05-29 13:14:40.301,3,2.21,,1024000000
2026-05-29 13:14:40.296,2,1.64,,1024000000
2026-05-29 13:14:40.294,2,1.74,,1024000000
2026-05-29 13:14:40.263,2,1.65,,1024000000
2026-05-29 13:14:40.181,2,1.77,,1024000000
2026-05-29 13:14:40.166,3,2.16,,1024000000
2026-05-29 13:14:40.148,2,1.69,,1024000000
2026-05-29 13:14:40.125,2,1.92,,1024000000
2026-05-29 13:14:40.123,3,2.07,,1024000000
2026-05-29 13:14:40.093,2,1.73,,1024000000
2026-05-29 13:14:40.070,2,1.86,,1024000000
2026-05-29 13:14:40.045,2,1.71,,1024000000
2026-05-29 13:14:40.023,2,1.64,,1024000000
2026-05-29 13:14:40.008,2,1.71,,1024000000
2026-05-29 13:14:39.989,2,1.6,,1024000000
2026-05-29 13:14:39.982,2,1.64,,1024000000
2026-05-29 13:14:39.958,2,1.61,,1024000000
2026-05-29 13:14:39.946,2,1.74,,1024000000
2026-05-29 13:14:39.941,2,1.99,,1024000000
2026-05-29 13:14:39.869,2,1.55,,1024000000
2026-05-29 13:14:39.860,2,1.68,,1024000000
2026-05-29 13:14:39.856,2,1.74,,1024000000
2026-05-29 13:14:39.851,2,1.78,,1024000000
2026-05-29 13:14:39.823,2,1.84,,1024000000
2026-05-29 13:14:39.781,2,1.89,,1024000000
2026-05-29 13:14:39.775,2,1.91,,1024000000
2026-05-29 13:14:39.735,2,1.91,,1024000000
2026-05-29 13:14:39.729,2,1.82,,1024000000
2026-05-29 13:14:39.713,3,2.2,,1024000000
2026-05-29 13:14:39.707,2,1.99,,1024000000
2026-05-29 13:14:39.669,6,5.09,,1024000000
2026-05-29 13:14:39.662,2,1.76,,1024000000
2026-05-29 13:14:39.639,2,1.62,,1024000000
2026-05-29 13:14:39.585,2,1.77,,1024000000
2026-05-29 13:14:39.579,3,2.17,,1024000000
2026-05-29 13:14:39.567,2,1.63,,1024000000
2026-05-29 13:14:39.561,2,1.84,,1024000000
2026-05-29 13:14:39.499,3,2.25,,1024000000
2026-05-29 13:14:39.497,2,1.81,,1024000000
2026-05-29 13:14:39.470,5,4.28,,1024000000
2026-05-29 13:14:39.380,3,2.09,,1024000000
2026-05-29 13:14:39.378,3,2.13,,1024000000
2026-05-29 13:14:39.358,2,1.84,,1024000000
2026-05-29 13:14:39.339,2,1.87,,1024000000
2026-05-29 13:14:39.331,2,1.68,,1024000000
2026-05-29 13:14:39.318,2,1.74,,1024000000
2026-05-29 13:14:39.274,2,1.74,,1024000000
2026-05-29 13:14:39.271,2,1.68,,1024000000
2026-05-29 13:14:39.258,2,1.68,,1024000000
2026-05-29 13:14:39.254,2,1.7,,1024000000
2026-05-29 13:14:39.250,2,1.78,,1024000000
2026-05-29 13:14:39.233,3,2.05,,1024000000
2026-05-29 13:14:39.225,3,2.3,,1024000000
2026-05-29 13:14:39.178,2,1.84,,1024000000
2026-05-29 13:14:38.997,2,1.82,,1024000000
2026-05-29 13:14:38.994,2,1.87,,1024000000
2026-05-29 13:14:38.990,8,7.33,,1024000000
2026-05-29 13:14:38.979,2,1.69,,1024000000
2026-05-29 13:14:38.967,2,1.65,,1024000000
2026-05-29 13:14:38.949,3,2.08,,1024000000
2026-05-29 13:14:38.946,2,1.68,,1024000000
2026-05-29 13:14:38.944,4,3.95,,1024000000
2026-05-29 13:14:38.934,2,1.97,,1024000000
2026-05-29 13:14:38.929,2,1.92,,1024000000
2026-05-29 13:14:38.917,2,1.94,,1024000000
2026-05-29 13:14:38.901,3,2.12,,1024000000
2026-05-29 13:14:38.879,7,6.54,,1024000000
2026-05-29 13:14:38.851,2,1.7,,1024000000
2026-05-29 13:14:38.820,2,1.63,,1024000000
2026-05-29 13:14:38.787,2,1.92,,1024000000
2026-05-29 13:14:38.766,2,1.68,,1024000000
2026-05-29 13:14:38.733,3,2.11,,1024000000
2026-05-29 13:14:38.732,2,1.78,,1024000000
2026-05-29 13:14:38.724,2,1.73,,1024000000
2026-05-29 13:14:38.679,2,1.93,,1024000000
2026-05-29 13:14:38.676,2,1.83,,1024000000
2026-05-29 13:14:38.660,3,2.04,,1024000000
2026-05-29 13:14:38.606,2,1.9,,1024000000
2026-05-29 13:14:38.583,2,1.99,,1024000000
2026-05-29 13:14:38.543,2,1.81,,1024000000
2026-05-29 13:14:38.503,2,1.71,,1024000000
2026-05-29 13:14:38.484,2,1.86,,1024000000
2026-05-29 13:14:38.458,2,1.76,,1024000000
2026-05-29 13:14:38.442,4,3.9,,1024000000
2026-05-29 13:14:38.424,2,1.69,,1024000000
2026-05-29 13:14:38.406,2,1.74,,1024000000
2026-05-29 13:14:38.398,2,1.83,,1024000000
2026-05-29 13:14:38.394,2,1.63,,1024000000
2026-05-29 13:14:38.389,2,1.73,,1024000000
2026-05-29 13:14:38.369,2,1.77,,1024000000
2026-05-29 13:14:38.356,3,2.2,,1024000000
2026-05-29 13:14:38.327,2,1.68,,1024000000
2026-05-29 13:14:38.326,2,1.63,,1024000000
2026-05-29 13:14:38.312,2,1.79,,1024000000
2026-05-29 13:14:38.301,2,1.78,,1024000000
2026-05-29 13:14:38.288,3,2.19,,1024000000
2026-05-29 13:14:38.269,2,1.69,,1024000000
2026-05-29 13:14:38.259,2,1.76,,1024000000
2026-05-29 13:14:38.256,2,1.75,,1024000000
2026-05-29 13:14:38.221,2,1.7,,1024000000
2026-05-29 13:14:38.178,4,3.02,,1024000000
2026-05-29 13:14:38.174,2,1.92,,1024000000
2026-05-29 13:14:38.171,2,1.65,,1024000000
2026-05-29 13:14:38.158,2,1.78,,1024000000
2026-05-29 13:14:38.152,13,12.56,,1024000000
2026-05-29 13:14:38.140,2,1.88,,1024000000
2026-05-29 13:14:38.097,3,2.02,,1024000000
2026-05-29 13:14:38.092,3,2.09,,1024000000
2026-05-29 13:14:38.035,2,1.75,,1024000000
2026-05-29 13:14:38.014,3,2.01,,1024000000
2026-05-29 13:14:37.982,2,1.92,,1024000000
2026-05-29 13:14:37.970,3,2.06,,1024000000
2026-05-29 13:14:37.968,2,1.83,,1024000000
2026-05-29 13:14:37.967,2,1.78,,1024000000
2026-05-29 13:14:37.966,12,11.91,,1024000000
2026-05-29 13:14:37.890,2,1.81,,1024000000
2026-05-29 13:14:37.876,2,1.91,,1024000000
2026-05-29 13:14:37.861,2,1.56,,1024000000
2026-05-29 13:14:37.856,2,1.96,,1024000000
2026-05-29 13:14:37.854,2,1.66,,1024000000
2026-05-29 13:14:37.843,2,1.85,,1024000000
2026-05-29 13:14:37.836,2,1.96,,1024000000
2026-05-29 13:14:37.822,2,1.93,,1024000000
2026-05-29 13:14:37.809,2,1.94,,1024000000
2026-05-29 13:14:37.786,3,2.56,,1024000000
2026-05-29 13:14:37.762,3,2.02,,1024000000
2026-05-29 13:14:37.751,7,6.38,,1024000000
2026-05-29 13:14:37.748,2,1.75,,1024000000
2026-05-29 13:14:37.744,3,2.01,,1024000000
2026-05-29 13:14:37.729,2,1.95,,1024000000
2026-05-29 13:14:37.726,2,1.81,,1024000000
2026-05-29 13:14:37.708,2,1.82,,1024000000
2026-05-29 13:14:37.701,2,1.68,,1024000000
2026-05-29 13:14:37.693,2,1.68,,1024000000
2026-05-29 13:14:37.680,2,1.87,,1024000000
2026-05-29 13:14:37.676,2,1.74,,1024000000
2026-05-29 13:14:37.676,3,2,,1024000000
2026-05-29 13:14:37.667,2,1.76,,1024000000
2026-05-29 13:14:37.647,3,2.17,,1024000000
2026-05-29 13:14:37.627,2,1.72,,1024000000
2026-05-29 13:14:37.609,2,1.71,,1024000000
2026-05-29 13:14:37.586,3,2.39,,1024000000
2026-05-29 13:14:37.502,3,2.23,,1024000000
2026-05-29 13:14:37.470,9,8.56,,1024000000
2026-05-29 13:14:37.462,4,3.09,,1024000000
2026-05-29 13:14:37.453,2,1.76,,1024000000
2026-05-29 13:14:37.409,2,1.68,,1024000000
2026-05-29 13:14:37.404,2,1.78,,1024000000
2026-05-29 13:14:37.384,2,1.86,,1024000000
2026-05-29 13:14:37.383,12,11.36,,1024000000
2026-05-29 13:14:37.369,3,2.04,,1024000000
2026-05-29 13:14:37.339,2,1.91,,1024000000
2026-05-29 13:14:37.330,2,1.94,,1024000000
2026-05-29 13:14:37.252,2,1.77,,1024000000
2026-05-29 13:14:37.237,2,1.8,,1024000000
2026-05-29 13:14:37.237,3,2.71,,1024000000
2026-05-29 13:14:37.158,2,1.68,,1024000000
2026-05-29 13:14:37.154,8,7.66,,1024000000
2026-05-29 13:14:37.135,6,5.64,,1024000000
2026-05-29 13:14:37.107,2,1.94,,1024000000
2026-05-29 13:14:37.048,5,4.88,,1024000000
2026-05-29 13:14:37.040,2,1.73,,1024000000
2026-05-29 13:14:37.006,3,2.31,,1024000000
2026-05-29 13:14:37.001,2,1.61,,1024000000
2026-05-29 13:14:36.993,2,1.76,,1024000000
2026-05-29 13:14:36.959,3,2.01,,1024000000
2026-05-29 13:14:36.938,2,1.82,,1024000000
2026-05-29 13:14:36.934,2,1.79,,1024000000
2026-05-29 13:14:36.915,2,1.91,,1024000000
2026-05-29 13:14:36.912,2,1.82,,1024000000
2026-05-29 13:14:36.902,2,1.92,,1024000000
2026-05-29 13:14:36.901,2,1.83,,1024000000
2026-05-29 13:14:36.876,2,1.75,,1024000000
2026-05-29 13:14:36.838,2,1.72,,1024000000
2026-05-29 13:14:36.838,11,10.79,,1024000000
2026-05-29 13:14:36.833,2,1.77,,1024000000
2026-05-29 13:14:36.819,2,1.59,,1024000000
2026-05-29 13:14:36.799,2,1.98,,1024000000
2026-05-29 13:14:36.769,4,3.92,,1024000000
2026-05-29 13:14:36.733,2,1.88,,1024000000
2026-05-29 13:14:36.666,2,1.76,,1024000000
2026-05-29 13:14:36.661,7,6.96,,1024000000
2026-05-29 13:14:36.633,2,1.83,,1024000000
2026-05-29 13:14:36.620,2,1.7,,1024000000
2026-05-29 13:14:36.605,2,1.85,,1024000000
2026-05-29 13:14:36.555,2,1.85,,1024000000
2026-05-29 13:14:36.549,2,1.75,,1024000000
2026-05-29 13:14:36.538,2,1.81,,1024000000
2026-05-29 13:14:36.522,2,1.72,,1024000000
2026-05-29 13:14:36.497,2,1.95,,1024000000
2026-05-29 13:14:36.492,2,1.67,,1024000000
2026-05-29 13:14:36.466,2,1.88,,1024000000
2026-05-29 13:14:36.465,3,2,,1024000000
2026-05-29 13:14:36.429,4,3.61,,1024000000
2026-05-29 13:14:36.404,2,1.71,,1024000000
2026-05-29 13:14:36.400,2,1.86,,1024000000
2026-05-29 13:14:36.395,2,1.6,,1024000000
2026-05-29 13:14:36.388,2,1.68,,1024000000
2026-05-29 13:14:36.378,2,1.82,,1024000000
2026-05-29 13:14:36.362,3,2.34,,1024000000
2026-05-29 13:14:36.335,2,1.71,,1024000000
2026-05-29 13:14:36.273,2,1.7,,1024000000
2026-05-29 13:14:36.271,3,2.21,,1024000000
2026-05-29 13:14:36.269,2,1.76,,1024000000
2026-05-29 13:14:36.265,3,2.26,,1024000000
2026-05-29 13:14:36.264,2,1.72,,1024000000
2026-05-29 13:14:36.231,11,10.15,,1024000000
2026-05-29 13:14:36.223,2,1.85,,1024000000
2026-05-29 13:14:36.192,2,1.57,,1024000000
2026-05-29 13:14:36.184,2,1.64,,1024000000
2026-05-29 13:14:36.178,2,1.64,,1024000000
2026-05-29 13:14:36.174,2,1.78,,1024000000
2026-05-29 13:14:36.147,2,1.91,,1024000000
2026-05-29 13:14:36.135,2,1.71,,1024000000
2026-05-29 13:14:36.132,2,1.7,,1024000000
2026-05-29 13:14:36.129,2,1.9,,1024000000
2026-05-29 13:14:36.084,6,5.07,,1024000000
2026-05-29 13:14:36.083,2,1.73,,1024000000
2026-05-29 13:14:36.082,2,1.81,,1024000000
2026-05-29 13:14:36.075,2,1.74,,1024000000
2026-05-29 13:14:36.059,2,1.79,,1024000000
2026-05-29 13:14:36.057,2,1.79,,1024000000
2026-05-29 13:14:36.055,6,5.56,,1024000000
2026-05-29 13:14:36.055,4,3.44,,1024000000
2026-05-29 13:14:36.042,2,1.68,,1024000000
2026-05-29 13:14:36.006,2,1.71,,1024000000
2026-05-29 13:14:36.004,2,1.7,,1024000000
2026-05-29 13:14:35.997,7,6.06,,1024000000
2026-05-29 13:14:35.929,2,1.86,,1024000000
2026-05-29 13:14:35.927,2,1.73,,1024000000
2026-05-29 13:14:35.909,2,1.88,,1024000000
2026-05-29 13:14:35.898,3,2.02,,1024000000
2026-05-29 13:14:35.882,2,1.76,,1024000000
2026-05-29 13:14:35.878,2,1.68,,1024000000
2026-05-29 13:14:35.858,2,1.71,,1024000000
2026-05-29 13:14:35.836,3,2.21,,1024000000
2026-05-29 13:14:35.830,2,1.67,,1024000000
2026-05-29 13:14:35.822,2,1.81,,1024000000
2026-05-29 13:14:35.774,3,2.48,,1024000000
2026-05-29 13:14:35.729,18,17.96,,1024000000
2026-05-29 13:14:35.728,3,2.11,,1024000000
2026-05-29 13:14:35.718,2,1.89,,1024000000
2026-05-29 13:14:35.686,2,1.7,,1024000000
2026-05-29 13:14:35.613,2,1.78,,1024000000
2026-05-29 13:14:35.603,2,1.91,,1024000000
2026-05-29 13:14:35.596,9,8.47,,1024000000
2026-05-29 13:14:35.593,2,1.95,,1024000000
2026-05-29 13:14:35.590,2,1.81,,1024000000
2026-05-29 13:14:35.589,2,1.7,,1024000000
2026-05-29 13:14:35.581,2,1.69,,1024000000
2026-05-29 13:14:35.572,2,1.95,,1024000000
2026-05-29 13:14:35.541,2,1.81,,1024000000
2026-05-29 13:14:35.518,2,1.7,,1024000000
2026-05-29 13:14:35.516,2,1.67,,1024000000
2026-05-29 13:14:35.468,2,1.73,,1024000000
2026-05-29 13:14:35.428,3,2.42,,1024000000
2026-05-29 13:14:35.420,3,2,,1024000000
2026-05-29 13:14:35.402,2,1.62,,1024000000
2026-05-29 13:14:35.398,2,1.98,,1024000000
2026-05-29 13:14:35.396,2,1.76,,1024000000
2026-05-29 13:14:35.392,2,1.79,,1024000000
2026-05-29 13:14:35.380,2,1.68,,1024000000
2026-05-29 13:14:35.369,2,1.71,,1024000000
2026-05-29 13:14:35.335,2,1.75,,1024000000
2026-05-29 13:14:35.304,4,3.01,,1024000000
2026-05-29 13:14:35.299,3,2.05,,1024000000
2026-05-29 13:14:35.282,2,1.82,,1024000000
2026-05-29 13:14:35.262,7,6.49,,1024000000
2026-05-29 13:14:35.249,2,1.77,,1024000000
2026-05-29 13:14:35.245,2,1.74,,1024000000
2026-05-29 13:14:35.229,2,1.65,,1024000000
2026-05-29 13:14:35.221,2,1.89,,1024000000
2026-05-29 13:14:35.193,2,1.7,,1024000000
2026-05-29 13:14:35.177,2,1.62,,1024000000
2026-05-29 13:14:35.165,2,1.73,,1024000000
2026-05-29 13:14:35.154,2,1.84,,1024000000
2026-05-29 13:14:35.147,2,1.89,,1024000000
2026-05-29 13:14:35.123,2,1.71,,1024000000
2026-05-29 13:14:35.123,2,1.8,,1024000000
2026-05-29 13:14:35.114,8,7.05,,1024000000
2026-05-29 13:14:35.098,2,1.61,,1024000000
2026-05-29 13:14:35.065,2,1.9,,1024000000
2026-05-29 13:14:35.042,6,5.73,,1024000000
2026-05-29 13:14:35.027,2,1.86,,1024000000
2026-05-29 13:14:34.947,2,1.91,,1024000000
2026-05-29 13:14:34.942,2,1.73,,1024000000
2026-05-29 13:14:34.935,2,1.7,,1024000000
2026-05-29 13:14:34.933,2,1.73,,1024000000
2026-05-29 13:14:34.929,2,1.77,,1024000000
2026-05-29 13:14:34.808,3,2.27,,1024000000
2026-05-29 13:14:34.806,2,1.9,,1024000000
2026-05-29 13:14:34.793,2,1.74,,1024000000
2026-05-29 13:14:34.783,2,1.81,,1024000000
2026-05-29 13:14:34.776,2,1.81,,1024000000
2026-05-29 13:14:34.758,3,2.17,,1024000000
2026-05-29 13:14:34.726,5,4.48,,1024000000
2026-05-29 13:14:34.722,2,1.73,,1024000000
2026-05-29 13:14:34.715,2,1.73,,1024000000
2026-05-29 13:14:34.693,5,4.61,,1024000000
2026-05-29 13:14:34.691,2,1.77,,1024000000
2026-05-29 13:14:34.657,2,1.66,,1024000000
2026-05-29 13:14:34.646,2,1.63,,1024000000
2026-05-29 13:14:34.638,2,1.92,,1024000000
2026-05-29 13:14:34.625,2,1.65,,1024000000
2026-05-29 13:14:34.609,2,1.75,,1024000000
2026-05-29 13:14:34.607,2,1.68,,1024000000
2026-05-29 13:14:34.604,2,1.85,,1024000000
2026-05-29 13:14:34.587,3,2.69,,1024000000
2026-05-29 13:14:34.573,2,1.67,,1024000000
2026-05-29 13:14:34.572,2,1.86,,1024000000
2026-05-29 13:14:34.571,2,1.59,,1024000000
2026-05-29 13:14:34.553,2,1.68,,1024000000
2026-05-29 13:14:34.547,2,1.62,,1024000000
2026-05-29 13:14:34.538,2,1.83,,1024000000
2026-05-29 13:14:34.536,2,1.84,,1024000000
2026-05-29 13:14:34.508,2,1.74,,1024000000
2026-05-29 13:14:34.506,2,1.79,,1024000000
2026-05-29 13:14:34.500,2,1.98,,1024000000
2026-05-29 13:14:34.492,2,1.74,,1024000000
2026-05-29 13:14:34.465,2,1.69,,1024000000
2026-05-29 13:14:34.413,2,1.66,,1024000000
2026-05-29 13:14:34.413,2,1.92,,1024000000
2026-05-29 13:14:34.409,2,1.74,,1024000000
2026-05-29 13:14:34.399,2,1.64,,1024000000
2026-05-29 13:14:34.348,2,1.9,,1024000000
2026-05-29 13:14:34.342,2,1.67,,1024000000
2026-05-29 13:14:34.332,2,1.88,,1024000000
2026-05-29 13:14:34.295,2,1.77,,1024000000
2026-05-29 13:14:34.267,2,1.71,,1024000000
2026-05-29 13:14:34.230,2,1.8,,1024000000
2026-05-29 13:14:34.221,3,2.03,,1024000000
2026-05-29 13:14:34.217,3,2.05,,1024000000
2026-05-29 13:14:34.217,2,1.78,,1024000000
2026-05-29 13:14:34.197,2,1.71,,1024000000
2026-05-29 13:14:34.170,2,1.97,,1024000000
2026-05-29 13:14:34.156,2,1.86,,1024000000
2026-05-29 13:14:34.153,2,1.8,,1024000000
2026-05-29 13:14:34.122,2,1.47,,1024000000
2026-05-29 13:14:34.119,2,1.75,,1024000000
2026-05-29 13:14:34.116,2,1.91,,1024000000
2026-05-29 13:14:34.115,2,1.87,,1024000000
2026-05-29 13:14:34.115,2,1.69,,1024000000
2026-05-29 13:14:34.115,2,1.78,,1024000000
2026-05-29 13:14:33.989,2,1.82,,1024000000
2026-05-29 13:14:33.935,2,1.97,,1024000000
2026-05-29 13:14:33.930,3,2.38,,1024000000
2026-05-29 13:14:33.899,2,1.72,,1024000000
2026-05-29 13:14:33.885,2,1.83,,1024000000
2026-05-29 13:14:33.869,3,2.42,,1024000000
2026-05-29 13:14:33.860,2,1.72,,1024000000
2026-05-29 13:14:33.856,2,1.84,,1024000000
2026-05-29 13:14:33.846,2,1.83,,1024000000
2026-05-29 13:14:33.844,2,1.73,,1024000000
2026-05-29 13:14:33.833,3,2.08,,1024000000
2026-05-29 13:14:33.812,2,2,,1024000000
2026-05-29 13:14:33.804,2,1.82,,1024000000
2026-05-29 13:14:33.804,3,2.09,,1024000000
2026-05-29 13:14:33.774,3,2.22,,1024000000
2026-05-29 13:14:33.754,2,1.68,,1024000000
2026-05-29 13:14:33.751,2,1.79,,1024000000
2026-05-29 13:14:33.744,2,1.77,,1024000000
2026-05-29 13:14:33.742,2,1.89,,1024000000
2026-05-29 13:14:33.738,2,1.65,,1024000000
2026-05-29 13:14:33.723,2,1.73,,1024000000
2026-05-29 13:14:33.666,2,1.84,,1024000000
2026-05-29 13:14:33.663,2,1.7,,1024000000
2026-05-29 13:14:33.656,2,1.61,,1024000000
2026-05-29 13:14:33.648,2,1.66,,1024000000
2026-05-29 13:14:33.646,2,1.99,,1024000000
2026-05-29 13:14:33.638,2,1.79,,1024000000
2026-05-29 13:14:33.620,2,1.82,,1024000000
2026-05-29 13:14:33.591,30,29.17,,1024000000
2026-05-29 13:14:33.591,2,1.69,,1024000000
2026-05-29 13:14:33.588,2,1.82,,1024000000
2026-05-29 13:14:33.567,2,1.76,,1024000000
2026-05-29 13:14:33.566,2,1.73,,1024000000
2026-05-29 13:14:33.563,2,1.76,,1024000000
2026-05-29 13:14:33.557,3,2.33,,1024000000
2026-05-29 13:14:33.528,10,9.09,,1024000000
2026-05-29 13:14:33.520,2,1.93,,1024000000
2026-05-29 13:14:33.520,2,1.94,,1024000000
2026-05-29 13:14:33.497,3,2.34,,1024000000
2026-05-29 13:14:33.492,2,1.96,,1024000000
2026-05-29 13:14:33.484,2,1.86,,1024000000
2026-05-29 13:14:33.461,2,1.8,,1024000000
2026-05-29 13:14:33.422,2,1.66,,1024000000
2026-05-29 13:14:33.401,2,1.73,,1024000000
2026-05-29 13:14:33.386,2,1.8,,1024000000
2026-05-29 13:14:33.380,3,2.05,,1024000000
2026-05-29 13:14:33.366,3,2.15,,1024000000
2026-05-29 13:14:33.364,2,1.73,,1024000000
2026-05-29 13:14:33.363,2,1.93,,1024000000
2026-05-29 13:14:33.278,2,1.94,,1024000000
2026-05-29 13:14:33.265,2,1.75,,1024000000
2026-05-29 13:14:33.263,2,1.84,,1024000000
2026-05-29 13:14:33.247,2,1.83,,1024000000
2026-05-29 13:14:33.247,2,1.7,,1024000000
2026-05-29 13:14:33.236,2,1.89,,1024000000
2026-05-29 13:14:33.224,2,1.88,,1024000000
2026-05-29 13:14:33.223,7,6.38,,1024000000
2026-05-29 13:14:33.194,15,14.54,,1024000000
2026-05-29 13:14:33.155,2,1.67,,1024000000
2026-05-29 13:14:33.149,3,2.04,,1024000000
2026-05-29 13:14:33.139,2,1.69,,1024000000
2026-05-29 13:14:33.135,3,2.07,,1024000000
2026-05-29 13:14:33.131,2,1.75,,1024000000
2026-05-29 13:14:33.098,2,1.76,,1024000000
2026-05-29 13:14:33.076,2,1.81,,1024000000
2026-05-29 13:14:33.063,2,1.69,,1024000000
2026-05-29 13:14:33.063,2,1.76,,1024000000
2026-05-29 13:14:33.056,3,2.14,,1024000000
2026-05-29 13:14:33.030,2,1.93,,1024000000
2026-05-29 13:14:33.015,3,2.04,,1024000000
2026-05-29 13:14:33.015,2,1.68,,1024000000
2026-05-29 13:14:33.008,2,1.75,,1024000000
2026-05-29 13:14:32.992,2,1.65,,1024000000
2026-05-29 13:14:32.977,3,2.02,,1024000000
2026-05-29 13:14:32.950,2,1.77,,1024000000
2026-05-29 13:14:32.945,2,1.88,,1024000000
2026-05-29 13:14:32.945,2,1.6,,1024000000
2026-05-29 13:14:32.942,2,1.89,,1024000000
2026-05-29 13:14:32.900,2,1.92,,1024000000
2026-05-29 13:14:32.883,2,1.79,,1024000000
2026-05-29 13:14:32.866,2,1.78,,1024000000
2026-05-29 13:14:32.842,2,1.77,,1024000000
2026-05-29 13:14:32.804,3,2.21,,1024000000
2026-05-29 13:14:32.759,2,1.84,,1024000000
2026-05-29 13:14:32.739,2,1.72,,1024000000
2026-05-29 13:14:32.713,3,2.63,,1024000000
2026-05-29 13:14:32.713,2,1.93,,1024000000
2026-05-29 13:14:32.688,2,1.95,,1024000000
2026-05-29 13:14:32.681,3,2.06,,1024000000
2026-05-29 13:14:32.678,2,1.89,,1024000000
2026-05-29 13:14:32.650,2,1.85,,1024000000
2026-05-29 13:14:32.631,2,1.74,,1024000000
2026-05-29 13:14:32.621,5,4.59,,1024000000
2026-05-29 13:14:32.618,3,2.24,,1024000000
2026-05-29 13:14:32.613,7,6.61,,1024000000
2026-05-29 13:14:32.612,3,2.44,,1024000000
2026-05-29 13:14:32.610,2,1.74,,1024000000
2026-05-29 13:14:32.590,2,1.77,,1024000000
2026-05-29 13:14:32.586,2,1.98,,1024000000
2026-05-29 13:14:32.547,2,1.84,,1024000000
2026-05-29 13:14:32.509,2,1.86,,1024000000
2026-05-29 13:14:32.502,3,2.06,,1024000000
2026-05-29 13:14:32.471,2,1.92,,1024000000
2026-05-29 13:14:32.463,2,1.77,,1024000000
2026-05-29 13:14:32.455,2,1.87,,1024000000
2026-05-29 13:14:32.410,2,1.77,,1024000000
2026-05-29 13:14:32.393,2,1.71,,1024000000
2026-05-29 13:14:32.384,2,1.71,,1024000000
2026-05-29 13:14:32.348,3,2.54,,1024000000
2026-05-29 13:14:32.314,3,2.1,,1024000000
2026-05-29 13:14:32.309,2,1.65,,1024000000
2026-05-29 13:14:32.301,2,1.91,,1024000000
2026-05-29 13:14:32.277,2,1.62,,1024000000
2026-05-29 13:14:32.263,2,1.66,,1024000000
2026-05-29 13:14:32.256,2,1.7,,1024000000
2026-05-29 13:14:32.246,3,2.3,,1024000000
2026-05-29 13:14:32.244,3,2.48,,1024000000
2026-05-29 13:14:32.243,2,1.73,,1024000000
2026-05-29 13:14:32.236,2,1.84,,1024000000
2026-05-29 13:14:32.219,2,1.73,,1024000000
2026-05-29 13:14:32.210,2,1.86,,1024000000
2026-05-29 13:14:32.188,2,1.8,,1024000000
2026-05-29 13:14:32.169,2,1.77,,1024000000
2026-05-29 13:14:32.155,2,1.78,,1024000000
2026-05-29 13:14:32.142,3,2.15,,1024000000
2026-05-29 13:14:32.118,3,2.3,,1024000000
2026-05-29 13:14:32.110,3,2.5,,1024000000
2026-05-29 13:14:32.096,2,1.95,,1024000000
2026-05-29 13:14:32.095,2,1.71,,1024000000
2026-05-29 13:14:32.078,3,2.48,,1024000000
2026-05-29 13:14:32.060,2,1.77,,1024000000
2026-05-29 13:14:32.058,6,5.87,,1024000000
2026-05-29 13:14:32.050,2,1.94,,1024000000
2026-05-29 13:14:32.036,2,1.79,,1024000000
2026-05-29 13:14:32.028,2,1.65,,1024000000
2026-05-29 13:14:32.009,48,47.36,,1024000000
2026-05-29 13:14:32.006,2,1.81,,1024000000
2026-05-29 13:14:31.996,3,2.07,,1024000000
2026-05-29 13:14:31.991,2,1.86,,1024000000
2026-05-29 13:14:31.990,2,1.69,,1024000000
2026-05-29 13:14:31.981,2,1.63,,1024000000
2026-05-29 13:14:31.943,2,1.65,,1024000000
2026-05-29 13:14:31.936,2,1.93,,1024000000
2026-05-29 13:14:31.902,3,2.18,,1024000000
2026-05-29 13:14:31.867,2,1.83,,1024000000
2026-05-29 13:14:31.862,2,1.9,,1024000000
2026-05-29 13:14:31.856,2,1.95,,1024000000
2026-05-29 13:14:31.813,2,1.67,,1024000000
2026-05-29 13:14:31.812,2,1.68,,1024000000
2026-05-29 13:14:31.802,3,2.14,,1024000000
2026-05-29 13:14:31.797,3,2.02,,1024000000
2026-05-29 13:14:31.797,3,2.1,,1024000000
2026-05-29 13:14:31.784,2,1.93,,1024000000
2026-05-29 13:14:31.766,2,1.66,,1024000000
2026-05-29 13:14:31.758,2,1.66,,1024000000
2026-05-29 13:14:31.747,2,1.77,,1024000000
2026-05-29 13:14:31.738,2,1.74,,1024000000
2026-05-29 13:14:31.731,2,1.75,,1024000000
2026-05-29 13:14:31.716,2,1.64,,1024000000
2026-05-29 13:14:31.706,2,1.69,,1024000000
2026-05-29 13:14:31.693,3,2.22,,1024000000
2026-05-29 13:14:31.689,2,1.8,,1024000000
2026-05-29 13:14:31.683,7,6.81,,1024000000
2026-05-29 13:14:31.671,2,1.77,,1024000000
2026-05-29 13:14:31.665,3,2.84,,1024000000
2026-05-29 13:14:31.663,2,1.86,,1024000000
2026-05-29 13:14:31.609,2,1.95,,1024000000
2026-05-29 13:14:31.602,2,1.76,,1024000000
2026-05-29 13:14:31.599,2,1.67,,1024000000
2026-05-29 13:14:31.584,2,1.62,,1024000000
2026-05-29 13:14:31.553,2,1.77,,1024000000
2026-05-29 13:14:31.550,2,1.58,,1024000000
2026-05-29 13:14:31.540,2,1.69,,1024000000
2026-05-29 13:14:31.533,2,1.76,,1024000000
2026-05-29 13:14:31.527,2,1.89,,1024000000
2026-05-29 13:14:31.511,2,1.72,,1024000000
2026-05-29 13:14:31.507,2,1.68,,1024000000
2026-05-29 13:14:31.498,2,1.74,,1024000000
2026-05-29 13:14:31.481,2,1.77,,1024000000
2026-05-29 13:14:31.476,2,1.89,,1024000000
2026-05-29 13:14:31.462,2,1.72,,1024000000
2026-05-29 13:14:31.414,2,1.93,,1024000000
2026-05-29 13:14:31.404,3,2.34,,1024000000
2026-05-29 13:14:31.400,2,1.97,,1024000000
2026-05-29 13:14:31.399,2,1.75,,1024000000
2026-05-29 13:14:31.394,2,1.69,,1024000000
2026-05-29 13:14:31.347,2,1.91,,1024000000
2026-05-29 13:14:31.328,3,2,,1024000000
2026-05-29 13:14:31.322,2,1.74,,1024000000
2026-05-29 13:14:31.306,4,3.93,,1024000000
2026-05-29 13:14:31.295,2,1.91,,1024000000
2026-05-29 13:14:31.293,2,1.76,,1024000000
2026-05-29 13:14:31.258,2,1.75,,1024000000
2026-05-29 13:14:31.221,3,2.59,,1024000000
2026-05-29 13:14:31.212,2,1.8,,1024000000
2026-05-29 13:14:31.198,2,1.86,,1024000000
2026-05-29 13:14:31.186,2,1.83,,1024000000
2026-05-29 13:14:31.175,3,2.43,,1024000000
2026-05-29 13:14:31.171,3,2.03,,1024000000
2026-05-29 13:14:31.169,2,1.86,,1024000000
2026-05-29 13:14:31.139,2,1.66,,1024000000
2026-05-29 13:14:31.138,2,1.72,,1024000000
2026-05-29 13:14:31.128,2,1.8,,1024000000
2026-05-29 13:14:31.115,2,1.61,,1024000000
2026-05-29 13:14:31.098,2,1.98,,1024000000
2026-05-29 13:14:31.087,2,1.72,,1024000000
2026-05-29 13:14:31.077,2,1.66,,1024000000
2026-05-29 13:14:31.040,2,1.83,,1024000000
2026-05-29 13:14:31.025,3,2,,1024000000
2026-05-29 13:14:31.011,2,1.65,,1024000000
2026-05-29 13:14:30.972,2,1.92,,1024000000
2026-05-29 13:14:30.898,2,1.69,,1024000000
2026-05-29 13:14:30.889,2,1.72,,1024000000
2026-05-29 13:14:30.875,2,1.74,,1024000000
2026-05-29 13:14:30.830,3,2.04,,1024000000
2026-05-29 13:14:30.801,2,1.72,,1024000000
2026-05-29 13:14:30.796,2,1.77,,1024000000
2026-05-29 13:14:30.790,2,1.79,,1024000000
2026-05-29 13:14:30.788,2,1.81,,1024000000
2026-05-29 13:14:30.777,2,1.68,,1024000000
2026-05-29 13:14:30.770,2,1.76,,1024000000
2026-05-29 13:14:30.751,2,1.96,,1024000000
2026-05-29 13:14:30.749,2,1.69,,1024000000
2026-05-29 13:14:30.693,3,2,,1024000000
2026-05-29 13:14:30.684,2,1.81,,1024000000
2026-05-29 13:14:30.633,2,1.76,,1024000000
2026-05-29 13:14:30.630,3,2.54,,1024000000
2026-05-29 13:14:30.627,2,1.8,,1024000000
2026-05-29 13:14:30.613,2,1.8,,1024000000
2026-05-29 13:14:30.606,2,1.65,,1024000000
2026-05-29 13:14:30.602,2,1.82,,1024000000
2026-05-29 13:14:30.599,2,1.75,,1024000000
2026-05-29 13:14:30.580,2,1.98,,1024000000
2026-05-29 13:14:30.541,2,1.71,,1024000000
2026-05-29 13:14:30.537,3,2.22,,1024000000
2026-05-29 13:14:30.531,3,2.02,,1024000000
2026-05-29 13:14:30.528,2,1.87,,1024000000
2026-05-29 13:14:30.517,2,1.72,,1024000000
2026-05-29 13:14:30.516,2,1.72,,1024000000
2026-05-29 13:14:30.511,3,2.2,,1024000000
2026-05-29 13:14:30.509,2,1.7,,1024000000
2026-05-29 13:14:30.493,2,1.85,,1024000000
2026-05-29 13:14:30.489,2,1.8,,1024000000
2026-05-29 13:14:30.487,2,1.92,,1024000000
2026-05-29 13:14:30.476,3,2.16,,1024000000
2026-05-29 13:14:30.471,2,1.71,,1024000000
2026-05-29 13:14:30.459,3,2.06,,1024000000
2026-05-29 13:14:30.458,2,1.72,,1024000000
2026-05-29 13:14:30.456,2,1.84,,1024000000
2026-05-29 13:14:30.452,2,1.72,,1024000000
2026-05-29 13:14:30.441,2,1.7,,1024000000
2026-05-29 13:14:30.426,2,1.83,,1024000000
2026-05-29 13:14:30.406,2,1.63,,1024000000
2026-05-29 13:14:30.401,2,1.91,,1024000000
2026-05-29 13:14:30.399,2,1.72,,1024000000
2026-05-29 13:14:30.373,2,1.77,,1024000000
2026-05-29 13:14:30.359,2,1.73,,1024000000
2026-05-29 13:14:30.357,2,1.92,,1024000000
2026-05-29 13:14:30.346,2,1.82,,1024000000
2026-05-29 13:14:30.323,2,1.68,,1024000000
2026-05-29 13:14:30.293,2,1.93,,1024000000
2026-05-29 13:14:30.250,2,1.71,,1024000000
2026-05-29 13:14:30.225,2,1.58,,1024000000
2026-05-29 13:14:30.223,2,1.88,,1024000000
2026-05-29 13:14:30.221,2,1.8,,1024000000
2026-05-29 13:14:30.220,2,1.87,,1024000000
2026-05-29 13:14:30.220,3,2.06,,1024000000
2026-05-29 13:14:30.203,2,1.75,,1024000000
2026-05-29 13:14:30.179,2,1.87,,1024000000
2026-05-29 13:14:30.145,3,2.09,,1024000000
2026-05-29 13:14:30.140,2,1.84,,1024000000
2026-05-29 13:14:30.124,2,1.96,,1024000000
2026-05-29 13:14:30.109,2,1.86,,1024000000
2026-05-29 13:14:30.090,2,1.87,,1024000000
2026-05-29 13:14:30.062,2,1.59,,1024000000
2026-05-29 13:14:30.053,2,1.62,,1024000000
2026-05-29 13:14:30.020,2,1.78,,1024000000
2026-05-29 13:14:30.017,2,1.85,,1024000000
2026-05-29 13:14:30.014,2,1.67,,1024000000
2026-05-29 13:14:30.002,2,1.7,,1024000000
2026-05-29 13:14:30.002,2,1.77,,1024000000
2026-05-29 13:14:29.999,2,1.67,,1024000000
2026-05-29 13:14:29.986,2,1.61,,1024000000
2026-05-29 13:14:29.973,2,1.9,,1024000000
2026-05-29 13:14:29.969,2,1.68,,1024000000
2026-05-29 13:14:29.967,2,1.83,,1024000000
2026-05-29 13:14:29.946,2,1.82,,1024000000
2026-05-29 13:14:29.906,2,1.72,,1024000000
2026-05-29 13:14:29.903,2,1.93,,1024000000
2026-05-29 13:14:29.891,3,2.04,,1024000000
2026-05-29 13:14:29.888,2,1.72,,1024000000
2026-05-29 13:14:29.881,2,1.68,,1024000000
2026-05-29 13:14:29.845,2,1.91,,1024000000
2026-05-29 13:14:29.844,2,1.73,,1024000000
2026-05-29 13:14:29.796,2,1.87,,1024000000
2026-05-29 13:14:29.786,2,1.64,,1024000000
2026-05-29 13:14:29.778,2,1.88,,1024000000
2026-05-29 13:14:29.767,2,1.75,,1024000000
2026-05-29 13:14:29.741,2,1.75,,1024000000
2026-05-29 13:14:29.737,2,1.68,,1024000000
2026-05-29 13:14:29.731,2,1.72,,1024000000
2026-05-29 13:14:29.721,2,1.72,,1024000000
2026-05-29 13:14:29.716,2,1.7,,1024000000
2026-05-29 13:14:29.714,3,2.05,,1024000000
2026-05-29 13:14:29.694,2,1.83,,1024000000
2026-05-29 13:14:29.671,2,1.83,,1024000000
2026-05-29 13:14:29.655,2,1.87,,1024000000
2026-05-29 13:14:29.654,2,1.83,,1024000000
2026-05-29 13:14:29.646,3,2.48,,1024000000
2026-05-29 13:14:29.643,6,5.64,,1024000000
2026-05-29 13:14:29.631,3,2.02,,1024000000
2026-05-29 13:14:29.623,2,1.78,,1024000000
2026-05-29 13:14:29.619,5,4.14,,1024000000
2026-05-29 13:14:29.614,3,2.05,,1024000000
2026-05-29 13:14:29.604,2,1.67,,1024000000
2026-05-29 13:14:29.583,2,1.79,,1024000000
2026-05-29 13:14:29.530,2,1.58,,1024000000
2026-05-29 13:14:29.510,2,1.64,,1024000000
2026-05-29 13:14:29.506,2,1.78,,1024000000
2026-05-29 13:14:29.496,2,1.78,,1024000000
2026-05-29 13:14:29.487,2,1.75,,1024000000
2026-05-29 13:14:29.472,2,1.81,,1024000000
2026-05-29 13:14:29.469,2,1.77,,1024000000
2026-05-29 13:14:29.468,2,1.56,,1024000000
2026-05-29 13:14:29.459,2,1.65,,1024000000
2026-05-29 13:14:29.456,3,2.04,,1024000000
2026-05-29 13:14:29.456,3,2.07,,1024000000
2026-05-29 13:14:29.450,2,1.9,,1024000000
2026-05-29 13:14:29.449,2,1.72,,1024000000
2026-05-29 13:14:29.446,2,1.62,,1024000000
2026-05-29 13:14:29.439,2,1.72,,1024000000
2026-05-29 13:14:29.391,2,1.77,,1024000000
2026-05-29 13:14:29.387,2,1.65,,1024000000
2026-05-29 13:14:29.344,2,1.76,,1024000000
2026-05-29 13:14:29.333,8,7.05,,1024000000
2026-05-29 13:14:29.326,2,1.99,,1024000000
2026-05-29 13:14:29.323,2,1.61,,1024000000
2026-05-29 13:14:29.321,2,1.98,,1024000000
2026-05-29 13:14:29.307,2,1.84,,1024000000
2026-05-29 13:14:29.260,2,1.65,,1024000000
2026-05-29 13:14:29.259,2,1.83,,1024000000
2026-05-29 13:14:29.254,2,1.83,,1024000000
2026-05-29 13:14:29.239,2,1.8,,1024000000
2026-05-29 13:14:29.238,2,1.77,,1024000000
2026-05-29 13:14:29.228,2,2,,1024000000
2026-05-29 13:14:29.211,3,2.06,,1024000000
2026-05-29 13:14:29.205,2,1.49,,1024000000
2026-05-29 13:14:29.197,2,1.72,,1024000000
2026-05-29 13:14:29.187,2,1.8,,1024000000
2026-05-29 13:14:29.181,2,1.82,,1024000000
2026-05-29 13:14:29.165,2,1.67,,1024000000
2026-05-29 13:14:29.134,2,1.87,,1024000000
2026-05-29 13:14:29.093,2,1.58,,1024000000
2026-05-29 13:14:29.082,2,1.7,,1024000000
2026-05-29 13:14:29.065,2,1.75,,1024000000
2026-05-29 13:14:29.041,2,1.66,,1024000000
2026-05-29 13:14:29.035,2,1.75,,1024000000
2026-05-29 13:14:29.027,14,13.48,,1024000000
2026-05-29 13:14:29.003,2,1.64,,1024000000
2026-05-29 13:14:28.992,2,1.53,,1024000000
2026-05-29 13:14:28.987,2,1.86,,1024000000
2026-05-29 13:14:28.985,2,1.56,,1024000000
2026-05-29 13:14:28.975,2,1.8,,1024000000
2026-05-29 13:14:28.958,2,1.92,,1024000000
2026-05-29 13:14:28.950,2,1.64,,1024000000
2026-05-29 13:14:28.946,2,1.9,,1024000000
2026-05-29 13:14:28.935,2,1.66,,1024000000
2026-05-29 13:14:28.925,2,1.98,,1024000000
2026-05-29 13:14:28.924,2,1.85,,1024000000
2026-05-29 13:14:28.898,2,1.78,,1024000000
2026-05-29 13:14:28.895,3,2.06,,1024000000
2026-05-29 13:14:28.893,2,1.97,,1024000000
2026-05-29 13:14:28.874,2,1.66,,1024000000
2026-05-29 13:14:28.854,2,2,,1024000000
2026-05-29 13:14:28.843,2,1.76,,1024000000
2026-05-29 13:14:28.797,8,7.49,,1024000000
2026-05-29 13:14:28.796,2,1.71,,1024000000
2026-05-29 13:14:28.794,2,1.72,,1024000000
2026-05-29 13:14:28.792,2,1.88,,1024000000
2026-05-29 13:14:28.776,3,2.02,,1024000000
2026-05-29 13:14:28.772,3,2.08,,1024000000
2026-05-29 13:14:28.729,6,5.78,,1024000000
2026-05-29 13:14:28.695,7,6.1,,1024000000
2026-05-29 13:14:28.687,2,1.84,,1024000000
2026-05-29 13:14:28.678,3,2.09,,1024000000
2026-05-29 13:14:28.674,3,2.27,,1024000000
2026-05-29 13:14:28.674,2,1.96,,1024000000
2026-05-29 13:14:28.659,7,6.76,,1024000000
2026-05-29 13:14:28.636,2,1.92,,1024000000
2026-05-29 13:14:28.584,4,3.56,,1024000000
2026-05-29 13:14:28.564,6,5.1,,1024000000
2026-05-29 13:14:28.544,2,1.96,,1024000000
2026-05-29 13:14:28.505,2,1.9,,1024000000
2026-05-29 13:14:28.504,2,1.69,,1024000000
2026-05-29 13:14:28.492,2,1.7,,1024000000
2026-05-29 13:14:28.474,8,7.25,,1024000000
2026-05-29 13:14:28.450,2,1.63,,1024000000
2026-05-29 13:14:28.440,2,1.91,,1024000000
2026-05-29 13:14:28.418,15,14.42,,1024000000
2026-05-29 13:14:28.416,3,2.27,,1024000000
2026-05-29 13:14:28.399,2,1.6,,1024000000
2026-05-29 13:14:28.396,2,1.79,,1024000000
2026-05-29 13:14:28.395,3,2.68,,1024000000
2026-05-29 13:14:28.379,2,1.7,,1024000000
2026-05-29 13:14:28.365,2,1.88,,1024000000
2026-05-29 13:14:28.364,5,4.69,,1024000000
2026-05-29 13:14:28.340,3,2.18,,1024000000
2026-05-29 13:14:28.332,4,3.25,,1024000000
2026-05-29 13:14:28.331,2,1.7,,1024000000
2026-05-29 13:14:28.313,2,1.91,,1024000000
2026-05-29 13:14:28.286,2,1.72,,1024000000
2026-05-29 13:14:28.282,2,1.74,,1024000000
2026-05-29 13:14:28.282,3,2.4,,1024000000
2026-05-29 13:14:28.279,2,1.76,,1024000000
2026-05-29 13:14:28.277,2,1.81,,1024000000
2026-05-29 13:14:28.275,2,1.67,,1024000000
2026-05-29 13:14:28.254,2,1.67,,1024000000
2026-05-29 13:14:28.248,2,1.99,,1024000000
2026-05-29 13:14:28.248,2,1.98,,1024000000
2026-05-29 13:14:28.247,2,1.8,,1024000000
2026-05-29 13:14:28.228,2,1.63,,1024000000
2026-05-29 13:14:28.221,2,1.68,,1024000000
2026-05-29 13:14:28.215,2,1.73,,1024000000
2026-05-29 13:14:28.210,2,1.57,,1024000000
2026-05-29 13:14:28.179,2,1.65,,1024000000
2026-05-29 13:14:28.176,2,1.88,,1024000000
2026-05-29 13:14:28.150,2,1.77,,1024000000
2026-05-29 13:14:28.113,2,1.72,,1024000000
2026-05-29 13:14:28.099,3,2.17,,1024000000
2026-05-29 13:14:28.092,2,1.6,,1024000000
2026-05-29 13:14:28.082,2,1.64,,1024000000
2026-05-29 13:14:28.076,2,1.78,,1024000000
2026-05-29 13:14:28.045,3,2,,1024000000
2026-05-29 13:14:28.042,2,1.65,,1024000000
2026-05-29 13:14:28.041,2,1.95,,1024000000
2026-05-29 13:14:28.038,2,1.82,,1024000000
2026-05-29 13:14:28.030,2,1.78,,1024000000
2026-05-29 13:14:28.025,2,1.64,,1024000000
2026-05-29 13:14:28.018,2,1.64,,1024000000
2026-05-29 13:14:28.003,2,1.77,,1024000000
2026-05-29 13:14:27.999,2,1.65,,1024000000
2026-05-29 13:14:27.998,2,1.76,,1024000000
2026-05-29 13:14:27.976,2,1.96,,1024000000
2026-05-29 13:14:27.974,2,1.79,,1024000000
2026-05-29 13:14:27.964,3,2.36,,1024000000
2026-05-29 13:14:27.958,2,1.62,,1024000000
2026-05-29 13:14:27.957,2,1.78,,1024000000
2026-05-29 13:14:27.949,3,2.01,,1024000000
2026-05-29 13:14:27.937,2,1.68,,1024000000
2026-05-29 13:14:27.933,13,12.91,,1024000000
2026-05-29 13:14:27.924,2,1.66,,1024000000
2026-05-29 13:14:27.908,2,1.79,,1024000000
2026-05-29 13:14:27.906,2,1.65,,1024000000
2026-05-29 13:14:27.897,2,1.61,,1024000000
2026-05-29 13:14:27.878,2,1.77,,1024000000
2026-05-29 13:14:27.877,2,1.64,,1024000000
2026-05-29 13:14:27.876,3,2.02,,1024000000
2026-05-29 13:14:27.869,2,1.84,,1024000000
2026-05-29 13:14:27.867,2,1.75,,1024000000
2026-05-29 13:14:27.862,2,1.56,,1024000000
2026-05-29 13:14:27.842,2,1.81,,1024000000
2026-05-29 13:14:27.840,2,1.8,,1024000000
2026-05-29 13:14:27.831,2,1.82,,1024000000
2026-05-29 13:14:27.798,2,1.7,,1024000000
2026-05-29 13:14:27.776,2,1.71,,1024000000
2026-05-29 13:14:27.766,2,1.84,,1024000000
2026-05-29 13:14:27.760,2,1.87,,1024000000
2026-05-29 13:14:27.737,2,1.78,,1024000000
2026-05-29 13:14:27.725,2,1.79,,1024000000
2026-05-29 13:14:27.716,2,1.83,,1024000000
2026-05-29 13:14:27.690,2,1.81,,1024000000
2026-05-29 13:14:27.654,2,1.87,,1024000000
2026-05-29 13:14:27.648,2,1.72,,1024000000
2026-05-29 13:14:27.641,2,1.72,,1024000000
2026-05-29 13:14:27.634,2,1.67,,1024000000
2026-05-29 13:14:27.605,2,1.69,,1024000000
2026-05-29 13:14:27.604,2,1.74,,1024000000
2026-05-29 13:14:27.600,2,1.75,,1024000000
2026-05-29 13:14:27.546,2,1.82,,1024000000
2026-05-29 13:14:27.523,2,1.48,,1024000000
2026-05-29 13:14:27.518,2,1.76,,1024000000
2026-05-29 13:14:27.513,2,1.87,,1024000000
2026-05-29 13:14:27.501,2,1.69,,1024000000
2026-05-29 13:14:27.490,2,1.98,,1024000000
2026-05-29 13:14:27.490,2,1.64,,1024000000
2026-05-29 13:14:27.464,3,2.14,,1024000000
2026-05-29 13:14:27.460,2,1.91,,1024000000
2026-05-29 13:14:27.459,2,1.67,,1024000000
2026-05-29 13:14:27.450,2,1.64,,1024000000
2026-05-29 13:14:27.421,3,2.46,,1024000000
2026-05-29 13:14:27.385,2,1.78,,1024000000
2026-05-29 13:14:27.350,2,1.76,,1024000000
2026-05-29 13:14:27.287,2,1.81,,1024000000
2026-05-29 13:14:27.247,2,1.76,,1024000000
2026-05-29 13:14:27.217,2,1.86,,1024000000
2026-05-29 13:14:27.203,3,2.03,,1024000000
2026-05-29 13:14:27.200,2,1.89,,1024000000
2026-05-29 13:14:27.192,2,1.63,,1024000000
2026-05-29 13:14:27.168,2,1.83,,1024000000
2026-05-29 13:14:27.155,3,2.06,,1024000000
2026-05-29 13:14:27.151,2,1.89,,1024000000
2026-05-29 13:14:27.146,2,1.88,,1024000000
2026-05-29 13:14:27.131,2,1.84,,1024000000
2026-05-29 13:14:27.130,2,1.64,,1024000000
2026-05-29 13:14:27.125,2,1.81,,1024000000
2026-05-29 13:14:27.107,2,1.81,,1024000000
2026-05-29 13:14:27.105,2,1.99,,1024000000
2026-05-29 13:14:27.098,2,1.77,,1024000000
2026-05-29 13:14:27.087,3,2.07,,1024000000
2026-05-29 13:14:27.083,2,1.9,,1024000000
2026-05-29 13:14:27.076,3,2.05,,1024000000
2026-05-29 13:14:27.072,2,1.7,,1024000000
2026-05-29 13:14:27.056,2,1.99,,1024000000
2026-05-29 13:14:27.048,2,1.76,,1024000000
2026-05-29 13:14:27.041,2,1.93,,1024000000
2026-05-29 13:14:27.014,2,1.63,,1024000000
2026-05-29 13:14:27.013,2,1.68,,1024000000
2026-05-29 13:14:27.010,2,1.75,,1024000000
2026-05-29 13:14:27.002,2,1.67,,1024000000
2026-05-29 13:14:26.988,2,1.83,,1024000000
2026-05-29 13:14:26.987,2,1.71,,1024000000
2026-05-29 13:14:26.977,7,6.82,,1024000000
2026-05-29 13:14:26.972,2,1.72,,1024000000
2026-05-29 13:14:26.949,2,1.96,,1024000000
2026-05-29 13:14:26.947,2,1.78,,1024000000
2026-05-29 13:14:26.946,5,4.57,,1024000000
2026-05-29 13:14:26.929,3,2.43,,1024000000
2026-05-29 13:14:26.923,2,1.75,,1024000000
2026-05-29 13:14:26.902,2,1.81,,1024000000
2026-05-29 13:14:26.897,2,1.52,,1024000000
2026-05-29 13:14:26.893,2,1.81,,1024000000
2026-05-29 13:14:26.889,2,1.7,,1024000000
2026-05-29 13:14:26.878,3,2.14,,1024000000
2026-05-29 13:14:26.876,2,1.94,,1024000000
2026-05-29 13:14:26.872,2,1.8,,1024000000
2026-05-29 13:14:26.863,2,1.67,,1024000000
2026-05-29 13:14:26.861,2,1.71,,1024000000
2026-05-29 13:14:26.832,3,2.77,,1024000000
2026-05-29 13:14:26.804,3,2.01,,1024000000
2026-05-29 13:14:26.781,4,3.4,,1024000000
2026-05-29 13:14:26.773,3,2.04,,1024000000
2026-05-29 13:14:26.758,2,1.99,,1024000000
2026-05-29 13:14:26.732,3,2.06,,1024000000
2026-05-29 13:14:26.724,5,4.48,,1024000000
2026-05-29 13:14:26.719,2,1.87,,1024000000
2026-05-29 13:14:26.694,3,2.18,,1024000000
2026-05-29 13:14:26.683,8,7.1,,1024000000
2026-05-29 13:14:26.682,3,2.06,,1024000000
2026-05-29 13:14:26.680,2,1.59,,1024000000
2026-05-29 13:14:26.670,6,5.73,,1024000000
2026-05-29 13:14:26.668,2,1.88,,1024000000
2026-05-29 13:14:26.648,2,1.51,,1024000000
2026-05-29 13:14:26.641,2,1.91,,1024000000
2026-05-29 13:14:26.635,2,1.62,,1024000000
2026-05-29 13:14:26.621,3,2.24,,1024000000
2026-05-29 13:14:26.618,2,1.73,,1024000000
2026-05-29 13:14:26.617,3,2.08,,1024000000
2026-05-29 13:14:26.596,3,2.08,,1024000000
2026-05-29 13:14:26.588,2,1.93,,1024000000
2026-05-29 13:14:26.561,9,8.27,,1024000000
2026-05-29 13:14:26.552,5,4.17,,1024000000
2026-05-29 13:14:26.524,3,2.05,,1024000000
2026-05-29 13:14:26.511,13,12.66,,1024000000
2026-05-29 13:14:26.506,7,6.39,,1024000000
2026-05-29 13:14:26.500,2,1.75,,1024000000
2026-05-29 13:14:26.480,2,1.78,,1024000000
2026-05-29 13:14:26.479,4,3.42,,1024000000
2026-05-29 13:14:26.476,2,1.83,,1024000000
2026-05-29 13:14:26.475,2,1.63,,1024000000
2026-05-29 13:14:26.473,2,1.83,,1024000000
2026-05-29 13:14:26.472,2,1.72,,1024000000
2026-05-29 13:14:26.433,2,1.86,,1024000000
2026-05-29 13:14:26.418,2,1.61,,1024000000
2026-05-29 13:14:26.417,3,2.49,,1024000000
2026-05-29 13:14:26.386,2,1.85,,1024000000
2026-05-29 13:14:26.385,2,1.61,,1024000000
2026-05-29 13:14:26.374,2,1.72,,1024000000
2026-05-29 13:14:26.374,7,6.25,,1024000000
2026-05-29 13:14:26.373,2,1.83,,1024000000
2026-05-29 13:14:26.372,5,4.16,,1024000000
2026-05-29 13:14:26.346,3,2.09,,1024000000
2026-05-29 13:14:26.342,2,1.7,,1024000000
2026-05-29 13:14:26.326,2,1.72,,1024000000
2026-05-29 13:14:26.320,2,1.74,,1024000000
2026-05-29 13:14:26.316,2,1.88,,1024000000
2026-05-29 13:14:26.279,2,1.63,,1024000000
2026-05-29 13:14:26.274,3,2.16,,1024000000
2026-05-29 13:14:26.269,2,1.75,,1024000000
2026-05-29 13:14:26.231,2,1.74,,1024000000
2026-05-29 13:14:26.217,2,1.63,,1024000000
2026-05-29 13:14:26.215,2,1.9,,1024000000
2026-05-29 13:14:26.185,3,2.08,,1024000000
2026-05-29 13:14:26.177,2,1.73,,1024000000
2026-05-29 13:14:26.165,2,1.65,,1024000000
2026-05-29 13:14:26.148,2,1.74,,1024000000
2026-05-29 13:14:26.147,9,8.04,,1024000000
2026-05-29 13:14:26.147,2,1.74,,1024000000
2026-05-29 13:14:26.144,5,4.53,,1024000000
2026-05-29 13:14:26.135,2,1.78,,1024000000
2026-05-29 13:14:26.124,2,1.78,,1024000000
2026-05-29 13:14:26.104,2,1.73,,1024000000
2026-05-29 13:14:26.093,2,1.57,,1024000000
2026-05-29 13:14:26.086,2,1.72,,1024000000
2026-05-29 13:14:26.058,2,1.77,,1024000000
2026-05-29 13:14:26.047,2,1.82,,1024000000
2026-05-29 13:14:26.045,3,2.06,,1024000000
2026-05-29 13:14:26.029,2,1.78,,1024000000
2026-05-29 13:14:26.026,3,2.62,,1024000000
2026-05-29 13:14:26.020,2,1.71,,1024000000
2026-05-29 13:14:26.012,3,2.65,,1024000000
2026-05-29 13:14:25.998,3,2,,1024000000
2026-05-29 13:14:25.996,2,1.97,,1024000000
2026-05-29 13:14:25.994,2,1.94,,1024000000
2026-05-29 13:14:25.994,2,1.72,,1024000000
2026-05-29 13:14:25.992,3,2.24,,1024000000
2026-05-29 13:14:25.978,2,1.7,,1024000000
2026-05-29 13:14:25.955,2,1.82,,1024000000
2026-05-29 13:14:25.955,2,1.79,,1024000000
2026-05-29 13:14:25.953,2,1.76,,1024000000
2026-05-29 13:14:25.947,2,1.82,,1024000000
2026-05-29 13:14:25.947,3,2.2,,1024000000
2026-05-29 13:14:25.923,2,1.93,,1024000000
2026-05-29 13:14:25.917,2,1.94,,1024000000
2026-05-29 13:14:25.861,3,2.13,,1024000000
2026-05-29 13:14:25.853,2,1.69,,1024000000
2026-05-29 13:14:25.830,8,7.76,,1024000000
2026-05-29 13:14:25.825,2,1.96,,1024000000
2026-05-29 13:14:25.815,2,1.81,,1024000000
2026-05-29 13:14:25.798,2,1.9,,1024000000
2026-05-29 13:14:25.735,2,1.75,,1024000000
2026-05-29 13:14:25.735,2,1.75,,1024000000
2026-05-29 13:14:25.690,2,1.85,,1024000000
2026-05-29 13:14:25.677,2,1.6,,1024000000
2026-05-29 13:14:25.676,2,1.78,,1024000000
2026-05-29 13:14:25.652,2,1.93,,1024000000
2026-05-29 13:14:25.640,3,2.22,,1024000000
2026-05-29 13:14:25.630,2,1.66,,1024000000
2026-05-29 13:14:25.621,2,1.91,,1024000000
2026-05-29 13:14:25.618,3,2.17,,1024000000
2026-05-29 13:14:25.609,3,2.23,,1024000000
2026-05-29 13:14:25.579,3,2.01,,1024000000
2026-05-29 13:14:25.570,2,1.98,,1024000000
2026-05-29 13:14:25.558,2,1.71,,1024000000
2026-05-29 13:14:25.555,3,2.02,,1024000000
2026-05-29 13:14:25.555,2,1.48,,1024000000
2026-05-29 13:14:25.548,2,1.68,,1024000000
2026-05-29 13:14:25.545,2,1.74,,1024000000
2026-05-29 13:14:25.545,3,2.21,,1024000000
2026-05-29 13:14:25.539,2,1.91,,1024000000
2026-05-29 13:14:25.523,17,16.96,,1024000000
2026-05-29 13:14:25.514,2,1.77,,1024000000
2026-05-29 13:14:25.513,2,1.79,,1024000000
2026-05-29 13:14:25.481,2,1.72,,1024000000
2026-05-29 13:14:25.480,8,7.36,,1024000000
2026-05-29 13:14:25.474,2,1.53,,1024000000
2026-05-29 13:14:25.467,8,7.31,,1024000000
2026-05-29 13:14:25.456,11,10.48,,1024000000
2026-05-29 13:14:25.453,2,1.82,,1024000000
2026-05-29 13:14:25.447,2,1.88,,1024000000
2026-05-29 13:14:25.446,2,1.82,,1024000000
2026-05-29 13:14:25.444,2,1.79,,1024000000
2026-05-29 13:14:25.443,2,1.96,,1024000000
2026-05-29 13:14:25.426,2,1.86,,1024000000
2026-05-29 13:14:25.402,2,1.75,,1024000000
2026-05-29 13:14:25.382,3,2.07,,1024000000
2026-05-29 13:14:25.367,7,6,,1024000000
2026-05-29 13:14:25.363,2,1.85,,1024000000
2026-05-29 13:14:25.360,5,4.58,,1024000000
2026-05-29 13:14:25.356,2,1.94,,1024000000
2026-05-29 13:14:25.330,2,1.7,,1024000000
2026-05-29 13:14:25.321,2,1.63,,1024000000
2026-05-29 13:14:25.314,2,1.95,,1024000000
2026-05-29 13:14:25.279,3,2.04,,1024000000
2026-05-29 13:14:25.261,3,2.2,,1024000000
2026-05-29 13:14:25.242,2,1.71,,1024000000
2026-05-29 13:14:25.228,3,2.14,,1024000000
2026-05-29 13:14:25.224,3,2.79,,1024000000
2026-05-29 13:14:25.222,2,1.75,,1024000000
2026-05-29 13:14:25.191,2,1.66,,1024000000
2026-05-29 13:14:25.112,16,15.28,,1024000000
2026-05-29 13:14:25.108,2,1.69,,1024000000
2026-05-29 13:14:25.094,3,2,,1024000000
2026-05-29 13:14:25.083,2,1.97,,1024000000
2026-05-29 13:14:25.077,2,1.78,,1024000000
2026-05-29 13:14:25.052,2,1.67,,1024000000
2026-05-29 13:14:25.032,2,1.74,,1024000000
2026-05-29 13:14:25.019,2,1.6,,1024000000
2026-05-29 13:14:25.008,3,2.4,,1024000000
2026-05-29 13:14:24.991,2,1.79,,1024000000
2026-05-29 13:14:24.986,2,1.99,,1024000000
2026-05-29 13:14:24.976,2,1.58,,1024000000
2026-05-29 13:14:24.970,2,1.99,,1024000000
2026-05-29 13:14:24.969,3,2.12,,1024000000
2026-05-29 13:14:24.963,7,6.54,,1024000000
2026-05-29 13:14:24.963,2,1.74,,1024000000
2026-05-29 13:14:24.962,2,1.94,,1024000000
2026-05-29 13:14:24.962,3,2.29,,1024000000
2026-05-29 13:14:24.953,2,1.75,,1024000000
2026-05-29 13:14:24.942,2,1.67,,1024000000
2026-05-29 13:14:24.935,2,1.81,,1024000000
2026-05-29 13:14:24.929,2,1.76,,1024000000
2026-05-29 13:14:24.919,2,1.8,,1024000000
2026-05-29 13:14:24.914,2,1.89,,1024000000
2026-05-29 13:14:24.895,2,1.89,,1024000000
2026-05-29 13:14:24.868,2,1.71,,1024000000
2026-05-29 13:14:24.836,2,1.88,,1024000000
2026-05-29 13:14:24.822,2,1.87,,1024000000
2026-05-29 13:14:24.811,2,1.79,,1024000000
2026-05-29 13:14:24.802,2,1.85,,1024000000
2026-05-29 13:14:24.801,2,1.72,,1024000000
2026-05-29 13:14:24.791,2,1.77,,1024000000
2026-05-29 13:14:24.770,2,1.89,,1024000000
2026-05-29 13:14:24.748,18,17.82,,1024000000
2026-05-29 13:14:24.742,2,1.79,,1024000000
2026-05-29 13:14:24.730,20,19.46,,1024000000
2026-05-29 13:14:24.720,2,1.65,,1024000000
2026-05-29 13:14:24.714,2,1.73,,1024000000
2026-05-29 13:14:24.711,2,2,,1024000000
2026-05-29 13:14:24.710,3,2.02,,1024000000
2026-05-29 13:14:24.709,2,1.83,,1024000000
2026-05-29 13:14:24.709,14,13.88,,1024000000
2026-05-29 13:14:24.707,2,1.89,,1024000000
2026-05-29 13:14:24.699,6,5.87,,1024000000
2026-05-29 13:14:24.685,2,1.85,,1024000000
2026-05-29 13:14:24.678,2,1.86,,1024000000
2026-05-29 13:14:24.676,3,2.1,,1024000000
2026-05-29 13:14:24.664,2,1.74,,1024000000
2026-05-29 13:14:24.641,2,1.78,,1024000000
2026-05-29 13:14:24.633,2,1.88,,1024000000
2026-05-29 13:14:24.622,3,2.31,,1024000000
2026-05-29 13:14:24.613,2,1.88,,1024000000
2026-05-29 13:14:24.611,3,2.24,,1024000000
2026-05-29 13:14:24.610,2,1.8,,1024000000
2026-05-29 13:14:24.585,2,1.95,,1024000000
2026-05-29 13:14:24.575,2,1.68,,1024000000
2026-05-29 13:14:24.555,2,1.77,,1024000000
2026-05-29 13:14:24.553,2,1.73,,1024000000
2026-05-29 13:14:24.533,2,1.7,,1024000000
2026-05-29 13:14:24.532,2,1.7,,1024000000
2026-05-29 13:14:24.527,3,2.07,,1024000000
2026-05-29 13:14:24.527,2,1.67,,1024000000
2026-05-29 13:14:24.525,2,1.68,,1024000000
2026-05-29 13:14:24.515,2,1.68,,1024000000
2026-05-29 13:14:24.485,2,1.86,,1024000000
2026-05-29 13:14:24.471,2,1.87,,1024000000
2026-05-29 13:14:24.433,2,1.77,,1024000000
2026-05-29 13:14:24.426,2,1.81,,1024000000
2026-05-29 13:14:24.425,2,1.67,,1024000000
2026-05-29 13:14:24.422,3,2.15,,1024000000
2026-05-29 13:14:24.415,2,1.69,,1024000000
2026-05-29 13:14:24.405,2,1.78,,1024000000
2026-05-29 13:14:24.399,2,1.86,,1024000000
2026-05-29 13:14:24.393,2,1.77,,1024000000
2026-05-29 13:14:24.389,2,1.95,,1024000000
2026-05-29 13:14:24.385,2,1.7,,1024000000
2026-05-29 13:14:24.361,2,1.62,,1024000000
2026-05-29 13:14:24.327,2,1.69,,1024000000
2026-05-29 13:14:24.325,3,2.18,,1024000000
2026-05-29 13:14:24.310,2,1.72,,1024000000
2026-05-29 13:14:24.295,11,10.65,,1024000000
2026-05-29 13:14:24.277,2,1.76,,1024000000
2026-05-29 13:14:24.228,2,1.8,,1024000000
2026-05-29 13:14:24.209,2,1.83,,1024000000
2026-05-29 13:14:24.207,2,1.55,,1024000000
2026-05-29 13:14:24.195,2,1.79,,1024000000
2026-05-29 13:14:24.184,2,1.65,,1024000000
2026-05-29 13:14:24.164,2,1.58,,1024000000
2026-05-29 13:14:24.160,2,1.81,,1024000000
2026-05-29 13:14:24.157,2,1.72,,1024000000
2026-05-29 13:14:24.139,2,1.68,,1024000000
2026-05-29 13:14:24.134,2,1.85,,1024000000
2026-05-29 13:14:24.109,2,1.86,,1024000000
2026-05-29 13:14:24.092,2,1.77,,1024000000
2026-05-29 13:14:24.084,3,2.18,,1024000000
2026-05-29 13:14:24.062,2,1.76,,1024000000
2026-05-29 13:14:24.050,2,1.88,,1024000000
2026-05-29 13:14:24.048,2,1.71,,1024000000
2026-05-29 13:14:24.048,2,1.64,,1024000000
2026-05-29 13:14:24.045,2,1.7,,1024000000
2026-05-29 13:14:24.041,2,1.82,,1024000000
2026-05-29 13:14:24.029,3,2.12,,1024000000
2026-05-29 13:14:24.012,2,1.82,,1024000000
2026-05-29 13:14:24.006,2,1.74,,1024000000
2026-05-29 13:14:24.004,2,1.86,,1024000000
2026-05-29 13:14:24.001,2,1.77,,1024000000
2026-05-29 13:14:23.997,2,1.92,,1024000000
2026-05-29 13:14:23.991,2,1.58,,1024000000
2026-05-29 13:14:23.990,3,2.04,,1024000000
2026-05-29 13:14:23.982,2,1.72,,1024000000
2026-05-29 13:14:23.977,2,1.9,,1024000000
2026-05-29 13:14:23.937,3,2.14,,1024000000
2026-05-29 13:14:23.936,2,1.77,,1024000000
2026-05-29 13:14:23.921,2,2,,1024000000
2026-05-29 13:14:23.920,2,1.92,,1024000000
2026-05-29 13:14:23.908,2,1.73,,1024000000
2026-05-29 13:14:23.906,9,8.2,,1024000000
2026-05-29 13:14:23.890,8,7.73,,1024000000
2026-05-29 13:14:23.867,2,1.69,,1024000000
2026-05-29 13:14:23.835,2,1.91,,1024000000
2026-05-29 13:14:23.798,4,3.32,,1024000000
2026-05-29 13:14:23.785,3,2.02,,1024000000
2026-05-29 13:14:23.762,2,1.6,,1024000000
2026-05-29 13:14:23.757,2,1.78,,1024000000
2026-05-29 13:14:23.750,3,2,,1024000000
2026-05-29 13:14:23.748,5,4.93,,1024000000
2026-05-29 13:14:23.744,2,1.64,,1024000000
2026-05-29 13:14:23.742,2,1.73,,1024000000
2026-05-29 13:14:23.732,2,1.87,,1024000000
2026-05-29 13:14:23.699,2,1.92,,1024000000
2026-05-29 13:14:23.694,2,1.8,,1024000000
2026-05-29 13:14:23.685,21,20.61,,1024000000
2026-05-29 13:14:23.668,2,1.69,,1024000000
2026-05-29 13:14:23.668,2,1.94,,1024000000
2026-05-29 13:14:23.664,2,1.82,,1024000000
2026-05-29 13:14:23.639,2,1.86,,1024000000
2026-05-29 13:14:23.626,2,1.84,,1024000000
2026-05-29 13:14:23.624,2,1.82,,1024000000
2026-05-29 13:14:23.604,2,1.81,,1024000000
2026-05-29 13:14:23.586,2,1.95,,1024000000
2026-05-29 13:14:23.577,2,1.84,,1024000000
2026-05-29 13:14:23.570,2,1.74,,1024000000
2026-05-29 13:14:23.564,2,1.48,,1024000000
2026-05-29 13:14:23.560,2,1.84,,1024000000
2026-05-29 13:14:23.555,2,1.73,,1024000000
2026-05-29 13:14:23.543,2,1.58,,1024000000
2026-05-29 13:14:23.519,3,2.04,,1024000000
2026-05-29 13:14:23.505,2,1.94,,1024000000
2026-05-29 13:14:23.467,2,1.64,,1024000000
2026-05-29 13:14:23.464,2,1.68,,1024000000
2026-05-29 13:14:23.462,2,1.73,,1024000000
2026-05-29 13:14:23.461,2,1.63,,1024000000
2026-05-29 13:14:23.451,2,1.76,,1024000000
2026-05-29 13:14:23.450,2,1.9,,1024000000
2026-05-29 13:14:23.422,2,1.9,,1024000000
2026-05-29 13:14:23.410,2,1.76,,1024000000
2026-05-29 13:14:23.405,5,4.22,,1024000000
2026-05-29 13:14:23.401,2,1.72,,1024000000
2026-05-29 13:14:23.395,2,1.71,,1024000000
2026-05-29 13:14:23.394,2,1.7,,1024000000
2026-05-29 13:14:23.391,2,1.88,,1024000000
2026-05-29 13:14:23.383,2,1.5,,1024000000
2026-05-29 13:14:23.374,2,1.84,,1024000000
2026-05-29 13:14:23.354,3,2.23,,1024000000
2026-05-29 13:14:23.343,2,1.81,,1024000000
2026-05-29 13:14:23.342,2,1.85,,1024000000
2026-05-29 13:14:23.326,2,1.98,,1024000000
2026-05-29 13:14:23.307,6,5.24,,1024000000
2026-05-29 13:14:23.276,2,1.82,,1024000000
2026-05-29 13:14:23.274,2,1.84,,1024000000
2026-05-29 13:14:23.268,2,1.83,,1024000000
2026-05-29 13:14:23.265,2,1.8,,1024000000
2026-05-29 13:14:23.234,2,1.83,,1024000000
2026-05-29 13:14:23.231,3,2.24,,1024000000
2026-05-29 13:14:23.226,2,1.66,,1024000000
2026-05-29 13:14:23.224,2,1.87,,1024000000
2026-05-29 13:14:23.214,2,1.89,,1024000000
2026-05-29 13:14:23.206,4,3.89,,1024000000
2026-05-29 13:14:23.202,2,1.91,,1024000000
2026-05-29 13:14:23.171,2,1.85,,1024000000
2026-05-29 13:14:23.170,2,1.8,,1024000000
2026-05-29 13:14:23.169,2,1.83,,1024000000
2026-05-29 13:14:23.150,2,1.82,,1024000000
2026-05-29 13:14:23.149,2,1.73,,1024000000
2026-05-29 13:14:23.128,2,1.85,,1024000000
2026-05-29 13:14:23.109,2,1.85,,1024000000
2026-05-29 13:14:23.096,2,1.81,,1024000000
2026-05-29 13:14:23.086,2,1.86,,1024000000
2026-05-29 13:14:23.057,2,1.81,,1024000000
2026-05-29 13:14:23.051,2,1.91,,1024000000
2026-05-29 13:14:23.047,2,1.83,,1024000000
2026-05-29 13:14:23.046,2,1.65,,1024000000
2026-05-29 13:14:23.044,2,1.67,,1024000000
2026-05-29 13:14:23.040,2,1.75,,1024000000
2026-05-29 13:14:23.025,2,1.77,,1024000000
2026-05-29 13:14:22.978,2,1.97,,1024000000
2026-05-29 13:14:22.977,2,1.69,,1024000000
2026-05-29 13:14:22.975,2,1.95,,1024000000
2026-05-29 13:14:22.959,2,1.76,,1024000000
2026-05-29 13:14:22.934,2,1.82,,1024000000
2026-05-29 13:14:22.934,2,1.85,,1024000000
2026-05-29 13:14:22.921,2,1.72,,1024000000
2026-05-29 13:14:22.919,2,1.96,,1024000000
2026-05-29 13:14:22.917,2,1.9,,1024000000
2026-05-29 13:14:22.893,2,1.94,,1024000000
2026-05-29 13:14:22.889,2,1.75,,1024000000
2026-05-29 13:14:22.854,2,1.83,,1024000000
2026-05-29 13:14:22.852,2,1.75,,1024000000
2026-05-29 13:14:22.838,2,1.93,,1024000000
2026-05-29 13:14:22.822,15,14.64,,1024000000
2026-05-29 13:14:22.817,2,1.68,,1024000000
2026-05-29 13:14:22.816,2,1.8,,1024000000
2026-05-29 13:14:22.808,2,1.72,,1024000000
2026-05-29 13:14:22.800,2,1.82,,1024000000
2026-05-29 13:14:22.795,2,1.76,,1024000000
2026-05-29 13:14:22.792,2,1.69,,1024000000
2026-05-29 13:14:22.720,2,1.69,,1024000000
2026-05-29 13:14:22.713,2,1.82,,1024000000
2026-05-29 13:14:22.711,2,1.79,,1024000000
2026-05-29 13:14:22.687,3,2.04,,1024000000
2026-05-29 13:14:22.686,2,1.66,,1024000000
2026-05-29 13:14:22.685,3,2.46,,1024000000
2026-05-29 13:14:22.683,2,1.68,,1024000000
2026-05-29 13:14:22.662,2,1.73,,1024000000
2026-05-29 13:14:22.641,2,1.8,,1024000000
2026-05-29 13:14:22.638,2,1.6,,1024000000
2026-05-29 13:14:22.635,2,1.75,,1024000000
2026-05-29 13:14:22.631,4,3.48,,1024000000
2026-05-29 13:14:22.630,2,1.93,,1024000000
2026-05-29 13:14:22.626,2,1.75,,1024000000
2026-05-29 13:14:22.619,3,2.02,,1024000000
2026-05-29 13:14:22.615,3,2,,1024000000
2026-05-29 13:14:22.607,2,1.71,,1024000000
2026-05-29 13:14:22.606,3,2.03,,1024000000
2026-05-29 13:14:22.604,2,1.94,,1024000000
2026-05-29 13:14:22.600,2,1.66,,1024000000
2026-05-29 13:14:22.575,5,4.51,,1024000000
2026-05-29 13:14:22.569,2,1.85,,1024000000
2026-05-29 13:14:22.507,3,2.19,,1024000000
2026-05-29 13:14:22.485,2,1.99,,1024000000
2026-05-29 13:14:22.481,4,3.8,,1024000000
2026-05-29 13:14:22.456,18,17.89,,1024000000
2026-05-29 13:14:22.455,2,1.87,,1024000000
2026-05-29 13:14:22.452,2,1.94,,1024000000
2026-05-29 13:14:22.451,2,1.99,,1024000000
2026-05-29 13:14:22.450,6,5.89,,1024000000
2026-05-29 13:14:22.449,4,3.83,,1024000000
2026-05-29 13:14:22.442,4,3.49,,1024000000
2026-05-29 13:14:22.440,2,1.74,,1024000000
2026-05-29 13:14:22.425,2,1.93,,1024000000
2026-05-29 13:14:22.423,2,1.89,,1024000000
2026-05-29 13:14:22.396,2,1.96,,1024000000
2026-05-29 13:14:22.384,2,1.87,,1024000000
2026-05-29 13:14:22.382,2,1.96,,1024000000
2026-05-29 13:14:22.382,2,1.65,,1024000000
2026-05-29 13:14:22.379,2,1.69,,1024000000
2026-05-29 13:14:22.368,23,22.73,,1024000000
2026-05-29 13:14:22.331,2,1.66,,1024000000
2026-05-29 13:14:22.323,2,1.63,,1024000000
2026-05-29 13:14:22.320,3,2.16,,1024000000
2026-05-29 13:14:22.312,2,1.99,,1024000000
2026-05-29 13:14:22.295,2,1.82,,1024000000
2026-05-29 13:14:22.273,2,1.74,,1024000000
2026-05-29 13:14:22.262,2,1.79,,1024000000
2026-05-29 13:14:22.260,2,1.89,,1024000000
2026-05-29 13:14:22.254,3,2.14,,1024000000
2026-05-29 13:14:22.236,10,9.98,,1024000000
2026-05-29 13:14:22.233,2,1.76,,1024000000
2026-05-29 13:14:22.213,2,1.81,,1024000000
2026-05-29 13:14:22.186,3,2.29,,1024000000
2026-05-29 13:14:22.185,3,2.72,,1024000000
2026-05-29 13:14:22.165,3,2.05,,1024000000
2026-05-29 13:14:22.161,3,2.07,,1024000000
2026-05-29 13:14:22.154,2,1.65,,1024000000
2026-05-29 13:14:22.138,7,6.81,,1024000000
2026-05-29 13:14:22.128,2,1.68,,1024000000
2026-05-29 13:14:22.112,2,1.81,,1024000000
2026-05-29 13:14:22.099,3,2.3,,1024000000
2026-05-29 13:14:22.097,2,1.82,,1024000000
2026-05-29 13:14:22.095,3,2.02,,1024000000
2026-05-29 13:14:22.087,2,1.67,,1024000000
2026-05-29 13:14:22.058,2,1.82,,1024000000
2026-05-29 13:14:22.057,3,2.3,,1024000000
2026-05-29 13:14:22.054,2,1.53,,1024000000
2026-05-29 13:14:22.040,2,1.66,,1024000000
2026-05-29 13:14:22.037,2,1.71,,1024000000
2026-05-29 13:14:22.028,2,1.55,,1024000000
2026-05-29 13:14:22.020,3,2.47,,1024000000
2026-05-29 13:14:22.018,2,1.62,,1024000000
2026-05-29 13:14:22.001,2,1.71,,1024000000
2026-05-29 13:14:21.990,2,1.86,,1024000000
2026-05-29 13:14:21.961,2,1.92,,1024000000
2026-05-29 13:14:21.956,2,1.72,,1024000000
2026-05-29 13:14:21.956,3,2.41,,1024000000
2026-05-29 13:14:21.946,2,1.65,,1024000000
2026-05-29 13:14:21.915,2,1.96,,1024000000
2026-05-29 13:14:21.898,2,1.66,,1024000000
2026-05-29 13:14:21.883,2,1.72,,1024000000
2026-05-29 13:14:21.852,2,1.9,,1024000000
2026-05-29 13:14:21.830,2,1.86,,1024000000
2026-05-29 13:14:21.829,2,1.75,,1024000000
2026-05-29 13:14:21.791,2,1.89,,1024000000
2026-05-29 13:14:21.791,2,1.63,,1024000000
2026-05-29 13:14:21.787,2,1.81,,1024000000
2026-05-29 13:14:21.775,2,1.91,,1024000000
2026-05-29 13:14:21.748,2,1.89,,1024000000
2026-05-29 13:14:21.746,2,1.86,,1024000000
2026-05-29 13:14:21.742,2,1.62,,1024000000
2026-05-29 13:14:21.732,2,1.94,,1024000000
2026-05-29 13:14:21.703,3,2.23,,1024000000
2026-05-29 13:14:21.679,2,1.69,,1024000000
2026-05-29 13:14:21.679,2,1.81,,1024000000
2026-05-29 13:14:21.675,2,1.79,,1024000000
2026-05-29 13:14:21.666,2,1.85,,1024000000
2026-05-29 13:14:21.661,2,1.8,,1024000000
2026-05-29 13:14:21.658,3,2.1,,1024000000
2026-05-29 13:14:21.654,2,1.93,,1024000000
2026-05-29 13:14:21.654,3,2.29,,1024000000
2026-05-29 13:14:21.634,6,5.92,,1024000000
2026-05-29 13:14:21.629,2,1.76,,1024000000
2026-05-29 13:14:21.628,3,2.56,,1024000000
2026-05-29 13:14:21.609,2,1.81,,1024000000
2026-05-29 13:14:21.603,3,2.56,,1024000000
2026-05-29 13:14:21.573,12,11.14,,1024000000
2026-05-29 13:14:21.556,2,1.85,,1024000000
2026-05-29 13:14:21.553,2,1.77,,1024000000
2026-05-29 13:14:21.549,2,1.78,,1024000000
2026-05-29 13:14:21.545,2,1.79,,1024000000
2026-05-29 13:14:21.541,2,1.77,,1024000000
2026-05-29 13:14:21.526,2,1.86,,1024000000
2026-05-29 13:14:21.525,2,1.79,,1024000000
2026-05-29 13:14:21.510,2,1.71,,1024000000
2026-05-29 13:14:21.498,2,1.76,,1024000000
2026-05-29 13:14:21.496,3,2.13,,1024000000
2026-05-29 13:14:21.470,2,1.95,,1024000000
2026-05-29 13:14:21.457,2,1.99,,1024000000
2026-05-29 13:14:21.451,2,1.98,,1024000000
2026-05-29 13:14:21.446,2,1.87,,1024000000
2026-05-29 13:14:21.434,2,1.79,,1024000000
2026-05-29 13:14:21.412,2,1.83,,1024000000
2026-05-29 13:14:21.405,2,1.81,,1024000000
2026-05-29 13:14:21.402,2,1.61,,1024000000
2026-05-29 13:14:21.390,2,1.78,,1024000000
2026-05-29 13:14:21.380,2,1.9,,1024000000
2026-05-29 13:14:21.371,2,1.8,,1024000000
2026-05-29 13:14:21.370,2,1.74,,1024000000
2026-05-29 13:14:21.350,2,1.79,,1024000000
2026-05-29 13:14:21.341,2,1.89,,1024000000
2026-05-29 13:14:21.325,2,1.86,,1024000000
2026-05-29 13:14:21.317,2,1.86,,1024000000
2026-05-29 13:14:21.310,2,1.71,,1024000000
2026-05-29 13:14:21.305,2,1.84,,1024000000
2026-05-29 13:14:21.303,2,1.61,,1024000000
2026-05-29 13:14:21.292,2,1.73,,1024000000
2026-05-29 13:14:21.263,3,2.88,,1024000000
2026-05-29 13:14:21.258,31,30.11,,1024000000
2026-05-29 13:14:21.249,2,1.75,,1024000000
2026-05-29 13:14:21.238,2,1.64,,1024000000
2026-05-29 13:14:21.231,2,1.78,,1024000000
2026-05-29 13:14:21.223,2,1.74,,1024000000
2026-05-29 13:14:21.220,2,1.86,,1024000000
2026-05-29 13:14:21.219,2,1.52,,1024000000
2026-05-29 13:14:21.210,2,1.74,,1024000000
2026-05-29 13:14:21.204,2,1.75,,1024000000
2026-05-29 13:14:21.174,2,1.69,,1024000000
2026-05-29 13:14:21.147,2,1.9,,1024000000
2026-05-29 13:14:21.131,3,2.1,,1024000000
2026-05-29 13:14:21.128,2,1.65,,1024000000
2026-05-29 13:14:21.127,2,1.86,,1024000000
2026-05-29 13:14:21.110,2,1.83,,1024000000
2026-05-29 13:14:21.109,2,1.81,,1024000000
2026-05-29 13:14:21.098,2,1.92,,1024000000
2026-05-29 13:14:21.096,3,2.02,,1024000000
2026-05-29 13:14:21.080,2,1.75,,1024000000
2026-05-29 13:14:21.073,2,1.77,,1024000000
2026-05-29 13:14:21.071,2,1.95,,1024000000
2026-05-29 13:14:21.071,2,1.6,,1024000000
2026-05-29 13:14:21.061,2,1.84,,1024000000
2026-05-29 13:14:21.059,2,1.96,,1024000000
2026-05-29 13:14:21.052,2,1.72,,1024000000
2026-05-29 13:14:21.033,3,2.78,,1024000000
2026-05-29 13:14:21.031,2,1.73,,1024000000
2026-05-29 13:14:21.027,2,1.98,,1024000000
2026-05-29 13:14:21.026,4,3.18,,1024000000
2026-05-29 13:14:21.000,2,1.78,,1024000000
2026-05-29 13:14:20.961,2,1.97,,1024000000
2026-05-29 13:14:20.955,2,1.7,,1024000000
2026-05-29 13:14:20.955,3,2.07,,1024000000
2026-05-29 13:14:20.930,2,1.97,,1024000000
2026-05-29 13:14:20.922,2,1.74,,1024000000
2026-05-29 13:14:20.897,2,1.68,,1024000000
2026-05-29 13:14:20.887,2,1.8,,1024000000
2026-05-29 13:14:20.884,2,1.91,,1024000000
2026-05-29 13:14:20.874,2,1.72,,1024000000
2026-05-29 13:14:20.842,2,1.62,,1024000000
2026-05-29 13:14:20.794,2,1.9,,1024000000
2026-05-29 13:14:20.792,2,1.93,,1024000000
2026-05-29 13:14:20.776,3,2.06,,1024000000
2026-05-29 13:14:20.761,3,2.16,,1024000000
2026-05-29 13:14:20.754,2,1.8,,1024000000
2026-05-29 13:14:20.753,3,2.55,,1024000000
2026-05-29 13:14:20.752,3,2.53,,1024000000
2026-05-29 13:14:20.745,2,1.79,,1024000000
2026-05-29 13:14:20.737,3,2.03,,1024000000
2026-05-29 13:14:20.722,2,1.8,,1024000000
2026-05-29 13:14:20.711,3,2.02,,1024000000
2026-05-29 13:14:20.693,2,1.99,,1024000000
2026-05-29 13:14:20.670,2,1.76,,1024000000
2026-05-29 13:14:20.657,3,2.75,,1024000000
2026-05-29 13:14:20.654,2,1.65,,1024000000
2026-05-29 13:14:20.648,3,2.07,,1024000000
2026-05-29 13:14:20.633,2,1.69,,1024000000
2026-05-29 13:14:20.629,2,1.72,,1024000000
2026-05-29 13:14:20.625,2,1.91,,1024000000
2026-05-29 13:14:20.616,2,1.92,,1024000000
2026-05-29 13:14:20.604,2,1.74,,1024000000
2026-05-29 13:14:20.602,2,1.83,,1024000000
2026-05-29 13:14:20.585,2,1.8,,1024000000
2026-05-29 13:14:20.584,3,2.54,,1024000000
2026-05-29 13:14:20.579,2,1.85,,1024000000
2026-05-29 13:14:20.569,2,1.87,,1024000000
2026-05-29 13:14:20.559,2,1.66,,1024000000
2026-05-29 13:14:20.552,2,1.99,,1024000000
2026-05-29 13:14:20.534,2,1.8,,1024000000
2026-05-29 13:14:20.528,2,1.8,,1024000000
2026-05-29 13:14:20.490,3,2.1,,1024000000
2026-05-29 13:14:20.485,2,1.91,,1024000000
2026-05-29 13:14:20.479,2,1.62,,1024000000
2026-05-29 13:14:20.467,2,1.57,,1024000000
2026-05-29 13:14:20.462,2,1.71,,1024000000
2026-05-29 13:14:20.427,2,1.73,,1024000000
2026-05-29 13:14:20.421,2,1.71,,1024000000
2026-05-29 13:14:20.408,2,1.63,,1024000000
2026-05-29 13:14:20.395,2,1.77,,1024000000
2026-05-29 13:14:20.381,2,1.65,,1024000000
2026-05-29 13:14:20.376,2,1.85,,1024000000
2026-05-29 13:14:20.363,2,1.75,,1024000000
2026-05-29 13:14:20.362,2,1.89,,1024000000
2026-05-29 13:14:20.355,2,1.9,,1024000000
2026-05-29 13:14:20.354,3,2.07,,1024000000
2026-05-29 13:14:20.350,2,1.94,,1024000000
2026-05-29 13:14:20.339,2,1.76,,1024000000
2026-05-29 13:14:20.310,2,1.71,,1024000000
2026-05-29 13:14:20.293,2,1.75,,1024000000
2026-05-29 13:14:20.284,2,1.85,,1024000000
2026-05-29 13:14:20.282,2,1.67,,1024000000
2026-05-29 13:14:20.274,2,1.85,,1024000000
2026-05-29 13:14:20.232,2,1.91,,1024000000
2026-05-29 13:14:20.219,2,1.64,,1024000000
2026-05-29 13:14:20.194,2,1.7,,1024000000
2026-05-29 13:14:20.182,2,1.89,,1024000000
2026-05-29 13:14:20.174,2,1.71,,1024000000
2026-05-29 13:14:20.169,2,1.74,,1024000000
2026-05-29 13:14:20.136,2,1.68,,1024000000
2026-05-29 13:14:20.130,3,2.04,,1024000000
2026-05-29 13:14:20.126,2,1.78,,1024000000
2026-05-29 13:14:20.123,2,1.92,,1024000000
2026-05-29 13:14:20.089,2,1.91,,1024000000
2026-05-29 13:14:20.084,2,1.82,,1024000000
2026-05-29 13:14:20.079,2,1.66,,1024000000
2026-05-29 13:14:20.061,3,2.01,,1024000000
2026-05-29 13:14:20.021,2,1.8,,1024000000
2026-05-29 13:14:19.989,2,1.68,,1024000000
2026-05-29 13:14:19.988,2,1.77,,1024000000
2026-05-29 13:14:19.986,2,1.79,,1024000000
2026-05-29 13:14:19.984,2,1.88,,1024000000
2026-05-29 13:14:19.979,2,1.83,,1024000000
2026-05-29 13:14:19.957,2,1.89,,1024000000
2026-05-29 13:14:19.935,5,4.49,,1024000000
2026-05-29 13:14:19.922,2,1.77,,1024000000
2026-05-29 13:14:19.919,2,1.82,,1024000000
2026-05-29 13:14:19.894,2,1.9,,1024000000
2026-05-29 13:14:19.866,2,1.83,,1024000000
2026-05-29 13:14:19.852,2,1.72,,1024000000
2026-05-29 13:14:19.838,2,1.81,,1024000000
2026-05-29 13:14:19.818,2,1.78,,1024000000
2026-05-29 13:14:19.811,2,1.87,,1024000000
2026-05-29 13:14:19.806,2,1.8,,1024000000
2026-05-29 13:14:19.801,2,1.83,,1024000000
2026-05-29 13:14:19.798,2,1.9,,1024000000
2026-05-29 13:14:19.793,2,1.86,,1024000000
2026-05-29 13:14:19.782,2,1.71,,1024000000
2026-05-29 13:14:19.779,2,1.88,,1024000000
2026-05-29 13:14:19.765,8,7.98,,1024000000
2026-05-29 13:14:19.746,2,1.69,,1024000000
2026-05-29 13:14:19.744,2,1.85,,1024000000
2026-05-29 13:14:19.742,4,3.02,,1024000000
2026-05-29 13:14:19.740,2,1.75,,1024000000
2026-05-29 13:14:19.739,2,1.79,,1024000000
2026-05-29 13:14:19.715,2,1.94,,1024000000
2026-05-29 13:14:19.706,2,1.74,,1024000000
2026-05-29 13:14:19.697,3,2.63,,1024000000
2026-05-29 13:14:19.693,3,2.13,,1024000000
2026-05-29 13:14:19.686,2,1.73,,1024000000
2026-05-29 13:14:19.677,2,1.87,,1024000000
2026-05-29 13:14:19.675,2,1.68,,1024000000
2026-05-29 13:14:19.673,2,1.83,,1024000000
2026-05-29 13:14:19.671,2,1.64,,1024000000
2026-05-29 13:14:19.667,2,1.81,,1024000000
2026-05-29 13:14:19.659,2,1.81,,1024000000
2026-05-29 13:14:19.654,2,1.84,,1024000000
2026-05-29 13:14:19.639,2,1.9,,1024000000
2026-05-29 13:14:19.635,4,3.84,,1024000000
2026-05-29 13:14:19.618,3,2.1,,1024000000
2026-05-29 13:14:19.605,2,1.91,,1024000000
2026-05-29 13:14:19.597,2,1.79,,1024000000
2026-05-29 13:14:19.584,20,19.12,,1024000000
2026-05-29 13:14:19.577,2,1.7,,1024000000
2026-05-29 13:14:19.561,3,2.33,,1024000000
2026-05-29 13:14:19.560,2,1.72,,1024000000
2026-05-29 13:14:19.560,2,1.79,,1024000000
2026-05-29 13:14:19.541,2,1.94,,1024000000
2026-05-29 13:14:19.537,2,1.96,,1024000000
2026-05-29 13:14:19.508,3,2.09,,1024000000
2026-05-29 13:14:19.496,2,1.95,,1024000000
2026-05-29 13:14:19.495,2,1.76,,1024000000
2026-05-29 13:14:19.493,3,2,,1024000000
2026-05-29 13:14:19.487,3,2.07,,1024000000
2026-05-29 13:14:19.486,2,1.77,,1024000000
2026-05-29 13:14:19.472,2,1.71,,1024000000
2026-05-29 13:14:19.467,2,1.74,,1024000000
2026-05-29 13:14:19.450,2,1.74,,1024000000
2026-05-29 13:14:19.413,2,1.89,,1024000000
2026-05-29 13:14:19.404,2,1.92,,1024000000
2026-05-29 13:14:19.381,2,1.94,,1024000000
2026-05-29 13:14:19.370,3,2.06,,1024000000
2026-05-29 13:14:19.370,2,1.85,,1024000000
2026-05-29 13:14:19.361,2,1.91,,1024000000
2026-05-29 13:14:19.359,2,1.62,,1024000000
2026-05-29 13:14:19.354,6,5.73,,1024000000
2026-05-29 13:14:19.333,2,1.99,,1024000000
2026-05-29 13:14:19.314,2,1.75,,1024000000
2026-05-29 13:14:19.292,2,1.88,,1024000000
2026-05-29 13:14:19.278,2,1.99,,1024000000
2026-05-29 13:14:19.267,2,1.85,,1024000000
2026-05-29 13:14:19.262,2,1.73,,1024000000
2026-05-29 13:14:19.259,2,1.76,,1024000000
2026-05-29 13:14:19.254,2,1.96,,1024000000
2026-05-29 13:14:19.253,2,1.71,,1024000000
2026-05-29 13:14:19.211,2,1.67,,1024000000
2026-05-29 13:14:19.196,2,1.7,,1024000000
2026-05-29 13:14:19.193,2,1.85,,1024000000
2026-05-29 13:14:19.182,2,1.72,,1024000000
2026-05-29 13:14:19.175,2,1.76,,1024000000
2026-05-29 13:14:19.175,2,1.6,,1024000000
2026-05-29 13:14:19.127,2,1.78,,1024000000
2026-05-29 13:14:19.127,2,1.7,,1024000000
2026-05-29 13:14:19.119,2,1.96,,1024000000
2026-05-29 13:14:19.109,2,1.75,,1024000000
2026-05-29 13:14:19.107,2,1.85,,1024000000
2026-05-29 13:14:19.104,2,1.72,,1024000000
2026-05-29 13:14:19.089,2,1.69,,1024000000
2026-05-29 13:14:19.069,2,1.66,,1024000000
2026-05-29 13:14:19.056,2,1.72,,1024000000
2026-05-29 13:14:19.039,2,1.88,,1024000000
2026-05-29 13:14:19.012,2,1.93,,1024000000
2026-05-29 13:14:19.011,2,1.67,,1024000000
2026-05-29 13:14:19.011,2,1.68,,1024000000
2026-05-29 13:14:19.009,2,1.64,,1024000000
2026-05-29 13:14:19.009,2,1.65,,1024000000
2026-05-29 13:14:18.992,2,1.72,,1024000000
2026-05-29 13:14:18.985,2,1.8,,1024000000
2026-05-29 13:14:18.963,3,2.24,,1024000000
2026-05-29 13:14:18.960,2,1.91,,1024000000
2026-05-29 13:14:18.946,2,1.91,,1024000000
2026-05-29 13:14:18.944,2,1.86,,1024000000
2026-05-29 13:14:18.910,2,1.65,,1024000000
2026-05-29 13:14:18.902,2,1.74,,1024000000
2026-05-29 13:14:18.901,2,1.86,,1024000000
2026-05-29 13:14:18.894,6,5.35,,1024000000
2026-05-29 13:14:18.865,2,1.82,,1024000000
2026-05-29 13:14:18.826,2,1.82,,1024000000
2026-05-29 13:14:18.808,3,2.02,,1024000000
2026-05-29 13:14:18.800,2,1.79,,1024000000
2026-05-29 13:14:18.784,2,1.73,,1024000000
2026-05-29 13:14:18.772,2,1.84,,1024000000
2026-05-29 13:14:18.736,2,1.89,,1024000000
2026-05-29 13:14:18.728,3,2.18,,1024000000
2026-05-29 13:14:18.726,2,1.81,,1024000000
2026-05-29 13:14:18.708,2,1.79,,1024000000
2026-05-29 13:14:18.707,2,1.71,,1024000000
2026-05-29 13:14:18.702,2,1.75,,1024000000
2026-05-29 13:14:18.695,2,1.65,,1024000000
2026-05-29 13:14:18.691,2,1.84,,1024000000
2026-05-29 13:14:18.685,7,6.62,,1024000000
2026-05-29 13:14:18.675,2,1.94,,1024000000
2026-05-29 13:14:18.657,2,1.87,,1024000000
2026-05-29 13:14:18.652,2,1.72,,1024000000
2026-05-29 13:14:18.651,2,1.69,,1024000000
2026-05-29 13:14:18.645,2,1.91,,1024000000
2026-05-29 13:14:18.608,2,1.85,,1024000000
2026-05-29 13:14:18.607,2,1.68,,1024000000
2026-05-29 13:14:18.604,2,1.77,,1024000000
2026-05-29 13:14:18.593,2,1.86,,1024000000
2026-05-29 13:14:18.591,2,1.91,,1024000000
2026-05-29 13:14:18.584,2,1.77,,1024000000
2026-05-29 13:14:18.582,2,1.71,,1024000000
2026-05-29 13:14:18.577,2,1.63,,1024000000
2026-05-29 13:14:18.567,2,1.78,,1024000000
2026-05-29 13:14:18.557,2,1.79,,1024000000
2026-05-29 13:14:18.556,2,1.8,,1024000000
2026-05-29 13:14:18.531,2,1.62,,1024000000
2026-05-29 13:14:18.517,2,1.91,,1024000000
2026-05-29 13:14:18.510,3,2.03,,1024000000
2026-05-29 13:14:18.483,2,1.88,,1024000000
2026-05-29 13:14:18.459,2,1.78,,1024000000
2026-05-29 13:14:18.431,2,1.59,,1024000000
2026-05-29 13:14:18.420,2,1.86,,1024000000
2026-05-29 13:14:18.419,2,1.88,,1024000000
2026-05-29 13:14:18.410,2,1.91,,1024000000
2026-05-29 13:14:18.408,2,1.8,,1024000000
2026-05-29 13:14:18.405,2,1.77,,1024000000
2026-05-29 13:14:18.401,2,1.81,,1024000000
2026-05-29 13:14:18.398,2,1.9,,1024000000
2026-05-29 13:14:18.377,2,1.69,,1024000000
2026-05-29 13:14:18.377,3,2.27,,1024000000
2026-05-29 13:14:18.344,2,1.93,,1024000000
2026-05-29 13:14:18.338,2,1.84,,1024000000
2026-05-29 13:14:18.315,2,1.7,,1024000000
2026-05-29 13:14:18.313,2,1.79,,1024000000
2026-05-29 13:14:18.295,3,2.16,,1024000000
2026-05-29 13:14:18.293,7,6.54,,1024000000
2026-05-29 13:14:18.291,2,1.73,,1024000000
2026-05-29 13:14:18.286,13,12.98,,1024000000
2026-05-29 13:14:18.282,2,1.82,,1024000000
2026-05-29 13:14:18.274,2,1.71,,1024000000
2026-05-29 13:14:18.257,10,9.01,,1024000000
2026-05-29 13:14:18.251,2,1.77,,1024000000
2026-05-29 13:14:18.244,2,1.99,,1024000000
2026-05-29 13:14:18.236,2,1.66,,1024000000
2026-05-29 13:14:18.225,2,1.68,,1024000000
2026-05-29 13:14:18.207,2,1.8,,1024000000
2026-05-29 13:14:18.174,2,1.86,,1024000000
2026-05-29 13:14:18.167,3,2.13,,1024000000
2026-05-29 13:14:18.156,2,1.73,,1024000000
2026-05-29 13:14:18.138,3,2.04,,1024000000
2026-05-29 13:14:18.133,2,1.75,,1024000000
2026-05-29 13:14:18.132,2,1.79,,1024000000
2026-05-29 13:14:18.128,3,2.92,,1024000000
2026-05-29 13:14:18.115,2,1.82,,1024000000
2026-05-29 13:14:18.083,2,1.84,,1024000000
2026-05-29 13:14:18.077,2,1.67,,1024000000
2026-05-29 13:14:18.057,2,1.81,,1024000000
2026-05-29 13:14:18.049,2,1.9,,1024000000
2026-05-29 13:14:18.030,3,2.02,,1024000000
2026-05-29 13:14:18.029,2,1.82,,1024000000
2026-05-29 13:14:18.001,2,1.91,,1024000000
2026-05-29 13:14:17.997,2,1.62,,1024000000
2026-05-29 13:14:17.997,2,1.83,,1024000000
2026-05-29 13:14:17.991,2,1.69,,1024000000
2026-05-29 13:14:17.943,2,1.77,,1024000000
2026-05-29 13:14:17.925,3,2.08,,1024000000
2026-05-29 13:14:17.916,2,1.62,,1024000000
2026-05-29 13:14:17.912,2,1.77,,1024000000
2026-05-29 13:14:17.907,2,1.72,,1024000000
2026-05-29 13:14:17.877,2,1.8,,1024000000
2026-05-29 13:14:17.876,3,2.07,,1024000000
2026-05-29 13:14:17.873,3,2.03,,1024000000
2026-05-29 13:14:17.866,2,1.61,,1024000000
2026-05-29 13:14:17.841,2,1.72,,1024000000
2026-05-29 13:14:17.822,2,1.73,,1024000000
2026-05-29 13:14:17.794,2,1.75,,1024000000
2026-05-29 13:14:17.771,2,1.81,,1024000000
2026-05-29 13:14:17.752,3,2.09,,1024000000
2026-05-29 13:14:17.743,2,2,,1024000000
2026-05-29 13:14:17.738,2,1.91,,1024000000
2026-05-29 13:14:17.707,2,1.82,,1024000000
2026-05-29 13:14:17.699,2,1.85,,1024000000
2026-05-29 13:14:17.687,2,1.77,,1024000000
2026-05-29 13:14:17.683,2,1.79,,1024000000
2026-05-29 13:14:17.681,2,1.9,,1024000000
2026-05-29 13:14:17.667,2,1.77,,1024000000
2026-05-29 13:14:17.614,2,2,,1024000000
2026-05-29 13:14:17.611,12,11.68,,1024000000
2026-05-29 13:14:17.605,2,1.75,,1024000000
2026-05-29 13:14:17.592,2,1.88,,1024000000
2026-05-29 13:14:17.590,2,1.89,,1024000000
2026-05-29 13:14:17.578,2,1.85,,1024000000
2026-05-29 13:14:17.576,2,1.7,,1024000000
2026-05-29 13:14:17.574,2,1.92,,1024000000
2026-05-29 13:14:17.573,2,1.81,,1024000000
2026-05-29 13:14:17.563,3,2.72,,1024000000
2026-05-29 13:14:17.557,3,2.15,,1024000000
2026-05-29 13:14:17.535,2,1.84,,1024000000
2026-05-29 13:14:17.505,2,1.67,,1024000000
2026-05-29 13:14:17.505,3,2.63,,1024000000
2026-05-29 13:14:17.497,2,1.75,,1024000000
2026-05-29 13:14:17.492,2,1.9,,1024000000
2026-05-29 13:14:17.488,2,1.77,,1024000000
2026-05-29 13:14:17.488,2,1.86,,1024000000
2026-05-29 13:14:17.478,2,1.71,,1024000000
2026-05-29 13:14:17.459,2,1.69,,1024000000
2026-05-29 13:14:17.452,5,4.4,,1024000000
2026-05-29 13:14:17.441,2,1.61,,1024000000
2026-05-29 13:14:17.439,2,1.92,,1024000000
2026-05-29 13:14:17.430,2,1.79,,1024000000
2026-05-29 13:14:17.417,3,2.07,,1024000000
2026-05-29 13:14:17.409,3,2.2,,1024000000
2026-05-29 13:14:17.407,2,1.94,,1024000000
2026-05-29 13:14:17.406,2,2,,1024000000
2026-05-29 13:14:17.379,2,1.75,,1024000000
2026-05-29 13:14:17.368,3,2.26,,1024000000
2026-05-29 13:14:17.368,2,1.87,,1024000000
2026-05-29 13:14:17.367,2,1.9,,1024000000
2026-05-29 13:14:17.358,2,1.86,,1024000000
2026-05-29 13:14:17.350,2,1.84,,1024000000
2026-05-29 13:14:17.348,2,1.92,,1024000000
2026-05-29 13:14:17.340,2,1.9,,1024000000
2026-05-29 13:14:17.316,3,2.12,,1024000000
2026-05-29 13:14:17.312,2,1.87,,1024000000
2026-05-29 13:14:17.310,2,1.98,,1024000000
2026-05-29 13:14:17.298,3,2.94,,1024000000
2026-05-29 13:14:17.296,2,1.86,,1024000000
2026-05-29 13:14:17.291,2,1.68,,1024000000
2026-05-29 13:14:17.268,2,1.98,,1024000000
2026-05-29 13:14:17.265,2,1.81,,1024000000
2026-05-29 13:14:17.263,3,2.08,,1024000000
2026-05-29 13:14:17.242,2,1.76,,1024000000
2026-05-29 13:14:17.221,2,1.76,,1024000000
2026-05-29 13:14:17.213,2,1.69,,1024000000
2026-05-29 13:14:17.212,2,1.76,,1024000000
2026-05-29 13:14:17.205,2,1.68,,1024000000
2026-05-29 13:14:17.202,2,1.81,,1024000000
2026-05-29 13:14:17.178,2,1.59,,1024000000
2026-05-29 13:14:17.162,2,1.76,,1024000000
2026-05-29 13:14:17.151,3,2.17,,1024000000
2026-05-29 13:14:17.133,2,1.59,,1024000000
2026-05-29 13:14:17.129,2,1.73,,1024000000
2026-05-29 13:14:17.117,2,1.75,,1024000000
2026-05-29 13:14:17.097,3,2.1,,1024000000
2026-05-29 13:14:17.097,3,2.05,,1024000000
2026-05-29 13:14:17.088,2,1.8,,1024000000
2026-05-29 13:14:17.084,3,2.52,,1024000000
2026-05-29 13:14:17.079,2,1.66,,1024000000
2026-05-29 13:14:17.074,2,1.88,,1024000000
2026-05-29 13:14:17.072,3,2.04,,1024000000
2026-05-29 13:14:17.066,2,1.91,,1024000000
2026-05-29 13:14:17.061,2,1.9,,1024000000
2026-05-29 13:14:17.037,2,1.72,,1024000000
2026-05-29 13:14:17.013,2,1.9,,1024000000
2026-05-29 13:14:17.005,4,3.45,,1024000000
2026-05-29 13:14:17.000,3,2.11,,1024000000
2026-05-29 13:14:16.996,2,1.59,,1024000000
2026-05-29 13:14:16.995,3,2.11,,1024000000
2026-05-29 13:14:16.967,2,1.76,,1024000000
2026-05-29 13:14:16.967,2,1.96,,1024000000
2026-05-29 13:14:16.937,2,1.66,,1024000000
2026-05-29 13:14:16.927,2,1.82,,1024000000
2026-05-29 13:14:16.924,3,2.07,,1024000000
2026-05-29 13:14:16.908,2,1.9,,1024000000
2026-05-29 13:14:16.894,2,1.93,,1024000000
2026-05-29 13:14:16.881,2,1.92,,1024000000
2026-05-29 13:14:16.879,2,1.97,,1024000000
2026-05-29 13:14:16.863,2,1.84,,1024000000
2026-05-29 13:14:16.862,2,1.91,,1024000000
2026-05-29 13:14:16.860,2,1.76,,1024000000
2026-05-29 13:14:16.843,2,1.82,,1024000000
2026-05-29 13:14:16.832,2,1.79,,1024000000
2026-05-29 13:14:16.832,2,2,,1024000000
2026-05-29 13:14:16.804,2,1.88,,1024000000
2026-05-29 13:14:16.804,2,1.8,,1024000000
2026-05-29 13:14:16.804,2,1.88,,1024000000
2026-05-29 13:14:16.790,2,1.98,,1024000000
2026-05-29 13:14:16.784,12,11.79,,1024000000
2026-05-29 13:14:16.779,11,10.12,,1024000000
2026-05-29 13:14:16.770,2,1.8,,1024000000
2026-05-29 13:14:16.762,3,2.05,,1024000000
2026-05-29 13:14:16.761,2,1.9,,1024000000
2026-05-29 13:14:16.744,2,1.68,,1024000000
2026-05-29 13:14:16.742,2,2,,1024000000
2026-05-29 13:14:16.725,2,1.83,,1024000000
2026-05-29 13:14:16.697,2,1.86,,1024000000
2026-05-29 13:14:16.685,20,19.39,,1024000000
2026-05-29 13:14:16.673,2,1.69,,1024000000
2026-05-29 13:14:16.671,2,1.56,,1024000000
2026-05-29 13:14:16.655,2,1.98,,1024000000
2026-05-29 13:14:16.651,3,2.16,,1024000000
2026-05-29 13:14:16.642,2,1.7,,1024000000
2026-05-29 13:14:16.633,2,1.75,,1024000000
2026-05-29 13:14:16.605,3,2.14,,1024000000
2026-05-29 13:14:16.593,2,1.77,,1024000000
2026-05-29 13:14:16.589,3,2.19,,1024000000
2026-05-29 13:14:16.585,2,1.73,,1024000000
2026-05-29 13:14:16.582,2,1.76,,1024000000
2026-05-29 13:14:16.570,2,1.85,,1024000000
2026-05-29 13:14:16.558,2,1.67,,1024000000
2026-05-29 13:14:16.547,3,2.13,,1024000000
2026-05-29 13:14:16.543,2,1.82,,1024000000
2026-05-29 13:14:16.516,9,8.12,,1024000000
2026-05-29 13:14:16.516,2,1.74,,1024000000
2026-05-29 13:14:16.447,3,2.07,,1024000000
2026-05-29 13:14:16.441,2,1.63,,1024000000
2026-05-29 13:14:16.440,2,1.76,,1024000000
2026-05-29 13:14:16.420,2,1.72,,1024000000
2026-05-29 13:14:16.395,2,1.73,,1024000000
2026-05-29 13:14:16.376,2,1.83,,1024000000
2026-05-29 13:14:16.350,2,1.71,,1024000000
2026-05-29 13:14:16.337,2,1.81,,1024000000
2026-05-29 13:14:16.317,2,1.7,,1024000000
2026-05-29 13:14:16.286,2,1.83,,1024000000
2026-05-29 13:14:16.283,2,1.74,,1024000000
2026-05-29 13:14:16.279,2,1.82,,1024000000
2026-05-29 13:14:16.278,2,1.87,,1024000000
2026-05-29 13:14:16.275,2,1.76,,1024000000
2026-05-29 13:14:16.261,3,2.03,,1024000000
2026-05-29 13:14:16.225,2,1.86,,1024000000
2026-05-29 13:14:16.221,3,2.15,,1024000000
2026-05-29 13:14:16.219,2,1.73,,1024000000
2026-05-29 13:14:16.189,2,1.88,,1024000000
2026-05-29 13:14:16.182,2,1.77,,1024000000
2026-05-29 13:14:16.174,2,1.77,,1024000000
2026-05-29 13:14:16.161,2,1.84,,1024000000
2026-05-29 13:14:16.148,2,1.99,,1024000000
2026-05-29 13:14:16.145,2,1.83,,1024000000
2026-05-29 13:14:16.103,16,15.28,,1024000000
2026-05-29 13:14:16.092,2,1.76,,1024000000
2026-05-29 13:14:16.077,6,6,,1024000000
2026-05-29 13:14:16.074,2,1.9,,1024000000
2026-05-29 13:14:16.060,3,2.16,,1024000000
2026-05-29 13:14:16.053,2,1.65,,1024000000
2026-05-29 13:14:16.052,2,1.68,,1024000000
2026-05-29 13:14:16.045,2,1.7,,1024000000
2026-05-29 13:14:16.044,3,2.22,,1024000000
2026-05-29 13:14:16.020,3,2.12,,1024000000
2026-05-29 13:14:16.020,2,1.61,,1024000000
2026-05-29 13:14:16.012,3,2.01,,1024000000
2026-05-29 13:14:15.999,2,1.67,,1024000000
2026-05-29 13:14:15.993,2,1.8,,1024000000
2026-05-29 13:14:15.991,2,1.97,,1024000000
2026-05-29 13:14:15.983,3,2.67,,1024000000
2026-05-29 13:14:15.979,2,1.84,,1024000000
2026-05-29 13:14:15.971,3,2.21,,1024000000
2026-05-29 13:14:15.969,3,2.05,,1024000000
2026-05-29 13:14:15.964,2,1.79,,1024000000
2026-05-29 13:14:15.954,7,6.67,,1024000000
2026-05-29 13:14:15.940,2,1.89,,1024000000
2026-05-29 13:14:15.940,2,1.89,,1024000000
2026-05-29 13:14:15.937,2,1.77,,1024000000
2026-05-29 13:14:15.921,2,1.94,,1024000000
2026-05-29 13:14:15.911,4,3.42,,1024000000
2026-05-29 13:14:15.911,2,1.87,,1024000000
2026-05-29 13:14:15.903,2,1.85,,1024000000
2026-05-29 13:14:15.901,2,1.68,,1024000000
2026-05-29 13:14:15.847,2,1.96,,1024000000
2026-05-29 13:14:15.836,2,1.81,,1024000000
2026-05-29 13:14:15.831,2,1.77,,1024000000
2026-05-29 13:14:15.825,2,1.83,,1024000000
2026-05-29 13:14:15.815,3,2.09,,1024000000
2026-05-29 13:14:15.789,2,1.55,,1024000000
2026-05-29 13:14:15.780,2,1.92,,1024000000
2026-05-29 13:14:15.746,2,1.91,,1024000000
2026-05-29 13:14:15.734,2,1.91,,1024000000
2026-05-29 13:14:15.733,2,1.69,,1024000000
2026-05-29 13:14:15.726,2,1.69,,1024000000
2026-05-29 13:14:15.698,3,2.02,,1024000000
2026-05-29 13:14:15.698,2,1.95,,1024000000
2026-05-29 13:14:15.697,3,2.1,,1024000000
2026-05-29 13:14:15.695,2,1.68,,1024000000
2026-05-29 13:14:15.694,3,2.13,,1024000000
2026-05-29 13:14:15.693,2,1.7,,1024000000
2026-05-29 13:14:15.657,3,2.67,,1024000000
2026-05-29 13:14:15.625,2,1.81,,1024000000
2026-05-29 13:14:15.625,3,2.08,,1024000000
2026-05-29 13:14:15.621,2,1.9,,1024000000
2026-05-29 13:14:15.605,2,1.96,,1024000000
2026-05-29 13:14:15.599,2,1.72,,1024000000
2026-05-29 13:14:15.595,2,1.91,,1024000000
2026-05-29 13:14:15.592,3,2.21,,1024000000
2026-05-29 13:14:15.575,2,1.73,,1024000000
2026-05-29 13:14:15.570,2,1.8,,1024000000
2026-05-29 13:14:15.532,2,1.76,,1024000000
2026-05-29 13:14:15.532,2,1.81,,1024000000
2026-05-29 13:14:15.517,2,1.91,,1024000000
2026-05-29 13:14:15.485,3,2.24,,1024000000
2026-05-29 13:14:15.456,2,1.73,,1024000000
2026-05-29 13:14:15.418,2,1.81,,1024000000
2026-05-29 13:14:15.418,2,1.67,,1024000000
2026-05-29 13:14:15.417,2,1.9,,1024000000
2026-05-29 13:14:15.411,2,1.81,,1024000000
2026-05-29 13:14:15.409,2,1.73,,1024000000
2026-05-29 13:14:15.399,2,1.93,,1024000000
2026-05-29 13:14:15.397,2,1.68,,1024000000
2026-05-29 13:14:15.395,2,1.94,,1024000000
2026-05-29 13:14:15.391,2,1.96,,1024000000
2026-05-29 13:14:15.378,3,2.25,,1024000000
2026-05-29 13:14:15.373,5,4.6,,1024000000
2026-05-29 13:14:15.349,2,1.87,,1024000000
2026-05-29 13:14:15.348,2,1.74,,1024000000
2026-05-29 13:14:15.343,2,1.7,,1024000000
2026-05-29 13:14:15.327,11,10.2,,1024000000
2026-05-29 13:14:15.320,2,1.78,,1024000000
2026-05-29 13:14:15.320,2,1.63,,1024000000
2026-05-29 13:14:15.298,2,1.73,,1024000000
2026-05-29 13:14:15.297,2,1.71,,1024000000
2026-05-29 13:14:15.283,2,1.94,,1024000000
2026-05-29 13:14:15.262,2,1.98,,1024000000
2026-05-29 13:14:15.258,2,1.61,,1024000000
2026-05-29 13:14:15.257,5,4.16,,1024000000
2026-05-29 13:14:15.255,2,1.75,,1024000000
2026-05-29 13:14:15.249,3,2.1,,1024000000
2026-05-29 13:14:15.230,2,1.87,,1024000000
2026-05-29 13:14:15.229,2,1.8,,1024000000
2026-05-29 13:14:15.224,2,1.79,,1024000000
2026-05-29 13:14:15.218,3,2.65,,1024000000
2026-05-29 13:14:15.201,2,1.81,,1024000000
2026-05-29 13:14:15.196,2,1.71,,1024000000
2026-05-29 13:14:15.178,4,3.89,,1024000000
2026-05-29 13:14:15.171,3,2.09,,1024000000
2026-05-29 13:14:15.169,2,1.91,,1024000000
2026-05-29 13:14:15.166,2,1.86,,1024000000
2026-05-29 13:14:15.162,2,1.95,,1024000000
2026-05-29 13:14:15.156,2,1.87,,1024000000
2026-05-29 13:14:15.156,2,1.68,,1024000000
2026-05-29 13:14:15.146,2,1.87,,1024000000
2026-05-29 13:14:15.144,2,1.82,,1024000000
2026-05-29 13:14:15.123,3,2.02,,1024000000
2026-05-29 13:14:15.099,2,1.71,,1024000000
2026-05-29 13:14:15.094,6,5.8,,1024000000
2026-05-29 13:14:15.092,14,13.55,,1024000000
2026-05-29 13:14:15.090,2,1.87,,1024000000
2026-05-29 13:14:15.083,2,1.8,,1024000000
2026-05-29 13:14:15.083,3,2.13,,1024000000
2026-05-29 13:14:15.080,3,2.23,,1024000000
2026-05-29 13:14:15.078,2,1.98,,1024000000
2026-05-29 13:14:15.074,2,1.87,,1024000000
2026-05-29 13:14:15.041,2,1.67,,1024000000
2026-05-29 13:14:15.038,3,2.08,,1024000000
2026-05-29 13:14:14.983,2,1.71,,1024000000
2026-05-29 13:14:14.964,2,1.95,,1024000000
2026-05-29 13:14:14.927,2,1.65,,1024000000
2026-05-29 13:14:14.923,2,1.82,,1024000000
2026-05-29 13:14:14.923,2,1.7,,1024000000
2026-05-29 13:14:14.917,2,1.93,,1024000000
2026-05-29 13:14:14.916,5,4.3,,1024000000
2026-05-29 13:14:14.906,3,2.39,,1024000000
2026-05-29 13:14:14.890,2,1.78,,1024000000
2026-05-29 13:14:14.886,2,1.9,,1024000000
2026-05-29 13:14:14.873,2,1.72,,1024000000
2026-05-29 13:14:14.865,2,1.97,,1024000000
2026-05-29 13:14:14.862,3,2.02,,1024000000
2026-05-29 13:14:14.851,2,1.73,,1024000000
2026-05-29 13:14:14.844,2,1.8,,1024000000
2026-05-29 13:14:14.842,13,12.59,,1024000000
2026-05-29 13:14:14.823,2,1.8,,1024000000
2026-05-29 13:14:14.797,2,1.7,,1024000000
2026-05-29 13:14:14.788,3,2.02,,1024000000
2026-05-29 13:14:14.770,2,1.73,,1024000000
2026-05-29 13:14:14.749,3,2.25,,1024000000
2026-05-29 13:14:14.733,2,1.92,,1024000000
2026-05-29 13:14:14.723,2,1.96,,1024000000
2026-05-29 13:14:14.723,2,1.62,,1024000000
2026-05-29 13:14:14.698,2,1.85,,1024000000
2026-05-29 13:14:14.685,3,2.04,,1024000000
2026-05-29 13:14:14.664,2,1.9,,1024000000
2026-05-29 13:14:14.663,2,1.71,,1024000000
2026-05-29 13:14:14.649,2,1.8,,1024000000
2026-05-29 13:14:14.598,2,1.77,,1024000000
2026-05-29 13:14:14.598,10,9.54,,1024000000
2026-05-29 13:14:14.591,2,1.83,,1024000000
2026-05-29 13:14:14.563,2,1.75,,1024000000
2026-05-29 13:14:14.563,2,1.97,,1024000000
2026-05-29 13:14:14.539,3,2.05,,1024000000
2026-05-29 13:14:14.529,3,2.2,,1024000000
2026-05-29 13:14:14.516,2,1.8,,1024000000
2026-05-29 13:14:14.497,2,1.88,,1024000000
2026-05-29 13:14:14.489,2,1.65,,1024000000
2026-05-29 13:14:14.483,2,1.84,,1024000000
2026-05-29 13:14:14.466,2,1.83,,1024000000
2026-05-29 13:14:14.463,2,1.61,,1024000000
2026-05-29 13:14:14.459,2,1.97,,1024000000
2026-05-29 13:14:14.435,3,2.13,,1024000000
2026-05-29 13:14:14.422,2,1.91,,1024000000
2026-05-29 13:14:14.404,2,1.97,,1024000000
2026-05-29 13:14:14.404,3,2.07,,1024000000
2026-05-29 13:14:14.402,3,2.06,,1024000000
2026-05-29 13:14:14.401,2,1.66,,1024000000
2026-05-29 13:14:14.399,2,1.7,,1024000000
2026-05-29 13:14:14.382,2,1.58,,1024000000
2026-05-29 13:14:14.369,2,1.79,,1024000000
2026-05-29 13:14:14.364,2,1.79,,1024000000
2026-05-29 13:14:14.356,2,1.75,,1024000000
2026-05-29 13:14:14.333,2,1.59,,1024000000
2026-05-29 13:14:14.328,2,1.77,,1024000000
2026-05-29 13:14:14.322,2,1.76,,1024000000
2026-05-29 13:14:14.311,2,1.84,,1024000000
2026-05-29 13:14:14.298,2,1.82,,1024000000
2026-05-29 13:14:14.272,2,1.77,,1024000000
2026-05-29 13:14:14.265,2,1.74,,1024000000
2026-05-29 13:14:14.247,2,1.8,,1024000000
2026-05-29 13:14:14.236,2,2,,1024000000
2026-05-29 13:14:14.235,2,1.91,,1024000000
2026-05-29 13:14:14.225,3,2.11,,1024000000
2026-05-29 13:14:14.224,2,1.88,,1024000000
2026-05-29 13:14:14.220,2,1.78,,1024000000
2026-05-29 13:14:14.202,2,1.98,,1024000000
2026-05-29 13:14:14.165,9,8.29,,1024000000
2026-05-29 13:14:14.161,2,1.76,,1024000000
2026-05-29 13:14:14.159,2,1.77,,1024000000
2026-05-29 13:14:14.150,3,2.38,,1024000000
2026-05-29 13:14:14.148,9,8.19,,1024000000
2026-05-29 13:14:14.134,2,1.77,,1024000000
2026-05-29 13:14:14.132,2,1.64,,1024000000
2026-05-29 13:14:14.121,2,1.74,,1024000000
2026-05-29 13:14:14.120,3,2.12,,1024000000
2026-05-29 13:14:14.120,12,11.11,,1024000000
2026-05-29 13:14:14.109,2,1.73,,1024000000
2026-05-29 13:14:14.108,2,1.97,,1024000000
2026-05-29 13:14:14.106,2,1.87,,1024000000
2026-05-29 13:14:14.091,2,1.83,,1024000000
2026-05-29 13:14:14.066,3,2.24,,1024000000
2026-05-29 13:14:14.064,3,2.21,,1024000000
2026-05-29 13:14:14.040,2,1.86,,1024000000
2026-05-29 13:14:13.979,9,8.93,,1024000000
2026-05-29 13:14:13.972,2,1.74,,1024000000
2026-05-29 13:14:13.952,5,4.55,,1024000000
2026-05-29 13:14:13.934,3,2.01,,1024000000
2026-05-29 13:14:13.928,2,1.7,,1024000000
2026-05-29 13:14:13.926,2,1.68,,1024000000
2026-05-29 13:14:13.925,2,1.84,,1024000000
2026-05-29 13:14:13.920,2,1.8,,1024000000
2026-05-29 13:14:13.916,2,1.76,,1024000000
2026-05-29 13:14:13.908,2,1.89,,1024000000
2026-05-29 13:14:13.899,6,5.26,,1024000000
2026-05-29 13:14:13.895,2,1.78,,1024000000
2026-05-29 13:14:13.895,2,1.68,,1024000000
2026-05-29 13:14:13.892,5,4.3,,1024000000
2026-05-29 13:14:13.885,3,2.15,,1024000000
2026-05-29 13:14:13.883,2,1.96,,1024000000
2026-05-29 13:14:13.853,2,1.99,,1024000000
2026-05-29 13:14:13.808,2,1.8,,1024000000
2026-05-29 13:14:13.806,2,1.95,,1024000000
2026-05-29 13:14:13.799,2,1.8,,1024000000
2026-05-29 13:14:13.796,3,2.1,,1024000000
2026-05-29 13:14:13.784,2,1.68,,1024000000
2026-05-29 13:14:13.761,2,1.75,,1024000000
2026-05-29 13:14:13.744,12,11.52,,1024000000
2026-05-29 13:14:13.729,2,1.87,,1024000000
2026-05-29 13:14:13.720,2,1.66,,1024000000
2026-05-29 13:14:13.715,15,14.15,,1024000000
2026-05-29 13:14:13.696,2,1.81,,1024000000
2026-05-29 13:14:13.680,2,1.96,,1024000000
2026-05-29 13:14:13.656,2,1.69,,1024000000
2026-05-29 13:14:13.652,17,16.95,,1024000000
2026-05-29 13:14:13.647,17,16.63,,1024000000
2026-05-29 13:14:13.644,12,11.21,,1024000000
2026-05-29 13:14:13.643,2,1.74,,1024000000
2026-05-29 13:14:13.607,2,1.75,,1024000000
2026-05-29 13:14:13.590,2,1.94,,1024000000
2026-05-29 13:14:13.573,2,1.83,,1024000000
2026-05-29 13:14:13.556,2,1.65,,1024000000
2026-05-29 13:14:13.546,2,1.63,,1024000000
2026-05-29 13:14:13.540,4,3.37,,1024000000
2026-05-29 13:14:13.536,2,1.82,,1024000000
2026-05-29 13:14:13.536,3,2.01,,1024000000
2026-05-29 13:14:13.518,2,1.78,,1024000000
2026-05-29 13:14:13.505,2,1.66,,1024000000
2026-05-29 13:14:13.505,3,2.21,,1024000000
2026-05-29 13:14:13.502,2,1.81,,1024000000
2026-05-29 13:14:13.495,3,2.55,,1024000000
2026-05-29 13:14:13.478,3,2.08,,1024000000
2026-05-29 13:14:13.452,2,1.85,,1024000000
2026-05-29 13:14:13.448,13,12.95,,1024000000
2026-05-29 13:14:13.445,2,1.95,,1024000000
2026-05-29 13:14:13.434,15,14.26,,1024000000
2026-05-29 13:14:13.424,15,14.48,,1024000000
2026-05-29 13:14:13.403,2,1.72,,1024000000
2026-05-29 13:14:13.402,2,1.77,,1024000000
2026-05-29 13:14:13.385,2,1.54,,1024000000
2026-05-29 13:14:13.383,2,1.72,,1024000000
2026-05-29 13:14:13.382,2,1.72,,1024000000
2026-05-29 13:14:13.333,2,1.76,,1024000000
2026-05-29 13:14:13.326,2,1.74,,1024000000
2026-05-29 13:14:13.324,2,1.84,,1024000000
2026-05-29 13:14:13.315,2,1.92,,1024000000
2026-05-29 13:14:13.304,2,1.78,,1024000000
2026-05-29 13:14:13.296,2,1.69,,1024000000
2026-05-29 13:14:13.286,2,1.77,,1024000000
2026-05-29 13:14:13.265,3,2.01,,1024000000
2026-05-29 13:14:13.253,2,1.93,,1024000000
2026-05-29 13:14:13.252,3,2.26,,1024000000
2026-05-29 13:14:13.215,2,1.97,,1024000000
2026-05-29 13:14:13.213,2,1.76,,1024000000
2026-05-29 13:14:13.203,3,2.04,,1024000000
2026-05-29 13:14:13.201,3,2.19,,1024000000
2026-05-29 13:14:13.193,2,1.79,,1024000000
2026-05-29 13:14:13.190,2,1.77,,1024000000
2026-05-29 13:14:13.186,2,1.83,,1024000000
2026-05-29 13:14:13.179,3,2.63,,1024000000
2026-05-29 13:14:13.158,2,1.65,,1024000000
2026-05-29 13:14:13.155,2,1.99,,1024000000
2026-05-29 13:14:13.140,2,1.71,,1024000000
2026-05-29 13:14:13.110,2,1.8,,1024000000
2026-05-29 13:14:13.103,3,2.59,,1024000000
2026-05-29 13:14:13.091,2,1.89,,1024000000
2026-05-29 13:14:13.086,11,10.5,,1024000000
2026-05-29 13:14:13.085,2,1.72,,1024000000
2026-05-29 13:14:13.062,3,2.03,,1024000000
2026-05-29 13:14:13.056,2,1.72,,1024000000
2026-05-29 13:14:13.052,10,9.14,,1024000000
2026-05-29 13:14:13.049,2,1.7,,1024000000
2026-05-29 13:14:13.048,2,1.64,,1024000000
2026-05-29 13:14:13.046,2,1.76,,1024000000
2026-05-29 13:14:13.019,2,1.98,,1024000000
2026-05-29 13:14:13.018,3,2.3,,1024000000
2026-05-29 13:14:13.011,2,1.68,,1024000000
2026-05-29 13:14:13.011,3,2.67,,1024000000
2026-05-29 13:14:13.010,2,1.76,,1024000000
2026-05-29 13:14:13.008,4,3.61,,1024000000
2026-05-29 13:14:13.002,2,1.92,,1024000000
2026-05-29 13:14:12.998,2,1.69,,1024000000
2026-05-29 13:14:12.994,6,6,,1024000000
2026-05-29 13:14:12.991,3,2.24,,1024000000
2026-05-29 13:14:12.983,2,1.66,,1024000000
2026-05-29 13:14:12.958,2,1.87,,1024000000
2026-05-29 13:14:12.922,2,1.97,,1024000000
2026-05-29 13:14:12.904,2,1.87,,1024000000
2026-05-29 13:14:12.888,3,2.05,,1024000000
2026-05-29 13:14:12.888,2,1.76,,1024000000
2026-05-29 13:14:12.877,3,2.03,,1024000000
2026-05-29 13:14:12.860,3,2.79,,1024000000
2026-05-29 13:14:12.840,2,1.76,,1024000000
2026-05-29 13:14:12.822,2,1.71,,1024000000
2026-05-29 13:14:12.808,3,2.02,,1024000000
2026-05-29 13:14:12.779,3,2.03,,1024000000
2026-05-29 13:14:12.763,2,1.63,,1024000000
2026-05-29 13:14:12.755,2,1.9,,1024000000
2026-05-29 13:14:12.753,2,1.75,,1024000000
2026-05-29 13:14:12.752,2,1.64,,1024000000
2026-05-29 13:14:12.747,10,9.92,,1024000000
2026-05-29 13:14:12.719,2,1.74,,1024000000
2026-05-29 13:14:12.688,2,1.95,,1024000000
2026-05-29 13:14:12.662,2,1.91,,1024000000
2026-05-29 13:14:12.625,2,1.84,,1024000000
2026-05-29 13:14:12.593,2,1.99,,1024000000
2026-05-29 13:14:12.585,2,1.89,,1024000000
2026-05-29 13:14:12.571,2,1.9,,1024000000
2026-05-29 13:14:12.533,2,1.81,,1024000000
2026-05-29 13:14:12.518,2,1.93,,1024000000
2026-05-29 13:14:12.504,2,1.81,,1024000000
2026-05-29 13:14:12.458,3,2.08,,1024000000
2026-05-29 13:14:12.455,9,8.22,,1024000000
2026-05-29 13:14:12.447,3,2.45,,1024000000
2026-05-29 13:14:12.446,4,3.9,,1024000000
2026-05-29 13:14:12.417,2,1.79,,1024000000
2026-05-29 13:14:12.396,2,1.82,,1024000000
2026-05-29 13:14:12.372,2,1.7,,1024000000
2026-05-29 13:14:12.371,3,3,,1024000000
2026-05-29 13:14:12.370,2,1.69,,1024000000
2026-05-29 13:14:12.351,2,1.98,,1024000000
2026-05-29 13:14:12.346,3,2.01,,1024000000
2026-05-29 13:14:12.344,5,4.77,,1024000000
2026-05-29 13:14:12.342,3,2.1,,1024000000
2026-05-29 13:14:12.342,2,1.76,,1024000000
2026-05-29 13:14:12.335,2,1.95,,1024000000
2026-05-29 13:14:12.335,3,2.03,,1024000000
2026-05-29 13:14:12.314,3,2.24,,1024000000
2026-05-29 13:14:12.310,2,1.68,,1024000000
2026-05-29 13:14:12.308,2,1.71,,1024000000
2026-05-29 13:14:12.288,2,1.98,,1024000000
2026-05-29 13:14:12.287,2,1.9,,1024000000
2026-05-29 13:14:12.246,2,1.74,,1024000000
2026-05-29 13:14:12.233,2,1.61,,1024000000
2026-05-29 13:14:12.232,3,2.06,,1024000000
2026-05-29 13:14:12.231,2,1.9,,1024000000
2026-05-29 13:14:12.199,3,2.58,,1024000000
2026-05-29 13:14:12.194,2,1.87,,1024000000
2026-05-29 13:14:12.190,3,2.17,,1024000000
2026-05-29 13:14:12.186,2,1.88,,1024000000
2026-05-29 13:14:12.179,3,2.48,,1024000000
2026-05-29 13:14:12.169,2,1.89,,1024000000
2026-05-29 13:14:12.169,3,2.06,,1024000000
2026-05-29 13:14:12.155,2,1.79,,1024000000
2026-05-29 13:14:12.146,2,1.8,,1024000000
2026-05-29 13:14:12.136,2,1.82,,1024000000
2026-05-29 13:14:12.134,2,1.77,,1024000000
2026-05-29 13:14:12.129,6,5.27,,1024000000
2026-05-29 13:14:12.121,11,10.19,,1024000000
2026-05-29 13:14:12.069,2,1.82,,1024000000
2026-05-29 13:14:12.059,2,1.65,,1024000000
2026-05-29 13:14:12.059,2,1.87,,1024000000
2026-05-29 13:14:12.034,2,1.7,,1024000000
2026-05-29 13:14:12.019,2,1.85,,1024000000
2026-05-29 13:14:12.006,2,1.92,,1024000000
2026-05-29 13:14:11.996,2,1.59,,1024000000
2026-05-29 13:14:11.989,2,1.79,,1024000000
2026-05-29 13:14:11.967,2,1.79,,1024000000
2026-05-29 13:14:11.967,2,1.81,,1024000000
2026-05-29 13:14:11.960,2,1.78,,1024000000
2026-05-29 13:14:11.955,3,2.03,,1024000000
2026-05-29 13:14:11.955,2,1.88,,1024000000
2026-05-29 13:14:11.948,2,1.71,,1024000000
2026-05-29 13:14:11.925,2,1.65,,1024000000
2026-05-29 13:14:11.925,2,1.65,,1024000000
2026-05-29 13:14:11.900,2,1.82,,1024000000
2026-05-29 13:14:11.886,2,1.75,,1024000000
2026-05-29 13:14:11.886,2,1.74,,1024000000
2026-05-29 13:14:11.884,3,2.36,,1024000000
2026-05-29 13:14:11.878,2,1.57,,1024000000
2026-05-29 13:14:11.858,2,1.65,,1024000000
2026-05-29 13:14:11.847,3,2.07,,1024000000
2026-05-29 13:14:11.841,3,2.3,,1024000000
2026-05-29 13:14:11.836,2,1.87,,1024000000
2026-05-29 13:14:11.828,2,1.76,,1024000000
2026-05-29 13:14:11.824,3,2.23,,1024000000
2026-05-29 13:14:11.822,2,1.71,,1024000000
2026-05-29 13:14:11.817,2,1.68,,1024000000
2026-05-29 13:14:11.814,2,1.77,,1024000000
2026-05-29 13:14:11.811,3,2.5,,1024000000
2026-05-29 13:14:11.808,16,15.1,,1024000000
2026-05-29 13:14:11.799,3,2.15,,1024000000
2026-05-29 13:14:11.792,2,1.68,,1024000000
2026-05-29 13:14:11.791,2,1.8,,1024000000
2026-05-29 13:14:11.790,2,1.87,,1024000000
2026-05-29 13:14:11.789,3,2.01,,1024000000
2026-05-29 13:14:11.789,2,1.92,,1024000000
2026-05-29 13:14:11.788,3,2.02,,1024000000
2026-05-29 13:14:11.788,2,1.91,,1024000000
2026-05-29 13:14:11.788,2,1.77,,1024000000
2026-05-29 13:14:11.788,2,1.81,,1024000000
2026-05-29 13:14:11.785,2,1.76,,1024000000
2026-05-29 13:14:11.767,2,1.67,,1024000000
2026-05-29 13:14:11.690,2,1.98,,1024000000
2026-05-29 13:14:11.683,2,1.93,,1024000000
2026-05-29 13:14:11.678,2,1.87,,1024000000
2026-05-29 13:14:11.634,2,1.76,,1024000000
2026-05-29 13:14:11.632,2,1.98,,1024000000
2026-05-29 13:14:11.628,2,2,,1024000000
2026-05-29 13:14:11.626,2,1.89,,1024000000
2026-05-29 13:14:11.622,2,1.99,,1024000000
2026-05-29 13:14:11.612,2,2,,1024000000
2026-05-29 13:14:11.612,3,2.04,,1024000000
2026-05-29 13:14:11.593,2,1.98,,1024000000
2026-05-29 13:14:11.573,2,1.98,,1024000000
2026-05-29 13:14:11.554,2,1.74,,1024000000
2026-05-29 13:14:11.545,2,1.54,,1024000000
2026-05-29 13:14:11.535,2,1.89,,1024000000
2026-05-29 13:14:11.531,2,1.97,,1024000000
2026-05-29 13:14:11.523,5,4.78,,1024000000
2026-05-29 13:14:11.511,3,2.24,,1024000000
2026-05-29 13:14:11.501,18,17.27,,1024000000
2026-05-29 13:14:11.494,3,2.02,,1024000000
2026-05-29 13:14:11.480,3,2.17,,1024000000
2026-05-29 13:14:11.480,2,1.73,,1024000000
2026-05-29 13:14:11.479,2,1.89,,1024000000
2026-05-29 13:14:11.455,2,1.82,,1024000000
2026-05-29 13:14:11.454,6,5.02,,1024000000
2026-05-29 13:14:11.452,3,2.31,,1024000000
2026-05-29 13:14:11.438,3,2.95,,1024000000
2026-05-29 13:14:11.436,2,1.78,,1024000000
2026-05-29 13:14:11.425,3,2.07,,1024000000
2026-05-29 13:14:11.406,3,2.18,,1024000000
2026-05-29 13:14:11.381,3,2.21,,1024000000
2026-05-29 13:14:11.372,2,1.67,,1024000000
2026-05-29 13:14:11.348,2,1.73,,1024000000
2026-05-29 13:14:11.333,12,11.79,,1024000000
2026-05-29 13:14:11.310,2,1.77,,1024000000
2026-05-29 13:14:11.298,2,1.75,,1024000000
2026-05-29 13:14:11.297,2,1.86,,1024000000
2026-05-29 13:14:11.284,2,1.89,,1024000000
2026-05-29 13:14:11.269,3,2.11,,1024000000
2026-05-29 13:14:11.257,2,1.86,,1024000000
2026-05-29 13:14:11.255,2,1.92,,1024000000
2026-05-29 13:14:11.247,3,2.04,,1024000000
2026-05-29 13:14:11.245,10,9.95,,1024000000
2026-05-29 13:14:11.187,3,2.72,,1024000000
2026-05-29 13:14:11.186,6,5.76,,1024000000
2026-05-29 13:14:11.182,3,2.05,,1024000000
2026-05-29 13:14:11.158,9,8.36,,1024000000
2026-05-29 13:14:11.148,2,1.78,,1024000000
2026-05-29 13:14:11.137,14,13.45,,1024000000
2026-05-29 13:14:11.132,2,1.77,,1024000000
2026-05-29 13:14:11.116,2,1.85,,1024000000
2026-05-29 13:14:11.114,3,2.21,,1024000000
2026-05-29 13:14:11.091,3,2.08,,1024000000
2026-05-29 13:14:11.091,2,1.8,,1024000000
2026-05-29 13:14:11.089,2,1.8,,1024000000
2026-05-29 13:14:11.083,2,1.98,,1024000000
2026-05-29 13:14:11.070,2,1.87,,1024000000
2026-05-29 13:14:11.065,3,2.25,,1024000000
2026-05-29 13:14:11.057,18,17.26,,1024000000
2026-05-29 13:14:11.027,2,1.8,,1024000000
2026-05-29 13:14:11.023,2,1.77,,1024000000
2026-05-29 13:14:11.016,3,2.12,,1024000000
2026-05-29 13:14:11.004,2,1.88,,1024000000
2026-05-29 13:14:10.995,7,6.48,,1024000000
2026-05-29 13:14:10.941,5,4.41,,1024000000
2026-05-29 13:14:10.938,2,1.86,,1024000000
2026-05-29 13:14:10.927,2,1.8,,1024000000
2026-05-29 13:14:10.920,2,1.77,,1024000000
2026-05-29 13:14:10.918,2,1.8,,1024000000
2026-05-29 13:14:10.911,2,1.8,,1024000000
2026-05-29 13:14:10.906,2,1.8,,1024000000
2026-05-29 13:14:10.864,4,3.22,,1024000000
2026-05-29 13:14:10.835,2,1.69,,1024000000
2026-05-29 13:14:10.828,3,2.1,,1024000000
2026-05-29 13:14:10.819,3,2.09,,1024000000
2026-05-29 13:14:10.814,2,1.78,,1024000000
2026-05-29 13:14:10.806,2,1.81,,1024000000
2026-05-29 13:14:10.786,3,2.04,,1024000000
2026-05-29 13:14:10.773,2,1.97,,1024000000
2026-05-29 13:14:10.772,2,1.95,,1024000000
2026-05-29 13:14:10.771,3,2.03,,1024000000
2026-05-29 13:14:10.769,2,1.61,,1024000000
2026-05-29 13:14:10.756,2,1.78,,1024000000
2026-05-29 13:14:10.754,8,7.29,,1024000000
2026-05-29 13:14:10.724,4,3.82,,1024000000
2026-05-29 13:14:10.700,2,1.68,,1024000000
2026-05-29 13:14:10.700,2,1.84,,1024000000
2026-05-29 13:14:10.663,2,1.72,,1024000000
2026-05-29 13:14:10.654,2,1.75,,1024000000
2026-05-29 13:14:10.647,5,4.04,,1024000000
2026-05-29 13:14:10.637,2,1.81,,1024000000
2026-05-29 13:14:10.631,7,6.4,,1024000000
2026-05-29 13:14:10.610,5,4.82,,1024000000
2026-05-29 13:14:10.594,5,4.68,,1024000000
2026-05-29 13:14:10.587,7,6.33,,1024000000
2026-05-29 13:14:10.576,9,8.13,,1024000000
2026-05-29 13:14:10.561,2,1.8,,1024000000
2026-05-29 13:14:10.535,2,1.86,,1024000000
2026-05-29 13:14:10.527,2,1.76,,1024000000
2026-05-29 13:14:10.527,2,1.68,,1024000000
2026-05-29 13:14:10.526,3,2.12,,1024000000
2026-05-29 13:14:10.520,3,2.57,,1024000000
2026-05-29 13:14:10.519,3,2.25,,1024000000
2026-05-29 13:14:10.501,2,1.92,,1024000000
2026-05-29 13:14:10.500,2,1.69,,1024000000
2026-05-29 13:14:10.489,2,1.95,,1024000000
2026-05-29 13:14:10.488,3,2.43,,1024000000
2026-05-29 13:14:10.487,3,2.11,,1024000000
2026-05-29 13:14:10.479,2,1.86,,1024000000
2026-05-29 13:14:10.455,2,1.83,,1024000000
2026-05-29 13:14:10.455,10,9.16,,1024000000
2026-05-29 13:14:10.431,2,1.9,,1024000000
2026-05-29 13:14:10.408,2,1.88,,1024000000
2026-05-29 13:14:10.405,3,2.08,,1024000000
2026-05-29 13:14:10.393,2,1.72,,1024000000
2026-05-29 13:14:10.361,2,1.94,,1024000000
2026-05-29 13:14:10.353,2,1.64,,1024000000
2026-05-29 13:14:10.324,3,2.25,,1024000000
2026-05-29 13:14:10.322,2,1.79,,1024000000
2026-05-29 13:14:10.321,6,5.56,,1024000000
2026-05-29 13:14:10.296,3,2.16,,1024000000
2026-05-29 13:14:10.290,2,1.98,,1024000000
2026-05-29 13:14:10.261,2,1.73,,1024000000
2026-05-29 13:14:10.260,2,1.74,,1024000000
2026-05-29 13:14:10.246,6,5.16,,1024000000
2026-05-29 13:14:10.205,2,1.68,,1024000000
2026-05-29 13:14:10.202,2,1.83,,1024000000
2026-05-29 13:14:10.184,2,1.72,,1024000000
2026-05-29 13:14:10.174,2,1.72,,1024000000
2026-05-29 13:14:10.161,2,1.73,,1024000000
2026-05-29 13:14:10.131,2,1.66,,1024000000
2026-05-29 13:14:10.130,2,1.77,,1024000000
2026-05-29 13:14:10.120,2,1.87,,1024000000
2026-05-29 13:14:10.118,2,1.76,,1024000000
2026-05-29 13:14:10.118,2,1.7,,1024000000
2026-05-29 13:14:10.115,2,1.92,,1024000000
2026-05-29 13:14:10.106,2,1.67,,1024000000
2026-05-29 13:14:10.101,10,9.42,,1024000000
2026-05-29 13:14:10.100,2,1.97,,1024000000
2026-05-29 13:14:10.085,2,1.58,,1024000000
2026-05-29 13:14:10.080,2,1.75,,1024000000
2026-05-29 13:14:10.073,2,1.57,,1024000000
2026-05-29 13:14:10.069,2,1.81,,1024000000
2026-05-29 13:14:10.053,2,1.91,,1024000000
2026-05-29 13:14:10.050,2,1.77,,1024000000
2026-05-29 13:14:10.049,2,1.52,,1024000000
2026-05-29 13:14:10.046,3,2.02,,1024000000
2026-05-29 13:14:10.041,2,1.64,,1024000000
2026-05-29 13:14:10.039,2,1.91,,1024000000
2026-05-29 13:14:10.026,2,1.79,,1024000000
2026-05-29 13:14:10.014,2,1.7,,1024000000
2026-05-29 13:14:10.005,3,2.2,,1024000000
2026-05-29 13:14:10.003,2,1.92,,1024000000
2026-05-29 13:14:10.001,2,1.96,,1024000000
2026-05-29 13:14:10.000,2,1.95,,1024000000
2026-05-29 13:14:09.990,3,2.14,,1024000000
2026-05-29 13:14:09.987,2,1.74,,1024000000
2026-05-29 13:14:09.956,2,1.88,,1024000000
2026-05-29 13:14:09.953,2,1.95,,1024000000
2026-05-29 13:14:09.953,3,2.26,,1024000000
2026-05-29 13:14:09.934,2,1.71,,1024000000
2026-05-29 13:14:09.934,3,2.06,,1024000000
2026-05-29 13:14:09.922,2,1.83,,1024000000
2026-05-29 13:14:09.914,3,2.65,,1024000000
2026-05-29 13:14:09.902,2,2,,1024000000
2026-05-29 13:14:09.875,2,1.72,,1024000000
2026-05-29 13:14:09.864,3,2.15,,1024000000
2026-05-29 13:14:09.854,3,2.05,,1024000000
2026-05-29 13:14:09.853,5,4.75,,1024000000
2026-05-29 13:14:09.853,2,1.81,,1024000000
2026-05-29 13:14:09.832,2,1.85,,1024000000
2026-05-29 13:14:09.827,2,2,,1024000000
2026-05-29 13:14:09.825,2,1.71,,1024000000
2026-05-29 13:14:09.811,3,2.14,,1024000000
2026-05-29 13:14:09.808,2,1.67,,1024000000
2026-05-29 13:14:09.799,3,2.25,,1024000000
2026-05-29 13:14:09.773,2,2,,1024000000
2026-05-29 13:14:09.748,8,7.32,,1024000000
2026-05-29 13:14:09.742,2,1.93,,1024000000
2026-05-29 13:14:09.728,3,2.08,,1024000000
2026-05-29 13:14:09.721,3,2.12,,1024000000
2026-05-29 13:14:09.711,2,1.79,,1024000000
2026-05-29 13:14:09.685,2,1.64,,1024000000
2026-05-29 13:14:09.656,5,4.75,,1024000000
2026-05-29 13:14:09.644,2,1.78,,1024000000
2026-05-29 13:14:09.623,3,2.06,,1024000000
2026-05-29 13:14:09.606,2,1.73,,1024000000
2026-05-29 13:14:09.602,2,1.8,,1024000000
2026-05-29 13:14:09.582,2,1.85,,1024000000
2026-05-29 13:14:09.581,3,2.73,,1024000000
2026-05-29 13:14:09.552,2,1.88,,1024000000
2026-05-29 13:14:09.537,5,4.36,,1024000000
2026-05-29 13:14:09.531,3,2.07,,1024000000
2026-05-29 13:14:09.530,2,1.88,,1024000000
2026-05-29 13:14:09.529,2,1.65,,1024000000
2026-05-29 13:14:09.529,2,1.79,,1024000000
2026-05-29 13:14:09.506,6,5.26,,1024000000
2026-05-29 13:14:09.484,2,1.72,,1024000000
2026-05-29 13:14:09.468,2,1.76,,1024000000
2026-05-29 13:14:09.467,2,1.75,,1024000000
2026-05-29 13:14:09.465,2,1.62,,1024000000
2026-05-29 13:14:09.454,2,1.87,,1024000000
2026-05-29 13:14:09.423,2,1.79,,1024000000
2026-05-29 13:14:09.409,16,15.63,,1024000000
2026-05-29 13:14:09.397,2,1.64,,1024000000
2026-05-29 13:14:09.376,2,1.92,,1024000000
2026-05-29 13:14:09.370,20,19.13,,1024000000
2026-05-29 13:14:09.368,2,1.96,,1024000000
2026-05-29 13:14:09.363,2,1.74,,1024000000
2026-05-29 13:14:09.359,2,1.74,,1024000000
2026-05-29 13:14:09.352,2,1.77,,1024000000
2026-05-29 13:14:09.352,3,2.35,,1024000000
2026-05-29 13:14:09.352,2,1.84,,1024000000
2026-05-29 13:14:09.349,2,1.74,,1024000000
2026-05-29 13:14:09.346,3,2.1,,1024000000
2026-05-29 13:14:09.328,2,1.88,,1024000000
2026-05-29 13:14:09.314,2,1.91,,1024000000
2026-05-29 13:14:09.314,3,2.88,,1024000000
2026-05-29 13:14:09.311,2,1.91,,1024000000
2026-05-29 13:14:09.302,2,1.71,,1024000000
2026-05-29 13:14:09.269,2,1.85,,1024000000
2026-05-29 13:14:09.265,2,1.82,,1024000000
2026-05-29 13:14:09.251,2,1.76,,1024000000
2026-05-29 13:14:09.205,3,2.1,,1024000000
2026-05-29 13:14:09.193,2,1.86,,1024000000
2026-05-29 13:14:09.181,2,1.92,,1024000000
2026-05-29 13:14:09.176,3,2.43,,1024000000
2026-05-29 13:14:09.169,2,1.78,,1024000000
2026-05-29 13:14:09.154,2,1.82,,1024000000
2026-05-29 13:14:09.134,2,1.66,,1024000000
2026-05-29 13:14:09.107,2,1.78,,1024000000
2026-05-29 13:14:09.087,2,1.89,,1024000000
2026-05-29 13:14:09.083,3,2.03,,1024000000
2026-05-29 13:14:09.076,3,2.1,,1024000000
2026-05-29 13:14:09.072,3,2.02,,1024000000
2026-05-29 13:14:09.065,2,1.92,,1024000000
2026-05-29 13:14:09.046,2,1.84,,1024000000
2026-05-29 13:14:09.022,2,1.75,,1024000000
2026-05-29 13:14:09.009,2,1.84,,1024000000
2026-05-29 13:14:08.991,3,2.02,,1024000000
2026-05-29 13:14:08.985,3,2.1,,1024000000
2026-05-29 13:14:08.980,4,3.94,,1024000000
2026-05-29 13:14:08.979,2,1.95,,1024000000
2026-05-29 13:14:08.973,2,1.85,,1024000000
2026-05-29 13:14:08.959,2,1.87,,1024000000
2026-05-29 13:14:08.930,3,2.11,,1024000000
2026-05-29 13:14:08.924,6,5.75,,1024000000
2026-05-29 13:14:08.897,2,1.92,,1024000000
2026-05-29 13:14:08.862,3,2.2,,1024000000
2026-05-29 13:14:08.854,2,1.92,,1024000000
2026-05-29 13:14:08.848,2,1.82,,1024000000
2026-05-29 13:14:08.846,2,1.83,,1024000000
2026-05-29 13:14:08.833,2,1.65,,1024000000
2026-05-29 13:14:08.825,2,1.97,,1024000000
2026-05-29 13:14:08.808,2,1.8,,1024000000
2026-05-29 13:14:08.806,2,1.83,,1024000000
2026-05-29 13:14:08.801,2,1.96,,1024000000
2026-05-29 13:14:08.771,2,1.81,,1024000000
2026-05-29 13:14:08.720,2,1.72,,1024000000
2026-05-29 13:14:08.719,2,1.7,,1024000000
2026-05-29 13:14:08.686,3,2.19,,1024000000
2026-05-29 13:14:08.680,2,1.9,,1024000000
2026-05-29 13:14:08.662,2,1.87,,1024000000
2026-05-29 13:14:08.662,2,1.95,,1024000000
2026-05-29 13:14:08.658,3,2.16,,1024000000
2026-05-29 13:14:08.641,2,1.9,,1024000000
2026-05-29 13:14:08.634,4,3.04,,1024000000
2026-05-29 13:14:08.631,2,1.67,,1024000000
2026-05-29 13:14:08.627,2,1.86,,1024000000
2026-05-29 13:14:08.616,2,1.63,,1024000000
2026-05-29 13:14:08.615,2,1.68,,1024000000
2026-05-29 13:14:08.609,2,1.86,,1024000000
2026-05-29 13:14:08.604,2,1.79,,1024000000
2026-05-29 13:14:08.597,3,2.13,,1024000000
2026-05-29 13:14:08.586,2,1.68,,1024000000
2026-05-29 13:14:08.585,3,2.08,,1024000000
2026-05-29 13:14:08.576,2,1.97,,1024000000
2026-05-29 13:14:08.566,2,1.7,,1024000000
2026-05-29 13:14:08.547,3,2.14,,1024000000
2026-05-29 13:14:08.517,5,4.25,,1024000000
2026-05-29 13:14:08.505,2,1.88,,1024000000
2026-05-29 13:14:08.488,17,16.11,,1024000000
2026-05-29 13:14:08.487,2,1.98,,1024000000
2026-05-29 13:14:08.480,2,1.63,,1024000000
2026-05-29 13:14:08.459,3,2.01,,1024000000
2026-05-29 13:14:08.454,2,1.61,,1024000000
2026-05-29 13:14:08.444,2,1.58,,1024000000
2026-05-29 13:14:08.442,3,2.47,,1024000000
2026-05-29 13:14:08.440,5,4.86,,1024000000
2026-05-29 13:14:08.438,2,1.87,,1024000000
2026-05-29 13:14:08.434,2,1.98,,1024000000
2026-05-29 13:14:08.434,2,1.65,,1024000000
2026-05-29 13:14:08.430,11,10.57,,1024000000
2026-05-29 13:14:08.424,3,2.55,,1024000000
2026-05-29 13:14:08.402,3,2.09,,1024000000
2026-05-29 13:14:08.396,2,1.84,,1024000000
2026-05-29 13:14:08.395,2,1.69,,1024000000
2026-05-29 13:14:08.389,2,2,,1024000000
2026-05-29 13:14:08.380,3,2.02,,1024000000
2026-05-29 13:14:08.336,2,1.84,,1024000000
2026-05-29 13:14:08.326,2,1.94,,1024000000
2026-05-29 13:14:08.322,2,1.73,,1024000000
2026-05-29 13:14:08.306,2,1.99,,1024000000
2026-05-29 13:14:08.304,2,1.65,,1024000000
2026-05-29 13:14:08.300,3,2.23,,1024000000
2026-05-29 13:14:08.282,3,2.03,,1024000000
2026-05-29 13:14:08.280,2,1.56,,1024000000
2026-05-29 13:14:08.251,2,1.96,,1024000000
2026-05-29 13:14:08.247,2,1.81,,1024000000
2026-05-29 13:14:08.245,2,1.99,,1024000000
2026-05-29 13:14:08.241,3,2.27,,1024000000
2026-05-29 13:14:08.234,3,2.27,,1024000000
2026-05-29 13:14:08.229,2,1.75,,1024000000
2026-05-29 13:14:08.226,2,1.7,,1024000000
2026-05-29 13:14:08.184,3,2.01,,1024000000
2026-05-29 13:14:08.160,2,1.59,,1024000000
2026-05-29 13:14:08.158,3,2.13,,1024000000
2026-05-29 13:14:08.148,2,1.71,,1024000000
2026-05-29 13:14:08.147,2,1.89,,1024000000
2026-05-29 13:14:08.145,2,1.74,,1024000000
2026-05-29 13:14:08.119,2,1.72,,1024000000
2026-05-29 13:14:08.112,2,1.98,,1024000000
2026-05-29 13:14:08.112,9,8.48,,1024000000
2026-05-29 13:14:08.099,2,1.86,,1024000000
2026-05-29 13:14:08.098,2,1.66,,1024000000
2026-05-29 13:14:08.084,2,1.68,,1024000000
2026-05-29 13:14:08.073,2,1.54,,1024000000
2026-05-29 13:14:08.064,2,1.99,,1024000000
2026-05-29 13:14:08.060,3,2.09,,1024000000
2026-05-29 13:14:08.059,2,1.65,,1024000000
2026-05-29 13:14:08.053,2,1.88,,1024000000
2026-05-29 13:14:08.042,3,2.1,,1024000000
2026-05-29 13:14:08.033,2,1.95,,1024000000
2026-05-29 13:14:08.031,3,2.12,,1024000000
2026-05-29 13:14:08.009,2,1.7,,1024000000
2026-05-29 13:14:08.003,2,1.79,,1024000000
2026-05-29 13:14:07.995,3,2.16,,1024000000
2026-05-29 13:14:07.991,2,1.87,,1024000000
2026-05-29 13:14:07.983,2,1.93,,1024000000
2026-05-29 13:14:07.926,3,2.01,,1024000000
2026-05-29 13:14:07.914,2,1.82,,1024000000
2026-05-29 13:14:07.904,2,1.57,,1024000000
2026-05-29 13:14:07.901,2,1.9,,1024000000
2026-05-29 13:14:07.898,2,1.67,,1024000000
2026-05-29 13:14:07.861,2,1.58,,1024000000
2026-05-29 13:14:07.853,2,1.7,,1024000000
2026-05-29 13:14:07.836,2,1.97,,1024000000
2026-05-29 13:14:07.821,2,1.6,,1024000000
2026-05-29 13:14:07.808,2,1.82,,1024000000
2026-05-29 13:14:07.802,6,5.54,,1024000000
2026-05-29 13:14:07.800,2,1.69,,1024000000
2026-05-29 13:14:07.790,2,1.98,,1024000000
2026-05-29 13:14:07.789,2,1.81,,1024000000
2026-05-29 13:14:07.780,2,1.7,,1024000000
2026-05-29 13:14:07.774,41,40.34,,1024000000
2026-05-29 13:14:07.764,2,1.94,,1024000000
2026-05-29 13:14:07.745,7,6.14,,1024000000
2026-05-29 13:14:07.723,2,1.75,,1024000000
2026-05-29 13:14:07.723,10,9,,1024000000
2026-05-29 13:14:07.715,3,2,,1024000000
2026-05-29 13:14:07.705,2,1.77,,1024000000
2026-05-29 13:14:07.705,3,2.17,,1024000000
2026-05-29 13:14:07.704,2,1.88,,1024000000
2026-05-29 13:14:07.675,3,2.05,,1024000000
2026-05-29 13:14:07.642,2,1.74,,1024000000
2026-05-29 13:14:07.634,2,1.68,,1024000000
2026-05-29 13:14:07.631,2,1.81,,1024000000
2026-05-29 13:14:07.621,2,1.83,,1024000000
2026-05-29 13:14:07.612,2,1.97,,1024000000
2026-05-29 13:14:07.572,2,1.69,,1024000000
2026-05-29 13:14:07.561,2,1.87,,1024000000
2026-05-29 13:14:07.546,2,1.79,,1024000000
2026-05-29 13:14:07.542,2,1.73,,1024000000
2026-05-29 13:14:07.538,2,1.83,,1024000000
2026-05-29 13:14:07.530,3,2.62,,1024000000
2026-05-29 13:14:07.515,2,1.79,,1024000000
2026-05-29 13:14:07.508,2,1.84,,1024000000
2026-05-29 13:14:07.506,2,1.76,,1024000000
2026-05-29 13:14:07.503,2,1.79,,1024000000
2026-05-29 13:14:07.480,3,2.23,,1024000000
2026-05-29 13:14:07.477,2,1.7,,1024000000
2026-05-29 13:14:07.473,3,2.3,,1024000000
2026-05-29 13:14:07.466,2,1.63,,1024000000
2026-05-29 13:14:07.453,2,1.74,,1024000000
2026-05-29 13:14:07.434,2,1.65,,1024000000
2026-05-29 13:14:07.429,2,1.84,,1024000000
2026-05-29 13:14:07.420,2,1.73,,1024000000
2026-05-29 13:14:07.420,2,1.92,,1024000000
2026-05-29 13:14:07.414,5,4.27,,1024000000
2026-05-29 13:14:07.413,2,1.96,,1024000000
2026-05-29 13:14:07.408,3,2.25,,1024000000
2026-05-29 13:14:07.388,2,1.71,,1024000000
2026-05-29 13:14:07.371,3,2.32,,1024000000
2026-05-29 13:14:07.345,2,1.66,,1024000000
2026-05-29 13:14:07.322,2,1.61,,1024000000
2026-05-29 13:14:07.312,2,1.62,,1024000000
2026-05-29 13:14:07.300,2,1.66,,1024000000
2026-05-29 13:14:07.299,2,1.8,,1024000000
2026-05-29 13:14:07.282,2,1.94,,1024000000
2026-05-29 13:14:07.277,2,1.68,,1024000000
2026-05-29 13:14:07.269,2,1.84,,1024000000
2026-05-29 13:14:07.209,3,2.03,,1024000000
2026-05-29 13:14:07.206,2,1.92,,1024000000
2026-05-29 13:14:07.204,2,1.84,,1024000000
2026-05-29 13:14:07.187,2,1.88,,1024000000
2026-05-29 13:14:07.161,2,1.98,,1024000000
2026-05-29 13:14:07.159,2,1.8,,1024000000
2026-05-29 13:14:07.149,2,1.91,,1024000000
2026-05-29 13:14:07.130,2,1.88,,1024000000
2026-05-29 13:14:07.118,3,2.33,,1024000000
2026-05-29 13:14:07.107,2,1.81,,1024000000
2026-05-29 13:14:07.105,2,1.8,,1024000000
2026-05-29 13:14:07.094,2,1.93,,1024000000
2026-05-29 13:14:07.091,4,3.02,,1024000000
2026-05-29 13:14:07.089,2,1.75,,1024000000
2026-05-29 13:14:07.084,2,1.97,,1024000000
2026-05-29 13:14:07.080,2,1.88,,1024000000
2026-05-29 13:14:07.069,3,2.12,,1024000000
2026-05-29 13:14:07.059,2,1.65,,1024000000
2026-05-29 13:14:07.050,2,1.84,,1024000000
2026-05-29 13:14:07.043,2,1.79,,1024000000
2026-05-29 13:14:06.982,2,1.76,,1024000000
2026-05-29 13:14:06.935,2,1.78,,1024000000
2026-05-29 13:14:06.931,2,1.75,,1024000000
2026-05-29 13:14:06.922,2,1.98,,1024000000
2026-05-29 13:14:06.905,2,1.78,,1024000000
2026-05-29 13:14:06.903,9,8.18,,1024000000
2026-05-29 13:14:06.878,2,1.86,,1024000000
2026-05-29 13:14:06.870,2,1.86,,1024000000
2026-05-29 13:14:06.868,2,1.85,,1024000000
2026-05-29 13:14:06.866,2,1.67,,1024000000
2026-05-29 13:14:06.863,2,1.82,,1024000000
2026-05-29 13:14:06.863,2,1.61,,1024000000
2026-05-29 13:14:06.859,2,1.63,,1024000000
2026-05-29 13:14:06.858,2,1.96,,1024000000
2026-05-29 13:14:06.804,5,4.85,,1024000000
2026-05-29 13:14:06.776,2,1.73,,1024000000
2026-05-29 13:14:06.761,2,1.96,,1024000000
2026-05-29 13:14:06.760,2,1.94,,1024000000
2026-05-29 13:14:06.746,2,1.72,,1024000000
2026-05-29 13:14:06.730,2,1.63,,1024000000
2026-05-29 13:14:06.727,2,1.69,,1024000000
2026-05-29 13:14:06.719,2,1.7,,1024000000
2026-05-29 13:14:06.711,2,1.72,,1024000000
2026-05-29 13:14:06.710,2,1.52,,1024000000
2026-05-29 13:14:06.704,2,1.77,,1024000000
2026-05-29 13:14:06.703,2,1.9,,1024000000
2026-05-29 13:14:06.697,2,1.98,,1024000000
2026-05-29 13:14:06.671,2,1.61,,1024000000
2026-05-29 13:14:06.667,2,1.89,,1024000000
2026-05-29 13:14:06.652,2,1.74,,1024000000
2026-05-29 13:14:06.646,2,1.93,,1024000000
2026-05-29 13:14:06.641,2,1.65,,1024000000
2026-05-29 13:14:06.633,2,1.89,,1024000000
2026-05-29 13:14:06.631,3,2.07,,1024000000
2026-05-29 13:14:06.625,18,17.43,,1024000000
2026-05-29 13:14:06.608,3,2.03,,1024000000
2026-05-29 13:14:06.593,3,2.19,,1024000000
2026-05-29 13:14:06.571,3,2.12,,1024000000
2026-05-29 13:14:06.564,2,1.71,,1024000000
2026-05-29 13:14:06.541,2,1.84,,1024000000
2026-05-29 13:14:06.536,3,2.14,,1024000000
2026-05-29 13:14:06.514,3,2.24,,1024000000
2026-05-29 13:14:06.514,8,7.4,,1024000000
2026-05-29 13:14:06.488,2,1.7,,1024000000
2026-05-29 13:14:06.483,2,1.75,,1024000000
2026-05-29 13:14:06.481,3,2.53,,1024000000
2026-05-29 13:14:06.459,3,2.43,,1024000000
2026-05-29 13:14:06.456,2,1.97,,1024000000
2026-05-29 13:14:06.431,2,1.68,,1024000000
2026-05-29 13:14:06.427,3,2.44,,1024000000
2026-05-29 13:14:06.422,2,1.78,,1024000000
2026-05-29 13:14:06.415,3,2.01,,1024000000
2026-05-29 13:14:06.406,3,2.1,,1024000000
2026-05-29 13:14:06.400,2,1.75,,1024000000
2026-05-29 13:14:06.388,2,1.92,,1024000000
2026-05-29 13:14:06.381,7,6.24,,1024000000
2026-05-29 13:14:06.349,3,2.16,,1024000000
2026-05-29 13:14:06.325,2,1.68,,1024000000
2026-05-29 13:14:06.304,6,5.33,,1024000000
2026-05-29 13:14:06.302,2,1.78,,1024000000
2026-05-29 13:14:06.281,2,1.67,,1024000000
2026-05-29 13:14:06.281,4,3.57,,1024000000
2026-05-29 13:14:06.280,2,1.71,,1024000000
2026-05-29 13:14:06.267,2,1.9,,1024000000
2026-05-29 13:14:06.266,3,2.13,,1024000000
2026-05-29 13:14:06.262,2,1.77,,1024000000
2026-05-29 13:14:06.261,2,1.91,,1024000000
2026-05-29 13:14:06.259,3,2.51,,1024000000
2026-05-29 13:14:06.257,2,1.55,,1024000000
2026-05-29 13:14:06.246,2,1.83,,1024000000
2026-05-29 13:14:06.235,3,2.11,,1024000000
2026-05-29 13:14:06.228,3,2.2,,1024000000
2026-05-29 13:14:06.227,3,2.78,,1024000000
2026-05-29 13:14:06.209,2,1.78,,1024000000
2026-05-29 13:14:06.194,2,1.77,,1024000000
2026-05-29 13:14:06.179,2,1.7,,1024000000
2026-05-29 13:14:06.150,2,1.55,,1024000000
2026-05-29 13:14:06.144,2,1.8,,1024000000
2026-05-29 13:14:06.136,2,1.73,,1024000000
2026-05-29 13:14:06.135,2,1.85,,1024000000
2026-05-29 13:14:06.105,2,1.7,,1024000000
2026-05-29 13:14:06.095,2,1.77,,1024000000
2026-05-29 13:14:06.081,2,1.63,,1024000000
2026-05-29 13:14:06.066,2,1.67,,1024000000
2026-05-29 13:14:06.061,2,1.99,,1024000000
2026-05-29 13:14:06.037,2,1.73,,1024000000
2026-05-29 13:14:06.031,2,1.82,,1024000000
2026-05-29 13:14:06.021,2,1.82,,1024000000
2026-05-29 13:14:06.020,2,1.65,,1024000000
2026-05-29 13:14:05.999,2,1.75,,1024000000
2026-05-29 13:14:05.996,2,1.82,,1024000000
2026-05-29 13:14:05.989,3,2.07,,1024000000
2026-05-29 13:14:05.975,2,1.8,,1024000000
2026-05-29 13:14:05.962,2,1.82,,1024000000
2026-05-29 13:14:05.954,2,1.72,,1024000000
2026-05-29 13:14:05.934,2,1.66,,1024000000
2026-05-29 13:14:05.925,2,1.78,,1024000000
2026-05-29 13:14:05.922,3,2.09,,1024000000
2026-05-29 13:14:05.913,3,2.06,,1024000000
2026-05-29 13:14:05.905,2,1.69,,1024000000
2026-05-29 13:14:05.901,2,1.95,,1024000000
2026-05-29 13:14:05.898,2,1.79,,1024000000
2026-05-29 13:14:05.847,2,1.69,,1024000000
2026-05-29 13:14:05.846,2,1.72,,1024000000
2026-05-29 13:14:05.837,2,1.7,,1024000000
2026-05-29 13:14:05.812,4,3.11,,1024000000
2026-05-29 13:14:05.811,2,1.64,,1024000000
2026-05-29 13:14:05.798,2,1.73,,1024000000
2026-05-29 13:14:05.796,3,2.02,,1024000000
2026-05-29 13:14:05.781,2,1.97,,1024000000
2026-05-29 13:14:05.779,2,1.65,,1024000000
2026-05-29 13:14:05.778,2,1.49,,1024000000
2026-05-29 13:14:05.772,2,1.75,,1024000000
2026-05-29 13:14:05.770,2,1.72,,1024000000
2026-05-29 13:14:05.756,2,1.71,,1024000000
2026-05-29 13:14:05.746,2,1.76,,1024000000
2026-05-29 13:14:05.726,2,1.88,,1024000000
2026-05-29 13:14:05.720,2,1.91,,1024000000
2026-05-29 13:14:05.706,3,2.1,,1024000000
2026-05-29 13:14:05.704,2,1.95,,1024000000
2026-05-29 13:14:05.696,2,1.84,,1024000000
2026-05-29 13:14:05.681,2,1.74,,1024000000
2026-05-29 13:14:05.681,2,1.72,,1024000000
2026-05-29 13:14:05.680,8,7.08,,1024000000
2026-05-29 13:14:05.678,2,1.76,,1024000000
2026-05-29 13:14:05.648,3,2.1,,1024000000
2026-05-29 13:14:05.619,2,1.85,,1024000000
2026-05-29 13:14:05.613,2,1.77,,1024000000
2026-05-29 13:14:05.604,3,2.03,,1024000000
2026-05-29 13:14:05.600,2,1.92,,1024000000
2026-05-29 13:14:05.583,2,1.78,,1024000000
2026-05-29 13:14:05.583,6,5.22,,1024000000
2026-05-29 13:14:05.564,3,2.07,,1024000000
2026-05-29 13:14:05.558,2,1.53,,1024000000
2026-05-29 13:14:05.558,2,1.75,,1024000000
2026-05-29 13:14:05.547,3,2.06,,1024000000
2026-05-29 13:14:05.546,6,5.62,,1024000000
2026-05-29 13:14:05.545,2,1.63,,1024000000
2026-05-29 13:14:05.523,2,1.75,,1024000000
2026-05-29 13:14:05.522,2,1.84,,1024000000
2026-05-29 13:14:05.513,2,1.54,,1024000000
2026-05-29 13:14:05.489,2,1.65,,1024000000
2026-05-29 13:14:05.458,2,1.86,,1024000000
2026-05-29 13:14:05.431,2,1.84,,1024000000
2026-05-29 13:14:05.406,2,1.97,,1024000000
2026-05-29 13:14:05.398,11,10.88,,1024000000
2026-05-29 13:14:05.397,2,1.48,,1024000000
2026-05-29 13:14:05.389,2,1.64,,1024000000
2026-05-29 13:14:05.385,2,1.98,,1024000000
2026-05-29 13:14:05.354,2,1.76,,1024000000
2026-05-29 13:14:05.351,5,4.64,,1024000000
2026-05-29 13:14:05.346,3,2.09,,1024000000
2026-05-29 13:14:05.336,2,1.63,,1024000000
2026-05-29 13:14:05.322,2,1.64,,1024000000
2026-05-29 13:14:05.289,2,1.97,,1024000000
2026-05-29 13:14:05.278,2,1.51,,1024000000
2026-05-29 13:14:05.269,2,1.69,,1024000000
2026-05-29 13:14:05.268,2,1.69,,1024000000
2026-05-29 13:14:05.237,3,2.14,,1024000000
2026-05-29 13:14:05.234,3,2.33,,1024000000
2026-05-29 13:14:05.231,2,1.76,,1024000000
2026-05-29 13:14:05.229,2,1.74,,1024000000
2026-05-29 13:14:05.216,2,1.95,,1024000000
2026-05-29 13:14:05.211,13,12.44,,1024000000
2026-05-29 13:14:05.210,2,1.76,,1024000000
2026-05-29 13:14:05.198,2,1.81,,1024000000
2026-05-29 13:14:05.198,2,1.76,,1024000000
2026-05-29 13:14:05.130,2,1.99,,1024000000
2026-05-29 13:14:05.129,2,1.85,,1024000000
2026-05-29 13:14:05.122,2,1.75,,1024000000
2026-05-29 13:14:05.121,5,4.59,,1024000000
2026-05-29 13:14:05.108,2,1.65,,1024000000
2026-05-29 13:14:05.100,3,2.21,,1024000000
2026-05-29 13:14:05.099,3,2.17,,1024000000
2026-05-29 13:14:05.080,2,1.82,,1024000000
2026-05-29 13:14:05.065,7,6.72,,1024000000
2026-05-29 13:14:05.062,2,1.77,,1024000000
2026-05-29 13:14:05.051,3,2.48,,1024000000
2026-05-29 13:14:05.039,3,2.48,,1024000000
2026-05-29 13:14:05.028,2,1.76,,1024000000
2026-05-29 13:14:05.009,3,2.34,,1024000000
2026-05-29 13:14:04.973,2,1.69,,1024000000
2026-05-29 13:14:04.973,2,1.99,,1024000000
2026-05-29 13:14:04.949,2,1.74,,1024000000
2026-05-29 13:14:04.939,2,1.77,,1024000000
2026-05-29 13:14:04.919,2,1.69,,1024000000
2026-05-29 13:14:04.913,2,1.82,,1024000000
2026-05-29 13:14:04.899,2,1.77,,1024000000
2026-05-29 13:14:04.891,2,1.73,,1024000000
2026-05-29 13:14:04.842,2,1.8,,1024000000
2026-05-29 13:14:04.820,3,2,,1024000000
2026-05-29 13:14:04.817,2,1.81,,1024000000
2026-05-29 13:14:04.816,2,1.71,,1024000000
2026-05-29 13:14:04.808,3,2.02,,1024000000
2026-05-29 13:14:04.788,2,1.76,,1024000000
2026-05-29 13:14:04.788,2,1.72,,1024000000
2026-05-29 13:14:04.770,2,1.93,,1024000000
2026-05-29 13:14:04.762,2,1.75,,1024000000
2026-05-29 13:14:04.761,2,1.93,,1024000000
2026-05-29 13:14:04.737,2,1.9,,1024000000
2026-05-29 13:14:04.729,2,1.82,,1024000000
2026-05-29 13:14:04.717,2,1.66,,1024000000
2026-05-29 13:14:04.709,2,1.74,,1024000000
2026-05-29 13:14:04.699,10,9.64,,1024000000
2026-05-29 13:14:04.699,5,4.12,,1024000000
2026-05-29 13:14:04.687,2,1.86,,1024000000
2026-05-29 13:14:04.687,5,4.3,,1024000000
2026-05-29 13:14:04.670,3,2.78,,1024000000
2026-05-29 13:14:04.667,2,1.81,,1024000000
2026-05-29 13:14:04.663,2,1.8,,1024000000
2026-05-29 13:14:04.643,2,1.84,,1024000000
2026-05-29 13:14:04.642,2,1.71,,1024000000
2026-05-29 13:14:04.641,2,1.89,,1024000000
2026-05-29 13:14:04.619,2,1.63,,1024000000
2026-05-29 13:14:04.617,2,1.61,,1024000000
2026-05-29 13:14:04.609,2,1.6,,1024000000
2026-05-29 13:14:04.600,2,1.89,,1024000000
2026-05-29 13:14:04.593,2,1.83,,1024000000
2026-05-29 13:14:04.589,2,1.96,,1024000000
2026-05-29 13:14:04.589,2,2,,1024000000
2026-05-29 13:14:04.543,2,1.84,,1024000000
2026-05-29 13:14:04.543,2,1.82,,1024000000
2026-05-29 13:14:04.541,2,1.99,,1024000000
2026-05-29 13:14:04.525,2,1.75,,1024000000
2026-05-29 13:14:04.484,2,1.89,,1024000000
2026-05-29 13:14:04.480,2,1.91,,1024000000
2026-05-29 13:14:04.475,3,2.04,,1024000000
2026-05-29 13:14:04.474,2,1.83,,1024000000
2026-05-29 13:14:04.462,3,2.05,,1024000000
2026-05-29 13:14:04.459,2,1.67,,1024000000
2026-05-29 13:14:04.453,3,2.01,,1024000000
2026-05-29 13:14:04.414,2,1.69,,1024000000
2026-05-29 13:14:04.407,2,1.89,,1024000000
2026-05-29 13:14:04.391,2,1.82,,1024000000
2026-05-29 13:14:04.378,2,1.86,,1024000000
2026-05-29 13:14:04.355,3,2.01,,1024000000
2026-05-29 13:14:04.343,2,1.86,,1024000000
2026-05-29 13:14:04.328,2,1.87,,1024000000
2026-05-29 13:14:04.327,2,1.71,,1024000000
2026-05-29 13:14:04.314,2,1.69,,1024000000
2026-05-29 13:14:04.307,2,1.69,,1024000000
2026-05-29 13:14:04.301,3,2.17,,1024000000
2026-05-29 13:14:04.286,3,2.35,,1024000000
2026-05-29 13:14:04.284,3,2.02,,1024000000
2026-05-29 13:14:04.279,2,1.76,,1024000000
2026-05-29 13:14:04.266,2,1.69,,1024000000
2026-05-29 13:14:04.264,2,1.91,,1024000000
2026-05-29 13:14:04.243,3,2.11,,1024000000
2026-05-29 13:14:04.242,2,1.93,,1024000000
2026-05-29 13:14:04.229,2,1.75,,1024000000
2026-05-29 13:14:04.211,2,1.8,,1024000000
2026-05-29 13:14:04.186,7,6.31,,1024000000
2026-05-29 13:14:04.162,2,1.77,,1024000000
2026-05-29 13:14:04.154,2,1.81,,1024000000
2026-05-29 13:14:04.153,3,2.46,,1024000000
2026-05-29 13:14:04.151,2,1.85,,1024000000
2026-05-29 13:14:04.150,12,11.18,,1024000000
2026-05-29 13:14:04.147,2,1.87,,1024000000
2026-05-29 13:14:04.142,2,1.68,,1024000000
2026-05-29 13:14:04.142,2,1.8,,1024000000
2026-05-29 13:14:04.140,2,1.81,,1024000000
2026-05-29 13:14:04.115,2,1.64,,1024000000
2026-05-29 13:14:04.112,2,1.84,,1024000000
2026-05-29 13:14:04.096,2,1.75,,1024000000
2026-05-29 13:14:04.095,3,2.01,,1024000000
2026-05-29 13:14:04.095,2,1.73,,1024000000
2026-05-29 13:14:04.078,3,2.07,,1024000000
2026-05-29 13:14:04.076,3,2.01,,1024000000
2026-05-29 13:14:04.072,2,1.78,,1024000000
2026-05-29 13:14:04.047,9,8.66,,1024000000
2026-05-29 13:14:04.041,2,1.78,,1024000000
2026-05-29 13:14:04.039,2,1.76,,1024000000
2026-05-29 13:14:04.028,2,1.84,,1024000000
2026-05-29 13:14:03.992,3,2.48,,1024000000
2026-05-29 13:14:03.986,2,1.9,,1024000000
2026-05-29 13:14:03.968,2,1.95,,1024000000
2026-05-29 13:14:03.962,2,1.79,,1024000000
2026-05-29 13:14:03.931,3,2.04,,1024000000
2026-05-29 13:14:03.914,2,1.72,,1024000000
2026-05-29 13:14:03.897,10,9.74,,1024000000
2026-05-29 13:14:03.884,2,1.84,,1024000000
2026-05-29 13:14:03.884,2,1.73,,1024000000
2026-05-29 13:14:03.881,3,2.01,,1024000000
2026-05-29 13:14:03.864,2,1.9,,1024000000
2026-05-29 13:14:03.860,2,1.84,,1024000000
2026-05-29 13:14:03.858,2,1.76,,1024000000
2026-05-29 13:14:03.831,5,4.97,,1024000000
2026-05-29 13:14:03.830,2,1.83,,1024000000
2026-05-29 13:14:03.826,2,1.97,,1024000000
2026-05-29 13:14:03.825,2,1.88,,1024000000
2026-05-29 13:14:03.798,2,1.82,,1024000000
2026-05-29 13:14:03.761,2,1.58,,1024000000
2026-05-29 13:14:03.759,2,1.97,,1024000000
2026-05-29 13:14:03.755,2,1.74,,1024000000
2026-05-29 13:14:03.751,2,1.57,,1024000000
2026-05-29 13:14:03.744,2,1.75,,1024000000
2026-05-29 13:14:03.708,5,4.36,,1024000000
2026-05-29 13:14:03.706,2,1.81,,1024000000
2026-05-29 13:14:03.702,4,3.84,,1024000000
2026-05-29 13:14:03.700,2,1.74,,1024000000
2026-05-29 13:14:03.691,2,1.81,,1024000000
2026-05-29 13:14:03.672,2,1.98,,1024000000
2026-05-29 13:14:03.671,2,1.76,,1024000000
2026-05-29 13:14:03.658,3,2.12,,1024000000
2026-05-29 13:14:03.650,2,1.62,,1024000000
2026-05-29 13:14:03.641,2,1.76,,1024000000
2026-05-29 13:14:03.636,2,1.73,,1024000000
2026-05-29 13:14:03.629,2,1.77,,1024000000
2026-05-29 13:14:03.618,2,1.76,,1024000000
2026-05-29 13:14:03.614,2,1.73,,1024000000
2026-05-29 13:14:03.585,21,20.82,,1024000000
2026-05-29 13:14:03.570,2,1.71,,1024000000
2026-05-29 13:14:03.567,2,1.82,,1024000000
2026-05-29 13:14:03.555,3,2.1,,1024000000
2026-05-29 13:14:03.549,3,2.01,,1024000000
2026-05-29 13:14:03.548,2,1.68,,1024000000
2026-05-29 13:14:03.522,2,1.76,,1024000000
2026-05-29 13:14:03.502,2,1.7,,1024000000
2026-05-29 13:14:03.495,2,1.91,,1024000000
2026-05-29 13:14:03.493,2,1.93,,1024000000
2026-05-29 13:14:03.467,2,1.66,,1024000000
2026-05-29 13:14:03.459,2,1.73,,1024000000
2026-05-29 13:14:03.448,2,1.75,,1024000000
2026-05-29 13:14:03.435,2,1.88,,1024000000
2026-05-29 13:14:03.429,3,2.07,,1024000000
2026-05-29 13:14:03.408,3,2.08,,1024000000
2026-05-29 13:14:03.393,2,1.62,,1024000000
2026-05-29 13:14:03.385,2,1.78,,1024000000
2026-05-29 13:14:03.385,11,10.96,,1024000000
2026-05-29 13:14:03.375,3,2.15,,1024000000
2026-05-29 13:14:03.371,2,1.81,,1024000000
2026-05-29 13:14:03.370,2,1.74,,1024000000
2026-05-29 13:14:03.365,2,1.89,,1024000000
2026-05-29 13:14:03.333,2,1.9,,1024000000
2026-05-29 13:14:03.301,3,2.13,,1024000000
2026-05-29 13:14:03.297,3,2.23,,1024000000
2026-05-29 13:14:03.281,3,2.16,,1024000000
2026-05-29 13:14:03.272,2,1.8,,1024000000
2026-05-29 13:14:03.270,2,1.64,,1024000000
2026-05-29 13:14:03.265,2,1.81,,1024000000
2026-05-29 13:14:03.258,3,2.07,,1024000000
2026-05-29 13:14:03.255,2,1.84,,1024000000
2026-05-29 13:14:03.251,2,1.73,,1024000000
2026-05-29 13:14:03.248,2,1.6,,1024000000
2026-05-29 13:14:03.231,2,1.74,,1024000000
2026-05-29 13:14:03.190,2,1.86,,1024000000
2026-05-29 13:14:03.188,2,1.86,,1024000000
2026-05-29 13:14:03.188,8,7.54,,1024000000
2026-05-29 13:14:03.164,2,1.95,,1024000000
2026-05-29 13:14:03.142,2,1.7,,1024000000
2026-05-29 13:14:03.138,2,1.85,,1024000000
2026-05-29 13:14:03.130,2,1.89,,1024000000
2026-05-29 13:14:03.124,2,1.83,,1024000000
2026-05-29 13:14:03.117,2,1.89,,1024000000
2026-05-29 13:14:03.117,2,1.78,,1024000000
2026-05-29 13:14:03.112,3,2.04,,1024000000
2026-05-29 13:14:03.089,2,1.88,,1024000000
2026-05-29 13:14:03.084,3,2.21,,1024000000
2026-05-29 13:14:03.079,2,1.95,,1024000000
2026-05-29 13:14:03.079,2,1.87,,1024000000
2026-05-29 13:14:03.077,2,1.87,,1024000000
2026-05-29 13:14:02.990,2,1.87,,1024000000
2026-05-29 13:14:02.986,2,1.81,,1024000000
2026-05-29 13:14:02.982,2,1.7,,1024000000
2026-05-29 13:14:02.965,2,1.66,,1024000000
2026-05-29 13:14:02.954,2,1.73,,1024000000
2026-05-29 13:14:02.949,2,2,,1024000000
2026-05-29 13:14:02.948,7,6.83,,1024000000
2026-05-29 13:14:02.932,8,7.26,,1024000000
2026-05-29 13:14:02.927,2,1.77,,1024000000
2026-05-29 13:14:02.918,2,1.76,,1024000000
2026-05-29 13:14:02.912,26,25.77,,1024000000
2026-05-29 13:14:02.884,2,1.99,,1024000000
2026-05-29 13:14:02.858,2,1.74,,1024000000
2026-05-29 13:14:02.856,2,1.88,,1024000000
2026-05-29 13:14:02.817,6,5.2,,1024000000
2026-05-29 13:14:02.785,2,1.92,,1024000000
2026-05-29 13:14:02.781,3,2.23,,1024000000
2026-05-29 13:14:02.777,2,1.88,,1024000000
2026-05-29 13:14:02.775,10,9.98,,1024000000
2026-05-29 13:14:02.764,2,1.75,,1024000000
2026-05-29 13:14:02.745,8,7.52,,1024000000
2026-05-29 13:14:02.738,2,1.82,,1024000000
2026-05-29 13:14:02.725,2,1.77,,1024000000
2026-05-29 13:14:02.711,2,1.73,,1024000000
2026-05-29 13:14:02.707,2,1.84,,1024000000
2026-05-29 13:14:02.702,2,1.68,,1024000000
2026-05-29 13:14:02.687,2,1.76,,1024000000
2026-05-29 13:14:02.661,2,1.7,,1024000000
2026-05-29 13:14:02.645,2,1.7,,1024000000
2026-05-29 13:14:02.625,2,1.99,,1024000000
2026-05-29 13:14:02.617,2,1.97,,1024000000
2026-05-29 13:14:02.615,2,1.94,,1024000000
2026-05-29 13:14:02.602,2,1.76,,1024000000
2026-05-29 13:14:02.598,2,1.91,,1024000000
2026-05-29 13:14:02.584,3,2.5,,1024000000
2026-05-29 13:14:02.579,2,1.96,,1024000000
2026-05-29 13:14:02.567,2,1.87,,1024000000
2026-05-29 13:14:02.558,2,1.96,,1024000000
2026-05-29 13:14:02.557,2,1.95,,1024000000
2026-05-29 13:14:02.546,2,1.91,,1024000000
2026-05-29 13:14:02.540,2,1.93,,1024000000
2026-05-29 13:14:02.526,2,1.75,,1024000000
2026-05-29 13:14:02.496,2,1.74,,1024000000
2026-05-29 13:14:02.476,2,1.75,,1024000000
2026-05-29 13:14:02.473,2,1.81,,1024000000
2026-05-29 13:14:02.456,3,2.06,,1024000000
2026-05-29 13:14:02.449,2,1.8,,1024000000
2026-05-29 13:14:02.448,2,1.74,,1024000000
2026-05-29 13:14:02.446,2,1.71,,1024000000
2026-05-29 13:14:02.439,2,1.87,,1024000000
2026-05-29 13:14:02.435,2,1.81,,1024000000
2026-05-29 13:14:02.433,2,1.83,,1024000000
2026-05-29 13:14:02.415,3,2.02,,1024000000
2026-05-29 13:14:02.404,2,1.8,,1024000000
2026-05-29 13:14:02.398,3,2.08,,1024000000
2026-05-29 13:14:02.396,2,1.76,,1024000000
2026-05-29 13:14:02.393,2,1.7,,1024000000
2026-05-29 13:14:02.388,2,1.88,,1024000000
2026-05-29 13:14:02.383,2,1.79,,1024000000
2026-05-29 13:14:02.339,2,1.98,,1024000000
2026-05-29 13:14:02.329,3,2.26,,1024000000
2026-05-29 13:14:02.317,3,2.04,,1024000000
2026-05-29 13:14:02.314,2,1.74,,1024000000
2026-05-29 13:14:02.305,2,1.86,,1024000000
2026-05-29 13:14:02.288,2,1.76,,1024000000
2026-05-29 13:14:02.277,2,1.83,,1024000000
2026-05-29 13:14:02.277,2,1.74,,1024000000
2026-05-29 13:14:02.273,2,1.91,,1024000000
2026-05-29 13:14:02.273,2,1.73,,1024000000
2026-05-29 13:14:02.270,2,1.63,,1024000000
2026-05-29 13:14:02.261,2,1.69,,1024000000
2026-05-29 13:14:02.252,2,1.82,,1024000000
2026-05-29 13:14:02.229,2,1.92,,1024000000
2026-05-29 13:14:02.221,2,1.74,,1024000000
2026-05-29 13:14:02.221,2,1.83,,1024000000
2026-05-29 13:14:02.219,2,1.88,,1024000000
2026-05-29 13:14:02.219,2,1.71,,1024000000
2026-05-29 13:14:02.194,3,2,,1024000000
2026-05-29 13:14:02.171,2,1.76,,1024000000
2026-05-29 13:14:02.153,2,1.95,,1024000000
2026-05-29 13:14:02.140,3,2.38,,1024000000
2026-05-29 13:14:02.135,2,1.79,,1024000000
2026-05-29 13:14:02.124,2,1.96,,1024000000
2026-05-29 13:14:02.123,2,1.97,,1024000000
2026-05-29 13:14:02.111,16,15.82,,1024000000
2026-05-29 13:14:02.109,2,1.91,,1024000000
2026-05-29 13:14:02.099,2,1.77,,1024000000
2026-05-29 13:14:02.085,2,1.76,,1024000000
2026-05-29 13:14:02.068,2,1.83,,1024000000
2026-05-29 13:14:02.065,2,1.82,,1024000000
2026-05-29 13:14:02.055,2,1.85,,1024000000
2026-05-29 13:14:02.034,3,2.01,,1024000000
2026-05-29 13:14:02.024,2,1.84,,1024000000
2026-05-29 13:14:02.006,2,1.65,,1024000000
2026-05-29 13:14:01.997,2,1.74,,1024000000
2026-05-29 13:14:01.996,2,1.69,,1024000000
2026-05-29 13:14:01.976,2,1.91,,1024000000
2026-05-29 13:14:01.974,2,1.88,,1024000000
2026-05-29 13:14:01.958,2,1.69,,1024000000
2026-05-29 13:14:01.955,3,2.05,,1024000000
2026-05-29 13:14:01.951,2,1.73,,1024000000
2026-05-29 13:14:01.950,2,1.67,,1024000000
2026-05-29 13:14:01.949,2,1.77,,1024000000
2026-05-29 13:14:01.933,2,1.95,,1024000000
2026-05-29 13:14:01.910,2,1.75,,1024000000
2026-05-29 13:14:01.902,3,2,,1024000000
2026-05-29 13:14:01.900,2,1.8,,1024000000
2026-05-29 13:14:01.876,2,1.86,,1024000000
2026-05-29 13:14:01.864,2,1.74,,1024000000
2026-05-29 13:14:01.839,5,4.49,,1024000000
2026-05-29 13:14:01.828,3,2.43,,1024000000
2026-05-29 13:14:01.827,4,3.52,,1024000000
2026-05-29 13:14:01.825,2,1.84,,1024000000
2026-05-29 13:14:01.822,3,2.04,,1024000000
2026-05-29 13:14:01.821,2,1.75,,1024000000
2026-05-29 13:14:01.812,2,1.83,,1024000000
2026-05-29 13:14:01.808,2,1.68,,1024000000
2026-05-29 13:14:01.801,2,1.84,,1024000000
2026-05-29 13:14:01.774,2,1.8,,1024000000
2026-05-29 13:14:01.774,2,1.59,,1024000000
2026-05-29 13:14:01.759,3,2.18,,1024000000
2026-05-29 13:14:01.740,2,1.72,,1024000000
2026-05-29 13:14:01.693,2,1.8,,1024000000
2026-05-29 13:14:01.691,2,1.62,,1024000000
2026-05-29 13:14:01.690,2,1.77,,1024000000
2026-05-29 13:14:01.683,2,1.64,,1024000000
2026-05-29 13:14:01.650,2,1.8,,1024000000
2026-05-29 13:14:01.632,3,2.08,,1024000000
2026-05-29 13:14:01.629,2,1.77,,1024000000
2026-05-29 13:14:01.620,3,2.41,,1024000000
2026-05-29 13:14:01.584,4,3.12,,1024000000
2026-05-29 13:14:01.577,3,2.46,,1024000000
2026-05-29 13:14:01.546,2,1.85,,1024000000
2026-05-29 13:14:01.540,2,1.83,,1024000000
2026-05-29 13:14:01.524,3,2.59,,1024000000
2026-05-29 13:14:01.512,2,1.81,,1024000000
2026-05-29 13:14:01.506,2,1.7,,1024000000
2026-05-29 13:14:01.487,2,1.83,,1024000000
2026-05-29 13:14:01.461,2,1.97,,1024000000
2026-05-29 13:14:01.457,3,2.15,,1024000000
2026-05-29 13:14:01.453,2,1.96,,1024000000
2026-05-29 13:14:01.436,4,3.27,,1024000000
2026-05-29 13:14:01.428,2,1.93,,1024000000
2026-05-29 13:14:01.423,2,1.92,,1024000000
2026-05-29 13:14:01.419,3,2.01,,1024000000
2026-05-29 13:14:01.418,2,1.83,,1024000000
2026-05-29 13:14:01.399,2,1.72,,1024000000
2026-05-29 13:14:01.379,5,4.13,,1024000000
2026-05-29 13:14:01.376,2,1.98,,1024000000
2026-05-29 13:14:01.372,2,1.75,,1024000000
2026-05-29 13:14:01.363,2,1.78,,1024000000
2026-05-29 13:14:01.363,2,1.81,,1024000000
2026-05-29 13:14:01.343,7,6.15,,1024000000
2026-05-29 13:14:01.333,2,1.67,,1024000000
2026-05-29 13:14:01.307,5,4.94,,1024000000
2026-05-29 13:14:01.291,2,1.73,,1024000000
2026-05-29 13:14:01.284,3,2.52,,1024000000
2026-05-29 13:14:01.279,3,2.09,,1024000000
2026-05-29 13:14:01.278,2,1.72,,1024000000
2026-05-29 13:14:01.278,2,1.87,,1024000000
2026-05-29 13:14:01.276,3,2.11,,1024000000
2026-05-29 13:14:01.276,2,1.94,,1024000000
2026-05-29 13:14:01.273,2,1.95,,1024000000
2026-05-29 13:14:01.251,2,1.75,,1024000000
2026-05-29 13:14:01.242,3,2.05,,1024000000
2026-05-29 13:14:01.239,7,6.29,,1024000000
2026-05-29 13:14:01.237,2,1.71,,1024000000
2026-05-29 13:14:01.233,13,12.29,,1024000000
2026-05-29 13:14:01.233,2,1.98,,1024000000
2026-05-29 13:14:01.224,2,1.91,,1024000000
2026-05-29 13:14:01.201,2,1.82,,1024000000
2026-05-29 13:14:01.197,2,1.96,,1024000000
2026-05-29 13:14:01.154,2,1.76,,1024000000
2026-05-29 13:14:01.138,2,1.91,,1024000000
2026-05-29 13:14:01.131,3,2.12,,1024000000
2026-05-29 13:14:01.110,21,20.41,,1024000000
2026-05-29 13:14:01.110,3,2.03,,1024000000
2026-05-29 13:14:01.105,2,1.74,,1024000000
2026-05-29 13:14:01.103,2,1.89,,1024000000
2026-05-29 13:14:01.103,2,1.78,,1024000000
2026-05-29 13:14:01.100,3,2.18,,1024000000
2026-05-29 13:14:01.099,3,2.05,,1024000000
2026-05-29 13:14:01.076,2,1.8,,1024000000
2026-05-29 13:14:01.060,2,1.85,,1024000000
2026-05-29 13:14:01.041,3,2.01,,1024000000
2026-05-29 13:14:01.039,3,2.48,,1024000000
2026-05-29 13:14:01.023,2,1.72,,1024000000
2026-05-29 13:14:01.015,6,5.04,,1024000000
2026-05-29 13:14:01.001,2,2,,1024000000
2026-05-29 13:14:00.972,3,2.14,,1024000000
2026-05-29 13:14:00.962,2,1.81,,1024000000
2026-05-29 13:14:00.953,2,1.99,,1024000000
2026-05-29 13:14:00.925,2,1.88,,1024000000
2026-05-29 13:14:00.908,2,1.97,,1024000000
2026-05-29 13:14:00.867,2,1.86,,1024000000
2026-05-29 13:14:00.835,8,7.33,,1024000000
2026-05-29 13:14:00.829,2,1.72,,1024000000
2026-05-29 13:14:00.827,2,1.74,,1024000000
2026-05-29 13:14:00.788,3,2.06,,1024000000
2026-05-29 13:14:00.784,2,1.94,,1024000000
2026-05-29 13:14:00.781,2,1.79,,1024000000
2026-05-29 13:14:00.773,2,1.62,,1024000000
2026-05-29 13:14:00.767,2,1.93,,1024000000
2026-05-29 13:14:00.740,2,1.97,,1024000000
2026-05-29 13:14:00.733,2,1.73,,1024000000
2026-05-29 13:14:00.725,2,1.78,,1024000000
2026-05-29 13:14:00.721,2,1.8,,1024000000
2026-05-29 13:14:00.715,3,2.07,,1024000000
2026-05-29 13:14:00.715,2,1.98,,1024000000
2026-05-29 13:14:00.714,2,1.98,,1024000000
2026-05-29 13:14:00.710,2,1.75,,1024000000
2026-05-29 13:14:00.692,2,1.98,,1024000000
2026-05-29 13:14:00.692,2,1.93,,1024000000
2026-05-29 13:14:00.688,2,1.69,,1024000000
2026-05-29 13:14:00.651,3,2.1,,1024000000
2026-05-29 13:14:00.650,2,1.77,,1024000000
2026-05-29 13:14:00.649,2,1.86,,1024000000
2026-05-29 13:14:00.640,2,1.99,,1024000000
2026-05-29 13:14:00.633,2,1.79,,1024000000
2026-05-29 13:14:00.611,2,1.85,,1024000000
2026-05-29 13:14:00.591,2,1.92,,1024000000
2026-05-29 13:14:00.587,2,1.82,,1024000000
2026-05-29 13:14:00.585,3,2.2,,1024000000
2026-05-29 13:14:00.581,2,1.55,,1024000000
2026-05-29 13:14:00.566,2,1.68,,1024000000
2026-05-29 13:14:00.565,2,1.98,,1024000000
2026-05-29 13:14:00.563,3,2.26,,1024000000
2026-05-29 13:14:00.536,2,1.66,,1024000000
2026-05-29 13:14:00.527,2,1.88,,1024000000
2026-05-29 13:14:00.527,2,1.76,,1024000000
2026-05-29 13:14:00.519,2,1.77,,1024000000
2026-05-29 13:14:00.506,2,1.94,,1024000000
2026-05-29 13:14:00.499,2,1.75,,1024000000
2026-05-29 13:14:00.482,3,2.12,,1024000000
2026-05-29 13:14:00.466,2,1.89,,1024000000
2026-05-29 13:14:00.464,3,2.01,,1024000000
2026-05-29 13:14:00.462,6,5.48,,1024000000
2026-05-29 13:14:00.417,2,1.93,,1024000000
2026-05-29 13:14:00.405,2,1.73,,1024000000
2026-05-29 13:14:00.402,3,2.1,,1024000000
2026-05-29 13:14:00.398,3,2.05,,1024000000
2026-05-29 13:14:00.396,3,2.06,,1024000000
2026-05-29 13:14:00.395,2,2,,1024000000
2026-05-29 13:14:00.386,2,1.97,,1024000000
2026-05-29 13:14:00.369,3,2.03,,1024000000
2026-05-29 13:14:00.353,2,1.89,,1024000000
2026-05-29 13:14:00.352,2,1.89,,1024000000
2026-05-29 13:14:00.350,7,6.9,,1024000000
2026-05-29 13:14:00.348,2,1.91,,1024000000
2026-05-29 13:14:00.304,3,2.88,,1024000000
2026-05-29 13:14:00.304,2,1.92,,1024000000
2026-05-29 13:14:00.299,2,1.71,,1024000000
2026-05-29 13:14:00.297,3,2.04,,1024000000
2026-05-29 13:14:00.289,4,3.98,,1024000000
2026-05-29 13:14:00.281,2,1.95,,1024000000
2026-05-29 13:14:00.276,2,1.79,,1024000000
2026-05-29 13:14:00.253,2,1.64,,1024000000
2026-05-29 13:14:00.241,2,1.62,,1024000000
2026-05-29 13:14:00.239,2,1.75,,1024000000
2026-05-29 13:14:00.218,2,1.67,,1024000000
2026-05-29 13:14:00.207,2,1.88,,1024000000
2026-05-29 13:14:00.193,3,2.34,,1024000000
2026-05-29 13:14:00.148,2,1.75,,1024000000
2026-05-29 13:14:00.138,3,2.09,,1024000000
2026-05-29 13:14:00.133,2,1.92,,1024000000
2026-05-29 13:14:00.133,2,1.71,,1024000000
2026-05-29 13:14:00.122,2,1.98,,1024000000
2026-05-29 13:14:00.119,2,1.83,,1024000000
2026-05-29 13:14:00.110,2,1.76,,1024000000
2026-05-29 13:14:00.100,2,1.6,,1024000000
2026-05-29 13:14:00.094,3,2.03,,1024000000
2026-05-29 13:14:00.093,2,1.62,,1024000000
2026-05-29 13:14:00.085,2,1.82,,1024000000
2026-05-29 13:14:00.065,2,1.61,,1024000000
2026-05-29 13:14:00.055,2,1.74,,1024000000
2026-05-29 13:14:00.054,2,1.82,,1024000000
2026-05-29 13:14:00.042,2,1.93,,1024000000
2026-05-29 13:14:00.028,2,1.9,,1024000000
2026-05-29 13:14:00.016,5,4.2,,1024000000
2026-05-29 13:14:00.009,2,1.74,,1024000000
2026-05-29 13:14:00.001,2,1.96,,1024000000
2026-05-29 13:13:59.997,2,1.88,,1024000000
2026-05-29 13:13:59.994,9,8.76,,1024000000
2026-05-29 13:13:59.979,2,1.78,,1024000000
2026-05-29 13:13:59.978,3,2.4,,1024000000
2026-05-29 13:13:59.975,2,1.88,,1024000000
2026-05-29 13:13:59.972,2,1.76,,1024000000
2026-05-29 13:13:59.967,2,1.76,,1024000000
2026-05-29 13:13:59.957,3,2.1,,1024000000
2026-05-29 13:13:59.931,2,1.71,,1024000000
2026-05-29 13:13:59.911,2,1.74,,1024000000
2026-05-29 13:13:59.880,2,1.91,,1024000000
2026-05-29 13:13:59.870,2,1.86,,1024000000
2026-05-29 13:13:59.869,2,1.8,,1024000000
2026-05-29 13:13:59.869,2,1.82,,1024000000
2026-05-29 13:13:59.855,3,2.04,,1024000000
2026-05-29 13:13:59.854,3,2.18,,1024000000
2026-05-29 13:13:59.850,2,1.75,,1024000000
2026-05-29 13:13:59.792,2,1.83,,1024000000
2026-05-29 13:13:59.789,2,1.73,,1024000000
2026-05-29 13:13:59.786,2,1.93,,1024000000
2026-05-29 13:13:59.756,2,1.92,,1024000000
2026-05-29 13:13:59.726,2,1.75,,1024000000
2026-05-29 13:13:59.718,2,1.77,,1024000000
2026-05-29 13:13:59.715,2,1.97,,1024000000
2026-05-29 13:13:59.704,29,28.15,,1024000000
2026-05-29 13:13:59.702,2,1.78,,1024000000
2026-05-29 13:13:59.695,2,1.81,,1024000000
2026-05-29 13:13:59.686,2,1.78,,1024000000
2026-05-29 13:13:59.679,2,1.85,,1024000000
2026-05-29 13:13:59.667,2,1.86,,1024000000
2026-05-29 13:13:59.665,8,7.27,,1024000000
2026-05-29 13:13:59.661,3,2.09,,1024000000
2026-05-29 13:13:59.612,2,1.83,,1024000000
2026-05-29 13:13:59.605,2,1.77,,1024000000
2026-05-29 13:13:59.586,2,1.94,,1024000000
2026-05-29 13:13:59.583,2,1.98,,1024000000
2026-05-29 13:13:59.575,2,1.97,,1024000000
2026-05-29 13:13:59.571,2,1.86,,1024000000
2026-05-29 13:13:59.570,2,1.77,,1024000000
2026-05-29 13:13:59.562,2,1.94,,1024000000
2026-05-29 13:13:59.538,2,1.77,,1024000000
2026-05-29 13:13:59.528,2,1.79,,1024000000
2026-05-29 13:13:59.512,2,1.86,,1024000000
2026-05-29 13:13:59.460,2,1.73,,1024000000
2026-05-29 13:13:59.444,3,2.1,,1024000000
2026-05-29 13:13:59.431,2,1.8,,1024000000
2026-05-29 13:13:59.428,2,1.68,,1024000000
2026-05-29 13:13:59.424,3,2.09,,1024000000
2026-05-29 13:13:59.412,3,2.14,,1024000000
2026-05-29 13:13:59.391,2,1.99,,1024000000
2026-05-29 13:13:59.384,3,2.37,,1024000000
2026-05-29 13:13:59.383,3,2.13,,1024000000
2026-05-29 13:13:59.381,2,1.63,,1024000000
2026-05-29 13:13:59.327,11,10.34,,1024000000
2026-05-29 13:13:59.325,2,1.82,,1024000000
2026-05-29 13:13:59.318,2,1.95,,1024000000
2026-05-29 13:13:59.294,2,1.87,,1024000000
2026-05-29 13:13:59.291,2,1.7,,1024000000
2026-05-29 13:13:59.277,2,1.65,,1024000000
2026-05-29 13:13:59.266,2,1.8,,1024000000
2026-05-29 13:13:59.264,2,1.97,,1024000000
2026-05-29 13:13:59.218,2,1.74,,1024000000
2026-05-29 13:13:59.190,3,2.21,,1024000000
2026-05-29 13:13:59.183,2,1.71,,1024000000
2026-05-29 13:13:59.176,3,2.04,,1024000000
2026-05-29 13:13:59.176,4,3.65,,1024000000
2026-05-29 13:13:59.175,2,1.85,,1024000000
2026-05-29 13:13:59.173,2,1.64,,1024000000
2026-05-29 13:13:59.173,2,1.73,,1024000000
2026-05-29 13:13:59.171,2,1.84,,1024000000
2026-05-29 13:13:59.159,2,1.79,,1024000000
2026-05-29 13:13:59.152,3,2.25,,1024000000
2026-05-29 13:13:59.147,2,1.73,,1024000000
2026-05-29 13:13:59.139,3,2.12,,1024000000
2026-05-29 13:13:59.124,2,1.75,,1024000000
2026-05-29 13:13:59.121,4,3.57,,1024000000
2026-05-29 13:13:59.119,2,1.68,,1024000000
2026-05-29 13:13:59.114,2,1.96,,1024000000
2026-05-29 13:13:59.103,2,1.9,,1024000000
2026-05-29 13:13:59.053,2,1.72,,1024000000
2026-05-29 13:13:59.047,3,2.84,,1024000000
2026-05-29 13:13:59.042,2,1.72,,1024000000
2026-05-29 13:13:59.038,11,10.77,,1024000000
2026-05-29 13:13:59.030,6,5.78,,1024000000
2026-05-29 13:13:59.014,2,1.64,,1024000000
2026-05-29 13:13:59.008,4,3.53,,1024000000
2026-05-29 13:13:58.967,2,1.88,,1024000000
2026-05-29 13:13:58.955,2,1.74,,1024000000
2026-05-29 13:13:58.940,10,9.92,,1024000000
2026-05-29 13:13:58.926,2,1.76,,1024000000
2026-05-29 13:13:58.925,2,1.8,,1024000000
2026-05-29 13:13:58.924,2,1.68,,1024000000
2026-05-29 13:13:58.909,2,1.78,,1024000000
2026-05-29 13:13:58.908,2,1.69,,1024000000
2026-05-29 13:13:58.903,2,1.54,,1024000000
2026-05-29 13:13:58.896,2,1.71,,1024000000
2026-05-29 13:13:58.895,2,1.82,,1024000000
2026-05-29 13:13:58.894,2,1.76,,1024000000
2026-05-29 13:13:58.871,2,1.74,,1024000000
2026-05-29 13:13:58.821,2,1.75,,1024000000
2026-05-29 13:13:58.815,2,1.63,,1024000000
2026-05-29 13:13:58.809,2,1.85,,1024000000
2026-05-29 13:13:58.797,3,2.33,,1024000000
2026-05-29 13:13:58.792,2,1.74,,1024000000
2026-05-29 13:13:58.792,3,2,,1024000000
2026-05-29 13:13:58.789,2,1.75,,1024000000
2026-05-29 13:13:58.782,2,1.58,,1024000000
2026-05-29 13:13:58.771,2,1.71,,1024000000
2026-05-29 13:13:58.768,2,1.77,,1024000000
2026-05-29 13:13:58.746,2,1.69,,1024000000
2026-05-29 13:13:58.715,2,1.93,,1024000000
2026-05-29 13:13:58.706,2,1.89,,1024000000
2026-05-29 13:13:58.693,2,1.91,,1024000000
2026-05-29 13:13:58.690,2,1.83,,1024000000
2026-05-29 13:13:58.669,2,1.77,,1024000000
2026-05-29 13:13:58.669,2,1.84,,1024000000
2026-05-29 13:13:58.665,2,1.66,,1024000000
2026-05-29 13:13:58.659,2,1.93,,1024000000
2026-05-29 13:13:58.655,2,1.85,,1024000000
2026-05-29 13:13:58.637,2,1.71,,1024000000
2026-05-29 13:13:58.622,2,1.74,,1024000000
2026-05-29 13:13:58.622,3,2.21,,1024000000
2026-05-29 13:13:58.608,2,1.64,,1024000000
2026-05-29 13:13:58.607,3,2.17,,1024000000
2026-05-29 13:13:58.602,2,1.83,,1024000000
2026-05-29 13:13:58.599,2,1.86,,1024000000
2026-05-29 13:13:58.598,2,1.72,,1024000000
2026-05-29 13:13:58.571,2,1.89,,1024000000
2026-05-29 13:13:58.549,2,1.96,,1024000000
2026-05-29 13:13:58.523,2,1.84,,1024000000
2026-05-29 13:13:58.516,2,1.79,,1024000000
2026-05-29 13:13:58.509,2,1.88,,1024000000
2026-05-29 13:13:58.494,2,1.68,,1024000000
2026-05-29 13:13:58.487,2,1.82,,1024000000
2026-05-29 13:13:58.475,3,2.01,,1024000000
2026-05-29 13:13:58.472,2,1.73,,1024000000
2026-05-29 13:13:58.468,2,1.76,,1024000000
2026-05-29 13:13:58.437,2,1.89,,1024000000
2026-05-29 13:13:58.421,2,1.82,,1024000000
2026-05-29 13:13:58.403,3,2.01,,1024000000
2026-05-29 13:13:58.401,2,1.77,,1024000000
2026-05-29 13:13:58.393,2,1.67,,1024000000
2026-05-29 13:13:58.385,2,1.7,,1024000000
2026-05-29 13:13:58.383,2,1.67,,1024000000
2026-05-29 13:13:58.378,2,1.79,,1024000000
2026-05-29 13:13:58.377,2,1.81,,1024000000
2026-05-29 13:13:58.365,2,1.91,,1024000000
2026-05-29 13:13:58.357,2,1.84,,1024000000
2026-05-29 13:13:58.356,2,1.86,,1024000000
2026-05-29 13:13:58.347,3,2.12,,1024000000
2026-05-29 13:13:58.342,2,1.78,,1024000000
2026-05-29 13:13:58.341,2,1.79,,1024000000
2026-05-29 13:13:58.333,2,1.98,,1024000000
2026-05-29 13:13:58.310,2,1.94,,1024000000
2026-05-29 13:13:58.302,3,2.63,,1024000000
2026-05-29 13:13:58.270,2,1.65,,1024000000
2026-05-29 13:13:58.267,2,1.76,,1024000000
2026-05-29 13:13:58.253,3,2.01,,1024000000
2026-05-29 13:13:58.231,3,2.06,,1024000000
2026-05-29 13:13:58.224,2,1.66,,1024000000
2026-05-29 13:13:58.207,2,1.88,,1024000000
2026-05-29 13:13:58.194,2,1.77,,1024000000
2026-05-29 13:13:58.194,12,11.08,,1024000000
2026-05-29 13:13:58.183,2,1.8,,1024000000
2026-05-29 13:13:58.160,2,1.71,,1024000000
2026-05-29 13:13:58.159,20,19.24,,1024000000
2026-05-29 13:13:58.158,3,2.08,,1024000000
2026-05-29 13:13:58.155,3,2.01,,1024000000
2026-05-29 13:13:58.143,3,2.13,,1024000000
2026-05-29 13:13:58.126,2,1.67,,1024000000
2026-05-29 13:13:58.114,2,1.7,,1024000000
2026-05-29 13:13:58.110,2,1.76,,1024000000
2026-05-29 13:13:58.110,2,1.68,,1024000000
2026-05-29 13:13:58.097,2,1.74,,1024000000
2026-05-29 13:13:58.085,2,1.84,,1024000000
2026-05-29 13:13:58.083,2,1.72,,1024000000
2026-05-29 13:13:58.069,2,1.88,,1024000000
2026-05-29 13:13:58.065,2,1.95,,1024000000
2026-05-29 13:13:58.064,2,1.76,,1024000000
2026-05-29 13:13:58.051,2,1.84,,1024000000
2026-05-29 13:13:58.036,2,1.95,,1024000000
2026-05-29 13:13:58.030,2,1.79,,1024000000
2026-05-29 13:13:58.017,3,2.11,,1024000000
2026-05-29 13:13:58.014,2,1.73,,1024000000
2026-05-29 13:13:58.003,2,1.72,,1024000000
2026-05-29 13:13:57.993,2,1.67,,1024000000
2026-05-29 13:13:57.955,2,1.94,,1024000000
2026-05-29 13:13:57.929,2,1.93,,1024000000
2026-05-29 13:13:57.922,2,1.75,,1024000000
2026-05-29 13:13:57.889,3,2.01,,1024000000
2026-05-29 13:13:57.888,2,1.71,,1024000000
2026-05-29 13:13:57.885,2,1.82,,1024000000
2026-05-29 13:13:57.881,2,1.97,,1024000000
2026-05-29 13:13:57.875,2,1.67,,1024000000
2026-05-29 13:13:57.865,2,1.84,,1024000000
2026-05-29 13:13:57.862,2,1.71,,1024000000
2026-05-29 13:13:57.851,2,1.89,,1024000000
2026-05-29 13:13:57.816,7,6.48,,1024000000
2026-05-29 13:13:57.801,3,2.55,,1024000000
2026-05-29 13:13:57.800,2,1.76,,1024000000
2026-05-29 13:13:57.763,3,2.04,,1024000000
2026-05-29 13:13:57.759,2,1.74,,1024000000
2026-05-29 13:13:57.751,3,2,,1024000000
2026-05-29 13:13:57.750,2,1.76,,1024000000
2026-05-29 13:13:57.750,3,2.14,,1024000000
2026-05-29 13:13:57.750,3,2.13,,1024000000
2026-05-29 13:13:57.749,2,1.76,,1024000000
2026-05-29 13:13:57.746,2,1.76,,1024000000
2026-05-29 13:13:57.716,2,1.74,,1024000000
2026-05-29 13:13:57.650,3,2.54,,1024000000
2026-05-29 13:13:57.631,5,4.75,,1024000000
2026-05-29 13:13:57.624,2,1.76,,1024000000
2026-05-29 13:13:57.619,2,1.95,,1024000000
2026-05-29 13:13:57.602,3,2.46,,1024000000
2026-05-29 13:13:57.529,6,5.2,,1024000000
2026-05-29 13:13:57.512,2,1.78,,1024000000
2026-05-29 13:13:57.509,2,1.84,,1024000000
2026-05-29 13:13:57.492,2,1.68,,1024000000
2026-05-29 13:13:57.483,2,1.86,,1024000000
2026-05-29 13:13:57.466,2,1.76,,1024000000
2026-05-29 13:13:57.465,2,1.75,,1024000000
2026-05-29 13:13:57.453,3,2.58,,1024000000
2026-05-29 13:13:57.450,6,5.17,,1024000000
2026-05-29 13:13:57.450,2,1.74,,1024000000
2026-05-29 13:13:57.442,2,1.8,,1024000000
2026-05-29 13:13:57.430,2,1.55,,1024000000
2026-05-29 13:13:57.426,2,1.93,,1024000000
2026-05-29 13:13:57.423,2,1.69,,1024000000
2026-05-29 13:13:57.415,3,2.28,,1024000000
2026-05-29 13:13:57.409,2,1.72,,1024000000
2026-05-29 13:13:57.384,2,1.72,,1024000000
2026-05-29 13:13:57.332,2,1.7,,1024000000
2026-05-29 13:13:57.331,2,1.47,,1024000000
2026-05-29 13:13:57.329,2,1.86,,1024000000
2026-05-29 13:13:57.326,3,2.1,,1024000000
2026-05-29 13:13:57.307,2,1.83,,1024000000
2026-05-29 13:13:57.306,2,1.91,,1024000000
2026-05-29 13:13:57.303,2,1.95,,1024000000
2026-05-29 13:13:57.296,2,1.69,,1024000000
2026-05-29 13:13:57.294,3,2.03,,1024000000
2026-05-29 13:13:57.285,2,1.77,,1024000000
2026-05-29 13:13:57.275,4,3.13,,1024000000
2026-05-29 13:13:57.274,2,1.79,,1024000000
2026-05-29 13:13:57.268,2,1.75,,1024000000
2026-05-29 13:13:57.254,2,1.79,,1024000000
2026-05-29 13:13:57.238,2,1.81,,1024000000
2026-05-29 13:13:57.225,2,1.95,,1024000000
2026-05-29 13:13:57.212,2,1.74,,1024000000
2026-05-29 13:13:57.207,2,1.7,,1024000000
2026-05-29 13:13:57.206,2,1.75,,1024000000
2026-05-29 13:13:57.200,2,1.82,,1024000000
2026-05-29 13:13:57.165,2,1.81,,1024000000
2026-05-29 13:13:57.141,2,1.67,,1024000000
2026-05-29 13:13:57.137,7,6.32,,1024000000
2026-05-29 13:13:57.135,2,1.83,,1024000000
2026-05-29 13:13:57.132,2,1.89,,1024000000
2026-05-29 13:13:57.129,2,1.68,,1024000000
2026-05-29 13:13:57.122,3,2.02,,1024000000
2026-05-29 13:13:57.120,2,1.92,,1024000000
2026-05-29 13:13:57.102,2,1.51,,1024000000
2026-05-29 13:13:57.101,2,1.71,,1024000000
2026-05-29 13:13:57.092,2,1.99,,1024000000
2026-05-29 13:13:57.089,2,1.69,,1024000000
2026-05-29 13:13:57.085,2,1.64,,1024000000
2026-05-29 13:13:57.069,2,1.78,,1024000000
2026-05-29 13:13:57.051,2,1.69,,1024000000
2026-05-29 13:13:57.045,2,1.82,,1024000000
2026-05-29 13:13:56.963,2,1.73,,1024000000
2026-05-29 13:13:56.946,2,1.83,,1024000000
2026-05-29 13:13:56.923,2,1.95,,1024000000
2026-05-29 13:13:56.920,2,1.78,,1024000000
2026-05-29 13:13:56.915,2,1.75,,1024000000
2026-05-29 13:13:56.914,2,1.91,,1024000000
2026-05-29 13:13:56.896,3,2.02,,1024000000
2026-05-29 13:13:56.883,3,2.12,,1024000000
2026-05-29 13:13:56.858,3,2.65,,1024000000
2026-05-29 13:13:56.832,3,2.3,,1024000000
2026-05-29 13:13:56.819,2,1.76,,1024000000
2026-05-29 13:13:56.816,2,1.96,,1024000000
2026-05-29 13:13:56.815,2,1.77,,1024000000
2026-05-29 13:13:56.798,2,1.95,,1024000000
2026-05-29 13:13:56.782,16,15.21,,1024000000
2026-05-29 13:13:56.778,2,1.81,,1024000000
2026-05-29 13:13:56.766,2,1.88,,1024000000
2026-05-29 13:13:56.756,2,1.81,,1024000000
2026-05-29 13:13:56.747,3,2.15,,1024000000
2026-05-29 13:13:56.741,2,1.86,,1024000000
2026-05-29 13:13:56.740,2,1.85,,1024000000
2026-05-29 13:13:56.739,3,2.02,,1024000000
2026-05-29 13:13:56.725,2,1.69,,1024000000
2026-05-29 13:13:56.725,7,6.82,,1024000000
2026-05-29 13:13:56.698,3,2.13,,1024000000
2026-05-29 13:13:56.693,4,3.66,,1024000000
2026-05-29 13:13:56.689,2,1.96,,1024000000
2026-05-29 13:13:56.688,2,1.81,,1024000000
2026-05-29 13:13:56.684,2,1.86,,1024000000
2026-05-29 13:13:56.682,5,4.3,,1024000000
2026-05-29 13:13:56.678,2,1.72,,1024000000
2026-05-29 13:13:56.676,2,1.89,,1024000000
2026-05-29 13:13:56.663,2,1.7,,1024000000
2026-05-29 13:13:56.632,5,4.98,,1024000000
2026-05-29 13:13:56.625,2,1.85,,1024000000
2026-05-29 13:13:56.608,8,7.18,,1024000000
2026-05-29 13:13:56.602,2,1.92,,1024000000
2026-05-29 13:13:56.600,2,1.78,,1024000000
2026-05-29 13:13:56.566,2,1.97,,1024000000
2026-05-29 13:13:56.565,2,1.68,,1024000000
2026-05-29 13:13:56.561,2,1.99,,1024000000
2026-05-29 13:13:56.553,2,1.77,,1024000000
2026-05-29 13:13:56.542,2,1.8,,1024000000
2026-05-29 13:13:56.529,2,1.69,,1024000000
2026-05-29 13:13:56.512,2,1.7,,1024000000
2026-05-29 13:13:56.495,3,2.32,,1024000000
2026-05-29 13:13:56.482,3,2.54,,1024000000
2026-05-29 13:13:56.474,2,1.88,,1024000000
2026-05-29 13:13:56.466,2,1.77,,1024000000
2026-05-29 13:13:56.451,2,1.95,,1024000000
2026-05-29 13:13:56.429,2,1.97,,1024000000
2026-05-29 13:13:56.420,2,1.95,,1024000000
2026-05-29 13:13:56.418,2,1.73,,1024000000
2026-05-29 13:13:56.417,4,3.68,,1024000000
2026-05-29 13:13:56.386,2,1.83,,1024000000
2026-05-29 13:13:56.386,2,1.83,,1024000000
2026-05-29 13:13:56.383,3,2.13,,1024000000
2026-05-29 13:13:56.382,2,1.69,,1024000000
2026-05-29 13:13:56.365,2,1.7,,1024000000
2026-05-29 13:13:56.359,2,1.87,,1024000000
2026-05-29 13:13:56.355,2,1.92,,1024000000
2026-05-29 13:13:56.354,3,2.25,,1024000000
2026-05-29 13:13:56.353,3,2.09,,1024000000
2026-05-29 13:13:56.352,2,1.89,,1024000000
2026-05-29 13:13:56.332,3,2.21,,1024000000
2026-05-29 13:13:56.325,2,1.87,,1024000000
2026-05-29 13:13:56.317,10,9.49,,1024000000
2026-05-29 13:13:56.300,2,1.83,,1024000000
2026-05-29 13:13:56.299,2,1.77,,1024000000
2026-05-29 13:13:56.298,2,1.81,,1024000000
2026-05-29 13:13:56.296,2,1.94,,1024000000
2026-05-29 13:13:56.290,2,1.68,,1024000000
2026-05-29 13:13:56.288,6,5.4,,1024000000
2026-05-29 13:13:56.275,2,1.67,,1024000000
2026-05-29 13:13:56.264,3,2.2,,1024000000
2026-05-29 13:13:56.264,2,1.85,,1024000000
2026-05-29 13:13:56.264,3,2.08,,1024000000
2026-05-29 13:13:56.256,2,1.81,,1024000000
2026-05-29 13:13:56.251,3,2.66,,1024000000
2026-05-29 13:13:56.193,2,1.75,,1024000000
2026-05-29 13:13:56.143,2,1.63,,1024000000
2026-05-29 13:13:56.137,6,5.13,,1024000000
2026-05-29 13:13:56.108,3,2.34,,1024000000
2026-05-29 13:13:56.106,3,2.05,,1024000000
2026-05-29 13:13:56.072,2,1.92,,1024000000
2026-05-29 13:13:56.067,2,1.75,,1024000000
2026-05-29 13:13:56.056,2,1.83,,1024000000
2026-05-29 13:13:56.045,2,1.7,,1024000000
2026-05-29 13:13:56.031,5,5,,1024000000
2026-05-29 13:13:56.012,3,2.07,,1024000000
2026-05-29 13:13:56.004,2,1.75,,1024000000
2026-05-29 13:13:56.004,2,1.71,,1024000000
2026-05-29 13:13:56.000,2,1.66,,1024000000
2026-05-29 13:13:55.985,2,1.9,,1024000000
2026-05-29 13:13:55.980,2,1.74,,1024000000
2026-05-29 13:13:55.960,2,1.74,,1024000000
2026-05-29 13:13:55.946,2,1.73,,1024000000
2026-05-29 13:13:55.946,2,1.88,,1024000000
2026-05-29 13:13:55.943,2,1.75,,1024000000
2026-05-29 13:13:55.927,2,1.91,,1024000000
2026-05-29 13:13:55.924,2,1.51,,1024000000
2026-05-29 13:13:55.920,2,1.9,,1024000000
2026-05-29 13:13:55.919,2,1.91,,1024000000
2026-05-29 13:13:55.877,2,1.98,,1024000000
2026-05-29 13:13:55.875,3,2.25,,1024000000
2026-05-29 13:13:55.875,9,8.55,,1024000000
2026-05-29 13:13:55.860,2,1.81,,1024000000
2026-05-29 13:13:55.858,2,1.9,,1024000000
2026-05-29 13:13:55.845,2,1.74,,1024000000
2026-05-29 13:13:55.843,2,1.85,,1024000000
2026-05-29 13:13:55.777,2,1.78,,1024000000
2026-05-29 13:13:55.774,3,2.17,,1024000000
2026-05-29 13:13:55.763,2,1.73,,1024000000
2026-05-29 13:13:55.739,3,2.07,,1024000000
2026-05-29 13:13:55.734,2,1.72,,1024000000
2026-05-29 13:13:55.726,2,1.92,,1024000000
2026-05-29 13:13:55.696,2,1.64,,1024000000
2026-05-29 13:13:55.693,2,1.75,,1024000000
2026-05-29 13:13:55.689,2,1.72,,1024000000
2026-05-29 13:13:55.654,3,2.56,,1024000000
2026-05-29 13:13:55.645,2,1.89,,1024000000
2026-05-29 13:13:55.607,3,2.15,,1024000000
2026-05-29 13:13:55.595,2,1.96,,1024000000
2026-05-29 13:13:55.585,2,1.91,,1024000000
2026-05-29 13:13:55.579,2,1.77,,1024000000
2026-05-29 13:13:55.531,2,1.67,,1024000000
2026-05-29 13:13:55.523,3,2.24,,1024000000
2026-05-29 13:13:55.479,2,1.86,,1024000000
2026-05-29 13:13:55.444,2,1.76,,1024000000
2026-05-29 13:13:55.440,2,1.84,,1024000000
2026-05-29 13:13:55.413,2,1.99,,1024000000
2026-05-29 13:13:55.411,2,1.66,,1024000000
2026-05-29 13:13:55.409,2,1.94,,1024000000
2026-05-29 13:13:55.390,9,8.25,,1024000000
2026-05-29 13:13:55.385,3,2.1,,1024000000
2026-05-29 13:13:55.381,2,1.9,,1024000000
2026-05-29 13:13:55.380,2,1.77,,1024000000
2026-05-29 13:13:55.376,10,9.11,,1024000000
2026-05-29 13:13:55.372,2,1.84,,1024000000
2026-05-29 13:13:55.357,2,1.63,,1024000000
2026-05-29 13:13:55.348,2,1.94,,1024000000
2026-05-29 13:13:55.345,2,1.64,,1024000000
2026-05-29 13:13:55.331,6,5.74,,1024000000
2026-05-29 13:13:55.321,2,1.97,,1024000000
2026-05-29 13:13:55.321,2,1.89,,1024000000
2026-05-29 13:13:55.310,2,1.62,,1024000000
2026-05-29 13:13:55.308,2,1.86,,1024000000
2026-05-29 13:13:55.298,2,1.76,,1024000000
2026-05-29 13:13:55.275,7,6.16,,1024000000
2026-05-29 13:13:55.258,7,6.12,,1024000000
2026-05-29 13:13:55.254,2,1.86,,1024000000
2026-05-29 13:13:55.254,2,1.94,,1024000000
2026-05-29 13:13:55.250,2,1.6,,1024000000
2026-05-29 13:13:55.245,2,1.95,,1024000000
2026-05-29 13:13:55.243,8,7.38,,1024000000
2026-05-29 13:13:55.227,2,1.86,,1024000000
2026-05-29 13:13:55.219,10,9.36,,1024000000
2026-05-29 13:13:55.211,2,1.79,,1024000000
2026-05-29 13:13:55.208,2,1.95,,1024000000
2026-05-29 13:13:55.193,2,1.74,,1024000000
2026-05-29 13:13:55.189,3,2.01,,1024000000
2026-05-29 13:13:55.172,3,2.05,,1024000000
2026-05-29 13:13:55.155,2,1.79,,1024000000
2026-05-29 13:13:55.145,3,2.11,,1024000000
2026-05-29 13:13:55.141,2,1.77,,1024000000
2026-05-29 13:13:55.139,2,1.9,,1024000000
2026-05-29 13:13:55.132,2,1.86,,1024000000
2026-05-29 13:13:55.124,2,1.93,,1024000000
2026-05-29 13:13:55.123,6,5.66,,1024000000
2026-05-29 13:13:55.104,2,1.81,,1024000000
2026-05-29 13:13:55.103,2,1.65,,1024000000
2026-05-29 13:13:55.097,2,1.79,,1024000000
2026-05-29 13:13:55.093,3,2.41,,1024000000
2026-05-29 13:13:55.088,2,1.81,,1024000000
2026-05-29 13:13:55.087,5,4.17,,1024000000
2026-05-29 13:13:55.086,2,1.71,,1024000000
2026-05-29 13:13:55.055,9,8.6,,1024000000
2026-05-29 13:13:55.050,2,1.93,,1024000000
2026-05-29 13:13:55.048,2,1.82,,1024000000
2026-05-29 13:13:55.045,2,1.82,,1024000000
2026-05-29 13:13:55.034,6,5.98,,1024000000
2026-05-29 13:13:55.008,2,1.78,,1024000000
2026-05-29 13:13:54.986,2,1.93,,1024000000
2026-05-29 13:13:54.959,3,2.94,,1024000000
2026-05-29 13:13:54.957,2,1.84,,1024000000
2026-05-29 13:13:54.914,3,2.1,,1024000000
2026-05-29 13:13:54.912,3,2.19,,1024000000
2026-05-29 13:13:54.884,2,1.69,,1024000000
2026-05-29 13:13:54.883,3,2.74,,1024000000
2026-05-29 13:13:54.872,2,1.99,,1024000000
2026-05-29 13:13:54.871,2,1.83,,1024000000
2026-05-29 13:13:54.855,2,1.95,,1024000000
2026-05-29 13:13:54.836,2,1.67,,1024000000
2026-05-29 13:13:54.830,2,1.73,,1024000000
2026-05-29 13:13:54.815,2,1.99,,1024000000
2026-05-29 13:13:54.802,2,1.88,,1024000000
2026-05-29 13:13:54.744,3,2.02,,1024000000
2026-05-29 13:13:54.742,2,1.7,,1024000000
2026-05-29 13:13:54.720,2,1.83,,1024000000
2026-05-29 13:13:54.714,2,1.9,,1024000000
2026-05-29 13:13:54.704,3,2.05,,1024000000
2026-05-29 13:13:54.685,2,1.93,,1024000000
2026-05-29 13:13:54.684,8,7.65,,1024000000
2026-05-29 13:13:54.665,2,1.64,,1024000000
2026-05-29 13:13:54.653,2,1.93,,1024000000
2026-05-29 13:13:54.651,2,1.87,,1024000000
2026-05-29 13:13:54.647,2,1.73,,1024000000
2026-05-29 13:13:54.641,3,2.56,,1024000000
2026-05-29 13:13:54.634,2,1.9,,1024000000
2026-05-29 13:13:54.627,2,1.82,,1024000000
2026-05-29 13:13:54.625,2,1.8,,1024000000
2026-05-29 13:13:54.602,2,1.9,,1024000000
2026-05-29 13:13:54.593,2,2,,1024000000
2026-05-29 13:13:54.593,2,1.94,,1024000000
2026-05-29 13:13:54.575,2,1.96,,1024000000
2026-05-29 13:13:54.571,3,2.29,,1024000000
2026-05-29 13:13:54.549,3,2.13,,1024000000
2026-05-29 13:13:54.536,2,1.78,,1024000000
2026-05-29 13:13:54.525,2,1.75,,1024000000
2026-05-29 13:13:54.525,2,1.66,,1024000000
2026-05-29 13:13:54.522,8,7.97,,1024000000
2026-05-29 13:13:54.518,2,1.78,,1024000000
2026-05-29 13:13:54.517,2,1.95,,1024000000
2026-05-29 13:13:54.513,2,1.72,,1024000000
2026-05-29 13:13:54.513,2,1.8,,1024000000
2026-05-29 13:13:54.513,2,1.85,,1024000000
2026-05-29 13:13:54.510,2,1.82,,1024000000
2026-05-29 13:13:54.488,2,1.73,,1024000000
2026-05-29 13:13:54.476,2,1.83,,1024000000
2026-05-29 13:13:54.469,2,1.81,,1024000000
2026-05-29 13:13:54.468,3,2.02,,1024000000
2026-05-29 13:13:54.465,2,1.77,,1024000000
2026-05-29 13:13:54.464,3,2.15,,1024000000
2026-05-29 13:13:54.458,2,1.88,,1024000000
2026-05-29 13:13:54.455,3,2.11,,1024000000
2026-05-29 13:13:54.451,2,1.91,,1024000000
2026-05-29 13:13:54.431,2,1.88,,1024000000
2026-05-29 13:13:54.404,23,22.66,,1024000000
2026-05-29 13:13:54.398,2,1.83,,1024000000
2026-05-29 13:13:54.332,3,2.86,,1024000000
2026-05-29 13:13:54.328,2,1.72,,1024000000
2026-05-29 13:13:54.321,3,3,,1024000000
2026-05-29 13:13:54.321,2,1.65,,1024000000
2026-05-29 13:13:54.318,4,3.17,,1024000000
2026-05-29 13:13:54.316,2,1.57,,1024000000
2026-05-29 13:13:54.294,5,4.45,,1024000000
2026-05-29 13:13:54.288,2,1.75,,1024000000
2026-05-29 13:13:54.284,2,1.79,,1024000000
2026-05-29 13:13:54.277,2,2,,1024000000
2026-05-29 13:13:54.271,7,6.55,,1024000000
2026-05-29 13:13:54.267,2,1.9,,1024000000
2026-05-29 13:13:54.243,2,1.74,,1024000000
2026-05-29 13:13:54.229,8,7.62,,1024000000
2026-05-29 13:13:54.217,4,3.13,,1024000000
2026-05-29 13:13:54.207,2,1.81,,1024000000
2026-05-29 13:13:54.206,10,9.66,,1024000000
2026-05-29 13:13:54.177,2,1.85,,1024000000
2026-05-29 13:13:54.166,2,1.97,,1024000000
2026-05-29 13:13:54.159,11,10.04,,1024000000
2026-05-29 13:13:54.148,2,1.64,,1024000000
2026-05-29 13:13:54.146,2,1.76,,1024000000
2026-05-29 13:13:54.131,2,1.75,,1024000000
2026-05-29 13:13:54.129,2,1.79,,1024000000
2026-05-29 13:13:54.097,2,1.81,,1024000000
2026-05-29 13:13:54.076,2,1.56,,1024000000
2026-05-29 13:13:54.074,3,2.38,,1024000000
2026-05-29 13:13:54.072,2,1.56,,1024000000
2026-05-29 13:13:54.062,2,1.74,,1024000000
2026-05-29 13:13:54.040,9,8.5,,1024000000
2026-05-29 13:13:54.032,2,1.7,,1024000000
2026-05-29 13:13:54.020,2,1.86,,1024000000
2026-05-29 13:13:54.019,2,1.6,,1024000000
2026-05-29 13:13:54.008,2,1.97,,1024000000
2026-05-29 13:13:54.007,6,5.04,,1024000000
2026-05-29 13:13:53.987,2,1.75,,1024000000
2026-05-29 13:13:53.956,2,1.71,,1024000000
2026-05-29 13:13:53.951,6,5.37,,1024000000
2026-05-29 13:13:53.943,2,1.73,,1024000000
2026-05-29 13:13:53.902,2,1.5,,1024000000
2026-05-29 13:13:53.898,2,1.83,,1024000000
2026-05-29 13:13:53.895,6,5.82,,1024000000
2026-05-29 13:13:53.892,2,1.76,,1024000000
2026-05-29 13:13:53.887,2,1.71,,1024000000
2026-05-29 13:13:53.878,2,1.49,,1024000000
2026-05-29 13:13:53.868,2,1.59,,1024000000
2026-05-29 13:13:53.858,2,1.63,,1024000000
2026-05-29 13:13:53.851,2,1.79,,1024000000
2026-05-29 13:13:53.846,2,1.73,,1024000000
2026-05-29 13:13:53.828,3,2.13,,1024000000
2026-05-29 13:13:53.819,2,1.68,,1024000000
2026-05-29 13:13:53.814,2,1.91,,1024000000
2026-05-29 13:13:53.801,2,1.87,,1024000000
2026-05-29 13:13:53.791,2,1.86,,1024000000
2026-05-29 13:13:53.742,2,1.74,,1024000000
2026-05-29 13:13:53.724,3,2.84,,1024000000
2026-05-29 13:13:53.704,2,1.94,,1024000000
2026-05-29 13:13:53.698,2,1.72,,1024000000
2026-05-29 13:13:53.695,2,1.93,,1024000000
2026-05-29 13:13:53.695,2,1.75,,1024000000
2026-05-29 13:13:53.689,2,1.72,,1024000000
2026-05-29 13:13:53.674,2,1.78,,1024000000
2026-05-29 13:13:53.669,2,1.84,,1024000000
2026-05-29 13:13:53.667,2,1.81,,1024000000
2026-05-29 13:13:53.658,3,2.58,,1024000000
2026-05-29 13:13:53.641,3,2.04,,1024000000
2026-05-29 13:13:53.626,2,1.75,,1024000000
2026-05-29 13:13:53.625,2,1.68,,1024000000
2026-05-29 13:13:53.620,2,1.73,,1024000000
2026-05-29 13:13:53.614,2,2,,1024000000
2026-05-29 13:13:53.610,2,1.89,,1024000000
2026-05-29 13:13:53.605,2,1.77,,1024000000
2026-05-29 13:13:53.596,2,1.63,,1024000000
2026-05-29 13:13:53.591,2,1.93,,1024000000
2026-05-29 13:13:53.576,2,1.84,,1024000000
2026-05-29 13:13:53.544,2,1.65,,1024000000
2026-05-29 13:13:53.540,2,1.87,,1024000000
2026-05-29 13:13:53.532,2,1.81,,1024000000
2026-05-29 13:13:53.529,2,1.79,,1024000000
2026-05-29 13:13:53.517,2,1.92,,1024000000
2026-05-29 13:13:53.502,2,1.76,,1024000000
2026-05-29 13:13:53.464,2,1.71,,1024000000
2026-05-29 13:13:53.460,2,1.71,,1024000000
2026-05-29 13:13:53.453,2,1.75,,1024000000
2026-05-29 13:13:53.447,2,1.71,,1024000000
2026-05-29 13:13:53.447,11,10.63,,1024000000
2026-05-29 13:13:53.429,2,1.88,,1024000000
2026-05-29 13:13:53.415,2,1.57,,1024000000
2026-05-29 13:13:53.410,2,1.69,,1024000000
2026-05-29 13:13:53.389,2,1.73,,1024000000
2026-05-29 13:13:53.386,2,1.71,,1024000000
2026-05-29 13:13:53.353,3,2.42,,1024000000
2026-05-29 13:13:53.334,2,1.78,,1024000000
2026-05-29 13:13:53.320,2,1.71,,1024000000
2026-05-29 13:13:53.308,2,1.87,,1024000000
2026-05-29 13:13:53.287,2,1.65,,1024000000
2026-05-29 13:13:53.260,2,1.65,,1024000000
2026-05-29 13:13:53.250,2,1.99,,1024000000
2026-05-29 13:13:53.246,2,1.79,,1024000000
2026-05-29 13:13:53.224,2,1.7,,1024000000
2026-05-29 13:13:53.214,2,1.85,,1024000000
2026-05-29 13:13:53.205,2,1.65,,1024000000
2026-05-29 13:13:53.203,2,1.89,,1024000000
2026-05-29 13:13:53.196,4,3.29,,1024000000
2026-05-29 13:13:53.142,2,1.83,,1024000000
2026-05-29 13:13:53.129,2,1.68,,1024000000
2026-05-29 13:13:53.121,5,4.05,,1024000000
2026-05-29 13:13:53.117,2,1.64,,1024000000
2026-05-29 13:13:53.114,8,7.64,,1024000000
2026-05-29 13:13:53.104,3,2.07,,1024000000
2026-05-29 13:13:53.095,2,1.51,,1024000000
2026-05-29 13:13:53.086,2,1.68,,1024000000
2026-05-29 13:13:53.081,2,1.86,,1024000000
2026-05-29 13:13:53.081,3,2.59,,1024000000
2026-05-29 13:13:53.064,19,18.7,,1024000000
2026-05-29 13:13:53.059,2,1.65,,1024000000
2026-05-29 13:13:53.048,2,1.77,,1024000000
2026-05-29 13:13:53.019,3,2.67,,1024000000
2026-05-29 13:13:53.004,4,3.83,,1024000000
2026-05-29 13:13:52.987,3,2.51,,1024000000
2026-05-29 13:13:52.983,3,2.65,,1024000000
2026-05-29 13:13:52.960,4,3.58,,1024000000
2026-05-29 13:13:52.953,2,1.51,,1024000000
2026-05-29 13:13:52.944,2,1.84,,1024000000
2026-05-29 13:13:52.942,3,2.11,,1024000000
2026-05-29 13:13:52.929,2,1.85,,1024000000
2026-05-29 13:13:52.919,2,1.73,,1024000000
2026-05-29 13:13:52.915,2,1.61,,1024000000
2026-05-29 13:13:52.913,2,1.78,,1024000000
2026-05-29 13:13:52.892,2,1.75,,1024000000
2026-05-29 13:13:52.877,2,1.88,,1024000000
2026-05-29 13:13:52.855,2,1.92,,1024000000
2026-05-29 13:13:52.854,3,2.44,,1024000000
2026-05-29 13:13:52.841,8,7.14,,1024000000
2026-05-29 13:13:52.840,2,1.6,,1024000000
2026-05-29 13:13:52.824,2,1.71,,1024000000
2026-05-29 13:13:52.788,2,1.72,,1024000000
2026-05-29 13:13:52.788,3,2.41,,1024000000
2026-05-29 13:13:52.788,2,1.76,,1024000000
2026-05-29 13:13:52.787,2,1.73,,1024000000
2026-05-29 13:13:52.784,2,1.67,,1024000000
2026-05-29 13:13:52.777,6,5.26,,1024000000
2026-05-29 13:13:52.750,2,1.78,,1024000000
2026-05-29 13:13:52.736,5,4.19,,1024000000
2026-05-29 13:13:52.724,2,1.77,,1024000000
2026-05-29 13:13:52.722,2,1.79,,1024000000
2026-05-29 13:13:52.719,8,7.71,,1024000000
2026-05-29 13:13:52.679,2,1.82,,1024000000
2026-05-29 13:13:52.672,2,1.86,,1024000000
2026-05-29 13:13:52.671,4,3.53,,1024000000
2026-05-29 13:13:52.670,2,1.84,,1024000000
2026-05-29 13:13:52.647,3,2.6,,1024000000
2026-05-29 13:13:52.644,5,4.79,,1024000000
2026-05-29 13:13:52.631,2,1.85,,1024000000
2026-05-29 13:13:52.626,2,1.7,,1024000000
2026-05-29 13:13:52.595,2,1.75,,1024000000
2026-05-29 13:13:52.579,2,1.81,,1024000000
2026-05-29 13:13:52.577,2,1.72,,1024000000
2026-05-29 13:13:52.577,2,1.92,,1024000000
2026-05-29 13:13:52.571,2,1.89,,1024000000
2026-05-29 13:13:52.538,7,6.43,,1024000000
2026-05-29 13:13:52.531,2,1.6,,1024000000
2026-05-29 13:13:52.527,2,1.86,,1024000000
2026-05-29 13:13:52.521,2,1.7,,1024000000
2026-05-29 13:13:52.510,2,1.88,,1024000000
2026-05-29 13:13:52.504,3,2.7,,1024000000
2026-05-29 13:13:52.500,2,1.74,,1024000000
2026-05-29 13:13:52.497,2,1.63,,1024000000
2026-05-29 13:13:52.480,2,1.64,,1024000000
2026-05-29 13:13:52.471,2,1.75,,1024000000
2026-05-29 13:13:52.468,2,1.79,,1024000000
2026-05-29 13:13:52.464,2,1.66,,1024000000
2026-05-29 13:13:52.454,2,1.7,,1024000000
2026-05-29 13:13:52.435,3,2.02,,1024000000
2026-05-29 13:13:52.415,2,1.86,,1024000000
2026-05-29 13:13:52.405,2,1.75,,1024000000
2026-05-29 13:13:52.401,5,4.63,,1024000000
2026-05-29 13:13:52.389,3,2,,1024000000
2026-05-29 13:13:52.385,2,1.89,,1024000000
2026-05-29 13:13:52.358,2,1.8,,1024000000
2026-05-29 13:13:52.357,3,2.51,,1024000000
2026-05-29 13:13:52.354,2,2,,1024000000
2026-05-29 13:13:52.343,2,1.74,,1024000000
2026-05-29 13:13:52.328,2,1.83,,1024000000
2026-05-29 13:13:52.313,2,1.83,,1024000000
2026-05-29 13:13:52.302,2,1.76,,1024000000
2026-05-29 13:13:52.297,2,1.63,,1024000000
2026-05-29 13:13:52.293,2,1.73,,1024000000
2026-05-29 13:13:52.292,3,2.08,,1024000000
2026-05-29 13:13:52.289,2,1.98,,1024000000
2026-05-29 13:13:52.264,3,2,,1024000000
2026-05-29 13:13:52.261,2,1.75,,1024000000
2026-05-29 13:13:52.254,2,1.73,,1024000000
2026-05-29 13:13:52.253,2,1.7,,1024000000
2026-05-29 13:13:52.250,2,1.64,,1024000000
2026-05-29 13:13:52.230,2,1.69,,1024000000
2026-05-29 13:13:52.214,2,1.73,,1024000000
2026-05-29 13:13:52.202,2,1.88,,1024000000
2026-05-29 13:13:52.200,2,1.93,,1024000000
2026-05-29 13:13:52.193,2,1.58,,1024000000
2026-05-29 13:13:52.188,3,2.08,,1024000000
2026-05-29 13:13:52.175,2,1.74,,1024000000
2026-05-29 13:13:52.168,3,2.06,,1024000000
2026-05-29 13:13:52.166,2,1.73,,1024000000
2026-05-29 13:13:52.165,3,2.35,,1024000000
2026-05-29 13:13:52.148,3,2.06,,1024000000
2026-05-29 13:13:52.140,2,1.94,,1024000000
2026-05-29 13:13:52.132,6,5.59,,1024000000
2026-05-29 13:13:52.121,2,1.94,,1024000000
2026-05-29 13:13:52.119,2,1.63,,1024000000
2026-05-29 13:13:52.098,2,1.91,,1024000000
2026-05-29 13:13:52.096,2,2,,1024000000
2026-05-29 13:13:52.092,2,1.66,,1024000000
2026-05-29 13:13:52.074,2,1.69,,1024000000
2026-05-29 13:13:52.061,2,1.96,,1024000000
2026-05-29 13:13:52.051,2,1.74,,1024000000
2026-05-29 13:13:52.017,2,1.67,,1024000000
2026-05-29 13:13:52.013,3,2.21,,1024000000
2026-05-29 13:13:51.971,2,1.73,,1024000000
2026-05-29 13:13:51.961,2,1.76,,1024000000
2026-05-29 13:13:51.886,2,1.81,,1024000000
2026-05-29 13:13:51.885,2,1.75,,1024000000
2026-05-29 13:13:51.870,2,1.76,,1024000000
2026-05-29 13:13:51.869,3,2.16,,1024000000
2026-05-29 13:13:51.864,3,2.06,,1024000000
2026-05-29 13:13:51.853,2,1.76,,1024000000
2026-05-29 13:13:51.851,2,1.73,,1024000000
2026-05-29 13:13:51.830,2,1.64,,1024000000
2026-05-29 13:13:51.824,5,4.71,,1024000000
2026-05-29 13:13:51.813,2,1.66,,1024000000
2026-05-29 13:13:51.810,2,1.79,,1024000000
2026-05-29 13:13:51.797,3,2.15,,1024000000
2026-05-29 13:13:51.789,2,1.63,,1024000000
2026-05-29 13:13:51.785,3,2.03,,1024000000
2026-05-29 13:13:51.741,3,2.21,,1024000000
2026-05-29 13:13:51.698,3,2.31,,1024000000
2026-05-29 13:13:51.690,2,1.54,,1024000000
2026-05-29 13:13:51.685,3,2,,1024000000
2026-05-29 13:13:51.675,3,2.24,,1024000000
2026-05-29 13:13:51.674,2,1.57,,1024000000
2026-05-29 13:13:51.649,3,2.42,,1024000000
2026-05-29 13:13:51.642,2,1.67,,1024000000
2026-05-29 13:13:51.625,3,2.39,,1024000000
2026-05-29 13:13:51.623,2,1.92,,1024000000
2026-05-29 13:13:51.617,2,1.65,,1024000000
2026-05-29 13:13:51.609,2,1.85,,1024000000
2026-05-29 13:13:51.607,2,1.87,,1024000000
2026-05-29 13:13:51.600,2,1.74,,1024000000
2026-05-29 13:13:51.590,3,2.09,,1024000000
2026-05-29 13:13:51.573,2,1.89,,1024000000
2026-05-29 13:13:51.539,2,1.69,,1024000000
2026-05-29 13:13:51.532,2,1.59,,1024000000
2026-05-29 13:13:51.522,2,1.77,,1024000000
2026-05-29 13:13:51.518,3,2.01,,1024000000
2026-05-29 13:13:51.501,2,1.53,,1024000000
2026-05-29 13:13:51.494,2,1.45,,1024000000
2026-05-29 13:13:51.486,2,1.88,,1024000000
2026-05-29 13:13:51.486,2,1.68,,1024000000
2026-05-29 13:13:51.481,2,1.94,,1024000000
2026-05-29 13:13:51.480,2,1.74,,1024000000
2026-05-29 13:13:51.471,2,1.86,,1024000000
2026-05-29 13:13:51.458,2,1.68,,1024000000
2026-05-29 13:13:51.421,3,2.15,,1024000000
2026-05-29 13:13:51.410,2,1.71,,1024000000
2026-05-29 13:13:51.400,2,1.75,,1024000000
2026-05-29 13:13:51.399,2,1.89,,1024000000
2026-05-29 13:13:51.389,3,2.36,,1024000000
2026-05-29 13:13:51.386,3,2.04,,1024000000
2026-05-29 13:13:51.378,3,2.05,,1024000000
2026-05-29 13:13:51.373,2,1.81,,1024000000
2026-05-29 13:13:51.369,2,1.6,,1024000000
2026-05-29 13:13:51.320,2,1.86,,1024000000
2026-05-29 13:13:51.319,2,1.69,,1024000000
2026-05-29 13:13:51.299,2,1.79,,1024000000
2026-05-29 13:13:51.287,2,1.74,,1024000000
2026-05-29 13:13:51.258,2,1.78,,1024000000
2026-05-29 13:13:51.256,2,1.83,,1024000000
2026-05-29 13:13:51.246,2,1.81,,1024000000
2026-05-29 13:13:51.240,2,1.76,,1024000000
2026-05-29 13:13:51.227,2,1.66,,1024000000
2026-05-29 13:13:51.211,2,1.92,,1024000000
2026-05-29 13:13:51.205,3,2.37,,1024000000
2026-05-29 13:13:51.202,2,1.68,,1024000000
2026-05-29 13:13:51.200,3,2.01,,1024000000
2026-05-29 13:13:51.187,2,1.97,,1024000000
2026-05-29 13:13:51.186,2,1.73,,1024000000
2026-05-29 13:13:51.174,2,1.61,,1024000000
2026-05-29 13:13:51.131,2,1.64,,1024000000
2026-05-29 13:13:51.129,3,2.02,,1024000000
2026-05-29 13:13:51.127,2,1.76,,1024000000
2026-05-29 13:13:51.125,2,1.69,,1024000000
2026-05-29 13:13:51.116,2,1.69,,1024000000
2026-05-29 13:13:51.111,2,1.93,,1024000000
2026-05-29 13:13:51.092,2,1.7,,1024000000
2026-05-29 13:13:51.082,2,1.63,,1024000000
2026-05-29 13:13:51.073,2,1.8,,1024000000
2026-05-29 13:13:51.070,2,1.61,,1024000000
2026-05-29 13:13:51.063,2,1.87,,1024000000
2026-05-29 13:13:51.063,2,1.66,,1024000000
2026-05-29 13:13:51.055,3,2.54,,1024000000
2026-05-29 13:13:51.053,2,1.72,,1024000000
2026-05-29 13:13:51.044,2,1.94,,1024000000
2026-05-29 13:13:51.034,2,1.99,,1024000000
2026-05-29 13:13:50.986,2,1.87,,1024000000
2026-05-29 13:13:50.949,2,1.72,,1024000000
2026-05-29 13:13:50.947,2,1.76,,1024000000
2026-05-29 13:13:50.931,2,1.84,,1024000000
2026-05-29 13:13:50.921,2,1.64,,1024000000
2026-05-29 13:13:50.908,2,1.69,,1024000000
2026-05-29 13:13:50.867,2,1.8,,1024000000
2026-05-29 13:13:50.863,2,1.93,,1024000000
2026-05-29 13:13:50.860,3,2.04,,1024000000
2026-05-29 13:13:50.859,2,1.74,,1024000000
2026-05-29 13:13:50.825,2,1.71,,1024000000
2026-05-29 13:13:50.796,2,1.71,,1024000000
2026-05-29 13:13:50.791,2,1.52,,1024000000
2026-05-29 13:13:50.783,2,1.73,,1024000000
2026-05-29 13:13:50.767,2,1.94,,1024000000
2026-05-29 13:13:50.750,2,1.84,,1024000000
2026-05-29 13:13:50.745,2,1.82,,1024000000
2026-05-29 13:13:50.745,7,6.74,,1024000000
2026-05-29 13:13:50.738,2,1.95,,1024000000
2026-05-29 13:13:50.730,2,1.71,,1024000000
2026-05-29 13:13:50.726,2,1.7,,1024000000
2026-05-29 13:13:50.725,3,2.29,,1024000000
2026-05-29 13:13:50.725,2,1.78,,1024000000
2026-05-29 13:13:50.702,2,1.78,,1024000000
2026-05-29 13:13:50.687,3,2.09,,1024000000
2026-05-29 13:13:50.679,2,1.75,,1024000000
2026-05-29 13:13:50.674,2,1.76,,1024000000
2026-05-29 13:13:50.640,2,1.84,,1024000000
2026-05-29 13:13:50.623,2,1.72,,1024000000
2026-05-29 13:13:50.614,2,1.68,,1024000000
2026-05-29 13:13:50.609,2,1.96,,1024000000
2026-05-29 13:13:50.606,2,1.98,,1024000000
2026-05-29 13:13:50.605,2,1.9,,1024000000
2026-05-29 13:13:50.578,2,1.94,,1024000000
2026-05-29 13:13:50.578,2,1.76,,1024000000
2026-05-29 13:13:50.563,2,1.9,,1024000000
2026-05-29 13:13:50.548,2,1.94,,1024000000
2026-05-29 13:13:50.543,2,1.84,,1024000000
2026-05-29 13:13:50.536,2,1.83,,1024000000
2026-05-29 13:13:50.534,3,2.06,,1024000000
2026-05-29 13:13:50.522,2,1.86,,1024000000
2026-05-29 13:13:50.510,2,1.9,,1024000000
2026-05-29 13:13:50.505,3,2.77,,1024000000
2026-05-29 13:13:50.505,2,1.88,,1024000000
2026-05-29 13:13:50.490,2,1.83,,1024000000
2026-05-29 13:13:50.490,2,1.79,,1024000000
2026-05-29 13:13:50.478,2,1.76,,1024000000
2026-05-29 13:13:50.474,2,1.96,,1024000000
2026-05-29 13:13:50.462,2,1.77,,1024000000
2026-05-29 13:13:50.452,2,1.66,,1024000000
2026-05-29 13:13:50.429,8,7.07,,1024000000
2026-05-29 13:13:50.426,3,2.01,,1024000000
2026-05-29 13:13:50.421,3,2.1,,1024000000
2026-05-29 13:13:50.409,2,1.84,,1024000000
2026-05-29 13:13:50.407,2,1.65,,1024000000
2026-05-29 13:13:50.395,2,1.83,,1024000000
2026-05-29 13:13:50.380,2,1.73,,1024000000
2026-05-29 13:13:50.375,2,1.79,,1024000000
2026-05-29 13:13:50.310,2,1.91,,1024000000
2026-05-29 13:13:50.295,2,1.73,,1024000000
2026-05-29 13:13:50.285,2,1.94,,1024000000
2026-05-29 13:13:50.270,3,2.09,,1024000000
2026-05-29 13:13:50.260,2,1.97,,1024000000
2026-05-29 13:13:50.259,2,1.58,,1024000000
2026-05-29 13:13:50.250,3,2.03,,1024000000
2026-05-29 13:13:50.215,2,1.67,,1024000000
2026-05-29 13:13:50.213,2,1.88,,1024000000
2026-05-29 13:13:50.210,3,2.2,,1024000000
2026-05-29 13:13:50.198,2,1.82,,1024000000
2026-05-29 13:13:50.189,2,1.96,,1024000000
2026-05-29 13:13:50.175,2,1.82,,1024000000
2026-05-29 13:13:50.163,2,1.84,,1024000000
2026-05-29 13:13:50.119,2,1.75,,1024000000
2026-05-29 13:13:50.114,2,1.81,,1024000000
2026-05-29 13:13:50.113,2,1.75,,1024000000
2026-05-29 13:13:50.102,7,6.67,,1024000000
2026-05-29 13:13:50.087,2,1.94,,1024000000
2026-05-29 13:13:50.082,2,1.71,,1024000000
2026-05-29 13:13:50.080,2,1.92,,1024000000
2026-05-29 13:13:50.068,5,4.43,,1024000000
2026-05-29 13:13:50.067,2,1.8,,1024000000
2026-05-29 13:13:50.063,3,2.15,,1024000000
2026-05-29 13:13:50.053,3,2.3,,1024000000
2026-05-29 13:13:50.052,2,1.66,,1024000000
2026-05-29 13:13:50.047,2,1.67,,1024000000
2026-05-29 13:13:50.044,2,1.71,,1024000000
2026-05-29 13:13:50.035,3,2.13,,1024000000
2026-05-29 13:13:50.028,2,1.93,,1024000000
2026-05-29 13:13:50.019,2,1.79,,1024000000
2026-05-29 13:13:50.001,2,1.94,,1024000000
2026-05-29 13:13:49.989,2,1.99,,1024000000
2026-05-29 13:13:49.985,2,1.92,,1024000000
2026-05-29 13:13:49.923,2,1.88,,1024000000
2026-05-29 13:13:49.913,3,2.23,,1024000000
2026-05-29 13:13:49.911,2,1.68,,1024000000
2026-05-29 13:13:49.887,4,3.65,,1024000000
2026-05-29 13:13:49.877,2,1.84,,1024000000
2026-05-29 13:13:49.866,2,1.71,,1024000000
2026-05-29 13:13:49.865,2,1.97,,1024000000
2026-05-29 13:13:49.860,2,1.87,,1024000000
2026-05-29 13:13:49.852,2,1.77,,1024000000
2026-05-29 13:13:49.850,3,2.17,,1024000000
2026-05-29 13:13:49.844,2,1.79,,1024000000
2026-05-29 13:13:49.789,2,1.96,,1024000000
2026-05-29 13:13:49.769,2,1.72,,1024000000
2026-05-29 13:13:49.757,2,1.84,,1024000000
2026-05-29 13:13:49.752,2,1.78,,1024000000
2026-05-29 13:13:49.752,2,1.78,,1024000000
2026-05-29 13:13:49.750,2,1.93,,1024000000
2026-05-29 13:13:49.732,2,1.8,,1024000000
2026-05-29 13:13:49.720,2,1.99,,1024000000
2026-05-29 13:13:49.718,2,1.86,,1024000000
2026-05-29 13:13:49.693,2,1.73,,1024000000
2026-05-29 13:13:49.692,2,1.88,,1024000000
2026-05-29 13:13:49.692,6,5.39,,1024000000
2026-05-29 13:13:49.673,3,2.54,,1024000000
2026-05-29 13:13:49.670,2,1.88,,1024000000
2026-05-29 13:13:49.668,2,1.93,,1024000000
2026-05-29 13:13:49.668,2,1.78,,1024000000
2026-05-29 13:13:49.661,2,1.9,,1024000000
2026-05-29 13:13:49.654,2,2,,1024000000
2026-05-29 13:13:49.644,2,1.66,,1024000000
2026-05-29 13:13:49.637,2,1.83,,1024000000
2026-05-29 13:13:49.630,3,2.99,,1024000000
2026-05-29 13:13:49.629,15,14.03,,1024000000
2026-05-29 13:13:49.613,2,1.8,,1024000000
2026-05-29 13:13:49.609,2,1.68,,1024000000
2026-05-29 13:13:49.602,2,1.92,,1024000000
2026-05-29 13:13:49.595,2,1.89,,1024000000
2026-05-29 13:13:49.563,2,1.61,,1024000000
2026-05-29 13:13:49.552,2,1.69,,1024000000
2026-05-29 13:13:49.551,2,1.86,,1024000000
2026-05-29 13:13:49.539,2,1.71,,1024000000
2026-05-29 13:13:49.517,2,1.68,,1024000000
2026-05-29 13:13:49.495,2,1.84,,1024000000
2026-05-29 13:13:49.494,2,1.95,,1024000000
2026-05-29 13:13:49.490,2,1.7,,1024000000
2026-05-29 13:13:49.483,2,1.83,,1024000000
2026-05-29 13:13:49.481,2,1.57,,1024000000
2026-05-29 13:13:49.473,2,1.81,,1024000000
2026-05-29 13:13:49.459,2,1.83,,1024000000
2026-05-29 13:13:49.425,2,1.65,,1024000000
2026-05-29 13:13:49.416,2,1.78,,1024000000
2026-05-29 13:13:49.386,3,2.04,,1024000000
2026-05-29 13:13:49.382,2,1.69,,1024000000
2026-05-29 13:13:49.374,2,1.77,,1024000000
2026-05-29 13:13:49.362,2,1.84,,1024000000
2026-05-29 13:13:49.357,2,1.7,,1024000000
2026-05-29 13:13:49.347,2,1.72,,1024000000
2026-05-29 13:13:49.345,2,1.61,,1024000000
2026-05-29 13:13:49.336,2,1.77,,1024000000
2026-05-29 13:13:49.317,2,1.71,,1024000000
2026-05-29 13:13:49.305,2,1.7,,1024000000
2026-05-29 13:13:49.300,2,1.67,,1024000000
2026-05-29 13:13:49.300,2,1.78,,1024000000
2026-05-29 13:13:49.279,2,1.67,,1024000000
2026-05-29 13:13:49.269,2,1.77,,1024000000
2026-05-29 13:13:49.248,2,1.82,,1024000000
2026-05-29 13:13:49.244,2,1.75,,1024000000
2026-05-29 13:13:49.240,2,1.72,,1024000000
2026-05-29 13:13:49.193,2,1.75,,1024000000
2026-05-29 13:13:49.175,2,1.77,,1024000000
2026-05-29 13:13:49.164,2,1.85,,1024000000
2026-05-29 13:13:49.157,2,1.87,,1024000000
2026-05-29 13:13:49.129,2,1.76,,1024000000
2026-05-29 13:13:49.068,2,1.69,,1024000000
2026-05-29 13:13:49.053,2,1.78,,1024000000
2026-05-29 13:13:49.050,2,1.62,,1024000000
2026-05-29 13:13:49.043,2,1.86,,1024000000
2026-05-29 13:13:49.029,2,1.76,,1024000000
2026-05-29 13:13:49.029,2,1.82,,1024000000
2026-05-29 13:13:49.025,2,1.97,,1024000000
2026-05-29 13:13:49.017,2,1.88,,1024000000
2026-05-29 13:13:49.002,2,1.72,,1024000000
2026-05-29 13:13:48.999,2,1.68,,1024000000
2026-05-29 13:13:48.973,2,1.7,,1024000000
2026-05-29 13:13:48.957,2,1.72,,1024000000
2026-05-29 13:13:48.956,2,1.65,,1024000000
2026-05-29 13:13:48.952,2,1.68,,1024000000
2026-05-29 13:13:48.951,2,1.69,,1024000000
2026-05-29 13:13:48.945,2,1.77,,1024000000
2026-05-29 13:13:48.939,2,1.73,,1024000000
2026-05-29 13:13:48.917,2,1.77,,1024000000
2026-05-29 13:13:48.912,2,1.83,,1024000000
2026-05-29 13:13:48.894,2,1.85,,1024000000
2026-05-29 13:13:48.868,3,2.02,,1024000000
2026-05-29 13:13:48.864,2,1.75,,1024000000
2026-05-29 13:13:48.825,2,1.67,,1024000000
2026-05-29 13:13:48.807,2,1.68,,1024000000
2026-05-29 13:13:48.800,2,1.72,,1024000000
2026-05-29 13:13:48.791,2,1.76,,1024000000
2026-05-29 13:13:48.791,2,1.55,,1024000000
2026-05-29 13:13:48.781,2,1.72,,1024000000
2026-05-29 13:13:48.779,2,1.89,,1024000000
2026-05-29 13:13:48.755,7,6.25,,1024000000
2026-05-29 13:13:48.749,2,1.81,,1024000000
2026-05-29 13:13:48.717,2,1.76,,1024000000
2026-05-29 13:13:48.684,2,1.69,,1024000000
2026-05-29 13:13:48.683,2,1.83,,1024000000
2026-05-29 13:13:48.662,7,6.9,,1024000000
2026-05-29 13:13:48.660,2,1.77,,1024000000
2026-05-29 13:13:48.659,5,4.06,,1024000000
2026-05-29 13:13:48.648,2,1.92,,1024000000
2026-05-29 13:13:48.638,2,1.72,,1024000000
2026-05-29 13:13:48.635,2,1.6,,1024000000
2026-05-29 13:13:48.635,6,5.29,,1024000000
2026-05-29 13:13:48.629,2,1.89,,1024000000
2026-05-29 13:13:48.624,2,1.9,,1024000000
2026-05-29 13:13:48.594,2,1.66,,1024000000
2026-05-29 13:13:48.591,2,1.79,,1024000000
2026-05-29 13:13:48.563,2,1.98,,1024000000
2026-05-29 13:13:48.555,2,1.8,,1024000000
2026-05-29 13:13:48.544,2,1.58,,1024000000
2026-05-29 13:13:48.536,2,1.76,,1024000000
2026-05-29 13:13:48.533,2,1.89,,1024000000
2026-05-29 13:13:48.529,2,1.86,,1024000000
2026-05-29 13:13:48.527,3,2.1,,1024000000
2026-05-29 13:13:48.511,2,1.86,,1024000000
2026-05-29 13:13:48.494,2,1.8,,1024000000
2026-05-29 13:13:48.492,2,1.96,,1024000000
2026-05-29 13:13:48.450,2,1.84,,1024000000
2026-05-29 13:13:48.432,2,1.86,,1024000000
2026-05-29 13:13:48.430,2,1.91,,1024000000
2026-05-29 13:13:48.419,2,1.79,,1024000000
2026-05-29 13:13:48.416,2,1.8,,1024000000
2026-05-29 13:13:48.412,2,1.76,,1024000000
2026-05-29 13:13:48.409,2,1.71,,1024000000
2026-05-29 13:13:48.401,3,2.15,,1024000000
2026-05-29 13:13:48.396,3,2.12,,1024000000
2026-05-29 13:13:48.389,2,1.95,,1024000000
2026-05-29 13:13:48.389,2,1.71,,1024000000
2026-05-29 13:13:48.371,6,5.24,,1024000000
2026-05-29 13:13:48.363,2,1.67,,1024000000
2026-05-29 13:13:48.349,2,1.72,,1024000000
2026-05-29 13:13:48.348,2,1.69,,1024000000
2026-05-29 13:13:48.347,3,2.13,,1024000000
2026-05-29 13:13:48.343,2,1.69,,1024000000
2026-05-29 13:13:48.337,2,1.82,,1024000000
2026-05-29 13:13:48.337,2,2,,1024000000
2026-05-29 13:13:48.329,2,1.84,,1024000000
2026-05-29 13:13:48.324,2,1.78,,1024000000
2026-05-29 13:13:48.323,2,1.72,,1024000000
2026-05-29 13:13:48.297,2,1.62,,1024000000
2026-05-29 13:13:48.280,2,1.7,,1024000000
2026-05-29 13:13:48.278,2,1.71,,1024000000
2026-05-29 13:13:48.276,2,1.64,,1024000000
2026-05-29 13:13:48.272,2,1.81,,1024000000
2026-05-29 13:13:48.233,2,1.69,,1024000000
2026-05-29 13:13:48.233,2,1.44,,1024000000
2026-05-29 13:13:48.226,2,1.81,,1024000000
2026-05-29 13:13:48.212,2,1.47,,1024000000
2026-05-29 13:13:48.211,2,1.86,,1024000000
2026-05-29 13:13:48.203,4,3.41,,1024000000
2026-05-29 13:13:48.178,2,1.73,,1024000000
2026-05-29 13:13:48.152,2,1.44,,1024000000
2026-05-29 13:13:48.149,2,1.94,,1024000000
2026-05-29 13:13:48.147,2,1.9,,1024000000
2026-05-29 13:13:48.144,2,1.65,,1024000000
2026-05-29 13:13:48.144,2,1.69,,1024000000
2026-05-29 13:13:48.126,2,1.85,,1024000000
2026-05-29 13:13:48.111,2,1.8,,1024000000
2026-05-29 13:13:48.099,2,1.9,,1024000000
2026-05-29 13:13:48.095,2,1.61,,1024000000
2026-05-29 13:13:48.088,2,1.71,,1024000000
2026-05-29 13:13:48.070,2,1.86,,1024000000
2026-05-29 13:13:48.063,2,1.92,,1024000000
2026-05-29 13:13:48.041,2,1.77,,1024000000
2026-05-29 13:13:48.040,2,1.88,,1024000000
2026-05-29 13:13:48.021,4,3.31,,1024000000
2026-05-29 13:13:48.008,9,8.26,,1024000000
2026-05-29 13:13:48.002,2,1.82,,1024000000
2026-05-29 13:13:47.984,2,1.86,,1024000000
2026-05-29 13:13:47.982,2,1.66,,1024000000
2026-05-29 13:13:47.973,3,2.02,,1024000000
2026-05-29 13:13:47.969,2,1.74,,1024000000
2026-05-29 13:13:47.968,2,1.76,,1024000000
2026-05-29 13:13:47.952,2,1.65,,1024000000
2026-05-29 13:13:47.947,2,1.74,,1024000000
2026-05-29 13:13:47.943,2,1.98,,1024000000
2026-05-29 13:13:47.924,3,2.07,,1024000000
2026-05-29 13:13:47.920,2,1.64,,1024000000
2026-05-29 13:13:47.917,2,1.66,,1024000000
2026-05-29 13:13:47.902,2,1.71,,1024000000
2026-05-29 13:13:47.878,3,2.04,,1024000000
2026-05-29 13:13:47.870,2,1.97,,1024000000
2026-05-29 13:13:47.861,2,1.97,,1024000000
2026-05-29 13:13:47.846,2,1.88,,1024000000
2026-05-29 13:13:47.844,2,1.73,,1024000000
2026-05-29 13:13:47.828,2,1.76,,1024000000
2026-05-29 13:13:47.827,2,1.81,,1024000000
2026-05-29 13:13:47.808,2,1.79,,1024000000
2026-05-29 13:13:47.795,2,1.96,,1024000000
2026-05-29 13:13:47.776,2,1.81,,1024000000
2026-05-29 13:13:47.754,2,1.71,,1024000000
2026-05-29 13:13:47.743,2,1.88,,1024000000
2026-05-29 13:13:47.727,2,1.75,,1024000000
2026-05-29 13:13:47.720,2,1.87,,1024000000
2026-05-29 13:13:47.715,2,1.94,,1024000000
2026-05-29 13:13:47.675,2,1.58,,1024000000
2026-05-29 13:13:47.665,2,1.65,,1024000000
2026-05-29 13:13:47.659,3,2.02,,1024000000
2026-05-29 13:13:47.656,2,1.86,,1024000000
2026-05-29 13:13:47.618,2,1.8,,1024000000
2026-05-29 13:13:47.596,2,1.69,,1024000000
2026-05-29 13:13:47.591,2,1.77,,1024000000
2026-05-29 13:13:47.559,3,2.05,,1024000000
2026-05-29 13:13:47.526,2,1.92,,1024000000
2026-05-29 13:13:47.508,2,1.83,,1024000000
2026-05-29 13:13:47.492,2,1.88,,1024000000
2026-05-29 13:13:47.488,3,2.65,,1024000000
2026-05-29 13:13:47.484,3,2.02,,1024000000
2026-05-29 13:13:47.455,2,1.96,,1024000000
2026-05-29 13:13:47.447,3,2.17,,1024000000
2026-05-29 13:13:47.446,2,1.89,,1024000000
2026-05-29 13:13:47.400,3,2.08,,1024000000
2026-05-29 13:13:47.394,3,2.08,,1024000000
2026-05-29 13:13:47.387,2,1.6,,1024000000
2026-05-29 13:13:47.384,2,1.62,,1024000000
2026-05-29 13:13:47.378,6,5.52,,1024000000
2026-05-29 13:13:47.377,2,1.75,,1024000000
2026-05-29 13:13:47.373,2,1.85,,1024000000
2026-05-29 13:13:47.333,2,1.8,,1024000000
2026-05-29 13:13:47.330,2,1.69,,1024000000
2026-05-29 13:13:47.297,2,1.79,,1024000000
2026-05-29 13:13:47.285,2,1.66,,1024000000
2026-05-29 13:13:47.275,2,1.58,,1024000000
2026-05-29 13:13:47.274,2,1.92,,1024000000
2026-05-29 13:13:47.271,2,1.75,,1024000000
2026-05-29 13:13:47.264,2,1.89,,1024000000
2026-05-29 13:13:47.236,2,1.89,,1024000000
2026-05-29 13:13:47.215,2,1.74,,1024000000
2026-05-29 13:13:47.201,2,1.77,,1024000000
2026-05-29 13:13:47.167,3,2.62,,1024000000
2026-05-29 13:13:47.163,13,12.23,,1024000000
2026-05-29 13:13:47.161,2,1.76,,1024000000
2026-05-29 13:13:47.144,2,1.7,,1024000000
2026-05-29 13:13:47.144,2,1.69,,1024000000
2026-05-29 13:13:47.141,2,1.54,,1024000000
2026-05-29 13:13:47.134,2,1.96,,1024000000
2026-05-29 13:13:47.117,2,1.79,,1024000000
2026-05-29 13:13:47.103,6,5.31,,1024000000
2026-05-29 13:13:47.050,2,1.88,,1024000000
2026-05-29 13:13:47.050,2,1.69,,1024000000
2026-05-29 13:13:47.039,2,1.81,,1024000000
2026-05-29 13:13:47.035,2,1.74,,1024000000
2026-05-29 13:13:47.016,3,2.08,,1024000000
2026-05-29 13:13:47.010,2,1.76,,1024000000
2026-05-29 13:13:47.006,4,3.97,,1024000000
2026-05-29 13:13:46.997,2,1.69,,1024000000
2026-05-29 13:13:46.988,2,1.96,,1024000000
2026-05-29 13:13:46.982,5,4.44,,1024000000
2026-05-29 13:13:46.966,2,1.76,,1024000000
2026-05-29 13:13:46.955,2,1.76,,1024000000
2026-05-29 13:13:46.952,2,1.69,,1024000000
2026-05-29 13:13:46.943,2,1.83,,1024000000
2026-05-29 13:13:46.941,2,1.83,,1024000000
2026-05-29 13:13:46.934,2,1.89,,1024000000
2026-05-29 13:13:46.927,2,1.78,,1024000000
2026-05-29 13:13:46.925,3,2.04,,1024000000
2026-05-29 13:13:46.922,2,1.75,,1024000000
2026-05-29 13:13:46.917,3,2.5,,1024000000
2026-05-29 13:13:46.905,2,1.75,,1024000000
2026-05-29 13:13:46.871,2,1.9,,1024000000
2026-05-29 13:13:46.870,2,1.72,,1024000000
2026-05-29 13:13:46.860,2,1.81,,1024000000
2026-05-29 13:13:46.853,2,1.65,,1024000000
2026-05-29 13:13:46.848,2,1.87,,1024000000
2026-05-29 13:13:46.837,2,1.71,,1024000000
2026-05-29 13:13:46.834,4,3.3,,1024000000
2026-05-29 13:13:46.802,2,1.79,,1024000000
2026-05-29 13:13:46.792,2,1.77,,1024000000
2026-05-29 13:13:46.784,2,1.77,,1024000000
2026-05-29 13:13:46.776,2,1.8,,1024000000
2026-05-29 13:13:46.773,2,1.79,,1024000000
2026-05-29 13:13:46.744,2,1.71,,1024000000
2026-05-29 13:13:46.741,2,1.7,,1024000000
2026-05-29 13:13:46.717,2,1.71,,1024000000
2026-05-29 13:13:46.714,2,1.69,,1024000000
2026-05-29 13:13:46.713,2,1.67,,1024000000
2026-05-29 13:13:46.708,2,1.92,,1024000000
2026-05-29 13:13:46.708,3,2.93,,1024000000
2026-05-29 13:13:46.683,2,1.86,,1024000000
2026-05-29 13:13:46.683,2,1.9,,1024000000
2026-05-29 13:13:46.654,2,1.7,,1024000000
2026-05-29 13:13:46.642,2,1.77,,1024000000
2026-05-29 13:13:46.638,3,2.13,,1024000000
2026-05-29 13:13:46.637,2,1.71,,1024000000
2026-05-29 13:13:46.633,3,2.06,,1024000000
2026-05-29 13:13:46.602,2,1.92,,1024000000
2026-05-29 13:13:46.601,2,1.57,,1024000000
2026-05-29 13:13:46.599,2,2,,1024000000
2026-05-29 13:13:46.598,7,6.59,,1024000000
2026-05-29 13:13:46.597,2,1.76,,1024000000
2026-05-29 13:13:46.595,2,1.73,,1024000000
2026-05-29 13:13:46.593,2,1.66,,1024000000
2026-05-29 13:13:46.590,2,1.94,,1024000000
2026-05-29 13:13:46.587,3,2.04,,1024000000
2026-05-29 13:13:46.568,17,16.84,,1024000000
2026-05-29 13:13:46.560,3,2.14,,1024000000
2026-05-29 13:13:46.557,2,1.66,,1024000000
2026-05-29 13:13:46.553,2,1.58,,1024000000
2026-05-29 13:13:46.552,2,1.66,,1024000000
2026-05-29 13:13:46.538,3,2.17,,1024000000
2026-05-29 13:13:46.537,2,1.7,,1024000000
2026-05-29 13:13:46.523,2,1.84,,1024000000
2026-05-29 13:13:46.504,2,1.76,,1024000000
2026-05-29 13:13:46.503,2,1.86,,1024000000
2026-05-29 13:13:46.494,2,1.64,,1024000000
2026-05-29 13:13:46.437,2,1.88,,1024000000
2026-05-29 13:13:46.419,2,1.8,,1024000000
2026-05-29 13:13:46.400,2,1.7,,1024000000
2026-05-29 13:13:46.389,2,1.63,,1024000000
2026-05-29 13:13:46.387,13,12.03,,1024000000
2026-05-29 13:13:46.374,2,1.74,,1024000000
2026-05-29 13:13:46.366,5,4.35,,1024000000
2026-05-29 13:13:46.339,2,1.66,,1024000000
2026-05-29 13:13:46.319,2,1.96,,1024000000
2026-05-29 13:13:46.318,2,1.84,,1024000000
2026-05-29 13:13:46.309,2,1.59,,1024000000
2026-05-29 13:13:46.300,2,1.55,,1024000000
2026-05-29 13:13:46.300,2,1.91,,1024000000
2026-05-29 13:13:46.298,2,1.59,,1024000000
2026-05-29 13:13:46.285,2,1.89,,1024000000
2026-05-29 13:13:46.283,2,1.91,,1024000000
2026-05-29 13:13:46.265,9,8.8,,1024000000
2026-05-29 13:13:46.260,2,1.73,,1024000000
2026-05-29 13:13:46.251,2,1.77,,1024000000
2026-05-29 13:13:46.237,2,1.92,,1024000000
2026-05-29 13:13:46.227,2,1.73,,1024000000
2026-05-29 13:13:46.222,2,1.66,,1024000000
2026-05-29 13:13:46.206,2,1.74,,1024000000
2026-05-29 13:13:46.197,3,2.14,,1024000000
2026-05-29 13:13:46.196,2,1.73,,1024000000
2026-05-29 13:13:46.190,2,1.87,,1024000000
2026-05-29 13:13:46.135,2,1.81,,1024000000
2026-05-29 13:13:46.104,2,1.68,,1024000000
2026-05-29 13:13:46.103,3,2.54,,1024000000
2026-05-29 13:13:46.078,2,1.73,,1024000000
2026-05-29 13:13:46.071,2,1.99,,1024000000
2026-05-29 13:13:46.064,2,1.88,,1024000000
2026-05-29 13:13:46.056,2,1.71,,1024000000
2026-05-29 13:13:46.041,2,1.89,,1024000000
2026-05-29 13:13:46.037,2,1.89,,1024000000
2026-05-29 13:13:46.031,2,1.62,,1024000000
2026-05-29 13:13:46.017,2,1.65,,1024000000
2026-05-29 13:13:45.984,3,2.06,,1024000000
2026-05-29 13:13:45.983,2,1.82,,1024000000
2026-05-29 13:13:45.983,2,1.77,,1024000000
2026-05-29 13:13:45.953,2,1.85,,1024000000
2026-05-29 13:13:45.946,2,1.86,,1024000000
2026-05-29 13:13:45.939,2,1.71,,1024000000
2026-05-29 13:13:45.927,2,1.7,,1024000000
2026-05-29 13:13:45.898,2,1.79,,1024000000
2026-05-29 13:13:45.896,3,2.22,,1024000000
2026-05-29 13:13:45.890,2,1.72,,1024000000
2026-05-29 13:13:45.869,2,1.7,,1024000000
2026-05-29 13:13:45.864,2,1.72,,1024000000
2026-05-29 13:13:45.822,3,2.03,,1024000000
2026-05-29 13:13:45.814,2,1.78,,1024000000
2026-05-29 13:13:45.783,2,1.73,,1024000000
2026-05-29 13:13:45.763,2,1.56,,1024000000
2026-05-29 13:13:45.755,2,1.82,,1024000000
2026-05-29 13:13:45.750,2,1.67,,1024000000
2026-05-29 13:13:45.738,2,1.83,,1024000000
2026-05-29 13:13:45.727,2,1.92,,1024000000
2026-05-29 13:13:45.710,2,1.68,,1024000000
2026-05-29 13:13:45.701,2,1.95,,1024000000
2026-05-29 13:13:45.691,2,1.86,,1024000000
2026-05-29 13:13:45.668,2,1.62,,1024000000
2026-05-29 13:13:45.649,2,1.73,,1024000000
2026-05-29 13:13:45.632,2,1.74,,1024000000
2026-05-29 13:13:45.625,2,1.91,,1024000000
2026-05-29 13:13:45.617,2,1.7,,1024000000
2026-05-29 13:13:45.595,2,1.77,,1024000000
2026-05-29 13:13:45.581,3,2.39,,1024000000
2026-05-29 13:13:45.579,2,1.98,,1024000000
2026-05-29 13:13:45.563,2,1.93,,1024000000
2026-05-29 13:13:45.562,2,1.82,,1024000000
2026-05-29 13:13:45.560,2,1.54,,1024000000
2026-05-29 13:13:45.548,2,1.7,,1024000000
2026-05-29 13:13:45.541,2,1.82,,1024000000
2026-05-29 13:13:45.536,2,1.68,,1024000000
2026-05-29 13:13:45.507,2,1.63,,1024000000
2026-05-29 13:13:45.501,2,1.92,,1024000000
2026-05-29 13:13:45.488,2,1.79,,1024000000
2026-05-29 13:13:45.485,3,2.22,,1024000000
2026-05-29 13:13:45.481,2,1.74,,1024000000
2026-05-29 13:13:45.475,2,1.86,,1024000000
2026-05-29 13:13:45.433,2,1.62,,1024000000
2026-05-29 13:13:45.416,2,1.75,,1024000000
2026-05-29 13:13:45.394,2,1.78,,1024000000
2026-05-29 13:13:45.378,2,1.96,,1024000000
2026-05-29 13:13:45.373,2,1.75,,1024000000
2026-05-29 13:13:45.363,2,1.83,,1024000000
2026-05-29 13:13:45.352,2,1.53,,1024000000
2026-05-29 13:13:45.347,2,1.75,,1024000000
2026-05-29 13:13:45.343,2,1.68,,1024000000
2026-05-29 13:13:45.316,2,1.72,,1024000000
2026-05-29 13:13:45.315,2,1.77,,1024000000
2026-05-29 13:13:45.313,2,1.87,,1024000000
2026-05-29 13:13:45.312,2,1.62,,1024000000
2026-05-29 13:13:45.299,2,1.68,,1024000000
2026-05-29 13:13:45.297,2,1.83,,1024000000
2026-05-29 13:13:45.293,2,1.8,,1024000000
2026-05-29 13:13:45.278,2,1.76,,1024000000
2026-05-29 13:13:45.275,2,1.67,,1024000000
2026-05-29 13:13:45.257,2,1.72,,1024000000
2026-05-29 13:13:45.237,2,1.69,,1024000000
2026-05-29 13:13:45.233,2,1.87,,1024000000
2026-05-29 13:13:45.215,2,1.83,,1024000000
2026-05-29 13:13:45.214,2,1.47,,1024000000
2026-05-29 13:13:45.211,2,1.82,,1024000000
2026-05-29 13:13:45.204,2,1.7,,1024000000
2026-05-29 13:13:45.201,2,1.89,,1024000000
2026-05-29 13:13:45.201,2,1.97,,1024000000
2026-05-29 13:13:45.193,2,1.68,,1024000000
2026-05-29 13:13:45.191,3,2.32,,1024000000
2026-05-29 13:13:45.167,2,1.95,,1024000000
2026-05-29 13:13:45.157,2,1.66,,1024000000
2026-05-29 13:13:45.114,2,1.81,,1024000000
2026-05-29 13:13:45.097,2,1.65,,1024000000
2026-05-29 13:13:45.089,2,1.64,,1024000000
2026-05-29 13:13:45.071,11,10.67,,1024000000
2026-05-29 13:13:45.068,3,2.1,,1024000000
2026-05-29 13:13:45.065,2,1.73,,1024000000
2026-05-29 13:13:45.065,2,1.74,,1024000000
2026-05-29 13:13:45.062,4,3.2,,1024000000
2026-05-29 13:13:45.045,2,1.68,,1024000000
2026-05-29 13:13:45.040,2,1.74,,1024000000
2026-05-29 13:13:45.034,2,1.65,,1024000000
2026-05-29 13:13:45.001,2,1.81,,1024000000
2026-05-29 13:13:44.991,2,1.63,,1024000000
2026-05-29 13:13:44.989,2,1.82,,1024000000
2026-05-29 13:13:44.984,2,1.8,,1024000000
2026-05-29 13:13:44.965,2,1.77,,1024000000
2026-05-29 13:13:44.956,2,1.71,,1024000000
2026-05-29 13:13:44.956,6,5.91,,1024000000
2026-05-29 13:13:44.946,2,1.74,,1024000000
2026-05-29 13:13:44.936,2,1.86,,1024000000
2026-05-29 13:13:44.925,2,1.65,,1024000000
2026-05-29 13:13:44.883,2,1.63,,1024000000
2026-05-29 13:13:44.881,2,1.88,,1024000000
2026-05-29 13:13:44.879,2,1.87,,1024000000
2026-05-29 13:13:44.868,6,5.69,,1024000000
2026-05-29 13:13:44.864,2,1.87,,1024000000
2026-05-29 13:13:44.861,2,1.69,,1024000000
2026-05-29 13:13:44.854,2,1.79,,1024000000
2026-05-29 13:13:44.840,2,1.74,,1024000000
2026-05-29 13:13:44.825,2,1.74,,1024000000
2026-05-29 13:13:44.824,3,2.02,,1024000000
2026-05-29 13:13:44.817,3,2.04,,1024000000
2026-05-29 13:13:44.813,2,1.96,,1024000000
2026-05-29 13:13:44.809,2,1.84,,1024000000
2026-05-29 13:13:44.727,2,1.82,,1024000000
2026-05-29 13:13:44.724,2,1.97,,1024000000
2026-05-29 13:13:44.718,2,1.96,,1024000000
2026-05-29 13:13:44.714,2,1.78,,1024000000
2026-05-29 13:13:44.674,2,1.81,,1024000000
2026-05-29 13:13:44.671,2,1.71,,1024000000
2026-05-29 13:13:44.610,2,1.91,,1024000000
2026-05-29 13:13:44.604,2,1.81,,1024000000
2026-05-29 13:13:44.592,2,1.78,,1024000000
2026-05-29 13:13:44.584,2,1.73,,1024000000
2026-05-29 13:13:44.584,2,1.58,,1024000000
2026-05-29 13:13:44.575,2,1.8,,1024000000
2026-05-29 13:13:44.572,2,1.78,,1024000000
2026-05-29 13:13:44.557,2,1.86,,1024000000
2026-05-29 13:13:44.553,2,1.77,,1024000000
2026-05-29 13:13:44.552,3,2.17,,1024000000
2026-05-29 13:13:44.544,3,2.19,,1024000000
2026-05-29 13:13:44.542,2,1.57,,1024000000
2026-05-29 13:13:44.538,6,5.46,,1024000000
2026-05-29 13:13:44.538,2,1.99,,1024000000
2026-05-29 13:13:44.528,2,1.64,,1024000000
2026-05-29 13:13:44.523,2,1.99,,1024000000
2026-05-29 13:13:44.498,2,1.75,,1024000000
2026-05-29 13:13:44.496,2,1.79,,1024000000
2026-05-29 13:13:44.487,2,1.81,,1024000000
2026-05-29 13:13:44.483,2,1.93,,1024000000
2026-05-29 13:13:44.482,2,1.79,,1024000000
2026-05-29 13:13:44.481,2,1.72,,1024000000
2026-05-29 13:13:44.481,2,1.79,,1024000000
2026-05-29 13:13:44.452,2,1.98,,1024000000
2026-05-29 13:13:44.452,2,1.63,,1024000000
2026-05-29 13:13:44.443,2,1.72,,1024000000
2026-05-29 13:13:44.435,3,2.01,,1024000000
2026-05-29 13:13:44.419,2,1.68,,1024000000
2026-05-29 13:13:44.416,2,1.83,,1024000000
2026-05-29 13:13:44.413,2,1.95,,1024000000
2026-05-29 13:13:44.407,3,2.26,,1024000000
2026-05-29 13:13:44.396,2,1.93,,1024000000
2026-05-29 13:13:44.357,2,1.86,,1024000000
2026-05-29 13:13:44.327,2,1.52,,1024000000
2026-05-29 13:13:44.326,3,2.09,,1024000000
2026-05-29 13:13:44.324,2,1.84,,1024000000
2026-05-29 13:13:44.323,2,1.62,,1024000000
2026-05-29 13:13:44.319,18,17.07,,1024000000
2026-05-29 13:13:44.308,2,1.91,,1024000000
2026-05-29 13:13:44.305,2,1.68,,1024000000
2026-05-29 13:13:44.293,2,1.63,,1024000000
2026-05-29 13:13:44.273,2,1.8,,1024000000
2026-05-29 13:13:44.231,2,1.77,,1024000000
2026-05-29 13:13:44.227,3,2.23,,1024000000
2026-05-29 13:13:44.225,2,1.64,,1024000000
2026-05-29 13:13:44.206,2,1.67,,1024000000
2026-05-29 13:13:44.183,2,1.83,,1024000000
2026-05-29 13:13:44.164,2,1.71,,1024000000
2026-05-29 13:13:44.157,3,2,,1024000000
2026-05-29 13:13:44.153,2,1.62,,1024000000
2026-05-29 13:13:44.124,2,1.76,,1024000000
2026-05-29 13:13:44.111,2,1.86,,1024000000
2026-05-29 13:13:44.109,2,1.76,,1024000000
2026-05-29 13:13:44.107,2,1.73,,1024000000
2026-05-29 13:13:44.098,2,1.83,,1024000000
2026-05-29 13:13:44.050,2,1.92,,1024000000
2026-05-29 13:13:44.028,2,1.7,,1024000000
2026-05-29 13:13:44.012,2,1.92,,1024000000
2026-05-29 13:13:44.009,3,2.25,,1024000000
2026-05-29 13:13:44.005,2,1.72,,1024000000
2026-05-29 13:13:44.004,2,1.98,,1024000000
2026-05-29 13:13:44.001,2,1.68,,1024000000
2026-05-29 13:13:43.993,2,1.75,,1024000000
2026-05-29 13:13:43.993,2,1.99,,1024000000
2026-05-29 13:13:43.989,3,2.06,,1024000000
2026-05-29 13:13:43.988,2,1.94,,1024000000
2026-05-29 13:13:43.965,2,1.94,,1024000000
2026-05-29 13:13:43.963,3,2.17,,1024000000
2026-05-29 13:13:43.962,2,1.78,,1024000000
2026-05-29 13:13:43.958,2,1.83,,1024000000
2026-05-29 13:13:43.945,3,2.11,,1024000000
2026-05-29 13:13:43.939,2,1.82,,1024000000
2026-05-29 13:13:43.898,3,2.09,,1024000000
2026-05-29 13:13:43.888,3,2.06,,1024000000
2026-05-29 13:13:43.884,2,1.85,,1024000000
2026-05-29 13:13:43.879,3,2.11,,1024000000
2026-05-29 13:13:43.869,2,1.81,,1024000000
2026-05-29 13:13:43.866,2,1.73,,1024000000
2026-05-29 13:13:43.865,2,1.71,,1024000000
2026-05-29 13:13:43.840,2,1.75,,1024000000
2026-05-29 13:13:43.823,3,2,,1024000000
2026-05-29 13:13:43.817,2,1.64,,1024000000
2026-05-29 13:13:43.816,3,2.23,,1024000000
2026-05-29 13:13:43.814,2,1.72,,1024000000
2026-05-29 13:13:43.804,2,1.66,,1024000000
2026-05-29 13:13:43.780,2,1.97,,1024000000
2026-05-29 13:13:43.768,2,1.63,,1024000000
2026-05-29 13:13:43.767,3,2.32,,1024000000
2026-05-29 13:13:43.727,2,1.91,,1024000000
2026-05-29 13:13:43.722,2,1.62,,1024000000
2026-05-29 13:13:43.720,2,1.89,,1024000000
2026-05-29 13:13:43.712,2,1.85,,1024000000
2026-05-29 13:13:43.700,2,1.79,,1024000000
2026-05-29 13:13:43.698,2,1.99,,1024000000
2026-05-29 13:13:43.694,8,7.45,,1024000000
2026-05-29 13:13:43.693,2,1.71,,1024000000
2026-05-29 13:13:43.689,3,2.36,,1024000000
2026-05-29 13:13:43.684,2,1.89,,1024000000
2026-05-29 13:13:43.676,2,1.85,,1024000000
2026-05-29 13:13:43.674,2,1.77,,1024000000
2026-05-29 13:13:43.656,2,1.6,,1024000000
2026-05-29 13:13:43.627,2,1.76,,1024000000
2026-05-29 13:13:43.610,2,1.64,,1024000000
2026-05-29 13:13:43.596,2,1.66,,1024000000
2026-05-29 13:13:43.574,2,1.52,,1024000000
2026-05-29 13:13:43.567,2,1.84,,1024000000
2026-05-29 13:13:43.564,2,1.88,,1024000000
2026-05-29 13:13:43.564,3,2.06,,1024000000
2026-05-29 13:13:43.559,2,1.69,,1024000000
2026-05-29 13:13:43.553,2,1.85,,1024000000
2026-05-29 13:13:43.527,2,1.82,,1024000000
2026-05-29 13:13:43.482,2,1.89,,1024000000
2026-05-29 13:13:43.457,2,1.98,,1024000000
2026-05-29 13:13:43.450,2,1.75,,1024000000
2026-05-29 13:13:43.441,2,1.78,,1024000000
2026-05-29 13:13:43.395,2,1.69,,1024000000
2026-05-29 13:13:43.395,2,1.72,,1024000000
2026-05-29 13:13:43.371,2,1.79,,1024000000
2026-05-29 13:13:43.360,2,1.74,,1024000000
2026-05-29 13:13:43.354,2,1.77,,1024000000
2026-05-29 13:13:43.331,2,1.9,,1024000000
2026-05-29 13:13:43.316,2,1.69,,1024000000
2026-05-29 13:13:43.314,4,3.37,,1024000000
2026-05-29 13:13:43.306,2,1.88,,1024000000
2026-05-29 13:13:43.298,3,2.09,,1024000000
2026-05-29 13:13:43.297,3,2.56,,1024000000
2026-05-29 13:13:43.287,7,6.92,,1024000000
2026-05-29 13:13:43.279,2,1.57,,1024000000
2026-05-29 13:13:43.272,2,1.67,,1024000000
2026-05-29 13:13:43.268,2,1.82,,1024000000
2026-05-29 13:13:43.267,2,1.76,,1024000000
2026-05-29 13:13:43.260,3,2.02,,1024000000
2026-05-29 13:13:43.233,2,1.88,,1024000000
2026-05-29 13:13:43.229,5,4,,1024000000
2026-05-29 13:13:43.209,3,2.07,,1024000000
2026-05-29 13:13:43.202,2,1.79,,1024000000
2026-05-29 13:13:43.202,2,1.79,,1024000000
2026-05-29 13:13:43.197,2,1.6,,1024000000
2026-05-29 13:13:43.197,3,2.14,,1024000000
2026-05-29 13:13:43.186,2,1.77,,1024000000
2026-05-29 13:13:43.184,2,1.58,,1024000000
2026-05-29 13:13:43.159,10,9.85,,1024000000
2026-05-29 13:13:43.155,2,1.71,,1024000000
2026-05-29 13:13:43.154,4,3.65,,1024000000
2026-05-29 13:13:43.143,2,1.72,,1024000000
2026-05-29 13:13:43.141,2,1.88,,1024000000
2026-05-29 13:13:43.140,3,2.09,,1024000000
2026-05-29 13:13:43.139,2,1.75,,1024000000
2026-05-29 13:13:43.135,5,4.01,,1024000000
2026-05-29 13:13:43.126,2,1.71,,1024000000
2026-05-29 13:13:43.119,2,1.95,,1024000000
2026-05-29 13:13:43.089,2,1.71,,1024000000
2026-05-29 13:13:43.066,2,1.61,,1024000000
2026-05-29 13:13:43.058,2,1.68,,1024000000
2026-05-29 13:13:43.048,2,1.64,,1024000000
2026-05-29 13:13:43.012,2,1.69,,1024000000
2026-05-29 13:13:42.980,2,1.79,,1024000000
2026-05-29 13:13:42.955,2,1.77,,1024000000
2026-05-29 13:13:42.952,2,1.67,,1024000000
2026-05-29 13:13:42.948,2,1.83,,1024000000
2026-05-29 13:13:42.943,2,1.57,,1024000000
2026-05-29 13:13:42.921,3,2.03,,1024000000
2026-05-29 13:13:42.912,3,2.06,,1024000000
2026-05-29 13:13:42.895,3,2.06,,1024000000
2026-05-29 13:13:42.861,2,1.86,,1024000000
2026-05-29 13:13:42.849,24,23,,1024000000
2026-05-29 13:13:42.845,3,2.16,,1024000000
2026-05-29 13:13:42.840,3,2.6,,1024000000
2026-05-29 13:13:42.811,3,2.06,,1024000000
2026-05-29 13:13:42.810,2,1.82,,1024000000
2026-05-29 13:13:42.801,2,1.84,,1024000000
2026-05-29 13:13:42.788,2,1.81,,1024000000
2026-05-29 13:13:42.768,2,1.73,,1024000000
2026-05-29 13:13:42.746,2,1.93,,1024000000
2026-05-29 13:13:42.734,2,1.68,,1024000000
2026-05-29 13:13:42.733,3,2.06,,1024000000
2026-05-29 13:13:42.732,3,2.09,,1024000000
2026-05-29 13:13:42.700,2,1.74,,1024000000
2026-05-29 13:13:42.696,3,2.19,,1024000000
2026-05-29 13:13:42.695,15,14.12,,1024000000
2026-05-29 13:13:42.693,2,1.79,,1024000000
2026-05-29 13:13:42.675,2,1.87,,1024000000
2026-05-29 13:13:42.670,3,2.27,,1024000000
2026-05-29 13:13:42.662,2,1.97,,1024000000
2026-05-29 13:13:42.662,2,1.74,,1024000000
2026-05-29 13:13:42.650,13,12.43,,1024000000
2026-05-29 13:13:42.649,2,1.93,,1024000000
2026-05-29 13:13:42.640,2,1.72,,1024000000
2026-05-29 13:13:42.638,2,1.75,,1024000000
2026-05-29 13:13:42.622,2,1.95,,1024000000
2026-05-29 13:13:42.616,2,1.81,,1024000000
2026-05-29 13:13:42.606,2,1.78,,1024000000
2026-05-29 13:13:42.598,2,1.73,,1024000000
2026-05-29 13:13:42.586,2,1.74,,1024000000
2026-05-29 13:13:42.576,3,2.26,,1024000000
2026-05-29 13:13:42.569,3,2.2,,1024000000
2026-05-29 13:13:42.542,2,1.73,,1024000000
2026-05-29 13:13:42.539,2,1.7,,1024000000
2026-05-29 13:13:42.538,2,1.98,,1024000000
2026-05-29 13:13:42.536,2,1.77,,1024000000
2026-05-29 13:13:42.534,3,2.08,,1024000000
2026-05-29 13:13:42.507,2,1.83,,1024000000
2026-05-29 13:13:42.499,4,3.97,,1024000000
2026-05-29 13:13:42.486,3,2.5,,1024000000
2026-05-29 13:13:42.469,2,1.97,,1024000000
2026-05-29 13:13:42.464,2,1.67,,1024000000
2026-05-29 13:13:42.451,2,1.73,,1024000000
2026-05-29 13:13:42.436,2,1.8,,1024000000
2026-05-29 13:13:42.432,2,1.7,,1024000000
2026-05-29 13:13:42.427,2,1.7,,1024000000
2026-05-29 13:13:42.400,3,2.01,,1024000000
2026-05-29 13:13:42.394,2,1.62,,1024000000
2026-05-29 13:13:42.392,2,1.62,,1024000000
2026-05-29 13:13:42.382,3,2.17,,1024000000
2026-05-29 13:13:42.373,9,8.95,,1024000000
2026-05-29 13:13:42.359,3,2,,1024000000
2026-05-29 13:13:42.357,2,1.72,,1024000000
2026-05-29 13:13:42.326,2,1.82,,1024000000
2026-05-29 13:13:42.319,2,1.84,,1024000000
2026-05-29 13:13:42.318,3,2.01,,1024000000
2026-05-29 13:13:42.317,2,1.69,,1024000000
2026-05-29 13:13:42.315,2,1.69,,1024000000
2026-05-29 13:13:42.293,2,1.67,,1024000000
2026-05-29 13:13:42.279,2,1.84,,1024000000
2026-05-29 13:13:42.247,2,1.69,,1024000000
2026-05-29 13:13:42.239,2,1.81,,1024000000
2026-05-29 13:13:42.233,2,1.74,,1024000000
2026-05-29 13:13:42.200,2,1.79,,1024000000
2026-05-29 13:13:42.199,2,1.83,,1024000000
2026-05-29 13:13:42.198,2,1.64,,1024000000
2026-05-29 13:13:42.195,2,1.86,,1024000000
2026-05-29 13:13:42.188,2,1.62,,1024000000
2026-05-29 13:13:42.180,2,1.9,,1024000000
2026-05-29 13:13:42.162,2,1.9,,1024000000
2026-05-29 13:13:42.155,2,1.75,,1024000000
2026-05-29 13:13:42.148,2,1.61,,1024000000
2026-05-29 13:13:42.143,3,2.7,,1024000000
2026-05-29 13:13:42.119,2,1.71,,1024000000
2026-05-29 13:13:42.114,2,1.85,,1024000000
2026-05-29 13:13:42.109,2,1.47,,1024000000
2026-05-29 13:13:42.101,2,1.75,,1024000000
2026-05-29 13:13:42.099,2,1.7,,1024000000
2026-05-29 13:13:42.088,2,1.88,,1024000000
2026-05-29 13:13:42.074,2,1.74,,1024000000
2026-05-29 13:13:42.073,2,1.71,,1024000000
2026-05-29 13:13:42.066,2,1.94,,1024000000
2026-05-29 13:13:42.065,2,1.83,,1024000000
2026-05-29 13:13:42.060,2,1.97,,1024000000
2026-05-29 13:13:42.059,2,1.81,,1024000000
2026-05-29 13:13:42.021,2,1.88,,1024000000
2026-05-29 13:13:42.020,2,1.81,,1024000000
2026-05-29 13:13:42.006,3,2.2,,1024000000
2026-05-29 13:13:42.000,2,1.62,,1024000000
2026-05-29 13:13:41.988,2,1.76,,1024000000
2026-05-29 13:13:41.980,2,1.71,,1024000000
2026-05-29 13:13:41.970,3,2.6,,1024000000
2026-05-29 13:13:41.950,2,1.7,,1024000000
2026-05-29 13:13:41.948,2,1.76,,1024000000
2026-05-29 13:13:41.940,2,2,,1024000000
2026-05-29 13:13:41.933,2,1.74,,1024000000
2026-05-29 13:13:41.926,2,1.7,,1024000000
2026-05-29 13:13:41.906,2,1.78,,1024000000
2026-05-29 13:13:41.884,2,1.82,,1024000000
2026-05-29 13:13:41.867,6,5.28,,1024000000
2026-05-29 13:13:41.863,8,7.48,,1024000000
2026-05-29 13:13:41.837,8,7.27,,1024000000
2026-05-29 13:13:41.817,3,2.19,,1024000000
2026-05-29 13:13:41.816,2,1.78,,1024000000
2026-05-29 13:13:41.815,2,1.67,,1024000000
2026-05-29 13:13:41.794,2,1.67,,1024000000
2026-05-29 13:13:41.794,2,1.93,,1024000000
2026-05-29 13:13:41.771,2,1.74,,1024000000
2026-05-29 13:13:41.760,2,1.79,,1024000000
2026-05-29 13:13:41.740,2,1.62,,1024000000
2026-05-29 13:13:41.735,2,1.73,,1024000000
2026-05-29 13:13:41.719,2,1.81,,1024000000
2026-05-29 13:13:41.704,2,1.93,,1024000000
2026-05-29 13:13:41.682,2,1.69,,1024000000
2026-05-29 13:13:41.679,2,1.72,,1024000000
2026-05-29 13:13:41.670,2,1.87,,1024000000
2026-05-29 13:13:41.655,2,1.68,,1024000000
2026-05-29 13:13:41.647,3,2.01,,1024000000
2026-05-29 13:13:41.646,2,1.68,,1024000000
2026-05-29 13:13:41.645,2,1.69,,1024000000
2026-05-29 13:13:41.641,2,1.72,,1024000000
2026-05-29 13:13:41.609,2,1.78,,1024000000
2026-05-29 13:13:41.585,2,1.86,,1024000000
2026-05-29 13:13:41.576,2,1.78,,1024000000
2026-05-29 13:13:41.518,2,1.82,,1024000000
2026-05-29 13:13:41.514,2,1.65,,1024000000
2026-05-29 13:13:41.512,2,1.86,,1024000000
2026-05-29 13:13:41.511,2,1.89,,1024000000
2026-05-29 13:13:41.508,3,2.6,,1024000000
2026-05-29 13:13:41.507,2,1.82,,1024000000
2026-05-29 13:13:41.505,2,1.72,,1024000000
2026-05-29 13:13:41.500,2,1.7,,1024000000
2026-05-29 13:13:41.490,2,1.57,,1024000000
2026-05-29 13:13:41.481,2,1.71,,1024000000
2026-05-29 13:13:41.470,2,1.71,,1024000000
2026-05-29 13:13:41.469,2,1.82,,1024000000
2026-05-29 13:13:41.460,11,10.01,,1024000000
2026-05-29 13:13:41.459,2,1.93,,1024000000
2026-05-29 13:13:41.450,2,1.92,,1024000000
2026-05-29 13:13:41.446,2,1.64,,1024000000
2026-05-29 13:13:41.445,2,1.79,,1024000000
2026-05-29 13:13:41.441,2,1.85,,1024000000
2026-05-29 13:13:41.432,3,2.1,,1024000000
2026-05-29 13:13:41.429,2,1.82,,1024000000
2026-05-29 13:13:41.419,2,1.84,,1024000000
2026-05-29 13:13:41.380,2,1.78,,1024000000
2026-05-29 13:13:41.368,2,1.86,,1024000000
2026-05-29 13:13:41.333,2,1.52,,1024000000
2026-05-29 13:13:41.324,2,1.84,,1024000000
2026-05-29 13:13:41.298,2,1.94,,1024000000
2026-05-29 13:13:41.297,2,1.69,,1024000000
2026-05-29 13:13:41.290,2,1.64,,1024000000
2026-05-29 13:13:41.290,2,1.74,,1024000000
2026-05-29 13:13:41.258,2,1.85,,1024000000
2026-05-29 13:13:41.245,2,1.97,,1024000000
2026-05-29 13:13:41.243,2,1.7,,1024000000
2026-05-29 13:13:41.232,2,1.71,,1024000000
2026-05-29 13:13:41.229,2,1.74,,1024000000
2026-05-29 13:13:41.215,2,1.76,,1024000000
2026-05-29 13:13:41.210,2,1.78,,1024000000
2026-05-29 13:13:41.208,2,1.68,,1024000000
2026-05-29 13:13:41.204,2,1.8,,1024000000
2026-05-29 13:13:41.186,3,2.07,,1024000000
2026-05-29 13:13:41.144,2,1.82,,1024000000
2026-05-29 13:13:41.123,3,2.35,,1024000000
2026-05-29 13:13:41.105,2,1.77,,1024000000
2026-05-29 13:13:41.098,2,1.73,,1024000000
2026-05-29 13:13:41.097,2,1.84,,1024000000
2026-05-29 13:13:41.080,3,2,,1024000000
2026-05-29 13:13:41.078,7,6.2,,1024000000
2026-05-29 13:13:41.063,2,1.81,,1024000000
2026-05-29 13:13:41.055,2,1.62,,1024000000
2026-05-29 13:13:41.053,2,1.8,,1024000000
2026-05-29 13:13:41.046,2,1.74,,1024000000
2026-05-29 13:13:41.017,2,1.68,,1024000000
2026-05-29 13:13:40.980,2,1.74,,1024000000
2026-05-29 13:13:40.969,3,2.25,,1024000000
2026-05-29 13:13:40.966,3,2.04,,1024000000
2026-05-29 13:13:40.965,2,1.83,,1024000000
2026-05-29 13:13:40.949,2,1.85,,1024000000
2026-05-29 13:13:40.945,2,1.81,,1024000000
2026-05-29 13:13:40.942,2,1.72,,1024000000
2026-05-29 13:13:40.913,3,2,,1024000000
2026-05-29 13:13:40.887,2,1.77,,1024000000
2026-05-29 13:13:40.864,3,2.34,,1024000000
2026-05-29 13:13:40.831,2,1.83,,1024000000
2026-05-29 13:13:40.825,2,1.84,,1024000000
2026-05-29 13:13:40.812,2,1.7,,1024000000
2026-05-29 13:13:40.795,2,1.89,,1024000000
2026-05-29 13:13:40.789,2,1.75,,1024000000
2026-05-29 13:13:40.788,2,1.7,,1024000000
2026-05-29 13:13:40.787,2,1.72,,1024000000
2026-05-29 13:13:40.763,2,1.83,,1024000000
2026-05-29 13:13:40.761,2,1.86,,1024000000
2026-05-29 13:13:40.752,13,12.66,,1024000000
2026-05-29 13:13:40.725,2,1.9,,1024000000
2026-05-29 13:13:40.722,7,6.11,,1024000000
2026-05-29 13:13:40.715,2,1.8,,1024000000
2026-05-29 13:13:40.710,7,6.02,,1024000000
2026-05-29 13:13:40.699,2,1.79,,1024000000
2026-05-29 13:13:40.688,10,9.01,,1024000000
2026-05-29 13:13:40.687,2,1.79,,1024000000
2026-05-29 13:13:40.684,2,1.68,,1024000000
2026-05-29 13:13:40.682,2,1.75,,1024000000
2026-05-29 13:13:40.677,2,1.83,,1024000000
2026-05-29 13:13:40.672,6,5.02,,1024000000
2026-05-29 13:13:40.652,3,2.02,,1024000000
2026-05-29 13:13:40.641,2,1.98,,1024000000
2026-05-29 13:13:40.617,2,1.84,,1024000000
2026-05-29 13:13:40.613,2,1.85,,1024000000
2026-05-29 13:13:40.612,2,1.85,,1024000000
2026-05-29 13:13:40.588,2,1.73,,1024000000
2026-05-29 13:13:40.558,3,2,,1024000000
2026-05-29 13:13:40.547,2,1.88,,1024000000
2026-05-29 13:13:40.543,2,1.7,,1024000000
2026-05-29 13:13:40.523,2,1.71,,1024000000
2026-05-29 13:13:40.518,2,1.9,,1024000000
2026-05-29 13:13:40.507,2,1.65,,1024000000
2026-05-29 13:13:40.491,2,1.99,,1024000000
2026-05-29 13:13:40.486,4,3.25,,1024000000
2026-05-29 13:13:40.484,2,1.84,,1024000000
2026-05-29 13:13:40.435,2,1.59,,1024000000
2026-05-29 13:13:40.426,2,1.77,,1024000000
2026-05-29 13:13:40.424,2,1.71,,1024000000
2026-05-29 13:13:40.424,2,1.88,,1024000000
2026-05-29 13:13:40.414,2,1.67,,1024000000
2026-05-29 13:13:40.407,2,1.66,,1024000000
2026-05-29 13:13:40.386,7,6.84,,1024000000
2026-05-29 13:13:40.380,2,1.67,,1024000000
2026-05-29 13:13:40.376,3,2.22,,1024000000
2026-05-29 13:13:40.361,2,1.87,,1024000000
2026-05-29 13:13:40.361,2,1.87,,1024000000
2026-05-29 13:13:40.354,8,7.29,,1024000000
2026-05-29 13:13:40.349,3,2.02,,1024000000
2026-05-29 13:13:40.324,2,1.68,,1024000000
2026-05-29 13:13:40.321,2,1.99,,1024000000
2026-05-29 13:13:40.315,3,2.25,,1024000000
2026-05-29 13:13:40.312,3,2.41,,1024000000
2026-05-29 13:13:40.305,2,1.96,,1024000000
2026-05-29 13:13:40.304,2,2,,1024000000
2026-05-29 13:13:40.303,2,1.81,,1024000000
2026-05-29 13:13:40.300,2,1.9,,1024000000
2026-05-29 13:13:40.231,2,1.83,,1024000000
2026-05-29 13:13:40.218,2,1.62,,1024000000
2026-05-29 13:13:40.174,3,2.12,,1024000000
2026-05-29 13:13:40.173,2,1.75,,1024000000
2026-05-29 13:13:40.172,3,2.14,,1024000000
2026-05-29 13:13:40.172,2,1.99,,1024000000
2026-05-29 13:13:40.167,2,1.81,,1024000000
2026-05-29 13:13:40.166,2,1.8,,1024000000
2026-05-29 13:13:40.157,2,1.92,,1024000000
2026-05-29 13:13:40.139,2,1.81,,1024000000
2026-05-29 13:13:40.129,2,1.8,,1024000000
2026-05-29 13:13:40.120,2,1.78,,1024000000
2026-05-29 13:13:40.082,2,1.92,,1024000000
2026-05-29 13:13:40.072,2,1.74,,1024000000
2026-05-29 13:13:40.068,3,2.13,,1024000000
2026-05-29 13:13:40.051,2,1.77,,1024000000
2026-05-29 13:13:40.015,2,1.82,,1024000000
2026-05-29 13:13:40.014,2,1.94,,1024000000
2026-05-29 13:13:40.010,2,1.69,,1024000000
2026-05-29 13:13:40.008,3,2.05,,1024000000
2026-05-29 13:13:39.997,2,1.65,,1024000000
2026-05-29 13:13:39.982,2,1.81,,1024000000
2026-05-29 13:13:39.981,2,1.7,,1024000000
2026-05-29 13:13:39.966,2,1.79,,1024000000
2026-05-29 13:13:39.966,2,1.73,,1024000000
2026-05-29 13:13:39.962,2,1.88,,1024000000
2026-05-29 13:13:39.952,2,1.76,,1024000000
2026-05-29 13:13:39.931,2,1.77,,1024000000
2026-05-29 13:13:39.929,2,1.78,,1024000000
2026-05-29 13:13:39.923,2,1.86,,1024000000
2026-05-29 13:13:39.905,2,1.75,,1024000000
2026-05-29 13:13:39.899,9,8.19,,1024000000
2026-05-29 13:13:39.894,2,1.77,,1024000000
2026-05-29 13:13:39.890,2,1.69,,1024000000
2026-05-29 13:13:39.884,2,1.79,,1024000000
2026-05-29 13:13:39.884,4,3.64,,1024000000
2026-05-29 13:13:39.873,3,2.18,,1024000000
2026-05-29 13:13:39.858,2,1.81,,1024000000
2026-05-29 13:13:39.850,2,1.84,,1024000000
2026-05-29 13:13:39.826,2,1.88,,1024000000
2026-05-29 13:13:39.824,2,1.89,,1024000000
2026-05-29 13:13:39.820,2,1.58,,1024000000
2026-05-29 13:13:39.794,2,1.84,,1024000000
2026-05-29 13:13:39.782,2,1.74,,1024000000
2026-05-29 13:13:39.781,2,1.66,,1024000000
2026-05-29 13:13:39.777,2,1.64,,1024000000
2026-05-29 13:13:39.770,2,1.61,,1024000000
2026-05-29 13:13:39.768,3,2.08,,1024000000
2026-05-29 13:13:39.761,2,1.76,,1024000000
2026-05-29 13:13:39.754,2,1.79,,1024000000
2026-05-29 13:13:39.753,2,1.78,,1024000000
2026-05-29 13:13:39.749,2,1.7,,1024000000
2026-05-29 13:13:39.748,3,2.12,,1024000000
2026-05-29 13:13:39.722,2,1.79,,1024000000
2026-05-29 13:13:39.707,2,1.72,,1024000000
2026-05-29 13:13:39.693,2,1.85,,1024000000
2026-05-29 13:13:39.690,2,1.71,,1024000000
2026-05-29 13:13:39.688,2,1.81,,1024000000
2026-05-29 13:13:39.681,2,1.91,,1024000000
2026-05-29 13:13:39.666,2,1.71,,1024000000
2026-05-29 13:13:39.660,2,1.72,,1024000000
2026-05-29 13:13:39.610,2,1.66,,1024000000
2026-05-29 13:13:39.609,2,1.72,,1024000000
2026-05-29 13:13:39.608,2,1.64,,1024000000
2026-05-29 13:13:39.599,2,1.69,,1024000000
2026-05-29 13:13:39.587,2,1.89,,1024000000
2026-05-29 13:13:39.584,2,1.9,,1024000000
2026-05-29 13:13:39.575,2,1.79,,1024000000
2026-05-29 13:13:39.562,2,1.82,,1024000000
2026-05-29 13:13:39.555,2,1.86,,1024000000
2026-05-29 13:13:39.551,2,1.8,,1024000000
2026-05-29 13:13:39.549,2,1.93,,1024000000
2026-05-29 13:13:39.545,2,1.72,,1024000000
2026-05-29 13:13:39.520,2,1.77,,1024000000
2026-05-29 13:13:39.499,2,1.64,,1024000000
2026-05-29 13:13:39.491,2,1.7,,1024000000
2026-05-29 13:13:39.452,2,1.64,,1024000000
2026-05-29 13:13:39.452,2,1.74,,1024000000
2026-05-29 13:13:39.409,2,1.82,,1024000000
2026-05-29 13:13:39.408,2,1.83,,1024000000
2026-05-29 13:13:39.384,2,1.87,,1024000000
2026-05-29 13:13:39.378,2,1.72,,1024000000
2026-05-29 13:13:39.368,2,1.74,,1024000000
2026-05-29 13:13:39.368,3,2.02,,1024000000
2026-05-29 13:13:39.353,2,1.88,,1024000000
2026-05-29 13:13:39.329,2,1.88,,1024000000
2026-05-29 13:13:39.322,2,1.84,,1024000000
2026-05-29 13:13:39.312,2,1.89,,1024000000
2026-05-29 13:13:39.289,2,1.67,,1024000000
2026-05-29 13:13:39.252,6,5.18,,1024000000
2026-05-29 13:13:39.233,2,1.68,,1024000000
2026-05-29 13:13:39.231,2,1.68,,1024000000
2026-05-29 13:13:39.209,2,1.65,,1024000000
2026-05-29 13:13:39.209,2,1.91,,1024000000
2026-05-29 13:13:39.182,3,2.1,,1024000000
2026-05-29 13:13:39.169,2,1.73,,1024000000
2026-05-29 13:13:39.143,3,2.02,,1024000000
2026-05-29 13:13:39.134,3,2.44,,1024000000
2026-05-29 13:13:39.127,2,1.83,,1024000000
2026-05-29 13:13:39.118,2,1.96,,1024000000
2026-05-29 13:13:39.079,2,1.74,,1024000000
2026-05-29 13:13:39.067,2,1.97,,1024000000
2026-05-29 13:13:39.065,2,1.76,,1024000000
2026-05-29 13:13:39.062,2,1.72,,1024000000
2026-05-29 13:13:39.055,2,1.69,,1024000000
2026-05-29 13:13:39.054,2,1.84,,1024000000
2026-05-29 13:13:39.054,2,1.96,,1024000000
2026-05-29 13:13:39.052,2,1.68,,1024000000
2026-05-29 13:13:39.047,2,1.69,,1024000000
2026-05-29 13:13:39.016,2,1.79,,1024000000
2026-05-29 13:13:39.003,2,1.81,,1024000000
2026-05-29 13:13:39.001,2,1.62,,1024000000
2026-05-29 13:13:39.001,3,2.13,,1024000000
2026-05-29 13:13:38.996,2,1.72,,1024000000
2026-05-29 13:13:38.995,2,1.76,,1024000000
2026-05-29 13:13:38.988,2,1.81,,1024000000
2026-05-29 13:13:38.961,2,1.96,,1024000000
2026-05-29 13:13:38.953,2,1.81,,1024000000
2026-05-29 13:13:38.916,2,1.75,,1024000000
2026-05-29 13:13:38.896,2,1.75,,1024000000
2026-05-29 13:13:38.879,2,1.65,,1024000000
2026-05-29 13:13:38.869,2,1.88,,1024000000
2026-05-29 13:13:38.860,2,1.83,,1024000000
2026-05-29 13:13:38.831,2,1.79,,1024000000
2026-05-29 13:13:38.817,5,4.5,,1024000000
2026-05-29 13:13:38.817,3,2.08,,1024000000
2026-05-29 13:13:38.803,2,1.83,,1024000000
2026-05-29 13:13:38.802,2,1.74,,1024000000
2026-05-29 13:13:38.799,2,1.59,,1024000000
2026-05-29 13:13:38.774,2,1.86,,1024000000
2026-05-29 13:13:38.750,2,1.76,,1024000000
2026-05-29 13:13:38.741,2,1.78,,1024000000
2026-05-29 13:13:38.728,2,1.97,,1024000000
2026-05-29 13:13:38.704,2,1.75,,1024000000
2026-05-29 13:13:38.696,2,1.78,,1024000000
2026-05-29 13:13:38.653,2,1.91,,1024000000
2026-05-29 13:13:38.652,2,1.89,,1024000000
2026-05-29 13:13:38.652,2,1.8,,1024000000
2026-05-29 13:13:38.652,2,1.82,,1024000000
2026-05-29 13:13:38.646,3,2.19,,1024000000
2026-05-29 13:13:38.638,2,1.69,,1024000000
2026-05-29 13:13:38.618,2,1.7,,1024000000
2026-05-29 13:13:38.613,2,1.71,,1024000000
2026-05-29 13:13:38.613,2,1.76,,1024000000
2026-05-29 13:13:38.602,2,1.71,,1024000000
2026-05-29 13:13:38.601,2,1.61,,1024000000
2026-05-29 13:13:38.599,2,1.88,,1024000000
2026-05-29 13:13:38.597,2,1.83,,1024000000
2026-05-29 13:13:38.567,2,1.89,,1024000000
2026-05-29 13:13:38.565,2,1.79,,1024000000
2026-05-29 13:13:38.549,2,1.96,,1024000000
2026-05-29 13:13:38.539,2,1.77,,1024000000
2026-05-29 13:13:38.485,3,2.25,,1024000000
2026-05-29 13:13:38.480,2,1.74,,1024000000
2026-05-29 13:13:38.479,2,1.69,,1024000000
2026-05-29 13:13:38.477,2,1.77,,1024000000
2026-05-29 13:13:38.472,2,1.65,,1024000000
2026-05-29 13:13:38.454,2,1.74,,1024000000
2026-05-29 13:13:38.453,2,1.65,,1024000000
2026-05-29 13:13:38.449,2,1.72,,1024000000
2026-05-29 13:13:38.426,2,1.86,,1024000000
2026-05-29 13:13:38.415,3,2.04,,1024000000
2026-05-29 13:13:38.393,2,1.91,,1024000000
2026-05-29 13:13:38.391,2,1.69,,1024000000
2026-05-29 13:13:38.390,2,1.74,,1024000000
2026-05-29 13:13:38.386,2,1.88,,1024000000
2026-05-29 13:13:38.336,2,1.64,,1024000000
2026-05-29 13:13:38.312,2,1.99,,1024000000
2026-05-29 13:13:38.311,2,1.75,,1024000000
2026-05-29 13:13:38.306,2,1.63,,1024000000
2026-05-29 13:13:38.304,2,1.68,,1024000000
2026-05-29 13:13:38.296,2,1.8,,1024000000
2026-05-29 13:13:38.284,2,1.79,,1024000000
2026-05-29 13:13:38.283,2,1.71,,1024000000
2026-05-29 13:13:38.283,2,1.7,,1024000000
2026-05-29 13:13:38.280,3,2.63,,1024000000
2026-05-29 13:13:38.278,2,1.62,,1024000000
2026-05-29 13:13:38.273,2,1.68,,1024000000
2026-05-29 13:13:38.264,2,1.74,,1024000000
2026-05-29 13:13:38.253,6,5.68,,1024000000
2026-05-29 13:13:38.250,2,1.65,,1024000000
2026-05-29 13:13:38.249,2,1.75,,1024000000
2026-05-29 13:13:38.234,2,1.91,,1024000000
2026-05-29 13:13:38.219,2,1.66,,1024000000
2026-05-29 13:13:38.187,2,1.55,,1024000000
2026-05-29 13:13:38.174,2,1.7,,1024000000
2026-05-29 13:13:38.172,2,1.69,,1024000000
2026-05-29 13:13:38.148,2,1.67,,1024000000
2026-05-29 13:13:38.147,2,1.69,,1024000000
2026-05-29 13:13:38.142,2,1.78,,1024000000
2026-05-29 13:13:38.140,2,1.53,,1024000000
2026-05-29 13:13:38.131,2,1.87,,1024000000
2026-05-29 13:13:38.110,2,1.67,,1024000000
2026-05-29 13:13:38.103,2,1.96,,1024000000
2026-05-29 13:13:38.096,3,2.1,,1024000000
2026-05-29 13:13:38.081,3,2.27,,1024000000
2026-05-29 13:13:38.080,2,1.7,,1024000000
2026-05-29 13:13:38.070,2,1.92,,1024000000
2026-05-29 13:13:38.061,2,1.98,,1024000000
2026-05-29 13:13:38.060,2,1.69,,1024000000
2026-05-29 13:13:38.043,2,1.81,,1024000000
2026-05-29 13:13:38.028,2,1.67,,1024000000
2026-05-29 13:13:38.023,2,1.65,,1024000000
2026-05-29 13:13:37.979,2,1.65,,1024000000
2026-05-29 13:13:37.977,2,1.86,,1024000000
2026-05-29 13:13:37.968,2,1.91,,1024000000
2026-05-29 13:13:37.948,2,1.67,,1024000000
2026-05-29 13:13:37.945,2,1.76,,1024000000
2026-05-29 13:13:37.933,2,1.75,,1024000000
2026-05-29 13:13:37.925,2,1.73,,1024000000
2026-05-29 13:13:37.913,2,1.68,,1024000000
2026-05-29 13:13:37.883,2,1.68,,1024000000
2026-05-29 13:13:37.882,2,1.65,,1024000000
2026-05-29 13:13:37.882,2,1.85,,1024000000
2026-05-29 13:13:37.880,2,1.95,,1024000000
2026-05-29 13:13:37.869,3,2.25,,1024000000
2026-05-29 13:13:37.858,2,1.7,,1024000000
2026-05-29 13:13:37.855,2,1.81,,1024000000
2026-05-29 13:13:37.851,2,1.72,,1024000000
2026-05-29 13:13:37.837,2,1.96,,1024000000
2026-05-29 13:13:37.834,2,1.57,,1024000000
2026-05-29 13:13:37.821,2,1.89,,1024000000
2026-05-29 13:13:37.821,2,1.96,,1024000000
2026-05-29 13:13:37.814,2,1.75,,1024000000
2026-05-29 13:13:37.785,2,1.88,,1024000000
2026-05-29 13:13:37.774,2,1.99,,1024000000
2026-05-29 13:13:37.767,2,1.67,,1024000000
2026-05-29 13:13:37.765,2,1.91,,1024000000
2026-05-29 13:13:37.758,2,1.75,,1024000000
2026-05-29 13:13:37.755,2,1.8,,1024000000
2026-05-29 13:13:37.746,3,2.11,,1024000000
2026-05-29 13:13:37.744,2,1.91,,1024000000
2026-05-29 13:13:37.740,2,1.56,,1024000000
2026-05-29 13:13:37.740,2,1.91,,1024000000
2026-05-29 13:13:37.731,2,1.72,,1024000000
2026-05-29 13:13:37.726,2,1.81,,1024000000
2026-05-29 13:13:37.715,2,1.69,,1024000000
2026-05-29 13:13:37.700,2,1.74,,1024000000
2026-05-29 13:13:37.696,2,1.83,,1024000000
2026-05-29 13:13:37.685,2,1.67,,1024000000
2026-05-29 13:13:37.678,2,1.61,,1024000000
2026-05-29 13:13:37.645,2,1.75,,1024000000
2026-05-29 13:13:37.600,2,1.81,,1024000000
2026-05-29 13:13:37.600,2,1.81,,1024000000
2026-05-29 13:13:37.587,2,1.65,,1024000000
2026-05-29 13:13:37.573,2,1.75,,1024000000
2026-05-29 13:13:37.565,2,1.71,,1024000000
2026-05-29 13:13:37.546,3,2.37,,1024000000
2026-05-29 13:13:37.520,2,1.76,,1024000000
2026-05-29 13:13:37.516,2,1.74,,1024000000
2026-05-29 13:13:37.502,2,1.97,,1024000000
2026-05-29 13:13:37.489,22,21.98,,1024000000
2026-05-29 13:13:37.476,3,2.21,,1024000000
2026-05-29 13:13:37.458,11,10.13,,1024000000
2026-05-29 13:13:37.454,2,1.84,,1024000000
2026-05-29 13:13:37.452,2,1.74,,1024000000
2026-05-29 13:13:37.452,2,1.93,,1024000000
2026-05-29 13:13:37.447,2,1.77,,1024000000
2026-05-29 13:13:37.419,3,2.26,,1024000000
2026-05-29 13:13:37.419,2,1.65,,1024000000
2026-05-29 13:13:37.398,2,1.83,,1024000000
2026-05-29 13:13:37.349,3,2.03,,1024000000
2026-05-29 13:13:37.346,2,1.72,,1024000000
2026-05-29 13:13:37.346,2,1.71,,1024000000
2026-05-29 13:13:37.324,2,1.77,,1024000000
2026-05-29 13:13:37.299,2,1.87,,1024000000
2026-05-29 13:13:37.296,2,1.77,,1024000000
2026-05-29 13:13:37.281,2,1.71,,1024000000
2026-05-29 13:13:37.273,2,1.83,,1024000000
2026-05-29 13:13:37.245,2,1.7,,1024000000
2026-05-29 13:13:37.239,2,1.81,,1024000000
2026-05-29 13:13:37.233,2,1.71,,1024000000
2026-05-29 13:13:37.194,2,1.79,,1024000000
2026-05-29 13:13:37.159,2,1.87,,1024000000
2026-05-29 13:13:37.145,2,1.73,,1024000000
2026-05-29 13:13:37.128,2,1.95,,1024000000
2026-05-29 13:13:37.123,2,1.74,,1024000000
2026-05-29 13:13:37.122,2,1.71,,1024000000
2026-05-29 13:13:37.119,2,1.89,,1024000000
2026-05-29 13:13:37.096,2,1.93,,1024000000
2026-05-29 13:13:37.086,2,1.69,,1024000000
2026-05-29 13:13:37.079,2,1.69,,1024000000
2026-05-29 13:13:37.062,2,1.71,,1024000000
2026-05-29 13:13:37.055,2,1.66,,1024000000
2026-05-29 13:13:37.046,2,1.85,,1024000000
2026-05-29 13:13:37.043,2,1.66,,1024000000
2026-05-29 13:13:37.017,2,1.98,,1024000000
2026-05-29 13:13:37.017,2,1.93,,1024000000
2026-05-29 13:13:37.010,2,1.77,,1024000000
2026-05-29 13:13:37.008,2,1.73,,1024000000
2026-05-29 13:13:36.999,2,1.86,,1024000000
2026-05-29 13:13:36.993,2,1.72,,1024000000
2026-05-29 13:13:36.986,2,1.78,,1024000000
2026-05-29 13:13:36.976,2,2,,1024000000
2026-05-29 13:13:36.971,2,1.72,,1024000000
2026-05-29 13:13:36.956,2,1.72,,1024000000
2026-05-29 13:13:36.948,2,1.7,,1024000000
2026-05-29 13:13:36.917,2,1.73,,1024000000
2026-05-29 13:13:36.909,2,1.73,,1024000000
2026-05-29 13:13:36.893,2,1.8,,1024000000
2026-05-29 13:13:36.890,3,2.17,,1024000000
2026-05-29 13:13:36.881,2,1.94,,1024000000
2026-05-29 13:13:36.868,2,1.66,,1024000000
2026-05-29 13:13:36.868,2,1.66,,1024000000
2026-05-29 13:13:36.853,2,1.76,,1024000000
2026-05-29 13:13:36.850,2,1.75,,1024000000
2026-05-29 13:13:36.848,2,1.89,,1024000000
2026-05-29 13:13:36.846,2,1.82,,1024000000
2026-05-29 13:13:36.832,2,1.72,,1024000000
2026-05-29 13:13:36.817,3,2.06,,1024000000
2026-05-29 13:13:36.815,2,1.92,,1024000000
2026-05-29 13:13:36.814,3,2.27,,1024000000
2026-05-29 13:13:36.813,2,1.7,,1024000000
2026-05-29 13:13:36.796,2,1.7,,1024000000
2026-05-29 13:13:36.780,2,1.72,,1024000000
2026-05-29 13:13:36.768,2,1.8,,1024000000
2026-05-29 13:13:36.766,2,1.97,,1024000000
2026-05-29 13:13:36.742,2,1.77,,1024000000
2026-05-29 13:13:36.715,2,1.7,,1024000000
2026-05-29 13:13:36.709,2,1.65,,1024000000
2026-05-29 13:13:36.702,2,1.93,,1024000000
2026-05-29 13:13:36.693,2,1.66,,1024000000
2026-05-29 13:13:36.677,2,1.71,,1024000000
2026-05-29 13:13:36.668,2,1.68,,1024000000
2026-05-29 13:13:36.657,2,1.64,,1024000000
2026-05-29 13:13:36.656,2,1.82,,1024000000
2026-05-29 13:13:36.655,3,2.48,,1024000000
2026-05-29 13:13:36.654,3,2,,1024000000
2026-05-29 13:13:36.650,2,1.72,,1024000000
2026-05-29 13:13:36.649,3,2.09,,1024000000
2026-05-29 13:13:36.646,2,1.8,,1024000000
2026-05-29 13:13:36.626,2,1.76,,1024000000
2026-05-29 13:13:36.590,3,2.33,,1024000000
2026-05-29 13:13:36.580,2,1.73,,1024000000
2026-05-29 13:13:36.577,2,1.98,,1024000000
2026-05-29 13:13:36.550,3,2.03,,1024000000
2026-05-29 13:13:36.521,3,2.06,,1024000000
2026-05-29 13:13:36.513,2,1.7,,1024000000
2026-05-29 13:13:36.511,3,2.01,,1024000000
2026-05-29 13:13:36.502,2,1.72,,1024000000
2026-05-29 13:13:36.498,2,1.86,,1024000000
2026-05-29 13:13:36.467,2,1.63,,1024000000
2026-05-29 13:13:36.459,2,1.84,,1024000000
2026-05-29 13:13:36.442,3,2.15,,1024000000
2026-05-29 13:13:36.441,2,1.69,,1024000000
2026-05-29 13:13:36.418,2,1.63,,1024000000
2026-05-29 13:13:36.404,3,2.01,,1024000000
2026-05-29 13:13:36.395,2,1.89,,1024000000
2026-05-29 13:13:36.391,3,2.12,,1024000000
2026-05-29 13:13:36.390,2,1.54,,1024000000
2026-05-29 13:13:36.388,2,1.83,,1024000000
2026-05-29 13:13:36.360,2,1.65,,1024000000
2026-05-29 13:13:36.351,2,1.93,,1024000000
2026-05-29 13:13:36.350,2,1.67,,1024000000
2026-05-29 13:13:36.339,2,1.74,,1024000000
2026-05-29 13:13:36.336,2,1.72,,1024000000
2026-05-29 13:13:36.321,2,1.71,,1024000000
2026-05-29 13:13:36.319,2,1.71,,1024000000
2026-05-29 13:13:36.313,2,1.71,,1024000000
2026-05-29 13:13:36.309,2,1.83,,1024000000
2026-05-29 13:13:36.284,2,1.85,,1024000000
2026-05-29 13:13:36.282,3,2.02,,1024000000
2026-05-29 13:13:36.282,2,1.87,,1024000000
2026-05-29 13:13:36.276,2,1.84,,1024000000
2026-05-29 13:13:36.274,2,1.9,,1024000000
2026-05-29 13:13:36.251,2,1.89,,1024000000
2026-05-29 13:13:36.234,3,2,,1024000000
2026-05-29 13:13:36.224,2,1.64,,1024000000
2026-05-29 13:13:36.222,2,1.88,,1024000000
2026-05-29 13:13:36.221,2,1.9,,1024000000
2026-05-29 13:13:36.216,2,1.66,,1024000000
2026-05-29 13:13:36.194,2,1.89,,1024000000
2026-05-29 13:13:36.184,2,1.97,,1024000000
2026-05-29 13:13:36.181,2,1.92,,1024000000
2026-05-29 13:13:36.158,2,1.97,,1024000000
2026-05-29 13:13:36.154,2,1.75,,1024000000
2026-05-29 13:13:36.142,2,1.71,,1024000000
2026-05-29 13:13:36.140,2,1.74,,1024000000
2026-05-29 13:13:36.120,2,1.56,,1024000000
2026-05-29 13:13:36.117,2,1.68,,1024000000
2026-05-29 13:13:36.111,2,1.75,,1024000000
2026-05-29 13:13:36.105,2,1.81,,1024000000
2026-05-29 13:13:36.103,2,1.66,,1024000000
2026-05-29 13:13:36.102,2,1.73,,1024000000
2026-05-29 13:13:36.086,2,1.49,,1024000000
2026-05-29 13:13:36.075,2,1.68,,1024000000
2026-05-29 13:13:36.074,2,1.81,,1024000000
2026-05-29 13:13:36.057,2,1.7,,1024000000
2026-05-29 13:13:36.053,2,1.87,,1024000000
2026-05-29 13:13:36.026,2,1.69,,1024000000
2026-05-29 13:13:36.018,2,1.89,,1024000000
2026-05-29 13:13:36.016,2,1.63,,1024000000
2026-05-29 13:13:35.986,2,1.81,,1024000000
2026-05-29 13:13:35.970,2,1.63,,1024000000
2026-05-29 13:13:35.970,2,1.7,,1024000000
2026-05-29 13:13:35.933,6,5.45,,1024000000
2026-05-29 13:13:35.922,2,1.95,,1024000000
2026-05-29 13:13:35.918,3,2.06,,1024000000
2026-05-29 13:13:35.911,2,1.63,,1024000000
2026-05-29 13:13:35.901,2,1.79,,1024000000
2026-05-29 13:13:35.881,2,1.85,,1024000000
2026-05-29 13:13:35.868,2,1.53,,1024000000
2026-05-29 13:13:35.858,7,6.86,,1024000000
2026-05-29 13:13:35.857,2,1.79,,1024000000
2026-05-29 13:13:35.855,2,1.65,,1024000000
2026-05-29 13:13:35.854,2,1.8,,1024000000
2026-05-29 13:13:35.816,2,1.67,,1024000000
2026-05-29 13:13:35.798,2,1.78,,1024000000
2026-05-29 13:13:35.797,2,1.74,,1024000000
2026-05-29 13:13:35.786,2,1.6,,1024000000
2026-05-29 13:13:35.785,2,1.69,,1024000000
2026-05-29 13:13:35.784,2,1.75,,1024000000
2026-05-29 13:13:35.777,2,1.67,,1024000000
2026-05-29 13:13:35.770,2,1.72,,1024000000
2026-05-29 13:13:35.749,2,1.68,,1024000000
2026-05-29 13:13:35.727,2,1.75,,1024000000
2026-05-29 13:13:35.717,2,1.74,,1024000000
2026-05-29 13:13:35.711,2,1.71,,1024000000
2026-05-29 13:13:35.708,3,2.03,,1024000000
2026-05-29 13:13:35.704,2,1.86,,1024000000
2026-05-29 13:13:35.687,2,1.7,,1024000000
2026-05-29 13:13:35.663,2,1.74,,1024000000
2026-05-29 13:13:35.633,3,2.13,,1024000000
2026-05-29 13:13:35.628,2,1.72,,1024000000
2026-05-29 13:13:35.623,2,1.81,,1024000000
2026-05-29 13:13:35.621,2,1.69,,1024000000
2026-05-29 13:13:35.592,2,1.72,,1024000000
2026-05-29 13:13:35.584,2,1.93,,1024000000
2026-05-29 13:13:35.567,2,1.8,,1024000000
2026-05-29 13:13:35.541,2,1.5,,1024000000
2026-05-29 13:13:35.534,2,1.79,,1024000000
2026-05-29 13:13:35.528,2,1.82,,1024000000
2026-05-29 13:13:35.512,2,1.75,,1024000000
2026-05-29 13:13:35.497,5,4.58,,1024000000
2026-05-29 13:13:35.496,2,1.7,,1024000000
2026-05-29 13:13:35.472,2,1.84,,1024000000
2026-05-29 13:13:35.459,2,1.55,,1024000000
2026-05-29 13:13:35.450,2,1.73,,1024000000
2026-05-29 13:13:35.435,2,1.89,,1024000000
2026-05-29 13:13:35.430,2,1.6,,1024000000
2026-05-29 13:13:35.382,2,1.87,,1024000000
2026-05-29 13:13:35.364,2,1.93,,1024000000
2026-05-29 13:13:35.361,2,1.69,,1024000000
2026-05-29 13:13:35.358,3,2.05,,1024000000
2026-05-29 13:13:35.343,2,1.85,,1024000000
2026-05-29 13:13:35.337,3,2.22,,1024000000
2026-05-29 13:13:35.336,2,1.86,,1024000000
2026-05-29 13:13:35.332,3,2.09,,1024000000
2026-05-29 13:13:35.323,13,12.6,,1024000000
2026-05-29 13:13:35.319,2,1.69,,1024000000
2026-05-29 13:13:35.273,2,1.78,,1024000000
2026-05-29 13:13:35.267,2,2,,1024000000
2026-05-29 13:13:35.253,2,1.61,,1024000000
2026-05-29 13:13:35.245,2,1.66,,1024000000
2026-05-29 13:13:35.241,9,8.53,,1024000000
2026-05-29 13:13:35.217,2,1.89,,1024000000
2026-05-29 13:13:35.216,2,1.7,,1024000000
2026-05-29 13:13:35.201,2,1.75,,1024000000
2026-05-29 13:13:35.198,2,1.69,,1024000000
2026-05-29 13:13:35.168,3,2.45,,1024000000
2026-05-29 13:13:35.150,2,1.54,,1024000000
2026-05-29 13:13:35.146,3,2.05,,1024000000
2026-05-29 13:13:35.145,2,1.9,,1024000000
2026-05-29 13:13:35.143,2,1.97,,1024000000
2026-05-29 13:13:35.128,2,1.91,,1024000000
2026-05-29 13:13:35.113,7,6.81,,1024000000
2026-05-29 13:13:35.109,2,1.85,,1024000000
2026-05-29 13:13:35.091,2,1.71,,1024000000
2026-05-29 13:13:35.087,2,1.72,,1024000000
2026-05-29 13:13:35.087,2,1.58,,1024000000
2026-05-29 13:13:35.074,3,2.74,,1024000000
2026-05-29 13:13:35.063,2,1.8,,1024000000
2026-05-29 13:13:35.059,2,1.71,,1024000000
2026-05-29 13:13:35.056,2,1.71,,1024000000
2026-05-29 13:13:35.045,2,1.73,,1024000000
2026-05-29 13:13:35.040,2,1.88,,1024000000
2026-05-29 13:13:35.038,2,1.81,,1024000000
2026-05-29 13:13:34.972,2,1.67,,1024000000
2026-05-29 13:13:34.943,2,1.83,,1024000000
2026-05-29 13:13:34.938,2,2,,1024000000
2026-05-29 13:13:34.936,2,1.66,,1024000000
2026-05-29 13:13:34.935,2,1.65,,1024000000
2026-05-29 13:13:34.922,3,2.13,,1024000000
2026-05-29 13:13:34.918,2,1.76,,1024000000
2026-05-29 13:13:34.918,2,1.77,,1024000000
2026-05-29 13:13:34.907,2,1.97,,1024000000
2026-05-29 13:13:34.883,2,1.76,,1024000000
2026-05-29 13:13:34.865,2,1.71,,1024000000
2026-05-29 13:13:34.864,2,1.69,,1024000000
2026-05-29 13:13:34.860,2,1.8,,1024000000
2026-05-29 13:13:34.853,2,1.85,,1024000000
2026-05-29 13:13:34.848,6,5.68,,1024000000
2026-05-29 13:13:34.839,2,1.71,,1024000000
2026-05-29 13:13:34.829,3,2.23,,1024000000
2026-05-29 13:13:34.810,3,2.03,,1024000000
2026-05-29 13:13:34.806,2,1.92,,1024000000
2026-05-29 13:13:34.793,2,1.76,,1024000000
2026-05-29 13:13:34.789,2,1.97,,1024000000
2026-05-29 13:13:34.773,2,1.81,,1024000000
2026-05-29 13:13:34.751,2,1.92,,1024000000
2026-05-29 13:13:34.741,2,1.77,,1024000000
2026-05-29 13:13:34.728,2,1.67,,1024000000
2026-05-29 13:13:34.726,2,1.79,,1024000000
2026-05-29 13:13:34.725,3,2.02,,1024000000
2026-05-29 13:13:34.703,2,1.74,,1024000000
2026-05-29 13:13:34.676,2,1.94,,1024000000
2026-05-29 13:13:34.665,2,1.6,,1024000000
2026-05-29 13:13:34.664,3,2.29,,1024000000
2026-05-29 13:13:34.661,3,2.04,,1024000000
2026-05-29 13:13:34.659,2,1.98,,1024000000
2026-05-29 13:13:34.656,2,1.8,,1024000000
2026-05-29 13:13:34.610,2,1.8,,1024000000
2026-05-29 13:13:34.608,2,1.69,,1024000000
2026-05-29 13:13:34.575,2,1.87,,1024000000
2026-05-29 13:13:34.557,2,1.61,,1024000000
2026-05-29 13:13:34.549,2,1.71,,1024000000
2026-05-29 13:13:34.547,2,1.9,,1024000000
2026-05-29 13:13:34.543,2,1.91,,1024000000
2026-05-29 13:13:34.538,2,1.74,,1024000000
2026-05-29 13:13:34.532,2,1.9,,1024000000
2026-05-29 13:13:34.513,2,1.71,,1024000000
2026-05-29 13:13:34.507,2,1.72,,1024000000
2026-05-29 13:13:34.505,2,1.71,,1024000000
2026-05-29 13:13:34.505,3,2.13,,1024000000
2026-05-29 13:13:34.479,2,1.93,,1024000000
2026-05-29 13:13:34.479,2,1.69,,1024000000
2026-05-29 13:13:34.465,3,2.37,,1024000000
2026-05-29 13:13:34.465,4,3.4,,1024000000
2026-05-29 13:13:34.443,3,2.95,,1024000000
2026-05-29 13:13:34.433,2,1.78,,1024000000
2026-05-29 13:13:34.422,2,1.61,,1024000000
2026-05-29 13:13:34.420,2,1.75,,1024000000
2026-05-29 13:13:34.404,2,1.71,,1024000000
2026-05-29 13:13:34.395,2,1.98,,1024000000
2026-05-29 13:13:34.394,2,1.61,,1024000000
2026-05-29 13:13:34.378,2,1.59,,1024000000
2026-05-29 13:13:34.371,2,1.79,,1024000000
2026-05-29 13:13:34.344,2,1.8,,1024000000
2026-05-29 13:13:34.338,3,2.04,,1024000000
2026-05-29 13:13:34.317,2,1.67,,1024000000
2026-05-29 13:13:34.312,2,1.93,,1024000000
2026-05-29 13:13:34.306,2,1.69,,1024000000
2026-05-29 13:13:34.293,2,1.74,,1024000000
2026-05-29 13:13:34.283,2,1.89,,1024000000
2026-05-29 13:13:34.274,2,1.91,,1024000000
2026-05-29 13:13:34.261,2,1.85,,1024000000
2026-05-29 13:13:34.259,2,1.6,,1024000000
2026-05-29 13:13:34.253,2,1.92,,1024000000
2026-05-29 13:13:34.252,2,1.57,,1024000000
2026-05-29 13:13:34.250,9,8.85,,1024000000
2026-05-29 13:13:34.247,2,1.75,,1024000000
2026-05-29 13:13:34.213,2,1.96,,1024000000
2026-05-29 13:13:34.208,2,1.91,,1024000000
2026-05-29 13:13:34.186,2,1.66,,1024000000
2026-05-29 13:13:34.164,3,2.04,,1024000000
2026-05-29 13:13:34.140,2,1.86,,1024000000
2026-05-29 13:13:34.120,2,1.68,,1024000000
2026-05-29 13:13:34.113,12,11.31,,1024000000
2026-05-29 13:13:34.084,2,1.8,,1024000000
2026-05-29 13:13:34.082,3,2.11,,1024000000
2026-05-29 13:13:34.080,2,1.98,,1024000000
2026-05-29 13:13:34.073,2,1.81,,1024000000
2026-05-29 13:13:34.067,3,2.42,,1024000000
2026-05-29 13:13:34.055,2,1.74,,1024000000
2026-05-29 13:13:34.048,2,1.81,,1024000000
2026-05-29 13:13:34.036,2,1.74,,1024000000
2026-05-29 13:13:34.029,2,1.58,,1024000000
2026-05-29 13:13:34.028,2,1.71,,1024000000
2026-05-29 13:13:34.015,3,2.72,,1024000000
2026-05-29 13:13:34.008,2,1.74,,1024000000
2026-05-29 13:13:33.986,8,7.9,,1024000000
2026-05-29 13:13:33.978,2,1.89,,1024000000
2026-05-29 13:13:33.975,2,1.96,,1024000000
2026-05-29 13:13:33.964,2,1.79,,1024000000
2026-05-29 13:13:33.955,2,1.88,,1024000000
2026-05-29 13:13:33.954,2,1.79,,1024000000
2026-05-29 13:13:33.909,2,1.94,,1024000000
2026-05-29 13:13:33.907,2,1.76,,1024000000
2026-05-29 13:13:33.879,13,12.85,,1024000000
2026-05-29 13:13:33.877,2,1.87,,1024000000
2026-05-29 13:13:33.863,2,1.99,,1024000000
2026-05-29 13:13:33.852,2,1.76,,1024000000
2026-05-29 13:13:33.845,2,1.67,,1024000000
2026-05-29 13:13:33.831,2,1.75,,1024000000
2026-05-29 13:13:33.828,2,1.89,,1024000000
2026-05-29 13:13:33.820,2,1.74,,1024000000
2026-05-29 13:13:33.818,2,1.7,,1024000000
2026-05-29 13:13:33.793,2,1.8,,1024000000
2026-05-29 13:13:33.789,2,1.71,,1024000000
2026-05-29 13:13:33.784,2,1.86,,1024000000
2026-05-29 13:13:33.778,2,1.77,,1024000000
2026-05-29 13:13:33.777,3,2.14,,1024000000
2026-05-29 13:13:33.753,2,1.87,,1024000000
2026-05-29 13:13:33.751,2,1.89,,1024000000
2026-05-29 13:13:33.741,2,1.48,,1024000000
2026-05-29 13:13:33.734,2,1.85,,1024000000
2026-05-29 13:13:33.724,3,2.04,,1024000000
2026-05-29 13:13:33.716,2,1.9,,1024000000
2026-05-29 13:13:33.708,2,1.79,,1024000000
2026-05-29 13:13:33.707,2,1.85,,1024000000
2026-05-29 13:13:33.705,2,1.84,,1024000000
2026-05-29 13:13:33.682,2,1.65,,1024000000
2026-05-29 13:13:33.678,2,1.59,,1024000000
2026-05-29 13:13:33.678,3,2.18,,1024000000
2026-05-29 13:13:33.675,2,1.78,,1024000000
2026-05-29 13:13:33.672,9,8.07,,1024000000
2026-05-29 13:13:33.670,2,1.72,,1024000000
2026-05-29 13:13:33.666,2,1.59,,1024000000
2026-05-29 13:13:33.649,2,1.72,,1024000000
2026-05-29 13:13:33.642,2,1.93,,1024000000
2026-05-29 13:13:33.615,2,1.79,,1024000000
2026-05-29 13:13:33.580,6,5.85,,1024000000
2026-05-29 13:13:33.572,2,1.94,,1024000000
2026-05-29 13:13:33.563,2,1.79,,1024000000
2026-05-29 13:13:33.550,7,6.07,,1024000000
2026-05-29 13:13:33.514,2,1.86,,1024000000
2026-05-29 13:13:33.497,2,1.83,,1024000000
2026-05-29 13:13:33.482,2,1.72,,1024000000
2026-05-29 13:13:33.480,2,1.89,,1024000000
2026-05-29 13:13:33.470,2,1.65,,1024000000
2026-05-29 13:13:33.462,2,1.75,,1024000000
2026-05-29 13:13:33.461,6,5.32,,1024000000
2026-05-29 13:13:33.460,2,1.6,,1024000000
2026-05-29 13:13:33.457,2,2,,1024000000
2026-05-29 13:13:33.456,2,1.98,,1024000000
2026-05-29 13:13:33.424,2,1.85,,1024000000
2026-05-29 13:13:33.422,13,12.62,,1024000000
2026-05-29 13:13:33.419,2,1.86,,1024000000
2026-05-29 13:13:33.390,2,1.74,,1024000000
2026-05-29 13:13:33.368,2,1.87,,1024000000
2026-05-29 13:13:33.332,2,1.7,,1024000000
2026-05-29 13:13:33.325,2,1.95,,1024000000
2026-05-29 13:13:33.310,2,1.7,,1024000000
2026-05-29 13:13:33.306,2,1.71,,1024000000
2026-05-29 13:13:33.304,3,2.1,,1024000000
2026-05-29 13:13:33.281,2,1.7,,1024000000
2026-05-29 13:13:33.259,2,1.7,,1024000000
2026-05-29 13:13:33.256,2,1.88,,1024000000
2026-05-29 13:13:33.206,2,1.82,,1024000000
2026-05-29 13:13:33.185,2,1.75,,1024000000
2026-05-29 13:13:33.174,2,1.77,,1024000000
2026-05-29 13:13:33.167,11,10.8,,1024000000
2026-05-29 13:13:33.167,2,1.76,,1024000000
2026-05-29 13:13:33.121,8,7.24,,1024000000
2026-05-29 13:13:33.099,2,1.81,,1024000000
2026-05-29 13:13:33.087,3,2.3,,1024000000
2026-05-29 13:13:33.086,4,3.91,,1024000000
2026-05-29 13:13:33.079,2,1.86,,1024000000
2026-05-29 13:13:33.074,2,1.75,,1024000000
2026-05-29 13:13:33.069,2,1.56,,1024000000
2026-05-29 13:13:33.067,2,1.49,,1024000000
2026-05-29 13:13:33.061,2,1.72,,1024000000
2026-05-29 13:13:33.058,2,1.97,,1024000000
2026-05-29 13:13:33.058,2,1.91,,1024000000
2026-05-29 13:13:33.011,2,1.81,,1024000000
2026-05-29 13:13:33.008,3,2.02,,1024000000
2026-05-29 13:13:32.986,2,1.86,,1024000000
2026-05-29 13:13:32.972,2,1.68,,1024000000
2026-05-29 13:13:32.968,3,2.12,,1024000000
2026-05-29 13:13:32.963,2,1.81,,1024000000
2026-05-29 13:13:32.958,2,2,,1024000000
2026-05-29 13:13:32.956,2,1.59,,1024000000
2026-05-29 13:13:32.955,15,14.99,,1024000000
2026-05-29 13:13:32.946,2,1.81,,1024000000
2026-05-29 13:13:32.943,3,2.36,,1024000000
2026-05-29 13:13:32.926,2,1.69,,1024000000
2026-05-29 13:13:32.913,2,1.8,,1024000000
2026-05-29 13:13:32.890,3,2.15,,1024000000
2026-05-29 13:13:32.889,55,54.02,,1024000000
2026-05-29 13:13:32.884,2,1.84,,1024000000
2026-05-29 13:13:32.881,3,2.1,,1024000000
2026-05-29 13:13:32.871,2,1.71,,1024000000
2026-05-29 13:13:32.851,2,1.75,,1024000000
2026-05-29 13:13:32.843,2,1.93,,1024000000
2026-05-29 13:13:32.843,2,1.75,,1024000000
2026-05-29 13:13:32.836,2,1.82,,1024000000
2026-05-29 13:13:32.813,2,1.74,,1024000000
2026-05-29 13:13:32.805,2,1.81,,1024000000
2026-05-29 13:13:32.798,2,1.74,,1024000000
2026-05-29 13:13:32.797,2,1.92,,1024000000
2026-05-29 13:13:32.780,3,2.03,,1024000000
2026-05-29 13:13:32.774,2,1.85,,1024000000
2026-05-29 13:13:32.729,2,1.77,,1024000000
2026-05-29 13:13:32.715,3,2.13,,1024000000
2026-05-29 13:13:32.710,2,1.92,,1024000000
2026-05-29 13:13:32.706,2,1.68,,1024000000
2026-05-29 13:13:32.672,3,2.22,,1024000000
2026-05-29 13:13:32.659,2,1.77,,1024000000
2026-05-29 13:13:32.656,2,1.81,,1024000000
2026-05-29 13:13:32.644,2,1.76,,1024000000
2026-05-29 13:13:32.621,2,1.56,,1024000000
2026-05-29 13:13:32.614,2,1.56,,1024000000
2026-05-29 13:13:32.608,3,2.91,,1024000000
2026-05-29 13:13:32.594,7,6.19,,1024000000
2026-05-29 13:13:32.592,2,1.85,,1024000000
2026-05-29 13:13:32.573,2,1.97,,1024000000
2026-05-29 13:13:32.560,2,1.8,,1024000000
2026-05-29 13:13:32.549,2,1.72,,1024000000
2026-05-29 13:13:32.539,2,1.98,,1024000000
2026-05-29 13:13:32.525,2,1.69,,1024000000
2026-05-29 13:13:32.501,2,1.7,,1024000000
2026-05-29 13:13:32.489,2,1.75,,1024000000
2026-05-29 13:13:32.479,2,1.75,,1024000000
2026-05-29 13:13:32.477,2,1.69,,1024000000
2026-05-29 13:13:32.473,2,1.95,,1024000000
2026-05-29 13:13:32.470,2,1.82,,1024000000
2026-05-29 13:13:32.468,2,1.78,,1024000000
2026-05-29 13:13:32.463,2,1.7,,1024000000
2026-05-29 13:13:32.448,2,1.51,,1024000000
2026-05-29 13:13:32.440,2,1.51,,1024000000
2026-05-29 13:13:32.439,2,1.83,,1024000000
2026-05-29 13:13:32.433,3,2.1,,1024000000
2026-05-29 13:13:32.430,4,3.28,,1024000000
2026-05-29 13:13:32.425,2,1.95,,1024000000
2026-05-29 13:13:32.419,10,9.88,,1024000000
2026-05-29 13:13:32.416,9,8.5,,1024000000
2026-05-29 13:13:32.383,3,2.33,,1024000000
2026-05-29 13:13:32.370,2,1.86,,1024000000
2026-05-29 13:13:32.368,2,1.96,,1024000000
2026-05-29 13:13:32.363,2,1.84,,1024000000
2026-05-29 13:13:32.361,3,2.76,,1024000000
2026-05-29 13:13:32.356,2,1.72,,1024000000
2026-05-29 13:13:32.337,2,1.69,,1024000000
2026-05-29 13:13:32.327,2,1.77,,1024000000
2026-05-29 13:13:32.327,2,1.59,,1024000000
2026-05-29 13:13:32.311,2,1.54,,1024000000
2026-05-29 13:13:32.302,2,1.87,,1024000000
2026-05-29 13:13:32.301,2,1.73,,1024000000
2026-05-29 13:13:32.290,2,1.73,,1024000000
2026-05-29 13:13:32.280,2,1.82,,1024000000
2026-05-29 13:13:32.275,3,2.08,,1024000000
2026-05-29 13:13:32.227,2,1.66,,1024000000
2026-05-29 13:13:32.220,2,1.96,,1024000000
2026-05-29 13:13:32.220,2,1.73,,1024000000
2026-05-29 13:13:32.213,3,2.08,,1024000000
2026-05-29 13:13:32.172,2,1.93,,1024000000
2026-05-29 13:13:32.164,2,1.64,,1024000000
2026-05-29 13:13:32.153,3,2.16,,1024000000
2026-05-29 13:13:32.123,2,1.82,,1024000000
2026-05-29 13:13:32.105,2,1.65,,1024000000
2026-05-29 13:13:32.077,2,1.86,,1024000000
2026-05-29 13:13:32.065,2,1.73,,1024000000
2026-05-29 13:13:32.048,2,1.94,,1024000000
2026-05-29 13:13:32.048,2,1.97,,1024000000
2026-05-29 13:13:32.042,2,1.98,,1024000000
2026-05-29 13:13:32.040,2,1.84,,1024000000
2026-05-29 13:13:32.036,2,1.68,,1024000000
2026-05-29 13:13:32.027,2,1.99,,1024000000
2026-05-29 13:13:32.014,2,1.81,,1024000000
2026-05-29 13:13:31.994,2,1.52,,1024000000
2026-05-29 13:13:31.987,7,6.68,,1024000000
2026-05-29 13:13:31.981,2,1.9,,1024000000
2026-05-29 13:13:31.931,2,1.67,,1024000000
2026-05-29 13:13:31.931,2,1.82,,1024000000
2026-05-29 13:13:31.928,2,1.85,,1024000000
2026-05-29 13:13:31.915,2,1.47,,1024000000
2026-05-29 13:13:31.907,2,1.79,,1024000000
2026-05-29 13:13:31.880,2,1.82,,1024000000
2026-05-29 13:13:31.878,6,5.49,,1024000000
2026-05-29 13:13:31.864,3,2.1,,1024000000
2026-05-29 13:13:31.855,3,2.31,,1024000000
2026-05-29 13:13:31.854,2,1.72,,1024000000
2026-05-29 13:13:31.850,2,1.69,,1024000000
2026-05-29 13:13:31.848,2,1.76,,1024000000
2026-05-29 13:13:31.847,2,1.79,,1024000000
2026-05-29 13:13:31.847,2,1.78,,1024000000
2026-05-29 13:13:31.804,3,2.07,,1024000000
2026-05-29 13:13:31.801,2,1.93,,1024000000
2026-05-29 13:13:31.799,3,2.11,,1024000000
2026-05-29 13:13:31.798,2,1.85,,1024000000
2026-05-29 13:13:31.790,2,1.9,,1024000000
2026-05-29 13:13:31.785,3,2.09,,1024000000
2026-05-29 13:13:31.780,2,1.69,,1024000000
2026-05-29 13:13:31.779,2,1.74,,1024000000
2026-05-29 13:13:31.754,2,1.95,,1024000000
2026-05-29 13:13:31.749,2,1.69,,1024000000
2026-05-29 13:13:31.748,2,1.69,,1024000000
2026-05-29 13:13:31.727,2,1.7,,1024000000
2026-05-29 13:13:31.726,2,1.75,,1024000000
2026-05-29 13:13:31.725,2,1.56,,1024000000
2026-05-29 13:13:31.721,2,1.91,,1024000000
2026-05-29 13:13:31.716,2,1.56,,1024000000
2026-05-29 13:13:31.699,2,1.85,,1024000000
2026-05-29 13:13:31.693,2,1.77,,1024000000
2026-05-29 13:13:31.692,2,1.66,,1024000000
2026-05-29 13:13:31.680,2,1.88,,1024000000
2026-05-29 13:13:31.675,2,1.75,,1024000000
2026-05-29 13:13:31.667,2,1.75,,1024000000
2026-05-29 13:13:31.640,2,1.76,,1024000000
2026-05-29 13:13:31.620,2,1.59,,1024000000
2026-05-29 13:13:31.605,2,1.78,,1024000000
2026-05-29 13:13:31.589,2,1.78,,1024000000
2026-05-29 13:13:31.574,2,1.81,,1024000000
2026-05-29 13:13:31.538,2,1.79,,1024000000
2026-05-29 13:13:31.537,2,1.78,,1024000000
2026-05-29 13:13:31.536,2,1.83,,1024000000
2026-05-29 13:13:31.534,3,2.29,,1024000000
2026-05-29 13:13:31.534,2,1.91,,1024000000
2026-05-29 13:13:31.526,2,1.96,,1024000000
2026-05-29 13:13:31.517,2,1.63,,1024000000
2026-05-29 13:13:31.473,2,1.62,,1024000000
2026-05-29 13:13:31.460,3,2.05,,1024000000
2026-05-29 13:13:31.455,2,1.83,,1024000000
2026-05-29 13:13:31.454,2,1.86,,1024000000
2026-05-29 13:13:31.419,5,4.21,,1024000000
2026-05-29 13:13:31.412,2,2,,1024000000
2026-05-29 13:13:31.357,6,5.88,,1024000000
2026-05-29 13:13:31.346,2,1.73,,1024000000
2026-05-29 13:13:31.337,2,1.7,,1024000000
2026-05-29 13:13:31.331,2,1.73,,1024000000
2026-05-29 13:13:31.290,2,1.83,,1024000000
2026-05-29 13:13:31.289,2,1.77,,1024000000
2026-05-29 13:13:31.274,2,1.79,,1024000000
2026-05-29 13:13:31.256,2,1.7,,1024000000
2026-05-29 13:13:31.248,3,2.08,,1024000000
2026-05-29 13:13:31.244,2,1.84,,1024000000
2026-05-29 13:13:31.233,2,1.95,,1024000000
2026-05-29 13:13:31.220,2,1.87,,1024000000
2026-05-29 13:13:31.218,2,1.85,,1024000000
2026-05-29 13:13:31.185,2,1.88,,1024000000
2026-05-29 13:13:31.178,2,1.74,,1024000000
2026-05-29 13:13:31.171,2,1.49,,1024000000
2026-05-29 13:13:31.165,2,1.61,,1024000000
2026-05-29 13:13:31.159,3,2.34,,1024000000
2026-05-29 13:13:31.145,2,1.56,,1024000000
2026-05-29 13:13:31.143,3,2.1,,1024000000
2026-05-29 13:13:31.140,2,1.65,,1024000000
2026-05-29 13:13:31.134,2,1.59,,1024000000
2026-05-29 13:13:31.122,2,1.64,,1024000000
2026-05-29 13:13:31.108,2,1.79,,1024000000
2026-05-29 13:13:31.098,2,1.74,,1024000000
2026-05-29 13:13:31.091,2,1.69,,1024000000
2026-05-29 13:13:31.077,2,1.86,,1024000000
2026-05-29 13:13:31.063,2,1.68,,1024000000
2026-05-29 13:13:31.051,2,1.61,,1024000000
2026-05-29 13:13:31.045,2,1.62,,1024000000
2026-05-29 13:13:31.032,2,1.56,,1024000000
2026-05-29 13:13:31.025,2,1.72,,1024000000
2026-05-29 13:13:31.002,2,1.77,,1024000000
2026-05-29 13:13:30.998,3,2.07,,1024000000
2026-05-29 13:13:30.975,2,1.9,,1024000000
2026-05-29 13:13:30.955,2,1.81,,1024000000
2026-05-29 13:13:30.938,2,1.72,,1024000000
2026-05-29 13:13:30.936,2,1.8,,1024000000
2026-05-29 13:13:30.931,3,2.15,,1024000000
2026-05-29 13:13:30.913,2,1.74,,1024000000
2026-05-29 13:13:30.897,3,2.16,,1024000000
2026-05-29 13:13:30.890,2,1.69,,1024000000
2026-05-29 13:13:30.883,2,1.96,,1024000000
2026-05-29 13:13:30.866,2,1.76,,1024000000
2026-05-29 13:13:30.864,2,1.79,,1024000000
2026-05-29 13:13:30.848,2,1.81,,1024000000
2026-05-29 13:13:30.837,2,1.88,,1024000000
2026-05-29 13:13:30.827,2,1.71,,1024000000
2026-05-29 13:13:30.815,2,1.73,,1024000000
2026-05-29 13:13:30.815,2,1.88,,1024000000
2026-05-29 13:13:30.793,2,1.9,,1024000000
2026-05-29 13:13:30.782,2,1.49,,1024000000
2026-05-29 13:13:30.775,2,1.5,,1024000000
2026-05-29 13:13:30.768,2,1.69,,1024000000
2026-05-29 13:13:30.767,2,1.71,,1024000000
2026-05-29 13:13:30.764,2,1.57,,1024000000
2026-05-29 13:13:30.753,2,1.48,,1024000000
2026-05-29 13:13:30.740,2,1.81,,1024000000
2026-05-29 13:13:30.725,2,1.49,,1024000000
2026-05-29 13:13:30.724,2,1.69,,1024000000
2026-05-29 13:13:30.720,3,2.97,,1024000000
2026-05-29 13:13:30.717,2,1.89,,1024000000
2026-05-29 13:13:30.716,2,1.51,,1024000000
2026-05-29 13:13:30.714,2,1.81,,1024000000
2026-05-29 13:13:30.711,2,1.82,,1024000000
2026-05-29 13:13:30.708,2,1.85,,1024000000
2026-05-29 13:13:30.696,2,1.77,,1024000000
2026-05-29 13:13:30.685,2,1.5,,1024000000
2026-05-29 13:13:30.684,2,1.73,,1024000000
2026-05-29 13:13:30.681,2,1.88,,1024000000
2026-05-29 13:13:30.678,2,1.56,,1024000000
2026-05-29 13:13:30.674,2,1.7,,1024000000
2026-05-29 13:13:30.666,2,1.56,,1024000000
2026-05-29 13:13:30.655,2,1.6,,1024000000
2026-05-29 13:13:30.649,2,1.71,,1024000000
2026-05-29 13:13:30.625,2,1.56,,1024000000
2026-05-29 13:13:30.625,9,8.68,,1024000000
2026-05-29 13:13:30.623,2,1.79,,1024000000
2026-05-29 13:13:30.608,2,1.95,,1024000000
2026-05-29 13:13:30.577,2,1.6,,1024000000
2026-05-29 13:13:30.568,2,1.72,,1024000000
2026-05-29 13:13:30.563,2,1.68,,1024000000
2026-05-29 13:13:30.562,2,1.97,,1024000000
2026-05-29 13:13:30.550,2,1.76,,1024000000
2026-05-29 13:13:30.544,2,1.92,,1024000000
2026-05-29 13:13:30.470,2,1.65,,1024000000
2026-05-29 13:13:30.467,2,1.73,,1024000000
2026-05-29 13:13:30.458,2,1.72,,1024000000
2026-05-29 13:13:30.436,2,1.62,,1024000000
2026-05-29 13:13:30.421,2,1.81,,1024000000
2026-05-29 13:13:30.420,2,1.64,,1024000000
2026-05-29 13:13:30.408,3,2.11,,1024000000
2026-05-29 13:13:30.404,2,1.79,,1024000000
2026-05-29 13:13:30.402,2,1.67,,1024000000
2026-05-29 13:13:30.393,2,1.93,,1024000000
2026-05-29 13:13:30.384,2,1.73,,1024000000
2026-05-29 13:13:30.384,2,1.78,,1024000000
2026-05-29 13:13:30.382,2,1.77,,1024000000
2026-05-29 13:13:30.381,2,1.67,,1024000000
2026-05-29 13:13:30.364,2,1.85,,1024000000
2026-05-29 13:13:30.362,2,1.86,,1024000000
2026-05-29 13:13:30.355,2,1.77,,1024000000
2026-05-29 13:13:30.343,3,2.01,,1024000000
2026-05-29 13:13:30.343,2,1.68,,1024000000
2026-05-29 13:13:30.325,2,1.92,,1024000000
2026-05-29 13:13:30.290,2,1.72,,1024000000
2026-05-29 13:13:30.288,2,1.72,,1024000000
2026-05-29 13:13:30.277,2,1.8,,1024000000
2026-05-29 13:13:30.265,2,1.82,,1024000000
2026-05-29 13:13:30.265,2,1.66,,1024000000
2026-05-29 13:13:30.236,2,1.76,,1024000000
2026-05-29 13:13:30.217,2,1.63,,1024000000
2026-05-29 13:13:30.213,2,1.64,,1024000000
2026-05-29 13:13:30.207,3,2.35,,1024000000
2026-05-29 13:13:30.202,2,1.82,,1024000000
2026-05-29 13:13:30.170,2,1.68,,1024000000
2026-05-29 13:13:30.159,2,1.82,,1024000000
2026-05-29 13:13:30.152,2,1.66,,1024000000
2026-05-29 13:13:30.146,2,1.94,,1024000000
2026-05-29 13:13:30.133,2,1.41,,1024000000
2026-05-29 13:13:30.129,5,4.43,,1024000000
2026-05-29 13:13:30.119,2,1.79,,1024000000
2026-05-29 13:13:30.114,2,1.96,,1024000000
2026-05-29 13:13:30.071,3,2.43,,1024000000
2026-05-29 13:13:30.059,2,1.59,,1024000000
2026-05-29 13:13:30.053,2,1.67,,1024000000
2026-05-29 13:13:30.009,2,1.96,,1024000000
2026-05-29 13:13:30.007,2,1.76,,1024000000
2026-05-29 13:13:29.926,3,2.01,,1024000000
2026-05-29 13:13:29.917,2,1.99,,1024000000
2026-05-29 13:13:29.905,2,1.81,,1024000000
2026-05-29 13:13:29.893,2,1.91,,1024000000
2026-05-29 13:13:29.884,2,1.65,,1024000000
2026-05-29 13:13:29.860,2,1.91,,1024000000
2026-05-29 13:13:29.844,2,1.53,,1024000000
2026-05-29 13:13:29.844,2,1.72,,1024000000
2026-05-29 13:13:29.826,2,1.61,,1024000000
2026-05-29 13:13:29.822,3,2.3,,1024000000
2026-05-29 13:13:29.810,2,1.55,,1024000000
2026-05-29 13:13:29.803,2,1.59,,1024000000
2026-05-29 13:13:29.802,2,1.68,,1024000000
2026-05-29 13:13:29.793,3,2.06,,1024000000
2026-05-29 13:13:29.775,2,1.72,,1024000000
2026-05-29 13:13:29.770,2,1.64,,1024000000
2026-05-29 13:13:29.767,2,1.8,,1024000000
2026-05-29 13:13:29.764,2,1.61,,1024000000
2026-05-29 13:13:29.758,3,2.23,,1024000000
2026-05-29 13:13:29.731,3,2.44,,1024000000
2026-05-29 13:13:29.698,2,1.84,,1024000000
2026-05-29 13:13:29.669,2,1.71,,1024000000
2026-05-29 13:13:29.662,2,1.95,,1024000000
2026-05-29 13:13:29.660,2,1.85,,1024000000
2026-05-29 13:13:29.647,3,2.25,,1024000000
2026-05-29 13:13:29.647,2,1.95,,1024000000
2026-05-29 13:13:29.637,2,1.64,,1024000000
2026-05-29 13:13:29.626,2,1.65,,1024000000
2026-05-29 13:13:29.623,2,1.69,,1024000000
2026-05-29 13:13:29.623,2,1.75,,1024000000
2026-05-29 13:13:29.617,2,1.87,,1024000000
2026-05-29 13:13:29.591,2,1.65,,1024000000
2026-05-29 13:13:29.558,2,1.84,,1024000000
2026-05-29 13:13:29.552,2,1.67,,1024000000
2026-05-29 13:13:29.537,2,1.74,,1024000000
2026-05-29 13:13:29.537,3,2.45,,1024000000
2026-05-29 13:13:29.536,2,1.49,,1024000000
2026-05-29 13:13:29.535,7,6.51,,1024000000
2026-05-29 13:13:29.529,2,1.77,,1024000000
2026-05-29 13:13:29.525,2,1.84,,1024000000
2026-05-29 13:13:29.520,2,1.64,,1024000000
2026-05-29 13:13:29.501,2,1.73,,1024000000
2026-05-29 13:13:29.500,2,1.73,,1024000000
2026-05-29 13:13:29.471,2,1.74,,1024000000
2026-05-29 13:13:29.470,2,1.65,,1024000000
2026-05-29 13:13:29.469,9,8.01,,1024000000
2026-05-29 13:13:29.464,2,1.53,,1024000000
2026-05-29 13:13:29.445,3,2.21,,1024000000
2026-05-29 13:13:29.440,2,1.76,,1024000000
2026-05-29 13:13:29.436,2,1.94,,1024000000
2026-05-29 13:13:29.435,2,1.95,,1024000000
2026-05-29 13:13:29.431,2,1.78,,1024000000
2026-05-29 13:13:29.408,2,1.71,,1024000000
2026-05-29 13:13:29.397,2,1.67,,1024000000
2026-05-29 13:13:29.381,2,1.79,,1024000000
2026-05-29 13:13:29.378,2,1.67,,1024000000
2026-05-29 13:13:29.370,2,1.8,,1024000000
2026-05-29 13:13:29.342,2,1.7,,1024000000
2026-05-29 13:13:29.337,2,1.66,,1024000000
2026-05-29 13:13:29.306,2,1.69,,1024000000
2026-05-29 13:13:29.297,3,2.1,,1024000000
2026-05-29 13:13:29.281,2,1.73,,1024000000
2026-05-29 13:13:29.280,2,2,,1024000000
2026-05-29 13:13:29.277,2,1.63,,1024000000
2026-05-29 13:13:29.276,3,2.08,,1024000000
2026-05-29 13:13:29.267,2,1.9,,1024000000
2026-05-29 13:13:29.266,2,1.73,,1024000000
2026-05-29 13:13:29.263,2,1.67,,1024000000
2026-05-29 13:13:29.255,3,2.02,,1024000000
2026-05-29 13:13:29.247,2,1.83,,1024000000
2026-05-29 13:13:29.227,2,1.64,,1024000000
2026-05-29 13:13:29.223,2,1.89,,1024000000
2026-05-29 13:13:29.199,2,1.9,,1024000000
2026-05-29 13:13:29.171,2,1.88,,1024000000
2026-05-29 13:13:29.170,2,1.68,,1024000000
2026-05-29 13:13:29.167,2,1.75,,1024000000
2026-05-29 13:13:29.164,2,1.78,,1024000000
2026-05-29 13:13:29.156,2,1.93,,1024000000
2026-05-29 13:13:29.143,3,2,,1024000000
2026-05-29 13:13:29.141,3,2.12,,1024000000
2026-05-29 13:13:29.139,2,1.81,,1024000000
2026-05-29 13:13:29.134,2,1.86,,1024000000
2026-05-29 13:13:29.129,2,1.64,,1024000000
2026-05-29 13:13:29.127,3,2.67,,1024000000
2026-05-29 13:13:29.113,2,1.87,,1024000000
2026-05-29 13:13:29.101,2,1.91,,1024000000
2026-05-29 13:13:29.097,2,1.6,,1024000000
2026-05-29 13:13:29.095,2,1.92,,1024000000
2026-05-29 13:13:29.082,2,1.73,,1024000000
2026-05-29 13:13:29.075,2,1.69,,1024000000
2026-05-29 13:13:29.064,2,1.67,,1024000000
2026-05-29 13:13:29.059,2,1.57,,1024000000
2026-05-29 13:13:29.054,6,5,,1024000000
2026-05-29 13:13:29.039,2,1.71,,1024000000
2026-05-29 13:13:29.023,3,2.08,,1024000000
2026-05-29 13:13:29.016,3,2.15,,1024000000
2026-05-29 13:13:29.014,2,1.73,,1024000000
2026-05-29 13:13:29.003,2,1.73,,1024000000
2026-05-29 13:13:28.997,2,1.78,,1024000000
2026-05-29 13:13:28.989,2,1.77,,1024000000
2026-05-29 13:13:28.983,2,1.77,,1024000000
2026-05-29 13:13:28.978,5,4.47,,1024000000
2026-05-29 13:13:28.966,2,1.82,,1024000000
2026-05-29 13:13:28.954,2,1.73,,1024000000
2026-05-29 13:13:28.912,2,1.56,,1024000000
2026-05-29 13:13:28.902,2,1.84,,1024000000
2026-05-29 13:13:28.879,3,2.58,,1024000000
2026-05-29 13:13:28.878,2,1.77,,1024000000
2026-05-29 13:13:28.838,2,1.85,,1024000000
2026-05-29 13:13:28.828,2,1.64,,1024000000
2026-05-29 13:13:28.825,2,1.97,,1024000000
2026-05-29 13:13:28.801,2,1.53,,1024000000
2026-05-29 13:13:28.793,2,1.7,,1024000000
2026-05-29 13:13:28.787,2,1.8,,1024000000
2026-05-29 13:13:28.768,2,1.95,,1024000000
2026-05-29 13:13:28.762,2,1.75,,1024000000
2026-05-29 13:13:28.740,2,1.73,,1024000000
2026-05-29 13:13:28.734,2,1.78,,1024000000
2026-05-29 13:13:28.732,2,1.79,,1024000000
2026-05-29 13:13:28.728,2,1.74,,1024000000
2026-05-29 13:13:28.680,2,1.99,,1024000000
2026-05-29 13:13:28.667,3,2.43,,1024000000
2026-05-29 13:13:28.658,2,1.7,,1024000000
2026-05-29 13:13:28.651,2,1.68,,1024000000
2026-05-29 13:13:28.632,2,1.82,,1024000000
2026-05-29 13:13:28.612,13,12.53,,1024000000
2026-05-29 13:13:28.592,4,3.87,,1024000000
2026-05-29 13:13:28.539,2,1.83,,1024000000
2026-05-29 13:13:28.523,2,1.64,,1024000000
2026-05-29 13:13:28.519,3,2.01,,1024000000
2026-05-29 13:13:28.510,2,1.76,,1024000000
2026-05-29 13:13:28.510,2,1.68,,1024000000
2026-05-29 13:13:28.500,3,2.5,,1024000000
2026-05-29 13:13:28.496,15,14.08,,1024000000
2026-05-29 13:13:28.489,3,2.11,,1024000000
2026-05-29 13:13:28.477,7,6.22,,1024000000
2026-05-29 13:13:28.472,2,1.77,,1024000000
2026-05-29 13:13:28.453,2,1.85,,1024000000
2026-05-29 13:13:28.451,2,1.8,,1024000000
2026-05-29 13:13:28.450,19,18.16,,1024000000
2026-05-29 13:13:28.420,2,1.72,,1024000000
2026-05-29 13:13:28.415,4,3.45,,1024000000
2026-05-29 13:13:28.384,3,2.18,,1024000000
2026-05-29 13:13:28.363,3,2.12,,1024000000
2026-05-29 13:13:28.357,7,6.51,,1024000000
2026-05-29 13:13:28.343,2,1.73,,1024000000
2026-05-29 13:13:28.334,2,1.72,,1024000000
2026-05-29 13:13:28.324,2,1.73,,1024000000
2026-05-29 13:13:28.320,2,1.83,,1024000000
2026-05-29 13:13:28.303,2,1.78,,1024000000
2026-05-29 13:13:28.302,2,1.71,,1024000000
2026-05-29 13:13:28.291,3,2.02,,1024000000
2026-05-29 13:13:28.289,2,1.68,,1024000000
2026-05-29 13:13:28.278,2,1.6,,1024000000
2026-05-29 13:13:28.274,2,1.83,,1024000000
2026-05-29 13:13:28.268,2,1.72,,1024000000
2026-05-29 13:13:28.265,2,1.71,,1024000000
2026-05-29 13:13:28.231,2,1.95,,1024000000
2026-05-29 13:13:28.230,2,1.77,,1024000000
2026-05-29 13:13:28.213,2,1.82,,1024000000
2026-05-29 13:13:28.209,2,1.88,,1024000000
2026-05-29 13:13:28.202,3,2.2,,1024000000
2026-05-29 13:13:28.194,2,1.92,,1024000000
2026-05-29 13:13:28.193,2,1.9,,1024000000
2026-05-29 13:13:28.144,2,1.85,,1024000000
2026-05-29 13:13:28.139,2,1.69,,1024000000
2026-05-29 13:13:28.138,2,1.81,,1024000000
2026-05-29 13:13:28.125,3,2,,1024000000
2026-05-29 13:13:28.122,2,1.89,,1024000000
2026-05-29 13:13:28.076,3,2.25,,1024000000
2026-05-29 13:13:28.074,2,1.85,,1024000000
2026-05-29 13:13:28.068,2,1.83,,1024000000
2026-05-29 13:13:28.053,2,1.82,,1024000000
2026-05-29 13:13:28.012,7,6.08,,1024000000
2026-05-29 13:13:28.008,2,1.89,,1024000000
2026-05-29 13:13:27.956,7,6.79,,1024000000
2026-05-29 13:13:27.942,3,2.03,,1024000000
2026-05-29 13:13:27.942,3,2.48,,1024000000
2026-05-29 13:13:27.929,3,2.07,,1024000000
2026-05-29 13:13:27.924,2,1.74,,1024000000
2026-05-29 13:13:27.919,8,7.02,,1024000000
2026-05-29 13:13:27.902,2,1.79,,1024000000
2026-05-29 13:13:27.889,2,1.9,,1024000000
2026-05-29 13:13:27.869,2,1.6,,1024000000
2026-05-29 13:13:27.859,2,1.94,,1024000000
2026-05-29 13:13:27.833,2,1.85,,1024000000
2026-05-29 13:13:27.825,2,1.74,,1024000000
2026-05-29 13:13:27.814,2,1.55,,1024000000
2026-05-29 13:13:27.802,2,1.71,,1024000000
2026-05-29 13:13:27.798,2,1.75,,1024000000
2026-05-29 13:13:27.783,2,1.82,,1024000000
2026-05-29 13:13:27.777,2,1.95,,1024000000
2026-05-29 13:13:27.751,2,1.68,,1024000000
2026-05-29 13:13:27.751,2,1.62,,1024000000
2026-05-29 13:13:27.737,2,1.58,,1024000000
2026-05-29 13:13:27.736,2,1.75,,1024000000
2026-05-29 13:13:27.734,2,1.97,,1024000000
2026-05-29 13:13:27.733,2,1.63,,1024000000
2026-05-29 13:13:27.731,3,2.07,,1024000000
2026-05-29 13:13:27.728,2,1.73,,1024000000
2026-05-29 13:13:27.724,2,1.75,,1024000000
2026-05-29 13:13:27.712,3,2.16,,1024000000
2026-05-29 13:13:27.707,2,1.89,,1024000000
2026-05-29 13:13:27.690,2,1.99,,1024000000
2026-05-29 13:13:27.688,3,2.04,,1024000000
2026-05-29 13:13:27.673,2,1.85,,1024000000
2026-05-29 13:13:27.672,2,1.95,,1024000000
2026-05-29 13:13:27.645,2,1.78,,1024000000
2026-05-29 13:13:27.628,3,2.08,,1024000000
2026-05-29 13:13:27.622,2,1.81,,1024000000
2026-05-29 13:13:27.609,2,1.61,,1024000000
2026-05-29 13:13:27.603,2,1.94,,1024000000
2026-05-29 13:13:27.602,2,1.91,,1024000000
2026-05-29 13:13:27.584,5,4.81,,1024000000
2026-05-29 13:13:27.576,2,1.96,,1024000000
2026-05-29 13:13:27.566,2,1.76,,1024000000
2026-05-29 13:13:27.562,7,6.6,,1024000000
2026-05-29 13:13:27.546,2,1.95,,1024000000
2026-05-29 13:13:27.528,2,1.93,,1024000000
2026-05-29 13:13:27.496,2,1.77,,1024000000
2026-05-29 13:13:27.485,2,1.73,,1024000000
2026-05-29 13:13:27.481,2,1.68,,1024000000
2026-05-29 13:13:27.475,6,5.24,,1024000000
2026-05-29 13:13:27.475,2,1.69,,1024000000
2026-05-29 13:13:27.453,2,1.76,,1024000000
2026-05-29 13:13:27.452,9,8.84,,1024000000
2026-05-29 13:13:27.442,2,1.67,,1024000000
2026-05-29 13:13:27.432,2,1.66,,1024000000
2026-05-29 13:13:27.426,3,2.2,,1024000000
2026-05-29 13:13:27.425,2,1.95,,1024000000
2026-05-29 13:13:27.424,2,1.93,,1024000000
2026-05-29 13:13:27.418,2,1.65,,1024000000
2026-05-29 13:13:27.399,28,27.02,,1024000000
2026-05-29 13:13:27.388,2,1.74,,1024000000
2026-05-29 13:13:27.374,2,1.94,,1024000000
2026-05-29 13:13:27.373,2,1.87,,1024000000
2026-05-29 13:13:27.335,2,1.74,,1024000000
2026-05-29 13:13:27.321,2,1.73,,1024000000
2026-05-29 13:13:27.312,2,1.93,,1024000000
2026-05-29 13:13:27.311,2,1.7,,1024000000
2026-05-29 13:13:27.295,2,1.77,,1024000000
2026-05-29 13:13:27.289,12,11.87,,1024000000
2026-05-29 13:13:27.277,2,1.7,,1024000000
2026-05-29 13:13:27.270,2,1.94,,1024000000
2026-05-29 13:13:27.254,2,1.97,,1024000000
2026-05-29 13:13:27.244,2,1.92,,1024000000
2026-05-29 13:13:27.236,2,1.68,,1024000000
2026-05-29 13:13:27.232,2,1.86,,1024000000
2026-05-29 13:13:27.227,3,2.32,,1024000000
2026-05-29 13:13:27.222,2,1.87,,1024000000
2026-05-29 13:13:27.222,2,1.93,,1024000000
2026-05-29 13:13:27.215,2,1.93,,1024000000
2026-05-29 13:13:27.211,2,1.88,,1024000000
2026-05-29 13:13:27.209,2,1.84,,1024000000
2026-05-29 13:13:27.206,2,1.77,,1024000000
2026-05-29 13:13:27.198,2,1.92,,1024000000
2026-05-29 13:13:27.185,2,1.97,,1024000000
2026-05-29 13:13:27.162,2,1.78,,1024000000
2026-05-29 13:13:27.157,3,2.13,,1024000000
2026-05-29 13:13:27.149,2,1.56,,1024000000
2026-05-29 13:13:27.133,2,1.74,,1024000000
2026-05-29 13:13:27.099,3,2.08,,1024000000
2026-05-29 13:13:27.094,2,1.71,,1024000000
2026-05-29 13:13:27.086,2,1.81,,1024000000
2026-05-29 13:13:27.084,3,2.07,,1024000000
2026-05-29 13:13:27.070,2,1.8,,1024000000
2026-05-29 13:13:27.054,2,1.99,,1024000000
2026-05-29 13:13:27.053,2,1.75,,1024000000
2026-05-29 13:13:27.051,2,1.78,,1024000000
2026-05-29 13:13:27.050,23,22.39,,1024000000
2026-05-29 13:13:27.048,3,2.05,,1024000000
2026-05-29 13:13:27.039,2,1.68,,1024000000
2026-05-29 13:13:27.033,2,1.86,,1024000000
2026-05-29 13:13:27.032,2,1.83,,1024000000
2026-05-29 13:13:26.995,2,1.96,,1024000000
2026-05-29 13:13:26.985,3,2.1,,1024000000
2026-05-29 13:13:26.981,2,1.95,,1024000000
2026-05-29 13:13:26.974,2,1.97,,1024000000
2026-05-29 13:13:26.966,2,1.71,,1024000000
2026-05-29 13:13:26.945,2,1.79,,1024000000
2026-05-29 13:13:26.901,2,1.89,,1024000000
2026-05-29 13:13:26.894,2,1.84,,1024000000
2026-05-29 13:13:26.874,2,1.67,,1024000000
2026-05-29 13:13:26.871,2,1.74,,1024000000
2026-05-29 13:13:26.869,2,1.59,,1024000000
2026-05-29 13:13:26.822,2,1.67,,1024000000
2026-05-29 13:13:26.813,2,1.61,,1024000000
2026-05-29 13:13:26.811,2,1.72,,1024000000
2026-05-29 13:13:26.808,2,1.8,,1024000000
2026-05-29 13:13:26.789,2,1.8,,1024000000
2026-05-29 13:13:26.758,2,1.68,,1024000000
2026-05-29 13:13:26.756,3,2.06,,1024000000
2026-05-29 13:13:26.743,2,1.77,,1024000000
2026-05-29 13:13:26.724,39,38.66,,1024000000
2026-05-29 13:13:26.720,2,1.63,,1024000000
2026-05-29 13:13:26.711,2,1.9,,1024000000
2026-05-29 13:13:26.702,3,2.06,,1024000000
2026-05-29 13:13:26.689,2,1.81,,1024000000
2026-05-29 13:13:26.670,3,2.33,,1024000000
2026-05-29 13:13:26.662,2,1.99,,1024000000
2026-05-29 13:13:26.645,2,1.95,,1024000000
2026-05-29 13:13:26.639,3,2.04,,1024000000
2026-05-29 13:13:26.634,2,1.68,,1024000000
2026-05-29 13:13:26.610,2,1.94,,1024000000
2026-05-29 13:13:26.610,2,1.49,,1024000000
2026-05-29 13:13:26.597,2,1.71,,1024000000
2026-05-29 13:13:26.596,2,1.78,,1024000000
2026-05-29 13:13:26.581,3,2.03,,1024000000
2026-05-29 13:13:26.575,3,2.16,,1024000000
2026-05-29 13:13:26.557,3,2.02,,1024000000
2026-05-29 13:13:26.557,4,3.2,,1024000000
2026-05-29 13:13:26.556,2,2,,1024000000
2026-05-29 13:13:26.556,3,2.09,,1024000000
2026-05-29 13:13:26.536,3,2.13,,1024000000
2026-05-29 13:13:26.521,3,2.25,,1024000000
2026-05-29 13:13:26.513,3,2.64,,1024000000
2026-05-29 13:13:26.512,2,1.76,,1024000000
2026-05-29 13:13:26.506,2,1.79,,1024000000
2026-05-29 13:13:26.503,12,11.5,,1024000000
2026-05-29 13:13:26.501,2,2,,1024000000
2026-05-29 13:13:26.473,2,1.7,,1024000000
2026-05-29 13:13:26.451,3,2.03,,1024000000
2026-05-29 13:13:26.443,2,1.93,,1024000000
2026-05-29 13:13:26.426,6,5.53,,1024000000
2026-05-29 13:13:26.425,2,1.85,,1024000000
2026-05-29 13:13:26.390,2,1.85,,1024000000
2026-05-29 13:13:26.390,2,1.79,,1024000000
2026-05-29 13:13:26.390,3,2.12,,1024000000
2026-05-29 13:13:26.385,2,1.75,,1024000000
2026-05-29 13:13:26.370,4,3.48,,1024000000
2026-05-29 13:13:26.349,2,1.67,,1024000000
2026-05-29 13:13:26.343,3,2.09,,1024000000
2026-05-29 13:13:26.338,2,1.6,,1024000000
2026-05-29 13:13:26.295,2,1.88,,1024000000
2026-05-29 13:13:26.293,2,1.75,,1024000000
2026-05-29 13:13:26.277,2,1.94,,1024000000
2026-05-29 13:13:26.244,2,1.57,,1024000000
2026-05-29 13:13:26.230,2,1.66,,1024000000
2026-05-29 13:13:26.225,10,9.85,,1024000000
2026-05-29 13:13:26.216,2,1.9,,1024000000
2026-05-29 13:13:26.205,2,1.86,,1024000000
2026-05-29 13:13:26.205,3,2.09,,1024000000
2026-05-29 13:13:26.201,2,1.69,,1024000000
2026-05-29 13:13:26.197,2,1.69,,1024000000
2026-05-29 13:13:26.194,2,1.88,,1024000000
2026-05-29 13:13:26.160,2,1.99,,1024000000
2026-05-29 13:13:26.146,3,2.46,,1024000000
2026-05-29 13:13:26.144,9,8.34,,1024000000
2026-05-29 13:13:26.142,2,1.71,,1024000000
2026-05-29 13:13:26.129,2,1.66,,1024000000
2026-05-29 13:13:26.117,3,2.41,,1024000000
2026-05-29 13:13:26.096,3,2.16,,1024000000
2026-05-29 13:13:26.096,2,1.64,,1024000000
2026-05-29 13:13:26.095,3,2.02,,1024000000
2026-05-29 13:13:26.090,3,2.38,,1024000000
2026-05-29 13:13:26.086,2,1.79,,1024000000
2026-05-29 13:13:26.082,2,1.79,,1024000000
2026-05-29 13:13:26.079,2,1.65,,1024000000
2026-05-29 13:13:26.053,2,1.9,,1024000000
2026-05-29 13:13:26.010,2,1.97,,1024000000
2026-05-29 13:13:26.005,3,2.02,,1024000000
2026-05-29 13:13:26.004,2,1.89,,1024000000
2026-05-29 13:13:26.001,2,1.84,,1024000000
2026-05-29 13:13:25.999,2,1.66,,1024000000
2026-05-29 13:13:25.996,2,1.8,,1024000000
2026-05-29 13:13:25.987,2,1.9,,1024000000
2026-05-29 13:13:25.974,3,2.13,,1024000000
2026-05-29 13:13:25.952,2,1.81,,1024000000
2026-05-29 13:13:25.944,3,2.05,,1024000000
2026-05-29 13:13:25.939,4,3.08,,1024000000
2026-05-29 13:13:25.932,13,12.48,,1024000000
2026-05-29 13:13:25.916,2,1.85,,1024000000
2026-05-29 13:13:25.881,2,1.73,,1024000000
2026-05-29 13:13:25.863,2,1.69,,1024000000
2026-05-29 13:13:25.850,3,2.12,,1024000000
2026-05-29 13:13:25.849,2,1.97,,1024000000
2026-05-29 13:13:25.847,2,1.81,,1024000000
2026-05-29 13:13:25.844,3,2.17,,1024000000
2026-05-29 13:13:25.836,2,1.76,,1024000000
2026-05-29 13:13:25.803,2,2,,1024000000
2026-05-29 13:13:25.800,2,1.82,,1024000000
2026-05-29 13:13:25.795,2,1.9,,1024000000
2026-05-29 13:13:25.780,2,1.77,,1024000000
2026-05-29 13:13:25.779,2,1.89,,1024000000
2026-05-29 13:13:25.762,6,5.52,,1024000000
2026-05-29 13:13:25.733,2,1.65,,1024000000
2026-05-29 13:13:25.731,2,1.8,,1024000000
2026-05-29 13:13:25.721,2,1.84,,1024000000
2026-05-29 13:13:25.716,2,1.77,,1024000000
2026-05-29 13:13:25.715,2,1.68,,1024000000
2026-05-29 13:13:25.671,2,1.83,,1024000000
2026-05-29 13:13:25.664,4,3.4,,1024000000
2026-05-29 13:13:25.633,2,1.75,,1024000000
2026-05-29 13:13:25.625,2,1.75,,1024000000
2026-05-29 13:13:25.594,2,1.9,,1024000000
2026-05-29 13:13:25.590,2,1.66,,1024000000
2026-05-29 13:13:25.587,3,2.01,,1024000000
2026-05-29 13:13:25.583,3,2.04,,1024000000
2026-05-29 13:13:25.575,3,2.19,,1024000000
2026-05-29 13:13:25.567,2,1.8,,1024000000
2026-05-29 13:13:25.556,2,1.8,,1024000000
2026-05-29 13:13:25.550,18,17.71,,1024000000
2026-05-29 13:13:25.550,20,19.83,,1024000000
2026-05-29 13:13:25.521,3,2.06,,1024000000
2026-05-29 13:13:25.515,2,1.55,,1024000000
2026-05-29 13:13:25.515,3,2.02,,1024000000
2026-05-29 13:13:25.503,2,1.78,,1024000000
2026-05-29 13:13:25.502,2,1.74,,1024000000
2026-05-29 13:13:25.499,2,1.87,,1024000000
2026-05-29 13:13:25.489,3,2.21,,1024000000
2026-05-29 13:13:25.473,2,1.87,,1024000000
2026-05-29 13:13:25.458,2,1.89,,1024000000
2026-05-29 13:13:25.457,3,2.11,,1024000000
2026-05-29 13:13:25.448,2,1.7,,1024000000
2026-05-29 13:13:25.440,3,2.01,,1024000000
2026-05-29 13:13:25.427,2,1.78,,1024000000
2026-05-29 13:13:25.398,2,1.79,,1024000000
2026-05-29 13:13:25.394,3,2.08,,1024000000
2026-05-29 13:13:25.381,2,1.97,,1024000000
2026-05-29 13:13:25.373,2,1.84,,1024000000
2026-05-29 13:13:25.355,2,1.79,,1024000000
2026-05-29 13:13:25.348,2,1.86,,1024000000
2026-05-29 13:13:25.348,3,2.15,,1024000000
2026-05-29 13:13:25.338,2,1.82,,1024000000
2026-05-29 13:13:25.334,2,1.81,,1024000000
2026-05-29 13:13:25.313,2,1.67,,1024000000
2026-05-29 13:13:25.302,2,1.73,,1024000000
2026-05-29 13:13:25.283,2,1.79,,1024000000
2026-05-29 13:13:25.258,3,2.61,,1024000000
2026-05-29 13:13:25.248,17,16.99,,1024000000
2026-05-29 13:13:25.246,2,1.81,,1024000000
2026-05-29 13:13:25.227,10,9,,1024000000
2026-05-29 13:13:25.221,2,1.78,,1024000000
2026-05-29 13:13:25.220,3,2.33,,1024000000
2026-05-29 13:13:25.214,2,1.77,,1024000000
2026-05-29 13:13:25.206,2,1.85,,1024000000
2026-05-29 13:13:25.198,2,1.72,,1024000000
2026-05-29 13:13:25.194,2,1.69,,1024000000
2026-05-29 13:13:25.141,2,1.82,,1024000000
2026-05-29 13:13:25.115,2,1.82,,1024000000
2026-05-29 13:13:25.092,2,1.62,,1024000000
2026-05-29 13:13:25.091,2,1.84,,1024000000
2026-05-29 13:13:25.087,2,1.81,,1024000000
2026-05-29 13:13:25.071,3,2.03,,1024000000
2026-05-29 13:13:25.054,2,1.61,,1024000000
2026-05-29 13:13:25.053,2,1.8,,1024000000
2026-05-29 13:13:25.050,14,13.9,,1024000000
2026-05-29 13:13:25.047,16,15.83,,1024000000
2026-05-29 13:13:25.035,11,10.38,,1024000000
2026-05-29 13:13:25.034,2,1.51,,1024000000
2026-05-29 13:13:25.027,2,1.63,,1024000000
2026-05-29 13:13:24.993,2,1.73,,1024000000
2026-05-29 13:13:24.981,2,1.79,,1024000000
2026-05-29 13:13:24.971,2,1.86,,1024000000
2026-05-29 13:13:24.969,3,2.16,,1024000000
2026-05-29 13:13:24.966,3,2.07,,1024000000
2026-05-29 13:13:24.966,2,1.78,,1024000000
2026-05-29 13:13:24.947,5,4.26,,1024000000
2026-05-29 13:13:24.944,2,1.71,,1024000000
2026-05-29 13:13:24.942,2,1.95,,1024000000
2026-05-29 13:13:24.935,2,1.83,,1024000000
2026-05-29 13:13:24.920,2,1.72,,1024000000
2026-05-29 13:13:24.915,2,1.79,,1024000000
2026-05-29 13:13:24.895,2,1.91,,1024000000
2026-05-29 13:13:24.878,2,1.76,,1024000000
2026-05-29 13:13:24.839,3,2.4,,1024000000
2026-05-29 13:13:24.839,2,1.93,,1024000000
2026-05-29 13:13:24.836,2,1.76,,1024000000
2026-05-29 13:13:24.818,2,1.9,,1024000000
2026-05-29 13:13:24.802,2,1.99,,1024000000
2026-05-29 13:13:24.801,2,1.75,,1024000000
2026-05-29 13:13:24.797,2,1.71,,1024000000
2026-05-29 13:13:24.782,2,1.66,,1024000000
2026-05-29 13:13:24.756,2,1.67,,1024000000
2026-05-29 13:13:24.754,2,1.82,,1024000000
2026-05-29 13:13:24.738,2,1.75,,1024000000
2026-05-29 13:13:24.719,2,1.99,,1024000000
2026-05-29 13:13:24.702,2,1.74,,1024000000
2026-05-29 13:13:24.687,2,1.66,,1024000000
2026-05-29 13:13:24.683,2,1.77,,1024000000
2026-05-29 13:13:24.679,3,2.21,,1024000000
2026-05-29 13:13:24.675,4,3.5,,1024000000
2026-05-29 13:13:24.673,2,1.96,,1024000000
2026-05-29 13:13:24.671,2,1.69,,1024000000
2026-05-29 13:13:24.665,2,1.82,,1024000000
2026-05-29 13:13:24.649,2,1.89,,1024000000
2026-05-29 13:13:24.648,2,1.9,,1024000000
2026-05-29 13:13:24.632,2,1.72,,1024000000
2026-05-29 13:13:24.628,2,1.66,,1024000000
2026-05-29 13:13:24.623,2,1.65,,1024000000
2026-05-29 13:13:24.590,2,1.9,,1024000000
2026-05-29 13:13:24.568,2,1.95,,1024000000
2026-05-29 13:13:24.551,2,1.68,,1024000000
2026-05-29 13:13:24.551,8,7.58,,1024000000
2026-05-29 13:13:24.547,2,1.71,,1024000000
2026-05-29 13:13:24.544,8,7.01,,1024000000
2026-05-29 13:13:24.500,2,1.81,,1024000000
2026-05-29 13:13:24.496,2,1.75,,1024000000
2026-05-29 13:13:24.479,2,1.89,,1024000000
2026-05-29 13:13:24.456,2,1.98,,1024000000
2026-05-29 13:13:24.451,2,1.75,,1024000000
2026-05-29 13:13:24.444,20,19.11,,1024000000
2026-05-29 13:13:24.440,2,1.67,,1024000000
2026-05-29 13:13:24.411,2,1.74,,1024000000
2026-05-29 13:13:24.411,2,1.71,,1024000000
2026-05-29 13:13:24.404,2,1.89,,1024000000
2026-05-29 13:13:24.399,2,1.86,,1024000000
2026-05-29 13:13:24.386,3,2.14,,1024000000
2026-05-29 13:13:24.386,3,2.3,,1024000000
2026-05-29 13:13:24.383,2,1.76,,1024000000
2026-05-29 13:13:24.380,2,1.65,,1024000000
2026-05-29 13:13:24.379,2,1.94,,1024000000
2026-05-29 13:13:24.368,2,1.87,,1024000000
2026-05-29 13:13:24.342,2,1.77,,1024000000
2026-05-29 13:13:24.340,2,1.67,,1024000000
2026-05-29 13:13:24.340,3,2.18,,1024000000
2026-05-29 13:13:24.332,2,1.93,,1024000000
2026-05-29 13:13:24.307,3,2.05,,1024000000
2026-05-29 13:13:24.296,2,1.76,,1024000000
2026-05-29 13:13:24.292,2,1.97,,1024000000
2026-05-29 13:13:24.288,2,1.59,,1024000000
2026-05-29 13:13:24.283,2,1.67,,1024000000
2026-05-29 13:13:24.276,2,1.79,,1024000000
2026-05-29 13:13:24.273,2,1.69,,1024000000
2026-05-29 13:13:24.256,2,1.68,,1024000000
2026-05-29 13:13:24.231,2,1.68,,1024000000
2026-05-29 13:13:24.227,3,2.1,,1024000000
2026-05-29 13:13:24.195,2,1.83,,1024000000
2026-05-29 13:13:24.157,2,1.76,,1024000000
2026-05-29 13:13:24.135,2,1.93,,1024000000
2026-05-29 13:13:24.116,2,1.8,,1024000000
2026-05-29 13:13:24.108,2,1.85,,1024000000
2026-05-29 13:13:24.101,2,1.75,,1024000000
2026-05-29 13:13:24.073,2,1.65,,1024000000
2026-05-29 13:13:24.072,2,1.62,,1024000000
2026-05-29 13:13:24.069,8,7.46,,1024000000
2026-05-29 13:13:24.055,2,1.77,,1024000000
2026-05-29 13:13:24.048,2,1.8,,1024000000
2026-05-29 13:13:24.039,3,2.09,,1024000000
2026-05-29 13:13:24.033,2,1.51,,1024000000
2026-05-29 13:13:24.027,3,2.24,,1024000000
2026-05-29 13:13:24.025,2,1.83,,1024000000
2026-05-29 13:13:24.024,2,1.74,,1024000000
2026-05-29 13:13:24.000,2,1.77,,1024000000
2026-05-29 13:13:23.996,2,1.75,,1024000000
2026-05-29 13:13:23.960,2,1.79,,1024000000
2026-05-29 13:13:23.936,2,1.47,,1024000000
2026-05-29 13:13:23.934,2,1.94,,1024000000
2026-05-29 13:13:23.929,2,1.68,,1024000000
2026-05-29 13:13:23.923,2,1.81,,1024000000
2026-05-29 13:13:23.911,2,1.73,,1024000000
2026-05-29 13:13:23.880,2,1.69,,1024000000
2026-05-29 13:13:23.872,2,1.87,,1024000000
2026-05-29 13:13:23.851,2,1.96,,1024000000
2026-05-29 13:13:23.844,2,1.9,,1024000000
2026-05-29 13:13:23.829,3,2.05,,1024000000
2026-05-29 13:13:23.825,2,2,,1024000000
2026-05-29 13:13:23.801,2,1.76,,1024000000
2026-05-29 13:13:23.789,2,1.94,,1024000000
2026-05-29 13:13:23.752,2,1.52,,1024000000
2026-05-29 13:13:23.740,2,1.59,,1024000000
2026-05-29 13:13:23.727,2,1.78,,1024000000
2026-05-29 13:13:23.724,2,1.89,,1024000000
2026-05-29 13:13:23.716,2,1.92,,1024000000
2026-05-29 13:13:23.714,2,1.92,,1024000000
2026-05-29 13:13:23.713,2,1.83,,1024000000
2026-05-29 13:13:23.696,3,2.05,,1024000000
2026-05-29 13:13:23.694,2,1.98,,1024000000
2026-05-29 13:13:23.690,2,1.73,,1024000000
2026-05-29 13:13:23.665,2,1.65,,1024000000
2026-05-29 13:13:23.646,2,1.86,,1024000000
2026-05-29 13:13:23.630,2,1.86,,1024000000
2026-05-29 13:13:23.618,3,2.12,,1024000000
2026-05-29 13:13:23.618,2,1.79,,1024000000
2026-05-29 13:13:23.616,2,1.77,,1024000000
2026-05-29 13:13:23.603,6,5.98,,1024000000
2026-05-29 13:13:23.594,2,1.85,,1024000000
2026-05-29 13:13:23.592,2,1.97,,1024000000
2026-05-29 13:13:23.591,2,1.76,,1024000000
2026-05-29 13:13:23.566,2,1.86,,1024000000
2026-05-29 13:13:23.560,2,1.94,,1024000000
2026-05-29 13:13:23.547,2,1.6,,1024000000
2026-05-29 13:13:23.498,2,1.79,,1024000000
2026-05-29 13:13:23.478,2,1.83,,1024000000
2026-05-29 13:13:23.465,3,2.17,,1024000000
2026-05-29 13:13:23.440,2,1.74,,1024000000
2026-05-29 13:13:23.435,2,1.78,,1024000000
2026-05-29 13:13:23.415,3,2.19,,1024000000
2026-05-29 13:13:23.414,2,1.94,,1024000000
2026-05-29 13:13:23.409,2,1.55,,1024000000
2026-05-29 13:13:23.400,2,1.84,,1024000000
2026-05-29 13:13:23.387,2,1.72,,1024000000
2026-05-29 13:13:23.382,2,1.94,,1024000000
2026-05-29 13:13:23.357,2,1.63,,1024000000
2026-05-29 13:13:23.355,2,1.69,,1024000000
2026-05-29 13:13:23.351,3,2.2,,1024000000
2026-05-29 13:13:23.345,2,1.64,,1024000000
2026-05-29 13:13:23.335,3,2.19,,1024000000
2026-05-29 13:13:23.325,2,1.75,,1024000000
2026-05-29 13:13:23.309,5,4.62,,1024000000
2026-05-29 13:13:23.294,13,12.03,,1024000000
2026-05-29 13:13:23.293,2,1.82,,1024000000
2026-05-29 13:13:23.288,2,1.85,,1024000000
2026-05-29 13:13:23.270,3,2.18,,1024000000
2026-05-29 13:13:23.259,2,1.71,,1024000000
2026-05-29 13:13:23.254,2,1.81,,1024000000
2026-05-29 13:13:23.229,2,1.87,,1024000000
2026-05-29 13:13:23.224,2,1.88,,1024000000
2026-05-29 13:13:23.208,2,1.93,,1024000000
2026-05-29 13:13:23.207,2,1.77,,1024000000
2026-05-29 13:13:23.207,2,1.81,,1024000000
2026-05-29 13:13:23.205,2,1.68,,1024000000
2026-05-29 13:13:23.197,2,1.89,,1024000000
2026-05-29 13:13:23.171,2,1.69,,1024000000
2026-05-29 13:13:23.164,3,2.03,,1024000000
2026-05-29 13:13:23.163,2,1.66,,1024000000
2026-05-29 13:13:23.160,2,1.85,,1024000000
2026-05-29 13:13:23.158,2,1.6,,1024000000
2026-05-29 13:13:23.154,2,1.62,,1024000000
2026-05-29 13:13:23.144,3,2.35,,1024000000
2026-05-29 13:13:23.130,2,1.65,,1024000000
2026-05-29 13:13:23.117,2,1.7,,1024000000
2026-05-29 13:13:23.112,2,1.77,,1024000000
2026-05-29 13:13:23.090,2,1.84,,1024000000
2026-05-29 13:13:23.058,2,1.74,,1024000000
2026-05-29 13:13:23.056,2,1.95,,1024000000
2026-05-29 13:13:23.029,2,1.75,,1024000000
2026-05-29 13:13:23.024,2,1.9,,1024000000
2026-05-29 13:13:23.021,2,1.64,,1024000000
2026-05-29 13:13:23.011,2,1.68,,1024000000
2026-05-29 13:13:22.993,2,1.78,,1024000000
2026-05-29 13:13:22.992,2,1.75,,1024000000
2026-05-29 13:13:22.982,2,1.74,,1024000000
2026-05-29 13:13:22.981,2,1.76,,1024000000
2026-05-29 13:13:22.972,2,2,,1024000000
2026-05-29 13:13:22.971,2,1.64,,1024000000
2026-05-29 13:13:22.971,2,1.72,,1024000000
2026-05-29 13:13:22.964,3,2.66,,1024000000
2026-05-29 13:13:22.961,2,1.76,,1024000000
2026-05-29 13:13:22.957,2,1.83,,1024000000
2026-05-29 13:13:22.935,2,1.73,,1024000000
2026-05-29 13:13:22.922,3,2.06,,1024000000
2026-05-29 13:13:22.921,3,2.11,,1024000000
2026-05-29 13:13:22.916,9,8.8,,1024000000
2026-05-29 13:13:22.912,2,1.93,,1024000000
2026-05-29 13:13:22.892,2,1.88,,1024000000
2026-05-29 13:13:22.886,3,2.05,,1024000000
2026-05-29 13:13:22.868,2,1.78,,1024000000
2026-05-29 13:13:22.848,2,1.7,,1024000000
2026-05-29 13:13:22.824,2,1.73,,1024000000
2026-05-29 13:13:22.807,2,1.96,,1024000000
2026-05-29 13:13:22.798,10,9.41,,1024000000
2026-05-29 13:13:22.783,2,1.71,,1024000000
2026-05-29 13:13:22.745,2,1.9,,1024000000
2026-05-29 13:13:22.736,2,1.78,,1024000000
2026-05-29 13:13:22.725,2,1.88,,1024000000
2026-05-29 13:13:22.721,2,1.75,,1024000000
2026-05-29 13:13:22.702,2,1.87,,1024000000
2026-05-29 13:13:22.700,2,1.69,,1024000000
2026-05-29 13:13:22.688,2,1.82,,1024000000
2026-05-29 13:13:22.680,2,1.76,,1024000000
2026-05-29 13:13:22.679,2,1.82,,1024000000
2026-05-29 13:13:22.624,2,1.96,,1024000000
2026-05-29 13:13:22.593,2,1.8,,1024000000
2026-05-29 13:13:22.584,3,2.65,,1024000000
2026-05-29 13:13:22.571,5,4.78,,1024000000
2026-05-29 13:13:22.557,2,1.99,,1024000000
2026-05-29 13:13:22.551,11,10.75,,1024000000
2026-05-29 13:13:22.519,2,1.79,,1024000000
2026-05-29 13:13:22.508,2,1.92,,1024000000
2026-05-29 13:13:22.470,3,2,,1024000000
2026-05-29 13:13:22.467,2,1.75,,1024000000
2026-05-29 13:13:22.464,2,1.72,,1024000000
2026-05-29 13:13:22.444,2,1.8,,1024000000
2026-05-29 13:13:22.441,2,1.71,,1024000000
2026-05-29 13:13:22.413,2,1.97,,1024000000
2026-05-29 13:13:22.410,3,2.11,,1024000000
2026-05-29 13:13:22.395,3,2.24,,1024000000
2026-05-29 13:13:22.380,7,6.16,,1024000000
2026-05-29 13:13:22.377,2,1.54,,1024000000
2026-05-29 13:13:22.374,2,1.99,,1024000000
2026-05-29 13:13:22.374,3,2.06,,1024000000
2026-05-29 13:13:22.370,2,1.78,,1024000000
2026-05-29 13:13:22.348,2,1.85,,1024000000
2026-05-29 13:13:22.334,2,1.71,,1024000000
2026-05-29 13:13:22.328,2,1.98,,1024000000
2026-05-29 13:13:22.316,2,1.8,,1024000000
2026-05-29 13:13:22.312,2,1.8,,1024000000
2026-05-29 13:13:22.267,2,1.88,,1024000000
2026-05-29 13:13:22.264,2,1.63,,1024000000
2026-05-29 13:13:22.254,2,1.71,,1024000000
2026-05-29 13:13:22.244,16,15.15,,1024000000
2026-05-29 13:13:22.244,2,1.99,,1024000000
2026-05-29 13:13:22.236,2,1.93,,1024000000
2026-05-29 13:13:22.218,2,1.9,,1024000000
2026-05-29 13:13:22.209,3,2.35,,1024000000
2026-05-29 13:13:22.208,2,1.82,,1024000000
2026-05-29 13:13:22.194,2,1.87,,1024000000
2026-05-29 13:13:22.191,2,1.81,,1024000000
2026-05-29 13:13:22.185,2,1.64,,1024000000
2026-05-29 13:13:22.176,2,1.83,,1024000000
2026-05-29 13:13:22.167,2,1.63,,1024000000
2026-05-29 13:13:22.153,2,1.66,,1024000000
2026-05-29 13:13:22.139,2,1.61,,1024000000
2026-05-29 13:13:22.112,2,1.83,,1024000000
2026-05-29 13:13:22.110,2,1.84,,1024000000
2026-05-29 13:13:22.097,5,4.12,,1024000000
2026-05-29 13:13:22.092,2,1.79,,1024000000
2026-05-29 13:13:22.089,2,1.85,,1024000000
2026-05-29 13:13:22.073,2,1.88,,1024000000
2026-05-29 13:13:22.067,2,1.62,,1024000000
2026-05-29 13:13:22.064,2,1.61,,1024000000
2026-05-29 13:13:22.062,2,1.89,,1024000000
2026-05-29 13:13:22.048,2,1.64,,1024000000
2026-05-29 13:13:22.044,2,1.81,,1024000000
2026-05-29 13:13:22.018,2,1.67,,1024000000
2026-05-29 13:13:22.002,2,1.82,,1024000000
2026-05-29 13:13:21.970,3,2.22,,1024000000
2026-05-29 13:13:21.967,2,1.66,,1024000000
2026-05-29 13:13:21.965,2,1.7,,1024000000
2026-05-29 13:13:21.962,2,1.91,,1024000000
2026-05-29 13:13:21.954,3,2.03,,1024000000
2026-05-29 13:13:21.948,2,1.68,,1024000000
2026-05-29 13:13:21.946,2,1.92,,1024000000
2026-05-29 13:13:21.924,4,3.27,,1024000000
2026-05-29 13:13:21.909,2,1.85,,1024000000
2026-05-29 13:13:21.889,2,1.77,,1024000000
2026-05-29 13:13:21.863,2,1.75,,1024000000
2026-05-29 13:13:21.834,3,2.62,,1024000000
2026-05-29 13:13:21.832,2,1.63,,1024000000
2026-05-29 13:13:21.828,2,1.66,,1024000000
2026-05-29 13:13:21.825,2,1.83,,1024000000
2026-05-29 13:13:21.807,2,1.99,,1024000000
2026-05-29 13:13:21.807,2,1.59,,1024000000
2026-05-29 13:13:21.796,2,1.84,,1024000000
2026-05-29 13:13:21.791,2,1.71,,1024000000
2026-05-29 13:13:21.775,2,1.73,,1024000000
2026-05-29 13:13:21.774,2,1.59,,1024000000
2026-05-29 13:13:21.738,3,2.04,,1024000000
2026-05-29 13:13:21.731,2,1.68,,1024000000
2026-05-29 13:13:21.706,3,2.14,,1024000000
2026-05-29 13:13:21.703,2,1.73,,1024000000
2026-05-29 13:13:21.701,2,1.97,,1024000000
2026-05-29 13:13:21.694,2,1.72,,1024000000
2026-05-29 13:13:21.680,2,1.67,,1024000000
2026-05-29 13:13:21.671,2,1.72,,1024000000
2026-05-29 13:13:21.667,2,1.98,,1024000000
2026-05-29 13:13:21.657,3,2.12,,1024000000
2026-05-29 13:13:21.655,2,1.77,,1024000000
2026-05-29 13:13:21.645,2,1.68,,1024000000
2026-05-29 13:13:21.644,3,2.33,,1024000000
2026-05-29 13:13:21.636,2,1.86,,1024000000
2026-05-29 13:13:21.636,3,2.02,,1024000000
2026-05-29 13:13:21.624,2,1.82,,1024000000
2026-05-29 13:13:21.623,2,1.61,,1024000000
2026-05-29 13:13:21.622,3,2.37,,1024000000
2026-05-29 13:13:21.613,2,1.83,,1024000000
2026-05-29 13:13:21.612,2,1.88,,1024000000
2026-05-29 13:13:21.591,2,1.8,,1024000000
2026-05-29 13:13:21.588,2,1.82,,1024000000
2026-05-29 13:13:21.587,2,1.65,,1024000000
2026-05-29 13:13:21.569,2,1.68,,1024000000
2026-05-29 13:13:21.563,2,1.71,,1024000000
2026-05-29 13:13:21.555,2,1.75,,1024000000
2026-05-29 13:13:21.555,2,1.86,,1024000000
2026-05-29 13:13:21.554,2,1.97,,1024000000
2026-05-29 13:13:21.550,3,2.05,,1024000000
2026-05-29 13:13:21.544,2,1.86,,1024000000
2026-05-29 13:13:21.543,2,1.94,,1024000000
2026-05-29 13:13:21.539,2,1.81,,1024000000
2026-05-29 13:13:21.521,2,1.74,,1024000000
2026-05-29 13:13:21.485,2,1.98,,1024000000
2026-05-29 13:13:21.473,3,2.03,,1024000000
2026-05-29 13:13:21.472,7,6.02,,1024000000
2026-05-29 13:13:21.463,6,5.38,,1024000000
2026-05-29 13:13:21.443,2,1.84,,1024000000
2026-05-29 13:13:21.420,2,1.59,,1024000000
2026-05-29 13:13:21.418,2,1.9,,1024000000
2026-05-29 13:13:21.409,2,1.81,,1024000000
2026-05-29 13:13:21.401,3,2.05,,1024000000
2026-05-29 13:13:21.386,2,1.78,,1024000000
2026-05-29 13:13:21.376,2,1.95,,1024000000
2026-05-29 13:13:21.366,4,3.04,,1024000000
2026-05-29 13:13:21.364,3,2.01,,1024000000
2026-05-29 13:13:21.362,2,1.71,,1024000000
2026-05-29 13:13:21.349,2,1.98,,1024000000
2026-05-29 13:13:21.300,3,2.12,,1024000000
2026-05-29 13:13:21.296,2,1.65,,1024000000
2026-05-29 13:13:21.258,2,2,,1024000000
2026-05-29 13:13:21.234,3,2.01,,1024000000
2026-05-29 13:13:21.229,2,1.8,,1024000000
2026-05-29 13:13:21.176,2,1.88,,1024000000
2026-05-29 13:13:21.173,2,1.68,,1024000000
2026-05-29 13:13:21.172,2,1.81,,1024000000
2026-05-29 13:13:21.160,2,1.71,,1024000000
2026-05-29 13:13:21.146,2,1.91,,1024000000
2026-05-29 13:13:21.137,2,1.93,,1024000000
2026-05-29 13:13:21.117,2,1.77,,1024000000
2026-05-29 13:13:21.105,2,1.86,,1024000000
2026-05-29 13:13:21.103,9,8.05,,1024000000
2026-05-29 13:13:21.101,2,1.65,,1024000000
2026-05-29 13:13:21.092,2,1.84,,1024000000
2026-05-29 13:13:21.087,2,1.65,,1024000000
2026-05-29 13:13:21.061,2,1.79,,1024000000
2026-05-29 13:13:21.053,2,1.8,,1024000000
2026-05-29 13:13:21.047,2,1.55,,1024000000
2026-05-29 13:13:21.036,2,1.64,,1024000000
2026-05-29 13:13:21.028,2,1.78,,1024000000
2026-05-29 13:13:21.021,2,1.66,,1024000000
2026-05-29 13:13:21.001,2,1.83,,1024000000
2026-05-29 13:13:20.994,2,1.63,,1024000000
2026-05-29 13:13:20.992,2,1.81,,1024000000
2026-05-29 13:13:20.989,2,1.61,,1024000000
2026-05-29 13:13:20.978,2,1.76,,1024000000
2026-05-29 13:13:20.967,2,1.91,,1024000000
2026-05-29 13:13:20.960,2,1.8,,1024000000
2026-05-29 13:13:20.924,2,1.79,,1024000000
2026-05-29 13:13:20.906,2,1.74,,1024000000
2026-05-29 13:13:20.872,2,1.87,,1024000000
2026-05-29 13:13:20.851,2,1.81,,1024000000
2026-05-29 13:13:20.851,2,1.73,,1024000000
2026-05-29 13:13:20.843,2,1.87,,1024000000
2026-05-29 13:13:20.824,2,1.69,,1024000000
2026-05-29 13:13:20.817,3,2.38,,1024000000
2026-05-29 13:13:20.817,3,2.04,,1024000000
2026-05-29 13:13:20.805,2,1.82,,1024000000
2026-05-29 13:13:20.796,2,1.89,,1024000000
2026-05-29 13:13:20.784,7,6.26,,1024000000
2026-05-29 13:13:20.778,2,1.72,,1024000000
2026-05-29 13:13:20.760,2,1.95,,1024000000
2026-05-29 13:13:20.750,2,1.7,,1024000000
2026-05-29 13:13:20.742,2,1.79,,1024000000
2026-05-29 13:13:20.741,3,2.02,,1024000000
2026-05-29 13:13:20.726,2,1.95,,1024000000
2026-05-29 13:13:20.726,2,1.89,,1024000000
2026-05-29 13:13:20.714,2,1.68,,1024000000
2026-05-29 13:13:20.708,2,1.82,,1024000000
2026-05-29 13:13:20.701,2,1.94,,1024000000
2026-05-29 13:13:20.686,2,1.94,,1024000000
2026-05-29 13:13:20.682,2,1.85,,1024000000
2026-05-29 13:13:20.682,2,1.82,,1024000000
2026-05-29 13:13:20.679,2,1.83,,1024000000
2026-05-29 13:13:20.669,2,1.99,,1024000000
2026-05-29 13:13:20.659,2,1.55,,1024000000
2026-05-29 13:13:20.655,3,2.14,,1024000000
2026-05-29 13:13:20.649,2,1.71,,1024000000
2026-05-29 13:13:20.638,2,1.84,,1024000000
2026-05-29 13:13:20.625,3,2.01,,1024000000
2026-05-29 13:13:20.601,2,1.62,,1024000000
2026-05-29 13:13:20.569,2,1.68,,1024000000
2026-05-29 13:13:20.562,2,1.96,,1024000000
2026-05-29 13:13:20.556,2,1.98,,1024000000
2026-05-29 13:13:20.555,2,1.6,,1024000000
2026-05-29 13:13:20.550,2,1.82,,1024000000
2026-05-29 13:13:20.544,4,3.04,,1024000000
2026-05-29 13:13:20.544,2,1.67,,1024000000
2026-05-29 13:13:20.533,3,2.18,,1024000000
2026-05-29 13:13:20.521,2,1.71,,1024000000
2026-05-29 13:13:20.515,2,1.78,,1024000000
2026-05-29 13:13:20.510,2,1.71,,1024000000
2026-05-29 13:13:20.464,2,1.67,,1024000000
2026-05-29 13:13:20.433,2,1.86,,1024000000
2026-05-29 13:13:20.432,2,1.66,,1024000000
2026-05-29 13:13:20.417,12,11.96,,1024000000
2026-05-29 13:13:20.409,2,1.77,,1024000000
2026-05-29 13:13:20.406,2,1.79,,1024000000
2026-05-29 13:13:20.393,2,1.87,,1024000000
2026-05-29 13:13:20.388,2,1.72,,1024000000
2026-05-29 13:13:20.362,2,1.69,,1024000000
2026-05-29 13:13:20.354,2,1.9,,1024000000
2026-05-29 13:13:20.337,2,1.63,,1024000000
2026-05-29 13:13:20.331,2,1.9,,1024000000
2026-05-29 13:13:20.328,2,1.9,,1024000000
2026-05-29 13:13:20.307,2,1.67,,1024000000
2026-05-29 13:13:20.304,2,1.83,,1024000000
2026-05-29 13:13:20.303,17,16.14,,1024000000
2026-05-29 13:13:20.302,2,1.67,,1024000000
2026-05-29 13:13:20.288,2,1.78,,1024000000
2026-05-29 13:13:20.286,2,1.67,,1024000000
2026-05-29 13:13:20.262,2,1.72,,1024000000
2026-05-29 13:13:20.260,3,2.03,,1024000000
2026-05-29 13:13:20.260,3,2.11,,1024000000
2026-05-29 13:13:20.258,2,1.87,,1024000000
2026-05-29 13:13:20.233,2,1.75,,1024000000
2026-05-29 13:13:20.224,3,2.06,,1024000000
2026-05-29 13:13:20.216,2,1.92,,1024000000
2026-05-29 13:13:20.213,2,1.97,,1024000000
2026-05-29 13:13:20.208,2,1.63,,1024000000
2026-05-29 13:13:20.184,7,6.75,,1024000000
2026-05-29 13:13:20.164,3,2.18,,1024000000
2026-05-29 13:13:20.163,23,22.18,,1024000000
2026-05-29 13:13:20.153,3,2.45,,1024000000
2026-05-29 13:13:20.150,2,1.74,,1024000000
2026-05-29 13:13:20.138,2,1.81,,1024000000
2026-05-29 13:13:20.124,2,1.82,,1024000000
2026-05-29 13:13:20.108,2,1.71,,1024000000
2026-05-29 13:13:20.103,2,1.92,,1024000000
2026-05-29 13:13:20.095,3,2.22,,1024000000
2026-05-29 13:13:20.091,3,2,,1024000000
2026-05-29 13:13:20.086,2,1.78,,1024000000
2026-05-29 13:13:20.081,2,1.64,,1024000000
2026-05-29 13:13:20.081,3,2.17,,1024000000
2026-05-29 13:13:20.065,2,1.87,,1024000000
2026-05-29 13:13:20.064,2,1.7,,1024000000
2026-05-29 13:13:20.040,2,1.81,,1024000000
2026-05-29 13:13:20.028,2,1.85,,1024000000
2026-05-29 13:13:20.014,3,2.12,,1024000000
2026-05-29 13:13:19.979,10,9.11,,1024000000
2026-05-29 13:13:19.942,2,1.73,,1024000000
2026-05-29 13:13:19.932,2,1.88,,1024000000
2026-05-29 13:13:19.922,2,1.95,,1024000000
2026-05-29 13:13:19.917,3,2.04,,1024000000
2026-05-29 13:13:19.894,5,4.39,,1024000000
2026-05-29 13:13:19.894,2,1.86,,1024000000
2026-05-29 13:13:19.889,2,1.92,,1024000000
2026-05-29 13:13:19.882,3,2.05,,1024000000
2026-05-29 13:13:19.878,3,2.06,,1024000000
2026-05-29 13:13:19.864,2,1.89,,1024000000
2026-05-29 13:13:19.847,3,2.08,,1024000000
2026-05-29 13:13:19.847,4,3.06,,1024000000
2026-05-29 13:13:19.845,2,1.83,,1024000000
2026-05-29 13:13:19.829,2,1.64,,1024000000
2026-05-29 13:13:19.823,3,2.08,,1024000000
2026-05-29 13:13:19.807,2,1.71,,1024000000
2026-05-29 13:13:19.790,3,2.19,,1024000000
2026-05-29 13:13:19.790,2,1.99,,1024000000
2026-05-29 13:13:19.769,2,1.69,,1024000000
2026-05-29 13:13:19.746,2,1.75,,1024000000
2026-05-29 13:13:19.740,2,1.73,,1024000000
2026-05-29 13:13:19.725,2,1.78,,1024000000
2026-05-29 13:13:19.720,3,2.1,,1024000000
2026-05-29 13:13:19.713,2,1.93,,1024000000
2026-05-29 13:13:19.689,2,1.84,,1024000000
2026-05-29 13:13:19.687,2,1.93,,1024000000
2026-05-29 13:13:19.676,2,1.79,,1024000000
2026-05-29 13:13:19.666,2,1.75,,1024000000
2026-05-29 13:13:19.653,3,2.21,,1024000000
2026-05-29 13:13:19.644,2,1.91,,1024000000
2026-05-29 13:13:19.636,2,1.86,,1024000000
2026-05-29 13:13:19.634,6,5.18,,1024000000
2026-05-29 13:13:19.614,2,1.97,,1024000000
2026-05-29 13:13:19.611,2,1.87,,1024000000
2026-05-29 13:13:19.610,2,1.83,,1024000000
2026-05-29 13:13:19.599,3,2.06,,1024000000
2026-05-29 13:13:19.571,3,2.03,,1024000000
2026-05-29 13:13:19.541,7,6.99,,1024000000
2026-05-29 13:13:19.528,6,5.84,,1024000000
2026-05-29 13:13:19.520,6,5.91,,1024000000
2026-05-29 13:13:19.515,2,1.93,,1024000000
2026-05-29 13:13:19.493,2,1.76,,1024000000
2026-05-29 13:13:19.479,2,1.81,,1024000000
2026-05-29 13:13:19.456,15,14.17,,1024000000
2026-05-29 13:13:19.444,2,1.68,,1024000000
2026-05-29 13:13:19.440,4,3.14,,1024000000
2026-05-29 13:13:19.437,3,2.5,,1024000000
2026-05-29 13:13:19.430,2,1.69,,1024000000
2026-05-29 13:13:19.424,2,1.78,,1024000000
2026-05-29 13:13:19.415,2,1.72,,1024000000
2026-05-29 13:13:19.406,2,1.62,,1024000000
2026-05-29 13:13:19.399,3,2.03,,1024000000
2026-05-29 13:13:19.396,3,2.99,,1024000000
2026-05-29 13:13:19.396,2,1.93,,1024000000
2026-05-29 13:13:19.387,2,1.72,,1024000000
2026-05-29 13:13:19.374,5,4.44,,1024000000
2026-05-29 13:13:19.363,2,1.68,,1024000000
2026-05-29 13:13:19.345,2,1.73,,1024000000
2026-05-29 13:13:19.342,10,9.44,,1024000000
2026-05-29 13:13:19.322,2,1.75,,1024000000
2026-05-29 13:13:19.296,3,2.02,,1024000000
2026-05-29 13:13:19.294,2,1.91,,1024000000
2026-05-29 13:13:19.277,2,1.81,,1024000000
2026-05-29 13:13:19.266,16,15.09,,1024000000
2026-05-29 13:13:19.256,2,1.73,,1024000000
2026-05-29 13:13:19.255,2,1.75,,1024000000
2026-05-29 13:13:19.252,2,1.76,,1024000000
2026-05-29 13:13:19.237,2,1.85,,1024000000
2026-05-29 13:13:19.224,2,1.84,,1024000000
2026-05-29 13:13:19.221,2,1.72,,1024000000
2026-05-29 13:13:19.215,3,2.12,,1024000000
2026-05-29 13:13:19.211,2,1.68,,1024000000
2026-05-29 13:13:19.211,2,1.65,,1024000000
2026-05-29 13:13:19.190,2,1.82,,1024000000
2026-05-29 13:13:19.184,2,1.78,,1024000000
2026-05-29 13:13:19.161,2,1.98,,1024000000
2026-05-29 13:13:19.154,5,4.59,,1024000000
2026-05-29 13:13:19.152,2,1.94,,1024000000
2026-05-29 13:13:19.151,2,1.83,,1024000000
2026-05-29 13:13:19.132,2,1.7,,1024000000
2026-05-29 13:13:19.111,2,1.64,,1024000000
2026-05-29 13:13:19.106,2,1.65,,1024000000
2026-05-29 13:13:19.084,2,1.74,,1024000000
2026-05-29 13:13:19.082,2,1.86,,1024000000
2026-05-29 13:13:19.061,7,6.61,,1024000000
2026-05-29 13:13:19.045,2,1.66,,1024000000
2026-05-29 13:13:19.037,2,1.94,,1024000000
2026-05-29 13:13:19.035,2,1.9,,1024000000
2026-05-29 13:13:19.018,2,1.89,,1024000000
2026-05-29 13:13:19.005,3,2.57,,1024000000
2026-05-29 13:13:18.985,2,1.69,,1024000000
2026-05-29 13:13:18.955,2,1.88,,1024000000
2026-05-29 13:13:18.913,4,3.44,,1024000000
2026-05-29 13:13:18.883,2,1.83,,1024000000
2026-05-29 13:13:18.868,3,2.18,,1024000000
2026-05-29 13:13:18.839,2,1.9,,1024000000
2026-05-29 13:13:18.832,2,1.94,,1024000000
2026-05-29 13:13:18.827,2,1.68,,1024000000
2026-05-29 13:13:18.808,3,2.05,,1024000000
2026-05-29 13:13:18.785,2,1.71,,1024000000
2026-05-29 13:13:18.778,2,1.66,,1024000000
2026-05-29 13:13:18.759,11,10.04,,1024000000
2026-05-29 13:13:18.758,3,2.12,,1024000000
2026-05-29 13:13:18.751,2,1.94,,1024000000
2026-05-29 13:13:18.747,2,1.53,,1024000000
2026-05-29 13:13:18.743,3,2.86,,1024000000
2026-05-29 13:13:18.742,2,1.9,,1024000000
2026-05-29 13:13:18.742,3,2.05,,1024000000
2026-05-29 13:13:18.738,2,1.68,,1024000000
2026-05-29 13:13:18.729,2,1.78,,1024000000
2026-05-29 13:13:18.726,2,1.82,,1024000000
2026-05-29 13:13:18.711,2,1.68,,1024000000
2026-05-29 13:13:18.694,2,1.76,,1024000000
2026-05-29 13:13:18.671,3,2.11,,1024000000
2026-05-29 13:13:18.651,2,1.67,,1024000000
2026-05-29 13:13:18.649,2,1.82,,1024000000
2026-05-29 13:13:18.626,2,1.91,,1024000000
2026-05-29 13:13:18.623,3,2.15,,1024000000
2026-05-29 13:13:18.621,3,2.04,,1024000000
2026-05-29 13:13:18.610,3,2,,1024000000
2026-05-29 13:13:18.582,3,2.95,,1024000000
2026-05-29 13:13:18.578,2,1.88,,1024000000
2026-05-29 13:13:18.571,2,1.93,,1024000000
2026-05-29 13:13:18.566,3,2.04,,1024000000
2026-05-29 13:13:18.565,2,1.99,,1024000000
2026-05-29 13:13:18.562,2,1.96,,1024000000
2026-05-29 13:13:18.558,2,1.97,,1024000000
2026-05-29 13:13:18.545,3,2.71,,1024000000
2026-05-29 13:13:18.544,12,11.95,,1024000000
2026-05-29 13:13:18.536,2,1.61,,1024000000
2026-05-29 13:13:18.534,2,1.85,,1024000000
2026-05-29 13:13:18.516,2,1.69,,1024000000
2026-05-29 13:13:18.501,3,2.18,,1024000000
2026-05-29 13:13:18.499,2,1.68,,1024000000
2026-05-29 13:13:18.499,2,1.67,,1024000000
2026-05-29 13:13:18.495,2,1.99,,1024000000
2026-05-29 13:13:18.493,2,1.65,,1024000000
2026-05-29 13:13:18.479,3,2.01,,1024000000
2026-05-29 13:13:18.473,2,1.81,,1024000000
2026-05-29 13:13:18.429,2,1.95,,1024000000
2026-05-29 13:13:18.410,3,2.07,,1024000000
2026-05-29 13:13:18.409,2,1.7,,1024000000
2026-05-29 13:13:18.391,2,1.73,,1024000000
2026-05-29 13:13:18.381,2,1.92,,1024000000
2026-05-29 13:13:18.372,2,1.72,,1024000000
2026-05-29 13:13:18.369,2,1.99,,1024000000
2026-05-29 13:13:18.341,2,1.75,,1024000000
2026-05-29 13:13:18.338,3,2.42,,1024000000
2026-05-29 13:13:18.325,3,2.16,,1024000000
2026-05-29 13:13:18.323,2,1.67,,1024000000
2026-05-29 13:13:18.319,3,2.3,,1024000000
2026-05-29 13:13:18.318,2,1.95,,1024000000
2026-05-29 13:13:18.309,2,1.69,,1024000000
2026-05-29 13:13:18.302,7,6.04,,1024000000
2026-05-29 13:13:18.283,2,1.85,,1024000000
2026-05-29 13:13:18.273,2,1.61,,1024000000
2026-05-29 13:13:18.260,2,1.9,,1024000000
2026-05-29 13:13:18.258,2,1.71,,1024000000
2026-05-29 13:13:18.257,2,1.84,,1024000000
2026-05-29 13:13:18.248,2,1.84,,1024000000
2026-05-29 13:13:18.232,2,1.76,,1024000000
2026-05-29 13:13:18.229,15,14.3,,1024000000
2026-05-29 13:13:18.229,2,1.93,,1024000000
2026-05-29 13:13:18.227,2,1.65,,1024000000
2026-05-29 13:13:18.209,2,1.59,,1024000000
2026-05-29 13:13:18.196,2,1.77,,1024000000
2026-05-29 13:13:18.188,2,1.83,,1024000000
2026-05-29 13:13:18.186,2,1.69,,1024000000
2026-05-29 13:13:18.140,2,1.87,,1024000000
2026-05-29 13:13:18.126,2,1.69,,1024000000
2026-05-29 13:13:18.103,2,1.75,,1024000000
2026-05-29 13:13:18.088,2,1.62,,1024000000
2026-05-29 13:13:18.076,2,1.57,,1024000000
2026-05-29 13:13:18.068,2,1.94,,1024000000
2026-05-29 13:13:18.066,2,1.91,,1024000000
2026-05-29 13:13:18.054,11,10.25,,1024000000
2026-05-29 13:13:18.039,2,1.78,,1024000000
2026-05-29 13:13:18.033,2,1.84,,1024000000
2026-05-29 13:13:18.019,15,14.58,,1024000000
2026-05-29 13:13:18.013,2,1.62,,1024000000
2026-05-29 13:13:18.009,3,2.01,,1024000000
2026-05-29 13:13:17.997,2,1.66,,1024000000
2026-05-29 13:13:17.992,2,1.79,,1024000000
2026-05-29 13:13:17.986,2,1.61,,1024000000
2026-05-29 13:13:17.974,2,1.63,,1024000000
2026-05-29 13:13:17.969,2,1.67,,1024000000
2026-05-29 13:13:17.967,2,1.88,,1024000000
2026-05-29 13:13:17.960,2,1.75,,1024000000
2026-05-29 13:13:17.953,2,1.8,,1024000000
2026-05-29 13:13:17.939,2,1.93,,1024000000
2026-05-29 13:13:17.935,2,1.98,,1024000000
2026-05-29 13:13:17.904,2,1.78,,1024000000
2026-05-29 13:13:17.897,2,1.73,,1024000000
2026-05-29 13:13:17.896,2,1.9,,1024000000
2026-05-29 13:13:17.884,3,2.31,,1024000000
2026-05-29 13:13:17.876,2,1.73,,1024000000
2026-05-29 13:13:17.865,9,8.01,,1024000000
2026-05-29 13:13:17.836,2,1.91,,1024000000
2026-05-29 13:13:17.833,2,1.74,,1024000000
2026-05-29 13:13:17.829,2,1.79,,1024000000
2026-05-29 13:13:17.815,2,1.86,,1024000000
2026-05-29 13:13:17.807,2,1.92,,1024000000
2026-05-29 13:13:17.797,2,1.73,,1024000000
2026-05-29 13:13:17.796,2,1.96,,1024000000
2026-05-29 13:13:17.789,2,1.9,,1024000000
2026-05-29 13:13:17.765,2,1.72,,1024000000
2026-05-29 13:13:17.758,15,14.62,,1024000000
2026-05-29 13:13:17.754,2,1.74,,1024000000
2026-05-29 13:13:17.752,3,2.43,,1024000000
2026-05-29 13:13:17.694,2,1.86,,1024000000
2026-05-29 13:13:17.653,2,1.85,,1024000000
2026-05-29 13:13:17.648,2,1.65,,1024000000
2026-05-29 13:13:17.647,2,2,,1024000000
2026-05-29 13:13:17.643,3,2.21,,1024000000
2026-05-29 13:13:17.642,3,2.02,,1024000000
2026-05-29 13:13:17.619,3,2.12,,1024000000
2026-05-29 13:13:17.607,2,1.91,,1024000000
2026-05-29 13:13:17.585,2,1.67,,1024000000
2026-05-29 13:13:17.576,2,1.81,,1024000000
2026-05-29 13:13:17.575,13,12.03,,1024000000
2026-05-29 13:13:17.544,2,1.94,,1024000000
2026-05-29 13:13:17.543,2,1.9,,1024000000
2026-05-29 13:13:17.539,2,1.71,,1024000000
2026-05-29 13:13:17.534,2,1.78,,1024000000
2026-05-29 13:13:17.533,3,2.18,,1024000000
2026-05-29 13:13:17.526,2,1.55,,1024000000
2026-05-29 13:13:17.525,2,1.77,,1024000000
2026-05-29 13:13:17.516,2,1.72,,1024000000
2026-05-29 13:13:17.485,2,1.64,,1024000000
2026-05-29 13:13:17.480,3,2.1,,1024000000
2026-05-29 13:13:17.462,2,1.67,,1024000000
2026-05-29 13:13:17.462,2,1.7,,1024000000
2026-05-29 13:13:17.435,2,1.73,,1024000000
2026-05-29 13:13:17.429,2,1.81,,1024000000
2026-05-29 13:13:17.411,3,2.24,,1024000000
2026-05-29 13:13:17.407,2,1.7,,1024000000
2026-05-29 13:13:17.401,3,2.12,,1024000000
2026-05-29 13:13:17.396,2,1.69,,1024000000
2026-05-29 13:13:17.393,2,1.69,,1024000000
2026-05-29 13:13:17.392,3,2.01,,1024000000
2026-05-29 13:13:17.385,2,1.65,,1024000000
2026-05-29 13:13:17.384,2,1.96,,1024000000
2026-05-29 13:13:17.377,2,1.79,,1024000000
2026-05-29 13:13:17.351,2,1.89,,1024000000
2026-05-29 13:13:17.345,3,2.04,,1024000000
2026-05-29 13:13:17.341,3,2.64,,1024000000
2026-05-29 13:13:17.339,2,1.79,,1024000000
2026-05-29 13:13:17.338,2,1.85,,1024000000
2026-05-29 13:13:17.314,2,1.71,,1024000000
2026-05-29 13:13:17.303,2,1.86,,1024000000
2026-05-29 13:13:17.301,2,1.89,,1024000000
2026-05-29 13:13:17.275,2,1.96,,1024000000
2026-05-29 13:13:17.235,2,1.6,,1024000000
2026-05-29 13:13:17.209,2,1.65,,1024000000
2026-05-29 13:13:17.206,2,1.84,,1024000000
2026-05-29 13:13:17.198,7,6.87,,1024000000
2026-05-29 13:13:17.196,2,1.68,,1024000000
2026-05-29 13:13:17.196,3,2.08,,1024000000
2026-05-29 13:13:17.191,2,1.7,,1024000000
2026-05-29 13:13:17.169,2,1.75,,1024000000
2026-05-29 13:13:17.157,2,1.77,,1024000000
2026-05-29 13:13:17.139,2,1.83,,1024000000
2026-05-29 13:13:17.136,2,1.74,,1024000000
2026-05-29 13:13:17.101,2,1.74,,1024000000
2026-05-29 13:13:17.087,2,1.75,,1024000000
2026-05-29 13:13:17.087,2,1.97,,1024000000
2026-05-29 13:13:17.080,2,1.93,,1024000000
2026-05-29 13:13:17.065,2,1.68,,1024000000
2026-05-29 13:13:17.045,3,2.08,,1024000000
2026-05-29 13:13:17.045,2,1.92,,1024000000
2026-05-29 13:13:17.044,2,1.75,,1024000000
2026-05-29 13:13:17.042,2,1.92,,1024000000
2026-05-29 13:13:17.037,2,1.86,,1024000000
2026-05-29 13:13:16.974,7,6.12,,1024000000
2026-05-29 13:13:16.963,5,4.44,,1024000000
2026-05-29 13:13:16.955,2,1.68,,1024000000
2026-05-29 13:13:16.943,2,1.79,,1024000000
2026-05-29 13:13:16.941,6,5.03,,1024000000
2026-05-29 13:13:16.932,2,1.8,,1024000000
2026-05-29 13:13:16.931,2,1.53,,1024000000
2026-05-29 13:13:16.922,2,1.74,,1024000000
2026-05-29 13:13:16.917,3,2.37,,1024000000
2026-05-29 13:13:16.903,2,1.88,,1024000000
2026-05-29 13:13:16.894,10,9.05,,1024000000
2026-05-29 13:13:16.893,2,1.6,,1024000000
2026-05-29 13:13:16.874,2,1.8,,1024000000
2026-05-29 13:13:16.866,6,5.68,,1024000000
2026-05-29 13:13:16.866,3,2.06,,1024000000
2026-05-29 13:13:16.859,2,1.74,,1024000000
2026-05-29 13:13:16.836,3,2.03,,1024000000
2026-05-29 13:13:16.826,3,2.59,,1024000000
2026-05-29 13:13:16.806,2,1.71,,1024000000
2026-05-29 13:13:16.798,2,1.72,,1024000000
2026-05-29 13:13:16.785,3,2.05,,1024000000
2026-05-29 13:13:16.775,2,1.79,,1024000000
2026-05-29 13:13:16.748,2,1.89,,1024000000
2026-05-29 13:13:16.705,2,1.85,,1024000000
2026-05-29 13:13:16.703,2,1.97,,1024000000
2026-05-29 13:13:16.700,2,1.61,,1024000000
2026-05-29 13:13:16.697,2,1.62,,1024000000
2026-05-29 13:13:16.697,3,2.15,,1024000000
2026-05-29 13:13:16.697,2,1.77,,1024000000
2026-05-29 13:13:16.696,2,1.79,,1024000000
2026-05-29 13:13:16.696,2,1.67,,1024000000
2026-05-29 13:13:16.695,2,1.75,,1024000000
2026-05-29 13:13:16.693,2,1.71,,1024000000
2026-05-29 13:13:16.692,2,1.63,,1024000000
2026-05-29 13:13:16.606,2,1.8,,1024000000
2026-05-29 13:13:16.591,2,1.57,,1024000000
2026-05-29 13:13:16.587,2,1.97,,1024000000
2026-05-29 13:13:16.577,2,1.75,,1024000000
2026-05-29 13:13:16.575,2,1.54,,1024000000
2026-05-29 13:13:16.574,6,5.6,,1024000000
2026-05-29 13:13:16.566,2,1.83,,1024000000
2026-05-29 13:13:16.545,2,1.94,,1024000000
2026-05-29 13:13:16.491,2,1.67,,1024000000
2026-05-29 13:13:16.453,3,2.35,,1024000000
2026-05-29 13:13:16.452,2,1.62,,1024000000
2026-05-29 13:13:16.440,2,1.51,,1024000000
2026-05-29 13:13:16.435,2,1.8,,1024000000
2026-05-29 13:13:16.430,2,1.67,,1024000000
2026-05-29 13:13:16.367,2,1.86,,1024000000
2026-05-29 13:13:16.366,2,1.93,,1024000000
2026-05-29 13:13:16.360,2,1.99,,1024000000
2026-05-29 13:13:16.355,2,1.88,,1024000000
2026-05-29 13:13:16.338,2,1.97,,1024000000
2026-05-29 13:13:16.317,2,1.65,,1024000000
2026-05-29 13:13:16.317,2,1.72,,1024000000
2026-05-29 13:13:16.311,2,1.85,,1024000000
2026-05-29 13:13:16.302,2,1.72,,1024000000
2026-05-29 13:13:16.300,2,1.94,,1024000000
2026-05-29 13:13:16.285,3,3,,1024000000
2026-05-29 13:13:16.263,2,1.8,,1024000000
2026-05-29 13:13:16.252,2,1.91,,1024000000
2026-05-29 13:13:16.242,2,1.82,,1024000000
2026-05-29 13:13:16.241,2,1.9,,1024000000
2026-05-29 13:13:16.238,2,1.69,,1024000000
2026-05-29 13:13:16.223,2,1.95,,1024000000
2026-05-29 13:13:16.190,2,1.76,,1024000000
2026-05-29 13:13:16.187,2,1.8,,1024000000
2026-05-29 13:13:16.187,2,1.54,,1024000000
2026-05-29 13:13:16.182,8,7.72,,1024000000
2026-05-29 13:13:16.178,2,1.95,,1024000000
2026-05-29 13:13:16.173,2,1.78,,1024000000
2026-05-29 13:13:16.167,2,1.64,,1024000000
2026-05-29 13:13:16.153,2,1.69,,1024000000
2026-05-29 13:13:16.138,2,1.83,,1024000000
2026-05-29 13:13:16.136,2,1.78,,1024000000
2026-05-29 13:13:16.080,2,1.97,,1024000000
2026-05-29 13:13:16.061,2,1.75,,1024000000
2026-05-29 13:13:16.039,2,1.79,,1024000000
2026-05-29 13:13:16.034,2,1.69,,1024000000
2026-05-29 13:13:16.033,2,1.68,,1024000000
2026-05-29 13:13:16.028,3,2.16,,1024000000
2026-05-29 13:13:16.026,3,2.09,,1024000000
2026-05-29 13:13:16.015,4,3.55,,1024000000
2026-05-29 13:13:16.007,3,2.03,,1024000000
2026-05-29 13:13:16.004,3,2.47,,1024000000
2026-05-29 13:13:15.991,2,1.77,,1024000000
2026-05-29 13:13:15.988,3,2.08,,1024000000
2026-05-29 13:13:15.979,2,1.62,,1024000000
2026-05-29 13:13:15.966,2,1.61,,1024000000
2026-05-29 13:13:15.965,3,2.2,,1024000000
2026-05-29 13:13:15.962,2,1.85,,1024000000
2026-05-29 13:13:15.962,2,1.72,,1024000000
2026-05-29 13:13:15.958,2,1.81,,1024000000
2026-05-29 13:13:15.954,2,1.89,,1024000000
2026-05-29 13:13:15.951,2,1.76,,1024000000
2026-05-29 13:13:15.948,2,1.94,,1024000000
2026-05-29 13:13:15.938,2,1.8,,1024000000
2026-05-29 13:13:15.903,3,2.12,,1024000000
2026-05-29 13:13:15.902,2,1.65,,1024000000
2026-05-29 13:13:15.901,3,2.18,,1024000000
2026-05-29 13:13:15.901,3,2.01,,1024000000
2026-05-29 13:13:15.897,2,1.84,,1024000000
2026-05-29 13:13:15.889,3,2.17,,1024000000
2026-05-29 13:13:15.884,2,1.87,,1024000000
2026-05-29 13:13:15.882,2,1.7,,1024000000
2026-05-29 13:13:15.854,11,10.78,,1024000000
2026-05-29 13:13:15.842,2,1.71,,1024000000
2026-05-29 13:13:15.839,2,1.76,,1024000000
2026-05-29 13:13:15.834,2,1.97,,1024000000
2026-05-29 13:13:15.826,2,1.63,,1024000000
2026-05-29 13:13:15.815,8,7.29,,1024000000
2026-05-29 13:13:15.812,7,6.08,,1024000000
2026-05-29 13:13:15.764,2,1.73,,1024000000
2026-05-29 13:13:15.712,3,2.17,,1024000000
2026-05-29 13:13:15.708,2,1.65,,1024000000
2026-05-29 13:13:15.703,2,1.63,,1024000000
2026-05-29 13:13:15.690,2,1.62,,1024000000
2026-05-29 13:13:15.689,3,2.72,,1024000000
2026-05-29 13:13:15.687,8,7.48,,1024000000
2026-05-29 13:13:15.680,2,1.85,,1024000000
2026-05-29 13:13:15.679,2,1.92,,1024000000
2026-05-29 13:13:15.678,2,1.74,,1024000000
2026-05-29 13:13:15.670,2,1.92,,1024000000
2026-05-29 13:13:15.662,2,1.69,,1024000000
2026-05-29 13:13:15.653,2,1.71,,1024000000
2026-05-29 13:13:15.645,2,1.78,,1024000000
2026-05-29 13:13:15.636,2,1.8,,1024000000
2026-05-29 13:13:15.630,2,1.98,,1024000000
2026-05-29 13:13:15.600,3,2.04,,1024000000
2026-05-29 13:13:15.598,3,2.2,,1024000000
2026-05-29 13:13:15.593,2,1.59,,1024000000
2026-05-29 13:13:15.575,2,1.94,,1024000000
2026-05-29 13:13:15.541,3,2.12,,1024000000
2026-05-29 13:13:15.517,2,1.57,,1024000000
2026-05-29 13:13:15.512,3,2.04,,1024000000
2026-05-29 13:13:15.506,2,1.89,,1024000000
2026-05-29 13:13:15.504,2,1.65,,1024000000
2026-05-29 13:13:15.494,2,1.75,,1024000000
2026-05-29 13:13:15.494,3,2.62,,1024000000
2026-05-29 13:13:15.488,2,1.81,,1024000000
2026-05-29 13:13:15.478,2,1.78,,1024000000
2026-05-29 13:13:15.465,2,1.84,,1024000000
2026-05-29 13:13:15.460,2,1.81,,1024000000
2026-05-29 13:13:15.439,3,2.03,,1024000000
2026-05-29 13:13:15.438,3,2.15,,1024000000
2026-05-29 13:13:15.426,3,2.52,,1024000000
2026-05-29 13:13:15.425,2,1.71,,1024000000
2026-05-29 13:13:15.417,2,1.75,,1024000000
2026-05-29 13:13:15.374,3,2.14,,1024000000
2026-05-29 13:13:15.348,2,1.84,,1024000000
2026-05-29 13:13:15.331,2,1.83,,1024000000
2026-05-29 13:13:15.304,2,1.76,,1024000000
2026-05-29 13:13:15.280,2,1.82,,1024000000
2026-05-29 13:13:15.274,2,1.64,,1024000000
2026-05-29 13:13:15.254,2,1.95,,1024000000
2026-05-29 13:13:15.251,2,1.8,,1024000000
2026-05-29 13:13:15.205,2,1.91,,1024000000
2026-05-29 13:13:15.200,2,1.96,,1024000000
2026-05-29 13:13:15.188,2,1.69,,1024000000
2026-05-29 13:13:15.185,2,1.96,,1024000000
2026-05-29 13:13:15.174,2,1.75,,1024000000
2026-05-29 13:13:15.172,2,1.76,,1024000000
2026-05-29 13:13:15.142,4,3.33,,1024000000
2026-05-29 13:13:15.116,8,7.12,,1024000000
2026-05-29 13:13:15.114,2,1.82,,1024000000
2026-05-29 13:13:15.100,2,1.87,,1024000000
2026-05-29 13:13:15.084,2,1.95,,1024000000
2026-05-29 13:13:15.056,2,1.72,,1024000000
2026-05-29 13:13:15.053,2,1.67,,1024000000
2026-05-29 13:13:15.052,2,1.84,,1024000000
2026-05-29 13:13:15.051,2,1.71,,1024000000
2026-05-29 13:13:15.049,3,2.16,,1024000000
2026-05-29 13:13:15.047,2,1.66,,1024000000
2026-05-29 13:13:15.044,2,1.89,,1024000000
2026-05-29 13:13:15.025,2,1.68,,1024000000
2026-05-29 13:13:15.007,2,1.86,,1024000000
2026-05-29 13:13:14.991,2,1.94,,1024000000
2026-05-29 13:13:14.988,2,1.99,,1024000000
2026-05-29 13:13:14.988,2,1.91,,1024000000
2026-05-29 13:13:14.983,2,1.76,,1024000000
2026-05-29 13:13:14.963,2,1.74,,1024000000
2026-05-29 13:13:14.943,2,1.76,,1024000000
2026-05-29 13:13:14.932,2,1.78,,1024000000
2026-05-29 13:13:14.921,2,1.55,,1024000000
2026-05-29 13:13:14.917,3,2.15,,1024000000
2026-05-29 13:13:14.915,10,9.48,,1024000000
2026-05-29 13:13:14.907,2,1.73,,1024000000
2026-05-29 13:13:14.898,2,1.69,,1024000000
2026-05-29 13:13:14.835,2,1.62,,1024000000
2026-05-29 13:13:14.832,13,12.23,,1024000000
2026-05-29 13:13:14.823,2,1.97,,1024000000
2026-05-29 13:13:14.822,2,1.89,,1024000000
2026-05-29 13:13:14.814,3,2.56,,1024000000
2026-05-29 13:13:14.772,2,1.89,,1024000000
2026-05-29 13:13:14.767,2,1.79,,1024000000
2026-05-29 13:13:14.760,2,1.8,,1024000000
2026-05-29 13:13:14.744,2,1.75,,1024000000
2026-05-29 13:13:14.740,2,1.79,,1024000000
2026-05-29 13:13:14.697,2,1.85,,1024000000
2026-05-29 13:13:14.677,2,1.41,,1024000000
2026-05-29 13:13:14.670,2,1.77,,1024000000
2026-05-29 13:13:14.655,3,2.01,,1024000000
2026-05-29 13:13:14.652,2,1.7,,1024000000
2026-05-29 13:13:14.635,2,1.49,,1024000000
2026-05-29 13:13:14.633,2,1.75,,1024000000
2026-05-29 13:13:14.628,6,5.25,,1024000000
2026-05-29 13:13:14.626,3,2.05,,1024000000
2026-05-29 13:13:14.626,2,1.83,,1024000000
2026-05-29 13:13:14.616,2,1.95,,1024000000
2026-05-29 13:13:14.610,10,9.35,,1024000000
2026-05-29 13:13:14.577,2,1.75,,1024000000
2026-05-29 13:13:14.560,2,1.62,,1024000000
2026-05-29 13:13:14.545,5,4.77,,1024000000
2026-05-29 13:13:14.538,2,1.67,,1024000000
2026-05-29 13:13:14.532,10,9.97,,1024000000
2026-05-29 13:13:14.528,2,1.86,,1024000000
2026-05-29 13:13:14.517,2,1.81,,1024000000
2026-05-29 13:13:14.512,2,1.82,,1024000000
2026-05-29 13:13:14.491,2,1.87,,1024000000
2026-05-29 13:13:14.486,2,1.77,,1024000000
2026-05-29 13:13:14.461,2,1.72,,1024000000
2026-05-29 13:13:14.450,2,1.77,,1024000000
2026-05-29 13:13:14.444,2,1.97,,1024000000
2026-05-29 13:13:14.440,2,1.67,,1024000000
2026-05-29 13:13:14.439,2,1.98,,1024000000
2026-05-29 13:13:14.426,2,1.75,,1024000000
2026-05-29 13:13:14.423,2,1.77,,1024000000
2026-05-29 13:13:14.417,2,1.7,,1024000000
2026-05-29 13:13:14.404,3,2.03,,1024000000
2026-05-29 13:13:14.400,3,2.3,,1024000000
2026-05-29 13:13:14.398,2,1.9,,1024000000
2026-05-29 13:13:14.374,2,1.68,,1024000000
2026-05-29 13:13:14.369,2,1.81,,1024000000
2026-05-29 13:13:14.360,3,2.11,,1024000000
2026-05-29 13:13:14.356,2,1.81,,1024000000
2026-05-29 13:13:14.355,2,1.65,,1024000000
2026-05-29 13:13:14.345,2,1.54,,1024000000
2026-05-29 13:13:14.326,3,2.03,,1024000000
2026-05-29 13:13:14.314,2,1.97,,1024000000
2026-05-29 13:13:14.313,2,1.84,,1024000000
2026-05-29 13:13:14.311,2,1.69,,1024000000
2026-05-29 13:13:14.308,2,1.7,,1024000000
2026-05-29 13:13:14.293,3,2.56,,1024000000
2026-05-29 13:13:14.281,2,1.74,,1024000000
2026-05-29 13:13:14.273,2,1.77,,1024000000
2026-05-29 13:13:14.251,4,3.21,,1024000000
2026-05-29 13:13:14.235,2,1.81,,1024000000
2026-05-29 13:13:14.230,2,1.69,,1024000000
2026-05-29 13:13:14.225,2,1.92,,1024000000
2026-05-29 13:13:14.219,3,2.96,,1024000000
2026-05-29 13:13:14.210,2,1.69,,1024000000
2026-05-29 13:13:14.203,2,2,,1024000000
2026-05-29 13:13:14.202,2,1.7,,1024000000
2026-05-29 13:13:14.183,2,1.64,,1024000000
2026-05-29 13:13:14.182,3,2.18,,1024000000
2026-05-29 13:13:14.175,2,1.84,,1024000000
2026-05-29 13:13:14.171,2,1.88,,1024000000
2026-05-29 13:13:14.159,3,2.23,,1024000000
2026-05-29 13:13:14.111,2,1.68,,1024000000
2026-05-29 13:13:14.086,2,1.77,,1024000000
2026-05-29 13:13:14.072,2,1.75,,1024000000
2026-05-29 13:13:14.070,2,1.97,,1024000000
2026-05-29 13:13:14.043,2,1.77,,1024000000
2026-05-29 13:13:14.043,2,1.9,,1024000000
2026-05-29 13:13:14.043,2,1.66,,1024000000
2026-05-29 13:13:14.040,2,1.57,,1024000000
2026-05-29 13:13:14.034,2,1.77,,1024000000
2026-05-29 13:13:14.015,2,1.76,,1024000000
2026-05-29 13:13:13.996,2,1.96,,1024000000
2026-05-29 13:13:13.992,2,1.78,,1024000000
2026-05-29 13:13:13.985,3,2.06,,1024000000
2026-05-29 13:13:13.983,3,2.4,,1024000000
2026-05-29 13:13:13.980,2,1.81,,1024000000
2026-05-29 13:13:13.979,2,1.84,,1024000000
2026-05-29 13:13:13.977,2,1.73,,1024000000
2026-05-29 13:13:13.930,2,1.71,,1024000000
2026-05-29 13:13:13.916,2,1.97,,1024000000
2026-05-29 13:13:13.915,2,1.75,,1024000000
2026-05-29 13:13:13.906,2,1.94,,1024000000
2026-05-29 13:13:13.904,2,1.82,,1024000000
2026-05-29 13:13:13.880,3,2.33,,1024000000
2026-05-29 13:13:13.879,2,1.74,,1024000000
2026-05-29 13:13:13.876,3,2.12,,1024000000
2026-05-29 13:13:13.875,10,9.57,,1024000000
2026-05-29 13:13:13.872,2,1.86,,1024000000
2026-05-29 13:13:13.866,3,2.09,,1024000000
2026-05-29 13:13:13.865,2,1.7,,1024000000
2026-05-29 13:13:13.851,2,1.94,,1024000000
2026-05-29 13:13:13.837,3,2.1,,1024000000
2026-05-29 13:13:13.823,2,1.92,,1024000000
2026-05-29 13:13:13.823,2,1.71,,1024000000
2026-05-29 13:13:13.810,3,2.09,,1024000000
2026-05-29 13:13:13.798,2,1.62,,1024000000
2026-05-29 13:13:13.790,3,2.1,,1024000000
2026-05-29 13:13:13.777,2,1.75,,1024000000
2026-05-29 13:13:13.756,2,1.71,,1024000000
2026-05-29 13:13:13.739,2,1.93,,1024000000
2026-05-29 13:13:13.728,12,11.53,,1024000000
2026-05-29 13:13:13.727,5,4.47,,1024000000
2026-05-29 13:13:13.724,2,1.96,,1024000000
2026-05-29 13:13:13.722,2,1.98,,1024000000
2026-05-29 13:13:13.711,2,1.7,,1024000000
2026-05-29 13:13:13.698,2,1.93,,1024000000
2026-05-29 13:13:13.693,3,2.01,,1024000000
2026-05-29 13:13:13.672,3,2.08,,1024000000
2026-05-29 13:13:13.669,3,2.18,,1024000000
2026-05-29 13:13:13.655,2,1.87,,1024000000
2026-05-29 13:13:13.649,4,3.18,,1024000000
2026-05-29 13:13:13.613,2,1.82,,1024000000
2026-05-29 13:13:13.611,2,1.78,,1024000000
2026-05-29 13:13:13.602,2,1.69,,1024000000
2026-05-29 13:13:13.585,2,1.85,,1024000000
2026-05-29 13:13:13.566,2,1.73,,1024000000
2026-05-29 13:13:13.549,3,2.02,,1024000000
2026-05-29 13:13:13.548,2,1.73,,1024000000
2026-05-29 13:13:13.527,2,1.85,,1024000000
2026-05-29 13:13:13.500,2,1.92,,1024000000
2026-05-29 13:13:13.486,2,1.75,,1024000000
2026-05-29 13:13:13.477,2,1.71,,1024000000
2026-05-29 13:13:13.473,6,5.04,,1024000000
2026-05-29 13:13:13.469,2,1.7,,1024000000
2026-05-29 13:13:13.440,2,1.95,,1024000000
2026-05-29 13:13:13.436,2,1.9,,1024000000
2026-05-29 13:13:13.436,2,1.73,,1024000000
2026-05-29 13:13:13.420,3,2.05,,1024000000
2026-05-29 13:13:13.394,2,1.85,,1024000000
2026-05-29 13:13:13.391,2,1.94,,1024000000
2026-05-29 13:13:13.388,8,7.72,,1024000000
2026-05-29 13:13:13.376,2,1.83,,1024000000
2026-05-29 13:13:13.372,7,6.87,,1024000000
2026-05-29 13:13:13.366,2,1.7,,1024000000
2026-05-29 13:13:13.342,2,1.92,,1024000000
2026-05-29 13:13:13.340,2,1.84,,1024000000
2026-05-29 13:13:13.338,2,1.78,,1024000000
2026-05-29 13:13:13.337,2,1.97,,1024000000
2026-05-29 13:13:13.313,2,1.83,,1024000000
2026-05-29 13:13:13.308,2,1.77,,1024000000
2026-05-29 13:13:13.274,2,1.72,,1024000000
2026-05-29 13:13:13.271,3,2.06,,1024000000
2026-05-29 13:13:13.261,2,1.86,,1024000000
2026-05-29 13:13:13.249,2,1.74,,1024000000
2026-05-29 13:13:13.244,2,1.75,,1024000000
2026-05-29 13:13:13.204,2,1.9,,1024000000
2026-05-29 13:13:13.180,2,1.87,,1024000000
2026-05-29 13:13:13.137,2,1.89,,1024000000
2026-05-29 13:13:13.093,5,4.43,,1024000000
2026-05-29 13:13:13.089,2,1.92,,1024000000
2026-05-29 13:13:13.075,2,1.65,,1024000000
2026-05-29 13:13:13.055,2,1.65,,1024000000
2026-05-29 13:13:13.055,2,1.84,,1024000000
2026-05-29 13:13:13.049,3,2.01,,1024000000
2026-05-29 13:13:13.023,2,1.86,,1024000000
2026-05-29 13:13:13.018,2,1.75,,1024000000
2026-05-29 13:13:13.013,3,2.31,,1024000000
2026-05-29 13:13:13.008,2,1.81,,1024000000
2026-05-29 13:13:12.990,3,2.08,,1024000000
2026-05-29 13:13:12.990,3,2.21,,1024000000
2026-05-29 13:13:12.988,3,2.05,,1024000000
2026-05-29 13:13:12.985,2,1.88,,1024000000
2026-05-29 13:13:12.968,2,1.84,,1024000000
2026-05-29 13:13:12.948,2,1.92,,1024000000
2026-05-29 13:13:12.944,2,1.99,,1024000000
2026-05-29 13:13:12.928,2,1.95,,1024000000
2026-05-29 13:13:12.923,2,1.82,,1024000000
2026-05-29 13:13:12.908,2,1.82,,1024000000
2026-05-29 13:13:12.892,2,1.76,,1024000000
2026-05-29 13:13:12.891,2,1.92,,1024000000
2026-05-29 13:13:12.888,2,1.97,,1024000000
2026-05-29 13:13:12.877,5,4.52,,1024000000
2026-05-29 13:13:12.871,2,1.82,,1024000000
2026-05-29 13:13:12.834,2,1.66,,1024000000
2026-05-29 13:13:12.832,3,2,,1024000000
2026-05-29 13:13:12.825,7,6.84,,1024000000
2026-05-29 13:13:12.823,3,2.16,,1024000000
2026-05-29 13:13:12.823,2,1.77,,1024000000
2026-05-29 13:13:12.803,3,2.51,,1024000000
2026-05-29 13:13:12.802,2,1.72,,1024000000
2026-05-29 13:13:12.802,2,1.74,,1024000000
2026-05-29 13:13:12.802,2,1.65,,1024000000
2026-05-29 13:13:12.786,3,2.8,,1024000000
2026-05-29 13:13:12.782,3,2.09,,1024000000
2026-05-29 13:13:12.774,2,1.81,,1024000000
2026-05-29 13:13:12.760,9,8.21,,1024000000
2026-05-29 13:13:12.748,8,7.4,,1024000000
2026-05-29 13:13:12.746,2,1.68,,1024000000
2026-05-29 13:13:12.746,2,1.76,,1024000000
2026-05-29 13:13:12.723,2,1.95,,1024000000
2026-05-29 13:13:12.718,2,1.76,,1024000000
2026-05-29 13:13:12.678,2,1.68,,1024000000
2026-05-29 13:13:12.673,2,2,,1024000000
2026-05-29 13:13:12.632,2,1.94,,1024000000
2026-05-29 13:13:12.599,2,1.74,,1024000000
2026-05-29 13:13:12.598,2,1.94,,1024000000
2026-05-29 13:13:12.586,2,1.67,,1024000000
2026-05-29 13:13:12.575,2,1.51,,1024000000
2026-05-29 13:13:12.565,2,1.64,,1024000000
2026-05-29 13:13:12.561,2,1.81,,1024000000
2026-05-29 13:13:12.561,3,2.45,,1024000000
2026-05-29 13:13:12.509,2,1.93,,1024000000
2026-05-29 13:13:12.508,3,2.09,,1024000000
2026-05-29 13:13:12.482,2,1.78,,1024000000
2026-05-29 13:13:12.481,2,1.67,,1024000000
2026-05-29 13:13:12.478,2,1.69,,1024000000
2026-05-29 13:13:12.472,3,2.04,,1024000000
2026-05-29 13:13:12.461,2,1.85,,1024000000
2026-05-29 13:13:12.432,2,1.88,,1024000000
2026-05-29 13:13:12.411,2,1.88,,1024000000
2026-05-29 13:13:12.405,2,1.8,,1024000000
2026-05-29 13:13:12.404,2,1.91,,1024000000
2026-05-29 13:13:12.402,3,2.03,,1024000000
2026-05-29 13:13:12.396,2,1.79,,1024000000
2026-05-29 13:13:12.393,2,1.78,,1024000000
2026-05-29 13:13:12.387,2,1.93,,1024000000
2026-05-29 13:13:12.371,2,1.73,,1024000000
2026-05-29 13:13:12.367,2,1.84,,1024000000
2026-05-29 13:13:12.345,3,2.07,,1024000000
2026-05-29 13:13:12.344,2,1.96,,1024000000
2026-05-29 13:13:12.341,2,1.72,,1024000000
2026-05-29 13:13:12.335,3,2.07,,1024000000
2026-05-29 13:13:12.331,2,1.7,,1024000000
2026-05-29 13:13:12.331,2,1.54,,1024000000
2026-05-29 13:13:12.325,3,2.16,,1024000000
2026-05-29 13:13:12.321,3,2.13,,1024000000
2026-05-29 13:13:12.301,2,1.89,,1024000000
2026-05-29 13:13:12.292,2,1.91,,1024000000
2026-05-29 13:13:12.286,3,2.3,,1024000000
2026-05-29 13:13:12.273,2,1.92,,1024000000
2026-05-29 13:13:12.264,2,1.99,,1024000000
2026-05-29 13:13:12.251,2,1.83,,1024000000
2026-05-29 13:13:12.250,3,2.02,,1024000000
2026-05-29 13:13:12.211,11,10.83,,1024000000
2026-05-29 13:13:12.196,3,2.9,,1024000000
2026-05-29 13:13:12.195,2,1.78,,1024000000
2026-05-29 13:13:12.165,4,3.21,,1024000000
2026-05-29 13:13:12.130,2,2,,1024000000
2026-05-29 13:13:12.129,3,2.09,,1024000000
2026-05-29 13:13:12.125,2,1.93,,1024000000
2026-05-29 13:13:12.121,3,2.02,,1024000000
2026-05-29 13:13:12.114,2,1.93,,1024000000
2026-05-29 13:13:12.097,3,2.08,,1024000000
2026-05-29 13:13:12.088,14,13.64,,1024000000
2026-05-29 13:13:12.070,3,2.12,,1024000000
2026-05-29 13:13:12.066,2,1.89,,1024000000
2026-05-29 13:13:12.055,2,1.93,,1024000000
2026-05-29 13:13:12.038,2,1.73,,1024000000
2026-05-29 13:13:12.038,3,2.07,,1024000000
2026-05-29 13:13:12.038,2,1.96,,1024000000
2026-05-29 13:13:12.029,8,7.05,,1024000000
2026-05-29 13:13:11.995,8,7.88,,1024000000
2026-05-29 13:13:11.995,3,2.1,,1024000000
2026-05-29 13:13:11.988,3,2.53,,1024000000
2026-05-29 13:13:11.985,2,1.76,,1024000000
2026-05-29 13:13:11.966,3,2.89,,1024000000
2026-05-29 13:13:11.964,2,1.62,,1024000000
2026-05-29 13:13:11.953,2,1.85,,1024000000
2026-05-29 13:13:11.947,2,1.81,,1024000000
2026-05-29 13:13:11.939,2,1.78,,1024000000
2026-05-29 13:13:11.920,2,1.89,,1024000000
2026-05-29 13:13:11.910,2,1.92,,1024000000
2026-05-29 13:13:11.904,8,7.19,,1024000000
2026-05-29 13:13:11.896,2,1.84,,1024000000
2026-05-29 13:13:11.888,2,1.78,,1024000000
2026-05-29 13:13:11.887,4,3.93,,1024000000
2026-05-29 13:13:11.884,3,2.68,,1024000000
2026-05-29 13:13:11.877,2,1.79,,1024000000
2026-05-29 13:13:11.868,2,1.97,,1024000000
2026-05-29 13:13:11.852,3,2.26,,1024000000
2026-05-29 13:13:11.829,2,1.95,,1024000000
2026-05-29 13:13:11.825,2,1.73,,1024000000
2026-05-29 13:13:11.812,2,1.71,,1024000000
2026-05-29 13:13:11.778,3,2.12,,1024000000
2026-05-29 13:13:11.771,3,2.15,,1024000000
2026-05-29 13:13:11.768,2,1.79,,1024000000
2026-05-29 13:13:11.750,12,11.8,,1024000000
2026-05-29 13:13:11.734,2,1.9,,1024000000
2026-05-29 13:13:11.721,3,2.28,,1024000000
2026-05-29 13:13:11.713,3,2.25,,1024000000
2026-05-29 13:13:11.710,4,3.69,,1024000000
2026-05-29 13:13:11.698,2,1.86,,1024000000
2026-05-29 13:13:11.693,3,2.08,,1024000000
2026-05-29 13:13:11.677,3,2.52,,1024000000
2026-05-29 13:13:11.674,4,3.89,,1024000000
2026-05-29 13:13:11.671,2,1.91,,1024000000
2026-05-29 13:13:11.654,3,2.2,,1024000000
2026-05-29 13:13:11.630,3,2.02,,1024000000
2026-05-29 13:13:11.615,2,1.75,,1024000000
2026-05-29 13:13:11.598,2,1.7,,1024000000
2026-05-29 13:13:11.590,2,1.89,,1024000000
2026-05-29 13:13:11.575,2,1.94,,1024000000
2026-05-29 13:13:11.574,2,1.84,,1024000000
2026-05-29 13:13:11.569,2,1.73,,1024000000
2026-05-29 13:13:11.552,3,2.11,,1024000000
2026-05-29 13:13:11.543,2,1.89,,1024000000
2026-05-29 13:13:11.536,2,1.73,,1024000000
2026-05-29 13:13:11.534,13,12.65,,1024000000
2026-05-29 13:13:11.508,2,1.61,,1024000000
2026-05-29 13:13:11.474,2,1.68,,1024000000
2026-05-29 13:13:11.472,2,1.94,,1024000000
2026-05-29 13:13:11.469,6,5.2,,1024000000
2026-05-29 13:13:11.465,3,2.57,,1024000000
2026-05-29 13:13:11.461,2,1.87,,1024000000
2026-05-29 13:13:11.430,9,8.95,,1024000000
2026-05-29 13:13:11.420,2,1.72,,1024000000
2026-05-29 13:13:11.419,10,9.29,,1024000000
2026-05-29 13:13:11.418,2,1.78,,1024000000
2026-05-29 13:13:11.412,2,1.95,,1024000000
2026-05-29 13:13:11.402,3,2.23,,1024000000
2026-05-29 13:13:11.397,2,1.79,,1024000000
2026-05-29 13:13:11.397,2,1.7,,1024000000
2026-05-29 13:13:11.395,2,1.57,,1024000000
2026-05-29 13:13:11.394,2,1.7,,1024000000
2026-05-29 13:13:11.388,2,1.93,,1024000000
2026-05-29 13:13:11.365,2,1.87,,1024000000
2026-05-29 13:13:11.344,3,2.03,,1024000000
2026-05-29 13:13:11.342,2,1.75,,1024000000
2026-05-29 13:13:11.339,2,1.72,,1024000000
2026-05-29 13:13:11.314,2,1.69,,1024000000
2026-05-29 13:13:11.298,2,1.96,,1024000000
2026-05-29 13:13:11.275,2,1.98,,1024000000
2026-05-29 13:13:11.271,2,1.95,,1024000000
2026-05-29 13:13:11.270,2,1.69,,1024000000
2026-05-29 13:13:11.234,2,1.79,,1024000000
2026-05-29 13:13:11.229,2,1.99,,1024000000
2026-05-29 13:13:11.200,3,2.22,,1024000000
2026-05-29 13:13:11.199,2,1.77,,1024000000
2026-05-29 13:13:11.195,2,1.68,,1024000000
2026-05-29 13:13:11.185,6,5.11,,1024000000
2026-05-29 13:13:11.184,3,2.3,,1024000000
2026-05-29 13:13:11.163,2,1.69,,1024000000
2026-05-29 13:13:11.152,2,1.82,,1024000000
2026-05-29 13:13:11.151,2,1.89,,1024000000
2026-05-29 13:13:11.148,2,1.74,,1024000000
2026-05-29 13:13:11.144,3,2.26,,1024000000
2026-05-29 13:13:11.134,2,1.7,,1024000000
2026-05-29 13:13:11.078,2,1.66,,1024000000
2026-05-29 13:13:11.065,3,2.08,,1024000000
2026-05-29 13:13:11.052,2,1.98,,1024000000
2026-05-29 13:13:11.007,2,1.94,,1024000000
2026-05-29 13:13:11.004,3,2.55,,1024000000
2026-05-29 13:13:11.000,3,2.09,,1024000000
2026-05-29 13:13:10.992,2,1.66,,1024000000
2026-05-29 13:13:10.988,2,1.75,,1024000000
2026-05-29 13:13:10.985,2,1.71,,1024000000
2026-05-29 13:13:10.982,2,1.75,,1024000000
2026-05-29 13:13:10.976,5,4.88,,1024000000
2026-05-29 13:13:10.967,2,1.73,,1024000000
2026-05-29 13:13:10.937,2,1.89,,1024000000
2026-05-29 13:13:10.919,3,2.03,,1024000000
2026-05-29 13:13:10.917,6,5.42,,1024000000
2026-05-29 13:13:10.896,2,1.71,,1024000000
2026-05-29 13:13:10.890,2,1.78,,1024000000
2026-05-29 13:13:10.870,2,1.9,,1024000000
2026-05-29 13:13:10.859,2,1.73,,1024000000
2026-05-29 13:13:10.849,2,1.79,,1024000000
2026-05-29 13:13:10.849,2,1.75,,1024000000
2026-05-29 13:13:10.823,2,1.92,,1024000000
2026-05-29 13:13:10.821,2,1.92,,1024000000
2026-05-29 13:13:10.797,2,1.8,,1024000000
2026-05-29 13:13:10.783,2,1.95,,1024000000
2026-05-29 13:13:10.781,5,4.13,,1024000000
2026-05-29 13:13:10.768,2,1.78,,1024000000
2026-05-29 13:13:10.765,2,1.76,,1024000000
2026-05-29 13:13:10.748,11,10.4,,1024000000
2026-05-29 13:13:10.746,2,1.81,,1024000000
2026-05-29 13:13:10.739,2,1.61,,1024000000
2026-05-29 13:13:10.738,3,2.7,,1024000000
2026-05-29 13:13:10.733,3,2.23,,1024000000
2026-05-29 13:13:10.732,2,1.71,,1024000000
2026-05-29 13:13:10.731,2,1.87,,1024000000
2026-05-29 13:13:10.725,2,1.99,,1024000000
2026-05-29 13:13:10.699,3,2.06,,1024000000
2026-05-29 13:13:10.695,2,1.78,,1024000000
2026-05-29 13:13:10.682,12,11.21,,1024000000
2026-05-29 13:13:10.675,2,1.92,,1024000000
2026-05-29 13:13:10.674,2,1.71,,1024000000
2026-05-29 13:13:10.668,2,1.8,,1024000000
2026-05-29 13:13:10.637,2,1.67,,1024000000
2026-05-29 13:13:10.632,2,1.95,,1024000000
2026-05-29 13:13:10.620,2,1.88,,1024000000
2026-05-29 13:13:10.615,8,7.82,,1024000000
2026-05-29 13:13:10.614,12,11.79,,1024000000
2026-05-29 13:13:10.613,2,1.91,,1024000000
2026-05-29 13:13:10.602,2,1.8,,1024000000
2026-05-29 13:13:10.597,3,2.24,,1024000000
2026-05-29 13:13:10.587,4,3.39,,1024000000
2026-05-29 13:13:10.581,3,2.02,,1024000000
2026-05-29 13:13:10.577,4,3.18,,1024000000
2026-05-29 13:13:10.574,4,3.06,,1024000000
2026-05-29 13:13:10.572,2,1.81,,1024000000
2026-05-29 13:13:10.571,3,2.01,,1024000000
2026-05-29 13:13:10.567,3,2.25,,1024000000
2026-05-29 13:13:10.505,2,1.93,,1024000000
2026-05-29 13:13:10.493,2,1.73,,1024000000
2026-05-29 13:13:10.486,2,1.65,,1024000000
2026-05-29 13:13:10.469,2,1.88,,1024000000
2026-05-29 13:13:10.451,2,1.96,,1024000000
2026-05-29 13:13:10.442,2,1.98,,1024000000
2026-05-29 13:13:10.439,2,1.92,,1024000000
2026-05-29 13:13:10.438,3,2.3,,1024000000
2026-05-29 13:13:10.436,2,1.9,,1024000000
2026-05-29 13:13:10.430,3,2.03,,1024000000
2026-05-29 13:13:10.419,3,2.15,,1024000000
2026-05-29 13:13:10.400,2,1.76,,1024000000
2026-05-29 13:13:10.388,3,2.14,,1024000000
2026-05-29 13:13:10.346,3,2.03,,1024000000
2026-05-29 13:13:10.340,2,1.87,,1024000000
2026-05-29 13:13:10.335,2,1.91,,1024000000
2026-05-29 13:13:10.314,2,1.85,,1024000000
2026-05-29 13:13:10.309,3,2.06,,1024000000
2026-05-29 13:13:10.291,3,2.12,,1024000000
2026-05-29 13:13:10.274,2,1.68,,1024000000
2026-05-29 13:13:10.267,2,1.72,,1024000000
2026-05-29 13:13:10.249,2,1.71,,1024000000
2026-05-29 13:13:10.247,2,1.88,,1024000000
2026-05-29 13:13:10.245,2,1.91,,1024000000
2026-05-29 13:13:10.221,2,1.69,,1024000000
2026-05-29 13:13:10.219,2,1.75,,1024000000
2026-05-29 13:13:10.206,3,2,,1024000000
2026-05-29 13:13:10.196,2,1.69,,1024000000
2026-05-29 13:13:10.190,2,1.73,,1024000000
2026-05-29 13:13:10.164,2,1.69,,1024000000
2026-05-29 13:13:10.134,2,1.76,,1024000000
2026-05-29 13:13:10.131,2,1.72,,1024000000
2026-05-29 13:13:10.075,2,1.75,,1024000000
2026-05-29 13:13:10.072,2,1.58,,1024000000
2026-05-29 13:13:10.067,3,2.11,,1024000000
2026-05-29 13:13:10.065,2,1.95,,1024000000
2026-05-29 13:13:10.063,2,1.76,,1024000000
2026-05-29 13:13:10.024,2,1.59,,1024000000
2026-05-29 13:13:10.014,2,1.79,,1024000000
2026-05-29 13:13:09.983,2,1.88,,1024000000
2026-05-29 13:13:09.980,5,4.55,,1024000000
2026-05-29 13:13:09.970,2,1.9,,1024000000
2026-05-29 13:13:09.967,2,1.9,,1024000000
2026-05-29 13:13:09.966,2,1.87,,1024000000
2026-05-29 13:13:09.882,2,1.72,,1024000000
2026-05-29 13:13:09.864,2,1.79,,1024000000
2026-05-29 13:13:09.843,2,1.94,,1024000000
2026-05-29 13:13:09.828,2,1.76,,1024000000
2026-05-29 13:13:09.821,2,1.96,,1024000000
2026-05-29 13:13:09.816,2,1.88,,1024000000
2026-05-29 13:13:09.801,2,1.71,,1024000000
2026-05-29 13:13:09.793,3,2.12,,1024000000
2026-05-29 13:13:09.784,2,1.89,,1024000000
2026-05-29 13:13:09.784,2,1.94,,1024000000
2026-05-29 13:13:09.771,3,2.2,,1024000000
2026-05-29 13:13:09.770,2,1.87,,1024000000
2026-05-29 13:13:09.769,2,1.72,,1024000000
2026-05-29 13:13:09.768,3,2.01,,1024000000
2026-05-29 13:13:09.737,3,2.03,,1024000000
2026-05-29 13:13:09.724,2,1.91,,1024000000
2026-05-29 13:13:09.719,2,1.84,,1024000000
2026-05-29 13:13:09.688,3,2.01,,1024000000
2026-05-29 13:13:09.673,2,1.73,,1024000000
2026-05-29 13:13:09.636,3,2.11,,1024000000
2026-05-29 13:13:09.633,3,2.21,,1024000000
2026-05-29 13:13:09.611,3,2.02,,1024000000
2026-05-29 13:13:09.609,2,1.74,,1024000000
2026-05-29 13:13:09.605,2,1.66,,1024000000
2026-05-29 13:13:09.590,2,1.78,,1024000000
2026-05-29 13:13:09.588,2,1.99,,1024000000
2026-05-29 13:13:09.576,2,1.7,,1024000000
2026-05-29 13:13:09.576,2,1.65,,1024000000
2026-05-29 13:13:09.571,3,2.23,,1024000000
2026-05-29 13:13:09.568,3,2.1,,1024000000
2026-05-29 13:13:09.567,2,1.93,,1024000000
2026-05-29 13:13:09.549,3,2.21,,1024000000
2026-05-29 13:13:09.545,3,2.56,,1024000000
2026-05-29 13:13:09.545,2,1.82,,1024000000
2026-05-29 13:13:09.528,3,2.3,,1024000000
2026-05-29 13:13:09.521,2,1.87,,1024000000
2026-05-29 13:13:09.519,3,2.01,,1024000000
2026-05-29 13:13:09.518,2,1.92,,1024000000
2026-05-29 13:13:09.515,3,2.09,,1024000000
2026-05-29 13:13:09.501,2,1.76,,1024000000
2026-05-29 13:13:09.497,2,1.74,,1024000000
2026-05-29 13:13:09.494,3,2.11,,1024000000
2026-05-29 13:13:09.478,3,2.04,,1024000000
2026-05-29 13:13:09.475,3,2.48,,1024000000
2026-05-29 13:13:09.471,2,1.73,,1024000000
2026-05-29 13:13:09.463,2,1.64,,1024000000
2026-05-29 13:13:09.438,2,1.75,,1024000000
2026-05-29 13:13:09.437,2,1.81,,1024000000
2026-05-29 13:13:09.419,3,2,,1024000000
2026-05-29 13:13:09.415,3,2.11,,1024000000
2026-05-29 13:13:09.412,2,1.85,,1024000000
2026-05-29 13:13:09.410,2,1.74,,1024000000
2026-05-29 13:13:09.407,2,1.8,,1024000000
2026-05-29 13:13:09.407,2,1.8,,1024000000
2026-05-29 13:13:09.375,3,2.18,,1024000000
2026-05-29 13:13:09.363,3,2.02,,1024000000
2026-05-29 13:13:09.352,2,1.79,,1024000000
2026-05-29 13:13:09.345,3,2.42,,1024000000
2026-05-29 13:13:09.325,2,1.79,,1024000000
2026-05-29 13:13:09.325,2,1.9,,1024000000
2026-05-29 13:13:09.314,2,1.99,,1024000000
2026-05-29 13:13:09.298,2,1.87,,1024000000
2026-05-29 13:13:09.297,2,1.99,,1024000000
2026-05-29 13:13:09.297,2,1.88,,1024000000
2026-05-29 13:13:09.290,3,2.14,,1024000000
2026-05-29 13:13:09.274,2,1.79,,1024000000
2026-05-29 13:13:09.273,2,1.83,,1024000000
2026-05-29 13:13:09.272,2,1.78,,1024000000
2026-05-29 13:13:09.265,2,1.85,,1024000000
2026-05-29 13:13:09.259,2,1.87,,1024000000
2026-05-29 13:13:09.254,2,1.91,,1024000000
2026-05-29 13:13:09.214,2,1.88,,1024000000
2026-05-29 13:13:09.205,2,1.98,,1024000000
2026-05-29 13:13:09.198,2,1.84,,1024000000
2026-05-29 13:13:09.180,3,2.43,,1024000000
2026-05-29 13:13:09.179,2,1.83,,1024000000
2026-05-29 13:13:09.171,3,2,,1024000000
2026-05-29 13:13:09.162,3,2.01,,1024000000
2026-05-29 13:13:09.153,2,1.77,,1024000000
2026-05-29 13:13:09.129,2,1.84,,1024000000
2026-05-29 13:13:09.112,3,2.25,,1024000000
2026-05-29 13:13:09.098,3,2.03,,1024000000
2026-05-29 13:13:09.087,2,1.9,,1024000000
2026-05-29 13:13:09.074,25,24.8,,1024000000
2026-05-29 13:13:09.062,2,1.75,,1024000000
2026-05-29 13:13:09.057,2,1.64,,1024000000
2026-05-29 13:13:09.040,2,1.79,,1024000000
2026-05-29 13:13:09.039,2,1.77,,1024000000
2026-05-29 13:13:09.027,2,1.6,,1024000000
2026-05-29 13:13:09.015,2,1.89,,1024000000
2026-05-29 13:13:09.011,2,1.96,,1024000000
2026-05-29 13:13:09.009,3,2.26,,1024000000
2026-05-29 13:13:09.009,2,1.52,,1024000000
2026-05-29 13:13:08.997,2,1.72,,1024000000
2026-05-29 13:13:08.997,2,1.66,,1024000000
2026-05-29 13:13:08.990,2,1.69,,1024000000
2026-05-29 13:13:08.986,2,1.76,,1024000000
2026-05-29 13:13:08.980,2,1.91,,1024000000
2026-05-29 13:13:08.979,2,1.74,,1024000000
2026-05-29 13:13:08.965,2,1.88,,1024000000
2026-05-29 13:13:08.961,2,1.77,,1024000000
2026-05-29 13:13:08.923,2,1.91,,1024000000
2026-05-29 13:13:08.922,2,1.8,,1024000000
2026-05-29 13:13:08.905,2,1.73,,1024000000
2026-05-29 13:13:08.901,2,1.8,,1024000000
2026-05-29 13:13:08.899,2,1.71,,1024000000
2026-05-29 13:13:08.892,2,1.9,,1024000000
2026-05-29 13:13:08.888,3,2,,1024000000
2026-05-29 13:13:08.864,2,1.78,,1024000000
2026-05-29 13:13:08.860,2,1.95,,1024000000
2026-05-29 13:13:08.839,2,1.77,,1024000000
2026-05-29 13:13:08.833,9,8.76,,1024000000
2026-05-29 13:13:08.822,3,2.04,,1024000000
2026-05-29 13:13:08.817,3,2.12,,1024000000
2026-05-29 13:13:08.817,6,5.32,,1024000000
2026-05-29 13:13:08.816,3,2,,1024000000
2026-05-29 13:13:08.785,8,7.86,,1024000000
2026-05-29 13:13:08.757,3,2.12,,1024000000
2026-05-29 13:13:08.743,8,7.85,,1024000000
2026-05-29 13:13:08.727,12,11.25,,1024000000
2026-05-29 13:13:08.702,3,2.1,,1024000000
2026-05-29 13:13:08.688,2,1.67,,1024000000
2026-05-29 13:13:08.681,2,1.83,,1024000000
2026-05-29 13:13:08.658,2,1.82,,1024000000
2026-05-29 13:13:08.656,2,1.76,,1024000000
2026-05-29 13:13:08.647,3,2.14,,1024000000
2026-05-29 13:13:08.637,2,1.63,,1024000000
2026-05-29 13:13:08.626,2,1.82,,1024000000
2026-05-29 13:13:08.621,2,1.79,,1024000000
2026-05-29 13:13:08.615,2,1.78,,1024000000
2026-05-29 13:13:08.613,2,1.99,,1024000000
2026-05-29 13:13:08.603,2,1.72,,1024000000
2026-05-29 13:13:08.590,2,1.71,,1024000000
2026-05-29 13:13:08.587,2,1.78,,1024000000
2026-05-29 13:13:08.579,2,1.69,,1024000000
2026-05-29 13:13:08.565,3,2.16,,1024000000
2026-05-29 13:13:08.563,3,2.68,,1024000000
2026-05-29 13:13:08.516,2,1.78,,1024000000
2026-05-29 13:13:08.463,3,2.29,,1024000000
2026-05-29 13:13:08.445,9,8.63,,1024000000
2026-05-29 13:13:08.410,2,1.81,,1024000000
2026-05-29 13:13:08.397,4,3.01,,1024000000
2026-05-29 13:13:08.389,3,2.04,,1024000000
2026-05-29 13:13:08.383,2,1.78,,1024000000
2026-05-29 13:13:08.380,2,1.66,,1024000000
2026-05-29 13:13:08.374,2,1.7,,1024000000
2026-05-29 13:13:08.366,2,1.75,,1024000000
2026-05-29 13:13:08.366,2,1.71,,1024000000
2026-05-29 13:13:08.324,3,2.09,,1024000000
2026-05-29 13:13:08.308,3,2.01,,1024000000
2026-05-29 13:13:08.289,2,1.74,,1024000000
2026-05-29 13:13:08.288,2,1.78,,1024000000
2026-05-29 13:13:08.248,2,1.59,,1024000000
2026-05-29 13:13:08.217,2,1.82,,1024000000
2026-05-29 13:13:08.216,2,1.73,,1024000000
2026-05-29 13:13:08.212,2,1.88,,1024000000
2026-05-29 13:13:08.197,2,1.65,,1024000000
2026-05-29 13:13:08.182,2,1.85,,1024000000
2026-05-29 13:13:08.180,2,1.6,,1024000000
2026-05-29 13:13:08.157,2,1.81,,1024000000
2026-05-29 13:13:08.156,3,2.09,,1024000000
2026-05-29 13:13:08.153,3,2.1,,1024000000
2026-05-29 13:13:08.142,2,1.74,,1024000000
2026-05-29 13:13:08.130,2,1.8,,1024000000
2026-05-29 13:13:08.112,3,2.03,,1024000000
2026-05-29 13:13:08.107,2,1.95,,1024000000
2026-05-29 13:13:08.088,2,1.98,,1024000000
2026-05-29 13:13:08.079,2,1.88,,1024000000
2026-05-29 13:13:08.064,2,1.77,,1024000000
2026-05-29 13:13:08.063,2,1.89,,1024000000
2026-05-29 13:13:08.060,2,1.9,,1024000000
2026-05-29 13:13:08.043,2,1.78,,1024000000
2026-05-29 13:13:08.043,3,2.16,,1024000000
2026-05-29 13:13:08.043,3,2.37,,1024000000
2026-05-29 13:13:08.042,3,2.02,,1024000000
2026-05-29 13:13:08.041,2,1.84,,1024000000
2026-05-29 13:13:08.039,2,1.81,,1024000000
2026-05-29 13:13:08.027,2,1.9,,1024000000
2026-05-29 13:13:08.024,3,2.08,,1024000000
2026-05-29 13:13:08.017,3,2.08,,1024000000
2026-05-29 13:13:08.006,2,1.76,,1024000000
2026-05-29 13:13:07.999,2,1.87,,1024000000
2026-05-29 13:13:07.993,2,1.76,,1024000000
2026-05-29 13:13:07.985,3,2.28,,1024000000
2026-05-29 13:13:07.966,3,2.04,,1024000000
2026-05-29 13:13:07.956,3,2.09,,1024000000
2026-05-29 13:13:07.945,2,1.98,,1024000000
2026-05-29 13:13:07.924,10,9.17,,1024000000
2026-05-29 13:13:07.878,2,1.87,,1024000000
2026-05-29 13:13:07.863,3,2,,1024000000
2026-05-29 13:13:07.862,2,1.74,,1024000000
2026-05-29 13:13:07.858,15,14.41,,1024000000
2026-05-29 13:13:07.839,2,1.78,,1024000000
2026-05-29 13:13:07.809,2,1.9,,1024000000
2026-05-29 13:13:07.806,2,1.96,,1024000000
2026-05-29 13:13:07.804,2,1.9,,1024000000
2026-05-29 13:13:07.796,2,1.8,,1024000000
2026-05-29 13:13:07.787,20,19.45,,1024000000
2026-05-29 13:13:07.780,2,1.69,,1024000000
2026-05-29 13:13:07.777,3,2.09,,1024000000
2026-05-29 13:13:07.767,2,1.8,,1024000000
2026-05-29 13:13:07.766,3,2.04,,1024000000
2026-05-29 13:13:07.762,2,1.97,,1024000000
2026-05-29 13:13:07.750,2,1.74,,1024000000
2026-05-29 13:13:07.750,3,2.1,,1024000000
2026-05-29 13:13:07.749,2,1.78,,1024000000
2026-05-29 13:13:07.745,2,1.81,,1024000000
2026-05-29 13:13:07.742,3,2.44,,1024000000
2026-05-29 13:13:07.735,2,1.7,,1024000000
2026-05-29 13:13:07.733,3,2.06,,1024000000
2026-05-29 13:13:07.728,3,2.05,,1024000000
2026-05-29 13:13:07.722,2,1.8,,1024000000
2026-05-29 13:13:07.721,2,1.87,,1024000000
2026-05-29 13:13:07.708,3,2.42,,1024000000
2026-05-29 13:13:07.700,2,1.77,,1024000000
2026-05-29 13:13:07.693,2,1.99,,1024000000
2026-05-29 13:13:07.689,3,2.07,,1024000000
2026-05-29 13:13:07.685,4,3.84,,1024000000
2026-05-29 13:13:07.661,3,2.14,,1024000000
2026-05-29 13:13:07.660,2,1.68,,1024000000
2026-05-29 13:13:07.644,10,9.61,,1024000000
2026-05-29 13:13:07.629,2,1.88,,1024000000
2026-05-29 13:13:07.624,2,1.9,,1024000000
2026-05-29 13:13:07.600,3,2.49,,1024000000
2026-05-29 13:13:07.596,2,1.85,,1024000000
2026-05-29 13:13:07.582,8,7.81,,1024000000
2026-05-29 13:13:07.572,21,20.56,,1024000000
2026-05-29 13:13:07.547,2,1.69,,1024000000
2026-05-29 13:13:07.541,2,1.8,,1024000000
2026-05-29 13:13:07.531,2,1.95,,1024000000
2026-05-29 13:13:07.524,2,1.79,,1024000000
2026-05-29 13:13:07.513,2,1.71,,1024000000
2026-05-29 13:13:07.508,2,1.74,,1024000000
2026-05-29 13:13:07.480,2,1.81,,1024000000
2026-05-29 13:13:07.475,3,2.08,,1024000000
2026-05-29 13:13:07.462,2,1.72,,1024000000
2026-05-29 13:13:07.448,3,2.09,,1024000000
2026-05-29 13:13:07.440,3,2.25,,1024000000
2026-05-29 13:13:07.438,2,1.86,,1024000000
2026-05-29 13:13:07.426,2,1.81,,1024000000
2026-05-29 13:13:07.420,2,1.77,,1024000000
2026-05-29 13:13:07.416,2,1.64,,1024000000
2026-05-29 13:13:07.414,3,2.07,,1024000000
2026-05-29 13:13:07.412,6,5.38,,1024000000
2026-05-29 13:13:07.412,2,1.85,,1024000000
2026-05-29 13:13:07.409,2,1.7,,1024000000
2026-05-29 13:13:07.407,2,1.93,,1024000000
2026-05-29 13:13:07.406,2,1.9,,1024000000
2026-05-29 13:13:07.404,3,2.07,,1024000000
2026-05-29 13:13:07.402,2,1.9,,1024000000
2026-05-29 13:13:07.401,2,1.78,,1024000000
2026-05-29 13:13:07.371,2,1.68,,1024000000
2026-05-29 13:13:07.318,2,1.77,,1024000000
2026-05-29 13:13:07.318,3,2.19,,1024000000
2026-05-29 13:13:07.303,2,1.67,,1024000000
2026-05-29 13:13:07.292,2,1.64,,1024000000
2026-05-29 13:13:07.282,2,1.86,,1024000000
2026-05-29 13:13:07.274,2,1.66,,1024000000
2026-05-29 13:13:07.264,17,16.8,,1024000000
2026-05-29 13:13:07.261,2,1.91,,1024000000
2026-05-29 13:13:07.260,2,1.79,,1024000000
2026-05-29 13:13:07.231,2,1.74,,1024000000
2026-05-29 13:13:07.206,2,1.6,,1024000000
2026-05-29 13:13:07.205,2,1.75,,1024000000
2026-05-29 13:13:07.186,2,1.72,,1024000000
2026-05-29 13:13:07.180,2,1.89,,1024000000
2026-05-29 13:13:07.173,2,1.72,,1024000000
2026-05-29 13:13:07.164,3,2.1,,1024000000
2026-05-29 13:13:07.123,18,17.42,,1024000000
2026-05-29 13:13:07.111,3,2,,1024000000
2026-05-29 13:13:07.048,2,1.92,,1024000000
2026-05-29 13:13:07.020,3,2.11,,1024000000
2026-05-29 13:13:07.011,2,1.96,,1024000000
2026-05-29 13:13:07.000,2,1.81,,1024000000
2026-05-29 13:13:06.997,2,1.65,,1024000000
2026-05-29 13:13:06.970,2,1.62,,1024000000
2026-05-29 13:13:06.958,2,1.76,,1024000000
2026-05-29 13:13:06.952,2,1.91,,1024000000
2026-05-29 13:13:06.944,2,1.74,,1024000000
2026-05-29 13:13:06.907,2,1.69,,1024000000
2026-05-29 13:13:06.899,3,2.26,,1024000000
2026-05-29 13:13:06.882,2,1.87,,1024000000
2026-05-29 13:13:06.843,3,2.22,,1024000000
2026-05-29 13:13:06.835,6,5.27,,1024000000
2026-05-29 13:13:06.817,3,2.05,,1024000000
2026-05-29 13:13:06.815,2,1.82,,1024000000
2026-05-29 13:13:06.812,2,1.81,,1024000000
2026-05-29 13:13:06.794,2,1.75,,1024000000
2026-05-29 13:13:06.779,2,1.78,,1024000000
2026-05-29 13:13:06.740,2,1.96,,1024000000
2026-05-29 13:13:06.724,3,2.14,,1024000000
2026-05-29 13:13:06.709,3,2.4,,1024000000
2026-05-29 13:13:06.704,3,2.2,,1024000000
2026-05-29 13:13:06.699,2,1.69,,1024000000
2026-05-29 13:13:06.697,2,1.89,,1024000000
2026-05-29 13:13:06.667,2,1.77,,1024000000
2026-05-29 13:13:06.644,2,1.95,,1024000000
2026-05-29 13:13:06.638,2,1.8,,1024000000
2026-05-29 13:13:06.607,2,1.82,,1024000000
2026-05-29 13:13:06.601,2,1.79,,1024000000
2026-05-29 13:13:06.596,3,2.35,,1024000000
2026-05-29 13:13:06.585,2,1.75,,1024000000
2026-05-29 13:13:06.569,6,5.47,,1024000000
2026-05-29 13:13:06.563,2,1.81,,1024000000
2026-05-29 13:13:06.561,2,1.71,,1024000000
2026-05-29 13:13:06.552,5,4.57,,1024000000
2026-05-29 13:13:06.534,2,1.84,,1024000000
2026-05-29 13:13:06.516,2,1.84,,1024000000
2026-05-29 13:13:06.504,2,1.99,,1024000000
2026-05-29 13:13:06.500,2,1.77,,1024000000
2026-05-29 13:13:06.497,2,1.76,,1024000000
2026-05-29 13:13:06.489,2,1.73,,1024000000
2026-05-29 13:13:06.483,2,1.64,,1024000000
2026-05-29 13:13:06.480,2,1.86,,1024000000
2026-05-29 13:13:06.475,2,1.76,,1024000000
2026-05-29 13:13:06.475,2,1.79,,1024000000
2026-05-29 13:13:06.475,2,1.81,,1024000000
2026-05-29 13:13:06.469,3,2.84,,1024000000
2026-05-29 13:13:06.462,2,1.59,,1024000000
2026-05-29 13:13:06.446,2,1.53,,1024000000
2026-05-29 13:13:06.445,2,1.99,,1024000000
2026-05-29 13:13:06.438,2,1.84,,1024000000
2026-05-29 13:13:06.413,2,1.76,,1024000000
2026-05-29 13:13:06.412,3,2.03,,1024000000
2026-05-29 13:13:06.412,2,1.89,,1024000000
2026-05-29 13:13:06.385,3,2.02,,1024000000
2026-05-29 13:13:06.381,2,1.8,,1024000000
2026-05-29 13:13:06.380,2,1.61,,1024000000
2026-05-29 13:13:06.375,2,1.92,,1024000000
2026-05-29 13:13:06.371,2,1.86,,1024000000
2026-05-29 13:13:06.353,2,1.79,,1024000000
2026-05-29 13:13:06.352,2,1.91,,1024000000
2026-05-29 13:13:06.345,2,1.88,,1024000000
2026-05-29 13:13:06.336,3,2.06,,1024000000
2026-05-29 13:13:06.335,2,1.57,,1024000000
2026-05-29 13:13:06.327,3,2.15,,1024000000
2026-05-29 13:13:06.326,2,1.68,,1024000000
2026-05-29 13:13:06.313,2,1.86,,1024000000
2026-05-29 13:13:06.313,3,2.03,,1024000000
2026-05-29 13:13:06.302,2,1.77,,1024000000
2026-05-29 13:13:06.293,2,1.61,,1024000000
2026-05-29 13:13:06.283,3,2.17,,1024000000
2026-05-29 13:13:06.283,2,1.82,,1024000000
2026-05-29 13:13:06.272,4,3.08,,1024000000
2026-05-29 13:13:06.247,2,1.86,,1024000000
2026-05-29 13:13:06.246,2,1.68,,1024000000
2026-05-29 13:13:06.202,8,7.33,,1024000000
2026-05-29 13:13:06.202,2,1.8,,1024000000
2026-05-29 13:13:06.202,2,1.64,,1024000000
2026-05-29 13:13:06.197,2,1.68,,1024000000
2026-05-29 13:13:06.191,3,2.65,,1024000000
2026-05-29 13:13:06.186,2,1.83,,1024000000
2026-05-29 13:13:06.186,2,1.92,,1024000000
2026-05-29 13:13:06.161,3,2.08,,1024000000
2026-05-29 13:13:06.160,2,1.88,,1024000000
2026-05-29 13:13:06.156,2,1.69,,1024000000
2026-05-29 13:13:06.154,3,2,,1024000000
2026-05-29 13:13:06.148,2,1.8,,1024000000
2026-05-29 13:13:06.145,2,1.94,,1024000000
2026-05-29 13:13:06.127,2,1.87,,1024000000
2026-05-29 13:13:06.123,2,1.82,,1024000000
2026-05-29 13:13:06.120,2,1.73,,1024000000
2026-05-29 13:13:06.107,2,1.58,,1024000000
2026-05-29 13:13:06.104,3,2.59,,1024000000
2026-05-29 13:13:06.089,3,2.25,,1024000000
2026-05-29 13:13:06.074,2,1.86,,1024000000
2026-05-29 13:13:06.062,2,1.69,,1024000000
2026-05-29 13:13:06.060,2,1.72,,1024000000
2026-05-29 13:13:06.048,2,1.91,,1024000000
2026-05-29 13:13:06.030,2,1.75,,1024000000
2026-05-29 13:13:06.025,3,2.27,,1024000000
2026-05-29 13:13:06.013,2,1.84,,1024000000
2026-05-29 13:13:06.008,2,1.81,,1024000000
2026-05-29 13:13:05.952,8,7.18,,1024000000
2026-05-29 13:13:05.944,2,1.85,,1024000000
2026-05-29 13:13:05.937,2,1.73,,1024000000
2026-05-29 13:13:05.924,2,1.91,,1024000000
2026-05-29 13:13:05.922,2,1.71,,1024000000
2026-05-29 13:13:05.912,2,1.77,,1024000000
2026-05-29 13:13:05.908,2,2,,1024000000
2026-05-29 13:13:05.894,2,1.91,,1024000000
2026-05-29 13:13:05.885,10,9.91,,1024000000
2026-05-29 13:13:05.878,3,2.05,,1024000000
2026-05-29 13:13:05.849,2,1.73,,1024000000
2026-05-29 13:13:05.841,2,1.89,,1024000000
2026-05-29 13:13:05.841,2,1.83,,1024000000
2026-05-29 13:13:05.816,2,1.88,,1024000000
2026-05-29 13:13:05.809,2,1.78,,1024000000
2026-05-29 13:13:05.808,2,1.82,,1024000000
2026-05-29 13:13:05.784,2,1.75,,1024000000
2026-05-29 13:13:05.748,2,1.68,,1024000000
2026-05-29 13:13:05.735,2,1.83,,1024000000
2026-05-29 13:13:05.727,3,2.21,,1024000000
2026-05-29 13:13:05.698,2,1.69,,1024000000
2026-05-29 13:13:05.693,2,1.76,,1024000000
2026-05-29 13:13:05.691,2,1.84,,1024000000
2026-05-29 13:13:05.681,2,1.89,,1024000000
2026-05-29 13:13:05.677,3,2.55,,1024000000
2026-05-29 13:13:05.667,2,1.88,,1024000000
2026-05-29 13:13:05.632,2,1.8,,1024000000
2026-05-29 13:13:05.598,2,1.63,,1024000000
2026-05-29 13:13:05.590,5,4.5,,1024000000
2026-05-29 13:13:05.560,2,1.73,,1024000000
2026-05-29 13:13:05.558,3,2.06,,1024000000
2026-05-29 13:13:05.546,2,1.96,,1024000000
2026-05-29 13:13:05.529,2,2,,1024000000
2026-05-29 13:13:05.520,2,1.71,,1024000000
2026-05-29 13:13:05.518,2,1.79,,1024000000
2026-05-29 13:13:05.498,3,2.02,,1024000000
2026-05-29 13:13:05.492,3,2.23,,1024000000
2026-05-29 13:13:05.491,2,1.74,,1024000000
2026-05-29 13:13:05.484,19,18.56,,1024000000
2026-05-29 13:13:05.467,2,1.84,,1024000000
2026-05-29 13:13:05.467,2,1.83,,1024000000
2026-05-29 13:13:05.467,3,2.05,,1024000000
2026-05-29 13:13:05.449,5,4.13,,1024000000
2026-05-29 13:13:05.434,2,1.89,,1024000000
2026-05-29 13:13:05.433,2,1.7,,1024000000
2026-05-29 13:13:05.423,2,1.73,,1024000000
2026-05-29 13:13:05.408,2,1.79,,1024000000
2026-05-29 13:13:05.404,2,1.73,,1024000000
2026-05-29 13:13:05.388,2,1.93,,1024000000
2026-05-29 13:13:05.381,2,1.83,,1024000000
2026-05-29 13:13:05.350,2,1.69,,1024000000
2026-05-29 13:13:05.334,2,1.63,,1024000000
2026-05-29 13:13:05.321,27,26.08,,1024000000
2026-05-29 13:13:05.312,2,1.9,,1024000000
2026-05-29 13:13:05.295,2,1.76,,1024000000
2026-05-29 13:13:05.289,2,1.86,,1024000000
2026-05-29 13:13:05.282,2,1.85,,1024000000
2026-05-29 13:13:05.241,3,2.02,,1024000000
2026-05-29 13:13:05.239,2,1.77,,1024000000
2026-05-29 13:13:05.230,3,2.02,,1024000000
2026-05-29 13:13:05.228,3,2.04,,1024000000
2026-05-29 13:13:05.184,3,2,,1024000000
2026-05-29 13:13:05.182,2,1.7,,1024000000
2026-05-29 13:13:05.160,2,1.89,,1024000000
2026-05-29 13:13:05.158,2,1.81,,1024000000
2026-05-29 13:13:05.157,2,1.69,,1024000000
2026-05-29 13:13:05.153,2,1.75,,1024000000
2026-05-29 13:13:05.137,2,1.9,,1024000000
2026-05-29 13:13:05.121,14,13.26,,1024000000
2026-05-29 13:13:05.117,2,1.94,,1024000000
2026-05-29 13:13:05.115,2,1.91,,1024000000
2026-05-29 13:13:05.113,2,1.8,,1024000000
2026-05-29 13:13:05.102,2,1.76,,1024000000
2026-05-29 13:13:05.088,2,1.92,,1024000000
2026-05-29 13:13:05.069,7,6.84,,1024000000
2026-05-29 13:13:05.025,2,1.87,,1024000000
2026-05-29 13:13:05.023,2,1.74,,1024000000
2026-05-29 13:13:05.017,2,1.89,,1024000000
2026-05-29 13:13:05.012,2,1.71,,1024000000
2026-05-29 13:13:05.005,6,5.63,,1024000000
2026-05-29 13:13:04.995,2,1.97,,1024000000
2026-05-29 13:13:04.989,2,1.84,,1024000000
2026-05-29 13:13:04.976,2,1.77,,1024000000
2026-05-29 13:13:04.951,2,1.76,,1024000000
2026-05-29 13:13:04.943,2,1.8,,1024000000
2026-05-29 13:13:04.932,2,1.83,,1024000000
2026-05-29 13:13:04.930,2,1.66,,1024000000
2026-05-29 13:13:04.927,2,1.76,,1024000000
2026-05-29 13:13:04.926,2,1.89,,1024000000
2026-05-29 13:13:04.908,2,1.75,,1024000000
2026-05-29 13:13:04.901,2,1.85,,1024000000
2026-05-29 13:13:04.899,3,2.39,,1024000000
2026-05-29 13:13:04.884,2,1.86,,1024000000
2026-05-29 13:13:04.871,2,1.85,,1024000000
2026-05-29 13:13:04.869,2,1.87,,1024000000
2026-05-29 13:13:04.863,3,2.82,,1024000000
2026-05-29 13:13:04.857,2,1.42,,1024000000
2026-05-29 13:13:04.850,2,1.89,,1024000000
2026-05-29 13:13:04.841,5,4.1,,1024000000
2026-05-29 13:13:04.831,2,1.9,,1024000000
2026-05-29 13:13:04.829,18,17.12,,1024000000
2026-05-29 13:13:04.827,2,1.95,,1024000000
2026-05-29 13:13:04.826,2,1.75,,1024000000
2026-05-29 13:13:04.816,2,1.8,,1024000000
2026-05-29 13:13:04.811,10,9.45,,1024000000
2026-05-29 13:13:04.799,2,1.83,,1024000000
2026-05-29 13:13:04.796,5,4.92,,1024000000
2026-05-29 13:13:04.795,3,2.04,,1024000000
2026-05-29 13:13:04.794,3,2.23,,1024000000
2026-05-29 13:13:04.787,2,1.87,,1024000000
2026-05-29 13:13:04.766,8,7.59,,1024000000
2026-05-29 13:13:04.754,3,2.06,,1024000000
2026-05-29 13:13:04.754,5,4.34,,1024000000
2026-05-29 13:13:04.745,2,1.97,,1024000000
2026-05-29 13:13:04.742,3,2.19,,1024000000
2026-05-29 13:13:04.734,2,1.96,,1024000000
2026-05-29 13:13:04.727,2,1.89,,1024000000
2026-05-29 13:13:04.723,2,1.81,,1024000000
2026-05-29 13:13:04.683,2,1.83,,1024000000
2026-05-29 13:13:04.673,2,1.85,,1024000000
2026-05-29 13:13:04.670,7,6.04,,1024000000
2026-05-29 13:13:04.667,2,1.93,,1024000000
2026-05-29 13:13:04.633,2,1.75,,1024000000
2026-05-29 13:13:04.626,2,1.95,,1024000000
2026-05-29 13:13:04.602,2,1.93,,1024000000
2026-05-29 13:13:04.588,2,1.9,,1024000000
2026-05-29 13:13:04.571,2,1.84,,1024000000
2026-05-29 13:13:04.539,8,7.63,,1024000000
2026-05-29 13:13:04.516,2,1.83,,1024000000
2026-05-29 13:13:04.507,2,1.79,,1024000000
2026-05-29 13:13:04.504,2,1.77,,1024000000
2026-05-29 13:13:04.495,3,2.08,,1024000000
2026-05-29 13:13:04.462,2,1.71,,1024000000
2026-05-29 13:13:04.449,4,3.57,,1024000000
2026-05-29 13:13:04.413,13,12.03,,1024000000
2026-05-29 13:13:04.393,3,2.54,,1024000000
2026-05-29 13:13:04.387,9,8.2,,1024000000
2026-05-29 13:13:04.380,2,1.87,,1024000000
2026-05-29 13:13:04.376,2,1.63,,1024000000
2026-05-29 13:13:04.365,3,2.11,,1024000000
2026-05-29 13:13:04.361,2,1.85,,1024000000
2026-05-29 13:13:04.355,2,1.88,,1024000000
2026-05-29 13:13:04.329,2,1.81,,1024000000
2026-05-29 13:13:04.313,2,1.78,,1024000000
2026-05-29 13:13:04.307,2,1.78,,1024000000
2026-05-29 13:13:04.305,3,2.03,,1024000000
2026-05-29 13:13:04.290,2,1.67,,1024000000
2026-05-29 13:13:04.266,2,2,,1024000000
2026-05-29 13:13:04.259,2,1.82,,1024000000
2026-05-29 13:13:04.258,2,1.81,,1024000000
2026-05-29 13:13:04.254,2,1.6,,1024000000
2026-05-29 13:13:04.250,2,1.81,,1024000000
2026-05-29 13:13:04.237,2,1.96,,1024000000
2026-05-29 13:13:04.237,3,2.11,,1024000000
2026-05-29 13:13:04.237,2,1.6,,1024000000
2026-05-29 13:13:04.236,3,2.38,,1024000000
2026-05-29 13:13:04.229,18,17.23,,1024000000
2026-05-29 13:13:04.227,2,1.83,,1024000000
2026-05-29 13:13:04.220,2,1.78,,1024000000
2026-05-29 13:13:04.208,2,1.74,,1024000000
2026-05-29 13:13:04.206,2,1.8,,1024000000
2026-05-29 13:13:04.199,2,1.89,,1024000000
2026-05-29 13:13:04.190,3,2.06,,1024000000
2026-05-29 13:13:04.188,2,1.56,,1024000000
2026-05-29 13:13:04.182,2,1.9,,1024000000
2026-05-29 13:13:04.170,2,1.8,,1024000000
2026-05-29 13:13:04.153,2,1.78,,1024000000
2026-05-29 13:13:04.152,2,1.7,,1024000000
2026-05-29 13:13:04.140,2,1.66,,1024000000
2026-05-29 13:13:04.110,3,2.12,,1024000000
2026-05-29 13:13:04.080,2,1.71,,1024000000
2026-05-29 13:13:04.076,2,1.87,,1024000000
2026-05-29 13:13:04.058,3,2.09,,1024000000
2026-05-29 13:13:04.043,3,2.04,,1024000000
2026-05-29 13:13:04.035,3,2.89,,1024000000
2026-05-29 13:13:04.023,3,2,,1024000000
2026-05-29 13:13:04.014,5,4.54,,1024000000
2026-05-29 13:13:03.969,2,1.77,,1024000000
2026-05-29 13:13:03.961,2,1.74,,1024000000
2026-05-29 13:13:03.944,3,2.31,,1024000000
2026-05-29 13:13:03.939,15,14.15,,1024000000
2026-05-29 13:13:03.938,3,2.06,,1024000000
2026-05-29 13:13:03.929,19,18.61,,1024000000
2026-05-29 13:13:03.915,2,1.94,,1024000000
2026-05-29 13:13:03.891,2,1.94,,1024000000
2026-05-29 13:13:03.888,2,1.79,,1024000000
2026-05-29 13:13:03.880,2,1.81,,1024000000
2026-05-29 13:13:03.859,2,1.84,,1024000000
2026-05-29 13:13:03.853,2,1.69,,1024000000
2026-05-29 13:13:03.826,2,1.95,,1024000000
2026-05-29 13:13:03.824,3,2.09,,1024000000
2026-05-29 13:13:03.812,3,2.02,,1024000000
2026-05-29 13:13:03.802,3,2.78,,1024000000
2026-05-29 13:13:03.795,3,2.41,,1024000000
2026-05-29 13:13:03.789,3,2.11,,1024000000
2026-05-29 13:13:03.783,2,1.83,,1024000000
2026-05-29 13:13:03.778,2,1.98,,1024000000
2026-05-29 13:13:03.775,13,12.11,,1024000000
2026-05-29 13:13:03.765,2,1.7,,1024000000
2026-05-29 13:13:03.761,2,1.81,,1024000000
2026-05-29 13:13:03.747,2,1.72,,1024000000
2026-05-29 13:13:03.737,2,1.95,,1024000000
2026-05-29 13:13:03.724,2,1.61,,1024000000
2026-05-29 13:13:03.701,2,1.89,,1024000000
2026-05-29 13:13:03.675,2,1.93,,1024000000
2026-05-29 13:13:03.674,2,1.99,,1024000000
2026-05-29 13:13:03.670,3,2.05,,1024000000
2026-05-29 13:13:03.658,2,1.94,,1024000000
2026-05-29 13:13:03.654,2,1.92,,1024000000
2026-05-29 13:13:03.633,9,8.01,,1024000000
2026-05-29 13:13:03.605,3,2.35,,1024000000
2026-05-29 13:13:03.584,9,8.4,,1024000000
2026-05-29 13:13:03.582,3,2.03,,1024000000
2026-05-29 13:13:03.570,19,18.51,,1024000000
2026-05-29 13:13:03.561,2,1.99,,1024000000
2026-05-29 13:13:03.544,2,1.6,,1024000000
2026-05-29 13:13:03.542,2,1.77,,1024000000
2026-05-29 13:13:03.539,2,2,,1024000000
2026-05-29 13:13:03.512,3,2.1,,1024000000
2026-05-29 13:13:03.502,2,1.74,,1024000000
2026-05-29 13:13:03.500,2,1.97,,1024000000
2026-05-29 13:13:03.500,4,3.27,,1024000000
2026-05-29 13:13:03.493,5,4.3,,1024000000
2026-05-29 13:13:03.486,2,1.95,,1024000000
2026-05-29 13:13:03.473,2,1.84,,1024000000
2026-05-29 13:13:03.452,6,5.45,,1024000000
2026-05-29 13:13:03.442,3,2.04,,1024000000
2026-05-29 13:13:03.423,2,2,,1024000000
2026-05-29 13:13:03.410,3,2.33,,1024000000
2026-05-29 13:13:03.344,3,2.08,,1024000000
2026-05-29 13:13:03.332,3,2.22,,1024000000
2026-05-29 13:13:03.329,3,2.51,,1024000000
2026-05-29 13:13:03.326,2,1.86,,1024000000
2026-05-29 13:13:03.321,2,1.8,,1024000000
2026-05-29 13:13:03.313,2,1.95,,1024000000
2026-05-29 13:13:03.303,3,2.04,,1024000000
2026-05-29 13:13:03.297,3,2.23,,1024000000
2026-05-29 13:13:03.287,2,1.83,,1024000000
2026-05-29 13:13:03.281,10,9.72,,1024000000
2026-05-29 13:13:03.272,2,1.83,,1024000000
2026-05-29 13:13:03.271,3,2.21,,1024000000
2026-05-29 13:13:03.250,3,2.29,,1024000000
2026-05-29 13:13:03.237,5,4.79,,1024000000
2026-05-29 13:13:03.231,2,1.94,,1024000000
2026-05-29 13:13:03.229,2,1.79,,1024000000
2026-05-29 13:13:03.218,2,1.87,,1024000000
2026-05-29 13:13:03.196,6,5.42,,1024000000
2026-05-29 13:13:03.166,2,1.76,,1024000000
2026-05-29 13:13:03.161,2,1.76,,1024000000
2026-05-29 13:13:03.155,2,1.99,,1024000000
2026-05-29 13:13:03.147,2,1.84,,1024000000
2026-05-29 13:13:03.125,2,1.9,,1024000000
2026-05-29 13:13:03.097,2,1.85,,1024000000
2026-05-29 13:13:03.081,2,1.81,,1024000000
2026-05-29 13:13:03.060,2,1.88,,1024000000
2026-05-29 13:13:03.060,2,1.7,,1024000000
2026-05-29 13:13:03.056,3,2.09,,1024000000
2026-05-29 13:13:03.039,2,1.94,,1024000000
2026-05-29 13:13:03.036,3,2.15,,1024000000
2026-05-29 13:13:03.032,2,1.76,,1024000000
2026-05-29 13:13:03.014,2,1.74,,1024000000
2026-05-29 13:13:03.009,3,2.04,,1024000000
2026-05-29 13:13:03.005,2,1.72,,1024000000
2026-05-29 13:13:03.004,2,1.79,,1024000000
2026-05-29 13:13:02.997,2,1.89,,1024000000
2026-05-29 13:13:02.984,2,1.81,,1024000000
2026-05-29 13:13:02.980,3,2.05,,1024000000
2026-05-29 13:13:02.980,3,2.4,,1024000000
2026-05-29 13:13:02.968,3,2.12,,1024000000
2026-05-29 13:13:02.960,2,1.71,,1024000000
2026-05-29 13:13:02.945,2,1.85,,1024000000
2026-05-29 13:13:02.933,3,2.06,,1024000000
2026-05-29 13:13:02.931,2,1.92,,1024000000
2026-05-29 13:13:02.920,9,8.89,,1024000000
2026-05-29 13:13:02.907,2,1.69,,1024000000
2026-05-29 13:13:02.904,2,1.75,,1024000000
2026-05-29 13:13:02.898,3,2.1,,1024000000
2026-05-29 13:13:02.879,2,1.92,,1024000000
2026-05-29 13:13:02.874,2,1.71,,1024000000
2026-05-29 13:13:02.871,2,1.67,,1024000000
2026-05-29 13:13:02.851,2,1.69,,1024000000
2026-05-29 13:13:02.848,3,2.27,,1024000000
2026-05-29 13:13:02.840,2,1.74,,1024000000
2026-05-29 13:13:02.827,2,1.73,,1024000000
2026-05-29 13:13:02.824,2,1.94,,1024000000
2026-05-29 13:13:02.820,2,1.76,,1024000000
2026-05-29 13:13:02.811,2,1.85,,1024000000
2026-05-29 13:13:02.804,2,1.88,,1024000000
2026-05-29 13:13:02.803,2,1.69,,1024000000
2026-05-29 13:13:02.797,2,1.71,,1024000000
2026-05-29 13:13:02.775,3,2.09,,1024000000
2026-05-29 13:13:02.771,2,1.92,,1024000000
2026-05-29 13:13:02.749,2,1.95,,1024000000
2026-05-29 13:13:02.728,2,1.87,,1024000000
2026-05-29 13:13:02.725,3,2.03,,1024000000
2026-05-29 13:13:02.712,2,1.98,,1024000000
2026-05-29 13:13:02.691,2,1.98,,1024000000
2026-05-29 13:13:02.689,3,2.16,,1024000000
2026-05-29 13:13:02.685,2,1.72,,1024000000
2026-05-29 13:13:02.682,2,1.79,,1024000000
2026-05-29 13:13:02.626,2,1.75,,1024000000
2026-05-29 13:13:02.597,2,1.92,,1024000000
2026-05-29 13:13:02.572,2,1.68,,1024000000
2026-05-29 13:13:02.571,2,1.86,,1024000000
2026-05-29 13:13:02.557,3,2.29,,1024000000
2026-05-29 13:13:02.554,2,1.78,,1024000000
2026-05-29 13:13:02.550,8,7.34,,1024000000
2026-05-29 13:13:02.548,2,1.97,,1024000000
2026-05-29 13:13:02.543,2,1.75,,1024000000
2026-05-29 13:13:02.539,16,15.44,,1024000000
2026-05-29 13:13:02.538,2,1.81,,1024000000
2026-05-29 13:13:02.537,2,1.69,,1024000000
2026-05-29 13:13:02.517,3,2.17,,1024000000
2026-05-29 13:13:02.500,3,2.23,,1024000000
2026-05-29 13:13:02.479,2,1.78,,1024000000
2026-05-29 13:13:02.467,2,1.81,,1024000000
2026-05-29 13:13:02.436,2,1.73,,1024000000
2026-05-29 13:13:02.429,16,15.54,,1024000000
2026-05-29 13:13:02.424,13,12.66,,1024000000
2026-05-29 13:13:02.418,2,1.79,,1024000000
2026-05-29 13:13:02.414,3,2.15,,1024000000
2026-05-29 13:13:02.407,2,1.67,,1024000000
2026-05-29 13:13:02.400,2,1.81,,1024000000
2026-05-29 13:13:02.394,2,1.61,,1024000000
2026-05-29 13:13:02.394,5,4.26,,1024000000
2026-05-29 13:13:02.392,2,1.98,,1024000000
2026-05-29 13:13:02.391,2,1.92,,1024000000
2026-05-29 13:13:02.384,2,1.81,,1024000000
2026-05-29 13:13:02.355,3,2.28,,1024000000
2026-05-29 13:13:02.326,2,1.7,,1024000000
2026-05-29 13:13:02.318,2,1.71,,1024000000
2026-05-29 13:13:02.313,2,1.71,,1024000000
2026-05-29 13:13:02.304,2,1.73,,1024000000
2026-05-29 13:13:02.260,2,1.75,,1024000000
2026-05-29 13:13:02.256,2,1.64,,1024000000
2026-05-29 13:13:02.238,2,1.8,,1024000000
2026-05-29 13:13:02.232,2,1.8,,1024000000
2026-05-29 13:13:02.225,6,5.25,,1024000000
2026-05-29 13:13:02.213,3,2,,1024000000
2026-05-29 13:13:02.209,6,5.42,,1024000000
2026-05-29 13:13:02.199,13,12.43,,1024000000
2026-05-29 13:13:02.183,3,2.05,,1024000000
2026-05-29 13:13:02.182,6,5.4,,1024000000
2026-05-29 13:13:02.176,3,2.07,,1024000000
2026-05-29 13:13:02.168,2,1.86,,1024000000
2026-05-29 13:13:02.158,2,1.98,,1024000000
2026-05-29 13:13:02.156,5,4.22,,1024000000
2026-05-29 13:13:02.130,2,1.6,,1024000000
2026-05-29 13:13:02.125,2,1.83,,1024000000
2026-05-29 13:13:02.120,3,2.06,,1024000000
2026-05-29 13:13:02.116,2,1.63,,1024000000
2026-05-29 13:13:02.108,2,1.81,,1024000000
2026-05-29 13:13:02.098,2,1.82,,1024000000
2026-05-29 13:13:02.081,2,1.85,,1024000000
2026-05-29 13:13:02.078,2,1.62,,1024000000
2026-05-29 13:13:02.068,11,10.62,,1024000000
2026-05-29 13:13:02.059,3,2.31,,1024000000
2026-05-29 13:13:02.050,8,7.42,,1024000000
2026-05-29 13:13:02.033,2,1.85,,1024000000
2026-05-29 13:13:02.022,2,1.84,,1024000000
2026-05-29 13:13:02.013,2,1.83,,1024000000
2026-05-29 13:13:01.978,2,1.89,,1024000000
2026-05-29 13:13:01.966,2,1.99,,1024000000
2026-05-29 13:13:01.950,4,3.38,,1024000000
2026-05-29 13:13:01.930,3,2.07,,1024000000
2026-05-29 13:13:01.925,3,2.17,,1024000000
2026-05-29 13:13:01.903,13,12.02,,1024000000
2026-05-29 13:13:01.880,3,2.25,,1024000000
2026-05-29 13:13:01.876,2,1.63,,1024000000
2026-05-29 13:13:01.824,2,1.8,,1024000000
2026-05-29 13:13:01.820,2,1.89,,1024000000
2026-05-29 13:13:01.798,3,2.07,,1024000000
2026-05-29 13:13:01.797,2,1.92,,1024000000
2026-05-29 13:13:01.787,2,1.77,,1024000000
2026-05-29 13:13:01.775,3,2.07,,1024000000
2026-05-29 13:13:01.774,3,2.09,,1024000000
2026-05-29 13:13:01.765,2,1.8,,1024000000
2026-05-29 13:13:01.750,2,1.74,,1024000000
2026-05-29 13:13:01.732,2,1.77,,1024000000
2026-05-29 13:13:01.715,2,1.72,,1024000000
2026-05-29 13:13:01.699,22,21.18,,1024000000
2026-05-29 13:13:01.694,3,2.17,,1024000000
2026-05-29 13:13:01.689,2,1.83,,1024000000
2026-05-29 13:13:01.680,3,2.11,,1024000000
2026-05-29 13:13:01.663,2,1.89,,1024000000
2026-05-29 13:13:01.649,15,14.14,,1024000000
2026-05-29 13:13:01.636,2,1.93,,1024000000
2026-05-29 13:13:01.632,2,1.68,,1024000000
2026-05-29 13:13:01.629,2,1.9,,1024000000
2026-05-29 13:13:01.625,2,1.92,,1024000000
2026-05-29 13:13:01.604,2,1.84,,1024000000
2026-05-29 13:13:01.566,21,20.9,,1024000000
2026-05-29 13:13:01.560,3,2.87,,1024000000
2026-05-29 13:13:01.550,2,1.82,,1024000000
2026-05-29 13:13:01.533,2,1.7,,1024000000
2026-05-29 13:13:01.532,2,1.68,,1024000000
2026-05-29 13:13:01.523,4,3.93,,1024000000
2026-05-29 13:13:01.517,2,1.85,,1024000000
2026-05-29 13:13:01.511,6,5.38,,1024000000
2026-05-29 13:13:01.489,2,1.57,,1024000000
2026-05-29 13:13:01.482,5,4.37,,1024000000
2026-05-29 13:13:01.473,2,1.7,,1024000000
2026-05-29 13:13:01.462,2,1.94,,1024000000
2026-05-29 13:13:01.451,3,2.82,,1024000000
2026-05-29 13:13:01.447,2,1.92,,1024000000
2026-05-29 13:13:01.439,3,2.66,,1024000000
2026-05-29 13:13:01.429,2,1.75,,1024000000
2026-05-29 13:13:01.424,2,1.81,,1024000000
2026-05-29 13:13:01.411,3,2.23,,1024000000
2026-05-29 13:13:01.406,3,2.25,,1024000000
2026-05-29 13:13:01.406,2,1.94,,1024000000
2026-05-29 13:13:01.400,2,1.83,,1024000000
2026-05-29 13:13:01.398,2,1.79,,1024000000
2026-05-29 13:13:01.395,2,1.9,,1024000000
2026-05-29 13:13:01.386,4,3.25,,1024000000
2026-05-29 13:13:01.375,10,9.03,,1024000000
2026-05-29 13:13:01.368,2,1.97,,1024000000
2026-05-29 13:13:01.358,3,2,,1024000000
2026-05-29 13:13:01.343,2,1.83,,1024000000
2026-05-29 13:13:01.329,2,1.7,,1024000000
2026-05-29 13:13:01.323,3,2.37,,1024000000
2026-05-29 13:13:01.315,2,1.77,,1024000000
2026-05-29 13:13:01.308,3,2.19,,1024000000
2026-05-29 13:13:01.299,2,1.77,,1024000000
2026-05-29 13:13:01.297,2,1.61,,1024000000
2026-05-29 13:13:01.285,2,1.7,,1024000000
2026-05-29 13:13:01.282,22,21.91,,1024000000
2026-05-29 13:13:01.280,2,1.93,,1024000000
2026-05-29 13:13:01.270,2,1.71,,1024000000
2026-05-29 13:13:01.269,2,1.79,,1024000000
2026-05-29 13:13:01.265,2,1.75,,1024000000
2026-05-29 13:13:01.254,3,2.04,,1024000000
2026-05-29 13:13:01.252,2,1.92,,1024000000
2026-05-29 13:13:01.241,3,2.13,,1024000000
2026-05-29 13:13:01.236,2,1.85,,1024000000
2026-05-29 13:13:01.219,2,1.66,,1024000000
2026-05-29 13:13:01.215,15,14.77,,1024000000
2026-05-29 13:13:01.211,2,1.67,,1024000000
2026-05-29 13:13:01.208,2,1.65,,1024000000
2026-05-29 13:13:01.184,7,6.2,,1024000000
2026-05-29 13:13:01.181,2,1.7,,1024000000
2026-05-29 13:13:01.178,2,1.62,,1024000000
2026-05-29 13:13:01.169,2,1.86,,1024000000
2026-05-29 13:13:01.166,2,1.75,,1024000000
2026-05-29 13:13:01.160,3,2.3,,1024000000
2026-05-29 13:13:01.151,2,1.87,,1024000000
2026-05-29 13:13:01.140,3,2.02,,1024000000
2026-05-29 13:13:01.121,2,1.76,,1024000000
2026-05-29 13:13:01.099,2,1.63,,1024000000
2026-05-29 13:13:01.093,3,2.09,,1024000000
2026-05-29 13:13:01.068,2,1.91,,1024000000
2026-05-29 13:13:01.045,2,1.82,,1024000000
2026-05-29 13:13:01.013,2,2,,1024000000
2026-05-29 13:13:01.008,3,2.47,,1024000000
2026-05-29 13:13:01.006,2,1.75,,1024000000
2026-05-29 13:13:00.996,3,2.29,,1024000000
2026-05-29 13:13:00.984,2,1.83,,1024000000
2026-05-29 13:13:00.973,2,1.71,,1024000000
2026-05-29 13:13:00.959,2,1.77,,1024000000
2026-05-29 13:13:00.952,2,1.72,,1024000000
2026-05-29 13:13:00.945,2,1.99,,1024000000
2026-05-29 13:13:00.928,2,1.73,,1024000000
2026-05-29 13:13:00.903,2,1.71,,1024000000
2026-05-29 13:13:00.861,14,13.61,,1024000000
2026-05-29 13:13:00.847,3,2.04,,1024000000
2026-05-29 13:13:00.832,2,1.85,,1024000000
2026-05-29 13:13:00.810,2,2,,1024000000
2026-05-29 13:13:00.787,2,1.82,,1024000000
2026-05-29 13:13:00.786,2,1.88,,1024000000
2026-05-29 13:13:00.748,6,5.32,,1024000000
2026-05-29 13:13:00.744,2,1.81,,1024000000
2026-05-29 13:13:00.710,2,1.79,,1024000000
2026-05-29 13:13:00.710,2,1.94,,1024000000
2026-05-29 13:13:00.695,2,1.97,,1024000000
2026-05-29 13:13:00.687,2,1.83,,1024000000
2026-05-29 13:13:00.674,2,1.79,,1024000000
2026-05-29 13:13:00.669,2,1.72,,1024000000
2026-05-29 13:13:00.668,3,2.09,,1024000000
2026-05-29 13:13:00.660,2,1.96,,1024000000
2026-05-29 13:13:00.635,2,1.96,,1024000000
2026-05-29 13:13:00.618,2,1.78,,1024000000
2026-05-29 13:13:00.587,2,1.86,,1024000000
2026-05-29 13:13:00.582,2,1.67,,1024000000
2026-05-29 13:13:00.576,2,1.75,,1024000000
2026-05-29 13:13:00.571,3,2.13,,1024000000
2026-05-29 13:13:00.552,2,1.8,,1024000000
2026-05-29 13:13:00.549,3,2.08,,1024000000
2026-05-29 13:13:00.547,2,1.82,,1024000000
2026-05-29 13:13:00.544,3,2.14,,1024000000
2026-05-29 13:13:00.543,2,1.75,,1024000000
2026-05-29 13:13:00.542,2,1.97,,1024000000
2026-05-29 13:13:00.542,2,1.8,,1024000000
2026-05-29 13:13:00.521,6,5.94,,1024000000
2026-05-29 13:13:00.511,2,1.72,,1024000000
2026-05-29 13:13:00.506,3,2.17,,1024000000
2026-05-29 13:13:00.503,3,2.06,,1024000000
2026-05-29 13:13:00.493,2,1.84,,1024000000
2026-05-29 13:13:00.490,2,1.78,,1024000000
2026-05-29 13:13:00.485,2,1.7,,1024000000
2026-05-29 13:13:00.484,2,1.69,,1024000000
2026-05-29 13:13:00.475,2,1.75,,1024000000
2026-05-29 13:13:00.444,2,1.89,,1024000000
2026-05-29 13:13:00.425,2,1.88,,1024000000
2026-05-29 13:13:00.417,2,1.91,,1024000000
2026-05-29 13:13:00.407,2,1.71,,1024000000
2026-05-29 13:13:00.375,2,1.83,,1024000000
2026-05-29 13:13:00.366,2,1.71,,1024000000
2026-05-29 13:13:00.359,2,1.81,,1024000000
2026-05-29 13:13:00.354,2,1.98,,1024000000
2026-05-29 13:13:00.317,8,7.5,,1024000000
2026-05-29 13:13:00.302,4,3.52,,1024000000
2026-05-29 13:13:00.287,6,5.28,,1024000000
2026-05-29 13:13:00.281,2,1.96,,1024000000
2026-05-29 13:13:00.278,4,3.35,,1024000000
2026-05-29 13:13:00.273,2,1.79,,1024000000
2026-05-29 13:13:00.264,3,2.25,,1024000000
2026-05-29 13:13:00.253,2,1.81,,1024000000
2026-05-29 13:13:00.244,2,1.9,,1024000000
2026-05-29 13:13:00.234,2,1.87,,1024000000
2026-05-29 13:13:00.233,2,1.59,,1024000000
2026-05-29 13:13:00.225,2,1.81,,1024000000
2026-05-29 13:13:00.221,2,1.67,,1024000000
2026-05-29 13:13:00.211,2,1.77,,1024000000
2026-05-29 13:13:00.209,2,1.79,,1024000000
2026-05-29 13:13:00.204,2,1.82,,1024000000
2026-05-29 13:13:00.154,2,1.79,,1024000000
2026-05-29 13:13:00.151,2,1.67,,1024000000
2026-05-29 13:13:00.137,2,1.67,,1024000000
2026-05-29 13:13:00.130,2,1.91,,1024000000
2026-05-29 13:13:00.116,2,1.79,,1024000000
2026-05-29 13:13:00.100,2,1.88,,1024000000
2026-05-29 13:13:00.098,2,1.81,,1024000000
2026-05-29 13:13:00.097,2,1.77,,1024000000
2026-05-29 13:13:00.094,10,9.34,,1024000000
2026-05-29 13:13:00.088,2,1.66,,1024000000
2026-05-29 13:13:00.078,2,1.65,,1024000000
2026-05-29 13:13:00.066,2,1.99,,1024000000
2026-05-29 13:13:00.048,2,1.92,,1024000000
2026-05-29 13:13:00.033,7,6.75,,1024000000
2026-05-29 13:13:00.013,4,3.31,,1024000000
2026-05-29 13:12:59.989,2,1.98,,1024000000
2026-05-29 13:12:59.966,2,1.88,,1024000000
2026-05-29 13:12:59.965,3,2.12,,1024000000
2026-05-29 13:12:59.961,2,1.91,,1024000000
2026-05-29 13:12:59.926,2,1.83,,1024000000
2026-05-29 13:12:59.919,3,2.11,,1024000000
2026-05-29 13:12:59.918,3,2.36,,1024000000
2026-05-29 13:12:59.901,2,1.68,,1024000000
2026-05-29 13:12:59.879,17,16.44,,1024000000
2026-05-29 13:12:59.869,2,1.79,,1024000000
2026-05-29 13:12:59.836,2,1.97,,1024000000
2026-05-29 13:12:59.832,2,1.94,,1024000000
2026-05-29 13:12:59.832,2,1.93,,1024000000
2026-05-29 13:12:59.821,3,2.44,,1024000000
2026-05-29 13:12:59.813,2,1.74,,1024000000
2026-05-29 13:12:59.808,3,2.02,,1024000000
2026-05-29 13:12:59.748,2,1.93,,1024000000
2026-05-29 13:12:59.738,3,2.17,,1024000000
2026-05-29 13:12:59.729,2,1.89,,1024000000
2026-05-29 13:12:59.729,2,1.75,,1024000000
2026-05-29 13:12:59.718,2,1.78,,1024000000
2026-05-29 13:12:59.710,3,2.61,,1024000000
2026-05-29 13:12:59.703,2,1.86,,1024000000
2026-05-29 13:12:59.693,12,11.33,,1024000000
2026-05-29 13:12:59.670,5,4.65,,1024000000
2026-05-29 13:12:59.649,3,2.09,,1024000000
2026-05-29 13:12:59.634,3,2.26,,1024000000
2026-05-29 13:12:59.633,7,6.91,,1024000000
2026-05-29 13:12:59.617,2,1.62,,1024000000
2026-05-29 13:12:59.609,4,3.83,,1024000000
2026-05-29 13:12:59.607,2,1.83,,1024000000
2026-05-29 13:12:59.599,2,1.72,,1024000000
2026-05-29 13:12:59.573,6,5.48,,1024000000
2026-05-29 13:12:59.555,2,1.84,,1024000000
2026-05-29 13:12:59.537,2,1.86,,1024000000
2026-05-29 13:12:59.531,2,1.65,,1024000000
2026-05-29 13:12:59.525,2,1.73,,1024000000
2026-05-29 13:12:59.522,2,1.77,,1024000000
2026-05-29 13:12:59.521,2,1.9,,1024000000
2026-05-29 13:12:59.515,2,1.72,,1024000000
2026-05-29 13:12:59.504,2,1.92,,1024000000
2026-05-29 13:12:59.501,3,2.17,,1024000000
2026-05-29 13:12:59.492,3,2.58,,1024000000
2026-05-29 13:12:59.465,2,1.99,,1024000000
2026-05-29 13:12:59.450,2,1.95,,1024000000
2026-05-29 13:12:59.441,2,1.54,,1024000000
2026-05-29 13:12:59.440,3,2.01,,1024000000
2026-05-29 13:12:59.434,2,1.88,,1024000000
2026-05-29 13:12:59.431,8,7.35,,1024000000
2026-05-29 13:12:59.412,3,2.19,,1024000000
2026-05-29 13:12:59.410,2,1.7,,1024000000
2026-05-29 13:12:59.400,4,3.24,,1024000000
2026-05-29 13:12:59.398,2,1.79,,1024000000
2026-05-29 13:12:59.397,2,1.85,,1024000000
2026-05-29 13:12:59.391,3,2.2,,1024000000
2026-05-29 13:12:59.374,12,11.33,,1024000000
2026-05-29 13:12:59.372,2,1.99,,1024000000
2026-05-29 13:12:59.361,2,1.85,,1024000000
2026-05-29 13:12:59.361,2,1.81,,1024000000
2026-05-29 13:12:59.342,2,1.86,,1024000000
2026-05-29 13:12:59.341,2,1.76,,1024000000
2026-05-29 13:12:59.337,2,1.95,,1024000000
2026-05-29 13:12:59.304,3,2.02,,1024000000
2026-05-29 13:12:59.285,3,2.24,,1024000000
2026-05-29 13:12:59.271,2,1.94,,1024000000
2026-05-29 13:12:59.270,2,1.71,,1024000000
2026-05-29 13:12:59.270,2,1.81,,1024000000
2026-05-29 13:12:59.265,2,1.94,,1024000000
2026-05-29 13:12:59.245,3,2.04,,1024000000
2026-05-29 13:12:59.244,2,1.71,,1024000000
2026-05-29 13:12:59.242,3,2.03,,1024000000
2026-05-29 13:12:59.239,2,1.82,,1024000000
2026-05-29 13:12:59.227,2,1.76,,1024000000
2026-05-29 13:12:59.225,3,2.08,,1024000000
2026-05-29 13:12:59.219,2,1.79,,1024000000
2026-05-29 13:12:59.204,2,1.72,,1024000000
2026-05-29 13:12:59.192,2,1.67,,1024000000
2026-05-29 13:12:59.185,5,4.09,,1024000000
2026-05-29 13:12:59.183,2,1.85,,1024000000
2026-05-29 13:12:59.163,3,2.43,,1024000000
2026-05-29 13:12:59.160,2,1.91,,1024000000
2026-05-29 13:12:59.146,2,1.71,,1024000000
2026-05-29 13:12:59.142,2,1.76,,1024000000
2026-05-29 13:12:59.129,2,1.91,,1024000000
2026-05-29 13:12:59.128,3,2.01,,1024000000
2026-05-29 13:12:59.103,2,1.79,,1024000000
2026-05-29 13:12:59.095,2,1.78,,1024000000
2026-05-29 13:12:59.084,2,1.7,,1024000000
2026-05-29 13:12:59.066,2,1.69,,1024000000
2026-05-29 13:12:59.059,2,1.87,,1024000000
2026-05-29 13:12:59.043,2,1.77,,1024000000
2026-05-29 13:12:58.968,2,1.77,,1024000000
2026-05-29 13:12:58.956,3,2.15,,1024000000
2026-05-29 13:12:58.943,2,1.86,,1024000000
2026-05-29 13:12:58.930,2,1.77,,1024000000
2026-05-29 13:12:58.930,3,2.16,,1024000000
2026-05-29 13:12:58.929,2,1.82,,1024000000
2026-05-29 13:12:58.925,2,1.85,,1024000000
2026-05-29 13:12:58.906,2,1.6,,1024000000
2026-05-29 13:12:58.867,2,1.65,,1024000000
2026-05-29 13:12:58.858,2,1.77,,1024000000
2026-05-29 13:12:58.840,2,1.78,,1024000000
2026-05-29 13:12:58.838,2,1.98,,1024000000
2026-05-29 13:12:58.833,2,1.73,,1024000000
2026-05-29 13:12:58.806,3,2.12,,1024000000
2026-05-29 13:12:58.781,3,2.13,,1024000000
2026-05-29 13:12:58.769,3,2.07,,1024000000
2026-05-29 13:12:58.768,3,2.38,,1024000000
2026-05-29 13:12:58.706,2,1.78,,1024000000
2026-05-29 13:12:58.688,2,1.75,,1024000000
2026-05-29 13:12:58.682,2,1.81,,1024000000
2026-05-29 13:12:58.680,2,1.78,,1024000000
2026-05-29 13:12:58.676,2,1.72,,1024000000
2026-05-29 13:12:58.656,2,1.74,,1024000000
2026-05-29 13:12:58.639,2,1.73,,1024000000
2026-05-29 13:12:58.637,2,1.53,,1024000000
2026-05-29 13:12:58.631,2,1.93,,1024000000
2026-05-29 13:12:58.629,2,1.59,,1024000000
2026-05-29 13:12:58.620,3,2.05,,1024000000
2026-05-29 13:12:58.616,2,1.75,,1024000000
2026-05-29 13:12:58.594,3,2.19,,1024000000
2026-05-29 13:12:58.591,2,1.82,,1024000000
2026-05-29 13:12:58.579,2,1.96,,1024000000
2026-05-29 13:12:58.556,3,2.18,,1024000000
2026-05-29 13:12:58.526,3,2.56,,1024000000
2026-05-29 13:12:58.504,2,1.94,,1024000000
2026-05-29 13:12:58.474,2,1.68,,1024000000
2026-05-29 13:12:58.468,2,1.72,,1024000000
2026-05-29 13:12:58.466,2,1.96,,1024000000
2026-05-29 13:12:58.438,2,1.86,,1024000000
2026-05-29 13:12:58.413,2,1.96,,1024000000
2026-05-29 13:12:58.408,2,1.73,,1024000000
2026-05-29 13:12:58.397,2,1.86,,1024000000
2026-05-29 13:12:58.395,2,1.68,,1024000000
2026-05-29 13:12:58.392,2,1.79,,1024000000
2026-05-29 13:12:58.369,2,1.88,,1024000000
2026-05-29 13:12:58.363,2,1.7,,1024000000
2026-05-29 13:12:58.344,2,1.72,,1024000000
2026-05-29 13:12:58.344,2,1.81,,1024000000
2026-05-29 13:12:58.344,2,1.78,,1024000000
2026-05-29 13:12:58.342,3,2.1,,1024000000
2026-05-29 13:12:58.333,2,1.85,,1024000000
2026-05-29 13:12:58.323,2,1.82,,1024000000
2026-05-29 13:12:58.323,2,1.77,,1024000000
2026-05-29 13:12:58.321,2,1.84,,1024000000
2026-05-29 13:12:58.320,3,2.27,,1024000000
2026-05-29 13:12:58.300,2,1.78,,1024000000
2026-05-29 13:12:58.299,2,1.88,,1024000000
2026-05-29 13:12:58.298,2,1.91,,1024000000
2026-05-29 13:12:58.297,3,2.01,,1024000000
2026-05-29 13:12:58.294,2,1.73,,1024000000
2026-05-29 13:12:58.290,2,1.55,,1024000000
2026-05-29 13:12:58.286,2,1.98,,1024000000
2026-05-29 13:12:58.285,2,1.8,,1024000000
2026-05-29 13:12:58.283,2,1.77,,1024000000
2026-05-29 13:12:58.269,2,1.97,,1024000000
2026-05-29 13:12:58.269,2,1.75,,1024000000
2026-05-29 13:12:58.240,6,5.53,,1024000000
2026-05-29 13:12:58.230,2,1.78,,1024000000
2026-05-29 13:12:58.219,3,2.23,,1024000000
2026-05-29 13:12:58.184,3,2.06,,1024000000
2026-05-29 13:12:58.183,2,1.67,,1024000000
2026-05-29 13:12:58.183,2,1.88,,1024000000
2026-05-29 13:12:58.180,2,1.82,,1024000000
2026-05-29 13:12:58.179,2,1.82,,1024000000
2026-05-29 13:12:58.176,2,1.67,,1024000000
2026-05-29 13:12:58.173,2,1.95,,1024000000
2026-05-29 13:12:58.157,2,1.71,,1024000000
2026-05-29 13:12:58.153,2,1.75,,1024000000
2026-05-29 13:12:58.133,2,1.82,,1024000000
2026-05-29 13:12:58.112,2,1.75,,1024000000
2026-05-29 13:12:58.095,2,1.66,,1024000000
2026-05-29 13:12:58.082,2,1.8,,1024000000
2026-05-29 13:12:58.075,2,1.76,,1024000000
2026-05-29 13:12:58.065,2,1.64,,1024000000
2026-05-29 13:12:58.061,2,1.73,,1024000000
2026-05-29 13:12:58.022,3,2.78,,1024000000
2026-05-29 13:12:57.999,2,1.67,,1024000000
2026-05-29 13:12:57.975,2,1.8,,1024000000
2026-05-29 13:12:57.946,2,1.79,,1024000000
2026-05-29 13:12:57.935,2,1.68,,1024000000
2026-05-29 13:12:57.934,2,1.52,,1024000000
2026-05-29 13:12:57.925,2,1.82,,1024000000
2026-05-29 13:12:57.916,2,1.78,,1024000000
2026-05-29 13:12:57.910,2,1.89,,1024000000
2026-05-29 13:12:57.880,2,1.92,,1024000000
2026-05-29 13:12:57.880,3,2.06,,1024000000
2026-05-29 13:12:57.876,2,1.74,,1024000000
2026-05-29 13:12:57.865,2,1.88,,1024000000
2026-05-29 13:12:57.840,2,1.92,,1024000000
2026-05-29 13:12:57.836,2,1.86,,1024000000
2026-05-29 13:12:57.828,2,1.71,,1024000000
2026-05-29 13:12:57.804,3,2.06,,1024000000
2026-05-29 13:12:57.800,2,1.91,,1024000000
2026-05-29 13:12:57.795,2,1.69,,1024000000
2026-05-29 13:12:57.795,2,1.82,,1024000000
2026-05-29 13:12:57.784,3,2.13,,1024000000
2026-05-29 13:12:57.779,3,2.11,,1024000000
2026-05-29 13:12:57.766,2,1.78,,1024000000
2026-05-29 13:12:57.764,2,1.7,,1024000000
2026-05-29 13:12:57.763,2,1.83,,1024000000
2026-05-29 13:12:57.751,2,1.45,,1024000000
2026-05-29 13:12:57.741,2,1.93,,1024000000
2026-05-29 13:12:57.714,2,1.82,,1024000000
2026-05-29 13:12:57.696,2,1.8,,1024000000
2026-05-29 13:12:57.676,2,1.63,,1024000000
2026-05-29 13:12:57.673,2,1.86,,1024000000
2026-05-29 13:12:57.660,2,1.72,,1024000000
2026-05-29 13:12:57.655,2,1.65,,1024000000
2026-05-29 13:12:57.652,2,1.89,,1024000000
2026-05-29 13:12:57.647,2,1.66,,1024000000
2026-05-29 13:12:57.633,2,1.72,,1024000000
2026-05-29 13:12:57.628,2,1.7,,1024000000
2026-05-29 13:12:57.618,2,1.89,,1024000000
2026-05-29 13:12:57.614,2,1.73,,1024000000
2026-05-29 13:12:57.613,2,1.89,,1024000000
2026-05-29 13:12:57.598,3,2.48,,1024000000
2026-05-29 13:12:57.598,2,1.77,,1024000000
2026-05-29 13:12:57.597,2,1.95,,1024000000
2026-05-29 13:12:57.584,3,2.05,,1024000000
2026-05-29 13:12:57.567,2,1.87,,1024000000
2026-05-29 13:12:57.551,9,8.96,,1024000000
2026-05-29 13:12:57.539,2,1.82,,1024000000
2026-05-29 13:12:57.518,2,1.66,,1024000000
2026-05-29 13:12:57.518,2,1.85,,1024000000
2026-05-29 13:12:57.510,2,1.59,,1024000000
2026-05-29 13:12:57.509,3,2.25,,1024000000
2026-05-29 13:12:57.501,2,1.82,,1024000000
2026-05-29 13:12:57.493,2,1.75,,1024000000
2026-05-29 13:12:57.484,3,2.25,,1024000000
2026-05-29 13:12:57.483,2,1.66,,1024000000
2026-05-29 13:12:57.482,2,1.72,,1024000000
2026-05-29 13:12:57.448,3,2.01,,1024000000
2026-05-29 13:12:57.430,2,1.76,,1024000000
2026-05-29 13:12:57.419,2,1.71,,1024000000
2026-05-29 13:12:57.413,2,1.78,,1024000000
2026-05-29 13:12:57.410,2,1.79,,1024000000
2026-05-29 13:12:57.405,2,1.67,,1024000000
2026-05-29 13:12:57.399,2,1.79,,1024000000
2026-05-29 13:12:57.391,2,1.9,,1024000000
2026-05-29 13:12:57.389,2,1.96,,1024000000
2026-05-29 13:12:57.383,2,1.64,,1024000000
2026-05-29 13:12:57.375,2,1.71,,1024000000
2026-05-29 13:12:57.371,3,2.11,,1024000000
2026-05-29 13:12:57.370,2,1.71,,1024000000
2026-05-29 13:12:57.339,2,1.74,,1024000000
2026-05-29 13:12:57.298,2,1.64,,1024000000
2026-05-29 13:12:57.269,2,1.98,,1024000000
2026-05-29 13:12:57.268,3,2.06,,1024000000
2026-05-29 13:12:57.188,2,1.75,,1024000000
2026-05-29 13:12:57.183,2,1.81,,1024000000
2026-05-29 13:12:57.167,2,1.58,,1024000000
2026-05-29 13:12:57.157,2,1.8,,1024000000
2026-05-29 13:12:57.139,2,1.96,,1024000000
2026-05-29 13:12:57.135,2,1.63,,1024000000
2026-05-29 13:12:57.132,2,1.74,,1024000000
2026-05-29 13:12:57.127,2,1.66,,1024000000
2026-05-29 13:12:57.119,2,1.64,,1024000000
2026-05-29 13:12:57.106,2,1.69,,1024000000
2026-05-29 13:12:57.094,2,1.78,,1024000000
2026-05-29 13:12:57.093,5,4.08,,1024000000
2026-05-29 13:12:57.083,2,1.93,,1024000000
2026-05-29 13:12:57.028,6,5.49,,1024000000
2026-05-29 13:12:57.022,3,2.11,,1024000000
2026-05-29 13:12:57.018,2,1.73,,1024000000
2026-05-29 13:12:57.014,2,1.7,,1024000000
2026-05-29 13:12:57.011,3,2.57,,1024000000
2026-05-29 13:12:56.979,2,1.85,,1024000000
2026-05-29 13:12:56.960,2,1.68,,1024000000
2026-05-29 13:12:56.958,2,1.8,,1024000000
2026-05-29 13:12:56.938,2,1.81,,1024000000