@timestamp,@billedDuration,@duration,@initDuration,@memorySize
2026-05-30 17:43:42.217,3,2.01,,512000000
2026-05-30 17:43:42.143,2,1.89,,512000000
2026-05-30 17:43:42.098,3,2.59,,512000000
2026-05-30 17:43:42.051,2,1.85,,512000000
2026-05-30 17:43:42.017,2,1.73,,512000000
2026-05-30 17:43:41.936,2,1.82,,512000000
2026-05-30 17:43:41.921,2,1.75,,512000000
2026-05-30 17:43:41.902,2,1.95,,512000000
2026-05-30 17:43:41.873,10,9.43,,512000000
2026-05-30 17:43:41.784,2,1.85,,512000000
2026-05-30 17:43:41.732,7,6.14,,512000000
2026-05-30 17:43:41.722,2,1.99,,512000000
2026-05-30 17:43:41.719,3,2.02,,512000000
2026-05-30 17:43:41.692,2,1.93,,512000000
2026-05-30 17:43:41.638,2,1.81,,512000000
2026-05-30 17:43:41.604,2,1.97,,512000000
2026-05-30 17:43:41.582,2,1.77,,512000000
2026-05-30 17:43:41.562,2,1.95,,512000000
2026-05-30 17:43:41.140,3,2.14,,512000000
2026-05-30 17:43:40.791,9,8.98,,512000000
2026-05-30 17:43:40.774,2,1.87,,512000000
2026-05-30 17:43:40.773,2,1.76,,512000000
2026-05-30 17:43:40.773,3,2.02,,512000000
2026-05-30 17:43:40.722,2,1.83,,512000000
2026-05-30 17:43:40.691,2,1.89,,512000000
2026-05-30 17:43:40.678,2,1.93,,512000000
2026-05-30 17:43:40.617,2,1.71,,512000000
2026-05-30 17:43:40.569,2,1.78,,512000000
2026-05-30 17:43:40.565,2,1.74,,512000000
2026-05-30 17:43:40.516,2,1.74,,512000000
2026-05-30 17:43:40.471,2,1.8,,512000000
2026-05-30 17:43:40.412,2,1.83,,512000000
2026-05-30 17:43:40.395,2,1.59,,512000000
2026-05-30 17:43:40.392,3,2.81,,512000000
2026-05-30 17:43:40.376,3,2.58,,512000000
2026-05-30 17:43:40.351,6,5,,512000000
2026-05-30 17:43:40.337,2,1.84,,512000000
2026-05-30 17:43:40.328,4,3.62,,512000000
2026-05-30 17:43:40.327,2,1.85,,512000000
2026-05-30 17:43:40.280,2,1.78,,512000000
2026-05-30 17:43:40.276,2,2,,512000000
2026-05-30 17:43:40.214,2,1.95,,512000000
2026-05-30 17:43:40.204,2,1.86,,512000000
2026-05-30 17:43:40.115,2,1.92,,512000000
2026-05-30 17:43:40.038,2,1.88,,512000000
2026-05-30 17:43:39.918,2,1.82,,512000000
2026-05-30 17:43:39.897,2,1.89,,512000000
2026-05-30 17:43:39.894,2,1.91,,512000000
2026-05-30 17:43:39.864,2,1.79,,512000000
2026-05-30 17:43:39.862,2,1.75,,512000000
2026-05-30 17:43:39.792,2,1.92,,512000000
2026-05-30 17:43:39.753,2,1.77,,512000000
2026-05-30 17:43:39.745,2,1.77,,512000000
2026-05-30 17:43:39.738,2,1.97,,512000000
2026-05-30 17:43:39.656,2,1.72,,512000000
2026-05-30 17:43:39.634,2,1.94,,512000000
2026-05-30 17:43:39.633,2,1.99,,512000000
2026-05-30 17:43:39.618,3,2.06,,512000000
2026-05-30 17:43:39.563,2,1.83,,512000000
2026-05-30 17:43:39.544,2,1.78,,512000000
2026-05-30 17:43:39.471,9,8.64,,512000000
2026-05-30 17:43:39.455,2,1.8,,512000000
2026-05-30 17:43:39.431,3,2.52,,512000000
2026-05-30 17:43:39.421,2,1.84,,512000000
2026-05-30 17:43:39.373,3,2.06,,512000000
2026-05-30 17:43:39.354,3,2.85,,512000000
2026-05-30 17:43:39.348,2,1.85,,512000000
2026-05-30 17:43:39.293,2,1.73,,512000000
2026-05-30 17:43:39.230,2,1.75,,512000000
2026-05-30 17:43:39.180,2,1.65,,512000000
2026-05-30 17:43:39.146,2,1.96,,512000000
2026-05-30 17:43:39.129,6,5.79,,512000000
2026-05-30 17:43:39.099,2,1.72,,512000000
2026-05-30 17:43:39.084,2,1.79,,512000000
2026-05-30 17:43:39.070,4,3.64,,512000000
2026-05-30 17:43:39.058,2,1.72,,512000000
2026-05-30 17:43:39.038,2,1.88,,512000000
2026-05-30 17:43:38.971,2,1.98,,512000000
2026-05-30 17:43:38.923,2,1.82,,512000000
2026-05-30 17:43:38.886,2,1.78,,512000000
2026-05-30 17:43:38.880,2,1.84,,512000000
2026-05-30 17:43:38.851,8,7.58,,512000000
2026-05-30 17:43:38.837,2,1.77,,512000000
2026-05-30 17:43:38.810,2,1.92,,512000000
2026-05-30 17:43:38.788,3,2.08,,512000000
2026-05-30 17:43:38.762,2,2,,512000000
2026-05-30 17:43:38.724,3,2.12,,512000000
2026-05-30 17:43:38.721,2,1.76,,512000000
2026-05-30 17:43:38.704,2,1.98,,512000000
2026-05-30 17:43:38.679,2,1.74,,512000000
2026-05-30 17:43:38.663,5,4.42,,512000000
2026-05-30 17:43:38.640,3,2.13,,512000000
2026-05-30 17:43:38.449,2,1.82,,512000000
2026-05-30 17:43:38.383,2,1.7,,512000000
2026-05-30 17:43:38.340,3,2.1,,512000000
2026-05-30 17:43:38.332,2,1.88,,512000000
2026-05-30 17:43:38.312,2,1.78,,512000000
2026-05-30 17:43:38.236,2,1.74,,512000000
2026-05-30 17:43:38.204,2,1.91,,512000000
2026-05-30 17:43:38.176,2,1.8,,512000000
2026-05-30 17:43:38.137,2,1.82,,512000000
2026-05-30 17:43:38.122,3,2.1,,512000000
2026-05-30 17:43:38.021,3,2.54,,512000000
2026-05-30 17:43:38.014,2,1.98,,512000000
2026-05-30 17:43:37.974,2,1.69,,512000000
2026-05-30 17:43:37.963,2,1.98,,512000000
2026-05-30 17:43:37.955,2,1.76,,512000000
2026-05-30 17:43:37.930,2,1.85,,512000000
2026-05-30 17:43:37.896,2,1.89,,512000000
2026-05-30 17:43:37.838,2,1.77,,512000000
2026-05-30 17:43:37.827,2,1.93,,512000000
2026-05-30 17:43:37.823,2,1.87,,512000000
2026-05-30 17:43:37.818,2,1.75,,512000000
2026-05-30 17:43:37.800,2,1.94,,512000000
2026-05-30 17:43:37.795,2,1.82,,512000000
2026-05-30 17:43:37.780,2,1.89,,512000000
2026-05-30 17:43:37.710,2,1.76,,512000000
2026-05-30 17:43:37.690,3,2.12,,512000000
2026-05-30 17:43:37.666,3,2.04,,512000000
2026-05-30 17:43:37.663,2,1.83,,512000000
2026-05-30 17:43:37.663,19,18.99,,512000000
2026-05-30 17:43:37.643,2,1.76,,512000000
2026-05-30 17:43:37.551,2,1.88,,512000000
2026-05-30 17:43:37.545,7,6.41,,512000000
2026-05-30 17:43:37.535,3,2.27,,512000000
2026-05-30 17:43:37.522,2,1.98,,512000000
2026-05-30 17:43:37.491,3,2.06,,512000000
2026-05-30 17:43:37.362,18,17.66,,512000000
2026-05-30 17:43:37.348,2,1.77,,512000000
2026-05-30 17:43:37.161,7,6.56,,512000000
2026-05-30 17:43:37.159,2,1.96,,512000000
2026-05-30 17:43:37.143,2,1.88,,512000000
2026-05-30 17:43:37.132,2,1.93,,512000000
2026-05-30 17:43:37.073,3,2.01,,512000000
2026-05-30 17:43:37.069,6,5.5,,512000000
2026-05-30 17:43:37.053,2,1.73,,512000000
2026-05-30 17:43:36.942,9,8.95,,512000000
2026-05-30 17:43:36.926,2,1.75,,512000000
2026-05-30 17:43:36.925,2,1.84,,512000000
2026-05-30 17:43:36.912,3,2.01,,512000000
2026-05-30 17:43:36.883,22,21.64,,512000000
2026-05-30 17:43:36.808,3,2.32,,512000000
2026-05-30 17:43:36.802,2,1.79,,512000000
2026-05-30 17:43:36.790,2,1.86,,512000000
2026-05-30 17:43:36.728,2,1.85,,512000000
2026-05-30 17:43:36.708,2,1.76,,512000000
2026-05-30 17:43:36.689,2,1.64,,512000000
2026-05-30 17:43:36.687,3,2.17,,512000000
2026-05-30 17:43:36.672,2,1.76,,512000000
2026-05-30 17:43:36.629,5,4.94,,512000000
2026-05-30 17:43:36.569,2,1.9,,512000000
2026-05-30 17:43:36.538,5,4.04,,512000000
2026-05-30 17:43:36.473,7,6.22,,512000000
2026-05-30 17:43:36.450,7,6.2,,512000000
2026-05-30 17:43:36.437,2,1.78,,512000000
2026-05-30 17:43:36.422,2,1.79,,512000000
2026-05-30 17:43:36.409,2,1.75,,512000000
2026-05-30 17:43:36.325,2,1.8,,512000000
2026-05-30 17:43:36.243,2,1.83,,512000000
2026-05-30 17:43:36.223,2,1.76,,512000000
2026-05-30 17:43:36.222,7,6.21,,512000000
2026-05-30 17:43:36.209,3,2.04,,512000000
2026-05-30 17:43:36.203,2,1.73,,512000000
2026-05-30 17:43:36.157,2,1.72,,512000000
2026-05-30 17:43:36.131,2,1.88,,512000000
2026-05-30 17:43:36.044,2,1.78,,512000000
2026-05-30 17:43:36.011,2,1.96,,512000000
2026-05-30 17:43:35.987,2,1.82,,512000000
2026-05-30 17:43:35.982,3,2.2,,512000000
2026-05-30 17:43:35.927,2,1.86,,512000000
2026-05-30 17:43:35.905,2,1.87,,512000000
2026-05-30 17:43:35.889,2,1.95,,512000000
2026-05-30 17:43:35.880,2,1.81,,512000000
2026-05-30 17:43:35.876,2,1.74,,512000000
2026-05-30 17:43:35.792,2,1.75,,512000000
2026-05-30 17:43:35.782,4,3.96,,512000000
2026-05-30 17:43:35.764,2,1.82,,512000000
2026-05-30 17:43:35.757,2,1.77,,512000000
2026-05-30 17:43:35.686,2,1.69,,512000000
2026-05-30 17:43:35.648,2,1.87,,512000000
2026-05-30 17:43:35.599,2,1.78,,512000000
2026-05-30 17:43:35.533,3,2.02,,512000000
2026-05-30 17:43:35.532,2,1.74,,512000000
2026-05-30 17:43:35.525,2,1.93,,512000000
2026-05-30 17:43:35.396,2,1.83,,512000000
2026-05-30 17:43:35.388,2,1.76,,512000000
2026-05-30 17:43:35.218,2,1.81,,512000000
2026-05-30 17:43:35.184,2,1.89,,512000000
2026-05-30 17:43:35.156,2,1.88,,512000000
2026-05-30 17:43:35.147,2,1.76,,512000000
2026-05-30 17:43:35.109,3,2.26,,512000000
2026-05-30 17:43:35.104,2,1.79,,512000000
2026-05-30 17:43:35.093,2,1.76,,512000000
2026-05-30 17:43:35.062,2,1.85,,512000000
2026-05-30 17:43:35.042,9,8.59,,512000000
2026-05-30 17:43:35.027,2,1.8,,512000000
2026-05-30 17:43:34.948,2,1.93,,512000000
2026-05-30 17:43:34.911,2,1.79,,512000000
2026-05-30 17:43:34.851,2,1.83,,512000000
2026-05-30 17:43:34.822,2,1.97,,512000000
2026-05-30 17:43:34.806,2,1.91,,512000000
2026-05-30 17:43:34.764,2,1.63,,512000000
2026-05-30 17:43:34.672,3,2.12,,512000000
2026-05-30 17:43:34.664,2,1.82,,512000000
2026-05-30 17:43:34.660,2,1.74,,512000000
2026-05-30 17:43:34.638,2,1.94,,512000000
2026-05-30 17:43:34.610,2,1.89,,512000000
2026-05-30 17:43:34.581,2,1.77,,512000000
2026-05-30 17:43:34.575,2,1.83,,512000000
2026-05-30 17:43:34.513,2,1.79,,512000000
2026-05-30 17:43:34.437,2,1.8,,512000000
2026-05-30 17:43:34.420,2,1.98,,512000000
2026-05-30 17:43:34.389,2,1.9,,512000000
2026-05-30 17:43:34.368,2,1.74,,512000000
2026-05-30 17:43:34.362,2,1.7,,512000000
2026-05-30 17:43:34.344,2,1.78,,512000000
2026-05-30 17:43:34.329,2,1.79,,512000000
2026-05-30 17:43:34.283,2,1.92,,512000000
2026-05-30 17:43:34.255,2,1.76,,512000000
2026-05-30 17:43:34.208,2,1.77,,512000000
2026-05-30 17:43:34.184,2,1.8,,512000000
2026-05-30 17:43:34.165,3,2.02,,512000000
2026-05-30 17:43:34.130,10,9.12,,512000000
2026-05-30 17:43:34.115,2,1.87,,512000000
2026-05-30 17:43:34.055,2,1.74,,512000000
2026-05-30 17:43:34.042,2,1.75,,512000000
2026-05-30 17:43:33.977,2,1.95,,512000000
2026-05-30 17:43:33.968,2,1.77,,512000000
2026-05-30 17:43:33.933,2,1.77,,512000000
2026-05-30 17:43:33.830,6,5.02,,512000000
2026-05-30 17:43:33.819,2,1.98,,512000000
2026-05-30 17:43:33.819,3,2.22,,512000000
2026-05-30 17:43:33.752,2,1.89,,512000000
2026-05-30 17:43:33.727,2,1.78,,512000000
2026-05-30 17:43:33.673,2,1.85,,512000000
2026-05-30 17:43:33.671,2,1.78,,512000000
2026-05-30 17:43:33.611,7,6.19,,512000000
2026-05-30 17:43:33.597,2,1.79,,512000000
2026-05-30 17:43:33.589,2,1.77,,512000000
2026-05-30 17:43:33.570,3,3,,512000000
2026-05-30 17:43:33.556,2,1.78,,512000000
2026-05-30 17:43:33.552,2,1.73,,512000000
2026-05-30 17:43:33.546,2,1.88,,512000000
2026-05-30 17:43:33.493,2,1.8,,512000000
2026-05-30 17:43:33.491,2,1.73,,512000000
2026-05-30 17:43:33.458,2,1.67,,512000000
2026-05-30 17:43:33.426,3,2.16,,512000000
2026-05-30 17:43:33.424,2,1.89,,512000000
2026-05-30 17:43:33.390,2,1.77,,512000000
2026-05-30 17:43:33.362,2,1.83,,512000000
2026-05-30 17:43:33.211,2,1.69,,512000000
2026-05-30 17:43:33.146,2,1.97,,512000000
2026-05-30 17:43:33.105,2,1.78,,512000000
2026-05-30 17:43:33.055,3,2.07,,512000000
2026-05-30 17:43:32.934,2,1.7,,512000000
2026-05-30 17:43:32.792,2,1.85,,512000000
2026-05-30 17:43:32.767,2,1.81,,512000000
2026-05-30 17:43:32.733,2,1.79,,512000000
2026-05-30 17:43:32.729,2,1.7,,512000000
2026-05-30 17:43:32.727,2,1.86,,512000000
2026-05-30 17:43:32.722,2,1.92,,512000000
2026-05-30 17:43:32.645,2,1.93,,512000000
2026-05-30 17:43:32.623,3,2.14,,512000000
2026-05-30 17:43:32.622,16,15.36,,512000000
2026-05-30 17:43:32.581,3,2.08,,512000000
2026-05-30 17:43:32.561,5,4.5,,512000000
2026-05-30 17:43:32.489,5,4.5,,512000000
2026-05-30 17:43:32.452,2,1.81,,512000000
2026-05-30 17:43:32.424,2,1.78,,512000000
2026-05-30 17:43:32.394,2,1.91,,512000000
2026-05-30 17:43:32.381,6,5.96,,512000000
2026-05-30 17:43:32.310,2,1.95,,512000000
2026-05-30 17:43:32.273,2,1.8,,512000000
2026-05-30 17:43:32.271,8,7.19,,512000000
2026-05-30 17:43:32.261,2,1.84,,512000000
2026-05-30 17:43:32.259,2,1.61,,512000000
2026-05-30 17:43:32.256,3,2.08,,512000000
2026-05-30 17:43:32.250,3,2.24,,512000000
2026-05-30 17:43:32.240,3,2.06,,512000000
2026-05-30 17:43:32.214,2,1.69,,512000000
2026-05-30 17:43:32.172,2,1.79,,512000000
2026-05-30 17:43:32.158,2,1.83,,512000000
2026-05-30 17:43:32.081,2,1.78,,512000000
2026-05-30 17:43:32.015,2,1.69,,512000000
2026-05-30 17:43:32.000,2,1.89,,512000000
2026-05-30 17:43:31.979,3,2.25,,512000000
2026-05-30 17:43:31.973,3,2.06,,512000000
2026-05-30 17:43:31.889,2,1.81,,512000000
2026-05-30 17:43:31.829,2,2,,512000000
2026-05-30 17:43:31.796,2,1.77,,512000000
2026-05-30 17:43:31.757,2,1.78,,512000000
2026-05-30 17:43:31.751,3,2.02,,512000000
2026-05-30 17:43:31.741,2,1.76,,512000000
2026-05-30 17:43:31.722,2,1.72,,512000000
2026-05-30 17:43:31.721,3,2.69,,512000000
2026-05-30 17:43:31.662,2,1.86,,512000000
2026-05-30 17:43:31.634,2,1.86,,512000000
2026-05-30 17:43:31.600,2,1.67,,512000000
2026-05-30 17:43:31.497,2,1.67,,512000000
2026-05-30 17:43:31.475,3,2.27,,512000000
2026-05-30 17:43:31.474,2,1.75,,512000000
2026-05-30 17:43:31.452,2,1.72,,512000000
2026-05-30 17:43:31.385,3,2.05,,512000000
2026-05-30 17:43:31.340,2,1.97,,512000000
2026-05-30 17:43:31.247,3,2.2,,512000000
2026-05-30 17:43:31.157,2,1.76,,512000000
2026-05-30 17:43:31.126,2,1.9,,512000000
2026-05-30 17:43:31.062,2,1.99,,512000000
2026-05-30 17:43:31.043,2,1.71,,512000000
2026-05-30 17:43:30.976,2,1.73,,512000000
2026-05-30 17:43:30.974,2,1.73,,512000000
2026-05-30 17:43:30.972,3,2.02,,512000000
2026-05-30 17:43:30.932,3,2.31,,512000000
2026-05-30 17:43:30.932,2,1.95,,512000000
2026-05-30 17:43:30.931,3,2.25,,512000000
2026-05-30 17:43:30.929,2,1.79,,512000000
2026-05-30 17:43:30.893,3,2.01,,512000000
2026-05-30 17:43:30.795,2,1.77,,512000000
2026-05-30 17:43:30.785,2,1.99,,512000000
2026-05-30 17:43:30.782,3,2.88,,512000000
2026-05-30 17:43:30.773,2,1.88,,512000000
2026-05-30 17:43:30.754,3,2.11,,512000000
2026-05-30 17:43:30.722,2,1.78,,512000000
2026-05-30 17:43:30.661,3,2.4,,512000000
2026-05-30 17:43:30.639,2,1.7,,512000000
2026-05-30 17:43:30.621,5,4.53,,512000000
2026-05-30 17:43:30.605,2,1.95,,512000000
2026-05-30 17:43:30.561,13,12.23,,512000000
2026-05-30 17:43:30.542,2,1.89,,512000000
2026-05-30 17:43:30.521,3,2.14,,512000000
2026-05-30 17:43:30.517,2,1.94,,512000000
2026-05-30 17:43:30.431,2,1.74,,512000000
2026-05-30 17:43:30.420,2,1.84,,512000000
2026-05-30 17:43:30.388,2,1.93,,512000000
2026-05-30 17:43:30.308,2,1.84,,512000000
2026-05-30 17:43:30.254,2,1.81,,512000000
2026-05-30 17:43:30.220,2,1.68,,512000000
2026-05-30 17:43:30.192,2,1.86,,512000000
2026-05-30 17:43:30.186,2,1.86,,512000000
2026-05-30 17:43:30.152,2,1.73,,512000000
2026-05-30 17:43:30.095,2,1.81,,512000000
2026-05-30 17:43:30.090,10,9.19,,512000000
2026-05-30 17:43:30.079,3,2.18,,512000000
2026-05-30 17:43:30.043,3,2.3,,512000000
2026-05-30 17:43:30.041,2,1.83,,512000000
2026-05-30 17:43:30.034,2,1.93,,512000000
2026-05-30 17:43:29.931,2,1.6,,512000000
2026-05-30 17:43:29.924,2,1.74,,512000000
2026-05-30 17:43:29.872,2,1.8,,512000000
2026-05-30 17:43:29.852,3,2.01,,512000000
2026-05-30 17:43:29.832,3,2.19,,512000000
2026-05-30 17:43:29.636,2,1.88,,512000000
2026-05-30 17:43:29.613,2,1.94,,512000000
2026-05-30 17:43:29.610,5,4.78,,512000000
2026-05-30 17:43:29.593,2,1.78,,512000000
2026-05-30 17:43:29.591,6,5.07,,512000000
2026-05-30 17:43:29.579,2,1.92,,512000000
2026-05-30 17:43:29.570,6,5.04,,512000000
2026-05-30 17:43:29.551,3,2.84,,512000000
2026-05-30 17:43:29.545,3,2.89,,512000000
2026-05-30 17:43:29.513,2,1.75,,512000000
2026-05-30 17:43:29.494,2,1.73,,512000000
2026-05-30 17:43:29.435,2,1.76,,512000000
2026-05-30 17:43:29.415,2,1.8,,512000000
2026-05-30 17:43:29.376,2,1.8,,512000000
2026-05-30 17:43:29.375,2,1.75,,512000000
2026-05-30 17:43:29.349,2,1.96,,512000000
2026-05-30 17:43:29.349,9,8.08,,512000000
2026-05-30 17:43:29.326,3,2.15,,512000000
2026-05-30 17:43:29.320,2,1.81,,512000000
2026-05-30 17:43:29.277,2,1.88,,512000000
2026-05-30 17:43:29.255,2,1.73,,512000000
2026-05-30 17:43:29.209,3,2.25,,512000000
2026-05-30 17:43:29.179,2,1.72,,512000000
2026-05-30 17:43:29.167,3,2.01,,512000000
2026-05-30 17:43:29.107,2,1.82,,512000000
2026-05-30 17:43:29.035,2,1.71,,512000000
2026-05-30 17:43:29.011,6,5.2,,512000000
2026-05-30 17:43:28.998,2,1.79,,512000000
2026-05-30 17:43:28.933,2,1.82,,512000000
2026-05-30 17:43:28.914,2,1.76,,512000000
2026-05-30 17:43:28.739,2,1.97,,512000000
2026-05-30 17:43:28.720,3,2.07,,512000000
2026-05-30 17:43:28.718,2,1.75,,512000000
2026-05-30 17:43:28.617,2,1.86,,512000000
2026-05-30 17:43:28.590,2,1.89,,512000000
2026-05-30 17:43:28.548,2,1.76,,512000000
2026-05-30 17:43:28.517,2,1.73,,512000000
2026-05-30 17:43:28.464,2,1.76,,512000000
2026-05-30 17:43:28.380,2,1.73,,512000000
2026-05-30 17:43:28.368,2,1.81,,512000000
2026-05-30 17:43:28.302,2,1.97,,512000000
2026-05-30 17:43:28.295,2,1.84,,512000000
2026-05-30 17:43:28.276,2,1.81,,512000000
2026-05-30 17:43:28.253,2,1.84,,512000000
2026-05-30 17:43:28.207,2,1.72,,512000000
2026-05-30 17:43:28.191,2,1.88,,512000000
2026-05-30 17:43:28.191,2,1.79,,512000000
2026-05-30 17:43:28.140,2,1.92,,512000000
2026-05-30 17:43:28.074,2,1.59,,512000000
2026-05-30 17:43:28.064,2,1.86,,512000000
2026-05-30 17:43:28.059,2,1.86,,512000000
2026-05-30 17:43:28.044,2,1.77,,512000000
2026-05-30 17:43:28.013,2,1.85,,512000000
2026-05-30 17:43:27.968,2,1.73,,512000000
2026-05-30 17:43:27.932,9,8.84,,512000000
2026-05-30 17:43:27.927,2,1.61,,512000000
2026-05-30 17:43:27.915,2,1.88,,512000000
2026-05-30 17:43:27.900,2,1.78,,512000000
2026-05-30 17:43:27.893,2,1.73,,512000000
2026-05-30 17:43:27.874,2,1.79,,512000000
2026-05-30 17:43:27.869,2,1.73,,512000000
2026-05-30 17:43:27.817,2,1.84,,512000000
2026-05-30 17:43:27.811,6,5.16,,512000000
2026-05-30 17:43:27.800,2,1.9,,512000000
2026-05-30 17:43:27.772,2,1.83,,512000000
2026-05-30 17:43:27.767,2,1.75,,512000000
2026-05-30 17:43:27.733,2,1.83,,512000000
2026-05-30 17:43:27.563,3,2.18,,512000000
2026-05-30 17:43:27.561,2,1.74,,512000000
2026-05-30 17:43:27.542,2,1.75,,512000000
2026-05-30 17:43:27.511,2,1.77,,512000000
2026-05-30 17:43:27.494,2,1.82,,512000000
2026-05-30 17:43:27.435,2,1.77,,512000000
2026-05-30 17:43:27.382,2,1.7,,512000000
2026-05-30 17:43:27.360,2,1.83,,512000000
2026-05-30 17:43:27.263,2,1.76,,512000000
2026-05-30 17:43:27.219,2,1.97,,512000000
2026-05-30 17:43:27.219,2,1.89,,512000000
2026-05-30 17:43:27.171,8,7.29,,512000000
2026-05-30 17:43:27.153,2,1.69,,512000000
2026-05-30 17:43:27.146,3,2.02,,512000000
2026-05-30 17:43:27.139,2,1.74,,512000000
2026-05-30 17:43:27.115,2,1.81,,512000000
2026-05-30 17:43:27.092,5,4.04,,512000000
2026-05-30 17:43:27.071,5,4.11,,512000000
2026-05-30 17:43:27.054,2,1.76,,512000000
2026-05-30 17:43:26.976,2,1.81,,512000000
2026-05-30 17:43:26.964,2,1.76,,512000000
2026-05-30 17:43:26.944,2,1.91,,512000000
2026-05-30 17:43:26.931,2,1.79,,512000000
2026-05-30 17:43:26.865,2,1.86,,512000000
2026-05-30 17:43:26.774,3,2.13,,512000000
2026-05-30 17:43:26.773,2,1.78,,512000000
2026-05-30 17:43:26.736,2,1.85,,512000000
2026-05-30 17:43:26.693,2,1.85,,512000000
2026-05-30 17:43:26.652,2,1.71,,512000000
2026-05-30 17:43:26.602,2,1.75,,512000000
2026-05-30 17:43:26.510,5,4.13,,512000000
2026-05-30 17:43:26.495,2,1.89,,512000000
2026-05-30 17:43:26.462,2,1.78,,512000000
2026-05-30 17:43:26.440,2,1.66,,512000000
2026-05-30 17:43:26.417,2,1.69,,512000000
2026-05-30 17:43:26.399,2,1.77,,512000000
2026-05-30 17:43:26.288,2,1.83,,512000000
2026-05-30 17:43:26.257,2,1.77,,512000000
2026-05-30 17:43:26.240,2,1.79,,512000000
2026-05-30 17:43:26.239,2,1.89,,512000000
2026-05-30 17:43:26.221,2,1.81,,512000000
2026-05-30 17:43:26.216,2,1.78,,512000000
2026-05-30 17:43:26.189,3,2.03,,512000000
2026-05-30 17:43:26.182,2,1.72,,512000000
2026-05-30 17:43:26.170,2,1.78,,512000000
2026-05-30 17:43:26.043,2,1.73,,512000000
2026-05-30 17:43:26.023,2,1.89,,512000000
2026-05-30 17:43:25.999,2,1.81,,512000000
2026-05-30 17:43:25.957,2,1.91,,512000000
2026-05-30 17:43:25.892,2,1.75,,512000000
2026-05-30 17:43:25.851,2,1.78,,512000000
2026-05-30 17:43:25.822,3,2.17,,512000000
2026-05-30 17:43:25.822,2,1.78,,512000000
2026-05-30 17:43:25.819,2,1.74,,512000000
2026-05-30 17:43:25.697,2,1.8,,512000000
2026-05-30 17:43:25.617,2,1.82,,512000000
2026-05-30 17:43:25.580,2,1.8,,512000000
2026-05-30 17:43:25.560,16,15.14,,512000000
2026-05-30 17:43:25.530,2,1.83,,512000000
2026-05-30 17:43:25.501,4,4,,512000000
2026-05-30 17:43:25.482,10,9.61,,512000000
2026-05-30 17:43:25.475,2,1.68,,512000000
2026-05-30 17:43:25.462,2,1.88,,512000000
2026-05-30 17:43:25.448,2,1.99,,512000000
2026-05-30 17:43:25.425,2,1.78,,512000000
2026-05-30 17:43:25.352,2,1.91,,512000000
2026-05-30 17:43:25.320,18,17.57,,512000000
2026-05-30 17:43:25.308,2,1.99,,512000000
2026-05-30 17:43:25.288,3,2.1,,512000000
2026-05-30 17:43:25.271,3,2.07,,512000000
2026-05-30 17:43:25.260,9,8.54,,512000000
2026-05-30 17:43:25.136,2,1.87,,512000000
2026-05-30 17:43:25.130,3,2.05,,512000000
2026-05-30 17:43:25.089,3,2.09,,512000000
2026-05-30 17:43:25.025,3,2.65,,512000000
2026-05-30 17:43:24.986,2,1.72,,512000000
2026-05-30 17:43:24.959,3,2.09,,512000000
2026-05-30 17:43:24.958,3,2.14,,512000000
2026-05-30 17:43:24.948,2,1.94,,512000000
2026-05-30 17:43:24.837,2,1.92,,512000000
2026-05-30 17:43:24.824,2,1.84,,512000000
2026-05-30 17:43:24.783,5,4.01,,512000000
2026-05-30 17:43:24.778,2,1.75,,512000000
2026-05-30 17:43:24.772,2,1.77,,512000000
2026-05-30 17:43:24.758,3,2.04,,512000000
2026-05-30 17:43:24.753,2,1.75,,512000000
2026-05-30 17:43:24.745,2,1.89,,512000000
2026-05-30 17:43:24.721,2,1.92,,512000000
2026-05-30 17:43:24.662,2,1.77,,512000000
2026-05-30 17:43:24.551,9,8.43,,512000000
2026-05-30 17:43:24.533,2,1.8,,512000000
2026-05-30 17:43:24.502,3,2.23,,512000000
2026-05-30 17:43:24.496,2,1.87,,512000000
2026-05-30 17:43:24.413,2,1.89,,512000000
2026-05-30 17:43:24.330,2,1.87,,512000000
2026-05-30 17:43:24.327,2,1.82,,512000000
2026-05-30 17:43:24.282,2,1.95,,512000000
2026-05-30 17:43:24.222,2,1.81,,512000000
2026-05-30 17:43:24.172,12,11.41,,512000000
2026-05-30 17:43:24.171,3,2.19,,512000000
2026-05-30 17:43:24.165,3,2.06,,512000000
2026-05-30 17:43:24.152,7,6.46,,512000000
2026-05-30 17:43:24.135,6,5.43,,512000000
2026-05-30 17:43:24.107,5,4.17,,512000000
2026-05-30 17:43:24.030,6,5.17,,512000000
2026-05-30 17:43:23.979,5,4.48,,512000000
2026-05-30 17:43:23.950,2,1.9,,512000000
2026-05-30 17:43:23.944,2,1.83,,512000000
2026-05-30 17:43:23.932,11,10.94,,512000000
2026-05-30 17:43:23.913,2,1.86,,512000000
2026-05-30 17:43:23.875,2,1.87,,512000000
2026-05-30 17:43:23.849,2,1.74,,512000000
2026-05-30 17:43:23.847,2,1.88,,512000000
2026-05-30 17:43:23.821,4,3.18,,512000000
2026-05-30 17:43:23.804,2,1.84,,512000000
2026-05-30 17:43:23.780,5,4.67,,512000000
2026-05-30 17:43:23.769,2,1.86,,512000000
2026-05-30 17:43:23.748,2,1.93,,512000000
2026-05-30 17:43:23.701,3,2.06,,512000000
2026-05-30 17:43:23.701,2,1.79,,512000000
2026-05-30 17:43:23.681,2,1.81,,512000000
2026-05-30 17:43:23.627,3,2.2,,512000000
2026-05-30 17:43:23.586,2,1.67,,512000000
2026-05-30 17:43:23.509,3,2.07,,512000000
2026-05-30 17:43:23.504,2,1.92,,512000000
2026-05-30 17:43:23.431,2,1.96,,512000000
2026-05-30 17:43:23.405,2,1.95,,512000000
2026-05-30 17:43:23.405,2,1.81,,512000000
2026-05-30 17:43:23.383,2,1.8,,512000000
2026-05-30 17:43:23.321,2,1.78,,512000000
2026-05-30 17:43:23.304,2,1.94,,512000000
2026-05-30 17:43:23.304,2,1.85,,512000000
2026-05-30 17:43:23.274,3,2.07,,512000000
2026-05-30 17:43:23.236,2,1.71,,512000000
2026-05-30 17:43:23.235,2,1.95,,512000000
2026-05-30 17:43:23.074,2,1.95,,512000000
2026-05-30 17:43:23.056,2,1.89,,512000000
2026-05-30 17:43:22.969,2,1.92,,512000000
2026-05-30 17:43:22.939,5,4.53,,512000000
2026-05-30 17:43:22.907,2,1.84,,512000000
2026-05-30 17:43:22.890,2,1.72,,512000000
2026-05-30 17:43:22.878,2,1.84,,512000000
2026-05-30 17:43:22.852,2,1.86,,512000000
2026-05-30 17:43:22.796,2,1.89,,512000000
2026-05-30 17:43:22.765,3,2.07,,512000000
2026-05-30 17:43:22.743,2,1.93,,512000000
2026-05-30 17:43:22.728,2,1.83,,512000000
2026-05-30 17:43:22.618,2,1.91,,512000000
2026-05-30 17:43:22.519,2,1.94,,512000000
2026-05-30 17:43:22.400,13,12.4,,512000000
2026-05-30 17:43:22.393,2,1.74,,512000000
2026-05-30 17:43:22.384,2,1.95,,512000000
2026-05-30 17:43:22.381,2,1.83,,512000000
2026-05-30 17:43:22.361,11,10.61,,512000000
2026-05-30 17:43:22.342,2,1.92,,512000000
2026-05-30 17:43:22.320,3,2.03,,512000000
2026-05-30 17:43:22.303,2,1.9,,512000000
2026-05-30 17:43:22.268,3,2.05,,512000000
2026-05-30 17:43:22.238,2,1.85,,512000000
2026-05-30 17:43:22.215,2,1.88,,512000000
2026-05-30 17:43:22.179,2,1.75,,512000000
2026-05-30 17:43:22.157,2,1.8,,512000000
2026-05-30 17:43:22.134,2,1.73,,512000000
2026-05-30 17:43:22.130,2,1.9,,512000000
2026-05-30 17:43:22.064,2,1.92,,512000000
2026-05-30 17:43:22.062,2,1.92,,512000000
2026-05-30 17:43:22.050,2,1.81,,512000000
2026-05-30 17:43:22.008,2,1.77,,512000000
2026-05-30 17:43:21.969,2,1.78,,512000000
2026-05-30 17:43:21.933,3,2.02,,512000000
2026-05-30 17:43:21.911,2,1.76,,512000000
2026-05-30 17:43:21.907,2,1.75,,512000000
2026-05-30 17:43:21.863,2,1.77,,512000000
2026-05-30 17:43:21.831,2,1.78,,512000000
2026-05-30 17:43:21.820,2,1.71,,512000000
2026-05-30 17:43:21.806,2,1.71,,512000000
2026-05-30 17:43:21.776,2,1.93,,512000000
2026-05-30 17:43:21.772,3,2.18,,512000000
2026-05-30 17:43:21.722,3,2.22,,512000000
2026-05-30 17:43:21.720,2,1.67,,512000000
2026-05-30 17:43:21.701,2,1.71,,512000000
2026-05-30 17:43:21.632,2,1.98,,512000000
2026-05-30 17:43:21.605,2,1.7,,512000000
2026-05-30 17:43:21.537,3,2.5,,512000000
2026-05-30 17:43:21.455,2,1.82,,512000000
2026-05-30 17:43:21.371,2,1.9,,512000000
2026-05-30 17:43:21.354,2,1.8,,512000000
2026-05-30 17:43:21.332,2,1.86,,512000000
2026-05-30 17:43:21.327,2,1.8,,512000000
2026-05-30 17:43:21.307,3,2.08,,512000000
2026-05-30 17:43:21.264,2,1.83,,512000000
2026-05-30 17:43:21.258,2,1.74,,512000000
2026-05-30 17:43:21.173,3,2.26,,512000000
2026-05-30 17:43:21.166,2,1.84,,512000000
2026-05-30 17:43:21.148,2,1.8,,512000000
2026-05-30 17:43:21.085,2,1.84,,512000000
2026-05-30 17:43:21.056,2,1.88,,512000000
2026-05-30 17:43:21.020,2,1.79,,512000000
2026-05-30 17:43:20.990,2,1.85,,512000000
2026-05-30 17:43:20.964,3,2.03,,512000000
2026-05-30 17:43:20.936,2,1.68,,512000000
2026-05-30 17:43:20.862,3,2.05,,512000000
2026-05-30 17:43:20.849,3,2.08,,512000000
2026-05-30 17:43:20.827,3,2.1,,512000000
2026-05-30 17:43:20.645,3,2.36,,512000000
2026-05-30 17:43:20.625,2,1.72,,512000000
2026-05-30 17:43:20.608,2,1.73,,512000000
2026-05-30 17:43:20.599,2,1.92,,512000000
2026-05-30 17:43:20.571,2,1.79,,512000000
2026-05-30 17:43:20.505,3,2.03,,512000000
2026-05-30 17:43:20.441,6,5.97,,512000000
2026-05-30 17:43:20.433,2,2,,512000000
2026-05-30 17:43:20.414,2,1.71,,512000000
2026-05-30 17:43:20.411,2,1.73,,512000000
2026-05-30 17:43:20.405,2,1.78,,512000000
2026-05-30 17:43:20.398,3,2,,512000000
2026-05-30 17:43:20.397,2,1.86,,512000000
2026-05-30 17:43:20.371,19,18.32,,512000000
2026-05-30 17:43:20.365,2,1.67,,512000000
2026-05-30 17:43:20.357,2,1.88,,512000000
2026-05-30 17:43:20.330,13,12.02,,512000000
2026-05-30 17:43:20.315,2,2,,512000000
2026-05-30 17:43:20.313,2,1.72,,512000000
2026-05-30 17:43:20.272,2,1.75,,512000000
2026-05-30 17:43:20.271,2,1.91,,512000000
2026-05-30 17:43:20.238,2,1.82,,512000000
2026-05-30 17:43:20.183,3,2.21,,512000000
2026-05-30 17:43:20.175,2,1.81,,512000000
2026-05-30 17:43:20.174,5,4.4,,512000000
2026-05-30 17:43:20.129,5,4.87,,512000000
2026-05-30 17:43:20.011,11,10.63,,512000000
2026-05-30 17:43:19.993,2,1.94,,512000000
2026-05-30 17:43:19.947,2,1.84,,512000000
2026-05-30 17:43:19.906,3,2.18,,512000000
2026-05-30 17:43:19.832,3,2.06,,512000000
2026-05-30 17:43:19.782,2,1.96,,512000000
2026-05-30 17:43:19.781,8,7.21,,512000000
2026-05-30 17:43:19.760,14,13.46,,512000000
2026-05-30 17:43:19.739,2,1.96,,512000000
2026-05-30 17:43:19.736,3,2.04,,512000000
2026-05-30 17:43:19.690,2,1.98,,512000000
2026-05-30 17:43:19.635,2,1.71,,512000000
2026-05-30 17:43:19.606,3,2.07,,512000000
2026-05-30 17:43:19.596,4,3.34,,512000000
2026-05-30 17:43:19.563,2,1.77,,512000000
2026-05-30 17:43:19.474,2,1.84,,512000000
2026-05-30 17:43:19.322,6,5.06,,512000000
2026-05-30 17:43:19.308,2,1.95,,512000000
2026-05-30 17:43:19.262,3,2.27,,512000000
2026-05-30 17:43:19.239,6,5.08,,512000000
2026-05-30 17:43:19.220,2,1.98,,512000000
2026-05-30 17:43:19.215,2,1.88,,512000000
2026-05-30 17:43:19.212,3,2.05,,512000000
2026-05-30 17:43:19.165,3,2.07,,512000000
2026-05-30 17:43:19.123,25,24.87,,512000000
2026-05-30 17:43:19.115,2,1.98,,512000000
2026-05-30 17:43:19.070,2,1.88,,512000000
2026-05-30 17:43:19.068,3,2.19,,512000000
2026-05-30 17:43:19.063,2,1.88,,512000000
2026-05-30 17:43:19.028,2,1.76,,512000000
2026-05-30 17:43:18.945,2,1.9,,512000000
2026-05-30 17:43:18.892,6,5.41,,512000000
2026-05-30 17:43:18.874,2,1.73,,512000000
2026-05-30 17:43:18.813,3,2.02,,512000000
2026-05-30 17:43:18.789,2,1.86,,512000000
2026-05-30 17:43:18.732,2,1.94,,512000000
2026-05-30 17:43:18.669,3,2.17,,512000000
2026-05-30 17:43:18.666,2,1.97,,512000000
2026-05-30 17:43:18.662,12,11.88,,512000000
2026-05-30 17:43:18.584,2,1.94,,512000000
2026-05-30 17:43:18.545,2,1.82,,512000000
2026-05-30 17:43:18.499,2,1.79,,512000000
2026-05-30 17:43:18.481,3,2.68,,512000000
2026-05-30 17:43:18.473,2,1.78,,512000000
2026-05-30 17:43:18.412,2,2,,512000000
2026-05-30 17:43:18.389,3,2.11,,512000000
2026-05-30 17:43:18.359,3,2.39,,512000000
2026-05-30 17:43:18.340,2,1.77,,512000000
2026-05-30 17:43:18.340,2,1.87,,512000000
2026-05-30 17:43:18.317,2,1.81,,512000000
2026-05-30 17:43:18.294,2,2,,512000000
2026-05-30 17:43:18.265,2,1.93,,512000000
2026-05-30 17:43:18.246,3,2.1,,512000000
2026-05-30 17:43:18.245,2,1.81,,512000000
2026-05-30 17:43:18.162,11,10.01,,512000000
2026-05-30 17:43:18.136,2,1.96,,512000000
2026-05-30 17:43:18.096,3,2.62,,512000000
2026-05-30 17:43:18.082,12,11.33,,512000000
2026-05-30 17:43:18.054,3,2.25,,512000000
2026-05-30 17:43:18.051,2,1.76,,512000000
2026-05-30 17:43:18.028,2,1.76,,512000000
2026-05-30 17:43:17.811,2,1.88,,512000000
2026-05-30 17:43:17.762,5,4.43,,512000000
2026-05-30 17:43:17.744,2,1.84,,512000000
2026-05-30 17:43:17.659,2,1.84,,512000000
2026-05-30 17:43:17.654,3,2.22,,512000000
2026-05-30 17:43:17.603,10,9.95,,512000000
2026-05-30 17:43:17.537,2,1.98,,512000000
2026-05-30 17:43:17.510,3,2.13,,512000000
2026-05-30 17:43:17.442,7,6.43,,512000000
2026-05-30 17:43:17.425,2,1.96,,512000000
2026-05-30 17:43:17.380,2,1.99,,512000000
2026-05-30 17:43:17.311,2,1.94,,512000000
2026-05-30 17:43:17.292,3,2.04,,512000000
2026-05-30 17:43:17.271,3,2.03,,512000000
2026-05-30 17:43:17.162,13,12.14,,512000000
2026-05-30 17:43:17.156,2,1.74,,512000000
2026-05-30 17:43:17.126,2,1.94,,512000000
2026-05-30 17:43:17.125,2,1.93,,512000000
2026-05-30 17:43:17.084,2,1.82,,512000000
2026-05-30 17:43:17.081,7,6.57,,512000000
2026-05-30 17:43:17.058,3,2.15,,512000000
2026-05-30 17:43:17.057,2,1.82,,512000000
2026-05-30 17:43:17.012,2,1.74,,512000000
2026-05-30 17:43:16.995,2,1.99,,512000000
2026-05-30 17:43:16.984,2,1.63,,512000000
2026-05-30 17:43:16.969,4,3.34,,512000000
2026-05-30 17:43:16.947,3,2.02,,512000000
2026-05-30 17:43:16.887,32,31.07,,512000000
2026-05-30 17:43:16.858,2,1.85,,512000000
2026-05-30 17:43:16.849,2,1.75,,512000000
2026-05-30 17:43:16.817,2,1.77,,512000000
2026-05-30 17:43:16.816,2,1.94,,512000000
2026-05-30 17:43:16.813,2,1.94,,512000000
2026-05-30 17:43:16.795,3,2.09,,512000000
2026-05-30 17:43:16.783,2,1.84,,512000000
2026-05-30 17:43:16.781,8,7.06,,512000000
2026-05-30 17:43:16.703,5,4.84,,512000000
2026-05-30 17:43:16.703,2,1.8,,512000000
2026-05-30 17:43:16.677,3,2.05,,512000000
2026-05-30 17:43:16.671,11,10.15,,512000000
2026-05-30 17:43:16.634,6,5.78,,512000000
2026-05-30 17:43:16.599,2,1.94,,512000000
2026-05-30 17:43:16.460,2,1.73,,512000000
2026-05-30 17:43:16.444,2,1.76,,512000000
2026-05-30 17:43:16.410,2,1.89,,512000000
2026-05-30 17:43:16.391,2,1.83,,512000000
2026-05-30 17:43:16.314,2,1.74,,512000000
2026-05-30 17:43:16.250,2,1.94,,512000000
2026-05-30 17:43:16.232,2,1.72,,512000000
2026-05-30 17:43:16.220,2,1.72,,512000000
2026-05-30 17:43:16.125,2,1.81,,512000000
2026-05-30 17:43:15.959,2,1.82,,512000000
2026-05-30 17:43:15.939,2,1.69,,512000000
2026-05-30 17:43:15.929,2,1.85,,512000000
2026-05-30 17:43:15.908,2,1.78,,512000000
2026-05-30 17:43:15.818,2,1.65,,512000000
2026-05-30 17:43:15.809,2,1.84,,512000000
2026-05-30 17:43:15.805,2,1.88,,512000000
2026-05-30 17:43:15.794,3,2.93,,512000000
2026-05-30 17:43:15.754,3,2.52,,512000000
2026-05-30 17:43:15.752,2,1.98,,512000000
2026-05-30 17:43:15.706,2,1.83,,512000000
2026-05-30 17:43:15.701,2,1.98,,512000000
2026-05-30 17:43:15.680,2,1.77,,512000000
2026-05-30 17:43:15.641,6,5.89,,512000000
2026-05-30 17:43:15.632,2,1.91,,512000000
2026-05-30 17:43:15.522,8,7.61,,512000000
2026-05-30 17:43:15.503,2,1.99,,512000000
2026-05-30 17:43:15.498,2,1.85,,512000000
2026-05-30 17:43:15.445,2,1.79,,512000000
2026-05-30 17:43:15.364,2,1.83,,512000000
2026-05-30 17:43:15.358,4,3.14,,512000000
2026-05-30 17:43:15.331,48,47.24,,512000000
2026-05-30 17:43:15.291,2,1.89,,512000000
2026-05-30 17:43:15.250,2,1.97,,512000000
2026-05-30 17:43:15.225,2,1.65,,512000000
2026-05-30 17:43:15.173,3,2.25,,512000000
2026-05-30 17:43:15.169,2,1.74,,512000000
2026-05-30 17:43:15.141,2,1.87,,512000000
2026-05-30 17:43:15.075,3,2.02,,512000000
2026-05-30 17:43:15.052,4,3.01,,512000000
2026-05-30 17:43:15.036,2,1.78,,512000000
2026-05-30 17:43:14.997,2,1.74,,512000000
2026-05-30 17:43:14.942,2,1.81,,512000000
2026-05-30 17:43:14.940,2,1.86,,512000000
2026-05-30 17:43:14.903,2,1.74,,512000000
2026-05-30 17:43:14.845,7,6.62,,512000000
2026-05-30 17:43:14.843,2,1.77,,512000000
2026-05-30 17:43:14.822,19,18.62,,512000000
2026-05-30 17:43:14.806,2,1.87,,512000000
2026-05-30 17:43:14.774,2,1.82,,512000000
2026-05-30 17:43:14.633,2,1.86,,512000000
2026-05-30 17:43:14.595,2,1.75,,512000000
2026-05-30 17:43:14.591,5,4.26,,512000000
2026-05-30 17:43:14.564,21,20.42,,512000000
2026-05-30 17:43:14.489,2,1.79,,512000000
2026-05-30 17:43:14.461,7,6.31,,512000000
2026-05-30 17:43:14.418,2,1.91,,512000000
2026-05-30 17:43:14.414,2,1.81,,512000000
2026-05-30 17:43:14.381,2,1.82,,512000000
2026-05-30 17:43:14.305,2,1.8,,512000000
2026-05-30 17:43:14.302,3,2.02,,512000000
2026-05-30 17:43:14.289,3,2.1,,512000000
2026-05-30 17:43:14.280,2,1.76,,512000000
2026-05-30 17:43:14.251,3,2.16,,512000000
2026-05-30 17:43:14.249,2,1.89,,512000000
2026-05-30 17:43:14.207,3,2.04,,512000000
2026-05-30 17:43:14.166,12,11.51,,512000000
2026-05-30 17:43:14.123,2,1.81,,512000000
2026-05-30 17:43:14.051,3,2.56,,512000000
2026-05-30 17:43:13.929,3,2.06,,512000000
2026-05-30 17:43:13.902,3,2.4,,512000000
2026-05-30 17:43:13.901,2,1.71,,512000000
2026-05-30 17:43:13.899,2,1.82,,512000000
2026-05-30 17:43:13.884,2,1.74,,512000000
2026-05-30 17:43:13.863,2,1.83,,512000000
2026-05-30 17:43:13.762,2,1.78,,512000000
2026-05-30 17:43:13.745,3,2.01,,512000000
2026-05-30 17:43:13.694,3,2.08,,512000000
2026-05-30 17:43:13.689,2,1.98,,512000000
2026-05-30 17:43:13.632,2,1.9,,512000000
2026-05-30 17:43:13.626,2,1.73,,512000000
2026-05-30 17:43:13.605,2,1.8,,512000000
2026-05-30 17:43:13.591,2,1.79,,512000000
2026-05-30 17:43:13.591,2,1.67,,512000000
2026-05-30 17:43:13.578,2,1.85,,512000000
2026-05-30 17:43:13.537,2,1.8,,512000000
2026-05-30 17:43:13.463,2,1.95,,512000000
2026-05-30 17:43:13.382,2,1.9,,512000000
2026-05-30 17:43:13.373,2,1.8,,512000000
2026-05-30 17:43:13.359,3,2.01,,512000000
2026-05-30 17:43:13.303,3,2.53,,512000000
2026-05-30 17:43:13.291,6,5.83,,512000000
2026-05-30 17:43:13.237,2,1.62,,512000000
2026-05-30 17:43:13.157,3,2.13,,512000000
2026-05-30 17:43:13.085,2,1.95,,512000000
2026-05-30 17:43:13.063,2,1.9,,512000000
2026-05-30 17:43:13.052,21,20.75,,512000000
2026-05-30 17:43:13.051,2,1.77,,512000000
2026-05-30 17:43:13.016,2,1.8,,512000000
2026-05-30 17:43:12.975,2,1.98,,512000000
2026-05-30 17:43:12.926,2,1.7,,512000000
2026-05-30 17:43:12.884,2,1.76,,512000000
2026-05-30 17:43:12.851,2,1.75,,512000000
2026-05-30 17:43:12.835,2,1.85,,512000000
2026-05-30 17:43:12.793,3,2.08,,512000000
2026-05-30 17:43:12.767,2,1.96,,512000000
2026-05-30 17:43:12.760,2,1.87,,512000000
2026-05-30 17:43:12.717,3,2.29,,512000000
2026-05-30 17:43:12.688,2,1.81,,512000000
2026-05-30 17:43:12.571,2,1.91,,512000000
2026-05-30 17:43:12.545,2,1.79,,512000000
2026-05-30 17:43:12.539,2,1.79,,512000000
2026-05-30 17:43:12.511,2,1.81,,512000000
2026-05-30 17:43:12.488,3,2.04,,512000000
2026-05-30 17:43:12.430,8,7.74,,512000000
2026-05-30 17:43:12.429,2,1.83,,512000000
2026-05-30 17:43:12.388,3,2.53,,512000000
2026-05-30 17:43:12.382,2,1.8,,512000000
2026-05-30 17:43:12.358,3,2.03,,512000000
2026-05-30 17:43:12.311,16,15.76,,512000000
2026-05-30 17:43:12.277,2,1.91,,512000000
2026-05-30 17:43:12.262,3,2.26,,512000000
2026-05-30 17:43:12.244,3,2.06,,512000000
2026-05-30 17:43:12.199,2,1.89,,512000000
2026-05-30 17:43:12.191,3,2.22,,512000000
2026-05-30 17:43:12.179,2,1.79,,512000000
2026-05-30 17:43:12.176,2,1.77,,512000000
2026-05-30 17:43:12.173,2,1.94,,512000000
2026-05-30 17:43:12.159,2,1.8,,512000000
2026-05-30 17:43:12.116,2,1.85,,512000000
2026-05-30 17:43:12.042,3,2.19,,512000000
2026-05-30 17:43:12.041,2,1.94,,512000000
2026-05-30 17:43:12.026,3,2.09,,512000000
2026-05-30 17:43:11.926,2,1.77,,512000000
2026-05-30 17:43:11.869,2,1.79,,512000000
2026-05-30 17:43:11.753,3,2.06,,512000000
2026-05-30 17:43:11.751,2,1.79,,512000000
2026-05-30 17:43:11.673,2,1.86,,512000000
2026-05-30 17:43:11.636,2,1.92,,512000000
2026-05-30 17:43:11.632,5,4.16,,512000000
2026-05-30 17:43:11.583,3,2.15,,512000000
2026-05-30 17:43:11.575,2,1.76,,512000000
2026-05-30 17:43:11.552,2,1.89,,512000000
2026-05-30 17:43:11.426,2,1.94,,512000000
2026-05-30 17:43:11.332,8,7.93,,512000000
2026-05-30 17:43:11.318,2,1.66,,512000000
2026-05-30 17:43:11.307,2,1.91,,512000000
2026-05-30 17:43:11.254,2,1.92,,512000000
2026-05-30 17:43:11.243,3,2.07,,512000000
2026-05-30 17:43:11.191,20,19.77,,512000000
2026-05-30 17:43:11.184,3,2.29,,512000000
2026-05-30 17:43:11.178,2,1.88,,512000000
2026-05-30 17:43:11.163,16,15.98,,512000000
2026-05-30 17:43:11.156,11,10.29,,512000000
2026-05-30 17:43:11.037,2,1.93,,512000000
2026-05-30 17:43:11.013,2,1.86,,512000000
2026-05-30 17:43:11.011,2,1.9,,512000000
2026-05-30 17:43:10.968,2,1.87,,512000000
2026-05-30 17:43:10.924,4,3.13,,512000000
2026-05-30 17:43:10.915,2,1.74,,512000000
2026-05-30 17:43:10.880,2,1.74,,512000000
2026-05-30 17:43:10.860,2,1.71,,512000000
2026-05-30 17:43:10.816,3,2.01,,512000000
2026-05-30 17:43:10.812,2,1.93,,512000000
2026-05-30 17:43:10.779,2,1.75,,512000000
2026-05-30 17:43:10.735,2,1.95,,512000000
2026-05-30 17:43:10.730,10,9.61,,512000000
2026-05-30 17:43:10.715,2,1.72,,512000000
2026-05-30 17:43:10.703,2,1.91,,512000000
2026-05-30 17:43:10.661,2,1.84,,512000000
2026-05-30 17:43:10.562,2,2,,512000000
2026-05-30 17:43:10.549,2,1.66,,512000000
2026-05-30 17:43:10.541,9,8.55,,512000000
2026-05-30 17:43:10.514,2,1.66,,512000000
2026-05-30 17:43:10.489,2,1.95,,512000000
2026-05-30 17:43:10.481,2,1.75,,512000000
2026-05-30 17:43:10.410,2,1.99,,512000000
2026-05-30 17:43:10.410,2,1.97,,512000000
2026-05-30 17:43:10.405,2,1.93,,512000000
2026-05-30 17:43:10.351,10,9.24,,512000000
2026-05-30 17:43:10.332,2,1.97,,512000000
2026-05-30 17:43:10.303,2,1.98,,512000000
2026-05-30 17:43:10.281,3,2.11,,512000000
2026-05-30 17:43:10.183,3,2.89,,512000000
2026-05-30 17:43:10.163,2,1.91,,512000000
2026-05-30 17:43:10.102,2,1.8,,512000000
2026-05-30 17:43:10.072,2,1.89,,512000000
2026-05-30 17:43:10.057,12,11.59,,512000000
2026-05-30 17:43:10.034,2,1.81,,512000000
2026-05-30 17:43:10.019,2,1.91,,512000000
2026-05-30 17:43:09.986,2,1.74,,512000000
2026-05-30 17:43:09.949,2,1.73,,512000000
2026-05-30 17:43:09.894,2,1.81,,512000000
2026-05-30 17:43:09.879,3,2.2,,512000000
2026-05-30 17:43:09.871,6,5.35,,512000000
2026-05-30 17:43:09.859,2,1.84,,512000000
2026-05-30 17:43:09.668,2,1.86,,512000000
2026-05-30 17:43:09.662,3,2.05,,512000000
2026-05-30 17:43:09.648,3,2.13,,512000000
2026-05-30 17:43:09.647,2,1.75,,512000000
2026-05-30 17:43:09.552,2,1.75,,512000000
2026-05-30 17:43:09.451,28,27.44,,512000000
2026-05-30 17:43:09.425,2,1.97,,512000000
2026-05-30 17:43:09.419,2,1.81,,512000000
2026-05-30 17:43:09.401,2,1.77,,512000000
2026-05-30 17:43:09.367,3,2.07,,512000000
2026-05-30 17:43:09.362,4,3.69,,512000000
2026-05-30 17:43:09.340,2,1.8,,512000000
2026-05-30 17:43:09.281,2,1.77,,512000000
2026-05-30 17:43:09.271,5,4.23,,512000000
2026-05-30 17:43:09.251,4,3.6,,512000000
2026-05-30 17:43:09.248,2,1.88,,512000000
2026-05-30 17:43:09.231,10,9.55,,512000000
2026-05-30 17:43:09.211,6,5.05,,512000000
2026-05-30 17:43:09.191,3,2.24,,512000000
2026-05-30 17:43:09.091,56,55.45,,512000000
2026-05-30 17:43:09.088,2,1.78,,512000000
2026-05-30 17:43:09.086,2,1.95,,512000000
2026-05-30 17:43:09.009,3,2.63,,512000000
2026-05-30 17:43:08.989,2,1.75,,512000000
2026-05-30 17:43:08.971,2,1.9,,512000000
2026-05-30 17:43:08.928,2,1.78,,512000000
2026-05-30 17:43:08.927,2,1.8,,512000000
2026-05-30 17:43:08.880,3,2.1,,512000000
2026-05-30 17:43:08.807,2,1.67,,512000000
2026-05-30 17:43:08.790,2,1.93,,512000000
2026-05-30 17:43:08.790,2,1.79,,512000000
2026-05-30 17:43:08.774,3,2.22,,512000000
2026-05-30 17:43:08.723,3,2.05,,512000000
2026-05-30 17:43:08.701,2,1.88,,512000000
2026-05-30 17:43:08.682,2,1.79,,512000000
2026-05-30 17:43:08.682,2,1.82,,512000000
2026-05-30 17:43:08.655,2,1.95,,512000000
2026-05-30 17:43:08.633,3,2.09,,512000000
2026-05-30 17:43:08.601,2,1.76,,512000000
2026-05-30 17:43:08.601,2,1.69,,512000000
2026-05-30 17:43:08.575,2,1.69,,512000000
2026-05-30 17:43:08.483,2,1.88,,512000000
2026-05-30 17:43:08.470,6,5.37,,512000000
2026-05-30 17:43:08.351,10,9.99,,512000000
2026-05-30 17:43:08.334,2,1.83,,512000000
2026-05-30 17:43:08.308,2,1.87,,512000000
2026-05-30 17:43:08.231,4,3.71,,512000000
2026-05-30 17:43:08.217,2,1.79,,512000000
2026-05-30 17:43:08.182,2,1.87,,512000000
2026-05-30 17:43:08.154,3,2.12,,512000000
2026-05-30 17:43:08.136,6,5.77,,512000000
2026-05-30 17:43:08.133,4,3.06,,512000000
2026-05-30 17:43:08.042,2,1.87,,512000000
2026-05-30 17:43:07.993,3,2.33,,512000000
2026-05-30 17:43:07.967,2,1.92,,512000000
2026-05-30 17:43:07.838,3,2.68,,512000000
2026-05-30 17:43:07.836,2,1.79,,512000000
2026-05-30 17:43:07.834,2,1.8,,512000000
2026-05-30 17:43:07.821,3,2.08,,512000000
2026-05-30 17:43:07.810,3,2.35,,512000000
2026-05-30 17:43:07.696,3,2.13,,512000000
2026-05-30 17:43:07.665,2,1.95,,512000000
2026-05-30 17:43:07.659,2,1.93,,512000000
2026-05-30 17:43:07.638,2,1.75,,512000000
2026-05-30 17:43:07.616,2,1.84,,512000000
2026-05-30 17:43:07.601,2,1.72,,512000000
2026-05-30 17:43:07.588,2,1.78,,512000000
2026-05-30 17:43:07.516,2,1.74,,512000000
2026-05-30 17:43:07.497,2,1.89,,512000000
2026-05-30 17:43:07.484,2,1.78,,512000000
2026-05-30 17:43:07.471,2,1.98,,512000000
2026-05-30 17:43:07.424,4,3.95,,512000000
2026-05-30 17:43:07.422,21,20.65,,512000000
2026-05-30 17:43:07.364,11,10.5,,512000000
2026-05-30 17:43:07.358,3,2.2,,512000000
2026-05-30 17:43:07.344,14,13.61,,512000000
2026-05-30 17:43:07.202,13,12.89,,512000000
2026-05-30 17:43:07.190,17,16.31,,512000000
2026-05-30 17:43:07.188,2,1.83,,512000000
2026-05-30 17:43:07.182,9,8.52,,512000000
2026-05-30 17:43:07.169,2,1.98,,512000000
2026-05-30 17:43:07.162,33,32.4,,512000000
2026-05-30 17:43:07.128,3,2.27,,512000000
2026-05-30 17:43:07.123,2,1.72,,512000000
2026-05-30 17:43:07.121,2,1.81,,512000000
2026-05-30 17:43:07.116,2,1.81,,512000000
2026-05-30 17:43:06.984,2,1.76,,512000000
2026-05-30 17:43:06.916,2,1.95,,512000000
2026-05-30 17:43:06.884,2,1.69,,512000000
2026-05-30 17:43:06.770,2,1.86,,512000000
2026-05-30 17:43:06.733,2,1.92,,512000000
2026-05-30 17:43:06.684,2,1.82,,512000000
2026-05-30 17:43:06.646,4,3.53,,512000000
2026-05-30 17:43:06.621,3,2.01,,512000000
2026-05-30 17:43:06.596,2,1.85,,512000000
2026-05-30 17:43:06.579,2,1.88,,512000000
2026-05-30 17:43:06.557,2,1.71,,512000000
2026-05-30 17:43:06.524,5,4.87,,512000000
2026-05-30 17:43:06.502,5,4.77,,512000000
2026-05-30 17:43:06.486,2,1.82,,512000000
2026-05-30 17:43:06.468,2,1.77,,512000000
2026-05-30 17:43:06.410,2,1.78,,512000000
2026-05-30 17:43:06.398,3,2.21,,512000000
2026-05-30 17:43:06.342,7,6.73,,512000000
2026-05-30 17:43:06.330,2,1.89,,512000000
2026-05-30 17:43:06.327,3,2.04,,512000000
2026-05-30 17:43:06.301,4,3.33,,512000000
2026-05-30 17:43:06.292,5,4.71,,512000000
2026-05-30 17:43:06.279,2,1.97,,512000000
2026-05-30 17:43:06.220,2,1.8,,512000000
2026-05-30 17:43:06.204,2,1.93,,512000000
2026-05-30 17:43:06.128,3,2.47,,512000000
2026-05-30 17:43:06.098,2,1.89,,512000000
2026-05-30 17:43:06.096,3,2.09,,512000000
2026-05-30 17:43:06.079,3,2.03,,512000000
2026-05-30 17:43:06.048,3,2.02,,512000000
2026-05-30 17:43:05.927,3,2.07,,512000000
2026-05-30 17:43:05.783,15,14.38,,512000000
2026-05-30 17:43:05.779,2,1.81,,512000000
2026-05-30 17:43:05.761,7,6.02,,512000000
2026-05-30 17:43:05.749,2,1.73,,512000000
2026-05-30 17:43:05.737,2,1.84,,512000000
2026-05-30 17:43:05.732,4,3.02,,512000000
2026-05-30 17:43:05.712,3,2.02,,512000000
2026-05-30 17:43:05.706,2,1.85,,512000000
2026-05-30 17:43:05.699,2,1.73,,512000000
2026-05-30 17:43:05.657,2,1.71,,512000000
2026-05-30 17:43:05.587,3,2.26,,512000000
2026-05-30 17:43:05.581,2,1.69,,512000000
2026-05-30 17:43:05.519,2,1.69,,512000000
2026-05-30 17:43:05.458,2,1.78,,512000000
2026-05-30 17:43:05.403,2,1.66,,512000000
2026-05-30 17:43:05.396,2,1.62,,512000000
2026-05-30 17:43:05.280,2,1.87,,512000000
2026-05-30 17:43:05.216,2,1.73,,512000000
2026-05-30 17:43:05.211,4,3.63,,512000000
2026-05-30 17:43:05.194,2,1.89,,512000000
2026-05-30 17:43:05.094,2,1.77,,512000000
2026-05-30 17:43:05.086,2,1.95,,512000000
2026-05-30 17:43:05.080,2,1.83,,512000000
2026-05-30 17:43:05.066,2,1.9,,512000000
2026-05-30 17:43:05.063,2,1.94,,512000000
2026-05-30 17:43:05.022,3,2.07,,512000000
2026-05-30 17:43:05.013,2,1.8,,512000000
2026-05-30 17:43:04.946,2,1.91,,512000000
2026-05-30 17:43:04.931,2,1.79,,512000000
2026-05-30 17:43:04.928,2,1.73,,512000000
2026-05-30 17:43:04.887,2,1.93,,512000000
2026-05-30 17:43:04.884,3,2.06,,512000000
2026-05-30 17:43:04.817,3,2.12,,512000000
2026-05-30 17:43:04.791,2,1.84,,512000000
2026-05-30 17:43:04.759,2,1.71,,512000000
2026-05-30 17:43:04.752,2,1.91,,512000000
2026-05-30 17:43:04.736,3,2.03,,512000000
2026-05-30 17:43:04.719,2,1.79,,512000000
2026-05-30 17:43:04.715,2,1.86,,512000000
2026-05-30 17:43:04.657,3,2.06,,512000000
2026-05-30 17:43:04.637,2,1.81,,512000000
2026-05-30 17:43:04.612,2,1.78,,512000000
2026-05-30 17:43:04.574,2,1.87,,512000000
2026-05-30 17:43:04.478,2,1.87,,512000000
2026-05-30 17:43:04.462,3,2.3,,512000000
2026-05-30 17:43:04.446,2,1.77,,512000000
2026-05-30 17:43:04.414,2,1.65,,512000000
2026-05-30 17:43:04.292,2,1.9,,512000000
2026-05-30 17:43:04.276,3,2.09,,512000000
2026-05-30 17:43:04.272,2,1.87,,512000000
2026-05-30 17:43:04.226,2,1.78,,512000000
2026-05-30 17:43:04.143,2,1.92,,512000000
2026-05-30 17:43:04.130,2,1.91,,512000000
2026-05-30 17:43:04.128,2,1.99,,512000000
2026-05-30 17:43:04.101,33,32.52,,512000000
2026-05-30 17:43:04.075,2,1.8,,512000000
2026-05-30 17:43:04.032,3,2.17,,512000000
2026-05-30 17:43:04.031,5,4.29,,512000000
2026-05-30 17:43:04.018,2,1.74,,512000000
2026-05-30 17:43:03.970,2,1.74,,512000000
2026-05-30 17:43:03.918,2,1.73,,512000000
2026-05-30 17:43:03.875,3,2.03,,512000000
2026-05-30 17:43:03.773,2,1.85,,512000000
2026-05-30 17:43:03.667,3,2.13,,512000000
2026-05-30 17:43:03.554,4,3.5,,512000000
2026-05-30 17:43:03.532,9,8.92,,512000000
2026-05-30 17:43:03.513,2,1.86,,512000000
2026-05-30 17:43:03.481,3,2.32,,512000000
2026-05-30 17:43:03.446,2,1.61,,512000000
2026-05-30 17:43:03.444,2,1.98,,512000000
2026-05-30 17:43:03.402,5,4.87,,512000000
2026-05-30 17:43:03.385,2,1.88,,512000000
2026-05-30 17:43:03.354,2,1.91,,512000000
2026-05-30 17:43:03.350,27,26.26,,512000000
2026-05-30 17:43:03.334,3,2.25,,512000000
2026-05-30 17:43:03.327,2,1.72,,512000000
2026-05-30 17:43:03.253,3,2.09,,512000000
2026-05-30 17:43:03.221,2,1.69,,512000000
2026-05-30 17:43:03.210,3,2.02,,512000000
2026-05-30 17:43:03.174,3,2.54,,512000000
2026-05-30 17:43:03.155,9,8.54,,512000000
2026-05-30 17:43:03.111,7,6.87,,512000000
2026-05-30 17:43:03.109,2,1.99,,512000000
2026-05-30 17:43:03.090,3,2.07,,512000000
2026-05-30 17:43:03.071,3,2.59,,512000000
2026-05-30 17:43:03.053,11,10.15,,512000000
2026-05-30 17:43:02.993,2,1.83,,512000000
2026-05-30 17:43:02.989,2,1.92,,512000000
2026-05-30 17:43:02.961,2,1.99,,512000000
2026-05-30 17:43:02.959,2,1.95,,512000000
2026-05-30 17:43:02.959,3,2.01,,512000000
2026-05-30 17:43:02.911,3,2.06,,512000000
2026-05-30 17:43:02.909,3,2.04,,512000000
2026-05-30 17:43:02.909,3,2.23,,512000000
2026-05-30 17:43:02.842,2,1.93,,512000000
2026-05-30 17:43:02.827,2,1.79,,512000000
2026-05-30 17:43:02.823,2,1.93,,512000000
2026-05-30 17:43:02.765,3,2.03,,512000000
2026-05-30 17:43:02.731,3,2.07,,512000000
2026-05-30 17:43:02.724,2,1.93,,512000000
2026-05-30 17:43:02.653,2,1.89,,512000000
2026-05-30 17:43:02.631,2,1.94,,512000000
2026-05-30 17:43:02.528,2,1.75,,512000000
2026-05-30 17:43:02.379,2,1.85,,512000000
2026-05-30 17:43:02.334,2,1.77,,512000000
2026-05-30 17:43:02.235,2,1.89,,512000000
2026-05-30 17:43:02.222,4,3.08,,512000000
2026-05-30 17:43:02.211,3,2.29,,512000000
2026-05-30 17:43:02.160,3,2.16,,512000000
2026-05-30 17:43:02.155,3,2.02,,512000000
2026-05-30 17:43:02.149,2,1.9,,512000000
2026-05-30 17:43:02.090,2,1.94,,512000000
2026-05-30 17:43:02.062,2,1.94,,512000000
2026-05-30 17:43:02.044,2,1.8,,512000000
2026-05-30 17:43:01.978,3,2.58,,512000000
2026-05-30 17:43:01.956,2,1.8,,512000000
2026-05-30 17:43:01.947,2,1.8,,512000000
2026-05-30 17:43:01.827,2,1.8,,512000000
2026-05-30 17:43:01.819,2,1.69,,512000000
2026-05-30 17:43:01.811,7,6.56,,512000000
2026-05-30 17:43:01.809,2,1.8,,512000000
2026-05-30 17:43:01.795,2,1.79,,512000000
2026-05-30 17:43:01.769,2,1.78,,512000000
2026-05-30 17:43:01.720,2,1.83,,512000000
2026-05-30 17:43:01.691,2,1.83,,512000000
2026-05-30 17:43:01.653,2,1.72,,512000000
2026-05-30 17:43:01.645,2,1.89,,512000000
2026-05-30 17:43:01.596,2,1.93,,512000000
2026-05-30 17:43:01.574,2,1.97,,512000000
2026-05-30 17:43:01.553,12,11.04,,512000000
2026-05-30 17:43:01.552,2,1.84,,512000000
2026-05-30 17:43:01.545,2,1.85,,512000000
2026-05-30 17:43:01.485,3,2.24,,512000000
2026-05-30 17:43:01.480,2,1.82,,512000000
2026-05-30 17:43:01.479,3,2.2,,512000000
2026-05-30 17:43:01.453,2,1.85,,512000000
2026-05-30 17:43:01.431,2,1.75,,512000000
2026-05-30 17:43:01.374,2,1.92,,512000000
2026-05-30 17:43:01.356,2,1.75,,512000000
2026-05-30 17:43:01.321,2,1.84,,512000000
2026-05-30 17:43:01.281,3,2.1,,512000000
2026-05-30 17:43:01.244,2,1.86,,512000000
2026-05-30 17:43:01.230,3,2.02,,512000000
2026-05-30 17:43:01.159,3,2.5,,512000000
2026-05-30 17:43:01.118,3,2.08,,512000000
2026-05-30 17:43:01.114,2,1.94,,512000000
2026-05-30 17:43:01.086,2,1.74,,512000000
2026-05-30 17:43:01.033,3,2.08,,512000000
2026-05-30 17:43:00.982,9,8.66,,512000000
2026-05-30 17:43:00.966,2,1.8,,512000000
2026-05-30 17:43:00.936,3,2.01,,512000000
2026-05-30 17:43:00.887,2,1.84,,512000000
2026-05-30 17:43:00.864,3,2.11,,512000000
2026-05-30 17:43:00.814,3,2.01,,512000000
2026-05-30 17:43:00.674,2,1.91,,512000000
2026-05-30 17:43:00.656,2,1.78,,512000000
2026-05-30 17:43:00.655,2,1.87,,512000000
2026-05-30 17:43:00.621,2,1.74,,512000000
2026-05-30 17:43:00.605,2,1.92,,512000000
2026-05-30 17:43:00.541,2,1.86,,512000000
2026-05-30 17:43:00.517,2,1.65,,512000000
2026-05-30 17:43:00.479,2,1.95,,512000000
2026-05-30 17:43:00.470,2,2,,512000000
2026-05-30 17:43:00.468,2,1.88,,512000000
2026-05-30 17:43:00.451,7,6.63,,512000000
2026-05-30 17:43:00.437,2,1.77,,512000000
2026-05-30 17:43:00.399,2,1.9,,512000000
2026-05-30 17:43:00.320,2,1.97,,512000000
2026-05-30 17:43:00.290,9,8.4,,512000000
2026-05-30 17:43:00.287,2,1.89,,512000000
2026-05-30 17:43:00.273,2,1.84,,512000000
2026-05-30 17:43:00.222,4,3.42,,512000000
2026-05-30 17:43:00.221,2,1.87,,512000000
2026-05-30 17:43:00.202,3,2.17,,512000000
2026-05-30 17:43:00.183,15,14.28,,512000000
2026-05-30 17:43:00.164,11,10.5,,512000000
2026-05-30 17:43:00.125,3,2,,512000000
2026-05-30 17:43:00.054,2,1.92,,512000000
2026-05-30 17:43:00.030,2,1.8,,512000000
2026-05-30 17:42:59.907,2,1.8,,512000000
2026-05-30 17:42:59.864,2,1.87,,512000000
2026-05-30 17:42:59.854,2,1.88,,512000000
2026-05-30 17:42:59.810,2,1.88,,512000000
2026-05-30 17:42:59.807,5,4.02,,512000000
2026-05-30 17:42:59.802,3,2.67,,512000000
2026-05-30 17:42:59.793,2,1.85,,512000000
2026-05-30 17:42:59.758,2,1.8,,512000000
2026-05-30 17:42:59.733,2,1.86,,512000000
2026-05-30 17:42:59.703,23,22.5,,512000000
2026-05-30 17:42:59.699,4,3.16,,512000000
2026-05-30 17:42:59.697,2,1.98,,512000000
2026-05-30 17:42:59.601,2,1.89,,512000000
2026-05-30 17:42:59.601,3,2.15,,512000000
2026-05-30 17:42:59.572,2,1.81,,512000000
2026-05-30 17:42:59.555,2,1.86,,512000000
2026-05-30 17:42:59.486,2,1.86,,512000000
2026-05-30 17:42:59.462,2,1.91,,512000000
2026-05-30 17:42:59.432,4,3.24,,512000000
2026-05-30 17:42:59.418,2,1.88,,512000000
2026-05-30 17:42:59.265,2,1.95,,512000000
2026-05-30 17:42:59.235,3,2.01,,512000000
2026-05-30 17:42:59.210,2,1.78,,512000000
2026-05-30 17:42:59.171,2,1.88,,512000000
2026-05-30 17:42:59.169,2,1.78,,512000000
2026-05-30 17:42:59.146,2,2,,512000000
2026-05-30 17:42:59.097,2,1.9,,512000000
2026-05-30 17:42:59.091,2,1.7,,512000000
2026-05-30 17:42:59.056,2,1.85,,512000000
2026-05-30 17:42:59.043,2,1.95,,512000000
2026-05-30 17:42:58.967,2,1.94,,512000000
2026-05-30 17:42:58.960,2,1.84,,512000000
2026-05-30 17:42:58.922,46,45.6,,512000000
2026-05-30 17:42:58.922,2,1.92,,512000000
2026-05-30 17:42:58.891,2,1.93,,512000000
2026-05-30 17:42:58.871,4,3.67,,512000000
2026-05-30 17:42:58.861,2,1.72,,512000000
2026-05-30 17:42:58.858,3,2.19,,512000000
2026-05-30 17:42:58.847,2,1.78,,512000000
2026-05-30 17:42:58.761,2,1.82,,512000000
2026-05-30 17:42:58.676,2,1.86,,512000000
2026-05-30 17:42:58.656,3,2,,512000000
2026-05-30 17:42:58.581,2,1.97,,512000000
2026-05-30 17:42:58.579,6,5.62,,512000000
2026-05-30 17:42:58.523,2,1.93,,512000000
2026-05-30 17:42:58.478,2,1.89,,512000000
2026-05-30 17:42:58.459,2,1.79,,512000000
2026-05-30 17:42:58.456,2,1.96,,512000000
2026-05-30 17:42:58.331,3,2.33,,512000000
2026-05-30 17:42:58.329,2,1.93,,512000000
2026-05-30 17:42:58.281,2,1.85,,512000000
2026-05-30 17:42:58.217,2,2,,512000000
2026-05-30 17:42:58.191,2,1.8,,512000000
2026-05-30 17:42:58.128,2,1.93,,512000000
2026-05-30 17:42:58.114,3,2.03,,512000000
2026-05-30 17:42:58.012,2,1.92,,512000000
2026-05-30 17:42:57.956,2,1.94,,512000000
2026-05-30 17:42:57.952,7,6.06,,512000000
2026-05-30 17:42:57.933,2,1.89,,512000000
2026-05-30 17:42:57.914,3,2.03,,512000000
2026-05-30 17:42:57.906,3,2.21,,512000000
2026-05-30 17:42:57.899,2,1.96,,512000000
2026-05-30 17:42:57.883,3,2.09,,512000000
2026-05-30 17:42:57.819,2,1.81,,512000000
2026-05-30 17:42:57.718,2,1.84,,512000000
2026-05-30 17:42:57.710,3,2.13,,512000000
2026-05-30 17:42:57.686,2,1.82,,512000000
2026-05-30 17:42:57.661,3,2.2,,512000000
2026-05-30 17:42:57.612,6,5.53,,512000000
2026-05-30 17:42:57.593,5,4.64,,512000000
2026-05-30 17:42:57.571,6,5.72,,512000000
2026-05-30 17:42:57.566,2,1.75,,512000000
2026-05-30 17:42:57.553,2,1.82,,512000000
2026-05-30 17:42:57.551,9,8.32,,512000000
2026-05-30 17:42:57.534,2,1.77,,512000000
2026-05-30 17:42:57.455,2,1.69,,512000000
2026-05-30 17:42:57.416,3,2.02,,512000000
2026-05-30 17:42:57.416,3,2.11,,512000000
2026-05-30 17:42:57.392,2,1.89,,512000000
2026-05-30 17:42:57.351,2,1.77,,512000000
2026-05-30 17:42:57.339,2,1.99,,512000000
2026-05-30 17:42:57.268,2,1.88,,512000000
2026-05-30 17:42:57.252,2,1.91,,512000000
2026-05-30 17:42:57.223,2,1.82,,512000000
2026-05-30 17:42:57.140,2,1.91,,512000000
2026-05-30 17:42:57.133,2,1.78,,512000000
2026-05-30 17:42:57.091,2,1.79,,512000000
2026-05-30 17:42:57.073,2,1.75,,512000000
2026-05-30 17:42:57.018,2,1.96,,512000000
2026-05-30 17:42:57.018,3,2.05,,512000000
2026-05-30 17:42:56.990,3,2.29,,512000000
2026-05-30 17:42:56.987,2,1.84,,512000000
2026-05-30 17:42:56.951,3,2.93,,512000000
2026-05-30 17:42:56.940,2,1.75,,512000000
2026-05-30 17:42:56.924,2,1.76,,512000000
2026-05-30 17:42:56.712,2,1.7,,512000000
2026-05-30 17:42:56.679,3,2.04,,512000000
2026-05-30 17:42:56.653,2,1.76,,512000000
2026-05-30 17:42:56.621,3,2.1,,512000000
2026-05-30 17:42:56.611,2,1.73,,512000000
2026-05-30 17:42:56.592,2,1.87,,512000000
2026-05-30 17:42:56.591,2,1.86,,512000000
2026-05-30 17:42:56.558,2,1.87,,512000000
2026-05-30 17:42:56.519,2,1.82,,512000000
2026-05-30 17:42:56.504,2,1.82,,512000000
2026-05-30 17:42:56.492,3,2.05,,512000000
2026-05-30 17:42:56.445,2,1.67,,512000000
2026-05-30 17:42:56.400,2,1.99,,512000000
2026-05-30 17:42:56.255,2,1.79,,512000000
2026-05-30 17:42:56.150,2,1.67,,512000000
2026-05-30 17:42:56.147,2,1.94,,512000000
2026-05-30 17:42:56.133,2,1.78,,512000000
2026-05-30 17:42:56.123,2,1.92,,512000000
2026-05-30 17:42:56.019,2,1.92,,512000000
2026-05-30 17:42:55.990,2,1.93,,512000000
2026-05-30 17:42:55.972,2,1.87,,512000000
2026-05-30 17:42:55.970,2,1.86,,512000000
2026-05-30 17:42:55.953,2,1.94,,512000000
2026-05-30 17:42:55.934,2,1.74,,512000000
2026-05-30 17:42:55.888,2,1.71,,512000000
2026-05-30 17:42:55.877,3,2,,512000000
2026-05-30 17:42:55.825,2,1.84,,512000000
2026-05-30 17:42:55.805,2,1.89,,512000000
2026-05-30 17:42:55.802,2,1.83,,512000000
2026-05-30 17:42:55.802,2,1.81,,512000000
2026-05-30 17:42:55.770,2,1.98,,512000000
2026-05-30 17:42:55.769,2,1.95,,512000000
2026-05-30 17:42:55.706,2,1.65,,512000000
2026-05-30 17:42:55.621,2,1.7,,512000000
2026-05-30 17:42:55.600,3,2.08,,512000000
2026-05-30 17:42:55.580,2,1.72,,512000000
2026-05-30 17:42:55.579,2,1.77,,512000000
2026-05-30 17:42:55.564,2,1.82,,512000000
2026-05-30 17:42:55.479,2,1.93,,512000000
2026-05-30 17:42:55.454,2,1.8,,512000000
2026-05-30 17:42:55.381,2,1.68,,512000000
2026-05-30 17:42:55.376,2,1.78,,512000000
2026-05-30 17:42:55.370,2,1.67,,512000000
2026-05-30 17:42:55.351,4,3.67,,512000000
2026-05-30 17:42:55.342,2,1.81,,512000000
2026-05-30 17:42:55.340,2,1.75,,512000000
2026-05-30 17:42:55.323,2,1.92,,512000000
2026-05-30 17:42:55.289,3,2.29,,512000000
2026-05-30 17:42:55.255,2,1.9,,512000000
2026-05-30 17:42:55.248,2,1.95,,512000000
2026-05-30 17:42:55.246,2,1.74,,512000000
2026-05-30 17:42:55.217,3,2.19,,512000000
2026-05-30 17:42:55.210,2,1.89,,512000000
2026-05-30 17:42:55.201,2,1.63,,512000000
2026-05-30 17:42:55.078,11,10.03,,512000000
2026-05-30 17:42:55.062,2,1.84,,512000000
2026-05-30 17:42:54.979,2,1.68,,512000000
2026-05-30 17:42:54.971,3,2.65,,512000000
2026-05-30 17:42:54.963,3,2.45,,512000000
2026-05-30 17:42:54.891,8,7.13,,512000000
2026-05-30 17:42:54.873,2,1.82,,512000000
2026-05-30 17:42:54.701,2,1.84,,512000000
2026-05-30 17:42:54.682,2,1.84,,512000000
2026-05-30 17:42:54.644,2,1.71,,512000000
2026-05-30 17:42:54.638,2,1.77,,512000000
2026-05-30 17:42:54.631,2,1.8,,512000000
2026-05-30 17:42:54.580,3,2.73,,512000000
2026-05-30 17:42:54.568,2,1.91,,512000000
2026-05-30 17:42:54.565,2,1.99,,512000000
2026-05-30 17:42:54.524,2,1.77,,512000000
2026-05-30 17:42:54.498,2,1.83,,512000000
2026-05-30 17:42:54.370,2,1.71,,512000000
2026-05-30 17:42:54.308,3,2.63,,512000000
2026-05-30 17:42:54.304,2,1.89,,512000000
2026-05-30 17:42:54.282,3,2,,512000000
2026-05-30 17:42:54.262,2,1.94,,512000000
2026-05-30 17:42:54.227,2,1.87,,512000000
2026-05-30 17:42:54.064,2,1.76,,512000000
2026-05-30 17:42:54.011,7,6.15,,512000000
2026-05-30 17:42:53.993,2,1.99,,512000000
2026-05-30 17:42:53.971,2,1.69,,512000000
2026-05-30 17:42:53.971,5,4.63,,512000000
2026-05-30 17:42:53.955,2,1.85,,512000000
2026-05-30 17:42:53.902,2,1.75,,512000000
2026-05-30 17:42:53.878,2,1.77,,512000000
2026-05-30 17:42:53.864,2,1.74,,512000000
2026-05-30 17:42:53.839,2,1.65,,512000000
2026-05-30 17:42:53.833,2,1.73,,512000000
2026-05-30 17:42:53.830,2,1.83,,512000000
2026-05-30 17:42:53.757,2,1.7,,512000000
2026-05-30 17:42:53.752,2,1.91,,512000000
2026-05-30 17:42:53.716,2,1.85,,512000000
2026-05-30 17:42:53.702,2,1.73,,512000000
2026-05-30 17:42:53.702,2,1.9,,512000000
2026-05-30 17:42:53.632,7,6.01,,512000000
2026-05-30 17:42:53.614,3,2.22,,512000000
2026-05-30 17:42:53.614,2,1.83,,512000000
2026-05-30 17:42:53.611,2,1.78,,512000000
2026-05-30 17:42:53.568,2,1.65,,512000000
2026-05-30 17:42:53.428,3,2.36,,512000000
2026-05-30 17:42:53.421,2,1.83,,512000000
2026-05-30 17:42:53.408,2,1.97,,512000000
2026-05-30 17:42:53.402,2,1.87,,512000000
2026-05-30 17:42:53.388,2,1.75,,512000000
2026-05-30 17:42:53.383,2,1.93,,512000000
2026-05-30 17:42:53.371,3,2.08,,512000000
2026-05-30 17:42:53.203,5,4.9,,512000000
2026-05-30 17:42:53.065,2,1.83,,512000000
2026-05-30 17:42:53.046,2,1.91,,512000000
2026-05-30 17:42:53.042,3,2.02,,512000000
2026-05-30 17:42:53.038,2,1.99,,512000000
2026-05-30 17:42:53.028,2,1.92,,512000000
2026-05-30 17:42:53.021,8,7.53,,512000000
2026-05-30 17:42:53.005,2,1.97,,512000000
2026-05-30 17:42:52.987,2,1.83,,512000000
2026-05-30 17:42:52.957,6,5.64,,512000000
2026-05-30 17:42:52.954,2,1.98,,512000000
2026-05-30 17:42:52.881,2,1.82,,512000000
2026-05-30 17:42:52.841,6,5.5,,512000000
2026-05-30 17:42:52.831,3,2.25,,512000000
2026-05-30 17:42:52.814,4,3.26,,512000000
2026-05-30 17:42:52.812,3,2.42,,512000000
2026-05-30 17:42:52.766,2,1.94,,512000000
2026-05-30 17:42:52.709,5,4.1,,512000000
2026-05-30 17:42:52.667,2,1.87,,512000000
2026-05-30 17:42:52.579,2,1.8,,512000000
2026-05-30 17:42:52.573,12,11.46,,512000000
2026-05-30 17:42:52.551,6,5.36,,512000000
2026-05-30 17:42:52.539,2,1.83,,512000000
2026-05-30 17:42:52.535,2,1.61,,512000000
2026-05-30 17:42:52.397,2,1.78,,512000000
2026-05-30 17:42:52.396,2,1.8,,512000000
2026-05-30 17:42:52.396,2,1.89,,512000000
2026-05-30 17:42:52.379,2,1.88,,512000000
2026-05-30 17:42:52.317,2,1.89,,512000000
2026-05-30 17:42:52.283,2,1.79,,512000000
2026-05-30 17:42:52.269,3,2.04,,512000000
2026-05-30 17:42:52.225,2,1.89,,512000000
2026-05-30 17:42:52.183,2,1.77,,512000000
2026-05-30 17:42:52.154,2,1.85,,512000000
2026-05-30 17:42:52.148,2,1.66,,512000000
2026-05-30 17:42:52.121,2,1.65,,512000000
2026-05-30 17:42:52.103,2,1.82,,512000000
2026-05-30 17:42:52.011,2,1.88,,512000000
2026-05-30 17:42:51.987,2,1.66,,512000000
2026-05-30 17:42:51.960,2,1.86,,512000000
2026-05-30 17:42:51.923,2,1.99,,512000000
2026-05-30 17:42:51.922,2,1.92,,512000000
2026-05-30 17:42:51.896,2,1.89,,512000000
2026-05-30 17:42:51.869,2,1.72,,512000000
2026-05-30 17:42:51.811,7,6.79,,512000000
2026-05-30 17:42:51.795,2,1.78,,512000000
2026-05-30 17:42:51.758,2,1.72,,512000000
2026-05-30 17:42:51.668,2,1.82,,512000000
2026-05-30 17:42:51.629,2,1.8,,512000000
2026-05-30 17:42:51.565,2,1.95,,512000000
2026-05-30 17:42:51.546,2,1.81,,512000000
2026-05-30 17:42:51.511,11,10.36,,512000000
2026-05-30 17:42:51.494,2,1.85,,512000000
2026-05-30 17:42:51.462,2,1.88,,512000000
2026-05-30 17:42:51.431,2,1.75,,512000000
2026-05-30 17:42:51.425,2,1.77,,512000000
2026-05-30 17:42:51.353,2,1.76,,512000000
2026-05-30 17:42:51.261,2,1.85,,512000000
2026-05-30 17:42:51.172,2,1.96,,512000000
2026-05-30 17:42:51.151,6,5.96,,512000000
2026-05-30 17:42:51.145,3,2.1,,512000000
2026-05-30 17:42:51.138,2,1.87,,512000000
2026-05-30 17:42:51.118,2,1.76,,512000000
2026-05-30 17:42:51.040,2,1.78,,512000000
2026-05-30 17:42:51.018,2,1.77,,512000000
2026-05-30 17:42:50.956,2,1.77,,512000000
2026-05-30 17:42:50.931,2,1.66,,512000000
2026-05-30 17:42:50.913,2,1.7,,512000000
2026-05-30 17:42:50.894,2,1.77,,512000000
2026-05-30 17:42:50.867,4,3.32,,512000000
2026-05-30 17:42:50.831,4,3.93,,512000000
2026-05-30 17:42:50.817,3,2,,512000000
2026-05-30 17:42:50.785,2,1.77,,512000000
2026-05-30 17:42:50.766,2,1.89,,512000000
2026-05-30 17:42:50.702,2,1.89,,512000000
2026-05-30 17:42:50.699,2,1.98,,512000000
2026-05-30 17:42:50.696,3,2.22,,512000000
2026-05-30 17:42:50.696,3,2.09,,512000000
2026-05-30 17:42:50.689,2,1.97,,512000000
2026-05-30 17:42:50.667,2,1.82,,512000000
2026-05-30 17:42:50.620,2,1.88,,512000000
2026-05-30 17:42:50.595,2,1.75,,512000000
2026-05-30 17:42:50.523,2,1.69,,512000000
2026-05-30 17:42:50.495,3,2.01,,512000000
2026-05-30 17:42:50.489,2,1.95,,512000000
2026-05-30 17:42:50.440,5,4.79,,512000000
2026-05-30 17:42:50.423,3,2.03,,512000000
2026-05-30 17:42:50.421,2,1.81,,512000000
2026-05-30 17:42:50.345,2,1.89,,512000000
2026-05-30 17:42:50.304,2,1.77,,512000000
2026-05-30 17:42:50.228,2,1.81,,512000000
2026-05-30 17:42:50.187,2,1.81,,512000000
2026-05-30 17:42:50.178,3,2.03,,512000000
2026-05-30 17:42:50.154,2,1.87,,512000000
2026-05-30 17:42:50.112,2,1.66,,512000000
2026-05-30 17:42:50.100,2,1.96,,512000000
2026-05-30 17:42:49.990,2,1.89,,512000000
2026-05-30 17:42:49.977,2,1.78,,512000000
2026-05-30 17:42:49.975,2,1.89,,512000000
2026-05-30 17:42:49.917,2,1.82,,512000000
2026-05-30 17:42:49.876,2,1.76,,512000000
2026-05-30 17:42:49.790,2,1.66,,512000000
2026-05-30 17:42:49.768,2,1.95,,512000000
2026-05-30 17:42:49.742,2,1.84,,512000000
2026-05-30 17:42:49.715,2,1.76,,512000000
2026-05-30 17:42:49.650,2,1.81,,512000000
2026-05-30 17:42:49.597,2,1.86,,512000000
2026-05-30 17:42:49.571,2,1.76,,512000000
2026-05-30 17:42:49.513,2,1.74,,512000000
2026-05-30 17:42:49.460,3,2.1,,512000000
2026-05-30 17:42:49.439,2,1.8,,512000000
2026-05-30 17:42:49.419,2,1.82,,512000000
2026-05-30 17:42:49.414,2,1.76,,512000000
2026-05-30 17:42:49.280,2,1.74,,512000000
2026-05-30 17:42:49.247,2,1.75,,512000000
2026-05-30 17:42:49.244,3,2.35,,512000000
2026-05-30 17:42:49.240,2,1.79,,512000000
2026-05-30 17:42:49.232,2,1.93,,512000000
2026-05-30 17:42:49.101,7,6.97,,512000000
2026-05-30 17:42:49.081,6,5.55,,512000000
2026-05-30 17:42:49.048,2,1.95,,512000000
2026-05-30 17:42:49.043,2,1.79,,512000000
2026-05-30 17:42:49.022,5,4.81,,512000000
2026-05-30 17:42:49.007,2,1.85,,512000000
2026-05-30 17:42:49.003,2,1.74,,512000000
2026-05-30 17:42:49.001,2,1.87,,512000000
2026-05-30 17:42:48.951,2,1.71,,512000000
2026-05-30 17:42:48.941,2,1.7,,512000000
2026-05-30 17:42:48.936,2,1.99,,512000000
2026-05-30 17:42:48.930,2,1.7,,512000000
2026-05-30 17:42:48.889,2,1.85,,512000000
2026-05-30 17:42:48.889,2,1.97,,512000000
2026-05-30 17:42:48.885,5,4.58,,512000000
2026-05-30 17:42:48.844,15,14.24,,512000000
2026-05-30 17:42:48.829,3,2.08,,512000000
2026-05-30 17:42:48.828,3,2.04,,512000000
2026-05-30 17:42:48.826,2,1.91,,512000000
2026-05-30 17:42:48.767,2,1.83,,512000000
2026-05-30 17:42:48.700,3,2.03,,512000000
2026-05-30 17:42:48.673,2,1.7,,512000000
2026-05-30 17:42:48.661,3,2.01,,512000000
2026-05-30 17:42:48.620,2,1.81,,512000000
2026-05-30 17:42:48.577,2,1.71,,512000000
2026-05-30 17:42:48.559,2,1.7,,512000000
2026-05-30 17:42:48.491,30,29.86,,512000000
2026-05-30 17:42:48.482,2,1.75,,512000000
2026-05-30 17:42:48.467,2,1.94,,512000000
2026-05-30 17:42:48.433,2,1.81,,512000000
2026-05-30 17:42:48.332,2,1.92,,512000000
2026-05-30 17:42:48.227,2,1.86,,512000000
2026-05-30 17:42:48.139,2,1.8,,512000000
2026-05-30 17:42:48.061,2,1.91,,512000000
2026-05-30 17:42:48.000,3,2,,512000000
2026-05-30 17:42:47.924,2,1.77,,512000000
2026-05-30 17:42:47.911,4,3.06,,512000000
2026-05-30 17:42:47.903,2,1.83,,512000000
2026-05-30 17:42:47.887,2,1.76,,512000000
2026-05-30 17:42:47.882,2,1.78,,512000000
2026-05-30 17:42:47.860,2,1.83,,512000000
2026-05-30 17:42:47.840,2,1.72,,512000000
2026-05-30 17:42:47.787,3,2.04,,512000000
2026-05-30 17:42:47.734,8,7.39,,512000000
2026-05-30 17:42:47.723,2,1.96,,512000000
2026-05-30 17:42:47.719,2,1.67,,512000000
2026-05-30 17:42:47.594,3,2.06,,512000000
2026-05-30 17:42:47.579,2,1.69,,512000000
2026-05-30 17:42:47.570,12,11.62,,512000000
2026-05-30 17:42:47.552,2,1.71,,512000000
2026-05-30 17:42:47.542,2,1.8,,512000000
2026-05-30 17:42:47.520,2,1.64,,512000000
2026-05-30 17:42:47.519,2,1.77,,512000000
2026-05-30 17:42:47.472,2,1.84,,512000000
2026-05-30 17:42:47.471,13,12.84,,512000000
2026-05-30 17:42:47.453,2,1.85,,512000000
2026-05-30 17:42:47.392,3,2.01,,512000000
2026-05-30 17:42:47.344,2,1.77,,512000000
2026-05-30 17:42:47.250,6,5.36,,512000000
2026-05-30 17:42:47.231,2,1.75,,512000000
2026-05-30 17:42:47.206,2,1.77,,512000000
2026-05-30 17:42:47.182,2,1.85,,512000000
2026-05-30 17:42:47.180,7,6.87,,512000000
2026-05-30 17:42:47.169,2,1.71,,512000000
2026-05-30 17:42:47.163,2,1.8,,512000000
2026-05-30 17:42:47.133,2,1.96,,512000000
2026-05-30 17:42:47.092,2,1.78,,512000000
2026-05-30 17:42:47.078,3,2.2,,512000000
2026-05-30 17:42:47.077,3,2.06,,512000000
2026-05-30 17:42:47.074,2,1.94,,512000000
2026-05-30 17:42:47.016,2,1.8,,512000000
2026-05-30 17:42:46.993,9,8.26,,512000000
2026-05-30 17:42:46.972,20,19.49,,512000000
2026-05-30 17:42:46.953,2,1.72,,512000000
2026-05-30 17:42:46.836,2,1.84,,512000000
2026-05-30 17:42:46.806,2,1.81,,512000000
2026-05-30 17:42:46.770,2,1.86,,512000000
2026-05-30 17:42:46.684,2,1.92,,512000000
2026-05-30 17:42:46.550,4,3.94,,512000000
2026-05-30 17:42:46.531,2,1.95,,512000000
2026-05-30 17:42:46.494,2,1.83,,512000000
2026-05-30 17:42:46.457,2,1.9,,512000000
2026-05-30 17:42:46.418,2,1.88,,512000000
2026-05-30 17:42:46.392,2,1.75,,512000000
2026-05-30 17:42:46.282,2,1.78,,512000000
2026-05-30 17:42:46.261,2,1.7,,512000000
2026-05-30 17:42:46.251,3,2.13,,512000000
2026-05-30 17:42:46.247,3,2.55,,512000000
2026-05-30 17:42:46.245,2,1.71,,512000000
2026-05-30 17:42:46.215,3,2.03,,512000000
2026-05-30 17:42:46.187,2,1.76,,512000000
2026-05-30 17:42:46.004,3,2.56,,512000000
2026-05-30 17:42:45.905,3,2.13,,512000000
2026-05-30 17:42:45.904,3,2.08,,512000000
2026-05-30 17:42:45.903,2,1.75,,512000000
2026-05-30 17:42:45.878,2,1.7,,512000000
2026-05-30 17:42:45.861,2,1.91,,512000000
2026-05-30 17:42:45.848,2,1.98,,512000000
2026-05-30 17:42:45.789,2,1.86,,512000000
2026-05-30 17:42:45.771,2,1.73,,512000000
2026-05-30 17:42:45.742,2,1.73,,512000000
2026-05-30 17:42:45.720,2,1.58,,512000000
2026-05-30 17:42:45.710,2,1.74,,512000000
2026-05-30 17:42:45.691,3,2.54,,512000000
2026-05-30 17:42:45.661,2,1.7,,512000000
2026-05-30 17:42:45.631,7,6.47,,512000000
2026-05-30 17:42:45.616,2,1.77,,512000000
2026-05-30 17:42:45.611,9,8.01,,512000000
2026-05-30 17:42:45.593,3,2.1,,512000000
2026-05-30 17:42:45.584,3,2.15,,512000000
2026-05-30 17:42:45.574,2,1.97,,512000000
2026-05-30 17:42:45.536,2,1.81,,512000000
2026-05-30 17:42:45.514,2,1.82,,512000000
2026-05-30 17:42:45.491,2,1.79,,512000000
2026-05-30 17:42:45.479,2,1.99,,512000000
2026-05-30 17:42:45.455,7,6.4,,512000000
2026-05-30 17:42:45.436,2,1.97,,512000000
2026-05-30 17:42:45.356,2,1.81,,512000000
2026-05-30 17:42:45.302,2,1.69,,512000000
2026-05-30 17:42:45.291,7,6.38,,512000000
2026-05-30 17:42:45.282,2,1.76,,512000000
2026-05-30 17:42:45.276,2,1.94,,512000000
2026-05-30 17:42:45.220,2,1.69,,512000000
2026-05-30 17:42:45.219,2,1.82,,512000000
2026-05-30 17:42:45.191,2,1.84,,512000000
2026-05-30 17:42:45.147,2,1.9,,512000000
2026-05-30 17:42:45.113,2,1.92,,512000000
2026-05-30 17:42:45.075,2,1.88,,512000000
2026-05-30 17:42:44.971,12,11.59,,512000000
2026-05-30 17:42:44.970,6,5.48,,512000000
2026-05-30 17:42:44.960,3,2.12,,512000000
2026-05-30 17:42:44.959,2,1.67,,512000000
2026-05-30 17:42:44.843,2,1.87,,512000000
2026-05-30 17:42:44.718,2,1.74,,512000000
2026-05-30 17:42:44.582,2,1.93,,512000000
2026-05-30 17:42:44.533,2,1.54,,512000000
2026-05-30 17:42:44.525,2,1.71,,512000000
2026-05-30 17:42:44.521,2,1.92,,512000000
2026-05-30 17:42:44.506,9,8.9,,512000000
2026-05-30 17:42:44.475,2,1.69,,512000000
2026-05-30 17:42:44.474,2,1.98,,512000000
2026-05-30 17:42:44.380,13,12.21,,512000000
2026-05-30 17:42:44.360,4,3.61,,512000000
2026-05-30 17:42:44.351,7,6.92,,512000000
2026-05-30 17:42:44.340,17,16.03,,512000000
2026-05-30 17:42:44.338,2,1.77,,512000000
2026-05-30 17:42:44.300,25,24.5,,512000000
2026-05-30 17:42:44.291,4,3.17,,512000000
2026-05-30 17:42:44.275,2,1.73,,512000000
2026-05-30 17:42:44.244,2,1.75,,512000000
2026-05-30 17:42:44.232,20,19.22,,512000000
2026-05-30 17:42:44.208,2,1.96,,512000000
2026-05-30 17:42:44.205,2,1.7,,512000000
2026-05-30 17:42:44.175,3,2.01,,512000000
2026-05-30 17:42:44.159,2,1.71,,512000000
2026-05-30 17:42:44.039,3,2.03,,512000000
2026-05-30 17:42:44.030,2,1.66,,512000000
2026-05-30 17:42:44.018,2,1.75,,512000000
2026-05-30 17:42:43.996,2,1.75,,512000000
2026-05-30 17:42:43.937,2,1.67,,512000000
2026-05-30 17:42:43.931,2,1.73,,512000000
2026-05-30 17:42:43.856,3,2.06,,512000000
2026-05-30 17:42:43.853,2,1.81,,512000000
2026-05-30 17:42:43.835,2,1.98,,512000000
2026-05-30 17:42:43.820,2,1.88,,512000000
2026-05-30 17:42:43.738,2,1.77,,512000000
2026-05-30 17:42:43.737,2,1.69,,512000000
2026-05-30 17:42:43.717,2,1.94,,512000000
2026-05-30 17:42:43.665,2,1.97,,512000000
2026-05-30 17:42:43.640,2,1.88,,512000000
2026-05-30 17:42:43.549,2,1.66,,512000000
2026-05-30 17:42:43.543,3,2.11,,512000000
2026-05-30 17:42:43.471,4,3.26,,512000000
2026-05-30 17:42:43.466,2,1.79,,512000000
2026-05-30 17:42:43.377,2,1.77,,512000000
2026-05-30 17:42:43.377,2,1.69,,512000000
2026-05-30 17:42:43.354,2,1.75,,512000000
2026-05-30 17:42:43.274,2,1.78,,512000000
2026-05-30 17:42:43.256,6,5.54,,512000000
2026-05-30 17:42:43.255,2,1.87,,512000000
2026-05-30 17:42:43.181,2,1.96,,512000000
2026-05-30 17:42:43.100,2,1.67,,512000000
2026-05-30 17:42:43.090,7,6.84,,512000000
2026-05-30 17:42:43.087,2,1.71,,512000000
2026-05-30 17:42:43.077,2,1.7,,512000000
2026-05-30 17:42:43.071,2,1.82,,512000000
2026-05-30 17:42:43.052,2,1.75,,512000000
2026-05-30 17:42:42.996,3,2.08,,512000000
2026-05-30 17:42:42.989,3,2.24,,512000000
2026-05-30 17:42:42.973,2,1.68,,512000000
2026-05-30 17:42:42.955,2,1.8,,512000000
2026-05-30 17:42:42.885,2,1.63,,512000000
2026-05-30 17:42:42.852,3,2.02,,512000000
2026-05-30 17:42:42.772,2,1.79,,512000000
2026-05-30 17:42:42.735,2,1.73,,512000000
2026-05-30 17:42:42.734,2,1.78,,512000000
2026-05-30 17:42:42.626,2,1.8,,512000000
2026-05-30 17:42:42.571,14,13.9,,512000000
2026-05-30 17:42:42.564,2,1.83,,512000000
2026-05-30 17:42:42.559,2,1.79,,512000000
2026-05-30 17:42:42.551,13,12.99,,512000000
2026-05-30 17:42:42.538,2,1.93,,512000000
2026-05-30 17:42:42.532,2,1.69,,512000000
2026-05-30 17:42:42.510,2,1.97,,512000000
2026-05-30 17:42:42.471,6,5.21,,512000000
2026-05-30 17:42:42.454,2,1.74,,512000000
2026-05-30 17:42:42.436,4,3.29,,512000000
2026-05-30 17:42:42.364,3,2.21,,512000000
2026-05-30 17:42:42.329,2,1.83,,512000000
2026-05-30 17:42:42.323,2,1.69,,512000000
2026-05-30 17:42:42.322,2,1.72,,512000000
2026-05-30 17:42:42.243,2,1.84,,512000000
2026-05-30 17:42:42.218,2,1.92,,512000000
2026-05-30 17:42:42.140,9,8.02,,512000000
2026-05-30 17:42:42.124,2,1.77,,512000000
2026-05-30 17:42:42.082,2,1.78,,512000000
2026-05-30 17:42:42.080,2,1.88,,512000000
2026-05-30 17:42:42.037,2,1.85,,512000000
2026-05-30 17:42:42.005,2,1.93,,512000000
2026-05-30 17:42:42.003,2,1.8,,512000000
2026-05-30 17:42:41.952,2,1.82,,512000000
2026-05-30 17:42:41.913,2,1.76,,512000000
2026-05-30 17:42:41.855,2,1.77,,512000000
2026-05-30 17:42:41.827,2,1.84,,512000000
2026-05-30 17:42:41.753,2,1.96,,512000000
2026-05-30 17:42:41.751,2,1.9,,512000000
2026-05-30 17:42:41.750,6,5.88,,512000000
2026-05-30 17:42:41.692,2,1.87,,512000000
2026-05-30 17:42:41.656,2,1.69,,512000000
2026-05-30 17:42:41.531,2,1.87,,512000000
2026-05-30 17:42:41.493,2,1.73,,512000000
2026-05-30 17:42:41.480,6,5.45,,512000000
2026-05-30 17:42:41.469,2,1.85,,512000000
2026-05-30 17:42:41.386,2,1.9,,512000000
2026-05-30 17:42:41.385,2,1.77,,512000000
2026-05-30 17:42:41.361,64,63.43,,512000000
2026-05-30 17:42:41.299,3,2.01,,512000000
2026-05-30 17:42:41.271,4,3.36,,512000000
2026-05-30 17:42:41.261,2,1.97,,512000000
2026-05-30 17:42:41.239,2,1.85,,512000000
2026-05-30 17:42:41.204,2,1.9,,512000000
2026-05-30 17:42:41.151,3,2.1,,512000000
2026-05-30 17:42:41.131,3,2.13,,512000000
2026-05-30 17:42:41.109,2,1.91,,512000000
2026-05-30 17:42:41.072,2,1.87,,512000000
2026-05-30 17:42:41.054,2,1.69,,512000000
2026-05-30 17:42:41.033,2,1.79,,512000000
2026-05-30 17:42:40.991,5,4.64,,512000000
2026-05-30 17:42:40.973,2,1.73,,512000000
2026-05-30 17:42:40.956,7,6.27,,512000000
2026-05-30 17:42:40.822,3,2.04,,512000000
2026-05-30 17:42:40.817,2,1.8,,512000000
2026-05-30 17:42:40.816,3,2.02,,512000000
2026-05-30 17:42:40.805,2,1.94,,512000000
2026-05-30 17:42:40.770,2,1.76,,512000000
2026-05-30 17:42:40.760,2,1.97,,512000000
2026-05-30 17:42:40.749,2,1.81,,512000000
2026-05-30 17:42:40.745,3,2.83,,512000000
2026-05-30 17:42:40.696,2,1.99,,512000000
2026-05-30 17:42:40.674,2,1.9,,512000000
2026-05-30 17:42:40.651,2,1.92,,512000000
2026-05-30 17:42:40.630,2,1.75,,512000000
2026-05-30 17:42:40.628,2,1.74,,512000000
2026-05-30 17:42:40.605,2,1.89,,512000000
2026-05-30 17:42:40.586,3,2.05,,512000000
2026-05-30 17:42:40.563,2,1.83,,512000000
2026-05-30 17:42:40.425,2,1.82,,512000000
2026-05-30 17:42:40.391,3,2.2,,512000000
2026-05-30 17:42:40.374,2,1.85,,512000000
2026-05-30 17:42:40.351,3,2.01,,512000000
2026-05-30 17:42:40.336,3,2.18,,512000000
2026-05-30 17:42:40.327,2,1.76,,512000000
2026-05-30 17:42:40.289,2,1.79,,512000000
2026-05-30 17:42:40.259,2,1.78,,512000000
2026-05-30 17:42:40.111,2,1.88,,512000000
2026-05-30 17:42:40.085,3,2.03,,512000000
2026-05-30 17:42:40.063,2,1.77,,512000000
2026-05-30 17:42:40.048,2,1.75,,512000000
2026-05-30 17:42:39.980,9,8.59,,512000000
2026-05-30 17:42:39.965,2,1.72,,512000000
2026-05-30 17:42:39.947,2,1.81,,512000000
2026-05-30 17:42:39.920,2,1.92,,512000000
2026-05-30 17:42:39.894,2,1.95,,512000000
2026-05-30 17:42:39.845,2,1.82,,512000000
2026-05-30 17:42:39.828,3,2.07,,512000000
2026-05-30 17:42:39.811,4,3.02,,512000000
2026-05-30 17:42:39.766,2,1.7,,512000000
2026-05-30 17:42:39.716,2,1.87,,512000000
2026-05-30 17:42:39.687,2,1.94,,512000000
2026-05-30 17:42:39.661,2,1.87,,512000000
2026-05-30 17:42:39.643,4,3.34,,512000000
2026-05-30 17:42:39.633,3,2.11,,512000000
2026-05-30 17:42:39.589,2,1.66,,512000000
2026-05-30 17:42:39.505,2,1.93,,512000000
2026-05-30 17:42:39.411,3,2.05,,512000000
2026-05-30 17:42:39.388,2,1.96,,512000000
2026-05-30 17:42:39.341,7,6.63,,512000000
2026-05-30 17:42:39.322,2,1.92,,512000000
2026-05-30 17:42:39.220,11,10.1,,512000000
2026-05-30 17:42:39.203,2,1.81,,512000000
2026-05-30 17:42:39.163,2,1.96,,512000000
2026-05-30 17:42:39.128,2,1.71,,512000000
2026-05-30 17:42:39.095,3,2.18,,512000000
2026-05-30 17:42:39.094,3,2.26,,512000000
2026-05-30 17:42:39.074,2,1.85,,512000000
2026-05-30 17:42:38.925,2,1.75,,512000000
2026-05-30 17:42:38.902,2,1.75,,512000000
2026-05-30 17:42:38.882,3,2.04,,512000000
2026-05-30 17:42:38.867,3,2.14,,512000000
2026-05-30 17:42:38.840,2,1.94,,512000000
2026-05-30 17:42:38.791,2,1.93,,512000000
2026-05-30 17:42:38.759,2,1.74,,512000000
2026-05-30 17:42:38.748,2,1.88,,512000000
2026-05-30 17:42:38.740,2,1.74,,512000000
2026-05-30 17:42:38.722,2,1.92,,512000000
2026-05-30 17:42:38.679,2,1.94,,512000000
2026-05-30 17:42:38.667,2,1.83,,512000000
2026-05-30 17:42:38.643,2,1.92,,512000000
2026-05-30 17:42:38.615,2,1.85,,512000000
2026-05-30 17:42:38.611,12,11.35,,512000000
2026-05-30 17:42:38.593,2,1.95,,512000000
2026-05-30 17:42:38.586,3,2.03,,512000000
2026-05-30 17:42:38.585,2,1.82,,512000000
2026-05-30 17:42:38.552,2,1.72,,512000000
2026-05-30 17:42:38.521,2,1.76,,512000000
2026-05-30 17:42:38.493,2,1.88,,512000000
2026-05-30 17:42:38.472,3,2.02,,512000000
2026-05-30 17:42:38.466,2,1.95,,512000000
2026-05-30 17:42:38.384,2,1.8,,512000000
2026-05-30 17:42:38.220,2,1.72,,512000000
2026-05-30 17:42:38.208,2,1.77,,512000000
2026-05-30 17:42:38.192,3,2.88,,512000000
2026-05-30 17:42:38.177,5,4.36,,512000000
2026-05-30 17:42:38.141,3,2.71,,512000000
2026-05-30 17:42:38.060,3,2.13,,512000000
2026-05-30 17:42:38.057,2,2,,512000000
2026-05-30 17:42:37.990,11,10.07,,512000000
2026-05-30 17:42:37.971,2,1.76,,512000000
2026-05-30 17:42:37.898,2,1.76,,512000000
2026-05-30 17:42:37.871,3,2.28,,512000000
2026-05-30 17:42:37.869,3,2.11,,512000000
2026-05-30 17:42:37.868,2,1.95,,512000000
2026-05-30 17:42:37.856,2,1.84,,512000000
2026-05-30 17:42:37.824,2,1.78,,512000000
2026-05-30 17:42:37.745,2,1.86,,512000000
2026-05-30 17:42:37.704,2,1.88,,512000000
2026-05-30 17:42:37.632,3,2.22,,512000000
2026-05-30 17:42:37.627,3,2.12,,512000000
2026-05-30 17:42:37.614,4,3.02,,512000000
2026-05-30 17:42:37.497,2,1.69,,512000000
2026-05-30 17:42:37.493,2,1.81,,512000000
2026-05-30 17:42:37.423,2,1.76,,512000000
2026-05-30 17:42:37.407,2,1.92,,512000000
2026-05-30 17:42:37.405,2,1.73,,512000000
2026-05-30 17:42:37.387,2,1.77,,512000000
2026-05-30 17:42:37.354,2,1.84,,512000000
2026-05-30 17:42:37.336,2,1.93,,512000000
2026-05-30 17:42:37.305,2,1.65,,512000000
2026-05-30 17:42:37.255,2,1.89,,512000000
2026-05-30 17:42:37.237,2,1.8,,512000000
2026-05-30 17:42:37.231,2,1.91,,512000000
2026-05-30 17:42:37.194,3,2.48,,512000000
2026-05-30 17:42:37.192,2,1.83,,512000000
2026-05-30 17:42:37.166,3,2.1,,512000000
2026-05-30 17:42:37.160,2,1.7,,512000000
2026-05-30 17:42:37.019,2,1.68,,512000000
2026-05-30 17:42:36.966,2,1.9,,512000000
2026-05-30 17:42:36.923,2,1.81,,512000000
2026-05-30 17:42:36.864,2,1.74,,512000000
2026-05-30 17:42:36.863,2,1.95,,512000000
2026-05-30 17:42:36.806,2,1.81,,512000000
2026-05-30 17:42:36.786,2,1.74,,512000000
2026-05-30 17:42:36.744,3,2.1,,512000000
2026-05-30 17:42:36.716,3,2.05,,512000000
2026-05-30 17:42:36.672,2,1.64,,512000000
2026-05-30 17:42:36.671,8,7.67,,512000000
2026-05-30 17:42:36.656,2,1.76,,512000000
2026-05-30 17:42:36.639,2,1.77,,512000000
2026-05-30 17:42:36.577,2,1.91,,512000000
2026-05-30 17:42:36.573,3,2.24,,512000000
2026-05-30 17:42:36.573,3,2.04,,512000000
2026-05-30 17:42:36.562,3,2.24,,512000000
2026-05-30 17:42:36.551,2,1.75,,512000000
2026-05-30 17:42:36.347,2,1.81,,512000000
2026-05-30 17:42:36.329,2,1.78,,512000000
2026-05-30 17:42:36.300,2,1.84,,512000000
2026-05-30 17:42:36.251,7,6.9,,512000000
2026-05-30 17:42:36.235,2,1.93,,512000000
2026-05-30 17:42:36.229,2,1.71,,512000000
2026-05-30 17:42:36.191,12,11.44,,512000000
2026-05-30 17:42:36.173,2,1.71,,512000000
2026-05-30 17:42:36.138,2,1.98,,512000000
2026-05-30 17:42:36.114,2,1.91,,512000000
2026-05-30 17:42:36.104,2,1.74,,512000000
2026-05-30 17:42:36.091,2,1.74,,512000000
2026-05-30 17:42:36.037,3,2.47,,512000000
2026-05-30 17:42:35.994,2,1.72,,512000000
2026-05-30 17:42:35.933,2,1.68,,512000000
2026-05-30 17:42:35.908,2,1.89,,512000000
2026-05-30 17:42:35.883,2,1.73,,512000000
2026-05-30 17:42:35.775,2,1.82,,512000000
2026-05-30 17:42:35.760,2,1.88,,512000000
2026-05-30 17:42:35.730,2,1.89,,512000000
2026-05-30 17:42:35.656,2,1.83,,512000000
2026-05-30 17:42:35.591,2,1.93,,512000000
2026-05-30 17:42:35.572,2,1.74,,512000000
2026-05-30 17:42:35.547,2,1.8,,512000000
2026-05-30 17:42:35.545,2,1.93,,512000000
2026-05-30 17:42:35.525,2,1.97,,512000000
2026-05-30 17:42:35.500,2,1.96,,512000000
2026-05-30 17:42:35.494,2,1.71,,512000000
2026-05-30 17:42:35.423,3,2.09,,512000000
2026-05-30 17:42:35.364,2,1.88,,512000000
2026-05-30 17:42:35.347,2,1.8,,512000000
2026-05-30 17:42:35.268,4,3.32,,512000000
2026-05-30 17:42:35.212,11,10.18,,512000000
2026-05-30 17:42:35.194,2,1.91,,512000000
2026-05-30 17:42:35.154,2,1.95,,512000000
2026-05-30 17:42:35.143,2,1.84,,512000000
2026-05-30 17:42:35.132,6,5.71,,512000000
2026-05-30 17:42:35.130,2,1.78,,512000000
2026-05-30 17:42:35.114,2,1.9,,512000000
2026-05-30 17:42:35.101,2,1.76,,512000000
2026-05-30 17:42:35.098,2,1.8,,512000000
2026-05-30 17:42:35.086,2,1.91,,512000000
2026-05-30 17:42:35.002,2,1.79,,512000000
2026-05-30 17:42:34.958,2,1.91,,512000000
2026-05-30 17:42:34.916,2,1.78,,512000000
2026-05-30 17:42:34.836,2,1.74,,512000000
2026-05-30 17:42:34.810,5,4.77,,512000000
2026-05-30 17:42:34.801,2,1.91,,512000000
2026-05-30 17:42:34.794,2,1.7,,512000000
2026-05-30 17:42:34.742,2,1.75,,512000000
2026-05-30 17:42:34.737,2,1.89,,512000000
2026-05-30 17:42:34.661,2,1.98,,512000000
2026-05-30 17:42:34.649,2,1.71,,512000000
2026-05-30 17:42:34.618,3,2.45,,512000000
2026-05-30 17:42:34.572,2,1.67,,512000000
2026-05-30 17:42:34.460,2,1.67,,512000000
2026-05-30 17:42:34.445,2,1.69,,512000000
2026-05-30 17:42:34.438,2,1.88,,512000000
2026-05-30 17:42:34.438,2,1.71,,512000000
2026-05-30 17:42:34.404,2,1.82,,512000000
2026-05-30 17:42:34.389,4,3.3,,512000000
2026-05-30 17:42:34.386,2,1.82,,512000000
2026-05-30 17:42:34.383,3,2.08,,512000000
2026-05-30 17:42:34.371,2,1.9,,512000000
2026-05-30 17:42:34.349,2,1.85,,512000000
2026-05-30 17:42:34.300,2,1.58,,512000000
2026-05-30 17:42:34.294,2,1.7,,512000000
2026-05-30 17:42:34.279,2,1.81,,512000000
2026-05-30 17:42:34.251,2,1.73,,512000000
2026-05-30 17:42:34.171,2,1.73,,512000000
2026-05-30 17:42:34.155,2,1.74,,512000000
2026-05-30 17:42:34.008,2,1.81,,512000000
2026-05-30 17:42:33.985,2,1.9,,512000000
2026-05-30 17:42:33.935,2,1.96,,512000000
2026-05-30 17:42:33.895,2,1.71,,512000000
2026-05-30 17:42:33.871,2,1.8,,512000000
2026-05-30 17:42:33.856,2,1.92,,512000000
2026-05-30 17:42:33.758,2,1.91,,512000000
2026-05-30 17:42:33.685,2,1.81,,512000000
2026-05-30 17:42:33.683,2,1.75,,512000000
2026-05-30 17:42:33.663,2,1.72,,512000000
2026-05-30 17:42:33.642,2,1.95,,512000000
2026-05-30 17:42:33.561,2,1.84,,512000000
2026-05-30 17:42:33.480,2,1.78,,512000000
2026-05-30 17:42:33.473,2,1.79,,512000000
2026-05-30 17:42:33.459,2,1.8,,512000000
2026-05-30 17:42:33.458,2,1.8,,512000000
2026-05-30 17:42:33.411,12,11.65,,512000000
2026-05-30 17:42:33.393,2,1.83,,512000000
2026-05-30 17:42:33.392,2,1.71,,512000000
2026-05-30 17:42:33.391,6,5.29,,512000000
2026-05-30 17:42:33.380,2,1.81,,512000000
2026-05-30 17:42:33.257,3,2.09,,512000000
2026-05-30 17:42:33.257,2,1.72,,512000000
2026-05-30 17:42:33.197,6,5.01,,512000000
2026-05-30 17:42:33.138,3,2.43,,512000000
2026-05-30 17:42:33.093,3,2.02,,512000000
2026-05-30 17:42:33.079,2,1.87,,512000000
2026-05-30 17:42:33.074,2,1.78,,512000000
2026-05-30 17:42:33.069,2,1.95,,512000000
2026-05-30 17:42:33.004,2,1.8,,512000000
2026-05-30 17:42:33.000,10,9.7,,512000000
2026-05-30 17:42:32.985,2,1.84,,512000000
2026-05-30 17:42:32.956,2,1.89,,512000000
2026-05-30 17:42:32.900,2,1.8,,512000000
2026-05-30 17:42:32.871,2,1.78,,512000000
2026-05-30 17:42:32.856,2,1.98,,512000000
2026-05-30 17:42:32.839,2,1.71,,512000000
2026-05-30 17:42:32.818,2,1.88,,512000000
2026-05-30 17:42:32.814,3,2,,512000000
2026-05-30 17:42:32.764,2,1.97,,512000000
2026-05-30 17:42:32.762,2,1.83,,512000000
2026-05-30 17:42:32.741,2,1.85,,512000000
2026-05-30 17:42:32.736,2,1.91,,512000000
2026-05-30 17:42:32.666,3,2.01,,512000000
2026-05-30 17:42:32.616,2,1.83,,512000000
2026-05-30 17:42:32.583,2,1.93,,512000000
2026-05-30 17:42:32.566,3,2.06,,512000000
2026-05-30 17:42:32.560,2,1.75,,512000000
2026-05-30 17:42:32.500,2,1.98,,512000000
2026-05-30 17:42:32.465,2,1.74,,512000000
2026-05-30 17:42:32.355,2,1.86,,512000000
2026-05-30 17:42:32.320,5,4.67,,512000000
2026-05-30 17:42:32.309,2,1.93,,512000000
2026-05-30 17:42:32.220,2,1.75,,512000000
2026-05-30 17:42:32.180,7,6.45,,512000000
2026-05-30 17:42:32.166,2,1.83,,512000000
2026-05-30 17:42:32.152,2,1.84,,512000000
2026-05-30 17:42:32.151,3,2.08,,512000000
2026-05-30 17:42:32.138,2,1.77,,512000000
2026-05-30 17:42:32.126,2,1.86,,512000000
2026-05-30 17:42:32.096,2,1.72,,512000000
2026-05-30 17:42:32.008,2,1.81,,512000000
2026-05-30 17:42:31.976,2,1.78,,512000000
2026-05-30 17:42:31.938,2,1.82,,512000000
2026-05-30 17:42:31.937,3,2.03,,512000000
2026-05-30 17:42:31.889,2,1.79,,512000000
2026-05-30 17:42:31.830,2,1.8,,512000000
2026-05-30 17:42:31.811,2,1.75,,512000000
2026-05-30 17:42:31.761,2,1.91,,512000000
2026-05-30 17:42:31.717,2,1.81,,512000000
2026-05-30 17:42:31.682,2,1.64,,512000000
2026-05-30 17:42:31.673,2,1.76,,512000000
2026-05-30 17:42:31.601,2,1.73,,512000000
2026-05-30 17:42:31.599,2,1.64,,512000000
2026-05-30 17:42:31.595,2,1.9,,512000000
2026-05-30 17:42:31.591,2,1.76,,512000000
2026-05-30 17:42:31.578,2,1.73,,512000000
2026-05-30 17:42:31.450,2,1.82,,512000000
2026-05-30 17:42:31.375,2,1.59,,512000000
2026-05-30 17:42:31.365,3,2.02,,512000000
2026-05-30 17:42:31.315,3,2.02,,512000000
2026-05-30 17:42:31.299,2,1.73,,512000000
2026-05-30 17:42:31.277,2,1.87,,512000000
2026-05-30 17:42:31.240,2,1.62,,512000000
2026-05-30 17:42:31.199,2,1.88,,512000000
2026-05-30 17:42:31.199,2,1.73,,512000000
2026-05-30 17:42:31.160,2,1.94,,512000000
2026-05-30 17:42:31.141,2,1.67,,512000000
2026-05-30 17:42:31.131,2,1.77,,512000000
2026-05-30 17:42:31.022,2,1.81,,512000000
2026-05-30 17:42:31.020,2,1.76,,512000000
2026-05-30 17:42:30.998,2,1.73,,512000000
2026-05-30 17:42:30.951,11,10.36,,512000000
2026-05-30 17:42:30.931,3,2.69,,512000000
2026-05-30 17:42:30.916,2,1.94,,512000000
2026-05-30 17:42:30.906,2,1.79,,512000000
2026-05-30 17:42:30.853,2,1.7,,512000000
2026-05-30 17:42:30.757,2,1.74,,512000000
2026-05-30 17:42:30.739,2,1.8,,512000000
2026-05-30 17:42:30.711,2,1.71,,512000000
2026-05-30 17:42:30.701,2,1.84,,512000000
2026-05-30 17:42:30.676,2,1.83,,512000000
2026-05-30 17:42:30.652,2,1.7,,512000000
2026-05-30 17:42:30.628,2,1.98,,512000000
2026-05-30 17:42:30.612,6,5.77,,512000000
2026-05-30 17:42:30.608,2,1.9,,512000000
2026-05-30 17:42:30.595,2,1.7,,512000000
2026-05-30 17:42:30.573,2,1.82,,512000000
2026-05-30 17:42:30.542,2,1.67,,512000000
2026-05-30 17:42:30.539,3,2.07,,512000000
2026-05-30 17:42:30.527,2,1.78,,512000000
2026-05-30 17:42:30.476,2,1.9,,512000000
2026-05-30 17:42:30.467,2,1.78,,512000000
2026-05-30 17:42:30.431,4,3.64,,512000000
2026-05-30 17:42:30.411,2,1.86,,512000000
2026-05-30 17:42:30.270,2,1.82,,512000000
2026-05-30 17:42:30.243,2,1.85,,512000000
2026-05-30 17:42:30.201,3,2.15,,512000000
2026-05-30 17:42:30.168,2,1.77,,512000000
2026-05-30 17:42:30.118,3,2.16,,512000000
2026-05-30 17:42:30.117,3,2.3,,512000000
2026-05-30 17:42:30.085,2,1.89,,512000000
2026-05-30 17:42:30.029,2,1.61,,512000000
2026-05-30 17:42:30.004,2,1.89,,512000000
2026-05-30 17:42:29.984,2,1.94,,512000000
2026-05-30 17:42:29.871,2,1.9,,512000000
2026-05-30 17:42:29.865,2,1.76,,512000000
2026-05-30 17:42:29.849,3,2.05,,512000000
2026-05-30 17:42:29.843,2,1.68,,512000000
2026-05-30 17:42:29.809,2,1.66,,512000000
2026-05-30 17:42:29.790,2,1.84,,512000000
2026-05-30 17:42:29.677,2,1.86,,512000000
2026-05-30 17:42:29.655,2,1.77,,512000000
2026-05-30 17:42:29.627,2,1.88,,512000000
2026-05-30 17:42:29.570,4,3.13,,512000000
2026-05-30 17:42:29.554,2,1.72,,512000000
2026-05-30 17:42:29.460,2,1.95,,512000000
2026-05-30 17:42:29.439,2,1.86,,512000000
2026-05-30 17:42:29.432,3,2,,512000000
2026-05-30 17:42:29.411,7,6.03,,512000000
2026-05-30 17:42:29.396,2,1.83,,512000000
2026-05-30 17:42:29.317,3,2.02,,512000000
2026-05-30 17:42:29.316,2,1.72,,512000000
2026-05-30 17:42:29.278,2,1.76,,512000000
2026-05-30 17:42:29.259,2,1.72,,512000000
2026-05-30 17:42:29.248,2,1.71,,512000000
2026-05-30 17:42:29.204,2,1.82,,512000000
2026-05-30 17:42:29.177,2,1.76,,512000000
2026-05-30 17:42:29.136,2,1.48,,512000000
2026-05-30 17:42:29.128,2,1.79,,512000000
2026-05-30 17:42:29.011,9,8.63,,512000000
2026-05-30 17:42:29.010,2,1.78,,512000000
2026-05-30 17:42:28.996,3,2.18,,512000000
2026-05-30 17:42:28.899,2,1.59,,512000000
2026-05-30 17:42:28.888,2,1.6,,512000000
2026-05-30 17:42:28.867,2,1.86,,512000000
2026-05-30 17:42:28.866,3,2.05,,512000000
2026-05-30 17:42:28.866,2,1.91,,512000000
2026-05-30 17:42:28.783,2,1.83,,512000000
2026-05-30 17:42:28.682,3,2.11,,512000000
2026-05-30 17:42:28.678,2,1.79,,512000000
2026-05-30 17:42:28.678,3,2.13,,512000000
2026-05-30 17:42:28.664,2,1.84,,512000000
2026-05-30 17:42:28.586,2,1.78,,512000000
2026-05-30 17:42:28.565,2,1.85,,512000000
2026-05-30 17:42:28.519,2,1.7,,512000000
2026-05-30 17:42:28.491,4,3.77,,512000000
2026-05-30 17:42:28.471,5,4.32,,512000000
2026-05-30 17:42:28.456,2,1.66,,512000000
2026-05-30 17:42:28.454,2,1.83,,512000000
2026-05-30 17:42:28.436,3,2.12,,512000000
2026-05-30 17:42:28.432,3,2.18,,512000000
2026-05-30 17:42:28.355,2,1.65,,512000000
2026-05-30 17:42:28.339,2,1.8,,512000000
2026-05-30 17:42:28.338,2,1.61,,512000000
2026-05-30 17:42:28.273,2,1.66,,512000000
2026-05-30 17:42:28.247,2,1.6,,512000000
2026-05-30 17:42:28.223,2,1.84,,512000000
2026-05-30 17:42:28.221,2,1.81,,512000000
2026-05-30 17:42:28.220,2,1.98,,512000000
2026-05-30 17:42:28.152,7,6.19,,512000000
2026-05-30 17:42:28.135,2,1.83,,512000000
2026-05-30 17:42:28.087,2,1.77,,512000000
2026-05-30 17:42:28.053,2,1.87,,512000000
2026-05-30 17:42:28.045,2,1.7,,512000000
2026-05-30 17:42:27.975,2,1.87,,512000000
2026-05-30 17:42:27.968,3,2.18,,512000000
2026-05-30 17:42:27.924,2,1.96,,512000000
2026-05-30 17:42:27.924,2,1.81,,512000000
2026-05-30 17:42:27.775,3,2,,512000000
2026-05-30 17:42:27.756,2,1.76,,512000000
2026-05-30 17:42:27.739,2,1.83,,512000000
2026-05-30 17:42:27.739,2,1.8,,512000000
2026-05-30 17:42:27.715,3,2.06,,512000000
2026-05-30 17:42:27.675,2,1.86,,512000000
2026-05-30 17:42:27.591,7,6.15,,512000000
2026-05-30 17:42:27.578,2,1.84,,512000000
2026-05-30 17:42:27.522,5,4.16,,512000000
2026-05-30 17:42:27.434,2,1.53,,512000000
2026-05-30 17:42:27.427,2,1.81,,512000000
2026-05-30 17:42:27.369,2,1.96,,512000000
2026-05-30 17:42:27.321,3,2.18,,512000000
2026-05-30 17:42:27.319,2,1.74,,512000000
2026-05-30 17:42:27.292,2,1.77,,512000000
2026-05-30 17:42:27.270,2,1.8,,512000000
2026-05-30 17:42:27.229,2,1.92,,512000000
2026-05-30 17:42:27.228,2,1.76,,512000000
2026-05-30 17:42:27.193,2,1.9,,512000000
2026-05-30 17:42:27.132,2,1.78,,512000000
2026-05-30 17:42:27.110,2,1.83,,512000000
2026-05-30 17:42:27.080,3,2.99,,512000000
2026-05-30 17:42:27.066,2,1.83,,512000000
2026-05-30 17:42:27.060,2,1.76,,512000000
2026-05-30 17:42:27.059,2,1.85,,512000000
2026-05-30 17:42:26.993,2,1.69,,512000000
2026-05-30 17:42:26.950,2,1.75,,512000000
2026-05-30 17:42:26.824,2,1.67,,512000000
2026-05-30 17:42:26.695,2,1.69,,512000000
2026-05-30 17:42:26.694,2,1.76,,512000000
2026-05-30 17:42:26.686,2,1.9,,512000000
2026-05-30 17:42:26.670,2,1.81,,512000000
2026-05-30 17:42:26.644,2,1.87,,512000000
2026-05-30 17:42:26.644,2,1.7,,512000000
2026-05-30 17:42:26.591,3,2.13,,512000000
2026-05-30 17:42:26.571,2,1.93,,512000000
2026-05-30 17:42:26.533,15,14.56,,512000000
2026-05-30 17:42:26.457,2,1.92,,512000000
2026-05-30 17:42:26.451,2,1.68,,512000000
2026-05-30 17:42:26.436,2,1.66,,512000000
2026-05-30 17:42:26.423,2,1.67,,512000000
2026-05-30 17:42:26.391,2,1.79,,512000000
2026-05-30 17:42:26.365,2,1.81,,512000000
2026-05-30 17:42:26.329,2,1.83,,512000000
2026-05-30 17:42:26.306,3,2.11,,512000000
2026-05-30 17:42:26.296,3,2.54,,512000000
2026-05-30 17:42:26.260,2,1.74,,512000000
2026-05-30 17:42:26.228,2,1.79,,512000000
2026-05-30 17:42:26.154,2,1.93,,512000000
2026-05-30 17:42:26.106,3,2.06,,512000000
2026-05-30 17:42:26.055,3,2.06,,512000000
2026-05-30 17:42:26.047,2,1.77,,512000000
2026-05-30 17:42:25.989,3,2.31,,512000000
2026-05-30 17:42:25.985,2,1.91,,512000000
2026-05-30 17:42:25.980,3,2.06,,512000000
2026-05-30 17:42:25.961,2,1.77,,512000000
2026-05-30 17:42:25.884,2,1.75,,512000000
2026-05-30 17:42:25.875,2,1.77,,512000000
2026-05-30 17:42:25.843,2,1.77,,512000000
2026-05-30 17:42:25.841,2,1.83,,512000000
2026-05-30 17:42:25.782,2,1.76,,512000000
2026-05-30 17:42:25.759,2,1.93,,512000000
2026-05-30 17:42:25.745,2,1.82,,512000000
2026-05-30 17:42:25.718,3,2.24,,512000000
2026-05-30 17:42:25.711,2,1.92,,512000000
2026-05-30 17:42:25.690,2,1.77,,512000000
2026-05-30 17:42:25.674,2,1.73,,512000000
2026-05-30 17:42:25.634,2,1.7,,512000000
2026-05-30 17:42:25.511,2,1.77,,512000000
2026-05-30 17:42:25.509,2,1.79,,512000000
2026-05-30 17:42:25.393,2,1.83,,512000000
2026-05-30 17:42:25.354,2,1.96,,512000000
2026-05-30 17:42:25.247,2,1.78,,512000000
2026-05-30 17:42:25.202,2,1.73,,512000000
2026-05-30 17:42:25.168,2,1.94,,512000000
2026-05-30 17:42:25.165,3,2.03,,512000000
2026-05-30 17:42:25.122,2,1.81,,512000000
2026-05-30 17:42:25.100,7,6.67,,512000000
2026-05-30 17:42:25.083,2,1.86,,512000000
2026-05-30 17:42:25.005,2,1.92,,512000000
2026-05-30 17:42:24.975,2,1.78,,512000000
2026-05-30 17:42:24.972,2,1.86,,512000000
2026-05-30 17:42:24.970,7,6.51,,512000000
2026-05-30 17:42:24.952,2,1.67,,512000000
2026-05-30 17:42:24.952,2,1.77,,512000000
2026-05-30 17:42:24.945,2,1.95,,512000000
2026-05-30 17:42:24.857,2,1.81,,512000000
2026-05-30 17:42:24.842,2,1.88,,512000000
2026-05-30 17:42:24.831,3,2.37,,512000000
2026-05-30 17:42:24.828,2,1.79,,512000000
2026-05-30 17:42:24.800,2,1.86,,512000000
2026-05-30 17:42:24.799,2,1.75,,512000000
2026-05-30 17:42:24.768,2,1.75,,512000000
2026-05-30 17:42:24.731,2,1.76,,512000000
2026-05-30 17:42:24.719,2,1.72,,512000000
2026-05-30 17:42:24.706,2,1.75,,512000000
2026-05-30 17:42:24.651,3,2.21,,512000000
2026-05-30 17:42:24.642,2,1.9,,512000000
2026-05-30 17:42:24.563,2,1.75,,512000000
2026-05-30 17:42:24.534,2,1.97,,512000000
2026-05-30 17:42:24.508,2,1.81,,512000000
2026-05-30 17:42:24.482,3,2.05,,512000000
2026-05-30 17:42:24.478,2,1.96,,512000000
2026-05-30 17:42:24.472,2,1.89,,512000000
2026-05-30 17:42:24.465,2,1.72,,512000000
2026-05-30 17:42:24.411,2,2,,512000000
2026-05-30 17:42:24.274,2,1.91,,512000000
2026-05-30 17:42:24.268,2,1.78,,512000000
2026-05-30 17:42:24.244,3,2,,512000000
2026-05-30 17:42:24.224,2,1.92,,512000000
2026-05-30 17:42:24.175,2,1.88,,512000000
2026-05-30 17:42:24.104,3,2.17,,512000000
2026-05-30 17:42:24.100,2,1.95,,512000000
2026-05-30 17:42:24.100,2,1.8,,512000000
2026-05-30 17:42:24.019,2,1.84,,512000000
2026-05-30 17:42:23.978,3,2.2,,512000000
2026-05-30 17:42:23.920,6,5.02,,512000000
2026-05-30 17:42:23.909,2,1.94,,512000000
2026-05-30 17:42:23.887,2,1.97,,512000000
2026-05-30 17:42:23.884,3,2.58,,512000000
2026-05-30 17:42:23.851,6,5.4,,512000000
2026-05-30 17:42:23.834,2,1.8,,512000000
2026-05-30 17:42:23.806,2,1.84,,512000000
2026-05-30 17:42:23.770,2,1.78,,512000000
2026-05-30 17:42:23.724,3,2.04,,512000000
2026-05-30 17:42:23.559,2,1.73,,512000000
2026-05-30 17:42:23.511,5,4.78,,512000000
2026-05-30 17:42:23.499,2,1.72,,512000000
2026-05-30 17:42:23.454,11,10.18,,512000000
2026-05-30 17:42:23.435,2,1.66,,512000000
2026-05-30 17:42:23.388,2,1.84,,512000000
2026-05-30 17:42:23.296,2,1.73,,512000000
2026-05-30 17:42:23.245,2,1.67,,512000000
2026-05-30 17:42:23.172,2,1.86,,512000000
2026-05-30 17:42:23.170,3,2.59,,512000000
2026-05-30 17:42:23.142,2,1.91,,512000000
2026-05-30 17:42:23.140,2,1.7,,512000000
2026-05-30 17:42:23.083,2,1.88,,512000000
2026-05-30 17:42:23.064,2,1.94,,512000000
2026-05-30 17:42:23.061,2,1.87,,512000000
2026-05-30 17:42:23.027,2,1.92,,512000000
2026-05-30 17:42:23.026,2,1.82,,512000000
2026-05-30 17:42:23.011,2,1.9,,512000000
2026-05-30 17:42:23.009,2,1.76,,512000000
2026-05-30 17:42:22.955,2,1.71,,512000000
2026-05-30 17:42:22.950,2,1.83,,512000000
2026-05-30 17:42:22.945,2,1.88,,512000000
2026-05-30 17:42:22.918,2,1.72,,512000000
2026-05-30 17:42:22.872,13,12.96,,512000000
2026-05-30 17:42:22.869,3,2.07,,512000000
2026-05-30 17:42:22.868,2,1.7,,512000000
2026-05-30 17:42:22.853,2,1.84,,512000000
2026-05-30 17:42:22.816,2,1.78,,512000000
2026-05-30 17:42:22.780,2,1.86,,512000000
2026-05-30 17:42:22.776,2,1.87,,512000000
2026-05-30 17:42:22.651,2,1.66,,512000000
2026-05-30 17:42:22.582,2,1.77,,512000000
2026-05-30 17:42:22.577,2,1.89,,512000000
2026-05-30 17:42:22.562,3,2.08,,512000000
2026-05-30 17:42:22.562,2,1.91,,512000000
2026-05-30 17:42:22.529,2,1.82,,512000000
2026-05-30 17:42:22.507,3,2.03,,512000000
2026-05-30 17:42:22.491,3,2.01,,512000000
2026-05-30 17:42:22.434,2,1.77,,512000000
2026-05-30 17:42:22.384,2,1.83,,512000000
2026-05-30 17:42:22.259,2,1.85,,512000000
2026-05-30 17:42:22.218,2,1.7,,512000000
2026-05-30 17:42:22.195,2,1.83,,512000000
2026-05-30 17:42:22.159,2,1.65,,512000000
2026-05-30 17:42:22.140,2,1.7,,512000000
2026-05-30 17:42:22.121,2,1.91,,512000000
2026-05-30 17:42:22.100,2,1.84,,512000000
2026-05-30 17:42:21.948,3,2.21,,512000000
2026-05-30 17:42:21.887,2,1.79,,512000000
2026-05-30 17:42:21.886,2,1.65,,512000000
2026-05-30 17:42:21.871,2,1.82,,512000000
2026-05-30 17:42:21.839,2,1.88,,512000000
2026-05-30 17:42:21.813,2,1.78,,512000000
2026-05-30 17:42:21.794,2,1.92,,512000000
2026-05-30 17:42:21.747,3,2.87,,512000000
2026-05-30 17:42:21.744,2,1.78,,512000000
2026-05-30 17:42:21.677,2,1.77,,512000000
2026-05-30 17:42:21.671,6,5.91,,512000000
2026-05-30 17:42:21.655,2,1.72,,512000000
2026-05-30 17:42:21.649,2,1.75,,512000000
2026-05-30 17:42:21.633,2,1.84,,512000000
2026-05-30 17:42:21.570,2,1.89,,512000000
2026-05-30 17:42:21.546,2,1.55,,512000000
2026-05-30 17:42:21.517,2,1.75,,512000000
2026-05-30 17:42:21.511,2,1.91,,512000000
2026-05-30 17:42:21.456,2,1.69,,512000000
2026-05-30 17:42:21.413,2,1.78,,512000000
2026-05-30 17:42:21.395,3,2.09,,512000000
2026-05-30 17:42:21.392,2,1.87,,512000000
2026-05-30 17:42:21.326,2,1.97,,512000000
2026-05-30 17:42:21.277,2,1.92,,512000000
2026-05-30 17:42:21.240,7,6.9,,512000000
2026-05-30 17:42:21.226,2,1.68,,512000000
2026-05-30 17:42:21.216,3,2.2,,512000000
2026-05-30 17:42:21.208,3,2.21,,512000000
2026-05-30 17:42:21.090,2,1.72,,512000000
2026-05-30 17:42:21.044,2,1.79,,512000000
2026-05-30 17:42:21.011,2,1.81,,512000000
2026-05-30 17:42:21.005,2,1.93,,512000000
2026-05-30 17:42:20.983,2,1.82,,512000000
2026-05-30 17:42:20.954,2,1.73,,512000000
2026-05-30 17:42:20.954,2,1.72,,512000000
2026-05-30 17:42:20.933,2,1.96,,512000000
2026-05-30 17:42:20.920,2,1.68,,512000000
2026-05-30 17:42:20.910,2,1.98,,512000000
2026-05-30 17:42:20.876,2,1.75,,512000000
2026-05-30 17:42:20.848,2,1.83,,512000000
2026-05-30 17:42:20.811,3,2.14,,512000000
2026-05-30 17:42:20.800,2,1.85,,512000000
2026-05-30 17:42:20.778,2,1.71,,512000000
2026-05-30 17:42:20.771,2,1.95,,512000000
2026-05-30 17:42:20.702,2,1.8,,512000000
2026-05-30 17:42:20.619,2,1.65,,512000000
2026-05-30 17:42:20.583,3,2.23,,512000000
2026-05-30 17:42:20.580,9,8.13,,512000000
2026-05-30 17:42:20.564,2,2,,512000000
2026-05-30 17:42:20.554,3,2.08,,512000000
2026-05-30 17:42:20.341,2,1.89,,512000000
2026-05-30 17:42:20.324,2,1.94,,512000000
2026-05-30 17:42:20.293,2,1.75,,512000000
2026-05-30 17:42:20.273,3,2.14,,512000000
2026-05-30 17:42:20.272,3,2.73,,512000000
2026-05-30 17:42:20.251,5,4.4,,512000000
2026-05-30 17:42:20.239,2,1.82,,512000000
2026-05-30 17:42:20.215,2,1.75,,512000000
2026-05-30 17:42:20.105,2,1.79,,512000000
2026-05-30 17:42:20.027,2,1.9,,512000000
2026-05-30 17:42:20.020,6,5.07,,512000000
2026-05-30 17:42:20.004,2,1.77,,512000000
2026-05-30 17:42:19.997,2,1.91,,512000000
2026-05-30 17:42:19.973,3,2.28,,512000000
2026-05-30 17:42:19.965,3,2.04,,512000000
2026-05-30 17:42:19.860,14,13.02,,512000000
2026-05-30 17:42:19.841,4,3.14,,512000000
2026-05-30 17:42:19.821,2,1.91,,512000000
2026-05-30 17:42:19.749,5,4.03,,512000000
2026-05-30 17:42:19.736,3,2.17,,512000000
2026-05-30 17:42:19.731,3,2.73,,512000000
2026-05-30 17:42:19.715,2,1.75,,512000000
2026-05-30 17:42:19.697,2,1.7,,512000000
2026-05-30 17:42:19.612,2,1.78,,512000000
2026-05-30 17:42:19.599,2,1.86,,512000000
2026-05-30 17:42:19.511,8,7.65,,512000000
2026-05-30 17:42:19.505,2,1.81,,512000000
2026-05-30 17:42:19.495,2,1.71,,512000000
2026-05-30 17:42:19.482,2,1.97,,512000000
2026-05-30 17:42:19.469,2,1.73,,512000000
2026-05-30 17:42:19.445,2,1.78,,512000000
2026-05-30 17:42:19.391,5,4.33,,512000000
2026-05-30 17:42:19.372,3,2.1,,512000000
2026-05-30 17:42:19.364,3,2.11,,512000000
2026-05-30 17:42:19.362,3,2.05,,512000000
2026-05-30 17:42:19.358,3,2.14,,512000000
2026-05-30 17:42:19.248,3,2.09,,512000000
2026-05-30 17:42:19.240,3,2.01,,512000000
2026-05-30 17:42:19.223,2,1.84,,512000000
2026-05-30 17:42:19.102,4,3.8,,512000000
2026-05-30 17:42:19.089,2,1.88,,512000000
2026-05-30 17:42:19.083,3,2.14,,512000000
2026-05-30 17:42:19.063,2,1.89,,512000000
2026-05-30 17:42:19.061,2,1.77,,512000000
2026-05-30 17:42:18.945,2,1.85,,512000000
2026-05-30 17:42:18.938,2,1.99,,512000000
2026-05-30 17:42:18.917,2,1.78,,512000000
2026-05-30 17:42:18.904,2,1.81,,512000000
2026-05-30 17:42:18.888,2,1.64,,512000000
2026-05-30 17:42:18.886,2,1.78,,512000000
2026-05-30 17:42:18.822,2,1.88,,512000000
2026-05-30 17:42:18.789,2,1.95,,512000000
2026-05-30 17:42:18.719,2,1.7,,512000000
2026-05-30 17:42:18.695,2,1.73,,512000000
2026-05-30 17:42:18.623,2,1.87,,512000000
2026-05-30 17:42:18.563,2,1.8,,512000000
2026-05-30 17:42:18.501,5,4.55,,512000000
2026-05-30 17:42:18.482,10,9.15,,512000000
2026-05-30 17:42:18.467,2,1.82,,512000000
2026-05-30 17:42:18.443,2,1.86,,512000000
2026-05-30 17:42:18.306,2,1.83,,512000000
2026-05-30 17:42:18.282,8,7.49,,512000000
2026-05-30 17:42:18.270,3,2.05,,512000000
2026-05-30 17:42:18.267,2,1.73,,512000000
2026-05-30 17:42:18.221,4,3.38,,512000000
2026-05-30 17:42:18.202,2,1.87,,512000000
2026-05-30 17:42:18.112,2,1.89,,512000000
2026-05-30 17:42:18.076,2,1.89,,512000000
2026-05-30 17:42:18.032,2,1.97,,512000000
2026-05-30 17:42:18.004,3,2.03,,512000000
2026-05-30 17:42:17.985,15,14.13,,512000000
2026-05-30 17:42:17.962,5,4.58,,512000000
2026-05-30 17:42:17.950,2,1.75,,512000000
2026-05-30 17:42:17.945,5,4.12,,512000000
2026-05-30 17:42:17.911,19,18.25,,512000000
2026-05-30 17:42:17.906,2,1.72,,512000000
2026-05-30 17:42:17.883,2,1.95,,512000000
2026-05-30 17:42:17.848,3,2.11,,512000000
2026-05-30 17:42:17.830,6,5.1,,512000000
2026-05-30 17:42:17.822,2,1.62,,512000000
2026-05-30 17:42:17.749,3,2.53,,512000000
2026-05-30 17:42:17.747,3,2.16,,512000000
2026-05-30 17:42:17.719,2,1.94,,512000000
2026-05-30 17:42:17.692,20,19.39,,512000000
2026-05-30 17:42:17.660,2,1.86,,512000000
2026-05-30 17:42:17.653,3,2.04,,512000000
2026-05-30 17:42:17.623,4,3.4,,512000000
2026-05-30 17:42:17.596,2,1.83,,512000000
2026-05-30 17:42:17.577,2,1.83,,512000000
2026-05-30 17:42:17.556,4,3.56,,512000000
2026-05-30 17:42:17.528,2,1.98,,512000000
2026-05-30 17:42:17.412,7,6.47,,512000000
2026-05-30 17:42:17.391,10,9.3,,512000000
2026-05-30 17:42:17.379,2,1.75,,512000000
2026-05-30 17:42:17.373,2,1.74,,512000000
2026-05-30 17:42:17.228,3,2.19,,512000000
2026-05-30 17:42:17.079,3,2.09,,512000000
2026-05-30 17:42:17.017,2,1.93,,512000000
2026-05-30 17:42:16.983,2,1.7,,512000000
2026-05-30 17:42:16.980,2,1.69,,512000000
2026-05-30 17:42:16.949,2,1.88,,512000000
2026-05-30 17:42:16.917,3,2.52,,512000000
2026-05-30 17:42:16.915,2,1.88,,512000000
2026-05-30 17:42:16.883,2,1.81,,512000000
2026-05-30 17:42:16.847,2,1.75,,512000000
2026-05-30 17:42:16.817,16,15.23,,512000000
2026-05-30 17:42:16.792,2,1.87,,512000000
2026-05-30 17:42:16.786,3,2.98,,512000000
2026-05-30 17:42:16.781,3,2.04,,512000000
2026-05-30 17:42:16.730,2,1.89,,512000000
2026-05-30 17:42:16.712,7,6.52,,512000000
2026-05-30 17:42:16.638,2,1.84,,512000000
2026-05-30 17:42:16.566,2,1.96,,512000000
2026-05-30 17:42:16.559,2,1.86,,512000000
2026-05-30 17:42:16.540,3,2.68,,512000000
2026-05-30 17:42:16.513,2,1.87,,512000000
2026-05-30 17:42:16.469,2,1.92,,512000000
2026-05-30 17:42:16.427,3,2.08,,512000000
2026-05-30 17:42:16.423,2,1.56,,512000000
2026-05-30 17:42:16.295,2,1.68,,512000000
2026-05-30 17:42:16.206,3,2.15,,512000000
2026-05-30 17:42:16.202,2,1.79,,512000000
2026-05-30 17:42:16.200,2,1.98,,512000000
2026-05-30 17:42:16.141,2,1.91,,512000000
2026-05-30 17:42:16.080,3,2.86,,512000000
2026-05-30 17:42:16.054,2,1.8,,512000000
2026-05-30 17:42:16.051,3,2,,512000000
2026-05-30 17:42:16.005,2,1.98,,512000000
2026-05-30 17:42:15.960,3,2.16,,512000000
2026-05-30 17:42:15.950,2,1.74,,512000000
2026-05-30 17:42:15.935,2,1.86,,512000000
2026-05-30 17:42:15.935,2,1.85,,512000000
2026-05-30 17:42:15.908,2,1.75,,512000000
2026-05-30 17:42:15.894,2,1.72,,512000000
2026-05-30 17:42:15.853,2,1.76,,512000000
2026-05-30 17:42:15.849,3,2.04,,512000000
2026-05-30 17:42:15.731,2,1.83,,512000000
2026-05-30 17:42:15.722,3,2.57,,512000000
2026-05-30 17:42:15.704,3,2.09,,512000000
2026-05-30 17:42:15.662,20,19.19,,512000000
2026-05-30 17:42:15.616,2,1.8,,512000000
2026-05-30 17:42:15.584,2,1.81,,512000000
2026-05-30 17:42:15.562,7,6.72,,512000000
2026-05-30 17:42:15.560,2,1.84,,512000000
2026-05-30 17:42:15.543,2,1.73,,512000000
2026-05-30 17:42:15.504,3,2.21,,512000000
2026-05-30 17:42:15.491,2,1.84,,512000000
2026-05-30 17:42:15.484,2,1.84,,512000000
2026-05-30 17:42:15.407,3,2.01,,512000000
2026-05-30 17:42:15.404,2,1.91,,512000000
2026-05-30 17:42:15.373,2,1.94,,512000000
2026-05-30 17:42:15.350,2,1.84,,512000000
2026-05-30 17:42:15.343,3,2.02,,512000000
2026-05-30 17:42:15.329,2,1.93,,512000000
2026-05-30 17:42:15.164,2,1.74,,512000000
2026-05-30 17:42:15.146,2,1.83,,512000000
2026-05-30 17:42:15.099,2,1.98,,512000000
2026-05-30 17:42:15.016,3,2.11,,512000000
2026-05-30 17:42:14.988,2,1.94,,512000000
2026-05-30 17:42:14.907,2,1.88,,512000000
2026-05-30 17:42:14.868,2,1.76,,512000000
2026-05-30 17:42:14.862,3,2.59,,512000000
2026-05-30 17:42:14.844,12,11.04,,512000000
2026-05-30 17:42:14.810,3,2.14,,512000000
2026-05-30 17:42:14.807,2,1.75,,512000000
2026-05-30 17:42:14.777,2,1.73,,512000000
2026-05-30 17:42:14.771,3,2.14,,512000000
2026-05-30 17:42:14.770,2,1.87,,512000000
2026-05-30 17:42:14.711,2,1.97,,512000000
2026-05-30 17:42:14.695,3,2.04,,512000000
2026-05-30 17:42:14.644,3,2.15,,512000000
2026-05-30 17:42:14.599,2,1.99,,512000000
2026-05-30 17:42:14.598,2,1.87,,512000000
2026-05-30 17:42:14.579,3,2.67,,512000000
2026-05-30 17:42:14.562,2,1.87,,512000000
2026-05-30 17:42:14.538,4,3.14,,512000000
2026-05-30 17:42:14.405,2,1.7,,512000000
2026-05-30 17:42:14.345,3,2,,512000000
2026-05-30 17:42:14.320,8,7.87,,512000000
2026-05-30 17:42:14.300,8,7.93,,512000000
2026-05-30 17:42:14.287,2,1.86,,512000000
2026-05-30 17:42:14.286,2,1.89,,512000000
2026-05-30 17:42:14.252,2,1.98,,512000000
2026-05-30 17:42:14.238,2,1.89,,512000000
2026-05-30 17:42:14.186,2,1.78,,512000000
2026-05-30 17:42:14.184,2,1.91,,512000000
2026-05-30 17:42:14.166,2,1.86,,512000000
2026-05-30 17:42:14.116,3,2.18,,512000000
2026-05-30 17:42:14.093,2,1.7,,512000000
2026-05-30 17:42:14.027,2,1.7,,512000000
2026-05-30 17:42:14.025,3,2.13,,512000000
2026-05-30 17:42:13.997,2,1.94,,512000000
2026-05-30 17:42:13.917,2,1.72,,512000000
2026-05-30 17:42:13.886,2,1.82,,512000000
2026-05-30 17:42:13.886,2,1.81,,512000000
2026-05-30 17:42:13.706,2,1.75,,512000000
2026-05-30 17:42:13.658,5,4.86,,512000000
2026-05-30 17:42:13.619,20,19.19,,512000000
2026-05-30 17:42:13.560,8,7.65,,512000000
2026-05-30 17:42:13.558,2,1.93,,512000000
2026-05-30 17:42:13.550,2,1.96,,512000000
2026-05-30 17:42:13.544,2,1.79,,512000000
2026-05-30 17:42:13.531,2,1.94,,512000000
2026-05-30 17:42:13.515,2,1.86,,512000000
2026-05-30 17:42:13.497,2,1.85,,512000000
2026-05-30 17:42:13.477,2,1.97,,512000000
2026-05-30 17:42:13.442,2,1.89,,512000000
2026-05-30 17:42:13.434,2,1.95,,512000000
2026-05-30 17:42:13.418,2,1.64,,512000000
2026-05-30 17:42:13.414,3,2.07,,512000000
2026-05-30 17:42:13.414,2,1.76,,512000000
2026-05-30 17:42:13.388,2,1.87,,512000000
2026-05-30 17:42:13.275,2,1.72,,512000000
2026-05-30 17:42:13.197,2,1.75,,512000000
2026-05-30 17:42:13.174,2,1.75,,512000000
2026-05-30 17:42:13.142,2,1.77,,512000000
2026-05-30 17:42:13.071,2,1.8,,512000000
2026-05-30 17:42:13.057,2,1.84,,512000000
2026-05-30 17:42:13.036,2,1.81,,512000000
2026-05-30 17:42:13.029,3,2.56,,512000000
2026-05-30 17:42:13.025,2,1.97,,512000000
2026-05-30 17:42:12.847,2,1.8,,512000000
2026-05-30 17:42:12.804,2,1.86,,512000000
2026-05-30 17:42:12.761,3,2.17,,512000000
2026-05-30 17:42:12.755,2,1.72,,512000000
2026-05-30 17:42:12.721,2,1.7,,512000000
2026-05-30 17:42:12.690,2,1.83,,512000000
2026-05-30 17:42:12.684,2,1.74,,512000000
2026-05-30 17:42:12.607,3,2.13,,512000000
2026-05-30 17:42:12.567,2,1.71,,512000000
2026-05-30 17:42:12.547,2,1.72,,512000000
2026-05-30 17:42:12.539,2,1.65,,512000000
2026-05-30 17:42:12.519,10,9.5,,512000000
2026-05-30 17:42:12.514,2,1.78,,512000000
2026-05-30 17:42:12.507,13,12.83,,512000000
2026-05-30 17:42:12.503,2,1.99,,512000000
2026-05-30 17:42:12.420,5,4.57,,512000000
2026-05-30 17:42:12.416,2,1.98,,512000000
2026-05-30 17:42:12.387,7,6.33,,512000000
2026-05-30 17:42:12.376,2,1.89,,512000000
2026-05-30 17:42:12.369,3,2.25,,512000000
2026-05-30 17:42:12.256,2,1.97,,512000000
2026-05-30 17:42:12.204,2,1.95,,512000000
2026-05-30 17:42:12.199,4,3.73,,512000000
2026-05-30 17:42:12.184,2,1.96,,512000000
2026-05-30 17:42:12.154,2,1.8,,512000000
2026-05-30 17:42:12.130,2,1.8,,512000000
2026-05-30 17:42:12.081,2,1.78,,512000000
2026-05-30 17:42:11.999,5,4.3,,512000000
2026-05-30 17:42:11.988,2,1.8,,512000000
2026-05-30 17:42:11.970,2,1.79,,512000000
2026-05-30 17:42:11.950,2,1.78,,512000000
2026-05-30 17:42:11.948,2,1.81,,512000000
2026-05-30 17:42:11.836,3,2.34,,512000000
2026-05-30 17:42:11.816,4,3.44,,512000000
2026-05-30 17:42:11.783,17,16.51,,512000000
2026-05-30 17:42:11.771,3,2.1,,512000000
2026-05-30 17:42:11.722,7,6.16,,512000000
2026-05-30 17:42:11.705,3,2.1,,512000000
2026-05-30 17:42:11.635,3,2.03,,512000000
2026-05-30 17:42:11.627,3,2.16,,512000000
2026-05-30 17:42:11.509,2,1.79,,512000000
2026-05-30 17:42:11.447,2,1.79,,512000000
2026-05-30 17:42:11.401,3,2.67,,512000000
2026-05-30 17:42:11.389,2,1.88,,512000000
2026-05-30 17:42:11.331,2,1.9,,512000000
2026-05-30 17:42:11.274,2,1.71,,512000000
2026-05-30 17:42:11.206,2,1.83,,512000000
2026-05-30 17:42:11.201,6,5.55,,512000000
2026-05-30 17:42:11.181,3,2.03,,512000000
2026-05-30 17:42:11.177,2,1.99,,512000000
2026-05-30 17:42:11.149,3,2.15,,512000000
2026-05-30 17:42:11.116,3,2.11,,512000000
2026-05-30 17:42:11.109,3,2.86,,512000000
2026-05-30 17:42:11.082,8,7.32,,512000000
2026-05-30 17:42:11.068,12,11.28,,512000000
2026-05-30 17:42:11.062,3,2.66,,512000000
2026-05-30 17:42:11.038,2,1.86,,512000000
2026-05-30 17:42:11.004,2,1.9,,512000000
2026-05-30 17:42:11.000,15,14.55,,512000000
2026-05-30 17:42:10.922,2,1.87,,512000000
2026-05-30 17:42:10.903,19,18.45,,512000000
2026-05-30 17:42:10.880,2,1.61,,512000000
2026-05-30 17:42:10.765,28,27.84,,512000000
2026-05-30 17:42:10.761,2,1.93,,512000000
2026-05-30 17:42:10.692,3,2.55,,512000000
2026-05-30 17:42:10.643,13,12.49,,512000000
2026-05-30 17:42:10.622,3,2.14,,512000000
2026-05-30 17:42:10.621,2,1.85,,512000000
2026-05-30 17:42:10.584,2,1.8,,512000000
2026-05-30 17:42:10.538,2,1.8,,512000000
2026-05-30 17:42:10.501,3,2,,512000000
2026-05-30 17:42:10.461,2,1.73,,512000000
2026-05-30 17:42:10.410,2,1.75,,512000000
2026-05-30 17:42:10.405,9,8.4,,512000000
2026-05-30 17:42:10.364,29,28.44,,512000000
2026-05-30 17:42:10.348,2,1.86,,512000000
2026-05-30 17:42:10.324,3,2.07,,512000000
2026-05-30 17:42:10.169,2,1.85,,512000000
2026-05-30 17:42:10.166,2,1.8,,512000000
2026-05-30 17:42:10.099,5,4.67,,512000000
2026-05-30 17:42:10.097,3,2.35,,512000000
2026-05-30 17:42:10.087,2,1.96,,512000000
2026-05-30 17:42:10.062,7,6.81,,512000000
2026-05-30 17:42:10.054,2,1.93,,512000000
2026-05-30 17:42:10.050,2,1.72,,512000000
2026-05-30 17:42:09.992,2,1.95,,512000000
2026-05-30 17:42:09.992,6,5.74,,512000000
2026-05-30 17:42:09.976,2,1.91,,512000000
2026-05-30 17:42:09.952,2,1.9,,512000000
2026-05-30 17:42:09.883,3,2.02,,512000000
2026-05-30 17:42:09.870,2,1.84,,512000000
2026-05-30 17:42:09.852,2,1.91,,512000000
2026-05-30 17:42:09.820,2,1.94,,512000000
2026-05-30 17:42:09.792,2,1.83,,512000000
2026-05-30 17:42:09.742,2,1.77,,512000000
2026-05-30 17:42:09.731,2,1.72,,512000000
2026-05-30 17:42:09.699,4,3.05,,512000000
2026-05-30 17:42:09.690,2,1.82,,512000000
2026-05-30 17:42:09.625,2,1.77,,512000000
2026-05-30 17:42:09.554,2,1.95,,512000000
2026-05-30 17:42:09.536,3,2.28,,512000000
2026-05-30 17:42:09.530,29,28.3,,512000000
2026-05-30 17:42:09.451,3,2.14,,512000000
2026-05-30 17:42:09.432,3,2.02,,512000000
2026-05-30 17:42:09.392,3,2.05,,512000000
2026-05-30 17:42:09.326,4,3.89,,512000000
2026-05-30 17:42:09.288,2,1.77,,512000000
2026-05-30 17:42:09.233,2,1.9,,512000000
2026-05-30 17:42:09.204,3,2.26,,512000000
2026-05-30 17:42:09.157,2,2,,512000000
2026-05-30 17:42:09.126,2,1.73,,512000000
2026-05-30 17:42:09.031,3,2.08,,512000000
2026-05-30 17:42:09.023,2,1.81,,512000000
2026-05-30 17:42:08.962,2,1.79,,512000000
2026-05-30 17:42:08.906,2,1.89,,512000000
2026-05-30 17:42:08.903,2,1.77,,512000000
2026-05-30 17:42:08.865,2,1.88,,512000000
2026-05-30 17:42:08.802,2,1.98,,512000000
2026-05-30 17:42:08.765,2,1.86,,512000000
2026-05-30 17:42:08.693,2,1.67,,512000000
2026-05-30 17:42:08.685,2,1.88,,512000000
2026-05-30 17:42:08.660,3,2.2,,512000000
2026-05-30 17:42:08.660,2,1.65,,512000000
2026-05-30 17:42:08.627,2,1.78,,512000000
2026-05-30 17:42:08.624,2,1.93,,512000000
2026-05-30 17:42:08.599,6,5.95,,512000000
2026-05-30 17:42:08.584,3,2.04,,512000000
2026-05-30 17:42:08.510,2,1.72,,512000000
2026-05-30 17:42:08.510,3,2,,512000000
2026-05-30 17:42:08.509,2,1.76,,512000000
2026-05-30 17:42:08.507,2,2,,512000000
2026-05-30 17:42:08.493,2,1.85,,512000000
2026-05-30 17:42:08.489,2,1.86,,512000000
2026-05-30 17:42:08.389,2,1.98,,512000000
2026-05-30 17:42:08.386,2,1.86,,512000000
2026-05-30 17:42:08.381,3,2.05,,512000000
2026-05-30 17:42:08.360,12,11.71,,512000000
2026-05-30 17:42:08.339,15,14.57,,512000000
2026-05-30 17:42:08.303,2,1.95,,512000000
2026-05-30 17:42:08.203,7,6.49,,512000000
2026-05-30 17:42:08.189,2,1.67,,512000000
2026-05-30 17:42:08.112,2,1.8,,512000000
2026-05-30 17:42:08.100,2,1.97,,512000000
2026-05-30 17:42:08.089,2,1.83,,512000000
2026-05-30 17:42:08.031,2,1.76,,512000000
2026-05-30 17:42:08.018,2,1.68,,512000000
2026-05-30 17:42:08.013,2,1.98,,512000000
2026-05-30 17:42:07.975,3,2.06,,512000000
2026-05-30 17:42:07.953,2,1.8,,512000000
2026-05-30 17:42:07.860,2,1.79,,512000000
2026-05-30 17:42:07.848,2,1.97,,512000000
2026-05-30 17:42:07.812,3,2.12,,512000000
2026-05-30 17:42:07.692,3,2.08,,512000000
2026-05-30 17:42:07.669,2,1.81,,512000000
2026-05-30 17:42:07.648,2,1.76,,512000000
2026-05-30 17:42:07.628,2,1.96,,512000000
2026-05-30 17:42:07.614,3,2.12,,512000000
2026-05-30 17:42:07.595,2,1.9,,512000000
2026-05-30 17:42:07.518,2,1.98,,512000000
2026-05-30 17:42:07.499,9,8.38,,512000000
2026-05-30 17:42:07.493,2,1.99,,512000000
2026-05-30 17:42:07.485,2,1.7,,512000000
2026-05-30 17:42:07.460,3,2.06,,512000000
2026-05-30 17:42:07.454,2,1.66,,512000000
2026-05-30 17:42:07.373,2,1.81,,512000000
2026-05-30 17:42:07.372,2,1.67,,512000000
2026-05-30 17:42:07.349,2,1.81,,512000000
2026-05-30 17:42:07.349,3,2.11,,512000000
2026-05-30 17:42:07.301,2,1.73,,512000000
2026-05-30 17:42:07.148,3,2.02,,512000000
2026-05-30 17:42:07.114,2,1.72,,512000000
2026-05-30 17:42:06.983,2,1.95,,512000000
2026-05-30 17:42:06.939,2,1.85,,512000000
2026-05-30 17:42:06.875,6,5.92,,512000000
2026-05-30 17:42:06.853,2,1.68,,512000000
2026-05-30 17:42:06.844,3,2.04,,512000000
2026-05-30 17:42:06.840,11,10.16,,512000000
2026-05-30 17:42:06.840,2,1.9,,512000000
2026-05-30 17:42:06.823,2,1.86,,512000000
2026-05-30 17:42:06.779,43,42.13,,512000000
2026-05-30 17:42:06.722,2,1.86,,512000000
2026-05-30 17:42:06.722,3,2.17,,512000000
2026-05-30 17:42:06.677,2,1.78,,512000000
2026-05-30 17:42:06.664,3,2.01,,512000000
2026-05-30 17:42:06.649,2,1.85,,512000000
2026-05-30 17:42:06.573,3,2.06,,512000000
2026-05-30 17:42:06.565,2,1.68,,512000000
2026-05-30 17:42:06.556,3,2.01,,512000000
2026-05-30 17:42:06.539,2,1.89,,512000000
2026-05-30 17:42:06.489,2,1.74,,512000000
2026-05-30 17:42:06.471,2,1.82,,512000000
2026-05-30 17:42:06.454,2,1.94,,512000000
2026-05-30 17:42:06.372,2,1.75,,512000000
2026-05-30 17:42:06.353,2,1.82,,512000000
2026-05-30 17:42:06.297,2,1.82,,512000000
2026-05-30 17:42:06.292,3,2.02,,512000000
2026-05-30 17:42:06.263,3,2.03,,512000000
2026-05-30 17:42:06.217,2,1.76,,512000000
2026-05-30 17:42:06.171,2,1.81,,512000000
2026-05-30 17:42:06.160,8,7.61,,512000000
2026-05-30 17:42:06.152,2,1.85,,512000000
2026-05-30 17:42:06.145,2,1.99,,512000000
2026-05-30 17:42:06.139,2,1.74,,512000000
2026-05-30 17:42:06.137,2,1.69,,512000000
2026-05-30 17:42:06.105,2,1.96,,512000000
2026-05-30 17:42:06.097,2,1.82,,512000000
2026-05-30 17:42:06.040,2,1.85,,512000000
2026-05-30 17:42:05.991,2,1.75,,512000000
2026-05-30 17:42:05.984,2,1.81,,512000000
2026-05-30 17:42:05.931,7,6.53,,512000000
2026-05-30 17:42:05.912,26,25.57,,512000000
2026-05-30 17:42:05.905,3,2.11,,512000000
2026-05-30 17:42:05.771,9,8.77,,512000000
2026-05-30 17:42:05.770,2,1.83,,512000000
2026-05-30 17:42:05.751,4,3.35,,512000000
2026-05-30 17:42:05.737,2,1.81,,512000000
2026-05-30 17:42:05.736,2,1.83,,512000000
2026-05-30 17:42:05.693,34,33.29,,512000000
2026-05-30 17:42:05.590,10,9.94,,512000000
2026-05-30 17:42:05.573,2,1.97,,512000000
2026-05-30 17:42:05.521,2,1.87,,512000000
2026-05-30 17:42:05.501,2,1.88,,512000000
2026-05-30 17:42:05.416,3,2,,512000000
2026-05-30 17:42:05.414,3,2.11,,512000000
2026-05-30 17:42:05.339,2,1.78,,512000000
2026-05-30 17:42:05.291,19,18.79,,512000000
2026-05-30 17:42:05.200,2,1.75,,512000000
2026-05-30 17:42:05.121,3,2.14,,512000000
2026-05-30 17:42:05.113,3,2.13,,512000000
2026-05-30 17:42:04.982,3,2.78,,512000000
2026-05-30 17:42:04.967,2,1.73,,512000000
2026-05-30 17:42:04.897,3,2.06,,512000000
2026-05-30 17:42:04.877,2,1.8,,512000000
2026-05-30 17:42:04.874,3,2.11,,512000000
2026-05-30 17:42:04.855,2,1.92,,512000000
2026-05-30 17:42:04.840,2,1.95,,512000000
2026-05-30 17:42:04.821,3,2.49,,512000000
2026-05-30 17:42:04.807,2,1.95,,512000000
2026-05-30 17:42:04.726,2,1.6,,512000000
2026-05-30 17:42:04.725,3,2.64,,512000000
2026-05-30 17:42:04.720,2,1.96,,512000000
2026-05-30 17:42:04.719,2,1.77,,512000000
2026-05-30 17:42:04.716,5,4.82,,512000000
2026-05-30 17:42:04.701,3,2.03,,512000000
2026-05-30 17:42:04.700,2,1.93,,512000000
2026-05-30 17:42:04.666,2,1.73,,512000000
2026-05-30 17:42:04.665,3,2.4,,512000000
2026-05-30 17:42:04.662,2,1.91,,512000000
2026-05-30 17:42:04.523,18,17.47,,512000000
2026-05-30 17:42:04.519,2,1.87,,512000000
2026-05-30 17:42:04.486,3,2.45,,512000000
2026-05-30 17:42:04.474,2,1.98,,512000000
2026-05-30 17:42:04.443,2,1.88,,512000000
2026-05-30 17:42:04.433,3,2.07,,512000000
2026-05-30 17:42:04.420,2,1.78,,512000000
2026-05-30 17:42:04.418,2,1.75,,512000000
2026-05-30 17:42:04.399,2,1.87,,512000000
2026-05-30 17:42:04.339,2,1.96,,512000000
2026-05-30 17:42:04.291,2,1.65,,512000000
2026-05-30 17:42:04.220,4,3.94,,512000000
2026-05-30 17:42:04.171,3,2.09,,512000000
2026-05-30 17:42:04.157,2,2,,512000000
2026-05-30 17:42:04.080,3,2.46,,512000000
2026-05-30 17:42:04.071,2,1.85,,512000000
2026-05-30 17:42:04.057,2,1.74,,512000000
2026-05-30 17:42:04.052,4,3.49,,512000000
2026-05-30 17:42:04.026,3,2.03,,512000000
2026-05-30 17:42:03.993,3,2.93,,512000000
2026-05-30 17:42:03.955,3,2.41,,512000000
2026-05-30 17:42:03.909,3,2.12,,512000000
2026-05-30 17:42:03.900,3,2.06,,512000000
2026-05-30 17:42:03.731,2,1.8,,512000000
2026-05-30 17:42:03.655,2,1.6,,512000000
2026-05-30 17:42:03.568,2,1.81,,512000000
2026-05-30 17:42:03.560,3,2.05,,512000000
2026-05-30 17:42:03.401,5,4.04,,512000000
2026-05-30 17:42:03.400,3,2.12,,512000000
2026-05-30 17:42:03.396,3,2.24,,512000000
2026-05-30 17:42:03.389,3,2.03,,512000000
2026-05-30 17:42:03.368,2,1.64,,512000000
2026-05-30 17:42:03.327,2,1.93,,512000000
2026-05-30 17:42:03.200,16,15.83,,512000000
2026-05-30 17:42:03.196,11,10.5,,512000000
2026-05-30 17:42:03.175,2,1.79,,512000000
2026-05-30 17:42:03.162,2,2,,512000000
2026-05-30 17:42:03.121,4,3.54,,512000000
2026-05-30 17:42:03.102,5,4.74,,512000000
2026-05-30 17:42:03.090,2,1.93,,512000000
2026-05-30 17:42:03.035,2,1.8,,512000000
2026-05-30 17:42:03.031,2,1.88,,512000000
2026-05-30 17:42:02.987,2,1.86,,512000000
2026-05-30 17:42:02.958,3,2.12,,512000000
2026-05-30 17:42:02.953,3,2.07,,512000000
2026-05-30 17:42:02.923,2,1.84,,512000000
2026-05-30 17:42:02.882,2,1.95,,512000000
2026-05-30 17:42:02.860,2,2,,512000000
2026-05-30 17:42:02.843,3,2.09,,512000000
2026-05-30 17:42:02.802,2,1.85,,512000000
2026-05-30 17:42:02.797,8,7.79,,512000000
2026-05-30 17:42:02.782,3,2.11,,512000000
2026-05-30 17:42:02.695,13,12.15,,512000000
2026-05-30 17:42:02.676,7,6.9,,512000000
2026-05-30 17:42:02.660,2,1.8,,512000000
2026-05-30 17:42:02.646,2,1.91,,512000000
2026-05-30 17:42:02.644,3,2.04,,512000000
2026-05-30 17:42:02.635,2,1.84,,512000000
2026-05-30 17:42:02.612,3,2.05,,512000000
2026-05-30 17:42:02.543,3,2.12,,512000000
2026-05-30 17:42:02.495,2,1.76,,512000000
2026-05-30 17:42:02.476,5,4.09,,512000000
2026-05-30 17:42:02.460,3,2.07,,512000000
2026-05-30 17:42:02.438,15,14.05,,512000000
2026-05-30 17:42:02.419,2,1.71,,512000000
2026-05-30 17:42:02.340,3,2.19,,512000000
2026-05-30 17:42:02.313,2,1.79,,512000000
2026-05-30 17:42:02.307,2,2,,512000000
2026-05-30 17:42:02.274,3,2.22,,512000000
2026-05-30 17:42:02.192,3,2.31,,512000000
2026-05-30 17:42:02.185,2,1.99,,512000000
2026-05-30 17:42:02.083,2,1.9,,512000000
2026-05-30 17:42:02.057,6,5.36,,512000000
2026-05-30 17:42:01.986,2,1.88,,512000000
2026-05-30 17:42:01.956,2,1.99,,512000000
2026-05-30 17:42:01.842,3,2.11,,512000000
2026-05-30 17:42:01.835,2,1.96,,512000000
2026-05-30 17:42:01.803,3,2.01,,512000000
2026-05-30 17:42:01.794,3,2.22,,512000000
2026-05-30 17:42:01.763,9,8.82,,512000000
2026-05-30 17:42:01.741,4,3.61,,512000000
2026-05-30 17:42:01.722,9,8.03,,512000000
2026-05-30 17:42:01.698,9,8.85,,512000000
2026-05-30 17:42:01.648,2,1.9,,512000000
2026-05-30 17:42:01.624,3,2.23,,512000000
2026-05-30 17:42:01.611,2,1.84,,512000000
2026-05-30 17:42:01.595,3,2.45,,512000000
2026-05-30 17:42:01.522,2,1.84,,512000000
2026-05-30 17:42:01.515,3,2.34,,512000000
2026-05-30 17:42:01.514,2,1.85,,512000000
2026-05-30 17:42:01.498,2,1.81,,512000000
2026-05-30 17:42:01.461,6,5.35,,512000000
2026-05-30 17:42:01.445,2,1.88,,512000000
2026-05-30 17:42:01.421,15,14.57,,512000000
2026-05-30 17:42:01.404,2,1.87,,512000000
2026-05-30 17:42:01.346,2,1.76,,512000000
2026-05-30 17:42:01.284,5,4.85,,512000000
2026-05-30 17:42:01.283,2,1.76,,512000000
2026-05-30 17:42:01.241,5,4.77,,512000000
2026-05-30 17:42:01.180,2,1.83,,512000000
2026-05-30 17:42:01.171,3,2.03,,512000000
2026-05-30 17:42:01.162,21,20.52,,512000000
2026-05-30 17:42:01.130,2,1.87,,512000000
2026-05-30 17:42:01.040,3,2.2,,512000000
2026-05-30 17:42:01.031,2,1.85,,512000000
2026-05-30 17:42:00.991,3,2.01,,512000000
2026-05-30 17:42:00.902,2,1.7,,512000000
2026-05-30 17:42:00.837,2,1.9,,512000000
2026-05-30 17:42:00.820,9,8.16,,512000000
2026-05-30 17:42:00.802,2,1.87,,512000000
2026-05-30 17:42:00.716,4,3.2,,512000000
2026-05-30 17:42:00.697,3,2.29,,512000000
2026-05-30 17:42:00.685,3,2.07,,512000000
2026-05-30 17:42:00.582,2,2,,512000000
2026-05-30 17:42:00.569,2,1.76,,512000000
2026-05-30 17:42:00.565,15,14.26,,512000000
2026-05-30 17:42:00.543,5,4.37,,512000000
2026-05-30 17:42:00.542,2,1.88,,512000000
2026-05-30 17:42:00.526,3,2.17,,512000000
2026-05-30 17:42:00.512,2,1.76,,512000000
2026-05-30 17:42:00.488,3,2.37,,512000000
2026-05-30 17:42:00.482,2,1.71,,512000000
2026-05-30 17:42:00.463,3,2.19,,512000000
2026-05-30 17:42:00.460,2,1.96,,512000000
2026-05-30 17:42:00.457,2,1.85,,512000000
2026-05-30 17:42:00.340,3,2.27,,512000000
2026-05-30 17:42:00.335,2,1.73,,512000000
2026-05-30 17:42:00.218,2,1.73,,512000000
2026-05-30 17:42:00.167,3,2.5,,512000000
2026-05-30 17:42:00.161,2,1.95,,512000000
2026-05-30 17:42:00.148,3,2.83,,512000000
2026-05-30 17:42:00.142,3,2.05,,512000000
2026-05-30 17:42:00.095,3,2.08,,512000000
2026-05-30 17:42:00.017,7,6.83,,512000000
2026-05-30 17:41:59.996,8,7.59,,512000000
2026-05-30 17:41:59.977,2,1.79,,512000000
2026-05-30 17:41:59.877,6,5.85,,512000000
2026-05-30 17:41:59.856,11,10.92,,512000000
2026-05-30 17:41:59.839,2,1.81,,512000000
2026-05-30 17:41:59.796,2,1.92,,512000000
2026-05-30 17:41:59.789,2,1.91,,512000000
2026-05-30 17:41:59.739,3,2.36,,512000000
2026-05-30 17:41:59.720,8,7.62,,512000000
2026-05-30 17:41:59.716,2,1.94,,512000000
2026-05-30 17:41:59.707,3,2.06,,512000000
2026-05-30 17:41:59.682,2,1.84,,512000000
2026-05-30 17:41:59.660,11,10.26,,512000000
2026-05-30 17:41:59.644,3,2.05,,512000000
2026-05-30 17:41:59.602,3,2.06,,512000000
2026-05-30 17:41:59.520,2,1.65,,512000000
2026-05-30 17:41:59.455,2,1.82,,512000000
2026-05-30 17:41:59.337,2,1.99,,512000000
2026-05-30 17:41:59.311,2,1.95,,512000000
2026-05-30 17:41:59.299,3,2.07,,512000000
2026-05-30 17:41:59.239,4,3.47,,512000000
2026-05-30 17:41:59.222,2,1.83,,512000000
2026-05-30 17:41:59.202,2,1.82,,512000000
2026-05-30 17:41:59.197,2,1.88,,512000000
2026-05-30 17:41:59.196,3,2.01,,512000000
2026-05-30 17:41:59.162,2,1.9,,512000000
2026-05-30 17:41:59.149,2,1.95,,512000000
2026-05-30 17:41:59.129,2,1.98,,512000000
2026-05-30 17:41:59.096,3,2.16,,512000000
2026-05-30 17:41:59.095,3,2.25,,512000000
2026-05-30 17:41:59.064,2,1.93,,512000000
2026-05-30 17:41:59.051,3,2.52,,512000000
2026-05-30 17:41:58.993,2,1.98,,512000000
2026-05-30 17:41:58.953,2,1.97,,512000000
2026-05-30 17:41:58.915,4,3.87,,512000000
2026-05-30 17:41:58.906,3,2.03,,512000000
2026-05-30 17:41:58.844,3,2.03,,512000000
2026-05-30 17:41:58.798,6,5.77,,512000000
2026-05-30 17:41:58.795,2,1.98,,512000000
2026-05-30 17:41:58.753,2,1.85,,512000000
2026-05-30 17:41:58.728,2,1.98,,512000000
2026-05-30 17:41:58.668,3,2.07,,512000000
2026-05-30 17:41:58.663,2,1.89,,512000000
2026-05-30 17:41:58.652,3,2,,512000000
2026-05-30 17:41:58.638,2,1.81,,512000000
2026-05-30 17:41:58.565,3,2.06,,512000000
2026-05-30 17:41:58.541,2,1.88,,512000000
2026-05-30 17:41:58.523,2,1.77,,512000000
2026-05-30 17:41:58.445,3,2.41,,512000000
2026-05-30 17:41:58.427,3,2.55,,512000000
2026-05-30 17:41:58.344,2,2,,512000000
2026-05-30 17:41:58.308,2,1.88,,512000000
2026-05-30 17:41:58.167,2,1.87,,512000000
2026-05-30 17:41:58.128,20,19.19,,512000000
2026-05-30 17:41:58.116,7,6.73,,512000000
2026-05-30 17:41:57.991,2,1.81,,512000000
2026-05-30 17:41:57.986,2,1.88,,512000000
2026-05-30 17:41:57.965,2,1.74,,512000000
2026-05-30 17:41:57.926,2,1.79,,512000000
2026-05-30 17:41:57.876,18,17.87,,512000000
2026-05-30 17:41:57.862,13,12.39,,512000000
2026-05-30 17:41:57.857,2,1.82,,512000000
2026-05-30 17:41:57.857,2,1.8,,512000000
2026-05-30 17:41:57.801,2,1.79,,512000000
2026-05-30 17:41:57.797,2,1.78,,512000000
2026-05-30 17:41:57.785,2,1.77,,512000000
2026-05-30 17:41:57.723,2,1.78,,512000000
2026-05-30 17:41:57.706,2,1.91,,512000000
2026-05-30 17:41:57.655,2,1.85,,512000000
2026-05-30 17:41:57.640,4,3.02,,512000000
2026-05-30 17:41:57.611,4,3.83,,512000000
2026-05-30 17:41:57.595,2,1.84,,512000000
2026-05-30 17:41:57.555,14,13.54,,512000000
2026-05-30 17:41:57.542,3,2.23,,512000000
2026-05-30 17:41:57.534,2,1.75,,512000000
2026-05-30 17:41:57.524,2,1.78,,512000000
2026-05-30 17:41:57.442,2,1.81,,512000000
2026-05-30 17:41:57.417,3,2.12,,512000000
2026-05-30 17:41:57.393,2,1.96,,512000000
2026-05-30 17:41:57.362,3,2.12,,512000000
2026-05-30 17:41:57.311,10,9.56,,512000000
2026-05-30 17:41:57.307,2,1.76,,512000000
2026-05-30 17:41:57.299,3,2.46,,512000000
2026-05-30 17:41:57.294,2,1.77,,512000000
2026-05-30 17:41:57.287,2,1.86,,512000000
2026-05-30 17:41:57.280,2,1.82,,512000000
2026-05-30 17:41:57.266,2,1.88,,512000000
2026-05-30 17:41:57.259,3,2.11,,512000000
2026-05-30 17:41:57.223,2,1.9,,512000000
2026-05-30 17:41:57.193,2,1.78,,512000000
2026-05-30 17:41:56.973,2,1.68,,512000000
2026-05-30 17:41:56.959,2,1.87,,512000000
2026-05-30 17:41:56.938,2,1.92,,512000000
2026-05-30 17:41:56.905,2,1.94,,512000000
2026-05-30 17:41:56.866,2,1.77,,512000000
2026-05-30 17:41:56.840,2,1.83,,512000000
2026-05-30 17:41:56.812,2,1.67,,512000000
2026-05-30 17:41:56.802,2,1.83,,512000000
2026-05-30 17:41:56.802,2,1.85,,512000000
2026-05-30 17:41:56.683,2,1.94,,512000000
2026-05-30 17:41:56.573,2,1.83,,512000000
2026-05-30 17:41:56.507,2,1.81,,512000000
2026-05-30 17:41:56.456,3,2.1,,512000000
2026-05-30 17:41:56.444,2,1.8,,512000000
2026-05-30 17:41:56.414,2,1.74,,512000000
2026-05-30 17:41:56.368,3,2.17,,512000000
2026-05-30 17:41:56.362,3,2.07,,512000000
2026-05-30 17:41:56.338,5,4.48,,512000000
2026-05-30 17:41:56.288,2,1.76,,512000000
2026-05-30 17:41:56.253,2,1.82,,512000000
2026-05-30 17:41:56.233,2,1.98,,512000000
2026-05-30 17:41:56.129,3,2,,512000000
2026-05-30 17:41:56.088,3,2.05,,512000000
2026-05-30 17:41:56.077,2,1.99,,512000000
2026-05-30 17:41:56.070,2,1.93,,512000000
2026-05-30 17:41:56.025,2,2,,512000000
2026-05-30 17:41:55.989,3,2.3,,512000000
2026-05-30 17:41:55.987,3,2.03,,512000000
2026-05-30 17:41:55.960,2,1.79,,512000000
2026-05-30 17:41:55.929,2,1.77,,512000000
2026-05-30 17:41:55.911,3,2.77,,512000000
2026-05-30 17:41:55.895,2,1.82,,512000000
2026-05-30 17:41:55.887,2,1.88,,512000000
2026-05-30 17:41:55.850,2,1.88,,512000000
2026-05-30 17:41:55.822,2,1.69,,512000000
2026-05-30 17:41:55.814,2,1.7,,512000000
2026-05-30 17:41:55.814,2,1.82,,512000000
2026-05-30 17:41:55.801,2,1.77,,512000000
2026-05-30 17:41:55.739,2,1.91,,512000000
2026-05-30 17:41:55.739,2,1.65,,512000000
2026-05-30 17:41:55.728,2,1.8,,512000000
2026-05-30 17:41:55.707,2,1.83,,512000000
2026-05-30 17:41:55.687,2,1.68,,512000000
2026-05-30 17:41:55.632,2,1.86,,512000000
2026-05-30 17:41:55.620,2,2,,512000000
2026-05-30 17:41:55.543,3,2.15,,512000000
2026-05-30 17:41:55.536,2,1.86,,512000000
2026-05-30 17:41:55.498,2,1.71,,512000000
2026-05-30 17:41:55.407,2,1.91,,512000000
2026-05-30 17:41:55.392,2,1.76,,512000000
2026-05-30 17:41:55.354,2,1.86,,512000000
2026-05-30 17:41:55.293,2,1.86,,512000000
2026-05-30 17:41:55.226,2,1.77,,512000000
2026-05-30 17:41:55.200,2,1.81,,512000000
2026-05-30 17:41:55.062,2,1.83,,512000000
2026-05-30 17:41:55.024,2,1.99,,512000000
2026-05-30 17:41:55.023,2,1.95,,512000000
2026-05-30 17:41:55.019,3,2.26,,512000000
2026-05-30 17:41:54.931,3,2.11,,512000000
2026-05-30 17:41:54.890,2,1.78,,512000000
2026-05-30 17:41:54.825,3,2.45,,512000000
2026-05-30 17:41:54.798,2,1.67,,512000000
2026-05-30 17:41:54.793,2,1.66,,512000000
2026-05-30 17:41:54.772,2,1.92,,512000000
2026-05-30 17:41:54.731,3,2.36,,512000000
2026-05-30 17:41:54.725,2,1.95,,512000000
2026-05-30 17:41:54.713,2,1.7,,512000000
2026-05-30 17:41:54.656,3,2.05,,512000000
2026-05-30 17:41:54.619,2,1.83,,512000000
2026-05-30 17:41:54.616,2,1.93,,512000000
2026-05-30 17:41:54.595,3,2.1,,512000000
2026-05-30 17:41:54.564,2,1.78,,512000000
2026-05-30 17:41:54.536,2,1.93,,512000000
2026-05-30 17:41:54.532,5,4.29,,512000000
2026-05-30 17:41:54.513,2,1.83,,512000000
2026-05-30 17:41:54.497,2,1.76,,512000000
2026-05-30 17:41:54.471,9,8.14,,512000000
2026-05-30 17:41:54.453,2,1.96,,512000000
2026-05-30 17:41:54.388,2,1.98,,512000000
2026-05-30 17:41:54.337,2,2,,512000000
2026-05-30 17:41:54.336,2,1.82,,512000000
2026-05-30 17:41:54.273,2,1.97,,512000000
2026-05-30 17:41:54.270,2,1.72,,512000000
2026-05-30 17:41:54.242,2,1.77,,512000000
2026-05-30 17:41:54.126,2,1.7,,512000000
2026-05-30 17:41:54.111,11,10.61,,512000000
2026-05-30 17:41:54.095,3,2.07,,512000000
2026-05-30 17:41:54.093,2,1.95,,512000000
2026-05-30 17:41:54.068,3,2.14,,512000000
2026-05-30 17:41:54.050,2,1.94,,512000000
2026-05-30 17:41:54.045,3,2.99,,512000000
2026-05-30 17:41:54.026,2,1.92,,512000000
2026-05-30 17:41:53.988,2,1.83,,512000000
2026-05-30 17:41:53.962,2,1.94,,512000000
2026-05-30 17:41:53.899,2,1.87,,512000000
2026-05-30 17:41:53.880,3,2.05,,512000000
2026-05-30 17:41:53.819,3,2.25,,512000000
2026-05-30 17:41:53.817,2,1.7,,512000000
2026-05-30 17:41:53.770,2,2,,512000000
2026-05-30 17:41:53.713,2,1.86,,512000000
2026-05-30 17:41:53.603,2,1.96,,512000000
2026-05-30 17:41:53.576,2,1.82,,512000000
2026-05-30 17:41:53.545,2,1.74,,512000000
2026-05-30 17:41:53.527,2,1.77,,512000000
2026-05-30 17:41:53.458,2,1.74,,512000000
2026-05-30 17:41:53.441,2,1.96,,512000000
2026-05-30 17:41:53.413,2,1.82,,512000000
2026-05-30 17:41:53.367,2,1.76,,512000000
2026-05-30 17:41:53.366,3,2.6,,512000000
2026-05-30 17:41:53.341,3,2.04,,512000000
2026-05-30 17:41:53.312,2,2,,512000000
2026-05-30 17:41:53.218,3,2.17,,512000000
2026-05-30 17:41:53.181,16,15.89,,512000000
2026-05-30 17:41:53.125,16,15.59,,512000000
2026-05-30 17:41:53.121,2,1.81,,512000000
2026-05-30 17:41:53.104,2,1.83,,512000000
2026-05-30 17:41:53.082,8,7.32,,512000000
2026-05-30 17:41:53.066,2,1.75,,512000000
2026-05-30 17:41:53.021,4,3.07,,512000000
2026-05-30 17:41:53.009,2,1.88,,512000000
2026-05-30 17:41:52.994,3,2.04,,512000000
2026-05-30 17:41:52.927,2,1.98,,512000000
2026-05-30 17:41:52.920,2,1.95,,512000000
2026-05-30 17:41:52.889,2,1.97,,512000000
2026-05-30 17:41:52.882,5,4.14,,512000000
2026-05-30 17:41:52.870,2,1.97,,512000000
2026-05-30 17:41:52.842,3,2.28,,512000000
2026-05-30 17:41:52.837,3,2.07,,512000000
2026-05-30 17:41:52.799,2,1.64,,512000000
2026-05-30 17:41:52.779,2,1.8,,512000000
2026-05-30 17:41:52.746,3,2.13,,512000000
2026-05-30 17:41:52.743,2,1.78,,512000000
2026-05-30 17:41:52.566,3,2.02,,512000000
2026-05-30 17:41:52.563,3,2.24,,512000000
2026-05-30 17:41:52.535,2,1.99,,512000000
2026-05-30 17:41:52.496,2,1.85,,512000000
2026-05-30 17:41:52.466,2,1.91,,512000000
2026-05-30 17:41:52.449,3,2.13,,512000000
2026-05-30 17:41:52.360,11,10.56,,512000000
2026-05-30 17:41:52.330,3,2.05,,512000000
2026-05-30 17:41:52.271,8,7.21,,512000000
2026-05-30 17:41:52.251,3,2.09,,512000000
2026-05-30 17:41:52.218,2,1.81,,512000000
2026-05-30 17:41:52.184,2,1.73,,512000000
2026-05-30 17:41:52.075,2,1.88,,512000000
2026-05-30 17:41:52.072,2,1.74,,512000000
2026-05-30 17:41:52.025,2,1.96,,512000000
2026-05-30 17:41:51.950,2,1.83,,512000000
2026-05-30 17:41:51.948,2,1.93,,512000000
2026-05-30 17:41:51.920,2,2,,512000000
2026-05-30 17:41:51.880,2,1.89,,512000000
2026-05-30 17:41:51.838,2,1.85,,512000000
2026-05-30 17:41:51.833,2,1.96,,512000000
2026-05-30 17:41:51.820,3,2.03,,512000000
2026-05-30 17:41:51.813,3,2.17,,512000000
2026-05-30 17:41:51.730,2,1.8,,512000000
2026-05-30 17:41:51.712,3,2.16,,512000000
2026-05-30 17:41:51.692,3,2.23,,512000000
2026-05-30 17:41:51.689,2,1.92,,512000000
2026-05-30 17:41:51.671,3,2.02,,512000000
2026-05-30 17:41:51.644,2,1.8,,512000000
2026-05-30 17:41:51.602,2,1.76,,512000000
2026-05-30 17:41:51.568,2,1.84,,512000000
2026-05-30 17:41:51.521,28,27.66,,512000000
2026-05-30 17:41:51.460,2,1.76,,512000000
2026-05-30 17:41:51.459,2,1.79,,512000000
2026-05-30 17:41:51.391,11,10.42,,512000000
2026-05-30 17:41:51.372,14,13.19,,512000000
2026-05-30 17:41:51.365,2,1.78,,512000000
2026-05-30 17:41:51.350,22,21.91,,512000000
2026-05-30 17:41:51.335,2,1.94,,512000000
2026-05-30 17:41:51.312,2,1.85,,512000000
2026-05-30 17:41:51.290,2,1.85,,512000000
2026-05-30 17:41:51.252,6,5.59,,512000000
2026-05-30 17:41:51.242,7,6.74,,512000000
2026-05-30 17:41:51.239,2,1.9,,512000000
2026-05-30 17:41:51.226,2,1.79,,512000000
2026-05-30 17:41:51.158,2,2,,512000000
2026-05-30 17:41:51.120,3,2.02,,512000000
2026-05-30 17:41:51.087,2,1.81,,512000000
2026-05-30 17:41:51.079,2,1.88,,512000000
2026-05-30 17:41:51.075,2,1.67,,512000000
2026-05-30 17:41:51.064,3,2.04,,512000000
2026-05-30 17:41:51.022,2,1.78,,512000000
2026-05-30 17:41:50.986,2,1.81,,512000000
2026-05-30 17:41:50.986,2,1.85,,512000000
2026-05-30 17:41:50.875,2,1.7,,512000000
2026-05-30 17:41:50.872,3,2.05,,512000000
2026-05-30 17:41:50.823,3,2.25,,512000000
2026-05-30 17:41:50.640,7,6.05,,512000000
2026-05-30 17:41:50.583,3,2.02,,512000000
2026-05-30 17:41:50.526,12,11.74,,512000000
2026-05-30 17:41:50.475,2,1.89,,512000000
2026-05-30 17:41:50.440,3,2.07,,512000000
2026-05-30 17:41:50.431,2,1.71,,512000000
2026-05-30 17:41:50.424,3,2.02,,512000000
2026-05-30 17:41:50.406,2,1.9,,512000000
2026-05-30 17:41:50.318,2,1.94,,512000000
2026-05-30 17:41:50.294,2,1.91,,512000000
2026-05-30 17:41:50.281,2,1.88,,512000000
2026-05-30 17:41:50.253,3,2.18,,512000000
2026-05-30 17:41:50.224,2,1.78,,512000000
2026-05-30 17:41:50.223,3,2.85,,512000000
2026-05-30 17:41:50.210,2,1.87,,512000000
2026-05-30 17:41:50.143,2,1.85,,512000000
2026-05-30 17:41:50.119,2,1.74,,512000000
2026-05-30 17:41:50.097,2,1.85,,512000000
2026-05-30 17:41:50.044,2,1.81,,512000000
2026-05-30 17:41:50.042,8,7.83,,512000000
2026-05-30 17:41:50.027,6,5.04,,512000000
2026-05-30 17:41:49.961,7,6.58,,512000000
2026-05-30 17:41:49.942,7,6.08,,512000000
2026-05-30 17:41:49.924,2,1.89,,512000000
2026-05-30 17:41:49.893,2,1.96,,512000000
2026-05-30 17:41:49.888,2,1.74,,512000000
2026-05-30 17:41:49.823,2,1.9,,512000000
2026-05-30 17:41:49.820,4,3.29,,512000000
2026-05-30 17:41:49.808,2,1.87,,512000000
2026-05-30 17:41:49.737,3,2.1,,512000000
2026-05-30 17:41:49.691,2,1.74,,512000000
2026-05-30 17:41:49.677,2,1.76,,512000000
2026-05-30 17:41:49.634,2,1.8,,512000000
2026-05-30 17:41:49.616,2,1.76,,512000000
2026-05-30 17:41:49.525,2,1.75,,512000000
2026-05-30 17:41:49.507,2,1.82,,512000000
2026-05-30 17:41:49.484,2,1.94,,512000000
2026-05-30 17:41:49.478,2,1.84,,512000000
2026-05-30 17:41:49.424,3,2.01,,512000000
2026-05-30 17:41:49.411,2,1.9,,512000000
2026-05-30 17:41:49.352,2,1.91,,512000000
2026-05-30 17:41:49.346,2,1.75,,512000000
2026-05-30 17:41:49.327,2,1.94,,512000000
2026-05-30 17:41:49.322,8,7.56,,512000000
2026-05-30 17:41:49.302,2,1.91,,512000000
2026-05-30 17:41:49.256,2,1.96,,512000000
2026-05-30 17:41:49.235,2,1.91,,512000000
2026-05-30 17:41:49.156,3,2.15,,512000000
2026-05-30 17:41:49.129,3,2.09,,512000000
2026-05-30 17:41:49.091,3,2.23,,512000000
2026-05-30 17:41:49.086,2,1.85,,512000000
2026-05-30 17:41:49.062,2,1.81,,512000000
2026-05-30 17:41:49.014,2,1.84,,512000000
2026-05-30 17:41:48.938,2,1.75,,512000000
2026-05-30 17:41:48.733,3,2.25,,512000000
2026-05-30 17:41:48.732,2,1.79,,512000000
2026-05-30 17:41:48.668,5,4.39,,512000000
2026-05-30 17:41:48.636,3,2.01,,512000000
2026-05-30 17:41:48.616,2,1.77,,512000000
2026-05-30 17:41:48.574,2,1.8,,512000000
2026-05-30 17:41:48.572,2,1.8,,512000000
2026-05-30 17:41:48.546,2,1.87,,512000000
2026-05-30 17:41:48.528,3,2.37,,512000000
2026-05-30 17:41:48.513,2,2,,512000000
2026-05-30 17:41:48.501,3,2.45,,512000000
2026-05-30 17:41:48.484,2,1.7,,512000000
2026-05-30 17:41:48.479,2,1.88,,512000000
2026-05-30 17:41:48.474,2,1.77,,512000000
2026-05-30 17:41:48.454,2,1.81,,512000000
2026-05-30 17:41:48.392,2,1.82,,512000000
2026-05-30 17:41:48.387,2,1.87,,512000000
2026-05-30 17:41:48.387,2,1.82,,512000000
2026-05-30 17:41:48.330,2,1.91,,512000000
2026-05-30 17:41:48.311,3,2.08,,512000000
2026-05-30 17:41:48.300,3,2,,512000000
2026-05-30 17:41:48.281,2,1.8,,512000000
2026-05-30 17:41:48.187,2,1.78,,512000000
2026-05-30 17:41:48.088,2,1.85,,512000000
2026-05-30 17:41:48.054,2,1.9,,512000000
2026-05-30 17:41:47.982,2,1.94,,512000000
2026-05-30 17:41:47.961,2,1.87,,512000000
2026-05-30 17:41:47.951,11,10.34,,512000000
2026-05-30 17:41:47.931,4,3.03,,512000000
2026-05-30 17:41:47.920,2,1.96,,512000000
2026-05-30 17:41:47.873,9,8.72,,512000000
2026-05-30 17:41:47.860,3,2.02,,512000000
2026-05-30 17:41:47.854,2,1.78,,512000000
2026-05-30 17:41:47.762,2,1.76,,512000000
2026-05-30 17:41:47.755,2,1.79,,512000000
2026-05-30 17:41:47.724,2,1.76,,512000000
2026-05-30 17:41:47.681,3,2,,512000000
2026-05-30 17:41:47.617,2,1.96,,512000000
2026-05-30 17:41:47.617,2,1.72,,512000000
2026-05-30 17:41:47.601,2,1.87,,512000000
2026-05-30 17:41:47.493,2,1.91,,512000000
2026-05-30 17:41:47.466,2,1.85,,512000000
2026-05-30 17:41:47.345,3,2.15,,512000000
2026-05-30 17:41:47.339,4,3.47,,512000000
2026-05-30 17:41:47.326,3,2.04,,512000000
2026-05-30 17:41:47.308,2,1.88,,512000000
2026-05-30 17:41:47.265,2,1.81,,512000000
2026-05-30 17:41:47.249,2,1.75,,512000000
2026-05-30 17:41:47.233,2,1.86,,512000000
2026-05-30 17:41:47.231,11,11,,512000000
2026-05-30 17:41:47.214,2,1.94,,512000000
2026-05-30 17:41:47.212,3,2.55,,512000000
2026-05-30 17:41:47.211,2,1.87,,512000000
2026-05-30 17:41:47.193,2,1.75,,512000000
2026-05-30 17:41:47.186,3,2.21,,512000000
2026-05-30 17:41:47.156,3,2.07,,512000000
2026-05-30 17:41:47.072,2,1.75,,512000000
2026-05-30 17:41:47.032,3,2.16,,512000000
2026-05-30 17:41:47.028,2,1.82,,512000000
2026-05-30 17:41:46.988,2,1.83,,512000000
2026-05-30 17:41:46.965,2,1.76,,512000000
2026-05-30 17:41:46.914,2,1.74,,512000000
2026-05-30 17:41:46.890,2,1.7,,512000000
2026-05-30 17:41:46.868,3,2.06,,512000000
2026-05-30 17:41:46.710,2,1.91,,512000000
2026-05-30 17:41:46.706,2,1.8,,512000000
2026-05-30 17:41:46.693,3,2.02,,512000000
2026-05-30 17:41:46.692,10,9.65,,512000000
2026-05-30 17:41:46.674,2,1.97,,512000000
2026-05-30 17:41:46.656,2,1.92,,512000000
2026-05-30 17:41:46.609,3,2.03,,512000000
2026-05-30 17:41:46.588,2,1.98,,512000000
2026-05-30 17:41:46.492,7,6.85,,512000000
2026-05-30 17:41:46.472,9,8.31,,512000000
2026-05-30 17:41:46.458,2,1.84,,512000000
2026-05-30 17:41:46.454,2,1.68,,512000000
2026-05-30 17:41:46.404,2,1.95,,512000000
2026-05-30 17:41:46.398,2,1.81,,512000000
2026-05-30 17:41:46.372,2,1.91,,512000000
2026-05-30 17:41:46.283,2,1.72,,512000000
2026-05-30 17:41:46.266,2,1.92,,512000000
2026-05-30 17:41:46.261,2,1.88,,512000000
2026-05-30 17:41:46.248,2,1.84,,512000000
2026-05-30 17:41:46.212,2,1.82,,512000000
2026-05-30 17:41:46.149,2,1.8,,512000000
2026-05-30 17:41:46.120,2,1.79,,512000000
2026-05-30 17:41:46.077,3,2.1,,512000000
2026-05-30 17:41:46.033,2,1.86,,512000000
2026-05-30 17:41:45.948,2,1.83,,512000000
2026-05-30 17:41:45.897,2,1.95,,512000000
2026-05-30 17:41:45.732,14,13.23,,512000000
2026-05-30 17:41:45.710,2,1.95,,512000000
2026-05-30 17:41:45.698,2,1.66,,512000000
2026-05-30 17:41:45.692,2,1.82,,512000000
2026-05-30 17:41:45.643,2,1.9,,512000000
2026-05-30 17:41:45.638,3,2.23,,512000000
2026-05-30 17:41:45.580,2,1.83,,512000000
2026-05-30 17:41:45.558,2,1.84,,512000000
2026-05-30 17:41:45.542,12,11.19,,512000000
2026-05-30 17:41:45.539,3,2.02,,512000000
2026-05-30 17:41:45.525,3,2.22,,512000000
2026-05-30 17:41:45.502,13,12.5,,512000000
2026-05-30 17:41:45.483,2,1.75,,512000000
2026-05-30 17:41:45.462,2,1.97,,512000000
2026-05-30 17:41:45.422,2,1.98,,512000000
2026-05-30 17:41:45.362,4,3.87,,512000000
2026-05-30 17:41:45.350,3,2.03,,512000000
2026-05-30 17:41:45.328,2,1.68,,512000000
2026-05-30 17:41:45.321,3,2.15,,512000000
2026-05-30 17:41:45.278,2,1.96,,512000000
2026-05-30 17:41:45.226,2,1.73,,512000000
2026-05-30 17:41:45.218,2,1.96,,512000000
2026-05-30 17:41:45.188,2,1.97,,512000000
2026-05-30 17:41:45.152,2,1.92,,512000000
2026-05-30 17:41:45.128,3,2.06,,512000000
2026-05-30 17:41:45.122,3,2.06,,512000000
2026-05-30 17:41:45.095,2,1.93,,512000000
2026-05-30 17:41:45.056,5,4.5,,512000000
2026-05-30 17:41:45.021,2,1.79,,512000000
2026-05-30 17:41:44.979,2,1.84,,512000000
2026-05-30 17:41:44.902,2,1.79,,512000000
2026-05-30 17:41:44.859,3,2.29,,512000000
2026-05-30 17:41:44.846,2,1.8,,512000000
2026-05-30 17:41:44.842,3,2.08,,512000000
2026-05-30 17:41:44.830,2,2,,512000000
2026-05-30 17:41:44.822,2,1.82,,512000000
2026-05-30 17:41:44.795,2,1.78,,512000000
2026-05-30 17:41:44.766,2,1.86,,512000000
2026-05-30 17:41:44.764,3,2.02,,512000000
2026-05-30 17:41:44.730,2,1.73,,512000000
2026-05-30 17:41:44.696,2,1.79,,512000000
2026-05-30 17:41:44.672,11,10.03,,512000000
2026-05-30 17:41:44.646,2,1.9,,512000000
2026-05-30 17:41:44.579,3,2.03,,512000000
2026-05-30 17:41:44.531,41,40.44,,512000000
2026-05-30 17:41:44.491,2,1.72,,512000000
2026-05-30 17:41:44.489,2,1.86,,512000000
2026-05-30 17:41:44.426,2,1.71,,512000000
2026-05-30 17:41:44.404,2,1.73,,512000000
2026-05-30 17:41:44.359,26,25.46,,512000000
2026-05-30 17:41:44.228,2,1.94,,512000000
2026-05-30 17:41:44.173,3,2.63,,512000000
2026-05-30 17:41:44.158,2,1.78,,512000000
2026-05-30 17:41:44.135,3,2.02,,512000000
2026-05-30 17:41:44.115,2,1.86,,512000000
2026-05-30 17:41:44.044,3,2.19,,512000000
2026-05-30 17:41:44.003,2,1.96,,512000000
2026-05-30 17:41:44.000,2,1.81,,512000000
2026-05-30 17:41:43.996,2,1.9,,512000000
2026-05-30 17:41:43.982,4,3.9,,512000000
2026-05-30 17:41:43.969,2,1.83,,512000000
2026-05-30 17:41:43.883,2,1.8,,512000000
2026-05-30 17:41:43.879,3,2.06,,512000000
2026-05-30 17:41:43.862,7,6.04,,512000000
2026-05-30 17:41:43.854,3,2,,512000000
2026-05-30 17:41:43.847,3,2.01,,512000000
2026-05-30 17:41:43.824,2,1.7,,512000000
2026-05-30 17:41:43.821,2,2,,512000000
2026-05-30 17:41:43.806,3,2.1,,512000000
2026-05-30 17:41:43.782,2,1.76,,512000000
2026-05-30 17:41:43.701,2,1.94,,512000000
2026-05-30 17:41:43.528,2,1.68,,512000000
2026-05-30 17:41:43.526,2,1.84,,512000000
2026-05-30 17:41:43.459,16,15.48,,512000000
2026-05-30 17:41:43.455,2,1.87,,512000000
2026-05-30 17:41:43.429,3,2.94,,512000000
2026-05-30 17:41:43.368,2,1.94,,512000000
2026-05-30 17:41:43.322,4,3.46,,512000000
2026-05-30 17:41:43.321,3,2.19,,512000000
2026-05-30 17:41:43.306,3,2.09,,512000000
2026-05-30 17:41:43.283,2,1.82,,512000000
2026-05-30 17:41:43.268,3,2.27,,512000000
2026-05-30 17:41:43.262,59,58.93,,512000000
2026-05-30 17:41:43.182,2,1.86,,512000000
2026-05-30 17:41:43.149,2,1.94,,512000000
2026-05-30 17:41:43.130,3,2,,512000000
2026-05-30 17:41:43.086,2,1.8,,512000000
2026-05-30 17:41:43.023,2,1.68,,512000000
2026-05-30 17:41:43.013,2,1.92,,512000000
2026-05-30 17:41:42.988,2,1.76,,512000000
2026-05-30 17:41:42.979,2,1.97,,512000000
2026-05-30 17:41:42.946,3,2.11,,512000000
2026-05-30 17:41:42.866,7,6.35,,512000000
2026-05-30 17:41:42.841,13,12.15,,512000000
2026-05-30 17:41:42.836,3,2.3,,512000000
2026-05-30 17:41:42.829,2,1.75,,512000000
2026-05-30 17:41:42.775,2,1.75,,512000000
2026-05-30 17:41:42.764,2,1.76,,512000000
2026-05-30 17:41:42.683,2,1.67,,512000000
2026-05-30 17:41:42.671,7,6.75,,512000000
2026-05-30 17:41:42.662,11,10.38,,512000000
2026-05-30 17:41:42.653,2,1.97,,512000000
2026-05-30 17:41:42.566,2,1.81,,512000000
2026-05-30 17:41:42.543,2,1.72,,512000000
2026-05-30 17:41:42.528,2,1.78,,512000000
2026-05-30 17:41:42.472,2,1.75,,512000000
2026-05-30 17:41:42.455,2,1.77,,512000000
2026-05-30 17:41:42.395,2,1.75,,512000000
2026-05-30 17:41:42.371,7,6.67,,512000000
2026-05-30 17:41:42.352,4,3.14,,512000000
2026-05-30 17:41:42.350,2,1.86,,512000000
2026-05-30 17:41:42.339,3,2.08,,512000000
2026-05-30 17:41:42.337,2,1.97,,512000000
2026-05-30 17:41:42.251,6,5.97,,512000000
2026-05-30 17:41:42.236,2,1.76,,512000000
2026-05-30 17:41:42.204,2,1.71,,512000000
2026-05-30 17:41:42.162,2,1.69,,512000000
2026-05-30 17:41:42.137,2,1.75,,512000000
2026-05-30 17:41:42.038,2,1.9,,512000000
2026-05-30 17:41:41.962,2,1.88,,512000000
2026-05-30 17:41:41.931,3,2.34,,512000000
2026-05-30 17:41:41.923,2,1.9,,512000000
2026-05-30 17:41:41.871,6,5.26,,512000000
2026-05-30 17:41:41.854,2,1.72,,512000000
2026-05-30 17:41:41.850,2,1.78,,512000000
2026-05-30 17:41:41.812,2,1.76,,512000000
2026-05-30 17:41:41.781,30,29.27,,512000000
2026-05-30 17:41:41.779,2,1.99,,512000000
2026-05-30 17:41:41.777,2,1.88,,512000000
2026-05-30 17:41:41.752,2,1.82,,512000000
2026-05-30 17:41:41.746,2,1.76,,512000000
2026-05-30 17:41:41.643,2,1.95,,512000000
2026-05-30 17:41:41.617,2,1.91,,512000000
2026-05-30 17:41:41.585,2,1.91,,512000000
2026-05-30 17:41:41.569,2,1.79,,512000000
2026-05-30 17:41:41.567,2,1.68,,512000000
2026-05-30 17:41:41.479,11,10.72,,512000000
2026-05-30 17:41:41.465,3,3,,512000000
2026-05-30 17:41:41.447,2,1.71,,512000000
2026-05-30 17:41:41.438,2,1.79,,512000000
2026-05-30 17:41:41.341,2,1.92,,512000000
2026-05-30 17:41:41.292,3,2.29,,512000000
2026-05-30 17:41:41.256,3,2.09,,512000000
2026-05-30 17:41:41.253,2,1.8,,512000000
2026-05-30 17:41:41.199,2,1.62,,512000000
2026-05-30 17:41:41.141,2,1.73,,512000000
2026-05-30 17:41:41.040,9,8.81,,512000000
2026-05-30 17:41:41.023,2,1.85,,512000000
2026-05-30 17:41:41.023,2,1.76,,512000000
2026-05-30 17:41:40.982,2,1.75,,512000000
2026-05-30 17:41:40.980,2,1.97,,512000000
2026-05-30 17:41:40.975,2,1.89,,512000000
2026-05-30 17:41:40.967,2,1.77,,512000000
2026-05-30 17:41:40.911,4,3.81,,512000000
2026-05-30 17:41:40.897,2,1.86,,512000000
2026-05-30 17:41:40.827,2,1.81,,512000000
2026-05-30 17:41:40.751,2,1.94,,512000000
2026-05-30 17:41:40.711,2,1.82,,512000000
2026-05-30 17:41:40.692,2,1.89,,512000000
2026-05-30 17:41:40.678,3,2.01,,512000000
2026-05-30 17:41:40.666,2,1.77,,512000000
2026-05-30 17:41:40.638,2,1.84,,512000000
2026-05-30 17:41:40.531,11,10.3,,512000000
2026-05-30 17:41:40.522,21,20.46,,512000000
2026-05-30 17:41:40.516,3,2.01,,512000000
2026-05-30 17:41:40.514,2,1.87,,512000000
2026-05-30 17:41:40.495,2,1.69,,512000000
2026-05-30 17:41:40.478,2,1.66,,512000000
2026-05-30 17:41:40.456,2,1.8,,512000000
2026-05-30 17:41:40.428,2,1.83,,512000000
2026-05-30 17:41:40.398,3,2.09,,512000000
2026-05-30 17:41:40.394,2,1.77,,512000000
2026-05-30 17:41:40.252,3,2.11,,512000000
2026-05-30 17:41:40.205,2,1.99,,512000000
2026-05-30 17:41:40.176,3,2.29,,512000000
2026-05-30 17:41:40.175,2,1.86,,512000000
2026-05-30 17:41:40.153,2,1.91,,512000000
2026-05-30 17:41:40.080,3,2.01,,512000000
2026-05-30 17:41:40.016,2,1.84,,512000000
2026-05-30 17:41:39.986,2,1.79,,512000000
2026-05-30 17:41:39.966,2,1.68,,512000000
2026-05-30 17:41:39.935,2,1.74,,512000000
2026-05-30 17:41:39.914,2,1.8,,512000000
2026-05-30 17:41:39.871,2,1.83,,512000000
2026-05-30 17:41:39.865,3,2.36,,512000000
2026-05-30 17:41:39.812,4,3.39,,512000000
2026-05-30 17:41:39.780,3,2.17,,512000000
2026-05-30 17:41:39.761,15,14.52,,512000000
2026-05-30 17:41:39.722,2,1.92,,512000000
2026-05-30 17:41:39.714,3,2.6,,512000000
2026-05-30 17:41:39.685,2,1.74,,512000000
2026-05-30 17:41:39.670,3,2.14,,512000000
2026-05-30 17:41:39.665,5,4.76,,512000000
2026-05-30 17:41:39.642,23,22.99,,512000000
2026-05-30 17:41:39.531,2,1.85,,512000000
2026-05-30 17:41:39.505,2,1.87,,512000000
2026-05-30 17:41:39.372,3,2.15,,512000000
2026-05-30 17:41:39.342,12,11.48,,512000000
2026-05-30 17:41:39.325,3,2.25,,512000000
2026-05-30 17:41:39.285,9,8.02,,512000000
2026-05-30 17:41:39.277,2,1.83,,512000000
2026-05-30 17:41:39.270,2,1.94,,512000000
2026-05-30 17:41:39.238,3,2.07,,512000000
2026-05-30 17:41:39.204,2,1.78,,512000000
2026-05-30 17:41:39.191,5,4.35,,512000000
2026-05-30 17:41:39.170,3,2.15,,512000000
2026-05-30 17:41:39.026,2,1.81,,512000000
2026-05-30 17:41:39.018,2,1.75,,512000000
2026-05-30 17:41:39.016,3,2.32,,512000000
2026-05-30 17:41:39.011,12,11.38,,512000000
2026-05-30 17:41:38.992,2,1.88,,512000000
2026-05-30 17:41:38.962,3,2.29,,512000000
2026-05-30 17:41:38.933,2,1.94,,512000000
2026-05-30 17:41:38.862,2,1.95,,512000000
2026-05-30 17:41:38.848,2,1.97,,512000000
2026-05-30 17:41:38.845,3,2.03,,512000000
2026-05-30 17:41:38.797,3,2.03,,512000000
2026-05-30 17:41:38.749,2,1.79,,512000000
2026-05-30 17:41:38.661,2,2,,512000000
2026-05-30 17:41:38.654,2,1.87,,512000000
2026-05-30 17:41:38.634,2,1.84,,512000000
2026-05-30 17:41:38.632,15,14.32,,512000000
2026-05-30 17:41:38.611,6,5.71,,512000000
2026-05-30 17:41:38.608,3,2.16,,512000000
2026-05-30 17:41:38.593,2,1.82,,512000000
2026-05-30 17:41:38.577,2,1.71,,512000000
2026-05-30 17:41:38.372,2,1.94,,512000000
2026-05-30 17:41:38.349,2,1.74,,512000000
2026-05-30 17:41:38.346,2,1.95,,512000000
2026-05-30 17:41:38.341,2,1.9,,512000000
2026-05-30 17:41:38.302,21,20.54,,512000000
2026-05-30 17:41:38.266,2,1.95,,512000000
2026-05-30 17:41:38.261,2,1.77,,512000000
2026-05-30 17:41:38.163,5,4.86,,512000000
2026-05-30 17:41:38.021,2,1.97,,512000000
2026-05-30 17:41:38.015,2,1.89,,512000000
2026-05-30 17:41:37.969,2,1.93,,512000000
2026-05-30 17:41:37.946,2,1.97,,512000000
2026-05-30 17:41:37.943,2,1.76,,512000000
2026-05-30 17:41:37.914,2,1.64,,512000000
2026-05-30 17:41:37.906,2,1.71,,512000000
2026-05-30 17:41:37.883,5,4.75,,512000000
2026-05-30 17:41:37.845,2,1.75,,512000000
2026-05-30 17:41:37.824,2,1.83,,512000000
2026-05-30 17:41:37.795,2,1.96,,512000000
2026-05-30 17:41:37.759,10,9.56,,512000000
2026-05-30 17:41:37.748,2,1.99,,512000000
2026-05-30 17:41:37.635,2,1.76,,512000000
2026-05-30 17:41:37.632,2,1.78,,512000000
2026-05-30 17:41:37.620,8,7.25,,512000000
2026-05-30 17:41:37.600,5,4.83,,512000000
2026-05-30 17:41:37.538,2,1.74,,512000000
2026-05-30 17:41:37.519,7,6.46,,512000000
2026-05-30 17:41:37.508,3,2.24,,512000000
2026-05-30 17:41:37.503,2,1.81,,512000000
2026-05-30 17:41:37.478,2,1.74,,512000000
2026-05-30 17:41:37.420,2,1.92,,512000000
2026-05-30 17:41:37.355,2,1.93,,512000000
2026-05-30 17:41:37.285,2,1.76,,512000000
2026-05-30 17:41:37.282,2,1.89,,512000000
2026-05-30 17:41:37.262,13,12.69,,512000000
2026-05-30 17:41:37.240,3,2.26,,512000000
2026-05-30 17:41:37.218,2,1.95,,512000000
2026-05-30 17:41:37.192,2,1.79,,512000000
2026-05-30 17:41:37.190,2,1.8,,512000000
2026-05-30 17:41:37.159,10,9.38,,512000000
2026-05-30 17:41:37.147,2,1.97,,512000000
2026-05-30 17:41:37.139,10,9.09,,512000000
2026-05-30 17:41:37.122,2,1.71,,512000000
2026-05-30 17:41:37.099,12,11.29,,512000000
2026-05-30 17:41:37.089,3,2.91,,512000000
2026-05-30 17:41:37.082,2,1.91,,512000000
2026-05-30 17:41:37.044,2,1.84,,512000000
2026-05-30 17:41:36.943,2,1.82,,512000000
2026-05-30 17:41:36.939,3,2.23,,512000000
2026-05-30 17:41:36.932,2,1.92,,512000000
2026-05-30 17:41:36.916,7,6.71,,512000000
2026-05-30 17:41:36.902,2,1.81,,512000000
2026-05-30 17:41:36.876,2,1.9,,512000000
2026-05-30 17:41:36.862,3,2.01,,512000000
2026-05-30 17:41:36.761,2,1.74,,512000000
2026-05-30 17:41:36.612,8,7.04,,512000000
2026-05-30 17:41:36.596,3,2.22,,512000000
2026-05-30 17:41:36.568,3,2.12,,512000000
2026-05-30 17:41:36.560,2,1.77,,512000000
2026-05-30 17:41:36.540,2,1.84,,512000000
2026-05-30 17:41:36.501,3,2.17,,512000000
2026-05-30 17:41:36.444,2,1.75,,512000000
2026-05-30 17:41:36.359,2,1.86,,512000000
2026-05-30 17:41:36.269,2,1.98,,512000000
2026-05-30 17:41:36.257,2,1.81,,512000000
2026-05-30 17:41:36.240,3,2.35,,512000000
2026-05-30 17:41:36.167,2,1.74,,512000000
2026-05-30 17:41:36.103,2,1.76,,512000000
2026-05-30 17:41:36.092,3,2.1,,512000000
2026-05-30 17:41:36.065,2,1.96,,512000000
2026-05-30 17:41:36.009,2,1.91,,512000000
2026-05-30 17:41:35.998,2,1.91,,512000000
2026-05-30 17:41:35.956,2,1.98,,512000000
2026-05-30 17:41:35.930,2,1.85,,512000000
2026-05-30 17:41:35.897,2,1.76,,512000000
2026-05-30 17:41:35.803,3,2.05,,512000000
2026-05-30 17:41:35.761,14,13.97,,512000000
2026-05-30 17:41:35.742,3,2,,512000000
2026-05-30 17:41:35.739,2,1.73,,512000000
2026-05-30 17:41:35.731,8,7.84,,512000000
2026-05-30 17:41:35.721,5,4.81,,512000000
2026-05-30 17:41:35.711,10,9.02,,512000000
2026-05-30 17:41:35.702,3,2.06,,512000000
2026-05-30 17:41:35.697,2,1.91,,512000000
2026-05-30 17:41:35.696,2,1.84,,512000000
2026-05-30 17:41:35.651,2,1.89,,512000000
2026-05-30 17:41:35.625,2,1.91,,512000000
2026-05-30 17:41:35.530,2,1.66,,512000000
2026-05-30 17:41:35.464,2,1.79,,512000000
2026-05-30 17:41:35.441,3,2.71,,512000000
2026-05-30 17:41:35.389,2,1.71,,512000000
2026-05-30 17:41:35.378,2,1.82,,512000000
2026-05-30 17:41:35.344,2,1.87,,512000000
2026-05-30 17:41:35.339,7,6.41,,512000000
2026-05-30 17:41:35.322,2,1.83,,512000000
2026-05-30 17:41:35.239,4,3.69,,512000000
2026-05-30 17:41:35.221,2,1.64,,512000000
2026-05-30 17:41:35.126,2,1.85,,512000000
2026-05-30 17:41:35.105,2,1.85,,512000000
2026-05-30 17:41:35.098,2,1.86,,512000000
2026-05-30 17:41:35.096,2,1.76,,512000000
2026-05-30 17:41:35.018,2,1.92,,512000000
2026-05-30 17:41:34.979,2,1.85,,512000000
2026-05-30 17:41:34.967,5,4.14,,512000000
2026-05-30 17:41:34.918,2,1.74,,512000000
2026-05-30 17:41:34.901,2,1.96,,512000000
2026-05-30 17:41:34.897,2,1.82,,512000000
2026-05-30 17:41:34.894,3,2.34,,512000000
2026-05-30 17:41:34.828,2,1.77,,512000000
2026-05-30 17:41:34.809,2,1.9,,512000000
2026-05-30 17:41:34.757,2,1.91,,512000000
2026-05-30 17:41:34.709,2,1.77,,512000000
2026-05-30 17:41:34.666,2,1.55,,512000000
2026-05-30 17:41:34.644,2,1.78,,512000000
2026-05-30 17:41:34.639,5,4.54,,512000000
2026-05-30 17:41:34.623,2,1.65,,512000000
2026-05-30 17:41:34.588,3,2.32,,512000000
2026-05-30 17:41:34.586,2,1.76,,512000000
2026-05-30 17:41:34.520,3,2.08,,512000000
2026-05-30 17:41:34.519,2,1.96,,512000000
2026-05-30 17:41:34.518,2,1.99,,512000000
2026-05-30 17:41:34.420,3,2.07,,512000000
2026-05-30 17:41:34.408,2,1.8,,512000000
2026-05-30 17:41:34.369,2,1.98,,512000000
2026-05-30 17:41:34.311,2,1.89,,512000000
2026-05-30 17:41:34.268,2,1.91,,512000000
2026-05-30 17:41:34.191,6,5.35,,512000000
2026-05-30 17:41:34.175,3,2.05,,512000000
2026-05-30 17:41:34.131,3,2.08,,512000000
2026-05-30 17:41:34.076,3,2.11,,512000000
2026-05-30 17:41:34.064,3,2.01,,512000000
2026-05-30 17:41:33.993,2,1.9,,512000000
2026-05-30 17:41:33.949,3,2.21,,512000000
2026-05-30 17:41:33.871,39,38.79,,512000000
2026-05-30 17:41:33.863,2,1.7,,512000000
2026-05-30 17:41:33.847,2,1.82,,512000000
2026-05-30 17:41:33.833,2,1.67,,512000000
2026-05-30 17:41:33.812,3,2.26,,512000000
2026-05-30 17:41:33.778,2,1.94,,512000000
2026-05-30 17:41:33.740,3,2.17,,512000000
2026-05-30 17:41:33.735,2,1.83,,512000000
2026-05-30 17:41:33.718,3,2.02,,512000000
2026-05-30 17:41:33.654,3,2.29,,512000000
2026-05-30 17:41:33.647,2,1.77,,512000000
2026-05-30 17:41:33.622,4,3,,512000000
2026-05-30 17:41:33.621,2,1.99,,512000000
2026-05-30 17:41:33.596,2,1.93,,512000000
2026-05-30 17:41:33.499,2,1.97,,512000000
2026-05-30 17:41:33.411,2,1.83,,512000000
2026-05-30 17:41:33.332,2,1.77,,512000000
2026-05-30 17:41:33.314,2,1.69,,512000000
2026-05-30 17:41:33.269,3,2.08,,512000000
2026-05-30 17:41:33.264,3,2.11,,512000000
2026-05-30 17:41:33.263,3,2.43,,512000000
2026-05-30 17:41:33.242,2,1.63,,512000000
2026-05-30 17:41:33.198,3,2.02,,512000000
2026-05-30 17:41:33.196,2,1.81,,512000000
2026-05-30 17:41:33.141,2,1.98,,512000000
2026-05-30 17:41:33.088,2,1.82,,512000000
2026-05-30 17:41:33.085,7,6.55,,512000000
2026-05-30 17:41:33.039,3,2.09,,512000000
2026-05-30 17:41:32.980,2,1.96,,512000000
2026-05-30 17:41:32.951,2,1.99,,512000000
2026-05-30 17:41:32.944,2,1.8,,512000000
2026-05-30 17:41:32.920,2,1.79,,512000000
2026-05-30 17:41:32.906,2,1.72,,512000000
2026-05-30 17:41:32.828,2,1.88,,512000000
2026-05-30 17:41:32.800,3,2.66,,512000000
2026-05-30 17:41:32.764,2,1.9,,512000000
2026-05-30 17:41:32.734,2,1.86,,512000000
2026-05-30 17:41:32.701,2,1.71,,512000000
2026-05-30 17:41:32.637,2,1.92,,512000000
2026-05-30 17:41:32.612,2,1.69,,512000000
2026-05-30 17:41:32.596,2,1.82,,512000000
2026-05-30 17:41:32.561,2,1.79,,512000000
2026-05-30 17:41:32.560,3,2.57,,512000000
2026-05-30 17:41:32.541,20,19.59,,512000000
2026-05-30 17:41:32.489,2,1.88,,512000000
2026-05-30 17:41:32.478,2,1.97,,512000000
2026-05-30 17:41:32.475,2,1.86,,512000000
2026-05-30 17:41:32.448,3,2,,512000000
2026-05-30 17:41:32.447,2,1.83,,512000000
2026-05-30 17:41:32.390,2,1.89,,512000000
2026-05-30 17:41:32.368,2,1.87,,512000000
2026-05-30 17:41:32.357,2,1.92,,512000000
2026-05-30 17:41:32.301,19,18.4,,512000000
2026-05-30 17:41:32.283,2,1.95,,512000000
2026-05-30 17:41:32.245,2,1.76,,512000000
2026-05-30 17:41:32.204,2,1.88,,512000000
2026-05-30 17:41:32.164,2,1.74,,512000000
2026-05-30 17:41:32.049,3,2.09,,512000000
2026-05-30 17:41:31.993,2,1.79,,512000000
2026-05-30 17:41:31.959,9,8.72,,512000000
2026-05-30 17:41:31.940,2,1.77,,512000000
2026-05-30 17:41:31.867,2,1.84,,512000000
2026-05-30 17:41:31.831,2,1.92,,512000000
2026-05-30 17:41:31.800,2,1.7,,512000000
2026-05-30 17:41:31.719,8,7.6,,512000000
2026-05-30 17:41:31.705,2,1.96,,512000000
2026-05-30 17:41:31.653,2,1.81,,512000000
2026-05-30 17:41:31.567,2,1.77,,512000000
2026-05-30 17:41:31.501,5,4.95,,512000000
2026-05-30 17:41:31.482,3,2.43,,512000000
2026-05-30 17:41:31.459,44,43.48,,512000000
2026-05-30 17:41:31.422,45,44.92,,512000000
2026-05-30 17:41:31.391,3,2.12,,512000000
2026-05-30 17:41:31.387,2,1.96,,512000000
2026-05-30 17:41:31.329,2,1.94,,512000000
2026-05-30 17:41:31.316,3,2.08,,512000000
2026-05-30 17:41:31.311,10,9.39,,512000000
2026-05-30 17:41:31.292,2,1.74,,512000000
2026-05-30 17:41:31.291,3,2.02,,512000000
2026-05-30 17:41:31.284,2,1.83,,512000000
2026-05-30 17:41:31.252,2,1.92,,512000000
2026-05-30 17:41:31.229,2,1.93,,512000000
2026-05-30 17:41:31.206,3,2.21,,512000000
2026-05-30 17:41:31.186,2,1.96,,512000000
2026-05-30 17:41:31.054,2,1.85,,512000000
2026-05-30 17:41:31.023,2,1.86,,512000000
2026-05-30 17:41:31.014,5,4.42,,512000000
2026-05-30 17:41:30.982,7,6,,512000000
2026-05-30 17:41:30.962,11,10.65,,512000000
2026-05-30 17:41:30.946,3,2.4,,512000000
2026-05-30 17:41:30.933,3,2.33,,512000000
2026-05-30 17:41:30.901,4,3.63,,512000000
2026-05-30 17:41:30.890,2,1.94,,512000000
2026-05-30 17:41:30.857,2,1.9,,512000000
2026-05-30 17:41:30.787,3,2.21,,512000000
2026-05-30 17:41:30.728,2,1.78,,512000000
2026-05-30 17:41:30.694,3,2.13,,512000000
2026-05-30 17:41:30.677,2,1.9,,512000000
2026-05-30 17:41:30.627,2,1.86,,512000000
2026-05-30 17:41:30.599,2,1.96,,512000000
2026-05-30 17:41:30.538,3,2.11,,512000000
2026-05-30 17:41:30.533,2,1.77,,512000000
2026-05-30 17:41:30.523,2,1.84,,512000000
2026-05-30 17:41:30.443,2,1.99,,512000000
2026-05-30 17:41:30.440,2,1.93,,512000000
2026-05-30 17:41:30.433,2,1.79,,512000000
2026-05-30 17:41:30.400,3,2.69,,512000000
2026-05-30 17:41:30.392,3,2.24,,512000000
2026-05-30 17:41:30.360,2,1.86,,512000000
2026-05-30 17:41:30.355,3,2.01,,512000000
2026-05-30 17:41:30.353,2,1.81,,512000000
2026-05-30 17:41:30.182,2,1.85,,512000000
2026-05-30 17:41:30.162,18,17.23,,512000000
2026-05-30 17:41:30.102,3,2.44,,512000000
2026-05-30 17:41:30.069,2,1.95,,512000000
2026-05-30 17:41:30.024,3,2.06,,512000000
2026-05-30 17:41:29.988,2,1.98,,512000000
2026-05-30 17:41:29.927,3,2.02,,512000000
2026-05-30 17:41:29.873,2,1.8,,512000000
2026-05-30 17:41:29.854,2,1.83,,512000000
2026-05-30 17:41:29.823,3,2.07,,512000000
2026-05-30 17:41:29.781,28,27.67,,512000000
2026-05-30 17:41:29.776,2,1.87,,512000000
2026-05-30 17:41:29.747,2,1.79,,512000000
2026-05-30 17:41:29.622,6,5.42,,512000000
2026-05-30 17:41:29.621,2,1.83,,512000000
2026-05-30 17:41:29.616,3,2.09,,512000000
2026-05-30 17:41:29.610,3,2.33,,512000000
2026-05-30 17:41:29.609,2,1.83,,512000000
2026-05-30 17:41:29.523,2,1.86,,512000000
2026-05-30 17:41:29.483,2,1.98,,512000000
2026-05-30 17:41:29.468,3,2.28,,512000000
2026-05-30 17:41:29.395,3,2.72,,512000000
2026-05-30 17:41:29.376,2,1.69,,512000000
2026-05-30 17:41:29.336,3,2.1,,512000000
2026-05-30 17:41:29.323,2,1.98,,512000000
2026-05-30 17:41:29.312,3,2.15,,512000000
2026-05-30 17:41:29.308,3,2.15,,512000000
2026-05-30 17:41:29.289,3,2.03,,512000000
2026-05-30 17:41:29.281,2,1.89,,512000000
2026-05-30 17:41:29.272,3,2.53,,512000000
2026-05-30 17:41:29.203,2,1.71,,512000000
2026-05-30 17:41:29.192,2,1.93,,512000000
2026-05-30 17:41:29.159,2,1.97,,512000000
2026-05-30 17:41:29.149,2,1.91,,512000000
2026-05-30 17:41:29.134,2,1.96,,512000000
2026-05-30 17:41:29.109,11,10.92,,512000000
2026-05-30 17:41:29.072,2,1.9,,512000000
2026-05-30 17:41:29.021,20,19.15,,512000000
2026-05-30 17:41:28.957,3,2.23,,512000000
2026-05-30 17:41:28.956,2,1.83,,512000000
2026-05-30 17:41:28.822,2,1.91,,512000000
2026-05-30 17:41:28.809,3,2.18,,512000000
2026-05-30 17:41:28.761,2,1.74,,512000000
2026-05-30 17:41:28.729,3,2.15,,512000000
2026-05-30 17:41:28.659,2,1.98,,512000000
2026-05-30 17:41:28.641,2,1.95,,512000000
2026-05-30 17:41:28.602,2,1.91,,512000000
2026-05-30 17:41:28.557,3,2.15,,512000000
2026-05-30 17:41:28.498,2,1.8,,512000000
2026-05-30 17:41:28.464,2,1.81,,512000000
2026-05-30 17:41:28.435,3,2.07,,512000000
2026-05-30 17:41:28.430,2,1.66,,512000000
2026-05-30 17:41:28.404,2,1.94,,512000000
2026-05-30 17:41:28.362,2,1.77,,512000000
2026-05-30 17:41:28.316,2,1.91,,512000000
2026-05-30 17:41:28.289,3,2.38,,512000000
2026-05-30 17:41:28.254,2,1.95,,512000000
2026-05-30 17:41:28.229,2,1.73,,512000000
2026-05-30 17:41:28.225,3,2.03,,512000000
2026-05-30 17:41:28.125,3,2.21,,512000000
2026-05-30 17:41:28.100,4,3.33,,512000000
2026-05-30 17:41:28.017,2,1.82,,512000000
2026-05-30 17:41:27.979,7,6.65,,512000000
2026-05-30 17:41:27.971,2,1.98,,512000000
2026-05-30 17:41:27.968,2,1.8,,512000000
2026-05-30 17:41:27.906,2,1.82,,512000000
2026-05-30 17:41:27.850,3,2.1,,512000000
2026-05-30 17:41:27.846,2,1.82,,512000000
2026-05-30 17:41:27.777,2,1.75,,512000000
2026-05-30 17:41:27.744,5,4.39,,512000000
2026-05-30 17:41:27.661,2,1.74,,512000000
2026-05-30 17:41:27.656,3,2.35,,512000000
2026-05-30 17:41:27.651,2,1.92,,512000000
2026-05-30 17:41:27.636,3,2.78,,512000000
2026-05-30 17:41:27.631,2,1.82,,512000000
2026-05-30 17:41:27.600,2,1.78,,512000000
2026-05-30 17:41:27.450,2,1.8,,512000000
2026-05-30 17:41:27.444,3,2.31,,512000000
2026-05-30 17:41:27.424,2,1.71,,512000000
2026-05-30 17:41:27.420,2,1.76,,512000000
2026-05-30 17:41:27.398,2,1.84,,512000000
2026-05-30 17:41:27.385,2,1.9,,512000000
2026-05-30 17:41:27.366,2,1.79,,512000000
2026-05-30 17:41:27.360,2,1.95,,512000000
2026-05-30 17:41:27.335,8,7.98,,512000000
2026-05-30 17:41:27.318,2,1.86,,512000000
2026-05-30 17:41:27.281,2,1.84,,512000000
2026-05-30 17:41:27.217,12,11.61,,512000000
2026-05-30 17:41:27.211,6,5.22,,512000000
2026-05-30 17:41:27.199,2,1.97,,512000000
2026-05-30 17:41:27.193,2,1.72,,512000000
2026-05-30 17:41:27.176,4,3.55,,512000000
2026-05-30 17:41:27.174,2,1.75,,512000000
2026-05-30 17:41:27.154,2,1.88,,512000000
2026-05-30 17:41:27.116,7,6.67,,512000000
2026-05-30 17:41:27.103,2,1.91,,512000000
2026-05-30 17:41:26.973,2,1.84,,512000000
2026-05-30 17:41:26.896,2,1.83,,512000000
2026-05-30 17:41:26.878,13,12.01,,512000000
2026-05-30 17:41:26.860,2,1.99,,512000000
2026-05-30 17:41:26.850,2,1.82,,512000000
2026-05-30 17:41:26.800,15,14.23,,512000000
2026-05-30 17:41:26.795,2,1.94,,512000000
2026-05-30 17:41:26.788,2,1.81,,512000000
2026-05-30 17:41:26.757,2,1.81,,512000000
2026-05-30 17:41:26.679,3,2.03,,512000000
2026-05-30 17:41:26.619,7,6.78,,512000000
2026-05-30 17:41:26.535,19,18.19,,512000000
2026-05-30 17:41:26.503,3,2.96,,512000000
2026-05-30 17:41:26.478,17,16.84,,512000000
2026-05-30 17:41:26.357,2,1.96,,512000000
2026-05-30 17:41:26.314,5,4.95,,512000000
2026-05-30 17:41:26.303,2,1.74,,512000000
2026-05-30 17:41:26.301,2,1.77,,512000000
2026-05-30 17:41:26.126,2,1.97,,512000000
2026-05-30 17:41:26.125,2,1.98,,512000000
2026-05-30 17:41:26.010,2,1.87,,512000000
2026-05-30 17:41:26.005,2,1.82,,512000000
2026-05-30 17:41:26.002,2,1.83,,512000000
2026-05-30 17:41:25.975,7,6.12,,512000000
2026-05-30 17:41:25.967,3,2.1,,512000000
2026-05-30 17:41:25.964,3,2.09,,512000000
2026-05-30 17:41:25.961,3,2.28,,512000000
2026-05-30 17:41:25.939,23,22.95,,512000000
2026-05-30 17:41:25.916,2,1.87,,512000000
2026-05-30 17:41:25.797,30,29.57,,512000000
2026-05-30 17:41:25.782,8,7.42,,512000000
2026-05-30 17:41:25.781,2,1.86,,512000000
2026-05-30 17:41:25.767,3,2,,512000000
2026-05-30 17:41:25.684,2,1.88,,512000000
2026-05-30 17:41:25.641,9,8.98,,512000000
2026-05-30 17:41:25.623,3,2.06,,512000000
2026-05-30 17:41:25.589,2,1.82,,512000000
2026-05-30 17:41:25.585,2,1.9,,512000000
2026-05-30 17:41:25.555,7,6.22,,512000000
2026-05-30 17:41:25.541,12,11.95,,512000000
2026-05-30 17:41:25.522,3,2.07,,512000000
2026-05-30 17:41:25.492,2,1.99,,512000000
2026-05-30 17:41:25.455,3,2.15,,512000000
2026-05-30 17:41:25.430,2,1.81,,512000000
2026-05-30 17:41:25.427,3,2.08,,512000000
2026-05-30 17:41:25.376,15,14.87,,512000000
2026-05-30 17:41:25.361,3,2.09,,512000000
2026-05-30 17:41:25.347,2,1.72,,512000000
2026-05-30 17:41:25.344,2,1.88,,512000000
2026-05-30 17:41:25.334,2,1.94,,512000000
2026-05-30 17:41:25.317,21,20.58,,512000000
2026-05-30 17:41:25.218,2,1.98,,512000000
2026-05-30 17:41:25.191,2,1.96,,512000000
2026-05-30 17:41:25.114,2,1.78,,512000000
2026-05-30 17:41:25.023,3,2.02,,512000000
2026-05-30 17:41:25.006,3,2.08,,512000000
2026-05-30 17:41:25.002,11,10.3,,512000000
2026-05-30 17:41:24.984,3,2.24,,512000000
2026-05-30 17:41:24.966,4,3.92,,512000000
2026-05-30 17:41:24.965,3,2.17,,512000000
2026-05-30 17:41:24.904,3,2.45,,512000000
2026-05-30 17:41:24.881,23,22.13,,512000000
2026-05-30 17:41:24.852,3,2.12,,512000000
2026-05-30 17:41:24.731,3,2.22,,512000000
2026-05-30 17:41:24.726,3,2.19,,512000000
2026-05-30 17:41:24.683,2,1.78,,512000000
2026-05-30 17:41:24.556,5,4.17,,512000000
2026-05-30 17:41:24.543,2,1.94,,512000000
2026-05-30 17:41:24.530,2,1.97,,512000000
2026-05-30 17:41:24.510,2,1.86,,512000000
2026-05-30 17:41:24.487,2,1.81,,512000000
2026-05-30 17:41:24.413,2,1.85,,512000000
2026-05-30 17:41:24.373,2,1.92,,512000000
2026-05-30 17:41:24.369,2,1.8,,512000000
2026-05-30 17:41:24.347,2,1.9,,512000000
2026-05-30 17:41:24.243,2,1.76,,512000000
2026-05-30 17:41:24.227,2,1.74,,512000000
2026-05-30 17:41:24.219,2,1.73,,512000000
2026-05-30 17:41:24.198,3,2.07,,512000000
2026-05-30 17:41:24.114,2,1.84,,512000000
2026-05-30 17:41:24.072,2,1.91,,512000000
2026-05-30 17:41:24.018,2,1.85,,512000000
2026-05-30 17:41:24.013,2,1.88,,512000000
2026-05-30 17:41:23.992,2,1.95,,512000000
2026-05-30 17:41:23.894,3,2.05,,512000000
2026-05-30 17:41:23.886,3,2.05,,512000000
2026-05-30 17:41:23.865,2,1.71,,512000000
2026-05-30 17:41:23.855,2,1.97,,512000000
2026-05-30 17:41:23.819,2,1.68,,512000000
2026-05-30 17:41:23.774,2,1.96,,512000000
2026-05-30 17:41:23.744,2,1.79,,512000000
2026-05-30 17:41:23.713,3,2,,512000000
2026-05-30 17:41:23.713,2,1.93,,512000000
2026-05-30 17:41:23.712,2,1.81,,512000000
2026-05-30 17:41:23.709,2,1.86,,512000000
2026-05-30 17:41:23.626,2,1.95,,512000000
2026-05-30 17:41:23.600,2,1.65,,512000000
2026-05-30 17:41:23.521,2,2,,512000000
2026-05-30 17:41:23.490,2,1.67,,512000000
2026-05-30 17:41:23.472,2,1.96,,512000000
2026-05-30 17:41:23.469,2,1.77,,512000000
2026-05-30 17:41:23.466,4,3.95,,512000000
2026-05-30 17:41:23.389,2,1.79,,512000000
2026-05-30 17:41:23.384,2,1.86,,512000000
2026-05-30 17:41:23.363,2,1.79,,512000000
2026-05-30 17:41:23.358,3,2.05,,512000000
2026-05-30 17:41:23.354,2,1.95,,512000000
2026-05-30 17:41:23.259,12,11.37,,512000000
2026-05-30 17:41:23.239,38,37.86,,512000000
2026-05-30 17:41:23.138,3,2.54,,512000000
2026-05-30 17:41:23.124,3,2.11,,512000000
2026-05-30 17:41:23.118,7,6.08,,512000000
2026-05-30 17:41:23.103,3,2.07,,512000000
2026-05-30 17:41:23.044,2,1.92,,512000000
2026-05-30 17:41:23.015,2,1.78,,512000000
2026-05-30 17:41:23.005,3,3,,512000000
2026-05-30 17:41:22.885,2,1.91,,512000000
2026-05-30 17:41:22.795,2,1.79,,512000000
2026-05-30 17:41:22.754,2,1.95,,512000000
2026-05-30 17:41:22.694,3,2.1,,512000000
2026-05-30 17:41:22.657,3,2.12,,512000000
2026-05-30 17:41:22.656,2,1.81,,512000000
2026-05-30 17:41:22.651,2,1.82,,512000000
2026-05-30 17:41:22.587,2,1.77,,512000000
2026-05-30 17:41:22.529,2,1.76,,512000000
2026-05-30 17:41:22.471,2,1.84,,512000000
2026-05-30 17:41:22.465,2,1.88,,512000000
2026-05-30 17:41:22.424,3,2.22,,512000000
2026-05-30 17:41:22.404,2,1.93,,512000000
2026-05-30 17:41:22.362,21,20.31,,512000000
2026-05-30 17:41:22.347,2,1.77,,512000000
2026-05-30 17:41:22.318,3,2.26,,512000000
2026-05-30 17:41:22.293,3,2.2,,512000000
2026-05-30 17:41:22.242,27,26.64,,512000000
2026-05-30 17:41:22.220,3,2.08,,512000000
2026-05-30 17:41:22.198,4,3.66,,512000000
2026-05-30 17:41:22.180,28,27.51,,512000000
2026-05-30 17:41:22.171,2,1.67,,512000000
2026-05-30 17:41:22.162,2,1.82,,512000000
2026-05-30 17:41:22.071,3,2.02,,512000000
2026-05-30 17:41:22.068,2,1.93,,512000000
2026-05-30 17:41:22.040,2,1.84,,512000000
2026-05-30 17:41:22.022,2,1.81,,512000000
2026-05-30 17:41:22.019,3,2.06,,512000000
2026-05-30 17:41:22.001,11,10.69,,512000000
2026-05-30 17:41:21.904,2,1.94,,512000000
2026-05-30 17:41:21.880,20,19.27,,512000000
2026-05-30 17:41:21.874,2,1.78,,512000000
2026-05-30 17:41:21.831,2,1.92,,512000000
2026-05-30 17:41:21.808,3,2.05,,512000000
2026-05-30 17:41:21.789,2,1.77,,512000000
2026-05-30 17:41:21.754,2,1.9,,512000000
2026-05-30 17:41:21.740,2,1.9,,512000000
2026-05-30 17:41:21.690,2,1.85,,512000000
2026-05-30 17:41:21.619,2,1.75,,512000000
2026-05-30 17:41:21.589,2,1.81,,512000000
2026-05-30 17:41:21.467,2,1.86,,512000000
2026-05-30 17:41:21.462,26,25.39,,512000000
2026-05-30 17:41:21.459,9,8.76,,512000000
2026-05-30 17:41:21.445,2,1.75,,512000000
2026-05-30 17:41:21.347,2,1.82,,512000000
2026-05-30 17:41:21.345,2,1.92,,512000000
2026-05-30 17:41:21.340,2,1.73,,512000000
2026-05-30 17:41:21.254,2,1.8,,512000000
2026-05-30 17:41:21.252,2,1.9,,512000000
2026-05-30 17:41:21.251,2,1.92,,512000000
2026-05-30 17:41:21.238,2,1.75,,512000000
2026-05-30 17:41:21.152,2,1.87,,512000000
2026-05-30 17:41:21.083,2,1.81,,512000000
2026-05-30 17:41:21.061,2,1.78,,512000000
2026-05-30 17:41:21.031,2,1.89,,512000000
2026-05-30 17:41:20.948,2,1.9,,512000000
2026-05-30 17:41:20.926,3,2.11,,512000000
2026-05-30 17:41:20.882,29,28.45,,512000000
2026-05-30 17:41:20.788,2,1.77,,512000000
2026-05-30 17:41:20.742,11,10.58,,512000000
2026-05-30 17:41:20.725,2,1.85,,512000000
2026-05-30 17:41:20.720,25,24.89,,512000000
2026-05-30 17:41:20.702,3,2.56,,512000000
2026-05-30 17:41:20.700,2,1.88,,512000000
2026-05-30 17:41:20.699,2,1.97,,512000000
2026-05-30 17:41:20.693,2,1.84,,512000000
2026-05-30 17:41:20.666,5,4.74,,512000000
2026-05-30 17:41:20.589,2,1.87,,512000000
2026-05-30 17:41:20.566,3,2.02,,512000000
2026-05-30 17:41:20.532,3,2.03,,512000000
2026-05-30 17:41:20.512,3,2.03,,512000000
2026-05-30 17:41:20.480,2,1.98,,512000000
2026-05-30 17:41:20.478,2,1.76,,512000000
2026-05-30 17:41:20.462,2,1.75,,512000000
2026-05-30 17:41:20.446,2,1.99,,512000000
2026-05-30 17:41:20.444,2,1.88,,512000000
2026-05-30 17:41:20.418,2,1.69,,512000000
2026-05-30 17:41:20.394,2,1.75,,512000000
2026-05-30 17:41:20.367,2,1.77,,512000000
2026-05-30 17:41:20.301,2,1.76,,512000000
2026-05-30 17:41:20.289,2,1.76,,512000000
2026-05-30 17:41:20.282,2,1.9,,512000000
2026-05-30 17:41:20.263,2,1.9,,512000000
2026-05-30 17:41:20.259,2,1.8,,512000000
2026-05-30 17:41:20.226,3,2.21,,512000000
2026-05-30 17:41:20.183,2,1.8,,512000000
2026-05-30 17:41:20.126,2,1.76,,512000000
2026-05-30 17:41:20.037,3,2.24,,512000000
2026-05-30 17:41:20.037,4,3.76,,512000000
2026-05-30 17:41:19.916,3,2.05,,512000000
2026-05-30 17:41:19.782,23,22.51,,512000000
2026-05-30 17:41:19.756,3,2.25,,512000000
2026-05-30 17:41:19.738,6,5.33,,512000000
2026-05-30 17:41:19.702,3,2.16,,512000000
2026-05-30 17:41:19.664,4,3.42,,512000000
2026-05-30 17:41:19.646,8,7.72,,512000000
2026-05-30 17:41:19.635,2,1.79,,512000000
2026-05-30 17:41:19.631,5,4.46,,512000000
2026-05-30 17:41:19.601,3,2.11,,512000000
2026-05-30 17:41:19.507,3,2.58,,512000000
2026-05-30 17:41:19.501,2,1.93,,512000000
2026-05-30 17:41:19.484,2,1.83,,512000000
2026-05-30 17:41:19.479,4,3.98,,512000000
2026-05-30 17:41:19.444,2,1.87,,512000000
2026-05-30 17:41:19.332,3,2.24,,512000000
2026-05-30 17:41:19.299,5,4.39,,512000000
2026-05-30 17:41:19.287,2,1.86,,512000000
2026-05-30 17:41:19.278,4,3.32,,512000000
2026-05-30 17:41:19.272,2,1.81,,512000000
2026-05-30 17:41:19.262,6,5.12,,512000000
2026-05-30 17:41:19.259,16,15.3,,512000000
2026-05-30 17:41:19.258,3,2.01,,512000000
2026-05-30 17:41:19.152,2,1.98,,512000000
2026-05-30 17:41:19.102,3,2.11,,512000000
2026-05-30 17:41:19.081,2,1.7,,512000000
2026-05-30 17:41:19.070,2,1.97,,512000000
2026-05-30 17:41:18.996,2,1.84,,512000000
2026-05-30 17:41:18.944,3,2.55,,512000000
2026-05-30 17:41:18.893,2,1.81,,512000000
2026-05-30 17:41:18.874,2,1.82,,512000000
2026-05-30 17:41:18.856,2,1.96,,512000000
2026-05-30 17:41:18.815,2,1.9,,512000000
2026-05-30 17:41:18.778,11,10.98,,512000000
2026-05-30 17:41:18.770,6,5.62,,512000000
2026-05-30 17:41:18.767,2,1.79,,512000000
2026-05-30 17:41:18.758,2,1.77,,512000000
2026-05-30 17:41:18.727,6,5.3,,512000000
2026-05-30 17:41:18.651,2,1.8,,512000000
2026-05-30 17:41:18.622,2,1.9,,512000000
2026-05-30 17:41:18.570,2,1.75,,512000000
2026-05-30 17:41:18.518,2,1.92,,512000000
2026-05-30 17:41:18.448,2,1.75,,512000000
2026-05-30 17:41:18.391,6,5.62,,512000000
2026-05-30 17:41:18.371,9,8.93,,512000000
2026-05-30 17:41:18.351,5,4.16,,512000000
2026-05-30 17:41:18.334,2,1.84,,512000000
2026-05-30 17:41:18.273,2,1.78,,512000000
2026-05-30 17:41:18.269,2,1.91,,512000000
2026-05-30 17:41:18.250,2,1.92,,512000000
2026-05-30 17:41:18.214,2,1.85,,512000000
2026-05-30 17:41:18.153,2,1.88,,512000000
2026-05-30 17:41:18.152,2,1.84,,512000000
2026-05-30 17:41:18.149,2,1.71,,512000000
2026-05-30 17:41:18.146,8,7.05,,512000000
2026-05-30 17:41:18.124,2,1.76,,512000000
2026-05-30 17:41:18.070,2,1.87,,512000000
2026-05-30 17:41:18.021,3,2.18,,512000000
2026-05-30 17:41:18.015,2,1.86,,512000000
2026-05-30 17:41:17.996,3,2.18,,512000000
2026-05-30 17:41:17.948,2,1.71,,512000000
2026-05-30 17:41:17.931,10,9.03,,512000000
2026-05-30 17:41:17.874,2,1.83,,512000000
2026-05-30 17:41:17.856,2,1.98,,512000000
2026-05-30 17:41:17.813,2,1.92,,512000000
2026-05-30 17:41:17.799,2,1.97,,512000000
2026-05-30 17:41:17.710,2,1.74,,512000000
2026-05-30 17:41:17.691,2,1.89,,512000000
2026-05-30 17:41:17.654,3,2.09,,512000000
2026-05-30 17:41:17.638,3,2.02,,512000000
2026-05-30 17:41:17.579,2,1.86,,512000000
2026-05-30 17:41:17.547,2,1.9,,512000000
2026-05-30 17:41:17.443,2,1.97,,512000000
2026-05-30 17:41:17.441,5,4.99,,512000000
2026-05-30 17:41:17.422,25,24.12,,512000000
2026-05-30 17:41:17.414,2,1.84,,512000000
2026-05-30 17:41:17.394,2,1.86,,512000000
2026-05-30 17:41:17.375,2,1.8,,512000000
2026-05-30 17:41:17.310,2,1.75,,512000000
2026-05-30 17:41:17.273,2,1.8,,512000000
2026-05-30 17:41:17.175,3,2.4,,512000000
2026-05-30 17:41:17.109,2,1.75,,512000000
2026-05-30 17:41:16.979,2,1.81,,512000000
2026-05-30 17:41:16.915,2,1.79,,512000000
2026-05-30 17:41:16.889,2,1.74,,512000000
2026-05-30 17:41:16.845,2,1.76,,512000000
2026-05-30 17:41:16.815,3,2.44,,512000000
2026-05-30 17:41:16.807,2,1.82,,512000000
2026-05-30 17:41:16.801,3,2.04,,512000000
2026-05-30 17:41:16.774,2,1.81,,512000000
2026-05-30 17:41:16.762,2,1.89,,512000000
2026-05-30 17:41:16.755,2,1.95,,512000000
2026-05-30 17:41:16.749,2,1.67,,512000000
2026-05-30 17:41:16.709,2,1.85,,512000000
2026-05-30 17:41:16.704,17,16.34,,512000000
2026-05-30 17:41:16.682,19,18.64,,512000000
2026-05-30 17:41:16.652,2,1.82,,512000000
2026-05-30 17:41:16.553,2,1.92,,512000000
2026-05-30 17:41:16.548,2,1.78,,512000000
2026-05-30 17:41:16.488,2,1.8,,512000000
2026-05-30 17:41:16.442,2,1.75,,512000000
2026-05-30 17:41:16.402,3,2.15,,512000000
2026-05-30 17:41:16.386,2,1.91,,512000000
2026-05-30 17:41:16.381,8,7.77,,512000000
2026-05-30 17:41:16.322,3,2.01,,512000000
2026-05-30 17:41:16.317,2,1.81,,512000000
2026-05-30 17:41:16.269,2,1.81,,512000000
2026-05-30 17:41:16.198,2,1.69,,512000000
2026-05-30 17:41:16.172,2,1.77,,512000000
2026-05-30 17:41:16.077,2,1.81,,512000000
2026-05-30 17:41:16.067,15,14.52,,512000000
2026-05-30 17:41:16.055,3,2.05,,512000000
2026-05-30 17:41:16.002,2,1.9,,512000000
2026-05-30 17:41:15.969,2,1.82,,512000000
2026-05-30 17:41:15.955,2,1.9,,512000000
2026-05-30 17:41:15.900,4,3.16,,512000000
2026-05-30 17:41:15.893,6,5.58,,512000000
2026-05-30 17:41:15.874,3,2.08,,512000000
2026-05-30 17:41:15.850,2,1.95,,512000000
2026-05-30 17:41:15.824,2,1.83,,512000000
2026-05-30 17:41:15.765,2,1.76,,512000000
2026-05-30 17:41:15.706,2,1.74,,512000000
2026-05-30 17:41:15.666,2,1.75,,512000000
2026-05-30 17:41:15.641,3,2.09,,512000000
2026-05-30 17:41:15.636,3,2.08,,512000000
2026-05-30 17:41:15.631,15,14.48,,512000000
2026-05-30 17:41:15.487,3,2.63,,512000000
2026-05-30 17:41:15.452,17,16.52,,512000000
2026-05-30 17:41:15.450,3,2.21,,512000000
2026-05-30 17:41:15.443,3,2.12,,512000000
2026-05-30 17:41:15.412,2,1.86,,512000000
2026-05-30 17:41:15.351,2,1.79,,512000000
2026-05-30 17:41:15.334,2,1.91,,512000000
2026-05-30 17:41:15.317,2,1.7,,512000000
2026-05-30 17:41:15.238,2,1.77,,512000000
2026-05-30 17:41:15.235,2,1.84,,512000000
2026-05-30 17:41:15.205,2,1.8,,512000000
2026-05-30 17:41:15.135,2,1.87,,512000000
2026-05-30 17:41:15.109,3,2.72,,512000000
2026-05-30 17:41:15.083,25,24.27,,512000000
2026-05-30 17:41:15.077,2,1.92,,512000000
2026-05-30 17:41:14.991,4,3.59,,512000000
2026-05-30 17:41:14.961,11,10.81,,512000000
2026-05-30 17:41:14.942,3,2.1,,512000000
2026-05-30 17:41:14.941,19,18.27,,512000000
2026-05-30 17:41:14.892,2,1.93,,512000000
2026-05-30 17:41:14.782,2,1.94,,512000000
2026-05-30 17:41:14.762,18,17.62,,512000000
2026-05-30 17:41:14.719,2,1.7,,512000000
2026-05-30 17:41:14.685,2,1.97,,512000000
2026-05-30 17:41:14.649,2,1.75,,512000000
2026-05-30 17:41:14.597,3,2.17,,512000000
2026-05-30 17:41:14.595,2,1.81,,512000000
2026-05-30 17:41:14.594,2,1.73,,512000000
2026-05-30 17:41:14.567,2,2,,512000000
2026-05-30 17:41:14.560,2,1.76,,512000000
2026-05-30 17:41:14.472,2,1.83,,512000000
2026-05-30 17:41:14.458,2,1.83,,512000000
2026-05-30 17:41:14.454,3,2.02,,512000000
2026-05-30 17:41:14.433,6,5.99,,512000000
2026-05-30 17:41:14.381,2,1.88,,512000000
2026-05-30 17:41:14.374,2,1.77,,512000000
2026-05-30 17:41:14.315,2,1.93,,512000000
2026-05-30 17:41:14.303,3,2.02,,512000000
2026-05-30 17:41:14.285,2,1.72,,512000000
2026-05-30 17:41:14.258,2,1.95,,512000000
2026-05-30 17:41:14.220,2,1.83,,512000000
2026-05-30 17:41:14.163,2,1.71,,512000000
2026-05-30 17:41:14.149,2,1.87,,512000000
2026-05-30 17:41:14.124,2,1.84,,512000000
2026-05-30 17:41:14.104,2,1.86,,512000000
2026-05-30 17:41:14.059,2,1.78,,512000000
2026-05-30 17:41:14.059,2,1.81,,512000000
2026-05-30 17:41:14.051,2,1.84,,512000000
2026-05-30 17:41:14.029,2,1.89,,512000000
2026-05-30 17:41:13.973,2,1.9,,512000000
2026-05-30 17:41:13.842,2,1.75,,512000000
2026-05-30 17:41:13.776,2,1.99,,512000000
2026-05-30 17:41:13.722,3,2.03,,512000000
2026-05-30 17:41:13.668,2,1.85,,512000000
2026-05-30 17:41:13.665,2,1.82,,512000000
2026-05-30 17:41:13.619,2,1.88,,512000000
2026-05-30 17:41:13.613,2,1.92,,512000000
2026-05-30 17:41:13.573,2,1.86,,512000000
2026-05-30 17:41:13.533,2,1.91,,512000000
2026-05-30 17:41:13.520,2,1.89,,512000000
2026-05-30 17:41:13.394,2,1.71,,512000000
2026-05-30 17:41:13.284,2,1.84,,512000000
2026-05-30 17:41:13.261,3,2.02,,512000000
2026-05-30 17:41:13.243,2,1.9,,512000000
2026-05-30 17:41:13.215,3,2.17,,512000000
2026-05-30 17:41:13.211,4,3.48,,512000000
2026-05-30 17:41:13.194,2,1.88,,512000000
2026-05-30 17:41:13.171,4,3.27,,512000000
2026-05-30 17:41:13.155,2,1.7,,512000000
2026-05-30 17:41:13.119,2,1.95,,512000000
2026-05-30 17:41:13.090,2,1.81,,512000000
2026-05-30 17:41:13.038,2,1.79,,512000000
2026-05-30 17:41:13.016,2,1.87,,512000000
2026-05-30 17:41:12.986,2,1.74,,512000000
2026-05-30 17:41:12.869,2,1.8,,512000000
2026-05-30 17:41:12.861,2,1.81,,512000000
2026-05-30 17:41:12.824,2,1.96,,512000000
2026-05-30 17:41:12.792,2,1.95,,512000000
2026-05-30 17:41:12.764,2,1.78,,512000000
2026-05-30 17:41:12.760,2,1.78,,512000000
2026-05-30 17:41:12.738,2,1.83,,512000000
2026-05-30 17:41:12.729,2,1.8,,512000000
2026-05-30 17:41:12.724,3,2.1,,512000000
2026-05-30 17:41:12.691,4,3.24,,512000000
2026-05-30 17:41:12.673,2,1.81,,512000000
2026-05-30 17:41:12.601,2,1.66,,512000000
2026-05-30 17:41:12.589,3,2.05,,512000000
2026-05-30 17:41:12.563,6,5.9,,512000000
2026-05-30 17:41:12.555,2,1.82,,512000000
2026-05-30 17:41:12.548,3,2.28,,512000000
2026-05-30 17:41:12.482,3,2.16,,512000000
2026-05-30 17:41:12.479,2,1.84,,512000000
2026-05-30 17:41:12.472,7,6.53,,512000000
2026-05-30 17:41:12.458,2,1.69,,512000000
2026-05-30 17:41:12.434,2,1.72,,512000000
2026-05-30 17:41:12.423,3,2.14,,512000000
2026-05-30 17:41:12.387,3,2.13,,512000000
2026-05-30 17:41:12.356,3,2.15,,512000000
2026-05-30 17:41:12.303,3,2.32,,512000000
2026-05-30 17:41:12.222,2,1.8,,512000000
2026-05-30 17:41:12.142,2,1.95,,512000000
2026-05-30 17:41:12.066,2,1.8,,512000000
2026-05-30 17:41:12.028,2,1.85,,512000000
2026-05-30 17:41:12.023,2,1.77,,512000000
2026-05-30 17:41:11.913,2,1.68,,512000000
2026-05-30 17:41:11.899,2,1.73,,512000000
2026-05-30 17:41:11.880,2,1.94,,512000000
2026-05-30 17:41:11.850,2,1.87,,512000000
2026-05-30 17:41:11.737,2,1.68,,512000000
2026-05-30 17:41:11.720,2,1.8,,512000000
2026-05-30 17:41:11.678,2,1.81,,512000000
2026-05-30 17:41:11.665,6,5.1,,512000000
2026-05-30 17:41:11.611,5,4.75,,512000000
2026-05-30 17:41:11.592,2,1.7,,512000000
2026-05-30 17:41:11.574,2,2,,512000000
2026-05-30 17:41:11.570,2,1.76,,512000000
2026-05-30 17:41:11.539,4,3.52,,512000000
2026-05-30 17:41:11.534,2,1.96,,512000000
2026-05-30 17:41:11.525,2,1.92,,512000000
2026-05-30 17:41:11.436,2,1.87,,512000000
2026-05-30 17:41:11.407,2,1.83,,512000000
2026-05-30 17:41:11.362,61,60.21,,512000000
2026-05-30 17:41:11.347,2,1.9,,512000000
2026-05-30 17:41:11.323,2,1.86,,512000000
2026-05-30 17:41:11.284,2,1.95,,512000000
2026-05-30 17:41:11.267,3,2.19,,512000000
2026-05-30 17:41:11.247,13,12.48,,512000000
2026-05-30 17:41:11.223,14,13.62,,512000000
2026-05-30 17:41:11.206,3,2.26,,512000000
2026-05-30 17:41:11.137,2,1.97,,512000000
2026-05-30 17:41:11.109,2,1.97,,512000000
2026-05-30 17:41:11.101,5,5,,512000000
2026-05-30 17:41:11.089,2,1.8,,512000000
2026-05-30 17:41:11.003,3,2.17,,512000000
2026-05-30 17:41:10.995,2,1.95,,512000000
2026-05-30 17:41:10.994,3,2.11,,512000000
2026-05-30 17:41:10.932,12,11.16,,512000000
2026-05-30 17:41:10.913,3,2.02,,512000000
2026-05-30 17:41:10.898,3,2.14,,512000000
2026-05-30 17:41:10.862,3,2.12,,512000000
2026-05-30 17:41:10.855,8,7.17,,512000000
2026-05-30 17:41:10.849,3,2.07,,512000000
2026-05-30 17:41:10.818,2,1.9,,512000000
2026-05-30 17:41:10.780,9,8.79,,512000000
2026-05-30 17:41:10.767,5,4.29,,512000000
2026-05-30 17:41:10.710,6,5.69,,512000000
2026-05-30 17:41:10.651,10,9.48,,512000000
2026-05-30 17:41:10.649,3,2.12,,512000000
2026-05-30 17:41:10.646,2,1.98,,512000000
2026-05-30 17:41:10.581,2,1.88,,512000000
2026-05-30 17:41:10.540,2,1.82,,512000000
2026-05-30 17:41:10.503,5,4.59,,512000000
2026-05-30 17:41:10.442,3,2.06,,512000000
2026-05-30 17:41:10.418,2,1.75,,512000000
2026-05-30 17:41:10.416,3,2.01,,512000000
2026-05-30 17:41:10.339,2,2,,512000000
2026-05-30 17:41:10.297,2,1.91,,512000000
2026-05-30 17:41:10.290,7,6.22,,512000000
2026-05-30 17:41:10.273,3,2.06,,512000000
2026-05-30 17:41:10.254,3,2.2,,512000000
2026-05-30 17:41:10.226,2,1.69,,512000000
2026-05-30 17:41:10.208,2,1.98,,512000000
2026-05-30 17:41:10.131,3,2.14,,512000000
2026-05-30 17:41:10.112,2,1.79,,512000000
2026-05-30 17:41:10.047,2,1.95,,512000000
2026-05-30 17:41:10.007,2,1.89,,512000000
2026-05-30 17:41:09.974,2,1.95,,512000000
2026-05-30 17:41:09.916,2,1.99,,512000000
2026-05-30 17:41:09.841,3,2.24,,512000000
2026-05-30 17:41:09.838,2,1.76,,512000000
2026-05-30 17:41:09.775,6,5.46,,512000000
2026-05-30 17:41:09.762,2,1.78,,512000000
2026-05-30 17:41:09.741,2,1.82,,512000000
2026-05-30 17:41:09.683,2,1.81,,512000000
2026-05-30 17:41:09.668,2,1.82,,512000000
2026-05-30 17:41:09.619,6,5.09,,512000000
2026-05-30 17:41:09.571,3,2.02,,512000000
2026-05-30 17:41:09.567,3,2.08,,512000000
2026-05-30 17:41:09.563,2,1.74,,512000000
2026-05-30 17:41:09.535,5,4.37,,512000000
2026-05-30 17:41:09.502,2,1.88,,512000000
2026-05-30 17:41:09.467,3,2.02,,512000000
2026-05-30 17:41:09.450,2,1.88,,512000000
2026-05-30 17:41:09.445,2,1.9,,512000000
2026-05-30 17:41:09.365,3,2.15,,512000000
2026-05-30 17:41:09.259,3,2,,512000000
2026-05-30 17:41:09.231,9,8.49,,512000000
2026-05-30 17:41:09.226,3,2.2,,512000000
2026-05-30 17:41:09.221,4,3.02,,512000000
2026-05-30 17:41:09.218,2,1.75,,512000000
2026-05-30 17:41:09.215,2,1.92,,512000000
2026-05-30 17:41:09.209,2,1.91,,512000000
2026-05-30 17:41:09.166,3,2.16,,512000000
2026-05-30 17:41:09.105,2,1.97,,512000000
2026-05-30 17:41:09.059,2,1.99,,512000000
2026-05-30 17:41:08.980,2,1.99,,512000000
2026-05-30 17:41:08.921,12,11.92,,512000000
2026-05-30 17:41:08.916,2,1.83,,512000000
2026-05-30 17:41:08.903,18,17.41,,512000000
2026-05-30 17:41:08.885,2,1.93,,512000000
2026-05-30 17:41:08.866,2,1.7,,512000000
2026-05-30 17:41:08.794,2,1.88,,512000000
2026-05-30 17:41:08.791,2,1.97,,512000000
2026-05-30 17:41:08.763,2,1.82,,512000000
2026-05-30 17:41:08.758,2,1.78,,512000000
2026-05-30 17:41:08.732,2,1.99,,512000000
2026-05-30 17:41:08.694,3,2.02,,512000000
2026-05-30 17:41:08.679,3,2.09,,512000000
2026-05-30 17:41:08.678,3,2.03,,512000000
2026-05-30 17:41:08.519,3,2.02,,512000000
2026-05-30 17:41:08.483,2,1.93,,512000000
2026-05-30 17:41:08.465,2,1.82,,512000000
2026-05-30 17:41:08.402,3,2.11,,512000000
2026-05-30 17:41:08.396,2,1.7,,512000000
2026-05-30 17:41:08.382,2,1.93,,512000000
2026-05-30 17:41:08.381,4,3,,512000000
2026-05-30 17:41:08.367,2,1.68,,512000000
2026-05-30 17:41:08.282,6,5.43,,512000000
2026-05-30 17:41:08.272,3,2.52,,512000000
2026-05-30 17:41:08.250,3,2.04,,512000000
2026-05-30 17:41:08.233,3,2.22,,512000000
2026-05-30 17:41:08.174,3,2.12,,512000000
2026-05-30 17:41:08.173,3,2.06,,512000000
2026-05-30 17:41:08.141,3,2.05,,512000000
2026-05-30 17:41:08.134,4,3.77,,512000000
2026-05-30 17:41:08.097,3,2.01,,512000000
2026-05-30 17:41:08.001,2,1.82,,512000000
2026-05-30 17:41:07.930,3,2.08,,512000000
2026-05-30 17:41:07.886,3,2.03,,512000000
2026-05-30 17:41:07.822,9,8.94,,512000000
2026-05-30 17:41:07.796,3,2.01,,512000000
2026-05-30 17:41:07.770,2,1.96,,512000000
2026-05-30 17:41:07.749,3,2.02,,512000000
2026-05-30 17:41:07.717,2,1.91,,512000000
2026-05-30 17:41:07.676,3,2.47,,512000000
2026-05-30 17:41:07.654,2,1.95,,512000000
2026-05-30 17:41:07.639,3,2.24,,512000000
2026-05-30 17:41:07.572,6,5.57,,512000000
2026-05-30 17:41:07.535,2,1.93,,512000000
2026-05-30 17:41:07.526,2,1.84,,512000000
2026-05-30 17:41:07.515,2,1.86,,512000000
2026-05-30 17:41:07.484,3,2.19,,512000000
2026-05-30 17:41:07.443,19,18.59,,512000000
2026-05-30 17:41:07.433,28,27.06,,512000000
2026-05-30 17:41:07.416,27,26.56,,512000000
2026-05-30 17:41:07.404,13,12.65,,512000000
2026-05-30 17:41:07.326,2,1.76,,512000000
2026-05-30 17:41:07.315,2,1.89,,512000000
2026-05-30 17:41:07.276,3,2.02,,512000000
2026-05-30 17:41:07.273,2,1.84,,512000000
2026-05-30 17:41:07.246,4,3.98,,512000000
2026-05-30 17:41:07.225,2,1.95,,512000000
2026-05-30 17:41:07.181,28,27.79,,512000000
2026-05-30 17:41:07.169,2,1.87,,512000000
2026-05-30 17:41:07.155,2,1.8,,512000000
2026-05-30 17:41:07.104,2,1.67,,512000000
2026-05-30 17:41:07.030,3,2.24,,512000000
2026-05-30 17:41:07.009,37,36.41,,512000000
2026-05-30 17:41:06.995,9,8.74,,512000000
2026-05-30 17:41:06.976,2,1.7,,512000000
2026-05-30 17:41:06.877,3,2.07,,512000000
2026-05-30 17:41:06.876,5,4.3,,512000000
2026-05-30 17:41:06.871,9,8.43,,512000000
2026-05-30 17:41:06.858,2,1.88,,512000000
2026-05-30 17:41:06.854,2,1.9,,512000000
2026-05-30 17:41:06.837,3,2,,512000000
2026-05-30 17:41:06.816,2,1.96,,512000000
2026-05-30 17:41:06.747,2,1.77,,512000000
2026-05-30 17:41:06.723,2,1.79,,512000000
2026-05-30 17:41:06.701,3,2.08,,512000000
2026-05-30 17:41:06.680,2,1.94,,512000000
2026-05-30 17:41:06.609,2,1.62,,512000000
2026-05-30 17:41:06.467,3,2.04,,512000000
2026-05-30 17:41:06.431,10,9.3,,512000000
2026-05-30 17:41:06.425,3,2.21,,512000000
2026-05-30 17:41:06.412,3,2.02,,512000000
2026-05-30 17:41:06.270,2,1.78,,512000000
2026-05-30 17:41:06.222,2,1.74,,512000000
2026-05-30 17:41:06.151,2,1.99,,512000000
2026-05-30 17:41:06.146,3,2.61,,512000000
2026-05-30 17:41:06.145,15,14.17,,512000000
2026-05-30 17:41:06.071,2,1.83,,512000000
2026-05-30 17:41:06.060,2,1.78,,512000000
2026-05-30 17:41:06.041,2,1.94,,512000000
2026-05-30 17:41:06.003,3,2.34,,512000000
2026-05-30 17:41:05.965,22,21.1,,512000000
2026-05-30 17:41:05.956,14,13.69,,512000000
2026-05-30 17:41:05.936,11,10.22,,512000000
2026-05-30 17:41:05.917,26,25.82,,512000000
2026-05-30 17:41:05.866,2,1.88,,512000000
2026-05-30 17:41:05.816,7,6.31,,512000000
2026-05-30 17:41:05.811,3,2.06,,512000000
2026-05-30 17:41:05.799,2,1.81,,512000000
2026-05-30 17:41:05.782,3,2.31,,512000000
2026-05-30 17:41:05.768,2,1.86,,512000000
2026-05-30 17:41:05.760,3,2.06,,512000000
2026-05-30 17:41:05.725,2,1.78,,512000000
2026-05-30 17:41:05.699,3,2.08,,512000000
2026-05-30 17:41:05.648,2,1.78,,512000000
2026-05-30 17:41:05.640,8,7.56,,512000000
2026-05-30 17:41:05.636,2,1.95,,512000000
2026-05-30 17:41:05.596,2,1.85,,512000000
2026-05-30 17:41:05.575,3,2.06,,512000000
2026-05-30 17:41:05.562,2,1.68,,512000000
2026-05-30 17:41:05.557,2,1.96,,512000000
2026-05-30 17:41:05.551,3,2.01,,512000000
2026-05-30 17:41:05.468,3,2.03,,512000000
2026-05-30 17:41:05.447,2,1.92,,512000000
2026-05-30 17:41:05.435,3,2.09,,512000000
2026-05-30 17:41:05.432,2,2,,512000000
2026-05-30 17:41:05.428,2,1.94,,512000000
2026-05-30 17:41:05.410,2,1.99,,512000000
2026-05-30 17:41:05.321,2,1.79,,512000000
2026-05-30 17:41:05.217,2,1.73,,512000000
2026-05-30 17:41:05.164,2,1.74,,512000000
2026-05-30 17:41:05.073,15,14.3,,512000000
2026-05-30 17:41:05.061,16,15.58,,512000000
2026-05-30 17:41:05.054,3,2.17,,512000000
2026-05-30 17:41:05.039,2,1.94,,512000000
2026-05-30 17:41:05.009,3,2.04,,512000000
2026-05-30 17:41:04.858,5,4.53,,512000000
2026-05-30 17:41:04.773,3,2.15,,512000000
2026-05-30 17:41:04.772,5,4.6,,512000000
2026-05-30 17:41:04.732,3,2.12,,512000000
2026-05-30 17:41:04.727,2,1.85,,512000000
2026-05-30 17:41:04.706,2,1.96,,512000000
2026-05-30 17:41:04.668,2,1.98,,512000000
2026-05-30 17:41:04.547,2,2,,512000000
2026-05-30 17:41:04.545,2,1.76,,512000000
2026-05-30 17:41:04.452,2,1.85,,512000000
2026-05-30 17:41:04.440,2,1.91,,512000000
2026-05-30 17:41:04.429,2,1.84,,512000000
2026-05-30 17:41:04.410,2,2,,512000000
2026-05-30 17:41:04.380,2,1.85,,512000000
2026-05-30 17:41:04.378,3,2.27,,512000000
2026-05-30 17:41:04.323,2,1.81,,512000000
2026-05-30 17:41:04.310,5,4.2,,512000000
2026-05-30 17:41:04.283,12,11.3,,512000000
2026-05-30 17:41:04.269,2,1.76,,512000000
2026-05-30 17:41:04.265,10,9.82,,512000000
2026-05-30 17:41:04.242,2,1.84,,512000000
2026-05-30 17:41:04.230,3,2.14,,512000000
2026-05-30 17:41:04.137,3,2.01,,512000000
2026-05-30 17:41:04.111,2,1.98,,512000000
2026-05-30 17:41:04.104,2,1.76,,512000000
2026-05-30 17:41:04.080,10,9.39,,512000000
2026-05-30 17:41:04.046,2,1.87,,512000000
2026-05-30 17:41:04.022,2,1.98,,512000000
2026-05-30 17:41:04.022,2,1.97,,512000000
2026-05-30 17:41:03.942,2,1.97,,512000000
2026-05-30 17:41:03.923,3,2.16,,512000000
2026-05-30 17:41:03.921,3,2.02,,512000000
2026-05-30 17:41:03.899,2,1.8,,512000000
2026-05-30 17:41:03.864,4,3.58,,512000000
2026-05-30 17:41:03.809,3,2.28,,512000000
2026-05-30 17:41:03.782,2,1.88,,512000000
2026-05-30 17:41:03.755,4,3.52,,512000000
2026-05-30 17:41:03.728,2,1.94,,512000000
2026-05-30 17:41:03.673,15,14.6,,512000000
2026-05-30 17:41:03.653,2,1.85,,512000000
2026-05-30 17:41:03.639,4,3.73,,512000000
2026-05-30 17:41:03.623,3,2.09,,512000000
2026-05-30 17:41:03.621,12,11.44,,512000000
2026-05-30 17:41:03.577,2,1.91,,512000000
2026-05-30 17:41:03.509,2,1.78,,512000000
2026-05-30 17:41:03.493,2,1.73,,512000000
2026-05-30 17:41:03.411,2,1.75,,512000000
2026-05-30 17:41:03.325,3,2.78,,512000000
2026-05-30 17:41:03.282,3,2.66,,512000000
2026-05-30 17:41:03.263,6,5.23,,512000000
2026-05-30 17:41:03.251,70,69.92,,512000000
2026-05-30 17:41:03.250,2,1.82,,512000000
2026-05-30 17:41:03.174,2,1.97,,512000000
2026-05-30 17:41:03.109,3,2.19,,512000000
2026-05-30 17:41:03.043,2,1.87,,512000000
2026-05-30 17:41:02.984,2,1.98,,512000000
2026-05-30 17:41:02.939,2,1.78,,512000000
2026-05-30 17:41:02.931,2,1.91,,512000000
2026-05-30 17:41:02.912,2,1.93,,512000000
2026-05-30 17:41:02.845,2,1.94,,512000000
2026-05-30 17:41:02.821,2,1.85,,512000000
2026-05-30 17:41:02.820,7,6.51,,512000000
2026-05-30 17:41:02.790,2,1.81,,512000000
2026-05-30 17:41:02.774,2,1.69,,512000000
2026-05-30 17:41:02.760,8,7.35,,512000000
2026-05-30 17:41:02.709,3,2.08,,512000000
2026-05-30 17:41:02.706,2,1.73,,512000000
2026-05-30 17:41:02.677,2,1.86,,512000000
2026-05-30 17:41:02.673,2,1.97,,512000000
2026-05-30 17:41:02.646,8,7.58,,512000000
2026-05-30 17:41:02.633,2,1.88,,512000000
2026-05-30 17:41:02.626,2,1.96,,512000000
2026-05-30 17:41:02.533,3,2.06,,512000000
2026-05-30 17:41:02.494,2,1.78,,512000000
2026-05-30 17:41:02.489,2,1.78,,512000000
2026-05-30 17:41:02.461,2,1.66,,512000000
2026-05-30 17:41:02.448,2,1.88,,512000000
2026-05-30 17:41:02.406,2,1.8,,512000000
2026-05-30 17:41:02.400,2,1.92,,512000000
2026-05-30 17:41:02.381,2,1.77,,512000000
2026-05-30 17:41:02.344,2,1.83,,512000000
2026-05-30 17:41:02.326,2,1.81,,512000000
2026-05-30 17:41:02.284,2,1.93,,512000000
2026-05-30 17:41:02.255,2,1.93,,512000000
2026-05-30 17:41:02.189,2,1.76,,512000000
2026-05-30 17:41:02.189,3,2.16,,512000000
2026-05-30 17:41:02.162,13,12.67,,512000000
2026-05-30 17:41:02.156,2,1.92,,512000000
2026-05-30 17:41:02.043,2,1.9,,512000000
2026-05-30 17:41:02.043,2,1.68,,512000000
2026-05-30 17:41:01.958,2,1.92,,512000000
2026-05-30 17:41:01.941,4,3.44,,512000000
2026-05-30 17:41:01.805,3,2,,512000000
2026-05-30 17:41:01.747,2,1.76,,512000000
2026-05-30 17:41:01.665,2,1.79,,512000000
2026-05-30 17:41:01.655,2,1.84,,512000000
2026-05-30 17:41:01.641,3,2,,512000000
2026-05-30 17:41:01.603,2,1.77,,512000000
2026-05-30 17:41:01.602,3,2.61,,512000000
2026-05-30 17:41:01.582,6,5.28,,512000000
2026-05-30 17:41:01.565,3,2.54,,512000000
2026-05-30 17:41:01.564,2,2,,512000000
2026-05-30 17:41:01.507,2,1.91,,512000000
2026-05-30 17:41:01.459,2,1.8,,512000000
2026-05-30 17:41:01.441,2,1.74,,512000000
2026-05-30 17:41:01.425,2,1.9,,512000000
2026-05-30 17:41:01.398,2,1.75,,512000000
2026-05-30 17:41:01.381,2,1.9,,512000000
2026-05-30 17:41:01.360,2,1.89,,512000000
2026-05-30 17:41:01.314,2,1.77,,512000000
2026-05-30 17:41:01.246,3,2.12,,512000000
2026-05-30 17:41:01.243,3,2.05,,512000000
2026-05-30 17:41:01.232,2,1.99,,512000000
2026-05-30 17:41:01.179,3,2.1,,512000000
2026-05-30 17:41:01.149,2,1.97,,512000000
2026-05-30 17:41:01.129,2,1.95,,512000000
2026-05-30 17:41:01.062,3,2.08,,512000000
2026-05-30 17:41:01.013,2,1.85,,512000000
2026-05-30 17:41:00.941,3,2.91,,512000000
2026-05-30 17:41:00.932,2,1.95,,512000000
2026-05-30 17:41:00.918,3,2.06,,512000000
2026-05-30 17:41:00.841,2,1.89,,512000000
2026-05-30 17:41:00.779,2,1.76,,512000000
2026-05-30 17:41:00.779,3,2.15,,512000000
2026-05-30 17:41:00.760,3,2.02,,512000000
2026-05-30 17:41:00.723,31,30.82,,512000000
2026-05-30 17:41:00.663,2,1.81,,512000000
2026-05-30 17:41:00.604,4,3.18,,512000000
2026-05-30 17:41:00.588,2,1.98,,512000000
2026-05-30 17:41:00.527,3,2.03,,512000000
2026-05-30 17:41:00.527,2,1.78,,512000000
2026-05-30 17:41:00.481,8,7.57,,512000000
2026-05-30 17:41:00.478,2,2,,512000000
2026-05-30 17:41:00.463,2,1.81,,512000000
2026-05-30 17:41:00.460,2,1.58,,512000000
2026-05-30 17:41:00.452,13,12.31,,512000000
2026-05-30 17:41:00.341,3,2.12,,512000000
2026-05-30 17:41:00.322,3,2.06,,512000000
2026-05-30 17:41:00.319,3,2.02,,512000000
2026-05-30 17:41:00.268,2,1.73,,512000000
2026-05-30 17:41:00.221,12,11.7,,512000000
2026-05-30 17:41:00.201,5,4.37,,512000000
2026-05-30 17:41:00.171,2,1.92,,512000000
2026-05-30 17:41:00.148,2,1.88,,512000000
2026-05-30 17:41:00.132,3,2,,512000000
2026-05-30 17:41:00.116,2,1.95,,512000000
2026-05-30 17:41:00.111,6,5.1,,512000000
2026-05-30 17:41:00.098,2,1.93,,512000000
2026-05-30 17:41:00.092,2,1.97,,512000000
2026-05-30 17:41:00.061,3,2.09,,512000000
2026-05-30 17:41:00.044,2,1.91,,512000000
2026-05-30 17:40:59.977,2,1.92,,512000000
2026-05-30 17:40:59.976,2,1.94,,512000000
2026-05-30 17:40:59.854,2,1.66,,512000000
2026-05-30 17:40:59.851,3,2.13,,512000000
2026-05-30 17:40:59.781,25,24.3,,512000000
2026-05-30 17:40:59.748,3,2.01,,512000000
2026-05-30 17:40:59.724,2,1.98,,512000000
2026-05-30 17:40:59.645,11,10.73,,512000000
2026-05-30 17:40:59.622,2,1.88,,512000000
2026-05-30 17:40:59.593,2,1.92,,512000000
2026-05-30 17:40:59.579,3,2.3,,512000000
2026-05-30 17:40:59.495,2,1.83,,512000000
2026-05-30 17:40:59.437,2,1.74,,512000000
2026-05-30 17:40:59.400,2,1.88,,512000000
2026-05-30 17:40:59.396,2,1.81,,512000000
2026-05-30 17:40:59.336,2,1.82,,512000000
2026-05-30 17:40:59.297,3,2.04,,512000000
2026-05-30 17:40:59.290,2,1.9,,512000000
2026-05-30 17:40:59.181,3,2.1,,512000000
2026-05-30 17:40:59.178,2,1.84,,512000000
2026-05-30 17:40:59.144,2,1.79,,512000000
2026-05-30 17:40:59.105,2,1.94,,512000000
2026-05-30 17:40:59.003,8,7.59,,512000000
2026-05-30 17:40:59.003,2,1.72,,512000000
2026-05-30 17:40:58.991,12,11.44,,512000000
2026-05-30 17:40:58.972,2,1.76,,512000000
2026-05-30 17:40:58.934,2,1.83,,512000000
2026-05-30 17:40:58.927,2,1.82,,512000000
2026-05-30 17:40:58.832,2,1.84,,512000000
2026-05-30 17:40:58.788,2,1.96,,512000000
2026-05-30 17:40:58.783,2,1.85,,512000000
2026-05-30 17:40:58.747,2,1.93,,512000000
2026-05-30 17:40:58.728,2,1.89,,512000000
2026-05-30 17:40:58.721,4,3.84,,512000000
2026-05-30 17:40:58.701,3,2.32,,512000000
2026-05-30 17:40:58.698,2,1.77,,512000000
2026-05-30 17:40:58.688,2,1.78,,512000000
2026-05-30 17:40:58.631,2,1.9,,512000000
2026-05-30 17:40:58.611,2,1.71,,512000000
2026-05-30 17:40:58.568,2,1.75,,512000000
2026-05-30 17:40:58.562,2,1.81,,512000000
2026-05-30 17:40:58.556,2,1.84,,512000000
2026-05-30 17:40:58.538,3,2.08,,512000000
2026-05-30 17:40:58.525,2,1.77,,512000000
2026-05-30 17:40:58.502,2,1.7,,512000000
2026-05-30 17:40:58.396,2,1.93,,512000000
2026-05-30 17:40:58.390,5,4.72,,512000000
2026-05-30 17:40:58.303,2,1.86,,512000000
2026-05-30 17:40:58.261,3,2.17,,512000000
2026-05-30 17:40:58.245,2,1.87,,512000000
2026-05-30 17:40:58.220,2,1.91,,512000000
2026-05-30 17:40:58.199,2,1.82,,512000000
2026-05-30 17:40:58.164,2,1.98,,512000000
2026-05-30 17:40:58.121,2,1.68,,512000000
2026-05-30 17:40:58.104,2,1.92,,512000000
2026-05-30 17:40:57.998,2,1.92,,512000000
2026-05-30 17:40:57.995,2,1.94,,512000000
2026-05-30 17:40:57.956,3,2.07,,512000000
2026-05-30 17:40:57.889,2,1.79,,512000000
2026-05-30 17:40:57.870,3,2.27,,512000000
2026-05-30 17:40:57.856,3,2.38,,512000000
2026-05-30 17:40:57.836,2,1.87,,512000000
2026-05-30 17:40:57.814,2,1.82,,512000000
2026-05-30 17:40:57.796,2,1.97,,512000000
2026-05-30 17:40:57.787,2,1.76,,512000000
2026-05-30 17:40:57.770,6,5.42,,512000000
2026-05-30 17:40:57.735,2,1.85,,512000000
2026-05-30 17:40:57.711,2,1.95,,512000000
2026-05-30 17:40:57.692,2,1.76,,512000000
2026-05-30 17:40:57.567,3,2.18,,512000000
2026-05-30 17:40:57.562,3,2.06,,512000000
2026-05-30 17:40:57.490,2,1.88,,512000000
2026-05-30 17:40:57.442,8,7.07,,512000000
2026-05-30 17:40:57.429,3,2.38,,512000000
2026-05-30 17:40:57.382,3,2.68,,512000000
2026-05-30 17:40:57.363,2,1.95,,512000000
2026-05-30 17:40:57.349,3,2.01,,512000000
2026-05-30 17:40:57.320,3,2.18,,512000000
2026-05-30 17:40:57.316,3,2.04,,512000000
2026-05-30 17:40:57.271,9,8.96,,512000000
2026-05-30 17:40:57.251,4,3.91,,512000000
2026-05-30 17:40:57.235,2,1.83,,512000000
2026-05-30 17:40:57.211,6,5.9,,512000000
2026-05-30 17:40:57.192,3,2,,512000000
2026-05-30 17:40:57.176,2,1.82,,512000000
2026-05-30 17:40:57.131,2,1.8,,512000000
2026-05-30 17:40:57.104,2,1.76,,512000000
2026-05-30 17:40:57.073,2,1.72,,512000000
2026-05-30 17:40:57.016,2,1.86,,512000000
2026-05-30 17:40:56.927,2,1.76,,512000000
2026-05-30 17:40:56.908,2,1.74,,512000000
2026-05-30 17:40:56.848,2,1.87,,512000000
2026-05-30 17:40:56.804,2,1.88,,512000000
2026-05-30 17:40:56.797,2,1.99,,512000000
2026-05-30 17:40:56.772,2,1.86,,512000000
2026-05-30 17:40:56.720,2,1.84,,512000000
2026-05-30 17:40:56.715,2,1.83,,512000000
2026-05-30 17:40:56.659,2,1.82,,512000000
2026-05-30 17:40:56.629,2,1.87,,512000000
2026-05-30 17:40:56.628,2,1.73,,512000000
2026-05-30 17:40:56.601,4,3.4,,512000000
2026-05-30 17:40:56.590,2,1.97,,512000000
2026-05-30 17:40:56.510,2,1.92,,512000000
2026-05-30 17:40:56.505,2,1.89,,512000000
2026-05-30 17:40:56.489,3,2.76,,512000000
2026-05-30 17:40:56.465,2,1.69,,512000000
2026-05-30 17:40:56.452,2,1.72,,512000000
2026-05-30 17:40:56.442,2,1.73,,512000000
2026-05-30 17:40:56.436,2,1.88,,512000000
2026-05-30 17:40:56.429,2,1.78,,512000000
2026-05-30 17:40:56.398,2,1.95,,512000000
2026-05-30 17:40:56.393,2,1.83,,512000000
2026-05-30 17:40:56.371,2,1.88,,512000000
2026-05-30 17:40:56.364,2,1.78,,512000000
2026-05-30 17:40:56.290,2,1.95,,512000000
2026-05-30 17:40:55.999,2,1.79,,512000000
2026-05-30 17:40:55.999,2,1.85,,512000000
2026-05-30 17:40:55.971,2,1.83,,512000000
2026-05-30 17:40:55.966,2,1.73,,512000000
2026-05-30 17:40:55.941,2,1.86,,512000000
2026-05-30 17:40:55.874,3,2.11,,512000000
2026-05-30 17:40:55.861,3,2.18,,512000000
2026-05-30 17:40:55.854,2,1.78,,512000000
2026-05-30 17:40:55.812,2,1.79,,512000000
2026-05-30 17:40:55.738,3,2.18,,512000000
2026-05-30 17:40:55.709,2,1.86,,512000000
2026-05-30 17:40:55.680,2,1.88,,512000000
2026-05-30 17:40:55.616,2,1.73,,512000000
2026-05-30 17:40:55.488,2,1.76,,512000000
2026-05-30 17:40:55.471,6,5.41,,512000000
2026-05-30 17:40:55.459,2,1.81,,512000000
2026-05-30 17:40:55.431,3,2.11,,512000000
2026-05-30 17:40:55.414,2,1.8,,512000000
2026-05-30 17:40:55.380,2,1.91,,512000000
2026-05-30 17:40:55.373,2,1.82,,512000000
2026-05-30 17:40:55.350,2,1.84,,512000000
2026-05-30 17:40:55.340,2,1.76,,512000000
2026-05-30 17:40:55.322,2,1.74,,512000000
2026-05-30 17:40:55.314,3,2.22,,512000000
2026-05-30 17:40:55.281,2,1.99,,512000000
2026-05-30 17:40:55.237,3,2.3,,512000000
2026-05-30 17:40:55.229,2,1.81,,512000000
2026-05-30 17:40:55.162,2,1.95,,512000000
2026-05-30 17:40:55.131,2,1.86,,512000000
2026-05-30 17:40:55.061,5,4.05,,512000000
2026-05-30 17:40:55.045,3,2.01,,512000000
2026-05-30 17:40:54.996,2,1.97,,512000000
2026-05-30 17:40:54.996,3,2,,512000000
2026-05-30 17:40:54.974,2,1.99,,512000000
2026-05-30 17:40:54.960,3,2.27,,512000000
2026-05-30 17:40:54.953,2,1.9,,512000000
2026-05-30 17:40:54.889,2,1.76,,512000000
2026-05-30 17:40:54.882,9,8.09,,512000000
2026-05-30 17:40:54.865,2,1.83,,512000000
2026-05-30 17:40:54.864,2,1.93,,512000000
2026-05-30 17:40:54.841,2,1.78,,512000000
2026-05-30 17:40:54.838,2,1.92,,512000000
2026-05-30 17:40:54.722,12,11.27,,512000000
2026-05-30 17:40:54.707,2,1.84,,512000000
2026-05-30 17:40:54.702,4,3.48,,512000000
2026-05-30 17:40:54.685,3,2.14,,512000000
2026-05-30 17:40:54.679,2,1.82,,512000000
2026-05-30 17:40:54.604,2,1.78,,512000000
2026-05-30 17:40:54.496,2,1.82,,512000000
2026-05-30 17:40:54.431,3,2.01,,512000000
2026-05-30 17:40:54.389,2,1.81,,512000000
2026-05-30 17:40:54.371,2,1.92,,512000000
2026-05-30 17:40:54.345,2,1.71,,512000000
2026-05-30 17:40:54.247,2,1.99,,512000000
2026-05-30 17:40:54.214,2,1.9,,512000000
2026-05-30 17:40:54.194,2,1.87,,512000000
2026-05-30 17:40:54.171,11,10.04,,512000000
2026-05-30 17:40:54.152,2,1.83,,512000000
2026-05-30 17:40:54.125,2,1.66,,512000000
2026-05-30 17:40:54.122,7,6.97,,512000000
2026-05-30 17:40:54.120,2,1.91,,512000000
2026-05-30 17:40:54.109,3,2,,512000000
2026-05-30 17:40:54.019,3,2,,512000000
2026-05-30 17:40:53.962,14,13.71,,512000000
2026-05-30 17:40:53.941,17,16.77,,512000000
2026-05-30 17:40:53.889,2,1.91,,512000000
2026-05-30 17:40:53.875,2,1.87,,512000000
2026-05-30 17:40:53.840,3,2.14,,512000000
2026-05-30 17:40:53.813,2,1.8,,512000000
2026-05-30 17:40:53.812,7,6.29,,512000000
2026-05-30 17:40:53.799,2,1.74,,512000000
2026-05-30 17:40:53.656,2,1.77,,512000000
2026-05-30 17:40:53.647,2,1.8,,512000000
2026-05-30 17:40:53.641,4,3.94,,512000000
2026-05-30 17:40:53.632,2,1.89,,512000000
2026-05-30 17:40:53.494,2,1.85,,512000000
2026-05-30 17:40:53.479,2,1.94,,512000000
2026-05-30 17:40:53.396,3,2.04,,512000000
2026-05-30 17:40:53.373,3,2.17,,512000000
2026-05-30 17:40:53.345,2,1.96,,512000000
2026-05-30 17:40:53.329,2,1.8,,512000000
2026-05-30 17:40:53.316,3,2.03,,512000000
2026-05-30 17:40:53.313,2,1.79,,512000000
2026-05-30 17:40:53.312,3,2.5,,512000000
2026-05-30 17:40:53.288,2,1.89,,512000000
2026-05-30 17:40:53.283,3,2.12,,512000000
2026-05-30 17:40:53.270,2,1.94,,512000000
2026-05-30 17:40:53.168,2,1.74,,512000000
2026-05-30 17:40:53.071,9,8.86,,512000000
2026-05-30 17:40:53.051,9,8.86,,512000000
2026-05-30 17:40:53.034,2,1.93,,512000000
2026-05-30 17:40:53.017,2,1.82,,512000000
2026-05-30 17:40:53.015,2,1.84,,512000000
2026-05-30 17:40:53.015,2,1.82,,512000000
2026-05-30 17:40:53.010,2,1.98,,512000000
2026-05-30 17:40:52.974,2,1.79,,512000000
2026-05-30 17:40:52.929,2,1.81,,512000000
2026-05-30 17:40:52.871,2,1.91,,512000000
2026-05-30 17:40:52.865,3,2.17,,512000000
2026-05-30 17:40:52.841,13,12.11,,512000000
2026-05-30 17:40:52.826,2,1.95,,512000000
2026-05-30 17:40:52.820,3,2.08,,512000000
2026-05-30 17:40:52.730,2,1.77,,512000000
2026-05-30 17:40:52.728,3,2.02,,512000000
2026-05-30 17:40:52.639,2,1.96,,512000000
2026-05-30 17:40:52.595,2,1.76,,512000000
2026-05-30 17:40:52.572,4,3.32,,512000000
2026-05-30 17:40:52.559,2,1.82,,512000000
2026-05-30 17:40:52.524,2,1.63,,512000000
2026-05-30 17:40:52.520,3,2.17,,512000000
2026-05-30 17:40:52.495,2,1.61,,512000000
2026-05-30 17:40:52.460,2,1.77,,512000000
2026-05-30 17:40:52.423,2,1.76,,512000000
2026-05-30 17:40:52.399,2,1.82,,512000000
2026-05-30 17:40:52.360,2,1.78,,512000000
2026-05-30 17:40:52.343,2,1.77,,512000000
2026-05-30 17:40:52.313,2,1.79,,512000000
2026-05-30 17:40:52.259,2,1.97,,512000000
2026-05-30 17:40:52.254,3,2.18,,512000000
2026-05-30 17:40:52.251,2,1.82,,512000000
2026-05-30 17:40:52.117,2,1.79,,512000000
2026-05-30 17:40:52.026,2,1.96,,512000000
2026-05-30 17:40:51.987,2,1.93,,512000000
2026-05-30 17:40:51.913,3,2.1,,512000000
2026-05-30 17:40:51.889,2,1.95,,512000000
2026-05-30 17:40:51.857,2,1.74,,512000000
2026-05-30 17:40:51.857,9,8.84,,512000000
2026-05-30 17:40:51.839,3,2.71,,512000000
2026-05-30 17:40:51.837,2,1.8,,512000000
2026-05-30 17:40:51.813,2,1.72,,512000000
2026-05-30 17:40:51.798,2,1.84,,512000000
2026-05-30 17:40:51.776,2,1.65,,512000000
2026-05-30 17:40:51.767,2,1.97,,512000000
2026-05-30 17:40:51.739,2,1.84,,512000000
2026-05-30 17:40:51.680,2,1.91,,512000000
2026-05-30 17:40:51.677,11,10.95,,512000000
2026-05-30 17:40:51.673,3,2.11,,512000000
2026-05-30 17:40:51.672,2,1.85,,512000000
2026-05-30 17:40:51.656,4,3.2,,512000000
2026-05-30 17:40:51.637,3,2.09,,512000000
2026-05-30 17:40:51.635,2,1.66,,512000000
2026-05-30 17:40:51.622,2,1.79,,512000000
2026-05-30 17:40:51.601,2,1.92,,512000000
2026-05-30 17:40:51.574,2,1.7,,512000000
2026-05-30 17:40:51.552,2,1.75,,512000000
2026-05-30 17:40:51.479,3,2.06,,512000000
2026-05-30 17:40:51.438,2,1.97,,512000000
2026-05-30 17:40:51.394,2,1.83,,512000000
2026-05-30 17:40:51.327,2,1.98,,512000000
2026-05-30 17:40:51.273,2,1.74,,512000000
2026-05-30 17:40:51.155,3,2.02,,512000000
2026-05-30 17:40:51.108,2,1.83,,512000000
2026-05-30 17:40:51.031,2,1.93,,512000000
2026-05-30 17:40:50.968,3,2.17,,512000000
2026-05-30 17:40:50.902,2,1.76,,512000000
2026-05-30 17:40:50.841,4,3.18,,512000000
2026-05-30 17:40:50.836,2,1.84,,512000000
2026-05-30 17:40:50.783,3,2.02,,512000000
2026-05-30 17:40:50.755,3,2.03,,512000000
2026-05-30 17:40:50.701,4,3.5,,512000000
2026-05-30 17:40:50.659,2,2,,512000000
2026-05-30 17:40:50.655,2,1.84,,512000000
2026-05-30 17:40:50.604,2,1.75,,512000000
2026-05-30 17:40:50.551,4,3.5,,512000000
2026-05-30 17:40:50.536,2,1.68,,512000000
2026-05-30 17:40:50.526,2,1.8,,512000000
2026-05-30 17:40:50.461,2,1.81,,512000000
2026-05-30 17:40:50.460,3,2.05,,512000000
2026-05-30 17:40:50.410,3,2.05,,512000000
2026-05-30 17:40:50.376,13,12.97,,512000000
2026-05-30 17:40:50.357,2,1.89,,512000000
2026-05-30 17:40:50.345,2,1.92,,512000000
2026-05-30 17:40:50.341,2,1.8,,512000000
2026-05-30 17:40:50.257,3,2.51,,512000000
2026-05-30 17:40:50.255,26,25.3,,512000000
2026-05-30 17:40:50.241,2,1.8,,512000000
2026-05-30 17:40:50.202,3,2.05,,512000000
2026-05-30 17:40:50.186,2,1.9,,512000000
2026-05-30 17:40:50.173,2,1.85,,512000000
2026-05-30 17:40:50.170,3,2,,512000000
2026-05-30 17:40:50.143,3,2.14,,512000000
2026-05-30 17:40:50.131,2,1.89,,512000000
2026-05-30 17:40:50.056,2,1.89,,512000000
2026-05-30 17:40:50.038,2,1.99,,512000000
2026-05-30 17:40:49.989,2,1.81,,512000000
2026-05-30 17:40:49.975,3,2.03,,512000000
2026-05-30 17:40:49.956,2,1.78,,512000000
2026-05-30 17:40:49.936,26,25.08,,512000000
2026-05-30 17:40:49.935,2,2,,512000000
2026-05-30 17:40:49.929,2,1.88,,512000000
2026-05-30 17:40:49.847,2,1.89,,512000000
2026-05-30 17:40:49.804,3,2.66,,512000000
2026-05-30 17:40:49.801,2,1.92,,512000000
2026-05-30 17:40:49.766,2,1.75,,512000000
2026-05-30 17:40:49.757,2,1.97,,512000000
2026-05-30 17:40:49.734,3,2.02,,512000000
2026-05-30 17:40:49.717,3,2.06,,512000000
2026-05-30 17:40:49.687,2,1.78,,512000000
2026-05-30 17:40:49.597,3,2.02,,512000000
2026-05-30 17:40:49.573,3,2.04,,512000000
2026-05-30 17:40:49.558,3,2.22,,512000000
2026-05-30 17:40:49.519,2,1.95,,512000000
2026-05-30 17:40:49.487,2,1.85,,512000000
2026-05-30 17:40:49.459,2,1.82,,512000000
2026-05-30 17:40:49.455,3,2.15,,512000000
2026-05-30 17:40:49.454,2,1.83,,512000000
2026-05-30 17:40:49.315,2,1.75,,512000000
2026-05-30 17:40:49.261,2,1.76,,512000000
2026-05-30 17:40:49.184,3,2.1,,512000000
2026-05-30 17:40:48.994,2,1.79,,512000000
2026-05-30 17:40:48.991,2,1.82,,512000000
2026-05-30 17:40:48.962,2,1.92,,512000000
2026-05-30 17:40:48.941,2,1.78,,512000000
2026-05-30 17:40:48.912,2,1.81,,512000000
2026-05-30 17:40:48.870,2,1.88,,512000000
2026-05-30 17:40:48.831,2,1.88,,512000000
2026-05-30 17:40:48.783,2,1.86,,512000000
2026-05-30 17:40:48.783,2,1.94,,512000000
2026-05-30 17:40:48.756,2,1.85,,512000000
2026-05-30 17:40:48.739,2,1.77,,512000000
2026-05-30 17:40:48.736,4,3.36,,512000000
2026-05-30 17:40:48.723,2,1.92,,512000000
2026-05-30 17:40:48.678,2,1.79,,512000000
2026-05-30 17:40:48.672,15,14.02,,512000000
2026-05-30 17:40:48.651,9,8.62,,512000000
2026-05-30 17:40:48.642,2,1.98,,512000000
2026-05-30 17:40:48.634,3,2.12,,512000000
2026-05-30 17:40:48.627,3,2.04,,512000000
2026-05-30 17:40:48.624,2,1.98,,512000000
2026-05-30 17:40:48.592,2,1.95,,512000000
2026-05-30 17:40:48.550,3,2.06,,512000000
2026-05-30 17:40:48.534,2,1.74,,512000000
2026-05-30 17:40:48.436,2,1.91,,512000000
2026-05-30 17:40:48.408,3,2.02,,512000000
2026-05-30 17:40:48.378,3,2.19,,512000000
2026-05-30 17:40:48.375,2,1.95,,512000000
2026-05-30 17:40:48.374,19,18.91,,512000000
2026-05-30 17:40:48.339,23,22.06,,512000000
2026-05-30 17:40:48.236,3,2.11,,512000000
2026-05-30 17:40:48.235,2,1.76,,512000000
2026-05-30 17:40:48.195,2,1.75,,512000000
2026-05-30 17:40:48.158,3,2.11,,512000000
2026-05-30 17:40:48.155,2,1.82,,512000000
2026-05-30 17:40:48.113,2,1.84,,512000000
2026-05-30 17:40:48.085,3,2.15,,512000000
2026-05-30 17:40:48.060,2,1.84,,512000000
2026-05-30 17:40:48.030,2,1.8,,512000000
2026-05-30 17:40:47.999,3,2.19,,512000000
2026-05-30 17:40:47.967,3,2.1,,512000000
2026-05-30 17:40:47.903,2,1.77,,512000000
2026-05-30 17:40:47.868,3,2.04,,512000000
2026-05-30 17:40:47.853,2,1.86,,512000000
2026-05-30 17:40:47.789,2,1.73,,512000000
2026-05-30 17:40:47.786,2,1.81,,512000000
2026-05-30 17:40:47.655,8,7.6,,512000000
2026-05-30 17:40:47.603,5,4.06,,512000000
2026-05-30 17:40:47.577,3,2.01,,512000000
2026-05-30 17:40:47.546,2,1.78,,512000000
2026-05-30 17:40:47.475,3,2.23,,512000000
2026-05-30 17:40:47.451,3,3,,512000000
2026-05-30 17:40:47.449,2,1.9,,512000000
2026-05-30 17:40:47.432,2,1.92,,512000000
2026-05-30 17:40:47.407,3,2.07,,512000000
2026-05-30 17:40:47.335,12,11.89,,512000000
2026-05-30 17:40:47.315,2,1.88,,512000000
2026-05-30 17:40:47.271,8,7.06,,512000000
2026-05-30 17:40:47.263,2,1.85,,512000000
2026-05-30 17:40:47.257,2,1.86,,512000000
2026-05-30 17:40:47.228,2,1.79,,512000000
2026-05-30 17:40:47.227,2,1.98,,512000000
2026-05-30 17:40:47.213,2,1.75,,512000000
2026-05-30 17:40:47.131,3,2.03,,512000000
2026-05-30 17:40:47.067,2,1.99,,512000000
2026-05-30 17:40:47.054,2,1.79,,512000000
2026-05-30 17:40:47.051,2,1.86,,512000000
2026-05-30 17:40:47.046,2,1.95,,512000000
2026-05-30 17:40:47.006,2,1.78,,512000000
2026-05-30 17:40:47.001,2,1.84,,512000000
2026-05-30 17:40:46.943,2,1.78,,512000000
2026-05-30 17:40:46.928,2,1.77,,512000000
2026-05-30 17:40:46.928,2,1.78,,512000000
2026-05-30 17:40:46.887,3,2.02,,512000000
2026-05-30 17:40:46.849,2,1.77,,512000000
2026-05-30 17:40:46.730,5,4.47,,512000000
2026-05-30 17:40:46.678,3,2.11,,512000000
2026-05-30 17:40:46.676,25,24.91,,512000000
2026-05-30 17:40:46.675,2,1.92,,512000000
2026-05-30 17:40:46.641,2,1.83,,512000000
2026-05-30 17:40:46.576,5,4.77,,512000000
2026-05-30 17:40:46.559,3,2.06,,512000000
2026-05-30 17:40:46.511,2,1.88,,512000000
2026-05-30 17:40:46.453,2,1.82,,512000000
2026-05-30 17:40:46.332,2,1.75,,512000000
2026-05-30 17:40:46.309,2,2,,512000000
2026-05-30 17:40:46.212,2,1.88,,512000000
2026-05-30 17:40:46.210,2,1.82,,512000000
2026-05-30 17:40:46.134,2,1.98,,512000000
2026-05-30 17:40:46.105,3,2.26,,512000000
2026-05-30 17:40:46.102,2,1.94,,512000000
2026-05-30 17:40:46.098,2,1.73,,512000000
2026-05-30 17:40:46.087,4,3.72,,512000000
2026-05-30 17:40:46.058,2,1.68,,512000000
2026-05-30 17:40:45.968,2,1.91,,512000000
2026-05-30 17:40:45.944,2,1.97,,512000000
2026-05-30 17:40:45.941,2,1.72,,512000000
2026-05-30 17:40:45.906,2,1.93,,512000000
2026-05-30 17:40:45.877,2,1.81,,512000000
2026-05-30 17:40:45.859,2,1.69,,512000000
2026-05-30 17:40:45.843,2,1.77,,512000000
2026-05-30 17:40:45.836,3,2.14,,512000000
2026-05-30 17:40:45.742,2,1.8,,512000000
2026-05-30 17:40:45.741,2,1.92,,512000000
2026-05-30 17:40:45.738,2,1.8,,512000000
2026-05-30 17:40:45.713,2,1.74,,512000000
2026-05-30 17:40:45.712,5,4.73,,512000000
2026-05-30 17:40:45.710,2,1.82,,512000000
2026-05-30 17:40:45.692,5,4.22,,512000000
2026-05-30 17:40:45.650,3,2.2,,512000000
2026-05-30 17:40:45.644,2,1.88,,512000000
2026-05-30 17:40:45.500,3,2.01,,512000000
2026-05-30 17:40:45.466,2,1.78,,512000000
2026-05-30 17:40:45.429,2,1.82,,512000000
2026-05-30 17:40:45.424,2,2,,512000000
2026-05-30 17:40:45.373,2,1.99,,512000000
2026-05-30 17:40:45.351,15,14.95,,512000000
2026-05-30 17:40:45.314,4,3.58,,512000000
2026-05-30 17:40:45.308,2,1.79,,512000000
2026-05-30 17:40:45.307,2,1.74,,512000000
2026-05-30 17:40:45.236,2,1.73,,512000000
2026-05-30 17:40:45.234,5,4.69,,512000000
2026-05-30 17:40:45.206,2,1.91,,512000000
2026-05-30 17:40:45.148,3,2.99,,512000000
2026-05-30 17:40:45.142,2,1.94,,512000000
2026-05-30 17:40:45.114,2,1.9,,512000000
2026-05-30 17:40:45.008,2,1.77,,512000000
2026-05-30 17:40:45.004,2,1.83,,512000000
2026-05-30 17:40:44.955,3,2.57,,512000000
2026-05-30 17:40:44.938,2,1.67,,512000000
2026-05-30 17:40:44.915,7,6.44,,512000000
2026-05-30 17:40:44.896,2,1.89,,512000000
2026-05-30 17:40:44.880,2,1.86,,512000000
2026-05-30 17:40:44.854,2,1.75,,512000000
2026-05-30 17:40:44.818,3,2.07,,512000000
2026-05-30 17:40:44.766,3,2.26,,512000000
2026-05-30 17:40:44.744,3,2.12,,512000000
2026-05-30 17:40:44.694,4,3.37,,512000000
2026-05-30 17:40:44.685,2,1.86,,512000000
2026-05-30 17:40:44.631,2,1.75,,512000000
2026-05-30 17:40:44.617,3,2.04,,512000000
2026-05-30 17:40:44.432,2,1.83,,512000000
2026-05-30 17:40:44.374,2,1.88,,512000000
2026-05-30 17:40:44.359,3,2.06,,512000000
2026-05-30 17:40:44.333,2,1.95,,512000000
2026-05-30 17:40:44.301,5,4.48,,512000000
2026-05-30 17:40:44.289,2,1.78,,512000000
2026-05-30 17:40:44.255,3,2.06,,512000000
2026-05-30 17:40:44.118,2,1.65,,512000000
2026-05-30 17:40:44.111,3,2.59,,512000000
2026-05-30 17:40:44.042,2,1.85,,512000000
2026-05-30 17:40:44.037,2,1.78,,512000000
2026-05-30 17:40:44.015,2,1.85,,512000000
2026-05-30 17:40:44.009,3,2.03,,512000000
2026-05-30 17:40:43.986,3,2.27,,512000000
2026-05-30 17:40:43.961,14,13.02,,512000000
2026-05-30 17:40:43.944,2,1.85,,512000000
2026-05-30 17:40:43.941,12,11.24,,512000000
2026-05-30 17:40:43.924,3,2.03,,512000000
2026-05-30 17:40:43.906,3,2.39,,512000000
2026-05-30 17:40:43.887,2,1.7,,512000000
2026-05-30 17:40:43.883,2,1.79,,512000000
2026-05-30 17:40:43.827,2,1.84,,512000000
2026-05-30 17:40:43.825,3,2.08,,512000000
2026-05-30 17:40:43.731,2,1.93,,512000000
2026-05-30 17:40:43.680,2,1.82,,512000000
2026-05-30 17:40:43.661,2,1.86,,512000000
2026-05-30 17:40:43.633,2,1.81,,512000000
2026-05-30 17:40:43.593,2,1.79,,512000000
2026-05-30 17:40:43.589,2,1.89,,512000000
2026-05-30 17:40:43.448,3,2.21,,512000000
2026-05-30 17:40:43.447,2,1.98,,512000000
2026-05-30 17:40:43.405,2,1.77,,512000000
2026-05-30 17:40:43.348,2,1.85,,512000000
2026-05-30 17:40:43.331,2,1.87,,512000000
2026-05-30 17:40:43.311,2,1.79,,512000000
2026-05-30 17:40:43.287,2,1.72,,512000000
2026-05-30 17:40:43.275,2,1.83,,512000000
2026-05-30 17:40:43.251,2,1.72,,512000000
2026-05-30 17:40:43.231,2,1.77,,512000000
2026-05-30 17:40:43.211,2,1.9,,512000000
2026-05-30 17:40:43.191,2,1.72,,512000000
2026-05-30 17:40:43.170,2,1.82,,512000000
2026-05-30 17:40:43.131,2,1.8,,512000000
2026-05-30 17:40:43.120,2,1.94,,512000000
2026-05-30 17:40:43.086,2,1.98,,512000000
2026-05-30 17:40:43.085,2,1.87,,512000000
2026-05-30 17:40:43.073,2,1.72,,512000000
2026-05-30 17:40:43.014,2,1.86,,512000000
2026-05-30 17:40:43.011,3,2.07,,512000000
2026-05-30 17:40:42.874,3,2.5,,512000000
2026-05-30 17:40:42.855,2,1.9,,512000000
2026-05-30 17:40:42.848,2,1.72,,512000000
2026-05-30 17:40:42.815,2,1.79,,512000000
2026-05-30 17:40:42.782,2,1.97,,512000000
2026-05-30 17:40:42.735,14,13.35,,512000000
2026-05-30 17:40:42.715,12,11.56,,512000000
2026-05-30 17:40:42.713,4,3.02,,512000000
2026-05-30 17:40:42.696,12,11.98,,512000000
2026-05-30 17:40:42.676,19,18.61,,512000000
2026-05-30 17:40:42.658,3,2.76,,512000000
2026-05-30 17:40:42.611,3,2.68,,512000000
2026-05-30 17:40:42.605,2,1.93,,512000000
2026-05-30 17:40:42.460,2,1.92,,512000000
2026-05-30 17:40:42.357,2,1.85,,512000000
2026-05-30 17:40:42.340,2,1.74,,512000000
2026-05-30 17:40:42.325,2,1.76,,512000000
2026-05-30 17:40:42.277,2,1.98,,512000000
2026-05-30 17:40:42.224,3,2.04,,512000000
2026-05-30 17:40:42.205,2,1.72,,512000000
2026-05-30 17:40:42.176,9,8.37,,512000000
2026-05-30 17:40:42.172,2,1.66,,512000000
2026-05-30 17:40:42.159,2,1.78,,512000000
2026-05-30 17:40:42.141,2,1.81,,512000000
2026-05-30 17:40:42.090,2,1.9,,512000000
2026-05-30 17:40:42.087,2,1.97,,512000000
2026-05-30 17:40:41.978,2,1.87,,512000000
2026-05-30 17:40:41.976,2,1.93,,512000000
2026-05-30 17:40:41.935,6,5.14,,512000000
2026-05-30 17:40:41.919,2,1.72,,512000000
2026-05-30 17:40:41.917,2,1.99,,512000000
2026-05-30 17:40:41.830,2,1.88,,512000000
2026-05-30 17:40:41.801,3,2.22,,512000000
2026-05-30 17:40:41.783,2,1.86,,512000000
2026-05-30 17:40:41.762,2,1.84,,512000000
2026-05-30 17:40:41.642,5,4.81,,512000000
2026-05-30 17:40:41.606,2,1.94,,512000000
2026-05-30 17:40:41.605,2,1.94,,512000000
2026-05-30 17:40:41.523,3,2.03,,512000000
2026-05-30 17:40:41.521,2,1.8,,512000000
2026-05-30 17:40:41.487,2,1.72,,512000000
2026-05-30 17:40:41.412,2,1.83,,512000000
2026-05-30 17:40:41.407,2,1.79,,512000000
2026-05-30 17:40:41.392,3,2.01,,512000000
2026-05-30 17:40:41.386,2,1.74,,512000000
2026-05-30 17:40:41.351,2,1.88,,512000000
2026-05-30 17:40:41.329,3,2.06,,512000000
2026-05-30 17:40:41.318,2,2,,512000000
2026-05-30 17:40:41.316,9,8.18,,512000000
2026-05-30 17:40:41.302,2,1.78,,512000000
2026-05-30 17:40:41.171,2,1.9,,512000000
2026-05-30 17:40:41.166,3,2.03,,512000000
2026-05-30 17:40:41.125,3,2.29,,512000000
2026-05-30 17:40:41.123,3,2.14,,512000000
2026-05-30 17:40:41.121,2,1.89,,512000000
2026-05-30 17:40:41.120,2,1.82,,512000000
2026-05-30 17:40:41.049,3,2.84,,512000000
2026-05-30 17:40:41.001,2,1.87,,512000000
2026-05-30 17:40:40.996,3,2.16,,512000000
2026-05-30 17:40:40.983,2,1.98,,512000000
2026-05-30 17:40:40.977,2,1.8,,512000000
2026-05-30 17:40:40.941,2,1.77,,512000000
2026-05-30 17:40:40.871,2,1.77,,512000000
2026-05-30 17:40:40.801,3,2.78,,512000000
2026-05-30 17:40:40.780,7,7,,512000000
2026-05-30 17:40:40.740,5,4.42,,512000000
2026-05-30 17:40:40.737,2,1.87,,512000000
2026-05-30 17:40:40.701,16,15.12,,512000000
2026-05-30 17:40:40.662,20,19.26,,512000000
2026-05-30 17:40:40.597,2,1.81,,512000000
2026-05-30 17:40:40.595,2,1.79,,512000000
2026-05-30 17:40:40.571,3,2.18,,512000000
2026-05-30 17:40:40.556,2,1.96,,512000000
2026-05-30 17:40:40.525,2,1.79,,512000000
2026-05-30 17:40:40.495,2,1.81,,512000000
2026-05-30 17:40:40.452,2,1.89,,512000000
2026-05-30 17:40:40.380,2,1.93,,512000000
2026-05-30 17:40:40.305,2,1.76,,512000000
2026-05-30 17:40:40.166,2,1.91,,512000000
2026-05-30 17:40:40.164,2,1.83,,512000000
2026-05-30 17:40:40.145,3,2.05,,512000000
2026-05-30 17:40:40.094,2,1.86,,512000000
2026-05-30 17:40:40.089,2,1.79,,512000000
2026-05-30 17:40:40.046,2,1.87,,512000000
2026-05-30 17:40:40.015,3,2.08,,512000000
2026-05-30 17:40:40.011,3,2.67,,512000000
2026-05-30 17:40:39.963,3,2.05,,512000000
2026-05-30 17:40:39.955,3,2.09,,512000000
2026-05-30 17:40:39.908,3,2.02,,512000000
2026-05-30 17:40:39.901,2,1.73,,512000000
2026-05-30 17:40:39.893,2,1.85,,512000000
2026-05-30 17:40:39.864,2,1.99,,512000000
2026-05-30 17:40:39.836,2,1.78,,512000000
2026-05-30 17:40:39.782,2,1.74,,512000000
2026-05-30 17:40:39.771,3,2.2,,512000000
2026-05-30 17:40:39.768,2,1.88,,512000000
2026-05-30 17:40:39.668,2,1.85,,512000000
2026-05-30 17:40:39.641,3,2.04,,512000000
2026-05-30 17:40:39.622,2,1.82,,512000000
2026-05-30 17:40:39.620,2,1.76,,512000000
2026-05-30 17:40:39.611,2,1.76,,512000000
2026-05-30 17:40:39.474,2,1.72,,512000000
2026-05-30 17:40:39.437,2,1.92,,512000000
2026-05-30 17:40:39.417,3,2.03,,512000000
2026-05-30 17:40:39.417,2,1.89,,512000000
2026-05-30 17:40:39.358,2,1.82,,512000000
2026-05-30 17:40:39.303,2,1.83,,512000000
2026-05-30 17:40:39.261,2,2,,512000000
2026-05-30 17:40:39.254,2,1.85,,512000000
2026-05-30 17:40:39.235,2,1.76,,512000000
2026-05-30 17:40:39.164,2,1.78,,512000000
2026-05-30 17:40:39.144,3,2.01,,512000000
2026-05-30 17:40:39.136,2,1.76,,512000000
2026-05-30 17:40:39.087,2,1.82,,512000000
2026-05-30 17:40:39.075,2,1.96,,512000000
2026-05-30 17:40:39.022,2,1.78,,512000000
2026-05-30 17:40:38.992,2,1.92,,512000000
2026-05-30 17:40:38.945,3,2.07,,512000000
2026-05-30 17:40:38.921,3,2.08,,512000000
2026-05-30 17:40:38.921,2,1.81,,512000000
2026-05-30 17:40:38.839,3,2.09,,512000000
2026-05-30 17:40:38.766,2,1.77,,512000000
2026-05-30 17:40:38.721,2,1.82,,512000000
2026-05-30 17:40:38.697,2,1.95,,512000000
2026-05-30 17:40:38.694,2,1.98,,512000000
2026-05-30 17:40:38.690,7,6.67,,512000000
2026-05-30 17:40:38.672,2,1.66,,512000000
2026-05-30 17:40:38.610,8,7.22,,512000000
2026-05-30 17:40:38.577,2,1.78,,512000000
2026-05-30 17:40:38.495,3,2.18,,512000000
2026-05-30 17:40:38.495,2,1.81,,512000000
2026-05-30 17:40:38.477,2,1.84,,512000000
2026-05-30 17:40:38.467,2,1.75,,512000000
2026-05-30 17:40:38.450,4,3.49,,512000000
2026-05-30 17:40:38.432,2,1.65,,512000000
2026-05-30 17:40:38.421,2,1.68,,512000000
2026-05-30 17:40:38.315,2,1.72,,512000000
2026-05-30 17:40:38.310,2,1.86,,512000000
2026-05-30 17:40:38.259,2,1.92,,512000000
2026-05-30 17:40:38.201,2,1.7,,512000000
2026-05-30 17:40:38.170,2,1.79,,512000000
2026-05-30 17:40:38.146,2,1.77,,512000000
2026-05-30 17:40:38.107,2,1.95,,512000000
2026-05-30 17:40:38.039,3,2.5,,512000000
2026-05-30 17:40:38.032,8,7.42,,512000000
2026-05-30 17:40:38.015,2,1.98,,512000000
2026-05-30 17:40:37.992,2,1.76,,512000000
2026-05-30 17:40:37.936,3,2.09,,512000000
2026-05-30 17:40:37.802,2,1.98,,512000000
2026-05-30 17:40:37.751,2,1.72,,512000000
2026-05-30 17:40:37.701,2,1.99,,512000000
2026-05-30 17:40:37.701,2,1.8,,512000000
2026-05-30 17:40:37.696,2,1.92,,512000000
2026-05-30 17:40:37.677,3,2.05,,512000000
2026-05-30 17:40:37.623,2,1.83,,512000000
2026-05-30 17:40:37.582,2,1.83,,512000000
2026-05-30 17:40:37.574,2,1.78,,512000000
2026-05-30 17:40:37.561,2,1.77,,512000000
2026-05-30 17:40:37.455,2,1.8,,512000000
2026-05-30 17:40:37.450,2,1.93,,512000000
2026-05-30 17:40:37.373,2,1.53,,512000000
2026-05-30 17:40:37.366,2,1.69,,512000000
2026-05-30 17:40:37.360,2,1.79,,512000000
2026-05-30 17:40:37.331,2,1.92,,512000000
2026-05-30 17:40:37.281,3,2.02,,512000000
2026-05-30 17:40:37.182,10,9.31,,512000000
2026-05-30 17:40:37.162,2,1.77,,512000000
2026-05-30 17:40:37.161,2,1.85,,512000000
2026-05-30 17:40:37.157,3,2.07,,512000000
2026-05-30 17:40:37.149,2,1.85,,512000000
2026-05-30 17:40:37.126,3,2.02,,512000000
2026-05-30 17:40:37.124,2,1.86,,512000000
2026-05-30 17:40:37.091,2,1.98,,512000000
2026-05-30 17:40:37.088,2,1.95,,512000000
2026-05-30 17:40:37.056,3,2.47,,512000000
2026-05-30 17:40:37.051,3,2.12,,512000000
2026-05-30 17:40:37.045,2,1.71,,512000000
2026-05-30 17:40:37.045,2,1.77,,512000000
2026-05-30 17:40:37.028,3,2.07,,512000000
2026-05-30 17:40:37.021,2,1.73,,512000000
2026-05-30 17:40:37.001,2,1.81,,512000000
2026-05-30 17:40:36.859,2,1.89,,512000000
2026-05-30 17:40:36.852,2,1.75,,512000000
2026-05-30 17:40:36.851,2,1.82,,512000000
2026-05-30 17:40:36.828,3,2.14,,512000000
2026-05-30 17:40:36.705,2,1.87,,512000000
2026-05-30 17:40:36.654,2,1.78,,512000000
2026-05-30 17:40:36.587,2,2,,512000000
2026-05-30 17:40:36.574,2,1.88,,512000000
2026-05-30 17:40:36.540,3,2.02,,512000000
2026-05-30 17:40:36.513,2,1.79,,512000000
2026-05-30 17:40:36.438,2,1.83,,512000000
2026-05-30 17:40:36.399,2,1.87,,512000000
2026-05-30 17:40:36.377,2,1.93,,512000000
2026-05-30 17:40:36.286,2,1.85,,512000000
2026-05-30 17:40:36.269,2,1.66,,512000000
2026-05-30 17:40:36.208,2,1.83,,512000000
2026-05-30 17:40:36.130,2,1.76,,512000000
2026-05-30 17:40:36.112,2,1.88,,512000000
2026-05-30 17:40:36.057,3,2.27,,512000000
2026-05-30 17:40:36.053,2,1.77,,512000000
2026-05-30 17:40:36.050,3,2.08,,512000000
2026-05-30 17:40:36.031,2,1.73,,512000000
2026-05-30 17:40:36.028,2,1.74,,512000000
2026-05-30 17:40:35.993,2,1.84,,512000000
2026-05-30 17:40:35.971,3,2.59,,512000000
2026-05-30 17:40:35.962,2,1.79,,512000000
2026-05-30 17:40:35.935,2,1.96,,512000000
2026-05-30 17:40:35.929,3,2.1,,512000000
2026-05-30 17:40:35.923,3,2.02,,512000000
2026-05-30 17:40:35.890,2,1.92,,512000000
2026-05-30 17:40:35.806,2,1.78,,512000000
2026-05-30 17:40:35.801,11,10.18,,512000000
2026-05-30 17:40:35.785,3,2.05,,512000000
2026-05-30 17:40:35.735,2,1.83,,512000000
2026-05-30 17:40:35.719,5,4.46,,512000000
2026-05-30 17:40:35.713,2,1.81,,512000000
2026-05-30 17:40:35.648,2,1.98,,512000000
2026-05-30 17:40:35.611,3,2.15,,512000000
2026-05-30 17:40:35.594,3,2.42,,512000000
2026-05-30 17:40:35.586,2,1.79,,512000000
2026-05-30 17:40:35.541,2,1.65,,512000000
2026-05-30 17:40:35.523,2,1.85,,512000000
2026-05-30 17:40:35.475,2,1.81,,512000000
2026-05-30 17:40:35.306,2,1.7,,512000000
2026-05-30 17:40:35.301,2,1.83,,512000000
2026-05-30 17:40:35.278,2,1.93,,512000000
2026-05-30 17:40:35.196,3,2.09,,512000000
2026-05-30 17:40:35.150,2,1.83,,512000000
2026-05-30 17:40:35.088,2,1.84,,512000000
2026-05-30 17:40:35.066,2,1.89,,512000000
2026-05-30 17:40:35.043,3,2.07,,512000000
2026-05-30 17:40:35.038,2,1.73,,512000000
2026-05-30 17:40:35.003,2,1.69,,512000000
2026-05-30 17:40:34.912,2,1.85,,512000000
2026-05-30 17:40:34.891,10,9.61,,512000000
2026-05-30 17:40:34.874,2,1.95,,512000000
2026-05-30 17:40:34.859,2,1.71,,512000000
2026-05-30 17:40:34.856,2,1.97,,512000000
2026-05-30 17:40:34.806,2,1.94,,512000000
2026-05-30 17:40:34.791,2,1.92,,512000000
2026-05-30 17:40:34.791,2,1.69,,512000000
2026-05-30 17:40:34.788,2,1.84,,512000000
2026-05-30 17:40:34.763,2,1.95,,512000000
2026-05-30 17:40:34.743,3,2.14,,512000000
2026-05-30 17:40:34.723,2,1.83,,512000000
2026-05-30 17:40:34.690,3,2.05,,512000000
2026-05-30 17:40:34.580,2,1.85,,512000000
2026-05-30 17:40:34.515,2,1.97,,512000000
2026-05-30 17:40:34.448,3,2.02,,512000000
2026-05-30 17:40:34.433,2,1.85,,512000000
2026-05-30 17:40:34.389,2,1.87,,512000000
2026-05-30 17:40:34.389,2,1.84,,512000000
2026-05-30 17:40:34.374,2,1.92,,512000000
2026-05-30 17:40:34.372,2,1.75,,512000000
2026-05-30 17:40:34.321,2,1.92,,512000000
2026-05-30 17:40:34.279,3,2.22,,512000000
2026-05-30 17:40:34.222,2,1.76,,512000000
2026-05-30 17:40:34.201,3,2,,512000000
2026-05-30 17:40:34.186,2,1.82,,512000000
2026-05-30 17:40:34.143,2,1.95,,512000000
2026-05-30 17:40:34.081,5,4.2,,512000000
2026-05-30 17:40:34.080,2,1.93,,512000000
2026-05-30 17:40:34.064,2,1.77,,512000000
2026-05-30 17:40:34.047,2,1.97,,512000000
2026-05-30 17:40:34.031,2,1.77,,512000000
2026-05-30 17:40:34.024,2,1.84,,512000000
2026-05-30 17:40:34.004,3,2.15,,512000000
2026-05-30 17:40:33.979,6,5.61,,512000000
2026-05-30 17:40:33.978,3,2.13,,512000000
2026-05-30 17:40:33.976,2,2,,512000000
2026-05-30 17:40:33.916,4,3.4,,512000000
2026-05-30 17:40:33.895,6,5.23,,512000000
2026-05-30 17:40:33.877,2,1.77,,512000000
2026-05-30 17:40:33.854,2,1.86,,512000000
2026-05-30 17:40:33.824,2,1.94,,512000000
2026-05-30 17:40:33.777,11,10.12,,512000000
2026-05-30 17:40:33.754,2,1.94,,512000000
2026-05-30 17:40:33.681,5,4.94,,512000000
2026-05-30 17:40:33.556,10,9.05,,512000000
2026-05-30 17:40:33.535,15,14.21,,512000000
2026-05-30 17:40:33.463,2,1.98,,512000000
2026-05-30 17:40:33.334,2,1.74,,512000000
2026-05-30 17:40:33.296,14,13.79,,512000000
2026-05-30 17:40:33.223,2,1.95,,512000000
2026-05-30 17:40:33.215,2,1.83,,512000000
2026-05-30 17:40:33.159,2,1.69,,512000000
2026-05-30 17:40:33.131,3,2.12,,512000000
2026-05-30 17:40:33.120,2,1.75,,512000000
2026-05-30 17:40:33.116,14,13.58,,512000000
2026-05-30 17:40:33.096,6,5.4,,512000000
2026-05-30 17:40:33.078,4,3.07,,512000000
2026-05-30 17:40:33.026,2,1.83,,512000000
2026-05-30 17:40:33.016,38,37.91,,512000000
2026-05-30 17:40:33.015,2,1.96,,512000000
2026-05-30 17:40:33.005,2,1.93,,512000000
2026-05-30 17:40:32.979,2,1.68,,512000000
2026-05-30 17:40:32.951,2,1.8,,512000000
2026-05-30 17:40:32.950,2,1.89,,512000000
2026-05-30 17:40:32.878,3,2.08,,512000000
2026-05-30 17:40:32.858,2,1.75,,512000000
2026-05-30 17:40:32.856,2,1.68,,512000000
2026-05-30 17:40:32.844,2,1.91,,512000000
2026-05-30 17:40:32.831,3,2.28,,512000000
2026-05-30 17:40:32.817,2,1.81,,512000000
2026-05-30 17:40:32.746,2,1.67,,512000000
2026-05-30 17:40:32.718,2,1.76,,512000000
2026-05-30 17:40:32.670,2,1.76,,512000000
2026-05-30 17:40:32.552,2,1.98,,512000000
2026-05-30 17:40:32.510,3,2.07,,512000000
2026-05-30 17:40:32.507,3,2.23,,512000000
2026-05-30 17:40:32.494,2,1.78,,512000000
2026-05-30 17:40:32.331,3,2.5,,512000000
2026-05-30 17:40:32.294,2,1.78,,512000000
2026-05-30 17:40:32.241,2,1.97,,512000000
2026-05-30 17:40:32.204,3,2.38,,512000000
2026-05-30 17:40:32.187,2,1.83,,512000000
2026-05-30 17:40:32.182,5,4.34,,512000000
2026-05-30 17:40:32.143,3,2.07,,512000000
2026-05-30 17:40:32.102,3,2.09,,512000000
2026-05-30 17:40:32.099,2,1.76,,512000000
2026-05-30 17:40:32.096,2,1.93,,512000000
2026-05-30 17:40:32.071,3,2.18,,512000000
2026-05-30 17:40:32.070,2,1.96,,512000000
2026-05-30 17:40:32.068,2,1.81,,512000000
2026-05-30 17:40:32.039,2,1.98,,512000000
2026-05-30 17:40:32.035,7,6.17,,512000000
2026-05-30 17:40:32.019,2,1.81,,512000000
2026-05-30 17:40:31.895,2,1.8,,512000000
2026-05-30 17:40:31.834,3,2,,512000000
2026-05-30 17:40:31.831,2,1.81,,512000000
2026-05-30 17:40:31.772,9,8.12,,512000000
2026-05-30 17:40:31.760,3,2.27,,512000000
2026-05-30 17:40:31.757,3,2.02,,512000000
2026-05-30 17:40:31.753,3,2.11,,512000000
2026-05-30 17:40:31.731,11,10.08,,512000000
2026-05-30 17:40:31.714,2,1.77,,512000000
2026-05-30 17:40:31.689,3,2.67,,512000000
2026-05-30 17:40:31.597,2,1.99,,512000000
2026-05-30 17:40:31.564,2,1.94,,512000000
2026-05-30 17:40:31.514,2,1.73,,512000000
2026-05-30 17:40:31.454,2,1.69,,512000000
2026-05-30 17:40:31.412,5,4.66,,512000000
2026-05-30 17:40:31.400,3,2.01,,512000000
2026-05-30 17:40:31.274,2,1.8,,512000000
2026-05-30 17:40:31.272,2,1.88,,512000000
2026-05-30 17:40:31.270,2,1.79,,512000000
2026-05-30 17:40:31.246,2,1.75,,512000000
2026-05-30 17:40:31.219,2,1.88,,512000000
2026-05-30 17:40:31.160,3,2.25,,512000000
2026-05-30 17:40:31.155,6,5.94,,512000000
2026-05-30 17:40:31.153,2,1.88,,512000000
2026-05-30 17:40:31.137,2,1.77,,512000000
2026-05-30 17:40:31.136,2,1.84,,512000000
2026-05-30 17:40:31.011,6,5.19,,512000000
2026-05-30 17:40:30.998,2,1.72,,512000000
2026-05-30 17:40:30.992,3,2.13,,512000000
2026-05-30 17:40:30.909,3,2.14,,512000000
2026-05-30 17:40:30.899,2,1.83,,512000000
2026-05-30 17:40:30.883,3,2.23,,512000000
2026-05-30 17:40:30.877,3,2.34,,512000000
2026-05-30 17:40:30.848,2,1.88,,512000000
2026-05-30 17:40:30.826,2,1.91,,512000000
2026-05-30 17:40:30.808,3,2.01,,512000000
2026-05-30 17:40:30.780,2,1.72,,512000000
2026-05-30 17:40:30.736,6,5.84,,512000000
2026-05-30 17:40:30.614,2,1.9,,512000000
2026-05-30 17:40:30.598,3,2.14,,512000000
2026-05-30 17:40:30.559,2,1.87,,512000000
2026-05-30 17:40:30.504,3,2.35,,512000000
2026-05-30 17:40:30.361,3,2.11,,512000000
2026-05-30 17:40:30.341,3,2.27,,512000000
2026-05-30 17:40:30.299,3,2.07,,512000000
2026-05-30 17:40:30.281,2,1.84,,512000000
2026-05-30 17:40:30.231,4,3.77,,512000000
2026-05-30 17:40:30.167,4,3.49,,512000000
2026-05-30 17:40:30.147,5,4.26,,512000000
2026-05-30 17:40:30.114,5,4.8,,512000000
2026-05-30 17:40:30.096,2,1.86,,512000000
2026-05-30 17:40:30.082,2,1.89,,512000000
2026-05-30 17:40:30.070,3,2.17,,512000000
2026-05-30 17:40:30.038,3,2.01,,512000000
2026-05-30 17:40:29.997,2,1.75,,512000000
2026-05-30 17:40:29.995,6,5.51,,512000000
2026-05-30 17:40:29.964,2,1.95,,512000000
2026-05-30 17:40:29.927,5,4.56,,512000000
2026-05-30 17:40:29.912,2,1.68,,512000000
2026-05-30 17:40:29.838,3,2.06,,512000000
2026-05-30 17:40:29.816,6,5.26,,512000000
2026-05-30 17:40:29.811,5,4.19,,512000000
2026-05-30 17:40:29.799,3,2.44,,512000000
2026-05-30 17:40:29.798,2,1.9,,512000000
2026-05-30 17:40:29.795,2,1.84,,512000000
2026-05-30 17:40:29.782,3,2.06,,512000000
2026-05-30 17:40:29.734,2,1.87,,512000000
2026-05-30 17:40:29.696,4,3.88,,512000000
2026-05-30 17:40:29.662,3,2.24,,512000000
2026-05-30 17:40:29.616,2,1.73,,512000000
2026-05-30 17:40:29.505,2,1.99,,512000000
2026-05-30 17:40:29.476,2,1.76,,512000000
2026-05-30 17:40:29.469,2,1.91,,512000000
2026-05-30 17:40:29.410,2,1.86,,512000000
2026-05-30 17:40:29.389,2,1.85,,512000000
2026-05-30 17:40:29.371,3,2.06,,512000000
2026-05-30 17:40:29.344,3,2.22,,512000000
2026-05-30 17:40:29.263,2,1.5,,512000000
2026-05-30 17:40:29.256,2,1.92,,512000000
2026-05-30 17:40:29.220,2,1.69,,512000000
2026-05-30 17:40:29.143,2,1.88,,512000000
2026-05-30 17:40:29.124,2,1.97,,512000000
2026-05-30 17:40:29.105,3,2.63,,512000000
2026-05-30 17:40:29.078,3,2.46,,512000000
2026-05-30 17:40:29.071,5,4.67,,512000000
2026-05-30 17:40:29.058,2,1.77,,512000000
2026-05-30 17:40:29.056,18,17.73,,512000000
2026-05-30 17:40:29.032,3,2.14,,512000000
2026-05-30 17:40:28.946,2,1.75,,512000000
2026-05-30 17:40:28.896,9,8.88,,512000000
2026-05-30 17:40:28.880,2,1.82,,512000000
2026-05-30 17:40:28.681,3,2.15,,512000000
2026-05-30 17:40:28.680,2,1.96,,512000000
2026-05-30 17:40:28.652,3,2.08,,512000000
2026-05-30 17:40:28.639,3,2.09,,512000000
2026-05-30 17:40:28.620,2,1.76,,512000000
2026-05-30 17:40:28.581,2,1.7,,512000000
2026-05-30 17:40:28.559,2,1.96,,512000000
2026-05-30 17:40:28.553,5,4.17,,512000000
2026-05-30 17:40:28.530,2,1.94,,512000000
2026-05-30 17:40:28.467,2,1.83,,512000000
2026-05-30 17:40:28.298,3,2.1,,512000000
2026-05-30 17:40:28.242,2,1.73,,512000000
2026-05-30 17:40:28.239,2,1.87,,512000000
2026-05-30 17:40:28.211,3,2.13,,512000000
2026-05-30 17:40:28.206,2,1.91,,512000000
2026-05-30 17:40:28.175,4,3.59,,512000000
2026-05-30 17:40:28.157,2,1.86,,512000000
2026-05-30 17:40:28.126,2,1.84,,512000000
2026-05-30 17:40:28.096,7,6.64,,512000000
2026-05-30 17:40:28.083,2,1.79,,512000000
2026-05-30 17:40:28.060,2,1.9,,512000000
2026-05-30 17:40:27.976,3,2.01,,512000000
2026-05-30 17:40:27.915,9,8.74,,512000000
2026-05-30 17:40:27.896,2,1.85,,512000000
2026-05-30 17:40:27.896,2,1.82,,512000000
2026-05-30 17:40:27.891,3,2.08,,512000000
2026-05-30 17:40:27.862,2,1.7,,512000000
2026-05-30 17:40:27.844,3,2.08,,512000000
2026-05-30 17:40:27.812,2,1.78,,512000000
2026-05-30 17:40:27.791,3,2.13,,512000000
2026-05-30 17:40:27.781,2,1.75,,512000000
2026-05-30 17:40:27.773,2,1.92,,512000000
2026-05-30 17:40:27.753,2,2,,512000000
2026-05-30 17:40:27.745,2,1.69,,512000000
2026-05-30 17:40:27.723,2,1.8,,512000000
2026-05-30 17:40:27.707,2,1.74,,512000000
2026-05-30 17:40:27.701,5,4.2,,512000000
2026-05-30 17:40:27.689,2,1.97,,512000000
2026-05-30 17:40:27.641,35,34.46,,512000000
2026-05-30 17:40:27.518,2,1.88,,512000000
2026-05-30 17:40:27.480,2,1.86,,512000000
2026-05-30 17:40:27.458,3,2.09,,512000000
2026-05-30 17:40:27.436,2,1.78,,512000000
2026-05-30 17:40:27.388,2,1.79,,512000000
2026-05-30 17:40:27.336,2,1.92,,512000000
2026-05-30 17:40:27.281,3,2.32,,512000000
2026-05-30 17:40:27.279,3,2.15,,512000000
2026-05-30 17:40:27.276,3,2.1,,512000000
2026-05-30 17:40:27.197,3,2.34,,512000000
2026-05-30 17:40:27.179,12,11.67,,512000000
2026-05-30 17:40:27.160,3,2.13,,512000000
2026-05-30 17:40:27.141,3,2.01,,512000000
2026-05-30 17:40:26.974,15,14.18,,512000000
2026-05-30 17:40:26.936,11,10.86,,512000000
2026-05-30 17:40:26.928,2,1.78,,512000000
2026-05-30 17:40:26.919,2,1.77,,512000000
2026-05-30 17:40:26.915,2,1.75,,512000000
2026-05-30 17:40:26.861,4,3.75,,512000000
2026-05-30 17:40:26.846,2,1.7,,512000000
2026-05-30 17:40:26.826,2,1.83,,512000000
2026-05-30 17:40:26.801,12,11.11,,512000000
2026-05-30 17:40:26.725,2,1.81,,512000000
2026-05-30 17:40:26.723,2,1.79,,512000000
2026-05-30 17:40:26.716,4,3.78,,512000000
2026-05-30 17:40:26.643,2,1.68,,512000000
2026-05-30 17:40:26.569,2,1.88,,512000000
2026-05-30 17:40:26.521,11,10.02,,512000000
2026-05-30 17:40:26.501,7,6.76,,512000000
2026-05-30 17:40:26.486,11,10.82,,512000000
2026-05-30 17:40:26.456,3,2.11,,512000000
2026-05-30 17:40:26.361,4,3.5,,512000000
2026-05-30 17:40:26.356,3,2.81,,512000000
2026-05-30 17:40:26.347,3,2.04,,512000000
2026-05-30 17:40:26.344,2,1.79,,512000000
2026-05-30 17:40:26.305,2,1.84,,512000000
2026-05-30 17:40:26.302,3,2.31,,512000000
2026-05-30 17:40:26.267,3,2.04,,512000000
2026-05-30 17:40:26.236,3,2.15,,512000000
2026-05-30 17:40:26.081,30,29.78,,512000000
2026-05-30 17:40:26.074,2,1.81,,512000000
2026-05-30 17:40:26.043,2,1.84,,512000000
2026-05-30 17:40:26.019,3,2.01,,512000000
2026-05-30 17:40:26.016,4,3.96,,512000000
2026-05-30 17:40:26.007,2,1.96,,512000000
2026-05-30 17:40:26.001,2,1.85,,512000000
2026-05-30 17:40:25.953,3,2,,512000000
2026-05-30 17:40:25.904,2,1.9,,512000000
2026-05-30 17:40:25.861,2,1.86,,512000000
2026-05-30 17:40:25.856,6,5.28,,512000000
2026-05-30 17:40:25.842,2,1.89,,512000000
2026-05-30 17:40:25.827,2,1.87,,512000000
2026-05-30 17:40:25.805,2,1.86,,512000000
2026-05-30 17:40:25.740,2,1.83,,512000000
2026-05-30 17:40:25.716,11,10.37,,512000000
2026-05-30 17:40:25.715,2,1.67,,512000000
2026-05-30 17:40:25.711,2,1.72,,512000000
2026-05-30 17:40:25.703,3,2,,512000000
2026-05-30 17:40:25.700,2,1.81,,512000000
2026-05-30 17:40:25.676,2,1.7,,512000000
2026-05-30 17:40:25.625,3,2.11,,512000000
2026-05-30 17:40:25.608,2,1.93,,512000000
2026-05-30 17:40:25.535,3,2.31,,512000000
2026-05-30 17:40:25.440,3,2.16,,512000000
2026-05-30 17:40:25.378,2,1.89,,512000000
2026-05-30 17:40:25.358,2,1.82,,512000000
2026-05-30 17:40:25.262,2,1.78,,512000000
2026-05-30 17:40:25.232,2,1.88,,512000000
2026-05-30 17:40:25.202,2,1.9,,512000000
2026-05-30 17:40:25.185,2,1.82,,512000000
2026-05-30 17:40:25.075,3,2.13,,512000000
2026-05-30 17:40:25.065,3,2.12,,512000000
2026-05-30 17:40:25.043,2,1.88,,512000000
2026-05-30 17:40:25.005,2,1.92,,512000000
2026-05-30 17:40:24.949,3,2.07,,512000000
2026-05-30 17:40:24.919,26,25.11,,512000000
2026-05-30 17:40:24.882,2,1.83,,512000000
2026-05-30 17:40:24.861,2,1.83,,512000000
2026-05-30 17:40:24.856,2,1.81,,512000000
2026-05-30 17:40:24.809,2,1.92,,512000000
2026-05-30 17:40:24.763,2,1.89,,512000000
2026-05-30 17:40:24.745,3,2.31,,512000000
2026-05-30 17:40:24.721,2,1.92,,512000000
2026-05-30 17:40:24.700,2,1.73,,512000000
2026-05-30 17:40:24.697,2,1.85,,512000000
2026-05-30 17:40:24.691,4,3.05,,512000000
2026-05-30 17:40:24.673,2,1.7,,512000000
2026-05-30 17:40:24.662,2,1.8,,512000000
2026-05-30 17:40:24.596,2,1.94,,512000000
2026-05-30 17:40:24.585,3,2.16,,512000000
2026-05-30 17:40:24.582,11,10.33,,512000000
2026-05-30 17:40:24.571,6,5.41,,512000000
2026-05-30 17:40:24.571,3,2.08,,512000000
2026-05-30 17:40:24.551,10,9.68,,512000000
2026-05-30 17:40:24.546,2,1.67,,512000000
2026-05-30 17:40:24.531,17,16.87,,512000000
2026-05-30 17:40:24.459,3,2.1,,512000000
2026-05-30 17:40:24.456,4,3.16,,512000000
2026-05-30 17:40:24.438,3,2.14,,512000000
2026-05-30 17:40:24.220,3,2.19,,512000000
2026-05-30 17:40:24.203,3,2.09,,512000000
2026-05-30 17:40:24.154,2,1.66,,512000000
2026-05-30 17:40:24.144,3,2.22,,512000000
2026-05-30 17:40:24.127,2,1.77,,512000000
2026-05-30 17:40:24.003,2,1.96,,512000000
2026-05-30 17:40:23.974,2,1.86,,512000000
2026-05-30 17:40:23.945,2,1.77,,512000000
2026-05-30 17:40:23.929,2,1.88,,512000000
2026-05-30 17:40:23.922,2,1.7,,512000000
2026-05-30 17:40:23.897,2,1.71,,512000000
2026-05-30 17:40:23.872,2,1.87,,512000000
2026-05-30 17:40:23.850,2,1.57,,512000000
2026-05-30 17:40:23.805,3,2.11,,512000000
2026-05-30 17:40:23.711,2,1.77,,512000000
2026-05-30 17:40:23.699,3,2.04,,512000000
2026-05-30 17:40:23.693,3,2.1,,512000000
2026-05-30 17:40:23.669,2,1.94,,512000000
2026-05-30 17:40:23.614,10,9.01,,512000000
2026-05-30 17:40:23.548,2,1.94,,512000000
2026-05-30 17:40:23.528,3,2.22,,512000000
2026-05-30 17:40:23.516,3,2.14,,512000000
2026-05-30 17:40:23.430,2,1.88,,512000000
2026-05-30 17:40:23.384,2,1.91,,512000000
2026-05-30 17:40:23.315,2,1.9,,512000000
2026-05-30 17:40:23.314,2,1.79,,512000000
2026-05-30 17:40:23.194,2,1.87,,512000000
2026-05-30 17:40:23.190,2,1.78,,512000000
2026-05-30 17:40:23.170,2,1.79,,512000000
2026-05-30 17:40:23.121,2,1.71,,512000000
2026-05-30 17:40:23.077,2,1.73,,512000000
2026-05-30 17:40:23.073,3,2.3,,512000000
2026-05-30 17:40:23.070,2,1.79,,512000000
2026-05-30 17:40:23.050,2,1.79,,512000000
2026-05-30 17:40:22.995,2,1.77,,512000000
2026-05-30 17:40:22.947,2,1.73,,512000000
2026-05-30 17:40:22.864,2,1.92,,512000000
2026-05-30 17:40:22.851,2,1.83,,512000000
2026-05-30 17:40:22.837,3,2.11,,512000000
2026-05-30 17:40:22.835,2,1.97,,512000000
2026-05-30 17:40:22.812,2,1.89,,512000000
2026-05-30 17:40:22.807,3,2.06,,512000000
2026-05-30 17:40:22.789,3,2.06,,512000000
2026-05-30 17:40:22.768,3,2.08,,512000000
2026-05-30 17:40:22.664,2,1.85,,512000000
2026-05-30 17:40:22.635,2,1.98,,512000000
2026-05-30 17:40:22.630,3,2.01,,512000000
2026-05-30 17:40:22.593,3,2.2,,512000000
2026-05-30 17:40:22.587,2,1.99,,512000000
2026-05-30 17:40:22.574,2,1.75,,512000000
2026-05-30 17:40:22.499,2,1.99,,512000000
2026-05-30 17:40:22.474,3,2.32,,512000000
2026-05-30 17:40:22.454,2,1.78,,512000000
2026-05-30 17:40:22.357,3,2.03,,512000000
2026-05-30 17:40:22.356,5,4.68,,512000000
2026-05-30 17:40:22.346,2,1.88,,512000000
2026-05-30 17:40:22.315,4,3.28,,512000000
2026-05-30 17:40:22.302,2,1.84,,512000000
2026-05-30 17:40:22.290,2,1.93,,512000000
2026-05-30 17:40:22.176,3,2.19,,512000000
2026-05-30 17:40:22.164,2,1.73,,512000000
2026-05-30 17:40:22.099,14,13.38,,512000000
2026-05-30 17:40:22.098,3,2.69,,512000000
2026-05-30 17:40:22.098,3,2.17,,512000000
2026-05-30 17:40:22.075,8,7.75,,512000000
2026-05-30 17:40:22.061,2,1.71,,512000000
2026-05-30 17:40:22.024,2,1.88,,512000000
2026-05-30 17:40:21.949,2,1.92,,512000000
2026-05-30 17:40:21.935,2,1.92,,512000000
2026-05-30 17:40:21.904,2,1.91,,512000000
2026-05-30 17:40:21.875,3,2.98,,512000000
2026-05-30 17:40:21.869,3,2.08,,512000000
2026-05-30 17:40:21.865,2,1.7,,512000000
2026-05-30 17:40:21.860,3,2.06,,512000000
2026-05-30 17:40:21.762,3,2.06,,512000000
2026-05-30 17:40:21.728,2,1.87,,512000000
2026-05-30 17:40:21.663,2,1.98,,512000000
2026-05-30 17:40:21.656,6,5.66,,512000000
2026-05-30 17:40:21.639,2,1.68,,512000000
2026-05-30 17:40:21.632,2,1.8,,512000000
2026-05-30 17:40:21.584,2,1.82,,512000000
2026-05-30 17:40:21.573,2,1.87,,512000000
2026-05-30 17:40:21.539,13,12.55,,512000000
2026-05-30 17:40:21.515,5,4.87,,512000000
2026-05-30 17:40:21.503,2,1.86,,512000000
2026-05-30 17:40:21.443,2,1.83,,512000000
2026-05-30 17:40:21.406,2,1.89,,512000000
2026-05-30 17:40:21.374,2,1.88,,512000000
2026-05-30 17:40:21.334,2,1.81,,512000000
2026-05-30 17:40:21.298,2,1.75,,512000000
2026-05-30 17:40:21.219,6,5.97,,512000000
2026-05-30 17:40:21.204,3,2.03,,512000000
2026-05-30 17:40:21.196,2,1.97,,512000000
2026-05-30 17:40:21.114,3,2,,512000000
2026-05-30 17:40:21.066,2,1.98,,512000000
2026-05-30 17:40:21.060,2,1.81,,512000000
2026-05-30 17:40:21.023,2,1.86,,512000000
2026-05-30 17:40:20.913,2,1.95,,512000000
2026-05-30 17:40:20.825,2,1.78,,512000000
2026-05-30 17:40:20.813,2,1.76,,512000000
2026-05-30 17:40:20.809,2,1.9,,512000000
2026-05-30 17:40:20.749,2,1.89,,512000000
2026-05-30 17:40:20.734,2,1.75,,512000000
2026-05-30 17:40:20.677,2,1.74,,512000000
2026-05-30 17:40:20.677,3,2,,512000000
2026-05-30 17:40:20.610,3,2.02,,512000000
2026-05-30 17:40:20.587,2,1.77,,512000000
2026-05-30 17:40:20.529,2,1.97,,512000000
2026-05-30 17:40:20.513,3,3,,512000000
2026-05-30 17:40:20.455,2,1.76,,512000000
2026-05-30 17:40:20.416,3,2.2,,512000000
2026-05-30 17:40:20.397,3,2.02,,512000000
2026-05-30 17:40:20.372,2,1.92,,512000000
2026-05-30 17:40:20.338,3,2.1,,512000000
2026-05-30 17:40:20.319,2,1.8,,512000000
2026-05-30 17:40:20.273,2,1.82,,512000000
2026-05-30 17:40:20.236,3,2.41,,512000000
2026-05-30 17:40:20.234,2,1.85,,512000000
2026-05-30 17:40:20.231,10,9.35,,512000000
2026-05-30 17:40:20.215,2,1.74,,512000000
2026-05-30 17:40:20.176,2,1.62,,512000000
2026-05-30 17:40:20.175,2,1.88,,512000000
2026-05-30 17:40:20.169,3,2.04,,512000000
2026-05-30 17:40:20.152,14,13.46,,512000000
2026-05-30 17:40:20.106,3,2.26,,512000000
2026-05-30 17:40:20.102,2,1.77,,512000000
2026-05-30 17:40:20.065,2,1.79,,512000000
2026-05-30 17:40:20.050,2,1.73,,512000000
2026-05-30 17:40:20.027,2,1.86,,512000000
2026-05-30 17:40:19.987,2,1.75,,512000000
2026-05-30 17:40:19.941,2,1.9,,512000000
2026-05-30 17:40:19.918,3,2.19,,512000000
2026-05-30 17:40:19.887,3,2.09,,512000000
2026-05-30 17:40:19.849,3,2.02,,512000000
2026-05-30 17:40:19.770,2,1.82,,512000000
2026-05-30 17:40:19.761,3,2.3,,512000000
2026-05-30 17:40:19.750,10,9.25,,512000000
2026-05-30 17:40:19.737,3,2.06,,512000000
2026-05-30 17:40:19.659,2,1.94,,512000000
2026-05-30 17:40:19.606,2,1.74,,512000000
2026-05-30 17:40:19.559,2,1.81,,512000000
2026-05-30 17:40:19.538,2,1.94,,512000000
2026-05-30 17:40:19.480,2,1.77,,512000000
2026-05-30 17:40:19.477,2,1.88,,512000000
2026-05-30 17:40:19.376,2,1.75,,512000000
2026-05-30 17:40:19.322,12,11.69,,512000000
2026-05-30 17:40:19.273,2,1.89,,512000000
2026-05-30 17:40:19.210,2,1.8,,512000000
2026-05-30 17:40:19.195,2,1.95,,512000000
2026-05-30 17:40:19.160,14,13.19,,512000000
2026-05-30 17:40:19.141,11,10.96,,512000000
2026-05-30 17:40:19.123,2,1.87,,512000000
2026-05-30 17:40:19.106,2,1.9,,512000000
2026-05-30 17:40:19.091,2,1.81,,512000000
2026-05-30 17:40:19.088,2,1.96,,512000000
2026-05-30 17:40:19.000,2,1.81,,512000000
2026-05-30 17:40:18.959,2,1.73,,512000000
2026-05-30 17:40:18.901,3,2.12,,512000000
2026-05-30 17:40:18.851,2,1.73,,512000000
2026-05-30 17:40:18.772,2,1.73,,512000000
2026-05-30 17:40:18.761,2,1.92,,512000000
2026-05-30 17:40:18.744,2,1.75,,512000000
2026-05-30 17:40:18.692,2,1.59,,512000000
2026-05-30 17:40:18.690,2,1.84,,512000000
2026-05-30 17:40:18.685,3,2.38,,512000000
2026-05-30 17:40:18.662,2,1.93,,512000000
2026-05-30 17:40:18.648,2,1.94,,512000000
2026-05-30 17:40:18.592,2,1.77,,512000000
2026-05-30 17:40:18.553,3,2.01,,512000000
2026-05-30 17:40:18.546,3,2.02,,512000000
2026-05-30 17:40:18.481,2,1.85,,512000000
2026-05-30 17:40:18.475,2,1.74,,512000000
2026-05-30 17:40:18.450,2,1.72,,512000000
2026-05-30 17:40:18.426,2,1.55,,512000000
2026-05-30 17:40:18.425,2,1.85,,512000000
2026-05-30 17:40:18.379,2,1.74,,512000000
2026-05-30 17:40:18.261,3,2.54,,512000000
2026-05-30 17:40:18.249,2,1.95,,512000000
2026-05-30 17:40:18.239,2,1.72,,512000000
2026-05-30 17:40:18.171,3,2.33,,512000000
2026-05-30 17:40:18.165,2,1.82,,512000000
2026-05-30 17:40:18.161,2,1.89,,512000000
2026-05-30 17:40:18.161,2,1.73,,512000000
2026-05-30 17:40:18.087,2,1.86,,512000000
2026-05-30 17:40:18.036,2,1.94,,512000000
2026-05-30 17:40:18.036,6,5.53,,512000000
2026-05-30 17:40:18.016,9,8.83,,512000000
2026-05-30 17:40:17.999,2,1.91,,512000000
2026-05-30 17:40:17.896,3,2.23,,512000000
2026-05-30 17:40:17.893,2,1.94,,512000000
2026-05-30 17:40:17.893,2,1.98,,512000000
2026-05-30 17:40:17.849,2,1.74,,512000000
2026-05-30 17:40:17.797,3,2.15,,512000000
2026-05-30 17:40:17.786,2,1.92,,512000000
2026-05-30 17:40:17.767,3,2.56,,512000000
2026-05-30 17:40:17.722,2,1.88,,512000000
2026-05-30 17:40:17.678,3,2,,512000000
2026-05-30 17:40:17.621,3,2.53,,512000000
2026-05-30 17:40:17.606,2,1.91,,512000000
2026-05-30 17:40:17.568,2,1.78,,512000000
2026-05-30 17:40:17.552,2,1.9,,512000000
2026-05-30 17:40:17.520,2,1.94,,512000000
2026-05-30 17:40:17.411,2,1.75,,512000000
2026-05-30 17:40:17.390,3,2.09,,512000000
2026-05-30 17:40:17.358,3,2.35,,512000000
2026-05-30 17:40:17.324,3,2.08,,512000000
2026-05-30 17:40:17.311,2,1.84,,512000000
2026-05-30 17:40:17.254,2,1.75,,512000000
2026-05-30 17:40:17.187,2,1.98,,512000000
2026-05-30 17:40:17.184,2,1.87,,512000000
2026-05-30 17:40:17.172,2,1.82,,512000000
2026-05-30 17:40:17.163,2,1.76,,512000000
2026-05-30 17:40:17.117,2,1.7,,512000000
2026-05-30 17:40:16.996,2,1.91,,512000000
2026-05-30 17:40:16.844,2,1.88,,512000000
2026-05-30 17:40:16.840,2,1.89,,512000000
2026-05-30 17:40:16.821,42,41.88,,512000000
2026-05-30 17:40:16.801,2,1.98,,512000000
2026-05-30 17:40:16.761,2,1.89,,512000000
2026-05-30 17:40:16.653,2,1.84,,512000000
2026-05-30 17:40:16.632,2,1.98,,512000000
2026-05-30 17:40:16.568,2,1.93,,512000000
2026-05-30 17:40:16.524,11,10.68,,512000000
2026-05-30 17:40:16.441,4,3.04,,512000000
2026-05-30 17:40:16.425,2,1.92,,512000000
2026-05-30 17:40:16.411,10,9.64,,512000000
2026-05-30 17:40:16.392,3,2.99,,512000000
2026-05-30 17:40:16.371,11,10.86,,512000000
2026-05-30 17:40:16.357,3,2.51,,512000000
2026-05-30 17:40:16.352,5,4.85,,512000000
2026-05-30 17:40:16.334,3,2.85,,512000000
2026-05-30 17:40:16.273,3,2.37,,512000000
2026-05-30 17:40:16.269,2,1.81,,512000000
2026-05-30 17:40:16.262,2,1.82,,512000000
2026-05-30 17:40:16.252,2,1.8,,512000000
2026-05-30 17:40:16.233,2,1.75,,512000000
2026-05-30 17:40:16.214,2,1.77,,512000000
2026-05-30 17:40:16.210,2,1.91,,512000000
2026-05-30 17:40:16.142,2,1.87,,512000000
2026-05-30 17:40:16.103,3,2.07,,512000000
2026-05-30 17:40:16.098,2,1.88,,512000000
2026-05-30 17:40:16.071,2,1.72,,512000000
2026-05-30 17:40:16.045,2,1.97,,512000000
2026-05-30 17:40:16.006,3,2.06,,512000000
2026-05-30 17:40:15.990,2,1.91,,512000000
2026-05-30 17:40:15.912,2,1.75,,512000000
2026-05-30 17:40:15.887,3,2.35,,512000000
2026-05-30 17:40:15.799,2,1.99,,512000000
2026-05-30 17:40:15.745,2,1.7,,512000000
2026-05-30 17:40:15.715,2,1.77,,512000000
2026-05-30 17:40:15.674,2,1.79,,512000000
2026-05-30 17:40:15.670,2,1.95,,512000000
2026-05-30 17:40:15.564,3,2.15,,512000000
2026-05-30 17:40:15.560,2,1.91,,512000000
2026-05-30 17:40:15.529,2,1.81,,512000000
2026-05-30 17:40:15.503,2,1.79,,512000000
2026-05-30 17:40:15.491,2,1.69,,512000000
2026-05-30 17:40:15.420,3,2.07,,512000000
2026-05-30 17:40:15.380,2,1.77,,512000000
2026-05-30 17:40:15.367,2,1.81,,512000000
2026-05-30 17:40:15.354,2,1.81,,512000000
2026-05-30 17:40:15.266,2,1.85,,512000000
2026-05-30 17:40:15.181,2,1.94,,512000000
2026-05-30 17:40:15.067,2,1.75,,512000000
2026-05-30 17:40:15.056,2,1.89,,512000000
2026-05-30 17:40:15.014,2,1.79,,512000000
2026-05-30 17:40:14.995,3,2.38,,512000000
2026-05-30 17:40:14.977,2,1.81,,512000000
2026-05-30 17:40:14.976,2,1.73,,512000000
2026-05-30 17:40:14.947,2,1.81,,512000000
2026-05-30 17:40:14.881,10,9.13,,512000000
2026-05-30 17:40:14.869,2,1.71,,512000000
2026-05-30 17:40:14.855,2,1.82,,512000000
2026-05-30 17:40:14.751,2,1.9,,512000000
2026-05-30 17:40:14.732,2,1.79,,512000000
2026-05-30 17:40:14.672,2,1.71,,512000000
2026-05-30 17:40:14.618,2,1.97,,512000000
2026-05-30 17:40:14.565,3,2.17,,512000000
2026-05-30 17:40:14.561,6,5.61,,512000000
2026-05-30 17:40:14.547,3,2.36,,512000000
2026-05-30 17:40:14.535,2,1.74,,512000000
2026-05-30 17:40:14.516,3,2.19,,512000000
2026-05-30 17:40:14.514,3,2.28,,512000000
2026-05-30 17:40:14.503,3,2.02,,512000000
2026-05-30 17:40:14.450,2,1.72,,512000000
2026-05-30 17:40:14.419,2,1.93,,512000000
2026-05-30 17:40:14.349,2,1.96,,512000000
2026-05-30 17:40:14.313,3,2.13,,512000000
2026-05-30 17:40:14.312,2,1.82,,512000000
2026-05-30 17:40:14.258,2,1.88,,512000000
2026-05-30 17:40:14.227,2,1.88,,512000000
2026-05-30 17:40:14.205,3,2.66,,512000000
2026-05-30 17:40:14.200,2,1.89,,512000000
2026-05-30 17:40:14.196,2,1.96,,512000000
2026-05-30 17:40:14.173,2,1.86,,512000000
2026-05-30 17:40:14.140,6,5.24,,512000000
2026-05-30 17:40:14.137,2,1.93,,512000000
2026-05-30 17:40:14.098,2,1.81,,512000000
2026-05-30 17:40:14.061,8,7.59,,512000000
2026-05-30 17:40:14.026,2,1.82,,512000000
2026-05-30 17:40:14.020,3,2.2,,512000000
2026-05-30 17:40:13.995,8,7.99,,512000000
2026-05-30 17:40:13.976,18,17.54,,512000000
2026-05-30 17:40:13.900,2,1.66,,512000000
2026-05-30 17:40:13.849,2,1.76,,512000000
2026-05-30 17:40:13.830,2,1.95,,512000000
2026-05-30 17:40:13.786,2,1.95,,512000000
2026-05-30 17:40:13.662,3,2.19,,512000000
2026-05-30 17:40:13.611,2,1.99,,512000000
2026-05-30 17:40:13.605,3,2.03,,512000000
2026-05-30 17:40:13.528,3,2.15,,512000000
2026-05-30 17:40:13.477,3,2.09,,512000000
2026-05-30 17:40:13.421,2,1.63,,512000000
2026-05-30 17:40:13.396,5,4.29,,512000000
2026-05-30 17:40:13.226,3,2.07,,512000000
2026-05-30 17:40:13.181,3,2.82,,512000000
2026-05-30 17:40:13.166,3,2.06,,512000000
2026-05-30 17:40:13.159,3,2.51,,512000000
2026-05-30 17:40:13.141,2,1.88,,512000000
2026-05-30 17:40:13.133,3,2.14,,512000000
2026-05-30 17:40:13.117,2,1.96,,512000000
2026-05-30 17:40:13.060,6,5.81,,512000000
2026-05-30 17:40:13.028,2,1.88,,512000000
2026-05-30 17:40:13.023,2,1.91,,512000000
2026-05-30 17:40:13.023,2,1.85,,512000000
2026-05-30 17:40:12.993,3,2.23,,512000000
2026-05-30 17:40:12.935,7,6.9,,512000000
2026-05-30 17:40:12.916,10,9.92,,512000000
2026-05-30 17:40:12.910,6,5.87,,512000000
2026-05-30 17:40:12.899,2,1.96,,512000000
2026-05-30 17:40:12.848,2,1.84,,512000000
2026-05-30 17:40:12.841,5,4.01,,512000000
2026-05-30 17:40:12.786,2,1.96,,512000000
2026-05-30 17:40:12.784,3,2.67,,512000000
2026-05-30 17:40:12.745,3,2.06,,512000000
2026-05-30 17:40:12.721,3,2.12,,512000000
2026-05-30 17:40:12.695,8,7.18,,512000000
2026-05-30 17:40:12.676,12,11.02,,512000000
2026-05-30 17:40:12.674,2,1.83,,512000000
2026-05-30 17:40:12.657,2,1.91,,512000000
2026-05-30 17:40:12.552,2,1.93,,512000000
2026-05-30 17:40:12.547,2,1.85,,512000000
2026-05-30 17:40:12.528,2,1.95,,512000000
2026-05-30 17:40:12.487,2,1.85,,512000000
2026-05-30 17:40:12.421,2,1.81,,512000000
2026-05-30 17:40:12.420,3,2.56,,512000000
2026-05-30 17:40:12.368,2,1.92,,512000000
2026-05-30 17:40:12.344,3,2.12,,512000000
2026-05-30 17:40:12.337,2,1.79,,512000000
2026-05-30 17:40:12.332,2,1.84,,512000000
2026-05-30 17:40:12.312,2,1.92,,512000000
2026-05-30 17:40:12.286,2,1.85,,512000000
2026-05-30 17:40:12.254,6,5.21,,512000000
2026-05-30 17:40:12.253,2,1.72,,512000000
2026-05-30 17:40:12.244,2,1.78,,512000000
2026-05-30 17:40:12.214,3,2.44,,512000000
2026-05-30 17:40:12.190,2,1.86,,512000000
2026-05-30 17:40:12.142,3,2.35,,512000000
2026-05-30 17:40:12.088,3,2.21,,512000000
2026-05-30 17:40:12.084,3,2.11,,512000000
2026-05-30 17:40:11.848,2,1.88,,512000000
2026-05-30 17:40:11.782,3,2.04,,512000000
2026-05-30 17:40:11.755,3,2,,512000000
2026-05-30 17:40:11.734,3,2.1,,512000000
2026-05-30 17:40:11.653,3,2.33,,512000000
2026-05-30 17:40:11.637,3,2.11,,512000000
2026-05-30 17:40:11.609,2,1.71,,512000000
2026-05-30 17:40:11.553,2,1.88,,512000000
2026-05-30 17:40:11.503,12,11.48,,512000000
2026-05-30 17:40:11.486,2,1.94,,512000000
2026-05-30 17:40:11.482,19,19,,512000000
2026-05-30 17:40:11.411,3,2.27,,512000000
2026-05-30 17:40:11.368,2,1.93,,512000000
2026-05-30 17:40:11.347,2,1.91,,512000000
2026-05-30 17:40:11.344,3,2.02,,512000000
2026-05-30 17:40:11.335,22,21.86,,512000000
2026-05-30 17:40:11.289,2,1.95,,512000000
2026-05-30 17:40:11.262,3,2.06,,512000000
2026-05-30 17:40:11.203,3,2.03,,512000000
2026-05-30 17:40:11.158,2,1.82,,512000000
2026-05-30 17:40:11.138,21,20.31,,512000000
2026-05-30 17:40:11.108,3,2.02,,512000000
2026-05-30 17:40:11.077,3,2.19,,512000000
2026-05-30 17:40:11.037,10,9.78,,512000000
2026-05-30 17:40:11.016,23,22.75,,512000000
2026-05-30 17:40:10.980,3,2.39,,512000000
2026-05-30 17:40:10.968,3,2.43,,512000000
2026-05-30 17:40:10.961,19,18.26,,512000000
2026-05-30 17:40:10.959,2,1.84,,512000000
2026-05-30 17:40:10.934,2,1.96,,512000000
2026-05-30 17:40:10.926,9,8.55,,512000000
2026-05-30 17:40:10.912,5,4.11,,512000000
2026-05-30 17:40:10.897,2,1.92,,512000000
2026-05-30 17:40:10.842,2,1.84,,512000000
2026-05-30 17:40:10.789,3,2.06,,512000000
2026-05-30 17:40:10.760,2,1.86,,512000000
2026-05-30 17:40:10.755,2,1.73,,512000000
2026-05-30 17:40:10.738,2,1.89,,512000000
2026-05-30 17:40:10.735,7,6.09,,512000000
2026-05-30 17:40:10.712,15,14.31,,512000000
2026-05-30 17:40:10.671,8,7.38,,512000000
2026-05-30 17:40:10.654,2,1.98,,512000000
2026-05-30 17:40:10.644,3,2.35,,512000000
2026-05-30 17:40:10.630,18,17.18,,512000000
2026-05-30 17:40:10.558,2,1.91,,512000000
2026-05-30 17:40:10.519,2,1.86,,512000000
2026-05-30 17:40:10.490,2,1.97,,512000000
2026-05-30 17:40:10.465,3,2.01,,512000000
2026-05-30 17:40:10.459,25,24.01,,512000000
2026-05-30 17:40:10.433,5,4.76,,512000000
2026-05-30 17:40:10.292,3,2.1,,512000000
2026-05-30 17:40:10.219,2,1.88,,512000000
2026-05-30 17:40:10.162,3,2.22,,512000000
2026-05-30 17:40:10.155,2,1.98,,512000000
2026-05-30 17:40:10.130,3,2.27,,512000000
2026-05-30 17:40:10.091,2,1.85,,512000000
2026-05-30 17:40:10.042,2,1.97,,512000000
2026-05-30 17:40:09.965,2,1.81,,512000000
2026-05-30 17:40:09.915,2,1.89,,512000000
2026-05-30 17:40:09.790,2,1.92,,512000000
2026-05-30 17:40:09.754,3,2.04,,512000000
2026-05-30 17:40:09.703,2,1.94,,512000000
2026-05-30 17:40:09.680,2,1.93,,512000000
2026-05-30 17:40:09.655,2,1.78,,512000000
2026-05-30 17:40:09.634,3,2.23,,512000000
2026-05-30 17:40:09.632,8,7.24,,512000000
2026-05-30 17:40:09.615,6,5.59,,512000000
2026-05-30 17:40:09.613,2,2,,512000000
2026-05-30 17:40:09.603,2,1.86,,512000000
2026-05-30 17:40:09.585,3,2.54,,512000000
2026-05-30 17:40:09.554,3,2.06,,512000000
2026-05-30 17:40:09.509,2,1.97,,512000000
2026-05-30 17:40:09.467,2,1.95,,512000000
2026-05-30 17:40:09.446,2,1.72,,512000000
2026-05-30 17:40:09.430,2,2,,512000000
2026-05-30 17:40:09.256,9,8.77,,512000000
2026-05-30 17:40:09.246,2,1.69,,512000000
2026-05-30 17:40:09.240,3,2.05,,512000000
2026-05-30 17:40:09.216,5,4.34,,512000000
2026-05-30 17:40:09.200,3,2.06,,512000000
2026-05-30 17:40:09.164,3,2.17,,512000000
2026-05-30 17:40:09.161,2,1.79,,512000000
2026-05-30 17:40:09.140,2,1.97,,512000000
2026-05-30 17:40:09.136,2,1.91,,512000000
2026-05-30 17:40:09.106,2,1.98,,512000000
2026-05-30 17:40:09.095,2,1.86,,512000000
2026-05-30 17:40:09.091,5,4.26,,512000000
2026-05-30 17:40:09.075,2,1.89,,512000000
2026-05-30 17:40:09.022,2,2,,512000000
2026-05-30 17:40:08.999,3,2.02,,512000000
2026-05-30 17:40:08.989,2,1.83,,512000000
2026-05-30 17:40:08.984,2,1.85,,512000000
2026-05-30 17:40:08.939,2,1.99,,512000000
2026-05-30 17:40:08.913,2,1.77,,512000000
2026-05-30 17:40:08.912,5,4.23,,512000000
2026-05-30 17:40:08.895,41,40.35,,512000000
2026-05-30 17:40:08.856,9,8.36,,512000000
2026-05-30 17:40:08.837,3,2.25,,512000000
2026-05-30 17:40:08.816,2,1.84,,512000000
2026-05-30 17:40:08.793,2,1.7,,512000000
2026-05-30 17:40:08.738,3,2.19,,512000000
2026-05-30 17:40:08.657,2,1.83,,512000000
2026-05-30 17:40:08.621,2,1.91,,512000000
2026-05-30 17:40:08.619,3,2.14,,512000000
2026-05-30 17:40:08.504,2,1.96,,512000000
2026-05-30 17:40:08.501,3,2.64,,512000000
2026-05-30 17:40:08.415,3,2.47,,512000000
2026-05-30 17:40:08.399,3,2.02,,512000000
2026-05-30 17:40:08.313,3,2.05,,512000000
2026-05-30 17:40:08.279,2,1.83,,512000000
2026-05-30 17:40:08.275,2,1.79,,512000000
2026-05-30 17:40:08.253,2,1.8,,512000000
2026-05-30 17:40:08.202,2,1.83,,512000000
2026-05-30 17:40:08.160,2,1.81,,512000000
2026-05-30 17:40:08.130,9,8.08,,512000000
2026-05-30 17:40:08.117,2,1.89,,512000000
2026-05-30 17:40:08.107,3,2.75,,512000000
2026-05-30 17:40:08.081,3,2.05,,512000000
2026-05-30 17:40:08.043,2,1.89,,512000000
2026-05-30 17:40:07.967,2,1.92,,512000000
2026-05-30 17:40:07.942,2,1.87,,512000000
2026-05-30 17:40:07.902,2,1.8,,512000000
2026-05-30 17:40:07.869,2,1.96,,512000000
2026-05-30 17:40:07.866,2,1.73,,512000000
2026-05-30 17:40:07.837,2,1.83,,512000000
2026-05-30 17:40:07.680,3,2.6,,512000000
2026-05-30 17:40:07.672,2,1.83,,512000000
2026-05-30 17:40:07.639,3,2.08,,512000000
2026-05-30 17:40:07.636,6,5.98,,512000000
2026-05-30 17:40:07.623,2,1.84,,512000000
2026-05-30 17:40:07.596,5,4.56,,512000000
2026-05-30 17:40:07.584,2,1.72,,512000000
2026-05-30 17:40:07.555,2,1.85,,512000000
2026-05-30 17:40:07.533,2,1.86,,512000000
2026-05-30 17:40:07.456,2,1.85,,512000000
2026-05-30 17:40:07.446,3,2.02,,512000000
2026-05-30 17:40:07.399,2,1.83,,512000000
2026-05-30 17:40:07.358,3,2.11,,512000000
2026-05-30 17:40:07.351,23,22.18,,512000000
2026-05-30 17:40:07.347,3,2.11,,512000000
2026-05-30 17:40:07.303,2,1.8,,512000000
2026-05-30 17:40:07.296,2,1.92,,512000000
2026-05-30 17:40:07.276,2,1.66,,512000000
2026-05-30 17:40:07.269,2,1.87,,512000000
2026-05-30 17:40:07.242,2,1.75,,512000000
2026-05-30 17:40:07.217,2,1.92,,512000000
2026-05-30 17:40:07.177,3,2.8,,512000000
2026-05-30 17:40:07.172,2,1.97,,512000000
2026-05-30 17:40:07.136,2,1.96,,512000000
2026-05-30 17:40:07.105,3,2.12,,512000000
2026-05-30 17:40:07.105,3,2.12,,512000000
2026-05-30 17:40:07.103,2,1.9,,512000000
2026-05-30 17:40:07.103,2,1.85,,512000000
2026-05-30 17:40:07.060,3,2.02,,512000000
2026-05-30 17:40:07.040,2,1.82,,512000000
2026-05-30 17:40:07.014,3,2.1,,512000000
2026-05-30 17:40:06.989,2,1.9,,512000000
2026-05-30 17:40:06.981,2,1.89,,512000000
2026-05-30 17:40:06.884,2,1.88,,512000000
2026-05-30 17:40:06.872,2,1.81,,512000000
2026-05-30 17:40:06.775,2,1.72,,512000000
2026-05-30 17:40:06.754,3,2.23,,512000000
2026-05-30 17:40:06.529,2,1.99,,512000000
2026-05-30 17:40:06.522,2,1.79,,512000000
2026-05-30 17:40:06.482,3,2.02,,512000000
2026-05-30 17:40:06.471,3,2.13,,512000000
2026-05-30 17:40:06.465,2,1.8,,512000000
2026-05-30 17:40:06.436,2,1.84,,512000000
2026-05-30 17:40:06.379,2,1.67,,512000000
2026-05-30 17:40:06.354,2,1.85,,512000000
2026-05-30 17:40:06.303,2,1.82,,512000000
2026-05-30 17:40:06.287,3,2.02,,512000000
2026-05-30 17:40:06.167,2,1.93,,512000000
2026-05-30 17:40:06.149,2,1.97,,512000000
2026-05-30 17:40:06.095,3,2.06,,512000000
2026-05-30 17:40:06.093,4,3.17,,512000000
2026-05-30 17:40:05.991,2,1.86,,512000000
2026-05-30 17:40:05.972,3,2.56,,512000000
2026-05-30 17:40:05.970,2,1.96,,512000000
2026-05-30 17:40:05.900,17,16.71,,512000000
2026-05-30 17:40:05.840,10,9.96,,512000000
2026-05-30 17:40:05.836,3,2.05,,512000000
2026-05-30 17:40:05.818,3,2.28,,512000000
2026-05-30 17:40:05.818,2,1.92,,512000000
2026-05-30 17:40:05.799,3,2.57,,512000000
2026-05-30 17:40:05.782,25,24.37,,512000000
2026-05-30 17:40:05.781,2,1.92,,512000000
2026-05-30 17:40:05.738,2,1.94,,512000000
2026-05-30 17:40:05.698,3,2.07,,512000000
2026-05-30 17:40:05.666,2,1.99,,512000000
2026-05-30 17:40:05.661,2,2,,512000000
2026-05-30 17:40:05.632,3,2.18,,512000000
2026-05-30 17:40:05.619,2,1.79,,512000000
2026-05-30 17:40:05.598,2,1.88,,512000000
2026-05-30 17:40:05.572,16,15.89,,512000000
2026-05-30 17:40:05.554,3,2.1,,512000000
2026-05-30 17:40:05.526,7,6.55,,512000000
2026-05-30 17:40:05.501,3,2,,512000000
2026-05-30 17:40:05.443,2,1.88,,512000000
2026-05-30 17:40:05.401,6,5.54,,512000000
2026-05-30 17:40:05.397,2,1.91,,512000000
2026-05-30 17:40:05.383,3,2.07,,512000000
2026-05-30 17:40:05.273,3,2.39,,512000000
2026-05-30 17:40:05.272,27,26.09,,512000000
2026-05-30 17:40:05.261,2,1.77,,512000000
2026-05-30 17:40:05.249,2,1.84,,512000000
2026-05-30 17:40:05.234,3,2.1,,512000000
2026-05-30 17:40:05.125,3,2.13,,512000000
2026-05-30 17:40:05.080,3,2.24,,512000000
2026-05-30 17:40:05.059,2,1.89,,512000000
2026-05-30 17:40:05.052,3,2.06,,512000000
2026-05-30 17:40:05.011,5,4.25,,512000000
2026-05-30 17:40:05.006,3,2.44,,512000000
2026-05-30 17:40:05.000,2,1.84,,512000000
2026-05-30 17:40:05.000,25,24.62,,512000000
2026-05-30 17:40:04.964,3,2.46,,512000000
2026-05-30 17:40:04.879,2,1.97,,512000000
2026-05-30 17:40:04.846,3,2.09,,512000000
2026-05-30 17:40:04.775,2,1.94,,512000000
2026-05-30 17:40:04.774,8,7.34,,512000000
2026-05-30 17:40:04.726,3,2.24,,512000000
2026-05-30 17:40:04.659,2,1.91,,512000000
2026-05-30 17:40:04.651,2,1.9,,512000000
2026-05-30 17:40:04.599,2,1.74,,512000000
2026-05-30 17:40:04.535,3,2.75,,512000000
2026-05-30 17:40:04.520,2,1.86,,512000000
2026-05-30 17:40:04.467,2,1.85,,512000000
2026-05-30 17:40:04.459,3,2.14,,512000000
2026-05-30 17:40:04.425,2,1.7,,512000000
2026-05-30 17:40:04.402,29,28.34,,512000000
2026-05-30 17:40:04.390,2,1.86,,512000000
2026-05-30 17:40:04.367,3,2.01,,512000000
2026-05-30 17:40:04.362,20,19.43,,512000000
2026-05-30 17:40:04.345,2,1.73,,512000000
2026-05-30 17:40:04.255,2,1.9,,512000000
2026-05-30 17:40:04.236,2,1.87,,512000000
2026-05-30 17:40:04.223,2,1.89,,512000000
2026-05-30 17:40:04.180,3,2.1,,512000000
2026-05-30 17:40:04.168,3,2.3,,512000000
2026-05-30 17:40:04.145,3,2.14,,512000000
2026-05-30 17:40:04.135,2,1.8,,512000000
2026-05-30 17:40:04.021,3,2.06,,512000000
2026-05-30 17:40:04.005,2,1.9,,512000000
2026-05-30 17:40:03.961,9,8.55,,512000000
2026-05-30 17:40:03.936,2,1.94,,512000000
2026-05-30 17:40:03.883,2,1.85,,512000000
2026-05-30 17:40:03.845,2,1.83,,512000000
2026-05-30 17:40:03.769,3,2.15,,512000000
2026-05-30 17:40:03.746,2,1.91,,512000000
2026-05-30 17:40:03.725,4,3.3,,512000000
2026-05-30 17:40:03.661,6,5.73,,512000000
2026-05-30 17:40:03.641,6,5.24,,512000000
2026-05-30 17:40:03.626,2,1.96,,512000000
2026-05-30 17:40:03.621,2,1.76,,512000000
2026-05-30 17:40:03.605,2,1.79,,512000000
2026-05-30 17:40:03.586,2,1.8,,512000000
2026-05-30 17:40:03.546,2,1.82,,512000000
2026-05-30 17:40:03.538,3,2.8,,512000000
2026-05-30 17:40:03.482,23,22.79,,512000000
2026-05-30 17:40:03.462,2,1.82,,512000000
2026-05-30 17:40:03.416,3,2.28,,512000000
2026-05-30 17:40:03.412,2,1.96,,512000000
2026-05-30 17:40:03.401,2,1.9,,512000000
2026-05-30 17:40:03.222,2,1.79,,512000000
2026-05-30 17:40:03.169,2,1.76,,512000000
2026-05-30 17:40:03.141,2,1.9,,512000000
2026-05-30 17:40:03.031,11,10.87,,512000000
2026-05-30 17:40:03.022,7,6.87,,512000000
2026-05-30 17:40:03.013,2,1.79,,512000000
2026-05-30 17:40:03.011,2,1.78,,512000000
2026-05-30 17:40:02.948,2,1.81,,512000000
2026-05-30 17:40:02.900,2,1.89,,512000000
2026-05-30 17:40:02.894,2,1.9,,512000000
2026-05-30 17:40:02.876,2,1.78,,512000000
2026-05-30 17:40:02.849,2,1.77,,512000000
2026-05-30 17:40:02.788,2,1.85,,512000000
2026-05-30 17:40:02.752,12,11.16,,512000000
2026-05-30 17:40:02.732,2,1.75,,512000000
2026-05-30 17:40:02.732,3,2.86,,512000000
2026-05-30 17:40:02.730,2,1.75,,512000000
2026-05-30 17:40:02.728,2,1.88,,512000000
2026-05-30 17:40:02.728,2,1.98,,512000000
2026-05-30 17:40:02.691,2,1.87,,512000000
2026-05-30 17:40:02.598,2,1.97,,512000000
2026-05-30 17:40:02.542,2,1.81,,512000000
2026-05-30 17:40:02.539,3,2.09,,512000000
2026-05-30 17:40:02.513,3,2.19,,512000000
2026-05-30 17:40:02.492,3,2.1,,512000000
2026-05-30 17:40:02.491,3,2.09,,512000000
2026-05-30 17:40:02.450,3,2.3,,512000000
2026-05-30 17:40:02.447,2,1.75,,512000000
2026-05-30 17:40:02.308,2,1.94,,512000000
2026-05-30 17:40:02.286,2,1.87,,512000000
2026-05-30 17:40:02.281,3,2.12,,512000000
2026-05-30 17:40:02.262,788,5.21,781.81,512000000
2026-05-30 17:40:02.261,8,7.37,,512000000
2026-05-30 17:40:02.250,3,2.19,,512000000
2026-05-30 17:40:02.248,3,2.04,,512000000
2026-05-30 17:40:02.247,3,2.23,,512000000
2026-05-30 17:40:02.245,2,1.85,,512000000
2026-05-30 17:40:02.200,3,2.08,,512000000
2026-05-30 17:40:02.075,2,1.92,,512000000
2026-05-30 17:40:02.001,2,2,,512000000
2026-05-30 17:40:01.834,2,1.77,,512000000
2026-05-30 17:40:01.827,2,1.88,,512000000
2026-05-30 17:40:01.806,2,1.84,,512000000
2026-05-30 17:40:01.761,2,1.98,,512000000
2026-05-30 17:40:01.755,2,1.85,,512000000
2026-05-30 17:40:01.715,2,1.83,,512000000
2026-05-30 17:40:01.636,2,1.96,,512000000
2026-05-30 17:40:01.631,3,2.05,,512000000
2026-05-30 17:40:01.567,3,2.55,,512000000
2026-05-30 17:40:01.519,3,2.1,,512000000
2026-05-30 17:40:01.518,2,1.98,,512000000
2026-05-30 17:40:01.518,2,1.78,,512000000
2026-05-30 17:40:01.515,2,1.66,,512000000
2026-05-30 17:40:01.514,2,1.77,,512000000
2026-05-30 17:40:01.362,3,2.36,,512000000
2026-05-30 17:40:01.348,2,1.81,,512000000
2026-05-30 17:40:01.333,3,2.12,,512000000
2026-05-30 17:40:01.324,2,1.77,,512000000
2026-05-30 17:40:01.235,2,1.8,,512000000
2026-05-30 17:40:01.111,2,1.81,,512000000
2026-05-30 17:40:01.042,2,1.85,,512000000
2026-05-30 17:40:01.037,2,1.96,,512000000
2026-05-30 17:40:00.994,3,2.02,,512000000
2026-05-30 17:40:00.836,2,1.69,,512000000
2026-05-30 17:40:00.818,2,1.83,,512000000
2026-05-30 17:40:00.803,3,2.03,,512000000
2026-05-30 17:40:00.799,2,1.94,,512000000
2026-05-30 17:40:00.796,3,2.03,,512000000
2026-05-30 17:40:00.793,2,1.68,,512000000
2026-05-30 17:40:00.764,2,1.84,,512000000
2026-05-30 17:40:00.647,2,1.71,,512000000
2026-05-30 17:40:00.642,2,1.79,,512000000
2026-05-30 17:40:00.616,2,1.92,,512000000
2026-05-30 17:40:00.586,2,1.87,,512000000
2026-05-30 17:40:00.581,11,10.54,,512000000
2026-05-30 17:40:00.577,7,7,,512000000
2026-05-30 17:40:00.566,2,1.87,,512000000
2026-05-30 17:40:00.562,2,1.64,,512000000
2026-05-30 17:40:00.562,2,1.96,,512000000
2026-05-30 17:40:00.557,2,1.68,,512000000
2026-05-30 17:40:00.426,2,1.89,,512000000
2026-05-30 17:40:00.424,2,1.89,,512000000
2026-05-30 17:40:00.424,2,1.74,,512000000
2026-05-30 17:40:00.403,2,1.82,,512000000
2026-05-30 17:40:00.397,5,4.05,,512000000
2026-05-30 17:40:00.361,8,7.79,,512000000
2026-05-30 17:40:00.322,2,1.85,,512000000
2026-05-30 17:40:00.322,2,1.86,,512000000
2026-05-30 17:40:00.321,2,1.87,,512000000
2026-05-30 17:40:00.318,3,2.2,,512000000
2026-05-30 17:40:00.283,3,2.08,,512000000
2026-05-30 17:40:00.188,5,4.12,,512000000
2026-05-30 17:40:00.091,9,8.27,,512000000
2026-05-30 17:40:00.084,2,1.86,,512000000
2026-05-30 17:40:00.082,2,1.75,,512000000
2026-05-30 17:40:00.081,2,1.79,,512000000
2026-05-30 17:40:00.077,3,2.27,,512000000
2026-05-30 17:40:00.076,2,1.71,,512000000
2026-05-30 17:39:59.851,3,2.15,,512000000
2026-05-30 17:39:59.835,3,2.58,,512000000
2026-05-30 17:39:59.774,2,1.73,,512000000
2026-05-30 17:39:59.603,3,2,,512000000
2026-05-30 17:39:59.596,3,2.27,,512000000
2026-05-30 17:39:59.596,2,1.78,,512000000
2026-05-30 17:39:59.568,3,2.02,,512000000
2026-05-30 17:39:59.550,2,1.73,,512000000
2026-05-30 17:39:59.449,2,1.83,,512000000
2026-05-30 17:39:59.389,2,1.86,,512000000
2026-05-30 17:39:59.364,3,2.15,,512000000
2026-05-30 17:39:59.359,3,2.06,,512000000
2026-05-30 17:39:59.357,2,1.79,,512000000
2026-05-30 17:39:59.354,2,2,,512000000
2026-05-30 17:39:59.139,3,2.26,,512000000
2026-05-30 17:39:59.114,3,2.04,,512000000
2026-05-30 17:39:59.112,3,2.19,,512000000
2026-05-30 17:39:59.111,2,1.99,,512000000
2026-05-30 17:39:58.956,3,2.08,,512000000
2026-05-30 17:39:58.891,2,1.8,,512000000
2026-05-30 17:39:58.885,3,2.69,,512000000
2026-05-30 17:39:58.881,3,2.11,,512000000
2026-05-30 17:39:58.877,5,4.75,,512000000
2026-05-30 17:39:58.866,2,1.86,,512000000
2026-05-30 17:39:58.830,2,1.98,,512000000
2026-05-30 17:39:58.730,2,1.93,,512000000
2026-05-30 17:39:58.696,3,2.4,,512000000
2026-05-30 17:39:58.694,2,1.98,,512000000
2026-05-30 17:39:58.660,7,6.01,,512000000
2026-05-30 17:39:58.652,14,13.38,,512000000
2026-05-30 17:39:58.641,9,8.63,,512000000
2026-05-30 17:39:58.641,2,1.82,,512000000
2026-05-30 17:39:58.641,2,1.73,,512000000
2026-05-30 17:39:58.638,3,2.37,,512000000
2026-05-30 17:39:58.634,3,2.09,,512000000
2026-05-30 17:39:58.633,2,1.89,,512000000
2026-05-30 17:39:58.632,3,2.1,,512000000
2026-05-30 17:39:58.628,2,1.94,,512000000
2026-05-30 17:39:58.613,2,1.98,,512000000
2026-05-30 17:39:58.596,2,1.93,,512000000
2026-05-30 17:39:58.471,2,1.76,,512000000
2026-05-30 17:39:58.449,2,1.76,,512000000
2026-05-30 17:39:58.405,2,1.79,,512000000
2026-05-30 17:39:58.394,3,2.12,,512000000
2026-05-30 17:39:58.394,3,2.01,,512000000
2026-05-30 17:39:58.392,2,1.81,,512000000
2026-05-30 17:39:58.392,2,1.69,,512000000
2026-05-30 17:39:58.200,3,2.07,,512000000
2026-05-30 17:39:58.193,2,1.95,,512000000
2026-05-30 17:39:58.169,2,1.71,,512000000
2026-05-30 17:39:58.118,3,2.04,,512000000
2026-05-30 17:39:58.067,2,1.92,,512000000
2026-05-30 17:39:58.024,3,2.11,,512000000
2026-05-30 17:39:57.995,3,2.4,,512000000
2026-05-30 17:39:57.969,2,1.95,,512000000
2026-05-30 17:39:57.897,2,1.74,,512000000
2026-05-30 17:39:57.822,2,1.88,,512000000
2026-05-30 17:39:57.780,2,1.72,,512000000
2026-05-30 17:39:57.697,2,1.94,,512000000
2026-05-30 17:39:57.615,2,1.97,,512000000
2026-05-30 17:39:57.527,2,1.94,,512000000
2026-05-30 17:39:57.522,2,1.98,,512000000
2026-05-30 17:39:57.520,2,1.72,,512000000
2026-05-30 17:39:57.486,2,1.81,,512000000
2026-05-30 17:39:57.466,2,1.84,,512000000
2026-05-30 17:39:57.416,2,1.86,,512000000
2026-05-30 17:39:57.397,2,1.88,,512000000
2026-05-30 17:39:57.337,2,1.82,,512000000
2026-05-30 17:39:57.301,3,2.02,,512000000
2026-05-30 17:39:57.276,3,2.14,,512000000
2026-05-30 17:39:57.271,2,1.84,,512000000
2026-05-30 17:39:57.235,9,8.05,,512000000
2026-05-30 17:39:57.216,3,2.15,,512000000
2026-05-30 17:39:57.208,2,1.77,,512000000
2026-05-30 17:39:57.183,2,1.8,,512000000
2026-05-30 17:39:57.158,2,1.85,,512000000
2026-05-30 17:39:57.108,2,1.71,,512000000
2026-05-30 17:39:57.088,3,2.21,,512000000
2026-05-30 17:39:57.058,2,1.73,,512000000
2026-05-30 17:39:57.005,2,1.79,,512000000
2026-05-30 17:39:56.994,2,1.81,,512000000
2026-05-30 17:39:56.879,2,1.74,,512000000
2026-05-30 17:39:56.875,2,1.84,,512000000
2026-05-30 17:39:56.845,2,1.74,,512000000
2026-05-30 17:39:56.768,2,1.75,,512000000
2026-05-30 17:39:56.766,2,1.84,,512000000
2026-05-30 17:39:56.737,2,1.77,,512000000
2026-05-30 17:39:56.723,2,1.94,,512000000
2026-05-30 17:39:56.712,3,2.1,,512000000
2026-05-30 17:39:56.704,2,1.79,,512000000
2026-05-30 17:39:56.680,2,1.82,,512000000
2026-05-30 17:39:56.614,2,1.88,,512000000
2026-05-30 17:39:56.605,2,1.73,,512000000
2026-05-30 17:39:56.569,2,1.92,,512000000
2026-05-30 17:39:56.536,2,1.94,,512000000
2026-05-30 17:39:56.451,3,2.02,,512000000
2026-05-30 17:39:56.371,9,8.78,,512000000
2026-05-30 17:39:56.354,2,1.73,,512000000
2026-05-30 17:39:56.343,2,1.96,,512000000
2026-05-30 17:39:56.324,2,1.86,,512000000
2026-05-30 17:39:56.300,2,2,,512000000
2026-05-30 17:39:56.274,2,1.96,,512000000
2026-05-30 17:39:56.238,2,1.96,,512000000
2026-05-30 17:39:56.193,2,1.72,,512000000
2026-05-30 17:39:56.111,2,1.83,,512000000
2026-05-30 17:39:56.090,2,1.64,,512000000
2026-05-30 17:39:56.074,2,1.69,,512000000
2026-05-30 17:39:56.070,2,1.67,,512000000
2026-05-30 17:39:56.044,2,1.89,,512000000
2026-05-30 17:39:56.016,12,11.17,,512000000
2026-05-30 17:39:56.011,7,6.27,,512000000
2026-05-30 17:39:56.000,3,2.21,,512000000
2026-05-30 17:39:55.998,3,2.06,,512000000
2026-05-30 17:39:55.996,2,1.73,,512000000
2026-05-30 17:39:55.955,2,1.81,,512000000
2026-05-30 17:39:55.898,4,3.37,,512000000
2026-05-30 17:39:55.890,2,1.79,,512000000
2026-05-30 17:39:55.747,2,1.81,,512000000
2026-05-30 17:39:55.717,2,1.86,,512000000
2026-05-30 17:39:55.657,2,1.87,,512000000
2026-05-30 17:39:55.601,2,1.92,,512000000
2026-05-30 17:39:55.574,2,1.75,,512000000
2026-05-30 17:39:55.539,2,1.82,,512000000
2026-05-30 17:39:55.517,2,1.78,,512000000
2026-05-30 17:39:55.488,2,1.76,,512000000
2026-05-30 17:39:55.415,2,1.78,,512000000
2026-05-30 17:39:55.350,2,1.87,,512000000
2026-05-30 17:39:55.323,2,1.83,,512000000
2026-05-30 17:39:55.319,2,1.66,,512000000
2026-05-30 17:39:55.311,2,1.86,,512000000
2026-05-30 17:39:55.285,2,1.7,,512000000
2026-05-30 17:39:55.200,2,1.75,,512000000
2026-05-30 17:39:55.188,2,1.79,,512000000
2026-05-30 17:39:55.120,2,1.89,,512000000
2026-05-30 17:39:55.117,5,4.19,,512000000
2026-05-30 17:39:55.105,4,3.32,,512000000
2026-05-30 17:39:55.068,2,1.72,,512000000
2026-05-30 17:39:55.045,2,1.99,,512000000
2026-05-30 17:39:54.907,2,1.72,,512000000
2026-05-30 17:39:54.902,2,1.76,,512000000
2026-05-30 17:39:54.858,2,1.86,,512000000
2026-05-30 17:39:54.822,2,1.91,,512000000
2026-05-30 17:39:54.817,2,1.68,,512000000
2026-05-30 17:39:54.814,2,1.75,,512000000
2026-05-30 17:39:54.768,3,2.27,,512000000
2026-05-30 17:39:54.764,2,1.73,,512000000
2026-05-30 17:39:54.699,3,2.11,,512000000
2026-05-30 17:39:54.681,2,1.96,,512000000
2026-05-30 17:39:54.603,3,2.5,,512000000
2026-05-30 17:39:54.575,2,1.72,,512000000
2026-05-30 17:39:54.543,3,2.24,,512000000
2026-05-30 17:39:54.520,2,1.78,,512000000
2026-05-30 17:39:54.500,23,22.09,,512000000
2026-05-30 17:39:54.488,2,1.96,,512000000
2026-05-30 17:39:54.378,10,9.1,,512000000
2026-05-30 17:39:54.369,2,1.86,,512000000
2026-05-30 17:39:54.361,3,2.05,,512000000
2026-05-30 17:39:54.345,2,1.83,,512000000
2026-05-30 17:39:54.305,3,2.14,,512000000
2026-05-30 17:39:54.267,2,1.87,,512000000
2026-05-30 17:39:54.209,2,1.86,,512000000
2026-05-30 17:39:54.202,2,1.79,,512000000
2026-05-30 17:39:54.126,2,1.79,,512000000
2026-05-30 17:39:54.120,2,1.81,,512000000
2026-05-30 17:39:54.040,2,1.75,,512000000
2026-05-30 17:39:53.999,3,2.06,,512000000
2026-05-30 17:39:53.975,3,2.01,,512000000
2026-05-30 17:39:53.969,2,1.92,,512000000
2026-05-30 17:39:53.905,3,2.35,,512000000
2026-05-30 17:39:53.903,2,1.98,,512000000
2026-05-30 17:39:53.895,3,2.14,,512000000
2026-05-30 17:39:53.892,3,2.35,,512000000
2026-05-30 17:39:53.891,6,5.75,,512000000
2026-05-30 17:39:53.875,2,1.93,,512000000
2026-05-30 17:39:53.730,5,4.34,,512000000
2026-05-30 17:39:53.712,2,1.72,,512000000
2026-05-30 17:39:53.702,2,1.74,,512000000
2026-05-30 17:39:53.551,2,1.91,,512000000
2026-05-30 17:39:53.520,2,1.79,,512000000
2026-05-30 17:39:53.510,2,1.74,,512000000
2026-05-30 17:39:53.424,2,1.87,,512000000
2026-05-30 17:39:53.409,2,1.97,,512000000
2026-05-30 17:39:53.407,2,1.85,,512000000
2026-05-30 17:39:53.406,6,5.44,,512000000
2026-05-30 17:39:53.379,19,18.32,,512000000
2026-05-30 17:39:53.370,2,1.72,,512000000
2026-05-30 17:39:53.352,3,2.16,,512000000
2026-05-30 17:39:53.350,2,1.69,,512000000
2026-05-30 17:39:53.331,3,2.5,,512000000
2026-05-30 17:39:53.320,2,1.79,,512000000
2026-05-30 17:39:53.251,2,1.78,,512000000
2026-05-30 17:39:53.221,2,1.78,,512000000
2026-05-30 17:39:53.180,2,1.81,,512000000
2026-05-30 17:39:53.149,2,1.78,,512000000
2026-05-30 17:39:53.125,2,1.73,,512000000
2026-05-30 17:39:53.090,4,3.13,,512000000
2026-05-30 17:39:53.071,4,3.94,,512000000
2026-05-30 17:39:53.057,2,1.74,,512000000
2026-05-30 17:39:53.053,2,1.98,,512000000
2026-05-30 17:39:53.000,3,2.39,,512000000
2026-05-30 17:39:52.991,2,1.78,,512000000
2026-05-30 17:39:52.974,2,1.73,,512000000
2026-05-30 17:39:52.969,2,1.88,,512000000
2026-05-30 17:39:52.913,2,1.91,,512000000
2026-05-30 17:39:52.841,2,1.73,,512000000
2026-05-30 17:39:52.786,5,4.98,,512000000
2026-05-30 17:39:52.765,2,1.81,,512000000
2026-05-30 17:39:52.707,2,1.86,,512000000
2026-05-30 17:39:52.688,2,1.89,,512000000
2026-05-30 17:39:52.621,2,1.79,,512000000
2026-05-30 17:39:52.498,2,1.88,,512000000
2026-05-30 17:39:52.488,2,1.78,,512000000
2026-05-30 17:39:52.459,2,1.89,,512000000
2026-05-30 17:39:52.455,8,7.8,,512000000
2026-05-30 17:39:52.442,10,9.12,,512000000
2026-05-30 17:39:52.440,2,1.71,,512000000
2026-05-30 17:39:52.435,3,2.13,,512000000
2026-05-30 17:39:52.424,2,1.81,,512000000
2026-05-30 17:39:52.347,2,1.82,,512000000
2026-05-30 17:39:52.341,2,1.69,,512000000
2026-05-30 17:39:52.329,2,1.88,,512000000
2026-05-30 17:39:52.306,2,1.82,,512000000
2026-05-30 17:39:52.196,2,1.87,,512000000
2026-05-30 17:39:52.195,2,1.81,,512000000
2026-05-30 17:39:52.077,3,2.2,,512000000
2026-05-30 17:39:52.073,2,1.81,,512000000
2026-05-30 17:39:52.054,2,1.77,,512000000
2026-05-30 17:39:52.031,2,1.86,,512000000
2026-05-30 17:39:51.891,2,1.71,,512000000
2026-05-30 17:39:51.878,2,1.88,,512000000
2026-05-30 17:39:51.833,2,1.77,,512000000
2026-05-30 17:39:51.827,3,2.11,,512000000
2026-05-30 17:39:51.794,6,5.64,,512000000
2026-05-30 17:39:51.772,2,1.72,,512000000
2026-05-30 17:39:51.735,6,5.4,,512000000
2026-05-30 17:39:51.691,5,4.45,,512000000
2026-05-30 17:39:51.584,2,1.69,,512000000
2026-05-30 17:39:51.584,2,1.63,,512000000
2026-05-30 17:39:51.575,3,2.18,,512000000
2026-05-30 17:39:51.575,3,2.1,,512000000
2026-05-30 17:39:51.540,10,9.35,,512000000
2026-05-30 17:39:51.524,2,1.82,,512000000
2026-05-30 17:39:51.500,2,1.95,,512000000
2026-05-30 17:39:51.463,3,2.05,,512000000
2026-05-30 17:39:51.438,7,6.41,,512000000
2026-05-30 17:39:51.422,2,1.85,,512000000
2026-05-30 17:39:51.407,2,1.92,,512000000
2026-05-30 17:39:51.306,2,1.83,,512000000
2026-05-30 17:39:51.287,3,2.08,,512000000
2026-05-30 17:39:51.283,3,2.48,,512000000
2026-05-30 17:39:51.239,2,1.8,,512000000
2026-05-30 17:39:51.195,8,7.05,,512000000
2026-05-30 17:39:51.178,2,1.7,,512000000
2026-05-30 17:39:51.159,2,1.69,,512000000
2026-05-30 17:39:51.143,2,1.9,,512000000
2026-05-30 17:39:51.128,3,2.03,,512000000
2026-05-30 17:39:51.079,3,2.09,,512000000
2026-05-30 17:39:51.066,2,1.87,,512000000
2026-05-30 17:39:51.031,2,1.86,,512000000
2026-05-30 17:39:51.011,3,2.01,,512000000
2026-05-30 17:39:50.976,2,1.74,,512000000
2026-05-30 17:39:50.973,2,1.91,,512000000
2026-05-30 17:39:50.921,2,1.84,,512000000
2026-05-30 17:39:50.911,2,1.86,,512000000
2026-05-30 17:39:50.878,9,8.02,,512000000
2026-05-30 17:39:50.860,2,1.88,,512000000
2026-05-30 17:39:50.795,2,1.93,,512000000
2026-05-30 17:39:50.774,2,1.82,,512000000
2026-05-30 17:39:50.773,2,1.74,,512000000
2026-05-30 17:39:50.755,2,1.82,,512000000
2026-05-30 17:39:50.670,2,1.72,,512000000
2026-05-30 17:39:50.641,2,1.84,,512000000
2026-05-30 17:39:50.563,2,1.8,,512000000
2026-05-30 17:39:50.551,3,2.06,,512000000
2026-05-30 17:39:50.547,3,2.04,,512000000
2026-05-30 17:39:50.518,3,2.17,,512000000
2026-05-30 17:39:50.504,2,1.77,,512000000
2026-05-30 17:39:50.473,2,1.81,,512000000
2026-05-30 17:39:50.424,2,1.88,,512000000
2026-05-30 17:39:50.390,2,1.95,,512000000
2026-05-30 17:39:50.320,2,1.78,,512000000
2026-05-30 17:39:50.252,2,1.88,,512000000
2026-05-30 17:39:50.236,2,1.98,,512000000
2026-05-30 17:39:50.067,2,1.8,,512000000
2026-05-30 17:39:50.063,5,4.12,,512000000
2026-05-30 17:39:50.062,3,2.28,,512000000
2026-05-30 17:39:50.060,2,1.99,,512000000
2026-05-30 17:39:50.041,2,1.8,,512000000
2026-05-30 17:39:50.004,3,2.77,,512000000
2026-05-30 17:39:50.000,9,8.21,,512000000
2026-05-30 17:39:49.981,2,1.78,,512000000
2026-05-30 17:39:49.961,3,2.04,,512000000
2026-05-30 17:39:49.912,2,1.96,,512000000
2026-05-30 17:39:49.892,2,1.86,,512000000
2026-05-30 17:39:49.785,2,1.99,,512000000
2026-05-30 17:39:49.684,2,1.98,,512000000
2026-05-30 17:39:49.665,2,1.76,,512000000
2026-05-30 17:39:49.568,2,1.99,,512000000
2026-05-30 17:39:49.565,3,2.33,,512000000
2026-05-30 17:39:49.559,2,1.7,,512000000
2026-05-30 17:39:49.558,9,8.82,,512000000
2026-05-30 17:39:49.542,2,1.72,,512000000
2026-05-30 17:39:49.540,2,1.72,,512000000
2026-05-30 17:39:49.537,2,1.97,,512000000
2026-05-30 17:39:49.529,3,2.25,,512000000
2026-05-30 17:39:49.510,2,1.88,,512000000
2026-05-30 17:39:49.491,2,1.75,,512000000
2026-05-30 17:39:49.473,2,1.68,,512000000
2026-05-30 17:39:49.405,3,2.1,,512000000
2026-05-30 17:39:49.398,5,4.89,,512000000
2026-05-30 17:39:49.325,2,1.85,,512000000
2026-05-30 17:39:49.308,2,1.86,,512000000
2026-05-30 17:39:49.284,2,1.78,,512000000
2026-05-30 17:39:49.237,2,1.91,,512000000
2026-05-30 17:39:49.165,2,1.82,,512000000
2026-05-30 17:39:49.107,2,1.8,,512000000
2026-05-30 17:39:49.104,2,1.79,,512000000
2026-05-30 17:39:49.090,2,1.7,,512000000
2026-05-30 17:39:49.071,5,4.8,,512000000
2026-05-30 17:39:49.060,3,2.3,,512000000
2026-05-30 17:39:49.054,2,1.77,,512000000
2026-05-30 17:39:49.034,6,5.41,,512000000
2026-05-30 17:39:48.967,2,1.94,,512000000
2026-05-30 17:39:48.884,2,1.76,,512000000
2026-05-30 17:39:48.871,2,1.81,,512000000
2026-05-30 17:39:48.870,2,1.92,,512000000
2026-05-30 17:39:48.847,2,1.8,,512000000
2026-05-30 17:39:48.835,2,1.76,,512000000
2026-05-30 17:39:48.824,2,1.72,,512000000
2026-05-30 17:39:48.754,2,1.74,,512000000
2026-05-30 17:39:48.690,2,1.86,,512000000
2026-05-30 17:39:48.636,3,2.19,,512000000
2026-05-30 17:39:48.620,2,1.84,,512000000
2026-05-30 17:39:48.552,2,1.73,,512000000
2026-05-30 17:39:48.499,2,1.95,,512000000
2026-05-30 17:39:48.437,2,1.96,,512000000
2026-05-30 17:39:48.432,2,1.81,,512000000
2026-05-30 17:39:48.385,2,1.88,,512000000
2026-05-30 17:39:48.336,2,1.81,,512000000
2026-05-30 17:39:48.316,2,1.93,,512000000
2026-05-30 17:39:48.261,8,7.79,,512000000
2026-05-30 17:39:48.246,2,1.96,,512000000
2026-05-30 17:39:48.211,2,1.88,,512000000
2026-05-30 17:39:48.193,2,1.95,,512000000
2026-05-30 17:39:48.186,2,1.82,,512000000
2026-05-30 17:39:48.163,3,2.04,,512000000
2026-05-30 17:39:48.044,2,1.72,,512000000
2026-05-30 17:39:48.039,2,1.88,,512000000
2026-05-30 17:39:48.014,2,1.71,,512000000
2026-05-30 17:39:47.989,2,1.76,,512000000
2026-05-30 17:39:47.988,2,1.83,,512000000
2026-05-30 17:39:47.970,3,2,,512000000
2026-05-30 17:39:47.937,2,1.8,,512000000
2026-05-30 17:39:47.913,3,2.18,,512000000
2026-05-30 17:39:47.870,3,2.06,,512000000
2026-05-30 17:39:47.868,2,1.9,,512000000
2026-05-30 17:39:47.852,3,2.06,,512000000
2026-05-30 17:39:47.795,2,1.85,,512000000
2026-05-30 17:39:47.747,2,1.92,,512000000
2026-05-30 17:39:47.635,2,1.94,,512000000
2026-05-30 17:39:47.623,2,1.76,,512000000
2026-05-30 17:39:47.591,2,1.94,,512000000
2026-05-30 17:39:47.480,2,1.75,,512000000
2026-05-30 17:39:47.432,6,5.69,,512000000
2026-05-30 17:39:47.425,2,1.82,,512000000
2026-05-30 17:39:47.418,3,2.07,,512000000
2026-05-30 17:39:47.409,2,1.83,,512000000
2026-05-30 17:39:47.406,2,1.86,,512000000
2026-05-30 17:39:47.344,2,1.73,,512000000
2026-05-30 17:39:47.291,3,2,,512000000
2026-05-30 17:39:47.289,2,1.78,,512000000
2026-05-30 17:39:47.208,2,1.97,,512000000
2026-05-30 17:39:47.145,2,1.83,,512000000
2026-05-30 17:39:47.140,9,8.8,,512000000
2026-05-30 17:39:47.121,2,1.74,,512000000
2026-05-30 17:39:47.120,2,1.93,,512000000
2026-05-30 17:39:47.098,2,1.81,,512000000
2026-05-30 17:39:47.006,2,1.77,,512000000
2026-05-30 17:39:46.940,2,1.75,,512000000
2026-05-30 17:39:46.937,2,1.76,,512000000
2026-05-30 17:39:46.924,2,1.89,,512000000
2026-05-30 17:39:46.897,2,1.85,,512000000
2026-05-30 17:39:46.860,3,2.53,,512000000
2026-05-30 17:39:46.820,2,1.78,,512000000
2026-05-30 17:39:46.776,2,1.8,,512000000
2026-05-30 17:39:46.749,2,1.59,,512000000
2026-05-30 17:39:46.683,3,2.17,,512000000
2026-05-30 17:39:46.682,33,32.73,,512000000
2026-05-30 17:39:46.604,3,2.01,,512000000
2026-05-30 17:39:46.566,3,2.03,,512000000
2026-05-30 17:39:46.537,3,2.33,,512000000
2026-05-30 17:39:46.514,2,1.81,,512000000
2026-05-30 17:39:46.469,3,2.02,,512000000
2026-05-30 17:39:46.468,2,1.87,,512000000
2026-05-30 17:39:46.467,2,1.78,,512000000
2026-05-30 17:39:46.438,2,1.59,,512000000
2026-05-30 17:39:46.407,2,1.91,,512000000
2026-05-30 17:39:46.371,2,1.86,,512000000
2026-05-30 17:39:46.252,2,1.87,,512000000
2026-05-30 17:39:46.236,2,1.78,,512000000
2026-05-30 17:39:46.198,12,11.23,,512000000
2026-05-30 17:39:46.193,2,1.74,,512000000
2026-05-30 17:39:46.185,2,1.76,,512000000
2026-05-30 17:39:46.181,3,2.22,,512000000
2026-05-30 17:39:45.998,25,24.58,,512000000
2026-05-30 17:39:45.966,4,3.01,,512000000
2026-05-30 17:39:45.963,2,1.8,,512000000
2026-05-30 17:39:45.923,2,1.83,,512000000
2026-05-30 17:39:45.920,39,38.01,,512000000
2026-05-30 17:39:45.890,2,1.89,,512000000
2026-05-30 17:39:45.866,2,1.96,,512000000
2026-05-30 17:39:45.807,2,1.89,,512000000
2026-05-30 17:39:45.716,3,2.12,,512000000
2026-05-30 17:39:45.709,3,2.01,,512000000
2026-05-30 17:39:45.655,2,1.79,,512000000
2026-05-30 17:39:45.592,3,2.05,,512000000
2026-05-30 17:39:45.543,2,1.83,,512000000
2026-05-30 17:39:45.539,3,2.02,,512000000
2026-05-30 17:39:45.531,2,1.86,,512000000
2026-05-30 17:39:45.512,2,1.79,,512000000
2026-05-30 17:39:45.475,2,1.96,,512000000
2026-05-30 17:39:45.448,2,1.76,,512000000
2026-05-30 17:39:45.443,2,1.72,,512000000
2026-05-30 17:39:45.428,3,2.03,,512000000
2026-05-30 17:39:45.423,2,1.82,,512000000
2026-05-30 17:39:45.360,2,1.71,,512000000
2026-05-30 17:39:45.338,3,2.01,,512000000
2026-05-30 17:39:45.306,2,1.73,,512000000
2026-05-30 17:39:45.280,2,1.84,,512000000
2026-05-30 17:39:45.240,3,2.02,,512000000
2026-05-30 17:39:45.202,2,1.9,,512000000
2026-05-30 17:39:45.201,10,9,,512000000
2026-05-30 17:39:45.186,3,2.06,,512000000
2026-05-30 17:39:45.182,2,1.62,,512000000
2026-05-30 17:39:45.165,2,1.79,,512000000
2026-05-30 17:39:45.080,2,1.77,,512000000
2026-05-30 17:39:44.999,2,1.7,,512000000
2026-05-30 17:39:44.932,2,1.74,,512000000
2026-05-30 17:39:44.925,8,7.03,,512000000
2026-05-30 17:39:44.905,2,1.83,,512000000
2026-05-30 17:39:44.858,2,1.89,,512000000
2026-05-30 17:39:44.810,2,1.82,,512000000
2026-05-30 17:39:44.683,2,1.95,,512000000
2026-05-30 17:39:44.671,9,8.92,,512000000
2026-05-30 17:39:44.657,2,1.75,,512000000
2026-05-30 17:39:44.655,2,1.72,,512000000
2026-05-30 17:39:44.654,3,2.04,,512000000
2026-05-30 17:39:44.637,3,2.07,,512000000
2026-05-30 17:39:44.631,2,1.79,,512000000
2026-05-30 17:39:44.561,3,2.15,,512000000
2026-05-30 17:39:44.545,2,1.83,,512000000
2026-05-30 17:39:44.516,2,1.95,,512000000
2026-05-30 17:39:44.458,12,11.15,,512000000
2026-05-30 17:39:44.438,2,1.96,,512000000
2026-05-30 17:39:44.397,2,1.84,,512000000
2026-05-30 17:39:44.378,2,1.93,,512000000
2026-05-30 17:39:44.369,2,1.81,,512000000
2026-05-30 17:39:44.334,2,1.76,,512000000
2026-05-30 17:39:44.333,2,1.76,,512000000
2026-05-30 17:39:44.291,2,1.81,,512000000
2026-05-30 17:39:44.197,2,1.69,,512000000
2026-05-30 17:39:44.092,2,1.73,,512000000
2026-05-30 17:39:44.071,6,5.55,,512000000
2026-05-30 17:39:44.052,2,1.93,,512000000
2026-05-30 17:39:44.049,2,1.81,,512000000
2026-05-30 17:39:43.938,4,3.38,,512000000
2026-05-30 17:39:43.920,2,1.73,,512000000
2026-05-30 17:39:43.868,2,1.76,,512000000
2026-05-30 17:39:43.835,3,2,,512000000
2026-05-30 17:39:43.832,4,3.72,,512000000
2026-05-30 17:39:43.818,3,2.56,,512000000
2026-05-30 17:39:43.809,2,1.8,,512000000
2026-05-30 17:39:43.776,2,1.84,,512000000
2026-05-30 17:39:43.746,2,1.93,,512000000
2026-05-30 17:39:43.742,2,1.73,,512000000
2026-05-30 17:39:43.718,13,12.54,,512000000
2026-05-30 17:39:43.649,4,3.51,,512000000
2026-05-30 17:39:43.644,2,1.82,,512000000
2026-05-30 17:39:43.643,2,1.73,,512000000
2026-05-30 17:39:43.606,2,1.66,,512000000
2026-05-30 17:39:43.542,2,1.74,,512000000
2026-05-30 17:39:43.512,20,19.93,,512000000
2026-05-30 17:39:43.486,2,1.96,,512000000
2026-05-30 17:39:43.460,6,5.9,,512000000
2026-05-30 17:39:43.446,2,1.56,,512000000
2026-05-30 17:39:43.403,5,4.27,,512000000
2026-05-30 17:39:43.400,3,2.76,,512000000
2026-05-30 17:39:43.320,2,1.66,,512000000
2026-05-30 17:39:43.234,2,1.94,,512000000
2026-05-30 17:39:43.222,16,15.48,,512000000
2026-05-30 17:39:43.200,2,1.99,,512000000
2026-05-30 17:39:43.196,2,1.78,,512000000
2026-05-30 17:39:43.167,2,1.99,,512000000
2026-05-30 17:39:43.148,2,1.73,,512000000
2026-05-30 17:39:43.048,2,1.76,,512000000
2026-05-30 17:39:42.992,2,1.99,,512000000
2026-05-30 17:39:42.952,2,1.84,,512000000
2026-05-30 17:39:42.913,3,2.26,,512000000
2026-05-30 17:39:42.861,2,1.78,,512000000
2026-05-30 17:39:42.856,3,2.02,,512000000
2026-05-30 17:39:42.851,3,2.21,,512000000
2026-05-30 17:39:42.795,2,1.95,,512000000
2026-05-30 17:39:42.760,2,1.9,,512000000
2026-05-30 17:39:42.741,2,1.86,,512000000
2026-05-30 17:39:42.738,2,1.86,,512000000
2026-05-30 17:39:42.713,2,1.93,,512000000
2026-05-30 17:39:42.703,2,1.87,,512000000
2026-05-30 17:39:42.692,29,28.67,,512000000
2026-05-30 17:39:42.682,10,9.01,,512000000
2026-05-30 17:39:42.628,2,1.84,,512000000
2026-05-30 17:39:42.594,3,2.78,,512000000
2026-05-30 17:39:42.588,4,3.7,,512000000
2026-05-30 17:39:42.560,4,3.09,,512000000
2026-05-30 17:39:42.366,8,7.58,,512000000
2026-05-30 17:39:42.320,2,1.8,,512000000
2026-05-30 17:39:42.286,2,1.86,,512000000
2026-05-30 17:39:42.261,13,12.43,,512000000
2026-05-30 17:39:42.242,2,1.76,,512000000
2026-05-30 17:39:42.202,2,1.93,,512000000
2026-05-30 17:39:42.202,2,1.83,,512000000
2026-05-30 17:39:42.202,2,1.83,,512000000
2026-05-30 17:39:42.124,2,1.85,,512000000
2026-05-30 17:39:42.111,21,20.95,,512000000
2026-05-30 17:39:42.100,2,1.9,,512000000
2026-05-30 17:39:42.084,2,1.75,,512000000
2026-05-30 17:39:42.084,2,1.84,,512000000
2026-05-30 17:39:42.026,3,2.51,,512000000
2026-05-30 17:39:42.019,3,2.27,,512000000
2026-05-30 17:39:41.983,2,1.71,,512000000
2026-05-30 17:39:41.789,3,2.08,,512000000
2026-05-30 17:39:41.758,5,4.65,,512000000
2026-05-30 17:39:41.743,2,1.96,,512000000
2026-05-30 17:39:41.728,2,1.84,,512000000
2026-05-30 17:39:41.708,2,1.79,,512000000
2026-05-30 17:39:41.708,2,1.63,,512000000
2026-05-30 17:39:41.686,3,2.24,,512000000
2026-05-30 17:39:41.594,2,1.79,,512000000
2026-05-30 17:39:41.560,2,1.89,,512000000
2026-05-30 17:39:41.377,7,6.22,,512000000
2026-05-30 17:39:41.363,2,1.71,,512000000
2026-05-30 17:39:41.325,2,1.79,,512000000
2026-05-30 17:39:41.321,2,1.98,,512000000
2026-05-30 17:39:41.300,8,7.45,,512000000
2026-05-30 17:39:41.299,2,1.74,,512000000
2026-05-30 17:39:41.281,8,7.42,,512000000
2026-05-30 17:39:41.261,9,8.32,,512000000
2026-05-30 17:39:41.257,2,1.87,,512000000
2026-05-30 17:39:41.244,2,1.78,,512000000
2026-05-30 17:39:41.238,3,2.04,,512000000
2026-05-30 17:39:41.220,2,1.86,,512000000
2026-05-30 17:39:41.201,5,4.11,,512000000
2026-05-30 17:39:41.180,3,2.01,,512000000
2026-05-30 17:39:41.169,2,1.79,,512000000
2026-05-30 17:39:41.157,6,5.02,,512000000
2026-05-30 17:39:41.136,2,1.85,,512000000
2026-05-30 17:39:41.039,5,4.2,,512000000
2026-05-30 17:39:41.021,6,5.72,,512000000
2026-05-30 17:39:40.923,2,1.67,,512000000
2026-05-30 17:39:40.844,2,1.77,,512000000
2026-05-30 17:39:40.783,2,1.72,,512000000
2026-05-30 17:39:40.744,2,1.67,,512000000
2026-05-30 17:39:40.721,5,4.62,,512000000
2026-05-30 17:39:40.697,7,6.36,,512000000
2026-05-30 17:39:40.697,2,1.83,,512000000
2026-05-30 17:39:40.681,2,1.79,,512000000
2026-05-30 17:39:40.661,14,13.99,,512000000
2026-05-30 17:39:40.655,3,2.08,,512000000
2026-05-30 17:39:40.601,7,6.44,,512000000
2026-05-30 17:39:40.599,2,1.68,,512000000
2026-05-30 17:39:40.582,3,2.41,,512000000
2026-05-30 17:39:40.575,2,1.82,,512000000
2026-05-30 17:39:40.502,2,1.79,,512000000
2026-05-30 17:39:40.474,2,1.75,,512000000
2026-05-30 17:39:40.456,2,1.83,,512000000
2026-05-30 17:39:40.440,2,1.82,,512000000
2026-05-30 17:39:40.431,6,5.69,,512000000
2026-05-30 17:39:40.411,2,1.84,,512000000
2026-05-30 17:39:40.384,2,1.86,,512000000
2026-05-30 17:39:40.272,13,12.23,,512000000
2026-05-30 17:39:40.235,3,2.39,,512000000
2026-05-30 17:39:40.233,2,1.7,,512000000
2026-05-30 17:39:40.171,2,1.95,,512000000
2026-05-30 17:39:40.134,3,2.36,,512000000
2026-05-30 17:39:40.104,16,15.34,,512000000
2026-05-30 17:39:40.063,3,2.01,,512000000
2026-05-30 17:39:40.000,12,11.75,,512000000
2026-05-30 17:39:39.944,8,7.09,,512000000
2026-05-30 17:39:39.920,6,5.69,,512000000
2026-05-30 17:39:39.880,5,4.32,,512000000
2026-05-30 17:39:39.865,10,9.04,,512000000
2026-05-30 17:39:39.805,4,3.4,,512000000
2026-05-30 17:39:39.780,15,14.98,,512000000
2026-05-30 17:39:39.760,2,1.7,,512000000
2026-05-30 17:39:39.694,2,1.87,,512000000
2026-05-30 17:39:39.584,2,1.7,,512000000
2026-05-30 17:39:39.570,2,1.71,,512000000
2026-05-30 17:39:39.564,8,7.42,,512000000
2026-05-30 17:39:39.552,2,1.67,,512000000
2026-05-30 17:39:39.481,2,1.71,,512000000
2026-05-30 17:39:39.476,2,1.83,,512000000
2026-05-30 17:39:39.460,13,12.38,,512000000
2026-05-30 17:39:39.459,2,1.79,,512000000
2026-05-30 17:39:39.441,28,27.71,,512000000
2026-05-30 17:39:39.407,3,2.29,,512000000
2026-05-30 17:39:39.344,2,1.68,,512000000
2026-05-30 17:39:39.304,2,1.77,,512000000
2026-05-30 17:39:39.288,2,1.97,,512000000
2026-05-30 17:39:39.256,2,1.97,,512000000
2026-05-30 17:39:39.254,3,2.06,,512000000
2026-05-30 17:39:39.208,12,11.78,,512000000
2026-05-30 17:39:39.185,2,1.74,,512000000
2026-05-30 17:39:39.172,2,1.81,,512000000
2026-05-30 17:39:39.160,24,23.35,,512000000
2026-05-30 17:39:39.133,2,1.75,,512000000
2026-05-30 17:39:39.118,2,1.78,,512000000
2026-05-30 17:39:39.075,2,1.69,,512000000
2026-05-30 17:39:39.065,2,1.73,,512000000
2026-05-30 17:39:38.966,2,1.78,,512000000
2026-05-30 17:39:38.951,2,1.95,,512000000
2026-05-30 17:39:38.949,3,2.07,,512000000
2026-05-30 17:39:38.944,2,1.75,,512000000
2026-05-30 17:39:38.924,2,1.87,,512000000
2026-05-30 17:39:38.911,2,1.91,,512000000
2026-05-30 17:39:38.850,2,1.85,,512000000
2026-05-30 17:39:38.829,2,1.72,,512000000
2026-05-30 17:39:38.780,2,1.84,,512000000
2026-05-30 17:39:38.720,2,1.86,,512000000
2026-05-30 17:39:38.703,2,1.83,,512000000
2026-05-30 17:39:38.608,2,1.79,,512000000
2026-05-30 17:39:38.593,2,1.82,,512000000
2026-05-30 17:39:38.558,7,6.66,,512000000
2026-05-30 17:39:38.547,2,1.82,,512000000
2026-05-30 17:39:38.493,3,2.02,,512000000
2026-05-30 17:39:38.382,2,1.77,,512000000
2026-05-30 17:39:38.363,2,1.86,,512000000
2026-05-30 17:39:38.356,7,6.73,,512000000
2026-05-30 17:39:38.302,2,1.85,,512000000
2026-05-30 17:39:38.246,2,1.79,,512000000
2026-05-30 17:39:38.245,3,2,,512000000
2026-05-30 17:39:38.210,2,1.75,,512000000
2026-05-30 17:39:38.090,2,1.84,,512000000
2026-05-30 17:39:38.058,3,2.23,,512000000
2026-05-30 17:39:38.003,3,2.02,,512000000
2026-05-30 17:39:38.000,2,1.79,,512000000
2026-05-30 17:39:37.985,2,1.95,,512000000
2026-05-30 17:39:37.976,2,1.86,,512000000
2026-05-30 17:39:37.970,3,2.26,,512000000
2026-05-30 17:39:37.877,4,3.59,,512000000
2026-05-30 17:39:37.863,2,1.99,,512000000
2026-05-30 17:39:37.846,2,1.85,,512000000
2026-05-30 17:39:37.772,2,1.84,,512000000
2026-05-30 17:39:37.752,4,3.2,,512000000
2026-05-30 17:39:37.749,2,1.8,,512000000
2026-05-30 17:39:37.727,2,1.75,,512000000
2026-05-30 17:39:37.654,2,1.96,,512000000
2026-05-30 17:39:37.634,2,1.89,,512000000
2026-05-30 17:39:37.598,3,2.06,,512000000
2026-05-30 17:39:37.538,2,1.86,,512000000
2026-05-30 17:39:37.461,10,9.17,,512000000
2026-05-30 17:39:37.444,2,1.8,,512000000
2026-05-30 17:39:37.402,2,1.87,,512000000
2026-05-30 17:39:37.400,2,1.84,,512000000
2026-05-30 17:39:37.389,2,1.81,,512000000
2026-05-30 17:39:37.374,2,1.86,,512000000
2026-05-30 17:39:37.315,3,2.03,,512000000
2026-05-30 17:39:37.229,2,1.87,,512000000
2026-05-30 17:39:37.223,2,1.79,,512000000
2026-05-30 17:39:37.179,3,2.31,,512000000
2026-05-30 17:39:37.160,4,3.32,,512000000
2026-05-30 17:39:37.150,3,2.05,,512000000
2026-05-30 17:39:37.121,2,1.79,,512000000
2026-05-30 17:39:37.119,2,1.83,,512000000
2026-05-30 17:39:37.099,3,2.2,,512000000
2026-05-30 17:39:37.096,2,1.88,,512000000
2026-05-30 17:39:37.044,2,1.89,,512000000
2026-05-30 17:39:37.036,3,2.08,,512000000
2026-05-30 17:39:37.000,4,3.51,,512000000
2026-05-30 17:39:36.982,2,1.9,,512000000
2026-05-30 17:39:36.965,2,1.96,,512000000
2026-05-30 17:39:36.923,2,1.71,,512000000
2026-05-30 17:39:36.882,2,1.6,,512000000
2026-05-30 17:39:36.874,2,1.82,,512000000
2026-05-30 17:39:36.858,3,2.37,,512000000
2026-05-30 17:39:36.795,2,1.88,,512000000
2026-05-30 17:39:36.748,2,1.87,,512000000
2026-05-30 17:39:36.722,2,1.86,,512000000
2026-05-30 17:39:36.706,2,1.71,,512000000
2026-05-30 17:39:36.699,3,2.04,,512000000
2026-05-30 17:39:36.650,2,1.69,,512000000
2026-05-30 17:39:36.649,2,1.84,,512000000
2026-05-30 17:39:36.631,3,2.05,,512000000
2026-05-30 17:39:36.623,2,1.81,,512000000
2026-05-30 17:39:36.443,3,2.07,,512000000
2026-05-30 17:39:36.419,2,1.89,,512000000
2026-05-30 17:39:36.394,2,1.78,,512000000
2026-05-30 17:39:36.375,2,1.61,,512000000
2026-05-30 17:39:36.347,2,1.72,,512000000
2026-05-30 17:39:36.280,2,1.98,,512000000
2026-05-30 17:39:36.079,3,2.1,,512000000
2026-05-30 17:39:36.065,2,1.65,,512000000
2026-05-30 17:39:36.058,2,1.72,,512000000
2026-05-30 17:39:36.055,3,2.04,,512000000
2026-05-30 17:39:36.001,5,4.93,,512000000
2026-05-30 17:39:35.980,7,6.11,,512000000
2026-05-30 17:39:35.977,3,2.03,,512000000
2026-05-30 17:39:35.961,2,1.97,,512000000
2026-05-30 17:39:35.926,2,1.81,,512000000
2026-05-30 17:39:35.900,6,5.93,,512000000
2026-05-30 17:39:35.882,2,1.8,,512000000
2026-05-30 17:39:35.877,10,9.11,,512000000
2026-05-30 17:39:35.863,2,1.75,,512000000
2026-05-30 17:39:35.842,3,2.12,,512000000
2026-05-30 17:39:35.837,4,3.39,,512000000
2026-05-30 17:39:35.802,2,1.68,,512000000
2026-05-30 17:39:35.761,4,3.23,,512000000
2026-05-30 17:39:35.720,2,1.85,,512000000
2026-05-30 17:39:35.712,2,1.93,,512000000
2026-05-30 17:39:35.650,2,1.91,,512000000
2026-05-30 17:39:35.630,3,2.01,,512000000
2026-05-30 17:39:35.606,2,1.71,,512000000
2026-05-30 17:39:35.493,3,2.06,,512000000
2026-05-30 17:39:35.435,2,1.9,,512000000
2026-05-30 17:39:35.427,2,1.79,,512000000
2026-05-30 17:39:35.376,2,1.95,,512000000
2026-05-30 17:39:35.359,2,1.95,,512000000
2026-05-30 17:39:35.278,3,2.93,,512000000
2026-05-30 17:39:35.275,3,2.18,,512000000
2026-05-30 17:39:35.270,2,1.7,,512000000
2026-05-30 17:39:35.265,2,1.88,,512000000
2026-05-30 17:39:35.263,2,2,,512000000
2026-05-30 17:39:35.226,2,1.95,,512000000
2026-05-30 17:39:35.205,2,1.73,,512000000
2026-05-30 17:39:35.197,3,2.03,,512000000
2026-05-30 17:39:35.131,3,2.03,,512000000
2026-05-30 17:39:35.127,2,1.85,,512000000
2026-05-30 17:39:34.992,3,2.06,,512000000
2026-05-30 17:39:34.929,2,1.97,,512000000
2026-05-30 17:39:34.878,2,1.75,,512000000
2026-05-30 17:39:34.856,2,1.78,,512000000
2026-05-30 17:39:34.787,2,1.91,,512000000
2026-05-30 17:39:34.762,2,1.9,,512000000
2026-05-30 17:39:34.756,2,1.91,,512000000
2026-05-30 17:39:34.722,2,1.83,,512000000
2026-05-30 17:39:34.701,2,1.74,,512000000
2026-05-30 17:39:34.668,3,2.28,,512000000
2026-05-30 17:39:34.646,3,2.01,,512000000
2026-05-30 17:39:34.616,2,1.84,,512000000
2026-05-30 17:39:34.598,2,1.78,,512000000
2026-05-30 17:39:34.587,2,1.73,,512000000
2026-05-30 17:39:34.530,3,2.02,,512000000
2026-05-30 17:39:34.417,3,2.24,,512000000
2026-05-30 17:39:34.399,2,1.59,,512000000
2026-05-30 17:39:34.308,2,1.84,,512000000
2026-05-30 17:39:34.287,2,1.95,,512000000
2026-05-30 17:39:34.249,2,1.66,,512000000
2026-05-30 17:39:34.233,2,1.89,,512000000
2026-05-30 17:39:34.171,2,1.78,,512000000
2026-05-30 17:39:34.164,2,1.97,,512000000
2026-05-30 17:39:34.158,3,2.18,,512000000
2026-05-30 17:39:34.130,3,2.08,,512000000
2026-05-30 17:39:34.081,2,1.93,,512000000
2026-05-30 17:39:34.009,2,1.89,,512000000
2026-05-30 17:39:33.996,2,1.65,,512000000
2026-05-30 17:39:33.974,2,1.8,,512000000
2026-05-30 17:39:33.899,8,7.78,,512000000
2026-05-30 17:39:33.880,2,1.88,,512000000
2026-05-30 17:39:33.821,12,11.32,,512000000
2026-05-30 17:39:33.806,2,1.81,,512000000
2026-05-30 17:39:33.800,2,1.95,,512000000
2026-05-30 17:39:33.795,5,4.42,,512000000
2026-05-30 17:39:33.788,2,1.7,,512000000
2026-05-30 17:39:33.782,2,1.82,,512000000
2026-05-30 17:39:33.780,2,1.97,,512000000
2026-05-30 17:39:33.777,3,2.04,,512000000
2026-05-30 17:39:33.771,2,1.79,,512000000
2026-05-30 17:39:33.756,2,1.88,,512000000
2026-05-30 17:39:33.662,2,1.71,,512000000
2026-05-30 17:39:33.608,2,1.74,,512000000
2026-05-30 17:39:33.503,2,1.9,,512000000
2026-05-30 17:39:33.457,3,2.15,,512000000
2026-05-30 17:39:33.457,2,1.75,,512000000
2026-05-30 17:39:33.456,2,1.98,,512000000
2026-05-30 17:39:33.452,7,6.3,,512000000
2026-05-30 17:39:33.439,4,3.07,,512000000
2026-05-30 17:39:33.421,2,1.69,,512000000
2026-05-30 17:39:33.382,2,1.74,,512000000
2026-05-30 17:39:33.355,2,1.6,,512000000
2026-05-30 17:39:33.294,2,1.87,,512000000
2026-05-30 17:39:33.283,2,1.81,,512000000
2026-05-30 17:39:33.265,2,1.71,,512000000
2026-05-30 17:39:33.205,2,1.71,,512000000
2026-05-30 17:39:33.182,2,1.8,,512000000
2026-05-30 17:39:33.176,2,1.86,,512000000
2026-05-30 17:39:33.100,2,1.97,,512000000
2026-05-30 17:39:33.096,2,1.69,,512000000
2026-05-30 17:39:33.065,3,2.08,,512000000
2026-05-30 17:39:33.059,2,1.65,,512000000
2026-05-30 17:39:33.049,2,1.94,,512000000
2026-05-30 17:39:32.989,2,1.69,,512000000
2026-05-30 17:39:32.795,2,1.64,,512000000
2026-05-30 17:39:32.779,2,1.82,,512000000
2026-05-30 17:39:32.766,2,1.71,,512000000
2026-05-30 17:39:32.751,2,1.75,,512000000
2026-05-30 17:39:32.667,2,1.65,,512000000
2026-05-30 17:39:32.580,2,1.71,,512000000
2026-05-30 17:39:32.579,2,1.81,,512000000
2026-05-30 17:39:32.554,2,1.8,,512000000
2026-05-30 17:39:32.475,5,4.75,,512000000
2026-05-30 17:39:32.469,3,2.21,,512000000
2026-05-30 17:39:32.467,2,1.59,,512000000
2026-05-30 17:39:32.463,2,1.76,,512000000
2026-05-30 17:39:32.405,2,1.76,,512000000
2026-05-30 17:39:32.387,2,1.76,,512000000
2026-05-30 17:39:32.380,2,1.68,,512000000
2026-05-30 17:39:32.369,2,1.84,,512000000
2026-05-30 17:39:32.351,2,1.7,,512000000
2026-05-30 17:39:32.233,2,1.83,,512000000
2026-05-30 17:39:32.205,2,1.65,,512000000
2026-05-30 17:39:32.202,2,1.84,,512000000
2026-05-30 17:39:32.176,3,2.24,,512000000
2026-05-30 17:39:32.105,2,1.84,,512000000
2026-05-30 17:39:32.098,4,3.27,,512000000
2026-05-30 17:39:32.082,3,2.05,,512000000
2026-05-30 17:39:31.996,27,26.59,,512000000
2026-05-30 17:39:31.995,9,8.7,,512000000
2026-05-30 17:39:31.980,2,1.9,,512000000
2026-05-30 17:39:31.955,3,2.85,,512000000
2026-05-30 17:39:31.938,2,1.89,,512000000
2026-05-30 17:39:31.933,2,1.96,,512000000
2026-05-30 17:39:31.926,2,1.87,,512000000
2026-05-30 17:39:31.917,2,1.93,,512000000
2026-05-30 17:39:31.833,3,2.01,,512000000
2026-05-30 17:39:31.800,2,1.99,,512000000
2026-05-30 17:39:31.761,3,2.14,,512000000
2026-05-30 17:39:31.754,2,1.63,,512000000
2026-05-30 17:39:31.687,2,1.79,,512000000
2026-05-30 17:39:31.665,2,1.75,,512000000
2026-05-30 17:39:31.612,3,2.64,,512000000
2026-05-30 17:39:31.557,3,2.28,,512000000
2026-05-30 17:39:31.470,2,1.88,,512000000
2026-05-30 17:39:31.417,26,25.59,,512000000
2026-05-30 17:39:31.398,2,1.75,,512000000
2026-05-30 17:39:31.381,3,2.1,,512000000
2026-05-30 17:39:31.357,3,2.29,,512000000
2026-05-30 17:39:31.345,2,1.9,,512000000
2026-05-30 17:39:31.267,3,2.05,,512000000
2026-05-30 17:39:31.183,2,1.81,,512000000
2026-05-30 17:39:31.161,2,1.76,,512000000
2026-05-30 17:39:31.120,3,2.14,,512000000
2026-05-30 17:39:31.088,2,1.94,,512000000
2026-05-30 17:39:31.009,3,2.13,,512000000
2026-05-30 17:39:30.969,2,1.73,,512000000
2026-05-30 17:39:30.931,2,1.77,,512000000
2026-05-30 17:39:30.854,2,1.8,,512000000
2026-05-30 17:39:30.835,2,1.97,,512000000
2026-05-30 17:39:30.834,5,4.9,,512000000
2026-05-30 17:39:30.821,2,1.82,,512000000
2026-05-30 17:39:30.819,2,1.67,,512000000
2026-05-30 17:39:30.807,2,1.88,,512000000
2026-05-30 17:39:30.798,56,55.18,,512000000
2026-05-30 17:39:30.764,2,1.8,,512000000
2026-05-30 17:39:30.744,2,1.72,,512000000
2026-05-30 17:39:30.711,20,19.99,,512000000
2026-05-30 17:39:30.652,2,1.77,,512000000
2026-05-30 17:39:30.615,7,6.5,,512000000
2026-05-30 17:39:30.551,2,1.69,,512000000
2026-05-30 17:39:30.541,2,1.68,,512000000
2026-05-30 17:39:30.513,2,1.88,,512000000
2026-05-30 17:39:30.511,2,1.91,,512000000
2026-05-30 17:39:30.459,2,1.8,,512000000
2026-05-30 17:39:30.459,2,1.92,,512000000
2026-05-30 17:39:30.424,3,2.12,,512000000
2026-05-30 17:39:30.391,3,2.06,,512000000
2026-05-30 17:39:30.384,2,1.95,,512000000
2026-05-30 17:39:30.296,2,1.81,,512000000
2026-05-30 17:39:30.275,2,1.94,,512000000
2026-05-30 17:39:30.253,2,1.79,,512000000
2026-05-30 17:39:30.246,3,2.01,,512000000
2026-05-30 17:39:30.245,3,2.02,,512000000
2026-05-30 17:39:30.195,2,1.87,,512000000
2026-05-30 17:39:30.194,3,2.09,,512000000
2026-05-30 17:39:30.118,3,2.65,,512000000
2026-05-30 17:39:30.097,61,60.46,,512000000
2026-05-30 17:39:30.009,3,2.09,,512000000
2026-05-30 17:39:30.009,3,2.09,,512000000
2026-05-30 17:39:29.980,3,2.03,,512000000
2026-05-30 17:39:29.925,2,1.83,,512000000
2026-05-30 17:39:29.919,2,1.95,,512000000
2026-05-30 17:39:29.898,2,1.85,,512000000
2026-05-30 17:39:29.891,3,2.06,,512000000
2026-05-30 17:39:29.875,3,2.71,,512000000
2026-05-30 17:39:29.856,8,7.99,,512000000
2026-05-30 17:39:29.841,2,1.86,,512000000
2026-05-30 17:39:29.764,3,2.03,,512000000
2026-05-30 17:39:29.493,2,1.89,,512000000
2026-05-30 17:39:29.389,3,2.31,,512000000
2026-05-30 17:39:29.331,2,1.78,,512000000
2026-05-30 17:39:29.294,2,1.86,,512000000
2026-05-30 17:39:29.275,9,8.86,,512000000
2026-05-30 17:39:29.259,2,1.8,,512000000
2026-05-30 17:39:29.233,2,1.95,,512000000
2026-05-30 17:39:29.170,3,2.28,,512000000
2026-05-30 17:39:29.128,2,1.8,,512000000
2026-05-30 17:39:29.100,2,1.75,,512000000
2026-05-30 17:39:29.069,2,1.78,,512000000
2026-05-30 17:39:29.004,3,2.11,,512000000
2026-05-30 17:39:28.970,2,1.79,,512000000
2026-05-30 17:39:28.968,2,1.74,,512000000
2026-05-30 17:39:28.966,3,2.24,,512000000
2026-05-30 17:39:28.965,2,1.87,,512000000
2026-05-30 17:39:28.918,2,1.79,,512000000
2026-05-30 17:39:28.917,2,1.88,,512000000
2026-05-30 17:39:28.916,2,1.9,,512000000
2026-05-30 17:39:28.854,2,1.83,,512000000
2026-05-30 17:39:28.838,2,1.82,,512000000
2026-05-30 17:39:28.835,4,3.62,,512000000
2026-05-30 17:39:28.831,12,11.6,,512000000
2026-05-30 17:39:28.819,2,1.94,,512000000
2026-05-30 17:39:28.795,3,2.75,,512000000
2026-05-30 17:39:28.781,2,1.83,,512000000
2026-05-30 17:39:28.776,3,2.19,,512000000
2026-05-30 17:39:28.736,2,1.77,,512000000
2026-05-30 17:39:28.701,2,1.71,,512000000
2026-05-30 17:39:28.675,3,2.08,,512000000
2026-05-30 17:39:28.674,3,2.16,,512000000
2026-05-30 17:39:28.672,2,1.89,,512000000
2026-05-30 17:39:28.621,2,1.71,,512000000
2026-05-30 17:39:28.584,2,1.99,,512000000
2026-05-30 17:39:28.402,2,1.81,,512000000
2026-05-30 17:39:28.330,2,1.74,,512000000
2026-05-30 17:39:28.320,2,1.78,,512000000
2026-05-30 17:39:28.302,2,1.86,,512000000
2026-05-30 17:39:28.270,2,1.76,,512000000
2026-05-30 17:39:28.249,2,1.74,,512000000
2026-05-30 17:39:28.186,2,1.7,,512000000
2026-05-30 17:39:28.178,2,1.8,,512000000
2026-05-30 17:39:28.160,2,1.73,,512000000
2026-05-30 17:39:28.044,2,1.83,,512000000
2026-05-30 17:39:27.982,3,2.34,,512000000
2026-05-30 17:39:27.922,2,1.73,,512000000
2026-05-30 17:39:27.918,3,2.3,,512000000
2026-05-30 17:39:27.881,2,1.83,,512000000
2026-05-30 17:39:27.826,3,2.26,,512000000
2026-05-30 17:39:27.825,2,1.85,,512000000
2026-05-30 17:39:27.797,2,1.93,,512000000
2026-05-30 17:39:27.779,2,1.95,,512000000
2026-05-30 17:39:27.761,2,1.9,,512000000
2026-05-30 17:39:27.684,3,2.18,,512000000
2026-05-30 17:39:27.677,3,2.05,,512000000
2026-05-30 17:39:27.675,2,1.79,,512000000
2026-05-30 17:39:27.602,2,1.91,,512000000
2026-05-30 17:39:27.557,2,1.71,,512000000
2026-05-30 17:39:27.538,2,1.71,,512000000
2026-05-30 17:39:27.498,2,1.75,,512000000
2026-05-30 17:39:27.469,2,1.71,,512000000
2026-05-30 17:39:27.450,6,5.17,,512000000
2026-05-30 17:39:27.354,2,1.83,,512000000
2026-05-30 17:39:27.319,2,1.8,,512000000
2026-05-30 17:39:27.306,2,1.8,,512000000
2026-05-30 17:39:27.259,2,1.87,,512000000
2026-05-30 17:39:27.200,2,1.8,,512000000
2026-05-30 17:39:27.194,2,1.85,,512000000
2026-05-30 17:39:27.122,2,1.71,,512000000
2026-05-30 17:39:27.119,2,1.87,,512000000
2026-05-30 17:39:27.100,14,13.1,,512000000
2026-05-30 17:39:27.100,2,1.68,,512000000
2026-05-30 17:39:27.052,2,1.77,,512000000
2026-05-30 17:39:27.041,5,4.86,,512000000
2026-05-30 17:39:27.024,2,1.74,,512000000
2026-05-30 17:39:27.012,2,1.98,,512000000
2026-05-30 17:39:27.008,3,2.11,,512000000
2026-05-30 17:39:26.992,2,1.95,,512000000
2026-05-30 17:39:26.965,3,2.03,,512000000
2026-05-30 17:39:26.874,3,2.77,,512000000
2026-05-30 17:39:26.860,3,2.33,,512000000
2026-05-30 17:39:26.823,2,1.65,,512000000
2026-05-30 17:39:26.814,2,1.78,,512000000
2026-05-30 17:39:26.757,2,1.71,,512000000
2026-05-30 17:39:26.710,2,1.93,,512000000
2026-05-30 17:39:26.641,8,7.21,,512000000
2026-05-30 17:39:26.624,3,2.04,,512000000
2026-05-30 17:39:26.620,2,1.73,,512000000
2026-05-30 17:39:26.578,2,1.71,,512000000
2026-05-30 17:39:26.531,3,2.19,,512000000
2026-05-30 17:39:26.478,2,1.83,,512000000
2026-05-30 17:39:26.335,2,1.66,,512000000
2026-05-30 17:39:26.327,2,1.91,,512000000
2026-05-30 17:39:26.321,5,4.25,,512000000
2026-05-30 17:39:26.301,3,2.01,,512000000
2026-05-30 17:39:26.277,2,1.8,,512000000
2026-05-30 17:39:26.248,3,2.64,,512000000
2026-05-30 17:39:26.191,2,1.76,,512000000
2026-05-30 17:39:26.146,2,1.74,,512000000
2026-05-30 17:39:26.127,2,1.72,,512000000
2026-05-30 17:39:26.121,2,1.74,,512000000
2026-05-30 17:39:26.046,2,1.81,,512000000
2026-05-30 17:39:26.022,2,1.91,,512000000
2026-05-30 17:39:26.018,3,2.01,,512000000
2026-05-30 17:39:25.994,2,1.72,,512000000
2026-05-30 17:39:25.976,2,1.8,,512000000
2026-05-30 17:39:25.925,2,1.68,,512000000
2026-05-30 17:39:25.874,2,1.83,,512000000
2026-05-30 17:39:25.851,3,2.06,,512000000
2026-05-30 17:39:25.847,2,1.74,,512000000
2026-05-30 17:39:25.797,2,1.76,,512000000
2026-05-30 17:39:25.655,2,1.76,,512000000
2026-05-30 17:39:25.637,4,3.73,,512000000
2026-05-30 17:39:25.628,2,1.79,,512000000
2026-05-30 17:39:25.610,2,1.74,,512000000
2026-05-30 17:39:25.586,2,1.74,,512000000
2026-05-30 17:39:25.562,2,1.9,,512000000
2026-05-30 17:39:25.529,3,2.02,,512000000
2026-05-30 17:39:25.481,15,14.24,,512000000
2026-05-30 17:39:25.460,18,17.27,,512000000
2026-05-30 17:39:25.428,12,11.97,,512000000
2026-05-30 17:39:25.418,3,2.05,,512000000
2026-05-30 17:39:25.396,2,1.94,,512000000
2026-05-30 17:39:25.363,3,2.03,,512000000
2026-05-30 17:39:25.341,2,1.86,,512000000
2026-05-30 17:39:25.311,2,1.98,,512000000
2026-05-30 17:39:25.259,2,1.75,,512000000
2026-05-30 17:39:25.224,2,1.76,,512000000
2026-05-30 17:39:25.203,3,2.31,,512000000
2026-05-30 17:39:25.197,2,1.86,,512000000
2026-05-30 17:39:25.167,4,3.62,,512000000
2026-05-30 17:39:25.132,21,20.5,,512000000
2026-05-30 17:39:25.104,2,1.76,,512000000
2026-05-30 17:39:24.990,2,1.83,,512000000
2026-05-30 17:39:24.957,2,1.66,,512000000
2026-05-30 17:39:24.948,2,1.9,,512000000
2026-05-30 17:39:24.903,2,1.84,,512000000
2026-05-30 17:39:24.864,2,1.93,,512000000
2026-05-30 17:39:24.857,2,1.76,,512000000
2026-05-30 17:39:24.793,2,1.87,,512000000
2026-05-30 17:39:24.754,2,1.73,,512000000
2026-05-30 17:39:24.718,2,1.87,,512000000
2026-05-30 17:39:24.686,2,1.75,,512000000
2026-05-30 17:39:24.676,3,2,,512000000
2026-05-30 17:39:24.658,3,2.03,,512000000
2026-05-30 17:39:24.619,3,2.06,,512000000
2026-05-30 17:39:24.601,2,1.88,,512000000
2026-05-30 17:39:24.569,2,1.82,,512000000
2026-05-30 17:39:24.501,13,12.78,,512000000
2026-05-30 17:39:24.452,2,1.91,,512000000
2026-05-30 17:39:24.408,2,1.79,,512000000
2026-05-30 17:39:24.304,2,1.83,,512000000
2026-05-30 17:39:24.297,2,1.94,,512000000
2026-05-30 17:39:24.295,4,3.69,,512000000
2026-05-30 17:39:24.285,2,1.83,,512000000
2026-05-30 17:39:24.262,2,1.84,,512000000
2026-05-30 17:39:24.252,2,1.98,,512000000
2026-05-30 17:39:24.195,3,2.13,,512000000
2026-05-30 17:39:24.141,2,1.76,,512000000
2026-05-30 17:39:24.064,2,1.85,,512000000
2026-05-30 17:39:24.053,2,1.91,,512000000
2026-05-30 17:39:23.967,2,1.77,,512000000
2026-05-30 17:39:23.947,2,1.85,,512000000
2026-05-30 17:39:23.908,2,1.75,,512000000
2026-05-30 17:39:23.896,2,1.73,,512000000
2026-05-30 17:39:23.893,2,1.87,,512000000
2026-05-30 17:39:23.851,2,1.7,,512000000
2026-05-30 17:39:23.777,2,1.91,,512000000
2026-05-30 17:39:23.775,2,1.94,,512000000
2026-05-30 17:39:23.740,2,1.95,,512000000
2026-05-30 17:39:23.738,5,4.12,,512000000
2026-05-30 17:39:23.706,6,5.28,,512000000
2026-05-30 17:39:23.647,2,1.91,,512000000
2026-05-30 17:39:23.619,2,1.96,,512000000
2026-05-30 17:39:23.617,2,1.74,,512000000
2026-05-30 17:39:23.580,2,1.95,,512000000
2026-05-30 17:39:23.576,2,1.84,,512000000
2026-05-30 17:39:23.557,2,1.72,,512000000
2026-05-30 17:39:23.511,8,7.91,,512000000
2026-05-30 17:39:23.494,2,1.73,,512000000
2026-05-30 17:39:23.451,2,1.9,,512000000
2026-05-30 17:39:23.431,8,7.09,,512000000
2026-05-30 17:39:23.414,2,1.76,,512000000
2026-05-30 17:39:23.403,2,1.73,,512000000
2026-05-30 17:39:23.352,13,12.79,,512000000
2026-05-30 17:39:23.346,2,1.92,,512000000
2026-05-30 17:39:23.333,2,1.86,,512000000
2026-05-30 17:39:23.331,2,1.98,,512000000
2026-05-30 17:39:23.290,2,1.79,,512000000
2026-05-30 17:39:23.260,4,3.45,,512000000
2026-05-30 17:39:23.240,8,7.63,,512000000
2026-05-30 17:39:23.200,4,3.16,,512000000
2026-05-30 17:39:23.156,6,5.45,,512000000
2026-05-30 17:39:23.116,5,4.47,,512000000
2026-05-30 17:39:23.046,2,1.75,,512000000
2026-05-30 17:39:22.968,5,4.21,,512000000
2026-05-30 17:39:22.847,2,1.8,,512000000
2026-05-30 17:39:22.766,2,1.81,,512000000
2026-05-30 17:39:22.641,10,9.61,,512000000
2026-05-30 17:39:22.624,10,9.28,,512000000
2026-05-30 17:39:22.618,2,1.87,,512000000
2026-05-30 17:39:22.608,2,1.72,,512000000
2026-05-30 17:39:22.607,2,1.97,,512000000
2026-05-30 17:39:22.584,3,2.27,,512000000
2026-05-30 17:39:22.578,2,1.67,,512000000
2026-05-30 17:39:22.501,2,1.87,,512000000
2026-05-30 17:39:22.487,3,2.43,,512000000
2026-05-30 17:39:22.469,2,1.71,,512000000
2026-05-30 17:39:22.443,2,1.95,,512000000
2026-05-30 17:39:22.372,2,1.79,,512000000
2026-05-30 17:39:22.318,2,1.73,,512000000
2026-05-30 17:39:22.284,2,1.97,,512000000
2026-05-30 17:39:22.252,3,2.39,,512000000
2026-05-30 17:39:22.228,3,2.35,,512000000
2026-05-30 17:39:22.221,3,2.17,,512000000
2026-05-30 17:39:22.201,2,1.91,,512000000
2026-05-30 17:39:22.153,2,1.98,,512000000
2026-05-30 17:39:22.100,3,2.2,,512000000
2026-05-30 17:39:22.021,4,3.92,,512000000
2026-05-30 17:39:22.019,2,1.88,,512000000
2026-05-30 17:39:22.002,3,2.06,,512000000
2026-05-30 17:39:22.000,2,1.73,,512000000
2026-05-30 17:39:21.970,3,2.25,,512000000
2026-05-30 17:39:21.965,2,1.78,,512000000
2026-05-30 17:39:21.910,2,1.73,,512000000
2026-05-30 17:39:21.889,2,1.78,,512000000
2026-05-30 17:39:21.874,2,1.77,,512000000
2026-05-30 17:39:21.791,2,1.97,,512000000
2026-05-30 17:39:21.756,22,21.05,,512000000
2026-05-30 17:39:21.671,2,1.9,,512000000
2026-05-30 17:39:21.640,2,1.8,,512000000
2026-05-30 17:39:21.637,2,1.89,,512000000
2026-05-30 17:39:21.618,2,1.88,,512000000
2026-05-30 17:39:21.558,6,5.87,,512000000
2026-05-30 17:39:21.547,2,1.82,,512000000
2026-05-30 17:39:21.497,2,1.53,,512000000
2026-05-30 17:39:21.492,3,2.13,,512000000
2026-05-30 17:39:21.451,3,2.09,,512000000
2026-05-30 17:39:21.444,2,1.86,,512000000
2026-05-30 17:39:21.405,3,2.03,,512000000
2026-05-30 17:39:21.308,2,1.82,,512000000
2026-05-30 17:39:21.284,2,1.94,,512000000
2026-05-30 17:39:21.280,13,12.67,,512000000
2026-05-30 17:39:21.261,2,1.83,,512000000
2026-05-30 17:39:21.151,3,2.11,,512000000
2026-05-30 17:39:21.139,2,1.86,,512000000
2026-05-30 17:39:21.137,17,16.78,,512000000
2026-05-30 17:39:21.059,8,7.08,,512000000
2026-05-30 17:39:21.047,2,1.77,,512000000
2026-05-30 17:39:21.038,3,2.18,,512000000
2026-05-30 17:39:20.994,4,3.09,,512000000
2026-05-30 17:39:20.942,3,2.08,,512000000
2026-05-30 17:39:20.930,2,1.91,,512000000
2026-05-30 17:39:20.824,2,1.86,,512000000
2026-05-30 17:39:20.819,2,1.97,,512000000
2026-05-30 17:39:20.791,2,1.94,,512000000
2026-05-30 17:39:20.773,2,1.85,,512000000
2026-05-30 17:39:20.740,3,2.01,,512000000
2026-05-30 17:39:20.702,2,1.72,,512000000
2026-05-30 17:39:20.699,3,2.14,,512000000
2026-05-30 17:39:20.677,2,1.97,,512000000
2026-05-30 17:39:20.677,2,1.69,,512000000
2026-05-30 17:39:20.654,2,1.69,,512000000
2026-05-30 17:39:20.601,2,1.96,,512000000
2026-05-30 17:39:20.528,2,1.87,,512000000
2026-05-30 17:39:20.511,2,1.94,,512000000
2026-05-30 17:39:20.438,2,1.67,,512000000
2026-05-30 17:39:20.394,2,1.79,,512000000
2026-05-30 17:39:20.329,3,2.06,,512000000
2026-05-30 17:39:20.303,3,2.02,,512000000
2026-05-30 17:39:20.295,3,2.07,,512000000
2026-05-30 17:39:20.279,3,2.11,,512000000
2026-05-30 17:39:20.227,2,1.99,,512000000
2026-05-30 17:39:20.190,2,1.91,,512000000
2026-05-30 17:39:20.188,2,1.83,,512000000
2026-05-30 17:39:20.137,2,1.92,,512000000
2026-05-30 17:39:20.095,3,2.15,,512000000
2026-05-30 17:39:20.055,11,10.48,,512000000
2026-05-30 17:39:20.036,3,2.1,,512000000
2026-05-30 17:39:19.998,2,1.98,,512000000
2026-05-30 17:39:19.954,3,2.02,,512000000
2026-05-30 17:39:19.947,2,1.99,,512000000
2026-05-30 17:39:19.901,2,1.82,,512000000
2026-05-30 17:39:19.871,3,2.8,,512000000
2026-05-30 17:39:19.781,3,2.32,,512000000
2026-05-30 17:39:19.779,3,2.35,,512000000
2026-05-30 17:39:19.729,3,2.07,,512000000
2026-05-30 17:39:19.712,2,1.94,,512000000
2026-05-30 17:39:19.664,3,2.08,,512000000
2026-05-30 17:39:19.662,19,18,,512000000
2026-05-30 17:39:19.654,2,1.93,,512000000
2026-05-30 17:39:19.621,7,6.77,,512000000
2026-05-30 17:39:19.615,35,34.92,,512000000
2026-05-30 17:39:19.601,2,1.98,,512000000
2026-05-30 17:39:19.597,2,1.94,,512000000
2026-05-30 17:39:19.533,2,1.94,,512000000
2026-05-30 17:39:19.388,2,1.9,,512000000
2026-05-30 17:39:19.343,2,1.9,,512000000
2026-05-30 17:39:19.339,2,1.85,,512000000
2026-05-30 17:39:19.338,2,1.87,,512000000
2026-05-30 17:39:19.333,3,2.03,,512000000
2026-05-30 17:39:19.292,3,2.34,,512000000
2026-05-30 17:39:19.290,3,2.22,,512000000
2026-05-30 17:39:19.285,2,1.61,,512000000
2026-05-30 17:39:19.284,2,1.96,,512000000
2026-05-30 17:39:19.214,2,1.64,,512000000
2026-05-30 17:39:19.205,2,1.76,,512000000
2026-05-30 17:39:19.114,2,1.83,,512000000
2026-05-30 17:39:19.091,11,10.91,,512000000
2026-05-30 17:39:19.086,3,2.11,,512000000
2026-05-30 17:39:19.082,3,2.1,,512000000
2026-05-30 17:39:19.073,2,1.85,,512000000
2026-05-30 17:39:18.972,28,27.86,,512000000
2026-05-30 17:39:18.868,2,1.88,,512000000
2026-05-30 17:39:18.864,2,1.83,,512000000
2026-05-30 17:39:18.837,6,5.54,,512000000
2026-05-30 17:39:18.822,2,1.78,,512000000
2026-05-30 17:39:18.803,2,1.9,,512000000
2026-05-30 17:39:18.791,8,7.76,,512000000
2026-05-30 17:39:18.789,2,1.92,,512000000
2026-05-30 17:39:18.772,7,6.29,,512000000
2026-05-30 17:39:18.757,2,1.87,,512000000
2026-05-30 17:39:18.666,2,1.91,,512000000
2026-05-30 17:39:18.634,2,1.81,,512000000
2026-05-30 17:39:18.596,3,2.03,,512000000
2026-05-30 17:39:18.577,3,2.17,,512000000
2026-05-30 17:39:18.569,2,1.76,,512000000
2026-05-30 17:39:18.487,2,1.99,,512000000
2026-05-30 17:39:18.445,2,1.86,,512000000
2026-05-30 17:39:18.381,14,13.78,,512000000
2026-05-30 17:39:18.312,3,2.32,,512000000
2026-05-30 17:39:18.297,3,2.1,,512000000
2026-05-30 17:39:18.264,2,1.98,,512000000
2026-05-30 17:39:18.202,12,11.72,,512000000
2026-05-30 17:39:18.182,10,9.26,,512000000
2026-05-30 17:39:18.143,3,2.13,,512000000
2026-05-30 17:39:18.121,28,27.9,,512000000
2026-05-30 17:39:18.093,3,2.14,,512000000
2026-05-30 17:39:18.082,2,1.89,,512000000
2026-05-30 17:39:18.080,3,2.04,,512000000
2026-05-30 17:39:18.079,3,2.07,,512000000
2026-05-30 17:39:18.079,3,2.18,,512000000
2026-05-30 17:39:18.035,3,2.28,,512000000
2026-05-30 17:39:17.948,2,1.94,,512000000
2026-05-30 17:39:17.906,2,1.85,,512000000
2026-05-30 17:39:17.862,2,1.9,,512000000
2026-05-30 17:39:17.782,2,1.85,,512000000
2026-05-30 17:39:17.731,3,2.2,,512000000
2026-05-30 17:39:17.725,3,2.01,,512000000
2026-05-30 17:39:17.669,3,2.05,,512000000
2026-05-30 17:39:17.662,2,1.83,,512000000
2026-05-30 17:39:17.642,2,1.81,,512000000
2026-05-30 17:39:17.640,2,1.8,,512000000
2026-05-30 17:39:17.628,2,1.91,,512000000
2026-05-30 17:39:17.368,2,1.89,,512000000
2026-05-30 17:39:17.351,2,1.73,,512000000
2026-05-30 17:39:17.285,4,3.28,,512000000
2026-05-30 17:39:17.198,3,2.41,,512000000
2026-05-30 17:39:17.183,3,2.05,,512000000
2026-05-30 17:39:17.148,2,1.96,,512000000
2026-05-30 17:39:17.098,10,9.02,,512000000
2026-05-30 17:39:17.088,2,1.9,,512000000
2026-05-30 17:39:17.079,2,1.99,,512000000
2026-05-30 17:39:17.046,2,1.8,,512000000
2026-05-30 17:39:16.998,2,1.92,,512000000
2026-05-30 17:39:16.957,2,1.68,,512000000
2026-05-30 17:39:16.957,17,16.42,,512000000
2026-05-30 17:39:16.952,3,2.95,,512000000
2026-05-30 17:39:16.886,3,2.29,,512000000
2026-05-30 17:39:16.886,3,2.34,,512000000
2026-05-30 17:39:16.879,16,15.32,,512000000
2026-05-30 17:39:16.878,2,1.62,,512000000
2026-05-30 17:39:16.846,2,1.79,,512000000
2026-05-30 17:39:16.706,2,1.95,,512000000
2026-05-30 17:39:16.704,2,1.79,,512000000
2026-05-30 17:39:16.624,2,1.77,,512000000
2026-05-30 17:39:16.562,2,1.91,,512000000
2026-05-30 17:39:16.545,2,1.88,,512000000
2026-05-30 17:39:16.512,3,2.49,,512000000
2026-05-30 17:39:16.489,2,1.86,,512000000
2026-05-30 17:39:16.348,2,1.78,,512000000
2026-05-30 17:39:16.282,2,1.89,,512000000
2026-05-30 17:39:16.279,2,1.93,,512000000
2026-05-30 17:39:16.238,3,2.18,,512000000
2026-05-30 17:39:16.205,2,1.88,,512000000
2026-05-30 17:39:16.162,2,1.89,,512000000
2026-05-30 17:39:16.091,11,10.27,,512000000
2026-05-30 17:39:16.089,3,2.13,,512000000
2026-05-30 17:39:16.083,2,1.78,,512000000
2026-05-30 17:39:16.037,4,3.09,,512000000
2026-05-30 17:39:16.031,2,1.89,,512000000
2026-05-30 17:39:15.965,3,2.35,,512000000
2026-05-30 17:39:15.931,3,2.1,,512000000
2026-05-30 17:39:15.908,2,1.79,,512000000
2026-05-30 17:39:15.835,2,1.89,,512000000
2026-05-30 17:39:15.776,3,2.01,,512000000
2026-05-30 17:39:15.755,2,1.72,,512000000
2026-05-30 17:39:15.667,2,1.91,,512000000
2026-05-30 17:39:15.631,2,1.87,,512000000
2026-05-30 17:39:15.577,3,2.06,,512000000
2026-05-30 17:39:15.509,2,1.85,,512000000
2026-05-30 17:39:15.483,4,3.26,,512000000
2026-05-30 17:39:15.466,2,1.89,,512000000
2026-05-30 17:39:15.314,2,1.88,,512000000
2026-05-30 17:39:15.295,13,12.09,,512000000
2026-05-30 17:39:15.277,2,1.98,,512000000
2026-05-30 17:39:15.226,2,1.94,,512000000
2026-05-30 17:39:15.208,2,1.59,,512000000
2026-05-30 17:39:15.162,2,1.98,,512000000
2026-05-30 17:39:15.147,2,1.94,,512000000
2026-05-30 17:39:15.117,3,2.01,,512000000
2026-05-30 17:39:15.095,14,13.15,,512000000
2026-05-30 17:39:15.078,2,1.98,,512000000
2026-05-30 17:39:15.076,2,1.85,,512000000
2026-05-30 17:39:14.867,3,2.06,,512000000
2026-05-30 17:39:14.751,3,2.38,,512000000
2026-05-30 17:39:14.583,2,1.75,,512000000
2026-05-30 17:39:14.500,2,1.79,,512000000
2026-05-30 17:39:14.408,2,1.93,,512000000
2026-05-30 17:39:14.384,2,1.81,,512000000
2026-05-30 17:39:14.339,2,1.86,,512000000
2026-05-30 17:39:14.312,2,1.87,,512000000
2026-05-30 17:39:14.294,2,1.85,,512000000
2026-05-30 17:39:14.276,2,1.89,,512000000
2026-05-30 17:39:14.233,2,1.87,,512000000
2026-05-30 17:39:14.202,2,1.92,,512000000
2026-05-30 17:39:14.173,2,1.82,,512000000
2026-05-30 17:39:14.082,2,1.95,,512000000
2026-05-30 17:39:14.080,2,1.91,,512000000
2026-05-30 17:39:14.037,2,1.94,,512000000
2026-05-30 17:39:13.857,2,1.7,,512000000
2026-05-30 17:39:13.851,2,1.89,,512000000
2026-05-30 17:39:13.631,2,1.65,,512000000
2026-05-30 17:39:13.515,2,1.93,,512000000
2026-05-30 17:39:13.282,2,1.87,,512000000
2026-05-30 17:39:13.280,2,1.75,,512000000
2026-05-30 17:39:13.279,2,1.86,,512000000
2026-05-30 17:39:13.279,2,1.96,,512000000
2026-05-30 17:39:13.277,3,2.91,,512000000
2026-05-30 17:39:13.059,2,1.68,,512000000
2026-05-30 17:39:12.740,2,1.9,,512000000
2026-05-30 17:39:12.689,3,2.43,,512000000
2026-05-30 17:39:12.645,2,1.97,,512000000
2026-05-30 17:39:12.338,3,2.96,,512000000
2026-05-30 17:39:12.322,3,2.25,,512000000
2026-05-30 17:39:12.289,3,2.48,,512000000
2026-05-30 17:39:12.285,2,1.99,,512000000
2026-05-30 17:39:12.281,3,2.09,,512000000
2026-05-30 17:39:12.281,2,1.96,,512000000
2026-05-30 17:39:12.280,2,1.94,,512000000
2026-05-30 17:39:12.105,3,2.09,,512000000
2026-05-30 17:39:12.031,3,2.05,,512000000
2026-05-30 17:39:11.986,2,1.95,,512000000
2026-05-30 17:39:11.851,3,2.19,,512000000
2026-05-30 17:39:11.536,3,2.3,,512000000
2026-05-30 17:39:11.081,3,2.01,,512000000
2026-05-30 17:39:10.812,3,2.63,,512000000
2026-05-30 17:39:10.686,2,1.99,,512000000
2026-05-30 17:39:10.628,2,1.8,,512000000
2026-05-30 17:39:10.563,2,1.83,,512000000
2026-05-30 17:39:10.389,2,1.84,,512000000
2026-05-30 17:39:10.312,2,1.77,,512000000
2026-05-30 17:39:10.261,3,2.1,,512000000
2026-05-30 17:39:10.139,3,2.14,,512000000
2026-05-30 17:39:10.060,2,1.95,,512000000
2026-05-30 17:39:09.745,3,2.14,,512000000
2026-05-30 17:39:09.095,6,5.04,,512000000
2026-05-30 17:39:08.993,2,1.8,,512000000
2026-05-30 17:39:08.917,2,1.91,,512000000
2026-05-30 17:39:08.905,3,2.02,,512000000
2026-05-30 17:39:08.775,14,13.06,,512000000
2026-05-30 17:39:08.710,2,1.97,,512000000
2026-05-30 17:39:08.621,3,2.02,,512000000
2026-05-30 17:39:08.588,3,2.23,,512000000
2026-05-30 17:39:08.539,3,2.14,,512000000
2026-05-30 17:39:07.801,26,25.06,,512000000
2026-05-30 17:39:07.576,2,1.77,,512000000
2026-05-30 17:39:07.455,3,2.38,,512000000
2026-05-30 17:39:07.440,2,1.76,,512000000
2026-05-30 17:39:07.192,2,1.95,,512000000
2026-05-30 17:39:07.117,3,2.09,,512000000
2026-05-30 17:39:07.012,2,1.99,,512000000
2026-05-30 17:39:06.994,2,1.95,,512000000
2026-05-30 17:39:06.800,13,12.53,,512000000
2026-05-30 17:39:06.651,2,1.87,,512000000
2026-05-30 17:39:06.186,3,2.16,,512000000
2026-05-30 17:39:05.960,8,7.25,,512000000
2026-05-30 17:39:05.939,2,1.8,,512000000
2026-05-30 17:39:05.858,2,1.73,,512000000
2026-05-30 17:39:05.540,2,1.92,,512000000
2026-05-30 17:39:05.333,2,1.86,,512000000
2026-05-30 17:39:05.256,2,1.83,,512000000
2026-05-30 17:39:05.104,2,1.85,,512000000
2026-05-30 17:39:04.981,3,2.41,,512000000
2026-05-30 17:39:04.748,2,1.75,,512000000
2026-05-30 17:39:04.277,2,1.99,,512000000
2026-05-30 17:39:04.124,4,3.33,,512000000
2026-05-30 17:39:04.051,3,2.13,,512000000
2026-05-30 17:39:03.975,12,11.25,,512000000
2026-05-30 17:39:03.956,4,3.42,,512000000
2026-05-30 17:39:03.891,3,2.07,,512000000
2026-05-30 17:39:03.741,2,1.85,,512000000
2026-05-30 17:39:03.541,2,1.76,,512000000
2026-05-30 17:39:03.296,3,2.39,,512000000
2026-05-30 17:39:02.889,3,2.21,,512000000
2026-05-30 17:39:02.497,15,14.44,,512000000
2026-05-30 17:39:02.426,3,2.16,,512000000
2026-05-30 17:39:02.376,3,2.31,,512000000
2026-05-30 17:39:02.357,2,1.93,,512000000
2026-05-30 17:39:02.235,5,4.26,,512000000
2026-05-30 17:39:02.216,2,1.91,,512000000
2026-05-30 17:39:01.829,3,2.1,,512000000
2026-05-30 17:39:01.655,2,1.79,,512000000
2026-05-30 17:39:01.309,3,2.28,,512000000
2026-05-30 17:39:01.189,3,2.21,,512000000
2026-05-30 17:39:00.781,2,1.88,,512000000
2026-05-30 17:39:00.731,3,2,,512000000
2026-05-30 17:39:00.674,3,2.23,,512000000
2026-05-30 17:39:00.520,3,2.41,,512000000
2026-05-30 17:39:00.511,4,3.14,,512000000
2026-05-30 17:39:00.221,2,1.66,,512000000
2026-05-30 17:39:00.171,2,1.84,,512000000
2026-05-30 17:39:00.102,2,1.71,,512000000
2026-05-30 17:38:59.674,2,1.73,,512000000
2026-05-30 17:38:59.292,2,1.8,,512000000
2026-05-30 17:38:59.278,2,1.73,,512000000
2026-05-30 17:38:59.249,2,1.95,,512000000
2026-05-30 17:38:59.118,2,1.72,,512000000
2026-05-30 17:38:58.826,2,1.81,,512000000
2026-05-30 17:38:58.700,6,5.46,,512000000
2026-05-30 17:38:58.471,2,1.91,,512000000
2026-05-30 17:38:58.459,3,2.14,,512000000
2026-05-30 17:38:58.391,3,2.02,,512000000
2026-05-30 17:38:58.196,2,1.74,,512000000
2026-05-30 17:38:57.803,2,1.88,,512000000
2026-05-30 17:38:57.768,3,2.23,,512000000
2026-05-30 17:38:57.541,3,2.03,,512000000
2026-05-30 17:38:57.420,2,1.89,,512000000
2026-05-30 17:38:57.176,3,2.04,,512000000
2026-05-30 17:38:56.961,3,2.12,,512000000
2026-05-30 17:38:56.860,2,1.85,,512000000
2026-05-30 17:38:56.771,2,1.94,,512000000
2026-05-30 17:38:56.641,3,2.09,,512000000
2026-05-30 17:38:56.452,3,2.83,,512000000
2026-05-30 17:38:56.312,6,5.01,,512000000
2026-05-30 17:38:55.731,3,2.73,,512000000
2026-05-30 17:38:55.719,2,1.84,,512000000
2026-05-30 17:38:55.684,3,2.04,,512000000
2026-05-30 17:38:55.491,3,2.01,,512000000
2026-05-30 17:38:55.482,3,2.05,,512000000
2026-05-30 17:38:55.355,7,6.82,,512000000
2026-05-30 17:38:55.085,2,1.91,,512000000
2026-05-30 17:38:54.974,2,1.94,,512000000
2026-05-30 17:38:54.861,3,2.29,,512000000
2026-05-30 17:38:54.223,2,1.91,,512000000
2026-05-30 17:38:54.131,7,6.32,,512000000
2026-05-30 17:38:54.111,13,12.15,,512000000
2026-05-30 17:38:54.062,2,1.78,,512000000
2026-05-30 17:38:53.811,2,1.87,,512000000
2026-05-30 17:38:53.711,2,1.89,,512000000
2026-05-30 17:38:53.574,2,1.94,,512000000
2026-05-30 17:38:53.537,3,2.07,,512000000
2026-05-30 17:38:53.399,2,1.95,,512000000
2026-05-30 17:38:53.270,2,1.73,,512000000
2026-05-30 17:38:52.899,2,1.89,,512000000
2026-05-30 17:38:52.894,2,1.83,,512000000
2026-05-30 17:38:52.387,3,2.18,,512000000
2026-05-30 17:38:52.111,3,2.02,,512000000
2026-05-30 17:38:52.014,5,4.71,,512000000
2026-05-30 17:38:51.777,2,1.73,,512000000
2026-05-30 17:38:51.719,3,2.04,,512000000
2026-05-30 17:38:51.709,2,1.88,,512000000
2026-05-30 17:38:51.638,2,1.85,,512000000
2026-05-30 17:38:51.506,2,1.74,,512000000
2026-05-30 17:38:51.495,2,1.99,,512000000
2026-05-30 17:38:51.356,16,15.81,,512000000
2026-05-30 17:38:50.714,3,2.07,,512000000
2026-05-30 17:38:50.255,3,2.04,,512000000
2026-05-30 17:38:50.236,3,2.69,,512000000
2026-05-30 17:38:50.231,4,3.65,,512000000
2026-05-30 17:38:49.967,2,1.72,,512000000
2026-05-30 17:38:49.874,4,3.48,,512000000
2026-05-30 17:38:49.793,3,2.07,,512000000
2026-05-30 17:38:49.771,30,29.43,,512000000
2026-05-30 17:38:49.749,3,2.19,,512000000
2026-05-30 17:38:49.370,2,1.88,,512000000
2026-05-30 17:38:49.253,3,2.15,,512000000
2026-05-30 17:38:48.334,5,4.68,,512000000
2026-05-30 17:38:48.258,2,1.78,,512000000
2026-05-30 17:38:48.197,3,2.1,,512000000
2026-05-30 17:38:48.169,3,2.13,,512000000
2026-05-30 17:38:48.102,2,1.85,,512000000
2026-05-30 17:38:47.986,2,1.83,,512000000
2026-05-30 17:38:47.843,3,2.19,,512000000
2026-05-30 17:38:47.508,3,2.22,,512000000
2026-05-30 17:38:47.506,3,2.3,,512000000
2026-05-30 17:38:46.730,3,2.15,,512000000
2026-05-30 17:38:46.357,2,1.9,,512000000
2026-05-30 17:38:46.305,2,2,,512000000
2026-05-30 17:38:46.263,2,1.98,,512000000
2026-05-30 17:38:46.189,3,2.19,,512000000
2026-05-30 17:38:46.144,2,1.93,,512000000
2026-05-30 17:38:46.132,2,1.91,,512000000
2026-05-30 17:38:46.057,2,1.96,,512000000
2026-05-30 17:38:45.439,814,3.17,809.98,512000000
2026-05-30 17:38:45.271,16,15.21,,512000000
2026-05-30 17:38:44.559,812,4.49,807.39,512000000
2026-05-30 17:38:44.538,832,14.94,816.36,512000000
2026-05-30 17:38:44.284,2,1.99,,512000000
2026-05-30 17:38:44.278,802,10.39,791.45,512000000
2026-05-30 17:38:44.221,796,17.78,778.2,512000000