@timestamp,@billedDuration,@duration,@initDuration,@memorySize
2026-05-29 14:03:46.533,2,1.8,,512000000
2026-05-29 14:03:46.493,7,6.07,,512000000
2026-05-29 14:03:46.391,3,2.08,,512000000
2026-05-29 14:03:46.198,2,1.93,,512000000
2026-05-29 14:03:46.161,2,1.65,,512000000
2026-05-29 14:03:46.095,3,2.6,,512000000
2026-05-29 14:03:46.077,2,1.94,,512000000
2026-05-29 14:03:46.011,3,2.92,,512000000
2026-05-29 14:03:45.975,2,1.8,,512000000
2026-05-29 14:03:45.905,2,1.6,,512000000
2026-05-29 14:03:45.693,3,2.56,,512000000
2026-05-29 14:03:45.682,2,1.7,,512000000
2026-05-29 14:03:45.610,2,1.77,,512000000
2026-05-29 14:03:45.572,2,1.71,,512000000
2026-05-29 14:03:45.425,2,1.64,,512000000
2026-05-29 14:03:45.351,2,1.87,,512000000
2026-05-29 14:03:45.272,2,1.92,,512000000
2026-05-29 14:03:45.254,2,1.88,,512000000
2026-05-29 14:03:45.139,2,1.66,,512000000
2026-05-29 14:03:45.127,2,1.81,,512000000
2026-05-29 14:03:45.067,2,1.79,,512000000
2026-05-29 14:03:44.961,2,1.99,,512000000
2026-05-29 14:03:44.942,2,1.67,,512000000
2026-05-29 14:03:44.923,2,1.97,,512000000
2026-05-29 14:03:44.902,2,1.88,,512000000
2026-05-29 14:03:44.876,2,1.71,,512000000
2026-05-29 14:03:44.848,2,1.76,,512000000
2026-05-29 14:03:44.834,3,2.02,,512000000
2026-05-29 14:03:44.778,2,1.88,,512000000
2026-05-29 14:03:44.699,2,1.72,,512000000
2026-05-29 14:03:44.688,2,1.87,,512000000
2026-05-29 14:03:44.672,3,2.16,,512000000
2026-05-29 14:03:44.650,2,1.79,,512000000
2026-05-29 14:03:44.615,2,1.66,,512000000
2026-05-29 14:03:44.602,2,1.66,,512000000
2026-05-29 14:03:44.558,2,1.68,,512000000
2026-05-29 14:03:44.542,3,2.04,,512000000
2026-05-29 14:03:44.040,2,1.79,,512000000
2026-05-29 14:03:44.006,2,1.76,,512000000
2026-05-29 14:03:43.983,2,1.84,,512000000
2026-05-29 14:03:43.954,2,1.68,,512000000
2026-05-29 14:03:43.887,2,1.9,,512000000
2026-05-29 14:03:43.839,2,1.71,,512000000
2026-05-29 14:03:43.814,2,1.95,,512000000
2026-05-29 14:03:43.723,2,1.84,,512000000
2026-05-29 14:03:43.717,3,2.08,,512000000
2026-05-29 14:03:43.713,6,5.54,,512000000
2026-05-29 14:03:43.701,2,1.73,,512000000
2026-05-29 14:03:43.683,2,1.77,,512000000
2026-05-29 14:03:43.643,2,1.84,,512000000
2026-05-29 14:03:43.594,3,2.09,,512000000
2026-05-29 14:03:43.591,2,1.92,,512000000
2026-05-29 14:03:43.540,2,1.74,,512000000
2026-05-29 14:03:43.505,2,1.69,,512000000
2026-05-29 14:03:43.482,2,1.88,,512000000
2026-05-29 14:03:43.439,2,1.72,,512000000
2026-05-29 14:03:43.386,2,1.78,,512000000
2026-05-29 14:03:43.285,2,1.71,,512000000
2026-05-29 14:03:43.277,2,1.88,,512000000
2026-05-29 14:03:43.266,2,1.89,,512000000
2026-05-29 14:03:43.233,2,1.79,,512000000
2026-05-29 14:03:43.178,2,1.67,,512000000
2026-05-29 14:03:43.147,2,1.87,,512000000
2026-05-29 14:03:43.141,2,1.94,,512000000
2026-05-29 14:03:43.121,2,1.88,,512000000
2026-05-29 14:03:43.078,2,1.65,,512000000
2026-05-29 14:03:43.053,2,1.74,,512000000
2026-05-29 14:03:43.030,2,1.98,,512000000
2026-05-29 14:03:43.004,2,1.71,,512000000
2026-05-29 14:03:42.986,2,1.92,,512000000
2026-05-29 14:03:42.901,2,1.89,,512000000
2026-05-29 14:03:42.898,2,1.79,,512000000
2026-05-29 14:03:42.861,2,1.79,,512000000
2026-05-29 14:03:42.843,2,1.99,,512000000
2026-05-29 14:03:42.837,2,1.96,,512000000
2026-05-29 14:03:42.828,54,53.33,,512000000
2026-05-29 14:03:42.787,2,1.6,,512000000
2026-05-29 14:03:42.771,2,1.74,,512000000
2026-05-29 14:03:42.696,2,1.85,,512000000
2026-05-29 14:03:42.652,2,1.62,,512000000
2026-05-29 14:03:42.649,2,1.72,,512000000
2026-05-29 14:03:42.606,2,1.88,,512000000
2026-05-29 14:03:42.565,3,2.38,,512000000
2026-05-29 14:03:42.522,2,1.79,,512000000
2026-05-29 14:03:42.438,2,1.63,,512000000
2026-05-29 14:03:42.431,3,2.07,,512000000
2026-05-29 14:03:42.386,2,1.75,,512000000
2026-05-29 14:03:42.374,2,1.87,,512000000
2026-05-29 14:03:42.332,2,1.83,,512000000
2026-05-29 14:03:42.314,11,10.62,,512000000
2026-05-29 14:03:42.297,2,1.86,,512000000
2026-05-29 14:03:42.295,2,1.78,,512000000
2026-05-29 14:03:42.218,2,1.87,,512000000
2026-05-29 14:03:42.199,2,1.87,,512000000
2026-05-29 14:03:42.162,2,1.84,,512000000
2026-05-29 14:03:42.155,2,1.82,,512000000
2026-05-29 14:03:42.127,2,1.81,,512000000
2026-05-29 14:03:42.094,2,1.78,,512000000
2026-05-29 14:03:42.045,2,1.89,,512000000
2026-05-29 14:03:41.997,2,1.74,,512000000
2026-05-29 14:03:41.945,2,1.72,,512000000
2026-05-29 14:03:41.928,2,1.72,,512000000
2026-05-29 14:03:41.917,2,1.69,,512000000
2026-05-29 14:03:41.915,2,1.97,,512000000
2026-05-29 14:03:41.812,2,1.76,,512000000
2026-05-29 14:03:41.749,2,1.7,,512000000
2026-05-29 14:03:41.638,3,2.13,,512000000
2026-05-29 14:03:41.585,2,1.83,,512000000
2026-05-29 14:03:41.573,3,2.01,,512000000
2026-05-29 14:03:41.569,5,4.18,,512000000
2026-05-29 14:03:41.557,2,1.84,,512000000
2026-05-29 14:03:41.450,2,1.69,,512000000
2026-05-29 14:03:41.425,3,2.22,,512000000
2026-05-29 14:03:41.419,2,1.59,,512000000
2026-05-29 14:03:41.416,3,2.24,,512000000
2026-05-29 14:03:41.401,10,9.84,,512000000
2026-05-29 14:03:41.360,2,1.74,,512000000
2026-05-29 14:03:41.345,2,1.99,,512000000
2026-05-29 14:03:41.243,3,2.08,,512000000
2026-05-29 14:03:41.217,2,1.97,,512000000
2026-05-29 14:03:41.194,12,11.2,,512000000
2026-05-29 14:03:41.154,3,2.06,,512000000
2026-05-29 14:03:41.083,3,2.04,,512000000
2026-05-29 14:03:41.057,2,1.93,,512000000
2026-05-29 14:03:40.990,3,2.07,,512000000
2026-05-29 14:03:40.951,3,2.14,,512000000
2026-05-29 14:03:40.947,2,1.72,,512000000
2026-05-29 14:03:40.891,2,1.79,,512000000
2026-05-29 14:03:40.849,16,15.04,,512000000
2026-05-29 14:03:40.756,2,1.6,,512000000
2026-05-29 14:03:40.675,2,1.72,,512000000
2026-05-29 14:03:40.655,2,1.9,,512000000
2026-05-29 14:03:40.630,11,10.34,,512000000
2026-05-29 14:03:40.613,2,1.76,,512000000
2026-05-29 14:03:40.548,8,7.12,,512000000
2026-05-29 14:03:40.529,2,1.71,,512000000
2026-05-29 14:03:40.514,2,1.76,,512000000
2026-05-29 14:03:40.488,6,5.89,,512000000
2026-05-29 14:03:40.473,2,1.9,,512000000
2026-05-29 14:03:40.390,2,1.94,,512000000
2026-05-29 14:03:40.388,2,1.74,,512000000
2026-05-29 14:03:40.385,3,2.08,,512000000
2026-05-29 14:03:40.251,2,1.8,,512000000
2026-05-29 14:03:40.249,2,1.79,,512000000
2026-05-29 14:03:40.242,2,1.76,,512000000
2026-05-29 14:03:40.175,2,1.85,,512000000
2026-05-29 14:03:40.159,2,1.69,,512000000
2026-05-29 14:03:40.154,12,11.49,,512000000
2026-05-29 14:03:40.136,2,1.7,,512000000
2026-05-29 14:03:40.119,3,2.02,,512000000
2026-05-29 14:03:40.036,2,1.91,,512000000
2026-05-29 14:03:40.021,3,2.09,,512000000
2026-05-29 14:03:40.018,2,1.88,,512000000
2026-05-29 14:03:39.989,2,1.9,,512000000
2026-05-29 14:03:39.909,14,13.33,,512000000
2026-05-29 14:03:39.889,5,4.34,,512000000
2026-05-29 14:03:39.870,2,1.9,,512000000
2026-05-29 14:03:39.807,2,1.96,,512000000
2026-05-29 14:03:39.685,3,2.02,,512000000
2026-05-29 14:03:39.681,2,1.91,,512000000
2026-05-29 14:03:39.656,2,1.97,,512000000
2026-05-29 14:03:39.611,3,2.01,,512000000
2026-05-29 14:03:39.575,2,1.83,,512000000
2026-05-29 14:03:39.539,2,1.65,,512000000
2026-05-29 14:03:39.524,2,1.75,,512000000
2026-05-29 14:03:39.493,2,1.87,,512000000
2026-05-29 14:03:39.402,2,1.73,,512000000
2026-05-29 14:03:39.378,2,1.7,,512000000
2026-05-29 14:03:39.332,3,2.01,,512000000
2026-05-29 14:03:39.325,2,1.95,,512000000
2026-05-29 14:03:39.284,2,1.73,,512000000
2026-05-29 14:03:39.276,2,1.8,,512000000
2026-05-29 14:03:39.259,5,4.09,,512000000
2026-05-29 14:03:39.251,14,13.73,,512000000
2026-05-29 14:03:39.203,3,2.71,,512000000
2026-05-29 14:03:39.183,2,1.74,,512000000
2026-05-29 14:03:39.153,2,1.87,,512000000
2026-05-29 14:03:39.046,3,2.05,,512000000
2026-05-29 14:03:39.027,3,2.12,,512000000
2026-05-29 14:03:39.021,2,1.78,,512000000
2026-05-29 14:03:38.970,2,1.83,,512000000
2026-05-29 14:03:38.936,2,1.79,,512000000
2026-05-29 14:03:38.808,2,1.92,,512000000
2026-05-29 14:03:38.771,2,1.86,,512000000
2026-05-29 14:03:38.770,2,1.69,,512000000
2026-05-29 14:03:38.766,2,1.89,,512000000
2026-05-29 14:03:38.688,2,1.8,,512000000
2026-05-29 14:03:38.684,2,1.57,,512000000
2026-05-29 14:03:38.610,3,2.01,,512000000
2026-05-29 14:03:38.608,15,15,,512000000
2026-05-29 14:03:38.576,2,1.7,,512000000
2026-05-29 14:03:38.560,2,1.91,,512000000
2026-05-29 14:03:38.438,2,1.9,,512000000
2026-05-29 14:03:38.427,2,1.7,,512000000
2026-05-29 14:03:38.387,2,1.87,,512000000
2026-05-29 14:03:38.310,9,8.63,,512000000
2026-05-29 14:03:38.300,3,2.14,,512000000
2026-05-29 14:03:38.292,3,2.12,,512000000
2026-05-29 14:03:38.234,2,1.79,,512000000
2026-05-29 14:03:38.234,2,1.75,,512000000
2026-05-29 14:03:38.201,3,2.23,,512000000
2026-05-29 14:03:38.169,13,12.12,,512000000
2026-05-29 14:03:38.149,25,24.09,,512000000
2026-05-29 14:03:38.145,3,2.25,,512000000
2026-05-29 14:03:38.089,14,13.63,,512000000
2026-05-29 14:03:38.013,3,2.02,,512000000
2026-05-29 14:03:37.971,3,2.27,,512000000
2026-05-29 14:03:37.958,2,1.75,,512000000
2026-05-29 14:03:37.935,2,1.87,,512000000
2026-05-29 14:03:37.927,6,5.83,,512000000
2026-05-29 14:03:37.856,3,2.52,,512000000
2026-05-29 14:03:37.850,2,1.76,,512000000
2026-05-29 14:03:37.830,5,4.61,,512000000
2026-05-29 14:03:37.813,2,1.78,,512000000
2026-05-29 14:03:37.776,5,4.54,,512000000
2026-05-29 14:03:37.765,3,2.1,,512000000
2026-05-29 14:03:37.752,4,3.29,,512000000
2026-05-29 14:03:37.700,2,1.85,,512000000
2026-05-29 14:03:37.677,3,2.35,,512000000
2026-05-29 14:03:37.660,2,1.73,,512000000
2026-05-29 14:03:37.648,14,13.74,,512000000
2026-05-29 14:03:37.606,2,1.75,,512000000
2026-05-29 14:03:37.558,2,1.89,,512000000
2026-05-29 14:03:37.471,2,1.8,,512000000
2026-05-29 14:03:37.404,2,1.7,,512000000
2026-05-29 14:03:37.389,26,25.77,,512000000
2026-05-29 14:03:37.382,2,1.7,,512000000
2026-05-29 14:03:37.268,3,2.08,,512000000
2026-05-29 14:03:37.232,18,17.72,,512000000
2026-05-29 14:03:37.223,2,1.75,,512000000
2026-05-29 14:03:37.195,3,2.14,,512000000
2026-05-29 14:03:37.180,2,1.63,,512000000
2026-05-29 14:03:37.066,2,1.95,,512000000
2026-05-29 14:03:37.064,2,1.92,,512000000
2026-05-29 14:03:37.038,2,1.72,,512000000
2026-05-29 14:03:36.976,3,2.09,,512000000
2026-05-29 14:03:36.967,2,1.73,,512000000
2026-05-29 14:03:36.947,2,1.77,,512000000
2026-05-29 14:03:36.930,2,1.93,,512000000
2026-05-29 14:03:36.875,3,2.37,,512000000
2026-05-29 14:03:36.874,2,1.85,,512000000
2026-05-29 14:03:36.873,2,1.74,,512000000
2026-05-29 14:03:36.811,2,1.78,,512000000
2026-05-29 14:03:36.810,2,1.74,,512000000
2026-05-29 14:03:36.796,3,2.77,,512000000
2026-05-29 14:03:36.750,2,1.73,,512000000
2026-05-29 14:03:36.639,2,1.95,,512000000
2026-05-29 14:03:36.617,2,1.85,,512000000
2026-05-29 14:03:36.581,2,1.72,,512000000
2026-05-29 14:03:36.574,7,6.71,,512000000
2026-05-29 14:03:36.555,2,1.75,,512000000
2026-05-29 14:03:36.523,2,1.74,,512000000
2026-05-29 14:03:36.459,2,1.97,,512000000
2026-05-29 14:03:36.457,2,1.76,,512000000
2026-05-29 14:03:36.427,2,1.78,,512000000
2026-05-29 14:03:36.406,2,1.87,,512000000
2026-05-29 14:03:36.374,2,1.91,,512000000
2026-05-29 14:03:36.347,2,1.86,,512000000
2026-05-29 14:03:36.294,2,1.75,,512000000
2026-05-29 14:03:36.272,2,1.66,,512000000
2026-05-29 14:03:36.253,2,1.86,,512000000
2026-05-29 14:03:36.226,2,1.95,,512000000
2026-05-29 14:03:36.166,2,1.84,,512000000
2026-05-29 14:03:36.165,2,1.78,,512000000
2026-05-29 14:03:36.125,3,2.2,,512000000
2026-05-29 14:03:36.051,2,1.89,,512000000
2026-05-29 14:03:36.043,3,2.11,,512000000
2026-05-29 14:03:35.999,3,2.02,,512000000
2026-05-29 14:03:35.995,2,1.87,,512000000
2026-05-29 14:03:35.948,2,1.77,,512000000
2026-05-29 14:03:35.925,3,2.21,,512000000
2026-05-29 14:03:35.897,2,1.64,,512000000
2026-05-29 14:03:35.791,5,4.4,,512000000
2026-05-29 14:03:35.760,2,1.7,,512000000
2026-05-29 14:03:35.758,2,1.95,,512000000
2026-05-29 14:03:35.730,2,1.69,,512000000
2026-05-29 14:03:35.699,2,1.76,,512000000
2026-05-29 14:03:35.667,2,1.85,,512000000
2026-05-29 14:03:35.607,3,2.05,,512000000
2026-05-29 14:03:35.574,42,41.15,,512000000
2026-05-29 14:03:35.554,2,1.87,,512000000
2026-05-29 14:03:35.548,3,2.14,,512000000
2026-05-29 14:03:35.531,2,1.69,,512000000
2026-05-29 14:03:35.529,4,3.37,,512000000
2026-05-29 14:03:35.505,2,1.98,,512000000
2026-05-29 14:03:35.397,2,1.94,,512000000
2026-05-29 14:03:35.319,6,5.61,,512000000
2026-05-29 14:03:35.311,3,2.07,,512000000
2026-05-29 14:03:35.280,2,1.65,,512000000
2026-05-29 14:03:35.135,8,7.16,,512000000
2026-05-29 14:03:35.116,3,2.24,,512000000
2026-05-29 14:03:35.076,3,2.55,,512000000
2026-05-29 14:03:35.062,3,2.48,,512000000
2026-05-29 14:03:35.043,3,2.31,,512000000
2026-05-29 14:03:35.042,2,1.91,,512000000
2026-05-29 14:03:35.013,2,1.91,,512000000
2026-05-29 14:03:34.995,5,4.34,,512000000
2026-05-29 14:03:34.983,2,1.96,,512000000
2026-05-29 14:03:34.972,2,1.75,,512000000
2026-05-29 14:03:34.941,2,1.96,,512000000
2026-05-29 14:03:34.934,2,1.93,,512000000
2026-05-29 14:03:34.879,2,1.84,,512000000
2026-05-29 14:03:34.804,2,1.83,,512000000
2026-05-29 14:03:34.773,2,1.82,,512000000
2026-05-29 14:03:34.754,2,1.7,,512000000
2026-05-29 14:03:34.655,8,7.41,,512000000
2026-05-29 14:03:34.639,2,1.79,,512000000
2026-05-29 14:03:34.630,3,2.1,,512000000
2026-05-29 14:03:34.620,3,2.35,,512000000
2026-05-29 14:03:34.570,3,2.08,,512000000
2026-05-29 14:03:34.552,12,11.92,,512000000
2026-05-29 14:03:34.541,2,1.99,,512000000
2026-05-29 14:03:34.510,3,2.02,,512000000
2026-05-29 14:03:34.493,3,2.03,,512000000
2026-05-29 14:03:34.469,32,31.26,,512000000
2026-05-29 14:03:34.364,3,2.01,,512000000
2026-05-29 14:03:34.327,2,1.89,,512000000
2026-05-29 14:03:34.323,2,1.93,,512000000
2026-05-29 14:03:34.309,29,28.3,,512000000
2026-05-29 14:03:34.294,9,8.42,,512000000
2026-05-29 14:03:34.275,3,2.03,,512000000
2026-05-29 14:03:34.223,3,2.35,,512000000
2026-05-29 14:03:34.149,2,1.76,,512000000
2026-05-29 14:03:34.127,2,1.87,,512000000
2026-05-29 14:03:34.066,3,2.15,,512000000
2026-05-29 14:03:34.030,14,13.6,,512000000
2026-05-29 14:03:33.991,2,1.95,,512000000
2026-05-29 14:03:33.946,2,1.93,,512000000
2026-05-29 14:03:33.945,2,1.86,,512000000
2026-05-29 14:03:33.926,2,2,,512000000
2026-05-29 14:03:33.926,2,1.77,,512000000
2026-05-29 14:03:33.814,45,44.46,,512000000
2026-05-29 14:03:33.795,2,1.62,,512000000
2026-05-29 14:03:33.770,4,3.62,,512000000
2026-05-29 14:03:33.754,2,1.87,,512000000
2026-05-29 14:03:33.699,2,1.9,,512000000
2026-05-29 14:03:33.688,8,7.57,,512000000
2026-05-29 14:03:33.525,2,1.88,,512000000
2026-05-29 14:03:33.495,2,1.78,,512000000
2026-05-29 14:03:33.487,3,2,,512000000
2026-05-29 14:03:33.480,2,1.77,,512000000
2026-05-29 14:03:33.454,7,6.38,,512000000
2026-05-29 14:03:33.443,2,1.98,,512000000
2026-05-29 14:03:33.406,2,1.97,,512000000
2026-05-29 14:03:33.382,3,2.03,,512000000
2026-05-29 14:03:33.359,2,1.96,,512000000
2026-05-29 14:03:33.354,11,10.01,,512000000
2026-05-29 14:03:33.276,2,1.76,,512000000
2026-05-29 14:03:33.252,2,1.77,,512000000
2026-05-29 14:03:33.250,10,9.63,,512000000
2026-05-29 14:03:33.247,2,1.96,,512000000
2026-05-29 14:03:33.100,2,1.58,,512000000
2026-05-29 14:03:33.064,2,1.95,,512000000
2026-05-29 14:03:33.062,2,1.78,,512000000
2026-05-29 14:03:33.059,2,1.78,,512000000
2026-05-29 14:03:33.035,2,1.95,,512000000
2026-05-29 14:03:32.993,2,1.8,,512000000
2026-05-29 14:03:32.942,3,2.3,,512000000
2026-05-29 14:03:32.934,2,1.79,,512000000
2026-05-29 14:03:32.889,3,2.31,,512000000
2026-05-29 14:03:32.859,2,1.97,,512000000
2026-05-29 14:03:32.836,2,1.98,,512000000
2026-05-29 14:03:32.836,2,1.73,,512000000
2026-05-29 14:03:32.805,3,2.25,,512000000
2026-05-29 14:03:32.689,9,8.65,,512000000
2026-05-29 14:03:32.677,2,1.84,,512000000
2026-05-29 14:03:32.666,2,1.71,,512000000
2026-05-29 14:03:32.642,2,1.77,,512000000
2026-05-29 14:03:32.613,2,1.62,,512000000
2026-05-29 14:03:32.609,7,6.63,,512000000
2026-05-29 14:03:32.591,13,12.46,,512000000
2026-05-29 14:03:32.571,2,1.98,,512000000
2026-05-29 14:03:32.554,2,1.71,,512000000
2026-05-29 14:03:32.534,3,2.93,,512000000
2026-05-29 14:03:32.529,2,1.7,,512000000
2026-05-29 14:03:32.522,3,2.05,,512000000
2026-05-29 14:03:32.456,3,2.75,,512000000
2026-05-29 14:03:32.438,2,1.94,,512000000
2026-05-29 14:03:32.438,2,1.81,,512000000
2026-05-29 14:03:32.354,2,1.83,,512000000
2026-05-29 14:03:32.279,2,1.97,,512000000
2026-05-29 14:03:32.255,2,1.64,,512000000
2026-05-29 14:03:32.246,2,1.87,,512000000
2026-05-29 14:03:32.223,2,1.95,,512000000
2026-05-29 14:03:32.074,2,1.86,,512000000
2026-05-29 14:03:31.946,2,1.79,,512000000
2026-05-29 14:03:31.847,2,1.81,,512000000
2026-05-29 14:03:31.805,2,1.7,,512000000
2026-05-29 14:03:31.768,2,1.93,,512000000
2026-05-29 14:03:31.762,2,1.99,,512000000
2026-05-29 14:03:31.745,2,1.79,,512000000
2026-05-29 14:03:31.740,2,1.94,,512000000
2026-05-29 14:03:31.716,2,1.7,,512000000
2026-05-29 14:03:31.603,2,1.92,,512000000
2026-05-29 14:03:31.589,2,1.96,,512000000
2026-05-29 14:03:31.560,2,1.7,,512000000
2026-05-29 14:03:31.554,2,1.99,,512000000
2026-05-29 14:03:31.536,3,2.01,,512000000
2026-05-29 14:03:31.516,3,2.09,,512000000
2026-05-29 14:03:31.492,3,2.05,,512000000
2026-05-29 14:03:31.486,2,1.98,,512000000
2026-05-29 14:03:31.469,2,1.96,,512000000
2026-05-29 14:03:31.434,4,3.72,,512000000
2026-05-29 14:03:31.420,2,1.67,,512000000
2026-05-29 14:03:31.396,2,1.76,,512000000
2026-05-29 14:03:31.352,2,1.81,,512000000
2026-05-29 14:03:31.306,3,2.1,,512000000
2026-05-29 14:03:31.246,2,1.79,,512000000
2026-05-29 14:03:31.195,2,1.79,,512000000
2026-05-29 14:03:31.179,2,1.59,,512000000
2026-05-29 14:03:31.159,2,1.94,,512000000
2026-05-29 14:03:31.134,8,7.54,,512000000
2026-05-29 14:03:31.132,2,1.76,,512000000
2026-05-29 14:03:31.124,2,1.8,,512000000
2026-05-29 14:03:31.119,2,1.66,,512000000
2026-05-29 14:03:31.096,2,1.65,,512000000
2026-05-29 14:03:31.093,3,2.1,,512000000
2026-05-29 14:03:31.068,3,2.04,,512000000
2026-05-29 14:03:31.049,2,1.86,,512000000
2026-05-29 14:03:31.029,21,20.16,,512000000
2026-05-29 14:03:31.026,2,1.82,,512000000
2026-05-29 14:03:30.961,2,1.73,,512000000
2026-05-29 14:03:30.909,3,2.22,,512000000
2026-05-29 14:03:30.851,2,1.9,,512000000
2026-05-29 14:03:30.701,4,3.2,,512000000
2026-05-29 14:03:30.643,3,2.22,,512000000
2026-05-29 14:03:30.610,3,2.24,,512000000
2026-05-29 14:03:30.599,2,1.8,,512000000
2026-05-29 14:03:30.553,2,1.89,,512000000
2026-05-29 14:03:30.528,23,22.28,,512000000
2026-05-29 14:03:30.517,3,2.2,,512000000
2026-05-29 14:03:30.498,2,1.89,,512000000
2026-05-29 14:03:30.463,3,2.41,,512000000
2026-05-29 14:03:30.345,2,1.69,,512000000
2026-05-29 14:03:30.325,2,1.81,,512000000
2026-05-29 14:03:30.300,3,2.08,,512000000
2026-05-29 14:03:30.264,2,1.83,,512000000
2026-05-29 14:03:30.248,2,1.88,,512000000
2026-05-29 14:03:30.206,2,1.98,,512000000
2026-05-29 14:03:30.180,3,2,,512000000
2026-05-29 14:03:30.179,2,1.66,,512000000
2026-05-29 14:03:30.078,2,1.93,,512000000
2026-05-29 14:03:30.066,2,1.68,,512000000
2026-05-29 14:03:30.036,2,1.93,,512000000
2026-05-29 14:03:30.025,2,1.84,,512000000
2026-05-29 14:03:29.974,7,6.63,,512000000
2026-05-29 14:03:29.897,2,1.75,,512000000
2026-05-29 14:03:29.882,2,1.75,,512000000
2026-05-29 14:03:29.825,3,2.09,,512000000
2026-05-29 14:03:29.638,3,2.68,,512000000
2026-05-29 14:03:29.618,2,1.72,,512000000
2026-05-29 14:03:29.614,5,4.56,,512000000
2026-05-29 14:03:29.559,2,1.82,,512000000
2026-05-29 14:03:29.541,2,1.8,,512000000
2026-05-29 14:03:29.539,2,1.99,,512000000
2026-05-29 14:03:29.520,2,1.78,,512000000
2026-05-29 14:03:29.515,9,8.92,,512000000
2026-05-29 14:03:29.487,2,1.71,,512000000
2026-05-29 14:03:29.484,2,1.64,,512000000
2026-05-29 14:03:29.456,2,1.86,,512000000
2026-05-29 14:03:29.430,3,2.02,,512000000
2026-05-29 14:03:29.403,2,1.89,,512000000
2026-05-29 14:03:29.402,2,1.94,,512000000
2026-05-29 14:03:29.359,2,1.96,,512000000
2026-05-29 14:03:29.352,2,1.99,,512000000
2026-05-29 14:03:29.249,2,1.98,,512000000
2026-05-29 14:03:29.189,2,1.82,,512000000
2026-05-29 14:03:29.187,2,1.79,,512000000
2026-05-29 14:03:29.166,2,1.98,,512000000
2026-05-29 14:03:29.150,2,1.72,,512000000
2026-05-29 14:03:29.148,10,9.83,,512000000
2026-05-29 14:03:29.130,2,1.82,,512000000
2026-05-29 14:03:29.122,3,2.26,,512000000
2026-05-29 14:03:29.115,2,1.95,,512000000
2026-05-29 14:03:29.061,2,1.7,,512000000
2026-05-29 14:03:28.984,2,1.96,,512000000
2026-05-29 14:03:28.954,14,13.32,,512000000
2026-05-29 14:03:28.934,4,3.49,,512000000
2026-05-29 14:03:28.921,2,1.72,,512000000
2026-05-29 14:03:28.849,2,1.71,,512000000
2026-05-29 14:03:28.841,2,1.76,,512000000
2026-05-29 14:03:28.799,2,1.74,,512000000
2026-05-29 14:03:28.705,2,1.79,,512000000
2026-05-29 14:03:28.663,3,2.08,,512000000
2026-05-29 14:03:28.656,2,1.71,,512000000
2026-05-29 14:03:28.596,13,12.12,,512000000
2026-05-29 14:03:28.578,2,1.97,,512000000
2026-05-29 14:03:28.539,3,2.19,,512000000
2026-05-29 14:03:28.533,3,2.67,,512000000
2026-05-29 14:03:28.523,2,1.87,,512000000
2026-05-29 14:03:28.413,2,1.87,,512000000
2026-05-29 14:03:28.373,2,1.72,,512000000
2026-05-29 14:03:28.328,9,8.58,,512000000
2026-05-29 14:03:28.251,3,2.02,,512000000
2026-05-29 14:03:28.240,2,1.79,,512000000
2026-05-29 14:03:28.207,2,1.97,,512000000
2026-05-29 14:03:28.194,9,8.17,,512000000
2026-05-29 14:03:28.189,13,12.55,,512000000
2026-05-29 14:03:28.189,2,1.88,,512000000
2026-05-29 14:03:28.175,2,1.73,,512000000
2026-05-29 14:03:28.169,18,17.56,,512000000
2026-05-29 14:03:28.158,3,2.11,,512000000
2026-05-29 14:03:28.153,3,2.58,,512000000
2026-05-29 14:03:28.105,2,1.88,,512000000
2026-05-29 14:03:28.098,3,2.02,,512000000
2026-05-29 14:03:28.037,3,2.16,,512000000
2026-05-29 14:03:27.951,3,2,,512000000
2026-05-29 14:03:27.947,64,63.35,,512000000
2026-05-29 14:03:27.876,2,1.84,,512000000
2026-05-29 14:03:27.782,2,1.91,,512000000
2026-05-29 14:03:27.759,2,1.96,,512000000
2026-05-29 14:03:27.744,2,1.98,,512000000
2026-05-29 14:03:27.721,4,3.46,,512000000
2026-05-29 14:03:27.668,13,12.24,,512000000
2026-05-29 14:03:27.649,8,7.54,,512000000
2026-05-29 14:03:27.631,2,1.79,,512000000
2026-05-29 14:03:27.591,32,31.15,,512000000
2026-05-29 14:03:27.585,3,2.05,,512000000
2026-05-29 14:03:27.532,3,2.01,,512000000
2026-05-29 14:03:27.530,2,1.72,,512000000
2026-05-29 14:03:27.489,9,8.45,,512000000
2026-05-29 14:03:27.458,2,2,,512000000
2026-05-29 14:03:27.421,3,2.04,,512000000
2026-05-29 14:03:27.345,2,1.83,,512000000
2026-05-29 14:03:27.288,2,1.8,,512000000
2026-05-29 14:03:27.278,3,2.48,,512000000
2026-05-29 14:03:27.277,2,1.78,,512000000
2026-05-29 14:03:27.262,3,2.17,,512000000
2026-05-29 14:03:27.233,2,1.86,,512000000
2026-05-29 14:03:27.232,2,1.75,,512000000
2026-05-29 14:03:27.216,2,1.86,,512000000
2026-05-29 14:03:27.130,2,1.79,,512000000
2026-05-29 14:03:27.129,2,1.82,,512000000
2026-05-29 14:03:27.048,17,16.84,,512000000
2026-05-29 14:03:27.008,3,2.17,,512000000
2026-05-29 14:03:26.993,2,1.98,,512000000
2026-05-29 14:03:26.981,2,1.96,,512000000
2026-05-29 14:03:26.927,2,1.88,,512000000
2026-05-29 14:03:26.908,19,18.9,,512000000
2026-05-29 14:03:26.867,42,41.64,,512000000
2026-05-29 14:03:26.835,13,12.47,,512000000
2026-05-29 14:03:26.816,2,1.87,,512000000
2026-05-29 14:03:26.730,2,1.89,,512000000
2026-05-29 14:03:26.723,2,1.93,,512000000
2026-05-29 14:03:26.651,2,1.82,,512000000
2026-05-29 14:03:26.649,26,25.94,,512000000
2026-05-29 14:03:26.635,3,2.07,,512000000
2026-05-29 14:03:26.635,2,1.89,,512000000
2026-05-29 14:03:26.634,7,6.63,,512000000
2026-05-29 14:03:26.593,18,17.34,,512000000
2026-05-29 14:03:26.533,3,2,,512000000
2026-05-29 14:03:26.530,6,5.49,,512000000
2026-05-29 14:03:26.492,3,2.01,,512000000
2026-05-29 14:03:26.470,8,7.09,,512000000
2026-05-29 14:03:26.425,2,1.97,,512000000
2026-05-29 14:03:26.283,3,2.04,,512000000
2026-05-29 14:03:26.242,3,2.45,,512000000
2026-05-29 14:03:26.235,2,1.84,,512000000
2026-05-29 14:03:26.180,2,1.91,,512000000
2026-05-29 14:03:26.158,3,2.14,,512000000
2026-05-29 14:03:26.090,3,2.1,,512000000
2026-05-29 14:03:26.089,5,4.06,,512000000
2026-05-29 14:03:26.026,2,1.96,,512000000
2026-05-29 14:03:25.869,28,27.88,,512000000
2026-05-29 14:03:25.808,6,5.12,,512000000
2026-05-29 14:03:25.792,3,2.4,,512000000
2026-05-29 14:03:25.756,3,2.25,,512000000
2026-05-29 14:03:25.749,7,6.85,,512000000
2026-05-29 14:03:25.742,2,1.77,,512000000
2026-05-29 14:03:25.733,9,8.94,,512000000
2026-05-29 14:03:25.722,2,1.75,,512000000
2026-05-29 14:03:25.706,2,1.96,,512000000
2026-05-29 14:03:25.652,3,2.4,,512000000
2026-05-29 14:03:25.578,2,1.9,,512000000
2026-05-29 14:03:25.556,3,2,,512000000
2026-05-29 14:03:25.554,9,8.61,,512000000
2026-05-29 14:03:25.536,2,1.63,,512000000
2026-05-29 14:03:25.531,5,4.17,,512000000
2026-05-29 14:03:25.530,2,1.73,,512000000
2026-05-29 14:03:25.482,2,1.97,,512000000
2026-05-29 14:03:25.468,2,1.74,,512000000
2026-05-29 14:03:25.448,7,6.65,,512000000
2026-05-29 14:03:25.445,2,1.77,,512000000
2026-05-29 14:03:25.436,2,1.88,,512000000
2026-05-29 14:03:25.429,2,1.87,,512000000
2026-05-29 14:03:25.341,2,1.7,,512000000
2026-05-29 14:03:25.262,3,2.16,,512000000
2026-05-29 14:03:25.256,6,5.4,,512000000
2026-05-29 14:03:25.228,6,5.78,,512000000
2026-05-29 14:03:25.208,6,5.73,,512000000
2026-05-29 14:03:25.193,3,2.09,,512000000
2026-05-29 14:03:25.037,2,1.75,,512000000
2026-05-29 14:03:24.840,2,1.71,,512000000
2026-05-29 14:03:24.691,2,1.79,,512000000
2026-05-29 14:03:24.676,2,1.79,,512000000
2026-05-29 14:03:24.630,2,1.66,,512000000
2026-05-29 14:03:24.577,2,1.98,,512000000
2026-05-29 14:03:24.008,6,5.47,,512000000
2026-05-29 14:03:23.988,4,3.35,,512000000
2026-05-29 14:03:23.951,3,2.21,,512000000
2026-05-29 14:03:23.840,3,2.33,,512000000
2026-05-29 14:03:23.827,41,40.92,,512000000
2026-05-29 14:03:23.748,27,26.8,,512000000
2026-05-29 14:03:23.709,2,1.86,,512000000
2026-05-29 14:03:23.650,2,1.76,,512000000
2026-05-29 14:03:23.628,2,1.71,,512000000
2026-05-29 14:03:23.530,3,2.03,,512000000
2026-05-29 14:03:23.499,3,2.01,,512000000
2026-05-29 14:03:23.477,4,3.04,,512000000
2026-05-29 14:03:23.465,2,1.51,,512000000
2026-05-29 14:03:23.458,2,1.77,,512000000
2026-05-29 14:03:23.439,2,1.92,,512000000
2026-05-29 14:03:23.374,2,1.83,,512000000
2026-05-29 14:03:23.343,2,1.91,,512000000
2026-05-29 14:03:23.318,10,9.22,,512000000
2026-05-29 14:03:23.302,2,1.74,,512000000
2026-05-29 14:03:23.227,2,1.83,,512000000
2026-05-29 14:03:23.153,4,3.27,,512000000
2026-05-29 14:03:23.151,27,26.3,,512000000
2026-05-29 14:03:23.143,2,1.74,,512000000
2026-05-29 14:03:23.115,2,1.75,,512000000
2026-05-29 14:03:23.061,2,1.83,,512000000
2026-05-29 14:03:23.009,2,1.67,,512000000
2026-05-29 14:03:22.920,2,1.83,,512000000
2026-05-29 14:03:22.801,2,1.8,,512000000
2026-05-29 14:03:22.741,3,2.07,,512000000
2026-05-29 14:03:22.687,2,1.81,,512000000
2026-05-29 14:03:22.615,5,4.88,,512000000
2026-05-29 14:03:22.599,2,1.77,,512000000
2026-05-29 14:03:22.556,2,1.8,,512000000
2026-05-29 14:03:22.534,3,2.04,,512000000
2026-05-29 14:03:22.528,12,11.1,,512000000
2026-05-29 14:03:22.514,16,15.91,,512000000
2026-05-29 14:03:22.509,3,2.63,,512000000
2026-05-29 14:03:22.495,3,2.25,,512000000
2026-05-29 14:03:22.247,3,2.99,,512000000
2026-05-29 14:03:22.229,25,24.31,,512000000
2026-05-29 14:03:22.153,2,1.67,,512000000
2026-05-29 14:03:22.142,3,2.03,,512000000
2026-05-29 14:03:22.110,2,1.8,,512000000
2026-05-29 14:03:22.097,3,2.16,,512000000
2026-05-29 14:03:21.778,2,1.8,,512000000
2026-05-29 14:03:21.742,2,1.76,,512000000
2026-05-29 14:03:21.688,2,1.85,,512000000
2026-05-29 14:03:21.609,2,1.89,,512000000
2026-05-29 14:03:21.599,2,1.74,,512000000
2026-05-29 14:03:21.593,7,6.2,,512000000
2026-05-29 14:03:21.553,5,4.94,,512000000
2026-05-29 14:03:21.526,3,2.01,,512000000
2026-05-29 14:03:21.457,8,7.66,,512000000
2026-05-29 14:03:21.423,2,1.64,,512000000
2026-05-29 14:03:21.418,2,1.95,,512000000
2026-05-29 14:03:21.376,2,1.78,,512000000
2026-05-29 14:03:21.322,2,1.76,,512000000
2026-05-29 14:03:21.302,2,1.78,,512000000
2026-05-29 14:03:21.259,2,1.77,,512000000
2026-05-29 14:03:21.166,3,2.1,,512000000
2026-05-29 14:03:21.148,5,4.8,,512000000
2026-05-29 14:03:21.109,2,1.84,,512000000
2026-05-29 14:03:21.014,2,1.97,,512000000
2026-05-29 14:03:20.930,3,2.89,,512000000
2026-05-29 14:03:20.889,2,1.78,,512000000
2026-05-29 14:03:20.886,2,1.77,,512000000
2026-05-29 14:03:20.847,22,21.01,,512000000
2026-05-29 14:03:20.809,23,22.86,,512000000
2026-05-29 14:03:20.746,6,5.52,,512000000
2026-05-29 14:03:20.587,2,1.71,,512000000
2026-05-29 14:03:20.559,2,1.83,,512000000
2026-05-29 14:03:20.506,7,6.53,,512000000
2026-05-29 14:03:20.466,3,2.68,,512000000
2026-05-29 14:03:20.437,2,1.86,,512000000
2026-05-29 14:03:20.412,2,1.71,,512000000
2026-05-29 14:03:20.381,2,1.99,,512000000
2026-05-29 14:03:20.335,2,1.86,,512000000
2026-05-29 14:03:20.289,2,1.94,,512000000
2026-05-29 14:03:20.276,2,1.98,,512000000
2026-05-29 14:03:20.267,2,1.82,,512000000
2026-05-29 14:03:20.114,5,4.32,,512000000
2026-05-29 14:03:20.114,3,2.18,,512000000
2026-05-29 14:03:20.006,2,1.77,,512000000
2026-05-29 14:03:19.820,2,1.78,,512000000
2026-05-29 14:03:19.730,2,1.73,,512000000
2026-05-29 14:03:19.715,3,2.06,,512000000
2026-05-29 14:03:19.638,2,1.81,,512000000
2026-05-29 14:03:19.552,3,2.28,,512000000
2026-05-29 14:03:19.531,25,24.43,,512000000
2026-05-29 14:03:19.471,2,1.95,,512000000
2026-05-29 14:03:19.462,3,2.23,,512000000
2026-05-29 14:03:19.413,9,8.42,,512000000
2026-05-29 14:03:19.367,2,1.95,,512000000
2026-05-29 14:03:19.351,17,16.38,,512000000
2026-05-29 14:03:19.314,3,2.42,,512000000
2026-05-29 14:03:19.289,5,4.66,,512000000
2026-05-29 14:03:19.228,4,3.92,,512000000
2026-05-29 14:03:19.209,4,3.9,,512000000
2026-05-29 14:03:19.187,19,18.66,,512000000
2026-05-29 14:03:19.108,2,1.76,,512000000
2026-05-29 14:03:19.085,3,2.11,,512000000
2026-05-29 14:03:19.061,2,1.96,,512000000
2026-05-29 14:03:19.032,2,1.76,,512000000
2026-05-29 14:03:18.992,3,2.27,,512000000
2026-05-29 14:03:18.926,3,2.37,,512000000
2026-05-29 14:03:18.896,2,1.94,,512000000
2026-05-29 14:03:18.881,2,1.87,,512000000
2026-05-29 14:03:18.724,3,2.13,,512000000
2026-05-29 14:03:18.611,2,1.91,,512000000
2026-05-29 14:03:18.497,2,1.66,,512000000
2026-05-29 14:03:18.485,2,1.75,,512000000
2026-05-29 14:03:18.331,2,1.92,,512000000
2026-05-29 14:03:18.302,2,1.97,,512000000
2026-05-29 14:03:18.274,3,2.37,,512000000
2026-05-29 14:03:18.260,2,1.72,,512000000
2026-05-29 14:03:18.207,2,1.88,,512000000
2026-05-29 14:03:18.191,2,1.79,,512000000
2026-05-29 14:03:18.171,2,1.96,,512000000
2026-05-29 14:03:18.152,2,1.64,,512000000
2026-05-29 14:03:18.019,2,1.8,,512000000
2026-05-29 14:03:17.998,2,1.74,,512000000
2026-05-29 14:03:17.983,2,1.94,,512000000
2026-05-29 14:03:17.925,2,1.79,,512000000
2026-05-29 14:03:17.912,2,1.85,,512000000
2026-05-29 14:03:17.881,2,1.94,,512000000
2026-05-29 14:03:17.873,2,1.6,,512000000
2026-05-29 14:03:17.810,3,2.22,,512000000
2026-05-29 14:03:17.462,2,1.79,,512000000
2026-05-29 14:03:17.410,3,2,,512000000
2026-05-29 14:03:17.163,3,2.25,,512000000
2026-05-29 14:03:16.691,2,2,,512000000
2026-05-29 14:03:16.654,8,7.55,,512000000
2026-05-29 14:03:16.637,6,5.88,,512000000
2026-05-29 14:03:16.525,2,1.87,,512000000
2026-05-29 14:03:16.498,2,1.59,,512000000
2026-05-29 14:03:16.382,2,1.99,,512000000
2026-05-29 14:03:16.295,2,1.75,,512000000
2026-05-29 14:03:16.269,2,1.86,,512000000
2026-05-29 14:03:16.236,2,1.68,,512000000
2026-05-29 14:03:16.230,3,2.45,,512000000
2026-05-29 14:03:16.189,49,48.27,,512000000
2026-05-29 14:03:16.183,3,2.11,,512000000
2026-05-29 14:03:16.098,2,1.58,,512000000
2026-05-29 14:03:16.095,5,4.77,,512000000
2026-05-29 14:03:16.076,2,1.87,,512000000
2026-05-29 14:03:16.065,3,2.39,,512000000
2026-05-29 14:03:16.054,2,1.96,,512000000
2026-05-29 14:03:16.050,2,1.77,,512000000
2026-05-29 14:03:15.934,2,1.77,,512000000
2026-05-29 14:03:15.885,2,1.87,,512000000
2026-05-29 14:03:15.869,2,1.61,,512000000
2026-05-29 14:03:15.861,3,2.1,,512000000
2026-05-29 14:03:15.853,2,1.81,,512000000
2026-05-29 14:03:15.814,18,17.9,,512000000
2026-05-29 14:03:15.759,2,1.95,,512000000
2026-05-29 14:03:15.730,2,1.84,,512000000
2026-05-29 14:03:15.557,2,1.78,,512000000
2026-05-29 14:03:15.517,2,1.9,,512000000
2026-05-29 14:03:15.490,3,2.09,,512000000
2026-05-29 14:03:15.445,2,1.73,,512000000
2026-05-29 14:03:15.386,2,1.97,,512000000
2026-05-29 14:03:15.361,2,1.78,,512000000
2026-05-29 14:03:15.303,2,1.81,,512000000
2026-05-29 14:03:15.279,2,1.91,,512000000
2026-05-29 14:03:15.267,2,1.8,,512000000
2026-05-29 14:03:15.244,2,1.84,,512000000
2026-05-29 14:03:15.195,19,18.62,,512000000
2026-05-29 14:03:15.159,2,1.77,,512000000
2026-05-29 14:03:15.145,2,1.92,,512000000
2026-05-29 14:03:15.095,2,1.9,,512000000
2026-05-29 14:03:15.066,3,2.24,,512000000
2026-05-29 14:03:15.007,2,1.9,,512000000
2026-05-29 14:03:14.974,2,1.88,,512000000
2026-05-29 14:03:14.966,2,1.99,,512000000
2026-05-29 14:03:14.932,4,3.87,,512000000
2026-05-29 14:03:14.928,2,1.88,,512000000
2026-05-29 14:03:14.827,5,4.03,,512000000
2026-05-29 14:03:14.817,4,3.04,,512000000
2026-05-29 14:03:14.770,2,1.77,,512000000
2026-05-29 14:03:14.699,2,1.88,,512000000
2026-05-29 14:03:14.678,2,1.72,,512000000
2026-05-29 14:03:14.646,3,2.43,,512000000
2026-05-29 14:03:14.620,2,1.9,,512000000
2026-05-29 14:03:14.575,2,1.86,,512000000
2026-05-29 14:03:14.574,2,1.74,,512000000
2026-05-29 14:03:14.570,2,1.57,,512000000
2026-05-29 14:03:14.509,26,25.51,,512000000
2026-05-29 14:03:14.497,2,1.69,,512000000
2026-05-29 14:03:14.490,8,7.88,,512000000
2026-05-29 14:03:14.487,6,5.58,,512000000
2026-05-29 14:03:14.451,2,1.89,,512000000
2026-05-29 14:03:14.451,2,1.65,,512000000
2026-05-29 14:03:14.417,2,1.74,,512000000
2026-05-29 14:03:14.397,2,1.67,,512000000
2026-05-29 14:03:14.384,2,1.73,,512000000
2026-05-29 14:03:14.374,9,8.19,,512000000
2026-05-29 14:03:14.368,2,1.86,,512000000
2026-05-29 14:03:14.362,5,4.54,,512000000
2026-05-29 14:03:14.358,7,6.51,,512000000
2026-05-29 14:03:14.290,2,1.71,,512000000
2026-05-29 14:03:14.215,27,26.42,,512000000
2026-05-29 14:03:14.159,2,1.97,,512000000
2026-05-29 14:03:14.138,3,2.05,,512000000
2026-05-29 14:03:14.012,2,1.76,,512000000
2026-05-29 14:03:13.879,2,1.69,,512000000
2026-05-29 14:03:13.806,2,1.84,,512000000
2026-05-29 14:03:13.790,2,1.86,,512000000
2026-05-29 14:03:13.783,2,1.76,,512000000
2026-05-29 14:03:13.760,4,3.86,,512000000
2026-05-29 14:03:13.728,31,30.02,,512000000
2026-05-29 14:03:13.722,2,1.89,,512000000
2026-05-29 14:03:13.661,2,1.89,,512000000
2026-05-29 14:03:13.608,22,21.53,,512000000
2026-05-29 14:03:13.518,14,13.49,,512000000
2026-05-29 14:03:13.492,2,1.69,,512000000
2026-05-29 14:03:13.491,3,2.87,,512000000
2026-05-29 14:03:13.467,7,6.54,,512000000
2026-05-29 14:03:13.427,20,19.66,,512000000
2026-05-29 14:03:13.411,11,10.46,,512000000
2026-05-29 14:03:13.380,2,1.95,,512000000
2026-05-29 14:03:13.360,2,1.8,,512000000
2026-05-29 14:03:13.296,2,1.69,,512000000
2026-05-29 14:03:13.285,2,1.87,,512000000
2026-05-29 14:03:13.268,2,1.75,,512000000
2026-05-29 14:03:13.262,8,7.22,,512000000
2026-05-29 14:03:13.238,2,1.84,,512000000
2026-05-29 14:03:13.202,2,1.74,,512000000
2026-05-29 14:03:13.185,2,1.79,,512000000
2026-05-29 14:03:13.182,2,1.76,,512000000
2026-05-29 14:03:13.177,60,59.16,,512000000
2026-05-29 14:03:13.169,2,1.96,,512000000
2026-05-29 14:03:13.100,2,1.97,,512000000
2026-05-29 14:03:13.034,13,12.16,,512000000
2026-05-29 14:03:13.032,2,1.74,,512000000
2026-05-29 14:03:13.015,18,17.5,,512000000
2026-05-29 14:03:12.990,2,1.98,,512000000
2026-05-29 14:03:12.961,2,1.79,,512000000
2026-05-29 14:03:12.933,2,1.63,,512000000
2026-05-29 14:03:12.885,3,2.15,,512000000
2026-05-29 14:03:12.859,2,1.97,,512000000
2026-05-29 14:03:12.832,2,1.87,,512000000
2026-05-29 14:03:12.825,2,1.68,,512000000
2026-05-29 14:03:12.784,3,2.03,,512000000
2026-05-29 14:03:12.727,2,1.85,,512000000
2026-05-29 14:03:12.666,2,1.91,,512000000
2026-05-29 14:03:12.661,2,1.71,,512000000
2026-05-29 14:03:12.579,2,1.69,,512000000
2026-05-29 14:03:12.496,2,1.76,,512000000
2026-05-29 14:03:12.473,3,2.03,,512000000
2026-05-29 14:03:12.468,2,1.88,,512000000
2026-05-29 14:03:12.434,2,1.78,,512000000
2026-05-29 14:03:12.370,2,1.96,,512000000
2026-05-29 14:03:12.354,22,21.29,,512000000
2026-05-29 14:03:12.333,3,2.1,,512000000
2026-05-29 14:03:12.318,2,1.72,,512000000
2026-05-29 14:03:12.307,2,1.86,,512000000
2026-05-29 14:03:12.154,5,4.06,,512000000
2026-05-29 14:03:12.154,23,22.63,,512000000
2026-05-29 14:03:12.024,3,2.19,,512000000
2026-05-29 14:03:11.981,2,1.87,,512000000
2026-05-29 14:03:11.947,2,1.91,,512000000
2026-05-29 14:03:11.899,2,1.86,,512000000
2026-05-29 14:03:11.837,3,2.13,,512000000
2026-05-29 14:03:11.816,2,1.71,,512000000
2026-05-29 14:03:11.811,2,1.92,,512000000
2026-05-29 14:03:11.801,2,1.97,,512000000
2026-05-29 14:03:11.795,2,1.92,,512000000
2026-05-29 14:03:11.779,2,1.82,,512000000
2026-05-29 14:03:11.773,3,2.16,,512000000
2026-05-29 14:03:11.727,2,1.77,,512000000
2026-05-29 14:03:11.701,2,1.72,,512000000
2026-05-29 14:03:11.675,4,3.51,,512000000
2026-05-29 14:03:11.657,2,1.87,,512000000
2026-05-29 14:03:11.648,18,17.8,,512000000
2026-05-29 14:03:11.629,2,1.79,,512000000
2026-05-29 14:03:11.574,4,3.97,,512000000
2026-05-29 14:03:11.555,2,1.85,,512000000
2026-05-29 14:03:11.474,3,2.18,,512000000
2026-05-29 14:03:11.455,2,1.85,,512000000
2026-05-29 14:03:11.447,2,1.99,,512000000
2026-05-29 14:03:11.400,3,2.06,,512000000
2026-05-29 14:03:11.375,9,8.75,,512000000
2026-05-29 14:03:11.353,9,8.38,,512000000
2026-05-29 14:03:11.352,6,5.06,,512000000
2026-05-29 14:03:11.340,2,1.71,,512000000
2026-05-29 14:03:11.299,2,1.79,,512000000
2026-05-29 14:03:11.249,9,8.18,,512000000
2026-05-29 14:03:11.234,2,1.81,,512000000
2026-05-29 14:03:11.210,2,1.72,,512000000
2026-05-29 14:03:11.199,2,1.86,,512000000
2026-05-29 14:03:11.194,10,9.73,,512000000
2026-05-29 14:03:11.180,2,1.7,,512000000
2026-05-29 14:03:11.178,2,1.76,,512000000
2026-05-29 14:03:11.150,7,6.54,,512000000
2026-05-29 14:03:11.059,2,1.74,,512000000
2026-05-29 14:03:10.961,2,1.96,,512000000
2026-05-29 14:03:10.955,2,1.75,,512000000
2026-05-29 14:03:10.943,2,1.88,,512000000
2026-05-29 14:03:10.834,8,7.86,,512000000
2026-05-29 14:03:10.828,10,9.79,,512000000
2026-05-29 14:03:10.820,2,1.76,,512000000
2026-05-29 14:03:10.681,2,1.77,,512000000
2026-05-29 14:03:10.679,2,1.88,,512000000
2026-05-29 14:03:10.649,42,41.99,,512000000
2026-05-29 14:03:10.548,9,8.87,,512000000
2026-05-29 14:03:10.525,3,2.29,,512000000
2026-05-29 14:03:10.497,2,1.88,,512000000
2026-05-29 14:03:10.440,3,2.23,,512000000
2026-05-29 14:03:10.427,2,1.93,,512000000
2026-05-29 14:03:10.399,2,1.98,,512000000
2026-05-29 14:03:10.340,2,1.72,,512000000
2026-05-29 14:03:10.253,2,1.97,,512000000
2026-05-29 14:03:10.170,4,3.25,,512000000
2026-05-29 14:03:10.168,2,1.68,,512000000
2026-05-29 14:03:10.148,7,6.17,,512000000
2026-05-29 14:03:10.118,2,1.9,,512000000
2026-05-29 14:03:10.021,2,2,,512000000
2026-05-29 14:03:10.015,2,1.89,,512000000
2026-05-29 14:03:09.983,2,1.86,,512000000
2026-05-29 14:03:09.961,2,1.72,,512000000
2026-05-29 14:03:09.930,2,1.8,,512000000
2026-05-29 14:03:09.911,5,4.03,,512000000
2026-05-29 14:03:09.889,7,6.62,,512000000
2026-05-29 14:03:09.884,2,1.84,,512000000
2026-05-29 14:03:09.870,2,1.74,,512000000
2026-05-29 14:03:09.866,3,2.01,,512000000
2026-05-29 14:03:09.856,2,1.79,,512000000
2026-05-29 14:03:09.834,2,1.95,,512000000
2026-05-29 14:03:09.823,2,1.75,,512000000
2026-05-29 14:03:09.770,3,2.06,,512000000
2026-05-29 14:03:09.770,3,2.32,,512000000
2026-05-29 14:03:09.761,2,1.88,,512000000
2026-05-29 14:03:09.732,2,1.84,,512000000
2026-05-29 14:03:09.672,2,1.76,,512000000
2026-05-29 14:03:09.659,2,1.77,,512000000
2026-05-29 14:03:09.622,2,1.73,,512000000
2026-05-29 14:03:09.569,21,20.6,,512000000
2026-05-29 14:03:09.523,3,2.05,,512000000
2026-05-29 14:03:09.456,2,1.85,,512000000
2026-05-29 14:03:09.409,22,21.11,,512000000
2026-05-29 14:03:09.405,2,1.91,,512000000
2026-05-29 14:03:09.368,22,21.07,,512000000
2026-05-29 14:03:09.360,2,1.76,,512000000
2026-05-29 14:03:09.253,11,10.18,,512000000
2026-05-29 14:03:09.248,3,2.01,,512000000
2026-05-29 14:03:09.227,22,21.45,,512000000
2026-05-29 14:03:09.200,3,2.1,,512000000
2026-05-29 14:03:09.174,10,9.92,,512000000
2026-05-29 14:03:09.133,2,1.95,,512000000
2026-05-29 14:03:09.081,3,2.06,,512000000
2026-05-29 14:03:09.052,2,1.81,,512000000
2026-05-29 14:03:09.012,2,1.78,,512000000
2026-05-29 14:03:09.012,36,35.79,,512000000
2026-05-29 14:03:08.976,2,1.75,,512000000
2026-05-29 14:03:08.951,7,6.92,,512000000
2026-05-29 14:03:08.930,2,1.89,,512000000
2026-05-29 14:03:08.849,2,1.83,,512000000
2026-05-29 14:03:08.760,2,1.75,,512000000
2026-05-29 14:03:08.717,3,2.11,,512000000
2026-05-29 14:03:08.699,2,1.71,,512000000
2026-05-29 14:03:08.671,2,1.67,,512000000
2026-05-29 14:03:08.618,2,1.99,,512000000
2026-05-29 14:03:08.608,6,5.21,,512000000
2026-05-29 14:03:08.598,4,3.04,,512000000
2026-05-29 14:03:08.590,2,1.76,,512000000
2026-05-29 14:03:08.588,2,1.88,,512000000
2026-05-29 14:03:08.546,2,1.76,,512000000
2026-05-29 14:03:08.489,31,30.29,,512000000
2026-05-29 14:03:08.478,5,4.71,,512000000
2026-05-29 14:03:08.427,2,1.89,,512000000
2026-05-29 14:03:08.425,2,1.91,,512000000
2026-05-29 14:03:08.390,25,24.76,,512000000
2026-05-29 14:03:08.385,2,1.84,,512000000
2026-05-29 14:03:08.310,3,2.77,,512000000
2026-05-29 14:03:08.262,2,1.83,,512000000
2026-05-29 14:03:08.228,11,10.41,,512000000
2026-05-29 14:03:08.226,2,1.78,,512000000
2026-05-29 14:03:08.220,2,1.82,,512000000
2026-05-29 14:03:08.154,4,3.39,,512000000
2026-05-29 14:03:08.153,4,3.33,,512000000
2026-05-29 14:03:08.138,3,2.68,,512000000
2026-05-29 14:03:08.107,7,6.9,,512000000
2026-05-29 14:03:07.923,2,1.75,,512000000
2026-05-29 14:03:07.894,6,5.39,,512000000
2026-05-29 14:03:07.892,2,1.98,,512000000
2026-05-29 14:03:07.877,2,1.88,,512000000
2026-05-29 14:03:07.799,2,1.94,,512000000
2026-05-29 14:03:07.792,2,2,,512000000
2026-05-29 14:03:07.774,12,11.42,,512000000
2026-05-29 14:03:07.738,7,6.82,,512000000
2026-05-29 14:03:07.697,13,12.78,,512000000
2026-05-29 14:03:07.628,2,1.94,,512000000
2026-05-29 14:03:07.594,8,7.54,,512000000
2026-05-29 14:03:07.582,2,1.89,,512000000
2026-05-29 14:03:07.496,2,1.76,,512000000
2026-05-29 14:03:07.495,2,1.86,,512000000
2026-05-29 14:03:07.409,21,20.06,,512000000
2026-05-29 14:03:07.406,3,2.04,,512000000
2026-05-29 14:03:07.347,3,2.72,,512000000
2026-05-29 14:03:07.347,17,16.24,,512000000
2026-05-29 14:03:07.342,3,2.17,,512000000
2026-05-29 14:03:07.341,3,2.59,,512000000
2026-05-29 14:03:07.253,7,6.17,,512000000
2026-05-29 14:03:07.245,2,1.8,,512000000
2026-05-29 14:03:07.245,3,2.23,,512000000
2026-05-29 14:03:07.196,3,2.21,,512000000
2026-05-29 14:03:07.169,8,7.46,,512000000
2026-05-29 14:03:07.152,2,1.93,,512000000
2026-05-29 14:03:07.145,2,1.84,,512000000
2026-05-29 14:03:07.121,2,1.73,,512000000
2026-05-29 14:03:07.101,5,4.5,,512000000
2026-05-29 14:03:07.034,10,9.35,,512000000
2026-05-29 14:03:07.015,27,26.75,,512000000
2026-05-29 14:03:06.908,2,1.6,,512000000
2026-05-29 14:03:06.862,2,1.74,,512000000
2026-05-29 14:03:06.860,2,1.77,,512000000
2026-05-29 14:03:06.783,2,1.68,,512000000
2026-05-29 14:03:06.765,2,1.73,,512000000
2026-05-29 14:03:06.677,2,1.75,,512000000
2026-05-29 14:03:06.653,3,2.26,,512000000
2026-05-29 14:03:06.628,3,2.17,,512000000
2026-05-29 14:03:06.592,4,3.29,,512000000
2026-05-29 14:03:06.559,19,18.85,,512000000
2026-05-29 14:03:06.551,2,1.77,,512000000
2026-05-29 14:03:06.512,2,1.73,,512000000
2026-05-29 14:03:06.505,3,2.28,,512000000
2026-05-29 14:03:06.498,3,2.07,,512000000
2026-05-29 14:03:06.474,22,21.12,,512000000
2026-05-29 14:03:06.397,3,2.78,,512000000
2026-05-29 14:03:06.374,27,26.58,,512000000
2026-05-29 14:03:06.348,4,3.6,,512000000
2026-05-29 14:03:06.347,39,38.74,,512000000
2026-05-29 14:03:06.290,2,1.89,,512000000
2026-05-29 14:03:06.261,2,1.85,,512000000
2026-05-29 14:03:06.240,2,1.91,,512000000
2026-05-29 14:03:06.168,2,1.88,,512000000
2026-05-29 14:03:06.130,2,1.8,,512000000
2026-05-29 14:03:06.092,4,3.04,,512000000
2026-05-29 14:03:06.086,2,1.94,,512000000
2026-05-29 14:03:06.043,3,2,,512000000
2026-05-29 14:03:06.026,2,1.9,,512000000
2026-05-29 14:03:05.983,3,2,,512000000
2026-05-29 14:03:05.956,3,2.06,,512000000
2026-05-29 14:03:05.913,3,2.16,,512000000
2026-05-29 14:03:05.907,3,2.3,,512000000
2026-05-29 14:03:05.799,3,2.24,,512000000
2026-05-29 14:03:05.769,2,1.85,,512000000
2026-05-29 14:03:05.758,3,2.2,,512000000
2026-05-29 14:03:05.746,3,2.19,,512000000
2026-05-29 14:03:05.720,3,2.6,,512000000
2026-05-29 14:03:05.618,3,2.49,,512000000
2026-05-29 14:03:05.607,7,6.74,,512000000
2026-05-29 14:03:05.588,7,6.83,,512000000
2026-05-29 14:03:05.575,2,1.94,,512000000
2026-05-29 14:03:05.528,13,12.6,,512000000
2026-05-29 14:03:05.507,7,6.55,,512000000
2026-05-29 14:03:05.501,3,2.15,,512000000
2026-05-29 14:03:05.492,3,2.07,,512000000
2026-05-29 14:03:05.431,2,2,,512000000
2026-05-29 14:03:05.370,3,2.74,,512000000
2026-05-29 14:03:05.344,3,2.3,,512000000
2026-05-29 14:03:05.343,3,2.13,,512000000
2026-05-29 14:03:05.295,2,1.82,,512000000
2026-05-29 14:03:05.254,40,39.56,,512000000
2026-05-29 14:03:05.191,2,1.76,,512000000
2026-05-29 14:03:05.174,21,20.67,,512000000
2026-05-29 14:03:05.162,7,6.17,,512000000
2026-05-29 14:03:05.099,10,9.97,,512000000
2026-05-29 14:03:05.050,2,1.73,,512000000
2026-05-29 14:03:05.044,3,2.04,,512000000
2026-05-29 14:03:04.990,2,1.99,,512000000
2026-05-29 14:03:04.979,3,2.07,,512000000
2026-05-29 14:03:04.949,23,22.56,,512000000
2026-05-29 14:03:04.894,2,1.76,,512000000
2026-05-29 14:03:04.791,2,1.87,,512000000
2026-05-29 14:03:04.739,2,1.78,,512000000
2026-05-29 14:03:04.731,6,5.38,,512000000
2026-05-29 14:03:04.694,26,25.31,,512000000
2026-05-29 14:03:04.677,2,1.85,,512000000
2026-05-29 14:03:04.638,3,2.06,,512000000
2026-05-29 14:03:04.636,2,1.78,,512000000
2026-05-29 14:03:04.635,2,1.84,,512000000
2026-05-29 14:03:04.613,5,4.06,,512000000
2026-05-29 14:03:04.608,2,1.71,,512000000
2026-05-29 14:03:04.487,3,2.24,,512000000
2026-05-29 14:03:04.429,12,11.07,,512000000
2026-05-29 14:03:04.410,2,1.92,,512000000
2026-05-29 14:03:04.378,3,2.06,,512000000
2026-05-29 14:03:04.377,2,1.85,,512000000
2026-05-29 14:03:04.372,2,1.99,,512000000
2026-05-29 14:03:04.334,2,1.84,,512000000
2026-05-29 14:03:04.303,2,1.78,,512000000
2026-05-29 14:03:04.241,2,1.82,,512000000
2026-05-29 14:03:04.194,5,4.34,,512000000
2026-05-29 14:03:04.180,2,1.95,,512000000
2026-05-29 14:03:04.167,6,5.89,,512000000
2026-05-29 14:03:04.142,14,13.04,,512000000
2026-05-29 14:03:04.093,2,1.78,,512000000
2026-05-29 14:03:04.052,2,1.83,,512000000
2026-05-29 14:03:03.983,3,2.15,,512000000
2026-05-29 14:03:03.936,3,2.7,,512000000
2026-05-29 14:03:03.928,21,20.02,,512000000
2026-05-29 14:03:03.914,30,29.33,,512000000
2026-05-29 14:03:03.911,3,2.12,,512000000
2026-05-29 14:03:03.882,6,5.07,,512000000
2026-05-29 14:03:03.876,4,3.81,,512000000
2026-05-29 14:03:03.733,2,1.8,,512000000
2026-05-29 14:03:03.732,4,3.03,,512000000
2026-05-29 14:03:03.708,9,8.18,,512000000
2026-05-29 14:03:03.689,3,2.54,,512000000
2026-05-29 14:03:03.658,2,2,,512000000
2026-05-29 14:03:03.656,2,1.87,,512000000
2026-05-29 14:03:03.520,2,1.7,,512000000
2026-05-29 14:03:03.459,2,1.75,,512000000
2026-05-29 14:03:03.374,2,1.81,,512000000
2026-05-29 14:03:03.372,2,1.91,,512000000
2026-05-29 14:03:03.357,2,1.92,,512000000
2026-05-29 14:03:03.327,11,10.71,,512000000
2026-05-29 14:03:03.308,3,2.08,,512000000
2026-05-29 14:03:03.271,27,26.51,,512000000
2026-05-29 14:03:03.268,3,2.92,,512000000
2026-05-29 14:03:03.237,3,2.04,,512000000
2026-05-29 14:03:03.206,2,1.69,,512000000
2026-05-29 14:03:03.190,3,2.72,,512000000
2026-05-29 14:03:03.185,2,1.71,,512000000
2026-05-29 14:03:03.185,2,1.87,,512000000
2026-05-29 14:03:03.174,2,1.83,,512000000
2026-05-29 14:03:03.154,37,36.44,,512000000
2026-05-29 14:03:03.149,2,1.89,,512000000
2026-05-29 14:03:03.135,2,1.95,,512000000
2026-05-29 14:03:03.097,3,2.01,,512000000
2026-05-29 14:03:03.068,2,1.74,,512000000
2026-05-29 14:03:03.063,2,1.86,,512000000
2026-05-29 14:03:03.001,2,1.73,,512000000
2026-05-29 14:03:02.977,2,1.94,,512000000
2026-05-29 14:03:02.971,2,1.84,,512000000
2026-05-29 14:03:02.946,2,1.82,,512000000
2026-05-29 14:03:02.933,3,2.03,,512000000
2026-05-29 14:03:02.914,3,2.2,,512000000
2026-05-29 14:03:02.910,3,2.07,,512000000
2026-05-29 14:03:02.908,9,8.57,,512000000
2026-05-29 14:03:02.888,41,40.16,,512000000
2026-05-29 14:03:02.774,3,2.48,,512000000
2026-05-29 14:03:02.754,2,1.85,,512000000
2026-05-29 14:03:02.738,2,1.92,,512000000
2026-05-29 14:03:02.714,2,1.8,,512000000
2026-05-29 14:03:02.625,2,1.85,,512000000
2026-05-29 14:03:02.538,2,1.84,,512000000
2026-05-29 14:03:02.435,2,1.83,,512000000
2026-05-29 14:03:02.415,2,1.9,,512000000
2026-05-29 14:03:02.402,5,4.23,,512000000
2026-05-29 14:03:02.350,2,1.69,,512000000
2026-05-29 14:03:02.314,2,1.88,,512000000
2026-05-29 14:03:02.143,3,2.02,,512000000
2026-05-29 14:03:02.092,2,1.73,,512000000
2026-05-29 14:03:02.041,3,2.01,,512000000
2026-05-29 14:03:02.014,3,2.2,,512000000
2026-05-29 14:03:02.012,2,1.71,,512000000
2026-05-29 14:03:02.010,2,1.89,,512000000
2026-05-29 14:03:01.969,4,3.69,,512000000
2026-05-29 14:03:01.953,2,1.75,,512000000
2026-05-29 14:03:01.937,2,1.77,,512000000
2026-05-29 14:03:01.908,5,4.59,,512000000
2026-05-29 14:03:01.898,2,1.81,,512000000
2026-05-29 14:03:01.841,2,1.7,,512000000
2026-05-29 14:03:01.777,2,1.77,,512000000
2026-05-29 14:03:01.757,4,3.54,,512000000
2026-05-29 14:03:01.755,2,1.9,,512000000
2026-05-29 14:03:01.719,2,1.91,,512000000
2026-05-29 14:03:01.605,2,1.64,,512000000
2026-05-29 14:03:01.594,2,1.96,,512000000
2026-05-29 14:03:01.580,2,1.75,,512000000
2026-05-29 14:03:01.552,2,1.79,,512000000
2026-05-29 14:03:01.528,2,1.97,,512000000
2026-05-29 14:03:01.482,2,1.72,,512000000
2026-05-29 14:03:01.482,2,1.76,,512000000
2026-05-29 14:03:01.458,3,2.08,,512000000
2026-05-29 14:03:01.437,2,1.8,,512000000
2026-05-29 14:03:01.434,2,1.62,,512000000
2026-05-29 14:03:01.428,5,4.25,,512000000
2026-05-29 14:03:01.416,2,1.65,,512000000
2026-05-29 14:03:01.331,2,1.74,,512000000
2026-05-29 14:03:01.298,2,1.94,,512000000
2026-05-29 14:03:01.267,11,10.32,,512000000
2026-05-29 14:03:01.248,9,8.97,,512000000
2026-05-29 14:03:01.231,2,1.94,,512000000
2026-05-29 14:03:01.225,3,2.08,,512000000
2026-05-29 14:03:01.195,22,21.95,,512000000
2026-05-29 14:03:01.190,2,1.89,,512000000
2026-05-29 14:03:01.181,3,2.02,,512000000
2026-05-29 14:03:01.174,9,8.65,,512000000
2026-05-29 14:03:01.153,3,2.61,,512000000
2026-05-29 14:03:01.126,2,1.86,,512000000
2026-05-29 14:03:01.102,2,1.89,,512000000
2026-05-29 14:03:01.063,2,1.9,,512000000
2026-05-29 14:03:01.062,2,1.85,,512000000
2026-05-29 14:03:01.028,3,2.19,,512000000
2026-05-29 14:03:01.024,2,1.81,,512000000
2026-05-29 14:03:00.966,3,2.06,,512000000
2026-05-29 14:03:00.943,2,1.91,,512000000
2026-05-29 14:03:00.884,2,1.74,,512000000
2026-05-29 14:03:00.688,3,2.06,,512000000
2026-05-29 14:03:00.533,2,1.98,,512000000
2026-05-29 14:03:00.409,2,1.71,,512000000
2026-05-29 14:03:00.370,2,1.71,,512000000
2026-05-29 14:03:00.341,2,2,,512000000
2026-05-29 14:03:00.319,2,1.88,,512000000
2026-05-29 14:03:00.314,2,1.73,,512000000
2026-05-29 14:03:00.283,2,1.7,,512000000
2026-05-29 14:03:00.230,2,1.82,,512000000
2026-05-29 14:03:00.206,3,2.33,,512000000
2026-05-29 14:03:00.187,10,9.86,,512000000
2026-05-29 14:03:00.176,2,1.87,,512000000
2026-05-29 14:03:00.147,3,2.96,,512000000
2026-05-29 14:03:00.145,2,1.71,,512000000
2026-05-29 14:03:00.128,66,65.21,,512000000
2026-05-29 14:03:00.107,2,1.71,,512000000
2026-05-29 14:03:00.075,2,1.81,,512000000
2026-05-29 14:03:00.064,2,1.87,,512000000
2026-05-29 14:03:00.029,2,1.68,,512000000
2026-05-29 14:02:59.994,7,6.83,,512000000
2026-05-29 14:02:59.980,2,1.79,,512000000
2026-05-29 14:02:59.937,2,1.76,,512000000
2026-05-29 14:02:59.921,2,1.69,,512000000
2026-05-29 14:02:59.898,2,1.98,,512000000
2026-05-29 14:02:59.894,2,1.66,,512000000
2026-05-29 14:02:59.856,3,2.05,,512000000
2026-05-29 14:02:59.808,4,3.02,,512000000
2026-05-29 14:02:59.791,2,1.91,,512000000
2026-05-29 14:02:59.729,6,5.36,,512000000
2026-05-29 14:02:59.716,3,2.2,,512000000
2026-05-29 14:02:59.698,6,5.71,,512000000
2026-05-29 14:02:59.680,2,1.86,,512000000
2026-05-29 14:02:59.679,3,2.02,,512000000
2026-05-29 14:02:59.623,2,1.87,,512000000
2026-05-29 14:02:59.596,2,1.72,,512000000
2026-05-29 14:02:59.551,2,1.77,,512000000
2026-05-29 14:02:59.526,2,1.73,,512000000
2026-05-29 14:02:59.403,2,1.85,,512000000
2026-05-29 14:02:59.398,2,1.77,,512000000
2026-05-29 14:02:59.387,9,8.85,,512000000
2026-05-29 14:02:59.358,3,2.02,,512000000
2026-05-29 14:02:59.328,2,1.85,,512000000
2026-05-29 14:02:59.288,2,1.99,,512000000
2026-05-29 14:02:59.243,2,1.83,,512000000
2026-05-29 14:02:59.148,11,10.04,,512000000
2026-05-29 14:02:59.131,2,1.98,,512000000
2026-05-29 14:02:59.118,3,2.15,,512000000
2026-05-29 14:02:59.096,3,2.07,,512000000
2026-05-29 14:02:59.084,3,2.06,,512000000
2026-05-29 14:02:59.033,2,1.86,,512000000
2026-05-29 14:02:59.016,3,2.01,,512000000
2026-05-29 14:02:59.001,2,1.92,,512000000
2026-05-29 14:02:58.998,3,2.15,,512000000
2026-05-29 14:02:58.876,2,1.73,,512000000
2026-05-29 14:02:58.859,2,1.75,,512000000
2026-05-29 14:02:58.799,3,2.27,,512000000
2026-05-29 14:02:58.758,9,8.8,,512000000
2026-05-29 14:02:58.741,2,1.78,,512000000
2026-05-29 14:02:58.584,2,1.61,,512000000
2026-05-29 14:02:58.569,2,1.79,,512000000
2026-05-29 14:02:58.525,2,1.89,,512000000
2026-05-29 14:02:58.377,2,1.98,,512000000
2026-05-29 14:02:58.377,2,1.93,,512000000
2026-05-29 14:02:58.346,2,1.66,,512000000
2026-05-29 14:02:58.295,63,62.85,,512000000
2026-05-29 14:02:58.287,12,11.93,,512000000
2026-05-29 14:02:58.279,2,1.84,,512000000
2026-05-29 14:02:58.240,2,1.88,,512000000
2026-05-29 14:02:58.236,2,1.84,,512000000
2026-05-29 14:02:58.236,3,2.34,,512000000
2026-05-29 14:02:58.212,2,1.73,,512000000
2026-05-29 14:02:58.210,2,1.62,,512000000
2026-05-29 14:02:58.194,9,8.04,,512000000
2026-05-29 14:02:58.144,2,1.75,,512000000
2026-05-29 14:02:58.143,2,1.9,,512000000
2026-05-29 14:02:58.053,21,20.91,,512000000
2026-05-29 14:02:58.043,3,2.18,,512000000
2026-05-29 14:02:57.964,4,3.72,,512000000
2026-05-29 14:02:57.924,2,1.71,,512000000
2026-05-29 14:02:57.911,3,2.62,,512000000
2026-05-29 14:02:57.874,63,62.6,,512000000
2026-05-29 14:02:57.824,2,1.83,,512000000
2026-05-29 14:02:57.751,2,1.84,,512000000
2026-05-29 14:02:57.722,2,1.88,,512000000
2026-05-29 14:02:57.700,2,1.86,,512000000
2026-05-29 14:02:57.649,2,1.77,,512000000
2026-05-29 14:02:57.649,2,1.84,,512000000
2026-05-29 14:02:57.592,2,1.75,,512000000
2026-05-29 14:02:57.569,2,1.97,,512000000
2026-05-29 14:02:57.554,6,5.07,,512000000
2026-05-29 14:02:57.506,3,2.05,,512000000
2026-05-29 14:02:57.491,3,2.21,,512000000
2026-05-29 14:02:57.486,2,1.81,,512000000
2026-05-29 14:02:57.465,2,1.62,,512000000
2026-05-29 14:02:57.459,2,1.77,,512000000
2026-05-29 14:02:57.439,2,1.7,,512000000
2026-05-29 14:02:57.315,9,8.83,,512000000
2026-05-29 14:02:57.297,2,1.88,,512000000
2026-05-29 14:02:57.256,2,1.73,,512000000
2026-05-29 14:02:57.243,2,1.75,,512000000
2026-05-29 14:02:57.186,2,1.77,,512000000
2026-05-29 14:02:57.168,2,1.76,,512000000
2026-05-29 14:02:57.165,2,1.88,,512000000
2026-05-29 14:02:57.098,9,8.93,,512000000
2026-05-29 14:02:57.075,12,11.85,,512000000
2026-05-29 14:02:57.054,6,5.46,,512000000
2026-05-29 14:02:57.041,2,1.84,,512000000
2026-05-29 14:02:57.034,3,2.26,,512000000
2026-05-29 14:02:57.018,2,1.79,,512000000
2026-05-29 14:02:56.947,3,2.15,,512000000
2026-05-29 14:02:56.936,3,2.02,,512000000
2026-05-29 14:02:56.911,2,1.61,,512000000
2026-05-29 14:02:56.853,6,5.16,,512000000
2026-05-29 14:02:56.842,2,1.67,,512000000
2026-05-29 14:02:56.783,2,1.77,,512000000
2026-05-29 14:02:56.690,2,1.73,,512000000
2026-05-29 14:02:56.666,3,2.01,,512000000
2026-05-29 14:02:56.651,2,1.79,,512000000
2026-05-29 14:02:56.629,2,1.7,,512000000
2026-05-29 14:02:56.577,2,1.76,,512000000
2026-05-29 14:02:56.558,2,1.86,,512000000
2026-05-29 14:02:56.552,2,1.86,,512000000
2026-05-29 14:02:56.462,2,1.99,,512000000
2026-05-29 14:02:56.408,2,1.73,,512000000
2026-05-29 14:02:56.406,2,1.91,,512000000
2026-05-29 14:02:56.376,2,1.71,,512000000
2026-05-29 14:02:56.297,2,1.9,,512000000
2026-05-29 14:02:56.295,6,5.45,,512000000
2026-05-29 14:02:56.279,2,1.99,,512000000
2026-05-29 14:02:56.254,24,23.16,,512000000
2026-05-29 14:02:56.253,3,2.03,,512000000
2026-05-29 14:02:56.234,3,2.16,,512000000
2026-05-29 14:02:56.218,2,1.63,,512000000
2026-05-29 14:02:56.165,2,1.69,,512000000
2026-05-29 14:02:56.093,2,1.69,,512000000
2026-05-29 14:02:56.028,2,1.86,,512000000
2026-05-29 14:02:55.996,2,1.76,,512000000
2026-05-29 14:02:55.988,2,2,,512000000
2026-05-29 14:02:55.983,2,1.9,,512000000
2026-05-29 14:02:55.943,2,1.79,,512000000
2026-05-29 14:02:55.864,2,1.98,,512000000
2026-05-29 14:02:55.832,2,1.9,,512000000
2026-05-29 14:02:55.798,2,1.88,,512000000
2026-05-29 14:02:55.778,2,1.99,,512000000
2026-05-29 14:02:55.734,2,1.81,,512000000
2026-05-29 14:02:55.728,2,1.96,,512000000
2026-05-29 14:02:55.723,2,1.68,,512000000
2026-05-29 14:02:55.653,2,1.93,,512000000
2026-05-29 14:02:55.634,14,13.11,,512000000
2026-05-29 14:02:55.614,31,30.42,,512000000
2026-05-29 14:02:55.580,2,1.78,,512000000
2026-05-29 14:02:55.558,2,1.83,,512000000
2026-05-29 14:02:55.493,2,1.82,,512000000
2026-05-29 14:02:55.435,7,6.75,,512000000
2026-05-29 14:02:55.422,3,2.6,,512000000
2026-05-29 14:02:55.386,3,2.04,,512000000
2026-05-29 14:02:55.366,2,1.78,,512000000
2026-05-29 14:02:55.363,2,1.76,,512000000
2026-05-29 14:02:55.288,2,1.7,,512000000
2026-05-29 14:02:55.273,3,2.12,,512000000
2026-05-29 14:02:55.256,2,1.88,,512000000
2026-05-29 14:02:55.247,3,2.09,,512000000
2026-05-29 14:02:55.236,2,1.84,,512000000
2026-05-29 14:02:55.214,32,31.48,,512000000
2026-05-29 14:02:55.200,2,1.9,,512000000
2026-05-29 14:02:55.138,2,1.9,,512000000
2026-05-29 14:02:55.117,2,1.85,,512000000
2026-05-29 14:02:55.104,2,1.85,,512000000
2026-05-29 14:02:55.081,3,2.03,,512000000
2026-05-29 14:02:54.878,2,1.82,,512000000
2026-05-29 14:02:54.842,2,1.87,,512000000
2026-05-29 14:02:54.761,2,1.74,,512000000
2026-05-29 14:02:54.707,2,1.88,,512000000
2026-05-29 14:02:54.634,4,3.23,,512000000
2026-05-29 14:02:54.618,2,1.69,,512000000
2026-05-29 14:02:54.595,2,1.9,,512000000
2026-05-29 14:02:54.591,2,1.85,,512000000
2026-05-29 14:02:54.584,2,1.94,,512000000
2026-05-29 14:02:54.518,2,1.91,,512000000
2026-05-29 14:02:54.478,2,1.76,,512000000
2026-05-29 14:02:54.474,38,37.01,,512000000
2026-05-29 14:02:54.444,2,1.79,,512000000
2026-05-29 14:02:54.398,2,1.96,,512000000
2026-05-29 14:02:54.390,2,1.95,,512000000
2026-05-29 14:02:54.365,3,2.13,,512000000
2026-05-29 14:02:54.362,3,2.48,,512000000
2026-05-29 14:02:54.267,3,2.02,,512000000
2026-05-29 14:02:54.242,2,1.81,,512000000
2026-05-29 14:02:54.230,2,1.94,,512000000
2026-05-29 14:02:54.171,2,1.97,,512000000
2026-05-29 14:02:54.148,2,1.79,,512000000
2026-05-29 14:02:54.114,8,7.98,,512000000
2026-05-29 14:02:54.114,2,1.75,,512000000
2026-05-29 14:02:54.097,2,1.88,,512000000
2026-05-29 14:02:54.063,2,1.85,,512000000
2026-05-29 14:02:54.043,2,1.84,,512000000
2026-05-29 14:02:54.033,2,1.64,,512000000
2026-05-29 14:02:53.979,2,1.64,,512000000
2026-05-29 14:02:53.959,2,1.85,,512000000
2026-05-29 14:02:53.946,3,2.12,,512000000
2026-05-29 14:02:53.945,2,1.81,,512000000
2026-05-29 14:02:53.911,2,1.82,,512000000
2026-05-29 14:02:53.893,2,1.66,,512000000
2026-05-29 14:02:53.784,2,1.8,,512000000
2026-05-29 14:02:53.746,3,2.04,,512000000
2026-05-29 14:02:53.704,2,1.83,,512000000
2026-05-29 14:02:53.696,2,1.91,,512000000
2026-05-29 14:02:53.668,2,1.86,,512000000
2026-05-29 14:02:53.645,2,1.69,,512000000
2026-05-29 14:02:53.633,2,1.68,,512000000
2026-05-29 14:02:53.629,2,1.77,,512000000
2026-05-29 14:02:53.628,14,13.35,,512000000
2026-05-29 14:02:53.612,2,1.76,,512000000
2026-05-29 14:02:53.580,2,1.94,,512000000
2026-05-29 14:02:53.454,6,5.75,,512000000
2026-05-29 14:02:53.418,3,2.14,,512000000
2026-05-29 14:02:53.412,2,1.78,,512000000
2026-05-29 14:02:53.390,2,1.69,,512000000
2026-05-29 14:02:53.384,2,1.73,,512000000
2026-05-29 14:02:53.295,3,2.14,,512000000
2026-05-29 14:02:53.256,2,1.76,,512000000
2026-05-29 14:02:53.233,2,1.89,,512000000
2026-05-29 14:02:53.151,2,1.72,,512000000
2026-05-29 14:02:53.147,25,24.3,,512000000
2026-05-29 14:02:53.127,2,1.89,,512000000
2026-05-29 14:02:53.090,2,1.86,,512000000
2026-05-29 14:02:53.085,2,1.8,,512000000
2026-05-29 14:02:53.044,2,1.71,,512000000
2026-05-29 14:02:53.023,2,1.69,,512000000
2026-05-29 14:02:53.013,2,1.68,,512000000
2026-05-29 14:02:52.990,3,2.73,,512000000
2026-05-29 14:02:52.959,2,1.62,,512000000
2026-05-29 14:02:52.927,2,1.96,,512000000
2026-05-29 14:02:52.786,2,1.99,,512000000
2026-05-29 14:02:52.734,10,9.3,,512000000
2026-05-29 14:02:52.718,2,1.83,,512000000
2026-05-29 14:02:52.675,2,1.75,,512000000
2026-05-29 14:02:52.663,2,1.82,,512000000
2026-05-29 14:02:52.626,2,1.69,,512000000
2026-05-29 14:02:52.599,2,1.75,,512000000
2026-05-29 14:02:52.572,2,1.72,,512000000
2026-05-29 14:02:52.533,2,1.73,,512000000
2026-05-29 14:02:52.510,2,1.8,,512000000
2026-05-29 14:02:52.506,2,1.82,,512000000
2026-05-29 14:02:52.488,8,7.68,,512000000
2026-05-29 14:02:52.475,3,2.09,,512000000
2026-05-29 14:02:52.436,2,1.86,,512000000
2026-05-29 14:02:52.408,2,1.85,,512000000
2026-05-29 14:02:52.398,2,1.94,,512000000
2026-05-29 14:02:52.393,3,2.07,,512000000
2026-05-29 14:02:52.374,2,2,,512000000
2026-05-29 14:02:52.357,2,1.95,,512000000
2026-05-29 14:02:52.270,2,1.95,,512000000
2026-05-29 14:02:52.252,2,1.88,,512000000
2026-05-29 14:02:52.214,6,5.41,,512000000
2026-05-29 14:02:52.197,2,1.71,,512000000
2026-05-29 14:02:52.175,30,29.88,,512000000
2026-05-29 14:02:52.138,2,1.84,,512000000
2026-05-29 14:02:52.135,2,1.75,,512000000
2026-05-29 14:02:52.105,2,1.82,,512000000
2026-05-29 14:02:52.008,2,1.77,,512000000
2026-05-29 14:02:51.980,2,1.6,,512000000
2026-05-29 14:02:51.948,2,1.74,,512000000
2026-05-29 14:02:51.821,2,1.68,,512000000
2026-05-29 14:02:51.785,2,1.98,,512000000
2026-05-29 14:02:51.646,3,2.03,,512000000
2026-05-29 14:02:51.614,8,7.11,,512000000
2026-05-29 14:02:51.597,3,2,,512000000
2026-05-29 14:02:51.568,2,1.68,,512000000
2026-05-29 14:02:51.517,2,1.86,,512000000
2026-05-29 14:02:51.494,13,12.13,,512000000
2026-05-29 14:02:51.476,2,1.91,,512000000
2026-05-29 14:02:51.424,2,1.9,,512000000
2026-05-29 14:02:51.377,2,1.63,,512000000
2026-05-29 14:02:51.314,10,9.94,,512000000
2026-05-29 14:02:51.298,3,2.01,,512000000
2026-05-29 14:02:51.298,2,1.81,,512000000
2026-05-29 14:02:51.230,2,1.94,,512000000
2026-05-29 14:02:51.205,2,1.76,,512000000
2026-05-29 14:02:51.172,3,2.16,,512000000
2026-05-29 14:02:51.172,3,2.08,,512000000
2026-05-29 14:02:51.145,3,2.72,,512000000
2026-05-29 14:02:51.138,2,1.75,,512000000
2026-05-29 14:02:51.134,2,1.75,,512000000
2026-05-29 14:02:51.134,2,1.94,,512000000
2026-05-29 14:02:51.011,2,1.76,,512000000
2026-05-29 14:02:51.007,5,4.97,,512000000
2026-05-29 14:02:50.975,3,2.27,,512000000
2026-05-29 14:02:50.961,2,1.98,,512000000
2026-05-29 14:02:50.907,3,2.77,,512000000
2026-05-29 14:02:50.907,2,1.86,,512000000
2026-05-29 14:02:50.905,2,1.7,,512000000
2026-05-29 14:02:50.900,3,2.32,,512000000
2026-05-29 14:02:50.889,17,16.9,,512000000
2026-05-29 14:02:50.813,2,1.81,,512000000
2026-05-29 14:02:50.792,2,1.78,,512000000
2026-05-29 14:02:50.776,2,1.79,,512000000
2026-05-29 14:02:50.748,3,2.03,,512000000
2026-05-29 14:02:50.734,2,1.75,,512000000
2026-05-29 14:02:50.725,2,1.73,,512000000
2026-05-29 14:02:50.663,3,2.31,,512000000
2026-05-29 14:02:50.615,2,1.69,,512000000
2026-05-29 14:02:50.610,2,1.96,,512000000
2026-05-29 14:02:50.470,2,1.9,,512000000
2026-05-29 14:02:50.421,3,2.02,,512000000
2026-05-29 14:02:50.416,3,2.06,,512000000
2026-05-29 14:02:50.397,2,1.76,,512000000
2026-05-29 14:02:50.310,2,1.77,,512000000
2026-05-29 14:02:50.280,3,2.32,,512000000
2026-05-29 14:02:50.246,2,1.78,,512000000
2026-05-29 14:02:50.228,2,1.88,,512000000
2026-05-29 14:02:50.188,17,16.94,,512000000
2026-05-29 14:02:50.139,2,1.72,,512000000
2026-05-29 14:02:50.111,5,4.19,,512000000
2026-05-29 14:02:49.956,3,2.05,,512000000
2026-05-29 14:02:49.950,2,1.85,,512000000
2026-05-29 14:02:49.916,2,1.71,,512000000
2026-05-29 14:02:49.893,2,1.95,,512000000
2026-05-29 14:02:49.854,2,1.79,,512000000
2026-05-29 14:02:49.805,2,1.81,,512000000
2026-05-29 14:02:49.771,2,1.73,,512000000
2026-05-29 14:02:49.768,3,2.54,,512000000
2026-05-29 14:02:49.758,2,1.76,,512000000
2026-05-29 14:02:49.742,2,1.83,,512000000
2026-05-29 14:02:49.694,2,1.85,,512000000
2026-05-29 14:02:49.684,2,1.94,,512000000
2026-05-29 14:02:49.661,2,1.99,,512000000
2026-05-29 14:02:49.629,3,2.99,,512000000
2026-05-29 14:02:49.609,10,9.1,,512000000
2026-05-29 14:02:49.589,3,2.18,,512000000
2026-05-29 14:02:49.572,3,2.68,,512000000
2026-05-29 14:02:49.565,2,1.89,,512000000
2026-05-29 14:02:49.537,2,1.86,,512000000
2026-05-29 14:02:49.521,3,2.2,,512000000
2026-05-29 14:02:49.514,2,1.9,,512000000
2026-05-29 14:02:49.514,5,4.59,,512000000
2026-05-29 14:02:49.498,2,1.9,,512000000
2026-05-29 14:02:49.353,2,1.76,,512000000
2026-05-29 14:02:49.335,19,18.84,,512000000
2026-05-29 14:02:49.275,2,1.65,,512000000
2026-05-29 14:02:49.167,2,1.76,,512000000
2026-05-29 14:02:49.153,2,1.92,,512000000
2026-05-29 14:02:49.152,2,1.82,,512000000
2026-05-29 14:02:49.091,2,1.83,,512000000
2026-05-29 14:02:49.018,2,1.74,,512000000
2026-05-29 14:02:49.013,2,1.88,,512000000
2026-05-29 14:02:48.944,2,1.81,,512000000
2026-05-29 14:02:48.910,2,1.74,,512000000
2026-05-29 14:02:48.893,7,6.68,,512000000
2026-05-29 14:02:48.874,8,7.55,,512000000
2026-05-29 14:02:48.855,2,1.64,,512000000
2026-05-29 14:02:48.849,8,7.49,,512000000
2026-05-29 14:02:48.833,2,1.84,,512000000
2026-05-29 14:02:48.716,2,1.91,,512000000
2026-05-29 14:02:48.708,15,14.17,,512000000
2026-05-29 14:02:48.668,6,5.29,,512000000
2026-05-29 14:02:48.590,2,1.76,,512000000
2026-05-29 14:02:48.541,3,2,,512000000
2026-05-29 14:02:48.520,2,1.8,,512000000
2026-05-29 14:02:48.474,2,1.76,,512000000
2026-05-29 14:02:48.453,2,1.81,,512000000
2026-05-29 14:02:48.424,2,1.9,,512000000
2026-05-29 14:02:48.385,2,1.85,,512000000
2026-05-29 14:02:48.383,2,1.69,,512000000
2026-05-29 14:02:48.362,2,1.77,,512000000
2026-05-29 14:02:48.323,2,1.71,,512000000
2026-05-29 14:02:48.312,2,1.9,,512000000
2026-05-29 14:02:48.304,2,1.58,,512000000
2026-05-29 14:02:48.303,2,1.84,,512000000
2026-05-29 14:02:48.278,10,9.69,,512000000
2026-05-29 14:02:48.266,2,1.88,,512000000
2026-05-29 14:02:48.254,5,4.44,,512000000
2026-05-29 14:02:48.193,2,1.61,,512000000
2026-05-29 14:02:48.139,2,1.98,,512000000
2026-05-29 14:02:48.126,2,1.87,,512000000
2026-05-29 14:02:48.091,2,1.67,,512000000
2026-05-29 14:02:48.087,2,1.83,,512000000
2026-05-29 14:02:48.009,9,8.04,,512000000
2026-05-29 14:02:48.003,4,3.42,,512000000
2026-05-29 14:02:47.990,25,24.19,,512000000
2026-05-29 14:02:47.972,4,3.17,,512000000
2026-05-29 14:02:47.968,2,1.9,,512000000
2026-05-29 14:02:47.928,32,31.58,,512000000
2026-05-29 14:02:47.924,2,1.66,,512000000
2026-05-29 14:02:47.758,3,2.21,,512000000
2026-05-29 14:02:47.740,2,1.62,,512000000
2026-05-29 14:02:47.608,2,1.75,,512000000
2026-05-29 14:02:47.496,2,1.86,,512000000
2026-05-29 14:02:47.429,4,3.74,,512000000
2026-05-29 14:02:47.418,2,1.99,,512000000
2026-05-29 14:02:47.403,2,1.82,,512000000
2026-05-29 14:02:47.384,2,1.81,,512000000
2026-05-29 14:02:47.350,31,30.48,,512000000
2026-05-29 14:02:47.326,3,2.07,,512000000
2026-05-29 14:02:47.313,2,1.71,,512000000
2026-05-29 14:02:47.273,2,1.91,,512000000
2026-05-29 14:02:47.248,2,1.98,,512000000
2026-05-29 14:02:47.194,2,1.71,,512000000
2026-05-29 14:02:47.194,7,6.3,,512000000
2026-05-29 14:02:47.178,2,1.76,,512000000
2026-05-29 14:02:47.168,2,1.64,,512000000
2026-05-29 14:02:47.148,2,1.7,,512000000
2026-05-29 14:02:47.057,2,1.83,,512000000
2026-05-29 14:02:47.047,3,2.09,,512000000
2026-05-29 14:02:47.035,3,2.16,,512000000
2026-05-29 14:02:47.034,2,1.83,,512000000
2026-05-29 14:02:47.021,2,1.83,,512000000
2026-05-29 14:02:46.934,10,9.18,,512000000
2026-05-29 14:02:46.888,2,1.68,,512000000
2026-05-29 14:02:46.888,4,3.1,,512000000
2026-05-29 14:02:46.882,3,2.11,,512000000
2026-05-29 14:02:46.865,2,1.85,,512000000
2026-05-29 14:02:46.848,3,2.04,,512000000
2026-05-29 14:02:46.844,2,1.85,,512000000
2026-05-29 14:02:46.795,3,2.13,,512000000
2026-05-29 14:02:46.609,12,11.99,,512000000
2026-05-29 14:02:46.564,2,1.85,,512000000
2026-05-29 14:02:46.558,2,1.91,,512000000
2026-05-29 14:02:46.530,3,2.04,,512000000
2026-05-29 14:02:46.488,9,8.74,,512000000
2026-05-29 14:02:46.469,2,1.76,,512000000
2026-05-29 14:02:46.456,5,4,,512000000
2026-05-29 14:02:46.432,2,1.95,,512000000
2026-05-29 14:02:46.350,3,2.26,,512000000
2026-05-29 14:02:46.334,3,3,,512000000
2026-05-29 14:02:46.320,2,1.78,,512000000
2026-05-29 14:02:46.289,3,2.08,,512000000
2026-05-29 14:02:46.281,2,1.93,,512000000
2026-05-29 14:02:46.212,2,1.73,,512000000
2026-05-29 14:02:46.189,2,1.78,,512000000
2026-05-29 14:02:46.172,2,1.83,,512000000
2026-05-29 14:02:46.131,2,1.73,,512000000
2026-05-29 14:02:46.058,2,1.89,,512000000
2026-05-29 14:02:45.990,2,1.68,,512000000
2026-05-29 14:02:45.989,9,8.18,,512000000
2026-05-29 14:02:45.849,8,7.75,,512000000
2026-05-29 14:02:45.841,2,1.86,,512000000
2026-05-29 14:02:45.810,2,1.83,,512000000
2026-05-29 14:02:45.755,2,1.79,,512000000
2026-05-29 14:02:45.748,5,4.84,,512000000
2026-05-29 14:02:45.744,2,1.92,,512000000
2026-05-29 14:02:45.735,3,2.02,,512000000
2026-05-29 14:02:45.713,2,1.87,,512000000
2026-05-29 14:02:45.701,2,1.83,,512000000
2026-05-29 14:02:45.680,2,1.7,,512000000
2026-05-29 14:02:45.621,3,2.15,,512000000
2026-05-29 14:02:45.578,2,1.95,,512000000
2026-05-29 14:02:45.538,6,5.41,,512000000
2026-05-29 14:02:45.533,2,1.73,,512000000
2026-05-29 14:02:45.486,2,1.72,,512000000
2026-05-29 14:02:45.454,2,1.88,,512000000
2026-05-29 14:02:45.449,8,7.56,,512000000
2026-05-29 14:02:45.440,2,1.73,,512000000
2026-05-29 14:02:45.429,15,14.8,,512000000
2026-05-29 14:02:45.421,2,1.98,,512000000
2026-05-29 14:02:45.366,2,1.75,,512000000
2026-05-29 14:02:45.317,2,1.8,,512000000
2026-05-29 14:02:45.235,2,1.97,,512000000
2026-05-29 14:02:45.206,6,5.07,,512000000
2026-05-29 14:02:45.182,2,1.71,,512000000
2026-05-29 14:02:45.086,13,12.01,,512000000
2026-05-29 14:02:45.040,2,1.87,,512000000
2026-05-29 14:02:44.937,2,1.82,,512000000
2026-05-29 14:02:44.931,2,1.91,,512000000
2026-05-29 14:02:44.913,2,1.99,,512000000
2026-05-29 14:02:44.899,2,1.71,,512000000
2026-05-29 14:02:44.867,2,1.83,,512000000
2026-05-29 14:02:44.849,2,1.95,,512000000
2026-05-29 14:02:44.769,5,4.47,,512000000
2026-05-29 14:02:44.759,2,1.89,,512000000
2026-05-29 14:02:44.757,3,2.3,,512000000
2026-05-29 14:02:44.752,2,1.83,,512000000
2026-05-29 14:02:44.706,3,2.05,,512000000
2026-05-29 14:02:44.655,2,1.92,,512000000
2026-05-29 14:02:44.634,3,2.23,,512000000
2026-05-29 14:02:44.539,3,2.1,,512000000
2026-05-29 14:02:44.518,3,2.08,,512000000
2026-05-29 14:02:44.491,2,1.91,,512000000
2026-05-29 14:02:44.455,3,2.02,,512000000
2026-05-29 14:02:44.454,5,4.08,,512000000
2026-05-29 14:02:44.440,2,1.99,,512000000
2026-05-29 14:02:44.419,2,2,,512000000
2026-05-29 14:02:44.383,2,1.89,,512000000
2026-05-29 14:02:44.361,2,1.62,,512000000
2026-05-29 14:02:44.354,2,1.89,,512000000
2026-05-29 14:02:44.349,2,1.88,,512000000
2026-05-29 14:02:44.333,3,2.15,,512000000
2026-05-29 14:02:44.331,2,2,,512000000
2026-05-29 14:02:44.237,2,1.8,,512000000
2026-05-29 14:02:44.200,2,1.8,,512000000
2026-05-29 14:02:44.146,10,9.27,,512000000
2026-05-29 14:02:44.118,2,1.81,,512000000
2026-05-29 14:02:44.111,3,2.45,,512000000
2026-05-29 14:02:44.098,3,2,,512000000
2026-05-29 14:02:44.094,11,10.79,,512000000
2026-05-29 14:02:44.074,5,4.6,,512000000
2026-05-29 14:02:44.066,7,6.21,,512000000
2026-05-29 14:02:44.061,2,1.73,,512000000
2026-05-29 14:02:44.055,3,2.2,,512000000
2026-05-29 14:02:44.026,5,4.88,,512000000
2026-05-29 14:02:43.885,2,1.82,,512000000
2026-05-29 14:02:43.840,2,1.89,,512000000
2026-05-29 14:02:43.837,3,2.31,,512000000
2026-05-29 14:02:43.822,3,2.21,,512000000
2026-05-29 14:02:43.819,2,1.84,,512000000
2026-05-29 14:02:43.785,2,1.86,,512000000
2026-05-29 14:02:43.765,3,2.05,,512000000
2026-05-29 14:02:43.587,2,1.85,,512000000
2026-05-29 14:02:43.445,3,2.06,,512000000
2026-05-29 14:02:43.439,3,2.23,,512000000
2026-05-29 14:02:43.415,3,2.49,,512000000
2026-05-29 14:02:43.358,3,2.02,,512000000
2026-05-29 14:02:43.330,3,2.09,,512000000
2026-05-29 14:02:43.285,3,2.51,,512000000
2026-05-29 14:02:43.255,2,1.97,,512000000
2026-05-29 14:02:43.224,3,2.08,,512000000
2026-05-29 14:02:43.218,2,1.84,,512000000
2026-05-29 14:02:43.168,8,7.01,,512000000
2026-05-29 14:02:43.149,13,12.59,,512000000
2026-05-29 14:02:43.038,2,1.94,,512000000
2026-05-29 14:02:43.020,2,1.93,,512000000
2026-05-29 14:02:42.996,2,1.77,,512000000
2026-05-29 14:02:42.975,2,1.78,,512000000
2026-05-29 14:02:42.909,4,3.94,,512000000
2026-05-29 14:02:42.908,7,6.44,,512000000
2026-05-29 14:02:42.892,2,1.79,,512000000
2026-05-29 14:02:42.889,13,12.69,,512000000
2026-05-29 14:02:42.871,2,1.91,,512000000
2026-05-29 14:02:42.870,2,1.92,,512000000
2026-05-29 14:02:42.852,2,1.71,,512000000
2026-05-29 14:02:42.848,9,8.83,,512000000
2026-05-29 14:02:42.829,2,2,,512000000
2026-05-29 14:02:42.825,2,1.73,,512000000
2026-05-29 14:02:42.749,2,1.72,,512000000
2026-05-29 14:02:42.748,12,11.06,,512000000
2026-05-29 14:02:42.703,2,1.8,,512000000
2026-05-29 14:02:42.696,2,1.74,,512000000
2026-05-29 14:02:42.679,2,1.85,,512000000
2026-05-29 14:02:42.569,3,2.15,,512000000
2026-05-29 14:02:42.563,2,1.82,,512000000
2026-05-29 14:02:42.563,3,2.11,,512000000
2026-05-29 14:02:42.546,2,1.66,,512000000
2026-05-29 14:02:42.532,3,2.01,,512000000
2026-05-29 14:02:42.506,2,1.82,,512000000
2026-05-29 14:02:42.460,2,1.68,,512000000
2026-05-29 14:02:42.437,2,1.92,,512000000
2026-05-29 14:02:42.393,2,1.94,,512000000
2026-05-29 14:02:42.344,2,1.83,,512000000
2026-05-29 14:02:42.332,2,1.74,,512000000
2026-05-29 14:02:42.311,2,1.69,,512000000
2026-05-29 14:02:42.291,2,1.74,,512000000
2026-05-29 14:02:42.262,2,1.68,,512000000
2026-05-29 14:02:42.257,2,1.79,,512000000
2026-05-29 14:02:42.179,2,1.95,,512000000
2026-05-29 14:02:42.151,2,1.85,,512000000
2026-05-29 14:02:42.130,3,2.2,,512000000
2026-05-29 14:02:42.086,3,2.01,,512000000
2026-05-29 14:02:42.049,2,1.8,,512000000
2026-05-29 14:02:41.895,2,1.69,,512000000
2026-05-29 14:02:41.831,2,1.88,,512000000
2026-05-29 14:02:41.789,2,1.8,,512000000
2026-05-29 14:02:41.721,2,1.79,,512000000
2026-05-29 14:02:41.605,3,2.24,,512000000
2026-05-29 14:02:41.578,2,1.92,,512000000
2026-05-29 14:02:41.543,2,1.85,,512000000
2026-05-29 14:02:41.496,2,1.92,,512000000
2026-05-29 14:02:41.451,2,1.78,,512000000
2026-05-29 14:02:41.431,2,1.73,,512000000
2026-05-29 14:02:41.425,2,1.67,,512000000
2026-05-29 14:02:41.401,2,1.75,,512000000
2026-05-29 14:02:41.396,2,1.89,,512000000
2026-05-29 14:02:41.337,2,1.83,,512000000
2026-05-29 14:02:41.313,2,1.87,,512000000
2026-05-29 14:02:41.308,2,1.63,,512000000
2026-05-29 14:02:41.284,2,1.72,,512000000
2026-05-29 14:02:41.191,2,1.61,,512000000
2026-05-29 14:02:41.190,2,1.7,,512000000
2026-05-29 14:02:41.112,2,1.79,,512000000
2026-05-29 14:02:41.035,2,1.83,,512000000
2026-05-29 14:02:41.030,2,1.86,,512000000
2026-05-29 14:02:41.014,2,1.83,,512000000
2026-05-29 14:02:41.012,3,2.03,,512000000
2026-05-29 14:02:40.909,2,1.96,,512000000
2026-05-29 14:02:40.902,2,1.78,,512000000
2026-05-29 14:02:40.901,2,1.92,,512000000
2026-05-29 14:02:40.889,15,14.27,,512000000
2026-05-29 14:02:40.869,2,1.95,,512000000
2026-05-29 14:02:40.866,3,2.09,,512000000
2026-05-29 14:02:40.863,2,1.82,,512000000
2026-05-29 14:02:40.850,3,2.04,,512000000
2026-05-29 14:02:40.799,2,1.83,,512000000
2026-05-29 14:02:40.782,3,2.15,,512000000
2026-05-29 14:02:40.772,2,1.72,,512000000
2026-05-29 14:02:40.724,2,1.66,,512000000
2026-05-29 14:02:40.666,2,1.75,,512000000
2026-05-29 14:02:40.588,2,1.81,,512000000
2026-05-29 14:02:40.573,11,10.38,,512000000
2026-05-29 14:02:40.555,2,1.69,,512000000
2026-05-29 14:02:40.528,2,1.68,,512000000
2026-05-29 14:02:40.514,2,1.76,,512000000
2026-05-29 14:02:40.448,2,1.69,,512000000
2026-05-29 14:02:40.428,2,1.88,,512000000
2026-05-29 14:02:40.427,3,2.52,,512000000
2026-05-29 14:02:40.349,12,11.62,,512000000
2026-05-29 14:02:40.331,2,1.7,,512000000
2026-05-29 14:02:40.259,2,1.95,,512000000
2026-05-29 14:02:40.255,2,1.61,,512000000
2026-05-29 14:02:40.192,2,1.67,,512000000
2026-05-29 14:02:40.175,2,1.73,,512000000
2026-05-29 14:02:40.169,5,4.98,,512000000
2026-05-29 14:02:40.156,2,1.85,,512000000
2026-05-29 14:02:40.149,2,1.67,,512000000
2026-05-29 14:02:40.129,3,2.1,,512000000
2026-05-29 14:02:40.124,3,2.25,,512000000
2026-05-29 14:02:40.124,2,1.68,,512000000
2026-05-29 14:02:40.030,3,2.32,,512000000
2026-05-29 14:02:39.938,3,2.09,,512000000
2026-05-29 14:02:39.909,8,7.9,,512000000
2026-05-29 14:02:39.792,2,1.7,,512000000
2026-05-29 14:02:39.748,3,2.09,,512000000
2026-05-29 14:02:39.634,2,1.94,,512000000
2026-05-29 14:02:39.628,6,5.54,,512000000
2026-05-29 14:02:39.618,2,1.82,,512000000
2026-05-29 14:02:39.611,2,1.67,,512000000
2026-05-29 14:02:39.589,12,11.27,,512000000
2026-05-29 14:02:39.585,2,1.64,,512000000
2026-05-29 14:02:39.574,2,1.76,,512000000
2026-05-29 14:02:39.570,15,14.91,,512000000
2026-05-29 14:02:39.557,2,1.72,,512000000
2026-05-29 14:02:39.436,2,1.79,,512000000
2026-05-29 14:02:39.431,2,1.74,,512000000
2026-05-29 14:02:39.398,3,2.02,,512000000
2026-05-29 14:02:39.398,2,1.72,,512000000
2026-05-29 14:02:39.393,2,1.68,,512000000
2026-05-29 14:02:39.387,2,1.69,,512000000
2026-05-29 14:02:39.344,2,1.86,,512000000
2026-05-29 14:02:39.252,2,1.87,,512000000
2026-05-29 14:02:39.169,2,1.73,,512000000
2026-05-29 14:02:39.166,2,1.88,,512000000
2026-05-29 14:02:39.121,3,2.03,,512000000
2026-05-29 14:02:39.120,2,1.84,,512000000
2026-05-29 14:02:39.093,3,2.06,,512000000
2026-05-29 14:02:39.083,2,1.66,,512000000
2026-05-29 14:02:39.020,2,1.71,,512000000
2026-05-29 14:02:38.910,2,1.84,,512000000
2026-05-29 14:02:38.908,8,7.79,,512000000
2026-05-29 14:02:38.855,3,2.79,,512000000
2026-05-29 14:02:38.815,3,2.01,,512000000
2026-05-29 14:02:38.794,4,3.42,,512000000
2026-05-29 14:02:38.793,5,4.29,,512000000
2026-05-29 14:02:38.779,2,1.84,,512000000
2026-05-29 14:02:38.777,4,3.04,,512000000
2026-05-29 14:02:38.765,3,2.03,,512000000
2026-05-29 14:02:38.675,3,2.13,,512000000
2026-05-29 14:02:38.674,2,1.88,,512000000
2026-05-29 14:02:38.606,7,6.05,,512000000
2026-05-29 14:02:38.459,2,1.97,,512000000
2026-05-29 14:02:38.453,6,5.17,,512000000
2026-05-29 14:02:38.444,3,2.03,,512000000
2026-05-29 14:02:38.444,3,2.2,,512000000
2026-05-29 14:02:38.441,2,1.71,,512000000
2026-05-29 14:02:38.383,2,1.78,,512000000
2026-05-29 14:02:38.308,2,1.76,,512000000
2026-05-29 14:02:38.209,3,2.06,,512000000
2026-05-29 14:02:38.202,6,5.19,,512000000
2026-05-29 14:02:38.197,2,1.97,,512000000
2026-05-29 14:02:38.175,2,1.7,,512000000
2026-05-29 14:02:38.111,2,1.83,,512000000
2026-05-29 14:02:38.095,3,2.44,,512000000
2026-05-29 14:02:38.063,3,2.7,,512000000
2026-05-29 14:02:38.026,2,1.97,,512000000
2026-05-29 14:02:37.984,2,1.94,,512000000
2026-05-29 14:02:37.979,2,1.73,,512000000
2026-05-29 14:02:37.957,2,1.84,,512000000
2026-05-29 14:02:37.957,2,1.73,,512000000
2026-05-29 14:02:37.892,3,2.15,,512000000
2026-05-29 14:02:37.885,3,2.02,,512000000
2026-05-29 14:02:37.850,2,1.95,,512000000
2026-05-29 14:02:37.807,3,2.23,,512000000
2026-05-29 14:02:37.783,3,2.02,,512000000
2026-05-29 14:02:37.639,2,1.97,,512000000
2026-05-29 14:02:37.616,3,2.31,,512000000
2026-05-29 14:02:37.610,2,1.8,,512000000
2026-05-29 14:02:37.603,3,2.16,,512000000
2026-05-29 14:02:37.579,2,1.97,,512000000
2026-05-29 14:02:37.541,2,1.73,,512000000
2026-05-29 14:02:37.477,2,1.9,,512000000
2026-05-29 14:02:37.450,2,1.93,,512000000
2026-05-29 14:02:37.394,2,1.8,,512000000
2026-05-29 14:02:37.352,3,2.76,,512000000
2026-05-29 14:02:37.323,2,1.89,,512000000
2026-05-29 14:02:37.305,2,1.81,,512000000
2026-05-29 14:02:37.282,2,1.67,,512000000
2026-05-29 14:02:37.192,2,1.86,,512000000
2026-05-29 14:02:37.186,2,1.87,,512000000
2026-05-29 14:02:37.186,2,1.76,,512000000
2026-05-29 14:02:37.176,14,13.12,,512000000
2026-05-29 14:02:37.148,11,10.22,,512000000
2026-05-29 14:02:37.103,3,2.13,,512000000
2026-05-29 14:02:37.102,2,1.96,,512000000
2026-05-29 14:02:37.077,2,1.79,,512000000
2026-05-29 14:02:36.939,2,1.83,,512000000
2026-05-29 14:02:36.876,2,1.73,,512000000
2026-05-29 14:02:36.839,2,1.7,,512000000
2026-05-29 14:02:36.826,2,1.78,,512000000
2026-05-29 14:02:36.799,2,1.78,,512000000
2026-05-29 14:02:36.766,3,2.12,,512000000
2026-05-29 14:02:36.737,3,2.1,,512000000
2026-05-29 14:02:36.717,2,1.83,,512000000
2026-05-29 14:02:36.701,2,1.74,,512000000
2026-05-29 14:02:36.700,2,1.95,,512000000
2026-05-29 14:02:36.699,2,1.85,,512000000
2026-05-29 14:02:36.664,3,2.27,,512000000
2026-05-29 14:02:36.632,3,2.56,,512000000
2026-05-29 14:02:36.608,11,10.4,,512000000
2026-05-29 14:02:36.601,3,2.05,,512000000
2026-05-29 14:02:36.589,2,1.95,,512000000
2026-05-29 14:02:36.558,2,1.91,,512000000
2026-05-29 14:02:36.448,8,7.11,,512000000
2026-05-29 14:02:36.446,2,1.63,,512000000
2026-05-29 14:02:36.429,3,2,,512000000
2026-05-29 14:02:36.386,2,1.87,,512000000
2026-05-29 14:02:36.348,2,1.74,,512000000
2026-05-29 14:02:36.300,2,1.69,,512000000
2026-05-29 14:02:36.248,3,2.02,,512000000
2026-05-29 14:02:36.156,3,2.14,,512000000
2026-05-29 14:02:36.126,3,2.21,,512000000
2026-05-29 14:02:36.099,2,1.82,,512000000
2026-05-29 14:02:36.096,2,1.99,,512000000
2026-05-29 14:02:36.096,2,1.78,,512000000
2026-05-29 14:02:36.094,19,18.81,,512000000
2026-05-29 14:02:36.072,2,2,,512000000
2026-05-29 14:02:36.069,2,1.68,,512000000
2026-05-29 14:02:36.014,3,2.19,,512000000
2026-05-29 14:02:36.006,2,1.87,,512000000
2026-05-29 14:02:35.952,3,2.76,,512000000
2026-05-29 14:02:35.918,3,2.37,,512000000
2026-05-29 14:02:35.888,4,3.19,,512000000
2026-05-29 14:02:35.834,28,27.42,,512000000
2026-05-29 14:02:35.803,2,1.69,,512000000
2026-05-29 14:02:35.779,2,1.84,,512000000
2026-05-29 14:02:35.690,2,1.62,,512000000
2026-05-29 14:02:35.663,2,1.99,,512000000
2026-05-29 14:02:35.660,2,1.75,,512000000
2026-05-29 14:02:35.646,3,2.02,,512000000
2026-05-29 14:02:35.595,3,2.02,,512000000
2026-05-29 14:02:35.552,2,1.81,,512000000
2026-05-29 14:02:35.491,2,1.86,,512000000
2026-05-29 14:02:35.425,3,2.16,,512000000
2026-05-29 14:02:35.417,3,2.6,,512000000
2026-05-29 14:02:35.417,3,2.25,,512000000
2026-05-29 14:02:35.414,3,2.15,,512000000
2026-05-29 14:02:35.410,3,2.04,,512000000
2026-05-29 14:02:35.305,2,1.88,,512000000
2026-05-29 14:02:35.262,2,1.86,,512000000
2026-05-29 14:02:35.237,2,1.92,,512000000
2026-05-29 14:02:35.232,2,1.89,,512000000
2026-05-29 14:02:35.198,8,7.27,,512000000
2026-05-29 14:02:35.164,2,1.77,,512000000
2026-05-29 14:02:35.159,2,1.71,,512000000
2026-05-29 14:02:35.096,2,1.75,,512000000
2026-05-29 14:02:35.065,2,1.73,,512000000
2026-05-29 14:02:34.987,2,1.96,,512000000
2026-05-29 14:02:34.929,3,2.4,,512000000
2026-05-29 14:02:34.920,3,2.27,,512000000
2026-05-29 14:02:34.919,3,2.13,,512000000
2026-05-29 14:02:34.911,2,1.79,,512000000
2026-05-29 14:02:34.866,2,1.8,,512000000
2026-05-29 14:02:34.779,2,1.79,,512000000
2026-05-29 14:02:34.744,2,1.66,,512000000
2026-05-29 14:02:34.740,2,1.83,,512000000
2026-05-29 14:02:34.709,2,1.62,,512000000
2026-05-29 14:02:34.649,2,1.67,,512000000
2026-05-29 14:02:34.618,2,1.95,,512000000
2026-05-29 14:02:34.613,2,1.71,,512000000
2026-05-29 14:02:34.591,2,1.74,,512000000
2026-05-29 14:02:34.565,2,1.96,,512000000
2026-05-29 14:02:34.559,2,1.65,,512000000
2026-05-29 14:02:34.450,2,1.72,,512000000
2026-05-29 14:02:34.368,2,1.7,,512000000
2026-05-29 14:02:34.307,5,4.21,,512000000
2026-05-29 14:02:34.296,2,1.62,,512000000
2026-05-29 14:02:34.283,3,2.02,,512000000
2026-05-29 14:02:34.244,2,1.87,,512000000
2026-05-29 14:02:34.198,3,2.07,,512000000
2026-05-29 14:02:34.195,18,17.78,,512000000
2026-05-29 14:02:34.168,3,2.02,,512000000
2026-05-29 14:02:34.093,3,2.19,,512000000
2026-05-29 14:02:34.071,2,1.93,,512000000
2026-05-29 14:02:34.020,3,2.02,,512000000
2026-05-29 14:02:34.020,3,2.42,,512000000
2026-05-29 14:02:34.004,2,1.91,,512000000
2026-05-29 14:02:33.981,2,1.86,,512000000
2026-05-29 14:02:33.928,2,1.85,,512000000
2026-05-29 14:02:33.920,2,1.92,,512000000
2026-05-29 14:02:33.894,2,1.78,,512000000
2026-05-29 14:02:33.861,3,2.16,,512000000
2026-05-29 14:02:33.860,2,1.99,,512000000
2026-05-29 14:02:33.843,4,3.16,,512000000
2026-05-29 14:02:33.783,2,1.78,,512000000
2026-05-29 14:02:33.729,2,1.92,,512000000
2026-05-29 14:02:33.725,3,2.07,,512000000
2026-05-29 14:02:33.695,2,1.92,,512000000
2026-05-29 14:02:33.676,2,1.96,,512000000
2026-05-29 14:02:33.669,3,2.39,,512000000
2026-05-29 14:02:33.578,2,1.94,,512000000
2026-05-29 14:02:33.561,2,1.88,,512000000
2026-05-29 14:02:33.553,5,4.02,,512000000
2026-05-29 14:02:33.538,2,1.79,,512000000
2026-05-29 14:02:33.477,2,1.87,,512000000
2026-05-29 14:02:33.460,2,1.68,,512000000
2026-05-29 14:02:33.443,2,1.91,,512000000
2026-05-29 14:02:33.373,10,9.96,,512000000
2026-05-29 14:02:33.354,10,9.6,,512000000
2026-05-29 14:02:33.336,2,1.97,,512000000
2026-05-29 14:02:33.332,3,2.06,,512000000
2026-05-29 14:02:33.323,3,2.64,,512000000
2026-05-29 14:02:33.286,2,1.78,,512000000
2026-05-29 14:02:33.210,3,2.52,,512000000
2026-05-29 14:02:33.194,2,1.92,,512000000
2026-05-29 14:02:33.158,2,1.68,,512000000
2026-05-29 14:02:33.110,3,2.07,,512000000
2026-05-29 14:02:33.072,3,2,,512000000
2026-05-29 14:02:33.063,2,1.93,,512000000
2026-05-29 14:02:33.054,6,5.42,,512000000
2026-05-29 14:02:33.035,2,1.68,,512000000
2026-05-29 14:02:32.978,3,2.06,,512000000
2026-05-29 14:02:32.952,2,1.79,,512000000
2026-05-29 14:02:32.813,2,1.82,,512000000
2026-05-29 14:02:32.769,2,1.84,,512000000
2026-05-29 14:02:32.710,2,1.79,,512000000
2026-05-29 14:02:32.654,9,8.18,,512000000
2026-05-29 14:02:32.636,2,1.77,,512000000
2026-05-29 14:02:32.618,2,1.77,,512000000
2026-05-29 14:02:32.603,2,1.7,,512000000
2026-05-29 14:02:32.580,2,1.85,,512000000
2026-05-29 14:02:32.513,2,1.9,,512000000
2026-05-29 14:02:32.494,2,1.87,,512000000
2026-05-29 14:02:32.473,9,8.12,,512000000
2026-05-29 14:02:32.377,2,1.77,,512000000
2026-05-29 14:02:32.300,3,2.23,,512000000
2026-05-29 14:02:32.280,2,1.85,,512000000
2026-05-29 14:02:32.278,2,1.69,,512000000
2026-05-29 14:02:32.251,5,4.85,,512000000
2026-05-29 14:02:32.215,2,1.86,,512000000
2026-05-29 14:02:32.199,2,1.79,,512000000
2026-05-29 14:02:32.145,2,1.92,,512000000
2026-05-29 14:02:32.095,2,1.77,,512000000
2026-05-29 14:02:32.075,2,1.86,,512000000
2026-05-29 14:02:32.074,2,1.81,,512000000
2026-05-29 14:02:32.068,18,17.5,,512000000
2026-05-29 14:02:32.056,2,1.73,,512000000
2026-05-29 14:02:32.010,12,11.67,,512000000
2026-05-29 14:02:31.998,2,1.85,,512000000
2026-05-29 14:02:31.968,2,1.91,,512000000
2026-05-29 14:02:31.911,2,1.92,,512000000
2026-05-29 14:02:31.907,2,1.79,,512000000
2026-05-29 14:02:31.835,2,1.73,,512000000
2026-05-29 14:02:31.813,2,1.75,,512000000
2026-05-29 14:02:31.793,4,3.43,,512000000
2026-05-29 14:02:31.790,11,10.37,,512000000
2026-05-29 14:02:31.777,2,1.78,,512000000
2026-05-29 14:02:31.773,2,1.75,,512000000
2026-05-29 14:02:31.727,13,12.54,,512000000
2026-05-29 14:02:31.693,2,1.75,,512000000
2026-05-29 14:02:31.665,2,1.81,,512000000
2026-05-29 14:02:31.653,3,2,,512000000
2026-05-29 14:02:31.620,2,1.93,,512000000
2026-05-29 14:02:31.614,7,6.38,,512000000
2026-05-29 14:02:31.598,2,1.78,,512000000
2026-05-29 14:02:31.587,2,1.89,,512000000
2026-05-29 14:02:31.457,2,1.73,,512000000
2026-05-29 14:02:31.411,2,1.98,,512000000
2026-05-29 14:02:31.356,2,1.78,,512000000
2026-05-29 14:02:31.353,12,11.56,,512000000
2026-05-29 14:02:31.331,2,1.98,,512000000
2026-05-29 14:02:31.292,7,6.48,,512000000
2026-05-29 14:02:31.229,19,18.62,,512000000
2026-05-29 14:02:31.228,2,1.69,,512000000
2026-05-29 14:02:31.166,2,1.67,,512000000
2026-05-29 14:02:31.145,2,1.99,,512000000
2026-05-29 14:02:31.144,2,1.76,,512000000
2026-05-29 14:02:31.115,2,1.72,,512000000
2026-05-29 14:02:31.025,2,1.7,,512000000
2026-05-29 14:02:30.994,5,4.67,,512000000
2026-05-29 14:02:30.979,2,1.77,,512000000
2026-05-29 14:02:30.975,3,2,,512000000
2026-05-29 14:02:30.934,2,1.89,,512000000
2026-05-29 14:02:30.919,2,1.88,,512000000
2026-05-29 14:02:30.824,2,1.85,,512000000
2026-05-29 14:02:30.795,2,1.76,,512000000
2026-05-29 14:02:30.762,2,1.78,,512000000
2026-05-29 14:02:30.703,2,1.72,,512000000
2026-05-29 14:02:30.616,2,1.72,,512000000
2026-05-29 14:02:30.604,3,2.01,,512000000
2026-05-29 14:02:30.600,2,1.8,,512000000
2026-05-29 14:02:30.550,2,1.76,,512000000
2026-05-29 14:02:30.504,2,1.71,,512000000
2026-05-29 14:02:30.424,2,1.8,,512000000
2026-05-29 14:02:30.387,2,1.94,,512000000
2026-05-29 14:02:30.385,2,1.73,,512000000
2026-05-29 14:02:30.368,2,1.8,,512000000
2026-05-29 14:02:30.335,2,1.78,,512000000
2026-05-29 14:02:30.316,2,1.77,,512000000
2026-05-29 14:02:30.250,2,1.67,,512000000
2026-05-29 14:02:30.214,7,6.82,,512000000
2026-05-29 14:02:30.199,2,1.8,,512000000
2026-05-29 14:02:30.185,2,1.71,,512000000
2026-05-29 14:02:30.170,2,1.81,,512000000
2026-05-29 14:02:30.116,2,1.62,,512000000
2026-05-29 14:02:30.098,2,1.54,,512000000
2026-05-29 14:02:30.076,2,1.74,,512000000
2026-05-29 14:02:30.045,2,1.67,,512000000
2026-05-29 14:02:30.030,2,1.7,,512000000
2026-05-29 14:02:29.973,12,11.75,,512000000
2026-05-29 14:02:29.956,2,1.74,,512000000
2026-05-29 14:02:29.949,2,1.94,,512000000
2026-05-29 14:02:29.929,10,9.41,,512000000
2026-05-29 14:02:29.912,2,1.7,,512000000
2026-05-29 14:02:29.829,5,4.61,,512000000
2026-05-29 14:02:29.813,2,1.89,,512000000
2026-05-29 14:02:29.810,2,1.67,,512000000
2026-05-29 14:02:29.727,2,1.66,,512000000
2026-05-29 14:02:29.692,2,1.8,,512000000
2026-05-29 14:02:29.634,2,1.81,,512000000
2026-05-29 14:02:29.608,2,1.67,,512000000
2026-05-29 14:02:29.590,2,1.72,,512000000
2026-05-29 14:02:29.560,2,1.66,,512000000
2026-05-29 14:02:29.473,2,1.73,,512000000
2026-05-29 14:02:29.453,2,1.71,,512000000
2026-05-29 14:02:29.357,3,2.9,,512000000
2026-05-29 14:02:29.352,2,1.73,,512000000
2026-05-29 14:02:29.348,20,19.79,,512000000
2026-05-29 14:02:29.339,3,2.19,,512000000
2026-05-29 14:02:29.268,22,21.62,,512000000
2026-05-29 14:02:29.251,3,2.08,,512000000
2026-05-29 14:02:29.233,11,10.07,,512000000
2026-05-29 14:02:29.208,3,2.42,,512000000
2026-05-29 14:02:29.143,2,1.89,,512000000
2026-05-29 14:02:29.109,3,2.21,,512000000
2026-05-29 14:02:29.095,3,2.16,,512000000
2026-05-29 14:02:28.989,2,1.86,,512000000
2026-05-29 14:02:28.970,7,6.71,,512000000
2026-05-29 14:02:28.949,2,1.95,,512000000
2026-05-29 14:02:28.913,2,1.75,,512000000
2026-05-29 14:02:28.817,7,6.14,,512000000
2026-05-29 14:02:28.793,10,9.72,,512000000
2026-05-29 14:02:28.788,6,5.34,,512000000
2026-05-29 14:02:28.763,3,2.69,,512000000
2026-05-29 14:02:28.727,61,60.15,,512000000
2026-05-29 14:02:28.708,2,1.88,,512000000
2026-05-29 14:02:28.697,2,1.73,,512000000
2026-05-29 14:02:28.639,2,1.82,,512000000
2026-05-29 14:02:28.597,2,1.9,,512000000
2026-05-29 14:02:28.527,3,2.7,,512000000
2026-05-29 14:02:28.515,2,1.98,,512000000
2026-05-29 14:02:28.498,2,1.64,,512000000
2026-05-29 14:02:28.496,2,1.77,,512000000
2026-05-29 14:02:28.484,2,1.72,,512000000
2026-05-29 14:02:28.447,2,1.84,,512000000
2026-05-29 14:02:28.375,2,1.69,,512000000
2026-05-29 14:02:28.351,2,1.86,,512000000
2026-05-29 14:02:28.335,2,1.7,,512000000
2026-05-29 14:02:28.308,2,1.66,,512000000
2026-05-29 14:02:28.257,2,1.87,,512000000
2026-05-29 14:02:28.248,5,4.12,,512000000
2026-05-29 14:02:28.227,10,9.38,,512000000
2026-05-29 14:02:28.211,2,1.85,,512000000
2026-05-29 14:02:28.183,2,1.74,,512000000
2026-05-29 14:02:28.124,2,1.91,,512000000
2026-05-29 14:02:28.090,5,4.88,,512000000
2026-05-29 14:02:28.037,2,1.6,,512000000
2026-05-29 14:02:28.033,2,1.74,,512000000
2026-05-29 14:02:27.958,2,1.83,,512000000
2026-05-29 14:02:27.929,3,2.79,,512000000
2026-05-29 14:02:27.922,2,1.78,,512000000
2026-05-29 14:02:27.920,2,1.77,,512000000
2026-05-29 14:02:27.914,2,1.99,,512000000
2026-05-29 14:02:27.913,2,1.82,,512000000
2026-05-29 14:02:27.907,7,6.19,,512000000
2026-05-29 14:02:27.889,2,1.88,,512000000
2026-05-29 14:02:27.818,3,2.1,,512000000
2026-05-29 14:02:27.758,2,1.76,,512000000
2026-05-29 14:02:27.729,2,1.87,,512000000
2026-05-29 14:02:27.703,2,1.81,,512000000
2026-05-29 14:02:27.574,3,2.08,,512000000
2026-05-29 14:02:27.559,2,1.83,,512000000
2026-05-29 14:02:27.536,2,1.89,,512000000
2026-05-29 14:02:27.506,4,3.28,,512000000
2026-05-29 14:02:27.407,31,30.66,,512000000
2026-05-29 14:02:27.349,2,1.8,,512000000
2026-05-29 14:02:27.336,3,2.1,,512000000
2026-05-29 14:02:27.266,2,1.79,,512000000
2026-05-29 14:02:27.262,2,1.99,,512000000
2026-05-29 14:02:27.248,2,1.87,,512000000
2026-05-29 14:02:27.149,2,1.65,,512000000
2026-05-29 14:02:27.068,5,4.48,,512000000
2026-05-29 14:02:27.058,2,1.82,,512000000
2026-05-29 14:02:27.058,3,2.23,,512000000
2026-05-29 14:02:27.052,2,1.98,,512000000
2026-05-29 14:02:27.035,5,4.24,,512000000
2026-05-29 14:02:26.900,2,1.77,,512000000
2026-05-29 14:02:26.865,2,1.85,,512000000
2026-05-29 14:02:26.811,3,2.24,,512000000
2026-05-29 14:02:26.788,36,35.52,,512000000
2026-05-29 14:02:26.779,2,1.83,,512000000
2026-05-29 14:02:26.766,2,1.72,,512000000
2026-05-29 14:02:26.729,3,2.74,,512000000
2026-05-29 14:02:26.722,2,1.89,,512000000
2026-05-29 14:02:26.717,5,4.17,,512000000
2026-05-29 14:02:26.710,2,1.86,,512000000
2026-05-29 14:02:26.709,2,1.69,,512000000
2026-05-29 14:02:26.697,3,2.04,,512000000
2026-05-29 14:02:26.672,2,1.87,,512000000
2026-05-29 14:02:26.635,2,1.79,,512000000
2026-05-29 14:02:26.610,2,1.71,,512000000
2026-05-29 14:02:26.609,2,1.75,,512000000
2026-05-29 14:02:26.536,2,1.84,,512000000
2026-05-29 14:02:26.501,2,1.92,,512000000
2026-05-29 14:02:26.418,2,1.99,,512000000
2026-05-29 14:02:26.397,2,1.91,,512000000
2026-05-29 14:02:26.390,2,1.75,,512000000
2026-05-29 14:02:26.351,2,1.82,,512000000
2026-05-29 14:02:26.312,2,1.75,,512000000
2026-05-29 14:02:26.281,2,1.66,,512000000
2026-05-29 14:02:26.268,2,1.73,,512000000
2026-05-29 14:02:26.182,2,1.83,,512000000
2026-05-29 14:02:26.179,2,1.77,,512000000
2026-05-29 14:02:26.136,2,1.77,,512000000
2026-05-29 14:02:26.131,3,2.1,,512000000
2026-05-29 14:02:26.125,2,1.85,,512000000
2026-05-29 14:02:26.125,2,1.79,,512000000
2026-05-29 14:02:26.069,2,1.74,,512000000
2026-05-29 14:02:26.019,2,1.77,,512000000
2026-05-29 14:02:26.012,3,2.43,,512000000
2026-05-29 14:02:26.000,3,2,,512000000
2026-05-29 14:02:25.999,2,1.81,,512000000
2026-05-29 14:02:25.915,2,1.73,,512000000
2026-05-29 14:02:25.904,2,1.95,,512000000
2026-05-29 14:02:25.814,7,6.82,,512000000
2026-05-29 14:02:25.811,3,2.42,,512000000
2026-05-29 14:02:25.803,3,2.11,,512000000
2026-05-29 14:02:25.796,2,1.72,,512000000
2026-05-29 14:02:25.780,2,1.74,,512000000
2026-05-29 14:02:25.776,2,1.77,,512000000
2026-05-29 14:02:25.749,2,1.81,,512000000
2026-05-29 14:02:25.555,3,2.07,,512000000
2026-05-29 14:02:25.552,2,1.77,,512000000
2026-05-29 14:02:25.534,11,10.57,,512000000
2026-05-29 14:02:25.494,2,1.88,,512000000
2026-05-29 14:02:25.380,2,1.91,,512000000
2026-05-29 14:02:25.380,2,1.91,,512000000
2026-05-29 14:02:25.289,27,26.47,,512000000
2026-05-29 14:02:25.274,2,1.96,,512000000
2026-05-29 14:02:25.267,2,1.96,,512000000
2026-05-29 14:02:25.254,3,2.01,,512000000
2026-05-29 14:02:25.245,2,2,,512000000
2026-05-29 14:02:25.212,3,2,,512000000
2026-05-29 14:02:25.153,2,1.89,,512000000
2026-05-29 14:02:25.114,2,1.68,,512000000
2026-05-29 14:02:25.035,2,1.91,,512000000
2026-05-29 14:02:25.001,2,1.98,,512000000
2026-05-29 14:02:24.959,2,1.87,,512000000
2026-05-29 14:02:24.947,2,1.99,,512000000
2026-05-29 14:02:24.913,3,2.11,,512000000
2026-05-29 14:02:24.907,2,1.75,,512000000
2026-05-29 14:02:24.861,3,2.36,,512000000
2026-05-29 14:02:24.784,2,1.77,,512000000
2026-05-29 14:02:24.764,2,1.56,,512000000
2026-05-29 14:02:24.655,4,3.9,,512000000
2026-05-29 14:02:24.646,2,1.87,,512000000
2026-05-29 14:02:24.642,2,1.87,,512000000
2026-05-29 14:02:24.628,10,9.2,,512000000
2026-05-29 14:02:24.615,3,2.48,,512000000
2026-05-29 14:02:24.613,2,1.82,,512000000
2026-05-29 14:02:24.602,2,1.98,,512000000
2026-05-29 14:02:24.515,2,1.84,,512000000
2026-05-29 14:02:24.466,4,3.46,,512000000
2026-05-29 14:02:24.462,3,2.04,,512000000
2026-05-29 14:02:24.447,3,2.58,,512000000
2026-05-29 14:02:24.430,2,1.7,,512000000
2026-05-29 14:02:24.404,2,1.99,,512000000
2026-05-29 14:02:24.395,3,2.74,,512000000
2026-05-29 14:02:24.369,2,1.87,,512000000
2026-05-29 14:02:24.352,2,1.85,,512000000
2026-05-29 14:02:24.345,3,2.35,,512000000
2026-05-29 14:02:24.319,3,2.52,,512000000
2026-05-29 14:02:24.318,3,2.26,,512000000
2026-05-29 14:02:24.313,2,1.78,,512000000
2026-05-29 14:02:24.262,2,1.88,,512000000
2026-05-29 14:02:24.220,2,1.94,,512000000
2026-05-29 14:02:24.126,2,1.83,,512000000
2026-05-29 14:02:24.041,2,1.74,,512000000
2026-05-29 14:02:23.991,2,1.75,,512000000
2026-05-29 14:02:23.897,3,2.02,,512000000
2026-05-29 14:02:23.788,5,4.83,,512000000
2026-05-29 14:02:23.778,2,1.82,,512000000
2026-05-29 14:02:23.773,2,1.68,,512000000
2026-05-29 14:02:23.723,2,1.7,,512000000
2026-05-29 14:02:23.716,2,1.86,,512000000
2026-05-29 14:02:23.654,12,11.58,,512000000
2026-05-29 14:02:23.651,2,1.8,,512000000
2026-05-29 14:02:23.635,6,5.47,,512000000
2026-05-29 14:02:23.617,4,3.27,,512000000
2026-05-29 14:02:23.613,2,1.58,,512000000
2026-05-29 14:02:23.586,2,1.74,,512000000
2026-05-29 14:02:23.494,7,6.28,,512000000
2026-05-29 14:02:23.481,3,2.19,,512000000
2026-05-29 14:02:23.454,18,17.16,,512000000
2026-05-29 14:02:23.450,6,5.46,,512000000
2026-05-29 14:02:23.418,3,2.2,,512000000
2026-05-29 14:02:23.377,10,9.41,,512000000
2026-05-29 14:02:23.374,4,3.25,,512000000
2026-05-29 14:02:23.367,8,7.07,,512000000
2026-05-29 14:02:23.361,3,2.1,,512000000
2026-05-29 14:02:23.300,3,2.14,,512000000
2026-05-29 14:02:23.240,3,2.2,,512000000
2026-05-29 14:02:23.213,3,2.62,,512000000
2026-05-29 14:02:23.204,2,1.83,,512000000
2026-05-29 14:02:23.138,2,1.84,,512000000
2026-05-29 14:02:23.120,3,2.09,,512000000
2026-05-29 14:02:22.990,2,1.87,,512000000
2026-05-29 14:02:22.989,3,2.73,,512000000
2026-05-29 14:02:22.969,2,1.98,,512000000
2026-05-29 14:02:22.902,2,1.99,,512000000
2026-05-29 14:02:22.886,2,1.86,,512000000
2026-05-29 14:02:22.842,2,1.86,,512000000
2026-05-29 14:02:22.826,5,4.79,,512000000
2026-05-29 14:02:22.806,2,1.88,,512000000
2026-05-29 14:02:22.769,2,1.97,,512000000
2026-05-29 14:02:22.742,2,1.9,,512000000
2026-05-29 14:02:22.677,2,1.77,,512000000
2026-05-29 14:02:22.625,2,1.8,,512000000
2026-05-29 14:02:22.586,3,2.12,,512000000
2026-05-29 14:02:22.511,3,2.05,,512000000
2026-05-29 14:02:22.501,2,1.93,,512000000
2026-05-29 14:02:22.476,2,1.81,,512000000
2026-05-29 14:02:22.474,3,2.34,,512000000
2026-05-29 14:02:22.446,3,2.69,,512000000
2026-05-29 14:02:22.425,2,1.88,,512000000
2026-05-29 14:02:22.402,2,1.76,,512000000
2026-05-29 14:02:22.380,3,2.32,,512000000
2026-05-29 14:02:22.361,2,1.64,,512000000
2026-05-29 14:02:22.359,2,1.93,,512000000
2026-05-29 14:02:22.344,3,2.2,,512000000
2026-05-29 14:02:22.317,2,1.99,,512000000
2026-05-29 14:02:22.285,2,1.94,,512000000
2026-05-29 14:02:22.284,3,2.02,,512000000
2026-05-29 14:02:22.232,2,1.91,,512000000
2026-05-29 14:02:22.162,2,1.89,,512000000
2026-05-29 14:02:22.157,2,1.69,,512000000
2026-05-29 14:02:22.105,2,1.83,,512000000
2026-05-29 14:02:22.049,9,8.16,,512000000
2026-05-29 14:02:22.029,2,1.75,,512000000
2026-05-29 14:02:22.004,2,1.88,,512000000
2026-05-29 14:02:21.928,3,2.31,,512000000
2026-05-29 14:02:21.917,2,1.84,,512000000
2026-05-29 14:02:21.887,3,2.02,,512000000
2026-05-29 14:02:21.862,2,1.7,,512000000
2026-05-29 14:02:21.859,3,2.19,,512000000
2026-05-29 14:02:21.820,2,1.95,,512000000
2026-05-29 14:02:21.788,10,9.19,,512000000
2026-05-29 14:02:21.774,2,1.83,,512000000
2026-05-29 14:02:21.770,2,2,,512000000
2026-05-29 14:02:21.711,3,2.26,,512000000
2026-05-29 14:02:21.680,3,2.24,,512000000
2026-05-29 14:02:21.586,5,4.67,,512000000
2026-05-29 14:02:21.583,2,1.7,,512000000
2026-05-29 14:02:21.550,3,2.05,,512000000
2026-05-29 14:02:21.511,3,2.09,,512000000
2026-05-29 14:02:21.509,12,11.38,,512000000
2026-05-29 14:02:21.491,3,2.02,,512000000
2026-05-29 14:02:21.421,2,1.74,,512000000
2026-05-29 14:02:21.397,2,1.67,,512000000
2026-05-29 14:02:21.393,3,2.22,,512000000
2026-05-29 14:02:21.379,2,1.8,,512000000
2026-05-29 14:02:21.357,2,1.72,,512000000
2026-05-29 14:02:21.242,2,1.83,,512000000
2026-05-29 14:02:21.159,2,1.78,,512000000
2026-05-29 14:02:21.148,4,3.93,,512000000
2026-05-29 14:02:21.129,2,1.72,,512000000
2026-05-29 14:02:21.127,3,2.07,,512000000
2026-05-29 14:02:21.096,2,1.88,,512000000
2026-05-29 14:02:21.038,2,1.7,,512000000
2026-05-29 14:02:20.982,3,2.17,,512000000
2026-05-29 14:02:20.951,2,1.78,,512000000
2026-05-29 14:02:20.949,2,1.86,,512000000
2026-05-29 14:02:20.905,2,1.79,,512000000
2026-05-29 14:02:20.868,8,7.87,,512000000
2026-05-29 14:02:20.862,3,2.06,,512000000
2026-05-29 14:02:20.849,2,1.61,,512000000
2026-05-29 14:02:20.816,3,2.01,,512000000
2026-05-29 14:02:20.812,3,2.21,,512000000
2026-05-29 14:02:20.770,2,1.78,,512000000
2026-05-29 14:02:20.683,6,5.67,,512000000
2026-05-29 14:02:20.679,3,2,,512000000
2026-05-29 14:02:20.663,2,1.94,,512000000
2026-05-29 14:02:20.616,2,1.97,,512000000
2026-05-29 14:02:20.526,2,1.81,,512000000
2026-05-29 14:02:20.492,2,1.79,,512000000
2026-05-29 14:02:20.451,2,1.85,,512000000
2026-05-29 14:02:20.416,2,1.9,,512000000
2026-05-29 14:02:20.413,3,2.39,,512000000
2026-05-29 14:02:20.356,3,2.1,,512000000
2026-05-29 14:02:20.287,9,8.96,,512000000
2026-05-29 14:02:20.282,2,1.86,,512000000
2026-05-29 14:02:20.268,22,21.11,,512000000
2026-05-29 14:02:20.249,12,11.68,,512000000
2026-05-29 14:02:20.220,2,1.8,,512000000
2026-05-29 14:02:20.214,5,4.32,,512000000
2026-05-29 14:02:20.208,3,2.18,,512000000
2026-05-29 14:02:20.205,3,2.08,,512000000
2026-05-29 14:02:20.144,2,1.79,,512000000
2026-05-29 14:02:20.111,3,2.31,,512000000
2026-05-29 14:02:20.012,2,1.89,,512000000
2026-05-29 14:02:19.954,11,10.74,,512000000
2026-05-29 14:02:19.946,2,1.72,,512000000
2026-05-29 14:02:19.940,2,1.98,,512000000
2026-05-29 14:02:19.936,3,2.07,,512000000
2026-05-29 14:02:19.893,2,1.95,,512000000
2026-05-29 14:02:19.864,2,1.86,,512000000
2026-05-29 14:02:19.838,3,2.14,,512000000
2026-05-29 14:02:19.834,3,2.12,,512000000
2026-05-29 14:02:19.831,8,7.15,,512000000
2026-05-29 14:02:19.768,12,11.13,,512000000
2026-05-29 14:02:19.646,3,2.31,,512000000
2026-05-29 14:02:19.609,14,13.14,,512000000
2026-05-29 14:02:19.501,2,1.95,,512000000
2026-05-29 14:02:19.436,2,1.7,,512000000
2026-05-29 14:02:19.396,3,2.13,,512000000
2026-05-29 14:02:19.355,3,2.13,,512000000
2026-05-29 14:02:19.334,2,1.9,,512000000
2026-05-29 14:02:19.331,2,1.81,,512000000
2026-05-29 14:02:19.254,2,1.88,,512000000
2026-05-29 14:02:19.237,2,1.99,,512000000
2026-05-29 14:02:19.193,7,6.67,,512000000
2026-05-29 14:02:19.130,3,2.19,,512000000
2026-05-29 14:02:19.117,2,1.93,,512000000
2026-05-29 14:02:19.105,2,2,,512000000
2026-05-29 14:02:19.028,10,9.13,,512000000
2026-05-29 14:02:19.011,28,27.05,,512000000
2026-05-29 14:02:19.011,2,1.73,,512000000
2026-05-29 14:02:18.993,3,2.31,,512000000
2026-05-29 14:02:18.987,2,1.67,,512000000
2026-05-29 14:02:18.976,3,2.32,,512000000
2026-05-29 14:02:18.955,20,19.02,,512000000
2026-05-29 14:02:18.927,7,6.85,,512000000
2026-05-29 14:02:18.899,3,2.37,,512000000
2026-05-29 14:02:18.854,25,24.57,,512000000
2026-05-29 14:02:18.811,23,22.04,,512000000
2026-05-29 14:02:18.800,2,1.92,,512000000
2026-05-29 14:02:18.767,3,2.02,,512000000
2026-05-29 14:02:18.765,2,1.9,,512000000
2026-05-29 14:02:18.724,2,1.82,,512000000
2026-05-29 14:02:18.723,3,2.1,,512000000
2026-05-29 14:02:18.713,2,1.79,,512000000
2026-05-29 14:02:18.596,3,2.56,,512000000
2026-05-29 14:02:18.595,12,11.49,,512000000
2026-05-29 14:02:18.575,3,2,,512000000
2026-05-29 14:02:18.543,2,1.77,,512000000
2026-05-29 14:02:18.502,2,1.74,,512000000
2026-05-29 14:02:18.489,3,2.08,,512000000
2026-05-29 14:02:18.481,2,1.7,,512000000
2026-05-29 14:02:18.476,2,1.73,,512000000
2026-05-29 14:02:18.408,4,3.63,,512000000
2026-05-29 14:02:18.398,2,1.8,,512000000
2026-05-29 14:02:18.312,3,2.17,,512000000
2026-05-29 14:02:18.278,2,1.88,,512000000
2026-05-29 14:02:18.239,2,1.76,,512000000
2026-05-29 14:02:18.227,2,1.78,,512000000
2026-05-29 14:02:18.226,3,2.33,,512000000
2026-05-29 14:02:18.173,2,1.98,,512000000
2026-05-29 14:02:18.138,2,1.78,,512000000
2026-05-29 14:02:18.131,3,2.1,,512000000
2026-05-29 14:02:18.116,2,1.83,,512000000
2026-05-29 14:02:18.087,2,1.93,,512000000
2026-05-29 14:02:18.082,3,2.01,,512000000
2026-05-29 14:02:18.022,2,1.76,,512000000
2026-05-29 14:02:17.987,11,10.66,,512000000
2026-05-29 14:02:17.759,3,2.09,,512000000
2026-05-29 14:02:17.655,3,2.24,,512000000
2026-05-29 14:02:17.654,2,2,,512000000
2026-05-29 14:02:17.563,2,1.66,,512000000
2026-05-29 14:02:17.549,10,9.12,,512000000
2026-05-29 14:02:17.532,3,2.22,,512000000
2026-05-29 14:02:17.498,3,2.1,,512000000
2026-05-29 14:02:17.491,6,5.62,,512000000
2026-05-29 14:02:17.482,2,2,,512000000
2026-05-29 14:02:17.438,3,2.27,,512000000
2026-05-29 14:02:17.394,3,2.27,,512000000
2026-05-29 14:02:17.377,3,2.07,,512000000
2026-05-29 14:02:17.329,7,6.12,,512000000
2026-05-29 14:02:17.312,2,1.85,,512000000
2026-05-29 14:02:17.290,2,1.67,,512000000
2026-05-29 14:02:17.238,3,2.33,,512000000
2026-05-29 14:02:17.210,9,8.25,,512000000
2026-05-29 14:02:17.159,2,1.67,,512000000
2026-05-29 14:02:17.144,2,1.77,,512000000
2026-05-29 14:02:17.107,2,1.88,,512000000
2026-05-29 14:02:17.106,3,2.28,,512000000
2026-05-29 14:02:17.088,2,1.71,,512000000
2026-05-29 14:02:17.056,2,1.87,,512000000
2026-05-29 14:02:17.046,3,2.35,,512000000
2026-05-29 14:02:17.031,2,1.74,,512000000
2026-05-29 14:02:17.012,3,2.02,,512000000
2026-05-29 14:02:16.966,2,1.76,,512000000
2026-05-29 14:02:16.948,14,13.8,,512000000
2026-05-29 14:02:16.939,2,1.97,,512000000
2026-05-29 14:02:16.863,2,1.88,,512000000
2026-05-29 14:02:16.846,2,1.57,,512000000
2026-05-29 14:02:16.806,3,2.15,,512000000
2026-05-29 14:02:16.763,5,4.53,,512000000
2026-05-29 14:02:16.743,3,2.24,,512000000
2026-05-29 14:02:16.738,2,1.96,,512000000
2026-05-29 14:02:16.668,6,5.11,,512000000
2026-05-29 14:02:16.652,4,3.16,,512000000
2026-05-29 14:02:16.588,5,4.27,,512000000
2026-05-29 14:02:16.567,22,21.88,,512000000
2026-05-29 14:02:16.521,2,1.92,,512000000
2026-05-29 14:02:16.476,3,2.05,,512000000
2026-05-29 14:02:16.457,3,2,,512000000
2026-05-29 14:02:16.409,3,2.53,,512000000
2026-05-29 14:02:16.399,2,1.78,,512000000
2026-05-29 14:02:16.330,25,24.06,,512000000
2026-05-29 14:02:16.316,2,1.63,,512000000
2026-05-29 14:02:16.291,2,1.84,,512000000
2026-05-29 14:02:16.278,5,4.54,,512000000
2026-05-29 14:02:16.181,3,2.68,,512000000
2026-05-29 14:02:16.170,2,1.83,,512000000
2026-05-29 14:02:16.149,8,7.6,,512000000
2026-05-29 14:02:16.149,13,12.27,,512000000
2026-05-29 14:02:16.108,4,3.93,,512000000
2026-05-29 14:02:16.102,3,2.39,,512000000
2026-05-29 14:02:16.043,2,1.96,,512000000
2026-05-29 14:02:16.026,2,1.82,,512000000
2026-05-29 14:02:15.970,30,29.06,,512000000
2026-05-29 14:02:15.931,2,2,,512000000
2026-05-29 14:02:15.915,9,8.71,,512000000
2026-05-29 14:02:15.869,2,1.91,,512000000
2026-05-29 14:02:15.821,2,1.88,,512000000
2026-05-29 14:02:15.791,3,2.03,,512000000
2026-05-29 14:02:15.770,11,10.17,,512000000
2026-05-29 14:02:15.711,28,27.82,,512000000
2026-05-29 14:02:15.689,2,1.77,,512000000
2026-05-29 14:02:15.671,3,2.76,,512000000
2026-05-29 14:02:15.670,2,1.97,,512000000
2026-05-29 14:02:15.661,2,1.84,,512000000
2026-05-29 14:02:15.626,2,1.91,,512000000
2026-05-29 14:02:15.574,2,1.91,,512000000
2026-05-29 14:02:15.530,2,1.71,,512000000
2026-05-29 14:02:15.462,3,2.28,,512000000
2026-05-29 14:02:15.433,3,2.12,,512000000
2026-05-29 14:02:15.397,3,2.11,,512000000
2026-05-29 14:02:15.307,2,1.74,,512000000
2026-05-29 14:02:15.274,5,4.34,,512000000
2026-05-29 14:02:15.262,2,1.73,,512000000
2026-05-29 14:02:15.252,2,1.78,,512000000
2026-05-29 14:02:15.232,2,1.69,,512000000
2026-05-29 14:02:15.145,2,1.79,,512000000
2026-05-29 14:02:15.132,11,10.39,,512000000
2026-05-29 14:02:15.114,5,4.98,,512000000
2026-05-29 14:02:15.094,12,11.35,,512000000
2026-05-29 14:02:15.088,9,8.74,,512000000
2026-05-29 14:02:15.075,2,1.99,,512000000
2026-05-29 14:02:15.066,3,2.75,,512000000
2026-05-29 14:02:15.060,2,1.77,,512000000
2026-05-29 14:02:15.059,2,1.99,,512000000
2026-05-29 14:02:14.944,2,1.74,,512000000
2026-05-29 14:02:14.926,2,1.69,,512000000
2026-05-29 14:02:14.923,2,1.69,,512000000
2026-05-29 14:02:14.869,2,1.93,,512000000
2026-05-29 14:02:14.867,2,1.76,,512000000
2026-05-29 14:02:14.842,2,1.76,,512000000
2026-05-29 14:02:14.819,2,1.73,,512000000
2026-05-29 14:02:14.807,2,1.76,,512000000
2026-05-29 14:02:14.791,3,2.16,,512000000
2026-05-29 14:02:14.782,3,2.29,,512000000
2026-05-29 14:02:14.765,3,2.72,,512000000
2026-05-29 14:02:14.736,2,1.79,,512000000
2026-05-29 14:02:14.703,2,1.82,,512000000
2026-05-29 14:02:14.589,2,1.78,,512000000
2026-05-29 14:02:14.480,2,1.94,,512000000
2026-05-29 14:02:14.369,3,2.19,,512000000
2026-05-29 14:02:14.359,2,1.97,,512000000
2026-05-29 14:02:14.316,2,1.87,,512000000
2026-05-29 14:02:14.287,2,1.84,,512000000
2026-05-29 14:02:14.254,11,10.29,,512000000
2026-05-29 14:02:14.235,2,1.89,,512000000
2026-05-29 14:02:14.206,3,2.2,,512000000
2026-05-29 14:02:14.160,3,2.02,,512000000
2026-05-29 14:02:14.134,7,6.97,,512000000
2026-05-29 14:02:14.118,2,1.74,,512000000
2026-05-29 14:02:14.047,2,1.94,,512000000
2026-05-29 14:02:14.024,2,1.74,,512000000
2026-05-29 14:02:13.974,2,1.8,,512000000
2026-05-29 14:02:13.973,2,1.85,,512000000
2026-05-29 14:02:13.939,16,15.29,,512000000
2026-05-29 14:02:13.912,12,11.16,,512000000
2026-05-29 14:02:13.856,3,2.18,,512000000
2026-05-29 14:02:13.849,8,7.66,,512000000
2026-05-29 14:02:13.802,2,1.83,,512000000
2026-05-29 14:02:13.778,3,2.23,,512000000
2026-05-29 14:02:13.729,12,11.5,,512000000
2026-05-29 14:02:13.702,2,1.94,,512000000
2026-05-29 14:02:13.694,7,6.86,,512000000
2026-05-29 14:02:13.693,3,2.06,,512000000
2026-05-29 14:02:13.673,15,14.95,,512000000
2026-05-29 14:02:13.669,3,2.02,,512000000
2026-05-29 14:02:13.649,2,1.84,,512000000
2026-05-29 14:02:13.627,2,1.94,,512000000
2026-05-29 14:02:13.506,3,2.13,,512000000
2026-05-29 14:02:13.398,2,1.95,,512000000
2026-05-29 14:02:13.347,10,9.02,,512000000
2026-05-29 14:02:13.331,2,1.91,,512000000
2026-05-29 14:02:13.294,2,1.66,,512000000
2026-05-29 14:02:13.238,3,2.14,,512000000
2026-05-29 14:02:13.198,2,1.82,,512000000
2026-05-29 14:02:13.186,2,1.92,,512000000
2026-05-29 14:02:13.134,2,1.84,,512000000
2026-05-29 14:02:13.133,3,2.06,,512000000
2026-05-29 14:02:13.114,9,8.25,,512000000
2026-05-29 14:02:13.070,3,2.06,,512000000
2026-05-29 14:02:13.067,2,1.91,,512000000
2026-05-29 14:02:13.066,2,1.94,,512000000
2026-05-29 14:02:13.045,3,2.15,,512000000
2026-05-29 14:02:13.020,2,1.95,,512000000
2026-05-29 14:02:12.991,2,2,,512000000
2026-05-29 14:02:12.973,2,1.92,,512000000
2026-05-29 14:02:12.920,3,2.12,,512000000
2026-05-29 14:02:12.905,8,7.46,,512000000
2026-05-29 14:02:12.879,3,2,,512000000
2026-05-29 14:02:12.831,3,2.04,,512000000
2026-05-29 14:02:12.796,3,2.1,,512000000
2026-05-29 14:02:12.794,2,1.89,,512000000
2026-05-29 14:02:12.775,2,1.96,,512000000
2026-05-29 14:02:12.761,2,1.97,,512000000
2026-05-29 14:02:12.742,2,1.74,,512000000
2026-05-29 14:02:12.662,15,14.58,,512000000
2026-05-29 14:02:12.614,3,2.11,,512000000
2026-05-29 14:02:12.540,2,1.94,,512000000
2026-05-29 14:02:12.489,18,17.11,,512000000
2026-05-29 14:02:12.464,3,2.07,,512000000
2026-05-29 14:02:12.459,2,1.84,,512000000
2026-05-29 14:02:12.354,5,4.52,,512000000
2026-05-29 14:02:12.226,7,6.06,,512000000
2026-05-29 14:02:12.210,7,6.08,,512000000
2026-05-29 14:02:12.190,2,1.85,,512000000
2026-05-29 14:02:12.188,3,2.24,,512000000
2026-05-29 14:02:12.169,14,13.49,,512000000
2026-05-29 14:02:12.129,2,1.92,,512000000
2026-05-29 14:02:12.098,2,1.83,,512000000
2026-05-29 14:02:12.060,2,1.95,,512000000
2026-05-29 14:02:12.059,2,1.93,,512000000
2026-05-29 14:02:12.028,25,24.12,,512000000
2026-05-29 14:02:12.007,2,1.98,,512000000
2026-05-29 14:02:11.991,2,1.97,,512000000
2026-05-29 14:02:11.979,3,2.02,,512000000
2026-05-29 14:02:11.975,2,1.82,,512000000
2026-05-29 14:02:11.928,18,17.63,,512000000
2026-05-29 14:02:11.924,3,2.11,,512000000
2026-05-29 14:02:11.895,3,2.2,,512000000
2026-05-29 14:02:11.848,13,12.32,,512000000
2026-05-29 14:02:11.841,2,1.9,,512000000
2026-05-29 14:02:11.807,3,2,,512000000
2026-05-29 14:02:11.807,10,9.94,,512000000
2026-05-29 14:02:11.634,3,2.81,,512000000
2026-05-29 14:02:11.551,2,1.77,,512000000
2026-05-29 14:02:11.540,3,2.05,,512000000
2026-05-29 14:02:11.456,3,2.09,,512000000
2026-05-29 14:02:11.394,2,1.75,,512000000
2026-05-29 14:02:11.350,2,1.9,,512000000
2026-05-29 14:02:11.248,10,9.74,,512000000
2026-05-29 14:02:11.229,2,1.81,,512000000
2026-05-29 14:02:11.227,2,1.78,,512000000
2026-05-29 14:02:11.222,2,1.78,,512000000
2026-05-29 14:02:11.201,2,2,,512000000
2026-05-29 14:02:11.175,3,2.17,,512000000
2026-05-29 14:02:11.142,3,2.03,,512000000
2026-05-29 14:02:11.136,2,1.8,,512000000
2026-05-29 14:02:11.127,3,2.51,,512000000
2026-05-29 14:02:11.127,25,24.14,,512000000
2026-05-29 14:02:11.102,4,3.82,,512000000
2026-05-29 14:02:11.015,2,1.71,,512000000
2026-05-29 14:02:11.007,2,1.91,,512000000
2026-05-29 14:02:10.948,3,2.27,,512000000
2026-05-29 14:02:10.944,2,1.63,,512000000
2026-05-29 14:02:10.896,2,1.94,,512000000
2026-05-29 14:02:10.896,3,2.02,,512000000
2026-05-29 14:02:10.893,2,1.85,,512000000
2026-05-29 14:02:10.855,3,2.01,,512000000
2026-05-29 14:02:10.849,4,3.48,,512000000
2026-05-29 14:02:10.834,2,1.71,,512000000
2026-05-29 14:02:10.733,2,1.79,,512000000
2026-05-29 14:02:10.731,3,2.03,,512000000
2026-05-29 14:02:10.667,2,1.88,,512000000
2026-05-29 14:02:10.635,9,8.26,,512000000
2026-05-29 14:02:10.631,2,1.89,,512000000
2026-05-29 14:02:10.620,2,1.91,,512000000
2026-05-29 14:02:10.492,2,1.93,,512000000
2026-05-29 14:02:10.490,8,7.28,,512000000
2026-05-29 14:02:10.463,2,1.78,,512000000
2026-05-29 14:02:10.461,3,2.04,,512000000
2026-05-29 14:02:10.411,2,1.73,,512000000
2026-05-29 14:02:10.380,2,1.66,,512000000
2026-05-29 14:02:10.355,7,6.54,,512000000
2026-05-29 14:02:10.334,6,5.96,,512000000
2026-05-29 14:02:10.317,2,1.92,,512000000
2026-05-29 14:02:10.307,3,2.07,,512000000
2026-05-29 14:02:10.305,2,1.95,,512000000
2026-05-29 14:02:10.263,3,2.14,,512000000
2026-05-29 14:02:10.235,17,16.14,,512000000
2026-05-29 14:02:10.109,29,28.62,,512000000
2026-05-29 14:02:10.083,2,1.86,,512000000
2026-05-29 14:02:10.029,19,18.49,,512000000
2026-05-29 14:02:10.005,2,1.82,,512000000
2026-05-29 14:02:09.965,2,1.99,,512000000
2026-05-29 14:02:09.927,2,1.88,,512000000
2026-05-29 14:02:09.766,3,2.1,,512000000
2026-05-29 14:02:09.762,2,1.81,,512000000
2026-05-29 14:02:09.758,3,2.13,,512000000
2026-05-29 14:02:09.693,2,1.77,,512000000
2026-05-29 14:02:09.663,2,1.77,,512000000
2026-05-29 14:02:09.657,64,63.79,,512000000
2026-05-29 14:02:09.648,2,1.77,,512000000
2026-05-29 14:02:09.614,20,19.07,,512000000
2026-05-29 14:02:09.603,3,2.1,,512000000
2026-05-29 14:02:09.549,2,1.64,,512000000
2026-05-29 14:02:09.454,4,3.23,,512000000
2026-05-29 14:02:09.405,2,1.95,,512000000
2026-05-29 14:02:09.387,2,1.92,,512000000
2026-05-29 14:02:09.361,2,1.75,,512000000
2026-05-29 14:02:09.358,2,1.99,,512000000
2026-05-29 14:02:09.356,2,1.96,,512000000
2026-05-29 14:02:09.307,11,10.09,,512000000
2026-05-29 14:02:09.261,3,2.14,,512000000
2026-05-29 14:02:09.232,3,2.24,,512000000
2026-05-29 14:02:09.190,2,1.98,,512000000
2026-05-29 14:02:09.067,3,2.08,,512000000
2026-05-29 14:02:09.048,4,3.68,,512000000
2026-05-29 14:02:09.034,2,1.75,,512000000
2026-05-29 14:02:08.991,32,31.83,,512000000
2026-05-29 14:02:08.972,2,1.69,,512000000
2026-05-29 14:02:08.950,4,3.56,,512000000
2026-05-29 14:02:08.936,3,2.68,,512000000
2026-05-29 14:02:08.909,9,8.16,,512000000
2026-05-29 14:02:08.867,2,1.81,,512000000
2026-05-29 14:02:08.863,2,1.7,,512000000
2026-05-29 14:02:08.795,9,8.05,,512000000
2026-05-29 14:02:08.774,10,9.12,,512000000
2026-05-29 14:02:08.733,2,1.72,,512000000
2026-05-29 14:02:08.647,4,3.03,,512000000
2026-05-29 14:02:08.621,2,1.83,,512000000
2026-05-29 14:02:08.574,9,8.93,,512000000
2026-05-29 14:02:08.555,33,32.12,,512000000
2026-05-29 14:02:08.533,3,2.08,,512000000
2026-05-29 14:02:08.509,2,1.94,,512000000
2026-05-29 14:02:08.490,2,1.81,,512000000
2026-05-29 14:02:08.414,5,4.55,,512000000
2026-05-29 14:02:08.402,2,1.98,,512000000
2026-05-29 14:02:08.377,2,1.76,,512000000
2026-05-29 14:02:08.367,2,1.97,,512000000
2026-05-29 14:02:08.316,2,1.86,,512000000
2026-05-29 14:02:08.277,2,1.96,,512000000
2026-05-29 14:02:08.251,2,1.69,,512000000
2026-05-29 14:02:08.248,18,17,,512000000
2026-05-29 14:02:08.113,3,2.46,,512000000
2026-05-29 14:02:08.109,2,1.9,,512000000
2026-05-29 14:02:08.059,4,3.17,,512000000
2026-05-29 14:02:08.051,3,2.1,,512000000
2026-05-29 14:02:07.999,3,2.3,,512000000
2026-05-29 14:02:07.993,10,9.11,,512000000
2026-05-29 14:02:07.963,2,1.86,,512000000
2026-05-29 14:02:07.885,2,1.71,,512000000
2026-05-29 14:02:07.754,8,7.09,,512000000
2026-05-29 14:02:07.737,3,2.11,,512000000
2026-05-29 14:02:07.694,4,3.11,,512000000
2026-05-29 14:02:07.685,2,1.96,,512000000
2026-05-29 14:02:07.681,3,2.2,,512000000
2026-05-29 14:02:07.655,2,1.77,,512000000
2026-05-29 14:02:07.619,3,2.83,,512000000
2026-05-29 14:02:07.617,2,1.78,,512000000
2026-05-29 14:02:07.573,2,1.97,,512000000
2026-05-29 14:02:07.551,3,2.1,,512000000
2026-05-29 14:02:07.546,10,9.72,,512000000
2026-05-29 14:02:07.516,12,11.35,,512000000
2026-05-29 14:02:07.509,2,1.89,,512000000
2026-05-29 14:02:07.464,2,1.61,,512000000
2026-05-29 14:02:07.462,2,1.8,,512000000
2026-05-29 14:02:07.447,3,2.13,,512000000
2026-05-29 14:02:07.391,2,1.77,,512000000
2026-05-29 14:02:07.340,2,1.97,,512000000
2026-05-29 14:02:07.333,3,2.01,,512000000
2026-05-29 14:02:07.219,2,1.76,,512000000
2026-05-29 14:02:07.178,3,2.32,,512000000
2026-05-29 14:02:07.162,3,2.03,,512000000
2026-05-29 14:02:07.156,2,1.77,,512000000
2026-05-29 14:02:07.138,2,1.69,,512000000
2026-05-29 14:02:07.129,2,1.89,,512000000
2026-05-29 14:02:07.103,3,2.5,,512000000
2026-05-29 14:02:07.072,2,1.79,,512000000
2026-05-29 14:02:07.047,2,1.84,,512000000
2026-05-29 14:02:07.033,2,1.82,,512000000
2026-05-29 14:02:06.896,12,11.67,,512000000
2026-05-29 14:02:06.875,5,4.3,,512000000
2026-05-29 14:02:06.861,2,1.62,,512000000
2026-05-29 14:02:06.783,2,1.66,,512000000
2026-05-29 14:02:06.648,5,4.82,,512000000
2026-05-29 14:02:06.641,2,1.93,,512000000
2026-05-29 14:02:06.641,2,1.99,,512000000
2026-05-29 14:02:06.604,2,1.93,,512000000
2026-05-29 14:02:06.573,2,1.82,,512000000
2026-05-29 14:02:06.459,2,1.87,,512000000
2026-05-29 14:02:06.402,2,1.86,,512000000
2026-05-29 14:02:06.349,10,9.16,,512000000
2026-05-29 14:02:06.310,2,1.68,,512000000
2026-05-29 14:02:06.309,2,1.81,,512000000
2026-05-29 14:02:06.277,3,2.35,,512000000
2026-05-29 14:02:06.260,2,1.8,,512000000
2026-05-29 14:02:06.234,67,66.52,,512000000
2026-05-29 14:02:06.231,2,1.71,,512000000
2026-05-29 14:02:06.119,2,1.74,,512000000
2026-05-29 14:02:06.075,3,2.15,,512000000
2026-05-29 14:02:06.069,7,6.83,,512000000
2026-05-29 14:02:06.057,2,1.84,,512000000
2026-05-29 14:02:06.053,2,1.73,,512000000
2026-05-29 14:02:06.028,2,1.98,,512000000
2026-05-29 14:02:06.011,13,12.14,,512000000
2026-05-29 14:02:06.007,2,1.96,,512000000
2026-05-29 14:02:06.003,2,1.95,,512000000
2026-05-29 14:02:05.987,2,1.99,,512000000
2026-05-29 14:02:05.987,6,5.1,,512000000
2026-05-29 14:02:05.983,3,2.14,,512000000
2026-05-29 14:02:05.982,2,1.71,,512000000
2026-05-29 14:02:05.952,5,4.23,,512000000
2026-05-29 14:02:05.924,2,1.82,,512000000
2026-05-29 14:02:05.900,6,5.25,,512000000
2026-05-29 14:02:05.881,3,2.07,,512000000
2026-05-29 14:02:05.849,14,13.3,,512000000
2026-05-29 14:02:05.744,2,1.68,,512000000
2026-05-29 14:02:05.668,9,8.58,,512000000
2026-05-29 14:02:05.649,21,20.76,,512000000
2026-05-29 14:02:05.627,4,3.89,,512000000
2026-05-29 14:02:05.613,3,2.94,,512000000
2026-05-29 14:02:05.610,2,1.81,,512000000
2026-05-29 14:02:05.609,2,1.72,,512000000
2026-05-29 14:02:05.553,2,1.95,,512000000
2026-05-29 14:02:05.552,3,2.19,,512000000
2026-05-29 14:02:05.525,2,1.85,,512000000
2026-05-29 14:02:05.464,2,1.87,,512000000
2026-05-29 14:02:05.445,2,2,,512000000
2026-05-29 14:02:05.424,2,1.78,,512000000
2026-05-29 14:02:05.283,2,1.72,,512000000
2026-05-29 14:02:05.135,2,1.85,,512000000
2026-05-29 14:02:05.094,4,3.54,,512000000
2026-05-29 14:02:05.076,2,1.85,,512000000
2026-05-29 14:02:05.055,2,1.79,,512000000
2026-05-29 14:02:05.010,2,1.98,,512000000
2026-05-29 14:02:04.953,2,1.74,,512000000
2026-05-29 14:02:04.934,5,4.74,,512000000
2026-05-29 14:02:04.915,3,2.47,,512000000
2026-05-29 14:02:04.874,3,2.39,,512000000
2026-05-29 14:02:04.863,2,1.76,,512000000
2026-05-29 14:02:04.848,3,2.51,,512000000
2026-05-29 14:02:04.777,2,1.81,,512000000
2026-05-29 14:02:04.724,2,1.75,,512000000
2026-05-29 14:02:04.701,3,2.33,,512000000
2026-05-29 14:02:04.698,3,2.06,,512000000
2026-05-29 14:02:04.684,2,1.65,,512000000
2026-05-29 14:02:04.561,3,2.52,,512000000
2026-05-29 14:02:04.528,14,13.89,,512000000
2026-05-29 14:02:04.514,2,1.89,,512000000
2026-05-29 14:02:04.509,17,16.39,,512000000
2026-05-29 14:02:04.367,3,2.25,,512000000
2026-05-29 14:02:04.328,4,3.92,,512000000
2026-05-29 14:02:04.274,2,1.8,,512000000
2026-05-29 14:02:04.264,2,1.71,,512000000
2026-05-29 14:02:04.246,3,2.02,,512000000
2026-05-29 14:02:04.163,2,1.69,,512000000
2026-05-29 14:02:04.157,2,1.84,,512000000
2026-05-29 14:02:04.109,15,14.77,,512000000
2026-05-29 14:02:04.094,9,8.53,,512000000
2026-05-29 14:02:04.075,13,12.54,,512000000
2026-05-29 14:02:04.069,2,1.74,,512000000
2026-05-29 14:02:04.055,20,19.81,,512000000
2026-05-29 14:02:04.022,2,1.88,,512000000
2026-05-29 14:02:04.014,53,52.43,,512000000
2026-05-29 14:02:04.013,2,1.89,,512000000
2026-05-29 14:02:03.954,7,6.52,,512000000
2026-05-29 14:02:03.949,6,5.39,,512000000
2026-05-29 14:02:03.909,3,2.2,,512000000
2026-05-29 14:02:03.893,3,2.01,,512000000
2026-05-29 14:02:03.801,2,1.9,,512000000
2026-05-29 14:02:03.795,4,3,,512000000
2026-05-29 14:02:03.767,4,3.32,,512000000
2026-05-29 14:02:03.746,3,2.18,,512000000
2026-05-29 14:02:03.724,17,16.66,,512000000
2026-05-29 14:02:03.709,3,2.03,,512000000
2026-05-29 14:02:03.691,2,1.91,,512000000
2026-05-29 14:02:03.654,7,6.77,,512000000
2026-05-29 14:02:03.641,2,2,,512000000
2026-05-29 14:02:03.583,3,2.52,,512000000
2026-05-29 14:02:03.535,9,8.58,,512000000
2026-05-29 14:02:03.520,2,1.67,,512000000
2026-05-29 14:02:03.498,2,1.83,,512000000
2026-05-29 14:02:03.442,3,2.1,,512000000
2026-05-29 14:02:03.404,2,1.95,,512000000
2026-05-29 14:02:03.394,2,1.78,,512000000
2026-05-29 14:02:03.367,2,1.68,,512000000
2026-05-29 14:02:03.341,2,1.82,,512000000
2026-05-29 14:02:03.334,7,6.26,,512000000
2026-05-29 14:02:03.330,3,2.22,,512000000
2026-05-29 14:02:03.270,3,2.33,,512000000
2026-05-29 14:02:03.240,5,4.16,,512000000
2026-05-29 14:02:03.199,2,1.86,,512000000
2026-05-29 14:02:03.127,2,1.85,,512000000
2026-05-29 14:02:03.051,5,4.55,,512000000
2026-05-29 14:02:03.007,22,21.75,,512000000
2026-05-29 14:02:02.992,3,2.13,,512000000
2026-05-29 14:02:02.945,3,2.23,,512000000
2026-05-29 14:02:02.893,24,23.52,,512000000
2026-05-29 14:02:02.869,3,2.18,,512000000
2026-05-29 14:02:02.867,2,1.98,,512000000
2026-05-29 14:02:02.855,6,5.32,,512000000
2026-05-29 14:02:02.828,14,13.6,,512000000
2026-05-29 14:02:02.813,3,2.22,,512000000
2026-05-29 14:02:02.796,3,2.41,,512000000
2026-05-29 14:02:02.697,3,2.9,,512000000
2026-05-29 14:02:02.672,10,9.79,,512000000
2026-05-29 14:02:02.586,6,5.74,,512000000
2026-05-29 14:02:02.561,2,1.71,,512000000
2026-05-29 14:02:02.543,2,1.86,,512000000
2026-05-29 14:02:02.508,9,8.34,,512000000
2026-05-29 14:02:02.498,2,1.76,,512000000
2026-05-29 14:02:02.459,2,1.94,,512000000
2026-05-29 14:02:02.370,3,2.16,,512000000
2026-05-29 14:02:02.300,2,1.96,,512000000
2026-05-29 14:02:02.253,2,1.86,,512000000
2026-05-29 14:02:02.235,10,9.38,,512000000
2026-05-29 14:02:02.209,17,16.23,,512000000
2026-05-29 14:02:02.183,2,1.8,,512000000
2026-05-29 14:02:02.180,2,1.73,,512000000
2026-05-29 14:02:02.179,2,1.78,,512000000
2026-05-29 14:02:02.144,3,2.36,,512000000
2026-05-29 14:02:02.114,2,1.82,,512000000
2026-05-29 14:02:02.105,2,1.85,,512000000
2026-05-29 14:02:02.063,2,1.82,,512000000
2026-05-29 14:02:02.059,2,1.92,,512000000
2026-05-29 14:02:02.048,2,1.77,,512000000
2026-05-29 14:02:01.975,2,1.8,,512000000
2026-05-29 14:02:01.959,2,1.76,,512000000
2026-05-29 14:02:01.953,2,1.67,,512000000
2026-05-29 14:02:01.933,2,1.89,,512000000
2026-05-29 14:02:01.890,2,1.92,,512000000
2026-05-29 14:02:01.809,2,1.75,,512000000
2026-05-29 14:02:01.806,2,1.81,,512000000
2026-05-29 14:02:01.774,3,2.83,,512000000
2026-05-29 14:02:01.765,2,1.92,,512000000
2026-05-29 14:02:01.745,2,1.72,,512000000
2026-05-29 14:02:01.693,2,1.66,,512000000
2026-05-29 14:02:01.654,14,13.87,,512000000
2026-05-29 14:02:01.639,2,1.73,,512000000
2026-05-29 14:02:01.617,3,2.13,,512000000
2026-05-29 14:02:01.596,2,1.76,,512000000
2026-05-29 14:02:01.535,11,10.71,,512000000
2026-05-29 14:02:01.532,2,1.74,,512000000
2026-05-29 14:02:01.442,2,1.84,,512000000
2026-05-29 14:02:01.415,2,1.98,,512000000
2026-05-29 14:02:01.374,43,42.53,,512000000
2026-05-29 14:02:01.367,3,2.39,,512000000
2026-05-29 14:02:01.340,2,1.81,,512000000
2026-05-29 14:02:01.257,4,3.37,,512000000
2026-05-29 14:02:01.229,3,2.19,,512000000
2026-05-29 14:02:01.192,6,5.99,,512000000
2026-05-29 14:02:01.158,2,1.93,,512000000
2026-05-29 14:02:01.139,2,1.76,,512000000
2026-05-29 14:02:01.092,2,1.9,,512000000
2026-05-29 14:02:01.074,2,1.85,,512000000
2026-05-29 14:02:00.995,2,1.94,,512000000
2026-05-29 14:02:00.934,4,3.88,,512000000
2026-05-29 14:02:00.924,2,1.76,,512000000
2026-05-29 14:02:00.920,2,1.67,,512000000
2026-05-29 14:02:00.851,2,1.78,,512000000
2026-05-29 14:02:00.782,3,2.15,,512000000
2026-05-29 14:02:00.759,3,2.14,,512000000
2026-05-29 14:02:00.758,2,1.84,,512000000
2026-05-29 14:02:00.691,2,1.81,,512000000
2026-05-29 14:02:00.581,3,2.39,,512000000
2026-05-29 14:02:00.563,2,1.78,,512000000
2026-05-29 14:02:00.519,3,2.45,,512000000
2026-05-29 14:02:00.516,2,1.87,,512000000
2026-05-29 14:02:00.455,2,1.71,,512000000
2026-05-29 14:02:00.444,2,1.65,,512000000
2026-05-29 14:02:00.438,2,1.82,,512000000
2026-05-29 14:02:00.434,2,1.78,,512000000
2026-05-29 14:02:00.414,8,7.24,,512000000
2026-05-29 14:02:00.409,2,1.68,,512000000
2026-05-29 14:02:00.400,2,1.73,,512000000
2026-05-29 14:02:00.387,2,1.81,,512000000
2026-05-29 14:02:00.346,3,2.09,,512000000
2026-05-29 14:02:00.293,6,5.41,,512000000
2026-05-29 14:02:00.278,12,11.43,,512000000
2026-05-29 14:02:00.264,2,1.72,,512000000
2026-05-29 14:02:00.196,2,1.61,,512000000
2026-05-29 14:02:00.194,16,15.75,,512000000
2026-05-29 14:02:00.167,2,1.89,,512000000
2026-05-29 14:02:00.133,2,1.8,,512000000
2026-05-29 14:02:00.083,2,1.73,,512000000
2026-05-29 14:02:00.068,2,1.79,,512000000
2026-05-29 14:02:00.052,3,2.16,,512000000
2026-05-29 14:01:59.998,2,1.87,,512000000
2026-05-29 14:01:59.994,5,4.4,,512000000
2026-05-29 14:01:59.993,2,1.8,,512000000
2026-05-29 14:01:59.846,2,1.81,,512000000
2026-05-29 14:01:59.758,2,1.84,,512000000
2026-05-29 14:01:59.710,3,2.19,,512000000
2026-05-29 14:01:59.708,2,1.66,,512000000
2026-05-29 14:01:59.642,2,1.77,,512000000
2026-05-29 14:01:59.631,2,1.61,,512000000
2026-05-29 14:01:59.583,3,2.21,,512000000
2026-05-29 14:01:59.581,2,1.76,,512000000
2026-05-29 14:01:59.533,2,1.86,,512000000
2026-05-29 14:01:59.460,3,2.12,,512000000
2026-05-29 14:01:59.437,2,1.79,,512000000
2026-05-29 14:01:59.417,3,2,,512000000
2026-05-29 14:01:59.386,2,1.89,,512000000
2026-05-29 14:01:59.342,3,2.18,,512000000
2026-05-29 14:01:59.341,2,1.73,,512000000
2026-05-29 14:01:59.325,2,1.92,,512000000
2026-05-29 14:01:59.269,3,2.02,,512000000
2026-05-29 14:01:59.224,2,1.73,,512000000
2026-05-29 14:01:59.150,3,2.08,,512000000
2026-05-29 14:01:59.100,2,1.72,,512000000
2026-05-29 14:01:59.088,2,1.7,,512000000
2026-05-29 14:01:59.046,2,1.75,,512000000
2026-05-29 14:01:58.974,23,22,,512000000
2026-05-29 14:01:58.954,3,2.19,,512000000
2026-05-29 14:01:58.946,2,2,,512000000
2026-05-29 14:01:58.908,20,19.22,,512000000
2026-05-29 14:01:58.833,2,1.73,,512000000
2026-05-29 14:01:58.831,3,2.01,,512000000
2026-05-29 14:01:58.815,2,1.75,,512000000
2026-05-29 14:01:58.806,2,1.9,,512000000
2026-05-29 14:01:58.788,2,1.93,,512000000
2026-05-29 14:01:58.750,2,1.99,,512000000
2026-05-29 14:01:58.607,2,1.87,,512000000
2026-05-29 14:01:58.587,6,5.8,,512000000
2026-05-29 14:01:58.579,6,5.88,,512000000
2026-05-29 14:01:58.559,3,2.91,,512000000
2026-05-29 14:01:58.533,2,1.97,,512000000
2026-05-29 14:01:58.476,2,1.91,,512000000
2026-05-29 14:01:58.467,2,1.91,,512000000
2026-05-29 14:01:58.459,2,1.94,,512000000
2026-05-29 14:01:58.407,2,1.84,,512000000
2026-05-29 14:01:58.395,20,19.26,,512000000
2026-05-29 14:01:58.391,3,2.43,,512000000
2026-05-29 14:01:58.389,2,1.87,,512000000
2026-05-29 14:01:58.384,2,1.72,,512000000
2026-05-29 14:01:58.364,3,2.07,,512000000
2026-05-29 14:01:58.363,2,1.76,,512000000
2026-05-29 14:01:58.328,2,1.8,,512000000
2026-05-29 14:01:58.310,2,1.7,,512000000
2026-05-29 14:01:58.261,2,1.67,,512000000
2026-05-29 14:01:58.219,2,1.79,,512000000
2026-05-29 14:01:58.155,2,1.73,,512000000
2026-05-29 14:01:58.153,12,11.57,,512000000
2026-05-29 14:01:58.052,2,1.71,,512000000
2026-05-29 14:01:58.050,4,3.98,,512000000
2026-05-29 14:01:58.029,3,2.17,,512000000
2026-05-29 14:01:57.995,3,2,,512000000
2026-05-29 14:01:57.923,2,1.63,,512000000
2026-05-29 14:01:57.836,2,1.83,,512000000
2026-05-29 14:01:57.814,3,2.71,,512000000
2026-05-29 14:01:57.800,3,2.18,,512000000
2026-05-29 14:01:57.797,3,2.16,,512000000
2026-05-29 14:01:57.629,3,2.19,,512000000
2026-05-29 14:01:57.606,3,2.45,,512000000
2026-05-29 14:01:57.542,5,4.57,,512000000
2026-05-29 14:01:57.507,3,2.27,,512000000
2026-05-29 14:01:57.481,3,2.02,,512000000
2026-05-29 14:01:57.447,3,2.4,,512000000
2026-05-29 14:01:57.390,7,6.66,,512000000
2026-05-29 14:01:57.370,17,16.82,,512000000
2026-05-29 14:01:57.305,2,1.78,,512000000
2026-05-29 14:01:57.278,2,1.79,,512000000
2026-05-29 14:01:57.218,2,1.91,,512000000
2026-05-29 14:01:57.195,2,1.98,,512000000
2026-05-29 14:01:57.193,16,15.2,,512000000
2026-05-29 14:01:57.169,2,1.86,,512000000
2026-05-29 14:01:57.117,13,12.7,,512000000
2026-05-29 14:01:57.109,6,5.5,,512000000
2026-05-29 14:01:57.095,2,1.62,,512000000
2026-05-29 14:01:57.094,4,3.76,,512000000
2026-05-29 14:01:57.080,2,1.88,,512000000
2026-05-29 14:01:57.056,2,1.77,,512000000
2026-05-29 14:01:57.040,2,1.92,,512000000
2026-05-29 14:01:56.966,3,2.17,,512000000
2026-05-29 14:01:56.959,3,2.71,,512000000
2026-05-29 14:01:56.953,3,2.04,,512000000
2026-05-29 14:01:56.931,2,1.85,,512000000
2026-05-29 14:01:56.874,3,2.4,,512000000
2026-05-29 14:01:56.862,2,1.89,,512000000
2026-05-29 14:01:56.812,2,1.76,,512000000
2026-05-29 14:01:56.789,2,1.87,,512000000
2026-05-29 14:01:56.766,2,1.75,,512000000
2026-05-29 14:01:56.745,2,1.85,,512000000
2026-05-29 14:01:56.739,3,2.13,,512000000
2026-05-29 14:01:56.732,2,1.72,,512000000
2026-05-29 14:01:56.688,2,1.76,,512000000
2026-05-29 14:01:56.669,2,1.83,,512000000
2026-05-29 14:01:56.574,12,11.22,,512000000
2026-05-29 14:01:56.571,2,1.78,,512000000
2026-05-29 14:01:56.552,2,1.93,,512000000
2026-05-29 14:01:56.534,4,3.23,,512000000
2026-05-29 14:01:56.524,2,1.85,,512000000
2026-05-29 14:01:56.486,2,1.79,,512000000
2026-05-29 14:01:56.472,3,2.15,,512000000
2026-05-29 14:01:56.406,2,1.95,,512000000
2026-05-29 14:01:56.394,2,1.99,,512000000
2026-05-29 14:01:56.367,4,3.64,,512000000
2026-05-29 14:01:56.357,3,2.56,,512000000
2026-05-29 14:01:56.307,2,1.61,,512000000
2026-05-29 14:01:56.280,2,1.81,,512000000
2026-05-29 14:01:56.213,4,3.09,,512000000
2026-05-29 14:01:56.177,2,1.87,,512000000
2026-05-29 14:01:56.147,23,22.24,,512000000
2026-05-29 14:01:56.097,3,2.16,,512000000
2026-05-29 14:01:56.096,2,1.79,,512000000
2026-05-29 14:01:56.033,3,2.15,,512000000
2026-05-29 14:01:56.019,2,1.7,,512000000
2026-05-29 14:01:55.953,4,3.67,,512000000
2026-05-29 14:01:55.919,19,18.43,,512000000
2026-05-29 14:01:55.890,3,2.09,,512000000
2026-05-29 14:01:55.889,16,15.39,,512000000
2026-05-29 14:01:55.736,2,1.89,,512000000
2026-05-29 14:01:55.692,2,1.89,,512000000
2026-05-29 14:01:55.669,9,8.82,,512000000
2026-05-29 14:01:55.648,21,20.55,,512000000
2026-05-29 14:01:55.642,3,2.2,,512000000
2026-05-29 14:01:55.512,7,6.56,,512000000
2026-05-29 14:01:55.488,2,1.85,,512000000
2026-05-29 14:01:55.429,2,1.98,,512000000
2026-05-29 14:01:55.409,3,2,,512000000
2026-05-29 14:01:55.388,6,5.81,,512000000
2026-05-29 14:01:55.384,3,2,,512000000
2026-05-29 14:01:55.367,10,9.35,,512000000
2026-05-29 14:01:55.348,5,4.05,,512000000
2026-05-29 14:01:55.330,2,1.93,,512000000
2026-05-29 14:01:55.311,3,2.75,,512000000
2026-05-29 14:01:55.293,19,18.07,,512000000
2026-05-29 14:01:55.252,2,1.84,,512000000
2026-05-29 14:01:55.200,2,1.71,,512000000
2026-05-29 14:01:55.196,2,1.79,,512000000
2026-05-29 14:01:55.150,3,2.06,,512000000
2026-05-29 14:01:55.123,2,1.85,,512000000
2026-05-29 14:01:55.104,2,1.86,,512000000
2026-05-29 14:01:55.074,2,1.85,,512000000
2026-05-29 14:01:55.054,11,10.38,,512000000
2026-05-29 14:01:55.040,3,2.18,,512000000
2026-05-29 14:01:55.018,3,2.5,,512000000
2026-05-29 14:01:54.996,3,2.11,,512000000
2026-05-29 14:01:54.980,2,1.95,,512000000
2026-05-29 14:01:54.972,2,1.74,,512000000
2026-05-29 14:01:54.953,2,1.6,,512000000
2026-05-29 14:01:54.947,23,22.03,,512000000
2026-05-29 14:01:54.865,3,2.12,,512000000
2026-05-29 14:01:54.857,2,1.92,,512000000
2026-05-29 14:01:54.799,2,1.89,,512000000
2026-05-29 14:01:54.778,2,1.83,,512000000
2026-05-29 14:01:54.769,3,2.32,,512000000
2026-05-29 14:01:54.752,2,1.77,,512000000
2026-05-29 14:01:54.700,24,23.4,,512000000
2026-05-29 14:01:54.699,3,2.2,,512000000
2026-05-29 14:01:54.698,2,1.9,,512000000
2026-05-29 14:01:54.694,8,7.56,,512000000
2026-05-29 14:01:54.683,2,1.79,,512000000
2026-05-29 14:01:54.676,2,1.92,,512000000
2026-05-29 14:01:54.501,3,2.05,,512000000
2026-05-29 14:01:54.375,2,1.85,,512000000
2026-05-29 14:01:54.346,2,1.85,,512000000
2026-05-29 14:01:54.282,2,1.85,,512000000
2026-05-29 14:01:54.250,2,1.76,,512000000
2026-05-29 14:01:54.210,3,2.1,,512000000
2026-05-29 14:01:54.148,3,2.06,,512000000
2026-05-29 14:01:54.145,3,2.03,,512000000
2026-05-29 14:01:53.940,2,1.73,,512000000
2026-05-29 14:01:53.935,2,1.86,,512000000
2026-05-29 14:01:53.907,2,1.66,,512000000
2026-05-29 14:01:53.865,2,1.7,,512000000
2026-05-29 14:01:53.831,2,1.89,,512000000
2026-05-29 14:01:53.826,2,1.87,,512000000
2026-05-29 14:01:53.813,2,1.77,,512000000
2026-05-29 14:01:53.782,2,1.96,,512000000
2026-05-29 14:01:53.764,2,1.81,,512000000
2026-05-29 14:01:53.738,2,1.93,,512000000
2026-05-29 14:01:53.729,2,1.6,,512000000
2026-05-29 14:01:53.726,2,1.98,,512000000
2026-05-29 14:01:53.671,3,2.02,,512000000
2026-05-29 14:01:53.634,6,5.87,,512000000
2026-05-29 14:01:53.622,2,1.91,,512000000
2026-05-29 14:01:53.607,2,1.83,,512000000
2026-05-29 14:01:53.580,2,1.78,,512000000
2026-05-29 14:01:53.578,2,1.73,,512000000
2026-05-29 14:01:53.440,2,1.92,,512000000
2026-05-29 14:01:53.354,22,21.29,,512000000
2026-05-29 14:01:53.348,4,3.11,,512000000
2026-05-29 14:01:53.348,3,2.16,,512000000
2026-05-29 14:01:53.329,31,30.33,,512000000
2026-05-29 14:01:53.278,3,2.09,,512000000
2026-05-29 14:01:53.262,2,1.79,,512000000
2026-05-29 14:01:53.189,3,2.03,,512000000
2026-05-29 14:01:53.149,14,13.07,,512000000
2026-05-29 14:01:53.142,2,1.83,,512000000
2026-05-29 14:01:53.142,3,2.15,,512000000
2026-05-29 14:01:53.140,2,1.71,,512000000
2026-05-29 14:01:53.109,2,1.93,,512000000
2026-05-29 14:01:53.106,2,1.74,,512000000
2026-05-29 14:01:53.067,3,2.05,,512000000
2026-05-29 14:01:53.000,2,1.91,,512000000
2026-05-29 14:01:52.947,5,4.31,,512000000
2026-05-29 14:01:52.937,2,1.99,,512000000
2026-05-29 14:01:52.897,2,1.76,,512000000
2026-05-29 14:01:52.853,2,1.71,,512000000
2026-05-29 14:01:52.813,2,1.74,,512000000
2026-05-29 14:01:52.811,2,1.64,,512000000
2026-05-29 14:01:52.794,2,1.71,,512000000
2026-05-29 14:01:52.756,3,2.2,,512000000
2026-05-29 14:01:52.750,19,18.92,,512000000
2026-05-29 14:01:52.668,3,2.38,,512000000
2026-05-29 14:01:52.667,3,2.05,,512000000
2026-05-29 14:01:52.631,2,1.88,,512000000
2026-05-29 14:01:52.616,2,1.79,,512000000
2026-05-29 14:01:52.586,2,1.77,,512000000
2026-05-29 14:01:52.482,2,1.75,,512000000
2026-05-29 14:01:52.446,2,1.71,,512000000
2026-05-29 14:01:52.420,2,1.73,,512000000
2026-05-29 14:01:52.415,2,1.98,,512000000
2026-05-29 14:01:52.396,2,1.97,,512000000
2026-05-29 14:01:52.289,7,6.83,,512000000
2026-05-29 14:01:52.282,3,2.11,,512000000
2026-05-29 14:01:52.275,2,1.87,,512000000
2026-05-29 14:01:52.170,2,1.71,,512000000
2026-05-29 14:01:52.150,13,12.42,,512000000
2026-05-29 14:01:52.131,11,10.8,,512000000
2026-05-29 14:01:52.089,2,1.72,,512000000
2026-05-29 14:01:52.088,18,17.49,,512000000
2026-05-29 14:01:52.020,2,1.86,,512000000
2026-05-29 14:01:51.992,2,1.78,,512000000
2026-05-29 14:01:51.954,2,1.88,,512000000
2026-05-29 14:01:51.932,2,1.74,,512000000
2026-05-29 14:01:51.905,2,1.75,,512000000
2026-05-29 14:01:51.847,6,5.47,,512000000
2026-05-29 14:01:51.813,2,1.91,,512000000
2026-05-29 14:01:51.786,2,1.7,,512000000
2026-05-29 14:01:51.753,2,1.9,,512000000
2026-05-29 14:01:51.748,2,1.99,,512000000
2026-05-29 14:01:51.729,2,1.74,,512000000
2026-05-29 14:01:51.716,2,1.78,,512000000
2026-05-29 14:01:51.672,3,2.09,,512000000
2026-05-29 14:01:51.667,2,1.59,,512000000
2026-05-29 14:01:51.633,2,1.92,,512000000
2026-05-29 14:01:51.589,2,1.96,,512000000
2026-05-29 14:01:51.578,2,1.82,,512000000
2026-05-29 14:01:51.517,3,2.11,,512000000
2026-05-29 14:01:51.478,2,1.94,,512000000
2026-05-29 14:01:51.423,2,1.93,,512000000
2026-05-29 14:01:51.394,3,2.1,,512000000
2026-05-29 14:01:51.388,2,1.72,,512000000
2026-05-29 14:01:51.387,2,2,,512000000
2026-05-29 14:01:51.358,32,31.8,,512000000
2026-05-29 14:01:51.341,2,1.72,,512000000
2026-05-29 14:01:51.235,22,21.36,,512000000
2026-05-29 14:01:51.216,2,1.9,,512000000
2026-05-29 14:01:51.163,2,1.79,,512000000
2026-05-29 14:01:51.135,2,1.7,,512000000
2026-05-29 14:01:51.107,2,1.74,,512000000
2026-05-29 14:01:51.093,2,1.77,,512000000
2026-05-29 14:01:51.071,2,1.87,,512000000
2026-05-29 14:01:51.020,2,1.91,,512000000
2026-05-29 14:01:51.003,2,1.74,,512000000
2026-05-29 14:01:50.947,2,1.78,,512000000
2026-05-29 14:01:50.928,2,1.9,,512000000
2026-05-29 14:01:50.881,2,1.81,,512000000
2026-05-29 14:01:50.827,2,1.79,,512000000
2026-05-29 14:01:50.815,2,1.69,,512000000
2026-05-29 14:01:50.789,2,1.81,,512000000
2026-05-29 14:01:50.750,2,1.76,,512000000
2026-05-29 14:01:50.746,2,1.88,,512000000
2026-05-29 14:01:50.719,10,9.75,,512000000
2026-05-29 14:01:50.694,16,15.23,,512000000
2026-05-29 14:01:50.693,2,1.88,,512000000
2026-05-29 14:01:50.687,6,5.17,,512000000
2026-05-29 14:01:50.678,2,1.88,,512000000
2026-05-29 14:01:50.663,2,1.71,,512000000
2026-05-29 14:01:50.602,2,1.9,,512000000
2026-05-29 14:01:50.552,2,1.79,,512000000
2026-05-29 14:01:50.516,4,3.04,,512000000
2026-05-29 14:01:50.514,4,3.16,,512000000
2026-05-29 14:01:50.503,3,2.04,,512000000
2026-05-29 14:01:50.354,26,25.35,,512000000
2026-05-29 14:01:50.243,2,1.74,,512000000
2026-05-29 14:01:50.215,2,1.94,,512000000
2026-05-29 14:01:50.210,2,1.72,,512000000
2026-05-29 14:01:50.162,2,1.87,,512000000
2026-05-29 14:01:50.155,4,3.2,,512000000
2026-05-29 14:01:50.121,6,5.02,,512000000
2026-05-29 14:01:50.073,7,6.92,,512000000
2026-05-29 14:01:50.059,2,1.73,,512000000
2026-05-29 14:01:50.054,3,2.14,,512000000
2026-05-29 14:01:50.041,3,2.96,,512000000
2026-05-29 14:01:49.993,16,15.69,,512000000
2026-05-29 14:01:49.986,2,1.77,,512000000
2026-05-29 14:01:49.934,8,7.91,,512000000
2026-05-29 14:01:49.930,2,1.68,,512000000
2026-05-29 14:01:49.920,2,1.78,,512000000
2026-05-29 14:01:49.875,2,1.7,,512000000
2026-05-29 14:01:49.869,2,1.88,,512000000
2026-05-29 14:01:49.819,3,2,,512000000
2026-05-29 14:01:49.819,2,1.95,,512000000
2026-05-29 14:01:49.792,2,1.85,,512000000
2026-05-29 14:01:49.790,2,1.8,,512000000
2026-05-29 14:01:49.728,2,1.68,,512000000
2026-05-29 14:01:49.625,2,1.71,,512000000
2026-05-29 14:01:49.601,2,1.67,,512000000
2026-05-29 14:01:49.554,2,1.97,,512000000
2026-05-29 14:01:49.551,2,1.75,,512000000
2026-05-29 14:01:49.514,5,4.97,,512000000
2026-05-29 14:01:49.503,2,1.76,,512000000
2026-05-29 14:01:49.485,3,2.14,,512000000
2026-05-29 14:01:49.429,2,1.78,,512000000
2026-05-29 14:01:49.383,5,4.45,,512000000
2026-05-29 14:01:49.350,2,1.96,,512000000
2026-05-29 14:01:49.244,2,1.85,,512000000
2026-05-29 14:01:49.157,2,1.77,,512000000
2026-05-29 14:01:49.141,2,1.76,,512000000
2026-05-29 14:01:49.117,2,1.84,,512000000
2026-05-29 14:01:49.083,2,1.75,,512000000
2026-05-29 14:01:49.067,3,2.12,,512000000
2026-05-29 14:01:49.052,2,1.67,,512000000
2026-05-29 14:01:49.035,2,1.8,,512000000
2026-05-29 14:01:48.997,3,2.15,,512000000
2026-05-29 14:01:48.991,2,1.73,,512000000
2026-05-29 14:01:48.969,2,1.93,,512000000
2026-05-29 14:01:48.948,6,5.64,,512000000
2026-05-29 14:01:48.811,2,1.69,,512000000
2026-05-29 14:01:48.793,2,1.69,,512000000
2026-05-29 14:01:48.733,2,1.67,,512000000
2026-05-29 14:01:48.730,2,1.92,,512000000
2026-05-29 14:01:48.711,2,1.94,,512000000
2026-05-29 14:01:48.706,2,1.83,,512000000
2026-05-29 14:01:48.678,5,4.76,,512000000
2026-05-29 14:01:48.654,2,2,,512000000
2026-05-29 14:01:48.619,2,1.99,,512000000
2026-05-29 14:01:48.604,5,4.17,,512000000
2026-05-29 14:01:48.600,2,1.95,,512000000
2026-05-29 14:01:48.596,3,2.22,,512000000
2026-05-29 14:01:48.512,3,2.96,,512000000
2026-05-29 14:01:48.477,3,2.14,,512000000
2026-05-29 14:01:48.441,2,1.86,,512000000
2026-05-29 14:01:48.437,3,2.1,,512000000
2026-05-29 14:01:48.420,3,2.98,,512000000
2026-05-29 14:01:48.391,2,1.96,,512000000
2026-05-29 14:01:48.387,2,1.86,,512000000
2026-05-29 14:01:48.308,3,2.09,,512000000
2026-05-29 14:01:48.273,2,1.9,,512000000
2026-05-29 14:01:48.260,2,1.66,,512000000
2026-05-29 14:01:48.160,2,1.84,,512000000
2026-05-29 14:01:48.120,2,1.81,,512000000
2026-05-29 14:01:48.076,2,1.87,,512000000
2026-05-29 14:01:48.074,32,31.07,,512000000
2026-05-29 14:01:48.069,8,7.04,,512000000
2026-05-29 14:01:48.061,2,1.83,,512000000
2026-05-29 14:01:48.060,2,1.9,,512000000
2026-05-29 14:01:47.998,3,2.26,,512000000
2026-05-29 14:01:47.975,2,1.9,,512000000
2026-05-29 14:01:47.974,4,3.68,,512000000
2026-05-29 14:01:47.804,2,1.82,,512000000
2026-05-29 14:01:47.624,2,1.79,,512000000
2026-05-29 14:01:47.622,3,2.18,,512000000
2026-05-29 14:01:47.577,3,2.35,,512000000
2026-05-29 14:01:47.534,7,6.07,,512000000
2026-05-29 14:01:47.524,3,2.57,,512000000
2026-05-29 14:01:47.489,2,1.68,,512000000
2026-05-29 14:01:47.456,2,1.83,,512000000
2026-05-29 14:01:47.449,2,1.72,,512000000
2026-05-29 14:01:47.433,6,5.65,,512000000
2026-05-29 14:01:47.405,3,2.36,,512000000
2026-05-29 14:01:47.373,14,13.46,,512000000
2026-05-29 14:01:47.373,5,4.3,,512000000
2026-05-29 14:01:47.355,18,17.25,,512000000
2026-05-29 14:01:47.347,4,3.27,,512000000
2026-05-29 14:01:47.315,2,1.62,,512000000
2026-05-29 14:01:47.295,2,1.87,,512000000
2026-05-29 14:01:47.275,3,2.92,,512000000
2026-05-29 14:01:47.272,2,1.9,,512000000
2026-05-29 14:01:47.242,2,1.97,,512000000
2026-05-29 14:01:47.208,2,1.89,,512000000
2026-05-29 14:01:47.162,2,1.74,,512000000
2026-05-29 14:01:47.134,2,1.81,,512000000
2026-05-29 14:01:47.131,3,2.44,,512000000
2026-05-29 14:01:47.068,3,2.14,,512000000
2026-05-29 14:01:47.064,2,1.73,,512000000
2026-05-29 14:01:46.918,2,1.77,,512000000
2026-05-29 14:01:46.905,3,2.25,,512000000
2026-05-29 14:01:46.901,3,3,,512000000
2026-05-29 14:01:46.824,3,2.25,,512000000
2026-05-29 14:01:46.808,2,1.87,,512000000
2026-05-29 14:01:46.734,5,4.07,,512000000
2026-05-29 14:01:46.722,2,1.84,,512000000
2026-05-29 14:01:46.715,3,2.13,,512000000
2026-05-29 14:01:46.671,3,2.13,,512000000
2026-05-29 14:01:46.666,2,1.88,,512000000
2026-05-29 14:01:46.652,2,1.79,,512000000
2026-05-29 14:01:46.612,2,1.81,,512000000
2026-05-29 14:01:46.558,2,1.76,,512000000
2026-05-29 14:01:46.514,5,4.97,,512000000
2026-05-29 14:01:46.497,11,10.94,,512000000
2026-05-29 14:01:46.480,2,1.92,,512000000
2026-05-29 14:01:46.388,2,1.77,,512000000
2026-05-29 14:01:46.386,2,1.77,,512000000
2026-05-29 14:01:46.310,2,1.73,,512000000
2026-05-29 14:01:46.307,2,1.82,,512000000
2026-05-29 14:01:46.218,2,1.93,,512000000
2026-05-29 14:01:46.218,2,1.76,,512000000
2026-05-29 14:01:46.194,19,18.79,,512000000
2026-05-29 14:01:46.167,2,1.85,,512000000
2026-05-29 14:01:46.167,2,1.72,,512000000
2026-05-29 14:01:46.117,2,1.7,,512000000
2026-05-29 14:01:46.051,2,1.66,,512000000
2026-05-29 14:01:45.970,2,1.76,,512000000
2026-05-29 14:01:45.966,2,1.87,,512000000
2026-05-29 14:01:45.861,2,1.83,,512000000
2026-05-29 14:01:45.850,4,3.51,,512000000
2026-05-29 14:01:45.810,2,1.92,,512000000
2026-05-29 14:01:45.807,2,1.93,,512000000
2026-05-29 14:01:45.773,6,5.98,,512000000
2026-05-29 14:01:45.765,3,2.43,,512000000
2026-05-29 14:01:45.745,2,1.82,,512000000
2026-05-29 14:01:45.616,13,12.48,,512000000
2026-05-29 14:01:45.610,2,1.87,,512000000
2026-05-29 14:01:45.595,2,1.88,,512000000
2026-05-29 14:01:45.590,2,1.86,,512000000
2026-05-29 14:01:45.585,2,1.72,,512000000
2026-05-29 14:01:45.579,2,1.83,,512000000
2026-05-29 14:01:45.560,2,1.72,,512000000
2026-05-29 14:01:45.492,2,1.8,,512000000
2026-05-29 14:01:45.482,2,1.69,,512000000
2026-05-29 14:01:45.404,2,1.92,,512000000
2026-05-29 14:01:45.398,2,1.97,,512000000
2026-05-29 14:01:45.381,3,2.01,,512000000
2026-05-29 14:01:45.343,2,1.91,,512000000
2026-05-29 14:01:45.326,2,1.94,,512000000
2026-05-29 14:01:45.286,3,2.05,,512000000
2026-05-29 14:01:45.269,2,1.94,,512000000
2026-05-29 14:01:45.252,3,2.16,,512000000
2026-05-29 14:01:45.249,2,1.98,,512000000
2026-05-29 14:01:45.248,2,1.92,,512000000
2026-05-29 14:01:45.233,2,1.76,,512000000
2026-05-29 14:01:45.195,2,1.82,,512000000
2026-05-29 14:01:45.074,4,3.11,,512000000
2026-05-29 14:01:45.060,2,1.77,,512000000
2026-05-29 14:01:44.944,2,1.8,,512000000
2026-05-29 14:01:44.941,2,1.71,,512000000
2026-05-29 14:01:44.937,2,1.75,,512000000
2026-05-29 14:01:44.909,2,1.81,,512000000
2026-05-29 14:01:44.907,2,1.66,,512000000
2026-05-29 14:01:44.848,5,4.41,,512000000
2026-05-29 14:01:44.831,2,1.74,,512000000
2026-05-29 14:01:44.809,2,1.78,,512000000
2026-05-29 14:01:44.795,2,1.51,,512000000
2026-05-29 14:01:44.788,2,1.64,,512000000
2026-05-29 14:01:44.739,2,1.97,,512000000
2026-05-29 14:01:44.734,7,6.27,,512000000
2026-05-29 14:01:44.716,2,1.97,,512000000
2026-05-29 14:01:44.615,12,11.66,,512000000
2026-05-29 14:01:44.597,2,1.76,,512000000
2026-05-29 14:01:44.552,2,1.73,,512000000
2026-05-29 14:01:44.477,3,2.05,,512000000
2026-05-29 14:01:44.359,2,1.93,,512000000
2026-05-29 14:01:44.317,4,3.38,,512000000
2026-05-29 14:01:44.256,3,2.36,,512000000
2026-05-29 14:01:44.240,2,1.84,,512000000
2026-05-29 14:01:44.190,2,1.75,,512000000
2026-05-29 14:01:44.186,2,1.77,,512000000
2026-05-29 14:01:44.145,2,1.77,,512000000
2026-05-29 14:01:44.028,2,1.92,,512000000
2026-05-29 14:01:43.981,3,2.08,,512000000
2026-05-29 14:01:43.977,2,1.92,,512000000
2026-05-29 14:01:43.900,3,2.27,,512000000
2026-05-29 14:01:43.880,2,1.74,,512000000
2026-05-29 14:01:43.858,2,1.94,,512000000
2026-05-29 14:01:43.849,2,1.74,,512000000
2026-05-29 14:01:43.830,4,3.35,,512000000
2026-05-29 14:01:43.793,2,1.82,,512000000
2026-05-29 14:01:43.734,8,7.83,,512000000
2026-05-29 14:01:43.720,2,1.75,,512000000
2026-05-29 14:01:43.674,2,1.83,,512000000
2026-05-29 14:01:43.592,2,1.81,,512000000
2026-05-29 14:01:43.573,2,1.76,,512000000
2026-05-29 14:01:43.504,2,1.77,,512000000
2026-05-29 14:01:43.485,2,1.99,,512000000
2026-05-29 14:01:43.479,2,1.78,,512000000
2026-05-29 14:01:43.466,2,1.54,,512000000
2026-05-29 14:01:43.465,2,1.92,,512000000
2026-05-29 14:01:43.459,2,1.9,,512000000
2026-05-29 14:01:43.412,2,1.7,,512000000
2026-05-29 14:01:43.392,2,1.72,,512000000
2026-05-29 14:01:43.354,8,7.35,,512000000
2026-05-29 14:01:43.340,2,1.77,,512000000
2026-05-29 14:01:43.338,3,2.19,,512000000
2026-05-29 14:01:43.326,2,1.86,,512000000
2026-05-29 14:01:43.296,2,1.62,,512000000
2026-05-29 14:01:43.294,5,4.66,,512000000
2026-05-29 14:01:43.279,2,1.82,,512000000
2026-05-29 14:01:43.235,2,1.77,,512000000
2026-05-29 14:01:43.211,2,1.79,,512000000
2026-05-29 14:01:43.190,2,1.9,,512000000
2026-05-29 14:01:43.173,6,5.79,,512000000
2026-05-29 14:01:43.150,2,1.73,,512000000
2026-05-29 14:01:43.021,2,1.87,,512000000
2026-05-29 14:01:43.020,2,1.81,,512000000
2026-05-29 14:01:42.966,3,2.19,,512000000
2026-05-29 14:01:42.961,2,1.69,,512000000
2026-05-29 14:01:42.854,18,17.26,,512000000
2026-05-29 14:01:42.816,2,1.81,,512000000
2026-05-29 14:01:42.781,2,1.82,,512000000
2026-05-29 14:01:42.699,2,1.63,,512000000
2026-05-29 14:01:42.628,3,2.16,,512000000
2026-05-29 14:01:42.592,2,1.75,,512000000
2026-05-29 14:01:42.553,4,3.03,,512000000
2026-05-29 14:01:42.519,6,5.47,,512000000
2026-05-29 14:01:42.489,5,4.57,,512000000
2026-05-29 14:01:42.476,2,1.67,,512000000
2026-05-29 14:01:42.448,2,1.92,,512000000
2026-05-29 14:01:42.431,2,1.78,,512000000
2026-05-29 14:01:42.414,2,1.64,,512000000
2026-05-29 14:01:42.320,3,2.25,,512000000
2026-05-29 14:01:42.255,7,6.44,,512000000
2026-05-29 14:01:42.241,2,1.85,,512000000
2026-05-29 14:01:42.214,2,1.78,,512000000
2026-05-29 14:01:42.184,2,1.71,,512000000
2026-05-29 14:01:42.123,3,2.12,,512000000
2026-05-29 14:01:42.115,2,1.82,,512000000
2026-05-29 14:01:42.100,2,1.89,,512000000
2026-05-29 14:01:42.040,2,1.75,,512000000
2026-05-29 14:01:42.034,11,10.15,,512000000
2026-05-29 14:01:42.014,3,2.87,,512000000
2026-05-29 14:01:41.998,2,1.72,,512000000
2026-05-29 14:01:41.995,2,1.99,,512000000
2026-05-29 14:01:41.975,9,8.11,,512000000
2026-05-29 14:01:41.954,2,1.78,,512000000
2026-05-29 14:01:41.948,2,1.88,,512000000
2026-05-29 14:01:41.908,2,1.85,,512000000
2026-05-29 14:01:41.852,4,3.11,,512000000
2026-05-29 14:01:41.851,3,2.04,,512000000
2026-05-29 14:01:41.750,2,1.88,,512000000
2026-05-29 14:01:41.665,3,2.01,,512000000
2026-05-29 14:01:41.543,2,1.86,,512000000
2026-05-29 14:01:41.518,2,1.98,,512000000
2026-05-29 14:01:41.484,3,2.11,,512000000
2026-05-29 14:01:41.368,3,2.11,,512000000
2026-05-29 14:01:41.366,3,2.12,,512000000
2026-05-29 14:01:41.363,2,1.68,,512000000
2026-05-29 14:01:41.359,2,1.99,,512000000
2026-05-29 14:01:41.339,2,1.77,,512000000
2026-05-29 14:01:41.334,2,1.69,,512000000
2026-05-29 14:01:41.278,2,1.91,,512000000
2026-05-29 14:01:41.249,5,4.52,,512000000
2026-05-29 14:01:41.188,2,1.87,,512000000
2026-05-29 14:01:41.161,2,1.79,,512000000
2026-05-29 14:01:41.106,47,46.9,,512000000
2026-05-29 14:01:41.095,3,2.61,,512000000
2026-05-29 14:01:41.086,2,1.84,,512000000
2026-05-29 14:01:41.074,10,9.08,,512000000
2026-05-29 14:01:41.000,3,2.08,,512000000
2026-05-29 14:01:40.993,2,1.73,,512000000
2026-05-29 14:01:40.979,3,2.05,,512000000
2026-05-29 14:01:40.974,10,9.43,,512000000
2026-05-29 14:01:40.956,3,2.45,,512000000
2026-05-29 14:01:40.951,2,1.97,,512000000
2026-05-29 14:01:40.947,2,1.7,,512000000
2026-05-29 14:01:40.893,2,1.77,,512000000
2026-05-29 14:01:40.891,10,9.97,,512000000
2026-05-29 14:01:40.859,4,3.14,,512000000
2026-05-29 14:01:40.844,2,1.7,,512000000
2026-05-29 14:01:40.742,2,1.85,,512000000
2026-05-29 14:01:40.691,2,1.77,,512000000
2026-05-29 14:01:40.679,2,1.89,,512000000
2026-05-29 14:01:40.601,2,1.65,,512000000
2026-05-29 14:01:40.579,3,2,,512000000
2026-05-29 14:01:40.579,2,1.75,,512000000
2026-05-29 14:01:40.527,2,1.86,,512000000
2026-05-29 14:01:40.411,2,1.8,,512000000
2026-05-29 14:01:40.401,2,1.85,,512000000
2026-05-29 14:01:40.329,2,1.8,,512000000
2026-05-29 14:01:40.230,3,2.36,,512000000
2026-05-29 14:01:40.209,21,20.77,,512000000
2026-05-29 14:01:40.207,4,3.03,,512000000
2026-05-29 14:01:40.188,2,1.68,,512000000
2026-05-29 14:01:40.125,2,1.82,,512000000
2026-05-29 14:01:40.101,2,1.76,,512000000
2026-05-29 14:01:40.067,2,1.86,,512000000
2026-05-29 14:01:40.061,2,1.77,,512000000
2026-05-29 14:01:40.044,2,1.76,,512000000
2026-05-29 14:01:40.019,2,1.76,,512000000
2026-05-29 14:01:40.014,2,1.76,,512000000
2026-05-29 14:01:39.976,3,2.02,,512000000
2026-05-29 14:01:39.968,2,1.92,,512000000
2026-05-29 14:01:39.950,2,1.69,,512000000
2026-05-29 14:01:39.909,2,1.92,,512000000
2026-05-29 14:01:39.888,2,1.92,,512000000
2026-05-29 14:01:39.872,2,1.98,,512000000
2026-05-29 14:01:39.728,14,13.61,,512000000
2026-05-29 14:01:39.646,2,1.81,,512000000
2026-05-29 14:01:39.621,2,1.69,,512000000
2026-05-29 14:01:39.615,2,1.75,,512000000
2026-05-29 14:01:39.602,2,1.9,,512000000
2026-05-29 14:01:39.534,2,1.96,,512000000
2026-05-29 14:01:39.462,2,1.84,,512000000
2026-05-29 14:01:39.420,3,2.49,,512000000
2026-05-29 14:01:39.417,2,1.76,,512000000
2026-05-29 14:01:39.416,2,1.72,,512000000
2026-05-29 14:01:39.396,2,1.95,,512000000
2026-05-29 14:01:39.394,2,1.66,,512000000
2026-05-29 14:01:39.269,3,2.07,,512000000
2026-05-29 14:01:39.253,4,3.64,,512000000
2026-05-29 14:01:39.210,16,15.18,,512000000
2026-05-29 14:01:39.210,3,2.05,,512000000
2026-05-29 14:01:39.160,2,1.76,,512000000
2026-05-29 14:01:39.158,2,1.73,,512000000
2026-05-29 14:01:39.091,3,2.2,,512000000
2026-05-29 14:01:39.037,3,2.2,,512000000
2026-05-29 14:01:39.021,2,1.86,,512000000
2026-05-29 14:01:39.019,5,4.96,,512000000
2026-05-29 14:01:39.005,2,1.99,,512000000
2026-05-29 14:01:38.987,44,43.94,,512000000
2026-05-29 14:01:38.974,2,1.74,,512000000
2026-05-29 14:01:38.973,2,1.73,,512000000
2026-05-29 14:01:38.967,2,1.99,,512000000
2026-05-29 14:01:38.951,3,2.07,,512000000
2026-05-29 14:01:38.948,3,2.09,,512000000
2026-05-29 14:01:38.889,3,2.06,,512000000
2026-05-29 14:01:38.814,5,4.88,,512000000
2026-05-29 14:01:38.796,3,2.01,,512000000
2026-05-29 14:01:38.786,4,3.7,,512000000
2026-05-29 14:01:38.774,8,7.88,,512000000
2026-05-29 14:01:38.759,2,1.7,,512000000
2026-05-29 14:01:38.739,2,1.83,,512000000
2026-05-29 14:01:38.714,3,2.17,,512000000
2026-05-29 14:01:38.492,3,2.05,,512000000
2026-05-29 14:01:38.421,2,1.77,,512000000
2026-05-29 14:01:38.356,2,1.98,,512000000
2026-05-29 14:01:38.337,2,1.65,,512000000
2026-05-29 14:01:38.267,2,1.67,,512000000
2026-05-29 14:01:38.259,2,1.99,,512000000
2026-05-29 14:01:38.227,10,9.32,,512000000
2026-05-29 14:01:38.209,3,2.03,,512000000
2026-05-29 14:01:38.206,3,2.13,,512000000
2026-05-29 14:01:38.177,2,1.82,,512000000
2026-05-29 14:01:38.141,2,1.77,,512000000
2026-05-29 14:01:38.076,2,1.67,,512000000
2026-05-29 14:01:38.071,2,1.95,,512000000
2026-05-29 14:01:38.016,2,1.9,,512000000
2026-05-29 14:01:38.005,2,1.75,,512000000
2026-05-29 14:01:37.970,2,1.86,,512000000
2026-05-29 14:01:37.963,2,1.96,,512000000
2026-05-29 14:01:37.960,2,1.63,,512000000
2026-05-29 14:01:37.820,2,1.95,,512000000
2026-05-29 14:01:37.769,3,2.07,,512000000
2026-05-29 14:01:37.766,2,1.99,,512000000
2026-05-29 14:01:37.751,2,1.78,,512000000
2026-05-29 14:01:37.710,2,1.77,,512000000
2026-05-29 14:01:37.691,2,1.81,,512000000
2026-05-29 14:01:37.575,2,1.82,,512000000
2026-05-29 14:01:37.561,2,1.81,,512000000
2026-05-29 14:01:37.557,2,1.74,,512000000
2026-05-29 14:01:37.545,2,1.88,,512000000
2026-05-29 14:01:37.526,2,1.71,,512000000
2026-05-29 14:01:37.505,3,2.17,,512000000
2026-05-29 14:01:37.504,2,1.83,,512000000
2026-05-29 14:01:37.484,2,1.76,,512000000
2026-05-29 14:01:37.483,3,2.02,,512000000
2026-05-29 14:01:37.471,3,2.01,,512000000
2026-05-29 14:01:37.447,2,1.69,,512000000
2026-05-29 14:01:37.399,2,1.98,,512000000
2026-05-29 14:01:37.385,2,1.8,,512000000
2026-05-29 14:01:37.379,2,1.88,,512000000
2026-05-29 14:01:37.349,3,2.55,,512000000
2026-05-29 14:01:37.333,3,2.31,,512000000
2026-05-29 14:01:37.289,23,22.38,,512000000
2026-05-29 14:01:37.254,2,1.98,,512000000
2026-05-29 14:01:37.231,2,1.88,,512000000
2026-05-29 14:01:37.102,2,1.76,,512000000
2026-05-29 14:01:37.038,2,1.56,,512000000
2026-05-29 14:01:37.036,8,7.72,,512000000
2026-05-29 14:01:37.015,11,10.94,,512000000
2026-05-29 14:01:36.996,2,1.83,,512000000
2026-05-29 14:01:36.937,7,6.82,,512000000
2026-05-29 14:01:36.915,2,1.73,,512000000
2026-05-29 14:01:36.913,7,6.75,,512000000
2026-05-29 14:01:36.854,2,1.65,,512000000
2026-05-29 14:01:36.800,2,1.75,,512000000
2026-05-29 14:01:36.792,2,1.91,,512000000
2026-05-29 14:01:36.788,2,1.84,,512000000
2026-05-29 14:01:36.665,3,2.01,,512000000
2026-05-29 14:01:36.600,2,1.83,,512000000
2026-05-29 14:01:36.568,2,1.81,,512000000
2026-05-29 14:01:36.540,3,2.69,,512000000
2026-05-29 14:01:36.480,2,1.81,,512000000
2026-05-29 14:01:36.399,2,1.86,,512000000
2026-05-29 14:01:36.393,2,1.75,,512000000
2026-05-29 14:01:36.315,2,1.95,,512000000
2026-05-29 14:01:36.311,8,7.13,,512000000
2026-05-29 14:01:36.276,2,1.87,,512000000
2026-05-29 14:01:36.270,2,1.91,,512000000
2026-05-29 14:01:36.270,3,2.19,,512000000
2026-05-29 14:01:36.226,2,1.79,,512000000
2026-05-29 14:01:36.208,10,9.16,,512000000
2026-05-29 14:01:36.187,3,2.98,,512000000
2026-05-29 14:01:36.181,2,1.82,,512000000
2026-05-29 14:01:36.171,2,1.77,,512000000
2026-05-29 14:01:36.168,15,14.61,,512000000
2026-05-29 14:01:36.113,2,1.91,,512000000
2026-05-29 14:01:36.076,2,1.8,,512000000
2026-05-29 14:01:36.074,2,1.86,,512000000
2026-05-29 14:01:35.997,2,1.7,,512000000
2026-05-29 14:01:35.944,2,1.73,,512000000
2026-05-29 14:01:35.860,2,1.69,,512000000
2026-05-29 14:01:35.834,2,1.74,,512000000
2026-05-29 14:01:35.819,2,1.89,,512000000
2026-05-29 14:01:35.812,6,5.53,,512000000
2026-05-29 14:01:35.766,5,4.28,,512000000
2026-05-29 14:01:35.747,8,7.66,,512000000
2026-05-29 14:01:35.728,2,1.67,,512000000
2026-05-29 14:01:35.638,2,1.85,,512000000
2026-05-29 14:01:35.637,2,1.98,,512000000
2026-05-29 14:01:35.605,2,1.75,,512000000
2026-05-29 14:01:35.568,2,1.74,,512000000
2026-05-29 14:01:35.560,2,1.73,,512000000
2026-05-29 14:01:35.539,2,1.9,,512000000
2026-05-29 14:01:35.521,3,2.09,,512000000
2026-05-29 14:01:35.476,2,1.72,,512000000
2026-05-29 14:01:35.474,3,2.51,,512000000
2026-05-29 14:01:35.454,2,1.93,,512000000
2026-05-29 14:01:35.437,2,1.85,,512000000
2026-05-29 14:01:35.382,2,1.97,,512000000
2026-05-29 14:01:35.381,3,2.03,,512000000
2026-05-29 14:01:35.379,3,2.32,,512000000
2026-05-29 14:01:35.365,2,1.6,,512000000
2026-05-29 14:01:35.322,2,1.72,,512000000
2026-05-29 14:01:35.316,2,1.9,,512000000
2026-05-29 14:01:35.260,2,1.71,,512000000
2026-05-29 14:01:35.253,3,2.1,,512000000
2026-05-29 14:01:35.249,5,4.34,,512000000
2026-05-29 14:01:35.235,2,1.77,,512000000
2026-05-29 14:01:35.164,2,1.84,,512000000
2026-05-29 14:01:35.036,3,2.91,,512000000
2026-05-29 14:01:35.017,3,2.19,,512000000
2026-05-29 14:01:34.989,2,1.83,,512000000
2026-05-29 14:01:34.888,27,26.09,,512000000
2026-05-29 14:01:34.807,3,2.41,,512000000
2026-05-29 14:01:34.738,2,1.97,,512000000
2026-05-29 14:01:34.725,2,1.84,,512000000
2026-05-29 14:01:34.671,2,1.79,,512000000
2026-05-29 14:01:34.561,3,2.01,,512000000
2026-05-29 14:01:34.559,2,1.75,,512000000
2026-05-29 14:01:34.550,2,1.87,,512000000
2026-05-29 14:01:34.499,2,1.76,,512000000
2026-05-29 14:01:34.428,18,17.8,,512000000
2026-05-29 14:01:34.419,3,2.17,,512000000
2026-05-29 14:01:34.409,3,2.07,,512000000
2026-05-29 14:01:34.354,2,1.74,,512000000
2026-05-29 14:01:34.331,6,5.92,,512000000
2026-05-29 14:01:34.296,5,4,,512000000
2026-05-29 14:01:34.287,5,4.12,,512000000
2026-05-29 14:01:34.270,4,3.28,,512000000
2026-05-29 14:01:34.242,4,3.99,,512000000
2026-05-29 14:01:34.239,4,3.65,,512000000
2026-05-29 14:01:34.090,12,11.59,,512000000
2026-05-29 14:01:34.070,11,10.62,,512000000
2026-05-29 14:01:34.049,58,57.39,,512000000
2026-05-29 14:01:33.973,11,10.75,,512000000
2026-05-29 14:01:33.947,2,1.66,,512000000
2026-05-29 14:01:33.938,4,3.73,,512000000
2026-05-29 14:01:33.937,2,1.97,,512000000
2026-05-29 14:01:33.924,2,1.94,,512000000
2026-05-29 14:01:33.921,2,1.7,,512000000
2026-05-29 14:01:33.915,2,1.66,,512000000
2026-05-29 14:01:33.830,4,3.79,,512000000
2026-05-29 14:01:33.829,3,2.31,,512000000
2026-05-29 14:01:33.809,11,10.41,,512000000
2026-05-29 14:01:33.787,9,8.81,,512000000
2026-05-29 14:01:33.777,2,1.84,,512000000
2026-05-29 14:01:33.764,3,2.15,,512000000
2026-05-29 14:01:33.754,2,1.9,,512000000
2026-05-29 14:01:33.638,2,1.78,,512000000
2026-05-29 14:01:33.599,3,2.46,,512000000
2026-05-29 14:01:33.557,3,2.03,,512000000
2026-05-29 14:01:33.502,2,1.98,,512000000
2026-05-29 14:01:33.501,3,2.03,,512000000
2026-05-29 14:01:33.479,3,2.66,,512000000
2026-05-29 14:01:33.455,2,1.91,,512000000
2026-05-29 14:01:33.405,2,1.83,,512000000
2026-05-29 14:01:33.350,2,1.89,,512000000
2026-05-29 14:01:33.329,3,2.01,,512000000
2026-05-29 14:01:33.251,2,1.78,,512000000
2026-05-29 14:01:33.244,2,1.75,,512000000
2026-05-29 14:01:33.189,4,3.04,,512000000
2026-05-29 14:01:33.168,6,5.1,,512000000
2026-05-29 14:01:33.159,3,2.38,,512000000
2026-05-29 14:01:33.149,5,4.37,,512000000
2026-05-29 14:01:33.130,2,1.82,,512000000
2026-05-29 14:01:33.109,3,2.12,,512000000
2026-05-29 14:01:33.049,5,4.01,,512000000
2026-05-29 14:01:33.035,2,1.86,,512000000
2026-05-29 14:01:33.011,3,2.2,,512000000
2026-05-29 14:01:32.992,2,1.94,,512000000
2026-05-29 14:01:32.948,2,1.77,,512000000
2026-05-29 14:01:32.860,2,1.81,,512000000
2026-05-29 14:01:32.858,2,1.78,,512000000
2026-05-29 14:01:32.790,2,1.88,,512000000
2026-05-29 14:01:32.789,2,1.99,,512000000
2026-05-29 14:01:32.637,3,2.45,,512000000
2026-05-29 14:01:32.631,2,1.78,,512000000
2026-05-29 14:01:32.535,11,10.04,,512000000
2026-05-29 14:01:32.518,2,1.94,,512000000
2026-05-29 14:01:32.473,3,2.23,,512000000
2026-05-29 14:01:32.470,2,1.93,,512000000
2026-05-29 14:01:32.469,3,2.56,,512000000
2026-05-29 14:01:32.458,5,4.47,,512000000
2026-05-29 14:01:32.433,3,2.23,,512000000
2026-05-29 14:01:32.398,4,3.89,,512000000
2026-05-29 14:01:32.372,2,1.73,,512000000
2026-05-29 14:01:32.288,2,1.81,,512000000
2026-05-29 14:01:32.271,19,18.64,,512000000
2026-05-29 14:01:32.270,3,2.06,,512000000
2026-05-29 14:01:32.246,2,1.61,,512000000
2026-05-29 14:01:32.229,2,1.75,,512000000
2026-05-29 14:01:32.199,2,1.99,,512000000
2026-05-29 14:01:32.157,2,1.85,,512000000
2026-05-29 14:01:32.101,2,1.66,,512000000
2026-05-29 14:01:32.039,2,1.67,,512000000
2026-05-29 14:01:32.035,2,1.73,,512000000
2026-05-29 14:01:32.027,2,1.91,,512000000
2026-05-29 14:01:31.957,3,2.08,,512000000
2026-05-29 14:01:31.875,15,14.09,,512000000
2026-05-29 14:01:31.796,2,1.72,,512000000
2026-05-29 14:01:31.759,2,1.78,,512000000
2026-05-29 14:01:31.733,7,6.22,,512000000
2026-05-29 14:01:31.726,4,3.56,,512000000
2026-05-29 14:01:31.701,3,2.5,,512000000
2026-05-29 14:01:31.650,3,2.35,,512000000
2026-05-29 14:01:31.647,10,9.27,,512000000
2026-05-29 14:01:31.629,2,1.84,,512000000
2026-05-29 14:01:31.613,2,1.78,,512000000
2026-05-29 14:01:31.589,9,8.57,,512000000
2026-05-29 14:01:31.572,2,1.7,,512000000
2026-05-29 14:01:31.533,2,1.77,,512000000
2026-05-29 14:01:31.475,3,2.26,,512000000
2026-05-29 14:01:31.427,9,8.09,,512000000
2026-05-29 14:01:31.408,2,1.86,,512000000
2026-05-29 14:01:31.368,2,1.69,,512000000
2026-05-29 14:01:31.335,2,1.9,,512000000
2026-05-29 14:01:31.333,2,1.95,,512000000
2026-05-29 14:01:31.234,2,1.77,,512000000
2026-05-29 14:01:31.201,2,1.97,,512000000
2026-05-29 14:01:31.199,2,1.82,,512000000
2026-05-29 14:01:31.183,2,1.83,,512000000
2026-05-29 14:01:31.147,2,1.93,,512000000
2026-05-29 14:01:31.135,2,1.71,,512000000
2026-05-29 14:01:31.134,3,2.26,,512000000
2026-05-29 14:01:31.111,2,1.92,,512000000
2026-05-29 14:01:31.086,2,1.97,,512000000
2026-05-29 14:01:31.055,2,1.71,,512000000
2026-05-29 14:01:30.987,2,1.73,,512000000
2026-05-29 14:01:30.868,2,1.76,,512000000
2026-05-29 14:01:30.815,2,1.91,,512000000
2026-05-29 14:01:30.812,2,1.8,,512000000
2026-05-29 14:01:30.770,2,1.7,,512000000
2026-05-29 14:01:30.662,2,1.73,,512000000
2026-05-29 14:01:30.654,4,3.43,,512000000
2026-05-29 14:01:30.640,2,1.99,,512000000
2026-05-29 14:01:30.602,2,1.9,,512000000
2026-05-29 14:01:30.597,2,1.74,,512000000
2026-05-29 14:01:30.591,2,1.81,,512000000
2026-05-29 14:01:30.583,2,1.92,,512000000
2026-05-29 14:01:30.548,2,1.91,,512000000
2026-05-29 14:01:30.469,2,1.81,,512000000
2026-05-29 14:01:30.438,2,1.76,,512000000
2026-05-29 14:01:30.437,3,2,,512000000
2026-05-29 14:01:30.417,3,2.12,,512000000
2026-05-29 14:01:30.378,2,1.67,,512000000
2026-05-29 14:01:30.351,2,1.75,,512000000
2026-05-29 14:01:30.349,3,2.13,,512000000
2026-05-29 14:01:30.246,2,1.9,,512000000
2026-05-29 14:01:30.150,3,2.02,,512000000
2026-05-29 14:01:30.143,2,1.67,,512000000
2026-05-29 14:01:30.113,2,1.99,,512000000
2026-05-29 14:01:30.058,3,2.37,,512000000
2026-05-29 14:01:30.018,2,1.8,,512000000
2026-05-29 14:01:29.991,2,1.95,,512000000
2026-05-29 14:01:29.976,2,1.74,,512000000
2026-05-29 14:01:29.927,3,2.88,,512000000
2026-05-29 14:01:29.910,2,1.68,,512000000
2026-05-29 14:01:29.851,2,1.67,,512000000
2026-05-29 14:01:29.837,2,1.88,,512000000
2026-05-29 14:01:29.821,2,1.72,,512000000
2026-05-29 14:01:29.781,2,1.97,,512000000
2026-05-29 14:01:29.774,3,2.12,,512000000
2026-05-29 14:01:29.759,2,1.81,,512000000
2026-05-29 14:01:29.744,2,1.73,,512000000
2026-05-29 14:01:29.698,2,1.72,,512000000
2026-05-29 14:01:29.656,2,1.78,,512000000
2026-05-29 14:01:29.651,2,1.92,,512000000
2026-05-29 14:01:29.644,2,1.81,,512000000
2026-05-29 14:01:29.618,2,1.94,,512000000
2026-05-29 14:01:29.615,6,5.23,,512000000
2026-05-29 14:01:29.611,2,1.87,,512000000
2026-05-29 14:01:29.600,2,1.92,,512000000
2026-05-29 14:01:29.546,3,2.3,,512000000
2026-05-29 14:01:29.513,3,2.37,,512000000
2026-05-29 14:01:29.412,2,1.74,,512000000
2026-05-29 14:01:29.391,3,2.04,,512000000
2026-05-29 14:01:29.358,3,2.03,,512000000
2026-05-29 14:01:29.332,3,2.16,,512000000
2026-05-29 14:01:29.323,3,2.76,,512000000
2026-05-29 14:01:29.289,2,1.87,,512000000
2026-05-29 14:01:29.284,2,2,,512000000
2026-05-29 14:01:29.272,2,1.85,,512000000
2026-05-29 14:01:29.115,2,1.94,,512000000
2026-05-29 14:01:29.051,2,1.64,,512000000
2026-05-29 14:01:29.049,22,21.06,,512000000
2026-05-29 14:01:28.976,2,1.91,,512000000
2026-05-29 14:01:28.952,2,1.68,,512000000
2026-05-29 14:01:28.950,3,2.04,,512000000
2026-05-29 14:01:28.915,11,10.07,,512000000
2026-05-29 14:01:28.860,2,1.98,,512000000
2026-05-29 14:01:28.838,50,49.45,,512000000
2026-05-29 14:01:28.774,3,2.02,,512000000
2026-05-29 14:01:28.726,2,1.95,,512000000
2026-05-29 14:01:28.654,4,3.09,,512000000
2026-05-29 14:01:28.637,3,2.02,,512000000
2026-05-29 14:01:28.574,7,6.54,,512000000
2026-05-29 14:01:28.558,3,2.62,,512000000
2026-05-29 14:01:28.535,3,2.01,,512000000
2026-05-29 14:01:28.464,3,2.33,,512000000
2026-05-29 14:01:28.395,8,7.14,,512000000
2026-05-29 14:01:28.377,8,7.18,,512000000
2026-05-29 14:01:28.369,10,9.3,,512000000
2026-05-29 14:01:28.352,2,1.79,,512000000
2026-05-29 14:01:28.319,4,3.04,,512000000
2026-05-29 14:01:28.285,2,1.75,,512000000
2026-05-29 14:01:28.208,7,6.09,,512000000
2026-05-29 14:01:28.200,2,1.93,,512000000
2026-05-29 14:01:28.190,2,1.82,,512000000
2026-05-29 14:01:28.139,2,1.93,,512000000
2026-05-29 14:01:28.120,3,2.48,,512000000
2026-05-29 14:01:28.087,3,2.13,,512000000
2026-05-29 14:01:28.069,2,1.76,,512000000
2026-05-29 14:01:28.062,2,1.85,,512000000
2026-05-29 14:01:27.990,2,1.83,,512000000
2026-05-29 14:01:27.989,9,8.77,,512000000
2026-05-29 14:01:27.970,23,22.53,,512000000
2026-05-29 14:01:27.949,2,1.79,,512000000
2026-05-29 14:01:27.871,2,1.79,,512000000
2026-05-29 14:01:27.839,2,1.57,,512000000
2026-05-29 14:01:27.800,2,1.81,,512000000
2026-05-29 14:01:27.769,51,50.62,,512000000
2026-05-29 14:01:27.683,3,2.46,,512000000
2026-05-29 14:01:27.673,2,1.84,,512000000
2026-05-29 14:01:27.630,2,1.91,,512000000
2026-05-29 14:01:27.593,2,1.94,,512000000
2026-05-29 14:01:27.592,2,1.67,,512000000
2026-05-29 14:01:27.582,2,1.69,,512000000
2026-05-29 14:01:27.568,2,1.93,,512000000
2026-05-29 14:01:27.544,3,2.15,,512000000
2026-05-29 14:01:27.541,2,1.97,,512000000
2026-05-29 14:01:27.529,3,2.6,,512000000
2026-05-29 14:01:27.518,2,1.94,,512000000
2026-05-29 14:01:27.495,3,2.57,,512000000
2026-05-29 14:01:27.478,3,2.04,,512000000
2026-05-29 14:01:27.411,3,2.04,,512000000
2026-05-29 14:01:27.388,2,1.79,,512000000
2026-05-29 14:01:27.313,3,2.06,,512000000
2026-05-29 14:01:27.306,2,1.75,,512000000
2026-05-29 14:01:27.271,2,1.86,,512000000
2026-05-29 14:01:27.228,2,1.93,,512000000
2026-05-29 14:01:27.177,3,2.17,,512000000
2026-05-29 14:01:27.010,14,13.64,,512000000
2026-05-29 14:01:26.983,3,2,,512000000
2026-05-29 14:01:26.893,2,1.88,,512000000
2026-05-29 14:01:26.892,2,1.93,,512000000
2026-05-29 14:01:26.875,2,1.96,,512000000
2026-05-29 14:01:26.856,3,2.43,,512000000
2026-05-29 14:01:26.831,2,1.82,,512000000
2026-05-29 14:01:26.779,3,2.04,,512000000
2026-05-29 14:01:26.744,2,1.85,,512000000
2026-05-29 14:01:26.710,2,1.81,,512000000
2026-05-29 14:01:26.694,3,2.63,,512000000
2026-05-29 14:01:26.656,3,2.05,,512000000
2026-05-29 14:01:26.654,2,1.75,,512000000
2026-05-29 14:01:26.653,2,1.73,,512000000
2026-05-29 14:01:26.607,3,2.08,,512000000
2026-05-29 14:01:26.502,3,2.06,,512000000
2026-05-29 14:01:26.490,2,1.82,,512000000
2026-05-29 14:01:26.450,2,1.77,,512000000
2026-05-29 14:01:26.395,8,7.56,,512000000
2026-05-29 14:01:26.380,3,2.04,,512000000
2026-05-29 14:01:26.373,2,1.8,,512000000
2026-05-29 14:01:26.298,2,1.89,,512000000
2026-05-29 14:01:26.297,3,2.81,,512000000
2026-05-29 14:01:26.285,3,2.71,,512000000
2026-05-29 14:01:26.270,3,2.27,,512000000
2026-05-29 14:01:26.267,7,6.78,,512000000
2026-05-29 14:01:26.248,21,20.44,,512000000
2026-05-29 14:01:26.173,2,1.81,,512000000
2026-05-29 14:01:26.139,3,2.02,,512000000
2026-05-29 14:01:26.069,2,1.86,,512000000
2026-05-29 14:01:26.060,3,2.04,,512000000
2026-05-29 14:01:26.054,13,12.76,,512000000
2026-05-29 14:01:26.035,4,3.49,,512000000
2026-05-29 14:01:26.020,2,1.79,,512000000
2026-05-29 14:01:26.018,2,1.87,,512000000
2026-05-29 14:01:25.987,11,10.14,,512000000
2026-05-29 14:01:25.913,2,1.98,,512000000
2026-05-29 14:01:25.908,2,1.61,,512000000
2026-05-29 14:01:25.901,2,1.93,,512000000
2026-05-29 14:01:25.826,2,1.94,,512000000
2026-05-29 14:01:25.788,6,5.75,,512000000
2026-05-29 14:01:25.770,2,1.81,,512000000
2026-05-29 14:01:25.765,2,1.87,,512000000
2026-05-29 14:01:25.639,3,2.62,,512000000
2026-05-29 14:01:25.572,3,2.15,,512000000
2026-05-29 14:01:25.534,13,12.25,,512000000
2026-05-29 14:01:25.527,11,10.61,,512000000
2026-05-29 14:01:25.523,3,2.08,,512000000
2026-05-29 14:01:25.515,3,2.47,,512000000
2026-05-29 14:01:25.508,4,3.08,,512000000
2026-05-29 14:01:25.280,3,2.02,,512000000
2026-05-29 14:01:25.197,2,1.87,,512000000
2026-05-29 14:01:25.180,3,2.04,,512000000
2026-05-29 14:01:25.140,2,1.8,,512000000
2026-05-29 14:01:25.135,9,8,,512000000
2026-05-29 14:01:25.121,2,1.76,,512000000
2026-05-29 14:01:25.005,2,1.79,,512000000
2026-05-29 14:01:25.002,2,1.93,,512000000
2026-05-29 14:01:24.954,9,8.47,,512000000
2026-05-29 14:01:24.939,3,2.01,,512000000
2026-05-29 14:01:24.921,2,1.73,,512000000
2026-05-29 14:01:24.899,2,1.69,,512000000
2026-05-29 14:01:24.855,12,11.9,,512000000
2026-05-29 14:01:24.836,2,1.92,,512000000
2026-05-29 14:01:24.775,7,6.68,,512000000
2026-05-29 14:01:24.762,2,1.83,,512000000
2026-05-29 14:01:24.718,3,2.27,,512000000
2026-05-29 14:01:24.717,2,1.73,,512000000
2026-05-29 14:01:24.702,4,3.33,,512000000
2026-05-29 14:01:24.654,2,1.94,,512000000
2026-05-29 14:01:24.622,2,1.8,,512000000
2026-05-29 14:01:24.616,2,1.92,,512000000
2026-05-29 14:01:24.598,3,2.31,,512000000
2026-05-29 14:01:24.560,2,1.99,,512000000
2026-05-29 14:01:24.539,2,1.95,,512000000
2026-05-29 14:01:24.492,3,2.21,,512000000
2026-05-29 14:01:24.457,2,1.75,,512000000
2026-05-29 14:01:24.450,3,2.37,,512000000
2026-05-29 14:01:24.437,3,2.11,,512000000
2026-05-29 14:01:24.436,2,1.91,,512000000
2026-05-29 14:01:24.429,12,11.2,,512000000
2026-05-29 14:01:24.429,2,1.79,,512000000
2026-05-29 14:01:24.412,3,2.3,,512000000
2026-05-29 14:01:24.411,3,2.15,,512000000
2026-05-29 14:01:24.380,2,1.82,,512000000
2026-05-29 14:01:24.348,17,16.75,,512000000
2026-05-29 14:01:24.348,4,3.07,,512000000
2026-05-29 14:01:24.222,2,1.71,,512000000
2026-05-29 14:01:24.164,2,1.78,,512000000
2026-05-29 14:01:24.094,2,1.75,,512000000
2026-05-29 14:01:24.089,5,4.96,,512000000
2026-05-29 14:01:24.074,13,12.07,,512000000
2026-05-29 14:01:23.995,2,1.91,,512000000
2026-05-29 14:01:23.907,24,23.95,,512000000
2026-05-29 14:01:23.865,2,1.68,,512000000
2026-05-29 14:01:23.773,2,1.9,,512000000
2026-05-29 14:01:23.755,2,1.73,,512000000
2026-05-29 14:01:23.732,2,1.77,,512000000
2026-05-29 14:01:23.692,2,1.73,,512000000
2026-05-29 14:01:23.665,2,1.87,,512000000
2026-05-29 14:01:23.601,2,1.7,,512000000
2026-05-29 14:01:23.544,2,1.92,,512000000
2026-05-29 14:01:23.524,3,2.02,,512000000
2026-05-29 14:01:23.481,2,1.83,,512000000
2026-05-29 14:01:23.461,2,1.93,,512000000
2026-05-29 14:01:23.443,3,2.12,,512000000
2026-05-29 14:01:23.430,20,19.02,,512000000
2026-05-29 14:01:23.420,2,2,,512000000
2026-05-29 14:01:23.394,2,1.83,,512000000
2026-05-29 14:01:23.354,7,6.19,,512000000
2026-05-29 14:01:23.325,3,2.23,,512000000
2026-05-29 14:01:23.254,8,7.95,,512000000
2026-05-29 14:01:23.247,3,2.73,,512000000
2026-05-29 14:01:23.237,2,1.65,,512000000
2026-05-29 14:01:23.130,9,8.35,,512000000
2026-05-29 14:01:23.111,9,8.8,,512000000
2026-05-29 14:01:23.110,7,6.56,,512000000
2026-05-29 14:01:23.073,2,1.82,,512000000
2026-05-29 14:01:23.012,2,1.73,,512000000
2026-05-29 14:01:22.982,3,2.28,,512000000
2026-05-29 14:01:22.951,3,2.46,,512000000
2026-05-29 14:01:22.920,3,2.23,,512000000
2026-05-29 14:01:22.918,2,1.75,,512000000
2026-05-29 14:01:22.914,11,10.26,,512000000
2026-05-29 14:01:22.895,2,1.77,,512000000
2026-05-29 14:01:22.858,2,1.79,,512000000
2026-05-29 14:01:22.857,2,1.84,,512000000
2026-05-29 14:01:22.839,2,1.82,,512000000
2026-05-29 14:01:22.734,2,1.77,,512000000
2026-05-29 14:01:22.729,2,1.97,,512000000
2026-05-29 14:01:22.685,2,1.99,,512000000
2026-05-29 14:01:22.669,2,1.91,,512000000
2026-05-29 14:01:22.634,2,1.72,,512000000
2026-05-29 14:01:22.599,2,1.76,,512000000
2026-05-29 14:01:22.597,2,1.88,,512000000
2026-05-29 14:01:22.550,2,1.68,,512000000
2026-05-29 14:01:22.487,2,1.79,,512000000
2026-05-29 14:01:22.479,2,1.73,,512000000
2026-05-29 14:01:22.456,4,3.82,,512000000
2026-05-29 14:01:22.359,2,1.7,,512000000
2026-05-29 14:01:22.356,2,1.72,,512000000
2026-05-29 14:01:22.312,2,1.99,,512000000
2026-05-29 14:01:22.285,2,1.88,,512000000
2026-05-29 14:01:22.220,2,1.73,,512000000
2026-05-29 14:01:22.183,2,1.82,,512000000
2026-05-29 14:01:22.128,2,1.77,,512000000
2026-05-29 14:01:22.112,2,1.77,,512000000
2026-05-29 14:01:22.078,3,2.12,,512000000
2026-05-29 14:01:22.077,2,1.81,,512000000
2026-05-29 14:01:22.038,2,1.75,,512000000
2026-05-29 14:01:22.023,2,1.88,,512000000
2026-05-29 14:01:21.982,2,1.7,,512000000
2026-05-29 14:01:21.938,2,1.89,,512000000
2026-05-29 14:01:21.844,2,2,,512000000
2026-05-29 14:01:21.819,2,1.87,,512000000
2026-05-29 14:01:21.806,2,1.66,,512000000
2026-05-29 14:01:21.748,2,1.87,,512000000
2026-05-29 14:01:21.739,2,1.95,,512000000
2026-05-29 14:01:21.739,2,1.88,,512000000
2026-05-29 14:01:21.728,3,2.81,,512000000
2026-05-29 14:01:21.696,2,1.94,,512000000
2026-05-29 14:01:21.674,6,5.48,,512000000
2026-05-29 14:01:21.662,2,1.84,,512000000
2026-05-29 14:01:21.662,3,2.01,,512000000
2026-05-29 14:01:21.596,2,1.95,,512000000
2026-05-29 14:01:21.555,3,2.01,,512000000
2026-05-29 14:01:21.532,3,2.26,,512000000
2026-05-29 14:01:21.501,2,1.83,,512000000
2026-05-29 14:01:21.484,3,2.05,,512000000
2026-05-29 14:01:21.439,2,1.85,,512000000
2026-05-29 14:01:21.415,5,4.56,,512000000
2026-05-29 14:01:21.345,3,2.05,,512000000
2026-05-29 14:01:21.326,2,1.98,,512000000
2026-05-29 14:01:21.261,3,2.56,,512000000
2026-05-29 14:01:21.210,5,4.18,,512000000
2026-05-29 14:01:21.187,2,1.76,,512000000
2026-05-29 14:01:21.155,2,1.73,,512000000
2026-05-29 14:01:21.096,2,1.82,,512000000
2026-05-29 14:01:21.053,3,2.02,,512000000
2026-05-29 14:01:21.018,2,1.99,,512000000
2026-05-29 14:01:20.955,2,1.97,,512000000
2026-05-29 14:01:20.907,2,1.91,,512000000
2026-05-29 14:01:20.906,6,5.6,,512000000
2026-05-29 14:01:20.905,3,2.26,,512000000
2026-05-29 14:01:20.838,3,2.12,,512000000
2026-05-29 14:01:20.815,2,1.74,,512000000
2026-05-29 14:01:20.806,2,1.82,,512000000
2026-05-29 14:01:20.666,2,1.98,,512000000
2026-05-29 14:01:20.636,2,1.91,,512000000
2026-05-29 14:01:20.635,10,9.85,,512000000
2026-05-29 14:01:20.598,3,2.53,,512000000
2026-05-29 14:01:20.570,3,2.12,,512000000
2026-05-29 14:01:20.551,3,2.08,,512000000
2026-05-29 14:01:20.536,2,1.7,,512000000
2026-05-29 14:01:20.457,2,1.92,,512000000
2026-05-29 14:01:20.432,2,2,,512000000
2026-05-29 14:01:20.431,2,1.86,,512000000
2026-05-29 14:01:20.398,3,2.09,,512000000
2026-05-29 14:01:20.383,2,1.61,,512000000
2026-05-29 14:01:20.376,3,2.38,,512000000
2026-05-29 14:01:20.358,2,1.87,,512000000
2026-05-29 14:01:20.337,2,1.99,,512000000
2026-05-29 14:01:20.316,2,1.79,,512000000
2026-05-29 14:01:20.310,8,7.56,,512000000
2026-05-29 14:01:20.291,2,1.95,,512000000
2026-05-29 14:01:20.207,3,2.75,,512000000
2026-05-29 14:01:20.205,3,2.13,,512000000
2026-05-29 14:01:20.183,2,1.67,,512000000
2026-05-29 14:01:20.068,23,22.8,,512000000
2026-05-29 14:01:20.013,16,15.27,,512000000
2026-05-29 14:01:19.933,3,2.26,,512000000
2026-05-29 14:01:19.912,4,3.12,,512000000
2026-05-29 14:01:19.889,6,5.55,,512000000
2026-05-29 14:01:19.874,2,1.93,,512000000
2026-05-29 14:01:19.874,2,1.67,,512000000
2026-05-29 14:01:19.873,4,3.72,,512000000
2026-05-29 14:01:19.871,3,2.08,,512000000
2026-05-29 14:01:19.855,2,1.87,,512000000
2026-05-29 14:01:19.834,16,15.9,,512000000
2026-05-29 14:01:19.789,2,1.71,,512000000
2026-05-29 14:01:19.768,2,1.83,,512000000
2026-05-29 14:01:19.747,2,1.8,,512000000
2026-05-29 14:01:19.733,6,5.14,,512000000
2026-05-29 14:01:19.693,3,2.01,,512000000
2026-05-29 14:01:19.655,6,5.83,,512000000
2026-05-29 14:01:19.636,3,2.09,,512000000
2026-05-29 14:01:19.617,3,2.62,,512000000
2026-05-29 14:01:19.601,2,1.68,,512000000
2026-05-29 14:01:19.476,2,1.84,,512000000
2026-05-29 14:01:19.448,2,1.94,,512000000
2026-05-29 14:01:19.415,14,13.25,,512000000
2026-05-29 14:01:19.394,2,1.97,,512000000
2026-05-29 14:01:19.386,2,1.66,,512000000
2026-05-29 14:01:19.347,2,1.88,,512000000
2026-05-29 14:01:19.300,2,1.99,,512000000
2026-05-29 14:01:19.213,7,6.96,,512000000
2026-05-29 14:01:19.205,2,1.64,,512000000
2026-05-29 14:01:19.059,3,2.27,,512000000
2026-05-29 14:01:19.024,2,1.95,,512000000
2026-05-29 14:01:19.014,3,2.04,,512000000
2026-05-29 14:01:19.004,4,3.53,,512000000
2026-05-29 14:01:18.977,4,3.12,,512000000
2026-05-29 14:01:18.956,2,1.74,,512000000
2026-05-29 14:01:18.934,16,15.38,,512000000
2026-05-29 14:01:18.873,3,2.1,,512000000
2026-05-29 14:01:18.866,3,2.21,,512000000
2026-05-29 14:01:18.834,30,29.72,,512000000
2026-05-29 14:01:18.738,4,3.08,,512000000
2026-05-29 14:01:18.684,3,2.06,,512000000
2026-05-29 14:01:18.614,2,1.92,,512000000
2026-05-29 14:01:18.587,3,2.04,,512000000
2026-05-29 14:01:18.538,3,2.78,,512000000
2026-05-29 14:01:18.526,2,1.76,,512000000
2026-05-29 14:01:18.511,2,1.97,,512000000
2026-05-29 14:01:18.474,3,2.1,,512000000
2026-05-29 14:01:18.472,2,1.98,,512000000
2026-05-29 14:01:18.434,27,26.42,,512000000
2026-05-29 14:01:18.383,2,1.75,,512000000
2026-05-29 14:01:18.371,3,2.67,,512000000
2026-05-29 14:01:18.337,3,2.26,,512000000
2026-05-29 14:01:18.320,2,1.89,,512000000
2026-05-29 14:01:18.234,13,12.36,,512000000
2026-05-29 14:01:18.214,8,7.13,,512000000
2026-05-29 14:01:18.199,2,1.81,,512000000
2026-05-29 14:01:18.161,2,1.79,,512000000
2026-05-29 14:01:18.034,2,1.96,,512000000
2026-05-29 14:01:18.033,2,1.89,,512000000
2026-05-29 14:01:17.994,2,1.74,,512000000
2026-05-29 14:01:17.940,3,2.08,,512000000
2026-05-29 14:01:17.913,2,1.78,,512000000
2026-05-29 14:01:17.885,3,2.32,,512000000
2026-05-29 14:01:17.884,3,2.06,,512000000
2026-05-29 14:01:17.870,2,1.68,,512000000
2026-05-29 14:01:17.819,3,2.06,,512000000
2026-05-29 14:01:17.818,3,2.26,,512000000
2026-05-29 14:01:17.745,3,2.03,,512000000
2026-05-29 14:01:17.739,2,1.74,,512000000
2026-05-29 14:01:17.705,2,1.72,,512000000
2026-05-29 14:01:17.674,2,1.8,,512000000
2026-05-29 14:01:17.654,7,6.94,,512000000
2026-05-29 14:01:17.653,2,1.79,,512000000
2026-05-29 14:01:17.634,14,13.8,,512000000
2026-05-29 14:01:17.605,3,2.16,,512000000
2026-05-29 14:01:17.544,2,1.88,,512000000
2026-05-29 14:01:17.529,2,1.68,,512000000
2026-05-29 14:01:17.494,2,1.78,,512000000
2026-05-29 14:01:17.485,2,1.7,,512000000
2026-05-29 14:01:17.415,2,1.85,,512000000
2026-05-29 14:01:17.400,2,1.85,,512000000
2026-05-29 14:01:17.384,3,2.05,,512000000
2026-05-29 14:01:17.373,3,2.2,,512000000
2026-05-29 14:01:17.355,2,1.6,,512000000
2026-05-29 14:01:17.345,3,2.36,,512000000
2026-05-29 14:01:17.298,28,27.73,,512000000
2026-05-29 14:01:17.269,3,2.32,,512000000
2026-05-29 14:01:17.229,2,1.81,,512000000
2026-05-29 14:01:17.200,2,1.81,,512000000
2026-05-29 14:01:17.116,2,1.65,,512000000
2026-05-29 14:01:17.115,14,13.08,,512000000
2026-05-29 14:01:17.094,9,8.76,,512000000
2026-05-29 14:01:17.060,3,2.08,,512000000
2026-05-29 14:01:17.005,2,1.82,,512000000
2026-05-29 14:01:16.928,2,1.83,,512000000
2026-05-29 14:01:16.864,2,1.79,,512000000
2026-05-29 14:01:16.843,3,2.08,,512000000
2026-05-29 14:01:16.832,2,1.98,,512000000
2026-05-29 14:01:16.804,3,2.04,,512000000
2026-05-29 14:01:16.759,3,2.52,,512000000
2026-05-29 14:01:16.736,2,1.68,,512000000
2026-05-29 14:01:16.654,2,1.92,,512000000
2026-05-29 14:01:16.631,2,1.78,,512000000
2026-05-29 14:01:16.584,2,1.9,,512000000
2026-05-29 14:01:16.552,3,2.08,,512000000
2026-05-29 14:01:16.548,2,1.96,,512000000
2026-05-29 14:01:16.547,2,1.68,,512000000
2026-05-29 14:01:16.386,4,3.79,,512000000
2026-05-29 14:01:16.358,3,2.14,,512000000
2026-05-29 14:01:16.334,2,1.78,,512000000
2026-05-29 14:01:16.282,2,1.95,,512000000
2026-05-29 14:01:16.262,2,1.9,,512000000
2026-05-29 14:01:16.260,2,1.89,,512000000
2026-05-29 14:01:16.246,2,1.87,,512000000
2026-05-29 14:01:16.224,2,1.95,,512000000
2026-05-29 14:01:16.221,10,9.73,,512000000
2026-05-29 14:01:16.220,2,1.65,,512000000
2026-05-29 14:01:16.145,2,1.73,,512000000
2026-05-29 14:01:16.101,3,2.07,,512000000
2026-05-29 14:01:16.079,2,1.88,,512000000
2026-05-29 14:01:16.077,2,1.9,,512000000
2026-05-29 14:01:16.042,3,2.78,,512000000
2026-05-29 14:01:16.033,2,1.8,,512000000
2026-05-29 14:01:16.014,15,14.81,,512000000
2026-05-29 14:01:16.010,3,2.13,,512000000
2026-05-29 14:01:15.970,2,1.78,,512000000
2026-05-29 14:01:15.936,2,1.87,,512000000
2026-05-29 14:01:15.899,2,1.95,,512000000
2026-05-29 14:01:15.849,2,1.75,,512000000
2026-05-29 14:01:15.791,2,1.83,,512000000
2026-05-29 14:01:15.760,2,1.96,,512000000
2026-05-29 14:01:15.751,2,1.74,,512000000
2026-05-29 14:01:15.750,4,3.47,,512000000
2026-05-29 14:01:15.666,2,1.85,,512000000
2026-05-29 14:01:15.596,2,1.72,,512000000
2026-05-29 14:01:15.562,3,2.27,,512000000
2026-05-29 14:01:15.558,2,1.79,,512000000
2026-05-29 14:01:15.473,3,2.01,,512000000
2026-05-29 14:01:15.427,3,2,,512000000
2026-05-29 14:01:15.386,6,5.35,,512000000
2026-05-29 14:01:15.346,2,1.88,,512000000
2026-05-29 14:01:15.263,2,1.85,,512000000
2026-05-29 14:01:15.233,2,1.8,,512000000
2026-05-29 14:01:15.216,2,1.94,,512000000
2026-05-29 14:01:15.216,3,2.1,,512000000
2026-05-29 14:01:15.214,2,1.7,,512000000
2026-05-29 14:01:15.198,2,1.89,,512000000
2026-05-29 14:01:15.178,2,1.85,,512000000
2026-05-29 14:01:15.094,4,3.82,,512000000
2026-05-29 14:01:15.078,2,1.93,,512000000
2026-05-29 14:01:15.014,3,2.01,,512000000
2026-05-29 14:01:14.894,7,6.91,,512000000
2026-05-29 14:01:14.875,2,2,,512000000
2026-05-29 14:01:14.799,2,1.99,,512000000
2026-05-29 14:01:14.769,2,1.91,,512000000
2026-05-29 14:01:14.739,4,3.11,,512000000
2026-05-29 14:01:14.727,2,1.87,,512000000
2026-05-29 14:01:14.722,2,1.82,,512000000
2026-05-29 14:01:14.711,2,1.73,,512000000
2026-05-29 14:01:14.690,2,1.78,,512000000
2026-05-29 14:01:14.600,3,2.54,,512000000
2026-05-29 14:01:14.587,3,2.05,,512000000
2026-05-29 14:01:14.571,3,2.92,,512000000
2026-05-29 14:01:14.544,2,1.68,,512000000
2026-05-29 14:01:14.522,2,1.89,,512000000
2026-05-29 14:01:14.503,2,1.81,,512000000
2026-05-29 14:01:14.484,2,1.73,,512000000
2026-05-29 14:01:14.473,3,2.08,,512000000
2026-05-29 14:01:14.473,12,11.15,,512000000
2026-05-29 14:01:14.468,3,2.82,,512000000
2026-05-29 14:01:14.454,15,14.55,,512000000
2026-05-29 14:01:14.415,3,2.19,,512000000
2026-05-29 14:01:14.360,3,2.01,,512000000
2026-05-29 14:01:14.318,2,1.76,,512000000
2026-05-29 14:01:14.284,2,1.81,,512000000
2026-05-29 14:01:14.271,2,1.77,,512000000
2026-05-29 14:01:14.242,3,2.01,,512000000
2026-05-29 14:01:14.175,7,6.64,,512000000
2026-05-29 14:01:14.143,2,1.77,,512000000
2026-05-29 14:01:13.992,2,1.63,,512000000
2026-05-29 14:01:13.989,2,1.9,,512000000
2026-05-29 14:01:13.975,2,1.79,,512000000
2026-05-29 14:01:13.914,7,6.08,,512000000
2026-05-29 14:01:13.898,2,1.74,,512000000
2026-05-29 14:01:13.893,3,2.1,,512000000
2026-05-29 14:01:13.867,46,45.31,,512000000
2026-05-29 14:01:13.853,4,3.31,,512000000
2026-05-29 14:01:13.836,2,1.75,,512000000
2026-05-29 14:01:13.824,2,1.75,,512000000
2026-05-29 14:01:13.736,2,1.9,,512000000
2026-05-29 14:01:13.715,3,2.24,,512000000
2026-05-29 14:01:13.699,2,1.95,,512000000
2026-05-29 14:01:13.696,3,2.02,,512000000
2026-05-29 14:01:13.695,10,9.81,,512000000
2026-05-29 14:01:13.691,21,20.6,,512000000
2026-05-29 14:01:13.629,36,35.87,,512000000
2026-05-29 14:01:13.536,4,3.54,,512000000
2026-05-29 14:01:13.536,2,1.75,,512000000
2026-05-29 14:01:13.512,2,1.7,,512000000
2026-05-29 14:01:13.502,2,1.88,,512000000
2026-05-29 14:01:13.398,2,1.74,,512000000
2026-05-29 14:01:13.326,3,2.67,,512000000
2026-05-29 14:01:13.215,2,1.92,,512000000
2026-05-29 14:01:13.182,2,1.89,,512000000
2026-05-29 14:01:13.164,3,2.52,,512000000
2026-05-29 14:01:13.136,2,1.67,,512000000
2026-05-29 14:01:13.101,2,2,,512000000
2026-05-29 14:01:13.060,2,1.74,,512000000
2026-05-29 14:01:13.018,2,1.82,,512000000
2026-05-29 14:01:12.972,2,1.79,,512000000
2026-05-29 14:01:12.969,13,12.3,,512000000
2026-05-29 14:01:12.907,4,3.27,,512000000
2026-05-29 14:01:12.900,2,1.79,,512000000
2026-05-29 14:01:12.869,17,16.64,,512000000
2026-05-29 14:01:12.834,2,1.77,,512000000
2026-05-29 14:01:12.830,3,2.04,,512000000
2026-05-29 14:01:12.758,2,1.75,,512000000
2026-05-29 14:01:12.725,3,2.4,,512000000
2026-05-29 14:01:12.678,2,1.99,,512000000
2026-05-29 14:01:12.673,2,1.86,,512000000
2026-05-29 14:01:12.654,9,8.46,,512000000
2026-05-29 14:01:12.638,8,7.6,,512000000
2026-05-29 14:01:12.627,3,2.27,,512000000
2026-05-29 14:01:12.481,2,1.98,,512000000
2026-05-29 14:01:12.468,2,1.74,,512000000
2026-05-29 14:01:12.430,10,9.61,,512000000
2026-05-29 14:01:12.416,9,8.37,,512000000
2026-05-29 14:01:12.408,799,3.02,795.63,512000000
2026-05-29 14:01:12.404,2,2,,512000000
2026-05-29 14:01:12.402,3,2.08,,512000000
2026-05-29 14:01:12.401,3,2.1,,512000000
2026-05-29 14:01:12.401,2,1.68,,512000000
2026-05-29 14:01:12.398,2,1.85,,512000000
2026-05-29 14:01:12.231,7,6.95,,512000000
2026-05-29 14:01:12.212,3,2.07,,512000000
2026-05-29 14:01:12.196,3,2.59,,512000000
2026-05-29 14:01:12.171,8,7.96,,512000000
2026-05-29 14:01:12.163,2,1.81,,512000000
2026-05-29 14:01:12.161,2,1.63,,512000000
2026-05-29 14:01:12.156,2,1.76,,512000000
2026-05-29 14:01:12.136,2,1.85,,512000000
2026-05-29 14:01:12.133,6,5.17,,512000000
2026-05-29 14:01:11.931,3,2.02,,512000000
2026-05-29 14:01:11.889,2,1.92,,512000000
2026-05-29 14:01:11.771,10,9.16,,512000000
2026-05-29 14:01:11.716,3,2.57,,512000000
2026-05-29 14:01:11.694,22,21.76,,512000000
2026-05-29 14:01:11.683,3,2.19,,512000000
2026-05-29 14:01:11.676,2,1.85,,512000000
2026-05-29 14:01:11.649,2,1.89,,512000000
2026-05-29 14:01:11.647,2,1.9,,512000000
2026-05-29 14:01:11.537,2,1.76,,512000000
2026-05-29 14:01:11.516,2,1.95,,512000000
2026-05-29 14:01:11.513,3,2,,512000000
2026-05-29 14:01:11.430,4,3.48,,512000000
2026-05-29 14:01:11.413,3,2.07,,512000000
2026-05-29 14:01:11.295,2,1.89,,512000000
2026-05-29 14:01:11.228,5,4.62,,512000000
2026-05-29 14:01:11.212,3,2.02,,512000000
2026-05-29 14:01:11.206,2,1.89,,512000000
2026-05-29 14:01:11.206,3,2.06,,512000000
2026-05-29 14:01:11.191,2,1.87,,512000000
2026-05-29 14:01:11.062,14,13.23,,512000000
2026-05-29 14:01:11.044,2,1.82,,512000000
2026-05-29 14:01:10.943,12,11.27,,512000000
2026-05-29 14:01:10.929,2,1.93,,512000000
2026-05-29 14:01:10.927,2,1.68,,512000000
2026-05-29 14:01:10.926,5,4.24,,512000000
2026-05-29 14:01:10.920,2,1.8,,512000000
2026-05-29 14:01:10.801,2,2,,512000000
2026-05-29 14:01:10.760,6,5.36,,512000000
2026-05-29 14:01:10.731,2,1.76,,512000000
2026-05-29 14:01:10.714,2,1.8,,512000000
2026-05-29 14:01:10.710,8,7.07,,512000000
2026-05-29 14:01:10.689,3,2.13,,512000000
2026-05-29 14:01:10.688,2,1.83,,512000000
2026-05-29 14:01:10.575,2,1.75,,512000000
2026-05-29 14:01:10.516,2,1.76,,512000000
2026-05-29 14:01:10.504,2,1.83,,512000000
2026-05-29 14:01:10.474,13,12.31,,512000000
2026-05-29 14:01:10.468,7,6.47,,512000000
2026-05-29 14:01:10.467,2,1.76,,512000000
2026-05-29 14:01:10.466,3,2.04,,512000000
2026-05-29 14:01:10.454,8,7.04,,512000000
2026-05-29 14:01:10.450,2,1.83,,512000000
2026-05-29 14:01:10.444,3,2.19,,512000000
2026-05-29 14:01:10.441,2,1.82,,512000000
2026-05-29 14:01:10.275,6,5.71,,512000000
2026-05-29 14:01:10.233,3,2.29,,512000000
2026-05-29 14:01:10.226,2,1.69,,512000000
2026-05-29 14:01:10.097,3,2.05,,512000000
2026-05-29 14:01:10.096,2,1.76,,512000000
2026-05-29 14:01:09.995,3,2.28,,512000000
2026-05-29 14:01:09.985,2,1.72,,512000000
2026-05-29 14:01:09.852,2,1.85,,512000000
2026-05-29 14:01:09.850,23,22.57,,512000000
2026-05-29 14:01:09.845,2,1.94,,512000000
2026-05-29 14:01:09.751,2,1.99,,512000000
2026-05-29 14:01:09.747,2,1.96,,512000000
2026-05-29 14:01:09.561,2,1.7,,512000000
2026-05-29 14:01:09.558,2,1.78,,512000000
2026-05-29 14:01:09.534,6,5.69,,512000000
2026-05-29 14:01:09.519,2,1.49,,512000000
2026-05-29 14:01:09.515,2,1.83,,512000000
2026-05-29 14:01:09.512,3,2.01,,512000000
2026-05-29 14:01:09.510,2,1.84,,512000000
2026-05-29 14:01:09.416,2,1.72,,512000000
2026-05-29 14:01:09.390,9,8.44,,512000000
2026-05-29 14:01:09.295,19,18.16,,512000000
2026-05-29 14:01:09.272,2,1.75,,512000000
2026-05-29 14:01:09.243,4,3.68,,512000000
2026-05-29 14:01:09.161,3,2.61,,512000000
2026-05-29 14:01:09.109,15,14.08,,512000000
2026-05-29 14:01:09.085,2,1.98,,512000000
2026-05-29 14:01:09.049,7,6.09,,512000000
2026-05-29 14:01:09.037,2,1.75,,512000000
2026-05-29 14:01:09.029,2,1.69,,512000000
2026-05-29 14:01:09.028,2,1.9,,512000000
2026-05-29 14:01:09.014,2,1.95,,512000000
2026-05-29 14:01:08.921,2,1.72,,512000000
2026-05-29 14:01:08.884,2,1.94,,512000000
2026-05-29 14:01:08.856,2,1.92,,512000000
2026-05-29 14:01:08.834,5,4.49,,512000000
2026-05-29 14:01:08.814,14,13.21,,512000000
2026-05-29 14:01:08.814,13,12.44,,512000000
2026-05-29 14:01:08.812,28,27.99,,512000000
2026-05-29 14:01:08.810,2,1.73,,512000000
2026-05-29 14:01:08.802,22,21.19,,512000000
2026-05-29 14:01:08.795,2,1.77,,512000000
2026-05-29 14:01:08.795,4,3.82,,512000000
2026-05-29 14:01:08.788,3,2.23,,512000000
2026-05-29 14:01:08.785,2,1.95,,512000000
2026-05-29 14:01:08.632,63,62.76,,512000000
2026-05-29 14:01:08.553,2,1.67,,512000000
2026-05-29 14:01:08.549,2,1.96,,512000000
2026-05-29 14:01:08.547,2,1.71,,512000000
2026-05-29 14:01:08.521,2,1.74,,512000000
2026-05-29 14:01:08.433,2,1.92,,512000000
2026-05-29 14:01:08.369,10,9.28,,512000000
2026-05-29 14:01:08.351,2,1.8,,512000000
2026-05-29 14:01:08.329,15,14.32,,512000000
2026-05-29 14:01:08.322,714,14.81,698.48,512000000
2026-05-29 14:01:08.308,5,4.37,,512000000
2026-05-29 14:01:08.306,2,1.93,,512000000
2026-05-29 14:01:08.302,3,2.19,,512000000
2026-05-29 14:01:08.287,2,1.75,,512000000
2026-05-29 14:01:08.091,26,25.66,,512000000
2026-05-29 14:01:08.063,2,1.91,,512000000
2026-05-29 14:01:07.929,7,6.66,,512000000
2026-05-29 14:01:07.868,5,4.65,,512000000
2026-05-29 14:01:07.841,2,1.95,,512000000
2026-05-29 14:01:07.837,2,1.8,,512000000
2026-05-29 14:01:07.789,3,2.02,,512000000
2026-05-29 14:01:07.629,3,2,,512000000
2026-05-29 14:01:07.609,3,2.12,,512000000
2026-05-29 14:01:07.574,7,6.9,,512000000
2026-05-29 14:01:07.574,2,1.88,,512000000
2026-05-29 14:01:07.561,3,2.03,,512000000
2026-05-29 14:01:07.555,3,2.3,,512000000
2026-05-29 14:01:07.554,2,1.88,,512000000
2026-05-29 14:01:07.481,2,1.88,,512000000
2026-05-29 14:01:07.468,10,9.75,,512000000
2026-05-29 14:01:07.439,2,1.96,,512000000
2026-05-29 14:01:07.415,2,1.84,,512000000
2026-05-29 14:01:07.364,2,1.9,,512000000
2026-05-29 14:01:07.328,2,1.76,,512000000
2026-05-29 14:01:07.327,2,1.85,,512000000
2026-05-29 14:01:07.304,2,1.86,,512000000
2026-05-29 14:01:07.254,3,2.26,,512000000
2026-05-29 14:01:07.252,2,1.64,,512000000
2026-05-29 14:01:07.220,2,1.67,,512000000
2026-05-29 14:01:07.216,2,1.66,,512000000
2026-05-29 14:01:07.196,3,2.1,,512000000
2026-05-29 14:01:07.195,2,1.56,,512000000
2026-05-29 14:01:07.195,18,17.46,,512000000
2026-05-29 14:01:07.092,2,1.85,,512000000
2026-05-29 14:01:07.044,3,2.96,,512000000
2026-05-29 14:01:07.020,2,1.8,,512000000
2026-05-29 14:01:06.996,2,1.78,,512000000
2026-05-29 14:01:06.984,2,1.8,,512000000
2026-05-29 14:01:06.948,2,1.85,,512000000
2026-05-29 14:01:06.933,3,2.6,,512000000
2026-05-29 14:01:06.932,2,1.84,,512000000
2026-05-29 14:01:06.917,6,5.42,,512000000
2026-05-29 14:01:06.913,2,1.92,,512000000
2026-05-29 14:01:06.893,3,2.41,,512000000
2026-05-29 14:01:06.848,7,6.31,,512000000
2026-05-29 14:01:06.848,2,1.84,,512000000
2026-05-29 14:01:06.817,2,1.76,,512000000
2026-05-29 14:01:06.762,2,2,,512000000
2026-05-29 14:01:06.756,3,2.1,,512000000
2026-05-29 14:01:06.744,2,1.56,,512000000
2026-05-29 14:01:06.735,5,4.49,,512000000
2026-05-29 14:01:06.721,2,1.75,,512000000
2026-05-29 14:01:06.596,2,1.71,,512000000
2026-05-29 14:01:06.558,2,1.77,,512000000
2026-05-29 14:01:06.437,3,2.03,,512000000
2026-05-29 14:01:06.413,2,1.78,,512000000
2026-05-29 14:01:06.357,3,2.04,,512000000
2026-05-29 14:01:06.301,2,1.81,,512000000
2026-05-29 14:01:06.275,12,11.21,,512000000
2026-05-29 14:01:06.231,3,2.13,,512000000
2026-05-29 14:01:06.146,3,2.04,,512000000
2026-05-29 14:01:06.094,16,15.58,,512000000
2026-05-29 14:01:06.089,50,49.1,,512000000
2026-05-29 14:01:06.067,3,2.05,,512000000
2026-05-29 14:01:05.997,2,1.95,,512000000
2026-05-29 14:01:05.933,5,4.46,,512000000
2026-05-29 14:01:05.924,3,2.12,,512000000
2026-05-29 14:01:05.890,12,11.65,,512000000
2026-05-29 14:01:05.870,28,27.41,,512000000
2026-05-29 14:01:05.832,2,1.77,,512000000
2026-05-29 14:01:05.770,2,1.86,,512000000
2026-05-29 14:01:05.756,2,1.81,,512000000
2026-05-29 14:01:05.739,2,1.74,,512000000
2026-05-29 14:01:05.650,2,1.91,,512000000
2026-05-29 14:01:05.633,2,1.56,,512000000
2026-05-29 14:01:05.528,3,2.22,,512000000
2026-05-29 14:01:05.523,3,2.24,,512000000
2026-05-29 14:01:05.504,2,1.72,,512000000
2026-05-29 14:01:05.501,2,1.99,,512000000
2026-05-29 14:01:05.476,3,2.08,,512000000
2026-05-29 14:01:05.424,3,2.6,,512000000
2026-05-29 14:01:05.401,2,1.82,,512000000
2026-05-29 14:01:05.373,3,2.16,,512000000
2026-05-29 14:01:05.356,2,1.83,,512000000
2026-05-29 14:01:05.333,2,1.75,,512000000
2026-05-29 14:01:05.331,2,1.96,,512000000
2026-05-29 14:01:05.265,3,2.22,,512000000
2026-05-29 14:01:05.258,3,2.03,,512000000
2026-05-29 14:01:05.232,22,21.4,,512000000
2026-05-29 14:01:05.219,4,3.08,,512000000
2026-05-29 14:01:05.214,5,4.21,,512000000
2026-05-29 14:01:05.202,2,1.72,,512000000
2026-05-29 14:01:05.181,2,1.81,,512000000
2026-05-29 14:01:05.099,2,1.93,,512000000
2026-05-29 14:01:04.955,10,9.4,,512000000
2026-05-29 14:01:04.949,3,2.04,,512000000
2026-05-29 14:01:04.933,14,13.66,,512000000
2026-05-29 14:01:04.880,2,1.81,,512000000
2026-05-29 14:01:04.865,2,1.86,,512000000
2026-05-29 14:01:04.775,25,24.01,,512000000
2026-05-29 14:01:04.751,3,2.08,,512000000
2026-05-29 14:01:04.726,2,1.81,,512000000
2026-05-29 14:01:04.726,4,3.2,,512000000
2026-05-29 14:01:04.706,2,1.68,,512000000
2026-05-29 14:01:04.681,2,1.65,,512000000
2026-05-29 14:01:04.580,2,1.7,,512000000
2026-05-29 14:01:04.573,8,7.98,,512000000
2026-05-29 14:01:04.509,6,5.07,,512000000
2026-05-29 14:01:04.473,4,3.27,,512000000
2026-05-29 14:01:04.461,2,1.76,,512000000
2026-05-29 14:01:04.434,2,1.79,,512000000
2026-05-29 14:01:04.401,2,1.79,,512000000
2026-05-29 14:01:04.394,2,1.91,,512000000
2026-05-29 14:01:04.385,3,2.02,,512000000
2026-05-29 14:01:04.379,2,1.74,,512000000
2026-05-29 14:01:04.300,2,1.99,,512000000
2026-05-29 14:01:04.298,2,1.78,,512000000
2026-05-29 14:01:04.287,2,1.88,,512000000
2026-05-29 14:01:04.274,2,1.8,,512000000
2026-05-29 14:01:04.134,3,2.47,,512000000
2026-05-29 14:01:04.070,2,1.86,,512000000
2026-05-29 14:01:04.067,4,3.39,,512000000
2026-05-29 14:01:04.022,3,2.35,,512000000
2026-05-29 14:01:04.019,2,2,,512000000
2026-05-29 14:01:04.015,17,16.85,,512000000
2026-05-29 14:01:03.988,3,2.4,,512000000
2026-05-29 14:01:03.926,2,1.94,,512000000
2026-05-29 14:01:03.875,8,7.28,,512000000
2026-05-29 14:01:03.858,7,6.34,,512000000
2026-05-29 14:01:03.841,2,1.97,,512000000
2026-05-29 14:01:03.753,8,7.04,,512000000
2026-05-29 14:01:03.657,2,1.8,,512000000
2026-05-29 14:01:03.603,2,1.74,,512000000
2026-05-29 14:01:03.572,2,1.92,,512000000
2026-05-29 14:01:03.506,3,2.72,,512000000
2026-05-29 14:01:03.499,7,6.55,,512000000
2026-05-29 14:01:03.494,5,4.37,,512000000
2026-05-29 14:01:03.484,2,1.87,,512000000
2026-05-29 14:01:03.443,4,3,,512000000
2026-05-29 14:01:03.422,3,2.27,,512000000
2026-05-29 14:01:03.412,4,3.69,,512000000
2026-05-29 14:01:03.402,2,1.88,,512000000
2026-05-29 14:01:03.361,2,1.86,,512000000
2026-05-29 14:01:03.320,3,2.1,,512000000
2026-05-29 14:01:03.300,2,1.85,,512000000
2026-05-29 14:01:03.295,4,3.11,,512000000
2026-05-29 14:01:03.279,3,2.05,,512000000
2026-05-29 14:01:03.235,2,1.91,,512000000
2026-05-29 14:01:03.234,5,4.21,,512000000
2026-05-29 14:01:03.218,7,6.76,,512000000
2026-05-29 14:01:03.218,2,1.92,,512000000
2026-05-29 14:01:03.189,2,1.85,,512000000
2026-05-29 14:01:03.151,2,1.83,,512000000
2026-05-29 14:01:03.075,19,18.37,,512000000
2026-05-29 14:01:03.018,2,1.78,,512000000
2026-05-29 14:01:02.935,10,9.48,,512000000
2026-05-29 14:01:02.917,3,2.35,,512000000
2026-05-29 14:01:02.869,3,2.04,,512000000
2026-05-29 14:01:02.868,2,1.81,,512000000
2026-05-29 14:01:02.807,3,2.02,,512000000
2026-05-29 14:01:02.803,3,2.25,,512000000
2026-05-29 14:01:02.699,2,1.74,,512000000
2026-05-29 14:01:02.677,3,2.03,,512000000
2026-05-29 14:01:02.645,2,1.74,,512000000
2026-05-29 14:01:02.606,2,1.62,,512000000
2026-05-29 14:01:02.591,2,1.71,,512000000
2026-05-29 14:01:02.556,3,2.01,,512000000
2026-05-29 14:01:02.548,2,1.74,,512000000
2026-05-29 14:01:02.473,7,6.03,,512000000
2026-05-29 14:01:02.439,6,5.2,,512000000
2026-05-29 14:01:02.417,2,1.95,,512000000
2026-05-29 14:01:02.412,2,1.8,,512000000
2026-05-29 14:01:02.373,7,6.72,,512000000
2026-05-29 14:01:02.357,2,1.66,,512000000
2026-05-29 14:01:02.334,3,2.38,,512000000
2026-05-29 14:01:02.333,2,1.75,,512000000
2026-05-29 14:01:02.329,2,1.83,,512000000
2026-05-29 14:01:02.279,2,1.99,,512000000
2026-05-29 14:01:02.155,7,6.29,,512000000
2026-05-29 14:01:02.152,6,5.07,,512000000
2026-05-29 14:01:02.119,2,1.89,,512000000
2026-05-29 14:01:02.034,2,1.87,,512000000
2026-05-29 14:01:02.021,2,1.8,,512000000
2026-05-29 14:01:01.966,2,1.88,,512000000
2026-05-29 14:01:01.927,2,1.89,,512000000
2026-05-29 14:01:01.823,2,1.78,,512000000
2026-05-29 14:01:01.800,2,1.81,,512000000
2026-05-29 14:01:01.770,2,1.81,,512000000
2026-05-29 14:01:01.694,38,37.45,,512000000
2026-05-29 14:01:01.671,2,1.77,,512000000
2026-05-29 14:01:01.651,2,1.89,,512000000
2026-05-29 14:01:01.605,4,3.94,,512000000
2026-05-29 14:01:01.549,5,4.97,,512000000
2026-05-29 14:01:01.488,5,4.43,,512000000
2026-05-29 14:01:01.449,8,7.17,,512000000
2026-05-29 14:01:01.434,2,1.82,,512000000
2026-05-29 14:01:01.421,6,5.52,,512000000
2026-05-29 14:01:01.416,2,1.84,,512000000
2026-05-29 14:01:01.402,2,1.84,,512000000
2026-05-29 14:01:01.335,2,1.8,,512000000
2026-05-29 14:01:01.313,2,1.95,,512000000
2026-05-29 14:01:01.292,2,1.83,,512000000
2026-05-29 14:01:01.289,5,4.28,,512000000
2026-05-29 14:01:01.271,25,24.14,,512000000
2026-05-29 14:01:01.250,2,1.76,,512000000
2026-05-29 14:01:01.200,3,2.13,,512000000
2026-05-29 14:01:01.176,2,1.85,,512000000
2026-05-29 14:01:01.130,2,1.8,,512000000
2026-05-29 14:01:01.117,11,10.8,,512000000
2026-05-29 14:01:01.113,2,1.92,,512000000
2026-05-29 14:01:01.105,2,1.92,,512000000
2026-05-29 14:01:01.100,2,1.95,,512000000
2026-05-29 14:01:01.082,2,1.67,,512000000
2026-05-29 14:01:01.080,3,2.03,,512000000
2026-05-29 14:01:01.067,3,2.23,,512000000
2026-05-29 14:01:01.025,2,1.96,,512000000
2026-05-29 14:01:01.019,3,2,,512000000
2026-05-29 14:01:00.997,2,1.97,,512000000
2026-05-29 14:01:00.965,3,2.44,,512000000
2026-05-29 14:01:00.901,3,2.13,,512000000
2026-05-29 14:01:00.855,9,8.24,,512000000
2026-05-29 14:01:00.837,2,1.74,,512000000
2026-05-29 14:01:00.704,2,1.69,,512000000
2026-05-29 14:01:00.665,3,2.12,,512000000
2026-05-29 14:01:00.627,3,2.3,,512000000
2026-05-29 14:01:00.598,5,4.13,,512000000
2026-05-29 14:01:00.598,2,1.77,,512000000
2026-05-29 14:01:00.583,2,1.97,,512000000
2026-05-29 14:01:00.578,3,2.24,,512000000
2026-05-29 14:01:00.576,3,2.15,,512000000
2026-05-29 14:01:00.455,7,6.89,,512000000
2026-05-29 14:01:00.435,14,13.19,,512000000
2026-05-29 14:01:00.320,2,1.94,,512000000
2026-05-29 14:01:00.303,2,1.8,,512000000
2026-05-29 14:01:00.277,2,2,,512000000
2026-05-29 14:01:00.233,8,7.71,,512000000
2026-05-29 14:01:00.219,2,1.93,,512000000
2026-05-29 14:01:00.123,2,1.94,,512000000
2026-05-29 14:01:00.117,2,1.73,,512000000
2026-05-29 14:01:00.056,2,1.81,,512000000
2026-05-29 14:01:00.034,3,2.29,,512000000
2026-05-29 14:01:00.013,7,6.12,,512000000
2026-05-29 14:01:00.012,4,3.17,,512000000
2026-05-29 14:00:59.874,6,5.93,,512000000
2026-05-29 14:00:59.854,9,8.68,,512000000
2026-05-29 14:00:59.848,5,4.33,,512000000
2026-05-29 14:00:59.836,2,1.8,,512000000
2026-05-29 14:00:59.738,2,1.94,,512000000
2026-05-29 14:00:59.734,2,1.76,,512000000
2026-05-29 14:00:59.690,3,2.08,,512000000
2026-05-29 14:00:59.668,3,2.92,,512000000
2026-05-29 14:00:59.660,2,1.86,,512000000
2026-05-29 14:00:59.550,3,2.06,,512000000
2026-05-29 14:00:59.530,2,1.95,,512000000
2026-05-29 14:00:59.519,2,1.85,,512000000
2026-05-29 14:00:59.490,7,6.69,,512000000
2026-05-29 14:00:59.471,2,1.98,,512000000
2026-05-29 14:00:59.452,2,1.85,,512000000
2026-05-29 14:00:59.433,3,2.08,,512000000
2026-05-29 14:00:59.395,6,5.29,,512000000
2026-05-29 14:00:59.391,3,2.33,,512000000
2026-05-29 14:00:59.385,2,1.8,,512000000
2026-05-29 14:00:59.366,2,1.67,,512000000
2026-05-29 14:00:59.310,2,1.77,,512000000
2026-05-29 14:00:59.279,2,1.68,,512000000
2026-05-29 14:00:59.279,4,3.87,,512000000
2026-05-29 14:00:59.256,3,2.11,,512000000
2026-05-29 14:00:59.213,3,2.07,,512000000
2026-05-29 14:00:59.206,2,1.73,,512000000
2026-05-29 14:00:59.161,2,1.79,,512000000
2026-05-29 14:00:59.138,3,2.15,,512000000
2026-05-29 14:00:59.124,2,1.77,,512000000
2026-05-29 14:00:59.078,2,1.95,,512000000
2026-05-29 14:00:59.073,2,1.96,,512000000
2026-05-29 14:00:59.056,2,1.83,,512000000
2026-05-29 14:00:59.025,3,2.03,,512000000
2026-05-29 14:00:58.981,3,2.58,,512000000
2026-05-29 14:00:58.952,38,37.3,,512000000
2026-05-29 14:00:58.917,2,1.94,,512000000
2026-05-29 14:00:58.895,11,10.64,,512000000
2026-05-29 14:00:58.886,2,1.73,,512000000
2026-05-29 14:00:58.818,3,2.53,,512000000
2026-05-29 14:00:58.628,2,1.71,,512000000
2026-05-29 14:00:58.609,9,8.81,,512000000
2026-05-29 14:00:58.597,2,1.85,,512000000
2026-05-29 14:00:58.583,2,1.91,,512000000
2026-05-29 14:00:58.513,19,18.86,,512000000
2026-05-29 14:00:58.488,5,4.72,,512000000
2026-05-29 14:00:58.352,3,2.55,,512000000
2026-05-29 14:00:58.348,2,1.71,,512000000
2026-05-29 14:00:58.345,2,2,,512000000
2026-05-29 14:00:58.250,2,1.85,,512000000
2026-05-29 14:00:58.219,2,1.94,,512000000
2026-05-29 14:00:58.214,14,13.08,,512000000
2026-05-29 14:00:58.153,16,15.17,,512000000
2026-05-29 14:00:58.146,2,1.7,,512000000
2026-05-29 14:00:58.145,3,2.77,,512000000
2026-05-29 14:00:58.143,3,2.03,,512000000
2026-05-29 14:00:58.122,3,2.1,,512000000
2026-05-29 14:00:58.084,3,2.06,,512000000
2026-05-29 14:00:58.057,3,2.2,,512000000
2026-05-29 14:00:58.046,3,2.18,,512000000
2026-05-29 14:00:58.044,27,26.23,,512000000
2026-05-29 14:00:57.997,10,9.97,,512000000
2026-05-29 14:00:57.976,2,1.81,,512000000
2026-05-29 14:00:57.967,2,1.8,,512000000
2026-05-29 14:00:57.938,3,2.33,,512000000
2026-05-29 14:00:57.921,3,2.34,,512000000
2026-05-29 14:00:57.909,3,2.13,,512000000
2026-05-29 14:00:57.878,2,1.81,,512000000
2026-05-29 14:00:57.873,2,1.86,,512000000
2026-05-29 14:00:57.802,2,1.57,,512000000
2026-05-29 14:00:57.796,2,1.9,,512000000
2026-05-29 14:00:57.705,2,1.99,,512000000
2026-05-29 14:00:57.693,7,6.53,,512000000
2026-05-29 14:00:57.679,3,2.33,,512000000
2026-05-29 14:00:57.661,2,1.87,,512000000
2026-05-29 14:00:57.536,2,1.81,,512000000
2026-05-29 14:00:57.514,36,35.8,,512000000
2026-05-29 14:00:57.436,2,1.99,,512000000
2026-05-29 14:00:57.431,2,1.77,,512000000
2026-05-29 14:00:57.414,2,1.93,,512000000
2026-05-29 14:00:57.392,2,1.93,,512000000
2026-05-29 14:00:57.368,2,1.75,,512000000
2026-05-29 14:00:57.365,3,2.02,,512000000
2026-05-29 14:00:57.357,2,1.65,,512000000
2026-05-29 14:00:57.275,2,1.59,,512000000
2026-05-29 14:00:57.200,2,1.79,,512000000
2026-05-29 14:00:57.154,2,1.71,,512000000
2026-05-29 14:00:57.104,2,1.85,,512000000
2026-05-29 14:00:57.052,29,28.53,,512000000
2026-05-29 14:00:57.051,2,1.86,,512000000
2026-05-29 14:00:56.912,2,1.87,,512000000
2026-05-29 14:00:56.884,2,1.79,,512000000
2026-05-29 14:00:56.878,2,1.9,,512000000
2026-05-29 14:00:56.878,3,2.24,,512000000
2026-05-29 14:00:56.841,2,1.98,,512000000
2026-05-29 14:00:56.765,2,1.95,,512000000
2026-05-29 14:00:56.730,4,3.12,,512000000
2026-05-29 14:00:56.718,3,2.82,,512000000
2026-05-29 14:00:56.703,3,2,,512000000
2026-05-29 14:00:56.649,2,1.77,,512000000
2026-05-29 14:00:56.588,2,1.91,,512000000
2026-05-29 14:00:56.542,2,1.84,,512000000
2026-05-29 14:00:56.493,2,1.69,,512000000
2026-05-29 14:00:56.441,2,1.96,,512000000
2026-05-29 14:00:56.396,2,1.82,,512000000
2026-05-29 14:00:56.383,2,1.84,,512000000
2026-05-29 14:00:56.360,2,1.73,,512000000
2026-05-29 14:00:56.354,2,1.94,,512000000
2026-05-29 14:00:56.353,4,3.79,,512000000
2026-05-29 14:00:56.331,7,6.44,,512000000
2026-05-29 14:00:56.279,2,2,,512000000
2026-05-29 14:00:56.238,3,2.23,,512000000
2026-05-29 14:00:56.235,15,14.14,,512000000
2026-05-29 14:00:56.194,3,2.09,,512000000
2026-05-29 14:00:56.189,2,1.91,,512000000
2026-05-29 14:00:56.171,3,2.24,,512000000
2026-05-29 14:00:56.161,3,2,,512000000
2026-05-29 14:00:56.131,2,1.69,,512000000
2026-05-29 14:00:56.093,17,16.37,,512000000
2026-05-29 14:00:56.066,2,1.83,,512000000
2026-05-29 14:00:56.047,2,1.84,,512000000
2026-05-29 14:00:56.015,7,6.3,,512000000
2026-05-29 14:00:56.003,2,1.72,,512000000
2026-05-29 14:00:55.985,2,1.97,,512000000
2026-05-29 14:00:55.952,2,1.75,,512000000
2026-05-29 14:00:55.906,2,1.85,,512000000
2026-05-29 14:00:55.899,3,2.12,,512000000
2026-05-29 14:00:55.836,2,1.97,,512000000
2026-05-29 14:00:55.827,3,2.11,,512000000
2026-05-29 14:00:55.768,3,2.92,,512000000
2026-05-29 14:00:55.756,2,1.88,,512000000
2026-05-29 14:00:55.677,7,6.51,,512000000
2026-05-29 14:00:55.642,3,2.11,,512000000
2026-05-29 14:00:55.601,2,1.99,,512000000
2026-05-29 14:00:55.581,3,2,,512000000
2026-05-29 14:00:55.471,2,1.91,,512000000
2026-05-29 14:00:55.443,2,1.86,,512000000
2026-05-29 14:00:55.354,2,1.7,,512000000
2026-05-29 14:00:55.353,8,7.97,,512000000
2026-05-29 14:00:55.325,2,1.98,,512000000
2026-05-29 14:00:55.295,3,2.24,,512000000
2026-05-29 14:00:55.294,3,2.01,,512000000
2026-05-29 14:00:55.255,4,3.73,,512000000
2026-05-29 14:00:55.211,3,2.23,,512000000
2026-05-29 14:00:55.111,2,1.75,,512000000
2026-05-29 14:00:55.094,18,17.96,,512000000
2026-05-29 14:00:54.972,2,1.75,,512000000
2026-05-29 14:00:54.927,2,1.67,,512000000
2026-05-29 14:00:54.886,2,1.84,,512000000
2026-05-29 14:00:54.877,2,1.76,,512000000
2026-05-29 14:00:54.830,2,1.58,,512000000
2026-05-29 14:00:54.780,2,1.86,,512000000
2026-05-29 14:00:54.774,3,2.06,,512000000
2026-05-29 14:00:54.750,2,1.74,,512000000
2026-05-29 14:00:54.747,3,2.26,,512000000
2026-05-29 14:00:54.728,2,1.99,,512000000
2026-05-29 14:00:54.704,2,1.84,,512000000
2026-05-29 14:00:54.665,2,1.79,,512000000
2026-05-29 14:00:54.648,3,2.35,,512000000
2026-05-29 14:00:54.632,2,2,,512000000
2026-05-29 14:00:54.628,2,1.97,,512000000
2026-05-29 14:00:54.587,3,2.09,,512000000
2026-05-29 14:00:54.530,3,2.04,,512000000
2026-05-29 14:00:54.502,2,1.88,,512000000
2026-05-29 14:00:54.488,2,1.87,,512000000
2026-05-29 14:00:54.483,3,2.17,,512000000
2026-05-29 14:00:54.460,4,3.27,,512000000
2026-05-29 14:00:54.427,2,1.81,,512000000
2026-05-29 14:00:54.425,2,1.81,,512000000
2026-05-29 14:00:54.375,2,1.93,,512000000
2026-05-29 14:00:54.358,4,3.77,,512000000
2026-05-29 14:00:54.343,2,1.78,,512000000
2026-05-29 14:00:54.313,2,1.69,,512000000
2026-05-29 14:00:54.293,3,2.08,,512000000
2026-05-29 14:00:54.248,2,1.74,,512000000
2026-05-29 14:00:54.202,2,1.8,,512000000
2026-05-29 14:00:54.174,3,2,,512000000
2026-05-29 14:00:54.157,3,2.07,,512000000
2026-05-29 14:00:54.068,4,3.53,,512000000
2026-05-29 14:00:54.051,2,1.71,,512000000
2026-05-29 14:00:53.907,3,2.21,,512000000
2026-05-29 14:00:53.904,2,1.71,,512000000
2026-05-29 14:00:53.891,2,1.88,,512000000
2026-05-29 14:00:53.865,2,1.81,,512000000
2026-05-29 14:00:53.792,2,1.67,,512000000
2026-05-29 14:00:53.715,2,1.92,,512000000
2026-05-29 14:00:53.694,3,2.17,,512000000
2026-05-29 14:00:53.690,2,1.97,,512000000
2026-05-29 14:00:53.648,3,2.19,,512000000
2026-05-29 14:00:53.596,2,1.95,,512000000
2026-05-29 14:00:53.551,24,23.61,,512000000
2026-05-29 14:00:53.514,2,1.88,,512000000
2026-05-29 14:00:53.473,3,2.12,,512000000
2026-05-29 14:00:53.408,2,1.75,,512000000
2026-05-29 14:00:53.406,3,2.06,,512000000
2026-05-29 14:00:53.387,2,1.66,,512000000
2026-05-29 14:00:53.386,3,2.2,,512000000
2026-05-29 14:00:53.382,2,1.8,,512000000
2026-05-29 14:00:53.293,2,1.86,,512000000
2026-05-29 14:00:53.260,2,1.9,,512000000
2026-05-29 14:00:53.245,3,2.17,,512000000
2026-05-29 14:00:53.209,2,1.88,,512000000
2026-05-29 14:00:53.157,3,2.01,,512000000
2026-05-29 14:00:53.150,4,3.4,,512000000
2026-05-29 14:00:53.140,2,1.77,,512000000
2026-05-29 14:00:53.076,2,1.7,,512000000
2026-05-29 14:00:53.039,2,1.86,,512000000
2026-05-29 14:00:52.994,3,2.98,,512000000
2026-05-29 14:00:52.971,3,2.45,,512000000
2026-05-29 14:00:52.939,2,1.89,,512000000
2026-05-29 14:00:52.910,2,1.85,,512000000
2026-05-29 14:00:52.903,2,1.68,,512000000
2026-05-29 14:00:52.868,2,1.87,,512000000
2026-05-29 14:00:52.834,11,10.91,,512000000
2026-05-29 14:00:52.826,2,1.71,,512000000
2026-05-29 14:00:52.794,11,10.06,,512000000
2026-05-29 14:00:52.789,14,13.46,,512000000
2026-05-29 14:00:52.775,15,14.22,,512000000
2026-05-29 14:00:52.769,11,10.19,,512000000
2026-05-29 14:00:52.754,2,1.94,,512000000
2026-05-29 14:00:52.753,2,1.83,,512000000
2026-05-29 14:00:52.741,2,1.65,,512000000
2026-05-29 14:00:52.670,2,1.76,,512000000
2026-05-29 14:00:52.623,2,1.85,,512000000
2026-05-29 14:00:52.570,2,1.82,,512000000
2026-05-29 14:00:52.521,2,1.98,,512000000
2026-05-29 14:00:52.473,3,2.15,,512000000
2026-05-29 14:00:52.465,7,6.04,,512000000
2026-05-29 14:00:52.459,3,2.16,,512000000
2026-05-29 14:00:52.423,2,1.73,,512000000
2026-05-29 14:00:52.369,2,1.86,,512000000
2026-05-29 14:00:52.312,2,1.89,,512000000
2026-05-29 14:00:52.286,3,2.13,,512000000
2026-05-29 14:00:52.261,3,2.1,,512000000
2026-05-29 14:00:52.224,2,1.88,,512000000
2026-05-29 14:00:52.209,3,2.3,,512000000
2026-05-29 14:00:52.187,3,2.17,,512000000
2026-05-29 14:00:52.178,2,1.73,,512000000
2026-05-29 14:00:52.118,2,1.92,,512000000
2026-05-29 14:00:52.088,4,3.94,,512000000
2026-05-29 14:00:52.073,2,1.85,,512000000
2026-05-29 14:00:52.064,2,1.81,,512000000
2026-05-29 14:00:52.059,2,1.79,,512000000
2026-05-29 14:00:52.038,3,2.02,,512000000
2026-05-29 14:00:51.944,2,1.72,,512000000
2026-05-29 14:00:51.919,2,1.71,,512000000
2026-05-29 14:00:51.854,2,1.86,,512000000
2026-05-29 14:00:51.846,2,1.81,,512000000
2026-05-29 14:00:51.793,2,1.95,,512000000
2026-05-29 14:00:51.774,2,1.71,,512000000
2026-05-29 14:00:51.729,2,1.86,,512000000
2026-05-29 14:00:51.672,3,2.16,,512000000
2026-05-29 14:00:51.668,9,8.27,,512000000
2026-05-29 14:00:51.652,3,2.16,,512000000
2026-05-29 14:00:51.632,8,7.43,,512000000
2026-05-29 14:00:51.504,5,4.28,,512000000
2026-05-29 14:00:51.448,2,1.8,,512000000
2026-05-29 14:00:51.367,6,5.39,,512000000
2026-05-29 14:00:51.366,3,2.05,,512000000
2026-05-29 14:00:51.333,2,1.8,,512000000
2026-05-29 14:00:51.296,2,1.85,,512000000
2026-05-29 14:00:51.264,2,1.86,,512000000
2026-05-29 14:00:51.193,2,1.91,,512000000
2026-05-29 14:00:51.169,6,5.12,,512000000
2026-05-29 14:00:51.166,3,2.11,,512000000
2026-05-29 14:00:51.152,3,2.13,,512000000
2026-05-29 14:00:51.143,2,1.77,,512000000
2026-05-29 14:00:51.121,3,2.7,,512000000
2026-05-29 14:00:51.112,2,1.98,,512000000
2026-05-29 14:00:51.110,10,9.39,,512000000
2026-05-29 14:00:51.092,9,9,,512000000
2026-05-29 14:00:51.077,2,1.79,,512000000
2026-05-29 14:00:50.952,2,1.69,,512000000
2026-05-29 14:00:50.920,2,1.79,,512000000
2026-05-29 14:00:50.914,15,14.71,,512000000
2026-05-29 14:00:50.894,2,1.85,,512000000
2026-05-29 14:00:50.889,3,2.03,,512000000
2026-05-29 14:00:50.844,2,1.85,,512000000
2026-05-29 14:00:50.774,17,16.5,,512000000
2026-05-29 14:00:50.725,2,1.84,,512000000
2026-05-29 14:00:50.711,2,1.72,,512000000
2026-05-29 14:00:50.707,2,1.74,,512000000
2026-05-29 14:00:50.688,3,2.46,,512000000
2026-05-29 14:00:50.630,2,1.81,,512000000
2026-05-29 14:00:50.622,4,3.37,,512000000
2026-05-29 14:00:50.598,2,1.83,,512000000
2026-05-29 14:00:50.464,3,2.38,,512000000
2026-05-29 14:00:50.448,2,1.73,,512000000
2026-05-29 14:00:50.390,2,1.86,,512000000
2026-05-29 14:00:50.332,2,1.86,,512000000
2026-05-29 14:00:50.285,3,2.09,,512000000
2026-05-29 14:00:50.272,2,1.72,,512000000
2026-05-29 14:00:50.265,3,2.26,,512000000
2026-05-29 14:00:50.254,2,1.73,,512000000
2026-05-29 14:00:50.253,2,1.86,,512000000
2026-05-29 14:00:50.215,2,1.77,,512000000
2026-05-29 14:00:50.202,3,2.34,,512000000
2026-05-29 14:00:50.188,2,1.86,,512000000
2026-05-29 14:00:50.157,3,2.05,,512000000
2026-05-29 14:00:50.138,2,1.79,,512000000
2026-05-29 14:00:50.128,3,2.04,,512000000
2026-05-29 14:00:50.038,9,8.81,,512000000
2026-05-29 14:00:50.036,2,1.85,,512000000
2026-05-29 14:00:50.015,16,15.58,,512000000
2026-05-29 14:00:49.994,2,1.77,,512000000
2026-05-29 14:00:49.964,3,2.49,,512000000
2026-05-29 14:00:49.947,5,4.2,,512000000
2026-05-29 14:00:49.925,2,1.75,,512000000
2026-05-29 14:00:49.890,2,1.8,,512000000
2026-05-29 14:00:49.843,2,1.78,,512000000
2026-05-29 14:00:49.813,2,1.83,,512000000
2026-05-29 14:00:49.752,2,1.87,,512000000
2026-05-29 14:00:49.738,3,2.03,,512000000
2026-05-29 14:00:49.731,2,1.9,,512000000
2026-05-29 14:00:49.674,37,36.68,,512000000
2026-05-29 14:00:49.655,2,1.64,,512000000
2026-05-29 14:00:49.560,3,2.25,,512000000
2026-05-29 14:00:49.542,3,2.26,,512000000
2026-05-29 14:00:49.514,41,40.91,,512000000
2026-05-29 14:00:49.434,2,1.91,,512000000
2026-05-29 14:00:49.402,2,1.92,,512000000
2026-05-29 14:00:49.392,2,1.72,,512000000
2026-05-29 14:00:49.269,2,1.77,,512000000
2026-05-29 14:00:49.265,4,3.78,,512000000
2026-05-29 14:00:49.233,13,12.51,,512000000
2026-05-29 14:00:49.215,2,1.89,,512000000
2026-05-29 14:00:49.210,36,35.94,,512000000
2026-05-29 14:00:49.196,19,18.94,,512000000
2026-05-29 14:00:49.174,2,1.75,,512000000
2026-05-29 14:00:49.174,3,2.22,,512000000
2026-05-29 14:00:48.967,2,1.8,,512000000
2026-05-29 14:00:48.960,2,1.78,,512000000
2026-05-29 14:00:48.916,3,2.4,,512000000
2026-05-29 14:00:48.916,2,1.6,,512000000
2026-05-29 14:00:48.860,2,1.78,,512000000
2026-05-29 14:00:48.842,2,1.9,,512000000
2026-05-29 14:00:48.819,6,5.88,,512000000
2026-05-29 14:00:48.814,2,1.62,,512000000
2026-05-29 14:00:48.798,3,2.01,,512000000
2026-05-29 14:00:48.788,3,2.24,,512000000
2026-05-29 14:00:48.764,5,4.68,,512000000
2026-05-29 14:00:48.757,3,2.08,,512000000
2026-05-29 14:00:48.741,2,1.91,,512000000
2026-05-29 14:00:48.668,2,1.94,,512000000
2026-05-29 14:00:48.574,14,13.77,,512000000
2026-05-29 14:00:48.553,5,4.64,,512000000
2026-05-29 14:00:48.544,4,3.06,,512000000
2026-05-29 14:00:48.535,2,1.67,,512000000
2026-05-29 14:00:48.482,2,1.74,,512000000
2026-05-29 14:00:48.433,2,1.93,,512000000
2026-05-29 14:00:48.388,6,5.81,,512000000
2026-05-29 14:00:48.376,2,1.92,,512000000
2026-05-29 14:00:48.352,6,5.08,,512000000
2026-05-29 14:00:48.338,3,2.11,,512000000
2026-05-29 14:00:48.313,2,1.79,,512000000
2026-05-29 14:00:48.288,4,3.53,,512000000
2026-05-29 14:00:48.274,3,2.1,,512000000
2026-05-29 14:00:48.159,2,1.61,,512000000
2026-05-29 14:00:48.147,3,2.01,,512000000
2026-05-29 14:00:48.119,2,1.99,,512000000
2026-05-29 14:00:48.099,3,2.12,,512000000
2026-05-29 14:00:48.016,2,1.77,,512000000
2026-05-29 14:00:48.013,13,12.18,,512000000
2026-05-29 14:00:47.997,3,2.33,,512000000
2026-05-29 14:00:47.991,7,6.23,,512000000
2026-05-29 14:00:47.989,15,14.11,,512000000
2026-05-29 14:00:47.917,2,1.66,,512000000
2026-05-29 14:00:47.874,2,1.97,,512000000
2026-05-29 14:00:47.831,6,5.42,,512000000
2026-05-29 14:00:47.814,3,2.29,,512000000
2026-05-29 14:00:47.807,3,2.08,,512000000
2026-05-29 14:00:47.765,2,1.71,,512000000
2026-05-29 14:00:47.734,3,2.08,,512000000
2026-05-29 14:00:47.670,3,2.19,,512000000
2026-05-29 14:00:47.649,19,18.91,,512000000
2026-05-29 14:00:47.624,2,1.69,,512000000
2026-05-29 14:00:47.606,15,14.1,,512000000
2026-05-29 14:00:47.523,3,2.24,,512000000
2026-05-29 14:00:47.522,2,1.77,,512000000
2026-05-29 14:00:47.442,2,1.97,,512000000
2026-05-29 14:00:47.389,11,10.61,,512000000
2026-05-29 14:00:47.359,2,1.91,,512000000
2026-05-29 14:00:47.270,2,1.74,,512000000
2026-05-29 14:00:47.252,3,2.01,,512000000
2026-05-29 14:00:47.247,6,5.71,,512000000
2026-05-29 14:00:47.214,2,1.8,,512000000
2026-05-29 14:00:47.124,2,1.72,,512000000
2026-05-29 14:00:47.067,3,2.1,,512000000
2026-05-29 14:00:47.065,3,2.11,,512000000
2026-05-29 14:00:46.986,3,2.16,,512000000
2026-05-29 14:00:46.982,3,2.73,,512000000
2026-05-29 14:00:46.950,16,15.06,,512000000
2026-05-29 14:00:46.851,2,1.73,,512000000
2026-05-29 14:00:46.829,6,5.75,,512000000
2026-05-29 14:00:46.810,2,1.89,,512000000
2026-05-29 14:00:46.777,2,1.82,,512000000
2026-05-29 14:00:46.727,2,1.87,,512000000
2026-05-29 14:00:46.709,7,6.57,,512000000
2026-05-29 14:00:46.691,2,1.54,,512000000
2026-05-29 14:00:46.663,2,1.74,,512000000
2026-05-29 14:00:46.628,2,2,,512000000
2026-05-29 14:00:46.616,20,19.86,,512000000
2026-05-29 14:00:46.609,2,1.66,,512000000
2026-05-29 14:00:46.608,2,2,,512000000
2026-05-29 14:00:46.569,5,4.42,,512000000
2026-05-29 14:00:46.536,2,1.83,,512000000
2026-05-29 14:00:46.479,7,6.41,,512000000
2026-05-29 14:00:46.472,2,1.89,,512000000
2026-05-29 14:00:46.465,3,2.14,,512000000
2026-05-29 14:00:46.453,3,2.02,,512000000
2026-05-29 14:00:46.435,2,1.67,,512000000
2026-05-29 14:00:46.434,2,1.72,,512000000
2026-05-29 14:00:46.425,6,5.14,,512000000
2026-05-29 14:00:46.421,2,1.76,,512000000
2026-05-29 14:00:46.401,3,2.3,,512000000
2026-05-29 14:00:46.339,4,3.68,,512000000
2026-05-29 14:00:46.337,2,1.94,,512000000
2026-05-29 14:00:46.282,2,1.73,,512000000
2026-05-29 14:00:46.212,2,1.85,,512000000
2026-05-29 14:00:46.172,3,2.44,,512000000
2026-05-29 14:00:46.112,2,1.78,,512000000
2026-05-29 14:00:46.101,3,2.07,,512000000
2026-05-29 14:00:46.070,3,2.2,,512000000
2026-05-29 14:00:46.053,6,5.39,,512000000
2026-05-29 14:00:46.029,6,5.16,,512000000
2026-05-29 14:00:45.988,2,1.83,,512000000
2026-05-29 14:00:45.961,3,2.01,,512000000
2026-05-29 14:00:45.856,2,1.65,,512000000
2026-05-29 14:00:45.855,2,1.93,,512000000
2026-05-29 14:00:45.838,2,1.87,,512000000
2026-05-29 14:00:45.810,3,2.58,,512000000
2026-05-29 14:00:45.793,20,19.24,,512000000
2026-05-29 14:00:45.733,8,7.97,,512000000
2026-05-29 14:00:45.717,2,1.71,,512000000
2026-05-29 14:00:45.531,2,1.98,,512000000
2026-05-29 14:00:45.478,2,1.87,,512000000
2026-05-29 14:00:45.442,3,2.06,,512000000
2026-05-29 14:00:45.430,2,1.72,,512000000
2026-05-29 14:00:45.324,2,1.98,,512000000
2026-05-29 14:00:45.274,2,1.98,,512000000
2026-05-29 14:00:45.271,2,1.79,,512000000
2026-05-29 14:00:45.186,7,6.61,,512000000
2026-05-29 14:00:45.174,9,8.05,,512000000
2026-05-29 14:00:45.160,2,1.8,,512000000
2026-05-29 14:00:45.122,2,1.72,,512000000
2026-05-29 14:00:45.094,2,1.68,,512000000
2026-05-29 14:00:45.090,16,15.81,,512000000
2026-05-29 14:00:45.003,2,1.88,,512000000
2026-05-29 14:00:44.998,3,2.03,,512000000
2026-05-29 14:00:44.994,3,2.61,,512000000
2026-05-29 14:00:44.967,2,1.83,,512000000
2026-05-29 14:00:44.941,2,1.96,,512000000
2026-05-29 14:00:44.876,2,1.7,,512000000
2026-05-29 14:00:44.875,2,1.87,,512000000
2026-05-29 14:00:44.864,5,4.45,,512000000
2026-05-29 14:00:44.849,3,2.6,,512000000
2026-05-29 14:00:44.849,10,9.71,,512000000
2026-05-29 14:00:44.831,3,2.42,,512000000
2026-05-29 14:00:44.824,2,1.74,,512000000
2026-05-29 14:00:44.814,15,14.59,,512000000
2026-05-29 14:00:44.810,5,4.81,,512000000
2026-05-29 14:00:44.793,6,5.89,,512000000
2026-05-29 14:00:44.791,2,1.57,,512000000
2026-05-29 14:00:44.677,5,4.49,,512000000
2026-05-29 14:00:44.584,3,2.09,,512000000
2026-05-29 14:00:44.569,13,12.91,,512000000
2026-05-29 14:00:44.559,4,3.08,,512000000
2026-05-29 14:00:44.541,3,2.39,,512000000
2026-05-29 14:00:44.532,6,5.18,,512000000
2026-05-29 14:00:44.509,3,2.03,,512000000
2026-05-29 14:00:44.489,3,2.31,,512000000
2026-05-29 14:00:44.458,2,1.98,,512000000
2026-05-29 14:00:44.455,3,2.07,,512000000
2026-05-29 14:00:44.455,26,25.95,,512000000
2026-05-29 14:00:44.388,2,1.79,,512000000
2026-05-29 14:00:44.346,2,1.84,,512000000
2026-05-29 14:00:44.306,2,1.79,,512000000
2026-05-29 14:00:44.215,2,1.69,,512000000
2026-05-29 14:00:44.133,2,1.64,,512000000
2026-05-29 14:00:44.128,4,3.17,,512000000
2026-05-29 14:00:44.108,5,4.9,,512000000
2026-05-29 14:00:44.087,2,1.91,,512000000
2026-05-29 14:00:44.086,2,1.94,,512000000
2026-05-29 14:00:43.977,2,1.85,,512000000
2026-05-29 14:00:43.924,2,1.77,,512000000
2026-05-29 14:00:43.829,6,5.91,,512000000
2026-05-29 14:00:43.815,2,1.84,,512000000
2026-05-29 14:00:43.782,2,1.8,,512000000
2026-05-29 14:00:43.744,2,1.79,,512000000
2026-05-29 14:00:43.712,10,9.8,,512000000
2026-05-29 14:00:43.689,2,1.98,,512000000
2026-05-29 14:00:43.683,3,2.28,,512000000
2026-05-29 14:00:43.603,2,1.92,,512000000
2026-05-29 14:00:43.599,3,2.06,,512000000
2026-05-29 14:00:43.530,2,1.91,,512000000
2026-05-29 14:00:43.511,3,2.15,,512000000
2026-05-29 14:00:43.507,2,1.87,,512000000
2026-05-29 14:00:43.489,18,17.83,,512000000
2026-05-29 14:00:43.463,6,5.95,,512000000
2026-05-29 14:00:43.391,2,1.92,,512000000
2026-05-29 14:00:43.371,16,15.04,,512000000
2026-05-29 14:00:43.335,2,1.84,,512000000
2026-05-29 14:00:43.329,2,1.63,,512000000
2026-05-29 14:00:43.308,2,1.63,,512000000
2026-05-29 14:00:43.285,2,1.74,,512000000
2026-05-29 14:00:43.265,2,1.67,,512000000
2026-05-29 14:00:43.244,2,1.84,,512000000
2026-05-29 14:00:43.225,2,1.75,,512000000
2026-05-29 14:00:43.201,3,2.09,,512000000
2026-05-29 14:00:43.199,2,1.86,,512000000
2026-05-29 14:00:43.197,2,1.86,,512000000
2026-05-29 14:00:43.184,2,1.94,,512000000
2026-05-29 14:00:43.124,3,2.06,,512000000
2026-05-29 14:00:42.930,11,10.39,,512000000
2026-05-29 14:00:42.917,2,1.77,,512000000
2026-05-29 14:00:42.911,2,1.85,,512000000
2026-05-29 14:00:42.880,2,1.76,,512000000
2026-05-29 14:00:42.845,2,1.74,,512000000
2026-05-29 14:00:42.824,2,1.83,,512000000
2026-05-29 14:00:42.819,2,1.68,,512000000
2026-05-29 14:00:42.805,2,1.87,,512000000
2026-05-29 14:00:42.789,3,2.21,,512000000
2026-05-29 14:00:42.782,3,2.08,,512000000
2026-05-29 14:00:42.738,3,2.08,,512000000
2026-05-29 14:00:42.670,9,8.52,,512000000
2026-05-29 14:00:42.620,2,1.72,,512000000
2026-05-29 14:00:42.559,2,1.87,,512000000
2026-05-29 14:00:42.503,2,1.75,,512000000
2026-05-29 14:00:42.496,3,2.17,,512000000
2026-05-29 14:00:42.452,29,28.6,,512000000
2026-05-29 14:00:42.364,2,1.83,,512000000
2026-05-29 14:00:42.263,2,1.93,,512000000
2026-05-29 14:00:42.227,3,2.27,,512000000
2026-05-29 14:00:42.203,3,2.19,,512000000
2026-05-29 14:00:42.171,5,4.31,,512000000
2026-05-29 14:00:42.156,8,7.98,,512000000
2026-05-29 14:00:42.133,2,1.66,,512000000
2026-05-29 14:00:42.130,7,6.05,,512000000
2026-05-29 14:00:42.122,3,2.1,,512000000
2026-05-29 14:00:42.116,2,1.93,,512000000
2026-05-29 14:00:42.088,3,2.14,,512000000
2026-05-29 14:00:42.063,3,2.25,,512000000
2026-05-29 14:00:41.950,2,1.92,,512000000
2026-05-29 14:00:41.947,13,12.99,,512000000
2026-05-29 14:00:41.936,3,2.02,,512000000
2026-05-29 14:00:41.932,2,1.68,,512000000
2026-05-29 14:00:41.857,2,1.67,,512000000
2026-05-29 14:00:41.857,2,1.99,,512000000
2026-05-29 14:00:41.815,3,2,,512000000
2026-05-29 14:00:41.752,7,6.96,,512000000
2026-05-29 14:00:41.731,2,1.96,,512000000
2026-05-29 14:00:41.716,3,2.34,,512000000
2026-05-29 14:00:41.692,2,1.76,,512000000
2026-05-29 14:00:41.672,2,1.8,,512000000
2026-05-29 14:00:41.629,7,6,,512000000
2026-05-29 14:00:41.616,2,1.75,,512000000
2026-05-29 14:00:41.611,13,12.13,,512000000
2026-05-29 14:00:41.609,3,2.13,,512000000
2026-05-29 14:00:41.606,3,2.03,,512000000
2026-05-29 14:00:41.555,2,1.82,,512000000
2026-05-29 14:00:41.511,2,1.96,,512000000
2026-05-29 14:00:41.489,10,9.17,,512000000
2026-05-29 14:00:41.470,2,1.89,,512000000
2026-05-29 14:00:41.465,2,1.73,,512000000
2026-05-29 14:00:41.434,2,1.76,,512000000
2026-05-29 14:00:41.419,2,1.88,,512000000
2026-05-29 14:00:41.416,2,1.86,,512000000
2026-05-29 14:00:41.327,2,1.88,,512000000
2026-05-29 14:00:41.243,3,2.28,,512000000
2026-05-29 14:00:41.211,26,25.51,,512000000
2026-05-29 14:00:41.189,3,2.1,,512000000
2026-05-29 14:00:41.185,2,1.91,,512000000
2026-05-29 14:00:41.136,2,1.87,,512000000
2026-05-29 14:00:41.119,2,1.85,,512000000
2026-05-29 14:00:41.099,3,2.09,,512000000
2026-05-29 14:00:40.991,3,2.06,,512000000
2026-05-29 14:00:40.957,2,1.87,,512000000
2026-05-29 14:00:40.828,2,1.94,,512000000
2026-05-29 14:00:40.797,3,2.06,,512000000
2026-05-29 14:00:40.795,5,4.55,,512000000
2026-05-29 14:00:40.773,3,2.24,,512000000
2026-05-29 14:00:40.761,2,1.63,,512000000
2026-05-29 14:00:40.755,6,5.22,,512000000
2026-05-29 14:00:40.630,3,2.29,,512000000
2026-05-29 14:00:40.608,7,6.01,,512000000
2026-05-29 14:00:40.519,2,1.74,,512000000
2026-05-29 14:00:40.410,12,11.78,,512000000
2026-05-29 14:00:40.391,3,2.66,,512000000
2026-05-29 14:00:40.378,3,2.17,,512000000
2026-05-29 14:00:40.324,2,1.97,,512000000
2026-05-29 14:00:40.300,2,1.94,,512000000
2026-05-29 14:00:40.296,2,1.78,,512000000
2026-05-29 14:00:40.221,3,2.02,,512000000
2026-05-29 14:00:40.173,7,6.57,,512000000
2026-05-29 14:00:40.172,3,2.02,,512000000
2026-05-29 14:00:40.160,3,2.6,,512000000
2026-05-29 14:00:40.155,9,8.4,,512000000
2026-05-29 14:00:40.119,2,1.67,,512000000
2026-05-29 14:00:40.104,2,1.69,,512000000
2026-05-29 14:00:40.035,12,11.04,,512000000
2026-05-29 14:00:40.031,2,1.85,,512000000
2026-05-29 14:00:40.017,2,1.74,,512000000
2026-05-29 14:00:40.011,10,9.24,,512000000
2026-05-29 14:00:39.970,5,5,,512000000
2026-05-29 14:00:39.969,2,1.87,,512000000
2026-05-29 14:00:39.956,2,1.9,,512000000
2026-05-29 14:00:39.924,2,1.82,,512000000
2026-05-29 14:00:39.921,2,1.82,,512000000
2026-05-29 14:00:39.916,2,1.97,,512000000
2026-05-29 14:00:39.882,3,2.19,,512000000
2026-05-29 14:00:39.849,3,2.22,,512000000
2026-05-29 14:00:39.846,3,2.1,,512000000
2026-05-29 14:00:39.809,2,1.98,,512000000
2026-05-29 14:00:39.772,3,2.14,,512000000
2026-05-29 14:00:39.699,8,7,,512000000
2026-05-29 14:00:39.654,19,18.34,,512000000
2026-05-29 14:00:39.615,25,24.22,,512000000
2026-05-29 14:00:39.599,3,2.09,,512000000
2026-05-29 14:00:39.592,3,2.03,,512000000
2026-05-29 14:00:39.493,8,7.83,,512000000
2026-05-29 14:00:39.480,3,2.12,,512000000
2026-05-29 14:00:39.439,2,1.81,,512000000
2026-05-29 14:00:39.410,3,2.12,,512000000
2026-05-29 14:00:39.370,2,1.99,,512000000
2026-05-29 14:00:39.303,2,1.94,,512000000
2026-05-29 14:00:39.269,3,2.34,,512000000
2026-05-29 14:00:39.213,3,2.07,,512000000
2026-05-29 14:00:39.175,2,1.8,,512000000
2026-05-29 14:00:39.126,2,1.96,,512000000
2026-05-29 14:00:39.060,2,1.7,,512000000
2026-05-29 14:00:39.049,3,2.22,,512000000
2026-05-29 14:00:38.952,7,6.23,,512000000
2026-05-29 14:00:38.916,3,2.22,,512000000
2026-05-29 14:00:38.898,3,2.03,,512000000
2026-05-29 14:00:38.869,2,1.9,,512000000
2026-05-29 14:00:38.826,4,3.93,,512000000
2026-05-29 14:00:38.778,4,3.46,,512000000
2026-05-29 14:00:38.766,3,2.41,,512000000
2026-05-29 14:00:38.766,3,2.03,,512000000
2026-05-29 14:00:38.747,4,3.09,,512000000
2026-05-29 14:00:38.738,2,1.95,,512000000
2026-05-29 14:00:38.726,2,1.57,,512000000
2026-05-29 14:00:38.725,3,2.21,,512000000
2026-05-29 14:00:38.673,10,9.42,,512000000
2026-05-29 14:00:38.636,3,2.02,,512000000
2026-05-29 14:00:38.491,19,18.71,,512000000
2026-05-29 14:00:38.467,2,1.66,,512000000
2026-05-29 14:00:38.408,8,7.55,,512000000
2026-05-29 14:00:38.387,2,1.82,,512000000
2026-05-29 14:00:38.354,2,1.7,,512000000
2026-05-29 14:00:38.354,3,2.18,,512000000
2026-05-29 14:00:38.324,3,2.02,,512000000
2026-05-29 14:00:38.248,3,2.39,,512000000
2026-05-29 14:00:38.242,2,1.88,,512000000
2026-05-29 14:00:38.220,2,1.66,,512000000
2026-05-29 14:00:38.207,2,1.71,,512000000
2026-05-29 14:00:38.207,3,2.51,,512000000
2026-05-29 14:00:38.150,4,3.62,,512000000
2026-05-29 14:00:38.138,2,1.71,,512000000
2026-05-29 14:00:38.131,2,1.63,,512000000
2026-05-29 14:00:38.113,2,1.8,,512000000
2026-05-29 14:00:38.110,25,24.58,,512000000
2026-05-29 14:00:38.108,5,4.8,,512000000
2026-05-29 14:00:38.094,2,1.94,,512000000
2026-05-29 14:00:38.060,2,1.88,,512000000
2026-05-29 14:00:37.992,2,1.83,,512000000
2026-05-29 14:00:37.934,2,1.85,,512000000
2026-05-29 14:00:37.905,2,1.75,,512000000
2026-05-29 14:00:37.793,4,3.2,,512000000
2026-05-29 14:00:37.772,2,1.87,,512000000
2026-05-29 14:00:37.756,2,1.76,,512000000
2026-05-29 14:00:37.710,2,1.63,,512000000
2026-05-29 14:00:37.651,3,2.33,,512000000
2026-05-29 14:00:37.630,23,22.8,,512000000
2026-05-29 14:00:37.590,3,2.09,,512000000
2026-05-29 14:00:37.559,2,1.85,,512000000
2026-05-29 14:00:37.498,2,1.89,,512000000
2026-05-29 14:00:37.471,2,1.92,,512000000
2026-05-29 14:00:37.395,2,1.84,,512000000
2026-05-29 14:00:37.388,3,2.95,,512000000
2026-05-29 14:00:37.377,2,1.89,,512000000
2026-05-29 14:00:37.370,3,2.07,,512000000
2026-05-29 14:00:37.359,2,1.82,,512000000
2026-05-29 14:00:37.331,2,1.82,,512000000
2026-05-29 14:00:37.292,2,1.6,,512000000
2026-05-29 14:00:37.284,2,1.73,,512000000
2026-05-29 14:00:37.256,2,1.81,,512000000
2026-05-29 14:00:37.254,8,7.71,,512000000
2026-05-29 14:00:37.239,2,1.74,,512000000
2026-05-29 14:00:37.123,2,1.83,,512000000
2026-05-29 14:00:37.081,2,1.73,,512000000
2026-05-29 14:00:37.073,2,1.81,,512000000
2026-05-29 14:00:37.049,3,2.01,,512000000
2026-05-29 14:00:37.011,2,1.86,,512000000
2026-05-29 14:00:37.002,5,4.44,,512000000
2026-05-29 14:00:36.959,2,1.9,,512000000
2026-05-29 14:00:36.931,3,2.15,,512000000
2026-05-29 14:00:36.910,11,10.96,,512000000
2026-05-29 14:00:36.890,2,1.99,,512000000
2026-05-29 14:00:36.864,3,2.3,,512000000
2026-05-29 14:00:36.832,3,2.06,,512000000
2026-05-29 14:00:36.800,3,2.17,,512000000
2026-05-29 14:00:36.671,3,2.13,,512000000
2026-05-29 14:00:36.614,8,7.22,,512000000
2026-05-29 14:00:36.613,2,1.95,,512000000
2026-05-29 14:00:36.572,3,2.05,,512000000
2026-05-29 14:00:36.550,38,37.52,,512000000
2026-05-29 14:00:36.468,2,1.72,,512000000
2026-05-29 14:00:36.463,3,2.28,,512000000
2026-05-29 14:00:36.447,2,1.91,,512000000
2026-05-29 14:00:36.410,2,2,,512000000
2026-05-29 14:00:36.400,2,1.93,,512000000
2026-05-29 14:00:36.347,8,7.38,,512000000
2026-05-29 14:00:36.331,3,2.18,,512000000
2026-05-29 14:00:36.309,2,1.82,,512000000
2026-05-29 14:00:36.205,2,1.84,,512000000
2026-05-29 14:00:36.158,2,1.85,,512000000
2026-05-29 14:00:36.151,2,1.99,,512000000
2026-05-29 14:00:36.130,3,2.02,,512000000
2026-05-29 14:00:36.090,3,2.1,,512000000
2026-05-29 14:00:36.087,6,5.48,,512000000
2026-05-29 14:00:36.039,3,2.19,,512000000
2026-05-29 14:00:36.023,2,1.85,,512000000
2026-05-29 14:00:36.017,2,1.95,,512000000
2026-05-29 14:00:35.916,2,1.96,,512000000
2026-05-29 14:00:35.915,2,1.68,,512000000
2026-05-29 14:00:35.908,3,2.47,,512000000
2026-05-29 14:00:35.900,2,1.81,,512000000
2026-05-29 14:00:35.867,2,1.99,,512000000
2026-05-29 14:00:35.856,2,1.83,,512000000
2026-05-29 14:00:35.856,2,1.55,,512000000
2026-05-29 14:00:35.797,2,1.87,,512000000
2026-05-29 14:00:35.793,2,1.66,,512000000
2026-05-29 14:00:35.753,2,1.96,,512000000
2026-05-29 14:00:35.730,2,1.74,,512000000
2026-05-29 14:00:35.673,26,25.48,,512000000
2026-05-29 14:00:35.558,2,1.73,,512000000
2026-05-29 14:00:35.525,2,1.72,,512000000
2026-05-29 14:00:35.521,3,2.38,,512000000
2026-05-29 14:00:35.472,3,2.04,,512000000
2026-05-29 14:00:35.431,19,18.22,,512000000
2026-05-29 14:00:35.397,17,16.34,,512000000
2026-05-29 14:00:35.273,8,7.35,,512000000
2026-05-29 14:00:35.250,11,10.35,,512000000
2026-05-29 14:00:35.214,3,2.45,,512000000
2026-05-29 14:00:35.177,2,1.93,,512000000
2026-05-29 14:00:35.144,3,2.16,,512000000
2026-05-29 14:00:35.128,2,1.97,,512000000
2026-05-29 14:00:35.016,2,1.84,,512000000
2026-05-29 14:00:34.990,14,13.29,,512000000
2026-05-29 14:00:34.984,2,1.81,,512000000
2026-05-29 14:00:34.951,3,2.04,,512000000
2026-05-29 14:00:34.915,3,2.01,,512000000
2026-05-29 14:00:34.888,2,1.91,,512000000
2026-05-29 14:00:34.884,3,2.03,,512000000
2026-05-29 14:00:34.880,2,1.6,,512000000
2026-05-29 14:00:34.880,3,2.02,,512000000
2026-05-29 14:00:34.834,48,47.91,,512000000
2026-05-29 14:00:34.820,2,1.87,,512000000
2026-05-29 14:00:34.787,2,1.76,,512000000
2026-05-29 14:00:34.729,3,2.11,,512000000
2026-05-29 14:00:34.701,2,1.77,,512000000
2026-05-29 14:00:34.700,2,1.97,,512000000
2026-05-29 14:00:34.614,2,1.94,,512000000
2026-05-29 14:00:34.613,3,2.7,,512000000
2026-05-29 14:00:34.611,3,2.15,,512000000
2026-05-29 14:00:34.558,2,1.77,,512000000
2026-05-29 14:00:34.548,33,32.67,,512000000
2026-05-29 14:00:34.548,3,2.63,,512000000
2026-05-29 14:00:34.507,2,1.74,,512000000
2026-05-29 14:00:34.475,2,1.89,,512000000
2026-05-29 14:00:34.428,2,1.91,,512000000
2026-05-29 14:00:34.387,2,1.74,,512000000
2026-05-29 14:00:34.373,30,29.26,,512000000
2026-05-29 14:00:34.366,2,1.71,,512000000
2026-05-29 14:00:34.304,2,1.78,,512000000
2026-05-29 14:00:34.203,2,1.68,,512000000
2026-05-29 14:00:34.198,2,1.85,,512000000
2026-05-29 14:00:34.183,2,1.84,,512000000
2026-05-29 14:00:34.158,2,1.85,,512000000
2026-05-29 14:00:34.142,2,1.73,,512000000
2026-05-29 14:00:34.109,3,2.09,,512000000
2026-05-29 14:00:34.103,2,1.85,,512000000
2026-05-29 14:00:34.058,2,1.88,,512000000
2026-05-29 14:00:34.055,2,1.72,,512000000
2026-05-29 14:00:34.001,3,2.38,,512000000
2026-05-29 14:00:33.995,2,1.59,,512000000
2026-05-29 14:00:33.969,2,1.79,,512000000
2026-05-29 14:00:33.949,2,1.76,,512000000
2026-05-29 14:00:33.911,2,1.79,,512000000
2026-05-29 14:00:33.846,2,1.81,,512000000
2026-05-29 14:00:33.815,2,1.65,,512000000
2026-05-29 14:00:33.761,2,1.83,,512000000
2026-05-29 14:00:33.631,3,2.04,,512000000
2026-05-29 14:00:33.624,2,1.82,,512000000
2026-05-29 14:00:33.568,10,9.4,,512000000
2026-05-29 14:00:33.550,2,1.73,,512000000
2026-05-29 14:00:33.519,2,1.74,,512000000
2026-05-29 14:00:33.457,2,1.84,,512000000
2026-05-29 14:00:33.365,2,1.77,,512000000
2026-05-29 14:00:33.322,2,1.84,,512000000
2026-05-29 14:00:33.321,3,2.03,,512000000
2026-05-29 14:00:33.187,3,2.07,,512000000
2026-05-29 14:00:33.154,4,3.23,,512000000
2026-05-29 14:00:33.150,24,23.35,,512000000
2026-05-29 14:00:33.138,2,1.7,,512000000
2026-05-29 14:00:33.130,2,1.75,,512000000
2026-05-29 14:00:33.069,5,4.95,,512000000
2026-05-29 14:00:33.057,2,1.92,,512000000
2026-05-29 14:00:33.055,3,2.13,,512000000
2026-05-29 14:00:33.014,10,9.73,,512000000
2026-05-29 14:00:33.011,3,2.16,,512000000
2026-05-29 14:00:32.995,2,1.77,,512000000
2026-05-29 14:00:32.956,2,1.68,,512000000
2026-05-29 14:00:32.924,2,1.98,,512000000
2026-05-29 14:00:32.897,3,2.25,,512000000
2026-05-29 14:00:32.873,8,7.25,,512000000
2026-05-29 14:00:32.833,3,2.63,,512000000
2026-05-29 14:00:32.814,4,3.08,,512000000
2026-05-29 14:00:32.777,4,3.47,,512000000
2026-05-29 14:00:32.714,3,2.1,,512000000
2026-05-29 14:00:32.656,4,3.29,,512000000
2026-05-29 14:00:32.635,7,6.27,,512000000
2026-05-29 14:00:32.630,6,5.22,,512000000
2026-05-29 14:00:32.615,26,25.3,,512000000
2026-05-29 14:00:32.602,3,2.06,,512000000
2026-05-29 14:00:32.594,2,1.73,,512000000
2026-05-29 14:00:32.584,2,1.72,,512000000
2026-05-29 14:00:32.528,3,2.06,,512000000
2026-05-29 14:00:32.479,3,2.1,,512000000
2026-05-29 14:00:32.458,2,1.89,,512000000
2026-05-29 14:00:32.440,2,1.84,,512000000
2026-05-29 14:00:32.437,2,1.71,,512000000
2026-05-29 14:00:32.414,7,6.33,,512000000
2026-05-29 14:00:32.390,2,1.91,,512000000
2026-05-29 14:00:32.373,2,1.78,,512000000
2026-05-29 14:00:32.353,3,2.03,,512000000
2026-05-29 14:00:32.350,2,1.95,,512000000
2026-05-29 14:00:32.282,2,1.9,,512000000
2026-05-29 14:00:32.247,2,1.72,,512000000
2026-05-29 14:00:32.219,2,1.8,,512000000
2026-05-29 14:00:32.218,2,1.68,,512000000
2026-05-29 14:00:32.092,2,1.87,,512000000
2026-05-29 14:00:32.032,2,1.8,,512000000
2026-05-29 14:00:31.968,2,1.96,,512000000
2026-05-29 14:00:31.947,2,1.9,,512000000
2026-05-29 14:00:31.827,2,1.65,,512000000
2026-05-29 14:00:31.742,3,2.02,,512000000
2026-05-29 14:00:31.723,2,1.98,,512000000
2026-05-29 14:00:31.722,3,2.21,,512000000
2026-05-29 14:00:31.722,3,2.04,,512000000
2026-05-29 14:00:31.649,2,1.73,,512000000
2026-05-29 14:00:31.645,2,1.71,,512000000
2026-05-29 14:00:31.542,3,2.15,,512000000
2026-05-29 14:00:31.514,2,1.98,,512000000
2026-05-29 14:00:31.439,3,2.11,,512000000
2026-05-29 14:00:31.437,2,1.54,,512000000
2026-05-29 14:00:31.430,2,1.78,,512000000
2026-05-29 14:00:31.418,2,1.84,,512000000
2026-05-29 14:00:31.298,2,1.91,,512000000
2026-05-29 14:00:31.238,2,1.87,,512000000
2026-05-29 14:00:31.236,3,2.07,,512000000
2026-05-29 14:00:31.217,2,1.8,,512000000
2026-05-29 14:00:31.172,3,2.34,,512000000
2026-05-29 14:00:31.134,9,8.48,,512000000
2026-05-29 14:00:31.128,2,1.94,,512000000
2026-05-29 14:00:31.115,4,3.61,,512000000
2026-05-29 14:00:31.095,2,1.93,,512000000
2026-05-29 14:00:31.054,3,2.03,,512000000
2026-05-29 14:00:31.033,2,1.72,,512000000
2026-05-29 14:00:31.002,2,1.84,,512000000
2026-05-29 14:00:31.001,2,1.74,,512000000
2026-05-29 14:00:30.990,3,2.01,,512000000
2026-05-29 14:00:30.988,2,2,,512000000
2026-05-29 14:00:30.987,3,2.26,,512000000
2026-05-29 14:00:30.973,3,2.64,,512000000
2026-05-29 14:00:30.936,2,1.84,,512000000
2026-05-29 14:00:30.916,2,1.63,,512000000
2026-05-29 14:00:30.895,2,1.69,,512000000
2026-05-29 14:00:30.888,2,1.89,,512000000
2026-05-29 14:00:30.885,2,1.88,,512000000
2026-05-29 14:00:30.840,2,1.76,,512000000
2026-05-29 14:00:30.802,2,1.95,,512000000
2026-05-29 14:00:30.732,2,1.76,,512000000
2026-05-29 14:00:30.729,14,13.58,,512000000
2026-05-29 14:00:30.714,2,1.85,,512000000
2026-05-29 14:00:30.710,3,2.08,,512000000
2026-05-29 14:00:30.655,2,2,,512000000
2026-05-29 14:00:30.622,2,1.89,,512000000
2026-05-29 14:00:30.601,2,1.98,,512000000
2026-05-29 14:00:30.553,53,52.86,,512000000
2026-05-29 14:00:30.477,20,19.58,,512000000
2026-05-29 14:00:30.462,3,2.02,,512000000
2026-05-29 14:00:30.451,2,1.59,,512000000
2026-05-29 14:00:30.442,3,2,,512000000
2026-05-29 14:00:30.275,2,1.96,,512000000
2026-05-29 14:00:30.252,2,1.96,,512000000
2026-05-29 14:00:30.176,2,1.75,,512000000
2026-05-29 14:00:30.155,2,1.81,,512000000
2026-05-29 14:00:30.040,3,2.05,,512000000
2026-05-29 14:00:29.989,2,1.79,,512000000
2026-05-29 14:00:29.796,2,1.69,,512000000
2026-05-29 14:00:29.790,2,1.86,,512000000
2026-05-29 14:00:29.785,3,2.01,,512000000
2026-05-29 14:00:29.765,2,1.81,,512000000
2026-05-29 14:00:29.734,3,2.04,,512000000
2026-05-29 14:00:29.706,2,1.9,,512000000
2026-05-29 14:00:29.630,58,57.06,,512000000
2026-05-29 14:00:29.550,7,6.29,,512000000
2026-05-29 14:00:29.533,3,2.14,,512000000
2026-05-29 14:00:29.530,2,1.91,,512000000
2026-05-29 14:00:29.528,10,9.46,,512000000
2026-05-29 14:00:29.514,3,2.32,,512000000
2026-05-29 14:00:29.478,6,5.16,,512000000
2026-05-29 14:00:29.468,2,1.97,,512000000
2026-05-29 14:00:29.468,18,17.55,,512000000
2026-05-29 14:00:29.409,7,6.92,,512000000
2026-05-29 14:00:29.391,4,3.15,,512000000
2026-05-29 14:00:29.341,2,1.77,,512000000
2026-05-29 14:00:29.316,2,1.84,,512000000
2026-05-29 14:00:29.296,2,1.91,,512000000
2026-05-29 14:00:29.257,2,1.82,,512000000
2026-05-29 14:00:29.250,6,5.97,,512000000
2026-05-29 14:00:29.215,3,2.15,,512000000
2026-05-29 14:00:29.196,2,1.63,,512000000
2026-05-29 14:00:29.189,2,1.71,,512000000
2026-05-29 14:00:29.188,2,1.7,,512000000
2026-05-29 14:00:29.141,2,1.86,,512000000
2026-05-29 14:00:29.119,3,2.42,,512000000
2026-05-29 14:00:29.090,4,3.85,,512000000
2026-05-29 14:00:29.066,3,2.43,,512000000
2026-05-29 14:00:29.064,6,5.5,,512000000
2026-05-29 14:00:29.025,5,4.07,,512000000
2026-05-29 14:00:28.995,2,1.86,,512000000
2026-05-29 14:00:28.970,12,11.6,,512000000
2026-05-29 14:00:28.928,2,1.97,,512000000
2026-05-29 14:00:28.877,2,1.94,,512000000
2026-05-29 14:00:28.869,2,1.7,,512000000
2026-05-29 14:00:28.852,3,2.06,,512000000
2026-05-29 14:00:28.846,2,1.89,,512000000
2026-05-29 14:00:28.843,3,2.86,,512000000
2026-05-29 14:00:28.810,2,1.68,,512000000
2026-05-29 14:00:28.716,2,1.76,,512000000
2026-05-29 14:00:28.709,2,1.84,,512000000
2026-05-29 14:00:28.686,2,1.87,,512000000
2026-05-29 14:00:28.643,2,1.91,,512000000
2026-05-29 14:00:28.616,2,1.85,,512000000
2026-05-29 14:00:28.566,2,1.71,,512000000
2026-05-29 14:00:28.538,2,1.91,,512000000
2026-05-29 14:00:28.300,2,1.76,,512000000
2026-05-29 14:00:28.253,2,1.89,,512000000
2026-05-29 14:00:28.222,2,1.89,,512000000
2026-05-29 14:00:28.132,33,32.33,,512000000
2026-05-29 14:00:28.121,2,1.8,,512000000
2026-05-29 14:00:28.114,2,1.81,,512000000
2026-05-29 14:00:28.102,2,1.81,,512000000
2026-05-29 14:00:28.088,3,2.11,,512000000
2026-05-29 14:00:28.088,3,2.12,,512000000
2026-05-29 14:00:27.964,2,1.81,,512000000
2026-05-29 14:00:27.936,2,1.8,,512000000
2026-05-29 14:00:27.925,2,1.93,,512000000
2026-05-29 14:00:27.868,3,2.03,,512000000
2026-05-29 14:00:27.817,3,2.18,,512000000
2026-05-29 14:00:27.773,3,2.08,,512000000
2026-05-29 14:00:27.753,6,5.94,,512000000
2026-05-29 14:00:27.745,5,4.36,,512000000
2026-05-29 14:00:27.739,3,2.02,,512000000
2026-05-29 14:00:27.721,4,3.97,,512000000
2026-05-29 14:00:27.652,3,2.51,,512000000
2026-05-29 14:00:27.649,3,2.04,,512000000
2026-05-29 14:00:27.648,3,2.21,,512000000
2026-05-29 14:00:27.619,10,9.78,,512000000
2026-05-29 14:00:27.511,2,1.84,,512000000
2026-05-29 14:00:27.441,2,1.98,,512000000
2026-05-29 14:00:27.423,2,1.9,,512000000
2026-05-29 14:00:27.408,2,1.91,,512000000
2026-05-29 14:00:27.407,2,1.8,,512000000
2026-05-29 14:00:27.392,2,1.78,,512000000
2026-05-29 14:00:27.387,15,14.94,,512000000
2026-05-29 14:00:27.375,2,1.61,,512000000
2026-05-29 14:00:27.344,2,1.97,,512000000
2026-05-29 14:00:27.327,3,2,,512000000
2026-05-29 14:00:27.296,2,1.92,,512000000
2026-05-29 14:00:27.284,2,1.78,,512000000
2026-05-29 14:00:27.281,4,3.05,,512000000
2026-05-29 14:00:27.261,3,2.04,,512000000
2026-05-29 14:00:27.240,3,2.56,,512000000
2026-05-29 14:00:27.156,20,19.66,,512000000
2026-05-29 14:00:27.067,3,2.02,,512000000
2026-05-29 14:00:27.063,2,1.84,,512000000
2026-05-29 14:00:27.030,2,1.75,,512000000
2026-05-29 14:00:27.022,2,1.76,,512000000
2026-05-29 14:00:26.989,2,1.8,,512000000
2026-05-29 14:00:26.918,2,1.8,,512000000
2026-05-29 14:00:26.841,2,1.86,,512000000
2026-05-29 14:00:26.824,2,1.86,,512000000
2026-05-29 14:00:26.803,2,1.67,,512000000
2026-05-29 14:00:26.802,3,2.16,,512000000
2026-05-29 14:00:26.680,3,2.02,,512000000
2026-05-29 14:00:26.674,2,1.79,,512000000
2026-05-29 14:00:26.648,2,1.95,,512000000
2026-05-29 14:00:26.600,3,2.39,,512000000
2026-05-29 14:00:26.575,20,19.83,,512000000
2026-05-29 14:00:26.500,3,2.11,,512000000
2026-05-29 14:00:26.414,2,1.82,,512000000
2026-05-29 14:00:26.242,2,1.58,,512000000
2026-05-29 14:00:26.237,2,1.75,,512000000
2026-05-29 14:00:26.189,2,1.77,,512000000
2026-05-29 14:00:26.187,3,2.85,,512000000
2026-05-29 14:00:26.155,3,2.06,,512000000
2026-05-29 14:00:26.149,5,4.01,,512000000
2026-05-29 14:00:26.138,2,1.94,,512000000
2026-05-29 14:00:26.133,6,5.19,,512000000
2026-05-29 14:00:26.102,3,2.03,,512000000
2026-05-29 14:00:26.030,5,4.89,,512000000
2026-05-29 14:00:26.026,2,1.72,,512000000
2026-05-29 14:00:26.008,6,5.33,,512000000
2026-05-29 14:00:25.996,2,1.97,,512000000
2026-05-29 14:00:25.994,3,2.76,,512000000
2026-05-29 14:00:25.980,2,1.83,,512000000
2026-05-29 14:00:25.968,2,1.57,,512000000
2026-05-29 14:00:25.965,2,1.89,,512000000
2026-05-29 14:00:25.855,3,2.22,,512000000
2026-05-29 14:00:25.800,2,1.82,,512000000
2026-05-29 14:00:25.779,6,5.71,,512000000
2026-05-29 14:00:25.775,6,5.76,,512000000
2026-05-29 14:00:25.767,2,1.89,,512000000
2026-05-29 14:00:25.761,3,2.54,,512000000
2026-05-29 14:00:25.717,3,2.23,,512000000
2026-05-29 14:00:25.699,3,2.12,,512000000
2026-05-29 14:00:25.653,3,2.1,,512000000
2026-05-29 14:00:25.637,2,1.89,,512000000
2026-05-29 14:00:25.616,2,1.74,,512000000
2026-05-29 14:00:25.577,2,1.87,,512000000
2026-05-29 14:00:25.536,2,1.93,,512000000
2026-05-29 14:00:25.495,2,1.73,,512000000
2026-05-29 14:00:25.493,15,14.09,,512000000
2026-05-29 14:00:25.454,2,1.76,,512000000
2026-05-29 14:00:25.315,8,7.61,,512000000
2026-05-29 14:00:25.301,3,2.02,,512000000
2026-05-29 14:00:25.277,4,3.9,,512000000
2026-05-29 14:00:25.236,2,1.91,,512000000
2026-05-29 14:00:25.234,2,1.71,,512000000
2026-05-29 14:00:25.174,2,1.82,,512000000
2026-05-29 14:00:25.083,3,2.06,,512000000
2026-05-29 14:00:25.075,21,20.52,,512000000
2026-05-29 14:00:25.041,2,1.78,,512000000
2026-05-29 14:00:25.036,4,3.4,,512000000
2026-05-29 14:00:25.015,2,1.72,,512000000
2026-05-29 14:00:24.974,14,13.91,,512000000
2026-05-29 14:00:24.955,2,1.95,,512000000
2026-05-29 14:00:24.928,5,4.04,,512000000
2026-05-29 14:00:24.915,2,1.74,,512000000
2026-05-29 14:00:24.861,3,2.04,,512000000
2026-05-29 14:00:24.815,2,1.92,,512000000
2026-05-29 14:00:24.802,2,1.66,,512000000
2026-05-29 14:00:24.735,2,1.85,,512000000
2026-05-29 14:00:24.725,3,2.31,,512000000
2026-05-29 14:00:24.720,2,1.53,,512000000
2026-05-29 14:00:24.677,2,1.8,,512000000
2026-05-29 14:00:24.674,3,2.65,,512000000
2026-05-29 14:00:24.615,54,53.65,,512000000
2026-05-29 14:00:24.576,3,2.01,,512000000
2026-05-29 14:00:24.489,2,1.75,,512000000
2026-05-29 14:00:24.385,4,3.15,,512000000
2026-05-29 14:00:24.355,3,2.19,,512000000
2026-05-29 14:00:24.322,2,1.79,,512000000
2026-05-29 14:00:24.291,3,2.04,,512000000
2026-05-29 14:00:24.265,3,2.29,,512000000
2026-05-29 14:00:24.205,2,1.94,,512000000
2026-05-29 14:00:24.189,10,9.55,,512000000
2026-05-29 14:00:24.173,3,2.03,,512000000
2026-05-29 14:00:24.163,3,2.31,,512000000
2026-05-29 14:00:24.059,2,1.97,,512000000
2026-05-29 14:00:24.038,3,2.11,,512000000
2026-05-29 14:00:24.029,6,5.97,,512000000
2026-05-29 14:00:24.017,10,9.21,,512000000
2026-05-29 14:00:24.015,2,1.83,,512000000
2026-05-29 14:00:23.997,11,10.04,,512000000
2026-05-29 14:00:23.976,2,1.92,,512000000
2026-05-29 14:00:23.965,2,1.85,,512000000
2026-05-29 14:00:23.963,5,4.83,,512000000
2026-05-29 14:00:23.941,3,2.71,,512000000
2026-05-29 14:00:23.920,3,2.89,,512000000
2026-05-29 14:00:23.898,17,16.23,,512000000
2026-05-29 14:00:23.839,3,2.12,,512000000
2026-05-29 14:00:23.807,2,1.59,,512000000
2026-05-29 14:00:23.733,7,6.81,,512000000
2026-05-29 14:00:23.698,3,2.23,,512000000
2026-05-29 14:00:23.610,2,1.9,,512000000
2026-05-29 14:00:23.602,2,1.78,,512000000
2026-05-29 14:00:23.590,2,1.87,,512000000
2026-05-29 14:00:23.571,2,1.93,,512000000
2026-05-29 14:00:23.532,2,1.6,,512000000
2026-05-29 14:00:23.522,8,7.82,,512000000
2026-05-29 14:00:23.502,2,1.79,,512000000
2026-05-29 14:00:23.487,2,1.84,,512000000
2026-05-29 14:00:23.481,2,1.76,,512000000
2026-05-29 14:00:23.447,6,5.8,,512000000
2026-05-29 14:00:23.446,3,2.02,,512000000
2026-05-29 14:00:23.393,33,32.55,,512000000
2026-05-29 14:00:23.393,2,1.62,,512000000
2026-05-29 14:00:23.303,3,2.95,,512000000
2026-05-29 14:00:23.259,8,7.36,,512000000
2026-05-29 14:00:23.215,6,5.05,,512000000
2026-05-29 14:00:23.164,2,1.71,,512000000
2026-05-29 14:00:23.157,2,1.74,,512000000
2026-05-29 14:00:23.154,6,5.47,,512000000
2026-05-29 14:00:23.153,8,7.16,,512000000
2026-05-29 14:00:23.138,2,1.62,,512000000
2026-05-29 14:00:23.127,2,1.65,,512000000
2026-05-29 14:00:23.101,3,2.03,,512000000
2026-05-29 14:00:23.041,2,1.78,,512000000
2026-05-29 14:00:22.994,2,1.97,,512000000
2026-05-29 14:00:22.959,3,2.85,,512000000
2026-05-29 14:00:22.880,2,1.87,,512000000
2026-05-29 14:00:22.760,2,1.9,,512000000
2026-05-29 14:00:22.717,3,2.1,,512000000
2026-05-29 14:00:22.710,12,11.75,,512000000
2026-05-29 14:00:22.692,2,1.77,,512000000
2026-05-29 14:00:22.671,3,2.06,,512000000
2026-05-29 14:00:22.619,2,1.81,,512000000
2026-05-29 14:00:22.608,5,4.17,,512000000
2026-05-29 14:00:22.500,2,1.93,,512000000
2026-05-29 14:00:22.428,3,2.05,,512000000
2026-05-29 14:00:22.399,3,2.13,,512000000
2026-05-29 14:00:22.366,4,3.4,,512000000
2026-05-29 14:00:22.309,3,2.01,,512000000
2026-05-29 14:00:22.233,2,1.79,,512000000
2026-05-29 14:00:22.229,2,1.75,,512000000
2026-05-29 14:00:22.210,2,1.82,,512000000
2026-05-29 14:00:22.147,3,2.63,,512000000
2026-05-29 14:00:22.121,3,2.03,,512000000
2026-05-29 14:00:22.096,2,1.78,,512000000
2026-05-29 14:00:22.052,3,2.01,,512000000
2026-05-29 14:00:22.024,2,1.69,,512000000
2026-05-29 14:00:22.009,2,1.86,,512000000
2026-05-29 14:00:22.007,3,2.02,,512000000
2026-05-29 14:00:21.944,3,2.55,,512000000
2026-05-29 14:00:21.882,2,1.97,,512000000
2026-05-29 14:00:21.823,2,1.68,,512000000
2026-05-29 14:00:21.799,2,1.95,,512000000
2026-05-29 14:00:21.794,6,5.42,,512000000
2026-05-29 14:00:21.781,2,1.73,,512000000
2026-05-29 14:00:21.773,2,1.9,,512000000
2026-05-29 14:00:21.763,3,2.22,,512000000
2026-05-29 14:00:21.750,13,12.17,,512000000
2026-05-29 14:00:21.730,14,13.23,,512000000
2026-05-29 14:00:21.694,2,1.94,,512000000
2026-05-29 14:00:21.693,21,20.89,,512000000
2026-05-29 14:00:21.642,3,2.88,,512000000
2026-05-29 14:00:21.609,3,2.25,,512000000
2026-05-29 14:00:21.578,2,1.65,,512000000
2026-05-29 14:00:21.566,2,1.92,,512000000
2026-05-29 14:00:21.547,7,6.32,,512000000
2026-05-29 14:00:21.540,2,1.73,,512000000
2026-05-29 14:00:21.530,2,1.89,,512000000
2026-05-29 14:00:21.524,5,4.82,,512000000
2026-05-29 14:00:21.490,10,9.18,,512000000
2026-05-29 14:00:21.472,2,1.87,,512000000
2026-05-29 14:00:21.460,2,1.76,,512000000
2026-05-29 14:00:21.415,2,1.85,,512000000
2026-05-29 14:00:21.409,3,2.14,,512000000
2026-05-29 14:00:21.368,3,2.12,,512000000
2026-05-29 14:00:21.334,5,4.2,,512000000
2026-05-29 14:00:21.330,2,1.94,,512000000
2026-05-29 14:00:21.317,2,1.78,,512000000
2026-05-29 14:00:21.314,15,14.35,,512000000
2026-05-29 14:00:21.245,2,1.97,,512000000
2026-05-29 14:00:21.192,3,2.02,,512000000
2026-05-29 14:00:21.188,2,1.99,,512000000
2026-05-29 14:00:21.142,2,1.91,,512000000
2026-05-29 14:00:21.105,2,1.84,,512000000
2026-05-29 14:00:21.104,2,1.8,,512000000
2026-05-29 14:00:21.049,19,18.31,,512000000
2026-05-29 14:00:20.950,3,2.55,,512000000
2026-05-29 14:00:20.949,2,1.69,,512000000
2026-05-29 14:00:20.806,2,1.71,,512000000
2026-05-29 14:00:20.788,2,1.81,,512000000
2026-05-29 14:00:20.774,3,2.17,,512000000
2026-05-29 14:00:20.765,2,1.85,,512000000
2026-05-29 14:00:20.730,2,1.93,,512000000
2026-05-29 14:00:20.729,46,45.38,,512000000
2026-05-29 14:00:20.703,2,1.78,,512000000
2026-05-29 14:00:20.581,4,3.95,,512000000
2026-05-29 14:00:20.531,21,20.25,,512000000
2026-05-29 14:00:20.515,2,1.9,,512000000
2026-05-29 14:00:20.515,11,10.07,,512000000
2026-05-29 14:00:20.450,27,26.89,,512000000
2026-05-29 14:00:20.412,2,1.63,,512000000
2026-05-29 14:00:20.320,3,2.34,,512000000
2026-05-29 14:00:20.318,3,2.01,,512000000
2026-05-29 14:00:20.307,2,1.84,,512000000
2026-05-29 14:00:20.273,4,3.62,,512000000
2026-05-29 14:00:20.270,2,1.55,,512000000
2026-05-29 14:00:20.266,3,2.12,,512000000
2026-05-29 14:00:20.259,2,1.83,,512000000
2026-05-29 14:00:20.242,2,1.73,,512000000
2026-05-29 14:00:20.142,3,2,,512000000
2026-05-29 14:00:20.128,2,1.64,,512000000
2026-05-29 14:00:20.100,2,1.94,,512000000
2026-05-29 14:00:20.097,2,1.85,,512000000
2026-05-29 14:00:20.080,2,1.85,,512000000
2026-05-29 14:00:20.066,2,1.96,,512000000
2026-05-29 14:00:20.065,2,1.96,,512000000
2026-05-29 14:00:20.025,2,1.77,,512000000
2026-05-29 14:00:20.000,2,1.71,,512000000
2026-05-29 14:00:19.937,3,2.13,,512000000
2026-05-29 14:00:19.934,9,8.43,,512000000
2026-05-29 14:00:19.804,2,1.67,,512000000
2026-05-29 14:00:19.745,3,2.02,,512000000
2026-05-29 14:00:19.690,2,1.81,,512000000
2026-05-29 14:00:19.670,3,2.53,,512000000
2026-05-29 14:00:19.655,2,1.73,,512000000
2026-05-29 14:00:19.641,2,1.99,,512000000
2026-05-29 14:00:19.616,2,1.78,,512000000
2026-05-29 14:00:19.605,2,1.82,,512000000
2026-05-29 14:00:19.542,3,2.06,,512000000
2026-05-29 14:00:19.516,2,1.85,,512000000
2026-05-29 14:00:19.514,4,3.14,,512000000
2026-05-29 14:00:19.503,2,1.97,,512000000
2026-05-29 14:00:19.501,3,2.54,,512000000
2026-05-29 14:00:19.389,3,2.16,,512000000
2026-05-29 14:00:19.362,4,3.22,,512000000
2026-05-29 14:00:19.332,13,12.46,,512000000
2026-05-29 14:00:19.309,2,1.8,,512000000
2026-05-29 14:00:19.222,2,1.81,,512000000
2026-05-29 14:00:19.158,3,2.11,,512000000
2026-05-29 14:00:19.115,2,1.69,,512000000
2026-05-29 14:00:19.019,2,1.72,,512000000
2026-05-29 14:00:18.987,2,1.88,,512000000
2026-05-29 14:00:18.935,2,1.86,,512000000
2026-05-29 14:00:18.916,2,1.78,,512000000
2026-05-29 14:00:18.868,7,6.32,,512000000
2026-05-29 14:00:18.839,2,1.85,,512000000
2026-05-29 14:00:18.823,2,1.96,,512000000
2026-05-29 14:00:18.820,3,2.01,,512000000
2026-05-29 14:00:18.774,18,17.82,,512000000
2026-05-29 14:00:18.758,3,2.04,,512000000
2026-05-29 14:00:18.757,3,2.05,,512000000
2026-05-29 14:00:18.748,2,1.97,,512000000
2026-05-29 14:00:18.733,8,7.95,,512000000
2026-05-29 14:00:18.715,2,1.83,,512000000
2026-05-29 14:00:18.711,4,3.01,,512000000
2026-05-29 14:00:18.705,2,1.78,,512000000
2026-05-29 14:00:18.690,8,7.36,,512000000
2026-05-29 14:00:18.687,2,1.73,,512000000
2026-05-29 14:00:18.648,2,1.76,,512000000
2026-05-29 14:00:18.606,2,1.88,,512000000
2026-05-29 14:00:18.600,2,1.89,,512000000
2026-05-29 14:00:18.534,2,1.9,,512000000
2026-05-29 14:00:18.516,2,1.71,,512000000
2026-05-29 14:00:18.416,2,1.74,,512000000
2026-05-29 14:00:18.410,2,1.97,,512000000
2026-05-29 14:00:18.339,2,1.81,,512000000
2026-05-29 14:00:18.336,2,1.7,,512000000
2026-05-29 14:00:18.327,2,1.74,,512000000
2026-05-29 14:00:18.269,3,2.05,,512000000
2026-05-29 14:00:18.205,2,1.69,,512000000
2026-05-29 14:00:18.164,2,1.64,,512000000
2026-05-29 14:00:18.086,2,1.7,,512000000
2026-05-29 14:00:18.069,2,1.92,,512000000
2026-05-29 14:00:18.024,2,1.91,,512000000
2026-05-29 14:00:17.955,2,1.75,,512000000
2026-05-29 14:00:17.949,10,9.88,,512000000
2026-05-29 14:00:17.908,2,1.77,,512000000
2026-05-29 14:00:17.869,3,2.79,,512000000
2026-05-29 14:00:17.846,3,2.07,,512000000
2026-05-29 14:00:17.772,15,14.3,,512000000
2026-05-29 14:00:17.753,2,1.8,,512000000
2026-05-29 14:00:17.730,23,22.87,,512000000
2026-05-29 14:00:17.710,2,1.88,,512000000
2026-05-29 14:00:17.689,3,2.24,,512000000
2026-05-29 14:00:17.669,27,26.06,,512000000
2026-05-29 14:00:17.659,2,1.73,,512000000
2026-05-29 14:00:17.622,2,1.58,,512000000
2026-05-29 14:00:17.621,2,1.84,,512000000
2026-05-29 14:00:17.556,2,1.68,,512000000
2026-05-29 14:00:17.529,18,17.31,,512000000
2026-05-29 14:00:17.467,2,1.55,,512000000
2026-05-29 14:00:17.454,2,1.68,,512000000
2026-05-29 14:00:17.445,2,1.71,,512000000
2026-05-29 14:00:17.400,3,2.38,,512000000
2026-05-29 14:00:17.373,12,11.79,,512000000
2026-05-29 14:00:17.367,3,2.12,,512000000
2026-05-29 14:00:17.364,2,1.78,,512000000
2026-05-29 14:00:17.356,2,1.76,,512000000
2026-05-29 14:00:17.314,2,1.89,,512000000
2026-05-29 14:00:17.294,7,6.54,,512000000
2026-05-29 14:00:17.286,2,1.89,,512000000
2026-05-29 14:00:17.276,4,3.21,,512000000
2026-05-29 14:00:17.254,3,2.06,,512000000
2026-05-29 14:00:17.234,2,1.92,,512000000
2026-05-29 14:00:17.215,29,28.73,,512000000
2026-05-29 14:00:17.068,2,1.8,,512000000
2026-05-29 14:00:17.052,2,1.67,,512000000
2026-05-29 14:00:17.026,3,2.06,,512000000
2026-05-29 14:00:17.024,3,2.74,,512000000
2026-05-29 14:00:16.996,2,1.9,,512000000
2026-05-29 14:00:16.978,3,2.43,,512000000
2026-05-29 14:00:16.962,2,1.94,,512000000
2026-05-29 14:00:16.910,24,23.61,,512000000
2026-05-29 14:00:16.861,3,2.81,,512000000
2026-05-29 14:00:16.858,2,1.9,,512000000
2026-05-29 14:00:16.773,9,8.21,,512000000
2026-05-29 14:00:16.713,16,15.1,,512000000
2026-05-29 14:00:16.691,2,1.77,,512000000
2026-05-29 14:00:16.625,2,1.72,,512000000
2026-05-29 14:00:16.572,2,1.66,,512000000
2026-05-29 14:00:16.550,12,11.26,,512000000
2026-05-29 14:00:16.483,2,1.78,,512000000
2026-05-29 14:00:16.473,2,1.71,,512000000
2026-05-29 14:00:16.433,5,4.99,,512000000
2026-05-29 14:00:16.411,2,1.73,,512000000
2026-05-29 14:00:16.360,2,1.95,,512000000
2026-05-29 14:00:16.343,2,1.84,,512000000
2026-05-29 14:00:16.316,2,1.71,,512000000
2026-05-29 14:00:16.312,2,1.83,,512000000
2026-05-29 14:00:16.189,34,33.73,,512000000
2026-05-29 14:00:16.133,3,2.06,,512000000
2026-05-29 14:00:16.121,2,1.82,,512000000
2026-05-29 14:00:16.014,2,1.95,,512000000
2026-05-29 14:00:15.993,2,1.85,,512000000
2026-05-29 14:00:15.967,2,1.91,,512000000
2026-05-29 14:00:15.954,2,1.96,,512000000
2026-05-29 14:00:15.952,2,1.64,,512000000
2026-05-29 14:00:15.919,2,1.96,,512000000
2026-05-29 14:00:15.899,18,17.79,,512000000
2026-05-29 14:00:15.840,2,1.6,,512000000
2026-05-29 14:00:15.833,3,2.11,,512000000
2026-05-29 14:00:15.831,2,1.76,,512000000
2026-05-29 14:00:15.789,2,1.95,,512000000
2026-05-29 14:00:15.746,2,1.93,,512000000
2026-05-29 14:00:15.743,3,2.12,,512000000
2026-05-29 14:00:15.723,4,3.2,,512000000
2026-05-29 14:00:15.722,3,2.21,,512000000
2026-05-29 14:00:15.692,2,1.76,,512000000
2026-05-29 14:00:15.653,2,1.71,,512000000
2026-05-29 14:00:15.642,2,1.78,,512000000
2026-05-29 14:00:15.641,4,3.71,,512000000
2026-05-29 14:00:15.620,2,1.93,,512000000
2026-05-29 14:00:15.620,2,1.68,,512000000
2026-05-29 14:00:15.594,2,1.77,,512000000
2026-05-29 14:00:15.594,3,2.23,,512000000
2026-05-29 14:00:15.587,3,2.2,,512000000
2026-05-29 14:00:15.566,2,1.77,,512000000
2026-05-29 14:00:15.502,2,1.71,,512000000
2026-05-29 14:00:15.391,2,1.96,,512000000
2026-05-29 14:00:15.274,4,3.36,,512000000
2026-05-29 14:00:15.261,2,1.83,,512000000
2026-05-29 14:00:15.229,2,1.79,,512000000
2026-05-29 14:00:15.135,20,19.95,,512000000
2026-05-29 14:00:15.099,10,9.21,,512000000
2026-05-29 14:00:15.067,3,2.74,,512000000
2026-05-29 14:00:15.023,5,4.98,,512000000
2026-05-29 14:00:15.003,3,2.28,,512000000
2026-05-29 14:00:14.982,2,1.74,,512000000
2026-05-29 14:00:14.945,3,2.89,,512000000
2026-05-29 14:00:14.863,2,1.85,,512000000
2026-05-29 14:00:14.849,2,1.98,,512000000
2026-05-29 14:00:14.736,3,2.29,,512000000
2026-05-29 14:00:14.647,3,2.28,,512000000
2026-05-29 14:00:14.621,2,1.9,,512000000
2026-05-29 14:00:14.586,2,1.86,,512000000
2026-05-29 14:00:14.549,9,8.1,,512000000
2026-05-29 14:00:14.534,6,5.42,,512000000
2026-05-29 14:00:14.530,8,7.85,,512000000
2026-05-29 14:00:14.522,3,2.18,,512000000
2026-05-29 14:00:14.520,2,1.8,,512000000
2026-05-29 14:00:14.499,3,2,,512000000
2026-05-29 14:00:14.475,3,2.13,,512000000
2026-05-29 14:00:14.394,3,2.45,,512000000
2026-05-29 14:00:14.371,53,52.2,,512000000
2026-05-29 14:00:14.345,3,2.16,,512000000
2026-05-29 14:00:14.344,3,2.12,,512000000
2026-05-29 14:00:14.328,2,1.97,,512000000
2026-05-29 14:00:14.270,3,2.49,,512000000
2026-05-29 14:00:14.254,3,2.21,,512000000
2026-05-29 14:00:14.140,5,4.27,,512000000
2026-05-29 14:00:14.060,3,2.81,,512000000
2026-05-29 14:00:14.033,4,3.56,,512000000
2026-05-29 14:00:14.033,10,9.27,,512000000
2026-05-29 14:00:14.017,14,13.67,,512000000
2026-05-29 14:00:13.989,34,33.04,,512000000
2026-05-29 14:00:13.983,3,2.23,,512000000
2026-05-29 14:00:13.964,2,1.96,,512000000
2026-05-29 14:00:13.961,2,1.69,,512000000
2026-05-29 14:00:13.947,2,1.92,,512000000
2026-05-29 14:00:13.900,2,1.83,,512000000
2026-05-29 14:00:13.888,2,1.94,,512000000
2026-05-29 14:00:13.872,2,1.96,,512000000
2026-05-29 14:00:13.864,2,1.62,,512000000
2026-05-29 14:00:13.770,22,21.05,,512000000
2026-05-29 14:00:13.762,3,2.04,,512000000
2026-05-29 14:00:13.705,3,2.44,,512000000
2026-05-29 14:00:13.694,18,17.38,,512000000
2026-05-29 14:00:13.656,2,1.66,,512000000
2026-05-29 14:00:13.588,2,1.61,,512000000
2026-05-29 14:00:13.553,3,2.14,,512000000
2026-05-29 14:00:13.549,2,1.86,,512000000
2026-05-29 14:00:13.512,3,2.04,,512000000
2026-05-29 14:00:13.470,2,1.83,,512000000
2026-05-29 14:00:13.447,2,1.88,,512000000
2026-05-29 14:00:13.336,3,2.09,,512000000
2026-05-29 14:00:13.328,3,2.56,,512000000
2026-05-29 14:00:13.273,11,10.71,,512000000
2026-05-29 14:00:13.265,3,2.06,,512000000
2026-05-29 14:00:13.213,2,1.95,,512000000
2026-05-29 14:00:13.165,3,2.74,,512000000
2026-05-29 14:00:13.081,5,4.5,,512000000
2026-05-29 14:00:13.025,5,4.51,,512000000
2026-05-29 14:00:13.019,3,2.29,,512000000
2026-05-29 14:00:13.018,2,1.84,,512000000
2026-05-29 14:00:13.011,2,1.84,,512000000
2026-05-29 14:00:13.005,4,3.42,,512000000
2026-05-29 14:00:12.955,16,15.52,,512000000
2026-05-29 14:00:12.944,3,2.54,,512000000
2026-05-29 14:00:12.825,5,4.74,,512000000
2026-05-29 14:00:12.818,9,8.03,,512000000
2026-05-29 14:00:12.794,5,4.91,,512000000
2026-05-29 14:00:12.777,2,1.92,,512000000
2026-05-29 14:00:12.691,2,1.87,,512000000
2026-05-29 14:00:12.675,4,3.16,,512000000
2026-05-29 14:00:12.615,18,17.48,,512000000
2026-05-29 14:00:12.606,5,4.28,,512000000
2026-05-29 14:00:12.603,3,2.25,,512000000
2026-05-29 14:00:12.549,3,2.06,,512000000
2026-05-29 14:00:12.503,2,1.97,,512000000
2026-05-29 14:00:12.454,13,12.96,,512000000
2026-05-29 14:00:12.448,2,1.91,,512000000
2026-05-29 14:00:12.442,21,20.84,,512000000
2026-05-29 14:00:12.437,3,2.44,,512000000
2026-05-29 14:00:12.378,8,7.22,,512000000
2026-05-29 14:00:12.373,3,2.13,,512000000
2026-05-29 14:00:12.355,3,2.35,,512000000
2026-05-29 14:00:12.347,3,2.34,,512000000
2026-05-29 14:00:12.316,3,2.59,,512000000
2026-05-29 14:00:12.314,10,9.24,,512000000
2026-05-29 14:00:12.295,3,2.13,,512000000
2026-05-29 14:00:12.289,3,2.56,,512000000
2026-05-29 14:00:12.254,32,31.22,,512000000
2026-05-29 14:00:12.253,18,17.15,,512000000
2026-05-29 14:00:12.219,2,1.87,,512000000
2026-05-29 14:00:12.146,6,5.09,,512000000
2026-05-29 14:00:12.056,18,17.14,,512000000
2026-05-29 14:00:12.033,6,5.46,,512000000
2026-05-29 14:00:12.020,7,6.33,,512000000
2026-05-29 14:00:11.973,2,1.75,,512000000
2026-05-29 14:00:11.965,3,2.11,,512000000
2026-05-29 14:00:11.844,2,1.98,,512000000
2026-05-29 14:00:11.798,3,2.34,,512000000
2026-05-29 14:00:11.760,2,1.89,,512000000
2026-05-29 14:00:11.755,27,26.29,,512000000
2026-05-29 14:00:11.726,2,1.95,,512000000
2026-05-29 14:00:11.722,4,3.36,,512000000
2026-05-29 14:00:11.681,2,1.78,,512000000
2026-05-29 14:00:11.639,2,1.96,,512000000
2026-05-29 14:00:11.559,2,1.59,,512000000
2026-05-29 14:00:11.557,3,2.95,,512000000
2026-05-29 14:00:11.491,13,12.63,,512000000
2026-05-29 14:00:11.489,2,1.92,,512000000
2026-05-29 14:00:11.487,2,1.6,,512000000
2026-05-29 14:00:11.415,2,1.98,,512000000
2026-05-29 14:00:11.359,3,2.55,,512000000
2026-05-29 14:00:11.340,2,1.84,,512000000
2026-05-29 14:00:11.324,2,1.9,,512000000
2026-05-29 14:00:11.253,3,2.31,,512000000
2026-05-29 14:00:11.250,2,1.7,,512000000
2026-05-29 14:00:11.245,2,1.86,,512000000
2026-05-29 14:00:11.135,2,1.65,,512000000
2026-05-29 14:00:11.115,6,5.66,,512000000
2026-05-29 14:00:11.079,7,6.05,,512000000
2026-05-29 14:00:11.072,2,1.91,,512000000
2026-05-29 14:00:11.041,2,1.74,,512000000
2026-05-29 14:00:11.023,3,2.05,,512000000
2026-05-29 14:00:11.005,2,1.91,,512000000
2026-05-29 14:00:10.995,2,1.9,,512000000
2026-05-29 14:00:10.931,3,2.2,,512000000
2026-05-29 14:00:10.927,6,5.98,,512000000
2026-05-29 14:00:10.834,12,11.04,,512000000
2026-05-29 14:00:10.830,3,2.04,,512000000
2026-05-29 14:00:10.815,5,4.5,,512000000
2026-05-29 14:00:10.797,35,34.36,,512000000
2026-05-29 14:00:10.756,6,5.96,,512000000
2026-05-29 14:00:10.687,2,1.82,,512000000
2026-05-29 14:00:10.674,2,1.82,,512000000
2026-05-29 14:00:10.670,2,1.8,,512000000
2026-05-29 14:00:10.608,2,1.83,,512000000
2026-05-29 14:00:10.603,3,2.05,,512000000
2026-05-29 14:00:10.557,2,1.88,,512000000
2026-05-29 14:00:10.506,3,2.44,,512000000
2026-05-29 14:00:10.480,2,1.75,,512000000
2026-05-29 14:00:10.477,2,1.73,,512000000
2026-05-29 14:00:10.464,3,2.18,,512000000
2026-05-29 14:00:10.462,2,1.89,,512000000
2026-05-29 14:00:10.450,3,2.12,,512000000
2026-05-29 14:00:10.448,2,1.77,,512000000
2026-05-29 14:00:10.402,2,1.87,,512000000
2026-05-29 14:00:10.374,2,1.6,,512000000
2026-05-29 14:00:10.231,2,1.75,,512000000
2026-05-29 14:00:10.201,3,2.2,,512000000
2026-05-29 14:00:10.193,5,4.6,,512000000
2026-05-29 14:00:10.176,2,1.74,,512000000
2026-05-29 14:00:10.170,2,1.86,,512000000
2026-05-29 14:00:10.040,3,2.14,,512000000
2026-05-29 14:00:09.974,3,2.15,,512000000
2026-05-29 14:00:09.957,2,1.88,,512000000
2026-05-29 14:00:09.901,2,1.67,,512000000
2026-05-29 14:00:09.896,3,2,,512000000
2026-05-29 14:00:09.843,3,2.27,,512000000
2026-05-29 14:00:09.792,2,1.86,,512000000
2026-05-29 14:00:09.759,2,1.72,,512000000
2026-05-29 14:00:09.747,2,1.7,,512000000
2026-05-29 14:00:09.683,2,1.78,,512000000
2026-05-29 14:00:09.664,2,1.88,,512000000
2026-05-29 14:00:09.641,3,2.01,,512000000
2026-05-29 14:00:09.637,2,1.8,,512000000
2026-05-29 14:00:09.603,2,1.88,,512000000
2026-05-29 14:00:09.597,2,1.7,,512000000
2026-05-29 14:00:09.519,3,2.35,,512000000
2026-05-29 14:00:09.503,2,1.64,,512000000
2026-05-29 14:00:09.502,2,1.66,,512000000
2026-05-29 14:00:09.491,3,2.47,,512000000
2026-05-29 14:00:09.448,2,1.82,,512000000
2026-05-29 14:00:09.400,2,1.78,,512000000
2026-05-29 14:00:09.396,2,1.94,,512000000
2026-05-29 14:00:09.384,2,1.79,,512000000
2026-05-29 14:00:09.354,2,1.92,,512000000
2026-05-29 14:00:09.312,2,1.81,,512000000
2026-05-29 14:00:09.236,2,1.76,,512000000
2026-05-29 14:00:09.214,15,14.68,,512000000
2026-05-29 14:00:09.165,2,1.84,,512000000
2026-05-29 14:00:09.092,2,1.79,,512000000
2026-05-29 14:00:09.090,11,10.58,,512000000
2026-05-29 14:00:09.054,2,1.71,,512000000
2026-05-29 14:00:09.024,2,1.97,,512000000
2026-05-29 14:00:09.010,2,1.78,,512000000
2026-05-29 14:00:08.997,2,1.83,,512000000
2026-05-29 14:00:08.942,4,3.96,,512000000
2026-05-29 14:00:08.928,2,1.66,,512000000
2026-05-29 14:00:08.887,3,2.12,,512000000
2026-05-29 14:00:08.866,2,1.82,,512000000
2026-05-29 14:00:08.836,2,1.73,,512000000
2026-05-29 14:00:08.814,2,1.71,,512000000
2026-05-29 14:00:08.724,2,1.96,,512000000
2026-05-29 14:00:08.696,3,2.3,,512000000
2026-05-29 14:00:08.647,3,2.09,,512000000
2026-05-29 14:00:08.584,3,2.04,,512000000
2026-05-29 14:00:08.573,4,3.98,,512000000
2026-05-29 14:00:08.562,2,1.89,,512000000
2026-05-29 14:00:08.531,2,1.98,,512000000
2026-05-29 14:00:08.508,2,1.99,,512000000
2026-05-29 14:00:08.505,7,6.91,,512000000
2026-05-29 14:00:08.475,3,2.16,,512000000
2026-05-29 14:00:08.454,2,1.64,,512000000
2026-05-29 14:00:08.411,2,1.78,,512000000
2026-05-29 14:00:08.242,2,1.94,,512000000
2026-05-29 14:00:08.233,24,23.35,,512000000
2026-05-29 14:00:08.215,2,1.74,,512000000
2026-05-29 14:00:08.183,2,1.68,,512000000
2026-05-29 14:00:08.171,3,2.77,,512000000
2026-05-29 14:00:08.129,3,2.35,,512000000
2026-05-29 14:00:08.119,2,1.93,,512000000
2026-05-29 14:00:08.114,26,25.9,,512000000
2026-05-29 14:00:08.110,3,2,,512000000
2026-05-29 14:00:07.983,2,1.9,,512000000
2026-05-29 14:00:07.974,3,2.29,,512000000
2026-05-29 14:00:07.963,3,2.53,,512000000
2026-05-29 14:00:07.935,5,4.26,,512000000
2026-05-29 14:00:07.833,2,1.73,,512000000
2026-05-29 14:00:07.815,18,17.47,,512000000
2026-05-29 14:00:07.803,2,1.71,,512000000
2026-05-29 14:00:07.713,2,1.69,,512000000
2026-05-29 14:00:07.671,3,2.11,,512000000
2026-05-29 14:00:07.669,2,1.7,,512000000
2026-05-29 14:00:07.635,2,1.61,,512000000
2026-05-29 14:00:07.563,3,2.6,,512000000
2026-05-29 14:00:07.562,3,2.26,,512000000
2026-05-29 14:00:07.554,49,48.11,,512000000
2026-05-29 14:00:07.500,2,1.89,,512000000
2026-05-29 14:00:07.452,2,1.87,,512000000
2026-05-29 14:00:07.388,2,1.89,,512000000
2026-05-29 14:00:07.374,7,6.05,,512000000
2026-05-29 14:00:07.357,2,1.71,,512000000
2026-05-29 14:00:07.305,3,2.28,,512000000
2026-05-29 14:00:07.276,3,2.15,,512000000
2026-05-29 14:00:07.272,4,3.96,,512000000
2026-05-29 14:00:07.257,3,2.22,,512000000
2026-05-29 14:00:07.244,2,1.99,,512000000
2026-05-29 14:00:07.243,2,1.75,,512000000
2026-05-29 14:00:07.214,3,2.17,,512000000
2026-05-29 14:00:07.182,3,2.72,,512000000
2026-05-29 14:00:07.156,3,2.18,,512000000
2026-05-29 14:00:07.145,8,7.46,,512000000
2026-05-29 14:00:07.124,4,3.69,,512000000
2026-05-29 14:00:07.095,8,7.06,,512000000
2026-05-29 14:00:07.082,2,1.79,,512000000
2026-05-29 14:00:07.054,2,1.82,,512000000
2026-05-29 14:00:07.053,6,5.74,,512000000
2026-05-29 14:00:07.000,2,1.71,,512000000
2026-05-29 14:00:06.987,2,1.97,,512000000
2026-05-29 14:00:06.955,2,1.79,,512000000
2026-05-29 14:00:06.925,2,1.71,,512000000
2026-05-29 14:00:06.824,2,1.68,,512000000
2026-05-29 14:00:06.819,2,1.82,,512000000
2026-05-29 14:00:06.818,8,7.93,,512000000
2026-05-29 14:00:06.713,4,3.59,,512000000
2026-05-29 14:00:06.709,2,1.83,,512000000
2026-05-29 14:00:06.664,3,2.44,,512000000
2026-05-29 14:00:06.650,2,1.72,,512000000
2026-05-29 14:00:06.546,2,1.76,,512000000
2026-05-29 14:00:06.535,3,2.08,,512000000
2026-05-29 14:00:06.485,3,2.38,,512000000
2026-05-29 14:00:06.459,2,1.93,,512000000
2026-05-29 14:00:06.455,2,1.82,,512000000
2026-05-29 14:00:06.330,2,1.75,,512000000
2026-05-29 14:00:06.295,21,20.13,,512000000
2026-05-29 14:00:06.255,7,6.24,,512000000
2026-05-29 14:00:06.213,3,2.25,,512000000
2026-05-29 14:00:06.208,2,1.83,,512000000
2026-05-29 14:00:06.200,3,2.78,,512000000
2026-05-29 14:00:06.199,3,2.17,,512000000
2026-05-29 14:00:06.190,34,33.36,,512000000
2026-05-29 14:00:06.187,7,6.5,,512000000
2026-05-29 14:00:06.130,3,2.74,,512000000
2026-05-29 14:00:06.090,2,1.86,,512000000
2026-05-29 14:00:06.083,2,1.9,,512000000
2026-05-29 14:00:06.042,3,2.02,,512000000
2026-05-29 14:00:06.035,3,2.03,,512000000
2026-05-29 14:00:05.966,5,4.35,,512000000
2026-05-29 14:00:05.956,4,3.95,,512000000
2026-05-29 14:00:05.933,5,4.13,,512000000
2026-05-29 14:00:05.921,2,1.89,,512000000
2026-05-29 14:00:05.906,2,1.56,,512000000
2026-05-29 14:00:05.804,3,2.23,,512000000
2026-05-29 14:00:05.797,2,1.75,,512000000
2026-05-29 14:00:05.750,2,1.85,,512000000
2026-05-29 14:00:05.704,2,1.8,,512000000
2026-05-29 14:00:05.683,2,1.99,,512000000
2026-05-29 14:00:05.608,13,12.56,,512000000
2026-05-29 14:00:05.589,2,2,,512000000
2026-05-29 14:00:05.582,2,1.63,,512000000
2026-05-29 14:00:05.530,2,1.94,,512000000
2026-05-29 14:00:05.526,3,2.82,,512000000
2026-05-29 14:00:05.487,2,1.62,,512000000
2026-05-29 14:00:05.477,3,2.16,,512000000
2026-05-29 14:00:05.412,10,9.79,,512000000
2026-05-29 14:00:05.390,6,5.6,,512000000
2026-05-29 14:00:05.388,8,7.02,,512000000
2026-05-29 14:00:05.369,31,30.82,,512000000
2026-05-29 14:00:05.352,3,2.9,,512000000
2026-05-29 14:00:05.343,3,2.22,,512000000
2026-05-29 14:00:05.284,2,1.74,,512000000
2026-05-29 14:00:05.209,8,7.86,,512000000
2026-05-29 14:00:05.191,3,2.03,,512000000
2026-05-29 14:00:05.089,5,4.5,,512000000
2026-05-29 14:00:05.077,2,1.75,,512000000
2026-05-29 14:00:05.033,2,1.9,,512000000
2026-05-29 14:00:04.995,2,1.69,,512000000
2026-05-29 14:00:04.921,2,1.99,,512000000
2026-05-29 14:00:04.913,5,4.31,,512000000
2026-05-29 14:00:04.839,3,2.59,,512000000
2026-05-29 14:00:04.828,2,1.76,,512000000
2026-05-29 14:00:04.821,4,3.24,,512000000
2026-05-29 14:00:04.766,4,3.83,,512000000
2026-05-29 14:00:04.729,12,11.8,,512000000
2026-05-29 14:00:04.709,2,1.93,,512000000
2026-05-29 14:00:04.685,2,1.76,,512000000
2026-05-29 14:00:04.664,2,1.75,,512000000
2026-05-29 14:00:04.663,2,1.73,,512000000
2026-05-29 14:00:04.511,2,1.72,,512000000
2026-05-29 14:00:04.483,2,1.96,,512000000
2026-05-29 14:00:04.466,2,1.78,,512000000
2026-05-29 14:00:04.441,3,2.02,,512000000
2026-05-29 14:00:04.415,2,1.91,,512000000
2026-05-29 14:00:04.393,19,18.87,,512000000
2026-05-29 14:00:04.285,5,4.98,,512000000
2026-05-29 14:00:04.270,3,2,,512000000
2026-05-29 14:00:04.248,2,1.62,,512000000
2026-05-29 14:00:04.174,5,4.45,,512000000
2026-05-29 14:00:04.168,4,3.78,,512000000
2026-05-29 14:00:04.157,3,2.9,,512000000
2026-05-29 14:00:04.156,2,1.89,,512000000
2026-05-29 14:00:04.134,5,4.44,,512000000
2026-05-29 14:00:04.115,2,1.97,,512000000
2026-05-29 14:00:04.076,2,2,,512000000
2026-05-29 14:00:04.061,3,2.03,,512000000
2026-05-29 14:00:04.052,2,1.68,,512000000
2026-05-29 14:00:04.042,2,1.74,,512000000
2026-05-29 14:00:04.009,2,1.91,,512000000
2026-05-29 14:00:04.002,2,1.98,,512000000
2026-05-29 14:00:03.986,2,1.83,,512000000
2026-05-29 14:00:03.980,2,1.72,,512000000
2026-05-29 14:00:03.960,2,1.77,,512000000
2026-05-29 14:00:03.948,3,2.04,,512000000
2026-05-29 14:00:03.908,4,3.4,,512000000
2026-05-29 14:00:03.898,2,1.73,,512000000
2026-05-29 14:00:03.832,2,1.83,,512000000
2026-05-29 14:00:03.823,2,1.82,,512000000
2026-05-29 14:00:03.743,2,1.87,,512000000
2026-05-29 14:00:03.694,2,1.81,,512000000
2026-05-29 14:00:03.587,7,6.17,,512000000
2026-05-29 14:00:03.547,2,1.67,,512000000
2026-05-29 14:00:03.539,2,1.75,,512000000
2026-05-29 14:00:03.513,2,1.73,,512000000
2026-05-29 14:00:03.458,3,2.79,,512000000
2026-05-29 14:00:03.424,2,1.83,,512000000
2026-05-29 14:00:03.399,3,2.13,,512000000
2026-05-29 14:00:03.394,3,2.19,,512000000
2026-05-29 14:00:03.295,2,1.68,,512000000
2026-05-29 14:00:03.181,2,1.79,,512000000
2026-05-29 14:00:03.156,2,1.82,,512000000
2026-05-29 14:00:03.119,2,1.83,,512000000
2026-05-29 14:00:03.057,2,1.91,,512000000
2026-05-29 14:00:03.016,2,1.94,,512000000
2026-05-29 14:00:02.966,2,1.86,,512000000
2026-05-29 14:00:02.958,5,4.62,,512000000
2026-05-29 14:00:02.948,2,1.91,,512000000
2026-05-29 14:00:02.888,16,15.05,,512000000
2026-05-29 14:00:02.859,3,2.3,,512000000
2026-05-29 14:00:02.749,45,44.94,,512000000
2026-05-29 14:00:02.741,2,1.77,,512000000
2026-05-29 14:00:02.690,15,14.7,,512000000
2026-05-29 14:00:02.659,2,1.97,,512000000
2026-05-29 14:00:02.633,3,2.28,,512000000
2026-05-29 14:00:02.610,9,8.84,,512000000
2026-05-29 14:00:02.588,8,7.14,,512000000
2026-05-29 14:00:02.580,2,1.66,,512000000
2026-05-29 14:00:02.570,6,5.69,,512000000
2026-05-29 14:00:02.551,16,15.09,,512000000
2026-05-29 14:00:02.543,3,2.4,,512000000
2026-05-29 14:00:02.534,8,7.69,,512000000
2026-05-29 14:00:02.529,2,1.88,,512000000
2026-05-29 14:00:02.522,3,2.16,,512000000
2026-05-29 14:00:02.493,8,7.54,,512000000
2026-05-29 14:00:02.475,2,1.97,,512000000
2026-05-29 14:00:02.394,20,19.93,,512000000
2026-05-29 14:00:02.342,8,7.17,,512000000
2026-05-29 14:00:02.196,7,6.42,,512000000
2026-05-29 14:00:02.195,7,6.58,,512000000
2026-05-29 14:00:02.179,3,2.15,,512000000
2026-05-29 14:00:02.143,2,1.78,,512000000
2026-05-29 14:00:02.135,3,2.58,,512000000
2026-05-29 14:00:02.114,49,48.24,,512000000
2026-05-29 14:00:02.057,7,6.93,,512000000
2026-05-29 14:00:02.055,11,10.3,,512000000
2026-05-29 14:00:02.030,6,5.76,,512000000
2026-05-29 14:00:02.018,9,8.23,,512000000
2026-05-29 14:00:01.995,17,16.85,,512000000
2026-05-29 14:00:01.993,7,6.61,,512000000
2026-05-29 14:00:01.931,3,2.24,,512000000
2026-05-29 14:00:01.815,21,20.58,,512000000
2026-05-29 14:00:01.799,6,5.53,,512000000
2026-05-29 14:00:01.790,44,43.4,,512000000
2026-05-29 14:00:01.715,2,1.81,,512000000
2026-05-29 14:00:01.671,2,1.74,,512000000
2026-05-29 14:00:01.631,3,2.04,,512000000
2026-05-29 14:00:01.600,5,4.06,,512000000
2026-05-29 14:00:01.576,2,1.95,,512000000
2026-05-29 14:00:01.565,5,4.06,,512000000
2026-05-29 14:00:01.488,3,2.4,,512000000
2026-05-29 14:00:01.481,20,19.4,,512000000
2026-05-29 14:00:01.454,3,2.06,,512000000
2026-05-29 14:00:01.451,7,6.33,,512000000
2026-05-29 14:00:01.411,8,7.37,,512000000
2026-05-29 14:00:01.406,2,1.61,,512000000
2026-05-29 14:00:01.337,2,1.72,,512000000
2026-05-29 14:00:01.313,2,1.92,,512000000
2026-05-29 14:00:01.267,2,2,,512000000
2026-05-29 14:00:01.250,2,1.81,,512000000
2026-05-29 14:00:01.175,3,2.07,,512000000
2026-05-29 14:00:00.990,13,12.23,,512000000
2026-05-29 14:00:00.980,2,1.7,,512000000
2026-05-29 14:00:00.974,6,5.69,,512000000
2026-05-29 14:00:00.881,5,4.1,,512000000
2026-05-29 14:00:00.877,3,2,,512000000
2026-05-29 14:00:00.838,3,2,,512000000
2026-05-29 14:00:00.837,2,1.83,,512000000
2026-05-29 14:00:00.801,3,2.01,,512000000
2026-05-29 14:00:00.800,3,2.04,,512000000
2026-05-29 14:00:00.769,31,30.1,,512000000
2026-05-29 14:00:00.727,4,3.37,,512000000
2026-05-29 14:00:00.720,2,1.94,,512000000
2026-05-29 14:00:00.702,2,1.77,,512000000
2026-05-29 14:00:00.663,2,1.96,,512000000
2026-05-29 14:00:00.646,2,1.7,,512000000
2026-05-29 14:00:00.646,2,1.97,,512000000
2026-05-29 14:00:00.630,4,3.37,,512000000
2026-05-29 14:00:00.612,2,1.98,,512000000
2026-05-29 14:00:00.573,2,1.98,,512000000
2026-05-29 14:00:00.552,2,1.98,,512000000
2026-05-29 14:00:00.531,12,11.06,,512000000
2026-05-29 14:00:00.525,2,1.84,,512000000
2026-05-29 14:00:00.471,2,1.87,,512000000
2026-05-29 14:00:00.462,3,2.26,,512000000
2026-05-29 14:00:00.460,2,1.96,,512000000
2026-05-29 14:00:00.365,2,1.71,,512000000
2026-05-29 14:00:00.336,2,1.65,,512000000
2026-05-29 14:00:00.314,4,3.64,,512000000
2026-05-29 14:00:00.297,2,1.66,,512000000
2026-05-29 14:00:00.211,6,6,,512000000
2026-05-29 14:00:00.115,5,4.05,,512000000
2026-05-29 14:00:00.086,2,1.79,,512000000
2026-05-29 14:00:00.081,2,1.83,,512000000
2026-05-29 14:00:00.067,5,4.19,,512000000
2026-05-29 14:00:00.063,2,1.93,,512000000
2026-05-29 14:00:00.022,3,2.14,,512000000
2026-05-29 14:00:00.015,2,1.92,,512000000
2026-05-29 13:59:59.860,2,1.66,,512000000
2026-05-29 13:59:59.845,2,1.93,,512000000
2026-05-29 13:59:59.763,2,1.67,,512000000
2026-05-29 13:59:59.762,2,1.77,,512000000
2026-05-29 13:59:59.651,2,1.83,,512000000
2026-05-29 13:59:59.631,12,11.4,,512000000
2026-05-29 13:59:59.610,10,9.9,,512000000
2026-05-29 13:59:59.591,9,8.92,,512000000
2026-05-29 13:59:59.582,2,1.99,,512000000
2026-05-29 13:59:59.536,2,1.76,,512000000
2026-05-29 13:59:59.502,2,1.75,,512000000
2026-05-29 13:59:59.495,2,1.74,,512000000
2026-05-29 13:59:59.483,3,2.03,,512000000
2026-05-29 13:59:59.410,3,2.57,,512000000
2026-05-29 13:59:59.389,14,13.42,,512000000
2026-05-29 13:59:59.306,2,1.71,,512000000
2026-05-29 13:59:59.278,2,1.78,,512000000
2026-05-29 13:59:59.277,2,1.88,,512000000
2026-05-29 13:59:59.274,2,1.88,,512000000
2026-05-29 13:59:59.255,14,13.97,,512000000
2026-05-29 13:59:59.254,2,1.99,,512000000
2026-05-29 13:59:59.249,2,1.77,,512000000
2026-05-29 13:59:59.229,2,1.85,,512000000
2026-05-29 13:59:59.225,2,2,,512000000
2026-05-29 13:59:59.197,2,1.82,,512000000
2026-05-29 13:59:59.144,2,1.99,,512000000
2026-05-29 13:59:59.095,2,1.97,,512000000
2026-05-29 13:59:59.079,2,1.77,,512000000
2026-05-29 13:59:59.073,5,4.53,,512000000
2026-05-29 13:59:59.014,16,15.38,,512000000
2026-05-29 13:59:58.979,14,13.17,,512000000
2026-05-29 13:59:58.905,2,1.91,,512000000
2026-05-29 13:59:58.849,2,1.75,,512000000
2026-05-29 13:59:58.780,2,1.89,,512000000
2026-05-29 13:59:58.735,10,9.52,,512000000
2026-05-29 13:59:58.734,2,1.84,,512000000
2026-05-29 13:59:58.733,3,2.16,,512000000
2026-05-29 13:59:58.673,7,6.18,,512000000
2026-05-29 13:59:58.639,3,2.16,,512000000
2026-05-29 13:59:58.593,2,1.99,,512000000
2026-05-29 13:59:58.566,2,1.9,,512000000
2026-05-29 13:59:58.494,2,1.95,,512000000
2026-05-29 13:59:58.475,2,1.96,,512000000
2026-05-29 13:59:58.456,2,1.76,,512000000
2026-05-29 13:59:58.427,3,2.34,,512000000
2026-05-29 13:59:58.418,5,4.2,,512000000
2026-05-29 13:59:58.398,2,1.77,,512000000
2026-05-29 13:59:58.254,3,2.12,,512000000
2026-05-29 13:59:58.243,3,2.07,,512000000
2026-05-29 13:59:58.197,3,2,,512000000
2026-05-29 13:59:58.194,2,1.9,,512000000
2026-05-29 13:59:58.144,5,4.83,,512000000
2026-05-29 13:59:58.138,2,1.9,,512000000
2026-05-29 13:59:58.112,3,2.25,,512000000
2026-05-29 13:59:58.084,2,1.8,,512000000
2026-05-29 13:59:58.028,3,2.11,,512000000
2026-05-29 13:59:58.027,2,1.59,,512000000
2026-05-29 13:59:57.935,14,13.13,,512000000
2026-05-29 13:59:57.914,42,41.55,,512000000
2026-05-29 13:59:57.910,4,3.96,,512000000
2026-05-29 13:59:57.892,2,1.87,,512000000
2026-05-29 13:59:57.873,2,1.84,,512000000
2026-05-29 13:59:57.835,2,1.75,,512000000
2026-05-29 13:59:57.803,3,2.1,,512000000
2026-05-29 13:59:57.751,2,1.8,,512000000
2026-05-29 13:59:57.749,2,1.92,,512000000
2026-05-29 13:59:57.687,3,2.05,,512000000
2026-05-29 13:59:57.686,2,1.76,,512000000
2026-05-29 13:59:57.646,4,3.2,,512000000
2026-05-29 13:59:57.566,3,2.62,,512000000
2026-05-29 13:59:57.524,3,2.1,,512000000
2026-05-29 13:59:57.508,2,1.88,,512000000
2026-05-29 13:59:57.501,2,1.97,,512000000
2026-05-29 13:59:57.471,2,1.96,,512000000
2026-05-29 13:59:57.420,2,1.78,,512000000
2026-05-29 13:59:57.414,17,16.61,,512000000
2026-05-29 13:59:57.406,2,1.75,,512000000
2026-05-29 13:59:57.399,2,1.78,,512000000
2026-05-29 13:59:57.354,6,5.09,,512000000
2026-05-29 13:59:57.340,2,1.85,,512000000
2026-05-29 13:59:57.100,3,2.06,,512000000
2026-05-29 13:59:57.085,3,2.43,,512000000
2026-05-29 13:59:57.056,3,2.23,,512000000
2026-05-29 13:59:57.054,2,1.73,,512000000
2026-05-29 13:59:57.039,3,2,,512000000
2026-05-29 13:59:57.025,2,1.89,,512000000
2026-05-29 13:59:57.014,7,6.89,,512000000
2026-05-29 13:59:57.013,2,1.69,,512000000
2026-05-29 13:59:57.005,2,1.79,,512000000
2026-05-29 13:59:57.002,3,2.02,,512000000
2026-05-29 13:59:56.919,3,2.01,,512000000
2026-05-29 13:59:56.874,11,10.98,,512000000
2026-05-29 13:59:56.870,3,2.25,,512000000
2026-05-29 13:59:56.843,2,1.86,,512000000
2026-05-29 13:59:56.802,3,2.34,,512000000
2026-05-29 13:59:56.768,2,1.97,,512000000
2026-05-29 13:59:56.745,4,3.43,,512000000
2026-05-29 13:59:56.717,2,1.96,,512000000
2026-05-29 13:59:56.682,2,1.88,,512000000
2026-05-29 13:59:56.674,21,20.16,,512000000
2026-05-29 13:59:56.646,3,2.05,,512000000
2026-05-29 13:59:56.643,3,2.16,,512000000
2026-05-29 13:59:56.629,3,2.08,,512000000
2026-05-29 13:59:56.619,3,2.03,,512000000
2026-05-29 13:59:56.565,2,1.9,,512000000
2026-05-29 13:59:56.482,6,5.25,,512000000
2026-05-29 13:59:56.416,3,2.21,,512000000
2026-05-29 13:59:56.379,2,1.86,,512000000
2026-05-29 13:59:56.337,3,2.29,,512000000
2026-05-29 13:59:56.327,2,1.84,,512000000
2026-05-29 13:59:56.308,3,2.03,,512000000
2026-05-29 13:59:56.285,2,1.94,,512000000
2026-05-29 13:59:56.220,2,1.75,,512000000
2026-05-29 13:59:56.199,2,1.71,,512000000
2026-05-29 13:59:56.163,4,3.91,,512000000
2026-05-29 13:59:56.133,2,1.78,,512000000
2026-05-29 13:59:56.100,2,1.78,,512000000
2026-05-29 13:59:55.966,2,1.92,,512000000
2026-05-29 13:59:55.959,2,1.73,,512000000
2026-05-29 13:59:55.906,2,1.66,,512000000
2026-05-29 13:59:55.878,2,1.81,,512000000
2026-05-29 13:59:55.875,2,1.96,,512000000
2026-05-29 13:59:55.778,2,1.8,,512000000
2026-05-29 13:59:55.750,3,2.11,,512000000
2026-05-29 13:59:55.737,3,2.08,,512000000
2026-05-29 13:59:55.711,12,11.27,,512000000
2026-05-29 13:59:55.682,2,1.97,,512000000
2026-05-29 13:59:55.666,2,1.95,,512000000
2026-05-29 13:59:55.658,2,1.95,,512000000
2026-05-29 13:59:55.607,2,1.96,,512000000
2026-05-29 13:59:55.555,14,13.43,,512000000
2026-05-29 13:59:55.515,4,3.45,,512000000
2026-05-29 13:59:55.494,11,10.41,,512000000
2026-05-29 13:59:55.387,3,2.36,,512000000
2026-05-29 13:59:55.374,3,2.15,,512000000
2026-05-29 13:59:55.343,3,2.95,,512000000
2026-05-29 13:59:55.335,2,1.72,,512000000
2026-05-29 13:59:55.332,2,1.83,,512000000
2026-05-29 13:59:55.314,17,16.71,,512000000
2026-05-29 13:59:55.304,3,2.32,,512000000
2026-05-29 13:59:55.298,3,2.64,,512000000
2026-05-29 13:59:55.276,3,2.71,,512000000
2026-05-29 13:59:55.261,3,2.09,,512000000
2026-05-29 13:59:55.235,17,16.16,,512000000
2026-05-29 13:59:55.231,2,1.72,,512000000
2026-05-29 13:59:55.156,10,9.34,,512000000
2026-05-29 13:59:55.144,2,1.82,,512000000
2026-05-29 13:59:55.139,2,1.8,,512000000
2026-05-29 13:59:55.085,2,1.75,,512000000
2026-05-29 13:59:54.990,21,20.34,,512000000
2026-05-29 13:59:54.973,2,1.67,,512000000
2026-05-29 13:59:54.969,2,1.82,,512000000
2026-05-29 13:59:54.947,2,1.8,,512000000
2026-05-29 13:59:54.945,2,1.84,,512000000
2026-05-29 13:59:54.929,2,1.65,,512000000
2026-05-29 13:59:54.851,2,1.99,,512000000
2026-05-29 13:59:54.843,3,2.07,,512000000
2026-05-29 13:59:54.733,2,1.86,,512000000
2026-05-29 13:59:54.732,11,10.41,,512000000
2026-05-29 13:59:54.698,2,1.94,,512000000
2026-05-29 13:59:54.635,21,20.37,,512000000
2026-05-29 13:59:54.605,2,1.96,,512000000
2026-05-29 13:59:54.452,2,1.68,,512000000
2026-05-29 13:59:54.399,2,1.84,,512000000
2026-05-29 13:59:54.338,2,1.89,,512000000
2026-05-29 13:59:54.327,2,1.78,,512000000
2026-05-29 13:59:54.241,2,1.76,,512000000
2026-05-29 13:59:54.235,2,1.73,,512000000
2026-05-29 13:59:54.206,2,1.76,,512000000
2026-05-29 13:59:54.140,2,1.72,,512000000
2026-05-29 13:59:54.129,2,1.73,,512000000
2026-05-29 13:59:54.048,2,1.86,,512000000
2026-05-29 13:59:54.007,2,1.85,,512000000
2026-05-29 13:59:53.976,3,2.13,,512000000
2026-05-29 13:59:53.965,56,55.71,,512000000
2026-05-29 13:59:53.895,2,1.91,,512000000
2026-05-29 13:59:53.894,11,10.77,,512000000
2026-05-29 13:59:53.875,2,1.87,,512000000
2026-05-29 13:59:53.870,8,7.78,,512000000
2026-05-29 13:59:53.856,2,1.85,,512000000
2026-05-29 13:59:53.853,2,2,,512000000
2026-05-29 13:59:53.811,13,12.67,,512000000
2026-05-29 13:59:53.790,5,4.95,,512000000
2026-05-29 13:59:53.770,4,3.54,,512000000
2026-05-29 13:59:53.756,2,1.96,,512000000
2026-05-29 13:59:53.714,2,1.96,,512000000
2026-05-29 13:59:53.707,2,1.74,,512000000
2026-05-29 13:59:53.693,5,4.25,,512000000
2026-05-29 13:59:53.674,10,9.65,,512000000
2026-05-29 13:59:53.657,3,2.18,,512000000
2026-05-29 13:59:53.614,3,2.22,,512000000
2026-05-29 13:59:53.569,2,1.84,,512000000
2026-05-29 13:59:53.506,2,1.75,,512000000
2026-05-29 13:59:53.481,2,1.66,,512000000
2026-05-29 13:59:53.474,2,1.9,,512000000
2026-05-29 13:59:53.467,2,1.7,,512000000
2026-05-29 13:59:53.446,2,1.85,,512000000
2026-05-29 13:59:53.430,2,1.93,,512000000
2026-05-29 13:59:53.336,2,1.86,,512000000
2026-05-29 13:59:53.334,2,1.83,,512000000
2026-05-29 13:59:53.318,3,2.1,,512000000
2026-05-29 13:59:53.311,12,11.03,,512000000
2026-05-29 13:59:53.291,3,2.15,,512000000
2026-05-29 13:59:53.070,11,10.01,,512000000
2026-05-29 13:59:53.038,2,1.82,,512000000
2026-05-29 13:59:53.021,5,4.01,,512000000
2026-05-29 13:59:53.013,2,1.77,,512000000
2026-05-29 13:59:52.956,2,1.8,,512000000
2026-05-29 13:59:52.912,2,1.85,,512000000
2026-05-29 13:59:52.890,2,1.76,,512000000
2026-05-29 13:59:52.866,2,1.77,,512000000
2026-05-29 13:59:52.825,2,1.7,,512000000
2026-05-29 13:59:52.772,2,1.75,,512000000
2026-05-29 13:59:52.766,3,2.2,,512000000
2026-05-29 13:59:52.754,47,46.94,,512000000
2026-05-29 13:59:52.715,2,1.67,,512000000
2026-05-29 13:59:52.685,2,1.94,,512000000
2026-05-29 13:59:52.606,2,1.79,,512000000
2026-05-29 13:59:52.574,2,1.71,,512000000
2026-05-29 13:59:52.568,2,1.75,,512000000
2026-05-29 13:59:52.537,2,1.81,,512000000
2026-05-29 13:59:52.535,19,18.8,,512000000
2026-05-29 13:59:52.472,2,1.8,,512000000
2026-05-29 13:59:52.394,2,1.87,,512000000
2026-05-29 13:59:52.355,5,4.69,,512000000
2026-05-29 13:59:52.338,2,1.99,,512000000
2026-05-29 13:59:52.241,3,2.23,,512000000
2026-05-29 13:59:52.215,13,12.11,,512000000
2026-05-29 13:59:52.213,2,1.73,,512000000
2026-05-29 13:59:52.196,2,1.99,,512000000
2026-05-29 13:59:52.193,3,2.34,,512000000
2026-05-29 13:59:52.178,2,1.68,,512000000
2026-05-29 13:59:52.171,2,1.84,,512000000
2026-05-29 13:59:52.117,3,2.45,,512000000
2026-05-29 13:59:52.109,2,1.75,,512000000
2026-05-29 13:59:52.090,2,1.61,,512000000
2026-05-29 13:59:52.045,2,1.78,,512000000
2026-05-29 13:59:52.017,2,1.83,,512000000
2026-05-29 13:59:51.913,2,1.92,,512000000
2026-05-29 13:59:51.903,2,1.89,,512000000
2026-05-29 13:59:51.861,2,1.81,,512000000
2026-05-29 13:59:51.854,7,6.51,,512000000
2026-05-29 13:59:51.854,22,21.32,,512000000
2026-05-29 13:59:51.839,2,1.8,,512000000
2026-05-29 13:59:51.833,2,1.87,,512000000
2026-05-29 13:59:51.783,2,1.7,,512000000
2026-05-29 13:59:51.774,2,1.92,,512000000
2026-05-29 13:59:51.735,3,2.02,,512000000
2026-05-29 13:59:51.659,3,2.23,,512000000
2026-05-29 13:59:51.649,2,1.96,,512000000
2026-05-29 13:59:51.616,3,2.85,,512000000
2026-05-29 13:59:51.588,2,1.96,,512000000
2026-05-29 13:59:51.493,6,5.05,,512000000
2026-05-29 13:59:51.392,2,1.77,,512000000
2026-05-29 13:59:51.389,2,1.83,,512000000
2026-05-29 13:59:51.378,2,1.78,,512000000
2026-05-29 13:59:51.341,2,1.84,,512000000
2026-05-29 13:59:51.273,2,2,,512000000
2026-05-29 13:59:51.241,3,2.04,,512000000
2026-05-29 13:59:51.216,2,1.96,,512000000
2026-05-29 13:59:51.205,2,1.63,,512000000
2026-05-29 13:59:51.156,3,2.02,,512000000
2026-05-29 13:59:51.132,5,4.89,,512000000
2026-05-29 13:59:51.073,2,1.82,,512000000
2026-05-29 13:59:51.070,3,2.02,,512000000
2026-05-29 13:59:51.039,2,1.99,,512000000
2026-05-29 13:59:51.032,2,1.98,,512000000
2026-05-29 13:59:50.999,2,1.81,,512000000
2026-05-29 13:59:50.985,3,2.19,,512000000
2026-05-29 13:59:50.844,2,1.77,,512000000
2026-05-29 13:59:50.824,3,2.14,,512000000
2026-05-29 13:59:50.805,2,1.75,,512000000
2026-05-29 13:59:50.730,2,1.87,,512000000
2026-05-29 13:59:50.713,25,24.55,,512000000
2026-05-29 13:59:50.694,2,1.57,,512000000
2026-05-29 13:59:50.694,3,2.1,,512000000
2026-05-29 13:59:50.686,2,1.95,,512000000
2026-05-29 13:59:50.647,2,1.72,,512000000
2026-05-29 13:59:50.625,2,1.75,,512000000
2026-05-29 13:59:50.610,2,1.67,,512000000
2026-05-29 13:59:50.608,2,1.74,,512000000
2026-05-29 13:59:50.590,2,1.89,,512000000
2026-05-29 13:59:50.510,16,15.88,,512000000
2026-05-29 13:59:50.469,7,6.5,,512000000
2026-05-29 13:59:50.467,2,1.82,,512000000
2026-05-29 13:59:50.447,2,1.72,,512000000
2026-05-29 13:59:50.443,3,2.25,,512000000
2026-05-29 13:59:50.315,22,21.69,,512000000
2026-05-29 13:59:50.290,3,2.32,,512000000
2026-05-29 13:59:50.284,2,1.69,,512000000
2026-05-29 13:59:50.231,2,1.85,,512000000
2026-05-29 13:59:50.214,8,7.88,,512000000
2026-05-29 13:59:50.191,2,1.94,,512000000
2026-05-29 13:59:50.078,3,2.3,,512000000
2026-05-29 13:59:50.051,3,2.55,,512000000
2026-05-29 13:59:49.995,7,6.28,,512000000
2026-05-29 13:59:49.976,2,2,,512000000
2026-05-29 13:59:49.959,10,9.05,,512000000
2026-05-29 13:59:49.939,3,2.24,,512000000
2026-05-29 13:59:49.863,3,2.01,,512000000
2026-05-29 13:59:49.847,2,1.64,,512000000
2026-05-29 13:59:49.841,2,1.88,,512000000
2026-05-29 13:59:49.817,2,1.63,,512000000
2026-05-29 13:59:49.811,2,1.7,,512000000
2026-05-29 13:59:49.794,2,1.74,,512000000
2026-05-29 13:59:49.746,2,1.7,,512000000
2026-05-29 13:59:49.739,2,1.87,,512000000
2026-05-29 13:59:49.678,3,2.61,,512000000
2026-05-29 13:59:49.641,3,2.06,,512000000
2026-05-29 13:59:49.637,2,1.6,,512000000
2026-05-29 13:59:49.630,2,1.91,,512000000
2026-05-29 13:59:49.624,3,2.32,,512000000
2026-05-29 13:59:49.591,3,2.35,,512000000
2026-05-29 13:59:49.453,2,1.84,,512000000
2026-05-29 13:59:49.441,2,1.84,,512000000
2026-05-29 13:59:49.373,5,4.39,,512000000
2026-05-29 13:59:49.363,2,1.72,,512000000
2026-05-29 13:59:49.296,2,1.66,,512000000
2026-05-29 13:59:49.267,2,1.55,,512000000
2026-05-29 13:59:49.265,3,2.46,,512000000
2026-05-29 13:59:49.235,17,16.33,,512000000
2026-05-29 13:59:49.233,2,1.73,,512000000
2026-05-29 13:59:49.194,2,1.93,,512000000
2026-05-29 13:59:49.117,3,2,,512000000
2026-05-29 13:59:49.111,2,1.86,,512000000
2026-05-29 13:59:49.065,2,1.78,,512000000
2026-05-29 13:59:48.996,2,1.74,,512000000
2026-05-29 13:59:48.953,2,1.84,,512000000
2026-05-29 13:59:48.874,3,2.9,,512000000
2026-05-29 13:59:48.836,2,1.68,,512000000
2026-05-29 13:59:48.802,2,1.83,,512000000
2026-05-29 13:59:48.772,2,1.87,,512000000
2026-05-29 13:59:48.754,11,10.75,,512000000
2026-05-29 13:59:48.736,2,1.86,,512000000
2026-05-29 13:59:48.719,2,1.87,,512000000
2026-05-29 13:59:48.644,2,1.65,,512000000
2026-05-29 13:59:48.627,2,1.9,,512000000
2026-05-29 13:59:48.559,2,1.79,,512000000
2026-05-29 13:59:48.535,2,1.77,,512000000
2026-05-29 13:59:48.489,2,1.73,,512000000
2026-05-29 13:59:48.472,3,2.09,,512000000
2026-05-29 13:59:48.464,2,1.86,,512000000
2026-05-29 13:59:48.409,2,1.85,,512000000
2026-05-29 13:59:48.373,3,2.57,,512000000
2026-05-29 13:59:48.327,2,1.91,,512000000
2026-05-29 13:59:48.226,2,1.99,,512000000
2026-05-29 13:59:48.226,3,2.96,,512000000
2026-05-29 13:59:48.212,3,2.53,,512000000
2026-05-29 13:59:48.208,2,1.66,,512000000
2026-05-29 13:59:48.174,4,3.58,,512000000
2026-05-29 13:59:48.158,2,1.8,,512000000
2026-05-29 13:59:48.154,29,28.95,,512000000
2026-05-29 13:59:48.119,3,2.02,,512000000
2026-05-29 13:59:48.116,4,3.12,,512000000
2026-05-29 13:59:48.078,3,2.05,,512000000
2026-05-29 13:59:48.033,16,15.89,,512000000
2026-05-29 13:59:48.010,7,6.8,,512000000
2026-05-29 13:59:47.993,2,1.79,,512000000
2026-05-29 13:59:47.918,3,2.19,,512000000
2026-05-29 13:59:47.903,2,1.98,,512000000
2026-05-29 13:59:47.901,3,2.57,,512000000
2026-05-29 13:59:47.880,3,2.59,,512000000
2026-05-29 13:59:47.874,2,1.76,,512000000
2026-05-29 13:59:47.790,2,1.82,,512000000
2026-05-29 13:59:47.780,2,1.91,,512000000
2026-05-29 13:59:47.769,2,1.82,,512000000
2026-05-29 13:59:47.705,2,1.75,,512000000
2026-05-29 13:59:47.705,3,2.15,,512000000
2026-05-29 13:59:47.670,3,2.98,,512000000
2026-05-29 13:59:47.641,3,2.09,,512000000
2026-05-29 13:59:47.636,2,1.8,,512000000
2026-05-29 13:59:47.546,3,2.96,,512000000
2026-05-29 13:59:47.438,2,1.8,,512000000
2026-05-29 13:59:47.430,15,14.67,,512000000
2026-05-29 13:59:47.410,14,13.21,,512000000
2026-05-29 13:59:47.402,2,1.74,,512000000
2026-05-29 13:59:47.390,8,7.15,,512000000
2026-05-29 13:59:47.334,2,1.92,,512000000
2026-05-29 13:59:47.326,3,2.17,,512000000
2026-05-29 13:59:47.323,2,1.66,,512000000
2026-05-29 13:59:47.313,3,2.91,,512000000
2026-05-29 13:59:47.297,2,1.73,,512000000
2026-05-29 13:59:47.184,2,1.67,,512000000
2026-05-29 13:59:47.116,2,1.93,,512000000
2026-05-29 13:59:47.101,6,5.04,,512000000
2026-05-29 13:59:47.082,2,1.71,,512000000
2026-05-29 13:59:47.052,2,1.69,,512000000
2026-05-29 13:59:46.896,2,1.7,,512000000
2026-05-29 13:59:46.880,2,1.79,,512000000
2026-05-29 13:59:46.858,2,1.73,,512000000
2026-05-29 13:59:46.831,2,1.78,,512000000
2026-05-29 13:59:46.729,2,1.85,,512000000
2026-05-29 13:59:46.654,6,5.37,,512000000
2026-05-29 13:59:46.641,2,1.97,,512000000
2026-05-29 13:59:46.598,2,1.96,,512000000
2026-05-29 13:59:46.454,3,2,,512000000
2026-05-29 13:59:46.452,2,1.95,,512000000
2026-05-29 13:59:46.430,2,1.94,,512000000
2026-05-29 13:59:46.389,2,1.87,,512000000
2026-05-29 13:59:46.388,2,1.67,,512000000
2026-05-29 13:59:46.364,2,1.65,,512000000
2026-05-29 13:59:46.324,2,1.81,,512000000
2026-05-29 13:59:46.323,2,1.79,,512000000
2026-05-29 13:59:46.301,2,1.81,,512000000
2026-05-29 13:59:46.274,7,6.42,,512000000
2026-05-29 13:59:46.261,2,1.98,,512000000
2026-05-29 13:59:46.256,2,1.82,,512000000
2026-05-29 13:59:46.221,5,4.34,,512000000
2026-05-29 13:59:46.199,3,2.01,,512000000
2026-05-29 13:59:46.194,5,4.18,,512000000
2026-05-29 13:59:46.176,2,1.96,,512000000
2026-05-29 13:59:46.170,11,10.73,,512000000
2026-05-29 13:59:46.151,3,2.51,,512000000
2026-05-29 13:59:46.133,3,2.1,,512000000
2026-05-29 13:59:46.104,3,2.65,,512000000
2026-05-29 13:59:46.059,2,1.88,,512000000
2026-05-29 13:59:46.006,3,2.34,,512000000
2026-05-29 13:59:46.004,2,1.65,,512000000
2026-05-29 13:59:45.954,3,2.42,,512000000
2026-05-29 13:59:45.941,2,1.82,,512000000
2026-05-29 13:59:45.930,2,1.96,,512000000
2026-05-29 13:59:45.909,2,1.94,,512000000
2026-05-29 13:59:45.831,2,1.89,,512000000
2026-05-29 13:59:45.791,2,1.96,,512000000
2026-05-29 13:59:45.754,2,1.87,,512000000
2026-05-29 13:59:45.673,2,1.73,,512000000
2026-05-29 13:59:45.644,2,1.92,,512000000
2026-05-29 13:59:45.624,2,1.77,,512000000
2026-05-29 13:59:45.555,2,1.77,,512000000
2026-05-29 13:59:45.361,2,1.72,,512000000
2026-05-29 13:59:45.333,4,3.13,,512000000
2026-05-29 13:59:45.317,2,1.9,,512000000
2026-05-29 13:59:45.289,2,1.73,,512000000
2026-05-29 13:59:45.273,2,1.95,,512000000
2026-05-29 13:59:45.264,2,1.77,,512000000
2026-05-29 13:59:45.213,10,9.81,,512000000
2026-05-29 13:59:45.210,69,68.72,,512000000
2026-05-29 13:59:45.194,3,2.11,,512000000
2026-05-29 13:59:45.193,4,3.05,,512000000
2026-05-29 13:59:45.187,3,2.04,,512000000
2026-05-29 13:59:45.126,2,1.73,,512000000
2026-05-29 13:59:44.971,7,6.11,,512000000
2026-05-29 13:59:44.952,2,1.88,,512000000
2026-05-29 13:59:44.938,3,2.49,,512000000
2026-05-29 13:59:44.871,2,1.97,,512000000
2026-05-29 13:59:44.837,3,2.28,,512000000
2026-05-29 13:59:44.770,6,5.76,,512000000
2026-05-29 13:59:44.735,4,3.08,,512000000
2026-05-29 13:59:44.732,2,1.7,,512000000
2026-05-29 13:59:44.706,2,1.81,,512000000
2026-05-29 13:59:44.624,5,4.19,,512000000
2026-05-29 13:59:44.620,2,1.92,,512000000
2026-05-29 13:59:44.620,2,1.7,,512000000
2026-05-29 13:59:44.571,2,1.7,,512000000
2026-05-29 13:59:44.571,22,21.05,,512000000
2026-05-29 13:59:44.506,2,1.85,,512000000
2026-05-29 13:59:44.473,2,1.8,,512000000
2026-05-29 13:59:44.445,27,26.36,,512000000
2026-05-29 13:59:44.412,3,2.11,,512000000
2026-05-29 13:59:44.405,2,1.87,,512000000
2026-05-29 13:59:44.398,3,2.12,,512000000
2026-05-29 13:59:44.391,2,1.7,,512000000
2026-05-29 13:59:44.359,3,2.04,,512000000
2026-05-29 13:59:44.351,2,1.64,,512000000
2026-05-29 13:59:44.276,2,1.82,,512000000
2026-05-29 13:59:44.256,2,1.7,,512000000
2026-05-29 13:59:44.232,2,1.7,,512000000
2026-05-29 13:59:44.213,6,5.55,,512000000
2026-05-29 13:59:44.211,12,11.14,,512000000
2026-05-29 13:59:44.200,2,1.61,,512000000
2026-05-29 13:59:44.194,2,1.63,,512000000
2026-05-29 13:59:44.182,2,1.71,,512000000
2026-05-29 13:59:44.122,2,1.76,,512000000
2026-05-29 13:59:44.053,2,1.73,,512000000
2026-05-29 13:59:43.940,2,1.64,,512000000
2026-05-29 13:59:43.933,5,4.14,,512000000
2026-05-29 13:59:43.921,2,1.79,,512000000
2026-05-29 13:59:43.854,2,1.69,,512000000
2026-05-29 13:59:43.852,3,2.2,,512000000
2026-05-29 13:59:43.828,2,1.64,,512000000
2026-05-29 13:59:43.779,2,1.78,,512000000
2026-05-29 13:59:43.754,2,1.66,,512000000
2026-05-29 13:59:43.724,2,1.67,,512000000
2026-05-29 13:59:43.682,2,1.74,,512000000
2026-05-29 13:59:43.642,2,1.9,,512000000
2026-05-29 13:59:43.609,2,1.89,,512000000
2026-05-29 13:59:43.580,3,2.13,,512000000
2026-05-29 13:59:43.548,3,2.06,,512000000
2026-05-29 13:59:43.543,2,1.72,,512000000
2026-05-29 13:59:43.498,2,1.8,,512000000
2026-05-29 13:59:43.484,2,1.66,,512000000
2026-05-29 13:59:43.423,2,1.64,,512000000
2026-05-29 13:59:43.411,2,1.78,,512000000
2026-05-29 13:59:43.323,2,1.95,,512000000
2026-05-29 13:59:43.294,2,1.74,,512000000
2026-05-29 13:59:43.198,3,2.04,,512000000
2026-05-29 13:59:43.196,2,1.73,,512000000
2026-05-29 13:59:43.192,2,1.69,,512000000
2026-05-29 13:59:43.143,3,2.13,,512000000
2026-05-29 13:59:43.140,3,2.35,,512000000
2026-05-29 13:59:43.114,2,1.81,,512000000
2026-05-29 13:59:43.069,2,1.71,,512000000
2026-05-29 13:59:43.055,2,1.89,,512000000
2026-05-29 13:59:42.987,2,1.54,,512000000
2026-05-29 13:59:42.981,2,1.61,,512000000
2026-05-29 13:59:42.964,2,1.75,,512000000
2026-05-29 13:59:42.913,2,1.78,,512000000
2026-05-29 13:59:42.896,2,1.99,,512000000
2026-05-29 13:59:42.803,2,1.72,,512000000
2026-05-29 13:59:42.786,2,1.66,,512000000
2026-05-29 13:59:42.768,2,1.59,,512000000
2026-05-29 13:59:42.756,2,1.79,,512000000
2026-05-29 13:59:42.720,2,1.71,,512000000
2026-05-29 13:59:42.684,2,1.68,,512000000
2026-05-29 13:59:42.616,2,1.89,,512000000
2026-05-29 13:59:42.614,2,1.7,,512000000
2026-05-29 13:59:42.613,11,10.47,,512000000
2026-05-29 13:59:42.594,13,12.64,,512000000
2026-05-29 13:59:42.594,2,1.84,,512000000
2026-05-29 13:59:42.586,3,2.07,,512000000
2026-05-29 13:59:42.575,3,2.04,,512000000
2026-05-29 13:59:42.534,2,1.73,,512000000
2026-05-29 13:59:42.513,12,11.33,,512000000
2026-05-29 13:59:42.494,12,11.48,,512000000
2026-05-29 13:59:42.478,3,2.62,,512000000
2026-05-29 13:59:42.374,11,10.02,,512000000
2026-05-29 13:59:42.359,3,2.05,,512000000
2026-05-29 13:59:42.353,2,1.69,,512000000
2026-05-29 13:59:42.318,2,1.83,,512000000
2026-05-29 13:59:42.274,2,1.81,,512000000
2026-05-29 13:59:42.077,2,1.77,,512000000
2026-05-29 13:59:42.073,8,7.46,,512000000
2026-05-29 13:59:42.054,2,1.76,,512000000
2026-05-29 13:59:42.035,2,1.81,,512000000
2026-05-29 13:59:42.012,2,1.92,,512000000
2026-05-29 13:59:41.874,7,6.39,,512000000
2026-05-29 13:59:41.857,5,4.89,,512000000
2026-05-29 13:59:41.797,4,3.9,,512000000
2026-05-29 13:59:41.792,2,1.74,,512000000
2026-05-29 13:59:41.709,3,2.54,,512000000
2026-05-29 13:59:41.700,2,1.78,,512000000
2026-05-29 13:59:41.697,4,3.41,,512000000
2026-05-29 13:59:41.674,2,1.78,,512000000
2026-05-29 13:59:41.667,2,1.67,,512000000
2026-05-29 13:59:41.665,2,1.73,,512000000
2026-05-29 13:59:41.577,2,1.82,,512000000
2026-05-29 13:59:41.559,2,1.66,,512000000
2026-05-29 13:59:41.550,2,1.88,,512000000
2026-05-29 13:59:41.487,2,1.91,,512000000
2026-05-29 13:59:41.473,6,5.79,,512000000
2026-05-29 13:59:41.452,3,2.25,,512000000
2026-05-29 13:59:41.450,5,4.96,,512000000
2026-05-29 13:59:41.434,2,1.98,,512000000
2026-05-29 13:59:41.412,3,2.15,,512000000
2026-05-29 13:59:41.406,2,1.8,,512000000
2026-05-29 13:59:41.355,3,2.05,,512000000
2026-05-29 13:59:41.323,2,1.84,,512000000
2026-05-29 13:59:41.313,2,1.68,,512000000
2026-05-29 13:59:41.294,4,3.01,,512000000
2026-05-29 13:59:41.284,3,2.16,,512000000
2026-05-29 13:59:41.264,2,1.75,,512000000
2026-05-29 13:59:41.229,2,1.8,,512000000
2026-05-29 13:59:41.155,2,1.78,,512000000
2026-05-29 13:59:41.130,2,1.76,,512000000
2026-05-29 13:59:41.107,2,1.81,,512000000
2026-05-29 13:59:41.074,45,44.94,,512000000
2026-05-29 13:59:41.069,10,9.26,,512000000
2026-05-29 13:59:41.063,3,2.09,,512000000
2026-05-29 13:59:41.055,3,2.32,,512000000
2026-05-29 13:59:40.991,2,1.89,,512000000
2026-05-29 13:59:40.935,19,18.27,,512000000
2026-05-29 13:59:40.881,2,1.8,,512000000
2026-05-29 13:59:40.843,2,1.86,,512000000
2026-05-29 13:59:40.809,4,3.33,,512000000
2026-05-29 13:59:40.779,2,1.85,,512000000
2026-05-29 13:59:40.774,3,2.28,,512000000
2026-05-29 13:59:40.750,2,1.97,,512000000
2026-05-29 13:59:40.749,2,1.94,,512000000
2026-05-29 13:59:40.689,18,17.7,,512000000
2026-05-29 13:59:40.630,15,14.42,,512000000
2026-05-29 13:59:40.622,3,2.09,,512000000
2026-05-29 13:59:40.614,3,2.19,,512000000
2026-05-29 13:59:40.550,30,29.28,,512000000
2026-05-29 13:59:40.363,2,1.69,,512000000
2026-05-29 13:59:40.239,2,1.69,,512000000
2026-05-29 13:59:40.213,2,1.78,,512000000
2026-05-29 13:59:40.204,2,1.97,,512000000
2026-05-29 13:59:40.175,3,2.52,,512000000
2026-05-29 13:59:40.074,8,7.91,,512000000
2026-05-29 13:59:40.072,2,1.81,,512000000
2026-05-29 13:59:40.044,2,1.73,,512000000
2026-05-29 13:59:39.974,11,10.62,,512000000
2026-05-29 13:59:39.974,2,1.82,,512000000
2026-05-29 13:59:39.965,3,2.04,,512000000
2026-05-29 13:59:39.940,2,1.92,,512000000
2026-05-29 13:59:39.870,11,10.12,,512000000
2026-05-29 13:59:39.851,2,1.75,,512000000
2026-05-29 13:59:39.830,3,2.05,,512000000
2026-05-29 13:59:39.754,3,2.17,,512000000
2026-05-29 13:59:39.750,3,2.02,,512000000
2026-05-29 13:59:39.734,7,6.17,,512000000
2026-05-29 13:59:39.713,8,7.8,,512000000
2026-05-29 13:59:39.698,2,1.69,,512000000
2026-05-29 13:59:39.674,6,5.06,,512000000
2026-05-29 13:59:39.654,6,5.07,,512000000
2026-05-29 13:59:39.648,2,1.97,,512000000
2026-05-29 13:59:39.621,2,1.66,,512000000
2026-05-29 13:59:39.559,2,1.67,,512000000
2026-05-29 13:59:39.538,2,1.78,,512000000
2026-05-29 13:59:39.534,2,1.99,,512000000
2026-05-29 13:59:39.496,2,1.72,,512000000
2026-05-29 13:59:39.492,2,1.98,,512000000
2026-05-29 13:59:39.486,5,4.71,,512000000
2026-05-29 13:59:39.483,3,2.16,,512000000
2026-05-29 13:59:39.451,7,6.67,,512000000
2026-05-29 13:59:39.436,2,1.89,,512000000
2026-05-29 13:59:39.435,6,5.2,,512000000
2026-05-29 13:59:39.413,2,1.54,,512000000
2026-05-29 13:59:39.321,3,2.23,,512000000
2026-05-29 13:59:39.316,2,1.93,,512000000
2026-05-29 13:59:39.295,3,2.01,,512000000
2026-05-29 13:59:39.284,2,1.97,,512000000
2026-05-29 13:59:39.226,3,2.14,,512000000
2026-05-29 13:59:39.188,3,2.03,,512000000
2026-05-29 13:59:39.154,2,1.85,,512000000
2026-05-29 13:59:39.132,3,2.08,,512000000
2026-05-29 13:59:39.073,2,1.86,,512000000
2026-05-29 13:59:39.045,3,2.24,,512000000
2026-05-29 13:59:38.875,2,1.9,,512000000
2026-05-29 13:59:38.834,2,1.87,,512000000
2026-05-29 13:59:38.798,2,1.82,,512000000
2026-05-29 13:59:38.793,2,1.78,,512000000
2026-05-29 13:59:38.778,2,1.81,,512000000
2026-05-29 13:59:38.730,2,1.92,,512000000
2026-05-29 13:59:38.672,2,1.83,,512000000
2026-05-29 13:59:38.503,2,1.7,,512000000
2026-05-29 13:59:38.363,3,2.38,,512000000
2026-05-29 13:59:38.349,11,10.73,,512000000
2026-05-29 13:59:38.339,2,1.85,,512000000
2026-05-29 13:59:38.312,2,1.76,,512000000
2026-05-29 13:59:38.291,2,1.7,,512000000
2026-05-29 13:59:38.252,3,2.19,,512000000
2026-05-29 13:59:38.234,3,2.07,,512000000
2026-05-29 13:59:38.211,5,4.6,,512000000
2026-05-29 13:59:38.198,2,1.88,,512000000
2026-05-29 13:59:38.170,7,6.3,,512000000
2026-05-29 13:59:38.150,7,6.04,,512000000
2026-05-29 13:59:38.131,2,1.92,,512000000
2026-05-29 13:59:38.077,5,4.13,,512000000
2026-05-29 13:59:38.038,2,1.79,,512000000
2026-05-29 13:59:38.034,7,6.56,,512000000
2026-05-29 13:59:38.026,2,1.94,,512000000
2026-05-29 13:59:37.916,2,1.93,,512000000
2026-05-29 13:59:37.888,2,1.85,,512000000
2026-05-29 13:59:37.858,2,1.8,,512000000
2026-05-29 13:59:37.809,12,11.84,,512000000
2026-05-29 13:59:37.791,2,1.83,,512000000
2026-05-29 13:59:37.774,2,1.86,,512000000
2026-05-29 13:59:37.747,2,1.99,,512000000
2026-05-29 13:59:37.716,2,1.67,,512000000
2026-05-29 13:59:37.714,2,1.98,,512000000
2026-05-29 13:59:37.692,2,1.83,,512000000
2026-05-29 13:59:37.673,3,2.26,,512000000
2026-05-29 13:59:37.616,3,2.94,,512000000
2026-05-29 13:59:37.597,3,2.24,,512000000
2026-05-29 13:59:37.587,2,1.81,,512000000
2026-05-29 13:59:37.545,3,2.36,,512000000
2026-05-29 13:59:37.531,2,1.95,,512000000
2026-05-29 13:59:37.501,2,1.94,,512000000
2026-05-29 13:59:37.469,5,4.27,,512000000
2026-05-29 13:59:37.407,2,1.79,,512000000
2026-05-29 13:59:37.299,2,1.69,,512000000
2026-05-29 13:59:37.293,6,5.27,,512000000
2026-05-29 13:59:37.240,3,2.23,,512000000
2026-05-29 13:59:37.215,2,1.73,,512000000
2026-05-29 13:59:37.212,2,2,,512000000
2026-05-29 13:59:37.185,2,1.63,,512000000
2026-05-29 13:59:37.174,3,2.28,,512000000
2026-05-29 13:59:37.171,3,2.06,,512000000
2026-05-29 13:59:37.141,2,1.79,,512000000
2026-05-29 13:59:37.097,2,1.77,,512000000
2026-05-29 13:59:37.042,3,2.01,,512000000
2026-05-29 13:59:37.039,2,1.84,,512000000
2026-05-29 13:59:37.010,5,4.45,,512000000
2026-05-29 13:59:36.996,2,2,,512000000
2026-05-29 13:59:36.974,2,1.77,,512000000
2026-05-29 13:59:36.953,2,1.78,,512000000
2026-05-29 13:59:36.887,2,1.65,,512000000
2026-05-29 13:59:36.840,3,2.16,,512000000
2026-05-29 13:59:36.837,2,1.81,,512000000
2026-05-29 13:59:36.784,2,1.9,,512000000
2026-05-29 13:59:36.748,3,2.07,,512000000
2026-05-29 13:59:36.641,3,2.26,,512000000
2026-05-29 13:59:36.633,3,2.55,,512000000
2026-05-29 13:59:36.597,2,1.96,,512000000
2026-05-29 13:59:36.451,2,1.88,,512000000
2026-05-29 13:59:36.371,3,2.06,,512000000
2026-05-29 13:59:36.345,2,1.96,,512000000
2026-05-29 13:59:36.320,2,1.85,,512000000
2026-05-29 13:59:36.315,11,10.58,,512000000
2026-05-29 13:59:36.300,2,1.82,,512000000
2026-05-29 13:59:36.283,2,1.89,,512000000
2026-05-29 13:59:36.261,2,1.82,,512000000
2026-05-29 13:59:36.230,7,6.21,,512000000
2026-05-29 13:59:36.224,3,2.12,,512000000
2026-05-29 13:59:36.218,3,2.08,,512000000
2026-05-29 13:59:36.216,2,1.74,,512000000
2026-05-29 13:59:36.205,2,1.87,,512000000
2026-05-29 13:59:36.093,2,1.8,,512000000
2026-05-29 13:59:36.076,2,1.84,,512000000
2026-05-29 13:59:36.042,2,1.83,,512000000
2026-05-29 13:59:35.951,2,1.78,,512000000
2026-05-29 13:59:35.924,3,2.23,,512000000
2026-05-29 13:59:35.900,2,1.99,,512000000
2026-05-29 13:59:35.883,3,2.04,,512000000
2026-05-29 13:59:35.881,3,2.03,,512000000
2026-05-29 13:59:35.881,3,2.11,,512000000
2026-05-29 13:59:35.850,3,2.05,,512000000
2026-05-29 13:59:35.805,3,2.18,,512000000
2026-05-29 13:59:35.781,2,1.91,,512000000
2026-05-29 13:59:35.776,2,1.83,,512000000
2026-05-29 13:59:35.724,3,2.06,,512000000
2026-05-29 13:59:35.700,3,2,,512000000
2026-05-29 13:59:35.675,14,13.41,,512000000
2026-05-29 13:59:35.662,3,2.1,,512000000
2026-05-29 13:59:35.653,2,1.78,,512000000
2026-05-29 13:59:35.510,3,2.1,,512000000
2026-05-29 13:59:35.508,3,2.11,,512000000
2026-05-29 13:59:35.505,2,1.62,,512000000
2026-05-29 13:59:35.467,2,1.76,,512000000
2026-05-29 13:59:35.413,2,1.67,,512000000
2026-05-29 13:59:35.358,2,1.86,,512000000
2026-05-29 13:59:35.320,2,1.7,,512000000
2026-05-29 13:59:35.234,11,10.12,,512000000
2026-05-29 13:59:35.213,6,5.8,,512000000
2026-05-29 13:59:35.194,3,2.25,,512000000
2026-05-29 13:59:35.182,2,1.64,,512000000
2026-05-29 13:59:35.138,2,1.9,,512000000
2026-05-29 13:59:35.138,3,2.14,,512000000
2026-05-29 13:59:35.132,3,2.3,,512000000
2026-05-29 13:59:35.132,2,1.93,,512000000
2026-05-29 13:59:35.068,5,4.22,,512000000
2026-05-29 13:59:35.053,2,1.83,,512000000
2026-05-29 13:59:35.031,2,1.75,,512000000
2026-05-29 13:59:34.968,2,1.8,,512000000
2026-05-29 13:59:34.851,2,1.67,,512000000
2026-05-29 13:59:34.792,3,2.85,,512000000
2026-05-29 13:59:34.732,8,7.04,,512000000
2026-05-29 13:59:34.724,2,1.76,,512000000
2026-05-29 13:59:34.719,2,1.64,,512000000
2026-05-29 13:59:34.717,2,1.92,,512000000
2026-05-29 13:59:34.700,2,1.77,,512000000
2026-05-29 13:59:34.673,2,1.96,,512000000
2026-05-29 13:59:34.578,3,2.27,,512000000
2026-05-29 13:59:34.563,2,1.91,,512000000
2026-05-29 13:59:34.444,3,2.18,,512000000
2026-05-29 13:59:34.440,2,1.69,,512000000
2026-05-29 13:59:34.427,2,1.64,,512000000
2026-05-29 13:59:34.369,2,1.64,,512000000
2026-05-29 13:59:34.318,2,1.76,,512000000
2026-05-29 13:59:34.257,2,1.87,,512000000
2026-05-29 13:59:34.234,3,2.02,,512000000
2026-05-29 13:59:34.220,2,1.64,,512000000
2026-05-29 13:59:34.207,2,1.77,,512000000
2026-05-29 13:59:34.178,2,1.7,,512000000
2026-05-29 13:59:34.160,2,1.87,,512000000
2026-05-29 13:59:34.153,4,3.04,,512000000
2026-05-29 13:59:34.141,2,1.68,,512000000
2026-05-29 13:59:34.105,2,1.7,,512000000
2026-05-29 13:59:34.077,2,1.71,,512000000
2026-05-29 13:59:34.048,2,1.7,,512000000
2026-05-29 13:59:33.995,2,1.73,,512000000
2026-05-29 13:59:33.909,4,3.12,,512000000
2026-05-29 13:59:33.904,2,1.77,,512000000
2026-05-29 13:59:33.889,19,18.68,,512000000
2026-05-29 13:59:33.888,2,1.82,,512000000
2026-05-29 13:59:33.864,2,1.92,,512000000
2026-05-29 13:59:33.844,2,1.78,,512000000
2026-05-29 13:59:33.837,2,1.75,,512000000
2026-05-29 13:59:33.818,2,1.79,,512000000
2026-05-29 13:59:33.809,2,1.68,,512000000
2026-05-29 13:59:33.794,2,1.77,,512000000
2026-05-29 13:59:33.779,3,2.06,,512000000
2026-05-29 13:59:33.775,2,1.69,,512000000
2026-05-29 13:59:33.718,2,1.71,,512000000
2026-05-29 13:59:33.648,2,1.69,,512000000
2026-05-29 13:59:33.605,2,1.9,,512000000
2026-05-29 13:59:33.577,2,1.86,,512000000
2026-05-29 13:59:33.560,2,1.95,,512000000
2026-05-29 13:59:33.537,10,9.18,,512000000
2026-05-29 13:59:33.463,2,1.75,,512000000
2026-05-29 13:59:33.352,5,4.99,,512000000
2026-05-29 13:59:33.334,2,1.75,,512000000
2026-05-29 13:59:33.250,8,7.7,,512000000
2026-05-29 13:59:33.194,2,1.59,,512000000
2026-05-29 13:59:33.193,3,2.08,,512000000
2026-05-29 13:59:33.170,2,1.72,,512000000
2026-05-29 13:59:33.127,2,1.88,,512000000
2026-05-29 13:59:32.928,3,2.25,,512000000
2026-05-29 13:59:32.874,2,1.7,,512000000
2026-05-29 13:59:32.870,15,14.47,,512000000
2026-05-29 13:59:32.848,8,7.08,,512000000
2026-05-29 13:59:32.833,13,12.77,,512000000
2026-05-29 13:59:32.821,3,2.29,,512000000
2026-05-29 13:59:32.790,3,2.03,,512000000
2026-05-29 13:59:32.790,5,4.66,,512000000
2026-05-29 13:59:32.764,2,1.94,,512000000
2026-05-29 13:59:32.747,3,2.01,,512000000
2026-05-29 13:59:32.728,2,1.72,,512000000
2026-05-29 13:59:32.684,2,2,,512000000
2026-05-29 13:59:32.659,2,1.92,,512000000
2026-05-29 13:59:32.659,2,2,,512000000
2026-05-29 13:59:32.569,2,1.76,,512000000
2026-05-29 13:59:32.549,4,3.99,,512000000
2026-05-29 13:59:32.539,2,1.64,,512000000
2026-05-29 13:59:32.533,4,3.64,,512000000
2026-05-29 13:59:32.482,2,1.74,,512000000
2026-05-29 13:59:32.480,2,1.72,,512000000
2026-05-29 13:59:32.476,6,5.05,,512000000
2026-05-29 13:59:32.461,2,1.78,,512000000
2026-05-29 13:59:32.451,2,1.86,,512000000
2026-05-29 13:59:32.450,7,6.59,,512000000
2026-05-29 13:59:32.449,14,13.67,,512000000
2026-05-29 13:59:32.447,3,2.02,,512000000
2026-05-29 13:59:32.431,2,1.76,,512000000
2026-05-29 13:59:32.422,2,1.72,,512000000
2026-05-29 13:59:32.381,2,1.92,,512000000
2026-05-29 13:59:32.321,3,2.06,,512000000
2026-05-29 13:59:32.255,2,1.87,,512000000
2026-05-29 13:59:32.236,2,1.77,,512000000
2026-05-29 13:59:32.207,2,1.85,,512000000
2026-05-29 13:59:32.150,3,2.03,,512000000
2026-05-29 13:59:32.121,2,1.83,,512000000
2026-05-29 13:59:32.062,2,1.72,,512000000
2026-05-29 13:59:31.991,2,1.8,,512000000
2026-05-29 13:59:31.981,2,1.88,,512000000
2026-05-29 13:59:31.961,2,1.86,,512000000
2026-05-29 13:59:31.892,2,2,,512000000
2026-05-29 13:59:31.847,3,2.28,,512000000
2026-05-29 13:59:31.820,6,5.08,,512000000
2026-05-29 13:59:31.744,2,1.98,,512000000
2026-05-29 13:59:31.666,2,1.67,,512000000
2026-05-29 13:59:31.648,2,1.74,,512000000
2026-05-29 13:59:31.602,2,1.91,,512000000
2026-05-29 13:59:31.526,5,4.61,,512000000
2026-05-29 13:59:31.490,3,2.37,,512000000
2026-05-29 13:59:31.472,2,1.75,,512000000
2026-05-29 13:59:31.458,2,1.76,,512000000
2026-05-29 13:59:31.451,2,1.98,,512000000
2026-05-29 13:59:31.444,2,1.7,,512000000
2026-05-29 13:59:31.439,2,1.7,,512000000
2026-05-29 13:59:31.359,2,1.78,,512000000
2026-05-29 13:59:31.271,2,1.76,,512000000
2026-05-29 13:59:31.240,2,1.84,,512000000
2026-05-29 13:59:31.133,43,42.3,,512000000
2026-05-29 13:59:31.115,2,1.95,,512000000
2026-05-29 13:59:31.113,2,1.93,,512000000
2026-05-29 13:59:31.100,2,1.71,,512000000
2026-05-29 13:59:31.087,2,1.88,,512000000
2026-05-29 13:59:31.084,2,1.72,,512000000
2026-05-29 13:59:31.020,2,1.78,,512000000
2026-05-29 13:59:31.007,2,1.7,,512000000
2026-05-29 13:59:30.920,2,1.68,,512000000
2026-05-29 13:59:30.899,2,1.99,,512000000
2026-05-29 13:59:30.873,2,1.89,,512000000
2026-05-29 13:59:30.815,2,1.86,,512000000
2026-05-29 13:59:30.811,2,1.83,,512000000
2026-05-29 13:59:30.811,2,1.88,,512000000
2026-05-29 13:59:30.792,2,1.81,,512000000
2026-05-29 13:59:30.781,2,1.75,,512000000
2026-05-29 13:59:30.774,2,1.89,,512000000
2026-05-29 13:59:30.749,2,1.73,,512000000
2026-05-29 13:59:30.718,2,1.7,,512000000
2026-05-29 13:59:30.700,2,1.7,,512000000
2026-05-29 13:59:30.668,14,13.37,,512000000
2026-05-29 13:59:30.649,2,2,,512000000
2026-05-29 13:59:30.648,2,1.75,,512000000
2026-05-29 13:59:30.632,2,1.95,,512000000
2026-05-29 13:59:30.590,2,1.76,,512000000
2026-05-29 13:59:30.577,2,1.66,,512000000
2026-05-29 13:59:30.390,2,1.7,,512000000
2026-05-29 13:59:30.373,2,1.84,,512000000
2026-05-29 13:59:30.370,12,11.75,,512000000
2026-05-29 13:59:30.361,2,1.75,,512000000
2026-05-29 13:59:30.352,2,1.86,,512000000
2026-05-29 13:59:30.333,3,2.04,,512000000
2026-05-29 13:59:30.245,2,1.95,,512000000
2026-05-29 13:59:30.142,2,1.85,,512000000
2026-05-29 13:59:30.112,7,6.34,,512000000
2026-05-29 13:59:30.072,2,1.84,,512000000
2026-05-29 13:59:30.050,2,1.98,,512000000
2026-05-29 13:59:30.047,2,1.89,,512000000
2026-05-29 13:59:30.033,2,1.88,,512000000
2026-05-29 13:59:30.029,2,1.8,,512000000
2026-05-29 13:59:30.007,2,1.73,,512000000
2026-05-29 13:59:29.966,2,1.78,,512000000
2026-05-29 13:59:29.915,2,1.84,,512000000
2026-05-29 13:59:29.908,3,2.14,,512000000
2026-05-29 13:59:29.833,3,2.46,,512000000
2026-05-29 13:59:29.746,3,2.03,,512000000
2026-05-29 13:59:29.712,2,1.63,,512000000
2026-05-29 13:59:29.656,2,1.72,,512000000
2026-05-29 13:59:29.640,2,1.88,,512000000
2026-05-29 13:59:29.627,3,2,,512000000
2026-05-29 13:59:29.587,2,1.67,,512000000
2026-05-29 13:59:29.546,2,1.75,,512000000
2026-05-29 13:59:29.501,2,1.69,,512000000
2026-05-29 13:59:29.477,2,1.94,,512000000
2026-05-29 13:59:29.449,2,1.88,,512000000
2026-05-29 13:59:29.379,2,1.79,,512000000
2026-05-29 13:59:29.377,2,1.7,,512000000
2026-05-29 13:59:29.328,3,2.8,,512000000
2026-05-29 13:59:29.314,2,1.64,,512000000
2026-05-29 13:59:29.308,2,1.8,,512000000
2026-05-29 13:59:29.270,4,3.14,,512000000
2026-05-29 13:59:29.256,2,1.94,,512000000
2026-05-29 13:59:29.203,2,1.77,,512000000
2026-05-29 13:59:29.102,2,1.78,,512000000
2026-05-29 13:59:29.086,3,2.1,,512000000
2026-05-29 13:59:29.085,3,2.03,,512000000
2026-05-29 13:59:29.044,2,1.73,,512000000
2026-05-29 13:59:29.004,2,1.71,,512000000
2026-05-29 13:59:28.953,2,1.96,,512000000
2026-05-29 13:59:28.930,2,1.78,,512000000
2026-05-29 13:59:28.891,2,1.68,,512000000
2026-05-29 13:59:28.890,12,11.9,,512000000
2026-05-29 13:59:28.829,3,2.04,,512000000
2026-05-29 13:59:28.826,2,1.9,,512000000
2026-05-29 13:59:28.697,2,1.81,,512000000
2026-05-29 13:59:28.691,2,1.73,,512000000
2026-05-29 13:59:28.671,2,1.73,,512000000
2026-05-29 13:59:28.651,5,4.66,,512000000
2026-05-29 13:59:28.644,2,1.91,,512000000
2026-05-29 13:59:28.591,2,1.93,,512000000
2026-05-29 13:59:28.556,3,2,,512000000
2026-05-29 13:59:28.551,3,2.13,,512000000
2026-05-29 13:59:28.508,3,2.3,,512000000
2026-05-29 13:59:28.426,2,1.68,,512000000
2026-05-29 13:59:28.389,3,2.26,,512000000
2026-05-29 13:59:28.385,2,1.89,,512000000
2026-05-29 13:59:28.384,2,1.68,,512000000
2026-05-29 13:59:28.350,2,1.88,,512000000
2026-05-29 13:59:28.303,2,1.67,,512000000
2026-05-29 13:59:28.299,2,1.81,,512000000
2026-05-29 13:59:28.243,2,1.72,,512000000
2026-05-29 13:59:28.175,2,1.76,,512000000
2026-05-29 13:59:28.169,2,1.79,,512000000
2026-05-29 13:59:28.147,7,6.52,,512000000
2026-05-29 13:59:28.127,2,1.95,,512000000
2026-05-29 13:59:28.110,2,1.6,,512000000
2026-05-29 13:59:28.101,2,1.84,,512000000
2026-05-29 13:59:28.063,2,1.77,,512000000
2026-05-29 13:59:28.061,2,1.68,,512000000
2026-05-29 13:59:28.041,2,1.76,,512000000
2026-05-29 13:59:28.000,2,1.66,,512000000
2026-05-29 13:59:27.971,2,1.66,,512000000
2026-05-29 13:59:27.949,2,1.79,,512000000
2026-05-29 13:59:27.853,5,4.02,,512000000
2026-05-29 13:59:27.839,2,1.98,,512000000
2026-05-29 13:59:27.822,2,1.81,,512000000
2026-05-29 13:59:27.762,2,1.84,,512000000
2026-05-29 13:59:27.727,2,1.85,,512000000
2026-05-29 13:59:27.726,3,2.04,,512000000
2026-05-29 13:59:27.657,2,1.6,,512000000
2026-05-29 13:59:27.650,2,1.71,,512000000
2026-05-29 13:59:27.607,2,1.83,,512000000
2026-05-29 13:59:27.571,2,1.75,,512000000
2026-05-29 13:59:27.481,2,1.65,,512000000
2026-05-29 13:59:27.473,2,1.68,,512000000
2026-05-29 13:59:27.379,2,1.65,,512000000
2026-05-29 13:59:27.366,2,1.76,,512000000
2026-05-29 13:59:27.365,3,2.04,,512000000
2026-05-29 13:59:27.273,5,4.07,,512000000
2026-05-29 13:59:27.271,2,1.96,,512000000
2026-05-29 13:59:27.263,2,1.79,,512000000
2026-05-29 13:59:27.220,2,1.91,,512000000
2026-05-29 13:59:27.201,2,1.83,,512000000
2026-05-29 13:59:27.131,2,1.7,,512000000
2026-05-29 13:59:27.059,2,1.77,,512000000
2026-05-29 13:59:27.053,4,3.79,,512000000
2026-05-29 13:59:27.040,2,1.8,,512000000
2026-05-29 13:59:26.899,3,2.04,,512000000
2026-05-29 13:59:26.871,2,1.89,,512000000
2026-05-29 13:59:26.841,3,2.1,,512000000
2026-05-29 13:59:26.841,2,1.86,,512000000
2026-05-29 13:59:26.836,3,2.02,,512000000
2026-05-29 13:59:26.801,2,1.93,,512000000
2026-05-29 13:59:26.799,2,1.74,,512000000
2026-05-29 13:59:26.766,2,1.79,,512000000
2026-05-29 13:59:26.748,2,1.86,,512000000
2026-05-29 13:59:26.717,2,1.99,,512000000
2026-05-29 13:59:26.676,3,2.71,,512000000
2026-05-29 13:59:26.652,2,1.71,,512000000
2026-05-29 13:59:26.619,2,1.78,,512000000
2026-05-29 13:59:26.601,5,4.99,,512000000
2026-05-29 13:59:26.596,2,1.88,,512000000
2026-05-29 13:59:26.580,2,1.8,,512000000
2026-05-29 13:59:26.551,5,4.73,,512000000
2026-05-29 13:59:26.535,2,1.93,,512000000
2026-05-29 13:59:26.469,3,2.3,,512000000
2026-05-29 13:59:26.414,2,2,,512000000
2026-05-29 13:59:26.310,3,2.11,,512000000
2026-05-29 13:59:26.257,2,1.99,,512000000
2026-05-29 13:59:26.234,12,11.32,,512000000
2026-05-29 13:59:26.225,3,2.04,,512000000
2026-05-29 13:59:26.216,2,1.94,,512000000
2026-05-29 13:59:26.189,2,1.7,,512000000
2026-05-29 13:59:26.167,2,1.95,,512000000
2026-05-29 13:59:26.081,2,1.87,,512000000
2026-05-29 13:59:26.050,3,2.17,,512000000
2026-05-29 13:59:26.010,25,24.21,,512000000
2026-05-29 13:59:26.000,2,1.82,,512000000
2026-05-29 13:59:25.973,2,1.69,,512000000
2026-05-29 13:59:25.921,2,1.78,,512000000
2026-05-29 13:59:25.890,12,11.94,,512000000
2026-05-29 13:59:25.880,2,1.89,,512000000
2026-05-29 13:59:25.846,2,1.89,,512000000
2026-05-29 13:59:25.806,3,2.88,,512000000
2026-05-29 13:59:25.806,2,1.75,,512000000
2026-05-29 13:59:25.770,10,9.54,,512000000
2026-05-29 13:59:25.752,2,1.98,,512000000
2026-05-29 13:59:25.675,2,1.69,,512000000
2026-05-29 13:59:25.654,9,8.29,,512000000
2026-05-29 13:59:25.648,2,1.72,,512000000
2026-05-29 13:59:25.622,3,2,,512000000
2026-05-29 13:59:25.607,3,2.1,,512000000
2026-05-29 13:59:25.607,2,1.85,,512000000
2026-05-29 13:59:25.576,2,1.8,,512000000
2026-05-29 13:59:25.481,2,1.91,,512000000
2026-05-29 13:59:25.454,2,1.82,,512000000
2026-05-29 13:59:25.411,2,1.82,,512000000
2026-05-29 13:59:25.404,3,2.08,,512000000
2026-05-29 13:59:25.312,41,40.36,,512000000
2026-05-29 13:59:25.306,3,2.21,,512000000
2026-05-29 13:59:25.303,2,1.74,,512000000
2026-05-29 13:59:25.289,2,1.74,,512000000
2026-05-29 13:59:25.196,2,1.8,,512000000
2026-05-29 13:59:25.141,4,3.26,,512000000
2026-05-29 13:59:25.110,2,1.76,,512000000
2026-05-29 13:59:25.016,2,1.88,,512000000
2026-05-29 13:59:24.998,2,1.85,,512000000
2026-05-29 13:59:24.939,2,1.87,,512000000
2026-05-29 13:59:24.935,21,20.04,,512000000
2026-05-29 13:59:24.854,5,4.27,,512000000
2026-05-29 13:59:24.853,3,2.12,,512000000
2026-05-29 13:59:24.838,2,1.95,,512000000
2026-05-29 13:59:24.794,15,14.88,,512000000
2026-05-29 13:59:24.765,2,1.76,,512000000
2026-05-29 13:59:24.715,3,2.88,,512000000
2026-05-29 13:59:24.710,2,1.78,,512000000
2026-05-29 13:59:24.674,3,2.04,,512000000
2026-05-29 13:59:24.633,2,1.86,,512000000
2026-05-29 13:59:24.562,2,1.8,,512000000
2026-05-29 13:59:24.548,2,1.76,,512000000
2026-05-29 13:59:24.539,2,1.85,,512000000
2026-05-29 13:59:24.500,2,1.8,,512000000
2026-05-29 13:59:24.487,2,1.88,,512000000
2026-05-29 13:59:24.432,3,2.15,,512000000
2026-05-29 13:59:24.419,2,1.71,,512000000
2026-05-29 13:59:24.396,2,1.77,,512000000
2026-05-29 13:59:24.373,2,1.82,,512000000
2026-05-29 13:59:24.319,2,1.75,,512000000
2026-05-29 13:59:24.234,3,2.2,,512000000
2026-05-29 13:59:24.210,5,4.37,,512000000
2026-05-29 13:59:24.196,2,1.85,,512000000
2026-05-29 13:59:24.169,11,10.07,,512000000
2026-05-29 13:59:24.161,2,1.9,,512000000
2026-05-29 13:59:24.151,3,2.03,,512000000
2026-05-29 13:59:24.149,2,1.59,,512000000
2026-05-29 13:59:23.997,2,1.83,,512000000
2026-05-29 13:59:23.988,2,1.94,,512000000
2026-05-29 13:59:23.954,2,1.66,,512000000
2026-05-29 13:59:23.945,2,1.79,,512000000
2026-05-29 13:59:23.914,2,1.74,,512000000
2026-05-29 13:59:23.865,2,1.69,,512000000
2026-05-29 13:59:23.847,2,1.95,,512000000
2026-05-29 13:59:23.825,4,3.16,,512000000
2026-05-29 13:59:23.814,9,8.98,,512000000
2026-05-29 13:59:23.797,2,1.81,,512000000
2026-05-29 13:59:23.759,2,1.87,,512000000
2026-05-29 13:59:23.746,2,1.91,,512000000
2026-05-29 13:59:23.745,3,2.47,,512000000
2026-05-29 13:59:23.742,3,2.27,,512000000
2026-05-29 13:59:23.739,3,2.14,,512000000
2026-05-29 13:59:23.692,2,1.95,,512000000
2026-05-29 13:59:23.670,2,1.95,,512000000
2026-05-29 13:59:23.669,2,1.76,,512000000
2026-05-29 13:59:23.552,3,2.05,,512000000
2026-05-29 13:59:23.550,2,1.9,,512000000
2026-05-29 13:59:23.473,2,1.75,,512000000
2026-05-29 13:59:23.402,2,1.86,,512000000
2026-05-29 13:59:23.239,3,2.77,,512000000
2026-05-29 13:59:23.221,3,2.38,,512000000
2026-05-29 13:59:23.009,2,1.89,,512000000
2026-05-29 13:59:23.008,2,1.68,,512000000
2026-05-29 13:59:22.986,2,1.79,,512000000
2026-05-29 13:59:22.973,2,1.75,,512000000
2026-05-29 13:59:22.893,9,8.59,,512000000
2026-05-29 13:59:22.876,2,1.76,,512000000
2026-05-29 13:59:22.875,3,2.54,,512000000
2026-05-29 13:59:22.864,3,2,,512000000
2026-05-29 13:59:22.864,2,1.73,,512000000
2026-05-29 13:59:22.854,11,10.15,,512000000
2026-05-29 13:59:22.837,2,1.7,,512000000
2026-05-29 13:59:22.798,2,1.92,,512000000
2026-05-29 13:59:22.793,2,1.81,,512000000
2026-05-29 13:59:22.783,2,1.74,,512000000
2026-05-29 13:59:22.753,15,14.05,,512000000
2026-05-29 13:59:22.743,2,1.92,,512000000
2026-05-29 13:59:22.738,2,1.95,,512000000
2026-05-29 13:59:22.736,2,1.8,,512000000
2026-05-29 13:59:22.658,3,2.23,,512000000
2026-05-29 13:59:22.629,9,8.39,,512000000
2026-05-29 13:59:22.609,3,2.58,,512000000
2026-05-29 13:59:22.485,2,1.72,,512000000
2026-05-29 13:59:22.443,2,1.85,,512000000
2026-05-29 13:59:22.402,3,2.1,,512000000
2026-05-29 13:59:22.380,2,1.77,,512000000
2026-05-29 13:59:22.368,2,1.84,,512000000
2026-05-29 13:59:22.325,2,1.81,,512000000
2026-05-29 13:59:22.275,20,19.97,,512000000
2026-05-29 13:59:22.251,2,1.88,,512000000
2026-05-29 13:59:22.174,17,16.81,,512000000
2026-05-29 13:59:22.109,3,2.21,,512000000
2026-05-29 13:59:22.036,3,2.35,,512000000
2026-05-29 13:59:22.027,2,1.83,,512000000
2026-05-29 13:59:21.845,2,1.83,,512000000
2026-05-29 13:59:21.830,2,1.66,,512000000
2026-05-29 13:59:21.796,2,1.76,,512000000
2026-05-29 13:59:21.742,3,2.44,,512000000
2026-05-29 13:59:21.742,2,1.69,,512000000
2026-05-29 13:59:21.736,2,1.97,,512000000
2026-05-29 13:59:21.735,2,1.57,,512000000
2026-05-29 13:59:21.734,2,1.67,,512000000
2026-05-29 13:59:21.727,3,2.03,,512000000
2026-05-29 13:59:21.706,3,2.31,,512000000
2026-05-29 13:59:21.637,3,2.26,,512000000
2026-05-29 13:59:21.572,2,1.92,,512000000
2026-05-29 13:59:21.549,13,12.65,,512000000
2026-05-29 13:59:21.540,2,1.61,,512000000
2026-05-29 13:59:21.520,3,2.02,,512000000
2026-05-29 13:59:21.447,7,6.3,,512000000
2026-05-29 13:59:21.236,3,2.25,,512000000
2026-05-29 13:59:21.210,3,2.06,,512000000
2026-05-29 13:59:21.204,2,1.68,,512000000
2026-05-29 13:59:21.181,2,1.7,,512000000
2026-05-29 13:59:21.055,3,2.66,,512000000
2026-05-29 13:59:21.052,2,1.88,,512000000
2026-05-29 13:59:20.906,2,1.99,,512000000
2026-05-29 13:59:20.812,2,1.77,,512000000
2026-05-29 13:59:20.770,25,24.12,,512000000
2026-05-29 13:59:20.769,2,1.96,,512000000
2026-05-29 13:59:20.763,3,2.27,,512000000
2026-05-29 13:59:20.754,15,14.21,,512000000
2026-05-29 13:59:20.744,3,2.02,,512000000
2026-05-29 13:59:20.743,3,2.1,,512000000
2026-05-29 13:59:20.677,2,1.68,,512000000
2026-05-29 13:59:20.672,3,2.11,,512000000
2026-05-29 13:59:20.550,7,6.38,,512000000
2026-05-29 13:59:20.536,2,1.8,,512000000
2026-05-29 13:59:20.371,3,2.07,,512000000
2026-05-29 13:59:20.295,2,1.88,,512000000
2026-05-29 13:59:20.251,2,1.82,,512000000
2026-05-29 13:59:20.240,2,1.76,,512000000
2026-05-29 13:59:20.200,2,1.7,,512000000
2026-05-29 13:59:20.198,2,1.86,,512000000
2026-05-29 13:59:20.187,2,1.89,,512000000
2026-05-29 13:59:20.151,2,1.83,,512000000
2026-05-29 13:59:20.076,3,2.1,,512000000
2026-05-29 13:59:20.056,3,2.34,,512000000
2026-05-29 13:59:19.949,3,2.94,,512000000
2026-05-29 13:59:19.916,3,2.31,,512000000
2026-05-29 13:59:19.897,3,2.04,,512000000
2026-05-29 13:59:19.755,11,10.64,,512000000
2026-05-29 13:59:19.737,2,1.84,,512000000
2026-05-29 13:59:19.733,2,1.78,,512000000
2026-05-29 13:59:19.732,3,2.02,,512000000
2026-05-29 13:59:19.732,2,1.75,,512000000
2026-05-29 13:59:19.655,8,7.45,,512000000
2026-05-29 13:59:19.507,3,2.24,,512000000
2026-05-29 13:59:19.503,2,1.83,,512000000
2026-05-29 13:59:19.443,2,1.95,,512000000
2026-05-29 13:59:19.280,2,1.71,,512000000
2026-05-29 13:59:19.206,2,1.88,,512000000
2026-05-29 13:59:18.995,2,1.97,,512000000
2026-05-29 13:59:18.973,7,6.75,,512000000
2026-05-29 13:59:18.956,3,2.06,,512000000
2026-05-29 13:59:18.947,2,1.89,,512000000
2026-05-29 13:59:18.880,2,1.98,,512000000
2026-05-29 13:59:18.808,2,1.75,,512000000
2026-05-29 13:59:18.740,3,2.07,,512000000
2026-05-29 13:59:18.736,3,2.12,,512000000
2026-05-29 13:59:18.736,3,2.21,,512000000
2026-05-29 13:59:18.733,2,1.92,,512000000
2026-05-29 13:59:18.684,2,1.88,,512000000
2026-05-29 13:59:18.487,2,1.98,,512000000
2026-05-29 13:59:18.312,2,1.85,,512000000
2026-05-29 13:59:18.290,9,8.95,,512000000
2026-05-29 13:59:18.273,2,1.78,,512000000
2026-05-29 13:59:18.230,2,1.71,,512000000
2026-05-29 13:59:18.179,2,1.9,,512000000
2026-05-29 13:59:18.128,3,2.03,,512000000
2026-05-29 13:59:17.961,2,1.85,,512000000
2026-05-29 13:59:17.931,2,1.84,,512000000
2026-05-29 13:59:17.876,2,1.92,,512000000
2026-05-29 13:59:17.752,10,9.96,,512000000
2026-05-29 13:59:17.746,2,1.79,,512000000
2026-05-29 13:59:17.739,3,2.23,,512000000
2026-05-29 13:59:17.733,2,1.83,,512000000
2026-05-29 13:59:17.708,2,1.71,,512000000
2026-05-29 13:59:17.398,2,1.75,,512000000
2026-05-29 13:59:17.214,2,1.7,,512000000
2026-05-29 13:59:16.846,2,1.84,,512000000
2026-05-29 13:59:16.761,2,1.86,,512000000
2026-05-29 13:59:16.755,19,18.84,,512000000
2026-05-29 13:59:16.744,2,1.95,,512000000
2026-05-29 13:59:16.739,2,1.86,,512000000
2026-05-29 13:59:16.739,2,1.77,,512000000
2026-05-29 13:59:16.694,2,1.82,,512000000
2026-05-29 13:59:16.667,2,1.7,,512000000
2026-05-29 13:59:16.643,2,1.82,,512000000
2026-05-29 13:59:16.533,2,1.99,,512000000
2026-05-29 13:59:16.487,3,2.06,,512000000
2026-05-29 13:59:16.294,2,1.88,,512000000
2026-05-29 13:59:16.162,3,2.1,,512000000
2026-05-29 13:59:15.771,3,2.07,,512000000
2026-05-29 13:59:15.421,2,1.82,,512000000
2026-05-29 13:59:15.013,2,1.75,,512000000
2026-05-29 13:59:14.749,3,2.01,,512000000
2026-05-29 13:59:14.692,2,1.66,,512000000
2026-05-29 13:59:14.652,2,1.91,,512000000
2026-05-29 13:59:14.621,3,2.1,,512000000
2026-05-29 13:59:14.616,2,1.7,,512000000
2026-05-29 13:59:14.598,2,1.73,,512000000
2026-05-29 13:59:14.276,3,2.43,,512000000
2026-05-29 13:59:13.967,3,2.25,,512000000
2026-05-29 13:59:13.434,2,1.83,,512000000
2026-05-29 13:59:13.375,2,1.94,,512000000
2026-05-29 13:59:13.061,2,1.58,,512000000
2026-05-29 13:59:12.912,2,1.9,,512000000
2026-05-29 13:59:12.748,2,1.83,,512000000
2026-05-29 13:59:12.639,3,2.08,,512000000
2026-05-29 13:59:12.633,2,1.87,,512000000
2026-05-29 13:59:12.535,2,1.77,,512000000
2026-05-29 13:59:12.484,2,1.82,,512000000
2026-05-29 13:59:12.280,2,1.85,,512000000
2026-05-29 13:59:11.780,3,2.04,,512000000
2026-05-29 13:59:11.435,3,2,,512000000
2026-05-29 13:59:11.314,5,4.96,,512000000
2026-05-29 13:59:11.304,3,2.15,,512000000
2026-05-29 13:59:10.949,2,1.78,,512000000
2026-05-29 13:59:10.912,2,1.75,,512000000
2026-05-29 13:59:10.853,2,1.91,,512000000
2026-05-29 13:59:10.768,2,1.74,,512000000
2026-05-29 13:59:10.763,3,2.32,,512000000
2026-05-29 13:59:10.561,2,1.62,,512000000
2026-05-29 13:59:09.900,2,1.85,,512000000
2026-05-29 13:59:09.889,3,2.17,,512000000
2026-05-29 13:59:09.668,2,1.7,,512000000
2026-05-29 13:59:09.578,2,1.89,,512000000
2026-05-29 13:59:09.416,3,2.74,,512000000
2026-05-29 13:59:09.257,3,2,,512000000
2026-05-29 13:59:09.130,9,8.67,,512000000
2026-05-29 13:59:09.115,2,1.62,,512000000
2026-05-29 13:59:08.932,15,14.82,,512000000
2026-05-29 13:59:08.670,2,1.82,,512000000
2026-05-29 13:59:08.484,3,2.01,,512000000
2026-05-29 13:59:08.179,2,1.66,,512000000
2026-05-29 13:59:08.112,2,1.86,,512000000
2026-05-29 13:59:08.036,3,2.16,,512000000
2026-05-29 13:59:07.729,3,2.04,,512000000
2026-05-29 13:59:07.672,2,1.84,,512000000
2026-05-29 13:59:07.490,2,1.99,,512000000
2026-05-29 13:59:07.418,2,1.79,,512000000
2026-05-29 13:59:07.411,3,2.18,,512000000
2026-05-29 13:59:07.119,2,1.98,,512000000
2026-05-29 13:59:06.720,3,2.06,,512000000
2026-05-29 13:59:06.714,2,1.85,,512000000
2026-05-29 13:59:06.652,2,1.64,,512000000
2026-05-29 13:59:06.592,3,2.08,,512000000
2026-05-29 13:59:05.972,2,1.92,,512000000
2026-05-29 13:59:05.938,2,1.81,,512000000
2026-05-29 13:59:05.791,16,15.98,,512000000
2026-05-29 13:59:05.707,3,2.05,,512000000
2026-05-29 13:59:05.296,2,1.98,,512000000
2026-05-29 13:59:05.213,2,1.97,,512000000
2026-05-29 13:59:05.212,2,1.76,,512000000
2026-05-29 13:59:05.112,3,2.19,,512000000
2026-05-29 13:59:04.871,10,9.83,,512000000
2026-05-29 13:59:04.749,3,2.01,,512000000
2026-05-29 13:59:04.673,2,1.78,,512000000
2026-05-29 13:59:04.469,3,2.06,,512000000
2026-05-29 13:59:03.730,12,11.47,,512000000
2026-05-29 13:59:03.660,3,2.14,,512000000
2026-05-29 13:59:03.479,3,2.4,,512000000
2026-05-29 13:59:03.426,3,2.28,,512000000
2026-05-29 13:59:03.382,7,6.31,,512000000
2026-05-29 13:59:03.331,3,2.12,,512000000
2026-05-29 13:59:03.202,3,2.01,,512000000
2026-05-29 13:59:03.121,3,2.05,,512000000
2026-05-29 13:59:03.070,25,24.58,,512000000
2026-05-29 13:59:02.811,3,2.03,,512000000
2026-05-29 13:59:02.208,2,1.79,,512000000
2026-05-29 13:59:02.090,2,1.95,,512000000
2026-05-29 13:59:02.055,3,2.14,,512000000
2026-05-29 13:59:01.701,2,1.99,,512000000
2026-05-29 13:59:01.584,2,1.88,,512000000
2026-05-29 13:59:01.583,3,2.82,,512000000
2026-05-29 13:59:01.530,13,12.68,,512000000
2026-05-29 13:59:01.356,2,1.75,,512000000
2026-05-29 13:59:01.213,3,2.17,,512000000
2026-05-29 13:59:00.973,2,1.75,,512000000
2026-05-29 13:59:00.724,2,1.85,,512000000
2026-05-29 13:59:00.410,3,2.61,,512000000
2026-05-29 13:59:00.250,3,2.25,,512000000
2026-05-29 13:59:00.185,3,2.03,,512000000
2026-05-29 13:59:00.071,18,17.98,,512000000
2026-05-29 13:58:59.876,3,2.01,,512000000
2026-05-29 13:58:59.594,2,1.75,,512000000
2026-05-29 13:58:59.452,5,4.45,,512000000
2026-05-29 13:58:59.435,2,1.81,,512000000
2026-05-29 13:58:59.204,3,2.22,,512000000
2026-05-29 13:58:59.133,2,1.92,,512000000
2026-05-29 13:58:58.831,15,14.6,,512000000
2026-05-29 13:58:58.642,3,2.01,,512000000
2026-05-29 13:58:58.522,2,1.9,,512000000
2026-05-29 13:58:58.424,5,4.49,,512000000
2026-05-29 13:58:58.179,3,2.13,,512000000
2026-05-29 13:58:58.037,2,1.82,,512000000
2026-05-29 13:58:58.007,3,2.16,,512000000
2026-05-29 13:58:57.530,5,4.43,,512000000
2026-05-29 13:58:57.393,3,2.15,,512000000
2026-05-29 13:58:57.051,3,2.16,,512000000
2026-05-29 13:58:57.049,2,1.74,,512000000
2026-05-29 13:58:57.022,2,1.7,,512000000
2026-05-29 13:58:56.829,2,1.74,,512000000
2026-05-29 13:58:56.743,2,1.78,,512000000
2026-05-29 13:58:56.616,2,1.75,,512000000
2026-05-29 13:58:56.496,2,1.77,,512000000
2026-05-29 13:58:56.216,2,1.68,,512000000
2026-05-29 13:58:55.828,2,1.6,,512000000
2026-05-29 13:58:55.677,2,1.7,,512000000
2026-05-29 13:58:55.280,2,1.74,,512000000
2026-05-29 13:58:55.174,2,1.76,,512000000
2026-05-29 13:58:55.147,2,1.86,,512000000
2026-05-29 13:58:55.051,2,1.76,,512000000
2026-05-29 13:58:54.986,2,1.91,,512000000
2026-05-29 13:58:54.901,3,2.3,,512000000
2026-05-29 13:58:54.673,2,1.89,,512000000
2026-05-29 13:58:54.354,2,1.84,,512000000
2026-05-29 13:58:54.307,2,1.69,,512000000
2026-05-29 13:58:54.213,2,1.82,,512000000
2026-05-29 13:58:53.568,2,1.78,,512000000
2026-05-29 13:58:53.316,2,1.98,,512000000
2026-05-29 13:58:53.314,3,2.03,,512000000
2026-05-29 13:58:53.269,3,2.03,,512000000
2026-05-29 13:58:53.210,2,1.84,,512000000
2026-05-29 13:58:53.108,3,2.22,,512000000
2026-05-29 13:58:52.866,2,1.91,,512000000
2026-05-29 13:58:52.431,3,2.05,,512000000
2026-05-29 13:58:52.309,3,2.19,,512000000
2026-05-29 13:58:52.285,2,1.85,,512000000
2026-05-29 13:58:51.998,5,4.04,,512000000
2026-05-29 13:58:51.729,8,8,,512000000
2026-05-29 13:58:51.727,3,2.23,,512000000
2026-05-29 13:58:51.690,2,1.91,,512000000
2026-05-29 13:58:51.658,3,2.12,,512000000
2026-05-29 13:58:51.610,3,2.15,,512000000
2026-05-29 13:58:51.496,2,1.96,,512000000
2026-05-29 13:58:50.826,2,1.85,,512000000
2026-05-29 13:58:50.734,18,17.38,,512000000
2026-05-29 13:58:50.721,2,1.91,,512000000
2026-05-29 13:58:50.475,2,1.95,,512000000
2026-05-29 13:58:50.363,3,2.4,,512000000
2026-05-29 13:58:50.345,2,1.81,,512000000
2026-05-29 13:58:50.299,3,2.2,,512000000
2026-05-29 13:58:49.780,3,2.06,,512000000
2026-05-29 13:58:49.716,3,2.01,,512000000
2026-05-29 13:58:49.714,2,1.88,,512000000
2026-05-29 13:58:48.990,793,2.96,789.39,512000000
2026-05-29 13:58:48.834,827,36.12,790.77,512000000
2026-05-29 13:58:48.755,2,1.87,,512000000
2026-05-29 13:58:48.734,15,14.52,,512000000
2026-05-29 13:58:48.514,845,13.37,830.72,512000000
2026-05-29 13:58:48.463,798,2.88,794.51,512000000